timestamp,close,volume
2020-01-01T00:00:00Z,13.71840000,940625.04000000
2020-01-02T00:00:00Z,13.01050000,971190.67000000
2020-01-03T00:00:00Z,13.64740000,1458450.49000000
2020-01-04T00:00:00Z,13.80920000,1231281.06000000
2020-01-05T00:00:00Z,14.05320000,1458003.02000000
2020-01-06T00:00:00Z,14.94710000,1633712.04000000
2020-01-07T00:00:00Z,15.02260000,1458769.70000000
2020-01-08T00:00:00Z,14.53340000,1497529.49000000
2020-01-09T00:00:00Z,14.39780000,1075088.98000000
2020-01-10T00:00:00Z,15.07000000,1572086.31000000
2020-01-11T00:00:00Z,14.91770000,1397398.30000000
2020-01-12T00:00:00Z,15.33660000,2042903.51000000
2020-01-13T00:00:00Z,15.17360000,1522093.00000000
2020-01-14T00:00:00Z,16.63710000,2711583.22000000
2020-01-15T00:00:00Z,17.66550000,3041574.63000000
2020-01-16T00:00:00Z,17.03330000,1842017.29000000
2020-01-17T00:00:00Z,18.07240000,2734829.93000000
2020-01-18T00:00:00Z,17.80880000,1903293.00000000
2020-01-19T00:00:00Z,17.38800000,2128210.74000000
2020-01-20T00:00:00Z,17.32350000,1576499.08000000
2020-01-21T00:00:00Z,18.11660000,1923914.50000000
2020-01-22T00:00:00Z,17.83440000,1607749.78000000
2020-01-23T00:00:00Z,17.05240000,1363632.79000000
2020-01-24T00:00:00Z,17.11480000,1411501.98000000
2020-01-25T00:00:00Z,16.95550000,1211416.32000000
2020-01-26T00:00:00Z,17.49900000,1619344.75000000
2020-01-27T00:00:00Z,17.67000000,1562998.84000000
2020-01-28T00:00:00Z,18.06620000,1916526.07000000
2020-01-29T00:00:00Z,17.91340000,1452764.70000000
2020-01-30T00:00:00Z,18.55550000,1787521.22000000
2020-01-31T00:00:00Z,18.26440000,1647399.08000000
2020-02-01T00:00:00Z,18.27520000,1511588.86000000
2020-02-02T00:00:00Z,18.43330000,1558716.52000000
2020-02-03T00:00:00Z,18.46000000,1314693.12000000
2020-02-04T00:00:00Z,18.17780000,1215609.20000000
2020-02-05T00:00:00Z,19.26200000,2068915.04000000
2020-02-06T00:00:00Z,20.66750000,2794537.34000000
2020-02-07T00:00:00Z,22.05550000,3187751.23000000
2020-02-08T00:00:00Z,21.78880000,2208642.40000000
2020-02-09T00:00:00Z,24.38000000,2853749.06000000
2020-02-10T00:00:00Z,25.14650000,4794544.72000000
2020-02-11T00:00:00Z,25.69630000,3512538.38000000
2020-02-12T00:00:00Z,26.42430000,2954235.48000000
2020-02-13T00:00:00Z,25.45790000,3638084.35000000
2020-02-14T00:00:00Z,26.35470000,3252594.32000000
2020-02-15T00:00:00Z,24.25760000,3355196.37000000
2020-02-16T00:00:00Z,23.31930000,3752723.69000000
2020-02-17T00:00:00Z,23.45550000,3208991.96000000
2020-02-18T00:00:00Z,24.08210000,3010749.17000000
2020-02-19T00:00:00Z,22.37090000,2160221.91000000
2020-02-20T00:00:00Z,22.16260000,2367513.62000000
2020-02-21T00:00:00Z,22.18880000,2989205.36000000
2020-02-22T00:00:00Z,21.96890000,2139282.22000000
2020-02-23T00:00:00Z,22.84520000,3052036.96000000
2020-02-24T00:00:00Z,22.09650000,2294898.35000000
2020-02-25T00:00:00Z,20.31930000,2335580.11000000
2020-02-26T00:00:00Z,18.74410000,3772185.04000000
2020-02-27T00:00:00Z,19.20000000,3018934.76000000
2020-02-28T00:00:00Z,18.98380000,3099999.93000000
2020-02-29T00:00:00Z,19.23000000,3569383.92000000
2020-03-01T00:00:00Z,18.90200000,2382184.78000000
2020-03-02T00:00:00Z,19.92890000,3267729.00000000
2020-03-03T00:00:00Z,19.68820000,2545825.00000000
2020-03-04T00:00:00Z,19.95000000,2408511.94000000
2020-03-05T00:00:00Z,20.74620000,3090423.11000000
2020-03-06T00:00:00Z,21.33890000,3229858.82000000
2020-03-07T00:00:00Z,20.25000000,2378944.85000000
2020-03-08T00:00:00Z,16.89400000,3465550.25000000
2020-03-09T00:00:00Z,16.58880000,4046754.14000000
2020-03-10T00:00:00Z,16.86710000,3449744.57000000
2020-03-11T00:00:00Z,16.57050000,2581538.77000000
2020-03-12T00:00:00Z,9.25660000,8801238.37000000
2020-03-13T00:00:00Z,10.92040000,11661947.10000000
2020-03-14T00:00:00Z,10.14870000,5350550.68000000
2020-03-15T00:00:00Z,10.38980000,6424065.36000000
2020-03-16T00:00:00Z,9.42850000,5814301.17000000
2020-03-17T00:00:00Z,10.25760000,5102840.45000000
2020-03-18T00:00:00Z,10.38660000,4453108.43000000
2020-03-19T00:00:00Z,12.25970000,5850057.14000000
2020-03-20T00:00:00Z,11.91470000,6965457.92000000
2020-03-21T00:00:00Z,12.10000000,5811696.50000000
2020-03-22T00:00:00Z,11.16700000,4562736.86000000
2020-03-23T00:00:00Z,12.18870000,5299899.45000000
2020-03-24T00:00:00Z,12.42600000,4627182.29000000
2020-03-25T00:00:00Z,12.32510000,3607793.89000000
2020-03-26T00:00:00Z,13.19900000,3439169.72000000
2020-03-27T00:00:00Z,12.33540000,2778050.91000000
2020-03-28T00:00:00Z,12.18880000,2478685.11000000
2020-03-29T00:00:00Z,11.30080000,2305768.52000000
2020-03-30T00:00:00Z,12.13650000,4237647.48000000
2020-03-31T00:00:00Z,12.54510000,5120471.15000000
2020-04-01T00:00:00Z,12.72000000,4359956.32000000
2020-04-02T00:00:00Z,13.01660000,5332604.53000000
2020-04-03T00:00:00Z,13.36150000,5030322.03000000
2020-04-04T00:00:00Z,13.76060000,4840528.53000000
2020-04-05T00:00:00Z,13.68880000,4275639.25000000
2020-04-06T00:00:00Z,15.19890000,5583296.76000000
2020-04-07T00:00:00Z,14.72660000,4718920.67000000
2020-04-08T00:00:00Z,15.08880000,4614905.63000000
2020-04-09T00:00:00Z,15.00960000,4638418.39000000
2020-04-10T00:00:00Z,13.72000000,3999879.14000000
2020-04-11T00:00:00Z,13.80700000,3692817.92000000
2020-04-12T00:00:00Z,14.28080000,4070517.82000000
2020-04-13T00:00:00Z,15.02770000,4313190.93000000
2020-04-14T00:00:00Z,15.61480000,4523071.20000000
2020-04-15T00:00:00Z,14.57550000,3795966.90000000
2020-04-16T00:00:00Z,15.73940000,4068049.48000000
2020-04-17T00:00:00Z,15.64000000,3150559.17000000
2020-04-18T00:00:00Z,16.61370000,3968019.07000000
2020-04-19T00:00:00Z,16.06830000,2962072.60000000
2020-04-20T00:00:00Z,14.98920000,3219905.90000000
2020-04-21T00:00:00Z,15.12830000,3137524.29000000
2020-04-22T00:00:00Z,15.71040000,3296897.61000000
2020-04-23T00:00:00Z,16.03400000,3457409.45000000
2020-04-24T00:00:00Z,15.93190000,3008320.26000000
2020-04-25T00:00:00Z,16.22830000,2946839.79000000
2020-04-26T00:00:00Z,16.35880000,3314818.91000000
2020-04-27T00:00:00Z,16.42290000,2937287.36000000
2020-04-28T00:00:00Z,16.34000000,2838511.43000000
2020-04-29T00:00:00Z,17.36670000,3817656.70000000
2020-04-30T00:00:00Z,16.95420000,4127322.51000000
2020-05-01T00:00:00Z,17.46600000,3805293.67000000
2020-05-02T00:00:00Z,17.53330000,3009939.67000000
2020-05-03T00:00:00Z,17.10710000,2616299.53000000
2020-05-04T00:00:00Z,17.00740000,2755883.63000000
2020-05-05T00:00:00Z,16.88860000,2613361.65000000
2020-05-06T00:00:00Z,16.37430000,2716280.37000000
2020-05-07T00:00:00Z,17.00030000,3030451.51000000
2020-05-08T00:00:00Z,17.13710000,2621559.87000000
2020-05-09T00:00:00Z,16.77510000,2243643.83000000
2020-05-10T00:00:00Z,15.35060000,2900497.80000000
2020-05-11T00:00:00Z,15.08110000,2726253.27000000
2020-05-12T00:00:00Z,15.78920000,3026813.09000000
2020-05-13T00:00:00Z,16.21640000,2813530.97000000
2020-05-14T00:00:00Z,16.37770000,2801822.60000000
2020-05-15T00:00:00Z,15.72220000,2314685.06000000
2020-05-16T00:00:00Z,16.05800000,2730367.35000000
2020-05-17T00:00:00Z,16.29590000,2894016.23000000
2020-05-18T00:00:00Z,16.62990000,3116537.96000000
2020-05-19T00:00:00Z,17.20980000,3245275.75000000
2020-05-20T00:00:00Z,16.89980000,2395316.09000000
2020-05-21T00:00:00Z,16.08880000,2163570.98000000
2020-05-22T00:00:00Z,16.58640000,2520655.47000000
2020-05-23T00:00:00Z,16.48000000,2303001.13000000
2020-05-24T00:00:00Z,15.96240000,2280998.65000000
2020-05-25T00:00:00Z,16.38070000,2348512.91000000
2020-05-26T00:00:00Z,16.21590000,2007343.82000000
2020-05-27T00:00:00Z,16.47000000,2613812.05000000
2020-05-28T00:00:00Z,17.07720000,2866468.39000000
2020-05-29T00:00:00Z,17.00310000,2599351.65000000
2020-05-30T00:00:00Z,17.72770000,2969818.23000000
2020-05-31T00:00:00Z,17.09160000,2612942.18000000
2020-06-01T00:00:00Z,17.94770000,2989853.06000000
2020-06-02T00:00:00Z,17.26690000,2536257.15000000
2020-06-03T00:00:00Z,17.57790000,2650311.14000000
2020-06-04T00:00:00Z,17.51700000,2320525.89000000
2020-06-05T00:00:00Z,17.69140000,2454899.86000000
2020-06-06T00:00:00Z,17.55110000,2105593.92000000
2020-06-07T00:00:00Z,17.41350000,1816342.74000000
2020-06-08T00:00:00Z,17.44890000,1657535.11000000
2020-06-09T00:00:00Z,17.37330000,1631274.58000000
2020-06-10T00:00:00Z,17.40600000,1807563.86000000
2020-06-11T00:00:00Z,16.22980000,1801896.12000000
2020-06-12T00:00:00Z,16.63770000,1932061.47000000
2020-06-13T00:00:00Z,16.81010000,2023311.83000000
2020-06-14T00:00:00Z,16.57290000,1697344.55000000
2020-06-15T00:00:00Z,16.37700000,1521685.21000000
2020-06-16T00:00:00Z,16.43290000,1614905.64000000
2020-06-17T00:00:00Z,16.39830000,1502697.31000000
2020-06-18T00:00:00Z,16.16080000,1382820.87000000
2020-06-19T00:00:00Z,15.95120000,1324135.60000000
2020-06-20T00:00:00Z,16.05900000,1427210.22000000
2020-06-21T00:00:00Z,15.97750000,1317075.84000000
2020-06-22T00:00:00Z,16.50510000,1706812.42000000
2020-06-23T00:00:00Z,16.38980000,1453306.73000000
2020-06-24T00:00:00Z,15.99680000,1529800.30000000
2020-06-25T00:00:00Z,15.90600000,1201354.75000000
2020-06-26T00:00:00Z,15.76940000,1041399.00000000
2020-06-27T00:00:00Z,15.12420000,1309335.66000000
2020-06-28T00:00:00Z,15.37820000,1402858.96000000
2020-06-29T00:00:00Z,15.46560000,1511856.38000000
2020-06-30T00:00:00Z,15.38380000,1315772.42000000
2020-07-01T00:00:00Z,15.81440000,1612208.19000000
2020-07-02T00:00:00Z,15.36340000,1399345.39000000
2020-07-03T00:00:00Z,15.28630000,1211128.83000000
2020-07-04T00:00:00Z,15.55480000,1319545.75000000
2020-07-05T00:00:00Z,15.48850000,1120649.91000000
2020-07-06T00:00:00Z,16.31100000,1606449.31000000
2020-07-07T00:00:00Z,16.80480000,1880630.34000000
2020-07-08T00:00:00Z,17.28190000,2271202.72000000
2020-07-09T00:00:00Z,16.82740000,1869273.67000000
2020-07-10T00:00:00Z,17.31230000,2099193.57000000
2020-07-11T00:00:00Z,17.62050000,2318005.65000000
2020-07-12T00:00:00Z,18.29940000,2995977.41000000
2020-07-13T00:00:00Z,18.40460000,3228967.70000000
2020-07-14T00:00:00Z,18.07900000,2385481.97000000
2020-07-15T00:00:00Z,17.63510000,1959582.73000000
2020-07-16T00:00:00Z,17.16470000,2053439.44000000
2020-07-17T00:00:00Z,17.06760000,1854764.10000000
2020-07-18T00:00:00Z,17.15070000,1687884.76000000
2020-07-19T00:00:00Z,18.01540000,2597680.63000000
2020-07-20T00:00:00Z,17.46450000,2487505.49000000
2020-07-21T00:00:00Z,17.72850000,2110735.01000000
2020-07-22T00:00:00Z,18.09000000,2174379.20000000
2020-07-23T00:00:00Z,18.75000000,2393871.45000000
2020-07-24T00:00:00Z,19.18530000,2790281.46000000
2020-07-25T00:00:00Z,19.82420000,2956369.76000000
2020-07-26T00:00:00Z,19.55570000,2857739.16000000
2020-07-27T00:00:00Z,19.74740000,3841364.91000000
2020-07-28T00:00:00Z,20.17320000,3516712.35000000
2020-07-29T00:00:00Z,19.89900000,2219760.20000000
2020-07-30T00:00:00Z,19.97000000,2052250.83000000
2020-07-31T00:00:00Z,20.66150000,2251101.21000000
2020-08-01T00:00:00Z,21.61680000,2657942.85000000
2020-08-02T00:00:00Z,20.98980000,3352897.46000000
2020-08-03T00:00:00Z,22.05040000,2668345.02000000
2020-08-04T00:00:00Z,22.28180000,2393749.74000000
2020-08-05T00:00:00Z,23.27280000,3698317.51000000
2020-08-06T00:00:00Z,22.74870000,2442941.26000000
2020-08-07T00:00:00Z,22.33230000,2770775.51000000
2020-08-08T00:00:00Z,22.92340000,2408862.40000000
2020-08-09T00:00:00Z,22.42200000,2112178.17000000
2020-08-10T00:00:00Z,22.63690000,2108928.42000000
2020-08-11T00:00:00Z,21.29020000,3211543.44000000
2020-08-12T00:00:00Z,21.49190000,2455644.02000000
2020-08-13T00:00:00Z,21.76670000,3079217.71000000
2020-08-14T00:00:00Z,23.10470000,3820214.92000000
2020-08-15T00:00:00Z,23.08810000,2752160.06000000
2020-08-16T00:00:00Z,23.52900000,2705823.75000000
2020-08-17T00:00:00Z,23.49610000,2423484.10000000
2020-08-18T00:00:00Z,22.97050000,2531759.28000000
2020-08-19T00:00:00Z,22.37610000,2128074.03000000
2020-08-20T00:00:00Z,23.08880000,2246864.02000000
2020-08-21T00:00:00Z,22.09880000,2493196.51000000
2020-08-22T00:00:00Z,22.20440000,1892077.61000000
2020-08-23T00:00:00Z,21.85550000,1618992.60000000
2020-08-24T00:00:00Z,22.59530000,1877744.04000000
2020-08-25T00:00:00Z,21.38820000,2271280.88000000
2020-08-26T00:00:00Z,22.19990000,2500162.91000000
2020-08-27T00:00:00Z,23.11270000,2927744.89000000
2020-08-28T00:00:00Z,23.08110000,2545445.75000000
2020-08-29T00:00:00Z,22.93980000,1854485.72000000
2020-08-30T00:00:00Z,23.62080000,1908490.67000000
2020-08-31T00:00:00Z,23.14770000,1767387.78000000
2020-09-01T00:00:00Z,24.70280000,4442974.10000000
2020-09-02T00:00:00Z,24.76520000,5879568.29000000
2020-09-03T00:00:00Z,20.35920000,7231336.21000000
2020-09-04T00:00:00Z,20.97120000,5306193.02000000
2020-09-05T00:00:00Z,19.46980000,4589184.15000000
2020-09-06T00:00:00Z,23.14200000,8105158.28000000
2020-09-07T00:00:00Z,22.44260000,5454222.91000000
2020-09-08T00:00:00Z,23.28370000,5158563.98000000
2020-09-09T00:00:00Z,24.47160000,4016452.51000000
2020-09-10T00:00:00Z,24.54890000,4199327.55000000
2020-09-11T00:00:00Z,25.39900000,3622605.07000000
2020-09-12T00:00:00Z,28.50500000,6538679.83000000
2020-09-13T00:00:00Z,31.16560000,10646215.66000000
2020-09-14T00:00:00Z,31.25230000,9039644.32000000
2020-09-15T00:00:00Z,27.11810000,7931354.64600000
2020-09-16T00:00:00Z,27.86950000,5777419.75200000
2020-09-17T00:00:00Z,27.09500000,4620518.87400000
2020-09-18T00:00:00Z,27.62900000,4243135.99900000
2020-09-19T00:00:00Z,27.20350000,2431517.15000000
2020-09-20T00:00:00Z,26.31600000,2854262.14500000
2020-09-21T00:00:00Z,23.12320000,5251422.24300000
2020-09-22T00:00:00Z,24.04680000,3289566.92300000
2020-09-23T00:00:00Z,22.83310000,3134141.77400000
2020-09-24T00:00:00Z,24.57450000,3284994.64100000
2020-09-25T00:00:00Z,24.69240000,2826869.58900000
2020-09-26T00:00:00Z,26.19980000,3124585.62100000
2020-09-27T00:00:00Z,26.25100000,2555050.06200000
2020-09-28T00:00:00Z,26.98550000,3220774.85000000
2020-09-29T00:00:00Z,28.89460000,3642915.26800000
2020-09-30T00:00:00Z,29.26560000,3106927.07700000
2020-10-01T00:00:00Z,27.46730000,4045336.88200000
2020-10-02T00:00:00Z,27.33690000,4141965.56600000
2020-10-03T00:00:00Z,28.18670000,2946071.99200000
2020-10-04T00:00:00Z,28.96680000,3102597.66000000
2020-10-05T00:00:00Z,28.61580000,2268257.17100000
2020-10-06T00:00:00Z,27.68120000,2811072.14500000
2020-10-07T00:00:00Z,27.68980000,2059951.00700000
2020-10-08T00:00:00Z,27.74240000,2476236.46100000
2020-10-09T00:00:00Z,28.40760000,2590468.08300000
2020-10-10T00:00:00Z,28.44140000,2405371.45700000
2020-10-11T00:00:00Z,28.52710000,2329452.66600000
2020-10-12T00:00:00Z,30.65030000,4364790.22100000
2020-10-13T00:00:00Z,30.72560000,3337167.87700000
2020-10-14T00:00:00Z,30.83800000,2472670.44900000
2020-10-15T00:00:00Z,31.32560000,2684900.01400000
2020-10-16T00:00:00Z,30.05160000,2971307.36700000
2020-10-17T00:00:00Z,30.24140000,1854975.62300000
2020-10-18T00:00:00Z,30.65930000,2267377.31700000
2020-10-19T00:00:00Z,29.91070000,1752644.99900000
2020-10-20T00:00:00Z,28.82270000,2583242.44000000
2020-10-21T00:00:00Z,29.73290000,2663615.88900000
2020-10-22T00:00:00Z,30.63960000,2830836.33700000
2020-10-23T00:00:00Z,30.63770000,2025854.80100000
2020-10-24T00:00:00Z,30.66390000,1625502.52400000
2020-10-25T00:00:00Z,30.12800000,1486538.46900000
2020-10-26T00:00:00Z,31.04670000,2648020.16500000
2020-10-27T00:00:00Z,31.48260000,2889807.64000000
2020-10-28T00:00:00Z,30.33380000,2208604.60900000
2020-10-29T00:00:00Z,29.87020000,1977911.04000000
2020-10-30T00:00:00Z,28.49090000,3211305.35800000
2020-10-31T00:00:00Z,28.50580000,1986140.31400000
2020-11-01T00:00:00Z,28.53180000,1916131.68100000
2020-11-02T00:00:00Z,27.79830000,2123599.05200000
2020-11-03T00:00:00Z,26.86380000,2591560.85500000
2020-11-04T00:00:00Z,26.96000000,2039985.34000000
2020-11-05T00:00:00Z,27.68750000,2396900.82200000
2020-11-06T00:00:00Z,29.04350000,2741813.96900000
2020-11-07T00:00:00Z,27.76510000,3091788.82400000
2020-11-08T00:00:00Z,28.41010000,2298549.45500000
2020-11-09T00:00:00Z,28.09410000,2148267.46600000
2020-11-10T00:00:00Z,28.21880000,2172598.76900000
2020-11-11T00:00:00Z,28.01600000,1974074.31000000
2020-11-12T00:00:00Z,27.68740000,1661489.28600000
2020-11-13T00:00:00Z,28.19740000,1934234.55600000
2020-11-14T00:00:00Z,27.93110000,1503467.49900000
2020-11-15T00:00:00Z,27.67860000,1442022.54800000
2020-11-16T00:00:00Z,27.94510000,1685368.83500000
2020-11-17T00:00:00Z,28.55520000,2243647.20500000
2020-11-18T00:00:00Z,28.09310000,2220839.93100000
2020-11-19T00:00:00Z,28.13870000,2011350.33700000
2020-11-20T00:00:00Z,28.97150000,2491336.07900000
2020-11-21T00:00:00Z,30.51610000,3160335.47200000
2020-11-22T00:00:00Z,30.02260000,2842370.78300000
2020-11-23T00:00:00Z,30.99500000,2920522.88700000
2020-11-24T00:00:00Z,33.94070000,7296367.36900000
2020-11-25T00:00:00Z,31.29530000,4589237.08200000
2020-11-26T00:00:00Z,28.23560000,6241853.01300000
2020-11-27T00:00:00Z,28.46060000,2317359.79500000
2020-11-28T00:00:00Z,29.17660000,2636652.59400000
2020-11-29T00:00:00Z,30.10450000,2857702.30100000
2020-11-30T00:00:00Z,31.49350000,2978036.22900000
2020-12-01T00:00:00Z,30.19960000,3139022.08300000
2020-12-02T00:00:00Z,30.28750000,2360296.30800000
2020-12-03T00:00:00Z,30.70650000,1924462.46600000
2020-12-04T00:00:00Z,29.02310000,2064574.44500000
2020-12-05T00:00:00Z,29.72800000,1836870.14700000
2020-12-06T00:00:00Z,29.50260000,1330813.89900000
2020-12-07T00:00:00Z,29.37000000,1219543.16600000
2020-12-08T00:00:00Z,27.67050000,1844102.05600000
2020-12-09T00:00:00Z,28.14520000,1635344.18100000
2020-12-10T00:00:00Z,27.69260000,1344683.62700000
2020-12-11T00:00:00Z,27.34190000,1244803.11200000
2020-12-12T00:00:00Z,28.16030000,1293965.51800000
2020-12-13T00:00:00Z,29.15710000,1639495.81600000
2020-12-14T00:00:00Z,30.03380000,2028334.08800000
2020-12-15T00:00:00Z,29.50530000,1624791.81400000
2020-12-16T00:00:00Z,30.55770000,2161816.84200000
2020-12-17T00:00:00Z,30.22550000,3274786.13100000
2020-12-18T00:00:00Z,30.98820000,2045326.34300000
2020-12-19T00:00:00Z,33.31670000,4117460.29300000
2020-12-20T00:00:00Z,34.31480000,4477498.81800000
2020-12-21T00:00:00Z,32.05000000,4558115.88000000
2020-12-22T00:00:00Z,33.51510000,3563635.67300000
2020-12-23T00:00:00Z,31.18430000,3940926.44200000
2020-12-24T00:00:00Z,32.48950000,2999570.85300000
2020-12-25T00:00:00Z,33.19960000,2596272.90500000
2020-12-26T00:00:00Z,33.63610000,2418941.54400000
2020-12-27T00:00:00Z,33.67400000,3747872.71800000
2020-12-28T00:00:00Z,35.95100000,4121783.10300000
2020-12-29T00:00:00Z,39.06670000,7022548.48700000
2020-12-30T00:00:00Z,38.15580000,2424623.46700000
2020-12-31T00:00:00Z,37.35880000,1887715.83500000
2021-01-01T00:00:00Z,37.77620000,2435989.12700000
2021-01-02T00:00:00Z,38.23310000,3018062.20600000
2021-01-03T00:00:00Z,41.25750000,4903626.69700000
2021-01-04T00:00:00Z,41.13330000,5306248.16600000
2021-01-05T00:00:00Z,41.82190000,3513141.34600000
2021-01-06T00:00:00Z,42.24170000,3784444.68700000
2021-01-07T00:00:00Z,43.57280000,5026746.66900000
2021-01-08T00:00:00Z,42.35600000,3548923.78800000
2021-01-09T00:00:00Z,43.84790000,2720363.63600000
2021-01-10T00:00:00Z,42.40310000,4277406.29000000
2021-01-11T00:00:00Z,38.16740000,6372598.99400000
2021-01-12T00:00:00Z,38.25410000,3261261.81000000
2021-01-13T00:00:00Z,40.11140000,3512089.38500000
2021-01-14T00:00:00Z,41.87230000,3306689.93300000
2021-01-15T00:00:00Z,40.86680000,3431358.93600000
2021-01-16T00:00:00Z,43.14200000,3243054.41400000
2021-01-17T00:00:00Z,45.86750000,3878914.29900000
2021-01-18T00:00:00Z,45.34120000,3069449.93800000
2021-01-19T00:00:00Z,42.52410000,5151546.87200000
2021-01-20T00:00:00Z,42.60690000,3709936.49200000
2021-01-21T00:00:00Z,38.63430000,3460575.24200000
2021-01-22T00:00:00Z,40.89360000,3088685.29500000
2021-01-23T00:00:00Z,40.91090000,2531809.64800000
2021-01-24T00:00:00Z,41.82630000,2340747.62300000
2021-01-25T00:00:00Z,41.83470000,2778238.02000000
2021-01-26T00:00:00Z,41.83960000,2758108.62200000
2021-01-27T00:00:00Z,40.88260000,2638401.37800000
2021-01-28T00:00:00Z,42.52540000,2984098.65100000
2021-01-29T00:00:00Z,42.86180000,3433689.48400000
2021-01-30T00:00:00Z,44.78490000,2767954.29100000
2021-01-31T00:00:00Z,44.32920000,2431692.19800000
2021-02-01T00:00:00Z,51.47810000,6095055.41300000
2021-02-02T00:00:00Z,51.00710000,4675040.87700000
2021-02-03T00:00:00Z,52.12000000,2949735.03600000
2021-02-04T00:00:00Z,55.95990000,4004741.29400000
2021-02-05T00:00:00Z,67.70050000,5040545.22300000
2021-02-06T00:00:00Z,72.83560000,8482528.53100000
2021-02-07T00:00:00Z,68.35420000,5969908.44200000
2021-02-08T00:00:00Z,79.83740000,7860567.38900000
2021-02-09T00:00:00Z,107.34690000,12487305.86800000
2021-02-10T00:00:00Z,128.97110000,16613534.27400000
2021-02-11T00:00:00Z,124.08500000,5920400.25500000
2021-02-12T00:00:00Z,136.61390000,5626020.82400000
2021-02-13T00:00:00Z,133.34960000,3785723.40200000
2021-02-14T00:00:00Z,135.86230000,4405507.88500000
2021-02-15T00:00:00Z,130.30300000,4772752.80600000
2021-02-16T00:00:00Z,130.18300000,3258276.71400000
2021-02-17T00:00:00Z,165.32330000,10185662.26000000
2021-02-18T00:00:00Z,195.60000000,11226893.37300000
2021-02-19T00:00:00Z,333.11100000,20188858.19800000
2021-02-20T00:00:00Z,253.00000000,13497656.24700000
2021-02-21T00:00:00Z,295.25970000,10646422.30700000
2021-02-22T00:00:00Z,267.51470000,12604399.40200000
2021-02-23T00:00:00Z,231.36460000,15879767.55900000
2021-02-24T00:00:00Z,254.50560000,11777825.18700000
2021-02-25T00:00:00Z,234.91460000,6871992.79400000
2021-02-26T00:00:00Z,221.71700000,7410706.38500000
2021-02-27T00:00:00Z,225.38530000,4192697.15200000
2021-02-28T00:00:00Z,210.21380000,5674373.24900000
2021-03-01T00:00:00Z,254.96370000,7911568.19400000
2021-03-02T00:00:00Z,239.68410000,5386013.79400000
2021-03-03T00:00:00Z,240.57010000,4278388.73300000
2021-03-04T00:00:00Z,229.63690000,3999983.83600000
2021-03-05T00:00:00Z,225.47140000,3654842.80500000
2021-03-06T00:00:00Z,226.38140000,2663375.53600000
2021-03-07T00:00:00Z,240.11000000,3519962.92900000
2021-03-08T00:00:00Z,240.55090000,3045991.96800000
2021-03-09T00:00:00Z,293.20520000,7937298.70800000
2021-03-10T00:00:00Z,278.44990000,6012304.14800000
2021-03-11T00:00:00Z,290.03010000,6598662.20700000
2021-03-12T00:00:00Z,263.22010000,5905880.87000000
2021-03-13T00:00:00Z,276.28220000,3902398.38600000
2021-03-14T00:00:00Z,263.23800000,2432196.53500000
2021-03-15T00:00:00Z,254.51440000,3362734.14300000
2021-03-16T00:00:00Z,258.53520000,3013229.00000000
2021-03-17T00:00:00Z,269.78960000,2856836.91900000
2021-03-18T00:00:00Z,261.48160000,3152509.58900000
2021-03-19T00:00:00Z,262.93500000,2262870.65300000
2021-03-20T00:00:00Z,264.30230000,2377018.11000000
2021-03-21T00:00:00Z,264.65130000,1973476.75400000
2021-03-22T00:00:00Z,254.79760000,3265655.83100000
2021-03-23T00:00:00Z,255.46460000,2587450.73200000
2021-03-24T00:00:00Z,248.52360000,3270691.79500000
2021-03-25T00:00:00Z,233.94660000,3498082.82700000
2021-03-26T00:00:00Z,255.21050000,2635329.15500000
2021-03-27T00:00:00Z,269.22340000,3089181.84800000
2021-03-28T00:00:00Z,268.42630000,3272613.75500000
2021-03-29T00:00:00Z,275.29910000,2728496.99000000
2021-03-30T00:00:00Z,311.29620000,5532768.33000000
2021-03-31T00:00:00Z,302.37240000,4719335.50600000
2021-04-01T00:00:00Z,334.79910000,4390708.58100000
2021-04-02T00:00:00Z,338.29320000,4205858.47800000
2021-04-03T00:00:00Z,321.94970000,3099870.84800000
2021-04-04T00:00:00Z,348.86170000,2730876.03000000
2021-04-05T00:00:00Z,368.02630000,3473780.05500000
2021-04-06T00:00:00Z,403.36480000,4481056.43600000
2021-04-07T00:00:00Z,375.55380000,6179859.70800000
2021-04-08T00:00:00Z,418.70480000,4092498.63800000
2021-04-09T00:00:00Z,453.99370000,3670424.43300000
2021-04-10T00:00:00Z,471.29750000,4659107.21200000
2021-04-11T00:00:00Z,525.92750000,3644396.11000000
2021-04-12T00:00:00Z,596.71040000,9279328.84000000
2021-04-13T00:00:00Z,551.64420000,5447746.54400000
2021-04-14T00:00:00Z,550.01820000,4213337.25100000
2021-04-15T00:00:00Z,541.88240000,2306850.04500000
2021-04-16T00:00:00Z,508.27430000,4192218.46200000
2021-04-17T00:00:00Z,514.68610000,2949040.22100000
2021-04-18T00:00:00Z,481.43670000,4468597.46000000
2021-04-19T00:00:00Z,504.03220000,5031325.71300000
2021-04-20T00:00:00Z,586.36350000,5730895.32500000
2021-04-21T00:00:00Z,543.63270000,5685067.89400000
2021-04-22T00:00:00Z,505.24110000,6375583.13900000
2021-04-23T00:00:00Z,526.53570000,6855584.92100000
2021-04-24T00:00:00Z,496.99200000,3005329.07500000
2021-04-25T00:00:00Z,505.00000000,2489756.62520000
2021-04-26T00:00:00Z,535.33000000,3098650.63510000
2021-04-27T00:00:00Z,568.78000000,2807308.61980000
2021-04-28T00:00:00Z,562.78000000,2384514.88520000
2021-04-29T00:00:00Z,599.70000000,4336516.33470000
2021-04-30T00:00:00Z,622.65000000,3430512.40250000
2021-05-01T00:00:00Z,620.00000000,2427568.39090000
2021-05-02T00:00:00Z,621.78000000,2066258.28440000
2021-05-03T00:00:00Z,676.15000000,2873379.61700000
2021-05-04T00:00:00Z,609.30000000,3765315.69510000
2021-05-05T00:00:00Z,651.10000000,2270137.47320000
2021-05-06T00:00:00Z,633.99000000,2065376.54420000
2021-05-07T00:00:00Z,624.30000000,1979435.95840000
2021-05-08T00:00:00Z,646.10000000,2186084.77490000
2021-05-09T00:00:00Z,661.74000000,2343402.12190000
2021-05-10T00:00:00Z,631.10000000,3074645.06920000
2021-05-11T00:00:00Z,671.91000000,2640713.32700000
2021-05-12T00:00:00Z,594.65000000,2813834.81850000
2021-05-13T00:00:00Z,571.10000000,5485323.70470000
2021-05-14T00:00:00Z,602.61000000,2187570.29960000
2021-05-15T00:00:00Z,563.41000000,2259793.58250000
2021-05-16T00:00:00Z,564.32000000,2939528.17740000
2021-05-17T00:00:00Z,512.07000000,4029118.35270000
2021-05-18T00:00:00Z,507.88000000,2720596.43740000
2021-05-19T00:00:00Z,334.80000000,11497731.37740000
2021-05-20T00:00:00Z,391.17000000,8116861.42240000
2021-05-21T00:00:00Z,326.01000000,8827845.38580000
2021-05-22T00:00:00Z,299.76000000,5303046.01200000
2021-05-23T00:00:00Z,260.72000000,8801148.18320000
2021-05-24T00:00:00Z,345.64000000,7794003.64100000
2021-05-25T00:00:00Z,343.18000000,7638986.01320000
2021-05-26T00:00:00Z,379.16000000,5336916.07220000
2021-05-27T00:00:00Z,369.67000000,4275801.50140000
2021-05-28T00:00:00Z,328.82000000,5253443.36190000
2021-05-29T00:00:00Z,305.04000000,3764083.29230000
2021-05-30T00:00:00Z,325.57000000,3739673.11380000
2021-05-31T00:00:00Z,353.33000000,4110136.87440000
2021-06-01T00:00:00Z,362.39000000,3652280.69160000
2021-06-02T00:00:00Z,401.54000000,4377024.66850000
2021-06-03T00:00:00Z,428.48000000,4214469.41500000
2021-06-04T00:00:00Z,390.70000000,4926793.44990000
2021-06-05T00:00:00Z,390.08000000,3977579.34700000
2021-06-06T00:00:00Z,393.73000000,1862065.43180000
2021-06-07T00:00:00Z,357.96000000,3028938.84450000
2021-06-08T00:00:00Z,352.50000000,4986849.85120000
2021-06-09T00:00:00Z,375.54000000,3494285.66900000
2021-06-10T00:00:00Z,351.94000000,2417974.64990000
2021-06-11T00:00:00Z,345.75000000,2215352.72300000
2021-06-12T00:00:00Z,343.70000000,2074837.00120000
2021-06-13T00:00:00Z,365.80000000,1958071.36560000
2021-06-14T00:00:00Z,370.19000000,1978613.23840000
2021-06-15T00:00:00Z,366.48000000,1545190.43690000
2021-06-16T00:00:00Z,347.22000000,1531522.20620000
2021-06-17T00:00:00Z,352.85000000,1239146.52730000
2021-06-18T00:00:00Z,337.16000000,1583897.27910000
2021-06-19T00:00:00Z,334.01000000,1067456.21190000
2021-06-20T00:00:00Z,339.08000000,1618406.00510000
2021-06-21T00:00:00Z,270.76000000,3729539.01670000
2021-06-22T00:00:00Z,262.10000000,5570573.48510000
2021-06-23T00:00:00Z,296.25000000,3319089.77700000
2021-06-24T00:00:00Z,308.62000000,2635799.19600000
2021-06-25T00:00:00Z,280.81000000,2711888.87090000
2021-06-26T00:00:00Z,279.65000000,2263064.36330000
2021-06-27T00:00:00Z,290.87000000,1539903.02680000
2021-06-28T00:00:00Z,290.00000000,1884580.15570000
2021-06-29T00:00:00Z,300.79000000,2126079.34160000
2021-06-30T00:00:00Z,303.71000000,2061866.47000000
2021-07-01T00:00:00Z,287.43000000,1388151.02650000
2021-07-02T00:00:00Z,287.17000000,1003331.22690000
2021-07-03T00:00:00Z,298.13000000,1016731.56620000
2021-07-04T00:00:00Z,307.62000000,1309414.02550000
2021-07-05T00:00:00Z,302.02000000,1403218.24080000
2021-07-06T00:00:00Z,319.92000000,2066912.35950000
2021-07-07T00:00:00Z,327.51000000,1779058.29370000
2021-07-08T00:00:00Z,310.14000000,1644090.85010000
2021-07-09T00:00:00Z,317.09000000,1106411.78600000
2021-07-10T00:00:00Z,316.12000000,818970.92250000
2021-07-11T00:00:00Z,322.16000000,799617.83500000
2021-07-12T00:00:00Z,316.12000000,1322836.65750000
2021-07-13T00:00:00Z,308.94000000,930032.31550000
2021-07-14T00:00:00Z,309.40000000,1430288.40260000
2021-07-15T00:00:00Z,316.11000000,2185210.83980000
2021-07-16T00:00:00Z,302.88000000,1456105.40190000
2021-07-17T00:00:00Z,300.52000000,1030879.96110000
2021-07-18T00:00:00Z,302.10000000,815497.35270000
2021-07-19T00:00:00Z,280.54000000,1318041.70740000
2021-07-20T00:00:00Z,264.44000000,1796600.58030000
2021-07-21T00:00:00Z,293.26000000,1740736.02260000
2021-07-22T00:00:00Z,293.36000000,1173507.94320000
2021-07-23T00:00:00Z,299.27000000,1640999.53890000
2021-07-24T00:00:00Z,301.56000000,1438901.38110000
2021-07-25T00:00:00Z,302.56000000,1083557.27700000
2021-07-26T00:00:00Z,304.00000000,2575554.28020000
2021-07-27T00:00:00Z,313.48000000,1678708.06350000
2021-07-28T00:00:00Z,313.80000000,1308249.13000000
2021-07-29T00:00:00Z,317.03000000,998946.18390000
2021-07-30T00:00:00Z,322.58000000,1297421.64450000
2021-07-31T00:00:00Z,332.38000000,1393753.96500000
2021-08-01T00:00:00Z,332.59000000,1514514.21780000
2021-08-02T00:00:00Z,330.55000000,1018741.30980000
2021-08-03T00:00:00Z,323.43000000,1060806.34470000
2021-08-04T00:00:00Z,334.77000000,969671.42280000
2021-08-05T00:00:00Z,337.91000000,1263649.49260000
2021-08-06T00:00:00Z,342.39000000,1267498.91780000
2021-08-07T00:00:00Z,356.18000000,1545801.18800000
2021-08-08T00:00:00Z,341.79000000,1275768.15400000
2021-08-09T00:00:00Z,354.32000000,1284975.51320000
2021-08-10T00:00:00Z,371.92000000,1660844.19180000
2021-08-11T00:00:00Z,390.96000000,1911892.68750000
2021-08-12T00:00:00Z,385.66000000,1835305.93820000
2021-08-13T00:00:00Z,410.76000000,1261827.29250000
2021-08-14T00:00:00Z,408.67000000,1439286.50640000
2021-08-15T00:00:00Z,414.05000000,1238115.41780000
2021-08-16T00:00:00Z,415.72000000,1850324.19060000
2021-08-17T00:00:00Z,401.80000000,1984029.27500000
2021-08-18T00:00:00Z,396.15000000,1750539.53850000
2021-08-19T00:00:00Z,431.27000000,1852873.47140000
2021-08-20T00:00:00Z,454.93000000,1691101.51020000
2021-08-21T00:00:00Z,448.74000000,1426818.89780000
2021-08-22T00:00:00Z,448.68000000,1135535.80760000
2021-08-23T00:00:00Z,499.06000000,2660809.02190000
2021-08-24T00:00:00Z,471.62000000,2080297.69790000
2021-08-25T00:00:00Z,503.19000000,2242911.03330000
2021-08-26T00:00:00Z,478.10000000,2229652.23100000
2021-08-27T00:00:00Z,494.50000000,1549790.92460000
2021-08-28T00:00:00Z,486.20000000,891854.58380000
2021-08-29T00:00:00Z,479.70000000,910773.93900000
2021-08-30T00:00:00Z,460.30000000,1125497.96120000
2021-08-31T00:00:00Z,463.90000000,1477345.55520000
2021-09-01T00:00:00Z,489.40000000,1320635.94000000
2021-09-02T00:00:00Z,483.70000000,1245680.69880000
2021-09-03T00:00:00Z,488.50000000,1094104.74200000
2021-09-04T00:00:00Z,497.70000000,1248261.62770000
2021-09-05T00:00:00Z,504.80000000,878406.04500000
2021-09-06T00:00:00Z,496.10000000,1121398.97800000
2021-09-07T00:00:00Z,418.70000000,3358688.12290000
2021-09-08T00:00:00Z,415.00000000,2058507.11000000
2021-09-09T00:00:00Z,421.30000000,1543293.22100000
2021-09-10T00:00:00Z,401.40000000,1528906.75100000
2021-09-11T00:00:00Z,405.10000000,922767.05500000
2021-09-12T00:00:00Z,416.30000000,981402.88300000
2021-09-13T00:00:00Z,399.10000000,1531654.71900000
2021-09-14T00:00:00Z,414.30000000,930635.79200000
2021-09-15T00:00:00Z,431.30000000,1182055.63100000
2021-09-16T00:00:00Z,424.30000000,1037049.02000000
2021-09-17T00:00:00Z,406.60000000,844137.72700000
2021-09-18T00:00:00Z,410.70000000,733479.73900000
2021-09-19T00:00:00Z,408.60000000,743095.72100000
2021-09-20T00:00:00Z,364.10000000,1865673.94010000
2021-09-21T00:00:00Z,344.40000000,1577059.12610000
2021-09-22T00:00:00Z,379.00000000,1085212.97200000
2021-09-23T00:00:00Z,383.50000000,992215.17600000
2021-09-24T00:00:00Z,355.00000000,1718950.21900000
2021-09-25T00:00:00Z,349.60000000,916797.61700000
2021-09-26T00:00:00Z,344.00000000,1538759.16180000
2021-09-27T00:00:00Z,335.50000000,956544.06900000
2021-09-28T00:00:00Z,333.00000000,922077.22700000
2021-09-29T00:00:00Z,367.70000000,1696420.04500000
2021-09-30T00:00:00Z,387.50000000,1163674.20600000
2021-10-01T00:00:00Z,421.50000000,1440336.04100000
2021-10-02T00:00:00Z,427.10000000,1039006.51800000
2021-10-03T00:00:00Z,430.50000000,820910.79200000
2021-10-04T00:00:00Z,426.30000000,974423.35900000
2021-10-05T00:00:00Z,442.10000000,883699.82800000
2021-10-06T00:00:00Z,434.90000000,1245088.68300000
2021-10-07T00:00:00Z,438.50000000,1159098.74470000
2021-10-08T00:00:00Z,419.20000000,1505999.18800000
2021-10-09T00:00:00Z,421.90000000,632123.52600000
2021-10-10T00:00:00Z,404.10000000,729380.96300000
2021-10-11T00:00:00Z,413.10000000,759924.88400000
2021-10-12T00:00:00Z,444.20000000,1966630.18300000
2021-10-13T00:00:00Z,470.80000000,3383303.43900000
2021-10-14T00:00:00Z,472.70000000,1431305.92500000
2021-10-15T00:00:00Z,474.50000000,1508188.78700000
2021-10-16T00:00:00Z,465.80000000,1040477.57100000
2021-10-17T00:00:00Z,470.90000000,890609.84900000
2021-10-18T00:00:00Z,484.90000000,1091006.03100000
2021-10-19T00:00:00Z,488.10000000,912494.96900000
2021-10-20T00:00:00Z,501.30000000,946412.94000000
2021-10-21T00:00:00Z,470.90000000,1851835.92900000
2021-10-22T00:00:00Z,479.30000000,1118876.63800000
2021-10-23T00:00:00Z,485.50000000,521970.79500000
2021-10-24T00:00:00Z,475.80000000,590939.03100000
2021-10-25T00:00:00Z,485.10000000,632116.76100000
2021-10-26T00:00:00Z,478.10000000,702610.18400000
2021-10-27T00:00:00Z,448.70000000,1370950.21400000
2021-10-28T00:00:00Z,491.90000000,1523900.00600000
2021-10-29T00:00:00Z,530.30000000,1411851.43940000
2021-10-30T00:00:00Z,528.30000000,1095033.12640000
2021-10-31T00:00:00Z,524.60000000,1018991.81900000
2021-11-01T00:00:00Z,551.30000000,1274272.08510000
2021-11-02T00:00:00Z,554.40000000,1153919.13990000
2021-11-03T00:00:00Z,568.40000000,1262766.59960000
2021-11-04T00:00:00Z,558.70000000,1052950.03300000
2021-11-05T00:00:00Z,607.30000000,1989945.54330000
2021-11-06T00:00:00Z,637.70000000,1366385.95700000
2021-11-07T00:00:00Z,649.60000000,1476373.24870000
2021-11-08T00:00:00Z,653.50000000,1290096.38400000
2021-11-09T00:00:00Z,635.00000000,879119.39800000
2021-11-10T00:00:00Z,614.10000000,1814654.08600000
2021-11-11T00:00:00Z,628.40000000,1019740.94900000
2021-11-12T00:00:00Z,626.90000000,1012909.08800000
2021-11-13T00:00:00Z,649.50000000,900107.75700000
2021-11-14T00:00:00Z,650.80000000,933689.13900000
2021-11-15T00:00:00Z,633.80000000,953989.63400000
2021-11-16T00:00:00Z,588.70000000,2200954.90300000
2021-11-17T00:00:00Z,578.00000000,1453408.55500000
2021-11-18T00:00:00Z,531.80000000,1750338.42800000
2021-11-19T00:00:00Z,581.00000000,1300787.95800000
2021-11-20T00:00:00Z,604.30000000,1119517.13100000
2021-11-21T00:00:00Z,584.00000000,970133.80700000
2021-11-22T00:00:00Z,559.30000000,1141002.75500000
2021-11-23T00:00:00Z,591.10000000,1202541.91700000
2021-11-24T00:00:00Z,590.30000000,1079667.80300000
2021-11-25T00:00:00Z,639.10000000,1536194.04200000
2021-11-26T00:00:00Z,587.30000000,2413553.43900000
2021-11-27T00:00:00Z,599.90000000,1183849.36000000
2021-11-28T00:00:00Z,611.30000000,1281130.35100000
2021-11-29T00:00:00Z,623.40000000,1090520.86400000
2021-11-30T00:00:00Z,622.50000000,1380656.20500000
2021-12-01T00:00:00Z,627.50000000,1384101.08700000
2021-12-02T00:00:00Z,619.90000000,1104596.88100000
2021-12-03T00:00:00Z,595.00000000,1250950.16700000
2021-12-04T00:00:00Z,568.60000000,2611783.64700000
2021-12-05T00:00:00Z,557.80000000,1258393.72000000
2021-12-06T00:00:00Z,587.50000000,2005928.93200000
2021-12-07T00:00:00Z,578.70000000,1017363.94300000
2021-12-08T00:00:00Z,607.20000000,1113215.44900000
2021-12-09T00:00:00Z,570.20000000,1096635.01200000
2021-12-10T00:00:00Z,552.40000000,1083121.56400000
2021-12-11T00:00:00Z,564.50000000,950448.47400000
2021-12-12T00:00:00Z,570.30000000,544940.33600000
2021-12-13T00:00:00Z,521.00000000,1037150.70500000
2021-12-14T00:00:00Z,528.10000000,1263782.10100000
2021-12-15T00:00:00Z,541.10000000,1147515.30500000
2021-12-16T00:00:00Z,526.20000000,735504.68200000
2021-12-17T00:00:00Z,525.50000000,921732.76300000
2021-12-18T00:00:00Z,533.90000000,580436.09800000
2021-12-19T00:00:00Z,529.80000000,540256.68400000
2021-12-20T00:00:00Z,524.00000000,727454.21200000
2021-12-21T00:00:00Z,528.30000000,686439.70800000
2021-12-22T00:00:00Z,533.60000000,721787.10900000
2021-12-23T00:00:00Z,549.00000000,844421.95400000
2021-12-24T00:00:00Z,542.10000000,665688.41500000
2021-12-25T00:00:00Z,547.40000000,455399.79300000
2021-12-26T00:00:00Z,546.40000000,536338.77500000
2021-12-27T00:00:00Z,563.70000000,803473.15500000
2021-12-28T00:00:00Z,534.20000000,1002556.27100000
2021-12-29T00:00:00Z,514.50000000,740117.86700000
2021-12-30T00:00:00Z,518.50000000,639166.71700000
2021-12-31T00:00:00Z,511.40000000,677844.74900000
2022-01-01T00:00:00Z,527.30000000,446171.54100000
2022-01-02T00:00:00Z,531.00000000,404475.54100000
2022-01-03T00:00:00Z,511.90000000,663841.02100000
2022-01-04T00:00:00Z,506.90000000,687436.63800000
2022-01-05T00:00:00Z,474.10000000,985152.00400000
2022-01-06T00:00:00Z,472.60000000,986669.90000000
2022-01-07T00:00:00Z,448.10000000,1331260.03000000
2022-01-08T00:00:00Z,429.90000000,1062788.58900000
2022-01-09T00:00:00Z,438.70000000,688777.34700000
2022-01-10T00:00:00Z,424.70000000,1221504.73800000
2022-01-11T00:00:00Z,463.60000000,1266092.81900000
2022-01-12T00:00:00Z,487.80000000,836124.92800000
2022-01-13T00:00:00Z,475.20000000,908052.93700000
2022-01-14T00:00:00Z,490.00000000,797022.18100000
2022-01-15T00:00:00Z,494.50000000,548626.20300000
2022-01-16T00:00:00Z,498.60000000,507042.33200000
2022-01-17T00:00:00Z,475.20000000,757806.03500000
2022-01-18T00:00:00Z,471.40000000,707501.57700000
2022-01-19T00:00:00Z,461.90000000,585750.30000000
2022-01-20T00:00:00Z,440.20000000,1137854.89400000
2022-01-21T00:00:00Z,383.90000000,1891179.59400000
2022-01-22T00:00:00Z,358.30000000,2635609.38600000
2022-01-23T00:00:00Z,383.90000000,1297043.92300000
2022-01-24T00:00:00Z,371.30000000,1900214.42000000
2022-01-25T00:00:00Z,385.10000000,1006111.15500000
2022-01-26T00:00:00Z,375.10000000,1073520.17200000
2022-01-27T00:00:00Z,389.90000000,962060.88800000
2022-01-28T00:00:00Z,385.90000000,752320.61500000
2022-01-29T00:00:00Z,389.30000000,534573.78200000
2022-01-30T00:00:00Z,377.20000000,536436.12300000
2022-01-31T00:00:00Z,374.30000000,620113.73400000
2022-02-01T00:00:00Z,384.20000000,555347.27700000
2022-02-02T00:00:00Z,366.90000000,572340.04000000
2022-02-03T00:00:00Z,372.30000000,495715.22700000
2022-02-04T00:00:00Z,399.50000000,849825.82800000
2022-02-05T00:00:00Z,413.70000000,1031046.87000000
2022-02-06T00:00:00Z,419.90000000,542631.17600000
2022-02-07T00:00:00Z,433.50000000,758247.66700000
2022-02-08T00:00:00Z,407.80000000,1148555.32100000
2022-02-09T00:00:00Z,422.90000000,633880.43100000
2022-02-10T00:00:00Z,414.70000000,956240.33900000
2022-02-11T00:00:00Z,400.00000000,700843.20000000
2022-02-12T00:00:00Z,403.60000000,521080.23700000
2022-02-13T00:00:00Z,397.90000000,388657.05200000
2022-02-14T00:00:00Z,403.40000000,472210.31800000
2022-02-15T00:00:00Z,432.40000000,1184143.99000000
2022-02-16T00:00:00Z,427.30000000,606252.49300000
2022-02-17T00:00:00Z,402.40000000,661874.71700000
2022-02-18T00:00:00Z,399.20000000,611936.67900000
2022-02-19T00:00:00Z,399.80000000,410279.30400000
2022-02-20T00:00:00Z,380.60000000,624148.52500000
2022-02-21T00:00:00Z,356.60000000,1219652.48100000
2022-02-22T00:00:00Z,374.30000000,940456.82200000
2022-02-23T00:00:00Z,365.60000000,698692.66100000
2022-02-24T00:00:00Z,361.20000000,1949035.93500000
2022-02-25T00:00:00Z,375.00000000,783242.16000000
2022-02-26T00:00:00Z,373.70000000,548687.94100000
2022-02-27T00:00:00Z,360.10000000,677364.94900000
2022-02-28T00:00:00Z,395.60000000,773064.48000000
2022-03-01T00:00:00Z,408.70000000,1403695.83200000
2022-03-02T00:00:00Z,409.30000000,788499.44300000
2022-03-03T00:00:00Z,402.60000000,577002.32500000
2022-03-04T00:00:00Z,374.20000000,756176.61000000
2022-03-05T00:00:00Z,384.70000000,453970.24200000
2022-03-06T00:00:00Z,375.00000000,489079.15800000
2022-03-07T00:00:00Z,380.60000000,949294.91000000
2022-03-08T00:00:00Z,381.40000000,647492.04700000
2022-03-09T00:00:00Z,393.20000000,1012850.74700000
2022-03-10T00:00:00Z,372.00000000,791332.98400000
2022-03-11T00:00:00Z,371.90000000,510174.58600000
2022-03-12T00:00:00Z,372.40000000,402475.64600000
2022-03-13T00:00:00Z,361.40000000,424762.64200000
2022-03-14T00:00:00Z,373.40000000,467814.98400000
2022-03-15T00:00:00Z,371.70000000,440890.82300000
2022-03-16T00:00:00Z,385.40000000,668878.61500000
2022-03-17T00:00:00Z,391.80000000,569457.40800000
2022-03-18T00:00:00Z,397.20000000,553763.58600000
2022-03-19T00:00:00Z,399.90000000,459996.61300000
2022-03-20T00:00:00Z,390.80000000,398984.42900000
2022-03-21T00:00:00Z,396.00000000,541479.78000000
2022-03-22T00:00:00Z,404.30000000,609034.60700000
2022-03-23T00:00:00Z,408.40000000,535891.79000000
2022-03-24T00:00:00Z,414.20000000,598366.11500000
2022-03-25T00:00:00Z,410.30000000,609691.87600000
2022-03-26T00:00:00Z,415.80000000,280157.68700000
2022-03-27T00:00:00Z,430.50000000,490998.10000000
2022-03-28T00:00:00Z,430.20000000,719102.18300000
2022-03-29T00:00:00Z,434.20000000,629773.89400000
2022-03-30T00:00:00Z,442.10000000,768982.42700000
2022-03-31T00:00:00Z,428.90000000,957924.69500000
2022-04-01T00:00:00Z,447.70000000,971822.65500000
2022-04-02T00:00:00Z,437.20000000,827864.88500000
2022-04-03T00:00:00Z,450.40000000,676230.89200000
2022-04-04T00:00:00Z,447.60000000,736637.27100000
2022-04-05T00:00:00Z,444.70000000,761168.72500000
2022-04-06T00:00:00Z,420.10000000,928930.80600000
2022-04-07T00:00:00Z,436.00000000,717661.03600000
2022-04-08T00:00:00Z,421.50000000,684600.07400000
2022-04-09T00:00:00Z,426.60000000,356426.65900000
2022-04-10T00:00:00Z,418.10000000,386650.88300000
2022-04-11T00:00:00Z,394.60000000,856354.22400000
2022-04-12T00:00:00Z,413.60000000,729790.91800000
2022-04-13T00:00:00Z,423.40000000,630077.27700000
2022-04-14T00:00:00Z,414.70000000,464220.20800000
2022-04-15T00:00:00Z,417.30000000,331730.77300000
2022-04-16T00:00:00Z,417.30000000,237289.02000000
2022-04-17T00:00:00Z,406.60000000,302390.72600000
2022-04-18T00:00:00Z,416.80000000,628747.77200000
2022-04-19T00:00:00Z,422.30000000,567586.93100000
2022-04-20T00:00:00Z,418.40000000,677255.09000000
2022-04-21T00:00:00Z,404.90000000,771718.15400000
2022-04-22T00:00:00Z,406.60000000,563521.04900000
2022-04-23T00:00:00Z,401.10000000,339347.45000000
2022-04-24T00:00:00Z,398.80000000,322889.80500000
2022-04-25T00:00:00Z,404.30000000,849798.67800000
2022-04-26T00:00:00Z,385.90000000,629808.81200000
2022-04-27T00:00:00Z,391.30000000,567371.49500000
2022-04-28T00:00:00Z,407.10000000,946336.33400000
2022-04-29T00:00:00Z,393.00000000,694888.52600000
2022-04-30T00:00:00Z,377.10000000,574905.82200000
2022-05-01T00:00:00Z,389.90000000,564144.67300000
2022-05-02T00:00:00Z,389.50000000,454918.11200000
2022-05-03T00:00:00Z,383.90000000,388317.42000000
2022-05-04T00:00:00Z,402.60000000,599066.68200000
2022-05-05T00:00:00Z,378.40000000,1224114.51200000
2022-05-06T00:00:00Z,379.10000000,702441.41900000
2022-05-07T00:00:00Z,365.50000000,554852.53100000
2022-05-08T00:00:00Z,355.90000000,785184.08700000
2022-05-09T00:00:00Z,296.10000000,2137566.87020000
2022-05-10T00:00:00Z,319.10000000,2160654.17540000
2022-05-11T00:00:00Z,271.50000000,3387753.98260000
2022-05-12T00:00:00Z,269.00000000,4499625.60330000
2022-05-13T00:00:00Z,290.60000000,1912387.36100000
2022-05-14T00:00:00Z,296.90000000,1092874.02300000
2022-05-15T00:00:00Z,312.40000000,774709.23100000
2022-05-16T00:00:00Z,297.20000000,967622.83400000
2022-05-17T00:00:00Z,306.20000000,702265.60700000
2022-05-18T00:00:00Z,287.70000000,731091.09100000
2022-05-19T00:00:00Z,307.10000000,685238.84400000
2022-05-20T00:00:00Z,302.20000000,918118.17700000
2022-05-21T00:00:00Z,312.40000000,470778.48300000
2022-05-22T00:00:00Z,319.40000000,640675.57300000
2022-05-23T00:00:00Z,317.20000000,1016212.87100000
2022-05-24T00:00:00Z,328.30000000,1087140.69800000
2022-05-25T00:00:00Z,325.70000000,1057736.75500000
2022-05-26T00:00:00Z,303.00000000,1539437.59800000
2022-05-27T00:00:00Z,301.60000000,1460549.00800000
2022-05-28T00:00:00Z,307.50000000,601654.50400000
2022-05-29T00:00:00Z,305.80000000,519507.74700000
2022-05-30T00:00:00Z,321.80000000,1006928.23100000
2022-05-31T00:00:00Z,320.90000000,701746.39000000
2022-06-01T00:00:00Z,300.40000000,817984.60900000
2022-06-02T00:00:00Z,308.30000000,477670.40000000
2022-06-03T00:00:00Z,298.60000000,468996.67700000
2022-06-04T00:00:00Z,301.30000000,293533.10800000
2022-06-05T00:00:00Z,299.10000000,269695.90100000
2022-06-06T00:00:00Z,295.10000000,758590.86000000
2022-06-07T00:00:00Z,290.30000000,969784.61900000
2022-06-08T00:00:00Z,288.50000000,509510.45500000
2022-06-09T00:00:00Z,289.90000000,335495.07300000
2022-06-10T00:00:00Z,286.40000000,817523.36400000
2022-06-11T00:00:00Z,269.90000000,584351.45600000
2022-06-12T00:00:00Z,254.80000000,827755.03500000
2022-06-13T00:00:00Z,223.00000000,2377589.40890000
2022-06-14T00:00:00Z,223.00000000,1922025.08440000
2022-06-15T00:00:00Z,233.60000000,2105397.55150000
2022-06-16T00:00:00Z,210.20000000,975592.87300000
2022-06-17T00:00:00Z,215.80000000,690834.30800000
2022-06-18T00:00:00Z,197.00000000,1404690.49590000
2022-06-19T00:00:00Z,215.10000000,1102166.17100000
2022-06-20T00:00:00Z,216.50000000,880400.84400000
2022-06-21T00:00:00Z,220.10000000,829003.56500000
2022-06-22T00:00:00Z,214.40000000,690466.46500000
2022-06-23T00:00:00Z,228.90000000,783796.95200000
2022-06-24T00:00:00Z,240.20000000,707275.38700000
2022-06-25T00:00:00Z,239.70000000,490948.31000000
2022-06-26T00:00:00Z,233.90000000,456762.54700000
2022-06-27T00:00:00Z,233.80000000,483616.79800000
2022-06-28T00:00:00Z,226.90000000,632626.77900000
2022-06-29T00:00:00Z,219.70000000,711780.69100000
2022-06-30T00:00:00Z,219.60000000,791526.89800000
2022-07-01T00:00:00Z,216.90000000,816261.88500000
2022-07-02T00:00:00Z,218.30000000,342712.09900000
2022-07-03T00:00:00Z,219.20000000,361103.06500000
2022-07-04T00:00:00Z,231.50000000,514662.94600000
2022-07-05T00:00:00Z,230.80000000,684927.62100000
2022-07-06T00:00:00Z,238.60000000,644951.71300000
2022-07-07T00:00:00Z,241.40000000,488193.22500000
2022-07-08T00:00:00Z,240.70000000,643936.03400000
2022-07-09T00:00:00Z,243.30000000,267778.16500000
2022-07-10T00:00:00Z,234.70000000,396712.23700000
2022-07-11T00:00:00Z,225.60000000,419335.06700000
2022-07-12T00:00:00Z,220.60000000,410220.06600000
2022-07-13T00:00:00Z,230.50000000,714589.61000000
2022-07-14T00:00:00Z,238.50000000,577524.87400000
2022-07-15T00:00:00Z,238.50000000,446513.82200000
2022-07-16T00:00:00Z,249.80000000,423399.99400000
2022-07-17T00:00:00Z,247.80000000,436448.54700000
2022-07-18T00:00:00Z,264.10000000,747067.02900000
2022-07-19T00:00:00Z,268.60000000,946386.94000000
2022-07-20T00:00:00Z,258.20000000,771496.80800000
2022-07-21T00:00:00Z,265.60000000,545140.27200000
2022-07-22T00:00:00Z,262.40000000,508542.31700000
2022-07-23T00:00:00Z,259.20000000,488326.24700000
2022-07-24T00:00:00Z,261.40000000,333902.61100000
2022-07-25T00:00:00Z,244.60000000,458768.53300000
2022-07-26T00:00:00Z,249.40000000,365533.64700000
2022-07-27T00:00:00Z,271.60000000,656773.69500000
2022-07-28T00:00:00Z,277.20000000,669832.40000000
2022-07-29T00:00:00Z,293.60000000,1077799.22100000
2022-07-30T00:00:00Z,287.80000000,683111.10300000
2022-07-31T00:00:00Z,283.40000000,564727.27300000
2022-08-01T00:00:00Z,283.20000000,493847.80400000
2022-08-02T00:00:00Z,283.80000000,627814.08100000
2022-08-03T00:00:00Z,297.50000000,685924.62000000
2022-08-04T00:00:00Z,311.80000000,808604.15200000
2022-08-05T00:00:00Z,315.90000000,641807.57300000
2022-08-06T00:00:00Z,315.20000000,394288.53600000
2022-08-07T00:00:00Z,322.80000000,415090.18300000
2022-08-08T00:00:00Z,324.90000000,580206.60700000
2022-08-09T00:00:00Z,324.40000000,500589.39500000
2022-08-10T00:00:00Z,328.80000000,831222.11000000
2022-08-11T00:00:00Z,323.60000000,549578.32800000
2022-08-12T00:00:00Z,327.90000000,384848.84300000
2022-08-13T00:00:00Z,324.30000000,405066.25200000
2022-08-14T00:00:00Z,317.60000000,378353.91800000
2022-08-15T00:00:00Z,319.50000000,455916.27800000
2022-08-16T00:00:00Z,316.10000000,370975.91900000
2022-08-17T00:00:00Z,306.90000000,504236.73200000
2022-08-18T00:00:00Z,298.10000000,409051.88600000
2022-08-19T00:00:00Z,279.10000000,870296.51100000
2022-08-20T00:00:00Z,283.70000000,513021.10600000
2022-08-21T00:00:00Z,301.90000000,528156.20900000
2022-08-22T00:00:00Z,300.00000000,638895.98500000
2022-08-23T00:00:00Z,299.30000000,403374.95200000
2022-08-24T00:00:00Z,296.40000000,344126.26500000
2022-08-25T00:00:00Z,301.20000000,398617.06000000
2022-08-26T00:00:00Z,279.60000000,594770.35500000
2022-08-27T00:00:00Z,277.90000000,412732.71600000
2022-08-28T00:00:00Z,276.50000000,312819.02600000
2022-08-29T00:00:00Z,285.90000000,481690.83200000
2022-08-30T00:00:00Z,281.60000000,436765.76500000
2022-08-31T00:00:00Z,279.20000000,388909.54500000
2022-09-01T00:00:00Z,278.30000000,415193.21200000
2022-09-02T00:00:00Z,277.50000000,321409.94800000
2022-09-03T00:00:00Z,277.80000000,148504.88300000
2022-09-04T00:00:00Z,279.10000000,193440.80800000
2022-09-05T00:00:00Z,276.90000000,258958.14900000
2022-09-06T00:00:00Z,262.50000000,640922.53100000
2022-09-07T00:00:00Z,278.90000000,431827.21800000
2022-09-08T00:00:00Z,280.50000000,385559.74900000
2022-09-09T00:00:00Z,293.40000000,541869.40900000
2022-09-10T00:00:00Z,296.70000000,328332.54200000
2022-09-11T00:00:00Z,295.30000000,261093.94500000
2022-09-12T00:00:00Z,294.10000000,408686.16800000
2022-09-13T00:00:00Z,277.40000000,578322.33000000
2022-09-14T00:00:00Z,279.30000000,424974.98500000
2022-09-15T00:00:00Z,271.10000000,520635.26100000
2022-09-16T00:00:00Z,274.90000000,311737.81800000
2022-09-17T00:00:00Z,279.10000000,189707.95100000
2022-09-18T00:00:00Z,266.20000000,327883.90800000
2022-09-19T00:00:00Z,271.90000000,508029.19000000
2022-09-20T00:00:00Z,266.30000000,335455.45400000
2022-09-21T00:00:00Z,264.00000000,535775.82100000
2022-09-22T00:00:00Z,275.30000000,339390.82100000
2022-09-23T00:00:00Z,276.70000000,363390.80500000
2022-09-24T00:00:00Z,274.40000000,324988.43200000
2022-09-25T00:00:00Z,274.30000000,220895.59800000
2022-09-26T00:00:00Z,276.10000000,267919.66500000
2022-09-27T00:00:00Z,272.30000000,406749.83500000
2022-09-28T00:00:00Z,281.60000000,357981.39700000
2022-09-29T00:00:00Z,284.10000000,301167.34400000
2022-09-30T00:00:00Z,284.80000000,391981.58700000
2022-10-01T00:00:00Z,282.90000000,196754.49700000
2022-10-02T00:00:00Z,284.70000000,200690.25100000
2022-10-03T00:00:00Z,286.90000000,275974.88300000
2022-10-04T00:00:00Z,296.20000000,321841.16500000
2022-10-05T00:00:00Z,294.20000000,221018.68500000
2022-10-06T00:00:00Z,287.00000000,450036.83300000
2022-10-07T00:00:00Z,282.30000000,354485.96100000
2022-10-08T00:00:00Z,276.40000000,183653.11900000
2022-10-09T00:00:00Z,278.20000000,171008.24700000
2022-10-10T00:00:00Z,271.50000000,216924.86900000
2022-10-11T00:00:00Z,271.40000000,222137.68300000
2022-10-12T00:00:00Z,270.90000000,167816.90400000
2022-10-13T00:00:00Z,271.60000000,540797.21200000
2022-10-14T00:00:00Z,269.40000000,298386.91800000
2022-10-15T00:00:00Z,268.20000000,144084.71600000
2022-10-16T00:00:00Z,272.50000000,185597.07400000
2022-10-17T00:00:00Z,275.60000000,187187.58000000
2022-10-18T00:00:00Z,273.10000000,195691.11700000
2022-10-19T00:00:00Z,272.00000000,153657.96000000
2022-10-20T00:00:00Z,269.00000000,166135.49600000
2022-10-21T00:00:00Z,270.10000000,195432.21200000
2022-10-22T00:00:00Z,270.40000000,84044.88300000
2022-10-23T00:00:00Z,276.00000000,134390.84300000
2022-10-24T00:00:00Z,274.10000000,154182.09400000
2022-10-25T00:00:00Z,284.20000000,387523.12500000
2022-10-26T00:00:00Z,290.20000000,316408.93600000
2022-10-27T00:00:00Z,286.70000000,315734.80800000
2022-10-28T00:00:00Z,297.90000000,416648.24300000
2022-10-29T00:00:00Z,304.40000000,553646.12500000
2022-10-30T00:00:00Z,313.50000000,538624.40300000
2022-10-31T00:00:00Z,325.70000000,1047801.47700000
2022-11-01T00:00:00Z,323.90000000,550045.70600000
2022-11-02T00:00:00Z,320.20000000,561329.56400000
2022-11-03T00:00:00Z,329.50000000,622354.86000000
2022-11-04T00:00:00Z,354.60000000,751709.58200000
2022-11-05T00:00:00Z,349.20000000,411760.06400000
2022-11-06T00:00:00Z,337.90000000,390974.87900000
2022-11-07T00:00:00Z,337.00000000,740465.51200000
2022-11-08T00:00:00Z,327.40000000,3103916.38400000
2022-11-09T00:00:00Z,267.30000000,1901075.89900000
2022-11-10T00:00:00Z,304.00000000,1411238.91000000
2022-11-11T00:00:00Z,290.40000000,695145.64100000
2022-11-12T00:00:00Z,282.80000000,545359.35500000
2022-11-13T00:00:00Z,276.40000000,442278.92100000
2022-11-14T00:00:00Z,279.00000000,818725.89700000
2022-11-15T00:00:00Z,277.00000000,445565.66400000
2022-11-16T00:00:00Z,271.80000000,402896.79900000
2022-11-17T00:00:00Z,267.90000000,367805.83000000
2022-11-18T00:00:00Z,274.10000000,277946.36600000
2022-11-19T00:00:00Z,272.60000000,194104.28000000
2022-11-20T00:00:00Z,264.20000000,306587.58100000
2022-11-21T00:00:00Z,253.90000000,581026.19000000
2022-11-22T00:00:00Z,266.70000000,357164.44500000
2022-11-23T00:00:00Z,298.80000000,1224050.68900000
2022-11-24T00:00:00Z,300.20000000,550792.65500000
2022-11-25T00:00:00Z,300.80000000,465733.48300000
2022-11-26T00:00:00Z,311.40000000,569578.77300000
2022-11-27T00:00:00Z,307.60000000,310095.84500000
2022-11-28T00:00:00Z,293.50000000,603763.83000000
2022-11-29T00:00:00Z,295.40000000,422502.38500000
2022-11-30T00:00:00Z,300.60000000,467009.69400000
2022-12-01T00:00:00Z,292.30000000,798867.73500000
2022-12-02T00:00:00Z,293.40000000,364102.28500000
2022-12-03T00:00:00Z,290.40000000,234377.05500000
2022-12-04T00:00:00Z,291.80000000,244356.78300000
2022-12-05T00:00:00Z,288.40000000,294958.79000000
2022-12-06T00:00:00Z,290.20000000,247911.34700000
2022-12-07T00:00:00Z,284.20000000,361435.52800000
2022-12-08T00:00:00Z,290.40000000,281655.08500000
2022-12-09T00:00:00Z,286.00000000,308418.72500000
2022-12-10T00:00:00Z,288.20000000,148922.63300000
2022-12-11T00:00:00Z,284.40000000,206340.14600000
2022-12-12T00:00:00Z,276.10000000,507509.83500000
2022-12-13T00:00:00Z,272.20000000,1309642.68400000
2022-12-14T00:00:00Z,267.70000000,580082.91100000
2022-12-15T00:00:00Z,258.80000000,350889.16400000
2022-12-16T00:00:00Z,231.20000000,876900.03100000
2022-12-17T00:00:00Z,242.10000000,788798.49300000
2022-12-18T00:00:00Z,251.00000000,526139.42700000
2022-12-19T00:00:00Z,240.40000000,408787.20200000
2022-12-20T00:00:00Z,251.40000000,320509.02600000
2022-12-21T00:00:00Z,246.20000000,195051.38500000
2022-12-22T00:00:00Z,245.80000000,246104.19600000
2022-12-23T00:00:00Z,246.20000000,175280.01300000
2022-12-24T00:00:00Z,244.50000000,96773.73100000
2022-12-25T00:00:00Z,243.20000000,125016.87700000
2022-12-26T00:00:00Z,244.30000000,117117.96800000
2022-12-27T00:00:00Z,246.70000000,196642.12000000
2022-12-28T00:00:00Z,244.50000000,208632.34200000
2022-12-29T00:00:00Z,246.30000000,161959.26600000
2022-12-30T00:00:00Z,245.80000000,128406.53300000
2022-12-31T00:00:00Z,246.30000000,134141.31100000
2023-01-01T00:00:00Z,244.40000000,109450.11700000
2023-01-02T00:00:00Z,245.20000000,173452.90000000
2023-01-03T00:00:00Z,246.10000000,115059.99100000
2023-01-04T00:00:00Z,258.90000000,370055.08200000
2023-01-05T00:00:00Z,256.70000000,145297.96300000
2023-01-06T00:00:00Z,259.90000000,199497.07600000
2023-01-07T00:00:00Z,261.30000000,115152.77000000
2023-01-08T00:00:00Z,274.90000000,237308.89000000
2023-01-09T00:00:00Z,272.60000000,437828.42800000
2023-01-10T00:00:00Z,277.10000000,259938.56200000
2023-01-11T00:00:00Z,284.80000000,266107.30400000
2023-01-12T00:00:00Z,287.70000000,391553.64100000
2023-01-13T00:00:00Z,293.70000000,313541.81100000
2023-01-14T00:00:00Z,305.10000000,706402.08700000
2023-01-15T00:00:00Z,302.20000000,288696.86800000
2023-01-16T00:00:00Z,299.00000000,350990.99300000
2023-01-17T00:00:00Z,299.40000000,279993.87600000
2023-01-18T00:00:00Z,286.70000000,621064.66500000
2023-01-19T00:00:00Z,294.60000000,215522.14600000
2023-01-20T00:00:00Z,305.10000000,423829.13600000
2023-01-21T00:00:00Z,299.00000000,508000.02400000
2023-01-22T00:00:00Z,303.00000000,388815.19200000
2023-01-23T00:00:00Z,305.10000000,301946.00500000
2023-01-24T00:00:00Z,300.30000000,629758.27900000
2023-01-25T00:00:00Z,306.90000000,447238.53900000
2023-01-26T00:00:00Z,304.70000000,342344.70500000
2023-01-27T00:00:00Z,308.00000000,271326.79000000
2023-01-28T00:00:00Z,306.10000000,229517.80000000
2023-01-29T00:00:00Z,317.20000000,430698.67300000
2023-01-30T00:00:00Z,307.20000000,413716.21200000
2023-01-31T00:00:00Z,312.00000000,278061.95800000
2023-02-01T00:00:00Z,317.00000000,390978.52300000
2023-02-02T00:00:00Z,323.50000000,587655.88100000
2023-02-03T00:00:00Z,332.20000000,579577.16200000
2023-02-04T00:00:00Z,330.40000000,212109.62600000
2023-02-05T00:00:00Z,327.80000000,396514.71100000
2023-02-06T00:00:00Z,324.30000000,290965.00000000
2023-02-07T00:00:00Z,333.00000000,265904.83300000
2023-02-08T00:00:00Z,328.20000000,286865.86700000
2023-02-09T00:00:00Z,306.20000000,564612.57200000
2023-02-10T00:00:00Z,305.80000000,295784.97600000
2023-02-11T00:00:00Z,310.40000000,154488.76100000
2023-02-12T00:00:00Z,312.60000000,291500.27000000
2023-02-13T00:00:00Z,294.30000000,1065985.59400000
2023-02-14T00:00:00Z,296.20000000,494698.65400000
2023-02-15T00:00:00Z,317.40000000,465921.94300000
2023-02-16T00:00:00Z,304.40000000,858141.89000000
2023-02-17T00:00:00Z,313.00000000,508736.19300000
2023-02-18T00:00:00Z,316.50000000,282485.39000000
2023-02-19T00:00:00Z,311.50000000,336004.27400000
2023-02-20T00:00:00Z,315.40000000,514483.79700000
2023-02-21T00:00:00Z,311.50000000,385161.29700000
2023-02-22T00:00:00Z,312.40000000,368344.98600000
2023-02-23T00:00:00Z,308.30000000,300641.24100000
2023-02-24T00:00:00Z,302.30000000,328726.40000000
2023-02-25T00:00:00Z,302.40000000,178538.40800000
2023-02-26T00:00:00Z,308.70000000,151419.16600000
2023-02-27T00:00:00Z,304.60000000,234405.82100000
2023-02-28T00:00:00Z,301.40000000,186649.19200000
2023-03-01T00:00:00Z,302.70000000,200883.89300000
2023-03-02T00:00:00Z,299.80000000,200964.84200000
2023-03-03T00:00:00Z,290.40000000,266627.56400000
2023-03-04T00:00:00Z,289.60000000,127846.86500000
2023-03-05T00:00:00Z,288.70000000,128456.55900000
2023-03-06T00:00:00Z,287.80000000,205220.75700000
2023-03-07T00:00:00Z,289.30000000,200611.35700000
2023-03-08T00:00:00Z,287.10000000,260938.37400000
2023-03-09T00:00:00Z,277.10000000,318996.85100000
2023-03-10T00:00:00Z,277.40000000,404292.97200000
2023-03-11T00:00:00Z,276.00000000,370350.20700000
2023-03-12T00:00:00Z,288.10000000,316243.11700000
2023-03-13T00:00:00Z,307.90000000,991752.46400000
2023-03-14T00:00:00Z,308.40000000,703702.20800000
2023-03-15T00:00:00Z,306.30000000,413251.77300000
2023-03-16T00:00:00Z,329.40000000,1251303.89000000
2023-03-17T00:00:00Z,338.90000000,726737.46800000
2023-03-18T00:00:00Z,331.00000000,662698.51100000
2023-03-19T00:00:00Z,336.70000000,401972.61900000
2023-03-20T00:00:00Z,332.50000000,511504.52200000
2023-03-21T00:00:00Z,334.40000000,477443.68900000
2023-03-22T00:00:00Z,321.10000000,1286215.77700000
2023-03-23T00:00:00Z,329.40000000,383094.59100000
2023-03-24T00:00:00Z,322.10000000,307030.00200000
2023-03-25T00:00:00Z,322.40000000,317118.33200000
2023-03-26T00:00:00Z,328.60000000,204700.19300000
2023-03-27T00:00:00Z,310.60000000,578039.55500000
2023-03-28T00:00:00Z,313.20000000,329398.42400000
2023-03-29T00:00:00Z,313.70000000,327282.22600000
2023-03-30T00:00:00Z,316.40000000,496156.73800000
2023-03-31T00:00:00Z,316.90000000,266270.06400000
2023-04-01T00:00:00Z,314.90000000,185904.18300000
2023-04-02T00:00:00Z,313.70000000,149805.66700000
2023-04-03T00:00:00Z,308.80000000,450976.97300000
2023-04-04T00:00:00Z,310.80000000,305980.47500000
2023-04-05T00:00:00Z,313.90000000,320350.36300000
2023-04-06T00:00:00Z,312.30000000,232647.14700000
2023-04-07T00:00:00Z,310.30000000,179863.36200000
2023-04-08T00:00:00Z,310.50000000,165372.94400000
2023-04-09T00:00:00Z,312.80000000,163948.72500000
2023-04-10T00:00:00Z,318.50000000,271539.24000000
2023-04-11T00:00:00Z,322.30000000,661117.67200000
2023-04-12T00:00:00Z,319.90000000,354216.72400000
2023-04-13T00:00:00Z,324.70000000,348151.94500000
2023-04-14T00:00:00Z,328.90000000,679955.06100000
2023-04-15T00:00:00Z,333.00000000,418311.14300000
2023-04-16T00:00:00Z,347.70000000,632598.77700000
2023-04-17T00:00:00Z,340.00000000,556356.46800000
2023-04-18T00:00:00Z,343.10000000,391677.43700000
2023-04-19T00:00:00Z,322.40000000,537444.08200000
2023-04-20T00:00:00Z,318.10000000,367453.93300000
2023-04-21T00:00:00Z,321.20000000,910773.89400000
2023-04-22T00:00:00Z,332.20000000,381882.03200000
2023-04-23T00:00:00Z,330.70000000,384622.15400000
2023-04-24T00:00:00Z,331.20000000,442775.29400000
2023-04-25T00:00:00Z,338.40000000,436704.88300000
2023-04-26T00:00:00Z,330.60000000,679551.58400000
2023-04-27T00:00:00Z,330.90000000,482850.95700000
2023-04-28T00:00:00Z,324.10000000,991210.15600000
2023-04-29T00:00:00Z,321.90000000,226488.68900000
2023-04-30T00:00:00Z,337.50000000,711720.72600000
2023-05-01T00:00:00Z,328.50000000,719404.91200000
2023-05-02T00:00:00Z,321.50000000,437446.28100000
2023-05-03T00:00:00Z,325.90000000,608765.38900000
2023-05-04T00:00:00Z,323.80000000,195370.26800000
2023-05-05T00:00:00Z,326.50000000,284536.10800000
2023-05-06T00:00:00Z,321.90000000,275367.71600000
2023-05-07T00:00:00Z,321.00000000,203577.21900000
2023-05-08T00:00:00Z,313.80000000,379192.11900000
2023-05-09T00:00:00Z,312.10000000,260672.04500000
2023-05-10T00:00:00Z,314.30000000,360146.81100000
2023-05-11T00:00:00Z,307.50000000,291854.66700000
2023-05-12T00:00:00Z,308.50000000,327008.92700000
2023-05-13T00:00:00Z,310.70000000,151642.55400000
2023-05-14T00:00:00Z,312.10000000,192884.82100000
2023-05-15T00:00:00Z,313.40000000,202895.17100000
2023-05-16T00:00:00Z,311.40000000,182668.21400000
2023-05-17T00:00:00Z,314.30000000,221274.51400000
2023-05-18T00:00:00Z,309.30000000,236575.28600000
2023-05-19T00:00:00Z,308.90000000,191704.81200000
2023-05-20T00:00:00Z,310.60000000,104485.90500000
2023-05-21T00:00:00Z,306.40000000,143182.42900000
2023-05-22T00:00:00Z,309.00000000,222082.43500000
2023-05-23T00:00:00Z,313.50000000,225830.19000000
2023-05-24T00:00:00Z,306.00000000,292692.62000000
2023-05-25T00:00:00Z,304.50000000,287322.50200000
2023-05-26T00:00:00Z,306.80000000,398588.89500000
2023-05-27T00:00:00Z,307.40000000,144742.08600000
2023-05-28T00:00:00Z,314.10000000,257233.17900000
2023-05-29T00:00:00Z,311.60000000,461485.11500000
2023-05-30T00:00:00Z,311.50000000,291304.59000000
2023-05-31T00:00:00Z,306.80000000,437132.41800000
2023-06-01T00:00:00Z,304.90000000,255618.72200000
2023-06-02T00:00:00Z,307.20000000,300583.67500000
2023-06-03T00:00:00Z,306.60000000,158805.92600000
2023-06-04T00:00:00Z,305.00000000,187805.42700000
2023-06-05T00:00:00Z,276.90000000,1096020.01900000
2023-06-06T00:00:00Z,281.20000000,708685.58000000
2023-06-07T00:00:00Z,259.30000000,1188263.83700000
2023-06-08T00:00:00Z,262.00000000,579854.02000000
2023-06-09T00:00:00Z,260.50000000,509660.50100000
2023-06-10T00:00:00Z,238.70000000,1603602.20200000
2023-06-11T00:00:00Z,235.40000000,402562.35900000
2023-06-12T00:00:00Z,231.30000000,1579141.84000000
2023-06-13T00:00:00Z,244.20000000,1230681.02100000
2023-06-14T00:00:00Z,237.90000000,970411.71800000
2023-06-15T00:00:00Z,236.40000000,602141.96900000
2023-06-16T00:00:00Z,239.30000000,562586.52900000
2023-06-17T00:00:00Z,244.50000000,491313.27200000
2023-06-18T00:00:00Z,244.10000000,359878.98100000
2023-06-19T00:00:00Z,243.10000000,425074.26900000
2023-06-20T00:00:00Z,247.70000000,639069.67200000
2023-06-21T00:00:00Z,248.80000000,1006328.55700000
2023-06-22T00:00:00Z,240.80000000,1032630.47100000
2023-06-23T00:00:00Z,244.30000000,638290.19300000
2023-06-24T00:00:00Z,236.40000000,791496.05000000
2023-06-25T00:00:00Z,238.80000000,513198.59800000
2023-06-26T00:00:00Z,236.10000000,526248.09000000
2023-06-27T00:00:00Z,237.50000000,360259.85000000
2023-06-28T00:00:00Z,230.60000000,643304.04700000
2023-06-29T00:00:00Z,233.10000000,352025.97400000
2023-06-30T00:00:00Z,240.30000000,843439.59400000
2023-07-01T00:00:00Z,247.90000000,723099.40100000
2023-07-02T00:00:00Z,246.50000000,598172.06300000
2023-07-03T00:00:00Z,246.50000000,873992.72700000
2023-07-04T00:00:00Z,242.50000000,488909.05500000
2023-07-05T00:00:00Z,238.90000000,520015.69400000
2023-07-06T00:00:00Z,232.20000000,673275.44100000
2023-07-07T00:00:00Z,235.60000000,431534.58600000
2023-07-08T00:00:00Z,236.30000000,259727.72100000
2023-07-09T00:00:00Z,234.10000000,235123.32900000
2023-07-10T00:00:00Z,246.20000000,1193826.52400000
2023-07-11T00:00:00Z,248.60000000,660141.38400000
2023-07-12T00:00:00Z,243.90000000,599390.71200000
2023-07-13T00:00:00Z,256.10000000,1037831.39100000
2023-07-14T00:00:00Z,248.10000000,1071118.69600000
2023-07-15T00:00:00Z,251.10000000,383772.67300000
2023-07-16T00:00:00Z,242.30000000,433016.60900000
2023-07-17T00:00:00Z,244.10000000,792745.15800000
2023-07-18T00:00:00Z,240.20000000,932504.77100000
2023-07-19T00:00:00Z,240.80000000,444676.50700000
2023-07-20T00:00:00Z,242.80000000,449387.80000000
2023-07-21T00:00:00Z,243.70000000,295187.78700000
2023-07-22T00:00:00Z,241.10000000,184432.52300000
2023-07-23T00:00:00Z,242.50000000,171931.13300000
2023-07-24T00:00:00Z,238.90000000,463451.69800000
2023-07-25T00:00:00Z,237.70000000,307201.31200000
2023-07-26T00:00:00Z,239.00000000,318667.81400000
2023-07-27T00:00:00Z,240.60000000,310179.98900000
2023-07-28T00:00:00Z,241.90000000,232739.17900000
2023-07-29T00:00:00Z,242.40000000,102406.89900000
2023-07-30T00:00:00Z,242.50000000,255246.53200000
2023-07-31T00:00:00Z,241.00000000,333099.77100000
2023-08-01T00:00:00Z,247.70000000,813075.17500000
2023-08-02T00:00:00Z,240.70000000,630364.59900000
2023-08-03T00:00:00Z,241.10000000,303966.67700000
2023-08-04T00:00:00Z,241.70000000,274715.34400000
2023-08-05T00:00:00Z,243.20000000,176422.28200000
2023-08-06T00:00:00Z,243.20000000,278149.25700000
2023-08-07T00:00:00Z,242.10000000,302098.54500000
2023-08-08T00:00:00Z,245.20000000,377607.57400000
2023-08-09T00:00:00Z,243.80000000,294212.60600000
2023-08-10T00:00:00Z,241.50000000,261873.92000000
2023-08-11T00:00:00Z,239.70000000,287357.20400000
2023-08-12T00:00:00Z,240.30000000,114025.15600000
2023-08-13T00:00:00Z,240.20000000,132878.87800000
2023-08-14T00:00:00Z,240.40000000,201261.95300000
2023-08-15T00:00:00Z,236.70000000,397828.34700000
2023-08-16T00:00:00Z,232.00000000,427014.47500000
2023-08-17T00:00:00Z,218.10000000,1023773.86100000
2023-08-18T00:00:00Z,216.10000000,674545.26700000
2023-08-19T00:00:00Z,216.80000000,323294.67300000
2023-08-20T00:00:00Z,216.50000000,190457.43300000
2023-08-21T00:00:00Z,210.40000000,782096.62200000
2023-08-22T00:00:00Z,210.90000000,875925.59100000
2023-08-23T00:00:00Z,216.60000000,646096.52100000
2023-08-24T00:00:00Z,219.00000000,368866.01100000
2023-08-25T00:00:00Z,218.40000000,380692.10500000
2023-08-26T00:00:00Z,216.50000000,146835.27100000
2023-08-27T00:00:00Z,218.40000000,186853.18400000
2023-08-28T00:00:00Z,218.80000000,310319.44200000
2023-08-29T00:00:00Z,226.90000000,666199.64900000
2023-08-30T00:00:00Z,223.80000000,305094.43800000
2023-08-31T00:00:00Z,216.70000000,452017.91300000
2023-09-01T00:00:00Z,213.70000000,461833.23800000
2023-09-02T00:00:00Z,214.40000000,207729.72600000
2023-09-03T00:00:00Z,214.40000000,168458.24200000
2023-09-04T00:00:00Z,215.20000000,305315.44500000
2023-09-05T00:00:00Z,214.60000000,242764.07900000
2023-09-06T00:00:00Z,215.20000000,300823.42400000
2023-09-07T00:00:00Z,217.10000000,247735.49600000
2023-09-08T00:00:00Z,214.70000000,235244.29600000
2023-09-09T00:00:00Z,214.10000000,94752.24600000
2023-09-10T00:00:00Z,212.40000000,281482.37900000
2023-09-11T00:00:00Z,206.10000000,580093.12300000
2023-09-12T00:00:00Z,210.70000000,523734.99900000
2023-09-13T00:00:00Z,212.50000000,301454.87500000
2023-09-14T00:00:00Z,212.20000000,354022.55300000
2023-09-15T00:00:00Z,214.10000000,312856.99700000
2023-09-16T00:00:00Z,214.90000000,288697.08500000
2023-09-17T00:00:00Z,216.50000000,333002.46800000
2023-09-18T00:00:00Z,216.00000000,600156.61000000
2023-09-19T00:00:00Z,217.20000000,347261.74800000
2023-09-20T00:00:00Z,214.40000000,368825.74600000
2023-09-21T00:00:00Z,210.80000000,412312.20900000
2023-09-22T00:00:00Z,211.10000000,237677.23500000
2023-09-23T00:00:00Z,210.50000000,117618.21000000
2023-09-24T00:00:00Z,208.30000000,185179.50200000
2023-09-25T00:00:00Z,209.90000000,272401.46500000
2023-09-26T00:00:00Z,212.60000000,280709.58900000
2023-09-27T00:00:00Z,212.00000000,409367.39700000
2023-09-28T00:00:00Z,215.00000000,394085.54300000
2023-09-29T00:00:00Z,215.20000000,371923.96100000
2023-09-30T00:00:00Z,214.60000000,179075.15600000
2023-10-01T00:00:00Z,218.20000000,415044.57800000
2023-10-02T00:00:00Z,214.60000000,565949.13600000
2023-10-03T00:00:00Z,213.50000000,294511.08300000
2023-10-04T00:00:00Z,213.40000000,328882.49000000
2023-10-05T00:00:00Z,210.60000000,259374.03900000
2023-10-06T00:00:00Z,213.40000000,258866.55300000
2023-10-07T00:00:00Z,212.30000000,125590.79200000
2023-10-08T00:00:00Z,211.40000000,225258.30500000
2023-10-09T00:00:00Z,205.80000000,572318.20500000
2023-10-10T00:00:00Z,208.60000000,577725.01400000
2023-10-11T00:00:00Z,206.60000000,397200.81700000
2023-10-12T00:00:00Z,205.10000000,355516.95800000
2023-10-13T00:00:00Z,206.10000000,331300.92000000
2023-10-14T00:00:00Z,206.50000000,142741.13200000
2023-10-15T00:00:00Z,209.70000000,365630.55400000
2023-10-16T00:00:00Z,214.60000000,773179.81000000
2023-10-17T00:00:00Z,211.40000000,372808.01600000
2023-10-18T00:00:00Z,210.20000000,260942.33800000
2023-10-19T00:00:00Z,211.20000000,274491.48900000
2023-10-20T00:00:00Z,212.10000000,344927.20600000
2023-10-21T00:00:00Z,214.20000000,263182.51200000
2023-10-22T00:00:00Z,217.80000000,291845.06900000
2023-10-23T00:00:00Z,228.50000000,841393.16500000
2023-10-24T00:00:00Z,225.20000000,1011409.17000000
2023-10-25T00:00:00Z,222.10000000,624789.77700000
2023-10-26T00:00:00Z,223.20000000,726200.66800000
2023-10-27T00:00:00Z,224.10000000,970917.48900000
2023-10-28T00:00:00Z,225.70000000,347691.43700000
2023-10-29T00:00:00Z,227.10000000,269033.79600000
2023-10-30T00:00:00Z,228.00000000,397120.27600000
2023-10-31T00:00:00Z,226.20000000,465273.26800000
2023-11-01T00:00:00Z,227.90000000,578647.20800000
2023-11-02T00:00:00Z,231.90000000,829216.68700000
2023-11-03T00:00:00Z,230.20000000,501371.78600000
2023-11-04T00:00:00Z,237.10000000,391480.94700000
2023-11-05T00:00:00Z,244.00000000,613299.47300000
2023-11-06T00:00:00Z,255.10000000,844924.32400000
2023-11-07T00:00:00Z,246.20000000,865045.80800000
2023-11-08T00:00:00Z,246.70000000,500403.19200000
2023-11-09T00:00:00Z,251.60000000,1320420.47400000
2023-11-10T00:00:00Z,251.00000000,814936.21800000
2023-11-11T00:00:00Z,251.50000000,738756.91100000
2023-11-12T00:00:00Z,247.40000000,637126.20900000
2023-11-13T00:00:00Z,241.10000000,953917.53200000
2023-11-14T00:00:00Z,242.30000000,992864.12400000
2023-11-15T00:00:00Z,253.70000000,911316.43300000
2023-11-16T00:00:00Z,242.70000000,1090149.24000000
2023-11-17T00:00:00Z,244.90000000,757117.69800000
2023-11-18T00:00:00Z,244.80000000,485737.21700000
2023-11-19T00:00:00Z,246.40000000,379101.10400000
2023-11-20T00:00:00Z,253.10000000,1523794.58000000
2023-11-21T00:00:00Z,225.50000000,4050392.77800000
2023-11-22T00:00:00Z,236.10000000,1791363.24500000
2023-11-23T00:00:00Z,233.80000000,718114.37700000
2023-11-24T00:00:00Z,232.70000000,616904.31500000
2023-11-25T00:00:00Z,234.40000000,313338.26400000
2023-11-26T00:00:00Z,231.70000000,437624.72200000
2023-11-27T00:00:00Z,227.20000000,831147.03400000
2023-11-28T00:00:00Z,229.60000000,547422.86200000
2023-11-29T00:00:00Z,227.30000000,416529.00100000
2023-11-30T00:00:00Z,227.60000000,360874.41900000
2023-12-01T00:00:00Z,228.50000000,425879.27500000
2023-12-02T00:00:00Z,229.00000000,456196.93300000
2023-12-03T00:00:00Z,228.10000000,594689.61400000
2023-12-04T00:00:00Z,233.50000000,1475825.97100000
2023-12-05T00:00:00Z,231.20000000,861796.38000000
2023-12-06T00:00:00Z,229.40000000,858794.13200000
2023-12-07T00:00:00Z,232.60000000,793571.24700000
2023-12-08T00:00:00Z,238.90000000,764638.52000000
2023-12-09T00:00:00Z,237.70000000,838098.22300000
2023-12-10T00:00:00Z,239.80000000,433591.53400000
2023-12-11T00:00:00Z,246.40000000,2010717.77200000
2023-12-12T00:00:00Z,254.60000000,1877670.62900000
2023-12-13T00:00:00Z,252.00000000,1149182.33900000
2023-12-14T00:00:00Z,253.30000000,818946.78700000
2023-12-15T00:00:00Z,244.90000000,655654.89200000
2023-12-16T00:00:00Z,244.40000000,444080.33000000
2023-12-17T00:00:00Z,238.80000000,464957.44600000
2023-12-18T00:00:00Z,241.70000000,876189.24400000
2023-12-19T00:00:00Z,252.90000000,1569167.39400000
2023-12-20T00:00:00Z,260.30000000,1116951.00200000
2023-12-21T00:00:00Z,272.10000000,1286767.65300000
2023-12-22T00:00:00Z,271.10000000,967819.92100000
2023-12-23T00:00:00Z,271.00000000,408213.41200000
2023-12-24T00:00:00Z,264.50000000,572645.13500000
2023-12-25T00:00:00Z,266.90000000,469743.42300000
2023-12-26T00:00:00Z,297.70000000,2356245.34500000
2023-12-27T00:00:00Z,324.10000000,2126454.61000000
2023-12-28T00:00:00Z,322.60000000,2249136.21900000
2023-12-29T00:00:00Z,313.70000000,1407022.74000000
2023-12-30T00:00:00Z,317.10000000,561853.41300000
2023-12-31T00:00:00Z,311.80000000,667097.55700000
2024-01-01T00:00:00Z,313.50000000,619455.15800000
2024-01-02T00:00:00Z,312.20000000,937764.73700000
2024-01-03T00:00:00Z,315.80000000,2132158.12200000
2024-01-04T00:00:00Z,323.70000000,1133774.95700000
2024-01-05T00:00:00Z,317.50000000,1157056.27600000
2024-01-06T00:00:00Z,307.50000000,909358.18300000
2024-01-07T00:00:00Z,302.40000000,498367.08900000
2024-01-08T00:00:00Z,303.70000000,984590.84200000
2024-01-09T00:00:00Z,301.10000000,1401490.15500000
2024-01-10T00:00:00Z,305.80000000,1032565.47700000
2024-01-11T00:00:00Z,308.20000000,1179601.54300000
2024-01-12T00:00:00Z,296.60000000,1003340.77400000
2024-01-13T00:00:00Z,302.20000000,436784.23900000
2024-01-14T00:00:00Z,299.50000000,393054.94700000
2024-01-15T00:00:00Z,317.50000000,1704540.89000000
2024-01-16T00:00:00Z,315.20000000,951149.44500000
2024-01-17T00:00:00Z,309.40000000,1071343.49600000
2024-01-18T00:00:00Z,313.00000000,921121.88900000
2024-01-19T00:00:00Z,314.70000000,835724.40000000
2024-01-20T00:00:00Z,317.20000000,326090.18700000
2024-01-21T00:00:00Z,318.60000000,359764.31300000
2024-01-22T00:00:00Z,305.90000000,704437.64700000
2024-01-23T00:00:00Z,298.80000000,928195.37800000
2024-01-24T00:00:00Z,293.10000000,802312.81500000
2024-01-25T00:00:00Z,292.10000000,1004156.71900000
2024-01-26T00:00:00Z,302.20000000,709942.40400000
2024-01-27T00:00:00Z,305.60000000,285357.66700000
2024-01-28T00:00:00Z,305.30000000,409403.05700000
2024-01-29T00:00:00Z,310.70000000,442799.50500000
2024-01-30T00:00:00Z,307.60000000,386375.46700000
2024-01-31T00:00:00Z,300.50000000,459007.69800000
2024-02-01T00:00:00Z,300.20000000,373269.78900000
2024-02-02T00:00:00Z,301.40000000,309501.64900000
2024-02-03T00:00:00Z,299.70000000,198730.96200000
2024-02-04T00:00:00Z,304.70000000,503405.32300000
2024-02-05T00:00:00Z,301.20000000,488672.27100000
2024-02-06T00:00:00Z,302.70000000,260762.32100000
2024-02-07T00:00:00Z,307.30000000,352421.78900000
2024-02-08T00:00:00Z,319.20000000,921496.50200000
2024-02-09T00:00:00Z,324.00000000,739178.08100000
2024-02-10T00:00:00Z,323.00000000,321477.06400000
2024-02-11T00:00:00Z,320.70000000,280308.10500000
2024-02-12T00:00:00Z,327.80000000,576734.16200000
2024-02-13T00:00:00Z,324.70000000,441545.83000000
2024-02-14T00:00:00Z,333.90000000,452466.98000000
2024-02-15T00:00:00Z,354.20000000,1361590.40300000
2024-02-16T00:00:00Z,360.40000000,1061855.98600000
2024-02-17T00:00:00Z,352.90000000,630266.52000000
2024-02-18T00:00:00Z,349.80000000,495667.63400000
2024-02-19T00:00:00Z,351.60000000,830917.53400000
2024-02-20T00:00:00Z,354.60000000,972650.55800000
2024-02-21T00:00:00Z,379.20000000,1701415.31300000
2024-02-22T00:00:00Z,382.60000000,1409647.48100000
2024-02-23T00:00:00Z,375.50000000,1027891.29500000
2024-02-24T00:00:00Z,381.70000000,444587.48100000
2024-02-25T00:00:00Z,388.50000000,643002.67100000
2024-02-26T00:00:00Z,401.60000000,1196262.20400000
2024-02-27T00:00:00Z,394.60000000,915873.07300000
2024-02-28T00:00:00Z,414.60000000,1348008.99500000
2024-02-29T00:00:00Z,399.40000000,1146024.36200000
2024-03-01T00:00:00Z,407.40000000,586580.61100000
2024-03-02T00:00:00Z,410.90000000,590018.54300000
2024-03-03T00:00:00Z,414.50000000,838274.34600000
2024-03-04T00:00:00Z,418.40000000,1045414.00100000
2024-03-05T00:00:00Z,394.10000000,2073303.79000000
2024-03-06T00:00:00Z,429.40000000,1804741.11200000
2024-03-07T00:00:00Z,474.60000000,1672134.41000000
2024-03-08T00:00:00Z,485.80000000,1660311.36100000
2024-03-09T00:00:00Z,488.30000000,852029.24100000
2024-03-10T00:00:00Z,528.90000000,1944137.08400000
2024-03-11T00:00:00Z,523.00000000,1608146.39700000
2024-03-12T00:00:00Z,537.50000000,1924767.68700000
2024-03-13T00:00:00Z,630.50000000,2526002.56400000
2024-03-14T00:00:00Z,603.20000000,2119540.30000000
2024-03-15T00:00:00Z,632.70000000,3066312.78800000
2024-03-16T00:00:00Z,576.40000000,1811838.04200000
2024-03-17T00:00:00Z,571.70000000,1712920.34100000
2024-03-18T00:00:00Z,555.40000000,2284301.81400000
2024-03-19T00:00:00Z,507.70000000,2551361.51200000
2024-03-20T00:00:00Z,556.80000000,1425296.57900000
2024-03-21T00:00:00Z,553.80000000,953921.37200000
2024-03-22T00:00:00Z,553.80000000,1181298.51000000
2024-03-23T00:00:00Z,551.90000000,608753.32900000
2024-03-24T00:00:00Z,567.70000000,442930.35000000
2024-03-25T00:00:00Z,587.00000000,802695.51200000
2024-03-26T00:00:00Z,580.40000000,569324.07900000
2024-03-27T00:00:00Z,574.30000000,531668.40200000
2024-03-28T00:00:00Z,583.40000000,503901.62400000
2024-03-29T00:00:00Z,612.50000000,1042401.16900000
2024-03-30T00:00:00Z,600.70000000,501020.14800000
2024-03-31T00:00:00Z,606.70000000,325136.96700000
2024-04-01T00:00:00Z,575.80000000,723114.09000000
2024-04-02T00:00:00Z,551.40000000,998260.81400000
2024-04-03T00:00:00Z,561.50000000,683925.23300000
2024-04-04T00:00:00Z,585.50000000,879640.68000000
2024-04-05T00:00:00Z,577.80000000,634206.61900000
2024-04-06T00:00:00Z,585.40000000,226975.99600000
2024-04-07T00:00:00Z,583.90000000,263849.21600000
2024-04-08T00:00:00Z,586.40000000,483568.31200000
2024-04-09T00:00:00Z,580.50000000,596275.79200000
2024-04-10T00:00:00Z,609.70000000,816050.70000000
2024-04-11T00:00:00Z,604.60000000,579678.19400000
2024-04-12T00:00:00Z,595.60000000,1517722.65800000
2024-04-13T00:00:00Z,553.10000000,1761628.47300000
2024-04-14T00:00:00Z,566.40000000,965488.00300000
2024-04-15T00:00:00Z,552.70000000,698443.30300000
2024-04-16T00:00:00Z,537.60000000,623668.81300000
2024-04-17T00:00:00Z,534.10000000,657909.35800000
2024-04-18T00:00:00Z,552.10000000,589697.29600000
2024-04-19T00:00:00Z,554.00000000,545504.18300000
2024-04-20T00:00:00Z,570.90000000,242132.85900000
2024-04-21T00:00:00Z,579.60000000,277755.72400000
2024-04-22T00:00:00Z,604.50000000,522892.15700000
2024-04-23T00:00:00Z,606.20000000,556883.34400000
2024-04-24T00:00:00Z,608.80000000,656953.67700000
2024-04-25T00:00:00Z,613.20000000,453745.51700000
2024-04-26T00:00:00Z,598.00000000,302119.88400000
2024-04-27T00:00:00Z,596.20000000,268783.91200000
2024-04-28T00:00:00Z,600.20000000,258059.43100000
2024-04-29T00:00:00Z,592.80000000,330474.00500000
2024-04-30T00:00:00Z,578.40000000,766513.44600000
2024-05-01T00:00:00Z,561.80000000,669027.31800000
2024-05-02T00:00:00Z,560.50000000,359794.31500000
2024-05-03T00:00:00Z,587.00000000,342906.43300000
2024-05-04T00:00:00Z,585.70000000,197129.25100000
2024-05-05T00:00:00Z,592.00000000,180458.23600000
2024-05-06T00:00:00Z,588.20000000,278669.00500000
2024-05-07T00:00:00Z,576.50000000,289488.70900000
2024-05-08T00:00:00Z,588.60000000,297016.61700000
2024-05-09T00:00:00Z,596.80000000,464857.60100000
2024-05-10T00:00:00Z,585.60000000,296215.51600000
2024-05-11T00:00:00Z,592.20000000,210698.30500000
2024-05-12T00:00:00Z,594.80000000,191190.56200000
2024-05-13T00:00:00Z,591.70000000,389810.28600000
2024-05-14T00:00:00Z,567.10000000,453308.31600000
2024-05-15T00:00:00Z,581.00000000,402812.99300000
2024-05-16T00:00:00Z,569.20000000,411937.05600000
2024-05-17T00:00:00Z,580.90000000,236919.61600000
2024-05-18T00:00:00Z,580.30000000,168074.71100000
2024-05-19T00:00:00Z,574.50000000,142157.48500000
2024-05-20T00:00:00Z,599.60000000,469252.80600000
2024-05-21T00:00:00Z,618.50000000,1023559.61300000
2024-05-22T00:00:00Z,614.80000000,404848.48700000
2024-05-23T00:00:00Z,599.30000000,607671.94700000
2024-05-24T00:00:00Z,600.30000000,251965.17600000
2024-05-25T00:00:00Z,602.40000000,121538.95800000
2024-05-26T00:00:00Z,600.20000000,122983.66000000
2024-05-27T00:00:00Z,603.90000000,229302.37700000
2024-05-28T00:00:00Z,601.70000000,284862.98500000
2024-05-29T00:00:00Z,595.70000000,212706.25400000
2024-05-30T00:00:00Z,595.10000000,225452.34400000
2024-05-31T00:00:00Z,593.70000000,168608.05400000
2024-06-01T00:00:00Z,601.90000000,156464.89400000
2024-06-02T00:00:00Z,602.90000000,198299.99600000
2024-06-03T00:00:00Z,626.40000000,654161.46700000
2024-06-04T00:00:00Z,685.70000000,736322.68030000
2024-06-05T00:00:00Z,698.80000000,673820.56520000
2024-06-06T00:00:00Z,711.20000000,544042.95920000
2024-06-07T00:00:00Z,684.00000000,594753.99000000
2024-06-08T00:00:00Z,682.70000000,216849.47300000
2024-06-09T00:00:00Z,673.00000000,173565.78000000
2024-06-10T00:00:00Z,625.10000000,692122.61600000
2024-06-11T00:00:00Z,602.50000000,640655.92000000
2024-06-12T00:00:00Z,619.40000000,454148.66100000
2024-06-13T00:00:00Z,599.80000000,313465.47200000
2024-06-14T00:00:00Z,603.30000000,279802.08500000
2024-06-15T00:00:00Z,608.20000000,122650.19700000
2024-06-16T00:00:00Z,610.80000000,104827.15400000
2024-06-17T00:00:00Z,604.30000000,235509.02800000
2024-06-18T00:00:00Z,588.60000000,459142.57300000
2024-06-19T00:00:00Z,599.30000000,260529.06200000
2024-06-20T00:00:00Z,587.70000000,289498.77200000
2024-06-21T00:00:00Z,586.10000000,191182.61400000
2024-06-22T00:00:00Z,591.10000000,100439.58400000
2024-06-23T00:00:00Z,577.50000000,141025.83400000
2024-06-24T00:00:00Z,568.10000000,356915.24800000
2024-06-25T00:00:00Z,578.20000000,177300.69900000
2024-06-26T00:00:00Z,573.00000000,154770.34400000
2024-06-27T00:00:00Z,581.70000000,199582.23100000
2024-06-28T00:00:00Z,567.40000000,210308.56500000
2024-06-29T00:00:00Z,570.00000000,99951.16900000
2024-06-30T00:00:00Z,582.20000000,169894.14800000
2024-07-01T00:00:00Z,576.90000000,188481.95100000
2024-07-02T00:00:00Z,580.10000000,144561.93400000
2024-07-03T00:00:00Z,556.70000000,288318.80800000
2024-07-04T00:00:00Z,513.60000000,511359.49400000
2024-07-05T00:00:00Z,497.70000000,992708.16400000
2024-07-06T00:00:00Z,526.00000000,226597.14100000
2024-07-07T00:00:00Z,490.70000000,279027.45900000
2024-07-08T00:00:00Z,510.60000000,580970.09600000
2024-07-09T00:00:00Z,516.90000000,203358.60100000
2024-07-10T00:00:00Z,524.70000000,205460.20800000
2024-07-11T00:00:00Z,524.80000000,262788.57700000
2024-07-12T00:00:00Z,533.80000000,207870.77800000
2024-07-13T00:00:00Z,532.40000000,161128.43100000
2024-07-14T00:00:00Z,544.80000000,148566.27300000
2024-07-15T00:00:00Z,585.30000000,335372.77200000
2024-07-16T00:00:00Z,576.20000000,347825.03000000
2024-07-17T00:00:00Z,568.90000000,198271.20500000
2024-07-18T00:00:00Z,571.90000000,153121.78400000
2024-07-19T00:00:00Z,593.40000000,331877.52900000
2024-07-20T00:00:00Z,593.10000000,144679.40400000
2024-07-21T00:00:00Z,602.50000000,243931.76300000
2024-07-22T00:00:00Z,587.20000000,212452.69000000
2024-07-23T00:00:00Z,581.90000000,214355.31100000
2024-07-24T00:00:00Z,574.90000000,160535.20800000
2024-07-25T00:00:00Z,570.60000000,286997.52200000
2024-07-26T00:00:00Z,580.90000000,155492.92000000
2024-07-27T00:00:00Z,581.60000000,184468.85500000
2024-07-28T00:00:00Z,583.90000000,92606.64200000
2024-07-29T00:00:00Z,574.30000000,213824.08900000
2024-07-30T00:00:00Z,588.20000000,165024.41300000
2024-07-31T00:00:00Z,576.50000000,194701.72300000
2024-08-01T00:00:00Z,575.10000000,280418.86500000
2024-08-02T00:00:00Z,542.90000000,283605.00100000
2024-08-03T00:00:00Z,529.60000000,245777.52500000
2024-08-04T00:00:00Z,496.90000000,390238.28500000
2024-08-05T00:00:00Z,464.20000000,2114679.75000000
2024-08-06T00:00:00Z,484.80000000,458815.00700000
2024-08-07T00:00:00Z,475.00000000,322182.48700000
2024-08-08T00:00:00Z,517.10000000,286744.60800000
2024-08-09T00:00:00Z,508.70000000,195125.10600000
2024-08-10T00:00:00Z,523.10000000,126212.23800000
2024-08-11T00:00:00Z,503.40000000,206038.71400000
2024-08-12T00:00:00Z,518.20000000,285951.34700000
2024-08-13T00:00:00Z,524.20000000,255029.49700000
2024-08-14T00:00:00Z,523.40000000,220850.01100000
2024-08-15T00:00:00Z,519.20000000,229628.30600000
2024-08-16T00:00:00Z,519.70000000,174036.14100000
2024-08-17T00:00:00Z,541.60000000,196365.58600000
2024-08-18T00:00:00Z,531.20000000,148890.01800000
2024-08-19T00:00:00Z,558.40000000,233275.35200000
2024-08-20T00:00:00Z,569.40000000,422053.69300000
2024-08-21T00:00:00Z,570.10000000,345601.77000000
2024-08-22T00:00:00Z,582.90000000,365020.28400000
2024-08-23T00:00:00Z,591.70000000,387772.66300000
2024-08-24T00:00:00Z,580.50000000,325168.89700000
2024-08-25T00:00:00Z,573.90000000,195984.55900000
2024-08-26T00:00:00Z,548.20000000,280985.57600000
2024-08-27T00:00:00Z,533.30000000,298073.97400000
2024-08-28T00:00:00Z,537.00000000,269794.77700000
2024-08-29T00:00:00Z,536.40000000,166187.11300000
2024-08-30T00:00:00Z,535.20000000,197825.89500000
2024-08-31T00:00:00Z,532.90000000,95954.07200000
2024-09-01T00:00:00Z,512.40000000,203698.86700000
2024-09-02T00:00:00Z,526.30000000,262984.42600000
2024-09-03T00:00:00Z,518.70000000,224481.65000000
2024-09-04T00:00:00Z,507.60000000,435892.30600000
2024-09-05T00:00:00Z,502.40000000,177237.32000000
2024-09-06T00:00:00Z,487.20000000,357704.72700000
2024-09-07T00:00:00Z,493.50000000,140367.31200000
2024-09-08T00:00:00Z,503.10000000,135677.17300000
2024-09-09T00:00:00Z,518.70000000,207528.54000000
2024-09-10T00:00:00Z,517.00000000,161417.81200000
2024-09-11T00:00:00Z,530.10000000,204079.60200000
2024-09-12T00:00:00Z,544.50000000,273877.80000000
2024-09-13T00:00:00Z,556.40000000,276743.27300000
2024-09-14T00:00:00Z,553.30000000,138432.96400000
2024-09-15T00:00:00Z,553.40000000,205254.79000000
2024-09-16T00:00:00Z,533.70000000,267953.69000000
2024-09-17T00:00:00Z,546.20000000,195288.36000000
2024-09-18T00:00:00Z,559.50000000,201182.98500000
2024-09-19T00:00:00Z,567.00000000,308427.74200000
2024-09-20T00:00:00Z,569.00000000,257077.70900000
2024-09-21T00:00:00Z,588.60000000,208752.23000000
2024-09-22T00:00:00Z,588.70000000,202978.79100000
2024-09-23T00:00:00Z,604.50000000,376010.20700000
2024-09-24T00:00:00Z,605.90000000,261622.13100000
2024-09-25T00:00:00Z,587.40000000,220793.94800000
2024-09-26T00:00:00Z,596.30000000,334337.47400000
2024-09-27T00:00:00Z,606.80000000,356901.64000000
2024-09-28T00:00:00Z,601.10000000,262593.38100000
2024-09-29T00:00:00Z,595.60000000,160103.08400000
2024-09-30T00:00:00Z,567.40000000,324086.73700000
2024-10-01T00:00:00Z,547.30000000,476372.94500000
2024-10-02T00:00:00Z,542.50000000,282193.66300000
2024-10-03T00:00:00Z,544.80000000,220702.34200000
2024-10-04T00:00:00Z,555.30000000,186169.62800000
2024-10-05T00:00:00Z,563.00000000,124906.38200000
2024-10-06T00:00:00Z,570.30000000,106787.34000000
2024-10-07T00:00:00Z,564.30000000,213046.67600000
2024-10-08T00:00:00Z,580.80000000,286276.17700000
2024-10-09T00:00:00Z,570.70000000,324396.05400000
2024-10-10T00:00:00Z,563.90000000,178198.30900000
2024-10-11T00:00:00Z,573.60000000,185095.35800000
2024-10-12T00:00:00Z,576.60000000,135773.95900000
2024-10-13T00:00:00Z,572.20000000,118779.97600000
2024-10-14T00:00:00Z,589.10000000,252803.17600000
2024-10-15T00:00:00Z,594.50000000,324305.89700000
2024-10-16T00:00:00Z,600.90000000,259951.12900000
2024-10-17T00:00:00Z,592.90000000,194199.41600000
2024-10-18T00:00:00Z,599.20000000,136743.66900000
2024-10-19T00:00:00Z,597.70000000,78940.23900000
2024-10-20T00:00:00Z,605.90000000,123572.05700000
2024-10-21T00:00:00Z,598.80000000,275880.77800000
2024-10-22T00:00:00Z,593.80000000,203756.93400000
2024-10-23T00:00:00Z,584.90000000,225698.46500000
2024-10-24T00:00:00Z,594.50000000,145781.53700000
2024-10-25T00:00:00Z,575.30000000,254214.69300000
2024-10-26T00:00:00Z,583.40000000,119987.43700000
2024-10-27T00:00:00Z,589.20000000,94455.09900000
2024-10-28T00:00:00Z,601.10000000,189815.88200000
2024-10-29T00:00:00Z,606.30000000,301555.35700000
2024-10-30T00:00:00Z,595.60000000,186706.28100000
2024-10-31T00:00:00Z,576.60000000,279156.17500000
2024-11-01T00:00:00Z,573.10000000,242255.18400000
2024-11-02T00:00:00Z,568.60000000,143716.60300000
2024-11-03T00:00:00Z,557.70000000,217508.46800000
2024-11-04T00:00:00Z,552.50000000,264951.83300000
2024-11-05T00:00:00Z,563.21000000,211437.75300000
2024-11-06T00:00:00Z,592.22000000,535934.92700000
2024-11-07T00:00:00Z,598.26000000,377600.50600000
2024-11-08T00:00:00Z,597.82000000,318752.71800000
2024-11-09T00:00:00Z,624.66000000,772172.65500000
2024-11-10T00:00:00Z,627.33000000,812783.74700000
2024-11-11T00:00:00Z,659.63000000,1006384.73800000
2024-11-12T00:00:00Z,625.33000000,1166459.01300000
2024-11-13T00:00:00Z,620.68000000,1034672.11400000
2024-11-14T00:00:00Z,622.30000000,1060649.70000000
2024-11-15T00:00:00Z,619.37000000,654908.22100000
2024-11-16T00:00:00Z,622.69000000,447887.92300000
2024-11-17T00:00:00Z,618.90000000,595820.37600000
2024-11-18T00:00:00Z,618.93000000,483382.13600000
2024-11-19T00:00:00Z,615.50000000,420441.21000000
2024-11-20T00:00:00Z,605.39000000,411142.62800000
2024-11-21T00:00:00Z,621.86000000,647295.15800000
2024-11-22T00:00:00Z,633.00000000,582665.92300000
2024-11-23T00:00:00Z,650.42000000,1071184.97200000
2024-11-24T00:00:00Z,659.65000000,914571.36800000
2024-11-25T00:00:00Z,636.20000000,783511.29000000
2024-11-26T00:00:00Z,613.51000000,814621.93800000
2024-11-27T00:00:00Z,644.14000000,629623.88500000
2024-11-28T00:00:00Z,653.83000000,684789.62800000
2024-11-29T00:00:00Z,654.67000000,429893.73000000
2024-11-30T00:00:00Z,653.43000000,545812.56900000
2024-12-01T00:00:00Z,655.99000000,434417.25300000
2024-12-02T00:00:00Z,647.82000000,771630.19200000
2024-12-03T00:00:00Z,734.64000000,1575647.79800000
2024-12-04T00:00:00Z,739.53000000,2092976.42800000
2024-12-05T00:00:00Z,717.10000000,1159099.38800000
2024-12-06T00:00:00Z,730.22000000,747138.47500000
2024-12-07T00:00:00Z,749.72000000,445276.17300000
2024-12-08T00:00:00Z,742.00000000,343120.56400000
2024-12-09T00:00:00Z,689.19000000,1068109.72400000
2024-12-10T00:00:00Z,676.80000000,984801.75000000
2024-12-11T00:00:00Z,711.21000000,526819.30200000
2024-12-12T00:00:00Z,705.77000000,576876.96500000
2024-12-13T00:00:00Z,725.72000000,548598.29400000
2024-12-14T00:00:00Z,715.79000000,341929.14500000
2024-12-15T00:00:00Z,718.87000000,282457.79500000
2024-12-16T00:00:00Z,720.58000000,483844.55300000
2024-12-17T00:00:00Z,717.69000000,502868.87200000
2024-12-18T00:00:00Z,686.38000000,726576.02200000
2024-12-19T00:00:00Z,665.62000000,840266.48000000
2024-12-20T00:00:00Z,678.60000000,982349.40600000
2024-12-21T00:00:00Z,663.49000000,529437.78900000
2024-12-22T00:00:00Z,649.77000000,333704.37600000
2024-12-23T00:00:00Z,694.16000000,606364.09100000
2024-12-24T00:00:00Z,696.90000000,386936.21700000
2024-12-25T00:00:00Z,702.72000000,232510.25000000
2024-12-26T00:00:00Z,689.40000000,381100.00200000
2024-12-27T00:00:00Z,691.85000000,347156.04300000
2024-12-28T00:00:00Z,722.13000000,344251.86100000
2024-12-29T00:00:00Z,694.71000000,241528.14400000
2024-12-30T00:00:00Z,705.36000000,297267.10300000
2024-12-31T00:00:00Z,702.30000000,235464.83200000
2025-01-01T00:00:00Z,707.84000000,135703.33900000
2025-01-02T00:00:00Z,706.25000000,292533.81100000
2025-01-03T00:00:00Z,714.88000000,291701.67500000
2025-01-04T00:00:00Z,713.41000000,167274.26200000
2025-01-05T00:00:00Z,709.29000000,115144.34500000
2025-01-06T00:00:00Z,729.42000000,357347.85900000
2025-01-07T00:00:00Z,698.01000000,436096.68200000
2025-01-08T00:00:00Z,696.03000000,427277.95700000
2025-01-09T00:00:00Z,685.48000000,331906.57800000
2025-01-10T00:00:00Z,693.21000000,234590.48700000
2025-01-11T00:00:00Z,696.70000000,87734.79000000
2025-01-12T00:00:00Z,693.34000000,78211.29500000
2025-01-13T00:00:00Z,688.64000000,386629.94300000
2025-01-14T00:00:00Z,698.89000000,159723.60900000
2025-01-15T00:00:00Z,714.59000000,282718.75200000
2025-01-16T00:00:00Z,708.10000000,268104.72600000
2025-01-17T00:00:00Z,721.76000000,289751.27800000
2025-01-18T00:00:00Z,709.52000000,370480.45600000
2025-01-19T00:00:00Z,683.19000000,712985.29800000
2025-01-20T00:00:00Z,682.51000000,668236.48700000
2025-01-21T00:00:00Z,692.21000000,294203.47100000
2025-01-22T00:00:00Z,695.52000000,218410.23300000
2025-01-23T00:00:00Z,689.74000000,331191.45600000
2025-01-24T00:00:00Z,680.45000000,280584.30500000
2025-01-25T00:00:00Z,686.40000000,140203.27600000
2025-01-26T00:00:00Z,667.37000000,195887.16800000
2025-01-27T00:00:00Z,679.74000000,486667.79500000
2025-01-28T00:00:00Z,661.29000000,202591.47400000
2025-01-29T00:00:00Z,667.97000000,255536.13800000
2025-01-30T00:00:00Z,677.53000000,145419.42100000
2025-01-31T00:00:00Z,677.47000000,190707.86100000
2025-02-01T00:00:00Z,652.94000000,177371.37200000
2025-02-02T00:00:00Z,617.80000000,506728.60300000
2025-02-03T00:00:00Z,617.21000000,1340856.88500000
2025-02-04T00:00:00Z,572.69000000,549571.47300000
2025-02-05T00:00:00Z,569.55000000,227055.22500000
2025-02-06T00:00:00Z,571.72000000,334342.95300000
2025-02-07T00:00:00Z,577.71000000,222673.88000000
2025-02-08T00:00:00Z,612.39000000,490805.54600000
2025-02-09T00:00:00Z,615.81000000,774091.07100000
2025-02-10T00:00:00Z,618.65000000,360129.03800000
2025-02-11T00:00:00Z,642.11000000,488539.29100000
2025-02-12T00:00:00Z,696.93000000,822216.62300000
2025-02-13T00:00:00Z,664.72000000,1766921.69500000
2025-02-14T00:00:00Z,659.71000000,650460.87500000
2025-02-15T00:00:00Z,662.21000000,255950.89700000
2025-02-16T00:00:00Z,673.10000000,362205.96300000
2025-02-17T00:00:00Z,667.51000000,323350.27600000
2025-02-18T00:00:00Z,648.18000000,366356.98800000
2025-02-19T00:00:00Z,653.38000000,352798.24300000
2025-02-20T00:00:00Z,656.36000000,215894.36800000
2025-02-21T00:00:00Z,647.47000000,317327.15500000
2025-02-22T00:00:00Z,668.57000000,297923.18400000
2025-02-23T00:00:00Z,658.42000000,166658.01300000
2025-02-24T00:00:00Z,614.20000000,360147.15300000
2025-02-25T00:00:00Z,623.49000000,647434.61200000
2025-02-26T00:00:00Z,611.57000000,428035.43100000
2025-02-27T00:00:00Z,605.41000000,295518.11600000
2025-02-28T00:00:00Z,588.07000000,600999.31900000
2025-03-01T00:00:00Z,607.93000000,292254.35600000
2025-03-02T00:00:00Z,623.94000000,469069.23000000
2025-03-03T00:00:00Z,576.10000000,497949.87900000
2025-03-04T00:00:00Z,584.01000000,488869.85100000
2025-03-05T00:00:00Z,598.24000000,206205.98800000
2025-03-06T00:00:00Z,596.50000000,223701.39000000
2025-03-07T00:00:00Z,594.77000000,289363.93300000
2025-03-08T00:00:00Z,593.10000000,117220.63100000
2025-03-09T00:00:00Z,554.65000000,246382.90400000
2025-03-10T00:00:00Z,531.49000000,410154.62000000
2025-03-11T00:00:00Z,551.61000000,691870.52100000
2025-03-12T00:00:00Z,569.87000000,367224.21100000
2025-03-13T00:00:00Z,579.80000000,647497.02800000
2025-03-14T00:00:00Z,587.76000000,213012.08200000
2025-03-15T00:00:00Z,619.83000000,254324.00900000
2025-03-16T00:00:00Z,602.20000000,255774.31600000
2025-03-17T00:00:00Z,631.69000000,591668.18400000
2025-03-18T00:00:00Z,627.81000000,443437.83300000
2025-03-19T00:00:00Z,618.70000000,399993.64500000
2025-03-20T00:00:00Z,630.47000000,578472.12500000
2025-03-21T00:00:00Z,635.17000000,262205.56900000
2025-03-22T00:00:00Z,627.01000000,140206.08300000
2025-03-23T00:00:00Z,623.79000000,155602.57800000
2025-03-24T00:00:00Z,637.08000000,307575.99100000
2025-03-25T00:00:00Z,629.82000000,554571.55700000
2025-03-26T00:00:00Z,617.99000000,222093.83500000
2025-03-27T00:00:00Z,637.36000000,743401.84700000
2025-03-28T00:00:00Z,619.81000000,317817.16000000
2025-03-29T00:00:00Z,602.99000000,254422.26100000
2025-03-30T00:00:00Z,602.20000000,195649.40500000
2025-03-31T00:00:00Z,604.81000000,254764.26900000
2025-04-01T00:00:00Z,611.13000000,565603.06900000
2025-04-02T00:00:00Z,590.68000000,399507.95700000
2025-04-03T00:00:00Z,592.67000000,507928.51400000
2025-04-04T00:00:00Z,597.71000000,177145.40500000
2025-04-05T00:00:00Z,593.13000000,85938.07900000
2025-04-06T00:00:00Z,555.54000000,332256.26500000
2025-04-07T00:00:00Z,554.60000000,727293.86000000
2025-04-08T00:00:00Z,553.72000000,212191.86000000
2025-04-09T00:00:00Z,582.32000000,378370.12700000
2025-04-10T00:00:00Z,578.03000000,369219.86300000
2025-04-11T00:00:00Z,585.93000000,174700.72000000
2025-04-12T00:00:00Z,597.29000000,151268.70800000
2025-04-13T00:00:00Z,584.28000000,144896.28500000
2025-04-14T00:00:00Z,584.54000000,153827.79500000
2025-04-15T00:00:00Z,579.52000000,141640.57900000
2025-04-16T00:00:00Z,582.80000000,174537.94800000
2025-04-17T00:00:00Z,590.49000000,151848.25900000
2025-04-18T00:00:00Z,591.71000000,191575.74800000
2025-04-19T00:00:00Z,591.73000000,96609.00300000
2025-04-20T00:00:00Z,592.77000000,115343.59800000
2025-04-21T00:00:00Z,597.34000000,171926.42200000
2025-04-22T00:00:00Z,618.51000000,285468.16400000
2025-04-23T00:00:00Z,605.71000000,314125.44800000
2025-04-24T00:00:00Z,601.55000000,204214.28000000
2025-04-25T00:00:00Z,599.91000000,257426.55400000
2025-04-26T00:00:00Z,607.23000000,137533.14200000
2025-04-27T00:00:00Z,603.46000000,121784.47600000
2025-04-28T00:00:00Z,606.16000000,143778.00800000
2025-04-29T00:00:00Z,601.00000000,236809.99700000
2025-04-30T00:00:00Z,599.88000000,210580.66400000
2025-05-01T00:00:00Z,599.63000000,156229.22900000
2025-05-02T00:00:00Z,600.69000000,141344.86500000
2025-05-03T00:00:00Z,599.36000000,100770.29400000
2025-05-04T00:00:00Z,586.03000000,143960.83500000
2025-05-05T00:00:00Z,597.61000000,201100.58900000
2025-05-06T00:00:00Z,602.57000000,214613.10700000
2025-05-07T00:00:00Z,602.70000000,194088.59100000
2025-05-08T00:00:00Z,629.17000000,384267.52500000
2025-05-09T00:00:00Z,666.29000000,480734.86900000
2025-05-10T00:00:00Z,663.90000000,444595.43000000
2025-05-11T00:00:00Z,651.15000000,319998.95900000
2025-05-12T00:00:00Z,660.07000000,586386.94500000
2025-05-13T00:00:00Z,664.13000000,416309.75000000
2025-05-14T00:00:00Z,652.47000000,290029.99400000
2025-05-15T00:00:00Z,651.88000000,313560.81300000
2025-05-16T00:00:00Z,646.76000000,200793.60700000
2025-05-17T00:00:00Z,639.51000000,141777.71100000
2025-05-18T00:00:00Z,651.53000000,189475.29600000
2025-05-19T00:00:00Z,649.62000000,210901.52000000
2025-05-20T00:00:00Z,650.00000000,169584.29100000
2025-05-21T00:00:00Z,673.31000000,470531.89500000
2025-05-22T00:00:00Z,686.57000000,390007.99600000
2025-05-23T00:00:00Z,656.98000000,343668.70700000
2025-05-24T00:00:00Z,668.01000000,165142.03900000
2025-05-25T00:00:00Z,669.44000000,169208.32200000
2025-05-26T00:00:00Z,674.29000000,180148.25200000
2025-05-27T00:00:00Z,686.91000000,326163.49100000
2025-05-28T00:00:00Z,686.89000000,211875.74300000
2025-05-29T00:00:00Z,675.02000000,260985.13600000
2025-05-30T00:00:00Z,655.36000000,218723.50900000
2025-05-31T00:00:00Z,658.01000000,158379.39000000
2025-06-01T00:00:00Z,660.77000000,131807.44800000
2025-06-02T00:00:00Z,665.93000000,143785.60500000
2025-06-03T00:00:00Z,661.59000000,158377.45900000
2025-06-04T00:00:00Z,663.23000000,124473.80200000
2025-06-05T00:00:00Z,633.32000000,271543.14900000
2025-06-06T00:00:00Z,642.70000000,169535.95700000
2025-06-07T00:00:00Z,650.82000000,90666.37000000
2025-06-08T00:00:00Z,652.00000000,72300.31400000
2025-06-09T00:00:00Z,665.58000000,127272.15800000
2025-06-10T00:00:00Z,673.51000000,176645.05600000
2025-06-11T00:00:00Z,667.43000000,177934.08500000
2025-06-12T00:00:00Z,654.75000000,152793.97500000
2025-06-13T00:00:00Z,655.35000000,223303.91700000
2025-06-14T00:00:00Z,645.61000000,93690.14300000
2025-06-15T00:00:00Z,648.19000000,79324.64600000
2025-06-16T00:00:00Z,650.74000000,124203.78700000
2025-06-17T00:00:00Z,648.08000000,182982.26300000
2025-06-18T00:00:00Z,644.77000000,143725.67400000
2025-06-19T00:00:00Z,644.65000000,80404.98500000
2025-06-20T00:00:00Z,641.61000000,143279.62200000
2025-06-21T00:00:00Z,628.97000000,143508.11600000
2025-06-22T00:00:00Z,615.81000000,243515.03300000
2025-06-23T00:00:00Z,640.49000000,219674.32900000
2025-06-24T00:00:00Z,643.53000000,131607.23100000
2025-06-25T00:00:00Z,646.07000000,169433.15400000
2025-06-26T00:00:00Z,642.30000000,103057.28600000
2025-06-27T00:00:00Z,645.71000000,81302.95500000
2025-06-28T00:00:00Z,648.60000000,57714.96500000
2025-06-29T00:00:00Z,654.90000000,73235.79600000
2025-06-30T00:00:00Z,656.90000000,110702.19600000
2025-07-01T00:00:00Z,646.33000000,85803.05500000
2025-07-02T00:00:00Z,659.71000000,112807.95500000
2025-07-03T00:00:00Z,663.59000000,99001.43600000
2025-07-04T00:00:00Z,653.60000000,89027.41200000
2025-07-05T00:00:00Z,656.16000000,51648.28900000
2025-07-06T00:00:00Z,663.13000000,82399.11900000
2025-07-07T00:00:00Z,661.06000000,83232.98400000
2025-07-08T00:00:00Z,660.63000000,86374.04200000
2025-07-09T00:00:00Z,668.68000000,123551.59500000
2025-07-10T00:00:00Z,685.80000000,214967.53600000
2025-07-11T00:00:00Z,689.99000000,268353.90400000
2025-07-12T00:00:00Z,685.86000000,134785.18500000
2025-07-13T00:00:00Z,692.00000000,84925.72300000
2025-07-14T00:00:00Z,689.12000000,253634.99600000
2025-07-15T00:00:00Z,689.92000000,188962.49100000
2025-07-16T00:00:00Z,708.61000000,238334.93800000
2025-07-17T00:00:00Z,720.65000000,409572.67500000
2025-07-18T00:00:00Z,729.92000000,556430.08500000
2025-07-19T00:00:00Z,733.20000000,188095.81000000
2025-07-20T00:00:00Z,756.82000000,253255.20300000
2025-07-21T00:00:00Z,766.22000000,338419.95200000
2025-07-22T00:00:00Z,786.68000000,359074.05600000
2025-07-23T00:00:00Z,776.74000000,709087.15660000
2025-07-24T00:00:00Z,770.74000000,363436.73700000
2025-07-25T00:00:00Z,785.45000000,284068.12100000
2025-07-26T00:00:00Z,793.29000000,128764.39100000
2025-07-27T00:00:00Z,844.00000000,397296.25550000
2025-07-28T00:00:00Z,824.07000000,517734.69120000
2025-07-29T00:00:00Z,805.10000000,427366.13200000
2025-07-30T00:00:00Z,793.51000000,369598.73600000
2025-07-31T00:00:00Z,783.14000000,335026.14500000
2025-08-01T00:00:00Z,757.08000000,393831.55800000
2025-08-02T00:00:00Z,736.42000000,209282.99200000
2025-08-03T00:00:00Z,751.21000000,142700.96500000
2025-08-04T00:00:00Z,768.63000000,171505.40600000
2025-08-05T00:00:00Z,755.13000000,179458.96000000
2025-08-06T00:00:00Z,769.55000000,163684.71000000
2025-08-07T00:00:00Z,788.67000000,188106.80200000
2025-08-08T00:00:00Z,793.50000000,195309.71800000
2025-08-09T00:00:00Z,798.83000000,202384.75300000
2025-08-10T00:00:00Z,807.22000000,162735.30300000
2025-08-11T00:00:00Z,805.09000000,316220.57200000
2025-08-12T00:00:00Z,832.47000000,268762.25900000
2025-08-13T00:00:00Z,848.01000000,395861.31300000
2025-08-14T00:00:00Z,840.42000000,592656.97930000
2025-08-15T00:00:00Z,827.81000000,252091.10800000
2025-08-16T00:00:00Z,838.71000000,114512.10000000
2025-08-17T00:00:00Z,855.38000000,164953.85600000
2025-08-18T00:00:00Z,846.99000000,233741.60300000
2025-08-19T00:00:00Z,824.11000000,211802.02600000
2025-08-20T00:00:00Z,869.05000000,392159.86150000
2025-08-21T00:00:00Z,839.49000000,277889.67600000
2025-08-22T00:00:00Z,900.21000000,430842.53170000
2025-08-23T00:00:00Z,880.42000000,209279.87200000
2025-08-24T00:00:00Z,876.51000000,289492.31700000
2025-08-25T00:00:00Z,839.32000000,320570.15500000
2025-08-26T00:00:00Z,863.70000000,194882.08900000
2025-08-27T00:00:00Z,855.18000000,135243.45700000
2025-08-28T00:00:00Z,873.47000000,232414.92200000
2025-08-29T00:00:00Z,862.30000000,180524.21900000
2025-08-30T00:00:00Z,862.00000000,101039.98100000
2025-08-31T00:00:00Z,857.65000000,94241.19300000
2025-09-01T00:00:00Z,845.68000000,254185.71500000
2025-09-02T00:00:00Z,851.80000000,164333.16900000
2025-09-03T00:00:00Z,854.76000000,116453.02200000
2025-09-04T00:00:00Z,843.63000000,108195.90200000
2025-09-05T00:00:00Z,850.14000000,120856.95100000
2025-09-06T00:00:00Z,860.85000000,144234.05400000
2025-09-07T00:00:00Z,880.05000000,136538.05800000
2025-09-08T00:00:00Z,878.08000000,177574.78100000
2025-09-09T00:00:00Z,880.01000000,150610.03000000
2025-09-10T00:00:00Z,893.77000000,306830.17800000
2025-09-11T00:00:00Z,902.77000000,179913.18200000
2025-09-12T00:00:00Z,924.80000000,240267.93720000
2025-09-13T00:00:00Z,933.68000000,251751.23240000
2025-09-14T00:00:00Z,926.51000000,159814.97500000
2025-09-15T00:00:00Z,919.68000000,175249.08700000
2025-09-16T00:00:00Z,955.65000000,284918.83850000
2025-09-17T00:00:00Z,989.98000000,362193.19580000
2025-09-18T00:00:00Z,981.04000000,402672.56170000
2025-09-19T00:00:00Z,984.10000000,333582.76100000
2025-09-20T00:00:00Z,1043.77000000,380966.07660000
2025-09-21T00:00:00Z,1047.80000000,464411.28230000
2025-09-22T00:00:00Z,992.90000000,588730.39600000
2025-09-23T00:00:00Z,1015.98000000,420071.07000000
2025-09-24T00:00:00Z,1018.49000000,363049.88200000
2025-09-25T00:00:00Z,945.90000000,635121.25400000
2025-09-26T00:00:00Z,960.80000000,384757.51400000
2025-09-27T00:00:00Z,968.45000000,245246.41500000
2025-09-28T00:00:00Z,993.01000000,188486.48000000
2025-09-29T00:00:00Z,1029.79000000,291982.50000000
2025-09-30T00:00:00Z,1008.51000000,258830.97100000
2025-10-01T00:00:00Z,1026.50000000,269007.81100000
2025-10-02T00:00:00Z,1090.22000000,380679.44500000
2025-10-03T00:00:00Z,1189.40000000,744996.72060000
2025-10-04T00:00:00Z,1150.75000000,337438.50900000
2025-10-05T00:00:00Z,1167.38000000,306730.17800000
2025-10-06T00:00:00Z,1223.19000000,587477.56010000
2025-10-07T00:00:00Z,1304.43000000,1351678.48870000
2025-10-08T00:00:00Z,1307.40000000,826555.12300000
2025-10-09T00:00:00Z,1255.35000000,925627.60400000
2025-10-10T00:00:00Z,1102.47000000,1505025.67300000
2025-10-11T00:00:00Z,1135.07000000,1050905.24500000
2025-10-12T00:00:00Z,1302.65000000,1205248.01600000
2025-10-13T00:00:00Z,1294.55000000,1483076.97190000
2025-10-14T00:00:00Z,1208.52000000,1398659.78200000
2025-10-15T00:00:00Z,1162.57000000,707327.74700000
2025-10-16T00:00:00Z,1144.83000000,716826.49700000
2025-10-17T00:00:00Z,1071.15000000,1066221.77100000
2025-10-18T00:00:00Z,1092.43000000,419996.51700000
2025-10-19T00:00:00Z,1109.88000000,409987.57200000
2025-10-20T00:00:00Z,1100.19000000,481311.05500000
2025-10-21T00:00:00Z,1057.16000000,541524.50100000
2025-10-22T00:00:00Z,1071.82000000,397249.06200000
2025-10-23T00:00:00Z,1126.72000000,774946.71800000
2025-10-24T00:00:00Z,1109.01000000,342712.64200000
2025-10-25T00:00:00Z,1116.53000000,162716.58300000
2025-10-26T00:00:00Z,1138.19000000,240939.54500000
2025-10-27T00:00:00Z,1138.88000000,494467.69500000
2025-10-28T00:00:00Z,1103.45000000,351579.17000000
2025-10-29T00:00:00Z,1107.70000000,459713.49600000
2025-10-30T00:00:00Z,1079.05000000,508291.65700000
2025-10-31T00:00:00Z,1088.90000000,537669.64600000
2025-11-01T00:00:00Z,1094.53000000,163493.54800000
2025-11-02T00:00:00Z,1083.25000000,132402.54800000
2025-11-03T00:00:00Z,993.54000000,685198.88500000
2025-11-04T00:00:00Z,936.77000000,985275.51800000
2025-11-05T00:00:00Z,959.33000000,526144.02700000
2025-11-06T00:00:00Z,950.40000000,312622.42500000
2025-11-07T00:00:00Z,991.15000000,452713.50400000
2025-11-08T00:00:00Z,991.03000000,301705.68900000
2025-11-09T00:00:00Z,996.63000000,256660.74800000
2025-11-10T00:00:00Z,991.98000000,281128.79600000
2025-11-11T00:00:00Z,958.08000000,283951.86900000
2025-11-12T00:00:00Z,952.86000000,216987.11600000
2025-11-13T00:00:00Z,927.15000000,334345.07800000
2025-11-14T00:00:00Z,915.25000000,438193.00800000
2025-11-15T00:00:00Z,932.28000000,161984.70500000
2025-11-16T00:00:00Z,926.56000000,252157.87700000
2025-11-17T00:00:00Z,907.36000000,332891.85600000
2025-11-18T00:00:00Z,932.79000000,357275.45800000
2025-11-19T00:00:00Z,897.77000000,296358.27400000
2025-11-20T00:00:00Z,866.51000000,301802.98100000
2025-11-21T00:00:00Z,830.46000000,654486.04900000
2025-11-22T00:00:00Z,833.78000000,167225.62000000
2025-11-23T00:00:00Z,843.60000000,167524.17700000
2025-11-24T00:00:00Z,864.92000000,248464.80200000
2025-11-25T00:00:00Z,862.57000000,158750.85900000
2025-11-26T00:00:00Z,891.78000000,159649.39200000
2025-11-27T00:00:00Z,895.74000000,141249.08400000
2025-11-28T00:00:00Z,887.19000000,174843.67700000
2025-11-29T00:00:00Z,872.90000000,80059.93200000
2025-11-30T00:00:00Z,875.31000000,106230.58700000
2025-12-01T00:00:00Z,826.61000000,342746.38500000
2025-12-02T00:00:00Z,876.61000000,233149.68000000
2025-12-03T00:00:00Z,920.76000000,227309.92900000
2025-12-04T00:00:00Z,899.92000000,165779.56300000
2025-12-05T00:00:00Z,883.57000000,137493.99900000
2025-12-06T00:00:00Z,890.38000000,81289.98100000
2025-12-07T00:00:00Z,894.37000000,131888.81400000
2025-12-08T00:00:00Z,897.12000000,121354.06000000
2025-12-09T00:00:00Z,897.30000000,209645.57300000
2025-12-10T00:00:00Z,893.43000000,186333.02100000
2025-12-11T00:00:00Z,885.91000000,182476.86400000
2025-12-12T00:00:00Z,881.58000000,110640.46600000
2025-12-13T00:00:00Z,896.82000000,92401.05400000
2025-12-14T00:00:00Z,877.27000000,110914.02800000
2025-12-15T00:00:00Z,858.60000000,210867.87100000
2025-12-16T00:00:00Z,875.63000000,240835.33600000
2025-12-17T00:00:00Z,843.07000000,378073.20900000
2025-12-18T00:00:00Z,830.07000000,432024.87800000
2025-12-19T00:00:00Z,856.17000000,1227346.95700000
2025-12-20T00:00:00Z,854.17000000,57015.13200000
2025-12-21T00:00:00Z,858.64000000,69986.81700000
2025-12-22T00:00:00Z,858.66000000,147275.98800000
2025-12-23T00:00:00Z,844.30000000,103894.87400000
2025-12-24T00:00:00Z,846.58000000,84917.78100000
2025-12-25T00:00:00Z,829.64000000,72777.08700000
2025-12-26T00:00:00Z,834.72000000,120232.78600000
2025-12-27T00:00:00Z,845.04000000,89882.36600000
2025-12-28T00:00:00Z,859.32000000,91601.98600000
2025-12-29T00:00:00Z,852.46000000,127151.44700000
2025-12-30T00:00:00Z,861.65000000,73233.04700000
2025-12-31T00:00:00Z,864.30000000,149994.61800000
2026-01-01T00:00:00Z,864.39000000,80713.66200000
2026-01-02T00:00:00Z,881.25000000,129071.74200000
2026-01-03T00:00:00Z,878.63000000,79965.20500000
2026-01-04T00:00:00Z,895.43000000,118687.10700000
2026-01-05T00:00:00Z,910.31000000,140352.78500000
2026-01-06T00:00:00Z,917.64000000,166897.18900000
2026-01-07T00:00:00Z,900.30000000,148651.79000000
2026-01-08T00:00:00Z,892.26000000,134522.75500000
2026-01-09T00:00:00Z,896.86000000,81581.36700000
2026-01-10T00:00:00Z,907.93000000,124912.49300000
2026-01-11T00:00:00Z,904.32000000,98621.08100000
2026-01-12T00:00:00Z,905.78000000,108522.17300000
2026-01-13T00:00:00Z,943.73000000,311914.99700000
2026-01-14T00:00:00Z,948.47000000,183208.69800000
2026-01-15T00:00:00Z,931.20000000,131201.46800000
2026-01-16T00:00:00Z,938.16000000,77470.38300000
2026-01-17T00:00:00Z,947.12000000,86187.33100000
2026-01-18T00:00:00Z,932.51000000,76848.25000000
2026-01-19T00:00:00Z,923.60000000,209440.56000000
2026-01-20T00:00:00Z,884.20000000,163760.22900000
2026-01-21T00:00:00Z,883.36000000,201618.22100000
2026-01-22T00:00:00Z,888.06000000,98786.47200000
2026-01-23T00:00:00Z,891.63000000,96135.61000000
2026-01-24T00:00:00Z,887.17000000,51272.56300000
2026-01-25T00:00:00Z,866.02000000,120780.22600000
2026-01-26T00:00:00Z,879.41000000,102700.70400000
2026-01-27T00:00:00Z,898.36000000,138529.63900000
2026-01-28T00:00:00Z,902.91000000,110273.24000000
2026-01-29T00:00:00Z,868.69000000,270228.68600000
2026-01-30T00:00:00Z,858.81000000,295951.35400000
2026-01-31T00:00:00Z,781.38000000,407306.15100000
2026-02-01T00:00:00Z,758.54000000,259125.52000000
2026-02-02T00:00:00Z,773.94000000,306663.48400000
2026-02-03T00:00:00Z,754.78000000,243948.82300000
2026-02-04T00:00:00Z,697.27000000,424472.16700000
2026-02-05T00:00:00Z,608.30000000,799178.67000000
2026-02-06T00:00:00Z,657.21000000,593322.59300000
2026-02-07T00:00:00Z,647.00000000,217520.60100000
2026-02-08T00:00:00Z,639.93000000,124172.09200000
2026-02-09T00:00:00Z,636.39000000,148751.24100000
2026-02-10T00:00:00Z,619.85000000,153549.27000000
2026-02-11T00:00:00Z,608.11000000,236351.53900000
2026-02-12T00:00:00Z,614.29000000,121298.45700000
2026-02-13T00:00:00Z,618.94000000,211419.81400000
2026-02-14T00:00:00Z,632.77000000,113845.92400000
2026-02-15T00:00:00Z,615.16000000,132426.59100000
2026-02-16T00:00:00Z,627.19000000,105660.88300000
2026-02-17T00:00:00Z,617.74000000,91934.08400000
2026-02-18T00:00:00Z,604.80000000,97256.01000000
2026-02-19T00:00:00Z,607.83000000,109354.36300000
2026-02-20T00:00:00Z,625.91000000,159590.80600000
2026-02-21T00:00:00Z,625.61000000,81656.56500000
2026-02-22T00:00:00Z,614.80000000,68568.87900000
2026-02-23T00:00:00Z,596.41000000,245062.96100000
2026-02-24T00:00:00Z,583.60000000,168285.85000000
2026-02-25T00:00:00Z,629.42000000,221645.31000000
2026-02-26T00:00:00Z,625.74000000,126675.34400000
2026-02-27T00:00:00Z,614.03000000,128167.72000000
2026-02-28T00:00:00Z,617.14000000,172105.10000000
2026-03-01T00:00:00Z,617.96000000,169960.92700000
2026-03-02T00:00:00Z,637.79000000,202581.15000000
2026-03-03T00:00:00Z,633.56000000,150191.05600000
2026-03-04T00:00:00Z,657.99000000,199919.68300000
2026-03-05T00:00:00Z,647.85000000,128037.62400000
2026-03-06T00:00:00Z,627.31000000,115031.73600000
2026-03-07T00:00:00Z,620.26000000,63118.81400000
2026-03-08T00:00:00Z,611.98000000,81939.55400000
2026-03-09T00:00:00Z,634.64000000,121341.37600000
2026-03-10T00:00:00Z,642.00000000,100783.44600000
2026-03-11T00:00:00Z,651.46000000,120145.81400000
2026-03-12T00:00:00Z,651.72000000,101534.05600000
2026-03-13T00:00:00Z,655.73000000,231981.00000000
2026-03-14T00:00:00Z,657.70000000,55240.26500000
2026-03-15T00:00:00Z,673.77000000,92999.09400000
2026-03-16T00:00:00Z,679.71000000,226915.25600000
2026-03-17T00:00:00Z,668.61000000,147117.03300000
2026-03-18T00:00:00Z,652.27000000,144505.18600000
2026-03-19T00:00:00Z,639.15000000,117679.65800000
2026-03-20T00:00:00Z,642.11000000,96688.00200000
2026-03-21T00:00:00Z,630.70000000,54236.69900000
2026-03-22T00:00:00Z,626.41000000,102353.57900000
2026-03-23T00:00:00Z,639.11000000,257556.87400000
2026-03-24T00:00:00Z,638.30000000,101174.29900000
2026-03-25T00:00:00Z,647.66000000,117518.94000000
2026-03-26T00:00:00Z,628.86000000,94718.07300000
2026-03-27T00:00:00Z,613.95000000,131734.63000000
2026-03-28T00:00:00Z,611.08000000,70087.88200000
2026-03-29T00:00:00Z,606.09000000,83411.71900000
2026-03-30T00:00:00Z,609.29000000,122880.08300000
2026-03-31T00:00:00Z,617.43000000,139130.61500000
2026-04-01T00:00:00Z,610.81000000,126557.56500000
2026-04-02T00:00:00Z,583.52000000,297618.31900000
2026-04-03T00:00:00Z,588.31000000,76506.37500000
2026-04-04T00:00:00Z,593.36000000,59665.43400000
2026-04-05T00:00:00Z,601.50000000,78031.95000000
2026-04-06T00:00:00Z,600.11000000,104959.54900000
2026-04-07T00:00:00Z,620.10000000,163526.89200000
2026-04-08T00:00:00Z,601.16000000,162114.68600000
2026-04-09T00:00:00Z,603.03000000,107305.17600000
2026-04-10T00:00:00Z,605.54000000,104265.93200000
2026-04-11T00:00:00Z,607.05000000,94267.47000000
2026-04-12T00:00:00Z,592.19000000,103774.25100000
2026-04-13T00:00:00Z,614.71000000,138504.50000000
2026-04-14T00:00:00Z,613.75000000,173382.03100000
2026-04-15T00:00:00Z,622.59000000,114943.22000000
2026-04-16T00:00:00Z,635.77000000,131546.70100000
2026-04-17T00:00:00Z,643.12000000,153486.83800000
2026-04-18T00:00:00Z,629.90000000,119665.35900000
2026-04-19T00:00:00Z,616.06000000,100590.74200000
2026-04-20T00:00:00Z,629.26000000,92147.71100000
2026-04-21T00:00:00Z,631.72000000,105373.23900000
2026-04-22T00:00:00Z,637.47000000,134986.33900000
2026-04-23T00:00:00Z,638.54000000,98409.25600000
2026-04-24T00:00:00Z,636.21000000,70625.81800000
2026-04-25T00:00:00Z,628.53000000,58918.33700000
2026-04-26T00:00:00Z,635.76000000,54446.34000000
2026-04-27T00:00:00Z,626.83000000,103945.48800000
2026-04-28T00:00:00Z,624.55000000,62347.74200000
2026-04-29T00:00:00Z,617.39000000,101813.17200000
2026-04-30T00:00:00Z,615.38000000,78612.44500000
2026-05-01T00:00:00Z,615.34000000,88053.74000000
2026-05-02T00:00:00Z,618.03000000,51973.99400000
2026-05-03T00:00:00Z,617.27000000,72850.13000000
2026-05-04T00:00:00Z,622.63000000,206649.00100000
2026-05-05T00:00:00Z,630.42000000,147021.79500000
2026-05-06T00:00:00Z,647.74000000,241695.25600000
2026-05-07T00:00:00Z,637.02000000,144173.80900000
2026-05-08T00:00:00Z,649.36000000,107752.67600000
2026-05-09T00:00:00Z,649.75000000,98352.89200000
2026-05-10T00:00:00Z,663.55000000,119277.21700000
2026-05-11T00:00:00Z,670.60000000,183665.24500000
2026-05-12T00:00:00Z,664.95000000,161617.08900000
2026-05-13T00:00:00Z,671.68000000,226062.76800000
2026-05-14T00:00:00Z,678.27000000,159800.03000000
2026-05-15T00:00:00Z,672.38000000,166504.37100000
2026-05-16T00:00:00Z,656.20000000,129778.33600000
2026-05-17T00:00:00Z,649.48000000,95811.95200000
2026-05-18T00:00:00Z,643.53000000,126181.22000000
2026-05-19T00:00:00Z,640.02000000,80953.93700000
2026-05-20T00:00:00Z,649.50000000,82942.65300000
2026-05-21T00:00:00Z,658.58000000,103055.67800000
2026-05-22T00:00:00Z,650.44000000,123907.62000000
2026-05-23T00:00:00Z,656.26000000,113009.63800000
2026-05-24T00:00:00Z,656.57000000,73668.17700000
2026-05-25T00:00:00Z,663.15000000,114244.75300000
2026-05-26T00:00:00Z,656.43000000,122333.28200000
2026-05-27T00:00:00Z,648.84000000,101737.59400000
2026-05-28T00:00:00Z,638.24000000,145257.68500000
2026-05-29T00:00:00Z,643.10000000,115255.26300000
2026-05-30T00:00:00Z,718.74000000,566380.96600000
2026-05-31T00:00:00Z,710.55000000,380165.73200000
2026-06-01T00:00:00Z,693.10000000,533342.52600000
2026-06-02T00:00:00Z,650.69000000,310137.34000000
2026-06-03T00:00:00Z,620.63000000,300913.44300000
2026-06-04T00:00:00Z,604.53000000,401431.76500000
2026-06-05T00:00:00Z,572.22000000,534838.03500000
2026-06-06T00:00:00Z,574.53000000,226190.52300000
2026-06-07T00:00:00Z,604.44000000,192844.36200000
2026-06-08T00:00:00Z,601.86000000,121475.50600000
2026-06-09T00:00:00Z,593.44000000,134636.72500000
2026-06-10T00:00:00Z,586.53000000,114846.00200000
2026-06-11T00:00:00Z,605.76000000,115805.92900000
2026-06-12T00:00:00Z,603.83000000,105336.32700000
2026-06-13T00:00:00Z,609.65000000,73491.15300000
2026-06-14T00:00:00Z,616.79000000,122027.61100000
2026-06-15T00:00:00Z,617.87000000,170537.64200000
2026-06-16T00:00:00Z,604.94000000,192189.41700000
2026-06-17T00:00:00Z,601.63000000,169384.18900000
2026-06-18T00:00:00Z,578.48000000,151568.81200000
2026-06-19T00:00:00Z,581.42000000,94343.19100000
2026-06-20T00:00:00Z,588.03000000,84540.17000000
2026-06-21T00:00:00Z,584.23000000,63361.25200000
2026-06-22T00:00:00Z,590.15000000,105431.63000000
2026-06-23T00:00:00Z,578.08000000,108854.88200000
2026-06-24T00:00:00Z,564.67000000,160907.99800000
2026-06-25T00:00:00Z,560.62000000,156267.91600000
2026-06-26T00:00:00Z,567.64000000,186203.40700000
2026-06-27T00:00:00Z,557.20000000,81411.91000000
2026-06-28T00:00:00Z,551.07000000,76867.85700000
2026-06-29T00:00:00Z,559.52000000,105794.12400000
2026-06-30T00:00:00Z,546.52000000,106315.52000000
2026-07-01T00:00:00Z,550.44000000,162073.17200000
2026-07-02T00:00:00Z,558.96000000,152316.81400000
2026-07-03T00:00:00Z,573.81000000,104658.99100000
2026-07-04T00:00:00Z,575.37000000,96714.13400000
2026-07-05T00:00:00Z,589.87000000,132836.83400000
2026-07-06T00:00:00Z,586.01000000,140805.49500000
2026-07-07T00:00:00Z,576.82000000,93068.48900000
2026-07-08T00:00:00Z,568.66000000,99416.98800000
2026-07-09T00:00:00Z,568.72000000,85621.60900000
2026-07-10T00:00:00Z,575.43000000,87506.37400000
2026-07-11T00:00:00Z,578.69000000,29007.16100000
2026-07-12T00:00:00Z,574.140,369566.68
2026-07-13T00:00:00Z,567.850,353951.97
2026-07-14T00:00:00Z,582.220,432171.18
2026-07-15T00:00:00Z,581.030,383236.02
2026-07-16T00:00:00Z,572.790,363409.54
2026-07-17T00:00:00Z,568.420,426206.33
2026-07-18T00:00:00Z,570.990,200735.91
2026-07-19T00:00:00Z,571.430,185786.14
2026-07-20T00:00:00Z,571.570,369363.71
2026-07-21T00:00:00Z,574.370,296550.56
2026-07-22T00:00:00Z,571.390,303120.80
2026-07-23T00:00:00Z,567.710,235229.93
2026-07-24T00:00:00Z,565.260,363315.06
2026-07-25T00:00:00Z,569.320,158020.97
2026-07-26T00:00:00Z,575.610,209672.45
2026-07-27T00:00:00Z,566.550,357418.35
2026-07-28T00:00:00Z,571.600,337245.93
2026-07-29T00:00:00Z,572.410,314458.31
2026-07-30T00:00:00Z,592.380,555797.85
2026-07-31T00:00:00Z,587.320,449876.43
2026-08-01T00:00:00Z,575.460,389617.76
2026-08-02T00:00:00Z,588.860,352853.33
2026-08-03T00:00:00Z,589.720,338923.37
2026-08-04T00:00:00Z,593.580,277137.66
2026-08-05T00:00:00Z,594.150,561038.17
2026-08-06T00:00:00Z,592.600,295557.80
2026-08-07T00:00:00Z,592.810,316520.85
2026-08-08T00:00:00Z,601.000,418921.56
2026-08-09T00:00:00Z,602.500,306522.57
2026-08-10T00:00:00Z,599.540,297600.01
2026-08-11T00:00:00Z,616.950,440178.91
2026-08-12T00:00:00Z,610.700,414648.16
2026-08-13T00:00:00Z,610.890,315688.66
2026-08-14T00:00:00Z,608.330,269650.88
2026-08-15T00:00:00Z,608.080,237096.96
2026-08-16T00:00:00Z,603.320,246299.02
2026-08-17T00:00:00Z,606.120,291243.16
2026-08-18T00:00:00Z,604.270,254227.18
2026-08-19T00:00:00Z,627.970,792811.71
2026-08-20T00:00:00Z,655.120,899290.99
2026-08-21T00:00:00Z,687.510,1134129.74
2026-08-22T00:00:00Z,695.690,1406140.01
2026-08-23T00:00:00Z,702.930,648441.32
2026-08-24T00:00:00Z,704.670,714658.34
2026-08-25T00:00:00Z,694.830,619421.38
2026-08-26T00:00:00Z,707.890,454738.85
2026-08-27T00:00:00Z,712.140,435203.83
2026-08-28T00:00:00Z,691.770,566024.47
2026-08-29T00:00:00Z,692.850,203985.75
2026-08-30T00:00:00Z,685.020,356934.34
