timestamp,close,volume
2020-01-01T00:00:00Z,41.62000000,110044.87445000
2020-01-02T00:00:00Z,39.43000000,194486.21570000
2020-01-03T00:00:00Z,42.23000000,426771.00676000
2020-01-04T00:00:00Z,42.78000000,248814.62818000
2020-01-05T00:00:00Z,43.30000000,291964.84958000
2020-01-06T00:00:00Z,45.80000000,384930.99090000
2020-01-07T00:00:00Z,46.30000000,493847.10532000
2020-01-08T00:00:00Z,45.35000000,628050.68438000
2020-01-09T00:00:00Z,44.74000000,296221.65692000
2020-01-10T00:00:00Z,49.06000000,729803.12291000
2020-01-11T00:00:00Z,49.30000000,681984.46652000
2020-01-12T00:00:00Z,51.43000000,533583.45808000
2020-01-13T00:00:00Z,49.60000000,382092.95573000
2020-01-14T00:00:00Z,58.39000000,1232536.35364000
2020-01-15T00:00:00Z,58.16000000,720369.64189000
2020-01-16T00:00:00Z,57.56000000,477991.20162000
2020-01-17T00:00:00Z,61.02000000,767514.50323000
2020-01-18T00:00:00Z,59.32000000,498603.84903000
2020-01-19T00:00:00Z,57.60000000,530916.40859000
2020-01-20T00:00:00Z,57.19000000,262316.67258000
2020-01-21T00:00:00Z,57.57000000,216543.72376000
2020-01-22T00:00:00Z,58.33000000,218658.95477000
2020-01-23T00:00:00Z,54.52000000,464982.43026000
2020-01-24T00:00:00Z,54.38000000,550746.21423000
2020-01-25T00:00:00Z,53.25000000,282004.92676000
2020-01-26T00:00:00Z,56.24000000,348355.26494000
2020-01-27T00:00:00Z,58.55000000,504725.67707000
2020-01-28T00:00:00Z,60.52000000,720540.74548000
2020-01-29T00:00:00Z,59.80000000,570079.36355000
2020-01-30T00:00:00Z,67.98000000,1286322.99676000
2020-01-31T00:00:00Z,68.00000000,938256.78346000
2020-02-01T00:00:00Z,70.72000000,952836.89640000
2020-02-02T00:00:00Z,69.93000000,818385.89212000
2020-02-03T00:00:00Z,69.65000000,689182.24855000
2020-02-04T00:00:00Z,68.07000000,487054.42541000
2020-02-05T00:00:00Z,72.59000000,646729.48877000
2020-02-06T00:00:00Z,73.60000000,715147.76142000
2020-02-07T00:00:00Z,74.30000000,542489.66181000
2020-02-08T00:00:00Z,76.56000000,647821.60398000
2020-02-09T00:00:00Z,77.00000000,475670.64062000
2020-02-10T00:00:00Z,74.02000000,709830.62871000
2020-02-11T00:00:00Z,76.46000000,557017.26862000
2020-02-12T00:00:00Z,81.17000000,771544.88292000
2020-02-13T00:00:00Z,80.55000000,1051054.74790000
2020-02-14T00:00:00Z,83.14000000,523491.69506000
2020-02-15T00:00:00Z,76.70000000,704650.11923000
2020-02-16T00:00:00Z,74.67000000,998173.25658000
2020-02-17T00:00:00Z,73.41000000,738054.46975000
2020-02-18T00:00:00Z,77.25000000,713680.23162000
2020-02-19T00:00:00Z,70.61000000,544027.83444000
2020-02-20T00:00:00Z,69.40000000,731293.24627000
2020-02-21T00:00:00Z,73.25000000,627123.84133000
2020-02-22T00:00:00Z,74.79000000,651449.78648000
2020-02-23T00:00:00Z,79.52000000,666132.69507000
2020-02-24T00:00:00Z,75.59000000,936157.25919000
2020-02-25T00:00:00Z,70.98000000,778054.96678000
2020-02-26T00:00:00Z,60.53000000,1523364.69178000
2020-02-27T00:00:00Z,61.77000000,1110493.93153000
2020-02-28T00:00:00Z,59.89000000,1070641.27708000
2020-02-29T00:00:00Z,58.05000000,507036.86245000
2020-03-01T00:00:00Z,57.70000000,633924.91162000
2020-03-02T00:00:00Z,61.42000000,660927.26176000
2020-03-03T00:00:00Z,61.01000000,640940.77457000
2020-03-04T00:00:00Z,60.38000000,424299.86211000
2020-03-05T00:00:00Z,62.06000000,556909.07976000
2020-03-06T00:00:00Z,63.22000000,469519.29565000
2020-03-07T00:00:00Z,60.46000000,444270.53508000
2020-03-08T00:00:00Z,51.00000000,945026.27128000
2020-03-09T00:00:00Z,50.39000000,1426145.50164000
2020-03-10T00:00:00Z,50.26000000,727732.90911000
2020-03-11T00:00:00Z,48.53000000,799984.95798000
2020-03-12T00:00:00Z,29.83000000,2239777.98028000
2020-03-13T00:00:00Z,37.52000000,3435572.20926000
2020-03-14T00:00:00Z,34.40000000,1181175.59196000
2020-03-15T00:00:00Z,36.38000000,1040322.30282000
2020-03-16T00:00:00Z,33.20000000,1624714.37584000
2020-03-17T00:00:00Z,34.07000000,945437.93136000
2020-03-18T00:00:00Z,34.71000000,1044607.75726000
2020-03-19T00:00:00Z,38.90000000,1344406.50235000
2020-03-20T00:00:00Z,38.08000000,1571300.60857000
2020-03-21T00:00:00Z,38.32000000,667452.63396000
2020-03-22T00:00:00Z,35.40000000,714342.72730000
2020-03-23T00:00:00Z,38.94000000,859942.52611000
2020-03-24T00:00:00Z,40.57000000,593656.77335000
2020-03-25T00:00:00Z,39.17000000,577448.88856000
2020-03-26T00:00:00Z,40.41000000,415595.26222000
2020-03-27T00:00:00Z,38.04000000,481643.28173000
2020-03-28T00:00:00Z,38.87000000,624312.49566000
2020-03-29T00:00:00Z,37.11000000,402076.31264000
2020-03-30T00:00:00Z,38.91000000,432738.21921000
2020-03-31T00:00:00Z,39.08000000,378426.95789000
2020-04-01T00:00:00Z,39.23000000,489850.01556000
2020-04-02T00:00:00Z,39.86000000,701573.76921000
2020-04-03T00:00:00Z,40.46000000,463368.11630000
2020-04-04T00:00:00Z,40.71000000,362602.27624000
2020-04-05T00:00:00Z,40.31000000,231112.95730000
2020-04-06T00:00:00Z,45.04000000,721562.28580000
2020-04-07T00:00:00Z,44.77000000,808081.85352000
2020-04-08T00:00:00Z,46.55000000,500059.46495000
2020-04-09T00:00:00Z,46.21000000,401085.47958000
2020-04-10T00:00:00Z,42.25000000,785172.33131000
2020-04-11T00:00:00Z,42.54000000,382360.32132000
2020-04-12T00:00:00Z,42.00000000,499257.03257000
2020-04-13T00:00:00Z,41.22000000,744114.51306000
2020-04-14T00:00:00Z,41.22000000,420837.68832000
2020-04-15T00:00:00Z,39.22000000,460328.16310000
2020-04-16T00:00:00Z,42.53000000,913086.97771000
2020-04-17T00:00:00Z,42.19000000,407623.04587000
2020-04-18T00:00:00Z,44.14000000,497104.94271000
2020-04-19T00:00:00Z,42.23000000,456205.81252000
2020-04-20T00:00:00Z,40.21000000,543840.05683000
2020-04-21T00:00:00Z,40.59000000,346732.08492000
2020-04-22T00:00:00Z,41.80000000,463111.32681000
2020-04-23T00:00:00Z,42.98000000,639336.05312000
2020-04-24T00:00:00Z,44.53000000,623877.17694000
2020-04-25T00:00:00Z,44.38000000,555367.18724000
2020-04-26T00:00:00Z,44.52000000,485605.15593000
2020-04-27T00:00:00Z,44.46000000,443570.66029000
2020-04-28T00:00:00Z,45.69000000,590012.52304000
2020-04-29T00:00:00Z,48.81000000,1198086.90059000
2020-04-30T00:00:00Z,46.33000000,1404189.53320000
2020-05-01T00:00:00Z,47.07000000,499757.96625000
2020-05-02T00:00:00Z,49.20000000,408979.14996000
2020-05-03T00:00:00Z,48.05000000,566317.38081000
2020-05-04T00:00:00Z,46.96000000,693367.01092000
2020-05-05T00:00:00Z,46.54000000,415057.43762000
2020-05-06T00:00:00Z,44.94000000,466241.72785000
2020-05-07T00:00:00Z,47.37000000,796061.59933000
2020-05-08T00:00:00Z,47.69000000,631882.81036000
2020-05-09T00:00:00Z,46.95000000,656199.99850000
2020-05-10T00:00:00Z,42.06000000,1404081.17548000
2020-05-11T00:00:00Z,41.51000000,955643.70805000
2020-05-12T00:00:00Z,42.18000000,598291.63995000
2020-05-13T00:00:00Z,43.18000000,404524.24723000
2020-05-14T00:00:00Z,43.98000000,507436.34974000
2020-05-15T00:00:00Z,42.74000000,468836.21013000
2020-05-16T00:00:00Z,43.25000000,435940.40697000
2020-05-17T00:00:00Z,43.71000000,344498.72506000
2020-05-18T00:00:00Z,45.32000000,694361.60251000
2020-05-19T00:00:00Z,45.73000000,375917.65225000
2020-05-20T00:00:00Z,44.25000000,546255.00600000
2020-05-21T00:00:00Z,42.73000000,504821.89137000
2020-05-22T00:00:00Z,44.23000000,398405.53856000
2020-05-23T00:00:00Z,43.85000000,237539.13840000
2020-05-24T00:00:00Z,42.08000000,360333.24872000
2020-05-25T00:00:00Z,42.97000000,250914.52741000
2020-05-26T00:00:00Z,42.27000000,218690.04463000
2020-05-27T00:00:00Z,43.85000000,282807.46234000
2020-05-28T00:00:00Z,44.77000000,291358.47336000
2020-05-29T00:00:00Z,44.47000000,298721.59314000
2020-05-30T00:00:00Z,47.72000000,590070.55350000
2020-05-31T00:00:00Z,45.61000000,494076.18673000
2020-06-01T00:00:00Z,48.25000000,599583.67722000
2020-06-02T00:00:00Z,45.99000000,920374.03122000
2020-06-03T00:00:00Z,47.16000000,428190.82164000
2020-06-04T00:00:00Z,47.43000000,471692.41566000
2020-06-05T00:00:00Z,46.83000000,400925.03604000
2020-06-06T00:00:00Z,46.79000000,226441.44764000
2020-06-07T00:00:00Z,46.63000000,306262.54148000
2020-06-08T00:00:00Z,46.43000000,220499.06993000
2020-06-09T00:00:00Z,45.87000000,219681.63540000
2020-06-10T00:00:00Z,46.63000000,319582.73016000
2020-06-11T00:00:00Z,43.22000000,538636.15983000
2020-06-12T00:00:00Z,44.72000000,236934.18593000
2020-06-13T00:00:00Z,45.08000000,151582.80518000
2020-06-14T00:00:00Z,44.05000000,170082.74029000
2020-06-15T00:00:00Z,43.73000000,355287.54016000
2020-06-16T00:00:00Z,43.88000000,215557.59073000
2020-06-17T00:00:00Z,44.07000000,324893.86142000
2020-06-18T00:00:00Z,43.43000000,193534.98938000
2020-06-19T00:00:00Z,42.89000000,304810.97536000
2020-06-20T00:00:00Z,43.57000000,202428.94630000
2020-06-21T00:00:00Z,43.00000000,159632.67850000
2020-06-22T00:00:00Z,44.30000000,281907.39739000
2020-06-23T00:00:00Z,44.18000000,219437.96099000
2020-06-24T00:00:00Z,42.65000000,357937.97223000
2020-06-25T00:00:00Z,42.35000000,241972.00632000
2020-06-26T00:00:00Z,43.09000000,348389.34208000
2020-06-27T00:00:00Z,41.06000000,301504.63430000
2020-06-28T00:00:00Z,41.37000000,169011.98685000
2020-06-29T00:00:00Z,41.87000000,323346.17200000
2020-06-30T00:00:00Z,41.17000000,170712.36761000
2020-07-01T00:00:00Z,41.77000000,189759.33668000
2020-07-02T00:00:00Z,41.05000000,274520.05417000
2020-07-03T00:00:00Z,41.14000000,190294.77564000
2020-07-04T00:00:00Z,42.11000000,239298.32793000
2020-07-05T00:00:00Z,41.58000000,235045.82858000
2020-07-06T00:00:00Z,44.06000000,368489.71516000
2020-07-07T00:00:00Z,43.39000000,307753.44376000
2020-07-08T00:00:00Z,45.35000000,537390.40825000
2020-07-09T00:00:00Z,44.33000000,413268.76529000
2020-07-10T00:00:00Z,44.30000000,256685.44543000
2020-07-11T00:00:00Z,44.69000000,186318.68972000
2020-07-12T00:00:00Z,44.70000000,245471.12147000
2020-07-13T00:00:00Z,43.92000000,445103.84230000
2020-07-14T00:00:00Z,43.88000000,246958.98880000
2020-07-15T00:00:00Z,43.33000000,216931.75920000
2020-07-16T00:00:00Z,42.09000000,389747.37081000
2020-07-17T00:00:00Z,41.90000000,201904.60020000
2020-07-18T00:00:00Z,42.45000000,171429.48278000
2020-07-19T00:00:00Z,42.64000000,195427.40326000
2020-07-20T00:00:00Z,41.94000000,180313.88112000
2020-07-21T00:00:00Z,43.77000000,314440.37624000
2020-07-22T00:00:00Z,44.96000000,335459.88539000
2020-07-23T00:00:00Z,44.94000000,432494.11351000
2020-07-24T00:00:00Z,44.11000000,246802.56871000
2020-07-25T00:00:00Z,49.16000000,908436.85403000
2020-07-26T00:00:00Z,48.10000000,895757.19561000
2020-07-27T00:00:00Z,53.28000000,1501022.71390000
2020-07-28T00:00:00Z,55.75000000,1524796.93339000
2020-07-29T00:00:00Z,55.16000000,827762.01759000
2020-07-30T00:00:00Z,56.75000000,1024240.96809000
2020-07-31T00:00:00Z,58.13000000,656214.79104000
2020-08-01T00:00:00Z,61.65000000,1209772.30685000
2020-08-02T00:00:00Z,56.77000000,1811190.59194000
2020-08-03T00:00:00Z,58.48000000,825040.86283000
2020-08-04T00:00:00Z,57.61000000,625555.61417000
2020-08-05T00:00:00Z,58.88000000,716365.47473000
2020-08-06T00:00:00Z,59.03000000,822577.34534000
2020-08-07T00:00:00Z,57.17000000,897911.44061000
2020-08-08T00:00:00Z,58.46000000,428217.70330000
2020-08-09T00:00:00Z,56.96000000,368846.69372000
2020-08-10T00:00:00Z,58.27000000,651148.79465000
2020-08-11T00:00:00Z,54.10000000,887598.71928000
2020-08-12T00:00:00Z,54.52000000,645092.49922000
2020-08-13T00:00:00Z,57.14000000,837109.90719000
2020-08-14T00:00:00Z,56.78000000,728312.30047000
2020-08-15T00:00:00Z,59.85000000,1137795.12262000
2020-08-16T00:00:00Z,63.87000000,1576897.59255000
2020-08-17T00:00:00Z,67.22000000,1790813.80276000
2020-08-18T00:00:00Z,65.40000000,1562910.41383000
2020-08-19T00:00:00Z,62.12000000,1699324.38729000
2020-08-20T00:00:00Z,62.80000000,867577.35764000
2020-08-21T00:00:00Z,59.20000000,1054292.68684000
2020-08-22T00:00:00Z,60.21000000,735637.16639000
2020-08-23T00:00:00Z,60.55000000,629697.67740000
2020-08-24T00:00:00Z,62.02000000,687323.05849000
2020-08-25T00:00:00Z,58.34000000,1171220.25124000
2020-08-26T00:00:00Z,58.10000000,663386.26018000
2020-08-27T00:00:00Z,56.10000000,975870.10827000
2020-08-28T00:00:00Z,57.38000000,644522.18905000
2020-08-29T00:00:00Z,56.97000000,408492.18575000
2020-08-30T00:00:00Z,62.89000000,839317.10194000
2020-08-31T00:00:00Z,60.92000000,680146.78621000
2020-09-01T00:00:00Z,62.69000000,972744.47944000
2020-09-02T00:00:00Z,58.06000000,934006.30005000
2020-09-03T00:00:00Z,47.28000000,1324245.74096000
2020-09-04T00:00:00Z,50.32000000,1476516.48212000
2020-09-05T00:00:00Z,47.83000000,1350657.16967000
2020-09-06T00:00:00Z,47.92000000,653592.78694000
2020-09-07T00:00:00Z,48.84000000,826692.56519000
2020-09-08T00:00:00Z,47.47000000,760182.50564000
2020-09-09T00:00:00Z,47.82000000,378772.50759000
2020-09-10T00:00:00Z,48.67000000,474471.86038000
2020-09-11T00:00:00Z,48.96000000,367092.22089000
2020-09-12T00:00:00Z,50.80000000,451949.52403000
2020-09-13T00:00:00Z,48.15000000,458828.41821000
2020-09-14T00:00:00Z,49.08000000,493683.75375000
2020-09-15T00:00:00Z,48.31000000,615374.46932000
2020-09-16T00:00:00Z,47.76000000,409293.57783000
2020-09-17T00:00:00Z,48.85000000,412392.29057000
2020-09-18T00:00:00Z,48.54000000,322351.62539000
2020-09-19T00:00:00Z,48.52000000,225043.69543000
2020-09-20T00:00:00Z,47.09000000,309678.11312000
2020-09-21T00:00:00Z,43.16000000,724381.66742000
2020-09-22T00:00:00Z,44.47000000,334632.72915000
2020-09-23T00:00:00Z,42.96000000,416831.71649000
2020-09-24T00:00:00Z,44.92000000,385922.04928000
2020-09-25T00:00:00Z,46.02000000,417026.33099000
2020-09-26T00:00:00Z,46.03000000,239828.37016000
2020-09-27T00:00:00Z,46.05000000,299821.64354000
2020-09-28T00:00:00Z,45.23000000,500347.34059000
2020-09-29T00:00:00Z,45.69000000,314875.69765000
2020-09-30T00:00:00Z,46.24000000,294138.00474000
2020-10-01T00:00:00Z,46.25000000,691422.81613000
2020-10-02T00:00:00Z,44.88000000,518670.86558000
2020-10-03T00:00:00Z,45.51000000,225825.74372000
2020-10-04T00:00:00Z,46.69000000,257423.66188000
2020-10-05T00:00:00Z,46.34000000,288147.27514000
2020-10-06T00:00:00Z,45.99000000,650720.47185000
2020-10-07T00:00:00Z,46.55000000,384596.71962000
2020-10-08T00:00:00Z,47.21000000,412581.66491000
2020-10-09T00:00:00Z,47.78000000,402514.89168000
2020-10-10T00:00:00Z,48.88000000,426163.73877000
2020-10-11T00:00:00Z,50.48000000,393329.63182000
2020-10-12T00:00:00Z,50.58000000,622150.70858000
2020-10-13T00:00:00Z,49.89000000,468445.05222000
2020-10-14T00:00:00Z,49.79000000,381873.31223000
2020-10-15T00:00:00Z,49.53000000,349966.03743000
2020-10-16T00:00:00Z,47.60000000,603775.07786000
2020-10-17T00:00:00Z,46.93000000,222964.85752000
2020-10-18T00:00:00Z,47.54000000,164733.27305000
2020-10-19T00:00:00Z,47.99000000,316808.83163000
2020-10-20T00:00:00Z,46.88000000,399254.84677000
2020-10-21T00:00:00Z,52.98000000,1425655.01750000
2020-10-22T00:00:00Z,54.35000000,1405890.00408000
2020-10-23T00:00:00Z,55.42000000,1079055.89232000
2020-10-24T00:00:00Z,59.23000000,945746.17086000
2020-10-25T00:00:00Z,58.84000000,907068.98603000
2020-10-26T00:00:00Z,56.82000000,937505.27029000
2020-10-27T00:00:00Z,57.91000000,846699.37035000
2020-10-28T00:00:00Z,55.77000000,1227549.68318000
2020-10-29T00:00:00Z,54.87000000,798253.73442000
2020-10-30T00:00:00Z,54.01000000,706074.89769000
2020-10-31T00:00:00Z,55.72000000,593903.97546000
2020-11-01T00:00:00Z,55.60000000,369373.81151000
2020-11-02T00:00:00Z,53.80000000,700498.49280000
2020-11-03T00:00:00Z,53.96000000,672320.16238000
2020-11-04T00:00:00Z,54.67000000,801009.79133000
2020-11-05T00:00:00Z,58.95000000,1366335.62939000
2020-11-06T00:00:00Z,63.20000000,1735473.54314000
2020-11-07T00:00:00Z,58.90000000,1655539.62718000
2020-11-08T00:00:00Z,61.02000000,795875.09498000
2020-11-09T00:00:00Z,59.23000000,997800.78526000
2020-11-10T00:00:00Z,57.93000000,639990.21607000
2020-11-11T00:00:00Z,59.27000000,824536.88147000
2020-11-12T00:00:00Z,60.72000000,830578.26228000
2020-11-13T00:00:00Z,65.96000000,1974381.67036000
2020-11-14T00:00:00Z,63.85000000,1017826.05829000
2020-11-15T00:00:00Z,62.28000000,685249.75502000
2020-11-16T00:00:00Z,73.84000000,2526207.15962000
2020-11-17T00:00:00Z,76.32000000,2844994.89879000
2020-11-18T00:00:00Z,73.42000000,2653342.04102000
2020-11-19T00:00:00Z,81.53000000,2773824.05583000
2020-11-20T00:00:00Z,82.53000000,2386175.15236000
2020-11-21T00:00:00Z,87.14000000,2521719.40828000
2020-11-22T00:00:00Z,82.87000000,2048304.58082000
2020-11-23T00:00:00Z,89.03000000,2535636.06789000
2020-11-24T00:00:00Z,89.25000000,2621715.64303000
2020-11-25T00:00:00Z,81.75000000,1631940.24087000
2020-11-26T00:00:00Z,71.00000000,3435959.29518000
2020-11-27T00:00:00Z,69.15000000,1707521.50402000
2020-11-28T00:00:00Z,72.70000000,1483068.35897000
2020-11-29T00:00:00Z,78.91000000,1514540.21111000
2020-11-30T00:00:00Z,87.65000000,2118965.66781000
2020-12-01T00:00:00Z,85.08000000,3600461.26285000
2020-12-02T00:00:00Z,88.90000000,2135078.47937000
2020-12-03T00:00:00Z,89.00000000,1690248.45885000
2020-12-04T00:00:00Z,79.52000000,1701697.85317000
2020-12-05T00:00:00Z,83.14000000,1278363.44579000
2020-12-06T00:00:00Z,83.55000000,921046.75996000
2020-12-07T00:00:00Z,83.37000000,1145446.47407000
2020-12-08T00:00:00Z,76.76000000,1230953.86975000
2020-12-09T00:00:00Z,77.41000000,1378314.59353000
2020-12-10T00:00:00Z,74.70000000,900570.55820000
2020-12-11T00:00:00Z,72.20000000,1484095.85234000
2020-12-12T00:00:00Z,76.67000000,872394.12884000
2020-12-13T00:00:00Z,82.28000000,1278882.98328000
2020-12-14T00:00:00Z,82.35000000,1102081.73026000
2020-12-15T00:00:00Z,81.32000000,1348469.20889000
2020-12-16T00:00:00Z,92.94000000,2349124.19924000
2020-12-17T00:00:00Z,101.01000000,4161454.89253000
2020-12-18T00:00:00Z,109.34000000,3141671.53609000
2020-12-19T00:00:00Z,119.85000000,2753360.19971000
2020-12-20T00:00:00Z,114.58000000,2671305.32839000
2020-12-21T00:00:00Z,104.45000000,2599527.81365000
2020-12-22T00:00:00Z,114.32000000,3210319.32528000
2020-12-23T00:00:00Z,102.45000000,3923591.07434000
2020-12-24T00:00:00Z,111.13000000,2696980.51697000
2020-12-25T00:00:00Z,127.78000000,3117913.94898000
2020-12-26T00:00:00Z,129.61000000,3461075.64730000
2020-12-27T00:00:00Z,127.88000000,3743173.13001000
2020-12-28T00:00:00Z,129.83000000,2349842.95502000
2020-12-29T00:00:00Z,128.80000000,1732248.38409000
2020-12-30T00:00:00Z,130.05000000,1727676.64100000
2020-12-31T00:00:00Z,124.21000000,1248723.03424000
2021-01-01T00:00:00Z,126.24000000,1539801.80815000
2021-01-02T00:00:00Z,136.96000000,2442266.76500000
2021-01-03T00:00:00Z,161.24000000,3813834.07669000
2021-01-04T00:00:00Z,155.34000000,3530422.20392000
2021-01-05T00:00:00Z,158.43000000,1998205.92425000
2021-01-06T00:00:00Z,168.92000000,1857831.43166000
2021-01-07T00:00:00Z,169.35000000,2493533.99480000
2021-01-08T00:00:00Z,172.19000000,2843159.70340000
2021-01-09T00:00:00Z,177.26000000,1749781.84973000
2021-01-10T00:00:00Z,170.07000000,2269705.04460000
2021-01-11T00:00:00Z,138.87000000,5019816.79975000
2021-01-12T00:00:00Z,133.42000000,2825579.61257000
2021-01-13T00:00:00Z,147.38000000,2153426.27798000
2021-01-14T00:00:00Z,152.50000000,2033762.60027000
2021-01-15T00:00:00Z,143.65000000,2104225.51210000
2021-01-16T00:00:00Z,143.52000000,1784053.82975000
2021-01-17T00:00:00Z,142.80000000,1379082.37920000
2021-01-18T00:00:00Z,151.96000000,1644947.14813000
2021-01-19T00:00:00Z,151.86000000,2288798.47777000
2021-01-20T00:00:00Z,149.69000000,2037654.31965000
2021-01-21T00:00:00Z,129.72000000,2176119.47889000
2021-01-22T00:00:00Z,137.66000000,1979078.00560000
2021-01-23T00:00:00Z,137.67000000,969988.56158000
2021-01-24T00:00:00Z,141.01000000,917459.85058000
2021-01-25T00:00:00Z,137.07000000,1380902.39350000
2021-01-26T00:00:00Z,134.67000000,1093141.08136000
2021-01-27T00:00:00Z,122.44000000,1240323.68178000
2021-01-28T00:00:00Z,133.27000000,1074760.50528000
2021-01-29T00:00:00Z,134.65000000,2193040.38440000
2021-01-30T00:00:00Z,133.36000000,1215569.95596000
2021-01-31T00:00:00Z,129.36000000,917993.35191000
2021-02-01T00:00:00Z,132.00000000,1167609.37029000
2021-02-02T00:00:00Z,141.98000000,1884558.49538000
2021-02-03T00:00:00Z,155.93000000,1820822.28924000
2021-02-04T00:00:00Z,145.07000000,1766938.56965000
2021-02-05T00:00:00Z,155.05000000,1572009.29596000
2021-02-06T00:00:00Z,155.57000000,1879526.24312000
2021-02-07T00:00:00Z,150.76000000,1259975.92894000
2021-02-08T00:00:00Z,167.28000000,1894490.90608000
2021-02-09T00:00:00Z,181.49000000,1981149.12366000
2021-02-10T00:00:00Z,181.56000000,2781973.96254000
2021-02-11T00:00:00Z,183.62000000,1664189.08770000
2021-02-12T00:00:00Z,196.69000000,1946870.34253000
2021-02-13T00:00:00Z,225.76000000,2843517.28691000
2021-02-14T00:00:00Z,213.49000000,1765475.48101000
2021-02-15T00:00:00Z,207.83000000,2173405.17958000
2021-02-16T00:00:00Z,210.26000000,1660812.39786000
2021-02-17T00:00:00Z,237.49000000,1839179.97093000
2021-02-18T00:00:00Z,226.59000000,1580820.71000000
2021-02-19T00:00:00Z,236.50000000,1402427.87852000
2021-02-20T00:00:00Z,226.65000000,1701950.27455000
2021-02-21T00:00:00Z,227.13000000,1268407.03046000
2021-02-22T00:00:00Z,208.32000000,2556958.22160000
2021-02-23T00:00:00Z,177.34000000,3669737.32689000
2021-02-24T00:00:00Z,181.43000000,1827554.60176000
2021-02-25T00:00:00Z,179.36000000,1961972.04220000
2021-02-26T00:00:00Z,170.25000000,2180233.25143000
2021-02-27T00:00:00Z,171.76000000,1113606.44010000
2021-02-28T00:00:00Z,165.22000000,1682228.22219000
2021-03-01T00:00:00Z,175.89000000,1216268.49518000
2021-03-02T00:00:00Z,179.08000000,1441741.00235000
2021-03-03T00:00:00Z,187.64000000,1873295.01116000
2021-03-04T00:00:00Z,180.67000000,1485337.09208000
2021-03-05T00:00:00Z,180.23000000,1182501.69882000
2021-03-06T00:00:00Z,182.85000000,935959.96790000
2021-03-07T00:00:00Z,190.75000000,820418.23901000
2021-03-08T00:00:00Z,191.85000000,1171979.04352000
2021-03-09T00:00:00Z,203.81000000,1279698.49896000
2021-03-10T00:00:00Z,200.29000000,1422079.58464000
2021-03-11T00:00:00Z,201.36000000,981380.12090000
2021-03-12T00:00:00Z,220.84000000,2081683.73697000
2021-03-13T00:00:00Z,226.06000000,1330663.68103000
2021-03-14T00:00:00Z,213.94000000,806542.74173000
2021-03-15T00:00:00Z,200.59000000,1413381.72445000
2021-03-16T00:00:00Z,201.60000000,1063051.80222000
2021-03-17T00:00:00Z,205.98000000,885644.66746000
2021-03-18T00:00:00Z,199.70000000,774419.42586000
2021-03-19T00:00:00Z,199.96000000,536877.41275000
2021-03-20T00:00:00Z,200.17000000,473637.43878000
2021-03-21T00:00:00Z,195.31000000,581731.80679000
2021-03-22T00:00:00Z,185.67000000,725506.72916000
2021-03-23T00:00:00Z,185.83000000,638849.27686000
2021-03-24T00:00:00Z,176.05000000,1189902.97985000
2021-03-25T00:00:00Z,171.53000000,956666.86464000
2021-03-26T00:00:00Z,183.45000000,721838.20194000
2021-03-27T00:00:00Z,184.06000000,475886.83873000
2021-03-28T00:00:00Z,184.24000000,380545.16211000
2021-03-29T00:00:00Z,193.73000000,904774.30423000
2021-03-30T00:00:00Z,195.74000000,932290.64980000
2021-03-31T00:00:00Z,196.70000000,698229.63786000
2021-04-01T00:00:00Z,202.86000000,876741.40869000
2021-04-02T00:00:00Z,211.46000000,942970.73038000
2021-04-03T00:00:00Z,195.23000000,956126.60492000
2021-04-04T00:00:00Z,202.21000000,565154.10714000
2021-04-05T00:00:00Z,221.48000000,1329743.76130000
2021-04-06T00:00:00Z,237.04000000,2444849.53403000
2021-04-07T00:00:00Z,219.05000000,2263475.46520000
2021-04-08T00:00:00Z,226.11000000,1074942.89645000
2021-04-09T00:00:00Z,221.12000000,688918.82150000
2021-04-10T00:00:00Z,256.34000000,1859281.88304000
2021-04-11T00:00:00Z,252.31000000,1890765.80129000
2021-04-12T00:00:00Z,244.42000000,1370860.16310000
2021-04-13T00:00:00Z,267.59000000,1931888.55344000
2021-04-14T00:00:00Z,278.86000000,1989435.79148000
2021-04-15T00:00:00Z,285.63000000,1409760.53776000
2021-04-16T00:00:00Z,308.43000000,3150447.99928000
2021-04-17T00:00:00Z,300.86000000,2574519.63550000
2021-04-18T00:00:00Z,273.36000000,3346589.56812000
2021-04-19T00:00:00Z,261.38000000,1973511.87573000
2021-04-20T00:00:00Z,260.68000000,2111225.32553000
2021-04-21T00:00:00Z,257.69000000,1841080.20554000
2021-04-22T00:00:00Z,252.50000000,2858792.51437000
2021-04-23T00:00:00Z,241.31000000,2866031.89172000
2021-04-24T00:00:00Z,224.75000000,1152968.01885000
2021-04-25T00:00:00Z,223.88000000,928460.21980000
2021-04-26T00:00:00Z,247.42000000,1236470.27391000
2021-04-27T00:00:00Z,259.77000000,1114182.69248000
2021-04-28T00:00:00Z,258.51000000,1014038.43734000
2021-04-29T00:00:00Z,255.31000000,877558.78530000
2021-04-30T00:00:00Z,271.13000000,1037748.69625000
2021-05-01T00:00:00Z,276.78000000,759685.23196000
2021-05-02T00:00:00Z,268.88000000,656429.21428000
2021-05-03T00:00:00Z,294.87000000,1427253.57143000
2021-05-04T00:00:00Z,305.23000000,3939316.56899000
2021-05-05T00:00:00Z,356.04000000,3748897.98686000
2021-05-06T00:00:00Z,354.67000000,2752093.00755000
2021-05-07T00:00:00Z,344.89000000,2822668.46597000
2021-05-08T00:00:00Z,347.10000000,1327716.19070000
2021-05-09T00:00:00Z,387.80000000,2292100.05852000
2021-05-10T00:00:00Z,358.89000000,3830553.73813000
2021-05-11T00:00:00Z,377.60000000,2031121.35038000
2021-05-12T00:00:00Z,310.40000000,2537826.91562000
2021-05-13T00:00:00Z,317.95000000,2979065.55728000
2021-05-14T00:00:00Z,326.23000000,1482325.51445000
2021-05-15T00:00:00Z,300.30000000,1486176.50537000
2021-05-16T00:00:00Z,295.89000000,1693568.12752000
2021-05-17T00:00:00Z,281.53000000,2079261.84526000
2021-05-18T00:00:00Z,293.98000000,2558765.69804000
2021-05-19T00:00:00Z,185.93000000,6731555.34383000
2021-05-20T00:00:00Z,210.74000000,4269465.92695000
2021-05-21T00:00:00Z,179.97000000,2998819.79591000
2021-05-22T00:00:00Z,169.32000000,1983438.52337000
2021-05-23T00:00:00Z,142.39000000,3854006.12408000
2021-05-24T00:00:00Z,185.32000000,2491240.93285000
2021-05-25T00:00:00Z,183.76000000,1974384.43463000
2021-05-26T00:00:00Z,198.91000000,1540975.47323000
2021-05-27T00:00:00Z,194.32000000,1457775.38448000
2021-05-28T00:00:00Z,177.33000000,2118247.13851000
2021-05-29T00:00:00Z,164.01000000,1554075.04320000
2021-05-30T00:00:00Z,170.51000000,1123365.50693000
2021-05-31T00:00:00Z,187.97000000,1242054.05369000
2021-06-01T00:00:00Z,182.99000000,1081241.44408000
2021-06-02T00:00:00Z,187.14000000,976844.03214000
2021-06-03T00:00:00Z,193.50000000,1079806.82442000
2021-06-04T00:00:00Z,178.44000000,1130262.18071000
2021-06-05T00:00:00Z,172.94000000,846082.98073000
2021-06-06T00:00:00Z,176.41000000,677386.36378000
2021-06-07T00:00:00Z,161.95000000,1035822.82509000
2021-06-08T00:00:00Z,160.63000000,1417289.87647000
2021-06-09T00:00:00Z,172.56000000,1139739.36054000
2021-06-10T00:00:00Z,168.16000000,878866.63371000
2021-06-11T00:00:00Z,162.83000000,928611.54446000
2021-06-12T00:00:00Z,161.80000000,653167.31003000
2021-06-13T00:00:00Z,170.85000000,573493.90783000
2021-06-14T00:00:00Z,179.89000000,802051.95645000
2021-06-15T00:00:00Z,175.15000000,654352.05304000
2021-06-16T00:00:00Z,166.57000000,761479.45263000
2021-06-17T00:00:00Z,167.08000000,559434.62367000
2021-06-18T00:00:00Z,156.34000000,800699.30384000
2021-06-19T00:00:00Z,152.49000000,523073.02283000
2021-06-20T00:00:00Z,154.88000000,611253.37603000
2021-06-21T00:00:00Z,124.46000000,1492819.37930000
2021-06-22T00:00:00Z,119.64000000,2255757.11457000
2021-06-23T00:00:00Z,129.10000000,1020444.64312000
2021-06-24T00:00:00Z,134.58000000,660335.54019000
2021-06-25T00:00:00Z,125.00000000,764515.33892000
2021-06-26T00:00:00Z,126.89000000,871924.09227000
2021-06-27T00:00:00Z,132.60000000,573388.24688000
2021-06-28T00:00:00Z,137.69000000,703645.47159000
2021-06-29T00:00:00Z,144.20000000,898148.69711000
2021-06-30T00:00:00Z,144.26000000,629619.41847000
2021-07-01T00:00:00Z,137.02000000,539535.29970000
2021-07-02T00:00:00Z,136.85000000,467041.14947000
2021-07-03T00:00:00Z,140.17000000,351451.49767000
2021-07-04T00:00:00Z,144.95000000,443949.92264000
2021-07-05T00:00:00Z,137.71000000,561680.84949000
2021-07-06T00:00:00Z,138.87000000,530800.52733000
2021-07-07T00:00:00Z,137.41000000,520913.20131000
2021-07-08T00:00:00Z,132.15000000,645442.57112000
2021-07-09T00:00:00Z,134.58000000,527547.82163000
2021-07-10T00:00:00Z,133.99000000,365844.86832000
2021-07-11T00:00:00Z,134.28000000,324968.57149000
2021-07-12T00:00:00Z,133.38000000,670917.62355000
2021-07-13T00:00:00Z,131.44000000,454856.67168000
2021-07-14T00:00:00Z,131.07000000,538916.43958000
2021-07-15T00:00:00Z,125.86000000,494375.72430000
2021-07-16T00:00:00Z,120.65000000,422183.01506000
2021-07-17T00:00:00Z,119.95000000,425298.69428000
2021-07-18T00:00:00Z,119.17000000,430985.21457000
2021-07-19T00:00:00Z,113.13000000,493082.96266000
2021-07-20T00:00:00Z,107.29000000,766236.24738000
2021-07-21T00:00:00Z,117.74000000,682039.47283000
2021-07-22T00:00:00Z,120.67000000,464759.47146000
2021-07-23T00:00:00Z,124.24000000,404160.06952000
2021-07-24T00:00:00Z,125.99000000,432891.78019000
2021-07-25T00:00:00Z,127.68000000,392963.87036000
2021-07-26T00:00:00Z,131.06000000,1052092.77379000
2021-07-27T00:00:00Z,134.74000000,607384.02252000
2021-07-28T00:00:00Z,140.42000000,729936.12774000
2021-07-29T00:00:00Z,141.44000000,542641.00192000
2021-07-30T00:00:00Z,145.51000000,605847.24082000
2021-07-31T00:00:00Z,144.37000000,388737.61543000
2021-08-01T00:00:00Z,140.31000000,584699.77102000
2021-08-02T00:00:00Z,141.35000000,419849.68249000
2021-08-03T00:00:00Z,138.49000000,402821.08451000
2021-08-04T00:00:00Z,142.57000000,486488.33119000
2021-08-05T00:00:00Z,143.53000000,615027.38819000
2021-08-06T00:00:00Z,147.95000000,685973.67511000
2021-08-07T00:00:00Z,155.92000000,878574.53896000
2021-08-08T00:00:00Z,149.69000000,700140.23658000
2021-08-09T00:00:00Z,166.31000000,1165618.32076000
2021-08-10T00:00:00Z,165.38000000,894686.73503000
2021-08-11T00:00:00Z,170.60000000,914647.01760000
2021-08-12T00:00:00Z,165.38000000,987267.21224000
2021-08-13T00:00:00Z,183.31000000,1122682.76822000
2021-08-14T00:00:00Z,182.76000000,944596.30069000
2021-08-15T00:00:00Z,184.60000000,948648.90733000
2021-08-16T00:00:00Z,177.93000000,898330.41540000
2021-08-17T00:00:00Z,168.61000000,781038.75082000
2021-08-18T00:00:00Z,166.65000000,694819.54486000
2021-08-19T00:00:00Z,175.59000000,682216.29479000
2021-08-20T00:00:00Z,183.59000000,708140.15383000
2021-08-21T00:00:00Z,179.63000000,644225.29965000
2021-08-22T00:00:00Z,185.91000000,935874.98336000
2021-08-23T00:00:00Z,187.01000000,877311.28336000
2021-08-24T00:00:00Z,173.42000000,780692.69421000
2021-08-25T00:00:00Z,177.75000000,617983.08030000
2021-08-26T00:00:00Z,167.70000000,568905.75324000
2021-08-27T00:00:00Z,176.20000000,456121.02531000
2021-08-28T00:00:00Z,175.60000000,316185.26963000
2021-08-29T00:00:00Z,174.30000000,547343.58554000
2021-08-30T00:00:00Z,167.30000000,468119.39600000
2021-08-31T00:00:00Z,171.50000000,553621.00700000
2021-09-01T00:00:00Z,180.90000000,692302.29400000
2021-09-02T00:00:00Z,183.30000000,683639.85445000
2021-09-03T00:00:00Z,212.90000000,2071663.63126000
2021-09-04T00:00:00Z,211.90000000,1448417.53392000
2021-09-05T00:00:00Z,232.20000000,1007949.97992000
2021-09-06T00:00:00Z,219.40000000,1001710.49300000
2021-09-07T00:00:00Z,178.50000000,2026882.59263000
2021-09-08T00:00:00Z,179.70000000,1419232.64100000
2021-09-09T00:00:00Z,180.50000000,896655.71800000
2021-09-10T00:00:00Z,174.10000000,721100.84200000
2021-09-11T00:00:00Z,178.60000000,551963.07100000
2021-09-12T00:00:00Z,183.00000000,564714.69600000
2021-09-13T00:00:00Z,179.40000000,5437062.67410000
2021-09-14T00:00:00Z,183.10000000,1091279.99700000
2021-09-15T00:00:00Z,189.00000000,745508.05900000
2021-09-16T00:00:00Z,185.20000000,935286.23100000
2021-09-17T00:00:00Z,180.00000000,566767.06900000
2021-09-18T00:00:00Z,181.40000000,372409.22400000
2021-09-19T00:00:00Z,175.60000000,364865.77500000
2021-09-20T00:00:00Z,157.20000000,1300459.67767000
2021-09-21T00:00:00Z,148.50000000,988169.63393000
2021-09-22T00:00:00Z,161.40000000,822665.56600000
2021-09-23T00:00:00Z,163.90000000,559513.52200000
2021-09-24T00:00:00Z,152.10000000,1236046.28455000
2021-09-25T00:00:00Z,151.00000000,622457.07800000
2021-09-26T00:00:00Z,150.70000000,837958.06500000
2021-09-27T00:00:00Z,145.00000000,463173.18800000
2021-09-28T00:00:00Z,140.60000000,551914.77190000
2021-09-29T00:00:00Z,144.70000000,505249.15568000
2021-09-30T00:00:00Z,153.30000000,505878.24000000
2021-10-01T00:00:00Z,166.20000000,701432.91700000
2021-10-02T00:00:00Z,168.90000000,427845.77300000
2021-10-03T00:00:00Z,170.50000000,437060.78700000
2021-10-04T00:00:00Z,167.50000000,586624.93100000
2021-10-05T00:00:00Z,173.80000000,622714.61200000
2021-10-06T00:00:00Z,178.50000000,967921.40400000
2021-10-07T00:00:00Z,178.60000000,866672.44700000
2021-10-08T00:00:00Z,175.90000000,697493.03400000
2021-10-09T00:00:00Z,179.90000000,445979.88800000
2021-10-10T00:00:00Z,174.80000000,559785.15300000
2021-10-11T00:00:00Z,179.10000000,679614.98700000
2021-10-12T00:00:00Z,172.60000000,708173.90000000
2021-10-13T00:00:00Z,177.60000000,657952.56200000
2021-10-14T00:00:00Z,181.30000000,746399.18100000
2021-10-15T00:00:00Z,189.60000000,1143344.43800000
2021-10-16T00:00:00Z,186.00000000,576811.60500000
2021-10-17T00:00:00Z,183.70000000,475002.96300000
2021-10-18T00:00:00Z,185.60000000,591931.08300000
2021-10-19T00:00:00Z,188.80000000,598824.68800000
2021-10-20T00:00:00Z,207.30000000,1121684.82000000
2021-10-21T00:00:00Z,196.80000000,1129324.23500000
2021-10-22T00:00:00Z,191.00000000,731846.10500000
2021-10-23T00:00:00Z,196.30000000,413109.66400000
2021-10-24T00:00:00Z,190.40000000,568204.06000000
2021-10-25T00:00:00Z,195.50000000,435121.82200000
2021-10-26T00:00:00Z,197.60000000,571152.65500000
2021-10-27T00:00:00Z,179.30000000,1380721.92600000
2021-10-28T00:00:00Z,189.80000000,722390.73500000
2021-10-29T00:00:00Z,196.70000000,581094.60000000
2021-10-30T00:00:00Z,190.20000000,415371.62000000
2021-10-31T00:00:00Z,191.90000000,514684.87500000
2021-11-01T00:00:00Z,197.60000000,656176.59200000
2021-11-02T00:00:00Z,200.90000000,589454.74200000
2021-11-03T00:00:00Z,207.30000000,839855.94100000
2021-11-04T00:00:00Z,202.60000000,592543.49400000
2021-11-05T00:00:00Z,198.90000000,454701.02800000
2021-11-06T00:00:00Z,197.60000000,420636.05100000
2021-11-07T00:00:00Z,202.00000000,351383.08000000
2021-11-08T00:00:00Z,229.00000000,1380080.24700000
2021-11-09T00:00:00Z,262.00000000,3256268.81184000
2021-11-10T00:00:00Z,260.40000000,3733558.86070000
2021-11-11T00:00:00Z,262.30000000,1666490.10600000
2021-11-12T00:00:00Z,251.20000000,2414623.35200000
2021-11-13T00:00:00Z,257.70000000,1167201.21100000
2021-11-14T00:00:00Z,279.30000000,1358747.99700000
2021-11-15T00:00:00Z,263.00000000,1155933.60900000
2021-11-16T00:00:00Z,230.20000000,2396155.13000000
2021-11-17T00:00:00Z,229.60000000,1422751.18300000
2021-11-18T00:00:00Z,204.20000000,1689641.57400000
2021-11-19T00:00:00Z,217.90000000,1040819.80100000
2021-11-20T00:00:00Z,226.80000000,841347.75400000
2021-11-21T00:00:00Z,221.10000000,698329.31300000
2021-11-22T00:00:00Z,209.10000000,865031.63400000
2021-11-23T00:00:00Z,216.20000000,709895.64900000
2021-11-24T00:00:00Z,212.20000000,586526.86000000
2021-11-25T00:00:00Z,222.90000000,892094.61000000
2021-11-26T00:00:00Z,195.70000000,1536691.46100000
2021-11-27T00:00:00Z,195.10000000,524367.98200000
2021-11-28T00:00:00Z,199.50000000,723846.34400000
2021-11-29T00:00:00Z,205.50000000,810923.68800000
2021-11-30T00:00:00Z,207.80000000,1032919.45700000
2021-12-01T00:00:00Z,208.80000000,674057.31400000
2021-12-02T00:00:00Z,203.50000000,562121.73000000
2021-12-03T00:00:00Z,188.00000000,825086.40000000
2021-12-04T00:00:00Z,162.70000000,2758066.76925000
2021-12-05T00:00:00Z,156.30000000,1075867.59800000
2021-12-06T00:00:00Z,161.30000000,1097434.11300000
2021-12-07T00:00:00Z,161.80000000,672241.01000000
2021-12-08T00:00:00Z,165.10000000,890527.25200000
2021-12-09T00:00:00Z,151.30000000,648228.98200000
2021-12-10T00:00:00Z,148.30000000,704610.42800000
2021-12-11T00:00:00Z,158.00000000,558649.67700000
2021-12-12T00:00:00Z,159.00000000,382460.66900000
2021-12-13T00:00:00Z,144.60000000,628722.15900000
2021-12-14T00:00:00Z,150.40000000,511641.76900000
2021-12-15T00:00:00Z,153.60000000,611833.27800000
2021-12-16T00:00:00Z,148.90000000,434853.36100000
2021-12-17T00:00:00Z,144.10000000,472455.02300000
2021-12-18T00:00:00Z,148.60000000,300448.21900000
2021-12-19T00:00:00Z,153.20000000,738406.68200000
2021-12-20T00:00:00Z,152.60000000,550918.76900000
2021-12-21T00:00:00Z,154.70000000,375493.20500000
2021-12-22T00:00:00Z,155.40000000,414964.85000000
2021-12-23T00:00:00Z,163.60000000,521673.02100000
2021-12-24T00:00:00Z,161.20000000,411411.85600000
2021-12-25T00:00:00Z,157.80000000,456068.09400000
2021-12-26T00:00:00Z,155.70000000,887961.05900000
2021-12-27T00:00:00Z,155.90000000,464363.98000000
2021-12-28T00:00:00Z,145.70000000,679901.01400000
2021-12-29T00:00:00Z,145.50000000,444947.62800000
2021-12-30T00:00:00Z,148.00000000,318121.04600000
2021-12-31T00:00:00Z,146.30000000,344892.41000000
2022-01-01T00:00:00Z,150.80000000,225155.54000000
2022-01-02T00:00:00Z,151.20000000,228350.08700000
2022-01-03T00:00:00Z,148.50000000,291038.87300000
2022-01-04T00:00:00Z,146.50000000,331705.66300000
2022-01-05T00:00:00Z,135.40000000,601964.05700000
2022-01-06T00:00:00Z,135.90000000,531427.35700000
2022-01-07T00:00:00Z,131.40000000,733975.31191000
2022-01-08T00:00:00Z,129.40000000,450291.35478000
2022-01-09T00:00:00Z,130.90000000,321828.34300000
2022-01-10T00:00:00Z,126.50000000,621002.30603000
2022-01-11T00:00:00Z,131.60000000,396300.22000000
2022-01-12T00:00:00Z,141.90000000,387745.56700000
2022-01-13T00:00:00Z,136.70000000,462389.15400000
2022-01-14T00:00:00Z,144.70000000,588107.75200000
2022-01-15T00:00:00Z,147.70000000,461786.03600000
2022-01-16T00:00:00Z,146.40000000,323952.66500000
2022-01-17T00:00:00Z,151.20000000,809014.89500000
2022-01-18T00:00:00Z,141.50000000,605404.35900000
2022-01-19T00:00:00Z,136.20000000,437642.16500000
2022-01-20T00:00:00Z,129.70000000,404805.36500000
2022-01-21T00:00:00Z,114.50000000,1024703.15234000
2022-01-22T00:00:00Z,108.40000000,1345786.19070000
2022-01-23T00:00:00Z,112.30000000,588082.31700000
2022-01-24T00:00:00Z,109.50000000,1098206.51900000
2022-01-25T00:00:00Z,107.80000000,589373.56300000
2022-01-26T00:00:00Z,106.90000000,774954.38200000
2022-01-27T00:00:00Z,106.90000000,563991.76600000
2022-01-28T00:00:00Z,109.40000000,463842.23800000
2022-01-29T00:00:00Z,110.80000000,345775.89900000
2022-01-30T00:00:00Z,108.60000000,276376.29100000
2022-01-31T00:00:00Z,109.50000000,447814.46700000
2022-02-01T00:00:00Z,115.00000000,597661.67900000
2022-02-02T00:00:00Z,108.30000000,512026.26700000
2022-02-03T00:00:00Z,111.00000000,380748.90300000
2022-02-04T00:00:00Z,121.30000000,649501.13800000
2022-02-05T00:00:00Z,121.70000000,442597.01500000
2022-02-06T00:00:00Z,127.60000000,415141.01800000
2022-02-07T00:00:00Z,137.40000000,694509.79500000
2022-02-08T00:00:00Z,133.70000000,974024.21000000
2022-02-09T00:00:00Z,140.10000000,615072.43700000
2022-02-10T00:00:00Z,134.60000000,722895.22100000
2022-02-11T00:00:00Z,125.60000000,536508.56300000
2022-02-12T00:00:00Z,126.70000000,328295.30400000
2022-02-13T00:00:00Z,125.60000000,261891.16100000
2022-02-14T00:00:00Z,124.60000000,311463.00100000
2022-02-15T00:00:00Z,131.50000000,372015.05500000
2022-02-16T00:00:00Z,127.70000000,325088.11600000
2022-02-17T00:00:00Z,116.30000000,535445.23600000
2022-02-18T00:00:00Z,114.90000000,686552.34700000
2022-02-19T00:00:00Z,115.50000000,361933.43400000
2022-02-20T00:00:00Z,110.60000000,468241.93100000
2022-02-21T00:00:00Z,102.80000000,631230.77700000
2022-02-22T00:00:00Z,107.40000000,537388.74300000
2022-02-23T00:00:00Z,105.40000000,432495.97000000
2022-02-24T00:00:00Z,104.10000000,1288797.47718000
2022-02-25T00:00:00Z,109.20000000,604602.87800000
2022-02-26T00:00:00Z,108.20000000,456598.44000000
2022-02-27T00:00:00Z,102.90000000,417924.62600000
2022-02-28T00:00:00Z,113.70000000,574622.74000000
2022-03-01T00:00:00Z,112.50000000,601477.27400000
2022-03-02T00:00:00Z,110.30000000,513465.21700000
2022-03-03T00:00:00Z,111.70000000,638112.36100000
2022-03-04T00:00:00Z,101.00000000,635993.78500000
2022-03-05T00:00:00Z,104.90000000,298763.79800000
2022-03-06T00:00:00Z,101.10000000,312844.28200000
2022-03-07T00:00:00Z,98.40000000,518690.84200000
2022-03-08T00:00:00Z,100.70000000,489539.23100000
2022-03-09T00:00:00Z,106.90000000,548748.75900000
2022-03-10T00:00:00Z,102.50000000,544448.84600000
2022-03-11T00:00:00Z,104.60000000,462322.47300000
2022-03-12T00:00:00Z,105.60000000,273690.90200000
2022-03-13T00:00:00Z,101.70000000,267778.84900000
2022-03-14T00:00:00Z,105.60000000,461259.96100000
2022-03-15T00:00:00Z,106.80000000,455884.75200000
2022-03-16T00:00:00Z,111.40000000,627565.50400000
2022-03-17T00:00:00Z,110.20000000,315598.56500000
2022-03-18T00:00:00Z,111.90000000,362061.81100000
2022-03-19T00:00:00Z,116.80000000,455077.79800000
2022-03-20T00:00:00Z,114.90000000,456736.02900000
2022-03-21T00:00:00Z,116.00000000,414783.62200000
2022-03-22T00:00:00Z,122.70000000,613158.76500000
2022-03-23T00:00:00Z,122.40000000,404116.57500000
2022-03-24T00:00:00Z,126.50000000,494673.51700000
2022-03-25T00:00:00Z,123.90000000,388911.11400000
2022-03-26T00:00:00Z,124.80000000,222339.52100000
2022-03-27T00:00:00Z,129.70000000,360946.11500000
2022-03-28T00:00:00Z,127.60000000,485087.18100000
2022-03-29T00:00:00Z,130.10000000,402240.88800000
2022-03-30T00:00:00Z,131.10000000,469285.07500000
2022-03-31T00:00:00Z,123.80000000,925439.97600000
2022-04-01T00:00:00Z,124.80000000,459214.20100000
2022-04-02T00:00:00Z,124.80000000,446188.67000000
2022-04-03T00:00:00Z,128.70000000,304078.01900000
2022-04-04T00:00:00Z,124.80000000,459946.59100000
2022-04-05T00:00:00Z,122.70000000,266800.70700000
2022-04-06T00:00:00Z,111.70000000,609814.44600000
2022-04-07T00:00:00Z,114.10000000,302722.59800000
2022-04-08T00:00:00Z,110.70000000,361955.50200000
2022-04-09T00:00:00Z,112.70000000,192659.62800000
2022-04-10T00:00:00Z,110.30000000,201089.86500000
2022-04-11T00:00:00Z,102.40000000,440456.85100000
2022-04-12T00:00:00Z,104.80000000,298962.75100000
2022-04-13T00:00:00Z,110.50000000,389766.94500000
2022-04-14T00:00:00Z,107.30000000,323593.48700000
2022-04-15T00:00:00Z,111.00000000,303062.02500000
2022-04-16T00:00:00Z,114.30000000,256441.81800000
2022-04-17T00:00:00Z,108.80000000,275657.85700000
2022-04-18T00:00:00Z,111.30000000,433957.57700000
2022-04-19T00:00:00Z,113.80000000,267982.50300000
2022-04-20T00:00:00Z,111.90000000,317572.86900000
2022-04-21T00:00:00Z,106.80000000,374445.22000000
2022-04-22T00:00:00Z,105.40000000,307003.59500000
2022-04-23T00:00:00Z,105.10000000,151820.20100000
2022-04-24T00:00:00Z,104.60000000,188484.10300000
2022-04-25T00:00:00Z,104.60000000,464513.10800000
2022-04-26T00:00:00Z,98.60000000,370089.57000000
2022-04-27T00:00:00Z,100.50000000,295862.61000000
2022-04-28T00:00:00Z,103.30000000,543891.39100000
2022-04-29T00:00:00Z,100.40000000,394065.38500000
2022-04-30T00:00:00Z,95.80000000,343937.91300000
2022-05-01T00:00:00Z,99.30000000,295463.92500000
2022-05-02T00:00:00Z,100.70000000,330388.68000000
2022-05-03T00:00:00Z,99.40000000,307980.66800000
2022-05-04T00:00:00Z,106.30000000,475753.42100000
2022-05-05T00:00:00Z,96.80000000,586614.19500000
2022-05-06T00:00:00Z,96.70000000,494007.71100000
2022-05-07T00:00:00Z,94.30000000,298037.21500000
2022-05-08T00:00:00Z,93.90000000,441180.21000000
2022-05-09T00:00:00Z,76.20000000,1075917.38183000
2022-05-10T00:00:00Z,80.20000000,1335840.74274000
2022-05-11T00:00:00Z,66.60000000,2156656.19047000
2022-05-12T00:00:00Z,64.50000000,2076325.53921000
2022-05-13T00:00:00Z,67.90000000,1132719.66600000
2022-05-14T00:00:00Z,68.90000000,556982.00700000
2022-05-15T00:00:00Z,71.60000000,508046.55500000
2022-05-16T00:00:00Z,67.30000000,577142.75100000
2022-05-17T00:00:00Z,73.20000000,639716.30000000
2022-05-18T00:00:00Z,66.00000000,701726.50100000
2022-05-19T00:00:00Z,72.10000000,690029.82300000
2022-05-20T00:00:00Z,68.60000000,755303.03800000
2022-05-21T00:00:00Z,69.80000000,274675.04000000
2022-05-22T00:00:00Z,71.70000000,290794.18500000
2022-05-23T00:00:00Z,69.10000000,613835.76800000
2022-05-24T00:00:00Z,70.20000000,492877.96200000
2022-05-25T00:00:00Z,68.20000000,414049.81100000
2022-05-26T00:00:00Z,63.50000000,730443.12800000
2022-05-27T00:00:00Z,61.60000000,739704.08500000
2022-05-28T00:00:00Z,63.00000000,336506.62200000
2022-05-29T00:00:00Z,63.60000000,315852.35800000
2022-05-30T00:00:00Z,69.10000000,612046.03900000
2022-05-31T00:00:00Z,68.40000000,445048.54200000
2022-06-01T00:00:00Z,62.70000000,634020.20300000
2022-06-02T00:00:00Z,64.50000000,371742.76000000
2022-06-03T00:00:00Z,62.60000000,281679.96600000
2022-06-04T00:00:00Z,63.70000000,187841.04500000
2022-06-05T00:00:00Z,63.20000000,194186.31300000
2022-06-06T00:00:00Z,64.50000000,374528.28200000
2022-06-07T00:00:00Z,63.80000000,493587.56400000
2022-06-08T00:00:00Z,61.30000000,460948.57700000
2022-06-09T00:00:00Z,60.30000000,295546.59400000
2022-06-10T00:00:00Z,56.70000000,505271.34800000
2022-06-11T00:00:00Z,52.20000000,588679.33839000
2022-06-12T00:00:00Z,47.90000000,751665.40626000
2022-06-13T00:00:00Z,43.50000000,1585014.73295000
2022-06-14T00:00:00Z,46.15000000,1538135.28500000
2022-06-15T00:00:00Z,50.65000000,2010453.14000000
2022-06-16T00:00:00Z,44.78000000,1636635.97600000
2022-06-17T00:00:00Z,47.60000000,1207287.63200000
2022-06-18T00:00:00Z,47.18000000,1913775.17100000
2022-06-19T00:00:00Z,54.29000000,2451326.02000000
2022-06-20T00:00:00Z,52.77000000,1979924.02100000
2022-06-21T00:00:00Z,53.52000000,1381554.78500000
2022-06-22T00:00:00Z,52.13000000,927893.84600000
2022-06-23T00:00:00Z,55.74000000,994973.17200000
2022-06-24T00:00:00Z,55.84000000,730614.76400000
2022-06-25T00:00:00Z,58.88000000,618227.01200000
2022-06-26T00:00:00Z,56.61000000,518719.07700000
2022-06-27T00:00:00Z,55.86000000,397024.69400000
2022-06-28T00:00:00Z,52.68000000,428561.79800000
2022-06-29T00:00:00Z,53.68000000,451898.81300000
2022-06-30T00:00:00Z,53.84000000,505134.98800000
2022-07-01T00:00:00Z,51.19000000,606167.18700000
2022-07-02T00:00:00Z,50.55000000,395349.86100000
2022-07-03T00:00:00Z,50.95000000,319754.38300000
2022-07-04T00:00:00Z,52.26000000,428499.12800000
2022-07-05T00:00:00Z,49.70000000,567147.95500000
2022-07-06T00:00:00Z,50.34000000,369984.00700000
2022-07-07T00:00:00Z,52.15000000,478416.35700000
2022-07-08T00:00:00Z,51.35000000,539059.04800000
2022-07-09T00:00:00Z,54.09000000,369622.82900000
2022-07-10T00:00:00Z,52.12000000,793607.19700000
2022-07-11T00:00:00Z,48.71000000,458088.60100000
2022-07-12T00:00:00Z,47.33000000,466284.49700000
2022-07-13T00:00:00Z,49.56000000,601519.05600000
2022-07-14T00:00:00Z,51.32000000,522186.19100000
2022-07-15T00:00:00Z,51.78000000,544118.25300000
2022-07-16T00:00:00Z,55.08000000,437141.03500000
2022-07-17T00:00:00Z,55.76000000,488379.92600000
2022-07-18T00:00:00Z,58.60000000,704809.58900000
2022-07-19T00:00:00Z,57.90000000,648764.40500000
2022-07-20T00:00:00Z,57.20000000,823588.20500000
2022-07-21T00:00:00Z,58.02000000,495146.27000000
2022-07-22T00:00:00Z,56.09000000,504430.42100000
2022-07-23T00:00:00Z,56.32000000,359887.47900000
2022-07-24T00:00:00Z,58.39000000,353168.58100000
2022-07-25T00:00:00Z,54.00000000,480171.67400000
2022-07-26T00:00:00Z,53.88000000,420584.37200000
2022-07-27T00:00:00Z,59.01000000,536658.83100000
2022-07-28T00:00:00Z,63.41000000,793684.14300000
2022-07-29T00:00:00Z,60.65000000,598391.17000000
2022-07-30T00:00:00Z,60.42000000,571176.57200000
2022-07-31T00:00:00Z,59.74000000,362956.29700000
2022-08-01T00:00:00Z,59.44000000,413407.16300000
2022-08-02T00:00:00Z,58.05000000,499501.82700000
2022-08-03T00:00:00Z,57.77000000,497789.61100000
2022-08-04T00:00:00Z,59.65000000,438458.42400000
2022-08-05T00:00:00Z,62.47000000,487945.25500000
2022-08-06T00:00:00Z,60.83000000,221909.18400000
2022-08-07T00:00:00Z,61.10000000,242432.34100000
2022-08-08T00:00:00Z,62.61000000,403958.23900000
2022-08-09T00:00:00Z,59.16000000,467966.92000000
2022-08-10T00:00:00Z,61.59000000,683606.93100000
2022-08-11T00:00:00Z,61.84000000,451609.23000000
2022-08-12T00:00:00Z,62.88000000,361467.84300000
2022-08-13T00:00:00Z,63.80000000,502527.31400000
2022-08-14T00:00:00Z,63.14000000,453041.87800000
2022-08-15T00:00:00Z,60.67000000,521249.36100000
2022-08-16T00:00:00Z,61.33000000,367330.07800000
2022-08-17T00:00:00Z,60.52000000,718429.13400000
2022-08-18T00:00:00Z,60.02000000,422084.30000000
2022-08-19T00:00:00Z,53.99000000,807381.05300000
2022-08-20T00:00:00Z,54.10000000,651478.68200000
2022-08-21T00:00:00Z,55.67000000,377261.07700000
2022-08-22T00:00:00Z,57.22000000,877776.63200000
2022-08-23T00:00:00Z,57.08000000,562176.70500000
2022-08-24T00:00:00Z,56.46000000,437641.06200000
2022-08-25T00:00:00Z,56.63000000,379154.49900000
2022-08-26T00:00:00Z,52.68000000,663761.06100000
2022-08-27T00:00:00Z,53.01000000,342396.43600000
2022-08-28T00:00:00Z,53.41000000,571920.84400000
2022-08-29T00:00:00Z,55.80000000,635767.41400000
2022-08-30T00:00:00Z,53.01000000,505556.58500000
2022-08-31T00:00:00Z,53.84000000,441087.36600000
2022-09-01T00:00:00Z,57.58000000,746451.63300000
2022-09-02T00:00:00Z,60.99000000,970963.36500000
2022-09-03T00:00:00Z,60.15000000,604642.95000000
2022-09-04T00:00:00Z,60.90000000,416674.07900000
2022-09-05T00:00:00Z,60.39000000,550152.84500000
2022-09-06T00:00:00Z,54.11000000,893919.42300000
2022-09-07T00:00:00Z,57.31000000,791215.19800000
2022-09-08T00:00:00Z,57.96000000,526585.07800000
2022-09-09T00:00:00Z,61.13000000,640028.17700000
2022-09-10T00:00:00Z,63.28000000,643910.35800000
2022-09-11T00:00:00Z,62.16000000,491835.13800000
2022-09-12T00:00:00Z,61.38000000,492838.60400000
2022-09-13T00:00:00Z,59.10000000,1440002.97700000
2022-09-14T00:00:00Z,60.18000000,753407.47900000
2022-09-15T00:00:00Z,56.34000000,696696.51500000
2022-09-16T00:00:00Z,55.95000000,469333.52400000
2022-09-17T00:00:00Z,57.83000000,314150.49900000
2022-09-18T00:00:00Z,52.63000000,524264.69600000
2022-09-19T00:00:00Z,52.91000000,1189979.55500000
2022-09-20T00:00:00Z,52.30000000,740261.76900000
2022-09-21T00:00:00Z,51.09000000,948476.55700000
2022-09-22T00:00:00Z,53.57000000,615045.09700000
2022-09-23T00:00:00Z,55.22000000,628774.83800000
2022-09-24T00:00:00Z,53.43000000,477670.63500000
2022-09-25T00:00:00Z,52.53000000,388583.25400000
2022-09-26T00:00:00Z,53.44000000,462703.22700000
2022-09-27T00:00:00Z,52.65000000,594149.31200000
2022-09-28T00:00:00Z,53.29000000,486979.88700000
2022-09-29T00:00:00Z,53.96000000,415487.40200000
2022-09-30T00:00:00Z,53.48000000,417555.87400000
2022-10-01T00:00:00Z,52.92000000,227981.29000000
2022-10-02T00:00:00Z,51.82000000,245935.51700000
2022-10-03T00:00:00Z,54.17000000,377561.92900000
2022-10-04T00:00:00Z,55.28000000,379502.09100000
2022-10-05T00:00:00Z,54.63000000,340455.97900000
2022-10-06T00:00:00Z,53.53000000,389720.23800000
2022-10-07T00:00:00Z,52.83000000,353877.82200000
2022-10-08T00:00:00Z,52.79000000,244809.68100000
2022-10-09T00:00:00Z,53.90000000,197759.85600000
2022-10-10T00:00:00Z,52.63000000,393032.72500000
2022-10-11T00:00:00Z,52.03000000,325528.77000000
2022-10-12T00:00:00Z,52.23000000,355312.41500000
2022-10-13T00:00:00Z,51.10000000,598879.56200000
2022-10-14T00:00:00Z,51.31000000,320840.52900000
2022-10-15T00:00:00Z,50.39000000,230281.31700000
2022-10-16T00:00:00Z,51.43000000,231209.54600000
2022-10-17T00:00:00Z,51.82000000,219445.14500000
2022-10-18T00:00:00Z,51.86000000,267297.77000000
2022-10-19T00:00:00Z,50.94000000,232758.43500000
2022-10-20T00:00:00Z,51.22000000,271491.39200000
2022-10-21T00:00:00Z,51.63000000,305760.95100000
2022-10-22T00:00:00Z,52.18000000,187151.43500000
2022-10-23T00:00:00Z,54.03000000,251178.62500000
2022-10-24T00:00:00Z,52.54000000,349594.94100000
2022-10-25T00:00:00Z,55.92000000,560410.00400000
2022-10-26T00:00:00Z,56.39000000,516629.56800000
2022-10-27T00:00:00Z,54.75000000,429463.43100000
2022-10-28T00:00:00Z,54.92000000,434316.14400000
2022-10-29T00:00:00Z,56.60000000,551803.76100000
2022-10-30T00:00:00Z,55.35000000,375670.75700000
2022-10-31T00:00:00Z,55.01000000,474531.79300000
2022-11-01T00:00:00Z,55.10000000,350582.94400000
2022-11-02T00:00:00Z,60.95000000,2104437.28600000
2022-11-03T00:00:00Z,61.84000000,1374836.40700000
2022-11-04T00:00:00Z,67.58000000,1439948.15400000
2022-11-05T00:00:00Z,69.23000000,1110640.60100000
2022-11-06T00:00:00Z,68.26000000,805404.06400000
2022-11-07T00:00:00Z,67.42000000,1392881.03800000
2022-11-08T00:00:00Z,57.82000000,2190119.39500000
2022-11-09T00:00:00Z,50.68000000,2103687.61900000
2022-11-10T00:00:00Z,60.56000000,2070234.58200000
2022-11-11T00:00:00Z,61.49000000,1920110.08000000
2022-11-12T00:00:00Z,59.94000000,768579.23100000
2022-11-13T00:00:00Z,57.37000000,585950.81400000
2022-11-14T00:00:00Z,56.70000000,1455419.17100000
2022-11-15T00:00:00Z,58.01000000,785891.46200000
2022-11-16T00:00:00Z,57.49000000,708710.34300000
2022-11-17T00:00:00Z,62.59000000,1125276.94300000
2022-11-18T00:00:00Z,62.62000000,820500.72700000
2022-11-19T00:00:00Z,63.98000000,585835.65400000
2022-11-20T00:00:00Z,62.12000000,738121.30700000
2022-11-21T00:00:00Z,61.31000000,1219683.80100000
2022-11-22T00:00:00Z,70.66000000,2212093.04500000
2022-11-23T00:00:00Z,79.02000000,3062621.76600000
2022-11-24T00:00:00Z,78.66000000,1698054.06200000
2022-11-25T00:00:00Z,74.10000000,1546973.40800000
2022-11-26T00:00:00Z,76.47000000,1274051.02000000
2022-11-27T00:00:00Z,74.92000000,994997.59100000
2022-11-28T00:00:00Z,73.97000000,1474228.83100000
2022-11-29T00:00:00Z,75.80000000,1214848.55900000
2022-11-30T00:00:00Z,79.16000000,1108600.29200000
2022-12-01T00:00:00Z,77.57000000,968244.35600000
2022-12-02T00:00:00Z,77.94000000,582041.35000000
2022-12-03T00:00:00Z,76.47000000,432581.63100000
2022-12-04T00:00:00Z,77.07000000,390998.28800000
2022-12-05T00:00:00Z,80.19000000,1698312.83900000
2022-12-06T00:00:00Z,79.88000000,802781.09200000
2022-12-07T00:00:00Z,76.89000000,864677.81400000
2022-12-08T00:00:00Z,78.27000000,911785.77100000
2022-12-09T00:00:00Z,76.31000000,621921.16800000
2022-12-10T00:00:00Z,76.36000000,301184.28300000
2022-12-11T00:00:00Z,76.50000000,348230.24600000
2022-12-12T00:00:00Z,76.23000000,656093.65200000
2022-12-13T00:00:00Z,77.39000000,1018153.93800000
2022-12-14T00:00:00Z,75.30000000,911912.12900000
2022-12-15T00:00:00Z,72.42000000,598856.97400000
2022-12-16T00:00:00Z,66.25000000,1160661.94200000
2022-12-17T00:00:00Z,64.89000000,1344619.10700000
2022-12-18T00:00:00Z,64.37000000,639108.58400000
2022-12-19T00:00:00Z,63.37000000,866072.92200000
2022-12-20T00:00:00Z,65.55000000,850764.01500000
2022-12-21T00:00:00Z,65.40000000,573283.43300000
2022-12-22T00:00:00Z,66.21000000,505782.81100000
2022-12-23T00:00:00Z,65.75000000,387146.61300000
2022-12-24T00:00:00Z,65.76000000,218820.37600000
2022-12-25T00:00:00Z,69.15000000,563485.61600000
2022-12-26T00:00:00Z,70.78000000,724746.00300000
2022-12-27T00:00:00Z,68.67000000,688534.19900000
2022-12-28T00:00:00Z,66.32000000,693169.68600000
2022-12-29T00:00:00Z,66.66000000,498307.65600000
2022-12-30T00:00:00Z,67.94000000,476504.75500000
2022-12-31T00:00:00Z,70.14000000,563994.49700000
2023-01-01T00:00:00Z,70.91000000,497824.42400000
2023-01-02T00:00:00Z,74.74000000,1056995.28100000
2023-01-03T00:00:00Z,75.57000000,725798.10100000
2023-01-04T00:00:00Z,75.46000000,773197.79300000
2023-01-05T00:00:00Z,74.25000000,562086.16800000
2023-01-06T00:00:00Z,75.91000000,797819.97500000
2023-01-07T00:00:00Z,76.40000000,388687.64100000
2023-01-08T00:00:00Z,78.68000000,626879.18200000
2023-01-09T00:00:00Z,81.62000000,1179300.91700000
2023-01-10T00:00:00Z,80.83000000,847925.33600000
2023-01-11T00:00:00Z,84.08000000,968676.06900000
2023-01-12T00:00:00Z,86.09000000,1427276.09700000
2023-01-13T00:00:00Z,86.23000000,891288.55700000
2023-01-14T00:00:00Z,87.84000000,1747194.88100000
2023-01-15T00:00:00Z,87.37000000,586627.26700000
2023-01-16T00:00:00Z,85.91000000,750074.10700000
2023-01-17T00:00:00Z,87.02000000,740669.44800000
2023-01-18T00:00:00Z,82.62000000,935842.00400000
2023-01-19T00:00:00Z,84.21000000,484324.34100000
2023-01-20T00:00:00Z,90.28000000,757424.44700000
2023-01-21T00:00:00Z,87.91000000,720620.99700000
2023-01-22T00:00:00Z,87.58000000,501770.04100000
2023-01-23T00:00:00Z,89.90000000,691207.97400000
2023-01-24T00:00:00Z,87.19000000,499687.34400000
2023-01-25T00:00:00Z,89.38000000,529309.14700000
2023-01-26T00:00:00Z,87.52000000,475990.33400000
2023-01-27T00:00:00Z,88.89000000,418850.12600000
2023-01-28T00:00:00Z,89.67000000,392046.68100000
2023-01-29T00:00:00Z,94.84000000,1268331.01000000
2023-01-30T00:00:00Z,91.37000000,987138.22700000
2023-01-31T00:00:00Z,94.09000000,1045907.00200000
2023-02-01T00:00:00Z,100.33000000,1324424.13100000
2023-02-02T00:00:00Z,98.64000000,730534.05500000
2023-02-03T00:00:00Z,99.86000000,568938.08700000
2023-02-04T00:00:00Z,98.51000000,357081.56100000
2023-02-05T00:00:00Z,96.63000000,417682.27500000
2023-02-06T00:00:00Z,95.93000000,371415.94300000
2023-02-07T00:00:00Z,100.86000000,672704.47400000
2023-02-08T00:00:00Z,99.22000000,559839.76400000
2023-02-09T00:00:00Z,92.05000000,930317.55800000
2023-02-10T00:00:00Z,93.34000000,641293.68500000
2023-02-11T00:00:00Z,94.28000000,359543.17600000
2023-02-12T00:00:00Z,92.51000000,306598.20200000
2023-02-13T00:00:00Z,91.05000000,740201.59800000
2023-02-14T00:00:00Z,95.82000000,622092.63100000
2023-02-15T00:00:00Z,102.82000000,764436.26100000
2023-02-16T00:00:00Z,98.55000000,687509.19400000
2023-02-17T00:00:00Z,100.12000000,569585.27800000
2023-02-18T00:00:00Z,99.71000000,434788.19600000
2023-02-19T00:00:00Z,97.43000000,433963.15600000
2023-02-20T00:00:00Z,95.90000000,935281.52300000
2023-02-21T00:00:00Z,93.80000000,739676.01400000
2023-02-22T00:00:00Z,95.28000000,693131.99300000
2023-02-23T00:00:00Z,94.59000000,474230.84600000
2023-02-24T00:00:00Z,91.55000000,501375.88000000
2023-02-25T00:00:00Z,93.15000000,426347.65100000
2023-02-26T00:00:00Z,95.27000000,343656.07900000
2023-02-27T00:00:00Z,94.07000000,390505.03000000
2023-02-28T00:00:00Z,93.80000000,380334.63400000
2023-03-01T00:00:00Z,97.78000000,578624.04000000
2023-03-02T00:00:00Z,95.39000000,531837.14800000
2023-03-03T00:00:00Z,90.56000000,932908.77200000
2023-03-04T00:00:00Z,89.34000000,347999.15100000
2023-03-05T00:00:00Z,89.93000000,358378.99100000
2023-03-06T00:00:00Z,87.36000000,628899.91300000
2023-03-07T00:00:00Z,86.29000000,642884.79000000
2023-03-08T00:00:00Z,82.76000000,625642.83000000
2023-03-09T00:00:00Z,76.68000000,1098081.74200000
2023-03-10T00:00:00Z,71.37000000,1958666.30900000
2023-03-11T00:00:00Z,69.21000000,1897147.77300000
2023-03-12T00:00:00Z,76.26000000,1393380.04900000
2023-03-13T00:00:00Z,81.46000000,1843523.52100000
2023-03-14T00:00:00Z,83.94000000,1368971.07100000
2023-03-15T00:00:00Z,76.43000000,1324587.20200000
2023-03-16T00:00:00Z,78.86000000,792504.71200000
2023-03-17T00:00:00Z,85.51000000,935169.32100000
2023-03-18T00:00:00Z,83.02000000,990444.09400000
2023-03-19T00:00:00Z,83.98000000,612655.58200000
2023-03-20T00:00:00Z,78.05000000,943193.30800000
2023-03-21T00:00:00Z,82.48000000,906639.73100000
2023-03-22T00:00:00Z,87.27000000,1760098.98100000
2023-03-23T00:00:00Z,93.61000000,1868065.22700000
2023-03-24T00:00:00Z,93.58000000,1325987.08900000
2023-03-25T00:00:00Z,91.50000000,684739.49300000
2023-03-26T00:00:00Z,93.32000000,588285.44800000
2023-03-27T00:00:00Z,89.23000000,764069.75500000
2023-03-28T00:00:00Z,89.13000000,881860.67400000
2023-03-29T00:00:00Z,91.31000000,708985.06300000
2023-03-30T00:00:00Z,89.06000000,751300.11000000
2023-03-31T00:00:00Z,89.57000000,489786.45100000
2023-04-01T00:00:00Z,92.57000000,687331.24800000
2023-04-02T00:00:00Z,92.77000000,641228.63100000
2023-04-03T00:00:00Z,92.97000000,909253.98900000
2023-04-04T00:00:00Z,92.58000000,505371.32000000
2023-04-05T00:00:00Z,92.64000000,690226.20000000
2023-04-06T00:00:00Z,90.97000000,385392.35700000
2023-04-07T00:00:00Z,90.60000000,301548.40600000
2023-04-08T00:00:00Z,89.91000000,199093.06800000
2023-04-09T00:00:00Z,90.58000000,253822.74900000
2023-04-10T00:00:00Z,93.78000000,522079.98600000
2023-04-11T00:00:00Z,94.22000000,759225.85900000
2023-04-12T00:00:00Z,92.06000000,713535.19800000
2023-04-13T00:00:00Z,94.17000000,607464.04200000
2023-04-14T00:00:00Z,96.33000000,1044641.03600000
2023-04-15T00:00:00Z,96.68000000,343222.28700000
2023-04-16T00:00:00Z,100.01000000,902441.24300000
2023-04-17T00:00:00Z,98.84000000,692952.15700000
2023-04-18T00:00:00Z,101.95000000,817576.04500000
2023-04-19T00:00:00Z,90.47000000,1258566.95600000
2023-04-20T00:00:00Z,90.22000000,923591.76300000
2023-04-21T00:00:00Z,85.32000000,811762.12200000
2023-04-22T00:00:00Z,87.00000000,413059.79800000
2023-04-23T00:00:00Z,86.75000000,395182.07400000
2023-04-24T00:00:00Z,88.31000000,651422.31600000
2023-04-25T00:00:00Z,91.03000000,767570.93500000
2023-04-26T00:00:00Z,88.13000000,985517.49800000
2023-04-27T00:00:00Z,89.73000000,669510.16100000
2023-04-28T00:00:00Z,89.63000000,464509.67600000
2023-04-29T00:00:00Z,91.08000000,351205.81500000
2023-04-30T00:00:00Z,88.22000000,396494.58000000
2023-05-01T00:00:00Z,86.75000000,537906.62000000
2023-05-02T00:00:00Z,88.20000000,425254.86700000
2023-05-03T00:00:00Z,88.88000000,561552.26100000
2023-05-04T00:00:00Z,88.38000000,317092.93000000
2023-05-05T00:00:00Z,88.61000000,462767.02900000
2023-05-06T00:00:00Z,83.26000000,808799.89400000
2023-05-07T00:00:00Z,83.42000000,405461.48100000
2023-05-08T00:00:00Z,77.71000000,1093958.20100000
2023-05-09T00:00:00Z,79.90000000,652411.76000000
2023-05-10T00:00:00Z,80.93000000,862746.99800000
2023-05-11T00:00:00Z,80.88000000,787875.49600000
2023-05-12T00:00:00Z,80.45000000,770849.12900000
2023-05-13T00:00:00Z,80.26000000,378311.77100000
2023-05-14T00:00:00Z,83.50000000,475081.37800000
2023-05-15T00:00:00Z,86.89000000,1110552.09500000
2023-05-16T00:00:00Z,89.99000000,1212427.87900000
2023-05-17T00:00:00Z,93.88000000,1631954.23800000
2023-05-18T00:00:00Z,90.43000000,778910.54700000
2023-05-19T00:00:00Z,91.80000000,674615.43200000
2023-05-20T00:00:00Z,92.42000000,331961.71800000
2023-05-21T00:00:00Z,92.18000000,434485.44200000
2023-05-22T00:00:00Z,90.83000000,462506.22700000
2023-05-23T00:00:00Z,91.70000000,437608.28300000
2023-05-24T00:00:00Z,85.82000000,1241381.96000000
2023-05-25T00:00:00Z,86.57000000,836219.14100000
2023-05-26T00:00:00Z,87.08000000,684744.47900000
2023-05-27T00:00:00Z,88.55000000,335522.41700000
2023-05-28T00:00:00Z,91.45000000,582851.72900000
2023-05-29T00:00:00Z,90.86000000,484868.10900000
2023-05-30T00:00:00Z,92.25000000,553236.45500000
2023-05-31T00:00:00Z,90.42000000,730322.07200000
2023-06-01T00:00:00Z,94.19000000,1356811.01000000
2023-06-02T00:00:00Z,95.45000000,714015.96400000
2023-06-03T00:00:00Z,96.03000000,596590.88400000
2023-06-04T00:00:00Z,94.19000000,492464.06800000
2023-06-05T00:00:00Z,87.71000000,1320394.36000000
2023-06-06T00:00:00Z,90.92000000,836859.77100000
2023-06-07T00:00:00Z,88.85000000,691677.14600000
2023-06-08T00:00:00Z,88.50000000,405790.61100000
2023-06-09T00:00:00Z,89.30000000,437545.52900000
2023-06-10T00:00:00Z,77.13000000,1931078.31500000
2023-06-11T00:00:00Z,77.68000000,601244.43000000
2023-06-12T00:00:00Z,77.50000000,624473.42900000
2023-06-13T00:00:00Z,77.50000000,560306.83400000
2023-06-14T00:00:00Z,73.15000000,678793.19100000
2023-06-15T00:00:00Z,74.60000000,512970.92100000
2023-06-16T00:00:00Z,76.13000000,419230.73700000
2023-06-17T00:00:00Z,76.86000000,301798.53600000
2023-06-18T00:00:00Z,77.19000000,294006.38700000
2023-06-19T00:00:00Z,77.48000000,316595.52700000
2023-06-20T00:00:00Z,80.33000000,550346.96600000
2023-06-21T00:00:00Z,85.05000000,1229357.89000000
2023-06-22T00:00:00Z,85.93000000,796900.67500000
2023-06-23T00:00:00Z,91.26000000,1034513.87700000
2023-06-24T00:00:00Z,89.71000000,834154.05300000
2023-06-25T00:00:00Z,88.20000000,566508.55100000
2023-06-26T00:00:00Z,87.21000000,656513.03800000
2023-06-27T00:00:00Z,88.07000000,470344.95300000
2023-06-28T00:00:00Z,83.02000000,639774.73500000
2023-06-29T00:00:00Z,84.73000000,484623.80700000
2023-06-30T00:00:00Z,108.70000000,5474715.29300000
2023-07-01T00:00:00Z,107.10000000,2614144.40000000
2023-07-02T00:00:00Z,113.58000000,2299237.77500000
2023-07-03T00:00:00Z,107.27000000,1444586.94500000
2023-07-04T00:00:00Z,104.27000000,935566.37000000
2023-07-05T00:00:00Z,102.60000000,1410427.81600000
2023-07-06T00:00:00Z,95.25000000,1703635.88900000
2023-07-07T00:00:00Z,98.23000000,866824.09800000
2023-07-08T00:00:00Z,97.79000000,431026.02900000
2023-07-09T00:00:00Z,95.08000000,468670.42000000
2023-07-10T00:00:00Z,96.72000000,1108435.57600000
2023-07-11T00:00:00Z,96.77000000,775748.27500000
2023-07-12T00:00:00Z,96.21000000,681194.17000000
2023-07-13T00:00:00Z,101.85000000,1780959.22300000
2023-07-14T00:00:00Z,95.13000000,1470606.51500000
2023-07-15T00:00:00Z,94.78000000,474351.64700000
2023-07-16T00:00:00Z,92.89000000,493219.16800000
2023-07-17T00:00:00Z,92.20000000,825195.01500000
2023-07-18T00:00:00Z,91.56000000,547028.22100000
2023-07-19T00:00:00Z,91.99000000,610568.71200000
2023-07-20T00:00:00Z,92.37000000,763855.20300000
2023-07-21T00:00:00Z,94.09000000,562398.10400000
2023-07-22T00:00:00Z,92.09000000,523224.17700000
2023-07-23T00:00:00Z,93.16000000,459296.75400000
2023-07-24T00:00:00Z,89.14000000,744271.41800000
2023-07-25T00:00:00Z,89.45000000,437773.57400000
2023-07-26T00:00:00Z,90.64000000,523849.49800000
2023-07-27T00:00:00Z,90.60000000,492615.11700000
2023-07-28T00:00:00Z,91.44000000,400613.11600000
2023-07-29T00:00:00Z,94.32000000,483778.28500000
2023-07-30T00:00:00Z,94.03000000,1123107.13600000
2023-07-31T00:00:00Z,92.28000000,751748.35200000
2023-08-01T00:00:00Z,93.94000000,1191154.38100000
2023-08-02T00:00:00Z,87.54000000,1519927.12200000
2023-08-03T00:00:00Z,82.55000000,1131674.18500000
2023-08-04T00:00:00Z,82.20000000,956964.96800000
2023-08-05T00:00:00Z,83.12000000,353881.79100000
2023-08-06T00:00:00Z,82.57000000,376251.97100000
2023-08-07T00:00:00Z,82.49000000,531623.82800000
2023-08-08T00:00:00Z,83.86000000,735916.52800000
2023-08-09T00:00:00Z,84.08000000,381592.39600000
2023-08-10T00:00:00Z,83.14000000,337566.35300000
2023-08-11T00:00:00Z,83.58000000,186712.30800000
2023-08-12T00:00:00Z,83.47000000,178561.00700000
2023-08-13T00:00:00Z,81.92000000,331226.64100000
2023-08-14T00:00:00Z,82.11000000,330529.72300000
2023-08-15T00:00:00Z,79.26000000,600119.04200000
2023-08-16T00:00:00Z,74.56000000,1050727.64200000
2023-08-17T00:00:00Z,64.77000000,1709946.72200000
2023-08-18T00:00:00Z,63.98000000,1283276.07900000
2023-08-19T00:00:00Z,64.18000000,511070.91500000
2023-08-20T00:00:00Z,65.25000000,328241.94500000
2023-08-21T00:00:00Z,67.00000000,795770.09700000
2023-08-22T00:00:00Z,64.83000000,726834.41400000
2023-08-23T00:00:00Z,65.64000000,548642.36200000
2023-08-24T00:00:00Z,64.88000000,352946.42100000
2023-08-25T00:00:00Z,65.13000000,400427.67200000
2023-08-26T00:00:00Z,65.01000000,205559.91700000
2023-08-27T00:00:00Z,65.39000000,232033.92800000
2023-08-28T00:00:00Z,65.52000000,401983.00700000
2023-08-29T00:00:00Z,68.86000000,953145.16200000
2023-08-30T00:00:00Z,67.65000000,422458.33600000
2023-08-31T00:00:00Z,63.89000000,688058.05900000
2023-09-01T00:00:00Z,62.98000000,569049.85200000
2023-09-02T00:00:00Z,64.59000000,295503.14100000
2023-09-03T00:00:00Z,63.93000000,257480.23200000
2023-09-04T00:00:00Z,63.75000000,389301.43300000
2023-09-05T00:00:00Z,63.15000000,475655.47000000
2023-09-06T00:00:00Z,62.87000000,463879.22900000
2023-09-07T00:00:00Z,63.71000000,372442.94600000
2023-09-08T00:00:00Z,62.61000000,370397.71000000
2023-09-09T00:00:00Z,63.06000000,153119.40300000
2023-09-10T00:00:00Z,61.11000000,486962.35200000
2023-09-11T00:00:00Z,58.85000000,792927.54700000
2023-09-12T00:00:00Z,59.96000000,617319.81300000
2023-09-13T00:00:00Z,61.98000000,511853.42100000
2023-09-14T00:00:00Z,62.83000000,638084.84800000
2023-09-15T00:00:00Z,65.89000000,540624.75800000
2023-09-16T00:00:00Z,65.38000000,391265.32900000
2023-09-17T00:00:00Z,63.55000000,497205.27600000
2023-09-18T00:00:00Z,65.89000000,790412.33700000
2023-09-19T00:00:00Z,67.28000000,527023.35600000
2023-09-20T00:00:00Z,64.55000000,931126.90600000
2023-09-21T00:00:00Z,64.69000000,449081.78000000
2023-09-22T00:00:00Z,64.37000000,442545.40300000
2023-09-23T00:00:00Z,65.07000000,387901.57100000
2023-09-24T00:00:00Z,63.58000000,207773.25000000
2023-09-25T00:00:00Z,64.33000000,258415.69300000
2023-09-26T00:00:00Z,63.80000000,371056.26300000
2023-09-27T00:00:00Z,63.53000000,351266.02800000
2023-09-28T00:00:00Z,65.21000000,446339.74200000
2023-09-29T00:00:00Z,65.55000000,350400.95600000
2023-09-30T00:00:00Z,65.97000000,179434.20200000
2023-10-01T00:00:00Z,68.19000000,430058.02700000
2023-10-02T00:00:00Z,65.97000000,558987.86700000
2023-10-03T00:00:00Z,65.50000000,264841.85700000
2023-10-04T00:00:00Z,64.40000000,389378.98500000
2023-10-05T00:00:00Z,64.80000000,371850.64000000
2023-10-06T00:00:00Z,65.50000000,258989.34700000
2023-10-07T00:00:00Z,65.45000000,177304.89900000
2023-10-08T00:00:00Z,65.34000000,316323.18500000
2023-10-09T00:00:00Z,63.07000000,448896.38500000
2023-10-10T00:00:00Z,63.61000000,234743.16300000
2023-10-11T00:00:00Z,61.55000000,287049.19100000
2023-10-12T00:00:00Z,61.12000000,285371.23100000
2023-10-13T00:00:00Z,61.58000000,358112.19500000
2023-10-14T00:00:00Z,61.62000000,121555.63900000
2023-10-15T00:00:00Z,61.63000000,140207.93500000
2023-10-16T00:00:00Z,63.19000000,679996.39200000
2023-10-17T00:00:00Z,62.07000000,285933.96000000
2023-10-18T00:00:00Z,60.23000000,320321.65200000
2023-10-19T00:00:00Z,61.78000000,277475.09000000
2023-10-20T00:00:00Z,63.38000000,437547.95900000
2023-10-21T00:00:00Z,64.75000000,336999.65900000
2023-10-22T00:00:00Z,65.26000000,569753.64700000
2023-10-23T00:00:00Z,69.02000000,788986.44400000
2023-10-24T00:00:00Z,69.15000000,927287.44800000
2023-10-25T00:00:00Z,68.71000000,555761.14400000
2023-10-26T00:00:00Z,68.76000000,594733.36200000
2023-10-27T00:00:00Z,66.99000000,430964.80000000
2023-10-28T00:00:00Z,67.73000000,393365.01000000
2023-10-29T00:00:00Z,68.79000000,254650.08500000
2023-10-30T00:00:00Z,69.21000000,391259.07300000
2023-10-31T00:00:00Z,68.89000000,616209.44000000
2023-11-01T00:00:00Z,69.97000000,758567.52600000
2023-11-02T00:00:00Z,69.43000000,658461.34700000
2023-11-03T00:00:00Z,69.45000000,366590.45300000
2023-11-04T00:00:00Z,70.41000000,286371.77800000
2023-11-05T00:00:00Z,71.60000000,604752.66300000
2023-11-06T00:00:00Z,74.46000000,517587.68100000
2023-11-07T00:00:00Z,73.41000000,587908.07200000
2023-11-08T00:00:00Z,73.07000000,454113.58000000
2023-11-09T00:00:00Z,73.83000000,1037301.53500000
2023-11-10T00:00:00Z,73.28000000,659369.92000000
2023-11-11T00:00:00Z,75.26000000,701397.29900000
2023-11-12T00:00:00Z,74.88000000,759337.89400000
2023-11-13T00:00:00Z,71.10000000,687416.72700000
2023-11-14T00:00:00Z,70.61000000,612778.52000000
2023-11-15T00:00:00Z,74.03000000,546364.96400000
2023-11-16T00:00:00Z,70.97000000,516234.01200000
2023-11-17T00:00:00Z,70.29000000,701059.33500000
2023-11-18T00:00:00Z,69.86000000,319967.12100000
2023-11-19T00:00:00Z,70.54000000,267656.39700000
2023-11-20T00:00:00Z,69.51000000,363216.73600000
2023-11-21T00:00:00Z,66.15000000,766319.59000000
2023-11-22T00:00:00Z,68.70000000,411855.15200000
2023-11-23T00:00:00Z,69.51000000,487505.59300000
2023-11-24T00:00:00Z,70.73000000,431373.89800000
2023-11-25T00:00:00Z,71.87000000,300567.55800000
2023-11-26T00:00:00Z,70.03000000,373752.05600000
2023-11-27T00:00:00Z,69.22000000,322130.62700000
2023-11-28T00:00:00Z,69.77000000,633474.87300000
2023-11-29T00:00:00Z,70.00000000,304678.50200000
2023-11-30T00:00:00Z,69.42000000,212371.48000000
2023-12-01T00:00:00Z,71.57000000,478440.25100000
2023-12-02T00:00:00Z,72.20000000,286408.09000000
2023-12-03T00:00:00Z,72.31000000,285246.30300000
2023-12-04T00:00:00Z,72.93000000,1008230.99500000
2023-12-05T00:00:00Z,74.34000000,543100.84400000
2023-12-06T00:00:00Z,72.41000000,640078.05100000
2023-12-07T00:00:00Z,74.02000000,564515.73400000
2023-12-08T00:00:00Z,78.50000000,857419.48500000
2023-12-09T00:00:00Z,76.32000000,736505.03500000
2023-12-10T00:00:00Z,77.18000000,559666.19500000
2023-12-11T00:00:00Z,72.67000000,988665.17800000
2023-12-12T00:00:00Z,72.37000000,476918.62600000
2023-12-13T00:00:00Z,73.12000000,716835.32600000
2023-12-14T00:00:00Z,72.93000000,673631.56100000
2023-12-15T00:00:00Z,70.93000000,388128.51500000
2023-12-16T00:00:00Z,72.19000000,273166.63600000
2023-12-17T00:00:00Z,71.18000000,405335.59400000
2023-12-18T00:00:00Z,70.85000000,516602.69600000
2023-12-19T00:00:00Z,70.73000000,342815.35800000
2023-12-20T00:00:00Z,69.83000000,738447.84100000
2023-12-21T00:00:00Z,70.93000000,581051.40000000
2023-12-22T00:00:00Z,73.58000000,539144.64900000
2023-12-23T00:00:00Z,72.45000000,472707.30100000
2023-12-24T00:00:00Z,71.12000000,507808.47500000
2023-12-25T00:00:00Z,72.22000000,364732.75200000
2023-12-26T00:00:00Z,73.24000000,851162.76500000
2023-12-27T00:00:00Z,75.98000000,929059.45400000
2023-12-28T00:00:00Z,76.51000000,981067.89300000
2023-12-29T00:00:00Z,73.25000000,909063.66900000
2023-12-30T00:00:00Z,73.22000000,460911.04100000
2023-12-31T00:00:00Z,72.83000000,403057.35700000
2024-01-01T00:00:00Z,74.72000000,308376.95000000
2024-01-02T00:00:00Z,72.97000000,608280.86300000
2024-01-03T00:00:00Z,65.24000000,1513212.29700000
2024-01-04T00:00:00Z,66.41000000,728924.87800000
2024-01-05T00:00:00Z,66.00000000,659391.05700000
2024-01-06T00:00:00Z,65.64000000,404291.40400000
2024-01-07T00:00:00Z,64.27000000,357443.91800000
2024-01-08T00:00:00Z,67.73000000,923906.45300000
2024-01-09T00:00:00Z,66.99000000,812582.61800000
2024-01-10T00:00:00Z,70.10000000,852014.19800000
2024-01-11T00:00:00Z,71.88000000,1211539.09800000
2024-01-12T00:00:00Z,72.97000000,1734006.08700000
2024-01-13T00:00:00Z,71.98000000,629910.67000000
2024-01-14T00:00:00Z,69.78000000,482807.61200000
2024-01-15T00:00:00Z,69.13000000,386493.93800000
2024-01-16T00:00:00Z,69.44000000,461916.82900000
2024-01-17T00:00:00Z,69.46000000,382828.25500000
2024-01-18T00:00:00Z,68.11000000,742990.25800000
2024-01-19T00:00:00Z,71.29000000,647355.32700000
2024-01-20T00:00:00Z,71.36000000,614429.98700000
2024-01-21T00:00:00Z,71.75000000,311753.37300000
2024-01-22T00:00:00Z,67.36000000,770518.90300000
2024-01-23T00:00:00Z,65.50000000,701502.87100000
2024-01-24T00:00:00Z,66.13000000,385420.81300000
2024-01-25T00:00:00Z,65.50000000,275087.10100000
2024-01-26T00:00:00Z,67.05000000,321128.16200000
2024-01-27T00:00:00Z,68.06000000,248869.99900000
2024-01-28T00:00:00Z,68.35000000,301025.60300000
2024-01-29T00:00:00Z,68.43000000,435412.27000000
2024-01-30T00:00:00Z,67.47000000,299636.98100000
2024-01-31T00:00:00Z,66.76000000,612212.17600000
2024-02-01T00:00:00Z,67.54000000,289235.14300000
2024-02-02T00:00:00Z,68.05000000,209541.96900000
2024-02-03T00:00:00Z,68.81000000,215935.27200000
2024-02-04T00:00:00Z,66.94000000,288180.81300000
2024-02-05T00:00:00Z,67.70000000,272431.23400000
2024-02-06T00:00:00Z,68.29000000,317363.77300000
2024-02-07T00:00:00Z,68.62000000,355491.45300000
2024-02-08T00:00:00Z,70.53000000,461057.05300000
2024-02-09T00:00:00Z,70.64000000,774603.89700000
2024-02-10T00:00:00Z,70.80000000,369470.12700000
2024-02-11T00:00:00Z,71.55000000,613948.44900000
2024-02-12T00:00:00Z,72.82000000,487609.66700000
2024-02-13T00:00:00Z,68.97000000,1069326.64700000
2024-02-14T00:00:00Z,69.81000000,1053386.60900000
2024-02-15T00:00:00Z,69.76000000,892633.76100000
2024-02-16T00:00:00Z,70.59000000,564443.74000000
2024-02-17T00:00:00Z,69.97000000,436214.24600000
2024-02-18T00:00:00Z,70.80000000,393086.49500000
2024-02-19T00:00:00Z,71.30000000,521590.66700000
2024-02-20T00:00:00Z,69.65000000,782301.91200000
2024-02-21T00:00:00Z,68.90000000,472252.10300000
2024-02-22T00:00:00Z,68.80000000,516782.93000000
2024-02-23T00:00:00Z,68.80000000,394735.96500000
2024-02-24T00:00:00Z,70.41000000,368401.43100000
2024-02-25T00:00:00Z,70.16000000,332747.79000000
2024-02-26T00:00:00Z,71.93000000,754791.39700000
2024-02-27T00:00:00Z,73.97000000,1532194.55200000
2024-02-28T00:00:00Z,74.48000000,1803955.73500000
2024-02-29T00:00:00Z,79.92000000,2443670.28000000
2024-03-01T00:00:00Z,84.87000000,1292518.57600000
2024-03-02T00:00:00Z,94.49000000,2225902.68200000
2024-03-03T00:00:00Z,90.70000000,1320154.00100000
2024-03-04T00:00:00Z,88.95000000,1600382.33800000
2024-03-05T00:00:00Z,81.93000000,2974147.71600000
2024-03-06T00:00:00Z,85.87000000,1429676.91800000
2024-03-07T00:00:00Z,88.00000000,1274384.44800000
2024-03-08T00:00:00Z,88.32000000,1299568.77000000
2024-03-09T00:00:00Z,90.67000000,904845.67900000
2024-03-10T00:00:00Z,87.43000000,717059.19100000
2024-03-11T00:00:00Z,103.86000000,3096267.32700000
2024-03-12T00:00:00Z,97.52000000,2441251.83800000
2024-03-13T00:00:00Z,97.24000000,1134069.07100000
2024-03-14T00:00:00Z,94.08000000,1440061.81500000
2024-03-15T00:00:00Z,89.75000000,1627567.33700000
2024-03-16T00:00:00Z,84.12000000,1149294.87300000
2024-03-17T00:00:00Z,85.93000000,853819.75800000
2024-03-18T00:00:00Z,86.77000000,978580.69800000
2024-03-19T00:00:00Z,78.45000000,1961637.32900000
2024-03-20T00:00:00Z,84.65000000,1363127.95200000
2024-03-21T00:00:00Z,85.75000000,934690.54400000
2024-03-22T00:00:00Z,83.40000000,725163.71800000
2024-03-23T00:00:00Z,85.26000000,803555.89000000
2024-03-24T00:00:00Z,89.65000000,1052477.66300000
2024-03-25T00:00:00Z,90.58000000,1095171.16600000
2024-03-26T00:00:00Z,95.77000000,1767545.15500000
2024-03-27T00:00:00Z,93.55000000,1793109.08800000
2024-03-28T00:00:00Z,94.11000000,1112111.51800000
2024-03-29T00:00:00Z,109.06000000,3289558.98000000
2024-03-30T00:00:00Z,102.84000000,1242387.90600000
2024-03-31T00:00:00Z,105.01000000,1034072.53500000
2024-04-01T00:00:00Z,99.20000000,2502382.04700000
2024-04-02T00:00:00Z,106.75000000,2878977.19900000
2024-04-03T00:00:00Z,98.33000000,1868400.41500000
2024-04-04T00:00:00Z,98.38000000,1786345.49300000
2024-04-05T00:00:00Z,97.82000000,1244726.34300000
2024-04-06T00:00:00Z,101.60000000,771438.41000000
2024-04-07T00:00:00Z,101.21000000,938207.85700000
2024-04-08T00:00:00Z,103.27000000,1013133.78300000
2024-04-09T00:00:00Z,97.53000000,914660.53600000
2024-04-10T00:00:00Z,96.71000000,891774.88100000
2024-04-11T00:00:00Z,98.78000000,802195.58400000
2024-04-12T00:00:00Z,86.08000000,2094321.09800000
2024-04-13T00:00:00Z,77.33000000,2633053.68000000
2024-04-14T00:00:00Z,79.72000000,1630408.56200000
2024-04-15T00:00:00Z,78.10000000,1410368.59300000
2024-04-16T00:00:00Z,79.94000000,771397.83900000
2024-04-17T00:00:00Z,80.19000000,653290.46500000
2024-04-18T00:00:00Z,80.75000000,868441.99400000
2024-04-19T00:00:00Z,80.87000000,742141.86500000
2024-04-20T00:00:00Z,85.04000000,435008.95100000
2024-04-21T00:00:00Z,84.16000000,361745.44500000
2024-04-22T00:00:00Z,85.39000000,589746.58800000
2024-04-23T00:00:00Z,85.02000000,436631.33500000
2024-04-24T00:00:00Z,83.25000000,931482.38500000
2024-04-25T00:00:00Z,83.78000000,670805.32100000
2024-04-26T00:00:00Z,88.10000000,1062310.42400000
2024-04-27T00:00:00Z,83.88000000,699795.45000000
2024-04-28T00:00:00Z,83.99000000,384000.28800000
2024-04-29T00:00:00Z,83.51000000,519097.01500000
2024-04-30T00:00:00Z,79.49000000,616460.34300000
2024-05-01T00:00:00Z,80.17000000,713810.49500000
2024-05-02T00:00:00Z,80.02000000,398879.39600000
2024-05-03T00:00:00Z,81.85000000,426096.04800000
2024-05-04T00:00:00Z,81.66000000,294701.79600000
2024-05-05T00:00:00Z,81.32000000,336649.50500000
2024-05-06T00:00:00Z,80.79000000,580780.59400000
2024-05-07T00:00:00Z,80.84000000,493066.08300000
2024-05-08T00:00:00Z,81.70000000,486202.43800000
2024-05-09T00:00:00Z,83.08000000,352236.76500000
2024-05-10T00:00:00Z,80.22000000,420451.97600000
2024-05-11T00:00:00Z,81.39000000,258119.13000000
2024-05-12T00:00:00Z,81.41000000,186561.69800000
2024-05-13T00:00:00Z,80.62000000,448137.78800000
2024-05-14T00:00:00Z,78.79000000,482795.26700000
2024-05-15T00:00:00Z,82.45000000,464809.11600000
2024-05-16T00:00:00Z,82.43000000,347670.91900000
2024-05-17T00:00:00Z,84.14000000,326396.42100000
2024-05-18T00:00:00Z,83.84000000,215539.47300000
2024-05-19T00:00:00Z,82.40000000,227737.17500000
2024-05-20T00:00:00Z,88.64000000,599212.26900000
2024-05-21T00:00:00Z,88.26000000,905649.07600000
2024-05-22T00:00:00Z,85.78000000,537922.52000000
2024-05-23T00:00:00Z,85.45000000,984635.68700000
2024-05-24T00:00:00Z,85.00000000,591773.87500000
2024-05-25T00:00:00Z,84.98000000,251017.31600000
2024-05-26T00:00:00Z,83.90000000,279388.43500000
2024-05-27T00:00:00Z,85.24000000,346465.82400000
2024-05-28T00:00:00Z,83.44000000,475207.66100000
2024-05-29T00:00:00Z,83.59000000,334222.34200000
2024-05-30T00:00:00Z,84.42000000,441661.87400000
2024-05-31T00:00:00Z,83.21000000,355784.53200000
2024-06-01T00:00:00Z,83.48000000,172096.50500000
2024-06-02T00:00:00Z,83.11000000,285093.34700000
2024-06-03T00:00:00Z,82.82000000,379200.72000000
2024-06-04T00:00:00Z,83.65000000,340359.32900000
2024-06-05T00:00:00Z,85.44000000,302276.54500000
2024-06-06T00:00:00Z,84.19000000,296197.82400000
2024-06-07T00:00:00Z,80.13000000,782793.30100000
2024-06-08T00:00:00Z,79.97000000,257436.33800000
2024-06-09T00:00:00Z,80.49000000,163718.62300000
2024-06-10T00:00:00Z,79.66000000,245521.34100000
2024-06-11T00:00:00Z,77.32000000,673700.59100000
2024-06-12T00:00:00Z,78.50000000,474723.84200000
2024-06-13T00:00:00Z,79.15000000,375356.23900000
2024-06-14T00:00:00Z,77.61000000,513907.51500000
2024-06-15T00:00:00Z,79.23000000,234242.45000000
2024-06-16T00:00:00Z,78.98000000,189493.65900000
2024-06-17T00:00:00Z,76.59000000,452907.38100000
2024-06-18T00:00:00Z,72.66000000,731466.11800000
2024-06-19T00:00:00Z,73.77000000,316900.18900000
2024-06-20T00:00:00Z,74.69000000,371950.59800000
2024-06-21T00:00:00Z,74.17000000,523545.99100000
2024-06-22T00:00:00Z,74.61000000,179086.36400000
2024-06-23T00:00:00Z,73.37000000,183031.02200000
2024-06-24T00:00:00Z,69.68000000,712802.62900000
2024-06-25T00:00:00Z,71.35000000,369103.55200000
2024-06-26T00:00:00Z,71.02000000,286798.11800000
2024-06-27T00:00:00Z,73.28000000,300895.69100000
2024-06-28T00:00:00Z,72.90000000,412794.01800000
2024-06-29T00:00:00Z,74.95000000,348415.31500000
2024-06-30T00:00:00Z,75.31000000,317637.76400000
2024-07-01T00:00:00Z,74.38000000,270636.83300000
2024-07-02T00:00:00Z,76.04000000,243844.12800000
2024-07-03T00:00:00Z,72.08000000,393529.35800000
2024-07-04T00:00:00Z,65.42000000,534114.97500000
2024-07-05T00:00:00Z,61.85000000,1437934.90700000
2024-07-06T00:00:00Z,65.39000000,320005.36400000
2024-07-07T00:00:00Z,62.05000000,287837.52400000
2024-07-08T00:00:00Z,64.92000000,542865.40000000
2024-07-09T00:00:00Z,65.30000000,237630.52600000
2024-07-10T00:00:00Z,66.96000000,288677.29900000
2024-07-11T00:00:00Z,67.36000000,294587.38100000
2024-07-12T00:00:00Z,69.25000000,401927.86000000
2024-07-13T00:00:00Z,69.82000000,258768.92700000
2024-07-14T00:00:00Z,69.92000000,228944.76500000
2024-07-15T00:00:00Z,72.29000000,435940.94600000
2024-07-16T00:00:00Z,73.21000000,435389.18400000
2024-07-17T00:00:00Z,71.38000000,344202.11000000
2024-07-18T00:00:00Z,71.63000000,238896.66900000
2024-07-19T00:00:00Z,73.40000000,356994.20800000
2024-07-20T00:00:00Z,73.03000000,199919.21300000
2024-07-21T00:00:00Z,73.98000000,264424.14600000
2024-07-22T00:00:00Z,71.26000000,371305.96000000
2024-07-23T00:00:00Z,72.92000000,353283.96300000
2024-07-24T00:00:00Z,71.29000000,261735.81500000
2024-07-25T00:00:00Z,68.79000000,410661.56900000
2024-07-26T00:00:00Z,71.31000000,234994.90500000
2024-07-27T00:00:00Z,71.32000000,255064.97700000
2024-07-28T00:00:00Z,71.07000000,149307.52100000
2024-07-29T00:00:00Z,73.69000000,577061.85100000
2024-07-30T00:00:00Z,71.69000000,242566.58600000
2024-07-31T00:00:00Z,70.14000000,257184.99300000
2024-08-01T00:00:00Z,69.59000000,408394.94200000
2024-08-02T00:00:00Z,65.06000000,395849.52100000
2024-08-03T00:00:00Z,64.65000000,375256.36700000
2024-08-04T00:00:00Z,62.46000000,313781.19800000
2024-08-05T00:00:00Z,56.08000000,2173870.07000000
2024-08-06T00:00:00Z,58.25000000,492339.71100000
2024-08-07T00:00:00Z,55.99000000,620230.42700000
2024-08-08T00:00:00Z,61.16000000,372849.94000000
2024-08-09T00:00:00Z,60.72000000,286289.92200000
2024-08-10T00:00:00Z,61.16000000,199810.95900000
2024-08-11T00:00:00Z,59.73000000,306212.88200000
2024-08-12T00:00:00Z,61.50000000,444394.90400000
2024-08-13T00:00:00Z,63.44000000,296388.60100000
2024-08-14T00:00:00Z,64.06000000,334518.91000000
2024-08-15T00:00:00Z,65.33000000,572346.50000000
2024-08-16T00:00:00Z,66.49000000,425227.85400000
2024-08-17T00:00:00Z,67.59000000,218390.87800000
2024-08-18T00:00:00Z,66.33000000,291014.37300000
2024-08-19T00:00:00Z,66.32000000,325938.67900000
2024-08-20T00:00:00Z,64.41000000,423924.76900000
2024-08-21T00:00:00Z,64.27000000,453834.36200000
2024-08-22T00:00:00Z,63.77000000,321301.24300000
2024-08-23T00:00:00Z,66.10000000,427315.74300000
2024-08-24T00:00:00Z,66.57000000,307082.89700000
2024-08-25T00:00:00Z,64.82000000,273239.65600000
2024-08-26T00:00:00Z,63.01000000,325813.77500000
2024-08-27T00:00:00Z,60.38000000,401987.14600000
2024-08-28T00:00:00Z,61.82000000,393591.32400000
2024-08-29T00:00:00Z,62.47000000,646057.53100000
2024-08-30T00:00:00Z,64.94000000,445694.64700000
2024-08-31T00:00:00Z,64.97000000,333260.00600000
2024-09-01T00:00:00Z,63.59000000,275100.42100000
2024-09-02T00:00:00Z,65.33000000,338228.78300000
2024-09-03T00:00:00Z,64.36000000,320522.78900000
2024-09-04T00:00:00Z,65.42000000,425540.63800000
2024-09-05T00:00:00Z,66.08000000,736165.40900000
2024-09-06T00:00:00Z,63.05000000,503464.82400000
2024-09-07T00:00:00Z,62.07000000,315700.65600000
2024-09-08T00:00:00Z,60.95000000,393724.27400000
2024-09-09T00:00:00Z,61.42000000,595870.78700000
2024-09-10T00:00:00Z,61.51000000,377145.92900000
2024-09-11T00:00:00Z,62.19000000,489748.89000000
2024-09-12T00:00:00Z,62.84000000,383572.63900000
2024-09-13T00:00:00Z,64.91000000,407124.40600000
2024-09-14T00:00:00Z,65.91000000,414127.09100000
2024-09-15T00:00:00Z,63.24000000,295654.67700000
2024-09-16T00:00:00Z,62.62000000,291156.15300000
2024-09-17T00:00:00Z,63.77000000,298536.81900000
2024-09-18T00:00:00Z,64.84000000,302989.04700000
2024-09-19T00:00:00Z,65.40000000,345158.43100000
2024-09-20T00:00:00Z,65.33000000,358959.11400000
2024-09-21T00:00:00Z,66.84000000,222813.66100000
2024-09-22T00:00:00Z,68.68000000,306313.85400000
2024-09-23T00:00:00Z,66.96000000,311939.21300000
2024-09-24T00:00:00Z,66.70000000,311050.76400000
2024-09-25T00:00:00Z,66.55000000,251370.12600000
2024-09-26T00:00:00Z,68.54000000,293448.78000000
2024-09-27T00:00:00Z,71.13000000,377138.73300000
2024-09-28T00:00:00Z,69.95000000,324204.13100000
2024-09-29T00:00:00Z,69.27000000,217931.54800000
2024-09-30T00:00:00Z,66.82000000,350738.25700000
2024-10-01T00:00:00Z,63.41000000,476778.20300000
2024-10-02T00:00:00Z,62.95000000,333252.43100000
2024-10-03T00:00:00Z,63.44000000,338510.31900000
2024-10-04T00:00:00Z,64.95000000,232700.15100000
2024-10-05T00:00:00Z,66.29000000,209580.31300000
2024-10-06T00:00:00Z,67.02000000,205595.55800000
2024-10-07T00:00:00Z,64.77000000,343005.62800000
2024-10-08T00:00:00Z,65.69000000,237887.62400000
2024-10-09T00:00:00Z,64.59000000,300940.04600000
2024-10-10T00:00:00Z,64.32000000,218900.38000000
2024-10-11T00:00:00Z,65.58000000,213209.34500000
2024-10-12T00:00:00Z,66.19000000,156600.64600000
2024-10-13T00:00:00Z,64.80000000,169832.93900000
2024-10-14T00:00:00Z,66.83000000,392472.56700000
2024-10-15T00:00:00Z,70.87000000,1052315.14500000
2024-10-16T00:00:00Z,70.08000000,659266.46600000
2024-10-17T00:00:00Z,72.80000000,572727.85700000
2024-10-18T00:00:00Z,73.11000000,465869.73200000
2024-10-19T00:00:00Z,74.90000000,310186.92500000
2024-10-20T00:00:00Z,74.30000000,294976.53500000
2024-10-21T00:00:00Z,70.77000000,406227.56400000
2024-10-22T00:00:00Z,70.04000000,700483.12500000
2024-10-23T00:00:00Z,70.04000000,300494.35700000
2024-10-24T00:00:00Z,71.18000000,265397.62800000
2024-10-25T00:00:00Z,68.84000000,410496.96400000
2024-10-26T00:00:00Z,68.47000000,248465.19700000
2024-10-27T00:00:00Z,71.06000000,188682.05300000
2024-10-28T00:00:00Z,70.80000000,334714.92900000
2024-10-29T00:00:00Z,73.98000000,431834.78600000
2024-10-30T00:00:00Z,71.76000000,290639.02600000
2024-10-31T00:00:00Z,69.33000000,367951.22300000
2024-11-01T00:00:00Z,70.27000000,398447.97500000
2024-11-02T00:00:00Z,69.20000000,228292.22400000
2024-11-03T00:00:00Z,66.86000000,328302.26900000
2024-11-04T00:00:00Z,65.56000000,368027.47900000
2024-11-05T00:00:00Z,65.39000000,387237.06600000
2024-11-06T00:00:00Z,71.01000000,841276.53200000
2024-11-07T00:00:00Z,71.45000000,458912.25500000
2024-11-08T00:00:00Z,72.78000000,419454.25200000
2024-11-09T00:00:00Z,73.98000000,389149.59200000
2024-11-10T00:00:00Z,76.58000000,1116857.61500000
2024-11-11T00:00:00Z,80.03000000,1490444.18900000
2024-11-12T00:00:00Z,76.69000000,1818019.56200000
2024-11-13T00:00:00Z,75.39000000,1304193.71700000
2024-11-14T00:00:00Z,82.38000000,2471579.13700000
2024-11-15T00:00:00Z,83.70000000,1604234.04200000
2024-11-16T00:00:00Z,95.42000000,2821944.88500000
2024-11-17T00:00:00Z,87.20000000,1747857.17000000
2024-11-18T00:00:00Z,89.22000000,1671176.84900000
2024-11-19T00:00:00Z,86.68000000,1002251.17100000
2024-11-20T00:00:00Z,83.38000000,887763.33000000
2024-11-21T00:00:00Z,89.51000000,1455684.86200000
2024-11-22T00:00:00Z,92.20000000,1231751.44600000
2024-11-23T00:00:00Z,99.50000000,3151459.16300000
2024-11-24T00:00:00Z,96.92000000,1496549.84200000
2024-11-25T00:00:00Z,92.26000000,1039103.84500000
2024-11-26T00:00:00Z,92.82000000,851742.70400000
2024-11-27T00:00:00Z,97.23000000,825746.05000000
2024-11-28T00:00:00Z,95.54000000,529480.31300000
2024-11-29T00:00:00Z,104.77000000,817737.48500000
2024-11-30T00:00:00Z,102.74000000,829390.09000000
2024-12-01T00:00:00Z,119.55000000,1983464.76000000
2024-12-02T00:00:00Z,132.93000000,4487620.24200000
2024-12-03T00:00:00Z,130.89000000,2454253.32800000
2024-12-04T00:00:00Z,133.69000000,1760741.79800000
2024-12-05T00:00:00Z,135.78000000,2689717.08500000
2024-12-06T00:00:00Z,135.93000000,1164106.04400000
2024-12-07T00:00:00Z,133.79000000,799724.32500000
2024-12-08T00:00:00Z,134.91000000,633885.20700000
2024-12-09T00:00:00Z,110.44000000,2110765.15400000
2024-12-10T00:00:00Z,109.80000000,2582881.68100000
2024-12-11T00:00:00Z,117.30000000,1267462.87700000
2024-12-12T00:00:00Z,119.24000000,1493639.18600000
2024-12-13T00:00:00Z,124.52000000,1060225.12300000
2024-12-14T00:00:00Z,118.21000000,716518.27300000
2024-12-15T00:00:00Z,121.11000000,657673.17900000
2024-12-16T00:00:00Z,117.99000000,1018209.99700000
2024-12-17T00:00:00Z,125.63000000,1814655.99400000
2024-12-18T00:00:00Z,108.35000000,2148185.76500000
2024-12-19T00:00:00Z,99.36000000,2305051.95800000
2024-12-20T00:00:00Z,101.38000000,1911581.46500000
2024-12-21T00:00:00Z,101.56000000,1025955.73300000
2024-12-22T00:00:00Z,99.78000000,802186.04200000
2024-12-23T00:00:00Z,106.77000000,954998.50400000
2024-12-24T00:00:00Z,108.35000000,682252.92400000
2024-12-25T00:00:00Z,109.82000000,455229.84400000
2024-12-26T00:00:00Z,102.23000000,579103.40300000
2024-12-27T00:00:00Z,100.58000000,505959.60600000
2024-12-28T00:00:00Z,100.74000000,308821.06000000
2024-12-29T00:00:00Z,98.51000000,382496.60600000
2024-12-30T00:00:00Z,99.40000000,632333.70300000
2024-12-31T00:00:00Z,103.28000000,534270.83600000
2025-01-01T00:00:00Z,105.24000000,550072.36000000
2025-01-02T00:00:00Z,105.14000000,660886.80500000
2025-01-03T00:00:00Z,112.71000000,640808.33200000
2025-01-04T00:00:00Z,111.21000000,361726.07600000
2025-01-05T00:00:00Z,115.72000000,371535.91800000
2025-01-06T00:00:00Z,114.01000000,662970.33400000
2025-01-07T00:00:00Z,102.72000000,828382.94100000
2025-01-08T00:00:00Z,101.43000000,730219.61400000
2025-01-09T00:00:00Z,102.23000000,661927.70700000
2025-01-10T00:00:00Z,103.96000000,518210.25600000
2025-01-11T00:00:00Z,104.39000000,310729.85600000
2025-01-12T00:00:00Z,102.34000000,293039.88000000
2025-01-13T00:00:00Z,98.37000000,753144.32100000
2025-01-14T00:00:00Z,102.45000000,428318.97800000
2025-01-15T00:00:00Z,116.96000000,1024651.57100000
2025-01-16T00:00:00Z,124.41000000,2986879.82500000
2025-01-17T00:00:00Z,137.04000000,2607980.34100000
2025-01-18T00:00:00Z,125.40000000,1829953.18100000
2025-01-19T00:00:00Z,115.57000000,2294694.68400000
2025-01-20T00:00:00Z,118.58000000,1899680.53700000
2025-01-21T00:00:00Z,119.11000000,1104429.96100000
2025-01-22T00:00:00Z,115.38000000,642663.30500000
2025-01-23T00:00:00Z,116.42000000,654578.40600000
2025-01-24T00:00:00Z,118.71000000,987345.15100000
2025-01-25T00:00:00Z,123.92000000,1390886.42600000
2025-01-26T00:00:00Z,117.11000000,568152.23400000
2025-01-27T00:00:00Z,115.06000000,1211594.76800000
2025-01-28T00:00:00Z,109.92000000,691853.79300000
2025-01-29T00:00:00Z,115.90000000,799397.35600000
2025-01-30T00:00:00Z,130.15000000,1913996.41600000
2025-01-31T00:00:00Z,128.09000000,1149057.19900000
2025-02-01T00:00:00Z,118.04000000,1183240.98100000
2025-02-02T00:00:00Z,109.12000000,1569458.03500000
2025-02-03T00:00:00Z,106.91000000,3614756.02500000
2025-02-04T00:00:00Z,101.07000000,1303945.43500000
2025-02-05T00:00:00Z,103.38000000,1047918.63300000
2025-02-06T00:00:00Z,101.66000000,1119342.79900000
2025-02-07T00:00:00Z,103.11000000,851999.92600000
2025-02-08T00:00:00Z,104.69000000,490464.26200000
2025-02-09T00:00:00Z,107.20000000,748420.43300000
2025-02-10T00:00:00Z,120.21000000,1863120.56500000
2025-02-11T00:00:00Z,119.27000000,2470798.83000000
2025-02-12T00:00:00Z,122.04000000,1597881.36700000
2025-02-13T00:00:00Z,126.61000000,1388491.89500000
2025-02-14T00:00:00Z,124.91000000,1576650.34400000
2025-02-15T00:00:00Z,133.86000000,1339971.94500000
2025-02-16T00:00:00Z,125.71000000,1383270.47500000
2025-02-17T00:00:00Z,122.31000000,1349028.33600000
2025-02-18T00:00:00Z,129.75000000,1511393.62300000
2025-02-19T00:00:00Z,134.88000000,2093245.23600000
2025-02-20T00:00:00Z,130.82000000,1673076.04700000
2025-02-21T00:00:00Z,128.10000000,2669400.99600000
2025-02-22T00:00:00Z,125.90000000,941456.62200000
2025-02-23T00:00:00Z,129.85000000,585876.34500000
2025-02-24T00:00:00Z,114.77000000,1443025.49400000
2025-02-25T00:00:00Z,114.55000000,2046367.62000000
2025-02-26T00:00:00Z,124.68000000,2521203.96300000
2025-02-27T00:00:00Z,126.86000000,2245609.49500000
2025-02-28T00:00:00Z,128.04000000,2554702.69900000
2025-03-01T00:00:00Z,124.31000000,868229.91100000
2025-03-02T00:00:00Z,127.89000000,1991443.32500000
2025-03-03T00:00:00Z,109.89000000,2290258.92400000
2025-03-04T00:00:00Z,103.66000000,2521491.90800000
2025-03-05T00:00:00Z,104.73000000,963325.13100000
2025-03-06T00:00:00Z,103.39000000,1168337.17900000
2025-03-07T00:00:00Z,103.71000000,1166607.54000000
2025-03-08T00:00:00Z,102.34000000,579080.88300000
2025-03-09T00:00:00Z,94.62000000,904937.72400000
2025-03-10T00:00:00Z,87.48000000,1237623.85400000
2025-03-11T00:00:00Z,90.46000000,1264775.13900000
2025-03-12T00:00:00Z,91.51000000,689534.56200000
2025-03-13T00:00:00Z,88.08000000,626972.93000000
2025-03-14T00:00:00Z,91.31000000,509120.56800000
2025-03-15T00:00:00Z,92.47000000,492267.19000000
2025-03-16T00:00:00Z,90.22000000,492339.07200000
2025-03-17T00:00:00Z,92.30000000,849604.70600000
2025-03-18T00:00:00Z,90.03000000,682016.18600000
2025-03-19T00:00:00Z,94.09000000,743820.12100000
2025-03-20T00:00:00Z,93.29000000,609070.67000000
2025-03-21T00:00:00Z,90.84000000,444858.36300000
2025-03-22T00:00:00Z,91.37000000,277045.17800000
2025-03-23T00:00:00Z,91.48000000,274595.28300000
2025-03-24T00:00:00Z,93.77000000,688313.60700000
2025-03-25T00:00:00Z,94.36000000,508199.64800000
2025-03-26T00:00:00Z,92.42000000,574644.20400000
2025-03-27T00:00:00Z,92.79000000,427380.71100000
2025-03-28T00:00:00Z,87.35000000,632463.91600000
2025-03-29T00:00:00Z,85.46000000,470787.93500000
2025-03-30T00:00:00Z,86.10000000,249994.78200000
2025-03-31T00:00:00Z,82.97000000,611862.09200000
2025-04-01T00:00:00Z,84.48000000,426671.27200000
2025-04-02T00:00:00Z,81.54000000,785400.08800000
2025-04-03T00:00:00Z,83.45000000,547848.85400000
2025-04-04T00:00:00Z,84.41000000,441032.04500000
2025-04-05T00:00:00Z,82.67000000,172009.68900000
2025-04-06T00:00:00Z,70.62000000,906447.89400000
2025-04-07T00:00:00Z,70.99000000,1852618.48400000
2025-04-08T00:00:00Z,69.15000000,748218.58200000
2025-04-09T00:00:00Z,76.03000000,1126706.18100000
2025-04-10T00:00:00Z,73.81000000,575481.58200000
2025-04-11T00:00:00Z,76.19000000,453547.13000000
2025-04-12T00:00:00Z,78.62000000,455460.70600000
2025-04-13T00:00:00Z,77.85000000,364958.00500000
2025-04-14T00:00:00Z,77.18000000,463176.50400000
2025-04-15T00:00:00Z,75.27000000,312043.20300000
2025-04-16T00:00:00Z,74.33000000,409444.49400000
2025-04-17T00:00:00Z,74.95000000,316626.91700000
2025-04-18T00:00:00Z,76.00000000,231992.82900000
2025-04-19T00:00:00Z,76.10000000,220023.38400000
2025-04-20T00:00:00Z,77.79000000,213238.87300000
2025-04-21T00:00:00Z,78.15000000,465451.44900000
2025-04-22T00:00:00Z,83.49000000,526846.51100000
2025-04-23T00:00:00Z,83.28000000,652354.87100000
2025-04-24T00:00:00Z,84.29000000,418899.97300000
2025-04-25T00:00:00Z,86.28000000,427995.29100000
2025-04-26T00:00:00Z,87.06000000,277717.02400000
2025-04-27T00:00:00Z,85.39000000,258510.68000000
2025-04-28T00:00:00Z,85.67000000,406920.58900000
2025-04-29T00:00:00Z,85.57000000,427485.79000000
2025-04-30T00:00:00Z,83.51000000,429565.23500000
2025-05-01T00:00:00Z,88.85000000,475886.16700000
2025-05-02T00:00:00Z,87.97000000,324481.94600000
2025-05-03T00:00:00Z,86.55000000,183693.27300000
2025-05-04T00:00:00Z,85.05000000,286786.32900000
2025-05-05T00:00:00Z,83.25000000,623167.97300000
2025-05-06T00:00:00Z,91.60000000,808705.08300000
2025-05-07T00:00:00Z,89.53000000,917841.91700000
2025-05-08T00:00:00Z,94.99000000,911424.87300000
2025-05-09T00:00:00Z,100.52000000,1009111.93700000
2025-05-10T00:00:00Z,105.27000000,866022.93600000
2025-05-11T00:00:00Z,100.12000000,665563.49600000
2025-05-12T00:00:00Z,103.84000000,989909.10400000
2025-05-13T00:00:00Z,103.41000000,825560.07000000
2025-05-14T00:00:00Z,100.95000000,767279.98000000
2025-05-15T00:00:00Z,99.26000000,616643.11300000
2025-05-16T00:00:00Z,99.48000000,440148.16700000
2025-05-17T00:00:00Z,96.06000000,426717.37400000
2025-05-18T00:00:00Z,100.94000000,526149.56600000
2025-05-19T00:00:00Z,98.25000000,561000.72200000
2025-05-20T00:00:00Z,94.46000000,863392.16500000
2025-05-21T00:00:00Z,97.09000000,764205.04800000
2025-05-22T00:00:00Z,100.26000000,867224.57500000
2025-05-23T00:00:00Z,95.26000000,795284.66500000
2025-05-24T00:00:00Z,95.63000000,329413.99200000
2025-05-25T00:00:00Z,95.60000000,339057.25100000
2025-05-26T00:00:00Z,95.02000000,314456.47600000
2025-05-27T00:00:00Z,95.90000000,481476.20100000
2025-05-28T00:00:00Z,95.37000000,376226.26700000
2025-05-29T00:00:00Z,93.21000000,564289.81500000
2025-05-30T00:00:00Z,85.64000000,881102.39300000
2025-05-31T00:00:00Z,87.03000000,434395.68000000
2025-06-01T00:00:00Z,88.39000000,239166.11000000
2025-06-02T00:00:00Z,89.52000000,313354.95800000
2025-06-03T00:00:00Z,89.50000000,327630.83600000
2025-06-04T00:00:00Z,87.99000000,295444.15400000
2025-06-05T00:00:00Z,83.58000000,465674.84200000
2025-06-06T00:00:00Z,87.25000000,433907.92600000
2025-06-07T00:00:00Z,88.31000000,207699.49900000
2025-06-08T00:00:00Z,87.18000000,292584.04000000
2025-06-09T00:00:00Z,90.73000000,466484.98800000
2025-06-10T00:00:00Z,93.33000000,404853.22300000
2025-06-11T00:00:00Z,91.56000000,470181.03000000
2025-06-12T00:00:00Z,86.13000000,350586.92600000
2025-06-13T00:00:00Z,86.55000000,560297.62500000
2025-06-14T00:00:00Z,85.18000000,219955.43700000
2025-06-15T00:00:00Z,86.30000000,165888.53600000
2025-06-16T00:00:00Z,86.67000000,320777.13100000
2025-06-17T00:00:00Z,84.22000000,377572.87700000
2025-06-18T00:00:00Z,85.08000000,255130.45800000
2025-06-19T00:00:00Z,85.11000000,289102.70000000
2025-06-20T00:00:00Z,82.91000000,352058.90800000
2025-06-21T00:00:00Z,80.23000000,311569.49000000
2025-06-22T00:00:00Z,80.21000000,485528.54000000
2025-06-23T00:00:00Z,84.91000000,371464.04400000
2025-06-24T00:00:00Z,84.84000000,264062.33900000
2025-06-25T00:00:00Z,84.67000000,305392.70900000
2025-06-26T00:00:00Z,84.27000000,278766.39000000
2025-06-27T00:00:00Z,84.83000000,240855.09500000
2025-06-28T00:00:00Z,86.31000000,211612.91100000
2025-06-29T00:00:00Z,87.96000000,184230.65100000
2025-06-30T00:00:00Z,86.00000000,279933.72200000
2025-07-01T00:00:00Z,83.22000000,297602.27900000
2025-07-02T00:00:00Z,87.32000000,435180.53000000
2025-07-03T00:00:00Z,89.08000000,685108.99000000
2025-07-04T00:00:00Z,86.84000000,381029.01900000
2025-07-05T00:00:00Z,87.55000000,164680.99500000
2025-07-06T00:00:00Z,87.35000000,204172.73700000
2025-07-07T00:00:00Z,86.05000000,293614.07100000
2025-07-08T00:00:00Z,87.75000000,233151.15900000
2025-07-09T00:00:00Z,90.61000000,504075.95100000
2025-07-10T00:00:00Z,94.85000000,481170.13400000
2025-07-11T00:00:00Z,94.26000000,757779.39100000
2025-07-12T00:00:00Z,92.77000000,368315.49100000
2025-07-13T00:00:00Z,94.62000000,315620.97200000
2025-07-14T00:00:00Z,95.64000000,503815.87100000
2025-07-15T00:00:00Z,96.35000000,556039.85300000
2025-07-16T00:00:00Z,97.47000000,615319.40600000
2025-07-17T00:00:00Z,101.60000000,915931.99000000
2025-07-18T00:00:00Z,101.73000000,1836839.66800000
2025-07-19T00:00:00Z,113.16000000,1328811.95200000
2025-07-20T00:00:00Z,116.59000000,1699964.86200000
2025-07-21T00:00:00Z,115.43000000,1050258.95000000
2025-07-22T00:00:00Z,119.65000000,1066653.89400000
2025-07-23T00:00:00Z,112.05000000,1118428.87400000
2025-07-24T00:00:00Z,112.26000000,736983.94200000
2025-07-25T00:00:00Z,113.78000000,776174.65400000
2025-07-26T00:00:00Z,113.91000000,299137.84100000
2025-07-27T00:00:00Z,114.78000000,344001.33600000
2025-07-28T00:00:00Z,109.02000000,539974.44800000
2025-07-29T00:00:00Z,108.52000000,459505.77000000
2025-07-30T00:00:00Z,110.50000000,541987.44300000
2025-07-31T00:00:00Z,106.09000000,490160.73100000
2025-08-01T00:00:00Z,106.59000000,919215.99800000
2025-08-02T00:00:00Z,106.09000000,750430.47700000
2025-08-03T00:00:00Z,110.39000000,425970.14400000
2025-08-04T00:00:00Z,121.22000000,1062658.03800000
2025-08-05T00:00:00Z,120.27000000,1559475.75700000
2025-08-06T00:00:00Z,119.22000000,699317.94300000
2025-08-07T00:00:00Z,122.89000000,901648.01100000
2025-08-08T00:00:00Z,123.78000000,800267.48800000
2025-08-09T00:00:00Z,120.18000000,629896.31600000
2025-08-10T00:00:00Z,123.75000000,716426.14200000
2025-08-11T00:00:00Z,120.05000000,1078503.78000000
2025-08-12T00:00:00Z,130.46000000,1167337.43900000
2025-08-13T00:00:00Z,130.91000000,875809.39800000
2025-08-14T00:00:00Z,121.29000000,1141237.76300000
2025-08-15T00:00:00Z,119.14000000,687554.64500000
2025-08-16T00:00:00Z,121.05000000,330832.18600000
2025-08-17T00:00:00Z,120.71000000,463182.44500000
2025-08-18T00:00:00Z,117.77000000,525494.89600000
2025-08-19T00:00:00Z,112.67000000,498809.02300000
2025-08-20T00:00:00Z,116.06000000,459688.66400000
2025-08-21T00:00:00Z,114.76000000,256459.81200000
2025-08-22T00:00:00Z,122.96000000,648084.54400000
2025-08-23T00:00:00Z,121.45000000,331041.51400000
2025-08-24T00:00:00Z,118.19000000,474558.25700000
2025-08-25T00:00:00Z,109.13000000,888113.67900000
2025-08-26T00:00:00Z,113.48000000,455845.69900000
2025-08-27T00:00:00Z,112.18000000,411671.88400000
2025-08-28T00:00:00Z,113.64000000,278994.61100000
2025-08-29T00:00:00Z,109.91000000,479891.22000000
2025-08-30T00:00:00Z,110.84000000,227194.06800000
2025-08-31T00:00:00Z,108.89000000,214891.81500000
2025-09-01T00:00:00Z,108.73000000,382018.24200000
2025-09-02T00:00:00Z,111.76000000,424271.21500000
2025-09-03T00:00:00Z,112.98000000,272764.62700000
2025-09-04T00:00:00Z,111.05000000,223187.59500000
2025-09-05T00:00:00Z,112.05000000,371663.27700000
2025-09-06T00:00:00Z,112.13000000,132989.48400000
2025-09-07T00:00:00Z,114.90000000,225688.94600000
2025-09-08T00:00:00Z,112.75000000,501011.29300000
2025-09-09T00:00:00Z,111.92000000,482498.37500000
2025-09-10T00:00:00Z,117.66000000,541598.38900000
2025-09-11T00:00:00Z,115.83000000,540309.57700000
2025-09-12T00:00:00Z,118.03000000,478578.67900000
2025-09-13T00:00:00Z,119.22000000,607528.36900000
2025-09-14T00:00:00Z,115.10000000,648564.32700000
2025-09-15T00:00:00Z,113.72000000,429263.37100000
2025-09-16T00:00:00Z,115.03000000,431559.90900000
2025-09-17T00:00:00Z,117.00000000,496086.81700000
2025-09-18T00:00:00Z,118.19000000,539235.65600000
2025-09-19T00:00:00Z,114.04000000,386381.82400000
2025-09-20T00:00:00Z,113.92000000,178119.59200000
2025-09-21T00:00:00Z,114.00000000,209479.70400000
2025-09-22T00:00:00Z,105.65000000,767675.73400000
2025-09-23T00:00:00Z,106.07000000,329809.93800000
2025-09-24T00:00:00Z,105.52000000,430817.49800000
2025-09-25T00:00:00Z,102.28000000,485830.46300000
2025-09-26T00:00:00Z,104.55000000,245710.21700000
2025-09-27T00:00:00Z,104.46000000,150651.16100000
2025-09-28T00:00:00Z,106.88000000,180118.88400000
2025-09-29T00:00:00Z,106.76000000,268037.08400000
2025-09-30T00:00:00Z,106.88000000,274575.89500000
2025-10-01T00:00:00Z,115.10000000,561526.62400000
2025-10-02T00:00:00Z,119.54000000,1140711.45900000
2025-10-03T00:00:00Z,120.56000000,879533.80800000
2025-10-04T00:00:00Z,120.51000000,290698.14300000
2025-10-05T00:00:00Z,118.85000000,507015.73300000
2025-10-06T00:00:00Z,118.32000000,464570.49100000
2025-10-07T00:00:00Z,116.91000000,422674.28200000
2025-10-08T00:00:00Z,118.60000000,349258.48700000
2025-10-09T00:00:00Z,125.90000000,916537.15000000
2025-10-10T00:00:00Z,96.88000000,4389823.15600000
2025-10-11T00:00:00Z,93.34000000,2392845.06300000
2025-10-12T00:00:00Z,98.98000000,1264382.69600000
2025-10-13T00:00:00Z,99.45000000,1325856.90000000
2025-10-14T00:00:00Z,97.33000000,1285594.75400000
2025-10-15T00:00:00Z,95.50000000,674590.45300000
2025-10-16T00:00:00Z,91.79000000,846143.65000000
2025-10-17T00:00:00Z,90.12000000,1099055.86100000
2025-10-18T00:00:00Z,91.69000000,322080.33400000
2025-10-19T00:00:00Z,93.33000000,356712.68300000
2025-10-20T00:00:00Z,94.01000000,381476.73600000
2025-10-21T00:00:00Z,92.46000000,597066.66500000
2025-10-22T00:00:00Z,91.88000000,613128.16000000
2025-10-23T00:00:00Z,94.04000000,338092.58600000
2025-10-24T00:00:00Z,96.45000000,437003.74000000
2025-10-25T00:00:00Z,96.97000000,178797.93100000
2025-10-26T00:00:00Z,100.02000000,337315.11700000
2025-10-27T00:00:00Z,99.39000000,661778.67800000
2025-10-28T00:00:00Z,96.65000000,1136067.54600000
2025-10-29T00:00:00Z,98.53000000,636748.19400000
2025-10-30T00:00:00Z,93.39000000,689290.89000000
2025-10-31T00:00:00Z,95.38000000,367029.12300000
2025-11-01T00:00:00Z,101.38000000,586785.41000000
2025-11-02T00:00:00Z,99.42000000,466122.87300000
2025-11-03T00:00:00Z,87.43000000,1032684.31300000
2025-11-04T00:00:00Z,85.21000000,1131742.89800000
2025-11-05T00:00:00Z,89.39000000,597946.69300000
2025-11-06T00:00:00Z,87.00000000,495999.41200000
2025-11-07T00:00:00Z,101.87000000,1639946.77400000
2025-11-08T00:00:00Z,106.95000000,1089634.77000000
2025-11-09T00:00:00Z,110.31000000,1966394.49200000
2025-11-10T00:00:00Z,104.25000000,1071811.87900000
2025-11-11T00:00:00Z,99.68000000,931687.21200000
2025-11-12T00:00:00Z,97.59000000,1173355.16200000
2025-11-13T00:00:00Z,96.55000000,982130.24600000
2025-11-14T00:00:00Z,97.70000000,1072144.18000000
2025-11-15T00:00:00Z,101.71000000,1089472.08700000
2025-11-16T00:00:00Z,95.79000000,723048.09300000
2025-11-17T00:00:00Z,91.24000000,729231.57200000
2025-11-18T00:00:00Z,95.66000000,727888.91800000
2025-11-19T00:00:00Z,92.90000000,603273.92300000
2025-11-20T00:00:00Z,87.24000000,616052.90200000
2025-11-21T00:00:00Z,82.64000000,1109079.31400000
2025-11-22T00:00:00Z,82.12000000,390908.66000000
2025-11-23T00:00:00Z,83.09000000,403125.54900000
2025-11-24T00:00:00Z,85.46000000,507041.99700000
2025-11-25T00:00:00Z,85.30000000,501467.24500000
2025-11-26T00:00:00Z,86.87000000,397790.63800000
2025-11-27T00:00:00Z,86.59000000,271246.18800000
2025-11-28T00:00:00Z,84.22000000,366205.62900000
2025-11-29T00:00:00Z,83.95000000,188495.20800000
2025-11-30T00:00:00Z,82.38000000,173562.98200000
2025-12-01T00:00:00Z,77.55000000,768955.21400000
2025-12-02T00:00:00Z,82.79000000,416570.50600000
2025-12-03T00:00:00Z,85.83000000,501837.77300000
2025-12-04T00:00:00Z,83.54000000,457518.63800000
2025-12-05T00:00:00Z,80.38000000,404693.92200000
2025-12-06T00:00:00Z,81.68000000,271214.90800000
2025-12-07T00:00:00Z,81.43000000,278926.30200000
2025-12-08T00:00:00Z,83.87000000,356631.49000000
2025-12-09T00:00:00Z,85.82000000,438493.07500000
2025-12-10T00:00:00Z,84.30000000,343758.85900000
2025-12-11T00:00:00Z,82.93000000,447190.59300000
2025-12-12T00:00:00Z,81.95000000,300466.28000000
2025-12-13T00:00:00Z,81.47000000,150564.42700000
2025-12-14T00:00:00Z,78.96000000,246089.41700000
2025-12-15T00:00:00Z,77.51000000,377024.70100000
2025-12-16T00:00:00Z,79.08000000,398870.12600000
2025-12-17T00:00:00Z,76.01000000,376262.28900000
2025-12-18T00:00:00Z,74.29000000,475331.44300000
2025-12-19T00:00:00Z,77.49000000,362068.46700000
2025-12-20T00:00:00Z,77.84000000,157890.42100000
2025-12-21T00:00:00Z,76.79000000,208349.12500000
2025-12-22T00:00:00Z,77.05000000,307831.71800000
2025-12-23T00:00:00Z,77.01000000,260524.06000000
2025-12-24T00:00:00Z,75.79000000,266137.65700000
2025-12-25T00:00:00Z,75.71000000,204493.05700000
2025-12-26T00:00:00Z,76.87000000,254509.44300000
2025-12-27T00:00:00Z,80.33000000,211258.14600000
2025-12-28T00:00:00Z,78.73000000,219808.34600000
2025-12-29T00:00:00Z,78.32000000,309985.17400000
2025-12-30T00:00:00Z,78.89000000,238627.69200000
2025-12-31T00:00:00Z,76.85000000,233120.00600000
2026-01-01T00:00:00Z,79.97000000,194402.74200000
2026-01-02T00:00:00Z,81.93000000,285255.30800000
2026-01-03T00:00:00Z,82.08000000,249457.66700000
2026-01-04T00:00:00Z,82.26000000,254059.57200000
2026-01-05T00:00:00Z,83.46000000,427913.44800000
2026-01-06T00:00:00Z,83.96000000,356122.44300000
2026-01-07T00:00:00Z,81.71000000,276546.00300000
2026-01-08T00:00:00Z,81.31000000,252290.56100000
2026-01-09T00:00:00Z,81.49000000,251572.16200000
2026-01-10T00:00:00Z,81.19000000,149346.69900000
2026-01-11T00:00:00Z,78.79000000,323460.48600000
2026-01-12T00:00:00Z,76.12000000,766104.64300000
2026-01-13T00:00:00Z,78.18000000,1092209.99600000
2026-01-14T00:00:00Z,76.67000000,1728520.67700000
2026-01-15T00:00:00Z,72.21000000,1503254.41400000
2026-01-16T00:00:00Z,75.22000000,846767.04400000
2026-01-17T00:00:00Z,74.92000000,327149.18100000
2026-01-18T00:00:00Z,72.29000000,377184.54800000
2026-01-19T00:00:00Z,70.80000000,993480.91300000
2026-01-20T00:00:00Z,67.12000000,699879.34400000
2026-01-21T00:00:00Z,68.48000000,677970.36200000
2026-01-22T00:00:00Z,68.19000000,400973.97200000
2026-01-23T00:00:00Z,68.07000000,391555.32100000
2026-01-24T00:00:00Z,68.19000000,180394.71200000
2026-01-25T00:00:00Z,67.30000000,627760.54600000
2026-01-26T00:00:00Z,69.72000000,427828.09900000
2026-01-27T00:00:00Z,70.03000000,325716.59900000
2026-01-28T00:00:00Z,69.42000000,301017.18000000
2026-01-29T00:00:00Z,66.24000000,474641.11600000
2026-01-30T00:00:00Z,65.47000000,686027.28200000
2026-01-31T00:00:00Z,59.53000000,1322363.30400000
2026-02-01T00:00:00Z,58.49000000,614483.46200000
2026-02-02T00:00:00Z,60.02000000,649668.50500000
2026-02-03T00:00:00Z,59.48000000,607480.40900000
2026-02-04T00:00:00Z,58.89000000,610711.72700000
2026-02-05T00:00:00Z,50.79000000,1590945.03500000
2026-02-06T00:00:00Z,55.02000000,1678612.36200000
2026-02-07T00:00:00Z,55.19000000,807072.49600000
2026-02-08T00:00:00Z,54.53000000,374171.83700000
2026-02-09T00:00:00Z,54.45000000,393768.11300000
2026-02-10T00:00:00Z,53.38000000,289989.05900000
2026-02-11T00:00:00Z,52.32000000,428953.94000000
2026-02-12T00:00:00Z,53.15000000,340264.81000000
2026-02-13T00:00:00Z,55.03000000,376571.89300000
2026-02-14T00:00:00Z,55.99000000,322012.36900000
2026-02-15T00:00:00Z,55.08000000,375205.52600000
2026-02-16T00:00:00Z,55.13000000,393363.55600000
2026-02-17T00:00:00Z,53.96000000,357538.90500000
2026-02-18T00:00:00Z,53.32000000,260302.80100000
2026-02-19T00:00:00Z,52.70000000,266659.85500000
2026-02-20T00:00:00Z,55.19000000,463361.84900000
2026-02-21T00:00:00Z,54.90000000,242511.39100000
2026-02-22T00:00:00Z,53.48000000,231209.38300000
2026-02-23T00:00:00Z,51.35000000,349970.20400000
2026-02-24T00:00:00Z,51.15000000,376143.68700000
2026-02-25T00:00:00Z,56.76000000,683585.78900000
2026-02-26T00:00:00Z,55.62000000,339639.68300000
2026-02-27T00:00:00Z,54.56000000,305470.26700000
2026-02-28T00:00:00Z,54.40000000,383397.83800000
2026-03-01T00:00:00Z,53.24000000,299256.40900000
2026-03-02T00:00:00Z,54.61000000,462228.19400000
2026-03-03T00:00:00Z,54.76000000,439975.97000000
2026-03-04T00:00:00Z,56.77000000,528737.56200000
2026-03-05T00:00:00Z,55.46000000,390267.22400000
2026-03-06T00:00:00Z,53.81000000,299754.68600000
2026-03-07T00:00:00Z,53.58000000,262288.03100000
2026-03-08T00:00:00Z,52.59000000,398559.55100000
2026-03-09T00:00:00Z,53.77000000,327230.42000000
2026-03-10T00:00:00Z,53.87000000,348345.87000000
2026-03-11T00:00:00Z,54.80000000,272644.40200000
2026-03-12T00:00:00Z,54.56000000,271228.18500000
2026-03-13T00:00:00Z,55.30000000,337868.65200000
2026-03-14T00:00:00Z,54.98000000,225515.43100000
2026-03-15T00:00:00Z,56.27000000,247015.19000000
2026-03-16T00:00:00Z,58.70000000,587196.80800000
2026-03-17T00:00:00Z,58.09000000,402802.67300000
2026-03-18T00:00:00Z,56.08000000,355225.61300000
2026-03-19T00:00:00Z,55.54000000,266053.61500000
2026-03-20T00:00:00Z,56.17000000,221084.58500000
2026-03-21T00:00:00Z,54.81000000,194699.70900000
2026-03-22T00:00:00Z,53.51000000,303410.59100000
2026-03-23T00:00:00Z,55.72000000,361341.09300000
2026-03-24T00:00:00Z,56.38000000,251140.03100000
2026-03-25T00:00:00Z,56.65000000,308934.41200000
2026-03-26T00:00:00Z,54.59000000,382513.19800000
2026-03-27T00:00:00Z,53.72000000,262999.77600000
2026-03-28T00:00:00Z,53.85000000,269897.84900000
2026-03-29T00:00:00Z,53.32000000,181661.45400000
2026-03-30T00:00:00Z,53.34000000,414289.21100000
2026-03-31T00:00:00Z,53.95000000,332765.31100000
2026-04-01T00:00:00Z,53.82000000,398752.55300000
2026-04-02T00:00:00Z,52.29000000,346503.90000000
2026-04-03T00:00:00Z,53.24000000,195542.01400000
2026-04-04T00:00:00Z,53.59000000,149737.59900000
2026-04-05T00:00:00Z,54.11000000,154164.55300000
2026-04-06T00:00:00Z,53.53000000,251244.43000000
2026-04-07T00:00:00Z,55.36000000,313030.40100000
2026-04-08T00:00:00Z,53.95000000,262118.26200000
2026-04-09T00:00:00Z,54.55000000,248302.35700000
2026-04-10T00:00:00Z,54.96000000,227586.41000000
2026-04-11T00:00:00Z,55.06000000,181747.44500000
2026-04-12T00:00:00Z,53.48000000,208716.67100000
2026-04-13T00:00:00Z,54.62000000,330733.72600000
2026-04-14T00:00:00Z,54.28000000,323202.37900000
2026-04-15T00:00:00Z,55.15000000,261668.06400000
2026-04-16T00:00:00Z,56.36000000,329669.00400000
2026-04-17T00:00:00Z,56.39000000,340755.36800000
2026-04-18T00:00:00Z,55.65000000,230684.75400000
2026-04-19T00:00:00Z,54.06000000,228336.31400000
2026-04-20T00:00:00Z,55.03000000,265247.00000000
2026-04-21T00:00:00Z,55.57000000,253718.73600000
2026-04-22T00:00:00Z,55.49000000,267526.05600000
2026-04-23T00:00:00Z,56.21000000,233231.95300000
2026-04-24T00:00:00Z,56.54000000,233846.69800000
2026-04-25T00:00:00Z,56.05000000,141641.82300000
2026-04-26T00:00:00Z,56.28000000,151412.23900000
2026-04-27T00:00:00Z,55.57000000,255326.83100000
2026-04-28T00:00:00Z,55.71000000,182047.01500000
2026-04-29T00:00:00Z,55.32000000,407969.75800000
2026-04-30T00:00:00Z,55.19000000,195777.27400000
2026-05-01T00:00:00Z,55.40000000,249857.34500000
2026-05-02T00:00:00Z,55.39000000,166093.45300000
2026-05-03T00:00:00Z,55.29000000,155415.52600000
2026-05-04T00:00:00Z,54.96000000,427752.64700000
2026-05-05T00:00:00Z,56.34000000,348454.56600000
2026-05-06T00:00:00Z,56.73000000,382538.83900000
2026-05-07T00:00:00Z,56.42000000,307147.72800000
2026-05-08T00:00:00Z,58.32000000,336466.29300000
2026-05-09T00:00:00Z,58.00000000,242074.69000000
2026-05-10T00:00:00Z,60.43000000,343635.28700000
2026-05-11T00:00:00Z,58.52000000,329617.12000000
2026-05-12T00:00:00Z,58.12000000,304201.85400000
2026-05-13T00:00:00Z,57.01000000,350780.77200000
2026-05-14T00:00:00Z,58.21000000,352324.52500000
2026-05-15T00:00:00Z,57.50000000,315362.80700000
2026-05-16T00:00:00Z,56.14000000,218120.28400000
2026-05-17T00:00:00Z,54.57000000,274079.96300000
2026-05-18T00:00:00Z,54.37000000,385819.15900000
2026-05-19T00:00:00Z,54.50000000,239681.25300000
2026-05-20T00:00:00Z,53.96000000,295176.43400000
2026-05-21T00:00:00Z,54.18000000,307246.24600000
2026-05-22T00:00:00Z,52.65000000,346990.75900000
2026-05-23T00:00:00Z,53.49000000,280632.08700000
2026-05-24T00:00:00Z,52.76000000,197832.35500000
2026-05-25T00:00:00Z,52.73000000,240420.44300000
2026-05-26T00:00:00Z,51.92000000,232422.52200000
2026-05-27T00:00:00Z,51.97000000,248461.80000000
2026-05-28T00:00:00Z,51.67000000,335369.62900000
2026-05-29T00:00:00Z,51.89000000,239712.26700000
2026-05-30T00:00:00Z,52.45000000,202049.62300000
2026-05-31T00:00:00Z,52.07000000,171100.90200000
2026-06-01T00:00:00Z,50.79000000,322073.93800000
2026-06-02T00:00:00Z,46.91000000,518694.04500000
2026-06-03T00:00:00Z,47.14000000,464091.66100000
2026-06-04T00:00:00Z,45.64000000,540540.51400000
2026-06-05T00:00:00Z,43.32000000,635433.03200000
2026-06-06T00:00:00Z,41.39000000,445059.15300000
2026-06-07T00:00:00Z,42.83000000,497116.60500000
2026-06-08T00:00:00Z,43.03000000,380809.35000000
2026-06-09T00:00:00Z,43.03000000,335158.07600000
2026-06-10T00:00:00Z,41.74000000,336886.19100000
2026-06-11T00:00:00Z,42.47000000,265830.52900000
2026-06-12T00:00:00Z,43.07000000,301012.21500000
2026-06-13T00:00:00Z,44.33000000,222108.53600000
2026-06-14T00:00:00Z,45.41000000,248976.67200000
2026-06-15T00:00:00Z,45.76000000,444466.55000000
2026-06-16T00:00:00Z,45.69000000,274832.15800000
2026-06-17T00:00:00Z,44.92000000,230701.22800000
2026-06-18T00:00:00Z,43.86000000,261982.74400000
2026-06-19T00:00:00Z,44.07000000,197842.73800000
2026-06-20T00:00:00Z,44.53000000,157579.32700000
2026-06-21T00:00:00Z,44.47000000,203222.20400000
2026-06-22T00:00:00Z,44.56000000,197151.20900000
2026-06-23T00:00:00Z,42.17000000,325938.16100000
2026-06-24T00:00:00Z,41.19000000,379040.03600000
2026-06-25T00:00:00Z,40.92000000,364920.24100000
2026-06-26T00:00:00Z,41.91000000,454853.24500000
2026-06-27T00:00:00Z,42.17000000,329191.93100000
2026-06-28T00:00:00Z,42.53000000,227075.39300000
2026-06-29T00:00:00Z,43.20000000,306960.23300000
2026-06-30T00:00:00Z,41.93000000,292275.16600000
2026-07-01T00:00:00Z,42.71000000,344831.47900000
2026-07-02T00:00:00Z,43.54000000,360361.16400000
2026-07-03T00:00:00Z,44.82000000,309381.74500000
2026-07-04T00:00:00Z,44.86000000,277720.81800000
2026-07-05T00:00:00Z,45.82000000,297125.98700000
2026-07-06T00:00:00Z,44.84000000,339845.05100000
2026-07-07T00:00:00Z,43.91000000,244017.88800000
2026-07-08T00:00:00Z,43.66000000,395441.48600000
2026-07-09T00:00:00Z,43.80000000,215987.58700000
2026-07-10T00:00:00Z,44.78000000,213820.21900000
2026-07-11T00:00:00Z,45.14000000,42478.02100000
2026-07-12T00:00:00Z,43.98,539342.215
