timestamp,close,volume
1999-01-04,1.17890000,0
1999-01-05,1.17900000,0
1999-01-06,1.17430000,0
1999-01-07,1.16320000,0
1999-01-08,1.16590000,0
1999-01-11,1.15690000,0
1999-01-12,1.15200000,0
1999-01-13,1.17440000,0
1999-01-14,1.16530000,0
1999-01-15,1.16260000,0
1999-01-18,1.16120000,0
1999-01-19,1.16160000,0
1999-01-20,1.15750000,0
1999-01-21,1.15720000,0
1999-01-22,1.15670000,0
1999-01-25,1.15840000,0
1999-01-26,1.15820000,0
1999-01-27,1.15290000,0
1999-01-28,1.14100000,0
1999-01-29,1.13840000,0
1999-02-01,1.13380000,0
1999-02-02,1.13370000,0
1999-02-03,1.13370000,0
1999-02-04,1.12630000,0
1999-02-05,1.12920000,0
1999-02-08,1.12460000,0
1999-02-09,1.13330000,0
1999-02-10,1.13420000,0
1999-02-11,1.13120000,0
1999-02-12,1.12440000,0
1999-02-15,1.12380000,0
1999-02-16,1.11760000,0
1999-02-17,1.12530000,0
1999-02-18,1.12320000,0
1999-02-19,1.11630000,0
1999-02-22,1.09920000,0
1999-02-23,1.09690000,0
1999-02-24,1.10370000,0
1999-02-25,1.10310000,0
1999-02-26,1.10180000,0
1999-03-01,1.09860000,0
1999-03-02,1.08870000,0
1999-03-03,1.08990000,0
1999-03-04,1.08660000,0
1999-03-05,1.08340000,0
1999-03-08,1.09080000,0
1999-03-09,1.08630000,0
1999-03-10,1.09530000,0
1999-03-11,1.08910000,0
1999-03-12,1.09320000,0
1999-03-15,1.09490000,0
1999-03-16,1.09010000,0
1999-03-17,1.09660000,0
1999-03-18,1.10120000,0
1999-03-19,1.09150000,0
1999-03-22,1.08640000,0
1999-03-23,1.08960000,0
1999-03-24,1.09280000,0
1999-03-25,1.08980000,0
1999-03-26,1.08150000,0
1999-03-29,1.06920000,0
1999-03-30,1.07110000,0
1999-03-31,1.07420000,0
1999-04-01,1.07720000,0
1999-04-02,1.07720000,0
1999-04-05,1.07520000,0
1999-04-06,1.07260000,0
1999-04-07,1.08120000,0
1999-04-08,1.08180000,0
1999-04-09,1.07780000,0
1999-04-12,1.08670000,0
1999-04-13,1.07650000,0
1999-04-14,1.07870000,0
1999-04-15,1.07860000,0
1999-04-16,1.06680000,0
1999-04-19,1.06360000,0
1999-04-20,1.06460000,0
1999-04-21,1.05860000,0
1999-04-22,1.05810000,0
1999-04-23,1.06340000,0
1999-04-26,1.06140000,0
1999-04-27,1.06300000,0
1999-04-28,1.06660000,0
1999-04-29,1.06040000,0
1999-04-30,1.05970000,0
1999-05-03,1.05890000,0
1999-05-04,1.05640000,0
1999-05-05,1.06670000,0
1999-05-06,1.07990000,0
1999-05-07,1.07860000,0
1999-05-10,1.07350000,0
1999-05-11,1.07320000,0
1999-05-12,1.06450000,0
1999-05-13,1.06220000,0
1999-05-14,1.06760000,0
1999-05-17,1.06850000,0
1999-05-18,1.06900000,0
1999-05-19,1.06340000,0
1999-05-20,1.06390000,0
1999-05-21,1.05720000,0
1999-05-24,1.05850000,0
1999-05-25,1.06270000,0
1999-05-26,1.05350000,0
1999-05-27,1.04730000,0
1999-05-28,1.04790000,0
1999-05-31,1.04560000,0
1999-06-01,1.04340000,0
1999-06-02,1.03820000,0
1999-06-03,1.03820000,0
1999-06-04,1.03150000,0
1999-06-07,1.03160000,0
1999-06-08,1.03850000,0
1999-06-09,1.04660000,0
1999-06-10,1.04740000,0
1999-06-11,1.04740000,0
1999-06-14,1.04370000,0
1999-06-15,1.03920000,0
1999-06-16,1.03450000,0
1999-06-17,1.03400000,0
1999-06-18,1.03880000,0
1999-06-21,1.03390000,0
1999-06-22,1.03130000,0
1999-06-23,1.02800000,0
1999-06-24,1.03210000,0
1999-06-25,1.04430000,0
1999-06-28,1.03880000,0
1999-06-29,1.03640000,0
1999-06-30,1.03280000,0
1999-07-01,1.02640000,0
1999-07-02,1.02410000,0
1999-07-05,1.02320000,0
1999-07-06,1.02210000,0
1999-07-07,1.02220000,0
1999-07-08,1.01820000,0
1999-07-09,1.02040000,0
1999-07-12,1.01240000,0
1999-07-13,1.01830000,0
1999-07-14,1.01680000,0
1999-07-15,1.02010000,0
1999-07-16,1.02020000,0
1999-07-19,1.01460000,0
1999-07-20,1.04100000,0
1999-07-21,1.04620000,0
1999-07-22,1.04990000,0
1999-07-23,1.04960000,0
1999-07-26,1.06980000,0
1999-07-27,1.06270000,0
1999-07-28,1.06030000,0
1999-07-29,1.06800000,0
1999-07-30,1.06940000,0
1999-08-02,1.06650000,0
1999-08-03,1.06450000,0
1999-08-04,1.07610000,0
1999-08-05,1.07910000,0
1999-08-06,1.07400000,0
1999-08-09,1.07050000,0
1999-08-10,1.07370000,0
1999-08-11,1.06680000,0
1999-08-12,1.06380000,0
1999-08-13,1.06670000,0
1999-08-16,1.05530000,0
1999-08-17,1.05270000,0
1999-08-18,1.05170000,0
1999-08-19,1.05170000,0
1999-08-20,1.06670000,0
1999-08-23,1.06060000,0
1999-08-24,1.05120000,0
1999-08-25,1.04330000,0
1999-08-26,1.04520000,0
1999-08-27,1.04500000,0
1999-08-30,1.04540000,0
1999-08-31,1.05730000,0
1999-09-01,1.06130000,0
1999-09-02,1.06620000,0
1999-09-03,1.06820000,0
1999-09-06,1.05940000,0
1999-09-07,1.05650000,0
1999-09-08,1.06130000,0
1999-09-09,1.05920000,0
1999-09-10,1.05200000,0
1999-09-13,1.03420000,0
1999-09-14,1.03620000,0
1999-09-15,1.03690000,0
1999-09-16,1.03720000,0
1999-09-17,1.03970000,0
1999-09-20,1.04060000,0
1999-09-21,1.03880000,0
1999-09-22,1.05090000,0
1999-09-23,1.04300000,0
1999-09-24,1.04760000,0
1999-09-27,1.04140000,0
1999-09-28,1.04830000,0
1999-09-29,1.05630000,0
1999-09-30,1.06650000,0
1999-10-01,1.07280000,0
1999-10-04,1.07190000,0
1999-10-05,1.06860000,0
1999-10-06,1.07370000,0
1999-10-07,1.07290000,0
1999-10-08,1.06570000,0
1999-10-11,1.06310000,0
1999-10-12,1.06680000,0
1999-10-13,1.07780000,0
1999-10-14,1.07580000,0
1999-10-15,1.08690000,0
1999-10-18,1.08680000,0
1999-10-19,1.08180000,0
1999-10-20,1.07770000,0
1999-10-21,1.07970000,0
1999-10-22,1.07580000,0
1999-10-25,1.06830000,0
1999-10-26,1.06330000,0
1999-10-27,1.05520000,0
1999-10-28,1.05340000,0
1999-10-29,1.04530000,0
1999-11-01,1.05720000,0
1999-11-02,1.05070000,0
1999-11-03,1.04910000,0
1999-11-04,1.05040000,0
1999-11-05,1.04080000,0
1999-11-08,1.04050000,0
1999-11-09,1.04240000,0
1999-11-10,1.04020000,0
1999-11-11,1.04060000,0
1999-11-12,1.03080000,0
1999-11-15,1.03010000,0
1999-11-16,1.03360000,0
1999-11-17,1.04080000,0
1999-11-18,1.03800000,0
1999-11-19,1.02790000,0
1999-11-22,1.03110000,0
1999-11-23,1.03150000,0
1999-11-24,1.02150000,0
1999-11-25,1.01940000,0
1999-11-26,1.01010000,0
1999-11-29,1.00770000,0
1999-11-30,1.00970000,0
1999-12-01,1.00910000,0
1999-12-02,1.00570000,0
1999-12-03,1.00150000,0
1999-12-06,1.01820000,0
1999-12-07,1.02390000,0
1999-12-08,1.02360000,0
1999-12-09,1.01750000,0
1999-12-10,1.01410000,0
1999-12-13,1.01280000,0
1999-12-14,1.00380000,0
1999-12-15,1.00210000,0
1999-12-16,1.01460000,0
1999-12-17,1.01280000,0
1999-12-20,1.00960000,0
1999-12-21,1.00840000,0
1999-12-22,1.00740000,0
1999-12-23,1.00890000,0
1999-12-24,1.01420000,0
1999-12-27,1.01340000,0
1999-12-28,1.00890000,0
1999-12-29,1.00720000,0
1999-12-30,1.00460000,0
2000-01-03,1.00900000,0
2000-01-04,1.03050000,0
2000-01-05,1.03680000,0
2000-01-06,1.03880000,0
2000-01-07,1.02840000,0
2000-01-10,1.02290000,0
2000-01-11,1.02560000,0
2000-01-12,1.03080000,0
2000-01-13,1.02760000,0
2000-01-14,1.02250000,0
2000-01-17,1.00940000,0
2000-01-18,1.00930000,0
2000-01-19,1.01050000,0
2000-01-20,1.00890000,0
2000-01-21,1.00970000,0
2000-01-24,1.00270000,0
2000-01-25,1.00080000,0
2000-01-26,1.00190000,0
2000-01-27,0.99760000,0
2000-01-28,0.98480000,0
2000-01-31,0.97910000,0
2000-02-01,0.97100000,0
2000-02-02,0.97170000,0
2000-02-03,0.97480000,0
2000-02-04,0.98350000,0
2000-02-07,0.97670000,0
2000-02-08,0.99030000,0
2000-02-09,0.99340000,0
2000-02-10,0.98680000,0
2000-02-11,0.98010000,0
2000-02-14,0.98670000,0
2000-02-15,0.97780000,0
2000-02-16,0.98040000,0
2000-02-17,0.99190000,0
2000-02-18,0.98570000,0
2000-02-21,0.98570000,0
2000-02-22,1.00220000,0
2000-02-23,1.00680000,0
2000-02-24,0.98980000,0
2000-02-25,0.98130000,0
2000-02-28,0.96390000,0
2000-02-29,0.97140000,0
2000-03-01,0.96670000,0
2000-03-02,0.97250000,0
2000-03-03,0.96590000,0
2000-03-06,0.96400000,0
2000-03-07,0.95930000,0
2000-03-08,0.95430000,0
2000-03-09,0.96160000,0
2000-03-10,0.96130000,0
2000-03-13,0.97160000,0
2000-03-14,0.96200000,0
2000-03-15,0.96470000,0
2000-03-16,0.96630000,0
2000-03-17,0.96720000,0
2000-03-20,0.97150000,0
2000-03-21,0.97010000,0
2000-03-22,0.96030000,0
2000-03-23,0.96560000,0
2000-03-24,0.97150000,0
2000-03-27,0.97120000,0
2000-03-28,0.96470000,0
2000-03-29,0.95680000,0
2000-03-30,0.95550000,0
2000-03-31,0.95530000,0
2000-04-03,0.95640000,0
2000-04-04,0.95380000,0
2000-04-05,0.96730000,0
2000-04-06,0.96250000,0
2000-04-07,0.95640000,0
2000-04-10,0.95900000,0
2000-04-11,0.95940000,0
2000-04-12,0.95760000,0
2000-04-13,0.95370000,0
2000-04-14,0.95400000,0
2000-04-17,0.95730000,0
2000-04-18,0.94970000,0
2000-04-19,0.94610000,0
2000-04-20,0.93760000,0
2000-04-25,0.93020000,0
2000-04-26,0.91930000,0
2000-04-27,0.91630000,0
2000-04-28,0.90850000,0
2000-05-02,0.91160000,0
2000-05-03,0.89130000,0
2000-05-04,0.89470000,0
2000-05-05,0.89840000,0
2000-05-08,0.89520000,0
2000-05-09,0.89780000,0
2000-05-10,0.91070000,0
2000-05-11,0.90790000,0
2000-05-12,0.90290000,0
2000-05-15,0.91470000,0
2000-05-16,0.90650000,0
2000-05-17,0.89220000,0
2000-05-18,0.89420000,0
2000-05-19,0.88750000,0
2000-05-22,0.90000000,0
2000-05-23,0.91110000,0
2000-05-24,0.90980000,0
2000-05-25,0.89810000,0
2000-05-26,0.91430000,0
2000-05-29,0.92620000,0
2000-05-30,0.93590000,0
2000-05-31,0.93030000,0
2000-06-01,0.93300000,0
2000-06-02,0.93550000,0
2000-06-05,0.94330000,0
2000-06-06,0.94850000,0
2000-06-07,0.95540000,0
2000-06-08,0.96680000,0
2000-06-09,0.94900000,0
2000-06-12,0.95270000,0
2000-06-13,0.95830000,0
2000-06-14,0.96360000,0
2000-06-15,0.95240000,0
2000-06-16,0.95650000,0
2000-06-19,0.96400000,0
2000-06-20,0.95380000,0
2000-06-21,0.94700000,0
2000-06-22,0.94050000,0
2000-06-23,0.94130000,0
2000-06-26,0.93270000,0
2000-06-27,0.94010000,0
2000-06-28,0.94150000,0
2000-06-29,0.95040000,0
2000-06-30,0.95560000,0
2000-07-03,0.94930000,0
2000-07-04,0.94870000,0
2000-07-05,0.95370000,0
2000-07-06,0.95420000,0
2000-07-07,0.94830000,0
2000-07-10,0.95230000,0
2000-07-11,0.95270000,0
2000-07-12,0.94990000,0
2000-07-13,0.93490000,0
2000-07-14,0.93440000,0
2000-07-17,0.93520000,0
2000-07-18,0.93530000,0
2000-07-19,0.92160000,0
2000-07-20,0.92200000,0
2000-07-21,0.93630000,0
2000-07-24,0.93320000,0
2000-07-25,0.94100000,0
2000-07-26,0.93900000,0
2000-07-27,0.93890000,0
2000-07-28,0.92760000,0
2000-07-31,0.92430000,0
2000-08-01,0.92640000,0
2000-08-02,0.91420000,0
2000-08-03,0.90280000,0
2000-08-04,0.90310000,0
2000-08-07,0.90840000,0
2000-08-08,0.90470000,0
2000-08-09,0.89730000,0
2000-08-10,0.90310000,0
2000-08-11,0.91320000,0
2000-08-14,0.90110000,0
2000-08-15,0.91180000,0
2000-08-16,0.90720000,0
2000-08-17,0.91400000,0
2000-08-18,0.91270000,0
2000-08-21,0.90230000,0
2000-08-22,0.89720000,0
2000-08-23,0.89180000,0
2000-08-24,0.90120000,0
2000-08-25,0.90210000,0
2000-08-28,0.90070000,0
2000-08-29,0.89650000,0
2000-08-30,0.89090000,0
2000-08-31,0.89060000,0
2000-09-01,0.89020000,0
2000-09-04,0.90000000,0
2000-09-05,0.88860000,0
2000-09-06,0.88180000,0
2000-09-07,0.86760000,0
2000-09-08,0.87350000,0
2000-09-11,0.86090000,0
2000-09-12,0.86140000,0
2000-09-13,0.86540000,0
2000-09-14,0.86930000,0
2000-09-15,0.86150000,0
2000-09-18,0.85260000,0
2000-09-19,0.85410000,0
2000-09-20,0.84760000,0
2000-09-21,0.85240000,0
2000-09-22,0.88900000,0
2000-09-25,0.87700000,0
2000-09-26,0.87570000,0
2000-09-27,0.88610000,0
2000-09-28,0.88320000,0
2000-09-29,0.87650000,0
2000-10-02,0.88020000,0
2000-10-03,0.87630000,0
2000-10-04,0.87300000,0
2000-10-05,0.87860000,0
2000-10-06,0.87030000,0
2000-10-09,0.86950000,0
2000-10-10,0.87210000,0
2000-10-11,0.87200000,0
2000-10-12,0.86480000,0
2000-10-13,0.86270000,0
2000-10-16,0.85110000,0
2000-10-17,0.84960000,0
2000-10-18,0.85250000,0
2000-10-19,0.84110000,0
2000-10-20,0.84520000,0
2000-10-23,0.83770000,0
2000-10-24,0.83860000,0
2000-10-25,0.83070000,0
2000-10-26,0.82520000,0
2000-10-27,0.83240000,0
2000-10-30,0.84820000,0
2000-10-31,0.84170000,0
2000-11-01,0.85540000,0
2000-11-02,0.86460000,0
2000-11-03,0.87300000,0
2000-11-06,0.86670000,0
2000-11-07,0.85870000,0
2000-11-08,0.85590000,0
2000-11-09,0.85310000,0
2000-11-10,0.86730000,0
2000-11-13,0.86200000,0
2000-11-14,0.85830000,0
2000-11-15,0.85960000,0
2000-11-16,0.85690000,0
2000-11-17,0.85350000,0
2000-11-20,0.84880000,0
2000-11-21,0.84740000,0
2000-11-22,0.84290000,0
2000-11-23,0.84270000,0
2000-11-24,0.84360000,0
2000-11-27,0.84060000,0
2000-11-28,0.85610000,0
2000-11-29,0.86500000,0
2000-11-30,0.86840000,0
2000-12-01,0.87350000,0
2000-12-04,0.89080000,0
2000-12-05,0.88100000,0
2000-12-06,0.88280000,0
2000-12-07,0.89430000,0
2000-12-08,0.88950000,0
2000-12-11,0.88040000,0
2000-12-12,0.87820000,0
2000-12-13,0.87480000,0
2000-12-14,0.88390000,0
2000-12-15,0.89840000,0
2000-12-18,0.89660000,0
2000-12-19,0.89030000,0
2000-12-20,0.90590000,0
2000-12-21,0.91460000,0
2000-12-22,0.92400000,0
2000-12-27,0.93100000,0
2000-12-28,0.92850000,0
2000-12-29,0.93050000,0
2001-01-02,0.94230000,0
2001-01-03,0.95300000,0
2001-01-04,0.94580000,0
2001-01-05,0.95450000,0
2001-01-08,0.94970000,0
2001-01-09,0.94010000,0
2001-01-10,0.94120000,0
2001-01-11,0.95230000,0
2001-01-12,0.95450000,0
2001-01-15,0.94280000,0
2001-01-16,0.94120000,0
2001-01-17,0.93960000,0
2001-01-18,0.94040000,0
2001-01-19,0.94000000,0
2001-01-22,0.92900000,0
2001-01-23,0.94070000,0
2001-01-24,0.92940000,0
2001-01-25,0.91460000,0
2001-01-26,0.92280000,0
2001-01-29,0.91930000,0
2001-01-30,0.91970000,0
2001-01-31,0.92930000,0
2001-02-01,0.94060000,0
2001-02-02,0.94070000,0
2001-02-05,0.94250000,0
2001-02-06,0.93220000,0
2001-02-07,0.93250000,0
2001-02-08,0.92200000,0
2001-02-09,0.92270000,0
2001-02-12,0.92880000,0
2001-02-13,0.92750000,0
2001-02-14,0.91780000,0
2001-02-15,0.90900000,0
2001-02-16,0.91130000,0
2001-02-19,0.92130000,0
2001-02-20,0.90700000,0
2001-02-21,0.91460000,0
2001-02-22,0.90560000,0
2001-02-23,0.90640000,0
2001-02-26,0.91050000,0
2001-02-27,0.91630000,0
2001-02-28,0.92480000,0
2001-03-01,0.92690000,0
2001-03-02,0.93630000,0
2001-03-05,0.93050000,0
2001-03-06,0.92790000,0
2001-03-07,0.93070000,0
2001-03-08,0.93120000,0
2001-03-09,0.93570000,0
2001-03-12,0.92720000,0
2001-03-13,0.92020000,0
2001-03-14,0.91820000,0
2001-03-15,0.90640000,0
2001-03-16,0.89470000,0
2001-03-19,0.89960000,0
2001-03-20,0.90200000,0
2001-03-21,0.89900000,0
2001-03-22,0.88890000,0
2001-03-23,0.89220000,0
2001-03-26,0.89350000,0
2001-03-27,0.89520000,0
2001-03-28,0.88600000,0
2001-03-29,0.88400000,0
2001-03-30,0.88320000,0
2001-04-02,0.87720000,0
2001-04-03,0.88450000,0
2001-04-04,0.90320000,0
2001-04-05,0.90200000,0
2001-04-06,0.89400000,0
2001-04-09,0.90180000,0
2001-04-10,0.89450000,0
2001-04-11,0.88400000,0
2001-04-12,0.88490000,0
2001-04-17,0.87910000,0
2001-04-18,0.87780000,0
2001-04-19,0.88270000,0
2001-04-20,0.89890000,0
2001-04-23,0.90020000,0
2001-04-24,0.89730000,0
2001-04-25,0.89470000,0
2001-04-26,0.90130000,0
2001-04-27,0.90230000,0
2001-04-30,0.88760000,0
2001-05-02,0.89070000,0
2001-05-03,0.89030000,0
2001-05-04,0.89390000,0
2001-05-07,0.89190000,0
2001-05-08,0.88660000,0
2001-05-09,0.88270000,0
2001-05-10,0.88500000,0
2001-05-11,0.87730000,0
2001-05-14,0.87450000,0
2001-05-15,0.87680000,0
2001-05-16,0.88340000,0
2001-05-17,0.88150000,0
2001-05-18,0.87770000,0
2001-05-21,0.87540000,0
2001-05-22,0.86850000,0
2001-05-23,0.85850000,0
2001-05-24,0.86040000,0
2001-05-25,0.85910000,0
2001-05-28,0.85840000,0
2001-05-29,0.85520000,0
2001-05-30,0.85580000,0
2001-05-31,0.84800000,0
2001-06-01,0.84780000,0
2001-06-04,0.85130000,0
2001-06-05,0.84650000,0
2001-06-06,0.85430000,0
2001-06-07,0.84660000,0
2001-06-08,0.84680000,0
2001-06-11,0.84940000,0
2001-06-12,0.84740000,0
2001-06-13,0.85420000,0
2001-06-14,0.84920000,0
2001-06-15,0.86620000,0
2001-06-18,0.85810000,0
2001-06-19,0.85630000,0
2001-06-20,0.85130000,0
2001-06-21,0.85520000,0
2001-06-22,0.85280000,0
2001-06-25,0.86070000,0
2001-06-26,0.86110000,0
2001-06-27,0.86220000,0
2001-06-28,0.85110000,0
2001-06-29,0.84800000,0
2001-07-02,0.84550000,0
2001-07-03,0.84970000,0
2001-07-04,0.84530000,0
2001-07-05,0.84220000,0
2001-07-06,0.83840000,0
2001-07-09,0.84590000,0
2001-07-10,0.85450000,0
2001-07-11,0.86110000,0
2001-07-12,0.85380000,0
2001-07-13,0.85390000,0
2001-07-16,0.85830000,0
2001-07-17,0.85160000,0
2001-07-18,0.86300000,0
2001-07-19,0.87230000,0
2001-07-20,0.87760000,0
2001-07-23,0.86760000,0
2001-07-24,0.87080000,0
2001-07-25,0.87930000,0
2001-07-26,0.87640000,0
2001-07-27,0.87680000,0
2001-07-30,0.87510000,0
2001-07-31,0.87550000,0
2001-08-01,0.88170000,0
2001-08-02,0.87880000,0
2001-08-03,0.88060000,0
2001-08-06,0.88050000,0
2001-08-07,0.87680000,0
2001-08-08,0.87630000,0
2001-08-09,0.88530000,0
2001-08-10,0.89360000,0
2001-08-13,0.89910000,0
2001-08-14,0.89680000,0
2001-08-15,0.91140000,0
2001-08-16,0.91440000,0
2001-08-17,0.91380000,0
2001-08-20,0.91490000,0
2001-08-21,0.91280000,0
2001-08-22,0.92160000,0
2001-08-23,0.91120000,0
2001-08-24,0.91080000,0
2001-08-27,0.90900000,0
2001-08-28,0.90420000,0
2001-08-29,0.91220000,0
2001-08-30,0.90950000,0
2001-08-31,0.91580000,0
2001-09-03,0.90720000,0
2001-09-04,0.89700000,0
2001-09-05,0.88910000,0
2001-09-06,0.88550000,0
2001-09-07,0.89520000,0
2001-09-10,0.90470000,0
2001-09-11,0.89640000,0
2001-09-12,0.90520000,0
2001-09-13,0.90600000,0
2001-09-14,0.92190000,0
2001-09-17,0.92690000,0
2001-09-18,0.92560000,0
2001-09-19,0.92580000,0
2001-09-20,0.92590000,0
2001-09-21,0.92000000,0
2001-09-24,0.91640000,0
2001-09-25,0.91760000,0
2001-09-26,0.92190000,0
2001-09-27,0.92050000,0
2001-09-28,0.91310000,0
2001-10-01,0.91250000,0
2001-10-02,0.91890000,0
2001-10-03,0.92090000,0
2001-10-04,0.91170000,0
2001-10-05,0.91740000,0
2001-10-08,0.92140000,0
2001-10-09,0.91930000,0
2001-10-10,0.91360000,0
2001-10-11,0.90620000,0
2001-10-12,0.90400000,0
2001-10-15,0.90970000,0
2001-10-16,0.90520000,0
2001-10-17,0.90220000,0
2001-10-18,0.90260000,0
2001-10-19,0.90090000,0
2001-10-22,0.89690000,0
2001-10-23,0.88870000,0
2001-10-24,0.89170000,0
2001-10-25,0.88890000,0
2001-10-26,0.89110000,0
2001-10-29,0.90050000,0
2001-10-30,0.90640000,0
2001-10-31,0.90420000,0
2001-11-01,0.90970000,0
2001-11-02,0.90560000,0
2001-11-05,0.89610000,0
2001-11-06,0.89610000,0
2001-11-07,0.90140000,0
2001-11-08,0.89720000,0
2001-11-09,0.89300000,0
2001-11-12,0.89190000,0
2001-11-13,0.88420000,0
2001-11-14,0.88030000,0
2001-11-15,0.88250000,0
2001-11-16,0.88450000,0
2001-11-19,0.87930000,0
2001-11-20,0.88240000,0
2001-11-21,0.87910000,0
2001-11-22,0.87780000,0
2001-11-23,0.87950000,0
2001-11-26,0.88180000,0
2001-11-27,0.87880000,0
2001-11-28,0.88310000,0
2001-11-29,0.88870000,0
2001-11-30,0.88980000,0
2001-12-03,0.89250000,0
2001-12-04,0.89020000,0
2001-12-05,0.89190000,0
2001-12-06,0.88890000,0
2001-12-07,0.89110000,0
2001-12-10,0.88500000,0
2001-12-11,0.89080000,0
2001-12-12,0.89380000,0
2001-12-13,0.89750000,0
2001-12-14,0.90160000,0
2001-12-17,0.90490000,0
2001-12-18,0.90120000,0
2001-12-19,0.89830000,0
2001-12-20,0.89730000,0
2001-12-21,0.89430000,0
2001-12-24,0.87980000,0
2001-12-27,0.88230000,0
2001-12-28,0.88130000,0
2002-01-02,0.90380000,0
2002-01-03,0.90360000,0
2002-01-04,0.89540000,0
2002-01-07,0.89050000,0
2002-01-08,0.89090000,0
2002-01-09,0.89210000,0
2002-01-10,0.89090000,0
2002-01-11,0.89190000,0
2002-01-14,0.89270000,0
2002-01-15,0.89220000,0
2002-01-16,0.88170000,0
2002-01-17,0.88190000,0
2002-01-18,0.88100000,0
2002-01-21,0.88400000,0
2002-01-22,0.88300000,0
2002-01-23,0.88560000,0
2002-01-24,0.87670000,0
2002-01-25,0.86630000,0
2002-01-28,0.85780000,0
2002-01-29,0.86240000,0
2002-01-30,0.86420000,0
2002-01-31,0.86370000,0
2002-02-01,0.86320000,0
2002-02-04,0.86440000,0
2002-02-05,0.86830000,0
2002-02-06,0.86640000,0
2002-02-07,0.86640000,0
2002-02-08,0.87400000,0
2002-02-11,0.87940000,0
2002-02-12,0.87530000,0
2002-02-13,0.87310000,0
2002-02-14,0.86930000,0
2002-02-15,0.87050000,0
2002-02-18,0.87150000,0
2002-02-19,0.86920000,0
2002-02-20,0.87430000,0
2002-02-21,0.87010000,0
2002-02-22,0.87470000,0
2002-02-25,0.87240000,0
2002-02-26,0.86820000,0
2002-02-27,0.86490000,0
2002-02-28,0.86510000,0
2002-03-01,0.86790000,0
2002-03-04,0.86490000,0
2002-03-05,0.86820000,0
2002-03-06,0.87120000,0
2002-03-07,0.87640000,0
2002-03-08,0.87970000,0
2002-03-11,0.87410000,0
2002-03-12,0.87330000,0
2002-03-13,0.87340000,0
2002-03-14,0.88030000,0
2002-03-15,0.88530000,0
2002-03-18,0.87920000,0
2002-03-19,0.88290000,0
2002-03-20,0.88140000,0
2002-03-21,0.88170000,0
2002-03-22,0.87950000,0
2002-03-25,0.87590000,0
2002-03-26,0.87370000,0
2002-03-27,0.87460000,0
2002-03-28,0.87240000,0
2002-04-02,0.87860000,0
2002-04-03,0.88030000,0
2002-04-04,0.88180000,0
2002-04-05,0.87860000,0
2002-04-08,0.87780000,0
2002-04-09,0.87630000,0
2002-04-10,0.87980000,0
2002-04-11,0.87940000,0
2002-04-12,0.88030000,0
2002-04-15,0.88020000,0
2002-04-16,0.88030000,0
2002-04-17,0.88800000,0
2002-04-18,0.88950000,0
2002-04-19,0.88860000,0
2002-04-22,0.88820000,0
2002-04-23,0.88720000,0
2002-04-24,0.88920000,0
2002-04-25,0.89690000,0
2002-04-26,0.89710000,0
2002-04-29,0.90380000,0
2002-04-30,0.90080000,0
2002-05-02,0.90320000,0
2002-05-03,0.90830000,0
2002-05-06,0.91440000,0
2002-05-07,0.91250000,0
2002-05-08,0.90880000,0
2002-05-09,0.90610000,0
2002-05-10,0.91180000,0
2002-05-13,0.91180000,0
2002-05-14,0.90620000,0
2002-05-15,0.90300000,0
2002-05-16,0.91240000,0
2002-05-17,0.91520000,0
2002-05-20,0.92020000,0
2002-05-21,0.92130000,0
2002-05-22,0.92600000,0
2002-05-23,0.92130000,0
2002-05-24,0.91880000,0
2002-05-27,0.91900000,0
2002-05-28,0.92550000,0
2002-05-29,0.93200000,0
2002-05-30,0.93750000,0
2002-05-31,0.93870000,0
2002-06-03,0.93130000,0
2002-06-04,0.94350000,0
2002-06-05,0.93710000,0
2002-06-06,0.93860000,0
2002-06-07,0.94520000,0
2002-06-10,0.94590000,0
2002-06-11,0.94170000,0
2002-06-12,0.94520000,0
2002-06-13,0.94170000,0
2002-06-14,0.94780000,0
2002-06-17,0.94260000,0
2002-06-18,0.94840000,0
2002-06-19,0.95610000,0
2002-06-20,0.95920000,0
2002-06-21,0.96360000,0
2002-06-24,0.97810000,0
2002-06-25,0.97120000,0
2002-06-26,0.99170000,0
2002-06-27,0.98240000,0
2002-06-28,0.99750000,0
2002-07-01,0.99130000,0
2002-07-02,0.98380000,0
2002-07-03,0.97800000,0
2002-07-04,0.97900000,0
2002-07-05,0.97250000,0
2002-07-08,0.98280000,0
2002-07-09,0.99300000,0
2002-07-10,0.98980000,0
2002-07-11,0.98360000,0
2002-07-12,0.98730000,0
2002-07-15,1.00240000,0
2002-07-16,1.01270000,0
2002-07-17,1.00640000,0
2002-07-18,1.00580000,0
2002-07-19,1.01460000,0
2002-07-22,1.00860000,0
2002-07-23,0.99100000,0
2002-07-24,0.99150000,0
2002-07-25,1.00140000,0
2002-07-26,1.00080000,0
2002-07-29,0.98210000,0
2002-07-30,0.98350000,0
2002-07-31,0.97830000,0
2002-08-01,0.97600000,0
2002-08-02,0.98730000,0
2002-08-05,0.98360000,0
2002-08-06,0.96890000,0
2002-08-07,0.96980000,0
2002-08-08,0.96870000,0
2002-08-09,0.97290000,0
2002-08-12,0.97800000,0
2002-08-13,0.97990000,0
2002-08-14,0.98570000,0
2002-08-15,0.97770000,0
2002-08-16,0.98250000,0
2002-08-19,0.97990000,0
2002-08-20,0.97920000,0
2002-08-21,0.97620000,0
2002-08-22,0.97700000,0
2002-08-23,0.96970000,0
2002-08-26,0.97010000,0
2002-08-27,0.97740000,0
2002-08-28,0.98260000,0
2002-08-29,0.98430000,0
2002-08-30,0.98330000,0
2002-09-02,0.98210000,0
2002-09-03,0.99100000,0
2002-09-04,0.99470000,0
2002-09-05,0.99750000,0
2002-09-06,0.99180000,0
2002-09-09,0.97940000,0
2002-09-10,0.97600000,0
2002-09-11,0.97490000,0
2002-09-12,0.97570000,0
2002-09-13,0.98100000,0
2002-09-16,0.96830000,0
2002-09-17,0.96490000,0
2002-09-18,0.97250000,0
2002-09-19,0.98140000,0
2002-09-20,0.97900000,0
2002-09-23,0.98310000,0
2002-09-24,0.98280000,0
2002-09-25,0.97710000,0
2002-09-26,0.97960000,0
2002-09-27,0.97790000,0
2002-09-30,0.98600000,0
2002-10-01,0.98610000,0
2002-10-02,0.98350000,0
2002-10-03,0.98900000,0
2002-10-04,0.98650000,0
2002-10-07,0.98080000,0
2002-10-08,0.98000000,0
2002-10-09,0.98140000,0
2002-10-10,0.98750000,0
2002-10-11,0.98570000,0
2002-10-14,0.98730000,0
2002-10-15,0.98100000,0
2002-10-16,0.98230000,0
2002-10-17,0.97630000,0
2002-10-18,0.97350000,0
2002-10-21,0.97480000,0
2002-10-22,0.97680000,0
2002-10-23,0.97750000,0
2002-10-24,0.97380000,0
2002-10-25,0.97630000,0
2002-10-28,0.97450000,0
2002-10-29,0.98200000,0
2002-10-30,0.98250000,0
2002-10-31,0.98640000,0
2002-11-01,0.99740000,0
2002-11-04,0.99440000,0
2002-11-05,1.00240000,0
2002-11-06,0.99550000,0
2002-11-07,1.00130000,0
2002-11-08,1.01070000,0
2002-11-11,1.01260000,0
2002-11-12,1.00810000,0
2002-11-13,1.00680000,0
2002-11-14,1.00950000,0
2002-11-15,1.00290000,0
2002-11-18,1.00650000,0
2002-11-19,1.01250000,0
2002-11-20,1.00190000,0
2002-11-21,1.00340000,0
2002-11-22,1.00240000,0
2002-11-25,0.99050000,0
2002-11-26,0.99100000,0
2002-11-27,0.99270000,0
2002-11-28,0.99340000,0
2002-11-29,0.99270000,0
2002-12-02,0.98710000,0
2002-12-03,0.99670000,0
2002-12-04,1.00180000,0
2002-12-05,0.99910000,0
2002-12-06,1.00060000,0
2002-12-09,1.00930000,0
2002-12-10,1.01110000,0
2002-12-11,1.00670000,0
2002-12-12,1.01560000,0
2002-12-13,1.02210000,0
2002-12-16,1.02120000,0
2002-12-17,1.03070000,0
2002-12-18,1.02400000,0
2002-12-19,1.02730000,0
2002-12-20,1.02550000,0
2002-12-23,1.02820000,0
2002-12-24,1.02960000,0
2002-12-27,1.03760000,0
2002-12-30,1.04220000,0
2002-12-31,1.04870000,0
2003-01-02,1.04460000,0
2003-01-03,1.03920000,0
2003-01-06,1.04880000,0
2003-01-07,1.04250000,0
2003-01-08,1.03770000,0
2003-01-09,1.05070000,0
2003-01-10,1.05030000,0
2003-01-13,1.05490000,0
2003-01-14,1.05770000,0
2003-01-15,1.05260000,0
2003-01-16,1.05640000,0
2003-01-17,1.06520000,0
2003-01-20,1.06530000,0
2003-01-21,1.06530000,0
2003-01-22,1.07180000,0
2003-01-23,1.07570000,0
2003-01-24,1.07840000,0
2003-01-27,1.08700000,0
2003-01-28,1.08080000,0
2003-01-29,1.08680000,0
2003-01-30,1.07480000,0
2003-01-31,1.08160000,0
2003-02-03,1.07290000,0
2003-02-04,1.08220000,0
2003-02-05,1.09100000,0
2003-02-06,1.08130000,0
2003-02-07,1.07890000,0
2003-02-10,1.08080000,0
2003-02-11,1.07060000,0
2003-02-12,1.07310000,0
2003-02-13,1.07580000,0
2003-02-14,1.07930000,0
2003-02-17,1.07160000,0
2003-02-18,1.07140000,0
2003-02-19,1.07170000,0
2003-02-20,1.07630000,0
2003-02-21,1.08380000,0
2003-02-24,1.07210000,0
2003-02-25,1.07740000,0
2003-02-26,1.07530000,0
2003-02-27,1.08220000,0
2003-02-28,1.07820000,0
2003-03-03,1.08000000,0
2003-03-04,1.09190000,0
2003-03-05,1.09660000,0
2003-03-06,1.09630000,0
2003-03-07,1.10390000,0
2003-03-10,1.10420000,0
2003-03-11,1.10800000,0
2003-03-12,1.10280000,0
2003-03-13,1.08640000,0
2003-03-14,1.07750000,0
2003-03-17,1.08010000,0
2003-03-18,1.05860000,0
2003-03-19,1.05700000,0
2003-03-20,1.05920000,0
2003-03-21,1.05720000,0
2003-03-24,1.06340000,0
2003-03-25,1.06910000,0
2003-03-26,1.06670000,0
2003-03-27,1.07230000,0
2003-03-28,1.07300000,0
2003-03-31,1.08950000,0
2003-04-01,1.08910000,0
2003-04-02,1.08300000,0
2003-04-03,1.07020000,0
2003-04-04,1.07200000,0
2003-04-07,1.05820000,0
2003-04-08,1.06600000,0
2003-04-09,1.07420000,0
2003-04-10,1.08050000,0
2003-04-11,1.07350000,0
2003-04-14,1.07370000,0
2003-04-15,1.07840000,0
2003-04-16,1.08360000,0
2003-04-17,1.09200000,0
2003-04-22,1.09710000,0
2003-04-23,1.09440000,0
2003-04-24,1.10080000,0
2003-04-25,1.09730000,0
2003-04-28,1.10250000,0
2003-04-29,1.09560000,0
2003-04-30,1.11310000,0
2003-05-02,1.12390000,0
2003-05-05,1.12180000,0
2003-05-06,1.13440000,0
2003-05-07,1.14270000,0
2003-05-08,1.14350000,0
2003-05-09,1.14660000,0
2003-05-12,1.15970000,0
2003-05-13,1.15180000,0
2003-05-14,1.14990000,0
2003-05-15,1.14580000,0
2003-05-16,1.14920000,0
2003-05-19,1.16520000,0
2003-05-20,1.16440000,0
2003-05-21,1.16890000,0
2003-05-22,1.17200000,0
2003-05-23,1.17900000,0
2003-05-26,1.18130000,0
2003-05-27,1.19010000,0
2003-05-28,1.17380000,0
2003-05-29,1.17560000,0
2003-05-30,1.18220000,0
2003-06-02,1.16720000,0
2003-06-03,1.17230000,0
2003-06-04,1.16910000,0
2003-06-05,1.17750000,0
2003-06-06,1.18130000,0
2003-06-09,1.17260000,0
2003-06-10,1.16990000,0
2003-06-11,1.17480000,0
2003-06-12,1.17340000,0
2003-06-13,1.17510000,0
2003-06-16,1.18540000,0
2003-06-17,1.17970000,0
2003-06-18,1.16990000,0
2003-06-19,1.16550000,0
2003-06-20,1.16550000,0
2003-06-23,1.15390000,0
2003-06-24,1.15650000,0
2003-06-25,1.15510000,0
2003-06-26,1.14320000,0
2003-06-27,1.14130000,0
2003-06-30,1.14270000,0
2003-07-01,1.15430000,0
2003-07-02,1.15350000,0
2003-07-03,1.14570000,0
2003-07-04,1.14660000,0
2003-07-07,1.13600000,0
2003-07-08,1.13260000,0
2003-07-09,1.13550000,0
2003-07-10,1.13420000,0
2003-07-11,1.13150000,0
2003-07-14,1.12990000,0
2003-07-15,1.13190000,0
2003-07-16,1.11380000,0
2003-07-17,1.12310000,0
2003-07-18,1.12050000,0
2003-07-21,1.12840000,0
2003-07-22,1.13430000,0
2003-07-23,1.14010000,0
2003-07-24,1.14670000,0
2003-07-25,1.14770000,0
2003-07-28,1.14890000,0
2003-07-29,1.14620000,0
2003-07-30,1.14200000,0
2003-07-31,1.13180000,0
2003-08-01,1.11690000,0
2003-08-04,1.13070000,0
2003-08-05,1.13330000,0
2003-08-06,1.13920000,0
2003-08-07,1.13530000,0
2003-08-08,1.13260000,0
2003-08-11,1.12950000,0
2003-08-12,1.13120000,0
2003-08-13,1.12770000,0
2003-08-14,1.12700000,0
2003-08-15,1.12470000,0
2003-08-18,1.11880000,0
2003-08-19,1.10650000,0
2003-08-20,1.11090000,0
2003-08-21,1.10090000,0
2003-08-22,1.08940000,0
2003-08-25,1.08880000,0
2003-08-26,1.08160000,0
2003-08-27,1.09070000,0
2003-08-28,1.08280000,0
2003-08-29,1.09270000,0
2003-09-01,1.09650000,0
2003-09-02,1.08490000,0
2003-09-03,1.07830000,0
2003-09-04,1.08180000,0
2003-09-05,1.09230000,0
2003-09-08,1.10710000,0
2003-09-09,1.11350000,0
2003-09-10,1.11720000,0
2003-09-11,1.12170000,0
2003-09-12,1.11720000,0
2003-09-15,1.12810000,0
2003-09-16,1.12350000,0
2003-09-17,1.12120000,0
2003-09-18,1.12900000,0
2003-09-19,1.13120000,0
2003-09-22,1.14680000,0
2003-09-23,1.14640000,0
2003-09-24,1.14660000,0
2003-09-25,1.14930000,0
2003-09-26,1.14870000,0
2003-09-29,1.14130000,0
2003-09-30,1.16520000,0
2003-10-01,1.16710000,0
2003-10-02,1.16920000,0
2003-10-03,1.16860000,0
2003-10-06,1.15790000,0
2003-10-07,1.17680000,0
2003-10-08,1.17810000,0
2003-10-09,1.17880000,0
2003-10-10,1.17880000,0
2003-10-13,1.16880000,0
2003-10-14,1.16340000,0
2003-10-15,1.16690000,0
2003-10-16,1.16150000,0
2003-10-17,1.15790000,0
2003-10-20,1.16290000,0
2003-10-21,1.16230000,0
2003-10-22,1.16940000,0
2003-10-23,1.17860000,0
2003-10-24,1.17810000,0
2003-10-27,1.17480000,0
2003-10-28,1.16730000,0
2003-10-29,1.16840000,0
2003-10-30,1.17360000,0
2003-10-31,1.16220000,0
2003-11-03,1.15890000,0
2003-11-04,1.14680000,0
2003-11-05,1.14730000,0
2003-11-06,1.14490000,0
2003-11-07,1.14240000,0
2003-11-10,1.14830000,0
2003-11-11,1.14970000,0
2003-11-12,1.16000000,0
2003-11-13,1.16800000,0
2003-11-14,1.17650000,0
2003-11-17,1.18020000,0
2003-11-18,1.17780000,0
2003-11-19,1.19100000,0
2003-11-20,1.19090000,0
2003-11-21,1.18990000,0
2003-11-24,1.18230000,0
2003-11-25,1.17660000,0
2003-11-26,1.18280000,0
2003-11-27,1.19020000,0
2003-11-28,1.19940000,0
2003-12-01,1.20190000,0
2003-12-02,1.19750000,0
2003-12-03,1.21020000,0
2003-12-04,1.20740000,0
2003-12-05,1.20870000,0
2003-12-08,1.22180000,0
2003-12-09,1.22580000,0
2003-12-10,1.22390000,0
2003-12-11,1.21870000,0
2003-12-12,1.22540000,0
2003-12-15,1.22300000,0
2003-12-16,1.23390000,0
2003-12-17,1.23370000,0
2003-12-18,1.24030000,0
2003-12-19,1.24180000,0
2003-12-22,1.24340000,0
2003-12-23,1.23920000,0
2003-12-24,1.24070000,0
2003-12-29,1.24990000,0
2003-12-30,1.24960000,0
2003-12-31,1.26300000,0
2004-01-02,1.25920000,0
2004-01-05,1.26570000,0
2004-01-06,1.27560000,0
2004-01-07,1.26790000,0
2004-01-08,1.26340000,0
2004-01-09,1.27370000,0
2004-01-12,1.28280000,0
2004-01-13,1.27490000,0
2004-01-14,1.26920000,0
2004-01-15,1.26350000,0
2004-01-16,1.24930000,0
2004-01-19,1.23730000,0
2004-01-20,1.25360000,0
2004-01-21,1.26070000,0
2004-01-22,1.27100000,0
2004-01-23,1.26920000,0
2004-01-26,1.25750000,0
2004-01-27,1.25170000,0
2004-01-28,1.25630000,0
2004-01-29,1.24680000,0
2004-01-30,1.23840000,0
2004-02-02,1.24610000,0
2004-02-03,1.25850000,0
2004-02-04,1.25240000,0
2004-02-05,1.25830000,0
2004-02-06,1.25290000,0
2004-02-09,1.27130000,0
2004-02-10,1.27640000,0
2004-02-11,1.26800000,0
2004-02-12,1.28020000,0
2004-02-13,1.28160000,0
2004-02-16,1.27410000,0
2004-02-17,1.28580000,0
2004-02-18,1.28240000,0
2004-02-19,1.27240000,0
2004-02-20,1.26630000,0
2004-02-23,1.25760000,0
2004-02-24,1.25950000,0
2004-02-25,1.26290000,0
2004-02-26,1.24440000,0
2004-02-27,1.24180000,0
2004-03-01,1.24840000,0
2004-03-02,1.24020000,0
2004-03-03,1.21430000,0
2004-03-04,1.21470000,0
2004-03-05,1.21920000,0
2004-03-08,1.23560000,0
2004-03-09,1.23610000,0
2004-03-10,1.22990000,0
2004-03-11,1.22560000,0
2004-03-12,1.22350000,0
2004-03-15,1.22780000,0
2004-03-16,1.23500000,0
2004-03-17,1.22510000,0
2004-03-18,1.22610000,0
2004-03-19,1.23440000,0
2004-03-22,1.23530000,0
2004-03-23,1.22760000,0
2004-03-24,1.21960000,0
2004-03-25,1.21320000,0
2004-03-26,1.21730000,0
2004-03-29,1.21180000,0
2004-03-30,1.21870000,0
2004-03-31,1.22240000,0
2004-04-01,1.23200000,0
2004-04-02,1.23180000,0
2004-04-05,1.20580000,0
2004-04-06,1.20900000,0
2004-04-07,1.21010000,0
2004-04-08,1.20960000,0
2004-04-13,1.19750000,0
2004-04-14,1.19240000,0
2004-04-15,1.19120000,0
2004-04-16,1.19320000,0
2004-04-19,1.20440000,0
2004-04-20,1.19260000,0
2004-04-21,1.18360000,0
2004-04-22,1.18730000,0
2004-04-23,1.18850000,0
2004-04-26,1.18510000,0
2004-04-27,1.18870000,0
2004-04-28,1.19070000,0
2004-04-29,1.18260000,0
2004-04-30,1.19470000,0
2004-05-03,1.19530000,0
2004-05-04,1.20610000,0
2004-05-05,1.21260000,0
2004-05-06,1.21160000,0
2004-05-07,1.20730000,0
2004-05-10,1.18430000,0
2004-05-11,1.18040000,0
2004-05-12,1.18570000,0
2004-05-13,1.18230000,0
2004-05-14,1.18020000,0
2004-05-17,1.20230000,0
2004-05-18,1.19830000,0
2004-05-19,1.19890000,0
2004-05-20,1.19220000,0
2004-05-21,1.20310000,0
2004-05-24,1.19680000,0
2004-05-25,1.20630000,0
2004-05-26,1.21060000,0
2004-05-27,1.21650000,0
2004-05-28,1.22460000,0
2004-05-31,1.21980000,0
2004-06-01,1.22310000,0
2004-06-02,1.22760000,0
2004-06-03,1.22260000,0
2004-06-04,1.22030000,0
2004-06-07,1.23190000,0
2004-06-08,1.22940000,0
2004-06-09,1.21570000,0
2004-06-10,1.20520000,0
2004-06-11,1.20060000,0
2004-06-14,1.20010000,0
2004-06-15,1.20510000,0
2004-06-16,1.20580000,0
2004-06-17,1.20450000,0
2004-06-18,1.20420000,0
2004-06-21,1.21120000,0
2004-06-22,1.20910000,0
2004-06-23,1.20870000,0
2004-06-24,1.21220000,0
2004-06-25,1.21380000,0
2004-06-28,1.22080000,0
2004-06-29,1.21690000,0
2004-06-30,1.21550000,0
2004-07-01,1.21680000,0
2004-07-02,1.21480000,0
2004-07-05,1.22880000,0
2004-07-06,1.23090000,0
2004-07-07,1.23570000,0
2004-07-08,1.23480000,0
2004-07-09,1.23720000,0
2004-07-12,1.23970000,0
2004-07-13,1.23720000,0
2004-07-14,1.23810000,0
2004-07-15,1.23740000,0
2004-07-16,1.23530000,0
2004-07-19,1.24120000,0
2004-07-20,1.23850000,0
2004-07-21,1.22960000,0
2004-07-22,1.22680000,0
2004-07-23,1.21910000,0
2004-07-26,1.21630000,0
2004-07-27,1.21680000,0
2004-07-28,1.20340000,0
2004-07-29,1.20260000,0
2004-07-30,1.20390000,0
2004-08-02,1.20550000,0
2004-08-03,1.20220000,0
2004-08-04,1.19830000,0
2004-08-05,1.20420000,0
2004-08-06,1.20640000,0
2004-08-09,1.22470000,0
2004-08-10,1.22790000,0
2004-08-11,1.22330000,0
2004-08-12,1.22560000,0
2004-08-13,1.22190000,0
2004-08-16,1.23370000,0
2004-08-17,1.23380000,0
2004-08-18,1.23310000,0
2004-08-19,1.23590000,0
2004-08-20,1.22930000,0
2004-08-23,1.22500000,0
2004-08-24,1.21390000,0
2004-08-25,1.20810000,0
2004-08-26,1.21000000,0
2004-08-27,1.20850000,0
2004-08-30,1.20470000,0
2004-08-31,1.21110000,0
2004-09-01,1.21680000,0
2004-09-02,1.21720000,0
2004-09-03,1.21750000,0
2004-09-06,1.20710000,0
2004-09-07,1.20790000,0
2004-09-08,1.20390000,0
2004-09-09,1.21910000,0
2004-09-10,1.22190000,0
2004-09-13,1.22360000,0
2004-09-14,1.22370000,0
2004-09-15,1.22380000,0
2004-09-16,1.21580000,0
2004-09-17,1.22110000,0
2004-09-20,1.21320000,0
2004-09-21,1.22760000,0
2004-09-22,1.22450000,0
2004-09-23,1.23150000,0
2004-09-24,1.23090000,0
2004-09-27,1.22540000,0
2004-09-28,1.23350000,0
2004-09-29,1.23230000,0
2004-09-30,1.24090000,0
2004-10-01,1.24130000,0
2004-10-04,1.23050000,0
2004-10-05,1.23040000,0
2004-10-06,1.22820000,0
2004-10-07,1.23010000,0
2004-10-08,1.23150000,0
2004-10-11,1.23920000,0
2004-10-12,1.23120000,0
2004-10-13,1.22670000,0
2004-10-14,1.23770000,0
2004-10-15,1.24140000,0
2004-10-18,1.24740000,0
2004-10-19,1.25090000,0
2004-10-20,1.25900000,0
2004-10-21,1.26060000,0
2004-10-22,1.26060000,0
2004-10-25,1.27920000,0
2004-10-26,1.27840000,0
2004-10-27,1.27920000,0
2004-10-28,1.27110000,0
2004-10-29,1.27370000,0
2004-11-01,1.27480000,0
2004-11-02,1.27050000,0
2004-11-03,1.27540000,0
2004-11-04,1.28740000,0
2004-11-05,1.28560000,0
2004-11-08,1.29170000,0
2004-11-09,1.29110000,0
2004-11-10,1.29770000,0
2004-11-11,1.28900000,0
2004-11-12,1.29210000,0
2004-11-15,1.29550000,0
2004-11-16,1.29710000,0
2004-11-17,1.30260000,0
2004-11-18,1.30240000,0
2004-11-19,1.30200000,0
2004-11-22,1.30330000,0
2004-11-23,1.30890000,0
2004-11-24,1.31460000,0
2004-11-25,1.32130000,0
2004-11-26,1.32380000,0
2004-11-29,1.32470000,0
2004-11-30,1.32950000,0
2004-12-01,1.32940000,0
2004-12-02,1.33140000,0
2004-12-03,1.33000000,0
2004-12-06,1.34350000,0
2004-12-07,1.34560000,0
2004-12-08,1.33000000,0
2004-12-09,1.33050000,0
2004-12-10,1.31910000,0
2004-12-13,1.32680000,0
2004-12-14,1.33170000,0
2004-12-15,1.33830000,0
2004-12-16,1.34010000,0
2004-12-17,1.32640000,0
2004-12-20,1.33780000,0
2004-12-21,1.33940000,0
2004-12-22,1.33840000,0
2004-12-23,1.34560000,0
2004-12-24,1.35420000,0
2004-12-27,1.35270000,0
2004-12-28,1.36330000,0
2004-12-29,1.36080000,0
2004-12-30,1.36040000,0
2004-12-31,1.36210000,0
2005-01-03,1.35070000,0
2005-01-04,1.33650000,0
2005-01-05,1.32240000,0
2005-01-06,1.31830000,0
2005-01-07,1.32000000,0
2005-01-10,1.31030000,0
2005-01-11,1.31430000,0
2005-01-12,1.31390000,0
2005-01-13,1.32320000,0
2005-01-14,1.30910000,0
2005-01-17,1.30850000,0
2005-01-18,1.30600000,0
2005-01-19,1.30830000,0
2005-01-20,1.29360000,0
2005-01-21,1.29630000,0
2005-01-24,1.30650000,0
2005-01-25,1.30250000,0
2005-01-26,1.30050000,0
2005-01-27,1.30260000,0
2005-01-28,1.30350000,0
2005-01-31,1.30350000,0
2005-02-01,1.30270000,0
2005-02-02,1.30610000,0
2005-02-03,1.30010000,0
2005-02-04,1.29580000,0
2005-02-07,1.28440000,0
2005-02-08,1.27640000,0
2005-02-09,1.27620000,0
2005-02-10,1.27770000,0
2005-02-11,1.28550000,0
2005-02-14,1.29670000,0
2005-02-15,1.30160000,0
2005-02-16,1.30400000,0
2005-02-17,1.30410000,0
2005-02-18,1.30390000,0
2005-02-21,1.30550000,0
2005-02-22,1.31930000,0
2005-02-23,1.32030000,0
2005-02-24,1.32600000,0
2005-02-25,1.31650000,0
2005-02-28,1.32570000,0
2005-03-01,1.32160000,0
2005-03-02,1.31010000,0
2005-03-03,1.31440000,0
2005-03-04,1.31150000,0
2005-03-07,1.31970000,0
2005-03-08,1.32460000,0
2005-03-09,1.33460000,0
2005-03-10,1.34090000,0
2005-03-11,1.34160000,0
2005-03-14,1.33720000,0
2005-03-15,1.33830000,0
2005-03-16,1.33730000,0
2005-03-17,1.33780000,0
2005-03-18,1.32790000,0
2005-03-21,1.31990000,0
2005-03-22,1.31750000,0
2005-03-23,1.30500000,0
2005-03-24,1.29820000,0
2005-03-29,1.29260000,0
2005-03-30,1.29430000,0
2005-03-31,1.29640000,0
2005-04-01,1.29590000,0
2005-04-04,1.28830000,0
2005-04-05,1.28100000,0
2005-04-06,1.28600000,0
2005-04-07,1.29230000,0
2005-04-08,1.28190000,0
2005-04-11,1.29710000,0
2005-04-12,1.29850000,0
2005-04-13,1.29220000,0
2005-04-14,1.28200000,0
2005-04-15,1.28680000,0
2005-04-18,1.29670000,0
2005-04-19,1.29960000,0
2005-04-20,1.30490000,0
2005-04-21,1.30580000,0
2005-04-22,1.30770000,0
2005-04-25,1.29660000,0
2005-04-26,1.29810000,0
2005-04-27,1.29200000,0
2005-04-28,1.29050000,0
2005-04-29,1.29570000,0
2005-05-02,1.28630000,0
2005-05-03,1.28560000,0
2005-05-04,1.29530000,0
2005-05-05,1.29540000,0
2005-05-06,1.29470000,0
2005-05-09,1.28240000,0
2005-05-10,1.28540000,0
2005-05-11,1.28820000,0
2005-05-12,1.27710000,0
2005-05-13,1.26350000,0
2005-05-16,1.26160000,0
2005-05-17,1.26360000,0
2005-05-18,1.26210000,0
2005-05-19,1.26420000,0
2005-05-20,1.26070000,0
2005-05-23,1.25480000,0
2005-05-24,1.26170000,0
2005-05-25,1.25640000,0
2005-05-26,1.25230000,0
2005-05-27,1.25510000,0
2005-05-30,1.24720000,0
2005-05-31,1.23310000,0
2005-06-01,1.22280000,0
2005-06-02,1.22630000,0
2005-06-03,1.22890000,0
2005-06-06,1.22720000,0
2005-06-07,1.22850000,0
2005-06-08,1.23240000,0
2005-06-09,1.22390000,0
2005-06-10,1.22290000,0
2005-06-13,1.20620000,0
2005-06-14,1.21100000,0
2005-06-15,1.20690000,0
2005-06-16,1.21150000,0
2005-06-17,1.21770000,0
2005-06-20,1.22100000,0
2005-06-21,1.20920000,0
2005-06-22,1.21110000,0
2005-06-23,1.20660000,0
2005-06-24,1.20820000,0
2005-06-27,1.21640000,0
2005-06-28,1.20950000,0
2005-06-29,1.20540000,0
2005-06-30,1.20920000,0
2005-07-01,1.20870000,0
2005-07-04,1.18940000,0
2005-07-05,1.18830000,0
2005-07-06,1.19130000,0
2005-07-07,1.19570000,0
2005-07-08,1.19040000,0
2005-07-11,1.20060000,0
2005-07-12,1.21660000,0
2005-07-13,1.21840000,0
2005-07-14,1.20670000,0
2005-07-15,1.20730000,0
2005-07-18,1.20540000,0
2005-07-19,1.19650000,0
2005-07-20,1.20630000,0
2005-07-21,1.21870000,0
2005-07-22,1.21430000,0
2005-07-25,1.20650000,0
2005-07-26,1.19870000,0
2005-07-27,1.19900000,0
2005-07-28,1.21000000,0
2005-07-29,1.20930000,0
2005-08-01,1.22190000,0
2005-08-02,1.22170000,0
2005-08-03,1.23080000,0
2005-08-04,1.23190000,0
2005-08-05,1.23860000,0
2005-08-08,1.23700000,0
2005-08-09,1.23670000,0
2005-08-10,1.23770000,0
2005-08-11,1.24050000,0
2005-08-12,1.24570000,0
2005-08-15,1.23740000,0
2005-08-16,1.23130000,0
2005-08-17,1.22960000,0
2005-08-18,1.22130000,0
2005-08-19,1.21830000,0
2005-08-22,1.22310000,0
2005-08-23,1.22330000,0
2005-08-24,1.22110000,0
2005-08-25,1.22720000,0
2005-08-26,1.23070000,0
2005-08-29,1.22890000,0
2005-08-30,1.21810000,0
2005-08-31,1.21980000,0
2005-09-01,1.23880000,0
2005-09-02,1.25410000,0
2005-09-05,1.25380000,0
2005-09-06,1.24830000,0
2005-09-07,1.24510000,0
2005-09-08,1.24180000,0
2005-09-09,1.24150000,0
2005-09-12,1.23130000,0
2005-09-13,1.22760000,0
2005-09-14,1.23140000,0
2005-09-15,1.22230000,0
2005-09-16,1.22430000,0
2005-09-19,1.21390000,0
2005-09-20,1.21540000,0
2005-09-21,1.22250000,0
2005-09-22,1.22240000,0
2005-09-23,1.21180000,0
2005-09-26,1.20310000,0
2005-09-27,1.20050000,0
2005-09-28,1.20370000,0
2005-09-29,1.20630000,0
2005-09-30,1.20420000,0
2005-10-03,1.19330000,0
2005-10-04,1.19380000,0
2005-10-05,1.19470000,0
2005-10-06,1.20610000,0
2005-10-07,1.21440000,0
2005-10-10,1.20880000,0
2005-10-11,1.20220000,0
2005-10-12,1.20080000,0
2005-10-13,1.19800000,0
2005-10-14,1.19990000,0
2005-10-17,1.20220000,0
2005-10-18,1.19370000,0
2005-10-19,1.19500000,0
2005-10-20,1.19530000,0
2005-10-21,1.20120000,0
2005-10-24,1.19440000,0
2005-10-25,1.20170000,0
2005-10-26,1.20590000,0
2005-10-27,1.21300000,0
2005-10-28,1.21380000,0
2005-10-31,1.20230000,0
2005-11-01,1.20080000,0
2005-11-02,1.19920000,0
2005-11-03,1.20410000,0
2005-11-04,1.19330000,0
2005-11-07,1.18240000,0
2005-11-08,1.17410000,0
2005-11-09,1.17380000,0
2005-11-10,1.17620000,0
2005-11-11,1.16970000,0
2005-11-14,1.17130000,0
2005-11-15,1.16670000,0
2005-11-16,1.16770000,0
2005-11-17,1.16920000,0
2005-11-18,1.16790000,0
2005-11-21,1.18110000,0
2005-11-22,1.17010000,0
2005-11-23,1.17760000,0
2005-11-24,1.17830000,0
2005-11-25,1.17630000,0
2005-11-28,1.17260000,0
2005-11-29,1.17930000,0
2005-11-30,1.17690000,0
2005-12-01,1.17450000,0
2005-12-02,1.16970000,0
2005-12-05,1.17670000,0
2005-12-06,1.17830000,0
2005-12-07,1.17100000,0
2005-12-08,1.17640000,0
2005-12-09,1.17850000,0
2005-12-12,1.19250000,0
2005-12-13,1.19250000,0
2005-12-14,1.20200000,0
2005-12-15,1.19990000,0
2005-12-16,1.19830000,0
2005-12-19,1.19770000,0
2005-12-20,1.19550000,0
2005-12-21,1.18720000,0
2005-12-22,1.18220000,0
2005-12-23,1.18590000,0
2005-12-27,1.18520000,0
2005-12-28,1.19160000,0
2005-12-29,1.18250000,0
2005-12-30,1.17970000,0
2006-01-02,1.18260000,0
2006-01-03,1.18750000,0
2006-01-04,1.20830000,0
2006-01-05,1.20880000,0
2006-01-06,1.20930000,0
2006-01-09,1.20780000,0
2006-01-10,1.20640000,0
2006-01-11,1.20880000,0
2006-01-12,1.21130000,0
2006-01-13,1.20390000,0
2006-01-16,1.21120000,0
2006-01-17,1.20750000,0
2006-01-18,1.21250000,0
2006-01-19,1.20730000,0
2006-01-20,1.20680000,0
2006-01-23,1.22770000,0
2006-01-24,1.22720000,0
2006-01-25,1.22940000,0
2006-01-26,1.22540000,0
2006-01-27,1.21720000,0
2006-01-30,1.20820000,0
2006-01-31,1.21180000,0
2006-02-01,1.20920000,0
2006-02-02,1.20660000,0
2006-02-03,1.20610000,0
2006-02-06,1.19810000,0
2006-02-07,1.19730000,0
2006-02-08,1.19480000,0
2006-02-09,1.19720000,0
2006-02-10,1.19700000,0
2006-02-13,1.18880000,0
2006-02-14,1.18980000,0
2006-02-15,1.19040000,0
2006-02-16,1.18580000,0
2006-02-17,1.18630000,0
2006-02-20,1.19320000,0
2006-02-21,1.19060000,0
2006-02-22,1.18750000,0
2006-02-23,1.19570000,0
2006-02-24,1.18960000,0
2006-02-27,1.18520000,0
2006-02-28,1.18750000,0
2006-03-01,1.19540000,0
2006-03-02,1.19210000,0
2006-03-03,1.20200000,0
2006-03-06,1.20170000,0
2006-03-07,1.19130000,0
2006-03-08,1.19140000,0
2006-03-09,1.19200000,0
2006-03-10,1.19190000,0
2006-03-13,1.19220000,0
2006-03-14,1.19480000,0
2006-03-15,1.20260000,0
2006-03-16,1.20690000,0
2006-03-17,1.21850000,0
2006-03-20,1.21740000,0
2006-03-21,1.21440000,0
2006-03-22,1.20690000,0
2006-03-23,1.20550000,0
2006-03-24,1.19690000,0
2006-03-27,1.20250000,0
2006-03-28,1.20840000,0
2006-03-29,1.20120000,0
2006-03-30,1.20960000,0
2006-03-31,1.21040000,0
2006-04-03,1.20630000,0
2006-04-04,1.22170000,0
2006-04-05,1.22620000,0
2006-04-06,1.23120000,0
2006-04-07,1.21790000,0
2006-04-10,1.20990000,0
2006-04-11,1.21050000,0
2006-04-12,1.21250000,0
2006-04-13,1.20940000,0
2006-04-18,1.22520000,0
2006-04-19,1.23460000,0
2006-04-20,1.23460000,0
2006-04-21,1.23150000,0
2006-04-24,1.23650000,0
2006-04-25,1.24250000,0
2006-04-26,1.24250000,0
2006-04-27,1.24140000,0
2006-04-28,1.25370000,0
2006-05-02,1.26430000,0
2006-05-03,1.26220000,0
2006-05-04,1.25920000,0
2006-05-05,1.26880000,0
2006-05-08,1.27560000,0
2006-05-09,1.26970000,0
2006-05-10,1.27790000,0
2006-05-11,1.27160000,0
2006-05-12,1.29140000,0
2006-05-15,1.28260000,0
2006-05-16,1.28170000,0
2006-05-17,1.28820000,0
2006-05-18,1.27700000,0
2006-05-19,1.27670000,0
2006-05-22,1.27530000,0
2006-05-23,1.28410000,0
2006-05-24,1.28510000,0
2006-05-25,1.27550000,0
2006-05-26,1.27970000,0
2006-05-29,1.27580000,0
2006-05-30,1.28390000,0
2006-05-31,1.28680000,0
2006-06-01,1.27360000,0
2006-06-02,1.28150000,0
2006-06-05,1.29580000,0
2006-06-06,1.28470000,0
2006-06-07,1.27890000,0
2006-06-08,1.27350000,0
2006-06-09,1.26590000,0
2006-06-12,1.25720000,0
2006-06-13,1.25710000,0
2006-06-14,1.25630000,0
2006-06-15,1.26100000,0
2006-06-16,1.26510000,0
2006-06-19,1.25910000,0
2006-06-20,1.25460000,0
2006-06-21,1.26320000,0
2006-06-22,1.25820000,0
2006-06-23,1.25020000,0
2006-06-26,1.25610000,0
2006-06-27,1.25670000,0
2006-06-28,1.25700000,0
2006-06-29,1.25290000,0
2006-06-30,1.27130000,0
2006-07-03,1.27900000,0
2006-07-04,1.27910000,0
2006-07-05,1.27940000,0
2006-07-06,1.27350000,0
2006-07-07,1.27780000,0
2006-07-10,1.27520000,0
2006-07-11,1.27360000,0
2006-07-12,1.27220000,0
2006-07-13,1.26920000,0
2006-07-14,1.26660000,0
2006-07-17,1.25410000,0
2006-07-18,1.25310000,0
2006-07-19,1.24820000,0
2006-07-20,1.26430000,0
2006-07-21,1.26800000,0
2006-07-24,1.26330000,0
2006-07-25,1.26360000,0
2006-07-26,1.25870000,0
2006-07-27,1.27370000,0
2006-07-28,1.26640000,0
2006-07-31,1.27670000,0
2006-08-01,1.27590000,0
2006-08-02,1.27980000,0
2006-08-03,1.27810000,0
2006-08-04,1.27920000,0
2006-08-07,1.28500000,0
2006-08-08,1.28390000,0
2006-08-09,1.28790000,0
2006-08-10,1.28570000,0
2006-08-11,1.27750000,0
2006-08-14,1.27180000,0
2006-08-15,1.27250000,0
2006-08-16,1.27930000,0
2006-08-17,1.28790000,0
2006-08-18,1.28020000,0
2006-08-21,1.29190000,0
2006-08-22,1.28120000,0
2006-08-23,1.28120000,0
2006-08-24,1.28310000,0
2006-08-25,1.27620000,0
2006-08-28,1.28000000,0
2006-08-29,1.28080000,0
2006-08-30,1.28180000,0
2006-08-31,1.28510000,0
2006-09-01,1.28170000,0
2006-09-04,1.28520000,0
2006-09-05,1.28100000,0
2006-09-06,1.27930000,0
2006-09-07,1.27310000,0
2006-09-08,1.27130000,0
2006-09-11,1.27130000,0
2006-09-12,1.27090000,0
2006-09-13,1.26770000,0
2006-09-14,1.27230000,0
2006-09-15,1.26750000,0
2006-09-18,1.26650000,0
2006-09-19,1.26540000,0
2006-09-20,1.26760000,0
2006-09-21,1.27310000,0
2006-09-22,1.28170000,0
2006-09-25,1.27680000,0
2006-09-26,1.26950000,0
2006-09-27,1.26840000,0
2006-09-28,1.27130000,0
2006-09-29,1.26600000,0
2006-10-02,1.26850000,0
2006-10-03,1.27370000,0
2006-10-04,1.26840000,0
2006-10-05,1.27210000,0
2006-10-06,1.26640000,0
2006-10-09,1.26030000,0
2006-10-10,1.25380000,0
2006-10-11,1.25430000,0
2006-10-12,1.25310000,0
2006-10-13,1.25500000,0
2006-10-16,1.25150000,0
2006-10-17,1.25240000,0
2006-10-18,1.25430000,0
2006-10-19,1.25610000,0
2006-10-20,1.26180000,0
2006-10-23,1.25560000,0
2006-10-24,1.25410000,0
2006-10-25,1.25800000,0
2006-10-26,1.26530000,0
2006-10-27,1.26830000,0
2006-10-30,1.27170000,0
2006-10-31,1.26960000,0
2006-11-01,1.27570000,0
2006-11-02,1.27670000,0
2006-11-03,1.27600000,0
2006-11-06,1.27020000,0
2006-11-07,1.27550000,0
2006-11-08,1.27760000,0
2006-11-09,1.27960000,0
2006-11-10,1.28640000,0
2006-11-13,1.28300000,0
2006-11-14,1.28240000,0
2006-11-15,1.27920000,0
2006-11-16,1.28040000,0
2006-11-17,1.27740000,0
2006-11-20,1.28410000,0
2006-11-21,1.28140000,0
2006-11-22,1.28860000,0
2006-11-23,1.29530000,0
2006-11-24,1.30780000,0
2006-11-27,1.31140000,0
2006-11-28,1.31470000,0
2006-11-29,1.31570000,0
2006-11-30,1.32000000,0
2006-12-01,1.32440000,0
2006-12-04,1.33090000,0
2006-12-05,1.33310000,0
2006-12-06,1.32740000,0
2006-12-07,1.32970000,0
2006-12-08,1.32760000,0
2006-12-11,1.31770000,0
2006-12-12,1.32440000,0
2006-12-13,1.32650000,0
2006-12-14,1.31920000,0
2006-12-15,1.31060000,0
2006-12-18,1.30950000,0
2006-12-19,1.31580000,0
2006-12-20,1.32030000,0
2006-12-21,1.31780000,0
2006-12-22,1.31920000,0
2006-12-27,1.31590000,0
2006-12-28,1.31730000,0
2006-12-29,1.31700000,0
2007-01-02,1.32700000,0
2007-01-03,1.32310000,0
2007-01-04,1.31060000,0
2007-01-05,1.30840000,0
2007-01-08,1.30060000,0
2007-01-09,1.30180000,0
2007-01-10,1.29880000,0
2007-01-11,1.29840000,0
2007-01-12,1.28930000,0
2007-01-15,1.29410000,0
2007-01-16,1.29530000,0
2007-01-17,1.29090000,0
2007-01-18,1.29220000,0
2007-01-19,1.29580000,0
2007-01-22,1.29360000,0
2007-01-23,1.30400000,0
2007-01-24,1.30050000,0
2007-01-25,1.29780000,0
2007-01-26,1.29010000,0
2007-01-29,1.29210000,0
2007-01-30,1.29720000,0
2007-01-31,1.29540000,0
2007-02-01,1.30200000,0
2007-02-02,1.30200000,0
2007-02-05,1.29250000,0
2007-02-06,1.29550000,0
2007-02-07,1.29870000,0
2007-02-08,1.29910000,0
2007-02-09,1.30070000,0
2007-02-12,1.29560000,0
2007-02-13,1.30220000,0
2007-02-14,1.30820000,0
2007-02-15,1.31370000,0
2007-02-16,1.31190000,0
2007-02-19,1.31320000,0
2007-02-20,1.31450000,0
2007-02-21,1.31450000,0
2007-02-22,1.31060000,0
2007-02-23,1.31340000,0
2007-02-26,1.31600000,0
2007-02-27,1.32300000,0
2007-02-28,1.32110000,0
2007-03-01,1.32250000,0
2007-03-02,1.31630000,0
2007-03-05,1.30830000,0
2007-03-06,1.31000000,0
2007-03-07,1.31350000,0
2007-03-08,1.31520000,0
2007-03-09,1.31550000,0
2007-03-12,1.31560000,0
2007-03-13,1.32180000,0
2007-03-14,1.31830000,0
2007-03-15,1.32260000,0
2007-03-16,1.33250000,0
2007-03-19,1.33030000,0
2007-03-20,1.32960000,0
2007-03-21,1.32930000,0
2007-03-22,1.33510000,0
2007-03-23,1.33270000,0
2007-03-26,1.32650000,0
2007-03-27,1.33470000,0
2007-03-28,1.33480000,0
2007-03-29,1.33520000,0
2007-03-30,1.33180000,0
2007-04-02,1.33660000,0
2007-04-03,1.33580000,0
2007-04-04,1.33520000,0
2007-04-05,1.33730000,0
2007-04-10,1.34260000,0
2007-04-11,1.34180000,0
2007-04-12,1.34670000,0
2007-04-13,1.35320000,0
2007-04-16,1.35500000,0
2007-04-17,1.35490000,0
2007-04-18,1.35770000,0
2007-04-19,1.36010000,0
2007-04-20,1.36060000,0
2007-04-23,1.35570000,0
2007-04-24,1.35820000,0
2007-04-25,1.36490000,0
2007-04-26,1.35960000,0
2007-04-27,1.36430000,0
2007-04-30,1.36050000,0
2007-05-02,1.35880000,0
2007-05-03,1.36130000,0
2007-05-04,1.35610000,0
2007-05-07,1.36150000,0
2007-05-08,1.35580000,0
2007-05-09,1.35350000,0
2007-05-10,1.35270000,0
2007-05-11,1.34860000,0
2007-05-14,1.35490000,0
2007-05-15,1.35380000,0
2007-05-16,1.35740000,0
2007-05-17,1.35160000,0
2007-05-18,1.34770000,0
2007-05-21,1.34440000,0
2007-05-22,1.34540000,0
2007-05-23,1.34900000,0
2007-05-24,1.34480000,0
2007-05-25,1.34410000,0
2007-05-28,1.34530000,0
2007-05-29,1.35090000,0
2007-05-30,1.34200000,0
2007-05-31,1.34530000,0
2007-06-01,1.34360000,0
2007-06-04,1.34820000,0
2007-06-05,1.35320000,0
2007-06-06,1.35130000,0
2007-06-07,1.34700000,0
2007-06-08,1.33490000,0
2007-06-11,1.33550000,0
2007-06-12,1.33450000,0
2007-06-13,1.32870000,0
2007-06-14,1.33040000,0
2007-06-15,1.33140000,0
2007-06-18,1.34040000,0
2007-06-19,1.34030000,0
2007-06-20,1.34270000,0
2007-06-21,1.33970000,0
2007-06-22,1.34410000,0
2007-06-25,1.34610000,0
2007-06-26,1.34600000,0
2007-06-27,1.34380000,0
2007-06-28,1.34670000,0
2007-06-29,1.35050000,0
2007-07-02,1.35880000,0
2007-07-03,1.36010000,0
2007-07-04,1.36180000,0
2007-07-05,1.36400000,0
2007-07-06,1.35960000,0
2007-07-09,1.36210000,0
2007-07-10,1.36660000,0
2007-07-11,1.37530000,0
2007-07-12,1.37880000,0
2007-07-13,1.37820000,0
2007-07-16,1.37810000,0
2007-07-17,1.37710000,0
2007-07-18,1.37790000,0
2007-07-19,1.38200000,0
2007-07-20,1.38030000,0
2007-07-23,1.38210000,0
2007-07-24,1.38330000,0
2007-07-25,1.37430000,0
2007-07-26,1.37220000,0
2007-07-27,1.36510000,0
2007-07-30,1.36590000,0
2007-07-31,1.37070000,0
2007-08-01,1.36630000,0
2007-08-02,1.36640000,0
2007-08-03,1.36940000,0
2007-08-06,1.38180000,0
2007-08-07,1.37940000,0
2007-08-08,1.37940000,0
2007-08-09,1.37290000,0
2007-08-10,1.36500000,0
2007-08-13,1.36510000,0
2007-08-14,1.35910000,0
2007-08-15,1.34760000,0
2007-08-16,1.34050000,0
2007-08-17,1.34540000,0
2007-08-20,1.34760000,0
2007-08-21,1.35080000,0
2007-08-22,1.34930000,0
2007-08-23,1.35740000,0
2007-08-24,1.36150000,0
2007-08-27,1.36580000,0
2007-08-28,1.36640000,0
2007-08-29,1.36310000,0
2007-08-30,1.36100000,0
2007-08-31,1.37050000,0
2007-09-03,1.36320000,0
2007-09-04,1.35800000,0
2007-09-05,1.35880000,0
2007-09-06,1.36690000,0
2007-09-07,1.36960000,0
2007-09-10,1.37950000,0
2007-09-11,1.38240000,0
2007-09-12,1.38850000,0
2007-09-13,1.38970000,0
2007-09-14,1.38600000,0
2007-09-17,1.38770000,0
2007-09-18,1.38670000,0
2007-09-19,1.39750000,0
2007-09-20,1.40300000,0
2007-09-21,1.40490000,0
2007-09-24,1.41130000,0
2007-09-25,1.41060000,0
2007-09-26,1.41270000,0
2007-09-27,1.41800000,0
2007-09-28,1.41790000,0
2007-10-01,1.42320000,0
2007-10-02,1.41650000,0
2007-10-03,1.41950000,0
2007-10-04,1.41090000,0
2007-10-05,1.41360000,0
2007-10-08,1.40890000,0
2007-10-09,1.40370000,0
2007-10-10,1.41460000,0
2007-10-11,1.41990000,0
2007-10-12,1.41730000,0
2007-10-15,1.42260000,0
2007-10-16,1.41500000,0
2007-10-17,1.42000000,0
2007-10-18,1.42990000,0
2007-10-19,1.42880000,0
2007-10-22,1.41660000,0
2007-10-23,1.42540000,0
2007-10-24,1.42300000,0
2007-10-25,1.43090000,0
2007-10-26,1.43840000,0
2007-10-29,1.43910000,0
2007-10-30,1.44070000,0
2007-10-31,1.44470000,0
2007-11-01,1.44230000,0
2007-11-02,1.44790000,0
2007-11-05,1.44880000,0
2007-11-06,1.45470000,0
2007-11-07,1.47220000,0
2007-11-08,1.46660000,0
2007-11-09,1.46830000,0
2007-11-12,1.45790000,0
2007-11-13,1.46070000,0
2007-11-14,1.47000000,0
2007-11-15,1.46390000,0
2007-11-16,1.46510000,0
2007-11-19,1.46540000,0
2007-11-20,1.47850000,0
2007-11-21,1.48140000,0
2007-11-22,1.48290000,0
2007-11-23,1.48090000,0
2007-11-26,1.48450000,0
2007-11-27,1.48740000,0
2007-11-28,1.47470000,0
2007-11-29,1.47380000,0
2007-11-30,1.47610000,0
2007-12-03,1.46660000,0
2007-12-04,1.47410000,0
2007-12-05,1.47200000,0
2007-12-06,1.45540000,0
2007-12-07,1.46490000,0
2007-12-10,1.47180000,0
2007-12-11,1.46720000,0
2007-12-12,1.46750000,0
2007-12-13,1.46830000,0
2007-12-14,1.45090000,0
2007-12-17,1.43930000,0
2007-12-18,1.44160000,0
2007-12-19,1.43850000,0
2007-12-20,1.43490000,0
2007-12-21,1.43800000,0
2007-12-24,1.43980000,0
2007-12-27,1.45160000,0
2007-12-28,1.46920000,0
2007-12-31,1.47210000,0
2008-01-02,1.46880000,0
2008-01-03,1.47530000,0
2008-01-04,1.47270000,0
2008-01-07,1.47230000,0
2008-01-08,1.47050000,0
2008-01-09,1.46800000,0
2008-01-10,1.46620000,0
2008-01-11,1.47920000,0
2008-01-14,1.48950000,0
2008-01-15,1.48860000,0
2008-01-16,1.47920000,0
2008-01-17,1.46910000,0
2008-01-18,1.46740000,0
2008-01-21,1.44820000,0
2008-01-22,1.44940000,0
2008-01-23,1.45740000,0
2008-01-24,1.46630000,0
2008-01-25,1.47050000,0
2008-01-28,1.47550000,0
2008-01-29,1.47730000,0
2008-01-30,1.48100000,0
2008-01-31,1.48700000,0
2008-02-01,1.48890000,0
2008-02-04,1.48290000,0
2008-02-05,1.46880000,0
2008-02-06,1.46210000,0
2008-02-07,1.45690000,0
2008-02-08,1.45130000,0
2008-02-11,1.45420000,0
2008-02-12,1.45380000,0
2008-02-13,1.45860000,0
2008-02-14,1.46260000,0
2008-02-15,1.46740000,0
2008-02-18,1.46360000,0
2008-02-19,1.47420000,0
2008-02-20,1.46560000,0
2008-02-21,1.47360000,0
2008-02-22,1.48480000,0
2008-02-25,1.48170000,0
2008-02-26,1.48740000,0
2008-02-27,1.50440000,0
2008-02-28,1.51210000,0
2008-02-29,1.51670000,0
2008-03-03,1.52030000,0
2008-03-04,1.52060000,0
2008-03-05,1.51960000,0
2008-03-06,1.53190000,0
2008-03-07,1.54170000,0
2008-03-10,1.53400000,0
2008-03-11,1.53790000,0
2008-03-12,1.54770000,0
2008-03-13,1.55770000,0
2008-03-14,1.55610000,0
2008-03-17,1.57700000,0
2008-03-18,1.57710000,0
2008-03-19,1.56920000,0
2008-03-20,1.54230000,0
2008-03-25,1.55690000,0
2008-03-26,1.57100000,0
2008-03-27,1.57860000,0
2008-03-28,1.57960000,0
2008-03-31,1.58120000,0
2008-04-01,1.56600000,0
2008-04-02,1.56320000,0
2008-04-03,1.55260000,0
2008-04-04,1.57220000,0
2008-04-07,1.56930000,0
2008-04-08,1.56940000,0
2008-04-09,1.57260000,0
2008-04-10,1.58750000,0
2008-04-11,1.58330000,0
2008-04-14,1.58690000,0
2008-04-15,1.58280000,0
2008-04-16,1.59280000,0
2008-04-17,1.58720000,0
2008-04-18,1.57800000,0
2008-04-21,1.58980000,0
2008-04-22,1.59310000,0
2008-04-23,1.59400000,0
2008-04-24,1.57690000,0
2008-04-25,1.55960000,0
2008-04-28,1.56280000,0
2008-04-29,1.55710000,0
2008-04-30,1.55400000,0
2008-05-02,1.54580000,0
2008-05-05,1.54600000,0
2008-05-06,1.55280000,0
2008-05-07,1.54300000,0
2008-05-08,1.53470000,0
2008-05-09,1.54580000,0
2008-05-12,1.54300000,0
2008-05-13,1.54730000,0
2008-05-14,1.54390000,0
2008-05-15,1.54740000,0
2008-05-16,1.54980000,0
2008-05-19,1.55770000,0
2008-05-20,1.56390000,0
2008-05-21,1.57530000,0
2008-05-22,1.57550000,0
2008-05-23,1.57420000,0
2008-05-26,1.57610000,0
2008-05-27,1.57600000,0
2008-05-28,1.56560000,0
2008-05-29,1.55510000,0
2008-05-30,1.55080000,0
2008-06-02,1.55210000,0
2008-06-03,1.55930000,0
2008-06-04,1.54660000,0
2008-06-05,1.54020000,0
2008-06-06,1.55970000,0
2008-06-09,1.57840000,0
2008-06-10,1.55260000,0
2008-06-11,1.55150000,0
2008-06-12,1.54170000,0
2008-06-13,1.53360000,0
2008-06-16,1.54590000,0
2008-06-17,1.54770000,0
2008-06-18,1.54930000,0
2008-06-19,1.54810000,0
2008-06-20,1.56100000,0
2008-06-23,1.55210000,0
2008-06-24,1.55680000,0
2008-06-25,1.55990000,0
2008-06-26,1.57310000,0
2008-06-27,1.57480000,0
2008-06-30,1.57640000,0
2008-07-01,1.57750000,0
2008-07-02,1.58060000,0
2008-07-03,1.58850000,0
2008-07-04,1.56710000,0
2008-07-07,1.56510000,0
2008-07-08,1.56870000,0
2008-07-09,1.57150000,0
2008-07-10,1.57080000,0
2008-07-11,1.58350000,0
2008-07-14,1.58470000,0
2008-07-15,1.59900000,0
2008-07-16,1.58880000,0
2008-07-17,1.58490000,0
2008-07-18,1.58160000,0
2008-07-21,1.58580000,0
2008-07-22,1.59190000,0
2008-07-23,1.57410000,0
2008-07-24,1.56770000,0
2008-07-25,1.57340000,0
2008-07-28,1.57460000,0
2008-07-29,1.57050000,0
2008-07-30,1.55890000,0
2008-07-31,1.56110000,0
2008-08-01,1.55740000,0
2008-08-04,1.55660000,0
2008-08-05,1.54870000,0
2008-08-06,1.54780000,0
2008-08-07,1.54710000,0
2008-08-08,1.50740000,0
2008-08-11,1.50120000,0
2008-08-12,1.49070000,0
2008-08-13,1.49030000,0
2008-08-14,1.49070000,0
2008-08-15,1.47290000,0
2008-08-18,1.47040000,0
2008-08-19,1.46770000,0
2008-08-20,1.47340000,0
2008-08-21,1.48140000,0
2008-08-22,1.48080000,0
2008-08-25,1.47670000,0
2008-08-26,1.45980000,0
2008-08-27,1.47670000,0
2008-08-28,1.47710000,0
2008-08-29,1.47350000,0
2008-09-01,1.46210000,0
2008-09-02,1.45160000,0
2008-09-03,1.44410000,0
2008-09-04,1.44880000,0
2008-09-05,1.42470000,0
2008-09-08,1.42140000,0
2008-09-09,1.41440000,0
2008-09-10,1.40940000,0
2008-09-11,1.39340000,0
2008-09-12,1.40660000,0
2008-09-15,1.41510000,0
2008-09-16,1.42670000,0
2008-09-17,1.42240000,0
2008-09-18,1.45020000,0
2008-09-19,1.42360000,0
2008-09-22,1.45710000,0
2008-09-23,1.47310000,0
2008-09-24,1.46900000,0
2008-09-25,1.47000000,0
2008-09-26,1.46400000,0
2008-09-29,1.43490000,0
2008-09-30,1.43030000,0
2008-10-01,1.40810000,0
2008-10-02,1.39030000,0
2008-10-03,1.38340000,0
2008-10-06,1.36340000,0
2008-10-07,1.36320000,0
2008-10-08,1.37310000,0
2008-10-09,1.36820000,0
2008-10-10,1.35790000,0
2008-10-13,1.36390000,0
2008-10-14,1.37520000,0
2008-10-15,1.36250000,0
2008-10-16,1.35070000,0
2008-10-17,1.34040000,0
2008-10-20,1.34240000,0
2008-10-21,1.31840000,0
2008-10-22,1.28430000,0
2008-10-23,1.28100000,0
2008-10-24,1.25960000,0
2008-10-27,1.24600000,0
2008-10-28,1.25260000,0
2008-10-29,1.27700000,0
2008-10-30,1.30350000,0
2008-10-31,1.27570000,0
2008-11-03,1.28220000,0
2008-11-04,1.28200000,0
2008-11-05,1.28700000,0
2008-11-06,1.27700000,0
2008-11-07,1.27560000,0
2008-11-10,1.28910000,0
2008-11-11,1.27470000,0
2008-11-12,1.25300000,0
2008-11-13,1.25250000,0
2008-11-14,1.26750000,0
2008-11-17,1.26600000,0
2008-11-18,1.26530000,0
2008-11-19,1.26340000,0
2008-11-20,1.25420000,0
2008-11-21,1.26020000,0
2008-11-24,1.27730000,0
2008-11-25,1.28110000,0
2008-11-26,1.29350000,0
2008-11-27,1.29000000,0
2008-11-28,1.27270000,0
2008-12-01,1.26080000,0
2008-12-02,1.26970000,0
2008-12-03,1.26230000,0
2008-12-04,1.26200000,0
2008-12-05,1.26650000,0
2008-12-08,1.28540000,0
2008-12-09,1.28380000,0
2008-12-10,1.29250000,0
2008-12-11,1.32150000,0
2008-12-12,1.33400000,0
2008-12-15,1.35100000,0
2008-12-16,1.36900000,0
2008-12-17,1.40590000,0
2008-12-18,1.46160000,0
2008-12-19,1.39400000,0
2008-12-22,1.39700000,0
2008-12-23,1.39780000,0
2008-12-24,1.40050000,0
2008-12-29,1.42700000,0
2008-12-30,1.40980000,0
2008-12-31,1.39170000,0
2009-01-02,1.38660000,0
2009-01-05,1.35820000,0
2009-01-06,1.33320000,0
2009-01-07,1.35950000,0
2009-01-08,1.36170000,0
2009-01-09,1.36840000,0
2009-01-12,1.33940000,0
2009-01-13,1.32620000,0
2009-01-14,1.31730000,0
2009-01-15,1.30850000,0
2009-01-16,1.32700000,0
2009-01-19,1.31820000,0
2009-01-20,1.29300000,0
2009-01-21,1.29100000,0
2009-01-22,1.29840000,0
2009-01-23,1.27950000,0
2009-01-26,1.29900000,0
2009-01-27,1.31740000,0
2009-01-28,1.32600000,0
2009-01-29,1.31110000,0
2009-01-30,1.28160000,0
2009-02-02,1.27600000,0
2009-02-03,1.28490000,0
2009-02-04,1.28180000,0
2009-02-05,1.28290000,0
2009-02-06,1.27960000,0
2009-02-09,1.30080000,0
2009-02-10,1.29670000,0
2009-02-11,1.29380000,0
2009-02-12,1.28330000,0
2009-02-13,1.28230000,0
2009-02-16,1.27650000,0
2009-02-17,1.26340000,0
2009-02-18,1.25960000,0
2009-02-19,1.27050000,0
2009-02-20,1.25910000,0
2009-02-23,1.27980000,0
2009-02-24,1.27630000,0
2009-02-25,1.27950000,0
2009-02-26,1.27820000,0
2009-02-27,1.26440000,0
2009-03-02,1.25960000,0
2009-03-03,1.26150000,0
2009-03-04,1.25550000,0
2009-03-05,1.25550000,0
2009-03-06,1.26580000,0
2009-03-09,1.25650000,0
2009-03-10,1.27830000,0
2009-03-11,1.27860000,0
2009-03-12,1.27820000,0
2009-03-13,1.29050000,0
2009-03-16,1.30420000,0
2009-03-17,1.29420000,0
2009-03-18,1.31300000,0
2009-03-19,1.36710000,0
2009-03-20,1.35490000,0
2009-03-23,1.35580000,0
2009-03-24,1.35070000,0
2009-03-25,1.34940000,0
2009-03-26,1.36070000,0
2009-03-27,1.32950000,0
2009-03-30,1.31930000,0
2009-03-31,1.33080000,0
2009-04-01,1.32460000,0
2009-04-02,1.33920000,0
2009-04-03,1.34250000,0
2009-04-06,1.34960000,0
2009-04-07,1.32550000,0
2009-04-08,1.32310000,0
2009-04-09,1.32730000,0
2009-04-14,1.32760000,0
2009-04-15,1.31730000,0
2009-04-16,1.31960000,0
2009-04-17,1.30580000,0
2009-04-20,1.29660000,0
2009-04-21,1.29320000,0
2009-04-22,1.29470000,0
2009-04-23,1.30500000,0
2009-04-24,1.32320000,0
2009-04-27,1.31250000,0
2009-04-28,1.29920000,0
2009-04-29,1.32660000,0
2009-04-30,1.32750000,0
2009-05-04,1.32230000,0
2009-05-05,1.34030000,0
2009-05-06,1.33220000,0
2009-05-07,1.33630000,0
2009-05-08,1.34250000,0
2009-05-11,1.35740000,0
2009-05-12,1.36830000,0
2009-05-13,1.36230000,0
2009-05-14,1.35630000,0
2009-05-15,1.35180000,0
2009-05-18,1.34940000,0
2009-05-19,1.36120000,0
2009-05-20,1.36900000,0
2009-05-21,1.37710000,0
2009-05-22,1.39720000,0
2009-05-25,1.40100000,0
2009-05-26,1.39080000,0
2009-05-27,1.39010000,0
2009-05-28,1.38560000,0
2009-05-29,1.40980000,0
2009-06-01,1.42200000,0
2009-06-02,1.42380000,0
2009-06-03,1.42070000,0
2009-06-04,1.40950000,0
2009-06-05,1.41770000,0
2009-06-08,1.38660000,0
2009-06-09,1.39590000,0
2009-06-10,1.41020000,0
2009-06-11,1.39690000,0
2009-06-12,1.40040000,0
2009-06-15,1.38500000,0
2009-06-16,1.38900000,0
2009-06-17,1.38400000,0
2009-06-18,1.39200000,0
2009-06-19,1.39320000,0
2009-06-22,1.38580000,0
2009-06-23,1.39780000,0
2009-06-24,1.40290000,0
2009-06-25,1.39400000,0
2009-06-26,1.40960000,0
2009-06-29,1.40580000,0
2009-06-30,1.41340000,0
2009-07-01,1.40960000,0
2009-07-02,1.40490000,0
2009-07-03,1.40090000,0
2009-07-06,1.38970000,0
2009-07-07,1.40190000,0
2009-07-08,1.39010000,0
2009-07-09,1.39900000,0
2009-07-10,1.39010000,0
2009-07-13,1.39750000,0
2009-07-14,1.39910000,0
2009-07-15,1.40890000,0
2009-07-16,1.41300000,0
2009-07-17,1.40900000,0
2009-07-20,1.42170000,0
2009-07-21,1.42230000,0
2009-07-22,1.41910000,0
2009-07-23,1.42290000,0
2009-07-24,1.42270000,0
2009-07-27,1.42690000,0
2009-07-28,1.42290000,0
2009-07-29,1.41040000,0
2009-07-30,1.40530000,0
2009-07-31,1.41380000,0
2009-08-03,1.43030000,0
2009-08-04,1.43840000,0
2009-08-05,1.44100000,0
2009-08-06,1.43700000,0
2009-08-07,1.43570000,0
2009-08-10,1.42020000,0
2009-08-11,1.41660000,0
2009-08-12,1.41700000,0
2009-08-13,1.42930000,0
2009-08-14,1.42940000,0
2009-08-17,1.40720000,0
2009-08-18,1.41010000,0
2009-08-19,1.41120000,0
2009-08-20,1.42430000,0
2009-08-21,1.43300000,0
2009-08-24,1.43230000,0
2009-08-25,1.43240000,0
2009-08-26,1.42700000,0
2009-08-27,1.42680000,0
2009-08-28,1.43640000,0
2009-08-31,1.42720000,0
2009-09-01,1.43140000,0
2009-09-02,1.42200000,0
2009-09-03,1.43350000,0
2009-09-04,1.42620000,0
2009-09-07,1.43300000,0
2009-09-08,1.44730000,0
2009-09-09,1.45220000,0
2009-09-10,1.45450000,0
2009-09-11,1.45940000,0
2009-09-14,1.45610000,0
2009-09-15,1.46110000,0
2009-09-16,1.46710000,0
2009-09-17,1.47120000,0
2009-09-18,1.47050000,0
2009-09-21,1.46580000,0
2009-09-22,1.47800000,0
2009-09-23,1.47830000,0
2009-09-24,1.47680000,0
2009-09-25,1.46700000,0
2009-09-28,1.46500000,0
2009-09-29,1.45490000,0
2009-09-30,1.46430000,0
2009-10-01,1.45390000,0
2009-10-02,1.45370000,0
2009-10-05,1.46160000,0
2009-10-06,1.47220000,0
2009-10-07,1.46940000,0
2009-10-08,1.47630000,0
2009-10-09,1.47500000,0
2009-10-12,1.47650000,0
2009-10-13,1.48640000,0
2009-10-14,1.48810000,0
2009-10-15,1.48640000,0
2009-10-16,1.48690000,0
2009-10-19,1.49180000,0
2009-10-20,1.49710000,0
2009-10-21,1.49210000,0
2009-10-22,1.50000000,0
2009-10-23,1.50200000,0
2009-10-26,1.50190000,0
2009-10-27,1.48740000,0
2009-10-28,1.47850000,0
2009-10-29,1.47880000,0
2009-10-30,1.48000000,0
2009-11-02,1.47720000,0
2009-11-03,1.46580000,0
2009-11-04,1.47610000,0
2009-11-05,1.48670000,0
2009-11-06,1.48620000,0
2009-11-09,1.49840000,0
2009-11-10,1.49660000,0
2009-11-11,1.50370000,0
2009-11-12,1.49220000,0
2009-11-13,1.48680000,0
2009-11-16,1.49650000,0
2009-11-17,1.48750000,0
2009-11-18,1.49570000,0
2009-11-19,1.48630000,0
2009-11-20,1.48150000,0
2009-11-23,1.49680000,0
2009-11-24,1.49690000,0
2009-11-25,1.50830000,0
2009-11-26,1.50710000,0
2009-11-27,1.49180000,0
2009-11-30,1.50230000,0
2009-12-01,1.50740000,0
2009-12-02,1.50900000,0
2009-12-03,1.51200000,0
2009-12-04,1.50680000,0
2009-12-07,1.47870000,0
2009-12-08,1.47740000,0
2009-12-09,1.47680000,0
2009-12-10,1.47300000,0
2009-12-11,1.47570000,0
2009-12-14,1.46470000,0
2009-12-15,1.45410000,0
2009-12-16,1.45600000,0
2009-12-17,1.43430000,0
2009-12-18,1.43370000,0
2009-12-21,1.43680000,0
2009-12-22,1.42790000,0
2009-12-23,1.42760000,0
2009-12-24,1.43980000,0
2009-12-28,1.44050000,0
2009-12-29,1.44330000,0
2009-12-30,1.43380000,0
2009-12-31,1.44060000,0
2010-01-04,1.43890000,0
2010-01-05,1.44420000,0
2010-01-06,1.43500000,0
2010-01-07,1.43040000,0
2010-01-08,1.42730000,0
2010-01-11,1.45280000,0
2010-01-12,1.44810000,0
2010-01-13,1.45630000,0
2010-01-14,1.44860000,0
2010-01-15,1.43740000,0
2010-01-18,1.43690000,0
2010-01-19,1.42790000,0
2010-01-20,1.41320000,0
2010-01-21,1.40640000,0
2010-01-22,1.41350000,0
2010-01-25,1.41510000,0
2010-01-26,1.40850000,0
2010-01-27,1.40720000,0
2010-01-28,1.39990000,0
2010-01-29,1.39660000,0
2010-02-01,1.39130000,0
2010-02-02,1.39370000,0
2010-02-03,1.39840000,0
2010-02-04,1.38470000,0
2010-02-05,1.36910000,0
2010-02-08,1.36750000,0
2010-02-09,1.37600000,0
2010-02-10,1.37400000,0
2010-02-11,1.37180000,0
2010-02-12,1.35720000,0
2010-02-15,1.36070000,0
2010-02-16,1.36490000,0
2010-02-17,1.37260000,0
2010-02-18,1.35670000,0
2010-02-19,1.35190000,0
2010-02-22,1.36260000,0
2010-02-23,1.35770000,0
2010-02-24,1.35470000,0
2010-02-25,1.34890000,0
2010-02-26,1.35700000,0
2010-03-01,1.35250000,0
2010-03-02,1.35480000,0
2010-03-03,1.36410000,0
2010-03-04,1.36680000,0
2010-03-05,1.35820000,0
2010-03-08,1.36620000,0
2010-03-09,1.35570000,0
2010-03-10,1.36100000,0
2010-03-11,1.36570000,0
2010-03-12,1.37650000,0
2010-03-15,1.37050000,0
2010-03-16,1.37230000,0
2010-03-17,1.37560000,0
2010-03-18,1.36600000,0
2010-03-19,1.35480000,0
2010-03-22,1.34710000,0
2010-03-23,1.35190000,0
2010-03-24,1.33380000,0
2010-03-25,1.33560000,0
2010-03-26,1.33530000,0
2010-03-29,1.34710000,0
2010-03-30,1.34820000,0
2010-03-31,1.34790000,0
2010-04-01,1.34680000,0
2010-04-06,1.33960000,0
2010-04-07,1.33400000,0
2010-04-08,1.32960000,0
2010-04-09,1.33840000,0
2010-04-12,1.35850000,0
2010-04-13,1.35830000,0
2010-04-14,1.36150000,0
2010-04-15,1.35440000,0
2010-04-16,1.35350000,0
2010-04-19,1.34320000,0
2010-04-20,1.34860000,0
2010-04-21,1.33730000,0
2010-04-22,1.33390000,0
2010-04-23,1.33110000,0
2010-04-26,1.33210000,0
2010-04-27,1.32900000,0
2010-04-28,1.32450000,0
2010-04-29,1.32560000,0
2010-04-30,1.33150000,0
2010-05-03,1.32380000,0
2010-05-04,1.30890000,0
2010-05-05,1.29240000,0
2010-05-06,1.27270000,0
2010-05-07,1.27460000,0
2010-05-10,1.29690000,0
2010-05-11,1.26980000,0
2010-05-12,1.26860000,0
2010-05-13,1.25870000,0
2010-05-14,1.24920000,0
2010-05-17,1.23490000,0
2010-05-18,1.24280000,0
2010-05-19,1.22700000,0
2010-05-20,1.23340000,0
2010-05-21,1.24970000,0
2010-05-24,1.23600000,0
2010-05-25,1.22230000,0
2010-05-26,1.23090000,0
2010-05-27,1.22550000,0
2010-05-28,1.23840000,0
2010-05-31,1.23070000,0
2010-06-01,1.21550000,0
2010-06-02,1.22180000,0
2010-06-03,1.22680000,0
2010-06-04,1.20600000,0
2010-06-07,1.19590000,0
2010-06-08,1.19420000,0
2010-06-09,1.20100000,0
2010-06-10,1.20450000,0
2010-06-11,1.21270000,0
2010-06-14,1.22490000,0
2010-06-15,1.22580000,0
2010-06-16,1.22770000,0
2010-06-17,1.23630000,0
2010-06-18,1.23720000,0
2010-06-21,1.23910000,0
2010-06-22,1.22580000,0
2010-06-23,1.22710000,0
2010-06-24,1.22620000,0
2010-06-25,1.22940000,0
2010-06-28,1.23390000,0
2010-06-29,1.21980000,0
2010-06-30,1.22710000,0
2010-07-01,1.23280000,0
2010-07-02,1.25480000,0
2010-07-05,1.25310000,0
2010-07-06,1.25790000,0
2010-07-07,1.25670000,0
2010-07-08,1.26600000,0
2010-07-09,1.26370000,0
2010-07-12,1.25720000,0
2010-07-13,1.25690000,0
2010-07-14,1.27030000,0
2010-07-15,1.28280000,0
2010-07-16,1.30000000,0
2010-07-19,1.29570000,0
2010-07-20,1.28440000,0
2010-07-21,1.28170000,0
2010-07-22,1.28500000,0
2010-07-23,1.28970000,0
2010-07-26,1.29310000,0
2010-07-27,1.30330000,0
2010-07-28,1.29920000,0
2010-07-29,1.30690000,0
2010-07-30,1.30280000,0
2010-08-02,1.30730000,0
2010-08-03,1.32210000,0
2010-08-04,1.32060000,0
2010-08-05,1.31840000,0
2010-08-06,1.31760000,0
2010-08-09,1.32530000,0
2010-08-10,1.31330000,0
2010-08-11,1.30160000,0
2010-08-12,1.27900000,0
2010-08-13,1.27990000,0
2010-08-16,1.28200000,0
2010-08-17,1.28600000,0
2010-08-18,1.28800000,0
2010-08-19,1.28360000,0
2010-08-20,1.27110000,0
2010-08-23,1.27040000,0
2010-08-24,1.26110000,0
2010-08-25,1.26130000,0
2010-08-26,1.26930000,0
2010-08-27,1.27130000,0
2010-08-30,1.27000000,0
2010-08-31,1.26800000,0
2010-09-01,1.28000000,0
2010-09-02,1.28180000,0
2010-09-03,1.28340000,0
2010-09-06,1.28740000,0
2010-09-07,1.27440000,0
2010-09-08,1.26970000,0
2010-09-09,1.27150000,0
2010-09-10,1.27250000,0
2010-09-13,1.28010000,0
2010-09-14,1.28500000,0
2010-09-15,1.29890000,0
2010-09-16,1.30780000,0
2010-09-17,1.30600000,0
2010-09-20,1.30740000,0
2010-09-21,1.31200000,0
2010-09-22,1.33640000,0
2010-09-23,1.33230000,0
2010-09-24,1.34120000,0
2010-09-27,1.34770000,0
2010-09-28,1.34600000,0
2010-09-29,1.36110000,0
2010-09-30,1.36480000,0
2010-10-01,1.37260000,0
2010-10-04,1.37050000,0
2010-10-05,1.37800000,0
2010-10-06,1.38560000,0
2010-10-07,1.39700000,0
2010-10-08,1.38740000,0
2010-10-11,1.39360000,0
2010-10-12,1.38330000,0
2010-10-13,1.39580000,0
2010-10-14,1.41010000,0
2010-10-15,1.40890000,0
2010-10-18,1.38960000,0
2010-10-19,1.38590000,0
2010-10-20,1.38610000,0
2010-10-21,1.40160000,0
2010-10-22,1.39340000,0
2010-10-25,1.40310000,0
2010-10-26,1.39120000,0
2010-10-27,1.38030000,0
2010-10-28,1.38570000,0
2010-10-29,1.38570000,0
2010-11-01,1.39260000,0
2010-11-02,1.40180000,0
2010-11-03,1.40140000,0
2010-11-04,1.42440000,0
2010-11-05,1.40840000,0
2010-11-08,1.39170000,0
2010-11-09,1.39450000,0
2010-11-10,1.37700000,0
2010-11-11,1.37000000,0
2010-11-12,1.37110000,0
2010-11-15,1.36260000,0
2010-11-16,1.36120000,0
2010-11-17,1.34810000,0
2010-11-18,1.36470000,0
2010-11-19,1.36740000,0
2010-11-22,1.36470000,0
2010-11-23,1.34960000,0
2010-11-24,1.33390000,0
2010-11-25,1.33210000,0
2010-11-26,1.32250000,0
2010-11-29,1.31460000,0
2010-11-30,1.29980000,0
2010-12-01,1.31150000,0
2010-12-02,1.31550000,0
2010-12-03,1.32460000,0
2010-12-06,1.32800000,0
2010-12-07,1.33630000,0
2010-12-08,1.32000000,0
2010-12-09,1.32140000,0
2010-12-10,1.32440000,0
2010-12-13,1.32670000,0
2010-12-14,1.34350000,0
2010-12-15,1.33600000,0
2010-12-16,1.32380000,0
2010-12-17,1.32600000,0
2010-12-20,1.31470000,0
2010-12-21,1.31550000,0
2010-12-22,1.31120000,0
2010-12-23,1.30640000,0
2010-12-24,1.30990000,0
2010-12-27,1.31360000,0
2010-12-28,1.31950000,0
2010-12-29,1.31360000,0
2010-12-30,1.32800000,0
2010-12-31,1.33620000,0
2011-01-03,1.33480000,0
2011-01-04,1.34210000,0
2011-01-05,1.32130000,0
2011-01-06,1.30910000,0
2011-01-07,1.29610000,0
2011-01-10,1.29030000,0
2011-01-11,1.29480000,0
2011-01-12,1.29730000,0
2011-01-13,1.31990000,0
2011-01-14,1.33490000,0
2011-01-17,1.33110000,0
2011-01-18,1.33710000,0
2011-01-19,1.35060000,0
2011-01-20,1.34720000,0
2011-01-21,1.35210000,0
2011-01-24,1.35710000,0
2011-01-25,1.35960000,0
2011-01-26,1.36810000,0
2011-01-27,1.37160000,0
2011-01-28,1.37100000,0
2011-01-31,1.36920000,0
2011-02-01,1.37550000,0
2011-02-02,1.38030000,0
2011-02-03,1.37450000,0
2011-02-04,1.36310000,0
2011-02-07,1.35530000,0
2011-02-08,1.36350000,0
2011-02-09,1.36470000,0
2011-02-10,1.36040000,0
2011-02-11,1.35240000,0
2011-02-14,1.34400000,0
2011-02-15,1.35100000,0
2011-02-16,1.35100000,0
2011-02-17,1.35600000,0
2011-02-18,1.36270000,0
2011-02-21,1.36680000,0
2011-02-22,1.36670000,0
2011-02-23,1.37310000,0
2011-02-24,1.37730000,0
2011-02-25,1.37620000,0
2011-02-28,1.38340000,0
2011-03-01,1.38250000,0
2011-03-02,1.38090000,0
2011-03-03,1.38500000,0
2011-03-04,1.39570000,0
2011-03-07,1.40280000,0
2011-03-08,1.38980000,0
2011-03-09,1.39280000,0
2011-03-10,1.38170000,0
2011-03-11,1.37730000,0
2011-03-14,1.39480000,0
2011-03-15,1.38840000,0
2011-03-16,1.39510000,0
2011-03-17,1.40040000,0
2011-03-18,1.41300000,0
2011-03-21,1.41940000,0
2011-03-22,1.42110000,0
2011-03-23,1.41360000,0
2011-03-24,1.41280000,0
2011-03-25,1.41150000,0
2011-03-28,1.40320000,0
2011-03-29,1.40660000,0
2011-03-30,1.40900000,0
2011-03-31,1.42070000,0
2011-04-01,1.41410000,0
2011-04-04,1.42400000,0
2011-04-05,1.41660000,0
2011-04-06,1.43000000,0
2011-04-07,1.42830000,0
2011-04-08,1.44010000,0
2011-04-11,1.44340000,0
2011-04-12,1.44700000,0
2011-04-13,1.44930000,0
2011-04-14,1.44010000,0
2011-04-15,1.44500000,0
2011-04-18,1.42750000,0
2011-04-19,1.43020000,0
2011-04-20,1.45150000,0
2011-04-21,1.45840000,0
2011-04-26,1.46170000,0
2011-04-27,1.46680000,0
2011-04-28,1.47940000,0
2011-04-29,1.48600000,0
2011-05-02,1.48370000,0
2011-05-03,1.47800000,0
2011-05-04,1.48820000,0
2011-05-05,1.48140000,0
2011-05-06,1.45010000,0
2011-05-09,1.43970000,0
2011-05-10,1.43580000,0
2011-05-11,1.43570000,0
2011-05-12,1.41530000,0
2011-05-13,1.42800000,0
2011-05-16,1.41430000,0
2011-05-17,1.41710000,0
2011-05-18,1.42270000,0
2011-05-19,1.42650000,0
2011-05-20,1.42370000,0
2011-05-23,1.40200000,0
2011-05-24,1.40890000,0
2011-05-25,1.40690000,0
2011-05-26,1.41680000,0
2011-05-27,1.42650000,0
2011-05-30,1.42720000,0
2011-05-31,1.43850000,0
2011-06-01,1.44080000,0
2011-06-02,1.44600000,0
2011-06-03,1.44880000,0
2011-06-06,1.45960000,0
2011-06-07,1.46520000,0
2011-06-08,1.46080000,0
2011-06-09,1.46140000,0
2011-06-10,1.44860000,0
2011-06-13,1.43540000,0
2011-06-14,1.44480000,0
2011-06-15,1.42920000,0
2011-06-16,1.40880000,0
2011-06-17,1.42700000,0
2011-06-20,1.42350000,0
2011-06-21,1.43730000,0
2011-06-22,1.43970000,0
2011-06-23,1.42120000,0
2011-06-24,1.42200000,0
2011-06-27,1.42050000,0
2011-06-28,1.42610000,0
2011-06-29,1.44250000,0
2011-06-30,1.44530000,0
2011-07-01,1.44880000,0
2011-07-04,1.45000000,0
2011-07-05,1.44610000,0
2011-07-06,1.43180000,0
2011-07-07,1.42470000,0
2011-07-08,1.42420000,0
2011-07-11,1.40560000,0
2011-07-12,1.39750000,0
2011-07-13,1.40730000,0
2011-07-14,1.42020000,0
2011-07-15,1.41460000,0
2011-07-18,1.40450000,0
2011-07-19,1.41600000,0
2011-07-20,1.42070000,0
2011-07-21,1.42220000,0
2011-07-22,1.43910000,0
2011-07-25,1.43800000,0
2011-07-26,1.44710000,0
2011-07-27,1.44460000,0
2011-07-28,1.42600000,0
2011-07-29,1.42600000,0
2011-08-01,1.44150000,0
2011-08-02,1.41700000,0
2011-08-03,1.43000000,0
2011-08-04,1.42290000,0
2011-08-05,1.41550000,0
2011-08-08,1.42250000,0
2011-08-09,1.42670000,0
2011-08-10,1.43670000,0
2011-08-11,1.41430000,0
2011-08-12,1.42500000,0
2011-08-15,1.43090000,0
2011-08-16,1.43600000,0
2011-08-17,1.44770000,0
2011-08-18,1.43690000,0
2011-08-19,1.43850000,0
2011-08-22,1.44130000,0
2011-08-23,1.44620000,0
2011-08-24,1.44330000,0
2011-08-25,1.44240000,0
2011-08-26,1.44020000,0
2011-08-29,1.44870000,0
2011-08-30,1.44020000,0
2011-08-31,1.44500000,0
2011-09-01,1.42850000,0
2011-09-02,1.42550000,0
2011-09-05,1.41260000,0
2011-09-06,1.40990000,0
2011-09-07,1.40360000,0
2011-09-08,1.40440000,0
2011-09-09,1.38170000,0
2011-09-12,1.36560000,0
2011-09-13,1.36450000,0
2011-09-14,1.37290000,0
2011-09-15,1.37950000,0
2011-09-16,1.37600000,0
2011-09-19,1.36410000,0
2011-09-20,1.37100000,0
2011-09-21,1.36360000,0
2011-09-22,1.34480000,0
2011-09-23,1.34300000,0
2011-09-26,1.35000000,0
2011-09-27,1.35790000,0
2011-09-28,1.36310000,0
2011-09-29,1.36150000,0
2011-09-30,1.35030000,0
2011-10-03,1.33270000,0
2011-10-04,1.31810000,0
2011-10-05,1.33370000,0
2011-10-06,1.32690000,0
2011-10-07,1.34340000,0
2011-10-10,1.35930000,0
2011-10-11,1.36070000,0
2011-10-12,1.37660000,0
2011-10-13,1.37270000,0
2011-10-14,1.38070000,0
2011-10-17,1.37760000,0
2011-10-18,1.36760000,0
2011-10-19,1.38280000,0
2011-10-20,1.38070000,0
2011-10-21,1.37980000,0
2011-10-24,1.38560000,0
2011-10-25,1.39180000,0
2011-10-26,1.39270000,0
2011-10-27,1.40380000,0
2011-10-28,1.41600000,0
2011-10-31,1.40010000,0
2011-11-01,1.36270000,0
2011-11-02,1.38090000,0
2011-11-03,1.37730000,0
2011-11-04,1.37730000,0
2011-11-07,1.37420000,0
2011-11-08,1.37880000,0
2011-11-09,1.36330000,0
2011-11-10,1.36160000,0
2011-11-11,1.36500000,0
2011-11-14,1.36590000,0
2011-11-15,1.35320000,0
2011-11-16,1.34840000,0
2011-11-17,1.34800000,0
2011-11-18,1.35760000,0
2011-11-21,1.34580000,0
2011-11-22,1.35350000,0
2011-11-23,1.33870000,0
2011-11-24,1.33730000,0
2011-11-25,1.32290000,0
2011-11-28,1.33480000,0
2011-11-29,1.33360000,0
2011-11-30,1.34180000,0
2011-12-01,1.34920000,0
2011-12-02,1.35110000,0
2011-12-05,1.34420000,0
2011-12-06,1.33940000,0
2011-12-07,1.33770000,0
2011-12-08,1.34100000,0
2011-12-09,1.33840000,0
2011-12-12,1.32510000,0
2011-12-13,1.31810000,0
2011-12-14,1.29930000,0
2011-12-15,1.30190000,0
2011-12-16,1.30640000,0
2011-12-19,1.30390000,0
2011-12-20,1.30740000,0
2011-12-21,1.30540000,0
2011-12-22,1.30470000,0
2011-12-23,1.30570000,0
2011-12-27,1.30690000,0
2011-12-28,1.30740000,0
2011-12-29,1.28890000,0
2011-12-30,1.29390000,0
2012-01-02,1.29350000,0
2012-01-03,1.30140000,0
2012-01-04,1.29480000,0
2012-01-05,1.28320000,0
2012-01-06,1.27760000,0
2012-01-09,1.27280000,0
2012-01-10,1.28080000,0
2012-01-11,1.27180000,0
2012-01-12,1.27360000,0
2012-01-13,1.27710000,0
2012-01-16,1.26690000,0
2012-01-17,1.27900000,0
2012-01-18,1.28310000,0
2012-01-19,1.29110000,0
2012-01-20,1.29020000,0
2012-01-23,1.30170000,0
2012-01-24,1.30030000,0
2012-01-25,1.29420000,0
2012-01-26,1.31450000,0
2012-01-27,1.31450000,0
2012-01-30,1.31100000,0
2012-01-31,1.31760000,0
2012-02-01,1.31750000,0
2012-02-02,1.30940000,0
2012-02-03,1.31600000,0
2012-02-06,1.30420000,0
2012-02-07,1.31130000,0
2012-02-08,1.32740000,0
2012-02-09,1.32880000,0
2012-02-10,1.31890000,0
2012-02-13,1.32540000,0
2012-02-14,1.31690000,0
2012-02-15,1.30920000,0
2012-02-16,1.29820000,0
2012-02-17,1.31590000,0
2012-02-20,1.32660000,0
2012-02-21,1.32220000,0
2012-02-22,1.32300000,0
2012-02-23,1.33000000,0
2012-02-24,1.34120000,0
2012-02-27,1.33880000,0
2012-02-28,1.34540000,0
2012-02-29,1.34430000,0
2012-03-01,1.33120000,0
2012-03-02,1.32170000,0
2012-03-05,1.32200000,0
2012-03-06,1.31530000,0
2012-03-07,1.31200000,0
2012-03-08,1.32420000,0
2012-03-09,1.31910000,0
2012-03-12,1.31190000,0
2012-03-13,1.30570000,0
2012-03-14,1.30620000,0
2012-03-15,1.30570000,0
2012-03-16,1.31160000,0
2012-03-19,1.31500000,0
2012-03-20,1.31980000,0
2012-03-21,1.32250000,0
2012-03-22,1.31670000,0
2012-03-23,1.32420000,0
2012-03-26,1.32760000,0
2012-03-27,1.33330000,0
2012-03-28,1.33370000,0
2012-03-29,1.32720000,0
2012-03-30,1.33560000,0
2012-04-02,1.33190000,0
2012-04-03,1.33150000,0
2012-04-04,1.31420000,0
2012-04-05,1.30680000,0
2012-04-10,1.31140000,0
2012-04-11,1.31310000,0
2012-04-12,1.31530000,0
2012-04-13,1.31480000,0
2012-04-16,1.30240000,0
2012-04-17,1.31320000,0
2012-04-18,1.30930000,0
2012-04-19,1.30860000,0
2012-04-20,1.31920000,0
2012-04-23,1.31310000,0
2012-04-24,1.31610000,0
2012-04-25,1.32060000,0
2012-04-26,1.32150000,0
2012-04-27,1.32290000,0
2012-04-30,1.32140000,0
2012-05-02,1.31310000,0
2012-05-03,1.31230000,0
2012-05-04,1.31320000,0
2012-05-07,1.30330000,0
2012-05-08,1.30250000,0
2012-05-09,1.29500000,0
2012-05-10,1.29610000,0
2012-05-11,1.29440000,0
2012-05-14,1.28630000,0
2012-05-15,1.28430000,0
2012-05-16,1.27380000,0
2012-05-17,1.26820000,0
2012-05-18,1.27210000,0
2012-05-21,1.27500000,0
2012-05-22,1.27680000,0
2012-05-23,1.26590000,0
2012-05-24,1.25570000,0
2012-05-25,1.25460000,0
2012-05-28,1.25660000,0
2012-05-29,1.25230000,0
2012-05-30,1.24380000,0
2012-05-31,1.24030000,0
2012-06-01,1.23220000,0
2012-06-04,1.24370000,0
2012-06-05,1.24290000,0
2012-06-06,1.24850000,0
2012-06-07,1.25950000,0
2012-06-08,1.24680000,0
2012-06-11,1.25440000,0
2012-06-12,1.24920000,0
2012-06-13,1.25340000,0
2012-06-14,1.25510000,0
2012-06-15,1.25960000,0
2012-06-18,1.26180000,0
2012-06-19,1.26190000,0
2012-06-20,1.27040000,0
2012-06-21,1.26700000,0
2012-06-22,1.25390000,0
2012-06-25,1.24880000,0
2012-06-26,1.24750000,0
2012-06-27,1.24780000,0
2012-06-28,1.24180000,0
2012-06-29,1.25900000,0
2012-07-02,1.25930000,0
2012-07-03,1.25750000,0
2012-07-04,1.25600000,0
2012-07-05,1.24260000,0
2012-07-06,1.23770000,0
2012-07-09,1.22930000,0
2012-07-10,1.22850000,0
2012-07-11,1.22600000,0
2012-07-12,1.21780000,0
2012-07-13,1.21850000,0
2012-07-16,1.21770000,0
2012-07-17,1.22810000,0
2012-07-18,1.22340000,0
2012-07-19,1.22870000,0
2012-07-20,1.22000000,0
2012-07-23,1.21050000,0
2012-07-24,1.20890000,0
2012-07-25,1.21340000,0
2012-07-26,1.22600000,0
2012-07-27,1.23170000,0
2012-07-30,1.22460000,0
2012-07-31,1.22840000,0
2012-08-01,1.22980000,0
2012-08-02,1.23460000,0
2012-08-03,1.22450000,0
2012-08-06,1.23790000,0
2012-08-07,1.24360000,0
2012-08-08,1.23360000,0
2012-08-09,1.23010000,0
2012-08-10,1.22620000,0
2012-08-13,1.23390000,0
2012-08-14,1.23520000,0
2012-08-15,1.22760000,0
2012-08-16,1.22790000,0
2012-08-17,1.23370000,0
2012-08-20,1.23000000,0
2012-08-21,1.24280000,0
2012-08-22,1.24480000,0
2012-08-23,1.25520000,0
2012-08-24,1.25070000,0
2012-08-27,1.25300000,0
2012-08-28,1.25480000,0
2012-08-29,1.25450000,0
2012-08-30,1.25440000,0
2012-08-31,1.26110000,0
2012-09-03,1.25680000,0
2012-09-04,1.25790000,0
2012-09-05,1.25780000,0
2012-09-06,1.26380000,0
2012-09-07,1.27060000,0
2012-09-10,1.27760000,0
2012-09-11,1.27870000,0
2012-09-12,1.28960000,0
2012-09-13,1.29100000,0
2012-09-14,1.30950000,0
2012-09-17,1.30860000,0
2012-09-18,1.30540000,0
2012-09-19,1.30020000,0
2012-09-20,1.29540000,0
2012-09-21,1.29880000,0
2012-09-24,1.29160000,0
2012-09-25,1.29320000,0
2012-09-26,1.28450000,0
2012-09-27,1.28740000,0
2012-09-28,1.29300000,0
2012-10-01,1.28770000,0
2012-10-02,1.29300000,0
2012-10-03,1.29040000,0
2012-10-04,1.29510000,0
2012-10-05,1.30020000,0
2012-10-08,1.29580000,0
2012-10-09,1.29530000,0
2012-10-10,1.28890000,0
2012-10-11,1.29180000,0
2012-10-12,1.29700000,0
2012-10-15,1.29710000,0
2012-10-16,1.30460000,0
2012-10-17,1.31200000,0
2012-10-18,1.31180000,0
2012-10-19,1.30350000,0
2012-10-22,1.30630000,0
2012-10-23,1.30050000,0
2012-10-24,1.29420000,0
2012-10-25,1.29930000,0
2012-10-26,1.29080000,0
2012-10-29,1.28980000,0
2012-10-30,1.29620000,0
2012-10-31,1.29930000,0
2012-11-01,1.29750000,0
2012-11-02,1.28500000,0
2012-11-05,1.27770000,0
2012-11-06,1.28000000,0
2012-11-07,1.27460000,0
2012-11-08,1.27360000,0
2012-11-09,1.26940000,0
2012-11-12,1.27350000,0
2012-11-13,1.26960000,0
2012-11-14,1.27260000,0
2012-11-15,1.27560000,0
2012-11-16,1.27450000,0
2012-11-19,1.27620000,0
2012-11-20,1.28090000,0
2012-11-21,1.28050000,0
2012-11-22,1.28930000,0
2012-11-23,1.29090000,0
2012-11-26,1.29640000,0
2012-11-27,1.29610000,0
2012-11-28,1.28910000,0
2012-11-29,1.29940000,0
2012-11-30,1.29860000,0
2012-12-03,1.30570000,0
2012-12-04,1.30920000,0
2012-12-05,1.30650000,0
2012-12-06,1.30720000,0
2012-12-07,1.29050000,0
2012-12-10,1.29300000,0
2012-12-11,1.29930000,0
2012-12-12,1.30400000,0
2012-12-13,1.30770000,0
2012-12-14,1.30810000,0
2012-12-17,1.31600000,0
2012-12-18,1.31780000,0
2012-12-19,1.33020000,0
2012-12-20,1.32460000,0
2012-12-21,1.32090000,0
2012-12-24,1.32180000,0
2012-12-27,1.32660000,0
2012-12-28,1.31830000,0
2012-12-31,1.31940000,0
2013-01-02,1.32620000,0
2013-01-03,1.31020000,0
2013-01-04,1.30120000,0
2013-01-07,1.30390000,0
2013-01-08,1.30860000,0
2013-01-09,1.30560000,0
2013-01-10,1.31130000,0
2013-01-11,1.32740000,0
2013-01-14,1.33410000,0
2013-01-15,1.33270000,0
2013-01-16,1.32770000,0
2013-01-17,1.33680000,0
2013-01-18,1.33240000,0
2013-01-21,1.33230000,0
2013-01-22,1.33170000,0
2013-01-23,1.33300000,0
2013-01-24,1.33490000,0
2013-01-25,1.34690000,0
2013-01-28,1.34440000,0
2013-01-29,1.34330000,0
2013-01-30,1.35410000,0
2013-01-31,1.35500000,0
2013-02-01,1.36440000,0
2013-02-04,1.35520000,0
2013-02-05,1.35370000,0
2013-02-06,1.35170000,0
2013-02-07,1.35460000,0
2013-02-08,1.33740000,0
2013-02-11,1.33910000,0
2013-02-12,1.34380000,0
2013-02-13,1.34800000,0
2013-02-14,1.33270000,0
2013-02-15,1.33250000,0
2013-02-18,1.33520000,0
2013-02-19,1.33490000,0
2013-02-20,1.33700000,0
2013-02-21,1.31860000,0
2013-02-22,1.31860000,0
2013-02-25,1.33040000,0
2013-02-26,1.30770000,0
2013-02-27,1.30970000,0
2013-02-28,1.31290000,0
2013-03-01,1.30000000,0
2013-03-04,1.30070000,0
2013-03-05,1.30340000,0
2013-03-06,1.30350000,0
2013-03-07,1.30100000,0
2013-03-08,1.30900000,0
2013-03-11,1.29940000,0
2013-03-12,1.30530000,0
2013-03-13,1.29810000,0
2013-03-14,1.29370000,0
2013-03-15,1.30860000,0
2013-03-18,1.29290000,0
2013-03-19,1.29440000,0
2013-03-20,1.29450000,0
2013-03-21,1.29100000,0
2013-03-22,1.29480000,0
2013-03-25,1.29350000,0
2013-03-26,1.28610000,0
2013-03-27,1.27680000,0
2013-03-28,1.28050000,0
2013-04-02,1.28400000,0
2013-04-03,1.28280000,0
2013-04-04,1.28180000,0
2013-04-05,1.29440000,0
2013-04-08,1.30230000,0
2013-04-09,1.30400000,0
2013-04-10,1.30860000,0
2013-04-11,1.31190000,0
2013-04-12,1.30520000,0
2013-04-15,1.30810000,0
2013-04-16,1.31290000,0
2013-04-17,1.31290000,0
2013-04-18,1.30450000,0
2013-04-19,1.31150000,0
2013-04-22,1.30370000,0
2013-04-23,1.29900000,0
2013-04-24,1.30060000,0
2013-04-25,1.30800000,0
2013-04-26,1.29990000,0
2013-04-29,1.31130000,0
2013-04-30,1.30720000,0
2013-05-02,1.31910000,0
2013-05-03,1.31140000,0
2013-05-06,1.31070000,0
2013-05-07,1.31070000,0
2013-05-08,1.31350000,0
2013-05-09,1.31420000,0
2013-05-10,1.29880000,0
2013-05-13,1.29730000,0
2013-05-14,1.29770000,0
2013-05-15,1.28640000,0
2013-05-16,1.28900000,0
2013-05-17,1.28690000,0
2013-05-20,1.28530000,0
2013-05-21,1.28660000,0
2013-05-22,1.29230000,0
2013-05-23,1.28880000,0
2013-05-24,1.29390000,0
2013-05-27,1.29390000,0
2013-05-28,1.29380000,0
2013-05-29,1.29520000,0
2013-05-30,1.29440000,0
2013-05-31,1.30060000,0
2013-06-03,1.30080000,0
2013-06-04,1.30920000,0
2013-06-05,1.30670000,0
2013-06-06,1.31180000,0
2013-06-07,1.32600000,0
2013-06-10,1.32090000,0
2013-06-11,1.32730000,0
2013-06-12,1.32770000,0
2013-06-13,1.33150000,0
2013-06-14,1.33030000,0
2013-06-17,1.33370000,0
2013-06-18,1.33740000,0
2013-06-19,1.34060000,0
2013-06-20,1.32000000,0
2013-06-21,1.31800000,0
2013-06-24,1.30860000,0
2013-06-25,1.31340000,0
2013-06-26,1.30240000,0
2013-06-27,1.30320000,0
2013-06-28,1.30800000,0
2013-07-01,1.30370000,0
2013-07-02,1.30170000,0
2013-07-03,1.29590000,0
2013-07-04,1.29840000,0
2013-07-05,1.28830000,0
2013-07-08,1.28500000,0
2013-07-09,1.28570000,0
2013-07-10,1.28130000,0
2013-07-11,1.30440000,0
2013-07-12,1.30340000,0
2013-07-15,1.30120000,0
2013-07-16,1.31180000,0
2013-07-17,1.31360000,0
2013-07-18,1.30930000,0
2013-07-19,1.31230000,0
2013-07-22,1.31660000,0
2013-07-23,1.31800000,0
2013-07-24,1.32460000,0
2013-07-25,1.32020000,0
2013-07-26,1.32600000,0
2013-07-29,1.32700000,0
2013-07-30,1.32840000,0
2013-07-31,1.32750000,0
2013-08-01,1.32360000,0
2013-08-02,1.32030000,0
2013-08-05,1.32570000,0
2013-08-06,1.32800000,0
2013-08-07,1.33050000,0
2013-08-08,1.33600000,0
2013-08-09,1.33730000,0
2013-08-12,1.32800000,0
2013-08-13,1.32900000,0
2013-08-14,1.32430000,0
2013-08-15,1.32970000,0
2013-08-16,1.33400000,0
2013-08-19,1.33440000,0
2013-08-20,1.33920000,0
2013-08-21,1.33840000,0
2013-08-22,1.33230000,0
2013-08-23,1.33550000,0
2013-08-26,1.33610000,0
2013-08-27,1.33380000,0
2013-08-28,1.33470000,0
2013-08-29,1.32660000,0
2013-08-30,1.32350000,0
2013-09-02,1.32070000,0
2013-09-03,1.31720000,0
2013-09-04,1.31710000,0
2013-09-05,1.32020000,0
2013-09-06,1.31170000,0
2013-09-09,1.31940000,0
2013-09-10,1.32400000,0
2013-09-11,1.32680000,0
2013-09-12,1.32900000,0
2013-09-13,1.32950000,0
2013-09-16,1.33570000,0
2013-09-17,1.33560000,0
2013-09-18,1.33520000,0
2013-09-19,1.35450000,0
2013-09-20,1.35140000,0
2013-09-23,1.35080000,0
2013-09-24,1.34730000,0
2013-09-25,1.35040000,0
2013-09-26,1.34990000,0
2013-09-27,1.35370000,0
2013-09-30,1.35050000,0
2013-10-01,1.35540000,0
2013-10-02,1.35150000,0
2013-10-03,1.35940000,0
2013-10-04,1.35930000,0
2013-10-07,1.35720000,0
2013-10-08,1.35760000,0
2013-10-09,1.35150000,0
2013-10-10,1.35320000,0
2013-10-11,1.35660000,0
2013-10-14,1.35640000,0
2013-10-15,1.34930000,0
2013-10-16,1.35610000,0
2013-10-17,1.36620000,0
2013-10-18,1.36840000,0
2013-10-21,1.36670000,0
2013-10-22,1.36740000,0
2013-10-23,1.37520000,0
2013-10-24,1.38050000,0
2013-10-25,1.37770000,0
2013-10-28,1.37840000,0
2013-10-29,1.37680000,0
2013-10-30,1.37550000,0
2013-10-31,1.36410000,0
2013-11-01,1.35050000,0
2013-11-04,1.35060000,0
2013-11-05,1.34940000,0
2013-11-06,1.35170000,0
2013-11-07,1.33650000,0
2013-11-08,1.34310000,0
2013-11-11,1.33940000,0
2013-11-12,1.34320000,0
2013-11-13,1.34150000,0
2013-11-14,1.34360000,0
2013-11-15,1.34600000,0
2013-11-18,1.35170000,0
2013-11-19,1.35020000,0
2013-11-20,1.35270000,0
2013-11-21,1.34720000,0
2013-11-22,1.35180000,0
2013-11-25,1.35140000,0
2013-11-26,1.35470000,0
2013-11-27,1.35960000,0
2013-11-28,1.35920000,0
2013-11-29,1.36110000,0
2013-12-02,1.35360000,0
2013-12-03,1.35780000,0
2013-12-04,1.35920000,0
2013-12-05,1.35940000,0
2013-12-06,1.36610000,0
2013-12-09,1.37220000,0
2013-12-10,1.37500000,0
2013-12-11,1.37670000,0
2013-12-12,1.37750000,0
2013-12-13,1.37270000,0
2013-12-16,1.37760000,0
2013-12-17,1.37490000,0
2013-12-18,1.37490000,0
2013-12-19,1.36670000,0
2013-12-20,1.36550000,0
2013-12-23,1.37020000,0
2013-12-24,1.36840000,0
2013-12-27,1.38140000,0
2013-12-30,1.37830000,0
2013-12-31,1.37910000,0
2014-01-02,1.36580000,0
2014-01-03,1.36340000,0
2014-01-06,1.36020000,0
2014-01-07,1.36410000,0
2014-01-08,1.35940000,0
2014-01-09,1.36120000,0
2014-01-10,1.35870000,0
2014-01-13,1.36540000,0
2014-01-14,1.36670000,0
2014-01-15,1.36060000,0
2014-01-16,1.35970000,0
2014-01-17,1.35840000,0
2014-01-20,1.35660000,0
2014-01-21,1.35260000,0
2014-01-22,1.35660000,0
2014-01-23,1.36390000,0
2014-01-24,1.36870000,0
2014-01-27,1.36580000,0
2014-01-28,1.36490000,0
2014-01-29,1.36080000,0
2014-01-30,1.35740000,0
2014-01-31,1.35160000,0
2014-02-03,1.34980000,0
2014-02-04,1.35190000,0
2014-02-05,1.35430000,0
2014-02-06,1.34950000,0
2014-02-07,1.35740000,0
2014-02-10,1.36380000,0
2014-02-11,1.36760000,0
2014-02-12,1.35730000,0
2014-02-13,1.36750000,0
2014-02-14,1.37070000,0
2014-02-17,1.36990000,0
2014-02-18,1.37310000,0
2014-02-19,1.37450000,0
2014-02-20,1.37060000,0
2014-02-21,1.37070000,0
2014-02-24,1.37350000,0
2014-02-25,1.37540000,0
2014-02-26,1.37260000,0
2014-02-27,1.36560000,0
2014-02-28,1.38130000,0
2014-03-03,1.37680000,0
2014-03-04,1.37680000,0
2014-03-05,1.37320000,0
2014-03-06,1.37450000,0
2014-03-07,1.38940000,0
2014-03-10,1.38810000,0
2014-03-11,1.38500000,0
2014-03-12,1.38870000,0
2014-03-13,1.39420000,0
2014-03-14,1.38840000,0
2014-03-17,1.39060000,0
2014-03-18,1.39020000,0
2014-03-19,1.39130000,0
2014-03-20,1.37620000,0
2014-03-21,1.37800000,0
2014-03-24,1.37740000,0
2014-03-25,1.37890000,0
2014-03-26,1.37910000,0
2014-03-27,1.37580000,0
2014-03-28,1.37590000,0
2014-03-31,1.37880000,0
2014-04-01,1.37900000,0
2014-04-02,1.37950000,0
2014-04-03,1.37710000,0
2014-04-04,1.37000000,0
2014-04-07,1.37230000,0
2014-04-08,1.37740000,0
2014-04-09,1.37940000,0
2014-04-10,1.38670000,0
2014-04-11,1.38720000,0
2014-04-14,1.38270000,0
2014-04-15,1.38030000,0
2014-04-16,1.38400000,0
2014-04-17,1.38550000,0
2014-04-22,1.38170000,0
2014-04-23,1.38340000,0
2014-04-24,1.38200000,0
2014-04-25,1.38310000,0
2014-04-28,1.38610000,0
2014-04-29,1.38260000,0
2014-04-30,1.38500000,0
2014-05-02,1.38620000,0
2014-05-05,1.38740000,0
2014-05-06,1.39450000,0
2014-05-07,1.39270000,0
2014-05-08,1.39530000,0
2014-05-09,1.37810000,0
2014-05-12,1.37650000,0
2014-05-13,1.37030000,0
2014-05-14,1.37190000,0
2014-05-15,1.36590000,0
2014-05-16,1.36960000,0
2014-05-19,1.37150000,0
2014-05-20,1.37020000,0
2014-05-21,1.36760000,0
2014-05-22,1.36680000,0
2014-05-23,1.36300000,0
2014-05-26,1.36350000,0
2014-05-27,1.36380000,0
2014-05-28,1.36080000,0
2014-05-29,1.36120000,0
2014-05-30,1.36070000,0
2014-06-02,1.36110000,0
2014-06-03,1.36450000,0
2014-06-04,1.36270000,0
2014-06-05,1.35670000,0
2014-06-06,1.36420000,0
2014-06-09,1.36080000,0
2014-06-10,1.35470000,0
2014-06-11,1.35470000,0
2014-06-12,1.35280000,0
2014-06-13,1.35340000,0
2014-06-16,1.35320000,0
2014-06-17,1.35680000,0
2014-06-18,1.35630000,0
2014-06-19,1.36200000,0
2014-06-20,1.35880000,0
2014-06-23,1.35960000,0
2014-06-24,1.36180000,0
2014-06-25,1.36150000,0
2014-06-26,1.36060000,0
2014-06-27,1.36200000,0
2014-06-30,1.36580000,0
2014-07-01,1.36880000,0
2014-07-02,1.36560000,0
2014-07-03,1.36460000,0
2014-07-04,1.35880000,0
2014-07-07,1.35920000,0
2014-07-08,1.35890000,0
2014-07-09,1.36030000,0
2014-07-10,1.36040000,0
2014-07-11,1.35950000,0
2014-07-14,1.36270000,0
2014-07-15,1.36130000,0
2014-07-16,1.35320000,0
2014-07-17,1.35250000,0
2014-07-18,1.35250000,0
2014-07-21,1.35180000,0
2014-07-22,1.34810000,0
2014-07-23,1.34650000,0
2014-07-24,1.34720000,0
2014-07-25,1.34400000,0
2014-07-28,1.34330000,0
2014-07-29,1.34290000,0
2014-07-30,1.34010000,0
2014-07-31,1.33790000,0
2014-08-01,1.33950000,0
2014-08-04,1.34220000,0
2014-08-05,1.33820000,0
2014-08-06,1.33450000,0
2014-08-07,1.33680000,0
2014-08-08,1.33880000,0
2014-08-11,1.33860000,0
2014-08-12,1.33460000,0
2014-08-13,1.33600000,0
2014-08-14,1.33730000,0
2014-08-15,1.33880000,0
2014-08-18,1.33830000,0
2014-08-19,1.33540000,0
2014-08-20,1.32840000,0
2014-08-21,1.32620000,0
2014-08-22,1.32670000,0
2014-08-25,1.32000000,0
2014-08-26,1.31920000,0
2014-08-27,1.31770000,0
2014-08-28,1.31780000,0
2014-08-29,1.31880000,0
2014-09-01,1.31330000,0
2014-09-02,1.31150000,0
2014-09-03,1.31510000,0
2014-09-04,1.30150000,0
2014-09-05,1.29480000,0
2014-09-08,1.29470000,0
2014-09-09,1.29020000,0
2014-09-10,1.29290000,0
2014-09-11,1.29280000,0
2014-09-12,1.29310000,0
2014-09-15,1.29110000,0
2014-09-16,1.29490000,0
2014-09-17,1.29560000,0
2014-09-18,1.28720000,0
2014-09-19,1.28520000,0
2014-09-22,1.28450000,0
2014-09-23,1.28920000,0
2014-09-24,1.28260000,0
2014-09-25,1.27120000,0
2014-09-26,1.27320000,0
2014-09-29,1.27010000,0
2014-09-30,1.25830000,0
2014-10-01,1.26030000,0
2014-10-02,1.26310000,0
2014-10-03,1.26160000,0
2014-10-06,1.25650000,0
2014-10-07,1.26070000,0
2014-10-08,1.26450000,0
2014-10-09,1.27630000,0
2014-10-10,1.26380000,0
2014-10-13,1.26790000,0
2014-10-14,1.26460000,0
2014-10-15,1.26660000,0
2014-10-16,1.27490000,0
2014-10-17,1.28230000,0
2014-10-20,1.27730000,0
2014-10-21,1.27620000,0
2014-10-22,1.26930000,0
2014-10-23,1.26690000,0
2014-10-24,1.26590000,0
2014-10-27,1.26790000,0
2014-10-28,1.27480000,0
2014-10-29,1.27370000,0
2014-10-30,1.25980000,0
2014-10-31,1.25240000,0
2014-11-03,1.24930000,0
2014-11-04,1.25140000,0
2014-11-05,1.24800000,0
2014-11-06,1.25170000,0
2014-11-07,1.23930000,0
2014-11-10,1.24860000,0
2014-11-11,1.24240000,0
2014-11-12,1.24670000,0
2014-11-13,1.24560000,0
2014-11-14,1.24360000,0
2014-11-17,1.24960000,0
2014-11-18,1.25140000,0
2014-11-19,1.25350000,0
2014-11-20,1.25390000,0
2014-11-21,1.24220000,0
2014-11-24,1.24100000,0
2014-11-25,1.24240000,0
2014-11-26,1.24750000,0
2014-11-27,1.24800000,0
2014-11-28,1.24830000,0
2014-12-01,1.24690000,0
2014-12-02,1.24240000,0
2014-12-03,1.23310000,0
2014-12-04,1.23110000,0
2014-12-05,1.23620000,0
2014-12-08,1.22580000,0
2014-12-09,1.23690000,0
2014-12-10,1.23920000,0
2014-12-11,1.24280000,0
2014-12-12,1.24500000,0
2014-12-15,1.24260000,0
2014-12-16,1.25370000,0
2014-12-17,1.24480000,0
2014-12-18,1.22850000,0
2014-12-19,1.22790000,0
2014-12-22,1.22590000,0
2014-12-23,1.22130000,0
2014-12-24,1.22190000,0
2014-12-29,1.21970000,0
2014-12-30,1.21600000,0
2014-12-31,1.21410000,0
2015-01-02,1.20430000,0
2015-01-05,1.19150000,0
2015-01-06,1.19140000,0
2015-01-07,1.18310000,0
2015-01-08,1.17680000,0
2015-01-09,1.18130000,0
2015-01-12,1.18040000,0
2015-01-13,1.17820000,0
2015-01-14,1.17750000,0
2015-01-15,1.17080000,0
2015-01-16,1.15880000,0
2015-01-19,1.16050000,0
2015-01-20,1.15790000,0
2015-01-21,1.15930000,0
2015-01-22,1.16180000,0
2015-01-23,1.11980000,0
2015-01-26,1.12440000,0
2015-01-27,1.13060000,0
2015-01-28,1.13440000,0
2015-01-29,1.13150000,0
2015-01-30,1.13050000,0
2015-02-02,1.13100000,0
2015-02-03,1.13760000,0
2015-02-04,1.14460000,0
2015-02-05,1.14100000,0
2015-02-06,1.14470000,0
2015-02-09,1.12750000,0
2015-02-10,1.12970000,0
2015-02-11,1.13140000,0
2015-02-12,1.13280000,0
2015-02-13,1.13810000,0
2015-02-16,1.14080000,0
2015-02-17,1.14150000,0
2015-02-18,1.13720000,0
2015-02-19,1.13870000,0
2015-02-20,1.12980000,0
2015-02-23,1.12980000,0
2015-02-24,1.13280000,0
2015-02-25,1.13460000,0
2015-02-26,1.13170000,0
2015-02-27,1.12400000,0
2015-03-02,1.12270000,0
2015-03-03,1.11680000,0
2015-03-04,1.11240000,0
2015-03-05,1.10690000,0
2015-03-06,1.09630000,0
2015-03-09,1.08600000,0
2015-03-10,1.07380000,0
2015-03-11,1.05780000,0
2015-03-12,1.06130000,0
2015-03-13,1.05720000,0
2015-03-16,1.05570000,0
2015-03-17,1.06350000,0
2015-03-18,1.05920000,0
2015-03-19,1.06770000,0
2015-03-20,1.07760000,0
2015-03-23,1.09120000,0
2015-03-24,1.09500000,0
2015-03-25,1.09850000,0
2015-03-26,1.09730000,0
2015-03-27,1.08560000,0
2015-03-30,1.08450000,0
2015-03-31,1.07590000,0
2015-04-01,1.07550000,0
2015-04-02,1.08300000,0
2015-04-07,1.08470000,0
2015-04-08,1.08620000,0
2015-04-09,1.07740000,0
2015-04-10,1.05700000,0
2015-04-13,1.05520000,0
2015-04-14,1.05640000,0
2015-04-15,1.05790000,0
2015-04-16,1.07110000,0
2015-04-17,1.08140000,0
2015-04-20,1.07230000,0
2015-04-21,1.07000000,0
2015-04-22,1.07430000,0
2015-04-23,1.07720000,0
2015-04-24,1.08240000,0
2015-04-27,1.08220000,0
2015-04-28,1.09270000,0
2015-04-29,1.10020000,0
2015-04-30,1.12150000,0
2015-05-04,1.11520000,0
2015-05-05,1.11170000,0
2015-05-06,1.12300000,0
2015-05-07,1.13050000,0
2015-05-08,1.12210000,0
2015-05-11,1.11420000,0
2015-05-12,1.12390000,0
2015-05-13,1.12210000,0
2015-05-14,1.14190000,0
2015-05-15,1.13280000,0
2015-05-18,1.13890000,0
2015-05-19,1.11800000,0
2015-05-20,1.11180000,0
2015-05-21,1.11330000,0
2015-05-22,1.11640000,0
2015-05-25,1.09780000,0
2015-05-26,1.09260000,0
2015-05-27,1.08630000,0
2015-05-28,1.08960000,0
2015-05-29,1.09700000,0
2015-06-01,1.09440000,0
2015-06-02,1.10290000,0
2015-06-03,1.11340000,0
2015-06-04,1.13170000,0
2015-06-05,1.12180000,0
2015-06-08,1.11620000,0
2015-06-09,1.12490000,0
2015-06-10,1.12790000,0
2015-06-11,1.12320000,0
2015-06-12,1.12200000,0
2015-06-15,1.12180000,0
2015-06-16,1.12150000,0
2015-06-17,1.12790000,0
2015-06-18,1.14040000,0
2015-06-19,1.12990000,0
2015-06-22,1.13450000,0
2015-06-23,1.12040000,0
2015-06-24,1.12130000,0
2015-06-25,1.12060000,0
2015-06-26,1.12020000,0
2015-06-29,1.11330000,0
2015-06-30,1.11890000,0
2015-07-01,1.11000000,0
2015-07-02,1.10660000,0
2015-07-03,1.10960000,0
2015-07-06,1.10080000,0
2015-07-07,1.09310000,0
2015-07-08,1.10240000,0
2015-07-09,1.10540000,0
2015-07-10,1.11850000,0
2015-07-13,1.10490000,0
2015-07-14,1.10310000,0
2015-07-15,1.10090000,0
2015-07-16,1.08670000,0
2015-07-17,1.08890000,0
2015-07-20,1.08520000,0
2015-07-21,1.08670000,0
2015-07-22,1.09020000,0
2015-07-23,1.09990000,0
2015-07-24,1.09390000,0
2015-07-27,1.10580000,0
2015-07-28,1.10250000,0
2015-07-29,1.10300000,0
2015-07-30,1.09550000,0
2015-07-31,1.09670000,0
2015-08-03,1.09510000,0
2015-08-04,1.09730000,0
2015-08-05,1.08830000,0
2015-08-06,1.08850000,0
2015-08-07,1.09410000,0
2015-08-10,1.09600000,0
2015-08-11,1.10550000,0
2015-08-12,1.11550000,0
2015-08-13,1.11090000,0
2015-08-14,1.11710000,0
2015-08-17,1.11000000,0
2015-08-18,1.10600000,0
2015-08-19,1.10410000,0
2015-08-20,1.11830000,0
2015-08-21,1.12810000,0
2015-08-24,1.14970000,0
2015-08-25,1.15060000,0
2015-08-26,1.14020000,0
2015-08-27,1.12840000,0
2015-08-28,1.12680000,0
2015-08-31,1.12150000,0
2015-09-01,1.12360000,0
2015-09-02,1.12550000,0
2015-09-03,1.12290000,0
2015-09-04,1.11380000,0
2015-09-07,1.11460000,0
2015-09-08,1.11620000,0
2015-09-09,1.11390000,0
2015-09-10,1.11850000,0
2015-09-11,1.12680000,0
2015-09-14,1.13050000,0
2015-09-15,1.13200000,0
2015-09-16,1.12280000,0
2015-09-17,1.13120000,0
2015-09-18,1.14190000,0
2015-09-21,1.12500000,0
2015-09-22,1.11550000,0
2015-09-23,1.11500000,0
2015-09-24,1.12410000,0
2015-09-25,1.11510000,0
2015-09-28,1.11700000,0
2015-09-29,1.12040000,0
2015-09-30,1.12030000,0
2015-10-01,1.11530000,0
2015-10-02,1.11600000,0
2015-10-05,1.12360000,0
2015-10-06,1.12240000,0
2015-10-07,1.12660000,0
2015-10-08,1.12540000,0
2015-10-09,1.13620000,0
2015-10-12,1.13730000,0
2015-10-13,1.13740000,0
2015-10-14,1.14100000,0
2015-10-15,1.14390000,0
2015-10-16,1.13600000,0
2015-10-19,1.13330000,0
2015-10-20,1.13730000,0
2015-10-21,1.13540000,0
2015-10-22,1.13130000,0
2015-10-23,1.10840000,0
2015-10-26,1.10110000,0
2015-10-27,1.10610000,0
2015-10-28,1.10850000,0
2015-10-29,1.09300000,0
2015-10-30,1.10170000,0
2015-11-02,1.10320000,0
2015-11-03,1.09760000,0
2015-11-04,1.09350000,0
2015-11-05,1.08830000,0
2015-11-06,1.08640000,0
2015-11-09,1.07760000,0
2015-11-10,1.07110000,0
2015-11-11,1.07160000,0
2015-11-12,1.07260000,0
2015-11-13,1.07640000,0
2015-11-16,1.07230000,0
2015-11-17,1.06700000,0
2015-11-18,1.06660000,0
2015-11-19,1.06870000,0
2015-11-20,1.06880000,0
2015-11-23,1.06310000,0
2015-11-24,1.06510000,0
2015-11-25,1.05860000,0
2015-11-26,1.06120000,0
2015-11-27,1.05800000,0
2015-11-30,1.05790000,0
2015-12-01,1.06000000,0
2015-12-02,1.06120000,0
2015-12-03,1.06710000,0
2015-12-04,1.09020000,0
2015-12-07,1.08090000,0
2015-12-08,1.08750000,0
2015-12-09,1.09410000,0
2015-12-10,1.09430000,0
2015-12-11,1.09500000,0
2015-12-14,1.09830000,0
2015-12-15,1.09900000,0
2015-12-16,1.09330000,0
2015-12-17,1.08410000,0
2015-12-18,1.08360000,0
2015-12-21,1.08700000,0
2015-12-22,1.09520000,0
2015-12-23,1.09160000,0
2015-12-24,1.09470000,0
2015-12-28,1.09620000,0
2015-12-29,1.09520000,0
2015-12-30,1.09260000,0
2015-12-31,1.08870000,0
2016-01-04,1.08980000,0
2016-01-05,1.07460000,0
2016-01-06,1.07420000,0
2016-01-07,1.08680000,0
2016-01-08,1.08610000,0
2016-01-11,1.08880000,0
2016-01-12,1.08360000,0
2016-01-13,1.08160000,0
2016-01-14,1.08930000,0
2016-01-15,1.09140000,0
2016-01-18,1.08920000,0
2016-01-19,1.08680000,0
2016-01-20,1.09070000,0
2016-01-21,1.08930000,0
2016-01-22,1.08080000,0
2016-01-25,1.08150000,0
2016-01-26,1.08370000,0
2016-01-27,1.08880000,0
2016-01-28,1.09030000,0
2016-01-29,1.09200000,0
2016-02-01,1.08840000,0
2016-02-02,1.09190000,0
2016-02-03,1.09330000,0
2016-02-04,1.12060000,0
2016-02-05,1.12020000,0
2016-02-08,1.11010000,0
2016-02-09,1.12360000,0
2016-02-10,1.12570000,0
2016-02-11,1.13470000,0
2016-02-12,1.12750000,0
2016-02-15,1.11800000,0
2016-02-16,1.11660000,0
2016-02-17,1.11360000,0
2016-02-18,1.10840000,0
2016-02-19,1.10960000,0
2016-02-22,1.10260000,0
2016-02-23,1.10020000,0
2016-02-24,1.09810000,0
2016-02-25,1.10270000,0
2016-02-26,1.10060000,0
2016-02-29,1.08880000,0
2016-03-01,1.08720000,0
2016-03-02,1.08560000,0
2016-03-03,1.09010000,0
2016-03-04,1.09700000,0
2016-03-07,1.09530000,0
2016-03-08,1.10280000,0
2016-03-09,1.09730000,0
2016-03-10,1.08570000,0
2016-03-11,1.10900000,0
2016-03-14,1.11190000,0
2016-03-15,1.11090000,0
2016-03-16,1.10640000,0
2016-03-17,1.13110000,0
2016-03-18,1.12790000,0
2016-03-21,1.12710000,0
2016-03-22,1.12120000,0
2016-03-23,1.11710000,0
2016-03-24,1.11540000,0
2016-03-29,1.11940000,0
2016-03-30,1.13240000,0
2016-03-31,1.13850000,0
2016-04-01,1.14320000,0
2016-04-04,1.13800000,0
2016-04-05,1.13670000,0
2016-04-06,1.13360000,0
2016-04-07,1.13640000,0
2016-04-08,1.13630000,0
2016-04-11,1.13900000,0
2016-04-12,1.13960000,0
2016-04-13,1.12980000,0
2016-04-14,1.12520000,0
2016-04-15,1.12840000,0
2016-04-18,1.13060000,0
2016-04-19,1.13430000,0
2016-04-20,1.13790000,0
2016-04-21,1.13550000,0
2016-04-22,1.12630000,0
2016-04-25,1.12640000,0
2016-04-26,1.12870000,0
2016-04-27,1.13030000,0
2016-04-28,1.13580000,0
2016-04-29,1.14030000,0
2016-05-02,1.14930000,0
2016-05-03,1.15690000,0
2016-05-04,1.15050000,0
2016-05-05,1.14390000,0
2016-05-06,1.14270000,0
2016-05-09,1.13950000,0
2016-05-10,1.13750000,0
2016-05-11,1.14090000,0
2016-05-12,1.13890000,0
2016-05-13,1.13480000,0
2016-05-16,1.13240000,0
2016-05-17,1.13180000,0
2016-05-18,1.12790000,0
2016-05-19,1.11970000,0
2016-05-20,1.12190000,0
2016-05-23,1.12150000,0
2016-05-24,1.11680000,0
2016-05-25,1.11460000,0
2016-05-26,1.11680000,0
2016-05-27,1.11680000,0
2016-05-30,1.11390000,0
2016-05-31,1.11540000,0
2016-06-01,1.11740000,0
2016-06-02,1.11880000,0
2016-06-03,1.11540000,0
2016-06-06,1.13490000,0
2016-06-07,1.13480000,0
2016-06-08,1.13780000,0
2016-06-09,1.13430000,0
2016-06-10,1.13040000,0
2016-06-13,1.12680000,0
2016-06-14,1.12250000,0
2016-06-15,1.12300000,0
2016-06-16,1.11740000,0
2016-06-17,1.12540000,0
2016-06-20,1.13320000,0
2016-06-21,1.13140000,0
2016-06-22,1.12830000,0
2016-06-23,1.13890000,0
2016-06-24,1.10660000,0
2016-06-27,1.09980000,0
2016-06-28,1.10730000,0
2016-06-29,1.10900000,0
2016-06-30,1.11020000,0
2016-07-01,1.11350000,0
2016-07-04,1.11380000,0
2016-07-05,1.11460000,0
2016-07-06,1.10690000,0
2016-07-07,1.10800000,0
2016-07-08,1.10700000,0
2016-07-11,1.10490000,0
2016-07-12,1.10920000,0
2016-07-13,1.10720000,0
2016-07-14,1.11570000,0
2016-07-15,1.11280000,0
2016-07-18,1.10530000,0
2016-07-19,1.10350000,0
2016-07-20,1.10130000,0
2016-07-21,1.10150000,0
2016-07-22,1.10140000,0
2016-07-25,1.09820000,0
2016-07-26,1.09970000,0
2016-07-27,1.09910000,0
2016-07-28,1.10900000,0
2016-07-29,1.11130000,0
2016-08-01,1.11640000,0
2016-08-02,1.11930000,0
2016-08-03,1.12000000,0
2016-08-04,1.11360000,0
2016-08-05,1.11560000,0
2016-08-08,1.10870000,0
2016-08-09,1.10780000,0
2016-08-10,1.11840000,0
2016-08-11,1.11530000,0
2016-08-12,1.11580000,0
2016-08-15,1.11800000,0
2016-08-16,1.12950000,0
2016-08-17,1.12760000,0
2016-08-18,1.13210000,0
2016-08-19,1.13260000,0
2016-08-22,1.13060000,0
2016-08-23,1.13390000,0
2016-08-24,1.12680000,0
2016-08-25,1.12900000,0
2016-08-26,1.12900000,0
2016-08-29,1.11700000,0
2016-08-30,1.11680000,0
2016-08-31,1.11320000,0
2016-09-01,1.11460000,0
2016-09-02,1.11930000,0
2016-09-05,1.11560000,0
2016-09-06,1.11590000,0
2016-09-07,1.12370000,0
2016-09-08,1.12960000,0
2016-09-09,1.12680000,0
2016-09-12,1.12260000,0
2016-09-13,1.12470000,0
2016-09-14,1.12180000,0
2016-09-15,1.12540000,0
2016-09-16,1.12260000,0
2016-09-19,1.11650000,0
2016-09-20,1.11840000,0
2016-09-21,1.11500000,0
2016-09-22,1.12380000,0
2016-09-23,1.12140000,0
2016-09-26,1.12620000,0
2016-09-27,1.12200000,0
2016-09-28,1.12250000,0
2016-09-29,1.12210000,0
2016-09-30,1.11610000,0
2016-10-03,1.12360000,0
2016-10-04,1.11610000,0
2016-10-05,1.12110000,0
2016-10-06,1.11850000,0
2016-10-07,1.11400000,0
2016-10-10,1.11600000,0
2016-10-11,1.10790000,0
2016-10-12,1.10200000,0
2016-10-13,1.10380000,0
2016-10-14,1.10020000,0
2016-10-17,1.09940000,0
2016-10-18,1.09930000,0
2016-10-19,1.09790000,0
2016-10-20,1.09800000,0
2016-10-21,1.08860000,0
2016-10-24,1.08910000,0
2016-10-25,1.08720000,0
2016-10-26,1.09250000,0
2016-10-27,1.09270000,0
2016-10-28,1.09220000,0
2016-10-31,1.09460000,0
2016-11-01,1.10250000,0
2016-11-02,1.10950000,0
2016-11-03,1.10640000,0
2016-11-04,1.10930000,0
2016-11-07,1.10620000,0
2016-11-08,1.10380000,0
2016-11-09,1.10220000,0
2016-11-10,1.08950000,0
2016-11-11,1.09040000,0
2016-11-14,1.07770000,0
2016-11-15,1.07650000,0
2016-11-16,1.07020000,0
2016-11-17,1.07170000,0
2016-11-18,1.06290000,0
2016-11-21,1.06310000,0
2016-11-22,1.06170000,0
2016-11-23,1.06020000,0
2016-11-24,1.05480000,0
2016-11-25,1.05920000,0
2016-11-28,1.05880000,0
2016-11-29,1.05760000,0
2016-11-30,1.06350000,0
2016-12-01,1.06270000,0
2016-12-02,1.06420000,0
2016-12-05,1.07020000,0
2016-12-06,1.07340000,0
2016-12-07,1.07300000,0
2016-12-08,1.07620000,0
2016-12-09,1.05590000,0
2016-12-12,1.05960000,0
2016-12-13,1.06100000,0
2016-12-14,1.06440000,0
2016-12-15,1.04190000,0
2016-12-16,1.04390000,0
2016-12-19,1.04220000,0
2016-12-20,1.03640000,0
2016-12-21,1.04210000,0
2016-12-22,1.04440000,0
2016-12-23,1.04460000,0
2016-12-27,1.04450000,0
2016-12-28,1.04010000,0
2016-12-29,1.04530000,0
2016-12-30,1.05410000,0
2017-01-02,1.04650000,0
2017-01-03,1.03850000,0
2017-01-04,1.04370000,0
2017-01-05,1.05010000,0
2017-01-06,1.05890000,0
2017-01-09,1.05160000,0
2017-01-10,1.05670000,0
2017-01-11,1.05030000,0
2017-01-12,1.06790000,0
2017-01-13,1.06610000,0
2017-01-16,1.05940000,0
2017-01-17,1.06840000,0
2017-01-18,1.06640000,0
2017-01-19,1.06680000,0
2017-01-20,1.06320000,0
2017-01-23,1.07150000,0
2017-01-24,1.07480000,0
2017-01-25,1.07430000,0
2017-01-26,1.07000000,0
2017-01-27,1.06810000,0
2017-01-30,1.06300000,0
2017-01-31,1.07550000,0
2017-02-01,1.07900000,0
2017-02-02,1.08080000,0
2017-02-03,1.07410000,0
2017-02-06,1.07120000,0
2017-02-07,1.06750000,0
2017-02-08,1.06650000,0
2017-02-09,1.06920000,0
2017-02-10,1.06290000,0
2017-02-13,1.06290000,0
2017-02-14,1.06230000,0
2017-02-15,1.05550000,0
2017-02-16,1.06520000,0
2017-02-17,1.06500000,0
2017-02-20,1.06160000,0
2017-02-21,1.05370000,0
2017-02-22,1.05130000,0
2017-02-23,1.05730000,0
2017-02-24,1.06090000,0
2017-02-27,1.05870000,0
2017-02-28,1.05970000,0
2017-03-01,1.05330000,0
2017-03-02,1.05140000,0
2017-03-03,1.05650000,0
2017-03-06,1.05920000,0
2017-03-07,1.05760000,0
2017-03-08,1.05560000,0
2017-03-09,1.05510000,0
2017-03-10,1.06060000,0
2017-03-13,1.06630000,0
2017-03-14,1.06310000,0
2017-03-15,1.06220000,0
2017-03-16,1.07260000,0
2017-03-17,1.07370000,0
2017-03-20,1.07520000,0
2017-03-21,1.08020000,0
2017-03-22,1.08070000,0
2017-03-23,1.07860000,0
2017-03-24,1.08050000,0
2017-03-27,1.08890000,0
2017-03-28,1.08590000,0
2017-03-29,1.07480000,0
2017-03-30,1.07370000,0
2017-03-31,1.06910000,0
2017-04-03,1.06610000,0
2017-04-04,1.06510000,0
2017-04-05,1.06780000,0
2017-04-06,1.06660000,0
2017-04-07,1.06300000,0
2017-04-10,1.05780000,0
2017-04-11,1.06160000,0
2017-04-12,1.06050000,0
2017-04-13,1.06300000,0
2017-04-18,1.06820000,0
2017-04-19,1.07250000,0
2017-04-20,1.07450000,0
2017-04-21,1.06980000,0
2017-04-24,1.08480000,0
2017-04-25,1.08910000,0
2017-04-26,1.08930000,0
2017-04-27,1.08810000,0
2017-04-28,1.09300000,0
2017-05-02,1.09150000,0
2017-05-03,1.09190000,0
2017-05-04,1.09270000,0
2017-05-05,1.09610000,0
2017-05-08,1.09380000,0
2017-05-09,1.08880000,0
2017-05-10,1.08820000,0
2017-05-11,1.08600000,0
2017-05-12,1.08760000,0
2017-05-15,1.09720000,0
2017-05-16,1.10590000,0
2017-05-17,1.11170000,0
2017-05-18,1.11290000,0
2017-05-19,1.11790000,0
2017-05-22,1.12430000,0
2017-05-23,1.12150000,0
2017-05-24,1.11930000,0
2017-05-25,1.12140000,0
2017-05-26,1.11960000,0
2017-05-29,1.11880000,0
2017-05-30,1.11730000,0
2017-05-31,1.12210000,0
2017-06-01,1.12190000,0
2017-06-02,1.12170000,0
2017-06-05,1.12490000,0
2017-06-06,1.12580000,0
2017-06-07,1.12170000,0
2017-06-08,1.12290000,0
2017-06-09,1.11760000,0
2017-06-12,1.12210000,0
2017-06-13,1.12170000,0
2017-06-14,1.12030000,0
2017-06-15,1.11660000,0
2017-06-16,1.11670000,0
2017-06-19,1.11990000,0
2017-06-20,1.11560000,0
2017-06-21,1.11470000,0
2017-06-22,1.11690000,0
2017-06-23,1.11730000,0
2017-06-26,1.11870000,0
2017-06-27,1.12780000,0
2017-06-28,1.13750000,0
2017-06-29,1.14130000,0
2017-06-30,1.14120000,0
2017-07-03,1.13690000,0
2017-07-04,1.13530000,0
2017-07-05,1.13290000,0
2017-07-06,1.13850000,0
2017-07-07,1.14120000,0
2017-07-10,1.13870000,0
2017-07-11,1.14050000,0
2017-07-12,1.14490000,0
2017-07-13,1.14170000,0
2017-07-14,1.14150000,0
2017-07-17,1.14620000,0
2017-07-18,1.15550000,0
2017-07-19,1.15330000,0
2017-07-20,1.14850000,0
2017-07-21,1.16420000,0
2017-07-24,1.16480000,0
2017-07-25,1.16940000,0
2017-07-26,1.16440000,0
2017-07-27,1.16940000,0
2017-07-28,1.17290000,0
2017-07-31,1.17270000,0
2017-08-01,1.18120000,0
2017-08-02,1.18290000,0
2017-08-03,1.18600000,0
2017-08-04,1.18680000,0
2017-08-07,1.17970000,0
2017-08-08,1.18140000,0
2017-08-09,1.17310000,0
2017-08-10,1.17320000,0
2017-08-11,1.17650000,0
2017-08-14,1.17970000,0
2017-08-15,1.17440000,0
2017-08-16,1.17100000,0
2017-08-17,1.16970000,0
2017-08-18,1.17400000,0
2017-08-21,1.17610000,0
2017-08-22,1.17710000,0
2017-08-23,1.17990000,0
2017-08-24,1.18060000,0
2017-08-25,1.18080000,0
2017-08-28,1.19250000,0
2017-08-29,1.20480000,0
2017-08-30,1.19160000,0
2017-08-31,1.18250000,0
2017-09-01,1.19200000,0
2017-09-04,1.19050000,0
2017-09-05,1.18900000,0
2017-09-06,1.19310000,0
2017-09-07,1.19710000,0
2017-09-08,1.20600000,0
2017-09-11,1.19970000,0
2017-09-12,1.19330000,0
2017-09-13,1.19790000,0
2017-09-14,1.18850000,0
2017-09-15,1.19630000,0
2017-09-18,1.19480000,0
2017-09-19,1.19720000,0
2017-09-20,1.20070000,0
2017-09-21,1.19050000,0
2017-09-22,1.19610000,0
2017-09-25,1.18670000,0
2017-09-26,1.17870000,0
2017-09-27,1.17410000,0
2017-09-28,1.17780000,0
2017-09-29,1.18060000,0
2017-10-02,1.17440000,0
2017-10-03,1.17530000,0
2017-10-04,1.17870000,0
2017-10-05,1.17420000,0
2017-10-06,1.17070000,0
2017-10-09,1.17460000,0
2017-10-10,1.17970000,0
2017-10-11,1.18300000,0
2017-10-12,1.18560000,0
2017-10-13,1.18100000,0
2017-10-16,1.18030000,0
2017-10-17,1.17590000,0
2017-10-18,1.17490000,0
2017-10-19,1.18340000,0
2017-10-20,1.18180000,0
2017-10-23,1.17400000,0
2017-10-24,1.17610000,0
2017-10-25,1.17850000,0
2017-10-26,1.17530000,0
2017-10-27,1.16050000,0
2017-10-30,1.16120000,0
2017-10-31,1.16380000,0
2017-11-01,1.16120000,0
2017-11-02,1.16450000,0
2017-11-03,1.16570000,0
2017-11-06,1.15900000,0
2017-11-07,1.15620000,0
2017-11-08,1.15900000,0
2017-11-09,1.16300000,0
2017-11-10,1.16540000,0
2017-11-13,1.16560000,0
2017-11-14,1.17450000,0
2017-11-15,1.18400000,0
2017-11-16,1.17710000,0
2017-11-17,1.17950000,0
2017-11-20,1.17810000,0
2017-11-21,1.17180000,0
2017-11-22,1.17490000,0
2017-11-23,1.18480000,0
2017-11-24,1.18770000,0
2017-11-27,1.19520000,0
2017-11-28,1.18880000,0
2017-11-29,1.18270000,0
2017-11-30,1.18490000,0
2017-12-01,1.18850000,0
2017-12-04,1.18650000,0
2017-12-05,1.18470000,0
2017-12-06,1.18170000,0
2017-12-07,1.17860000,0
2017-12-08,1.17420000,0
2017-12-11,1.17960000,0
2017-12-12,1.17660000,0
2017-12-13,1.17360000,0
2017-12-14,1.18450000,0
2017-12-15,1.18060000,0
2017-12-18,1.17950000,0
2017-12-19,1.18230000,0
2017-12-20,1.18450000,0
2017-12-21,1.18590000,0
2017-12-22,1.18530000,0
2017-12-27,1.18950000,0
2017-12-28,1.19340000,0
2017-12-29,1.19930000,0
2018-01-02,1.20650000,0
2018-01-03,1.20230000,0
2018-01-04,1.20650000,0
2018-01-05,1.20450000,0
2018-01-08,1.19730000,0
2018-01-09,1.19320000,0
2018-01-10,1.19920000,0
2018-01-11,1.20170000,0
2018-01-12,1.21370000,0
2018-01-15,1.22770000,0
2018-01-16,1.22300000,0
2018-01-17,1.22030000,0
2018-01-18,1.22350000,0
2018-01-19,1.22550000,0
2018-01-22,1.22390000,0
2018-01-23,1.22490000,0
2018-01-24,1.23520000,0
2018-01-25,1.24070000,0
2018-01-26,1.24360000,0
2018-01-29,1.23790000,0
2018-01-30,1.24210000,0
2018-01-31,1.24570000,0
2018-02-01,1.24590000,0
2018-02-02,1.24920000,0
2018-02-05,1.24400000,0
2018-02-06,1.23290000,0
2018-02-07,1.23380000,0
2018-02-08,1.22520000,0
2018-02-09,1.22730000,0
2018-02-12,1.22630000,0
2018-02-13,1.23330000,0
2018-02-14,1.23480000,0
2018-02-15,1.24930000,0
2018-02-16,1.24640000,0
2018-02-19,1.24100000,0
2018-02-20,1.23400000,0
2018-02-21,1.23120000,0
2018-02-22,1.22760000,0
2018-02-23,1.22990000,0
2018-02-26,1.23200000,0
2018-02-27,1.23010000,0
2018-02-28,1.22140000,0
2018-03-01,1.21710000,0
2018-03-02,1.23120000,0
2018-03-05,1.23070000,0
2018-03-06,1.24110000,0
2018-03-07,1.24170000,0
2018-03-08,1.24210000,0
2018-03-09,1.22910000,0
2018-03-12,1.23020000,0
2018-03-13,1.23780000,0
2018-03-14,1.23690000,0
2018-03-15,1.23410000,0
2018-03-16,1.23010000,0
2018-03-19,1.23090000,0
2018-03-20,1.22760000,0
2018-03-21,1.22860000,0
2018-03-22,1.23160000,0
2018-03-23,1.23460000,0
2018-03-26,1.24110000,0
2018-03-27,1.23760000,0
2018-03-28,1.23980000,0
2018-03-29,1.23210000,0
2018-04-03,1.23080000,0
2018-04-04,1.22760000,0
2018-04-05,1.22600000,0
2018-04-06,1.22340000,0
2018-04-09,1.23040000,0
2018-04-10,1.23610000,0
2018-04-11,1.23840000,0
2018-04-12,1.23230000,0
2018-04-13,1.23170000,0
2018-04-16,1.23700000,0
2018-04-17,1.23570000,0
2018-04-18,1.23880000,0
2018-04-19,1.23820000,0
2018-04-20,1.23090000,0
2018-04-23,1.22380000,0
2018-04-24,1.22130000,0
2018-04-25,1.21850000,0
2018-04-26,1.21680000,0
2018-04-27,1.20700000,0
2018-04-30,1.20790000,0
2018-05-02,1.20070000,0
2018-05-03,1.19920000,0
2018-05-04,1.19690000,0
2018-05-07,1.19020000,0
2018-05-08,1.18700000,0
2018-05-09,1.18790000,0
2018-05-10,1.18780000,0
2018-05-11,1.19340000,0
2018-05-14,1.19880000,0
2018-05-15,1.18830000,0
2018-05-16,1.17840000,0
2018-05-17,1.18050000,0
2018-05-18,1.17810000,0
2018-05-21,1.17590000,0
2018-05-22,1.17940000,0
2018-05-23,1.17080000,0
2018-05-24,1.17280000,0
2018-05-25,1.16750000,0
2018-05-28,1.16440000,0
2018-05-29,1.15580000,0
2018-05-30,1.16320000,0
2018-05-31,1.16990000,0
2018-06-01,1.16690000,0
2018-06-04,1.17370000,0
2018-06-05,1.16750000,0
2018-06-06,1.17650000,0
2018-06-07,1.18360000,0
2018-06-08,1.17540000,0
2018-06-11,1.17900000,0
2018-06-12,1.17880000,0
2018-06-13,1.17640000,0
2018-06-14,1.17300000,0
2018-06-15,1.15960000,0
2018-06-18,1.16130000,0
2018-06-19,1.15340000,0
2018-06-20,1.15780000,0
2018-06-21,1.15380000,0
2018-06-22,1.16480000,0
2018-06-25,1.17000000,0
2018-06-26,1.16720000,0
2018-06-27,1.16160000,0
2018-06-28,1.15830000,0
2018-06-29,1.16580000,0
2018-07-02,1.16390000,0
2018-07-03,1.16650000,0
2018-07-04,1.16420000,0
2018-07-05,1.17090000,0
2018-07-06,1.17240000,0
2018-07-09,1.17890000,0
2018-07-10,1.17130000,0
2018-07-11,1.17350000,0
2018-07-12,1.16580000,0
2018-07-13,1.16430000,0
2018-07-16,1.17200000,0
2018-07-17,1.17070000,0
2018-07-18,1.16110000,0
2018-07-19,1.15880000,0
2018-07-20,1.16700000,0
2018-07-23,1.17160000,0
2018-07-24,1.17060000,0
2018-07-25,1.16900000,0
2018-07-26,1.17160000,0
2018-07-27,1.16250000,0
2018-07-30,1.16840000,0
2018-07-31,1.17360000,0
2018-08-01,1.16960000,0
2018-08-02,1.16170000,0
2018-08-03,1.15880000,0
2018-08-06,1.15430000,0
2018-08-07,1.16020000,0
2018-08-08,1.15890000,0
2018-08-09,1.15930000,0
2018-08-10,1.14560000,0
2018-08-13,1.14030000,0
2018-08-14,1.14060000,0
2018-08-15,1.13210000,0
2018-08-16,1.13700000,0
2018-08-17,1.13910000,0
2018-08-20,1.14200000,0
2018-08-21,1.15020000,0
2018-08-22,1.16160000,0
2018-08-23,1.15790000,0
2018-08-24,1.15880000,0
2018-08-27,1.16330000,0
2018-08-28,1.17100000,0
2018-08-29,1.16600000,0
2018-08-30,1.16920000,0
2018-08-31,1.16510000,0
2018-09-03,1.16090000,0
2018-09-04,1.15620000,0
2018-09-05,1.15820000,0
2018-09-06,1.16340000,0
2018-09-07,1.16150000,0
2018-09-10,1.15710000,0
2018-09-11,1.15740000,0
2018-09-12,1.15850000,0
2018-09-13,1.16200000,0
2018-09-14,1.16890000,0
2018-09-17,1.16710000,0
2018-09-18,1.16970000,0
2018-09-19,1.16670000,0
2018-09-20,1.17690000,0
2018-09-21,1.17590000,0
2018-09-24,1.17730000,0
2018-09-25,1.17770000,0
2018-09-26,1.17370000,0
2018-09-27,1.17070000,0
2018-09-28,1.15760000,0
2018-10-01,1.16060000,0
2018-10-02,1.15430000,0
2018-10-03,1.15480000,0
2018-10-04,1.15020000,0
2018-10-05,1.15060000,0
2018-10-08,1.14780000,0
2018-10-09,1.14350000,0
2018-10-10,1.15000000,0
2018-10-11,1.15750000,0
2018-10-12,1.15740000,0
2018-10-15,1.15810000,0
2018-10-16,1.15870000,0
2018-10-17,1.15300000,0
2018-10-18,1.15050000,0
2018-10-19,1.14700000,0
2018-10-22,1.14940000,0
2018-10-23,1.14780000,0
2018-10-24,1.13890000,0
2018-10-25,1.14160000,0
2018-10-26,1.13450000,0
2018-10-29,1.13810000,0
2018-10-30,1.13720000,0
2018-10-31,1.13180000,0
2018-11-01,1.13930000,0
2018-11-02,1.14170000,0
2018-11-05,1.13700000,0
2018-11-06,1.14280000,0
2018-11-07,1.14870000,0
2018-11-08,1.14240000,0
2018-11-09,1.13460000,0
2018-11-12,1.12650000,0
2018-11-13,1.12610000,0
2018-11-14,1.12960000,0
2018-11-15,1.13050000,0
2018-11-16,1.13460000,0
2018-11-19,1.14270000,0
2018-11-20,1.14210000,0
2018-11-21,1.14090000,0
2018-11-22,1.14030000,0
2018-11-23,1.13520000,0
2018-11-26,1.13630000,0
2018-11-27,1.13280000,0
2018-11-28,1.12840000,0
2018-11-29,1.13870000,0
2018-11-30,1.13590000,0
2018-12-03,1.13320000,0
2018-12-04,1.14090000,0
2018-12-05,1.13540000,0
2018-12-06,1.13510000,0
2018-12-07,1.13710000,0
2018-12-10,1.14250000,0
2018-12-11,1.13790000,0
2018-12-12,1.13460000,0
2018-12-13,1.13710000,0
2018-12-14,1.12850000,0
2018-12-17,1.13410000,0
2018-12-18,1.13770000,0
2018-12-19,1.14050000,0
2018-12-20,1.14510000,0
2018-12-21,1.14140000,0
2018-12-24,1.14080000,0
2018-12-27,1.13770000,0
2018-12-28,1.14540000,0
2018-12-31,1.14500000,0
2019-01-02,1.13970000,0
2019-01-03,1.13480000,0
2019-01-04,1.14030000,0
2019-01-07,1.14450000,0
2019-01-08,1.14400000,0
2019-01-09,1.14550000,0
2019-01-10,1.15350000,0
2019-01-11,1.15330000,0
2019-01-14,1.14670000,0
2019-01-15,1.14240000,0
2019-01-16,1.13890000,0
2019-01-17,1.13960000,0
2019-01-18,1.14020000,0
2019-01-21,1.13620000,0
2019-01-22,1.13540000,0
2019-01-23,1.13670000,0
2019-01-24,1.13410000,0
2019-01-25,1.13460000,0
2019-01-28,1.14180000,0
2019-01-29,1.14220000,0
2019-01-30,1.14290000,0
2019-01-31,1.14880000,0
2019-02-01,1.14710000,0
2019-02-04,1.14450000,0
2019-02-05,1.14230000,0
2019-02-06,1.13940000,0
2019-02-07,1.13450000,0
2019-02-08,1.13460000,0
2019-02-11,1.13090000,0
2019-02-12,1.12960000,0
2019-02-13,1.13050000,0
2019-02-14,1.12680000,0
2019-02-15,1.12600000,0
2019-02-18,1.13280000,0
2019-02-19,1.12940000,0
2019-02-20,1.13420000,0
2019-02-21,1.13540000,0
2019-02-22,1.13250000,0
2019-02-25,1.13550000,0
2019-02-26,1.13610000,0
2019-02-27,1.13860000,0
2019-02-28,1.14160000,0
2019-03-01,1.13830000,0
2019-03-04,1.13370000,0
2019-03-05,1.13290000,0
2019-03-06,1.13050000,0
2019-03-07,1.12710000,0
2019-03-08,1.12220000,0
2019-03-11,1.12440000,0
2019-03-12,1.12750000,0
2019-03-13,1.13030000,0
2019-03-14,1.12950000,0
2019-03-15,1.13080000,0
2019-03-18,1.13490000,0
2019-03-19,1.13580000,0
2019-03-20,1.13540000,0
2019-03-21,1.13870000,0
2019-03-22,1.13020000,0
2019-03-25,1.13250000,0
2019-03-26,1.12910000,0
2019-03-27,1.12610000,0
2019-03-28,1.12180000,0
2019-03-29,1.12350000,0
2019-04-01,1.12360000,0
2019-04-02,1.12000000,0
2019-04-03,1.12430000,0
2019-04-04,1.12190000,0
2019-04-05,1.12330000,0
2019-04-08,1.12460000,0
2019-04-09,1.12770000,0
2019-04-10,1.12790000,0
2019-04-11,1.12640000,0
2019-04-12,1.13210000,0
2019-04-15,1.13130000,0
2019-04-16,1.13050000,0
2019-04-17,1.13010000,0
2019-04-18,1.12500000,0
2019-04-23,1.12450000,0
2019-04-24,1.12090000,0
2019-04-25,1.11230000,0
2019-04-26,1.11330000,0
2019-04-29,1.11500000,0
2019-04-30,1.12180000,0
2019-05-02,1.12120000,0
2019-05-03,1.11550000,0
2019-05-06,1.11990000,0
2019-05-07,1.11850000,0
2019-05-08,1.12020000,0
2019-05-09,1.11930000,0
2019-05-10,1.12300000,0
2019-05-13,1.12450000,0
2019-05-14,1.12260000,0
2019-05-15,1.11830000,0
2019-05-16,1.12030000,0
2019-05-17,1.11720000,0
2019-05-20,1.11670000,0
2019-05-21,1.11610000,0
2019-05-22,1.11710000,0
2019-05-23,1.11390000,0
2019-05-24,1.11870000,0
2019-05-27,1.11980000,0
2019-05-28,1.11920000,0
2019-05-29,1.11560000,0
2019-05-30,1.11340000,0
2019-05-31,1.11510000,0
2019-06-03,1.11850000,0
2019-06-04,1.12440000,0
2019-06-05,1.12570000,0
2019-06-06,1.12660000,0
2019-06-07,1.12730000,0
2019-06-10,1.13010000,0
2019-06-11,1.13200000,0
2019-06-12,1.13230000,0
2019-06-13,1.12890000,0
2019-06-14,1.12650000,0
2019-06-17,1.12340000,0
2019-06-18,1.11870000,0
2019-06-19,1.12070000,0
2019-06-20,1.13070000,0
2019-06-21,1.13160000,0
2019-06-24,1.13940000,0
2019-06-25,1.13880000,0
2019-06-26,1.13620000,0
2019-06-27,1.13700000,0
2019-06-28,1.13800000,0
2019-07-01,1.13490000,0
2019-07-02,1.13010000,0
2019-07-03,1.12930000,0
2019-07-04,1.12880000,0
2019-07-05,1.12600000,0
2019-07-08,1.12150000,0
2019-07-09,1.12050000,0
2019-07-10,1.12200000,0
2019-07-11,1.12850000,0
2019-07-12,1.12530000,0
2019-07-15,1.12690000,0
2019-07-16,1.12230000,0
2019-07-17,1.12150000,0
2019-07-18,1.12160000,0
2019-07-19,1.12260000,0
2019-07-22,1.12150000,0
2019-07-23,1.11730000,0
2019-07-24,1.11400000,0
2019-07-25,1.11150000,0
2019-07-26,1.11380000,0
2019-07-29,1.11190000,0
2019-07-30,1.11540000,0
2019-07-31,1.11510000,0
2019-08-01,1.10370000,0
2019-08-02,1.11060000,0
2019-08-05,1.11820000,0
2019-08-06,1.11870000,0
2019-08-07,1.12020000,0
2019-08-08,1.11930000,0
2019-08-09,1.11980000,0
2019-08-12,1.11940000,0
2019-08-13,1.12220000,0
2019-08-14,1.11880000,0
2019-08-15,1.11500000,0
2019-08-16,1.10760000,0
2019-08-19,1.11030000,0
2019-08-20,1.10760000,0
2019-08-21,1.11040000,0
2019-08-22,1.10830000,0
2019-08-23,1.10650000,0
2019-08-26,1.11160000,0
2019-08-27,1.11040000,0
2019-08-28,1.10830000,0
2019-08-29,1.10720000,0
2019-08-30,1.10360000,0
2019-09-02,1.09680000,0
2019-09-03,1.09370000,0
2019-09-04,1.10180000,0
2019-09-05,1.10580000,0
2019-09-06,1.10270000,0
2019-09-09,1.10330000,0
2019-09-10,1.10400000,0
2019-09-11,1.10030000,0
2019-09-12,1.09630000,0
2019-09-13,1.10960000,0
2019-09-16,1.10310000,0
2019-09-17,1.10260000,0
2019-09-18,1.10530000,0
2019-09-19,1.10670000,0
2019-09-20,1.10300000,0
2019-09-23,1.09850000,0
2019-09-24,1.10030000,0
2019-09-25,1.09820000,0
2019-09-26,1.09380000,0
2019-09-27,1.09350000,0
2019-09-30,1.08890000,0
2019-10-01,1.08980000,0
2019-10-02,1.09250000,0
2019-10-03,1.09510000,0
2019-10-04,1.09790000,0
2019-10-07,1.09930000,0
2019-10-08,1.09860000,0
2019-10-09,1.09810000,0
2019-10-10,1.10300000,0
2019-10-11,1.10430000,0
2019-10-14,1.10310000,0
2019-10-15,1.10070000,0
2019-10-16,1.10250000,0
2019-10-17,1.11130000,0
2019-10-18,1.11440000,0
2019-10-21,1.11730000,0
2019-10-22,1.11300000,0
2019-10-23,1.11230000,0
2019-10-24,1.11280000,0
2019-10-25,1.11070000,0
2019-10-28,1.10870000,0
2019-10-29,1.10950000,0
2019-10-30,1.11060000,0
2019-10-31,1.11540000,0
2019-11-01,1.11390000,0
2019-11-04,1.11580000,0
2019-11-05,1.11090000,0
2019-11-06,1.10900000,0
2019-11-07,1.10770000,0
2019-11-08,1.10340000,0
2019-11-11,1.10410000,0
2019-11-12,1.10150000,0
2019-11-13,1.10060000,0
2019-11-14,1.09970000,0
2019-11-15,1.10340000,0
2019-11-18,1.10610000,0
2019-11-19,1.10770000,0
2019-11-20,1.10590000,0
2019-11-21,1.10910000,0
2019-11-22,1.10580000,0
2019-11-25,1.10080000,0
2019-11-26,1.10200000,0
2019-11-27,1.10090000,0
2019-11-28,1.10050000,0
2019-11-29,1.09820000,0
2019-12-02,1.10230000,0
2019-12-03,1.10710000,0
2019-12-04,1.10810000,0
2019-12-05,1.10940000,0
2019-12-06,1.10940000,0
2019-12-09,1.10750000,0
2019-12-10,1.10770000,0
2019-12-11,1.10750000,0
2019-12-12,1.11370000,0
2019-12-13,1.11740000,0
2019-12-16,1.11460000,0
2019-12-17,1.11620000,0
2019-12-18,1.11150000,0
2019-12-19,1.11170000,0
2019-12-20,1.10970000,0
2019-12-23,1.10750000,0
2019-12-24,1.10800000,0
2019-12-27,1.11530000,0
2019-12-30,1.11890000,0
2019-12-31,1.12340000,0
2020-01-02,1.11930000,0
2020-01-03,1.11470000,0
2020-01-06,1.11940000,0
2020-01-07,1.11720000,0
2020-01-08,1.11150000,0
2020-01-09,1.11100000,0
2020-01-10,1.10910000,0
2020-01-13,1.11260000,0
2020-01-14,1.11150000,0
2020-01-15,1.11420000,0
2020-01-16,1.11690000,0
2020-01-17,1.11080000,0
2020-01-20,1.10850000,0
2020-01-21,1.11150000,0
2020-01-22,1.10880000,0
2020-01-23,1.10910000,0
2020-01-24,1.10350000,0
2020-01-27,1.10250000,0
2020-01-28,1.10050000,0
2020-01-29,1.10010000,0
2020-01-30,1.10290000,0
2020-01-31,1.10520000,0
2020-02-03,1.10660000,0
2020-02-04,1.10480000,0
2020-02-05,1.10230000,0
2020-02-06,1.10030000,0
2020-02-07,1.09690000,0
2020-02-10,1.09510000,0
2020-02-11,1.09010000,0
2020-02-12,1.09140000,0
2020-02-13,1.08670000,0
2020-02-14,1.08420000,0
2020-02-17,1.08350000,0
2020-02-18,1.08160000,0
2020-02-19,1.08000000,0
2020-02-20,1.07900000,0
2020-02-21,1.08010000,0
2020-02-24,1.08180000,0
2020-02-25,1.08400000,0
2020-02-26,1.08750000,0
2020-02-27,1.09640000,0
2020-02-28,1.09770000,0
2020-03-02,1.11220000,0
2020-03-03,1.11170000,0
2020-03-04,1.11250000,0
2020-03-05,1.11870000,0
2020-03-06,1.13360000,0
2020-03-09,1.14560000,0
2020-03-10,1.13900000,0
2020-03-11,1.13360000,0
2020-03-12,1.12400000,0
2020-03-13,1.11040000,0
2020-03-16,1.11570000,0
2020-03-17,1.09820000,0
2020-03-18,1.09340000,0
2020-03-19,1.08010000,0
2020-03-20,1.07070000,0
2020-03-23,1.07830000,0
2020-03-24,1.08430000,0
2020-03-25,1.08270000,0
2020-03-26,1.09810000,0
2020-03-27,1.09770000,0
2020-03-30,1.10340000,0
2020-03-31,1.09560000,0
2020-04-01,1.09360000,0
2020-04-02,1.09060000,0
2020-04-03,1.07850000,0
2020-04-06,1.07910000,0
2020-04-07,1.08850000,0
2020-04-08,1.08710000,0
2020-04-09,1.08670000,0
2020-04-14,1.09630000,0
2020-04-15,1.09030000,0
2020-04-16,1.08880000,0
2020-04-17,1.08600000,0
2020-04-20,1.08600000,0
2020-04-21,1.08370000,0
2020-04-22,1.08670000,0
2020-04-23,1.07720000,0
2020-04-24,1.08000000,0
2020-04-27,1.08520000,0
2020-04-28,1.08770000,0
2020-04-29,1.08420000,0
2020-04-30,1.08760000,0
2020-05-04,1.09420000,0
2020-05-05,1.08430000,0
2020-05-06,1.08070000,0
2020-05-07,1.07830000,0
2020-05-08,1.08430000,0
2020-05-11,1.08240000,0
2020-05-12,1.08580000,0
2020-05-13,1.08750000,0
2020-05-14,1.07920000,0
2020-05-15,1.07980000,0
2020-05-18,1.08320000,0
2020-05-19,1.09500000,0
2020-05-20,1.09580000,0
2020-05-21,1.10000000,0
2020-05-22,1.09040000,0
2020-05-25,1.09100000,0
2020-05-26,1.09750000,0
2020-05-27,1.09910000,0
2020-05-28,1.10160000,0
2020-05-29,1.11360000,0
2020-06-01,1.11160000,0
2020-06-02,1.11740000,0
2020-06-03,1.11940000,0
2020-06-04,1.12500000,0
2020-06-05,1.13300000,0
2020-06-08,1.12850000,0
2020-06-09,1.12940000,0
2020-06-10,1.13750000,0
2020-06-11,1.13480000,0
2020-06-12,1.13040000,0
2020-06-15,1.12530000,0
2020-06-16,1.13080000,0
2020-06-17,1.12320000,0
2020-06-18,1.12220000,0
2020-06-19,1.12100000,0
2020-06-22,1.12130000,0
2020-06-23,1.13180000,0
2020-06-24,1.12800000,0
2020-06-25,1.12000000,0
2020-06-26,1.12130000,0
2020-06-29,1.12840000,0
2020-06-30,1.11980000,0
2020-07-01,1.12000000,0
2020-07-02,1.12860000,0
2020-07-03,1.12240000,0
2020-07-06,1.13250000,0
2020-07-07,1.12900000,0
2020-07-08,1.12860000,0
2020-07-09,1.13420000,0
2020-07-10,1.12760000,0
2020-07-13,1.13290000,0
2020-07-14,1.13750000,0
2020-07-15,1.14440000,0
2020-07-16,1.14140000,0
2020-07-17,1.14280000,0
2020-07-20,1.14480000,0
2020-07-21,1.14430000,0
2020-07-22,1.15780000,0
2020-07-23,1.15690000,0
2020-07-24,1.16080000,0
2020-07-27,1.17600000,0
2020-07-28,1.17170000,0
2020-07-29,1.17250000,0
2020-07-30,1.17430000,0
2020-07-31,1.18480000,0
2020-08-03,1.17260000,0
2020-08-04,1.17650000,0
2020-08-05,1.18540000,0
2020-08-06,1.18430000,0
2020-08-07,1.18170000,0
2020-08-10,1.17630000,0
2020-08-11,1.17830000,0
2020-08-12,1.17710000,0
2020-08-13,1.18330000,0
2020-08-14,1.18130000,0
2020-08-17,1.18530000,0
2020-08-18,1.19060000,0
2020-08-19,1.19330000,0
2020-08-20,1.18500000,0
2020-08-21,1.17690000,0
2020-08-24,1.18470000,0
2020-08-25,1.18140000,0
2020-08-26,1.17890000,0
2020-08-27,1.18060000,0
2020-08-28,1.19150000,0
2020-08-31,1.19400000,0
2020-09-01,1.19870000,0
2020-09-02,1.18610000,0
2020-09-03,1.18130000,0
2020-09-04,1.18420000,0
2020-09-07,1.18240000,0
2020-09-08,1.17850000,0
2020-09-09,1.17730000,0
2020-09-10,1.18490000,0
2020-09-11,1.18540000,0
2020-09-14,1.18760000,0
2020-09-15,1.18920000,0
2020-09-16,1.18690000,0
2020-09-17,1.17970000,0
2020-09-18,1.18330000,0
2020-09-21,1.17870000,0
2020-09-22,1.17400000,0
2020-09-23,1.16920000,0
2020-09-24,1.16450000,0
2020-09-25,1.16340000,0
2020-09-28,1.16700000,0
2020-09-29,1.17020000,0
2020-09-30,1.17080000,0
2020-10-01,1.17520000,0
2020-10-02,1.17300000,0
2020-10-05,1.17680000,0
2020-10-06,1.17950000,0
2020-10-07,1.17700000,0
2020-10-08,1.17650000,0
2020-10-09,1.17950000,0
2020-10-12,1.17990000,0
2020-10-13,1.17870000,0
2020-10-14,1.17500000,0
2020-10-15,1.16980000,0
2020-10-16,1.17410000,0
2020-10-19,1.17850000,0
2020-10-20,1.18100000,0
2020-10-21,1.18520000,0
2020-10-22,1.18210000,0
2020-10-23,1.18560000,0
2020-10-26,1.18190000,0
2020-10-27,1.18320000,0
2020-10-28,1.17270000,0
2020-10-29,1.17040000,0
2020-10-30,1.16980000,0
2020-11-02,1.16520000,0
2020-11-03,1.17020000,0
2020-11-04,1.17210000,0
2020-11-05,1.18550000,0
2020-11-06,1.18700000,0
2020-11-09,1.18830000,0
2020-11-10,1.18080000,0
2020-11-11,1.17660000,0
2020-11-12,1.17910000,0
2020-11-13,1.18150000,0
2020-11-16,1.18300000,0
2020-11-17,1.18820000,0
2020-11-18,1.18680000,0
2020-11-19,1.18320000,0
2020-11-20,1.18630000,0
2020-11-23,1.19010000,0
2020-11-24,1.18650000,0
2020-11-25,1.18900000,0
2020-11-26,1.19000000,0
2020-11-27,1.19220000,0
2020-11-30,1.19800000,0
2020-12-01,1.19680000,0
2020-12-02,1.20660000,0
2020-12-03,1.21510000,0
2020-12-04,1.21590000,0
2020-12-07,1.21280000,0
2020-12-08,1.21140000,0
2020-12-09,1.21090000,0
2020-12-10,1.21150000,0
2020-12-11,1.21270000,0
2020-12-14,1.21620000,0
2020-12-15,1.21400000,0
2020-12-16,1.21890000,0
2020-12-17,1.22460000,0
2020-12-18,1.22590000,0
2020-12-21,1.21730000,0
2020-12-22,1.22390000,0
2020-12-23,1.21660000,0
2020-12-24,1.21930000,0
2020-12-28,1.22190000,0
2020-12-29,1.22590000,0
2020-12-30,1.22810000,0
2020-12-31,1.22710000,0
2021-01-04,1.22960000,0
2021-01-05,1.22710000,0
2021-01-06,1.23380000,0
2021-01-07,1.22760000,0
2021-01-08,1.22500000,0
2021-01-11,1.21630000,0
2021-01-12,1.21610000,0
2021-01-13,1.21660000,0
2021-01-14,1.21240000,0
2021-01-15,1.21230000,0
2021-01-18,1.20640000,0
2021-01-19,1.21320000,0
2021-01-20,1.21010000,0
2021-01-21,1.21580000,0
2021-01-22,1.21580000,0
2021-01-25,1.21520000,0
2021-01-26,1.21430000,0
2021-01-27,1.21140000,0
2021-01-28,1.20910000,0
2021-01-29,1.21360000,0
2021-02-01,1.20840000,0
2021-02-02,1.20440000,0
2021-02-03,1.20170000,0
2021-02-04,1.19960000,0
2021-02-05,1.19830000,0
2021-02-08,1.20250000,0
2021-02-09,1.21040000,0
2021-02-10,1.21270000,0
2021-02-11,1.21470000,0
2021-02-12,1.21080000,0
2021-02-15,1.21290000,0
2021-02-16,1.21430000,0
2021-02-17,1.20600000,0
2021-02-18,1.20840000,0
2021-02-19,1.21390000,0
2021-02-22,1.21330000,0
2021-02-23,1.21430000,0
2021-02-24,1.21460000,0
2021-02-25,1.22250000,0
2021-02-26,1.21210000,0
2021-03-01,1.20530000,0
2021-03-02,1.20280000,0
2021-03-03,1.20480000,0
2021-03-04,1.20340000,0
2021-03-05,1.19380000,0
2021-03-08,1.18660000,0
2021-03-09,1.18940000,0
2021-03-10,1.18920000,0
2021-03-11,1.19690000,0
2021-03-12,1.19330000,0
2021-03-15,1.19200000,0
2021-03-16,1.19260000,0
2021-03-17,1.19070000,0
2021-03-18,1.19120000,0
2021-03-19,1.18910000,0
2021-03-22,1.19260000,0
2021-03-23,1.18830000,0
2021-03-24,1.18250000,0
2021-03-25,1.18020000,0
2021-03-26,1.17820000,0
2021-03-29,1.17840000,0
2021-03-30,1.17410000,0
2021-03-31,1.17250000,0
2021-04-01,1.17460000,0
2021-04-06,1.18120000,0
2021-04-07,1.18840000,0
2021-04-08,1.18730000,0
2021-04-09,1.18880000,0
2021-04-12,1.19040000,0
2021-04-13,1.18960000,0
2021-04-14,1.19640000,0
2021-04-15,1.19700000,0
2021-04-16,1.19860000,0
2021-04-19,1.20350000,0
2021-04-20,1.20510000,0
2021-04-21,1.20070000,0
2021-04-22,1.20460000,0
2021-04-23,1.20660000,0
2021-04-26,1.20850000,0
2021-04-27,1.20880000,0
2021-04-28,1.20700000,0
2021-04-29,1.21290000,0
2021-04-30,1.20820000,0
2021-05-03,1.20440000,0
2021-05-04,1.20210000,0
2021-05-05,1.20050000,0
2021-05-06,1.20600000,0
2021-05-07,1.20590000,0
2021-05-10,1.21690000,0
2021-05-11,1.21700000,0
2021-05-12,1.21180000,0
2021-05-13,1.20810000,0
2021-05-14,1.21230000,0
2021-05-17,1.21430000,0
2021-05-18,1.22220000,0
2021-05-19,1.22120000,0
2021-05-20,1.22030000,0
2021-05-21,1.21880000,0
2021-05-24,1.22120000,0
2021-05-25,1.22640000,0
2021-05-26,1.22290000,0
2021-05-27,1.21980000,0
2021-05-28,1.21420000,0
2021-05-31,1.22010000,0
2021-06-01,1.22250000,0
2021-06-02,1.21860000,0
2021-06-03,1.21870000,0
2021-06-04,1.21170000,0
2021-06-07,1.21620000,0
2021-06-08,1.21820000,0
2021-06-09,1.21950000,0
2021-06-10,1.21740000,0
2021-06-11,1.21250000,0
2021-06-14,1.21120000,0
2021-06-15,1.21080000,0
2021-06-16,1.21240000,0
2021-06-17,1.19370000,0
2021-06-18,1.18980000,0
2021-06-21,1.18910000,0
2021-06-22,1.18940000,0
2021-06-23,1.19510000,0
2021-06-24,1.19360000,0
2021-06-25,1.19500000,0
2021-06-28,1.19100000,0
2021-06-29,1.18880000,0
2021-06-30,1.18840000,0
2021-07-01,1.18840000,0
2021-07-02,1.18230000,0
2021-07-05,1.18660000,0
2021-07-06,1.18380000,0
2021-07-07,1.18310000,0
2021-07-08,1.18380000,0
2021-07-09,1.18580000,0
2021-07-12,1.18520000,0
2021-07-13,1.18440000,0
2021-07-14,1.18120000,0
2021-07-15,1.18090000,0
2021-07-16,1.18020000,0
2021-07-19,1.17660000,0
2021-07-20,1.17750000,0
2021-07-21,1.17720000,0
2021-07-22,1.17750000,0
2021-07-23,1.17670000,0
2021-07-26,1.17870000,0
2021-07-27,1.18100000,0
2021-07-28,1.18070000,0
2021-07-29,1.18730000,0
2021-07-30,1.18910000,0
2021-08-02,1.18860000,0
2021-08-03,1.18850000,0
2021-08-04,1.18610000,0
2021-08-05,1.18500000,0
2021-08-06,1.18070000,0
2021-08-09,1.17610000,0
2021-08-10,1.17220000,0
2021-08-11,1.17180000,0
2021-08-12,1.17390000,0
2021-08-13,1.17650000,0
2021-08-16,1.17720000,0
2021-08-17,1.17670000,0
2021-08-18,1.17230000,0
2021-08-19,1.16960000,0
2021-08-20,1.16710000,0
2021-08-23,1.17180000,0
2021-08-24,1.17400000,0
2021-08-25,1.17360000,0
2021-08-26,1.17670000,0
2021-08-27,1.17610000,0
2021-08-30,1.18010000,0
2021-08-31,1.18340000,0
2021-09-01,1.18170000,0
2021-09-02,1.18460000,0
2021-09-03,1.18720000,0
2021-09-06,1.18640000,0
2021-09-07,1.18600000,0
2021-09-08,1.18270000,0
2021-09-09,1.18380000,0
2021-09-10,1.18410000,0
2021-09-13,1.17800000,0
2021-09-14,1.18140000,0
2021-09-15,1.18240000,0
2021-09-16,1.17630000,0
2021-09-17,1.17800000,0
2021-09-20,1.17110000,0
2021-09-21,1.17380000,0
2021-09-22,1.17290000,0
2021-09-23,1.17150000,0
2021-09-24,1.17190000,0
2021-09-27,1.16980000,0
2021-09-28,1.16780000,0
2021-09-29,1.16540000,0
2021-09-30,1.15790000,0
2021-10-01,1.16000000,0
2021-10-04,1.16360000,0
2021-10-05,1.16020000,0
2021-10-06,1.15420000,0
2021-10-07,1.15620000,0
2021-10-08,1.15690000,0
2021-10-11,1.15740000,0
2021-10-12,1.15550000,0
2021-10-13,1.15620000,0
2021-10-14,1.16020000,0
2021-10-15,1.16020000,0
2021-10-18,1.16040000,0
2021-10-19,1.16550000,0
2021-10-20,1.16230000,0
2021-10-21,1.16370000,0
2021-10-22,1.16300000,0
2021-10-25,1.16030000,0
2021-10-26,1.16180000,0
2021-10-27,1.16170000,0
2021-10-28,1.15930000,0
2021-10-29,1.16450000,0
2021-11-01,1.15780000,0
2021-11-02,1.16030000,0
2021-11-03,1.15780000,0
2021-11-04,1.15690000,0
2021-11-05,1.15190000,0
2021-11-08,1.15790000,0
2021-11-09,1.15770000,0
2021-11-10,1.15580000,0
2021-11-11,1.14600000,0
2021-11-12,1.14480000,0
2021-11-15,1.14440000,0
2021-11-16,1.13680000,0
2021-11-17,1.13160000,0
2021-11-18,1.13450000,0
2021-11-19,1.12710000,0
2021-11-22,1.12780000,0
2021-11-23,1.12590000,0
2021-11-24,1.12060000,0
2021-11-25,1.12230000,0
2021-11-26,1.12910000,0
2021-11-29,1.12760000,0
2021-11-30,1.13630000,0
2021-12-01,1.13140000,0
2021-12-02,1.13390000,0
2021-12-03,1.12910000,0
2021-12-06,1.12870000,0
2021-12-07,1.12560000,0
2021-12-08,1.12990000,0
2021-12-09,1.13110000,0
2021-12-10,1.12730000,0
2021-12-13,1.12780000,0
2021-12-14,1.13090000,0
2021-12-15,1.12620000,0
2021-12-16,1.13360000,0
2021-12-17,1.13300000,0
2021-12-20,1.12730000,0
2021-12-21,1.12950000,0
2021-12-22,1.13010000,0
2021-12-23,1.13100000,0
2021-12-24,1.13170000,0
2021-12-27,1.13120000,0
2021-12-28,1.13310000,0
2021-12-29,1.13030000,0
2021-12-30,1.13340000,0
2021-12-31,1.13260000,0
2022-01-03,1.13550000,0
2022-01-04,1.12790000,0
2022-01-05,1.13190000,0
2022-01-06,1.13150000,0
2022-01-07,1.12980000,0
2022-01-10,1.13180000,0
2022-01-11,1.13360000,0
2022-01-12,1.13700000,0
2022-01-13,1.14630000,0
2022-01-14,1.14470000,0
2022-01-17,1.14030000,0
2022-01-18,1.13670000,0
2022-01-19,1.13450000,0
2022-01-20,1.13380000,0
2022-01-21,1.13480000,0
2022-01-24,1.13040000,0
2022-01-25,1.12680000,0
2022-01-26,1.12770000,0
2022-01-27,1.11600000,0
2022-01-28,1.11380000,0
2022-01-31,1.11560000,0
2022-02-01,1.12600000,0
2022-02-02,1.13230000,0
2022-02-03,1.12860000,0
2022-02-04,1.14640000,0
2022-02-07,1.14470000,0
2022-02-08,1.14080000,0
2022-02-09,1.14350000,0
2022-02-10,1.14390000,0
2022-02-11,1.14170000,0
2022-02-14,1.13160000,0
2022-02-15,1.13450000,0
2022-02-16,1.13720000,0
2022-02-17,1.13700000,0
2022-02-18,1.13540000,0
2022-02-21,1.13380000,0
2022-02-22,1.13420000,0
2022-02-23,1.13440000,0
2022-02-24,1.11630000,0
2022-02-25,1.12160000,0
2022-02-28,1.11990000,0
2022-03-01,1.11620000,0
2022-03-02,1.11060000,0
2022-03-03,1.10760000,0
2022-03-04,1.09290000,0
2022-03-07,1.08950000,0
2022-03-08,1.08920000,0
2022-03-09,1.09930000,0
2022-03-10,1.10840000,0
2022-03-11,1.09900000,0
2022-03-14,1.09600000,0
2022-03-15,1.09910000,0
2022-03-16,1.09940000,0
2022-03-17,1.10510000,0
2022-03-18,1.10080000,0
2022-03-21,1.10380000,0
2022-03-22,1.10240000,0
2022-03-23,1.09850000,0
2022-03-24,1.09780000,0
2022-03-25,1.10020000,0
2022-03-28,1.09660000,0
2022-03-29,1.10850000,0
2022-03-30,1.11260000,0
2022-03-31,1.11010000,0
2022-04-01,1.10520000,0
2022-04-04,1.10050000,0
2022-04-05,1.09690000,0
2022-04-06,1.09230000,0
2022-04-07,1.09160000,0
2022-04-08,1.08610000,0
2022-04-11,1.09000000,0
2022-04-12,1.08610000,0
2022-04-13,1.08260000,0
2022-04-14,1.08780000,0
2022-04-19,1.08030000,0
2022-04-20,1.08300000,0
2022-04-21,1.08870000,0
2022-04-22,1.08170000,0
2022-04-25,1.07460000,0
2022-04-26,1.06740000,0
2022-04-27,1.05830000,0
2022-04-28,1.04850000,0
2022-04-29,1.05400000,0
2022-05-02,1.05240000,0
2022-05-03,1.05560000,0
2022-05-04,1.05310000,0
2022-05-05,1.05680000,0
2022-05-06,1.05700000,0
2022-05-09,1.05590000,0
2022-05-10,1.05540000,0
2022-05-11,1.05530000,0
2022-05-12,1.04080000,0
2022-05-13,1.03850000,0
2022-05-16,1.04220000,0
2022-05-17,1.05410000,0
2022-05-18,1.05230000,0
2022-05-19,1.05250000,0
2022-05-20,1.05770000,0
2022-05-23,1.06590000,0
2022-05-24,1.07200000,0
2022-05-25,1.06560000,0
2022-05-26,1.06970000,0
2022-05-27,1.07220000,0
2022-05-30,1.07640000,0
2022-05-31,1.07130000,0
2022-06-01,1.07120000,0
2022-06-02,1.06920000,0
2022-06-03,1.07300000,0
2022-06-06,1.07260000,0
2022-06-07,1.06620000,0
2022-06-08,1.07390000,0
2022-06-09,1.07430000,0
2022-06-10,1.05780000,0
2022-06-13,1.04550000,0
2022-06-14,1.04520000,0
2022-06-15,1.04310000,0
2022-06-16,1.04000000,0
2022-06-17,1.04860000,0
2022-06-20,1.05170000,0
2022-06-21,1.05500000,0
2022-06-22,1.05210000,0
2022-06-23,1.04930000,0
2022-06-24,1.05240000,0
2022-06-27,1.05720000,0
2022-06-28,1.05610000,0
2022-06-29,1.05170000,0
2022-06-30,1.03870000,0
2022-07-01,1.04250000,0
2022-07-04,1.04550000,0
2022-07-05,1.02900000,0
2022-07-06,1.01770000,0
2022-07-07,1.01800000,0
2022-07-08,1.01630000,0
2022-07-11,1.00980000,0
2022-07-12,1.00420000,0
2022-07-13,1.00670000,0
2022-07-14,1.00050000,0
2022-07-15,1.00590000,0
2022-07-18,1.01310000,0
2022-07-19,1.02450000,0
2022-07-20,1.01990000,0
2022-07-21,1.01990000,0
2022-07-22,1.01900000,0
2022-07-25,1.02360000,0
2022-07-26,1.01240000,0
2022-07-27,1.01520000,0
2022-07-28,1.01220000,0
2022-07-29,1.01980000,0
2022-08-01,1.02330000,0
2022-08-02,1.02240000,0
2022-08-03,1.01940000,0
2022-08-04,1.01810000,0
2022-08-05,1.02330000,0
2022-08-08,1.01990000,0
2022-08-09,1.02340000,0
2022-08-10,1.02520000,0
2022-08-11,1.03380000,0
2022-08-12,1.02850000,0
2022-08-15,1.01950000,0
2022-08-16,1.01310000,0
2022-08-17,1.01640000,0
2022-08-18,1.01780000,0
2022-08-19,1.00540000,0
2022-08-22,1.00010000,0
2022-08-23,0.99270000,0
2022-08-24,0.99340000,0
2022-08-25,0.99700000,0
2022-08-26,1.00070000,0
2022-08-29,0.99860000,0
2022-08-30,1.00340000,0
2022-08-31,1.00000000,0
2022-09-01,1.00040000,0
2022-09-02,0.99930000,0
2022-09-05,0.99200000,0
2022-09-06,0.99280000,0
2022-09-07,0.98850000,0
2022-09-08,1.00090000,0
2022-09-09,1.00490000,0
2022-09-12,1.01550000,0
2022-09-13,1.01750000,0
2022-09-14,0.99900000,0
2022-09-15,0.99920000,0
2022-09-16,0.99540000,0
2022-09-19,0.99900000,0
2022-09-20,0.99860000,0
2022-09-21,0.99060000,0
2022-09-22,0.98840000,0
2022-09-23,0.97540000,0
2022-09-26,0.96460000,0
2022-09-27,0.96440000,0
2022-09-28,0.95650000,0
2022-09-29,0.97060000,0
2022-09-30,0.97480000,0
2022-10-03,0.97640000,0
2022-10-04,0.98910000,0
2022-10-05,0.99150000,0
2022-10-06,0.98600000,0
2022-10-07,0.97970000,0
2022-10-10,0.96970000,0
2022-10-11,0.97230000,0
2022-10-12,0.97060000,0
2022-10-13,0.97390000,0
2022-10-14,0.97170000,0
2022-10-17,0.97390000,0
2022-10-18,0.98350000,0
2022-10-19,0.97780000,0
2022-10-20,0.98110000,0
2022-10-21,0.97300000,0
2022-10-24,0.98510000,0
2022-10-25,0.98610000,0
2022-10-26,1.00230000,0
2022-10-27,1.00370000,0
2022-10-28,0.99510000,0
2022-10-31,0.99140000,0
2022-11-01,0.99470000,0
2022-11-02,0.99080000,0
2022-11-03,0.97530000,0
2022-11-04,0.98720000,0
2022-11-07,0.99930000,0
2022-11-08,0.99960000,0
2022-11-09,1.00390000,0
2022-11-10,0.99540000,0
2022-11-11,1.03080000,0
2022-11-14,1.03190000,0
2022-11-15,1.04040000,0
2022-11-16,1.04120000,0
2022-11-17,1.03190000,0
2022-11-18,1.03660000,0
2022-11-21,1.02460000,0
2022-11-22,1.02740000,0
2022-11-23,1.03250000,0
2022-11-24,1.04130000,0
2022-11-25,1.03750000,0
2022-11-28,1.04630000,0
2022-11-29,1.03660000,0
2022-11-30,1.03760000,0
2022-12-01,1.04540000,0
2022-12-02,1.05380000,0
2022-12-05,1.05870000,0
2022-12-06,1.05160000,0
2022-12-07,1.05290000,0
2022-12-08,1.05190000,0
2022-12-09,1.05590000,0
2022-12-12,1.05620000,0
2022-12-13,1.05450000,0
2022-12-14,1.06490000,0
2022-12-15,1.06210000,0
2022-12-16,1.06190000,0
2022-12-19,1.05980000,0
2022-12-20,1.05990000,0
2022-12-21,1.06360000,0
2022-12-22,1.06330000,0
2022-12-23,1.06220000,0
2022-12-27,1.06240000,0
2022-12-28,1.06400000,0
2022-12-29,1.06490000,0
2022-12-30,1.06660000,0
2023-01-02,1.06830000,0
2023-01-03,1.05450000,0
2023-01-04,1.05990000,0
2023-01-05,1.06010000,0
2023-01-06,1.05000000,0
2023-01-09,1.06960000,0
2023-01-10,1.07230000,0
2023-01-11,1.07470000,0
2023-01-12,1.07720000,0
2023-01-13,1.08140000,0
2023-01-16,1.08120000,0
2023-01-17,1.08430000,0
2023-01-18,1.08390000,0
2023-01-19,1.08150000,0
2023-01-20,1.08260000,0
2023-01-23,1.08710000,0
2023-01-24,1.08580000,0
2023-01-25,1.08780000,0
2023-01-26,1.08950000,0
2023-01-27,1.08650000,0
2023-01-30,1.09030000,0
2023-01-31,1.08330000,0
2023-02-01,1.08940000,0
2023-02-02,1.09880000,0
2023-02-03,1.09370000,0
2023-02-06,1.07760000,0
2023-02-07,1.07000000,0
2023-02-08,1.07350000,0
2023-02-09,1.07710000,0
2023-02-10,1.06900000,0
2023-02-13,1.06860000,0
2023-02-14,1.07590000,0
2023-02-15,1.07000000,0
2023-02-16,1.07000000,0
2023-02-17,1.06250000,0
2023-02-20,1.06740000,0
2023-02-21,1.06640000,0
2023-02-22,1.06440000,0
2023-02-23,1.06160000,0
2023-02-24,1.05700000,0
2023-02-27,1.05540000,0
2023-02-28,1.06190000,0
2023-03-01,1.06840000,0
2023-03-02,1.06050000,0
2023-03-03,1.06150000,0
2023-03-06,1.06460000,0
2023-03-07,1.06650000,0
2023-03-08,1.05450000,0
2023-03-09,1.05540000,0
2023-03-10,1.05860000,0
2023-03-13,1.07060000,0
2023-03-14,1.07370000,0
2023-03-15,1.05490000,0
2023-03-16,1.05950000,0
2023-03-17,1.06230000,0
2023-03-20,1.07170000,0
2023-03-21,1.07760000,0
2023-03-22,1.07850000,0
2023-03-23,1.08790000,0
2023-03-24,1.07450000,0
2023-03-27,1.07730000,0
2023-03-28,1.08410000,0
2023-03-29,1.08470000,0
2023-03-30,1.08860000,0
2023-03-31,1.08750000,0
2023-04-03,1.08700000,0
2023-04-04,1.09010000,0
2023-04-05,1.09400000,0
2023-04-06,1.09150000,0
2023-04-11,1.09050000,0
2023-04-12,1.09220000,0
2023-04-13,1.10150000,0
2023-04-14,1.10570000,0
2023-04-17,1.09810000,0
2023-04-18,1.09720000,0
2023-04-19,1.09330000,0
2023-04-20,1.09440000,0
2023-04-21,1.09780000,0
2023-04-24,1.10020000,0
2023-04-25,1.10220000,0
2023-04-26,1.10390000,0
2023-04-27,1.10420000,0
2023-04-28,1.09810000,0
2023-05-02,1.09650000,0
2023-05-03,1.10430000,0
2023-05-04,1.10740000,0
2023-05-05,1.10140000,0
2023-05-08,1.10370000,0
2023-05-09,1.09590000,0
2023-05-10,1.09500000,0
2023-05-11,1.09300000,0
2023-05-12,1.08920000,0
2023-05-15,1.08760000,0
2023-05-16,1.08810000,0
2023-05-17,1.08290000,0
2023-05-18,1.08130000,0
2023-05-19,1.08080000,0
2023-05-22,1.08220000,0
2023-05-23,1.07790000,0
2023-05-24,1.07850000,0
2023-05-25,1.07350000,0
2023-05-26,1.07510000,0
2023-05-29,1.07150000,0
2023-05-30,1.07440000,0
2023-05-31,1.06830000,0
2023-06-01,1.06970000,0
2023-06-02,1.07630000,0
2023-06-05,1.06900000,0
2023-06-06,1.06830000,0
2023-06-07,1.07170000,0
2023-06-08,1.07370000,0
2023-06-09,1.07800000,0
2023-06-12,1.07650000,0
2023-06-13,1.07930000,0
2023-06-14,1.08090000,0
2023-06-15,1.08190000,0
2023-06-16,1.09660000,0
2023-06-19,1.09220000,0
2023-06-20,1.09330000,0
2023-06-21,1.09230000,0
2023-06-22,1.09850000,0
2023-06-23,1.08840000,0
2023-06-26,1.09180000,0
2023-06-27,1.09510000,0
2023-06-28,1.09380000,0
2023-06-29,1.09380000,0
2023-06-30,1.08660000,0
2023-07-03,1.08990000,0
2023-07-04,1.08950000,0
2023-07-05,1.08790000,0
2023-07-06,1.08990000,0
2023-07-07,1.08880000,0
2023-07-10,1.09560000,0
2023-07-11,1.09890000,0
2023-07-12,1.10220000,0
2023-07-13,1.11820000,0
2023-07-14,1.12210000,0
2023-07-17,1.12300000,0
2023-07-18,1.12550000,0
2023-07-19,1.12220000,0
2023-07-20,1.11970000,0
2023-07-21,1.11230000,0
2023-07-24,1.10960000,0
2023-07-25,1.10510000,0
2023-07-26,1.10590000,0
2023-07-27,1.11250000,0
2023-07-28,1.10100000,0
2023-07-31,1.10230000,0
2023-08-01,1.09700000,0
2023-08-02,1.09850000,0
2023-08-03,1.09320000,0
2023-08-04,1.09460000,0
2023-08-07,1.09840000,0
2023-08-08,1.09440000,0
2023-08-09,1.09680000,0
2023-08-10,1.10190000,0
2023-08-11,1.10040000,0
2023-08-14,1.09300000,0
2023-08-15,1.09260000,0
2023-08-16,1.09160000,0
2023-08-17,1.09000000,0
2023-08-18,1.08670000,0
2023-08-21,1.09080000,0
2023-08-22,1.08870000,0
2023-08-23,1.08050000,0
2023-08-24,1.08400000,0
2023-08-25,1.08080000,0
2023-08-28,1.08080000,0
2023-08-29,1.08030000,0
2023-08-30,1.08860000,0
2023-08-31,1.08680000,0
2023-09-01,1.08440000,0
2023-09-04,1.08010000,0
2023-09-05,1.07310000,0
2023-09-06,1.07450000,0
2023-09-07,1.07100000,0
2023-09-08,1.07040000,0
2023-09-11,1.07240000,0
2023-09-12,1.07130000,0
2023-09-13,1.07330000,0
2023-09-14,1.07300000,0
2023-09-15,1.06580000,0
2023-09-18,1.06630000,0
2023-09-19,1.07130000,0
2023-09-20,1.07020000,0
2023-09-21,1.06350000,0
2023-09-22,1.06470000,0
2023-09-25,1.06330000,0
2023-09-26,1.06050000,0
2023-09-27,1.05360000,0
2023-09-28,1.05390000,0
2023-09-29,1.05940000,0
2023-10-02,1.05300000,0
2023-10-03,1.04690000,0
2023-10-04,1.04970000,0
2023-10-05,1.05260000,0
2023-10-06,1.05630000,0
2023-10-09,1.05310000,0
2023-10-10,1.05820000,0
2023-10-11,1.06040000,0
2023-10-12,1.06190000,0
2023-10-13,1.05240000,0
2023-10-16,1.05380000,0
2023-10-17,1.05690000,0
2023-10-18,1.05650000,0
2023-10-19,1.05580000,0
2023-10-20,1.05910000,0
2023-10-23,1.05970000,0
2023-10-24,1.06320000,0
2023-10-25,1.05760000,0
2023-10-26,1.05400000,0
2023-10-27,1.05410000,0
2023-10-30,1.06050000,0
2023-10-31,1.06190000,0
2023-11-01,1.05370000,0
2023-11-02,1.06610000,0
2023-11-03,1.07020000,0
2023-11-06,1.07410000,0
2023-11-07,1.06860000,0
2023-11-08,1.06710000,0
2023-11-09,1.06910000,0
2023-11-10,1.06830000,0
2023-11-13,1.06700000,0
2023-11-14,1.07240000,0
2023-11-15,1.08680000,0
2023-11-16,1.08490000,0
2023-11-17,1.08720000,0
2023-11-20,1.09280000,0
2023-11-21,1.09550000,0
2023-11-22,1.09110000,0
2023-11-23,1.09000000,0
2023-11-24,1.09160000,0
2023-11-27,1.09510000,0
2023-11-28,1.09490000,0
2023-11-29,1.09850000,0
2023-11-30,1.09310000,0
2023-12-01,1.08750000,0
2023-12-04,1.08680000,0
2023-12-05,1.08170000,0
2023-12-06,1.07780000,0
2023-12-07,1.07710000,0
2023-12-08,1.07770000,0
2023-12-11,1.07570000,0
2023-12-12,1.08040000,0
2023-12-13,1.07870000,0
2023-12-14,1.09190000,0
2023-12-15,1.09460000,0
2023-12-18,1.09180000,0
2023-12-19,1.09620000,0
2023-12-20,1.09440000,0
2023-12-21,1.09830000,0
2023-12-22,1.10230000,0
2023-12-27,1.10650000,0
2023-12-28,1.11140000,0
2023-12-29,1.10500000,0
2024-01-02,1.09560000,0
2024-01-03,1.09190000,0
2024-01-04,1.09530000,0
2024-01-05,1.09210000,0
2024-01-08,1.09460000,0
2024-01-09,1.09400000,0
2024-01-10,1.09460000,0
2024-01-11,1.09870000,0
2024-01-12,1.09420000,0
2024-01-15,1.09450000,0
2024-01-16,1.08820000,0
2024-01-17,1.08770000,0
2024-01-18,1.08750000,0
2024-01-19,1.08870000,0
2024-01-22,1.08900000,0
2024-01-23,1.08720000,0
2024-01-24,1.09050000,0
2024-01-25,1.08930000,0
2024-01-26,1.08710000,0
2024-01-29,1.08230000,0
2024-01-30,1.08460000,0
2024-01-31,1.08370000,0
2024-02-01,1.08140000,0
2024-02-02,1.08830000,0
2024-02-05,1.07460000,0
2024-02-06,1.07430000,0
2024-02-07,1.07760000,0
2024-02-08,1.07580000,0
2024-02-09,1.07720000,0
2024-02-12,1.07730000,0
2024-02-13,1.07930000,0
2024-02-14,1.07130000,0
2024-02-15,1.07430000,0
2024-02-16,1.07680000,0
2024-02-19,1.07760000,0
2024-02-20,1.08020000,0
2024-02-21,1.08090000,0
2024-02-22,1.08440000,0
2024-02-23,1.08340000,0
2024-02-26,1.08520000,0
2024-02-27,1.08560000,0
2024-02-28,1.08080000,0
2024-02-29,1.08260000,0
2024-03-01,1.08130000,0
2024-03-04,1.08460000,0
2024-03-05,1.08490000,0
2024-03-06,1.08740000,0
2024-03-07,1.08950000,0
2024-03-08,1.09320000,0
2024-03-11,1.09260000,0
2024-03-12,1.09160000,0
2024-03-13,1.09390000,0
2024-03-14,1.09250000,0
2024-03-15,1.08920000,0
2024-03-18,1.08920000,0
2024-03-19,1.08540000,0
2024-03-20,1.08440000,0
2024-03-21,1.09070000,0
2024-03-22,1.08230000,0
2024-03-25,1.08350000,0
2024-03-26,1.08550000,0
2024-03-27,1.08160000,0
2024-03-28,1.08110000,0
2024-04-02,1.07490000,0
2024-04-03,1.07830000,0
2024-04-04,1.08520000,0
2024-04-05,1.08410000,0
2024-04-08,1.08230000,0
2024-04-09,1.08670000,0
2024-04-10,1.08600000,0
2024-04-11,1.07290000,0
2024-04-12,1.06520000,0
2024-04-15,1.06560000,0
2024-04-16,1.06370000,0
2024-04-17,1.06380000,0
2024-04-18,1.06790000,0
2024-04-19,1.06530000,0
2024-04-22,1.06320000,0
2024-04-23,1.06740000,0
2024-04-24,1.06860000,0
2024-04-25,1.07200000,0
2024-04-26,1.07140000,0
2024-04-29,1.07200000,0
2024-04-30,1.07180000,0
2024-05-02,1.06980000,0
2024-05-03,1.07440000,0
2024-05-06,1.07760000,0
2024-05-07,1.07660000,0
2024-05-08,1.07430000,0
2024-05-09,1.07320000,0
2024-05-10,1.07790000,0
2024-05-13,1.07950000,0
2024-05-14,1.07960000,0
2024-05-15,1.08320000,0
2024-05-16,1.08660000,0
2024-05-17,1.08440000,0
2024-05-20,1.08610000,0
2024-05-21,1.08640000,0
2024-05-22,1.08300000,0
2024-05-23,1.08540000,0
2024-05-24,1.08400000,0
2024-05-27,1.08430000,0
2024-05-28,1.08820000,0
2024-05-29,1.08570000,0
2024-05-30,1.08150000,0
2024-05-31,1.08520000,0
2024-06-03,1.08420000,0
2024-06-04,1.08650000,0
2024-06-05,1.08720000,0
2024-06-06,1.08650000,0
2024-06-07,1.08980000,0
2024-06-10,1.07560000,0
2024-06-11,1.07300000,0
2024-06-12,1.07650000,0
2024-06-13,1.07840000,0
2024-06-14,1.06860000,0
2024-06-17,1.07120000,0
2024-06-18,1.07150000,0
2024-06-19,1.07490000,0
2024-06-20,1.07190000,0
2024-06-21,1.06880000,0
2024-06-24,1.07300000,0
2024-06-25,1.07140000,0
2024-06-26,1.06890000,0
2024-06-27,1.06960000,0
2024-06-28,1.07050000,0
2024-07-01,1.07450000,0
2024-07-02,1.07290000,0
2024-07-03,1.07580000,0
2024-07-04,1.08000000,0
2024-07-05,1.08240000,0
2024-07-08,1.08350000,0
2024-07-09,1.08140000,0
2024-07-10,1.08250000,0
2024-07-11,1.08550000,0
2024-07-12,1.08900000,0
2024-07-15,1.09070000,0
2024-07-16,1.09020000,0
2024-07-17,1.09340000,0
2024-07-18,1.09300000,0
2024-07-19,1.08900000,0
2024-07-22,1.08880000,0
2024-07-23,1.08600000,0
2024-07-24,1.08480000,0
2024-07-25,1.08510000,0
2024-07-26,1.08600000,0
2024-07-29,1.08170000,0
2024-07-30,1.08240000,0
2024-07-31,1.08280000,0
2024-08-01,1.07890000,0
2024-08-02,1.08350000,0
2024-08-05,1.09660000,0
2024-08-06,1.09150000,0
2024-08-07,1.09220000,0
2024-08-08,1.09300000,0
2024-08-09,1.09170000,0
2024-08-12,1.09250000,0
2024-08-13,1.09310000,0
2024-08-14,1.10190000,0
2024-08-15,1.10110000,0
2024-08-16,1.09940000,0
2024-08-19,1.10410000,0
2024-08-20,1.10840000,0
2024-08-21,1.11160000,0
2024-08-22,1.11350000,0
2024-08-23,1.11210000,0
2024-08-26,1.11630000,0
2024-08-27,1.11620000,0
2024-08-28,1.11170000,0
2024-08-29,1.10880000,0
2024-08-30,1.10870000,0
2024-09-02,1.10610000,0
2024-09-03,1.10350000,0
2024-09-04,1.10500000,0
2024-09-05,1.10970000,0
2024-09-06,1.11030000,0
2024-09-09,1.10430000,0
2024-09-10,1.10310000,0
2024-09-11,1.10430000,0
2024-09-12,1.10160000,0
2024-09-13,1.10810000,0
2024-09-16,1.11260000,0
2024-09-17,1.11390000,0
2024-09-18,1.11240000,0
2024-09-19,1.11560000,0
2024-09-20,1.11660000,0
2024-09-23,1.11190000,0
2024-09-24,1.11330000,0
2024-09-25,1.11940000,0
2024-09-26,1.11550000,0
2024-09-27,1.11580000,0
2024-09-30,1.11960000,0
2024-10-01,1.10860000,0
2024-10-02,1.10710000,0
2024-10-03,1.10390000,0
2024-10-04,1.10290000,0
2024-10-07,1.09820000,0
2024-10-08,1.09820000,0
2024-10-09,1.09570000,0
2024-10-10,1.09320000,0
2024-10-11,1.09380000,0
2024-10-14,1.09150000,0
2024-10-15,1.09030000,0
2024-10-16,1.08970000,0
2024-10-17,1.08660000,0
2024-10-18,1.08470000,0
2024-10-21,1.08530000,0
2024-10-22,1.08210000,0
2024-10-23,1.07670000,0
2024-10-24,1.08010000,0
2024-10-25,1.08250000,0
2024-10-28,1.08180000,0
2024-10-29,1.07740000,0
2024-10-30,1.08150000,0
2024-10-31,1.08820000,0
2024-11-01,1.08850000,0
2024-11-04,1.09040000,0
2024-11-05,1.08970000,0
2024-11-06,1.06950000,0
2024-11-07,1.07850000,0
2024-11-08,1.07720000,0
2024-11-11,1.06510000,0
2024-11-12,1.06170000,0
2024-11-13,1.06290000,0
2024-11-14,1.05330000,0
2024-11-15,1.05830000,0
2024-11-18,1.05520000,0
2024-11-19,1.05780000,0
2024-11-20,1.05620000,0
2024-11-21,1.05260000,0
2024-11-22,1.04120000,0
2024-11-25,1.04950000,0
2024-11-26,1.05220000,0
2024-11-27,1.05310000,0
2024-11-28,1.05420000,0
2024-11-29,1.05620000,0
2024-12-02,1.05070000,0
2024-12-03,1.05120000,0
2024-12-04,1.04920000,0
2024-12-05,1.05400000,0
2024-12-06,1.05810000,0
2024-12-09,1.05680000,0
2024-12-10,1.05270000,0
2024-12-11,1.05070000,0
2024-12-12,1.04910000,0
2024-12-13,1.05180000,0
2024-12-16,1.04980000,0
2024-12-17,1.04970000,0
2024-12-18,1.04960000,0
2024-12-19,1.03950000,0
2024-12-20,1.03900000,0
2024-12-23,1.03930000,0
2024-12-24,1.03950000,0
2024-12-27,1.04350000,0
2024-12-30,1.04440000,0
2024-12-31,1.03890000,0
2025-01-02,1.03210000,0
2025-01-03,1.02990000,0
2025-01-06,1.04260000,0
2025-01-07,1.03930000,0
2025-01-08,1.02860000,0
2025-01-09,1.03050000,0
2025-01-10,1.03040000,0
2025-01-13,1.01980000,0
2025-01-14,1.02450000,0
2025-01-15,1.03000000,0
2025-01-16,1.02720000,0
2025-01-17,1.02980000,0
2025-01-20,1.03160000,0
2025-01-21,1.03570000,0
2025-01-22,1.04430000,0
2025-01-23,1.04040000,0
2025-01-24,1.04720000,0
2025-01-27,1.05300000,0
2025-01-28,1.04210000,0
2025-01-29,1.03960000,0
2025-01-30,1.04030000,0
2025-01-31,1.03930000,0
2025-02-03,1.02740000,0
2025-02-04,1.03350000,0
2025-02-05,1.04220000,0
2025-02-06,1.03600000,0
2025-02-07,1.03770000,0
2025-02-10,1.03200000,0
2025-02-11,1.03240000,0
2025-02-12,1.03700000,0
2025-02-13,1.03900000,0
2025-02-14,1.04780000,0
2025-02-17,1.04730000,0
2025-02-18,1.04470000,0
2025-02-19,1.04340000,0
2025-02-20,1.04430000,0
2025-02-21,1.04650000,0
2025-02-24,1.04660000,0
2025-02-25,1.04970000,0
2025-02-26,1.04870000,0
2025-02-27,1.04770000,0
2025-02-28,1.04110000,0
2025-03-03,1.04650000,0
2025-03-04,1.05570000,0
2025-03-05,1.06940000,0
2025-03-06,1.07960000,0
2025-03-07,1.08570000,0
2025-03-10,1.08450000,0
2025-03-11,1.09120000,0
2025-03-12,1.08860000,0
2025-03-13,1.08300000,0
2025-03-14,1.08890000,0
2025-03-17,1.09030000,0
2025-03-18,1.09180000,0
2025-03-19,1.08970000,0
2025-03-20,1.08330000,0
2025-03-21,1.08270000,0
2025-03-24,1.08240000,0
2025-03-25,1.08250000,0
2025-03-26,1.07880000,0
2025-03-27,1.07850000,0
2025-03-28,1.07970000,0
2025-03-31,1.08150000,0
2025-04-01,1.07880000,0
2025-04-02,1.08030000,0
2025-04-03,1.10970000,0
2025-04-04,1.10570000,0
2025-04-07,1.09670000,0
2025-04-08,1.09500000,0
2025-04-09,1.10450000,0
2025-04-10,1.10820000,0
2025-04-11,1.13460000,0
2025-04-14,1.13770000,0
2025-04-15,1.13240000,0
2025-04-16,1.13550000,0
2025-04-17,1.13600000,0
2025-04-22,1.14760000,0
2025-04-23,1.14150000,0
2025-04-24,1.13760000,0
2025-04-25,1.13570000,0
2025-04-28,1.13580000,0
2025-04-29,1.13730000,0
2025-04-30,1.13730000,0
2025-05-02,1.13430000,0
2025-05-05,1.13430000,0
2025-05-06,1.13250000,0
2025-05-07,1.13600000,0
2025-05-08,1.12970000,0
2025-05-09,1.12520000,0
2025-05-12,1.11060000,0
2025-05-13,1.11120000,0
2025-05-14,1.12140000,0
2025-05-15,1.11850000,0
2025-05-16,1.11940000,0
2025-05-19,1.12620000,0
2025-05-20,1.12410000,0
2025-05-21,1.13210000,0
2025-05-22,1.13090000,0
2025-05-23,1.13010000,0
2025-05-26,1.13810000,0
2025-05-27,1.13560000,0
2025-05-28,1.13170000,0
2025-05-29,1.12810000,0
2025-05-30,1.13390000,0
2025-06-02,1.14190000,0
2025-06-03,1.13860000,0
2025-06-04,1.13840000,0
2025-06-05,1.14230000,0
2025-06-06,1.14110000,0
2025-06-09,1.14100000,0
2025-06-10,1.14290000,0
2025-06-11,1.14330000,0
2025-06-12,1.15940000,0
2025-06-13,1.15120000,0
2025-06-16,1.15740000,0
2025-06-17,1.15680000,0
2025-06-18,1.15080000,0
2025-06-19,1.14780000,0
2025-06-20,1.15150000,0
2025-06-23,1.14720000,0
2025-06-24,1.16070000,0
2025-06-25,1.15980000,0
2025-06-26,1.16950000,0
2025-06-27,1.17040000,0
2025-06-30,1.17200000,0
2025-07-01,1.18100000,0
2025-07-02,1.17550000,0
2025-07-03,1.17820000,0
2025-07-04,1.17670000,0
2025-07-07,1.17280000,0
2025-07-08,1.17180000,0
2025-07-09,1.16980000,0
2025-07-10,1.17090000,0
2025-07-11,1.16830000,0
2025-07-14,1.16900000,0
2025-07-15,1.16650000,0
2025-07-16,1.16020000,0
2025-07-17,1.15790000,0
2025-07-18,1.16500000,0
2025-07-21,1.16670000,0
2025-07-22,1.16990000,0
2025-07-23,1.17260000,0
2025-07-24,1.17560000,0
2025-07-25,1.17240000,0
2025-07-28,1.16540000,0
2025-07-29,1.15330000,0
2025-07-30,1.15270000,0
2025-07-31,1.14460000,0
2025-08-01,1.14040000,0
2025-08-04,1.15650000,0
2025-08-05,1.15460000,0
2025-08-06,1.16040000,0
2025-08-07,1.16430000,0
2025-08-08,1.16480000,0
2025-08-11,1.16220000,0
2025-08-12,1.16060000,0
2025-08-13,1.17110000,0
2025-08-14,1.16900000,0
2025-08-15,1.16880000,0
2025-08-18,1.16730000,0
2025-08-19,1.16820000,0
2025-08-20,1.16510000,0
2025-08-21,1.16390000,0
2025-08-22,1.16080000,0
2025-08-25,1.16970000,0
2025-08-26,1.16560000,0
2025-08-27,1.15930000,0
2025-08-28,1.16760000,0
2025-08-29,1.16580000,0
2025-09-01,1.17150000,0
2025-09-02,1.16460000,0
2025-09-03,1.16530000,0
2025-09-04,1.16470000,0
2025-09-05,1.16970000,0
2025-09-08,1.17280000,0
2025-09-09,1.17440000,0
2025-09-10,1.17070000,0
2025-09-11,1.16850000,0
2025-09-12,1.17180000,0
2025-09-15,1.17660000,0
2025-09-16,1.18070000,0
2025-09-17,1.18370000,0
2025-09-18,1.18180000,0
2025-09-19,1.17360000,0
2025-09-22,1.17810000,0
2025-09-23,1.17930000,0
2025-09-24,1.17560000,0
2025-09-25,1.17390000,0
2025-09-26,1.16720000,0
2025-09-29,1.17230000,0
2025-09-30,1.17410000,0
2025-10-01,1.17240000,0
2025-10-02,1.17540000,0
2025-10-03,1.17340000,0
2025-10-06,1.16780000,0
2025-10-07,1.16660000,0
2025-10-08,1.16270000,0
2025-10-09,1.16110000,0
2025-10-10,1.15680000,0
2025-10-13,1.15690000,0
2025-10-14,1.15530000,0
2025-10-15,1.16220000,0
2025-10-16,1.16490000,0
2025-10-17,1.16810000,0
2025-10-20,1.16550000,0
2025-10-21,1.16070000,0
2025-10-22,1.15870000,0
2025-10-23,1.15930000,0
2025-10-24,1.16120000,0
2025-10-27,1.16400000,0
2025-10-28,1.16300000,0
2025-10-29,1.16360000,0
2025-10-30,1.15500000,0
2025-10-31,1.15540000,0
2025-11-03,1.15140000,0
2025-11-04,1.14910000,0
2025-11-05,1.14920000,0
2025-11-06,1.15330000,0
2025-11-07,1.15610000,0
2025-11-10,1.15710000,0
2025-11-11,1.15750000,0
2025-11-12,1.15760000,0
2025-11-13,1.16190000,0
2025-11-14,1.16480000,0
2025-11-17,1.15930000,0
2025-11-18,1.15900000,0
2025-11-19,1.15830000,0
2025-11-20,1.15140000,0
2025-11-21,1.15200000,0
2025-11-24,1.15440000,0
2025-11-25,1.15510000,0
2025-11-26,1.15770000,0
2025-11-27,1.15860000,0
2025-11-28,1.15660000,0
2025-12-01,1.16460000,0
2025-12-02,1.16140000,0
2025-12-03,1.16680000,0
2025-12-04,1.16660000,0
2025-12-05,1.16450000,0
2025-12-08,1.16550000,0
2025-12-09,1.16370000,0
2025-12-10,1.16340000,0
2025-12-11,1.17140000,0
2025-12-12,1.17310000,0
2025-12-15,1.17530000,0
2025-12-16,1.17760000,0
2025-12-17,1.17220000,0
2025-12-18,1.17190000,0
2025-12-19,1.17120000,0
2025-12-22,1.17450000,0
2025-12-23,1.17860000,0
2025-12-24,1.17870000,0
2025-12-29,1.17660000,0
2025-12-30,1.17570000,0
2025-12-31,1.17500000,0
2026-01-02,1.17210000,0
2026-01-05,1.16640000,0
2026-01-06,1.17070000,0
2026-01-07,1.16840000,0
2026-01-08,1.16750000,0
2026-01-09,1.16420000,0
2026-01-12,1.16920000,0
2026-01-13,1.16540000,0
2026-01-14,1.16510000,0
2026-01-15,1.16240000,0
2026-01-16,1.16170000,0
2026-01-19,1.16310000,0
2026-01-20,1.17280000,0
2026-01-21,1.17390000,0
2026-01-22,1.17060000,0
2026-01-23,1.17420000,0
2026-01-26,1.18360000,0
2026-01-27,1.19290000,0
2026-01-28,1.19740000,0
2026-01-29,1.19680000,0
2026-01-30,1.19190000,0
2026-02-02,1.18400000,0
2026-02-03,1.18010000,0
2026-02-04,1.18200000,0
2026-02-05,1.17980000,0
2026-02-06,1.17940000,0
2026-02-09,1.18860000,0
2026-02-10,1.18940000,0
2026-02-11,1.19000000,0
2026-02-12,1.18740000,0
2026-02-13,1.18620000,0
2026-02-16,1.18550000,0
2026-02-17,1.18260000,0
2026-02-18,1.18450000,0
2026-02-19,1.17530000,0
2026-02-20,1.17670000,0
2026-02-23,1.17840000,0
2026-02-24,1.17770000,0
2026-02-25,1.17840000,0
2026-02-26,1.18140000,0
2026-02-27,1.18050000,0
2026-03-02,1.16980000,0
2026-03-03,1.16060000,0
2026-03-04,1.16490000,0
2026-03-05,1.16180000,0
2026-03-06,1.15610000,0
2026-03-09,1.15550000,0
2026-03-10,1.16410000,0
2026-03-11,1.15810000,0
2026-03-12,1.15470000,0
2026-03-13,1.14760000,0
2026-03-16,1.14780000,0
2026-03-17,1.15310000,0
2026-03-18,1.15000000,0
2026-03-19,1.14890000,0
2026-03-20,1.15550000,0
2026-03-23,1.15960000,0
2026-03-24,1.15720000,0
2026-03-25,1.15920000,0
2026-03-26,1.15390000,0
2026-03-27,1.15170000,0
2026-03-30,1.14840000,0
2026-03-31,1.14980000,0
2026-04-01,1.16050000,0
2026-04-02,1.15250000,0
2026-04-07,1.15570000,0
2026-04-08,1.17060000,0
2026-04-09,1.16850000,0
2026-04-10,1.17110000,0
2026-04-13,1.16840000,0
2026-04-14,1.17930000,0
2026-04-15,1.17800000,0
2026-04-16,1.17820000,0
2026-04-17,1.17970000,0
2026-04-20,1.17600000,0
2026-04-21,1.17670000,0
2026-04-22,1.17330000,0
2026-04-23,1.16940000,0
2026-04-24,1.17120000,0
2026-04-27,1.17490000,0
2026-04-28,1.16800000,0
2026-04-29,1.17060000,0
2026-04-30,1.17020000,0
2026-05-04,1.17000000,0
2026-05-05,1.16860000,0
2026-05-06,1.17620000,0
2026-05-07,1.17700000,0
2026-05-08,1.17610000,0
2026-05-11,1.17650000,0
2026-05-12,1.17380000,0
2026-05-13,1.17150000,0
2026-05-14,1.17020000,0
2026-05-15,1.16280000,0
2026-05-18,1.16480000,0
2026-05-19,1.16200000,0
2026-05-20,1.16000000,0
2026-05-21,1.15990000,0
2026-05-22,1.15950000,0
2026-05-25,1.16430000,0
2026-05-26,1.16340000,0
2026-05-27,1.16370000,0
2026-05-28,1.16170000,0
2026-05-29,1.16440000,0
2026-06-01,1.16460000,0
2026-06-02,1.16490000,0
2026-06-03,1.16140000,0
2026-06-04,1.16400000,0
2026-06-05,1.16400000,0
2026-06-08,1.15400000,0
2026-06-09,1.15730000,0
2026-06-10,1.15390000,0
2026-06-11,1.15370000,0
2026-06-12,1.15670000,0
2026-06-15,1.16070000,0
2026-06-16,1.15940000,0
2026-06-17,1.15910000,0
2026-06-18,1.14610000,0
2026-06-19,1.14670000,0
2026-06-22,1.14560000,0
2026-06-23,1.13920000,0
2026-06-24,1.13400000,0
2026-06-25,1.13420000,0
2026-06-26,1.14010000,0
2026-06-29,1.14060000,0
2026-06-30,1.13940000,0
2026-07-01,1.13830000,0
2026-07-02,1.13990000,0
2026-07-03,1.14480000,0
2026-07-06,1.14150000,0
2026-07-07,1.14330000,0
2026-07-08,1.14040000,0
2026-07-09,1.14350000,0
2026-07-10,1.14300000,0
