timestamp,adj_close,close,volume
2002-07-30,40.42108154,81.76999664,41300
2002-07-31,40.79180908,82.51999664,32600
2002-08-01,40.95986557,82.86000061,71400
2002-08-02,41.27627945,83.50000000,120300
2002-08-05,41.48390198,83.91999817,159300
2002-08-06,41.14771271,83.23999786,90100
2002-08-07,41.27627945,83.50000000,38100
2002-08-08,41.13289261,83.20999908,142600
2002-08-09,41.43935776,83.83000183,99600
2002-08-12,41.52346039,84.00000000,38100
2002-08-13,41.85462570,84.66999817,109300
2002-08-14,41.73102951,84.41999817,146100
2002-08-15,41.48879623,83.93000031,60500
2002-08-16,41.21694946,83.37999725,55800
2002-08-19,41.25647354,83.45999908,41600
2002-08-20,41.63710785,84.23000336,56900
2002-08-21,41.53332520,84.01999664,37900
2002-08-22,41.31087875,83.56999969,43600
2002-08-23,41.49867630,83.94999695,26500
2002-08-26,41.51847076,83.98999786,27800
2002-08-27,41.39487839,83.73999786,38800
2002-08-28,41.54813385,84.05000305,40200
2002-08-29,41.74090958,84.44000244,101500
2002-08-30,41.81999588,84.59999847,28900
2002-09-03,42.27634048,85.23000336,110700
2002-09-04,42.26149368,85.19999695,77300
2002-09-05,42.43015289,85.54000092,57900
2002-09-06,42.10272980,84.87999725,32200
2002-09-09,42.04322052,84.76000214,88800
2002-09-10,42.19203186,85.05999756,21400
2002-09-11,42.03826904,84.75000000,77500
2002-09-12,42.25651932,85.19000244,39900
2002-09-13,42.45492172,85.58999634,125900
2002-09-16,42.46981430,85.62000275,108700
2002-09-17,42.60869598,85.90000153,30400
2002-09-18,42.65829086,86.00000000,76400
2002-09-19,42.87157059,86.43000031,61100
2002-09-20,42.85673141,86.40000153,128600
2002-09-23,43.09976578,86.88999939,293700
2002-09-24,43.25353622,87.19999695,158200
2002-09-25,42.92613602,86.54000092,88900
2002-09-26,42.89640045,86.48000336,256100
2002-09-27,43.17914963,87.05000305,199400
2002-09-30,43.43214417,87.55999756,97200
2002-10-01,43.05299759,86.54000092,150100
2002-10-02,43.19728470,86.83000183,43000
2002-10-03,43.17241287,86.77999878,37500
2002-10-04,43.21717834,86.87000275,61400
2002-10-07,43.38629913,87.20999908,80300
2002-10-08,43.30673981,87.05000305,134600
2002-10-09,43.52558899,87.48999786,94500
2002-10-10,43.27688217,86.98999786,120400
2002-10-11,42.96842575,86.37000275,133600
2002-10-14,42.93362808,86.30000305,51300
2002-10-15,42.21226501,84.84999847,167000
2002-10-16,42.21226501,84.84999847,124200
2002-10-17,41.98835373,84.40000153,205300
2002-10-18,42.11274719,84.65000153,98600
2002-10-21,41.78936386,84.00000000,572300
2002-10-22,41.76948929,83.95999908,197500
2002-10-23,41.85903931,84.13999939,64300
2002-10-24,42.05802536,84.54000092,41800
2002-10-25,42.24212646,84.91000366,566500
2002-10-28,42.29184723,85.01000214,22100
2002-10-29,42.67491150,85.77999878,118300
2002-10-30,42.66992950,85.76999664,53000
2002-10-31,42.88884735,86.20999908,71100
2002-11-01,42.63176727,85.40000153,63400
2002-11-04,42.49695587,85.12999725,85000
2002-11-05,42.38215637,84.90000153,426300
2002-11-06,42.52195358,85.18000031,135100
2002-11-07,42.93623352,86.01000214,68000
2002-11-08,43.04111481,86.22000122,27300
2002-11-11,43.15092850,86.44000244,52100
2002-11-12,43.01612091,86.16999817,48200
2002-11-13,43.06607437,86.26999664,330200
2002-11-14,42.52690125,85.19000244,71800
2002-11-15,42.55687332,85.25000000,40900
2002-11-18,42.59684372,85.33000183,35300
2002-11-19,42.63176727,85.40000153,11000
2002-11-20,42.39711761,84.93000031,251800
2002-11-21,42.15251160,84.44000244,95000
2002-11-22,42.10258484,84.33999634,144800
2002-11-25,42.03767395,84.20999908,49700
2002-11-26,42.41710663,84.97000122,103800
2002-11-27,41.93283463,84.00000000,324900
2002-11-29,41.99278641,84.12000275,15000
2002-12-02,41.97769547,83.56999969,78000
2002-12-03,41.97269821,83.55999756,38200
2002-12-04,42.11837006,83.84999847,135600
2002-12-05,42.23386765,84.08000183,194900
2002-12-06,42.40465927,84.41999817,194800
2002-12-09,42.56542587,84.73999786,143900
2002-12-10,42.53026199,84.66999817,154600
2002-12-11,42.67087555,84.94999695,287200
2002-12-12,42.70599747,85.01999664,69800
2002-12-13,42.55035400,84.70999908,32400
2002-12-16,42.37454605,84.36000061,37600
2002-12-17,42.47497940,84.55999756,73700
2002-12-18,42.73620224,85.08000183,106600
2002-12-19,42.95720673,85.51999664,187800
2002-12-20,42.95720673,85.51999664,79900
2002-12-23,42.93209839,85.47000122,109300
2002-12-24,43.09277725,85.79000092,37400
2002-12-26,43.15813828,85.91999817,85200
2002-12-27,43.41427994,86.43000031,149600
2002-12-30,43.49464798,86.58999634,60700
2002-12-31,43.48257828,86.15000153,194300
2003-01-02,42.79612732,84.79000092,106700
2003-01-03,42.86677170,84.93000031,518400
2003-01-06,42.76077652,84.72000122,214500
2003-01-07,42.89710617,84.98999786,101700
2003-01-08,42.99802017,85.19000244,162600
2003-01-09,42.47817612,84.16000366,98000
2003-01-10,42.52357864,84.25000000,235800
2003-01-13,42.59924316,84.40000153,219700
2003-01-14,42.70023346,84.59999847,204500
2003-01-15,42.79612732,84.79000092,239000
2003-01-16,42.78099442,84.76000214,205700
2003-01-17,42.95763779,85.11000061,60100
2003-01-21,43.10403061,85.40000153,82600
2003-01-22,43.28068161,85.75000000,120500
2003-01-23,43.18982697,85.56999969,78300
2003-01-24,43.27562714,85.73999786,209400
2003-01-27,43.14435959,85.48000336,413800
2003-01-28,43.14939499,85.48999786,1596500
2003-01-29,42.96269226,85.12000275,83200
2003-01-30,43.12925339,85.44999695,31700
2003-01-31,43.14939499,85.48999786,44000
2003-02-03,43.08258820,85.08000183,57400
2003-02-04,43.22436523,85.36000061,88700
2003-02-05,43.05725861,85.02999878,138100
2003-02-06,43.22436523,85.36000061,92500
2003-02-07,43.24465561,85.40000153,44200
2003-02-10,43.16361237,85.23999786,29100
2003-02-11,43.20409393,85.31999969,272100
2003-02-12,43.39146423,85.69000244,50300
2003-02-13,43.54847717,86.00000000,107100
2003-02-14,43.39656067,85.69999695,51300
2003-02-18,43.39656067,85.69999695,62600
2003-02-19,43.55859756,86.01999664,34600
2003-02-20,43.71051025,86.31999969,59400
2003-02-21,43.54847717,86.00000000,21500
2003-02-24,43.72066116,86.33999634,47000
2003-02-25,43.78144073,86.45999908,72800
2003-02-26,43.91305542,86.72000122,52900
2003-02-27,43.95357895,86.80000305,209300
2003-02-28,44.10041046,87.08999634,80700
2003-03-03,44.19184494,87.02999878,24800
2003-03-04,44.27811432,87.19999695,41100
2003-03-05,44.35940170,87.36000061,50500
2003-03-06,44.26794434,87.18000031,83600
2003-03-07,44.41526031,87.47000122,79800
2003-03-10,44.56250381,87.76000214,58500
2003-03-11,44.55232239,87.73999786,61200
2003-03-12,44.45075607,87.54000092,51600
2003-03-13,43.95825195,86.56999969,326900
2003-03-14,44.10041809,86.84999847,50800
2003-03-17,43.75512314,86.16999817,98700
2003-03-18,43.51644897,85.69999695,203900
2003-03-19,43.30826950,85.29000092,152800
2003-03-20,43.33869553,85.34999847,170600
2003-03-21,42.94268417,84.56999969,148800
2003-03-24,43.35908127,85.38999939,45800
2003-03-25,43.36416626,85.40000153,107500
2003-03-26,43.46568298,85.59999847,75400
2003-03-27,43.54693222,85.76000214,45800
2003-03-28,43.61800003,85.90000153,144700
2003-03-31,43.93284607,86.51999664,99300
2003-04-01,43.87631607,86.16000366,36500
2003-04-02,43.56568146,85.55000305,147400
2003-04-03,43.64205170,85.69999695,170400
2003-04-04,43.56568146,85.55000305,26400
2003-04-07,43.46378708,85.34999847,62300
2003-04-08,43.62680054,85.66999817,41500
2003-04-09,43.77446747,85.95999908,101000
2003-04-10,43.65735626,85.73000336,77900
2003-04-11,43.54536057,85.51000214,102800
2003-04-14,43.42308807,85.26999664,107700
2003-04-15,43.57587433,85.56999969,27600
2003-04-16,43.67260742,85.76000214,23700
2003-04-17,43.61660767,85.65000153,20600
2003-04-21,43.53515625,85.48999786,24300
2003-04-22,43.54536057,85.51000214,24200
2003-04-23,43.52494049,85.47000122,75600
2003-04-24,43.77959824,85.97000122,87400
2003-04-25,43.85085297,86.11000061,325600
2003-04-28,43.80499268,86.01999664,41300
2003-04-29,43.72862625,85.87000275,54900
2003-04-30,43.99343491,86.38999939,113200
2003-05-01,44.03025818,86.12000275,77200
2003-05-02,43.78997040,85.65000153,158900
2003-05-05,43.92800903,85.91999817,76900
2003-05-06,44.19896698,86.44999695,74900
2003-05-07,44.50573349,87.05000305,159400
2003-05-08,44.55174637,87.13999939,113200
2003-05-09,44.62333679,87.27999878,82800
2003-05-12,44.81252670,87.65000153,36300
2003-05-13,44.85339737,87.73000336,120300
2003-05-14,45.09879303,88.20999908,177500
2003-05-15,45.05280685,88.12000275,68500
2003-05-16,45.29306793,88.58999634,137800
2003-05-19,45.28289032,88.56999969,69000
2003-05-20,45.58452988,89.16000366,130900
2003-05-21,45.44135666,88.87999725,83500
2003-05-22,45.65609360,89.30000305,414300
2003-05-23,45.60495758,89.19999695,82200
2003-05-27,45.43626022,88.87000275,176200
2003-05-28,45.44644165,88.88999939,204400
2003-05-29,45.68677139,89.36000061,97800
2003-05-30,45.66119766,89.30999756,165000
2003-06-02,45.48379898,88.72000122,165700
2003-06-03,45.78628922,89.30999756,77000
2003-06-04,45.91957474,89.56999969,183600
2003-06-05,45.75553894,89.25000000,61500
2003-06-06,45.70424271,89.15000153,110900
2003-06-09,45.95548248,89.63999939,48800
2003-06-10,46.21181870,90.13999939,65600
2003-06-11,46.11441040,89.94999695,79600
2003-06-12,46.29384613,90.30000305,50100
2003-06-13,46.46302795,90.62999725,75200
2003-06-16,46.22205353,90.16000366,161200
2003-06-17,45.97085953,89.66999817,135200
2003-06-18,45.69400406,89.12999725,252300
2003-06-19,45.76065063,89.26000214,202600
2003-06-20,45.68886185,89.12000275,61300
2003-06-23,45.86317062,89.45999908,38100
2003-06-24,46.07851028,89.87999725,132200
2003-06-25,45.72990799,89.19999695,164700
2003-06-26,45.27874374,88.31999969,470200
2003-06-27,45.23773956,88.23999786,244200
2003-06-30,45.34536743,88.44999695,126500
2003-07-01,45.46572113,88.01999664,167200
2003-07-02,45.51225662,88.11000061,86900
2003-07-03,45.22295380,87.55000305,205300
2003-07-07,44.98019791,87.08000183,196100
2003-07-08,44.99570084,87.11000061,156700
2003-07-09,45.07834625,87.26999664,90600
2003-07-10,45.18168259,87.47000122,292800
2003-07-11,45.34174728,87.77999878,37900
2003-07-14,45.07834625,87.26999664,187400
2003-07-15,44.46367645,86.08000183,530600
2003-07-16,44.47916031,86.11000061,304400
2003-07-17,44.38618088,85.93000031,173800
2003-07-18,44.27255249,85.70999908,182600
2003-07-21,43.69404221,84.58999634,497800
2003-07-22,43.84898376,84.88999939,121500
2003-07-23,43.98329926,85.15000153,209400
2003-07-24,43.81281281,84.81999969,186300
2003-07-25,43.75597382,84.70999908,34700
2003-07-28,43.43572617,84.08999634,124100
2003-07-29,43.01217651,83.26999664,297800
2003-07-30,43.35828400,83.94000244,158600
2003-07-31,43.06900787,83.37999725,241800
2003-08-01,43.24456787,83.00000000,160400
2003-08-04,43.56239319,83.61000061,498600
2003-08-05,43.27060318,83.05000305,169300
2003-08-06,43.71350861,83.90000153,338000
2003-08-07,43.86979675,84.19999695,292400
2003-08-08,43.86462784,84.19000244,235900
2003-08-11,43.68227005,83.83999634,150300
2003-08-12,43.60409927,83.69000244,197500
2003-08-13,43.11955643,82.76000214,346200
2003-08-14,43.20811844,82.93000031,314300
2003-08-15,43.19248962,82.90000153,10700
2003-08-18,43.32274246,83.15000153,137700
2003-08-19,43.66662598,83.80999756,162100
2003-08-20,43.45821381,83.41000366,99000
2003-08-21,43.29667664,83.09999847,129800
2003-08-22,43.32792282,83.16000366,241900
2003-08-25,43.14040756,82.80000305,99600
2003-08-26,43.29667664,83.09999847,87500
2003-08-27,43.19248962,82.90000153,50800
2003-08-28,43.49467087,83.48000336,64600
2003-08-29,43.37484741,83.25000000,62600
2003-09-02,43.19815445,82.15000153,118000
2003-09-03,43.30862808,82.36000061,105600
2003-09-04,43.58725739,82.88999939,145000
2003-09-05,44.13943100,83.94000244,130000
2003-09-08,43.93434525,83.55000305,224000
2003-09-09,44.14466858,83.94999695,69300
2003-09-10,44.44438934,84.51999664,136800
2003-09-11,44.28666306,84.22000122,79200
2003-09-12,44.46542358,84.55999756,146000
2003-09-15,44.54430008,84.70999908,125700
2003-09-16,44.50751114,84.63999939,80100
2003-09-17,44.75465393,85.11000061,177100
2003-09-18,44.74940109,85.09999847,132200
2003-09-19,44.74940109,85.09999847,195200
2003-09-22,44.55484009,84.73000336,249500
2003-09-23,44.65998077,84.93000031,96300
2003-09-24,44.88610458,85.36000061,258000
2003-09-25,44.94923019,85.48000336,314800
2003-09-26,45.29100037,86.12999725,281300
2003-09-29,45.09643555,85.76000214,97500
2003-09-30,45.53290176,86.58999634,450400
2003-10-01,45.73495483,86.23999786,102100
2003-10-02,45.57057571,85.93000031,163500
2003-10-03,44.93947601,84.73999786,319500
2003-10-06,45.07205963,84.98999786,89900
2003-10-07,44.81220627,84.50000000,93000
2003-10-08,44.89173889,84.65000153,116100
2003-10-09,44.74858856,84.37999725,173700
2003-10-10,44.88114548,84.62999725,73400
2003-10-13,44.81220627,84.50000000,62100
2003-10-14,44.63191605,84.16000366,118700
2003-10-15,44.47283173,83.86000061,62800
2003-10-16,44.22887421,83.40000153,89600
2003-10-17,44.46751022,83.84999847,84800
2003-10-20,44.49931717,83.91000366,90700
2003-10-21,44.57886887,84.05999756,213400
2003-10-22,44.90238190,84.66999817,167300
2003-10-23,44.75917816,84.40000153,146700
2003-10-24,45.07205963,84.98999786,136500
2003-10-27,44.95006561,84.76000214,171300
2003-10-28,45.16222763,85.16000366,174300
2003-10-29,44.87057495,84.61000061,111400
2003-10-30,44.70612335,84.30000305,302000
2003-10-31,44.86523819,84.59999847,77600
2003-11-03,44.69443512,84.00000000,133500
2003-11-04,44.85404587,84.30000305,84700
2003-11-05,44.69443512,84.00000000,172900
2003-11-06,44.46563339,83.56999969,143700
2003-11-07,44.39115906,83.43000031,112900
2003-11-10,44.37520599,83.40000153,97800
2003-11-11,44.44433975,83.52999878,27300
2003-11-12,44.58803177,83.80000305,80200
2003-11-13,44.97642136,84.52999878,134700
2003-11-14,45.22118378,84.98999786,70000
2003-11-17,45.27439880,85.08999634,113300
2003-11-18,45.46064758,85.44000244,95700
2003-11-19,45.15201569,84.86000061,524800
2003-11-20,45.43403625,85.38999939,59600
2003-11-21,45.41271591,85.34999847,237400
2003-11-24,45.17331314,84.90000153,164400
2003-11-25,45.28505707,85.11000061,126400
2003-11-26,45.17331314,84.90000153,56800
2003-11-28,44.87533569,84.33999634,121400
2003-12-01,44.60110474,83.59999847,201100
2003-12-02,44.72913742,83.83999634,278700
2003-12-03,44.61180878,83.62000275,119300
2003-12-04,44.70782471,83.80000305,78000
2003-12-05,45.25201035,84.81999969,1858200
2003-12-08,45.08126831,84.50000000,107200
2003-12-09,44.85722733,84.08000183,282800
2003-12-10,44.96926117,84.29000092,158200
2003-12-11,45.24132538,84.80000305,52200
2003-12-12,45.24132538,84.80000305,96700
2003-12-15,45.21997833,84.76000214,204500
2003-12-16,45.76424408,84.93000031,79000
2003-12-17,45.88276672,85.15000153,92600
2003-12-18,46.03903198,85.44000244,71900
2003-12-19,46.04441071,85.44999695,342100
2003-12-22,45.92050171,85.22000122,80500
2003-12-23,45.60795212,84.63999939,87400
2003-12-24,45.89355087,85.16999817,33900
2003-12-26,46.03903198,85.44000244,120800
2003-12-29,45.75885010,84.91999817,88300
2003-12-30,45.71037674,84.83000183,86500
2003-12-31,45.79090118,84.69999695,182200
2004-01-02,45.42327118,84.01999664,259700
2004-01-05,45.38544083,83.94999695,210700
2004-01-06,45.72599030,84.58000183,144300
2004-01-07,45.82870483,84.76999664,66500
2004-01-08,45.82870483,84.76999664,140000
2004-01-09,46.36935043,85.76999664,914600
2004-01-12,46.36935043,85.76999664,136000
2004-01-13,46.61804581,86.23000336,77200
2004-01-14,46.70997620,86.40000153,114200
2004-01-15,46.73698044,86.44999695,472900
2004-01-16,46.54235840,86.08999634,64400
2004-01-20,46.46126938,85.94000244,86900
2004-01-21,46.59641647,86.19000244,248700
2004-01-22,46.79646683,86.55999756,176000
2004-01-23,46.44506073,85.91000366,344900
2004-01-26,46.25043488,85.55000305,283700
2004-01-27,46.43420792,85.88999939,138100
2004-01-28,46.09901810,85.26999664,805400
2004-01-29,46.04498672,85.16999817,155100
2004-01-30,46.25582886,85.55999756,110000
2004-02-02,46.20974350,85.22000122,78600
2004-02-03,46.38870239,85.55000305,89200
2004-02-04,46.31278610,85.41000366,126100
2004-02-05,46.13930511,85.08999634,209700
2004-02-06,46.42119217,85.61000061,297000
2004-02-09,46.52965546,85.80999756,176000
2004-02-10,46.39951324,85.56999969,344200
2004-02-11,46.64352417,86.01999664,202200
2004-02-12,46.61640549,85.97000122,109000
2004-02-13,46.73571396,86.19000244,205900
2004-02-17,46.73571396,86.19000244,48000
2004-02-18,46.72487640,86.16999817,74200
2004-02-19,46.75741577,86.23000336,39700
2004-02-20,46.60014343,85.94000244,62300
2004-02-23,46.75197601,86.22000122,230200
2004-02-24,46.83330154,86.37000275,299600
2004-02-25,46.88751221,86.47000122,108700
2004-02-26,46.81705093,86.33999634,169800
2004-02-27,47.00141144,86.68000031,161900
2004-03-01,47.05088806,86.51999664,284600
2004-03-02,46.77898788,86.01999664,284500
2004-03-03,46.73550034,85.94000244,270400
2004-03-04,46.88232803,86.20999908,383700
2004-03-05,47.46416473,87.27999878,904800
2004-03-08,47.73066330,87.76999664,208400
2004-03-09,47.91014862,88.09999847,254300
2004-03-10,47.90470505,88.08999634,245100
2004-03-11,47.91014862,88.09999847,486800
2004-03-12,47.76330185,87.83000183,245600
2004-03-15,47.79047012,87.87999725,432800
2004-03-16,48.02431488,88.30999756,178400
2004-03-17,47.99168777,88.25000000,522300
2004-03-18,47.83946991,87.97000122,207200
2004-03-19,47.77420425,87.84999847,329500
2004-03-22,47.95358276,88.18000031,87300
2004-03-23,48.02431488,88.30999756,200400
2004-03-24,47.99168777,88.25000000,397900
2004-03-25,47.92642593,88.12999725,71000
2004-03-26,47.62191010,87.56999969,316200
2004-03-29,47.42070389,87.19999695,196500
2004-03-30,47.43700409,87.23000336,78500
2004-03-31,47.61104965,87.55000305,222000
2004-04-01,47.49430847,87.08000183,438500
2004-04-02,46.61621094,85.47000122,321800
2004-04-05,46.38714981,85.05000305,214500
2004-04-06,46.55073929,85.34999847,87400
2004-04-07,46.55616379,85.36000061,144100
2004-04-08,46.46896744,85.19999695,43200
2004-04-12,46.32167435,84.93000031,98900
2004-04-13,45.96171188,84.26999664,382100
2004-04-14,45.92897415,84.20999908,473900
2004-04-15,45.86352539,84.08999634,128200
2004-04-16,46.03260803,84.40000153,135900
2004-04-19,45.91263962,84.18000031,211700
2004-04-20,45.57992554,83.56999969,395700
2004-04-21,45.67264175,83.73999786,340300
2004-04-22,45.85262299,84.06999969,1074000
2004-04-23,45.66171265,83.72000122,94800
2004-04-26,45.65628052,83.70999908,51700
2004-04-27,45.83626556,84.04000092,65700
2004-04-28,45.53632736,83.48999786,86800
2004-04-29,45.43264771,83.30000305,197000
2004-04-30,45.54176712,83.50000000,57000
2004-05-03,45.52426529,83.19999695,69400
2004-05-04,45.39290237,82.95999908,588700
2004-05-05,45.28895569,82.76999664,290200
2004-05-06,45.24518585,82.69000244,256000
2004-05-07,44.68701172,81.66999817,428400
2004-05-10,44.67611313,81.65000153,275300
2004-05-11,44.76366806,81.80999756,132400
2004-05-12,44.69801712,81.69000244,74100
2004-05-13,44.56122208,81.44000244,143200
2004-05-14,44.78554535,81.84999847,186900
2004-05-17,45.07555771,82.37999725,623700
2004-05-18,44.98802948,82.22000122,148000
2004-05-19,44.78006363,81.83999634,59200
2004-05-20,45.00443649,82.25000000,136900
2004-05-21,44.90595627,82.06999969,212800
2004-05-24,44.93874359,82.12999725,64000
2004-05-25,44.95515442,82.16000366,74600
2004-05-26,45.17953110,82.56999969,131000
2004-05-27,45.42572021,83.01999664,577000
2004-05-28,45.29991913,82.79000092,59800
2004-06-01,45.07425308,82.09999847,188900
2004-06-02,44.99737930,81.95999908,141200
2004-06-03,45.06874466,82.08999634,165000
2004-06-04,44.88211441,81.75000000,157000
2004-06-07,44.94800186,81.87000275,119600
2004-06-08,44.93699265,81.84999847,627400
2004-06-09,44.80524445,81.61000061,146000
2004-06-10,44.85466385,81.69999695,156600
2004-06-14,44.63505554,81.30000305,185900
2004-06-15,45.22795105,82.37999725,423700
2004-06-16,45.12916946,82.19999695,55100
2004-06-17,45.25541306,82.43000031,91500
2004-06-18,45.16206741,82.26000214,114600
2004-06-21,45.23345184,82.38999939,44300
2004-06-22,45.17306519,82.27999878,209400
2004-06-23,45.23893738,82.40000153,149000
2004-06-24,45.41463852,82.72000122,188800
2004-06-25,45.43658066,82.76000214,61200
2004-06-28,45.10171127,82.15000153,102800
2004-06-29,45.31582260,82.54000092,103600
2004-06-30,45.59583282,83.05000305,452200
2004-07-01,45.68560028,82.94000244,115500
2004-07-02,46.07671738,83.65000153,146900
2004-07-06,45.98857117,83.48999786,107100
2004-07-07,46.01060867,83.52999878,61500
2004-07-08,46.01610565,83.54000092,186500
2004-07-09,46.09319687,83.68000031,192300
2004-07-12,46.14832306,83.77999878,182400
2004-07-13,46.04911423,83.59999847,84200
2004-07-14,46.02711868,83.55999756,252300
2004-07-15,46.00510406,83.51999664,77600
2004-07-16,46.45121765,84.33000183,225800
2004-07-19,46.44023895,84.30999756,44700
2004-07-20,46.13726044,83.76000214,111200
2004-07-21,46.03813553,83.58000183,98800
2004-07-22,46.09319687,83.68000031,54400
2004-07-23,46.20337296,83.87999725,54000
2004-07-26,46.04363632,83.58999634,65300
2004-07-27,45.71865845,83.00000000,73800
2004-07-28,45.79029465,83.12999725,83600
2004-07-29,45.83433151,83.20999908,39600
2004-07-30,46.14832306,83.77999878,64700
2004-08-02,46.19411850,83.58999634,226300
2004-08-03,46.30469131,83.79000092,167700
2004-08-04,46.27706528,83.73999786,103100
2004-08-05,46.41522980,83.98999786,130000
2004-08-06,47.05075455,85.13999939,235700
2004-08-09,46.89602661,84.86000061,96100
2004-08-10,46.70254898,84.51000214,151600
2004-08-11,46.86283493,84.80000305,174900
2004-08-12,46.92359543,84.91000366,80100
2004-08-13,47.00653076,85.05999756,78300
2004-08-16,46.95679092,84.97000122,304300
2004-08-17,47.17785645,85.37000275,66400
2004-08-18,47.02308273,85.08999634,79600
2004-08-19,47.13913727,85.30000305,61800
2004-08-20,47.04519272,85.12999725,36700
2004-08-23,46.88495636,84.83999634,73100
2004-08-24,46.92915344,84.91999817,94300
2004-08-25,46.93470001,84.93000031,88900
2004-08-26,47.13913727,85.30000305,98700
2004-08-27,47.08392334,85.19999695,62200
2004-08-30,47.24967194,85.50000000,41400
2004-08-31,47.45413208,85.87000275,127600
2004-09-01,47.44639587,85.58999634,209500
2004-09-02,47.19138336,85.12999725,107100
2004-09-03,47.06386948,84.90000153,211800
2004-09-07,47.09156799,84.94999695,53300
2004-09-08,47.36325073,85.44000244,142700
2004-09-09,47.28007889,85.29000092,105300
2004-09-10,47.37433624,85.45999908,150300
2004-09-13,47.49074173,85.66999817,90300
2004-09-14,47.50185394,85.69000244,119500
2004-09-15,47.45194626,85.59999847,66900
2004-09-16,47.71250153,86.06999969,249500
2004-09-17,47.54615402,85.76999664,142100
2004-09-20,47.81779099,86.26000214,181200
2004-09-21,47.85107422,86.31999969,81700
2004-09-22,48.04511261,86.66999817,93600
2004-09-23,47.87877655,86.37000275,246700
2004-09-24,47.87324524,86.36000061,93100
2004-09-27,48.00626373,86.59999847,201200
2004-09-28,47.95642471,86.51000214,202800
2004-09-29,47.65703583,85.97000122,226100
2004-09-30,47.60718536,85.87999725,175000
2004-10-01,47.41645813,85.27999878,270200
2004-10-04,47.43315125,85.30999756,278100
2004-10-05,47.43315125,85.30999756,220000
2004-10-06,47.27740479,85.02999878,137100
2004-10-07,47.19403839,84.87999725,130500
2004-10-08,47.59439850,85.59999847,123400
2004-10-11,47.67219925,85.73999786,48800
2004-10-12,47.67219925,85.73999786,142700
2004-10-13,47.84457016,86.05000305,130600
2004-10-14,48.01137924,86.34999847,81300
2004-10-15,47.85013199,86.05999756,195100
2004-10-18,47.92244720,86.19000244,207800
2004-10-19,47.90575409,86.16000366,65300
2004-10-20,48.12256622,86.55000305,110700
2004-10-21,48.05585480,86.43000031,156600
2004-10-22,48.18932724,86.66999817,64100
2004-10-25,48.24492264,86.76999664,172300
2004-10-26,48.16150665,86.62000275,37400
2004-10-27,47.86683655,86.08999634,126800
2004-10-28,47.93907547,86.22000122,49500
2004-10-29,48.07806778,86.47000122,341100
2004-11-01,47.84106827,85.77999878,128800
2004-11-02,47.95818329,85.98999786,191300
2004-11-03,47.94147491,85.95999908,139800
2004-11-04,47.91357803,85.91000366,435100
2004-11-05,47.55659485,85.26999664,886400
2004-11-08,47.48970032,85.15000153,300600
2004-11-09,47.50083542,85.16999817,95000
2004-11-10,47.40605927,85.00000000,118700
2004-11-11,47.39490128,84.98000336,94500
2004-11-12,47.57333755,85.30000305,154700
2004-11-15,47.59568787,85.33999634,144700
2004-11-16,47.54547119,85.25000000,125900
2004-11-17,47.79642487,85.69999695,199600
2004-11-18,47.83546448,85.76999664,110100
2004-11-19,47.57333755,85.30000305,2162100
2004-11-22,47.60681915,85.36000061,168100
2004-11-23,47.56221008,85.27999878,183600
2004-11-24,47.62909698,85.40000153,51900
2004-11-26,47.45622253,85.08999634,62600
2004-11-29,47.17181778,84.58000183,455700
2004-11-30,47.12719345,84.50000000,182100
2004-12-01,47.11150742,84.20999908,257600
2004-12-02,47.00523758,84.01999664,886300
2004-12-03,47.47517014,84.86000061,224100
2004-12-06,47.56466675,85.01999664,325500
2004-12-07,47.55908203,85.01000214,1053000
2004-12-08,47.91151810,85.63999939,158500
2004-12-09,47.79964828,85.44000244,169400
2004-12-10,47.87237549,85.56999969,191900
2004-12-13,47.90592957,85.62999725,141800
2004-12-14,47.98985291,85.77999878,190900
2004-12-15,48.16331863,86.08999634,95000
2004-12-16,47.79402542,85.43000031,478500
2004-12-17,47.73254776,85.31999969,163600
2004-12-20,47.78845596,85.41999817,62900
2004-12-21,47.85558319,85.54000092,168400
2004-12-22,47.80524826,85.44999695,465100
2004-12-23,47.74371338,85.33999634,66400
2004-12-27,47.54232407,84.98000336,165200
2004-12-28,47.53672791,84.97000122,366800
2004-12-29,47.44158936,84.80000305,127800
2004-12-30,47.62060928,85.12000275,135000
2004-12-31,47.67729950,84.94999695,151300
2005-01-03,47.77271271,85.12000275,323400
2005-01-04,47.47526550,84.58999634,1181000
2005-01-05,47.55384064,84.73000336,369000
2005-01-06,47.59872055,84.80999756,389100
2005-01-07,47.55945969,84.73999786,182400
2005-01-10,47.55384064,84.73000336,226300
2005-01-11,47.64922333,84.90000153,483900
2005-01-12,47.72219467,85.02999878,100600
2005-01-13,47.91307068,85.37000275,101600
2005-01-14,47.88499451,85.31999969,510300
2005-01-18,47.86811066,85.29000092,215100
2005-01-19,47.89619827,85.33999634,95500
2005-01-20,47.98038101,85.48999786,151800
2005-01-21,48.07582474,85.66000366,324700
2005-01-24,48.07015228,85.65000153,217000
2005-01-25,47.89059830,85.33000183,270900
2005-01-26,47.90182114,85.34999847,674400
2005-01-27,47.82884598,85.22000122,60300
2005-01-28,48.07582474,85.66000366,103200
2005-01-31,48.09263229,85.69000244,74900
2005-02-01,48.05941772,85.37000275,115300
2005-02-02,48.06503677,85.37999725,220900
2005-02-03,47.98624420,85.23999786,65000
2005-02-04,48.23392868,85.68000031,414100
2005-02-07,48.32960892,85.84999847,149600
2005-02-08,48.37465668,85.93000031,120800
2005-02-09,48.61110306,86.34999847,325200
2005-02-10,48.30707169,85.80999756,175800
2005-02-11,48.24517059,85.69999695,176400
2005-02-14,48.30707169,85.80999756,129200
2005-02-15,48.23392868,85.68000031,130000
2005-02-16,48.05941772,85.37000275,64900
2005-02-17,47.95248032,85.18000031,128000
2005-02-18,47.71039200,84.75000000,243900
2005-02-22,47.71601105,84.76000214,104700
2005-02-23,47.75540161,84.83000183,258300
2005-02-24,47.67663574,84.69000244,142500
2005-02-25,47.74414444,84.80999756,425500
2005-02-28,47.43452072,84.26000214,397900
2005-03-01,47.43506622,84.02999878,300500
2005-03-02,47.42947388,84.01999664,149600
2005-03-03,47.40122604,83.97000122,598500
2005-03-04,47.61571503,84.34999847,179400
2005-03-07,47.62704468,84.37000275,163100
2005-03-08,47.40122604,83.97000122,696200
2005-03-09,47.03993225,83.33000183,262300
2005-03-10,47.12460709,83.48000336,262300
2005-03-11,46.92703629,83.12999725,203400
2005-03-14,47.03993225,83.33000183,192300
2005-03-15,46.94960785,83.16999817,99600
2005-03-16,47.05686569,83.36000061,223700
2005-03-17,47.23755264,83.68000031,342100
2005-03-18,47.11896133,83.47000122,200300
2005-03-21,47.06256104,83.37000275,448200
2005-03-22,46.71817780,82.76000214,302800
2005-03-23,46.82545853,82.94999695,355900
2005-03-24,46.86492157,83.01999664,132000
2005-03-28,46.71254349,82.75000000,68500
2005-03-29,46.90446091,83.08999634,349300
2005-03-30,47.01172638,83.27999878,244500
2005-03-31,47.24314499,83.69000244,675000
2005-04-01,47.33889008,83.58000183,367200
2005-04-04,47.31620026,83.54000092,135900
2005-04-05,47.32188034,83.55000305,75100
2005-04-06,47.46350098,83.80000305,51200
2005-04-07,47.28224182,83.48000336,196500
2005-04-08,47.33322525,83.56999969,86300
2005-04-11,47.47481155,83.81999969,41900
2005-04-12,47.72398758,84.26000214,146100
2005-04-13,47.74668121,84.30000305,171500
2005-04-14,47.87132263,84.51999664,194700
2005-04-15,48.18281174,85.06999969,177900
2005-04-18,48.08082199,84.88999939,326100
2005-04-19,48.35836792,85.37999725,107600
2005-04-20,48.33001328,85.33000183,229300
2005-04-21,47.98456573,84.72000122,565200
2005-04-22,48.18842316,85.08000183,74800
2005-04-25,48.18842316,85.08000183,79100
2005-04-26,48.16582108,85.04000092,119600
2005-04-27,48.31309509,85.30000305,123700
2005-04-28,48.60758591,85.81999969,103300
2005-04-29,48.43204880,85.51000214,174200
2005-05-02,48.48140717,85.33000183,141400
2005-05-03,48.54396439,85.44000244,259200
2005-05-04,48.53259277,85.41999817,114500
2005-05-05,48.68597031,85.69000244,108000
2005-05-06,48.33937836,85.08000183,591000
2005-05-09,48.33375931,85.06999969,32900
2005-05-10,48.50416946,85.37000275,101300
2005-05-11,48.56669235,85.48000336,408600
2005-05-12,48.61214828,85.55999756,546800
2005-05-13,48.73706818,85.77999878,214400
2005-05-16,48.74282074,85.79000092,111900
2005-05-17,48.80530548,85.90000153,112800
2005-05-18,48.96440125,86.18000031,93000
2005-05-19,48.81666183,85.91999817,116200
2005-05-20,48.81100082,85.91000366,70400
2005-05-23,49.03257370,86.30000305,163800
2005-05-24,49.16324615,86.52999878,188900
2005-05-25,48.98714066,86.22000122,150000
2005-05-26,49.01554489,86.26999664,181400
2005-05-27,49.06665039,86.36000061,69600
2005-05-31,49.32233810,86.80999756,122600
2005-06-01,49.62664795,87.08000183,781400
2005-06-02,49.60957336,87.05000305,154500
2005-06-03,49.32463074,86.55000305,245300
2005-06-06,49.45566177,86.77999878,311700
2005-06-07,49.59815979,87.02999878,111200
2005-06-08,49.50700760,86.87000275,104600
2005-06-09,49.47848511,86.81999969,783400
2005-06-10,49.16503143,86.26999664,200900
2005-06-13,49.03392792,86.04000092,276400
2005-06-14,48.97698975,85.94000244,301500
2005-06-15,48.95986176,85.91000366,116700
2005-06-16,49.11376190,86.18000031,215700
2005-06-17,49.05678940,86.08000183,149000
2005-06-20,48.98269653,85.94999695,178800
2005-06-21,49.13653183,86.22000122,217900
2005-06-22,49.50700760,86.87000275,487300
2005-06-23,49.45566177,86.77999878,169200
2005-06-24,49.57535553,86.98999786,67500
2005-06-27,49.61530304,87.05999756,880800
2005-06-28,49.40441513,86.69000244,168000
2005-06-29,49.38730621,86.66000366,350300
2005-06-30,49.55828857,86.95999908,299500
2005-07-01,49.13182068,85.94999695,270000
2005-07-05,48.93178177,85.59999847,142200
2005-07-06,49.03464127,85.77999878,299700
2005-07-07,49.14897537,85.98000336,209900
2005-07-08,48.97175598,85.66999817,157300
2005-07-11,48.94891739,85.62999725,171300
2005-07-12,48.82311249,85.41000366,123700
2005-07-13,48.77739334,85.33000183,108300
2005-07-14,48.71458435,85.22000122,236000
2005-07-15,48.72595596,85.23999786,318800
2005-07-18,48.64595413,85.09999847,182700
2005-07-19,48.71458435,85.22000122,156600
2005-07-20,48.80606461,85.37999725,341100
2005-07-21,48.44584656,84.75000000,509200
2005-07-22,48.67450333,85.15000153,368100
2005-07-25,48.58880615,85.00000000,125600
2005-07-26,48.62311172,85.05999756,90800
2005-07-27,48.55449295,84.94000244,64600
2005-07-28,48.76598358,85.30999756,142900
2005-07-29,48.47443390,84.80000305,205800
2005-08-01,48.37755203,84.36000061,109700
2005-08-02,48.33168411,84.27999878,337600
2005-08-03,48.45208359,84.48999786,129600
2005-08-04,48.41766739,84.43000031,179300
2005-08-05,48.15964508,83.98000336,160100
2005-08-08,48.03347015,83.76000214,146800
2005-08-09,48.17109299,84.00000000,293300
2005-08-10,48.14814758,83.95999908,91900
2005-08-11,48.35461426,84.31999969,278200
2005-08-12,48.54957199,84.66000366,130600
2005-08-15,48.48652267,84.55000305,147200
2005-08-16,48.71587753,84.94999695,214800
2005-08-17,48.52665710,84.62000275,138400
2005-08-18,48.78472519,85.06999969,247800
2005-08-19,48.75603485,85.01999664,76000
2005-08-22,48.79615021,85.08999634,1267300
2005-08-23,48.88792038,85.25000000,90400
2005-08-24,48.91086960,85.29000092,80500
2005-08-25,48.93952560,85.33999634,202000
2005-08-26,48.85927582,85.19999695,100500
2005-08-29,48.89365387,85.26000214,176500
2005-08-30,49.12305450,85.66000366,168900
2005-08-31,49.44417191,86.22000122,290100
2005-09-01,49.49250031,86.02999878,242800
2005-09-02,49.50399780,86.05000305,71800
2005-09-06,49.34866333,85.77999878,142800
2005-09-07,49.18759155,85.50000000,125000
2005-09-08,49.18759155,85.50000000,264600
2005-09-09,49.22787857,85.56999969,79400
2005-09-12,49.07254028,85.30000305,103600
2005-09-13,49.22212982,85.55999756,120800
2005-09-14,49.11859894,85.37999725,108000
2005-09-15,48.96897507,85.12000275,97600
2005-09-16,48.77913666,84.79000092,224800
2005-09-19,48.87692261,84.95999908,203400
2005-09-20,48.83665085,84.88999939,124000
2005-09-21,49.06103516,85.27999878,101500
2005-09-22,49.09555435,85.33999634,124700
2005-09-23,48.82517242,84.87000275,101200
2005-09-26,48.69858932,84.65000153,69300
2005-09-27,48.72739029,84.69999695,93400
2005-09-28,48.82517242,84.87000275,71000
2005-09-29,48.71585464,84.68000031,116200
2005-09-30,48.57776642,84.44000244,145900
2005-10-03,48.39139938,83.83999634,138400
2005-10-04,48.41445923,83.87999725,151200
2005-10-05,48.52989197,84.08000183,130300
2005-10-06,48.46641922,83.97000122,218100
2005-10-07,48.52989197,84.08000183,59900
2005-10-10,48.54141235,84.09999847,42900
2005-10-11,48.44905090,83.94000244,105800
2005-10-12,48.26436996,83.62000275,139500
2005-10-13,48.18935394,83.48999786,303100
2005-10-14,48.18935394,83.48999786,134300
2005-10-17,48.13163757,83.38999939,153000
2005-10-18,48.20088959,83.51000214,81700
2005-10-19,48.25865173,83.61000061,68100
2005-10-20,48.28749084,83.66000366,111500
2005-10-21,48.50098419,84.02999878,92500
2005-10-24,48.29325867,83.66999817,343300
2005-10-25,48.06817627,83.27999878,190500
2005-10-26,47.88347626,82.95999908,148700
2005-10-27,47.99311447,83.15000153,245800
2005-10-28,47.94115067,83.05999756,784300
2005-10-31,47.97580338,83.12000275,123300
2005-11-01,47.94564819,82.77999878,144000
2005-11-02,47.84724045,82.61000061,85800
2005-11-03,47.67924118,82.31999969,201600
2005-11-04,47.65607071,82.27999878,156200
2005-11-07,47.74290466,82.43000031,132400
2005-11-08,47.98042679,82.83999634,71200
2005-11-09,47.72558975,82.40000153,124300
2005-11-10,47.99781799,82.87000275,102700
2005-11-11,48.05572891,82.97000122,72600
2005-11-14,47.84142303,82.59999847,199700
2005-11-15,48.00358963,82.87999725,194100
2005-11-16,48.24686050,83.30000305,102500
2005-11-17,48.33952332,83.45999908,99900
2005-11-18,48.22371292,83.26000214,100000
2005-11-21,48.31636047,83.41999817,274600
2005-11-22,48.48433685,83.70999908,186700
2005-11-23,48.35689926,83.48999786,177200
2005-11-25,48.50172043,83.73999786,31400
2005-11-28,48.56538391,83.84999847,158300
2005-11-29,48.29896545,83.38999939,86300
2005-11-30,48.27581787,83.34999847,46100
2005-12-01,48.16715622,82.87999725,321100
2005-12-02,48.20783234,82.94999695,343200
2005-12-05,48.06254578,82.69999695,305700
2005-12-06,48.28919983,83.08999634,1021700
2005-12-07,48.26013184,83.04000092,73000
2005-12-08,48.46937180,83.40000153,70600
2005-12-09,48.25430679,83.02999878,66100
2005-12-12,48.14387894,82.83999634,592500
2005-12-13,48.26013184,83.04000092,210700
2005-12-14,48.56232834,83.55999756,83300
2005-12-15,48.49835968,83.44999695,116500
2005-12-16,48.58556747,83.59999847,420400
2005-12-19,48.61464691,83.65000153,143600
2005-12-20,48.53326035,83.51000214,103600
2005-12-21,48.46937180,83.40000153,143700
2005-12-22,48.66115952,83.73000336,124500
2005-12-23,48.77735901,83.93000031,84100
2005-12-27,49.00982285,84.33000183,178300
2005-12-28,48.85936356,83.77999878,558000
2005-12-29,48.91767120,83.87999725,159100
2005-12-30,48.93515015,83.91000366,166900
2006-01-03,48.92932510,83.90000153,299500
2006-01-04,49.01683044,84.05000305,112300
2006-01-05,49.02849197,84.06999969,159700
2006-01-06,48.96433258,83.95999908,179100
2006-01-09,48.98765945,84.00000000,78600
2006-01-10,48.78937912,83.66000366,140500
2006-01-11,48.66687775,83.44999695,384300
2006-01-12,48.84191513,83.75000000,97800
2006-01-13,49.05763245,84.12000275,96200
2006-01-17,49.11594772,84.22000122,166600
2006-01-18,49.13345718,84.25000000,125900
2006-01-19,49.01100540,84.04000092,108600
2006-01-20,49.09263611,84.18000031,98000
2006-01-23,49.08102798,84.16000366,79100
2006-01-24,48.99932098,84.01999664,66200
2006-01-25,48.69607162,83.50000000,95500
2006-01-26,48.59111786,83.31999969,77100
2006-01-27,48.62606430,83.37999725,114600
2006-01-30,48.52113342,83.19999695,125400
2006-01-31,48.59111786,83.31999969,255700
2006-02-01,48.44135666,82.80000305,474200
2006-02-02,48.44135666,82.80000305,94800
2006-02-03,48.58759689,83.05000305,283800
2006-02-06,48.51742172,82.93000031,53300
2006-02-07,48.45888519,82.83000183,228800
2006-02-08,48.42959595,82.77999878,62000
2006-02-09,48.47642517,82.86000061,96600
2006-02-10,48.33600235,82.62000275,102900
2006-02-13,48.33600235,82.62000275,66000
2006-02-14,48.26581192,82.50000000,77100
2006-02-15,48.35358429,82.65000153,75200
2006-02-16,48.33018875,82.61000061,248200
2006-02-17,48.49399948,82.88999939,199200
2006-02-21,48.43548203,82.79000092,164200
2006-02-22,48.61687088,83.09999847,115700
2006-02-23,48.49984360,82.90000153,73300
2006-02-24,48.44135666,82.80000305,343300
2006-02-27,48.34775543,82.63999939,287700
2006-02-28,48.54079819,82.97000122,95900
2006-03-01,48.44511032,82.54000092,227000
2006-03-02,48.25147247,82.20999908,113300
2006-03-03,48.13404846,82.01000214,76500
2006-03-06,47.98147202,81.75000000,350700
2006-03-07,48.00492096,81.79000092,130300
2006-03-08,48.02840805,81.83000183,84500
2006-03-09,48.07534409,81.91000366,507200
2006-03-10,47.98147202,81.75000000,408500
2006-03-13,47.94036484,81.68000031,246900
2006-03-14,48.21620178,82.15000153,122700
2006-03-15,48.12816620,82.00000000,118400
2006-03-16,48.43341064,82.51999664,174900
2006-03-17,48.33361435,82.34999847,111300
2006-03-20,48.42747498,82.51000214,240100
2006-03-21,48.22793579,82.16999817,96800
2006-03-22,48.28662109,82.26999664,131500
2006-03-23,48.16341400,82.05999756,109700
2006-03-24,48.37470627,82.41999817,68800
2006-03-27,48.26905441,82.23999786,79700
2006-03-28,48.03428650,81.83999634,125600
2006-03-29,47.98733902,81.76000214,58100
2006-03-30,47.84644318,81.51999664,100800
2006-03-31,47.88167191,81.58000183,87400
2006-04-03,47.82864761,81.23000336,244300
2006-04-04,47.83453369,81.23999786,127200
2006-04-05,47.94648361,81.43000031,101800
2006-04-06,47.81101608,81.19999695,289900
2006-04-07,47.59313965,80.83000183,129700
2006-04-10,47.65202332,80.93000031,118300
2006-04-11,47.74034119,81.08000183,154100
2006-04-12,47.62849426,80.88999939,201600
2006-04-13,47.37529755,80.45999908,175800
2006-04-17,47.55786896,80.76999664,162200
2006-04-18,47.71092987,81.02999878,276200
2006-04-19,47.57546997,80.80000305,128600
2006-04-20,47.53427505,80.73000336,128400
2006-04-21,47.63434219,80.90000153,108500
2006-04-24,47.69324112,81.00000000,118800
2006-04-25,47.39295197,80.48999786,241400
2006-04-26,47.36942673,80.44999695,76300
2006-04-27,47.49892426,80.66999817,132900
2006-04-28,47.58137894,80.80999756,70700
2006-05-01,47.32372665,80.08000183,169700
2006-05-02,47.40051270,80.20999908,87900
2006-05-03,47.33552933,80.09999847,116600
2006-05-04,47.30599213,80.05000305,193200
2006-05-05,47.41828918,80.23999786,85200
2006-05-08,47.44188309,80.27999878,82400
2006-05-09,47.42416382,80.25000000,59600
2006-05-10,47.44784546,80.29000092,98600
2006-05-11,47.36507034,80.15000153,203700
2006-05-12,47.18784332,79.84999847,134700
2006-05-15,47.28823853,80.01999664,106100
2006-05-16,47.46557236,80.31999969,86200
2006-05-17,47.32963562,80.08999634,245300
2006-05-18,47.66647339,80.66000366,168500
2006-05-19,47.63692093,80.61000061,223600
2006-05-22,47.70195389,80.72000122,189000
2006-05-23,47.68422318,80.69000244,102500
2006-05-24,47.75512695,80.80999756,171700
2006-05-25,47.67830658,80.68000031,181600
2006-05-26,47.71966171,80.75000000,178000
2006-05-30,47.67830658,80.68000031,95600
2006-05-31,47.53053665,80.43000031,110900
2006-06-01,47.61003876,80.26999664,96100
2006-06-02,47.97778320,80.88999939,403900
2006-06-05,47.88289642,80.73000336,100200
2006-06-06,47.92438126,80.80000305,96600
2006-06-07,47.85916519,80.69000244,141900
2006-06-08,47.92438126,80.80000305,152600
2006-06-09,48.04299927,81.00000000,73900
2006-06-12,48.01927567,80.95999908,122500
2006-06-13,48.08450699,81.06999969,111600
2006-06-14,47.76421738,80.52999878,165500
2006-06-15,47.65750504,80.34999847,112200
2006-06-16,47.62781525,80.30000305,126100
2006-06-19,47.57441330,80.20999908,67200
2006-06-20,47.53884506,80.15000153,105200
2006-06-21,47.53293610,80.13999939,180600
2006-06-22,47.37870789,79.87999725,112600
2006-06-23,47.33718109,79.80999756,167600
2006-06-26,47.30754852,79.76000214,264400
2006-06-27,47.43207550,79.97000122,231900
2006-06-28,47.27788925,79.70999908,229700
2006-06-29,47.47362137,80.04000092,328400
2006-06-30,47.63971329,80.31999969,125400
2006-07-03,47.61704254,79.97000122,41200
2006-07-05,47.44438934,79.68000031,1712900
2006-07-06,47.59324646,79.93000031,132400
2006-07-07,47.74206543,80.18000031,274600
2006-07-10,47.77783585,80.23999786,133200
2006-07-11,47.83142471,80.33000183,167200
2006-07-12,47.87306213,80.40000153,114300
2006-07-13,47.98028183,80.58000183,343800
2006-07-14,48.01597595,80.63999939,397600
2006-07-17,47.97435379,80.56999969,153400
2006-07-18,47.78976059,80.26000214,182100
2006-07-19,48.09346008,80.76999664,235300
2006-07-20,48.19459152,80.94000244,297600
2006-07-21,48.16486359,80.88999939,288300
2006-07-24,48.16486359,80.88999939,361000
2006-07-25,48.11723328,80.80999756,176500
2006-07-26,48.23630524,81.01000214,157700
2006-07-27,48.23036957,81.00000000,74200
2006-07-28,48.36135864,81.22000122,89400
2006-07-31,48.43879318,81.34999847,89700
2006-08-01,48.45013046,81.05000305,97600
2006-08-02,48.49197388,81.12000275,91200
2006-08-03,48.50393295,81.13999939,111500
2006-08-04,48.74300766,81.54000092,157100
2006-08-07,48.67727661,81.43000031,172600
2006-08-08,48.68324661,81.44000244,118200
2006-08-09,48.65937042,81.40000153,110700
2006-08-10,48.67131042,81.41999817,166700
2006-08-11,48.51589584,81.16000366,192000
2006-08-14,48.43215942,81.01999664,191700
2006-08-15,48.66532135,81.41000366,147200
2006-08-16,48.86856079,81.75000000,182600
2006-08-17,48.85659409,81.73000336,300000
2006-08-18,48.98810196,81.94999695,344300
2006-08-21,49.04788971,82.05000305,83800
2006-08-22,49.06585312,82.08000183,187200
2006-08-23,49.01800537,82.00000000,239800
2006-08-24,49.06585312,82.08000183,111400
2006-08-25,49.13156509,82.19000244,96900
2006-08-28,49.12559509,82.18000031,106000
2006-08-29,49.16748047,82.25000000,248600
2006-08-30,49.22723389,82.34999847,131800
2006-08-31,49.29299545,82.45999908,171200
2006-09-01,49.36620331,82.26999664,252800
2006-09-05,49.20417404,82.00000000,284800
2006-09-06,49.16817856,81.94000244,334400
2006-09-07,49.20417404,82.00000000,135200
2006-09-08,49.25220108,82.08000183,66000
2006-09-11,49.16218185,81.93000031,196600
2006-09-12,49.30017471,82.16000366,111000
2006-09-13,49.34818268,82.23999786,114000
2006-09-14,49.25220108,82.08000183,69600
2006-09-15,49.22220230,82.02999878,110900
2006-09-18,49.15019989,81.91000366,188000
2006-09-19,49.44422531,82.40000153,128400
2006-09-20,49.45619965,82.41999817,112200
2006-09-21,49.81023788,83.01000214,114600
2006-09-22,49.96022797,83.26000214,327000
2006-09-25,50.12826157,83.54000092,286200
2006-09-26,50.00223923,83.33000183,276800
2006-09-27,49.99025345,83.30999756,233800
2006-09-28,49.94227219,83.23000336,160800
2006-09-29,49.88825226,83.13999939,259000
2006-10-02,49.97616196,82.97000122,337500
2006-10-03,49.97012711,82.95999908,135400
2006-10-04,50.19902802,83.33999634,136000
2006-10-05,50.02434921,83.05000305,139800
2006-10-06,49.75334167,82.59999847,624700
2006-10-09,49.81356812,82.69999695,898300
2006-10-10,49.51234818,82.19999695,1711900
2006-10-11,49.45215607,82.09999847,502600
2006-10-12,49.48228073,82.15000153,230000
2006-10-13,49.39793777,82.01000214,1280200
2006-10-16,49.48228073,82.15000153,240400
2006-10-17,49.53644562,82.23999786,300300
2006-10-18,49.52444458,82.22000122,294600
2006-10-19,49.48228073,82.15000153,175500
2006-10-20,49.47020340,82.12999725,69200
2006-10-23,49.33167648,81.90000153,356600
2006-10-24,49.39793777,82.01000214,203700
2006-10-25,49.57864380,82.30999756,127200
2006-10-26,49.74728394,82.58999634,115900
2006-10-27,49.90991974,82.86000061,249000
2006-10-30,49.93399048,82.90000153,128800
2006-10-31,50.15690613,83.26999664,266600
2006-11-01,50.33100510,83.25000000,396400
2006-11-02,50.19195938,83.01999664,163200
2006-11-03,49.81107712,82.38999939,271800
2006-11-06,49.85943985,82.47000122,227000
2006-11-07,50.02871704,82.75000000,203300
2006-11-08,50.13755417,82.93000031,146200
2006-11-09,50.13148117,82.91999817,211000
2006-11-10,50.24032211,83.09999847,111300
2006-11-13,50.21612549,83.05999756,153600
2006-11-14,50.31893539,83.23000336,222800
2006-11-15,50.17984772,83.00000000,237100
2006-11-16,50.05290604,82.79000092,497900
2006-11-17,50.23428345,83.08999634,362400
2006-11-20,50.26448822,83.13999939,178200
2006-11-21,50.33707047,83.26000214,413200
2006-11-22,50.41566849,83.38999939,133400
2006-11-24,50.47008514,83.48000336,119200
2006-11-27,50.51838303,83.55999756,708600
2006-11-28,50.60915375,83.70999908,470600
2006-11-29,50.54867172,83.61000061,335500
2006-11-30,50.81464767,84.05000305,418500
2006-12-01,50.93239212,83.94000244,289800
2006-12-04,50.92631149,83.93000031,208200
2006-12-05,50.85957336,83.81999969,1133300
2006-12-06,50.78070831,83.69000244,156800
2006-12-07,50.76246262,83.66000366,138200
2006-12-08,50.53191757,83.27999878,277000
2006-12-11,50.68966293,83.54000092,167800
2006-12-12,50.78070831,83.69000244,360000
2006-12-13,50.51979065,83.26000214,188300
2006-12-14,50.44090652,83.12999725,314000
2006-12-15,50.45304108,83.15000153,215600
2006-12-18,50.47730255,83.19000244,111600
2006-12-19,50.46517181,83.16999817,174000
2006-12-20,50.45304108,83.15000153,139300
2006-12-21,50.63503647,83.44999695,624200
2006-12-22,50.40449142,83.06999969,268500
2006-12-26,50.44090652,83.12999725,144500
2006-12-27,50.30642700,82.66999817,193400
2006-12-28,50.19079971,82.48000336,185100
2006-12-29,50.16643906,82.44000244,272100
2007-01-03,50.31252289,82.68000031,1210700
2007-01-04,50.49505234,82.98000336,171200
2007-01-05,50.33075714,82.70999908,201000
2007-01-08,50.36725998,82.76999664,163800
2007-01-09,50.35510635,82.75000000,168600
2007-01-10,50.26988983,82.61000061,95900
2007-01-11,50.13605118,82.38999939,361700
2007-01-12,50.03258896,82.22000122,161000
2007-01-16,50.12992096,82.37999725,162600
2007-01-17,50.03258896,82.22000122,141300
2007-01-18,50.09953308,82.33000183,225400
2007-01-19,50.02037811,82.19999695,270800
2007-01-22,50.11167908,82.34999847,119000
2007-01-23,49.96564484,82.11000061,412800
2007-01-24,49.97175217,82.12000275,138400
2007-01-25,49.77701950,81.80000305,201700
2007-01-26,49.77090073,81.79000092,441300
2007-01-29,49.73437881,81.73000336,161700
2007-01-30,49.78307724,81.80999756,200500
2007-01-31,49.96564484,82.11000061,412200
2007-02-01,49.92959976,81.73999786,238600
2007-02-02,49.97234726,81.80999756,163500
2007-02-05,50.02734375,81.90000153,216000
2007-02-06,50.16780090,82.12999725,238100
2007-02-07,50.27777863,82.30999756,155000
2007-02-08,50.29001617,82.33000183,447600
2007-02-09,50.13728714,82.08000183,237400
2007-02-12,50.07011032,81.97000122,146900
2007-02-13,50.03346252,81.91000366,204800
2007-02-14,50.32049942,82.37999725,192600
2007-02-15,50.39995956,82.51000214,317000
2007-02-16,50.45488739,82.59999847,308900
2007-02-20,50.51599121,82.69999695,152900
2007-02-21,50.50986862,82.69000244,173000
2007-02-22,50.38159180,82.48000336,135000
2007-02-23,50.58320236,82.80999756,111700
2007-02-26,50.74198532,83.06999969,160900
2007-02-27,51.16959000,83.76999664,496500
2007-02-28,50.99243164,83.48000336,228100
2007-03-01,51.03841019,83.27999878,500500
2007-03-02,51.20391083,83.55000305,249000
2007-03-05,51.23449707,83.59999847,298800
2007-03-06,51.16709518,83.48999786,302200
2007-03-07,51.25906754,83.63999939,265500
2007-03-08,51.25289536,83.62999725,170300
2007-03-09,50.96485901,83.16000366,333800
2007-03-12,51.10581589,83.38999939,253300
2007-03-13,51.33259583,83.76000214,196000
2007-03-14,51.26513290,83.65000153,267900
2007-03-15,51.21001053,83.55999756,338900
2007-03-16,51.20391083,83.55000305,340500
2007-03-19,51.13646317,83.44000244,238200
2007-03-20,51.21001053,83.55999756,169400
2007-03-21,51.28358841,83.68000031,369800
2007-03-22,51.11193848,83.40000153,236500
2007-03-23,51.03229141,83.26999664,163400
2007-03-26,51.07517242,83.33999634,142100
2007-03-27,51.06292725,83.31999969,165900
2007-03-28,51.05679321,83.30999756,240500
2007-03-29,50.98328018,83.19000244,121400
2007-03-30,50.92196274,83.08999634,464400
2007-04-02,50.97859573,82.86000061,156600
2007-04-03,50.93550873,82.79000092,257400
2007-04-04,51.01549530,82.91999817,182300
2007-04-05,50.88630676,82.70999908,161200
2007-04-09,50.65251160,82.33000183,198900
2007-04-10,50.75710297,82.50000000,97600
2007-04-11,50.69558716,82.40000153,150700
2007-04-12,50.74475098,82.48000336,111200
2007-04-13,50.65867996,82.33999634,139100
2007-04-16,50.71403503,82.43000031,262300
2007-04-17,50.92936325,82.77999878,1080400
2007-04-18,51.04622650,82.97000122,252500
2007-04-19,51.04007339,82.95999908,153600
2007-04-20,50.98472977,82.87000275,88800
2007-04-23,51.08933640,83.04000092,90500
2007-04-24,51.18775177,83.19999695,660500
2007-04-25,51.15702438,83.15000153,537400
2007-04-26,51.00933456,82.91000366,307600
2007-04-27,51.00933456,82.91000366,180000
2007-04-30,51.23083496,83.26999664,171500
2007-05-01,51.23325729,82.95999908,158900
2007-05-02,51.17153549,82.86000061,167000
2007-05-03,51.11598206,82.76999664,113200
2007-05-04,51.24562073,82.98000336,144800
2007-05-07,51.28890991,83.05000305,104500
2007-05-08,51.28890991,83.05000305,158900
2007-05-09,51.12210464,82.77999878,201600
2007-05-10,51.25182343,82.98999786,153100
2007-05-11,51.14682770,82.81999969,178000
2007-05-14,51.07274246,82.69999695,142400
2007-05-15,51.06653595,82.69000244,168400
2007-05-16,51.03568649,82.63999939,191300
2007-05-17,50.89981079,82.41999817,263500
2007-05-18,50.75155640,82.18000031,236400
2007-05-21,50.81949234,82.29000092,222000
2007-05-22,50.67749023,82.05999756,217000
2007-05-23,50.57869339,81.90000153,228100
2007-05-24,50.64659882,82.01000214,153300
2007-05-25,50.59101105,81.91999817,183900
2007-05-29,50.48600388,81.75000000,152800
2007-05-30,50.53545380,81.83000183,245600
2007-05-31,50.51696014,81.80000305,235100
2007-06-01,50.29926682,81.12000275,230300
2007-06-04,50.37990189,81.25000000,139200
2007-06-05,50.21866608,80.98999786,351500
2007-06-06,50.24346924,81.02999878,266800
2007-06-07,49.74122620,80.22000122,472300
2007-06-08,49.83422852,80.37000275,409900
2007-06-11,49.70400620,80.16000366,198300
2007-06-12,49.35054779,79.58999634,698800
2007-06-13,49.51181412,79.84999847,514600
2007-06-14,49.52419662,79.87000275,207300
2007-06-15,49.74122620,80.22000122,594800
2007-06-18,49.71640778,80.18000031,413500
2007-06-19,49.95824814,80.56999969,460100
2007-06-20,49.79700851,80.30999756,152900
2007-06-21,49.73501968,80.20999908,276700
2007-06-22,49.88383102,80.44999695,246000
2007-06-25,50.04503250,80.70999908,253200
2007-06-26,50.05745697,80.73000336,141000
2007-06-27,50.05126572,80.72000122,218600
2007-06-28,50.02024841,80.66999817,436800
2007-06-29,50.28068161,81.08999634,374700
2007-07-02,50.35720062,80.90000153,1030600
2007-07-03,50.20788574,80.66000366,169200
2007-07-05,49.92773819,80.20999908,269000
2007-07-06,49.80949402,80.01999664,468100
2007-07-09,49.98999023,80.30999756,118900
2007-07-10,50.33232880,80.86000061,191300
2007-07-11,50.15804291,80.58000183,218100
2007-07-12,50.01490402,80.34999847,309700
2007-07-13,50.12689590,80.52999878,157400
2007-07-16,50.32609558,80.84999847,154100
2007-07-17,50.22032166,80.68000031,136600
2007-07-18,50.40084457,80.97000122,215700
2007-07-19,50.39461136,80.95999908,200600
2007-07-20,50.64361191,81.36000061,463300
2007-07-23,50.62491608,81.33000183,327500
2007-07-24,50.76180649,81.55000305,251200
2007-07-25,50.83036423,81.66000366,409500
2007-07-26,51.23492813,82.30999756,391800
2007-07-27,51.33452225,82.47000122,305800
2007-07-30,51.20379257,82.26000214,279600
2007-07-31,51.41542816,82.59999847,417200
2007-08-01,51.27293015,82.05000305,195100
2007-08-02,51.31046295,82.11000061,212100
2007-08-03,51.64166260,82.63999939,950100
2007-08-06,51.43544769,82.30999756,267900
2007-08-07,51.42918396,82.30000305,567300
2007-08-08,51.07298279,81.73000336,314600
2007-08-09,51.36042786,82.19000244,235600
2007-08-10,51.28541183,82.06999969,685000
2007-08-13,51.36666107,82.19999695,154400
2007-08-14,51.55414963,82.50000000,530100
2007-08-15,51.64792252,82.65000153,902100
2007-08-16,51.84785080,82.97000122,900500
2007-08-17,51.88535309,83.02999878,308400
2007-08-20,51.99784088,83.20999908,926600
2007-08-21,52.22280121,83.56999969,459200
2007-08-22,52.05411148,83.30000305,197000
2007-08-23,52.07277298,83.33000183,234900
2007-08-24,52.09153748,83.36000061,123400
2007-08-27,52.23527145,83.58999634,120000
2007-08-28,52.50400925,84.01999664,274400
2007-08-29,52.30401230,83.69999695,507600
2007-08-30,52.56649780,84.12000275,201800
2007-08-31,52.57901001,84.13999939,261500
2007-09-04,52.48108292,83.65000153,281800
2007-09-05,52.80738831,84.16999817,313300
2007-09-06,52.69440460,83.98999786,267100
2007-09-07,53.25908661,84.88999939,410800
2007-09-10,53.37827682,85.08000183,238000
2007-09-11,53.26535034,84.90000153,123200
2007-09-12,53.13359070,84.69000244,147900
2007-09-13,52.81990051,84.19000244,178500
2007-09-14,52.88887024,84.30000305,160700
2007-09-17,52.92027664,84.34999847,237900
2007-09-18,52.86381531,84.26000214,344700
2007-09-19,52.67554855,83.95999908,1369300
2007-09-20,52.07955170,83.01000214,685800
2007-09-21,52.34305191,83.43000031,754900
2007-09-24,52.41207504,83.54000092,236300
2007-09-25,52.41836929,83.55000305,225500
2007-09-26,52.43722153,83.58000183,151100
2007-09-27,52.60659027,83.84999847,437100
2007-09-28,52.62541962,83.87999725,185600
2007-10-01,52.68837738,83.66999817,510600
2007-10-02,52.80171204,83.84999847,205900
2007-10-03,52.76393127,83.79000092,1232800
2007-10-04,52.85838699,83.94000244,120300
2007-10-05,52.39240265,83.19999695,1173000
2007-10-08,52.58133316,83.50000000,129100
2007-10-09,52.41763306,83.23999786,184000
2007-10-10,52.46798706,83.31999969,298700
2007-10-11,52.47426987,83.33000183,264100
2007-10-12,52.29795074,83.05000305,151400
2007-10-15,52.34837341,83.12999725,196200
2007-10-16,52.49314117,83.36000061,205200
2007-10-17,52.81437302,83.87000275,201200
2007-10-18,53.01582336,84.19000244,193200
2007-10-19,53.46923447,84.91000366,270500
2007-10-22,53.36847687,84.75000000,218900
2007-10-23,53.35591888,84.73000336,368300
2007-10-24,53.62669754,85.16000366,273300
2007-10-25,53.58255768,85.08999634,169800
2007-10-26,53.45037079,84.87999725,189500
2007-10-29,53.49442291,84.94999695,171500
2007-10-30,53.55111313,85.04000092,118400
2007-10-31,53.19216156,84.47000122,313300
2007-11-01,53.62633896,84.86000061,219100
2007-11-02,53.77161026,85.08999634,337600
2007-11-05,53.70842361,84.98999786,172100
2007-11-06,53.61368179,84.83999634,184100
2007-11-07,53.80956650,85.15000153,299700
2007-11-08,53.92963409,85.33999634,1078400
2007-11-09,54.25188828,85.84999847,276700
2007-11-12,54.34673309,86.00000000,117900
2007-11-13,54.06865311,85.55999756,125300
2007-11-14,54.10657501,85.62000275,96400
2007-11-15,54.40991974,86.09999847,210400
2007-11-16,54.40991974,86.09999847,742300
2007-11-19,54.80170059,86.72000122,503500
2007-11-20,54.65632629,86.48999786,378500
2007-11-21,55.08607483,87.16999817,317600
2007-11-23,54.92177582,86.91000366,216700
2007-11-26,55.67382431,88.09999847,637600
2007-11-27,55.15561676,87.27999878,353300
2007-11-28,54.95967484,86.97000122,159600
2007-11-29,55.26932907,87.45999908,145300
2007-11-30,55.34514236,87.58000183,395100
2007-12-03,55.56394196,87.62999725,214700
2007-12-04,55.61462784,87.70999908,196800
2007-12-05,55.40540314,87.37999725,284600
2007-12-06,55.11374283,86.91999817,217900
2007-12-07,54.75867081,86.36000061,193000
2007-12-10,54.63182831,86.16000366,257800
2007-12-11,55.38005066,87.33999634,318800
2007-12-12,54.91718292,86.61000061,470500
2007-12-13,54.51136017,85.97000122,221000
2007-12-14,54.35279083,85.72000122,240100
2007-12-17,54.67620850,86.23000336,191000
2007-12-18,54.78406906,86.40000153,644300
2007-12-19,55.22150421,87.08999634,411600
2007-12-20,55.13271713,86.94999695,308600
2007-12-21,54.73329544,86.31999969,560200
2007-12-24,54.57477570,86.06999969,197400
2007-12-26,54.31473160,85.66000366,135700
2007-12-27,54.67947388,85.91999817,211000
2007-12-28,55.11857986,86.61000061,302900
2007-12-31,55.37318039,87.01000214,181100
2008-01-02,55.76771545,87.62999725,564700
2008-01-03,55.88228989,87.80999756,198600
2008-01-04,56.02865601,88.04000092,368700
2008-01-07,56.13043213,88.19999695,341100
2008-01-08,56.25136566,88.38999939,293200
2008-01-09,56.16223907,88.25000000,335600
2008-01-10,56.00951385,88.01000214,258300
2008-01-11,56.36593628,88.56999969,310100
2008-01-14,56.39135361,88.61000061,347000
2008-01-15,56.76045990,89.19000244,353700
2008-01-16,56.65229797,89.01999664,459400
2008-01-17,57.11052322,89.73999786,608600
2008-01-18,57.02778625,89.61000061,628100
2008-01-22,57.66414261,90.61000061,863800
2008-01-23,57.39690399,90.19000244,1417600
2008-01-24,56.87500381,89.37000275,398500
2008-01-25,57.40325928,90.19999695,442600
2008-01-28,57.19323349,89.87000275,254900
2008-01-29,56.96414566,89.51000214,433100
2008-01-30,56.93873215,89.47000122,694000
2008-01-31,57.23138046,89.93000031,384900
2008-02-01,57.41720963,89.94000244,597500
2008-02-04,57.09797287,89.44000244,442300
2008-02-05,57.50017166,90.06999969,234400
2008-02-06,57.39805984,89.91000366,161700
2008-02-07,56.75329208,88.90000153,246500
2008-02-08,57.23210144,89.65000153,219300
2008-02-11,57.35970306,89.84999847,200000
2008-02-12,57.23841858,89.66000366,425500
2008-02-13,56.99584579,89.27999878,310900
2008-02-14,56.68305969,88.79000092,477900
2008-02-15,56.80429459,88.98000336,512000
2008-02-19,56.39574051,88.33999634,564300
2008-02-20,56.34466171,88.26000214,496700
2008-02-21,56.92564392,89.16999817,361900
2008-02-22,56.76601791,88.91999817,237200
2008-02-25,56.38935089,88.33000183,175400
2008-02-26,56.52980804,88.55000305,259700
2008-02-27,56.66388321,88.76000214,201600
2008-02-28,57.32784653,89.80000305,289500
2008-02-29,57.94059753,90.76000214,420700
2008-03-03,57.79339600,90.25000000,480300
2008-03-04,57.57569885,89.91000366,305600
2008-03-05,57.32591629,89.51999664,358300
2008-03-06,57.78697586,90.23999786,292600
2008-03-07,57.98549652,90.55000305,414000
2008-03-10,58.40170288,91.19999695,200300
2008-03-11,57.76781082,90.20999908,350800
2008-03-12,58.43377304,91.25000000,289800
2008-03-13,58.12635803,90.76999664,626400
2008-03-14,58.72831345,91.70999908,301700
2008-03-17,59.02290726,92.16999817,569100
2008-03-18,58.61945724,91.54000092,333400
2008-03-19,59.12534332,92.33000183,1370400
2008-03-20,59.25342560,92.52999878,626300
2008-03-24,58.20961761,90.90000153,898300
2008-03-25,58.41456223,91.22000122,314600
2008-03-26,58.45933151,91.29000092,615400
2008-03-27,58.38253784,91.16999817,345100
2008-03-28,58.61305618,91.52999878,131800
2008-03-31,58.71553421,91.69000244,431000
2008-04-01,58.20214462,90.58000183,786700
2008-04-02,58.00934982,90.27999878,734700
2008-04-03,58.00934982,90.27999878,560200
2008-04-04,58.45272064,90.97000122,421800
2008-04-07,58.06721115,90.37000275,330400
2008-04-08,58.07360840,90.37999725,469900
2008-04-09,58.42060089,90.91999817,761000
2008-04-10,58.18930435,90.55999756,199700
2008-04-11,58.43986511,90.94999695,716400
2008-04-14,58.29206085,90.72000122,246000
2008-04-15,58.02863693,90.30999756,273700
2008-04-16,57.63669205,89.69999695,1116400
2008-04-17,57.50175858,89.48999786,815000
2008-04-18,57.44390106,89.40000153,2284800
2008-04-21,57.45034409,89.41000366,303600
2008-04-22,57.49529648,89.48000336,427900
2008-04-23,57.43748093,89.38999939,191300
2008-04-24,56.98773956,88.69000244,306600
2008-04-25,56.91063309,88.56999969,211400
2008-04-28,57.01343155,88.73000336,167800
2008-04-29,57.11623001,88.88999939,144300
2008-04-30,57.29618454,89.16999817,168700
2008-05-01,57.28972244,88.87999725,336700
2008-05-02,56.82559967,88.16000366,341700
2008-05-05,56.90937424,88.29000092,158800
2008-05-06,56.72887421,88.01000214,557400
2008-05-07,56.95456314,88.36000061,361300
2008-05-08,57.32191467,88.93000031,445600
2008-05-09,57.38640594,89.02999878,236600
2008-05-12,57.28972244,88.87999725,112200
2008-05-13,56.81275177,88.13999939,458800
2008-05-14,56.79339600,88.11000061,174400
2008-05-15,57.10921097,88.59999847,269100
2008-05-16,57.01251602,88.44999695,318100
2008-05-19,57.14143372,88.65000153,163600
2008-05-20,57.31554413,88.91999817,230400
2008-05-21,57.18011475,88.70999908,183100
2008-05-22,56.80624390,88.12999725,223800
2008-05-23,57.05763245,88.51999664,413200
2008-05-27,56.78046417,88.08999634,258900
2008-05-28,56.35506439,87.43000031,197900
2008-05-29,56.09079742,87.01999664,387600
2008-05-30,56.27771759,87.30999756,2838400
2008-06-02,56.61209869,87.51999664,240300
2008-06-03,56.90964890,87.98000336,561500
2008-06-04,56.70271683,87.66000366,462400
2008-06-05,56.40510941,87.19999695,1079400
2008-06-06,56.89676285,87.95999908,250000
2008-06-09,56.48923492,87.33000183,288000
2008-06-10,56.15284729,86.80999756,221200
2008-06-11,56.21106339,86.90000153,247100
2008-06-12,55.71950912,86.13999939,546800
2008-06-13,55.59007645,85.94000244,579300
2008-06-16,55.59657288,85.94999695,180600
2008-06-17,55.78410721,86.23999786,266600
2008-06-18,56.08815765,86.70999908,296200
2008-06-19,55.76475906,86.20999908,152900
2008-06-20,56.02350616,86.61000061,318300
2008-06-23,55.99763107,86.56999969,472000
2008-06-24,56.29516602,87.02999878,273400
2008-06-25,56.28870773,87.01999664,254200
2008-06-26,56.60567474,87.51000214,320500
2008-06-27,56.88378143,87.94000244,173000
2008-06-30,56.92264938,88.00000000,240500
2008-07-01,56.76815414,87.47000122,355300
2008-07-02,56.90442657,87.68000031,469800
2008-07-03,56.92387390,87.70999908,261800
2008-07-07,57.19002533,88.12000275,507900
2008-07-08,57.33276749,88.33999634,206400
2008-07-09,57.60539627,88.76000214,308200
2008-07-10,57.62482834,88.79000092,291100
2008-07-11,57.08620834,87.95999908,378000
2008-07-14,57.39118195,88.43000031,296400
2008-07-15,57.59886551,88.75000000,506300
2008-07-16,57.07318497,87.94000244,309500
2008-07-17,56.80062866,87.51999664,266400
2008-07-18,56.60593414,87.22000122,365500
2008-07-21,56.73571777,87.41999817,264600
2008-07-22,56.54100800,87.12000275,263000
2008-07-23,56.45015717,86.98000336,550000
2008-07-24,56.93691635,87.73000336,276300
2008-07-25,56.60593414,87.22000122,296900
2008-07-28,56.93040085,87.72000122,363000
2008-07-29,56.76815414,87.47000122,190000
2008-07-30,56.87847900,87.63999939,274900
2008-07-31,57.33276749,88.33999634,275000
2008-08-01,57.36147308,88.08000183,308500
2008-08-04,57.32239532,88.01999664,367500
2008-08-05,57.02933502,87.56999969,355600
2008-08-06,57.04880524,87.59999847,272400
2008-08-07,57.58286285,88.41999817,341200
2008-08-08,57.55679703,88.37999725,202800
2008-08-11,57.27680588,87.94999695,412500
2008-08-12,57.67402649,88.55999756,302200
2008-08-13,57.55031586,88.37000275,210100
2008-08-14,57.72613525,88.63999939,303000
2008-08-15,57.94099808,88.97000122,292500
2008-08-18,58.08433533,89.19000244,381000
2008-08-19,57.99966049,89.05999756,373400
2008-08-20,58.16896820,89.31999969,487300
2008-08-21,58.04526520,89.12999725,279900
2008-08-22,57.87592316,88.87000275,157200
2008-08-25,58.26014709,89.45999908,232700
2008-08-26,58.27970505,89.48999786,166900
2008-08-27,58.36432648,89.62000275,255700
2008-08-28,58.27970505,89.48999786,201600
2008-08-29,58.20807266,89.37999725,496900
2008-09-02,58.52495575,89.56999969,349200
2008-09-03,58.66875839,89.79000092,410300
2008-09-04,58.96273804,90.23999786,460500
2008-09-05,58.83208466,90.04000092,363400
2008-09-08,58.83858109,90.05000305,418500
2008-09-09,59.10652161,90.45999908,323800
2008-09-10,58.95619965,90.23000336,248900
2008-09-11,58.85165024,90.06999969,393500
2008-09-12,58.55759811,89.62000275,358300
2008-09-15,59.68145370,91.33999634,526200
2008-09-16,59.51161957,91.08000183,810900
2008-09-17,60.04736710,91.90000153,829800
2008-09-18,59.34170914,90.81999969,687700
2008-09-19,58.28318787,89.19999695,1339500
2008-09-22,58.15901184,89.01000214,785800
2008-09-23,58.15901184,89.01000214,455500
2008-09-24,58.30933380,89.23999786,415400
2008-09-25,58.13286591,88.97000122,427200
2008-09-26,58.09371185,88.91000366,310600
2008-09-29,58.90391541,90.15000153,528000
2008-09-30,58.12638092,88.95999908,477900
2008-10-01,58.53620148,89.27999878,349200
2008-10-02,58.86399078,89.77999878,298000
2008-10-03,59.08689499,90.12000275,505400
2008-10-06,59.56553268,90.84999847,1065200
2008-10-07,59.51966095,90.77999878,825400
2008-10-08,58.75905991,89.62000275,869200
2008-10-09,58.16899109,88.72000122,577200
2008-10-10,57.48711014,87.68000031,1154600
2008-10-13,57.09375381,87.08000183,478400
2008-10-14,56.82494354,86.66999817,736700
2008-10-15,57.29047012,87.37999725,247200
2008-10-16,57.30354309,87.40000153,330400
2008-10-17,57.66419983,87.94999695,445800
2008-10-20,57.72316360,88.04000092,315900
2008-10-21,58.33290863,88.97000122,225500
2008-10-22,58.77873611,89.65000153,347700
2008-10-23,58.85744476,89.76999664,330000
2008-10-24,58.60828018,89.38999939,1924600
2008-10-27,58.57548523,89.33999634,213700
2008-10-28,58.10342407,88.62000275,278100
2008-10-29,58.18865967,88.75000000,255400
2008-10-30,57.74282074,88.06999969,406300
2008-10-31,57.62483978,87.88999939,264100
2008-11-03,57.71691895,87.70999908,1942300
2008-11-04,58.40789795,88.76000214,269700
2008-11-05,58.71711731,89.23000336,286500
2008-11-06,58.53949738,88.95999908,173000
2008-11-07,58.32891846,88.63999939,212300
2008-11-10,58.38813019,88.73000336,205400
2008-11-11,58.60530090,89.05999756,130100
2008-11-12,58.96719360,89.61000061,266900
2008-11-13,58.53949738,88.95999908,300500
2008-11-14,59.11857986,89.83999634,324100
2008-11-17,59.36861801,90.22000122,473100
2008-11-18,59.82923889,90.91999817,543600
2008-11-19,60.47414780,91.90000153,432400
2008-11-20,61.69153976,93.75000000,727900
2008-11-21,61.12557602,92.88999939,791300
2008-11-24,60.55311203,92.01999664,611600
2008-11-25,61.59279251,93.59999847,411600
2008-11-26,61.96790695,94.16999817,483400
2008-11-28,62.09292221,94.36000061,134000
2008-12-01,62.93339539,95.31999969,663900
2008-12-02,63.26355743,95.81999969,278300
2008-12-03,63.36256027,95.97000122,352200
2008-12-04,63.75869370,96.56999969,443800
2008-12-05,63.08519363,95.55000305,557500
2008-12-08,62.84749985,95.19000244,523400
2008-12-09,63.38236237,96.00000000,1421700
2008-12-10,63.32294464,95.91000366,737000
2008-12-11,63.70589066,96.48999786,327500
2008-12-12,63.88415527,96.76000214,281300
2008-12-15,64.02275848,96.97000122,328900
2008-12-16,65.03952789,98.51000214,406000
2008-12-17,65.48189545,99.18000031,667900
2008-12-18,65.92424011,99.84999847,477700
2008-12-19,65.70637512,99.51999664,598000
2008-12-22,65.53469849,99.26000214,804200
2008-12-23,65.50170898,99.20999908,324500
2008-12-24,65.43566895,99.11000061,129200
2008-12-26,65.78559113,99.63999939,181100
2008-12-29,65.93074036,99.48999786,211900
2008-12-30,66.02353668,99.62999725,201300
2008-12-31,65.29460144,98.52999878,404600
2009-01-02,64.36015320,97.12000275,455200
2009-01-05,64.24753571,96.94999695,1383500
2009-01-06,64.20775604,96.88999939,900800
2009-01-07,64.22097015,96.91000366,296700
2009-01-08,64.39330292,97.16999817,262600
2009-01-09,64.69154358,97.62000275,278700
2009-01-12,65.09577179,98.23000336,747700
2009-01-13,65.14212799,98.30000305,157700
2009-01-14,65.50658417,98.84999847,321100
2009-01-15,65.45359039,98.76999664,414500
2009-01-16,64.85055542,97.86000061,288800
2009-01-20,64.75117493,97.70999908,357200
2009-01-21,64.17458344,96.83999634,484100
2009-01-22,63.75049591,96.19999695,262600
2009-01-23,63.76372910,96.22000122,361900
2009-01-26,63.60469437,95.98000336,324900
2009-01-27,64.02221680,96.61000061,269300
2009-01-28,63.61130524,95.98999786,266200
2009-01-29,62.78297806,94.73999786,325900
2009-01-30,62.75642014,94.69999695,296900
2009-02-02,63.26550293,95.19999695,347600
2009-02-03,62.72058868,94.37999725,436000
2009-02-04,62.40160370,93.90000153,325000
2009-02-05,62.54780197,94.12000275,641800
2009-02-06,62.16901016,93.55000305,667000
2009-02-09,62.04270935,93.36000061,468300
2009-02-10,62.87344360,94.61000061,437400
2009-02-11,63.35853958,95.33999634,316800
2009-02-12,63.33863068,95.30999756,379900
2009-02-13,62.84020615,94.55999756,304100
2009-02-17,63.89686966,96.15000153,416200
2009-02-18,63.43164825,95.44999695,422300
2009-02-19,63.07937241,94.91999817,229300
2009-02-20,63.25880051,95.19000244,338800
2009-02-23,63.31869507,95.27999878,440600
2009-02-24,63.07937241,94.91999817,557000
2009-02-25,62.50793839,94.05999756,428700
2009-02-26,62.34848022,93.81999969,224800
2009-02-27,62.29528427,93.73999786,288300
2009-03-02,62.92023849,94.43000031,500400
2009-03-03,62.84032440,94.30999756,528400
2009-03-04,62.52049637,93.83000183,331600
2009-03-05,63.25345993,94.93000031,475000
2009-03-06,62.95357895,94.48000336,414800
2009-03-09,62.98024750,94.51999664,224900
2009-03-10,62.52049637,93.83000183,244500
2009-03-11,62.96688461,94.50000000,320700
2009-03-12,63.14680862,94.76999664,271100
2009-03-13,63.10013580,94.69999695,553200
2009-03-16,62.74037170,94.16000366,512100
2009-03-17,62.62040329,93.98000336,222200
2009-03-18,64.76595306,97.19999695,751400
2009-03-19,64.54606628,96.87000275,711100
2009-03-20,64.54606628,96.87000275,231400
2009-03-23,64.32617188,96.54000092,285100
2009-03-24,64.23295593,96.40000153,810500
2009-03-25,63.84648132,95.81999969,443500
2009-03-26,64.01303864,96.06999969,507900
2009-03-27,63.97300339,96.01000214,394200
2009-03-30,64.24622345,96.41999817,321200
2009-03-31,64.35948944,96.58999634,1150800
2009-04-01,64.51724243,96.55000305,230200
2009-04-02,64.09622192,95.91999817,552400
2009-04-03,63.36115265,94.81999969,1177200
2009-04-06,63.21414948,94.59999847,363600
2009-04-07,63.37457275,94.83999634,289700
2009-04-08,63.68861389,95.30999756,250800
2009-04-09,63.31435776,94.75000000,249600
2009-04-13,63.68861389,95.30999756,207300
2009-04-14,64.01603699,95.80000305,254000
2009-04-15,64.07624054,95.88999939,238500
2009-04-16,63.82225418,95.51000214,240100
2009-04-17,63.30775070,94.73999786,239400
2009-04-20,63.74874115,95.40000153,277700
2009-04-21,63.50148773,95.02999878,218500
2009-04-22,63.34777832,94.80000305,160900
2009-04-23,63.33446121,94.77999878,238200
2009-04-24,63.08721161,94.41000366,253500
2009-04-27,63.34777832,94.80000305,207500
2009-04-28,63.04041290,94.33999634,283800
2009-04-29,62.69965744,93.83000183,454400
2009-04-30,62.59272766,93.66999817,410500
2009-05-01,62.39165115,93.08999634,562700
2009-05-04,62.45198822,93.18000031,516400
2009-05-05,62.43854523,93.16000366,245000
2009-05-06,62.46540070,93.19999695,442600
2009-05-07,61.94254303,92.41999817,489800
2009-05-08,62.01634598,92.52999878,399900
2009-05-11,62.59945679,93.40000153,698000
2009-05-12,62.55921936,93.33999634,206800
2009-05-13,62.84742355,93.76999664,287500
2009-05-14,62.85410690,93.77999878,186500
2009-05-15,62.69995880,93.55000305,254100
2009-05-18,62.33134079,93.00000000,456100
2009-05-19,62.24419022,92.87000275,268900
2009-05-20,62.43854523,93.16000366,408600
2009-05-21,61.75490952,92.13999939,374900
2009-05-22,61.39302063,91.59999847,382200
2009-05-26,60.98418427,90.98999786,519900
2009-05-27,60.29381180,89.95999908,733500
2009-05-28,60.60884094,90.43000031,660100
2009-05-29,61.29249191,91.44999695,1119300
2009-06-01,60.29217529,89.69000244,970300
2009-06-02,60.49382782,89.98999786,1903800
2009-06-03,60.86357117,90.54000092,568800
2009-06-04,60.15774536,89.48999786,591100
2009-06-05,59.55945206,88.59999847,1273900
2009-06-08,59.25698090,88.15000153,1135800
2009-06-09,59.51241684,88.52999878,1127200
2009-06-10,59.15609741,88.00000000,1406500
2009-06-11,59.55945206,88.59999847,781400
2009-06-12,59.87544632,89.06999969,608300
2009-06-15,60.14428711,89.47000122,531500
2009-06-16,60.48044586,89.97000122,403000
2009-06-17,60.31911469,89.73000336,594800
2009-06-18,59.58636856,88.63999939,1015500
2009-06-19,59.86201096,89.05000305,850900
2009-06-22,60.18467712,89.52999878,1218000
2009-06-23,60.37962723,89.81999969,492200
2009-06-24,60.15108109,89.48000336,687600
2009-06-25,60.90394592,90.59999847,790700
2009-06-26,60.98461533,90.72000122,263700
2009-06-29,61.11230469,90.91000366,903200
2009-06-30,60.95098114,90.66999817,608800
2009-07-01,60.91187286,90.36000061,394100
2009-07-02,61.11415863,90.66000366,431700
2009-07-06,61.15458679,90.72000122,472200
2009-07-07,61.39726257,91.08000183,741600
2009-07-08,62.10506058,92.12999725,658900
2009-07-09,61.74101257,91.58999634,668900
2009-07-10,62.12526703,92.16000366,400300
2009-07-13,61.90280533,91.83000183,327400
2009-07-14,61.49163055,91.22000122,942100
2009-07-15,60.69615173,90.04000092,714400
2009-07-16,61.06016922,90.58000183,194900
2009-07-17,60.64899445,89.97000122,616000
2009-07-20,60.87147522,90.30000305,335400
2009-07-21,61.55230331,91.30999756,837700
2009-07-22,61.18830872,90.76999664,298300
2009-07-23,60.59507370,89.88999939,518100
2009-07-24,60.72312546,90.08000183,292400
2009-07-27,60.44002533,89.66000366,326800
2009-07-28,60.56137085,89.83999634,299300
2009-07-29,60.60176849,89.90000153,265200
2009-07-30,60.84446335,90.26000214,367400
2009-07-31,61.45789337,91.16999817,631800
2009-08-03,60.80484772,89.94000244,453700
2009-08-04,60.62901688,89.68000031,552000
2009-08-05,60.28429031,89.16999817,393900
2009-08-06,60.28429031,89.16999817,311200
2009-08-07,59.88539124,88.58000183,507200
2009-08-10,60.27073288,89.15000153,1487700
2009-08-11,60.68992615,89.76999664,327400
2009-08-12,60.52094650,89.51999664,624700
2009-08-13,60.99411774,90.22000122,614700
2009-08-14,61.18347168,90.50000000,695000
2009-08-17,61.60258865,91.12000275,572900
2009-08-18,61.38623428,90.80000305,514700
2009-08-19,61.61610031,91.13999939,495400
2009-08-20,61.77838898,91.37999725,542900
2009-08-21,61.14963531,90.44999695,435100
2009-08-24,61.52828979,91.01000214,369100
2009-08-25,61.69049454,91.25000000,315800
2009-08-26,61.77156448,91.37000275,219600
2009-08-27,61.60258865,91.12000275,378700
2009-08-28,61.74454498,91.33000183,303500
2009-08-31,61.92711258,91.59999847,483700
2009-09-01,62.08778381,91.58000183,464500
2009-09-02,62.42674255,92.08000183,381900
2009-09-03,62.20304108,91.75000000,246400
2009-09-04,61.83011627,91.19999695,521400
2009-09-08,61.68781662,90.98999786,408700
2009-09-09,61.74201965,91.06999969,568400
2009-09-10,62.20304108,91.75000000,626900
2009-09-11,62.38607407,92.01999664,1319500
2009-09-14,62.01998138,91.48000336,477100
2009-09-15,61.89115143,91.29000092,710100
2009-09-16,61.84373474,91.22000122,743200
2009-09-17,62.14881134,91.66999817,846500
2009-09-18,61.81661224,91.18000031,910200
2009-09-21,61.77590942,91.12000275,617200
2009-09-22,61.93863678,91.36000061,438800
2009-09-23,62.07422256,91.55999756,794500
2009-09-24,62.24369431,91.80999756,501200
2009-09-25,62.49455643,92.18000031,454100
2009-09-28,62.60298538,92.33999634,514000
2009-09-29,62.57588577,92.30000305,276400
2009-09-30,62.62337494,92.37000275,670900
2009-10-01,63.09453964,92.80999756,1762800
2009-10-02,63.06729126,92.76999664,936600
2009-10-05,63.06049728,92.76000214,509100
2009-10-06,62.85655212,92.45999908,382300
2009-10-07,63.25765991,93.05000305,269500
2009-10-08,63.02648163,92.70999908,422200
2009-10-09,62.42148590,91.81999969,543800
2009-10-12,62.60503769,92.08999634,464800
2009-10-13,62.74775314,92.30000305,489200
2009-10-14,62.31948471,91.66999817,523400
2009-10-15,62.11551666,91.37000275,826100
2009-10-16,62.40105438,91.79000092,765300
2009-10-19,62.49628830,91.93000031,487000
2009-10-20,62.63898468,92.13999939,640800
2009-10-21,62.49628830,91.93000031,406400
2009-10-22,62.31267929,91.66000366,421300
2009-10-23,62.00676346,91.20999908,424800
2009-10-26,61.65324783,90.69000244,762500
2009-10-27,62.18354416,91.47000122,669800
2009-10-28,62.37386322,91.75000000,684100
2009-10-29,62.07475281,91.30999756,351200
2009-10-30,62.53704071,91.98999786,600100
2009-11-02,62.37252808,90.98000336,671100
2009-11-03,62.22851562,90.76999664,353000
2009-11-04,62.05710602,90.51999664,497700
2009-11-05,62.07083893,90.54000092,147600
2009-11-06,62.25592041,90.80999756,327300
2009-11-09,62.28334427,90.84999847,531500
2009-11-10,62.33134842,90.91999817,523000
2009-11-11,62.50963593,91.18000031,275600
2009-11-12,62.53018951,91.20999908,374500
2009-11-13,62.57819366,91.27999878,229300
2009-11-16,62.91408920,91.76999664,514800
2009-11-17,63.05125046,91.97000122,506000
2009-11-18,62.89350510,91.73999786,285300
2009-11-19,62.96893692,91.84999847,378200
2009-11-20,62.96206284,91.83999634,304200
2009-11-23,62.87297440,91.70999908,505100
2009-11-24,63.19516373,92.18000031,753800
2009-11-25,63.40769196,92.48999786,431200
2009-11-27,63.69558716,92.91000366,412200
2009-11-30,63.79844284,93.05999756,404100
2009-12-01,63.44664383,92.33999634,529600
2009-12-02,63.31612015,92.15000153,463800
2009-12-03,63.02063751,91.72000122,463500
2009-12-04,62.55345154,91.04000092,756700
2009-12-07,62.72519684,91.29000092,399100
2009-12-08,62.94509125,91.61000061,502200
2009-12-09,62.82137299,91.43000031,721800
2009-12-10,62.60839081,91.12000275,423200
2009-12-11,62.29922485,90.66999817,454000
2009-12-14,62.29922485,90.66999817,195200
2009-12-15,62.09993362,90.37999725,326000
2009-12-16,62.09993362,90.37999725,761500
2009-12-17,62.64964676,91.18000031,468800
2009-12-18,62.34048462,90.73000336,517600
2009-12-21,61.70145035,89.80000305,609900
2009-12-22,61.42660141,89.40000153,366700
2009-12-23,61.39912033,89.36000061,351400
2009-12-24,61.17923355,89.04000092,160200
2009-12-28,61.01434708,88.80000305,1181400
2009-12-29,61.17544174,88.87000275,428800
2009-12-30,61.28554535,89.02999878,473100
2009-12-31,60.98953629,88.59999847,304300
2010-01-04,61.14102173,88.81999969,619100
2010-01-05,61.40947723,89.20999908,1547500
2010-01-06,61.16171646,88.84999847,365500
2010-01-07,61.16171646,88.84999847,390900
2010-01-08,61.23742294,88.95999908,382500
2010-01-11,61.27865982,89.01999664,653600
2010-01-12,61.71924591,89.66000366,403000
2010-01-13,61.42322159,89.23000336,281900
2010-01-14,61.71234131,89.65000153,511700
2010-01-15,61.98770142,90.05000305,429200
2010-01-19,61.87757874,89.88999939,411900
2010-01-20,62.09099197,90.19999695,228800
2010-01-21,62.31810379,90.52999878,349200
2010-01-22,62.37319183,90.61000061,272900
2010-01-25,62.23548508,90.41000366,1699000
2010-01-26,62.35942459,90.58999634,490600
2010-01-27,62.21483612,90.37999725,342100
2010-01-28,62.19419861,90.34999847,318100
2010-01-29,62.43515015,90.69999695,396700
2010-02-01,62.22101974,90.08999634,634300
2010-02-02,62.32463455,90.23999786,426000
2010-02-03,62.02759552,89.80999756,435300
2010-02-04,62.53876495,90.55000305,503400
2010-02-05,62.73902130,90.83999634,694700
2010-02-08,62.68377304,90.76000214,257600
2010-02-09,62.34539032,90.26999664,481200
2010-02-10,62.17267990,90.01999664,496200
2010-02-11,62.09670639,89.91000366,496900
2010-02-12,62.24177933,90.12000275,219800
2010-02-16,62.37987137,90.31999969,175400
2010-02-17,62.04836655,89.83999634,358000
2010-02-18,61.82737732,89.51999664,474300
2010-02-19,61.86184311,89.56999969,527900
2010-02-22,61.81352234,89.50000000,349700
2010-02-23,62.28316116,90.18000031,557200
2010-02-24,62.31770706,90.23000336,394300
2010-02-25,62.54565811,90.55999756,256600
2010-02-26,62.64235306,90.69999695,609900
2010-03-01,62.70745087,90.55000305,468600
2010-03-02,62.74202347,90.59999847,417900
2010-03-03,62.67972183,90.51000214,476700
2010-03-04,62.79054642,90.66999817,431100
2010-03-05,62.49273682,90.23999786,549900
2010-03-08,62.32654572,90.00000000,399800
2010-03-09,62.48582840,90.23000336,350500
2010-03-10,62.38195038,90.08000183,329800
2010-03-11,62.32654572,90.00000000,283100
2010-03-12,62.42348099,90.13999939,276400
2010-03-15,62.42348099,90.13999939,190100
2010-03-16,62.66589355,90.48999786,388200
2010-03-17,62.74202347,90.59999847,288300
2010-03-18,62.57581711,90.36000061,202600
2010-03-19,62.49273682,90.23999786,171300
2010-03-22,62.70051575,90.54000092,338100
2010-03-23,62.56892014,90.34999847,244100
2010-03-24,61.94566345,89.44999695,531300
2010-03-25,61.71711731,89.12000275,601900
2010-03-26,61.86251831,89.33000183,734100
2010-03-29,61.77253723,89.19999695,521400
2010-03-30,61.83485794,89.29000092,246500
2010-03-31,61.98027039,89.50000000,398900
2010-04-01,61.85178757,89.05999756,397600
2010-04-05,61.29620743,88.26000214,656100
2010-04-06,61.47677994,88.51999664,566100
2010-04-07,61.85874557,89.06999969,562000
2010-04-08,61.78927994,88.97000122,465400
2010-04-09,61.85874557,89.06999969,314600
2010-04-12,62.02542877,89.30999756,402000
2010-04-13,62.14350510,89.48000336,309100
2010-04-14,61.97679901,89.23999786,315800
2010-04-15,62.08096695,89.38999939,299900
2010-04-16,62.45604706,89.93000031,409900
2010-04-19,62.30322266,89.70999908,215300
2010-04-20,62.33098984,89.75000000,171300
2010-04-21,62.53242874,90.04000092,446500
2010-04-22,62.38654709,89.83000183,169300
2010-04-23,62.21297836,89.58000183,174200
2010-04-26,62.25463486,89.63999939,161900
2010-04-27,62.83797073,90.48000336,442800
2010-04-28,62.51853180,90.01999664,409700
2010-04-29,62.62269211,90.16999817,350500
2010-04-30,63.00463867,90.72000122,423200
2010-05-03,62.83956528,90.20999908,300500
2010-05-04,63.26451874,90.81999969,355000
2010-05-05,63.50830841,91.16999817,672000
2010-05-06,64.20489502,92.16999817,902400
2010-05-07,64.03077698,91.91999817,3856500
2010-05-10,63.54315186,91.22000122,836200
2010-05-11,63.61974335,91.33000183,891400
2010-05-12,63.45951843,91.09999847,424000
2010-05-13,63.63367462,91.34999847,420300
2010-05-14,64.04473877,91.94000244,488700
2010-05-17,63.90530777,91.73999786,535100
2010-05-18,64.37208557,92.41000366,1711400
2010-05-19,64.42778778,92.48999786,839700
2010-05-20,65.05474854,93.38999939,1221600
2010-05-21,65.08953857,93.44000244,1196200
2010-05-24,65.08953857,93.44000244,2949400
2010-05-25,65.31244659,93.76000214,1064000
2010-05-26,65.18017578,93.56999969,551600
2010-05-27,64.56016541,92.68000031,522800
2010-05-28,64.85271454,93.09999847,511700
2010-06-01,64.93658447,92.95999908,978900
2010-06-02,64.56631470,92.43000031,519100
2010-06-03,64.47549438,92.30000305,274300
2010-06-04,65.36966705,93.58000183,728300
2010-06-07,65.63509369,93.95999908,413800
2010-06-08,65.43247223,93.66999817,604300
2010-06-09,65.43952179,93.68000031,264000
2010-06-10,64.83181763,92.80999756,655200
2010-06-11,65.24395752,93.40000153,404800
2010-06-14,65.18799591,93.31999969,627700
2010-06-15,64.98540497,93.02999878,1114400
2010-06-16,65.16706085,93.29000092,621900
2010-06-17,65.47442627,93.73000336,792500
2010-06-18,65.34170532,93.54000092,463400
2010-06-21,65.29280090,93.47000122,569100
2010-06-22,65.68397522,94.02999878,549200
2010-06-23,65.92845154,94.37999725,632500
2010-06-24,65.87261200,94.30000305,1075100
2010-06-25,65.97740173,94.44999695,455400
2010-06-28,66.44538879,95.12000275,924300
2010-06-29,66.73181915,95.52999878,920400
2010-06-30,66.82962036,95.66999817,891500
2010-07-01,66.80014801,95.37999725,1293700
2010-07-02,66.68110657,95.20999908,1072400
2010-07-06,66.84220123,95.44000244,914100
2010-07-07,66.63211060,95.13999939,473900
2010-07-08,66.47104645,94.91000366,508400
2010-07-09,66.29588318,94.66000366,439800
2010-07-12,66.40803528,94.81999969,685200
2010-07-13,66.07881165,94.34999847,679700
2010-07-14,66.40803528,94.81999969,566500
2010-07-15,66.75115967,95.30999756,703600
2010-07-16,67.13634491,95.86000061,864200
2010-07-19,66.96128845,95.61000061,489800
2010-07-20,67.03128815,95.70999908,895900
2010-07-21,67.45849609,96.31999969,470700
2010-07-22,67.08740997,95.79000092,656800
2010-07-23,66.87018585,95.48000336,799500
2010-07-26,66.84920502,95.44999695,626300
2010-07-27,66.61807251,95.12000275,528200
2010-07-28,66.90520477,95.52999878,933000
2010-07-29,67.04534149,95.73000336,737300
2010-07-30,67.43751526,96.29000092,563600
2010-08-02,67.22894287,95.73999786,1160900
2010-08-03,67.54495239,96.19000244,911900
2010-08-04,67.26409149,95.79000092,777600
2010-08-05,67.58706665,96.25000000,817400
2010-08-06,68.02945709,96.87999725,438400
2010-08-09,68.01538086,96.86000061,464800
2010-08-10,68.35951233,97.34999847,641200
2010-08-11,68.74572754,97.90000153,911200
2010-08-12,68.57015991,97.65000153,1701100
2010-08-13,68.86508942,98.06999969,705800
2010-08-16,69.36361694,98.77999878,1453200
2010-08-17,69.01253510,98.27999878,774300
2010-08-18,68.94234467,98.18000031,1148600
2010-08-19,69.25133514,98.62000275,684100
2010-08-20,69.02663422,98.30000305,306000
2010-08-23,69.11793518,98.43000031,575600
2010-08-24,69.66558838,99.20999908,973400
2010-08-25,69.34960175,98.76000214,690100
2010-08-26,69.66558838,99.20999908,845000
2010-08-27,68.86508942,98.06999969,1014100
2010-08-30,69.39180756,98.81999969,463500
2010-08-31,69.70072174,99.26000214,1276700
2010-09-01,69.19876862,98.30000305,1268700
2010-09-02,68.91013336,97.88999939,1273500
2010-09-03,68.51598358,97.33000183,1308300
2010-09-07,69.05802917,98.09999847,778200
2010-09-08,68.86791992,97.83000183,1124900
2010-09-09,68.32586670,97.05999756,929300
2010-09-10,68.12880707,96.77999878,725300
2010-09-13,68.45260620,97.23999786,1450100
2010-09-14,68.79755402,97.73000336,590900
2010-09-15,68.55821991,97.38999939,900600
2010-09-16,68.31887054,97.05000305,2902900
2010-09-17,68.47373199,97.26999664,1738600
2010-09-20,68.68491364,97.56999969,619900
2010-09-21,69.32552338,98.48000336,1279500
2010-09-22,69.43110657,98.62999725,978800
2010-09-23,69.52963257,98.76999664,514000
2010-09-24,69.18474579,98.27999878,1317500
2010-09-27,69.71970367,99.04000092,782100
2010-09-28,69.95204926,99.37000275,776000
2010-09-29,69.78308868,99.12999725,820400
2010-09-30,69.69861603,99.01000214,813200
2010-10-01,69.73600006,98.83000183,846600
2010-10-04,69.98295593,99.18000031,1260800
2010-10-05,69.99707794,99.19999695,1092900
2010-10-06,70.44865417,99.83999634,614400
2010-10-07,70.51921844,99.94000244,534700
2010-10-08,70.54744720,99.98000336,868200
2010-10-11,70.61799622,100.08000183,400300
2010-10-12,70.41338348,99.79000092,991900
2010-10-13,70.41338348,99.79000092,473800
2010-10-14,70.01119232,99.22000122,955100
2010-10-15,69.70778656,98.79000092,807100
2010-10-18,70.03943634,99.26000214,1149600
2010-10-19,70.27927399,99.59999847,763700
2010-10-20,70.23700714,99.54000092,615100
2010-10-21,69.84889984,98.98999786,594300
2010-10-22,69.87004852,99.01999664,643600
2010-10-25,69.84889984,98.98999786,1436800
2010-10-26,69.38317108,98.33000183,831800
2010-10-27,68.98099518,97.76000214,1223500
2010-10-28,69.38317108,98.33000183,738700
2010-10-29,69.69371033,98.76999664,768600
2010-11-01,69.57696533,98.37000275,1042700
2010-11-02,69.81036377,98.69999695,356700
2010-11-03,70.03665924,99.01999664,912000
2010-11-04,70.60256958,99.81999969,1092500
2010-11-05,70.30545807,99.40000153,1108100
2010-11-08,70.32667542,99.43000031,469400
2010-11-09,69.73258209,98.58999634,744600
2010-11-10,69.99425507,98.95999908,1298900
2010-11-11,69.91645813,98.84999847,403500
2010-11-12,69.33653259,98.02999878,2041400
2010-11-15,68.44529724,96.76999664,1174200
2010-11-16,68.95452881,97.48999786,954600
2010-11-17,68.75649261,97.20999908,580200
2010-11-18,68.59381104,96.98000336,2968200
2010-11-19,68.73527527,97.18000031,530600
2010-11-22,69.10306549,97.69999695,495400
2010-11-23,69.24452972,97.90000153,659400
2010-11-24,68.50186157,96.84999847,1112700
2010-11-26,68.79891968,97.26999664,210100
2010-11-29,68.94747925,97.48000336,527800
2010-11-30,69.06771088,97.65000153,874200
2010-12-01,68.15943909,96.12999725,1967700
2010-12-02,67.98925018,95.88999939,983500
2010-12-03,67.99638367,95.90000153,374500
2010-12-06,68.42185211,96.50000000,902000
2010-12-07,67.28730774,94.90000153,1335700
2010-12-08,66.71301270,94.08999634,2155300
2010-12-09,66.85485077,94.29000092,1664700
2010-12-10,66.28762054,93.48999786,1002400
2010-12-13,66.50034332,93.79000092,1323400
2010-12-14,65.79836273,92.80000305,1878500
2010-12-15,65.52894592,92.41999817,1871900
2010-12-16,65.91891479,92.97000122,1351000
2010-12-17,66.48612213,93.76999664,1361700
2010-12-20,66.47900391,93.76000214,804000
2010-12-21,66.62082672,93.95999908,848500
2010-12-22,66.43650818,93.69999695,308900
2010-12-23,66.20247650,93.37000275,540600
2010-12-27,66.45774841,93.73000336,407100
2010-12-28,65.75966644,92.50000000,955200
2010-12-29,66.49901581,93.54000092,1362200
2010-12-30,66.36391449,93.34999847,529800
2010-12-31,66.69807434,93.81999969,674300
2011-01-03,66.49187469,93.52999878,1396100
2011-01-04,66.64828491,93.75000000,1234100
2011-01-05,65.93028259,92.73999786,1111900
2011-01-06,66.27154541,93.22000122,1452400
2011-01-07,66.71228027,93.83999634,736500
2011-01-10,66.93976593,94.16000366,1096400
2011-01-11,66.67667389,93.79000092,760400
2011-01-12,66.48477173,93.51999664,753000
2011-01-13,66.93265533,94.15000153,1051500
2011-01-14,66.74781799,93.88999939,734500
2011-01-18,66.58432770,93.66000366,1063800
2011-01-19,66.75495911,93.90000153,732200
2011-01-20,66.23590088,93.16999817,697000
2011-01-21,66.45632172,93.48000336,523900
2011-01-24,66.46343994,93.48999786,497800
2011-01-25,66.79754639,93.95999908,1126500
2011-01-26,66.39231873,93.38999939,869900
2011-01-27,66.64119720,93.73999786,531500
2011-01-28,66.94686127,94.16999817,1056600
2011-01-31,66.68383026,93.80000305,555100
2011-02-01,66.37379456,93.12999725,1009200
2011-02-02,66.21702576,92.91000366,1120000
2011-02-03,65.83927917,92.37999725,1310900
2011-02-04,65.43308258,91.80999756,1523900
2011-02-07,65.40453339,91.76999664,850700
2011-02-08,64.95552826,91.13999939,997200
2011-02-09,65.32613373,91.66000366,786000
2011-02-10,65.11232758,91.36000061,617000
2011-02-11,65.41162872,91.77999878,1492700
2011-02-14,65.43308258,91.80999756,1311100
2011-02-15,65.58266449,92.01999664,603700
2011-02-16,65.49005127,91.88999939,620100
2011-02-17,65.73237610,92.23000336,776500
2011-02-18,65.71810150,92.20999908,418400
2011-02-22,66.35243225,93.09999847,1383500
2011-02-23,66.18846893,92.87000275,651700
2011-02-24,66.35948181,93.11000061,508800
2011-02-25,66.57334137,93.41000366,571900
2011-02-28,66.54486847,93.37000275,372400
2011-03-01,66.62059021,93.26000214,530800
2011-03-02,66.27053833,92.76999664,425400
2011-03-03,65.82049561,92.13999939,616800
2011-03-04,66.29197693,92.80000305,637300
2011-03-07,66.12767029,92.56999969,489600
2011-03-08,65.97051239,92.34999847,538100
2011-03-09,66.35626221,92.88999939,626000
2011-03-10,66.92058563,93.68000031,1576500
2011-03-11,66.76343536,93.45999908,690300
2011-03-14,66.91348267,93.66999817,806200
2011-03-15,67.15634918,94.01000214,1661100
2011-03-16,67.72781372,94.80999756,1588800
2011-03-17,67.52061462,94.51999664,639900
2011-03-18,67.47781372,94.45999908,1513200
2011-03-21,67.12774658,93.97000122,1029000
2011-03-22,67.16347504,94.01999664,573500
2011-03-23,67.07772827,93.90000153,696900
2011-03-24,66.73483276,93.41999817,1098100
2011-03-25,66.55627441,93.16999817,782400
2011-03-28,66.57767487,93.19999695,634900
2011-03-29,66.38481903,92.93000031,1047300
2011-03-30,66.61341095,93.25000000,773500
2011-03-31,66.44202423,93.01000214,1093100
2011-04-01,66.58383179,92.95999908,1062700
2011-04-04,66.73420715,93.16999817,886100
2011-04-05,66.39752960,92.69999695,777000
2011-04-06,66.11109924,92.30000305,857500
2011-04-07,66.11820221,92.30999756,743800
2011-04-08,65.92485809,92.04000092,595100
2011-04-11,66.01076508,92.16000366,364200
2011-04-12,66.38320923,92.68000031,1055400
2011-04-13,66.64115906,93.04000092,678700
2011-04-14,66.41909790,92.73000336,1036300
2011-04-15,66.90608978,93.41000366,881400
2011-04-18,67.07087708,93.63999939,902400
2011-04-19,67.15680695,93.76000214,532000
2011-04-20,66.89178467,93.38999939,708200
2011-04-21,66.94190216,93.45999908,670600
2011-04-25,67.17826843,93.79000092,826200
2011-04-26,67.46481323,94.19000244,519700
2011-04-27,67.27143097,93.91999817,1379500
2011-04-28,67.52925873,94.27999878,975600
2011-04-29,67.66535187,94.47000122,436000
2011-05-02,67.64452362,94.19999695,632300
2011-05-03,67.82403564,94.44999695,1660700
2011-05-04,67.99643707,94.69000244,1169500
2011-05-05,68.33383179,95.16000366,898400
2011-05-06,68.36976624,95.20999908,1034800
2011-05-09,68.47037506,95.34999847,559600
2011-05-10,68.14003754,94.88999939,661600
2011-05-11,68.38421631,95.23000336,611100
2011-05-12,68.23333740,95.01999664,652000
2011-05-13,68.49904633,95.38999939,494100
2011-05-16,68.66423035,95.62000275,590800
2011-05-17,68.86529541,95.90000153,986400
2011-05-18,68.47037506,95.34999847,790700
2011-05-19,68.54213715,95.44999695,718000
2011-05-20,68.70731354,95.68000031,669600
2011-05-23,68.80067444,95.80999756,928000
2011-05-24,68.87250519,95.91000366,639300
2011-05-25,68.87966156,95.91999817,1345600
2011-05-26,69.26023865,96.44999695,806200
2011-05-27,69.25306702,96.44000244,943800
2011-05-31,69.36086273,96.58999634,2917900
2011-06-01,69.93241119,97.13999939,2997200
2011-06-02,69.51485443,96.55999756,1744400
2011-06-03,69.78839111,96.94000244,1531200
2011-06-06,69.74519348,96.87999725,1106900
2011-06-07,69.87480164,97.05999756,1710300
2011-06-08,70.02599335,97.26999664,1471600
2011-06-09,69.74519348,96.87999725,1016900
2011-06-10,69.96835327,97.19000244,1020500
2011-06-13,69.81718445,96.98000336,1009900
2011-06-14,69.26282501,96.20999908,2088800
2011-06-15,70.01156616,97.25000000,1352300
2011-06-16,70.20598602,97.51999664,1958400
2011-06-17,70.15554047,97.44999695,998000
2011-06-20,70.04754639,97.30000305,774100
2011-06-21,69.95395660,97.16999817,1064900
2011-06-22,69.92515564,97.12999725,1119300
2011-06-23,70.29236603,97.63999939,1264700
2011-06-24,70.58753967,98.05000305,997200
2011-06-27,70.31395721,97.66999817,1185700
2011-06-28,69.66603088,96.76999664,1315300
2011-06-29,69.24847412,96.19000244,1376300
2011-06-30,69.01096344,95.86000061,1948200
2011-07-01,68.83841705,95.38999939,1921800
2011-07-05,69.27137756,95.98999786,2896800
2011-07-06,69.39411163,96.16000366,1234900
2011-07-07,69.12711334,95.79000092,1289100
2011-07-08,69.86318207,96.80999756,1278100
2011-07-11,70.39719391,97.55000305,1158800
2011-07-12,70.49824524,97.69000244,1205400
2011-07-13,70.61368561,97.84999847,1247900
2011-07-14,70.20957184,97.29000092,959000
2011-07-15,70.49824524,97.69000244,874200
2011-07-18,70.45492554,97.62999725,883600
2011-07-19,70.72190857,98.00000000,1211400
2011-07-20,70.37551880,97.51999664,752900
2011-07-21,69.98590088,96.98000336,1211000
2011-07-22,70.25286102,97.34999847,813700
2011-07-25,70.02914429,97.04000092,1541700
2011-07-26,70.32502747,97.44999695,655600
2011-07-27,70.20957184,97.29000092,1066600
2011-07-28,70.34670258,97.48000336,671500
2011-07-29,71.19826508,98.66000366,1602200
2011-08-01,71.45719910,98.77999878,2389600
2011-08-02,72.11549377,99.69000244,2287600
2011-08-03,72.17336273,99.76999664,1922600
2011-08-04,73.12822723,101.08999634,2813700
2011-08-05,72.28191376,99.91999817,3041500
2011-08-08,73.43209839,101.51000214,5178100
2011-08-09,73.85890961,102.09999847,3768400
2011-08-10,74.83548737,103.44999695,2768900
2011-08-11,73.73593903,101.93000031,2344700
2011-08-12,74.24948883,102.63999939,1176300
2011-08-15,73.97465515,102.26000214,986300
2011-08-16,74.31461334,102.73000336,2025400
2011-08-17,74.83548737,103.44999695,826200
2011-08-18,75.22611237,103.98999786,2211800
2011-08-19,75.30568695,104.09999847,683200
2011-08-22,75.16822052,103.91000366,913600
2011-08-23,74.86443329,103.48999786,1414200
2011-08-24,74.06143951,102.37999725,1089800
2011-08-25,74.51716614,103.01000214,1391200
2011-08-26,74.75593567,103.33999634,1080300
2011-08-29,74.26400757,102.66000366,1106000
2011-08-30,74.77760315,103.37000275,693800
2011-08-31,74.50994873,103.00000000,1069300
2011-09-01,75.10375214,103.58999634,1566800
2011-09-02,75.79253387,104.54000092,1137900
2011-09-06,75.89397430,104.68000031,1200500
2011-09-07,75.48797607,104.12000275,945800
2011-09-08,75.85773468,104.62999725,935700
2011-09-09,76.22749329,105.13999939,1014200
2011-09-12,75.99549103,104.81999969,2177800
2011-09-13,75.77069855,104.51000214,932600
2011-09-14,75.81426239,104.56999969,1214000
2011-09-15,75.24871826,103.79000092,1037900
2011-09-16,75.39373779,103.98999786,699000
2011-09-19,76.01001740,104.83999634,896500
2011-09-20,76.11148834,104.98000336,1005000
2011-09-21,76.43772888,105.43000031,929500
2011-09-22,77.14826202,106.41000366,3436500
2011-09-23,76.51022339,105.52999878,1764700
2011-09-26,76.19122314,105.08999634,1214800
2011-09-27,75.68377686,104.38999939,1159700
2011-09-28,75.69822693,104.41000366,1270500
2011-09-29,75.69822693,104.41000366,1096000
2011-09-30,76.17673492,105.06999969,1604500
2011-10-03,76.88215637,105.83000183,2105600
2011-10-04,76.48987579,105.29000092,2056100
2011-10-05,76.17018127,104.84999847,1174300
2011-10-06,75.63986969,104.12000275,1336400
2011-10-07,75.24758911,103.58000183,2276300
2011-10-10,74.45571899,102.48999786,803900
2011-10-11,74.70274353,102.83000183,978400
2011-10-12,74.44852448,102.48000336,2324400
2011-10-13,74.74634552,102.88999939,1474100
2011-10-14,74.37585449,102.37999725,703100
2011-10-17,74.86253357,103.05000305,1274600
2011-10-18,74.78265381,102.94000244,912600
2011-10-19,74.89884186,103.09999847,733400
2011-10-20,74.74634552,102.88999939,700200
2011-10-21,74.60828400,102.69999695,1276000
2011-10-24,74.57192993,102.65000153,1381500
2011-10-25,75.21119690,103.52999878,1020200
2011-10-26,74.65911865,102.76999664,989900
2011-10-27,73.75834656,101.52999878,1636600
2011-10-28,74.20149231,102.13999939,936300
2011-10-31,75.19676971,103.51000214,1182700
2011-11-01,76.09868622,104.54000092,2251700
2011-11-02,75.91671753,104.29000092,1088000
2011-11-03,75.55995178,103.80000305,739700
2011-11-04,75.78559875,104.11000061,735400
2011-11-07,75.87301636,104.23000336,844100
2011-11-08,75.53086853,103.76000214,418300
2011-11-09,76.20053864,104.68000031,760300
2011-11-10,75.82932281,104.16999817,664200
2011-11-11,75.47988892,103.69000244,323600
2011-11-14,75.95303345,104.33999634,586500
2011-11-15,75.85118866,104.19999695,480100
2011-11-16,76.12778473,104.58000183,335200
2011-11-17,76.28063202,104.79000092,805500
2011-11-18,75.99678040,104.40000153,1883100
2011-11-21,76.20783234,104.69000244,692300
2011-11-22,76.44081116,105.01000214,2619500
2011-11-23,76.70284271,105.37000275,2189500
2011-11-25,76.21514130,104.69999695,466700
2011-11-28,76.22239685,104.70999908,1286600
2011-11-29,76.07680511,104.51000214,602100
2011-11-30,75.63277435,103.90000153,962800
2011-12-01,75.61086273,103.66999817,1027100
2011-12-02,75.94636536,104.12999725,892400
2011-12-05,75.90261841,104.06999969,979100
2011-12-06,75.70567322,103.80000305,543000
2011-12-07,76.04845428,104.26999664,739300
2011-12-08,76.43503571,104.80000305,658200
2011-12-09,75.90992737,104.08000183,961100
2011-12-12,76.17250824,104.44000244,1068900
2011-12-13,76.52259064,104.91999817,512500
2011-12-14,76.84349060,105.36000061,760100
2011-12-15,76.77788544,105.26999664,968900
2011-12-16,77.14978027,105.77999878,748700
2011-12-19,77.41232300,106.13999939,1126600
2011-12-20,76.71218109,105.18000031,1365000
2011-12-21,76.46422577,104.83999634,479000
2011-12-22,76.55904388,104.97000122,731900
2011-12-23,76.24544525,104.54000092,435500
2011-12-27,76.28853607,104.41000366,616500
2011-12-28,76.77074432,105.06999969,919900
2011-12-29,76.86573029,105.19999695,556000
2011-12-30,77.13603973,105.56999969,1230000
2012-01-03,76.64656830,104.90000153,1297700
2012-01-04,76.40544128,104.56999969,1789000
2012-01-05,76.42001343,104.58999634,1311300
2012-01-06,76.71960449,105.00000000,998200
2012-01-09,76.73420715,105.01999664,379900
2012-01-10,76.58077240,104.80999756,1636100
2012-01-11,77.02646637,105.41999817,931600
2012-01-12,76.86573029,105.19999695,685000
2012-01-13,77.20919800,105.66999817,554000
2012-01-17,77.28223419,105.76999664,1158100
2012-01-18,77.04110718,105.44000244,455200
2012-01-19,76.58077240,104.80999756,1587200
2012-01-20,76.31776428,104.44999695,650600
2012-01-23,76.14971161,104.22000122,734000
2012-01-24,76.23738098,104.33999634,1388100
2012-01-25,76.60273743,104.83999634,1149200
2012-01-26,77.01187897,105.40000153,1055000
2012-01-27,77.24565125,105.72000122,767600
2012-01-30,77.50879669,106.08000183,1152400
2012-01-31,77.80102539,106.48000336,1001800
2012-02-01,77.53088379,105.91999817,1698800
2012-02-02,77.64070129,106.06999969,839900
2012-02-03,77.02581787,105.23000336,1112600
2012-02-06,77.23813629,105.51999664,2968500
2012-02-07,76.74034119,104.83999634,1164900
2012-02-08,76.77695465,104.88999939,404800
2012-02-09,76.60128784,104.65000153,1802500
2012-02-10,77.03313446,105.23999786,1322600
2012-02-13,76.98191071,105.16999817,299300
2012-02-14,77.14295959,105.38999939,615500
2012-02-15,77.20146942,105.47000122,344100
2012-02-16,76.85011292,104.98999786,1540500
2012-02-17,76.76962280,104.87999725,653600
2012-02-21,76.49151611,104.50000000,635300
2012-02-22,76.79160309,104.91000366,538200
2012-02-23,76.90142059,105.05999756,805900
2012-02-24,76.95994568,105.13999939,360100
2012-02-27,77.21615601,105.48999786,588600
2012-02-28,77.25272369,105.54000092,817900
2012-02-29,76.94532013,105.12000275,787500
2012-03-01,76.69602966,104.61000061,1185200
2012-03-02,77.00396729,105.02999878,360100
2012-03-05,76.84996796,104.81999969,1406100
2012-03-06,77.17260742,105.26000214,605800
2012-03-07,77.02596283,105.05999756,436100
2012-03-08,76.79867554,104.75000000,329900
2012-03-09,76.74001312,104.66999817,286800
2012-03-12,76.71806335,104.63999939,503100
2012-03-13,76.16815186,103.88999939,618600
2012-03-14,75.29568481,102.69999695,1733100
2012-03-15,75.27367401,102.66999817,2302300
2012-03-16,75.25170898,102.63999939,681200
2012-03-19,74.78984833,102.01000214,1133200
2012-03-20,74.82645416,102.05999756,769100
2012-03-21,75.20772552,102.58000183,458100
2012-03-22,75.30305481,102.70999908,326200
2012-03-23,75.58163452,103.08999634,396100
2012-03-26,75.49365997,102.97000122,471700
2012-03-27,75.91159821,103.54000092,579200
2012-03-28,75.77954102,103.36000061,314700
2012-03-29,76.09484863,103.79000092,727700
2012-03-30,75.72093964,103.27999878,502600
2012-04-02,75.90236664,103.34999847,1433800
2012-04-03,75.34419250,102.58999634,833100
2012-04-04,75.72607422,103.11000061,461300
2012-04-05,76.06390381,103.56999969,456400
2012-04-09,76.84239960,104.62999725,573700
2012-04-10,77.20224762,105.12000275,900500
2012-04-11,76.90116119,104.70999908,435000
2012-04-12,76.74694061,104.50000000,451500
2012-04-13,77.20964050,105.12999725,461400
2012-04-16,77.18756104,105.09999847,1179600
2012-04-17,77.10675812,104.98999786,923400
2012-04-18,77.26102448,105.19999695,502900
2012-04-19,77.34916687,105.31999969,408800
2012-04-20,77.35649109,105.33000183,377500
2012-04-23,77.51067352,105.54000092,746600
2012-04-24,77.31243134,105.26999664,506100
2012-04-25,77.21692657,105.13999939,681200
2012-04-26,77.47399139,105.48999786,314300
2012-04-27,77.55480194,105.59999847,368100
2012-04-30,77.62088013,105.69000244,1820300
2012-05-01,77.47961426,105.33000183,864100
2012-05-02,77.62678528,105.52999878,1030200
2012-05-03,77.61944580,105.51999664,360000
2012-05-04,77.92841339,105.94000244,814100
2012-05-07,77.90632629,105.91000366,490800
2012-05-08,78.08283997,106.15000153,522300
2012-05-09,78.14902496,106.23999786,961400
2012-05-10,78.03867340,106.08999634,347000
2012-05-11,78.29618073,106.44000244,403500
2012-05-14,78.64185333,106.91000366,650200
2012-05-15,78.66393280,106.94000244,922100
2012-05-16,78.72277832,107.01999664,761600
2012-05-17,79.01702118,107.41999817,764000
2012-05-18,78.96552277,107.34999847,831900
2012-05-21,78.75956726,107.06999969,791600
2012-05-22,78.59040833,106.83999634,538300
2012-05-23,78.79632568,107.12000275,658000
2012-05-24,78.62717438,106.88999939,417700
2012-05-25,78.85519409,107.19999695,370400
2012-05-29,78.78897095,107.11000061,865400
2012-05-30,79.53931427,108.12999725,645600
2012-05-31,79.84825897,108.55000305,2994300
2012-06-01,80.53413391,109.30999756,2186400
2012-06-04,80.07002258,108.68000031,849500
2012-06-05,79.80476379,108.31999969,836700
2012-06-06,79.28170776,107.61000061,1492800
2012-06-07,79.47325897,107.87000275,631800
2012-06-08,79.53224945,107.94999695,468000
2012-06-11,79.74582672,108.23999786,1050900
2012-06-12,79.31851196,107.66000366,569700
2012-06-13,79.73852539,108.23000336,1332100
2012-06-14,79.52480316,107.94000244,802600
2012-06-15,79.89320374,108.44000244,769400
2012-06-18,79.87107849,108.41000366,718800
2012-06-19,79.59851837,108.04000092,1536800
2012-06-20,79.43642426,107.81999969,913100
2012-06-21,79.60587311,108.05000305,1655900
2012-06-22,79.25954437,107.58000183,1770300
2012-06-25,79.69427490,108.16999817,594900
2012-06-26,79.51744843,107.93000031,2395600
2012-06-27,79.62794495,108.08000183,3445300
2012-06-28,79.88579559,108.43000031,413400
2012-06-29,79.51744843,107.93000031,646900
2012-07-02,79.88639069,108.26999664,1580800
2012-07-03,79.68717957,108.00000000,588000
2012-07-05,79.90117645,108.29000092,1602600
2012-07-06,80.18153381,108.66999817,1146900
2012-07-09,80.40284729,108.97000122,495300
2012-07-10,80.43976593,109.01999664,631900
2012-07-11,80.36599731,108.91999817,825800
2012-07-12,80.55046844,109.16999817,840400
2012-07-13,80.48400116,109.08000183,307900
2012-07-16,80.66108704,109.31999969,349400
2012-07-17,80.45453644,109.04000092,637900
2012-07-18,80.53564453,109.15000153,606000
2012-07-19,80.41760254,108.98999786,949100
2012-07-20,80.73487854,109.41999817,250900
2012-07-23,80.86766052,109.59999847,1675600
2012-07-24,81.02265167,109.80999756,905500
2012-07-25,81.06694794,109.87000275,1246800
2012-07-26,80.81610107,109.52999878,742000
2012-07-27,80.23311615,108.73999786,1072300
2012-07-30,80.49140930,109.08999634,666000
2012-07-31,80.63158417,109.27999878,2209700
2012-08-01,80.33750153,108.72000122,977300
2012-08-02,80.52956390,108.98000336,620000
2012-08-03,80.10840607,108.41000366,765500
2012-08-06,80.16012573,108.48000336,850800
2012-08-07,79.73897552,107.91000366,1228200
2012-08-08,79.62810516,107.76000214,862800
2012-08-09,79.56896210,107.68000031,833700
2012-08-10,79.79806519,107.98999786,466900
2012-08-13,79.74635315,107.91999817,729500
2012-08-14,79.35473633,107.38999939,642100
2012-08-15,78.95571136,106.84999847,934600
2012-08-16,78.76355743,106.58999634,861400
2012-08-17,78.85959625,106.72000122,784300
2012-08-20,78.90395355,106.77999878,1000100
2012-08-21,78.97045898,106.87000275,684500
2012-08-22,79.58374023,107.69999695,730600
2012-08-23,79.72416687,107.88999939,440200
2012-08-24,79.68721771,107.83999634,311500
2012-08-27,79.89413452,108.12000275,467400
2012-08-28,79.92372131,108.16000366,615000
2012-08-29,79.87196350,108.08999634,764700
2012-08-30,80.01979065,108.29000092,642200
2012-08-31,80.53701019,108.98999786,912700
2012-09-04,80.35279083,108.58999634,1200200
2012-09-05,80.32316589,108.55000305,782300
2012-09-06,79.77559662,107.80999756,1376700
2012-09-07,79.87923431,107.94999695,2748500
2012-09-10,79.91619110,108.00000000,1614100
2012-09-11,79.76815796,107.80000305,375200
2012-09-12,79.37597656,107.26999664,660700
2012-09-13,79.60536194,107.58000183,1458700
2012-09-14,78.85800934,106.56999969,1050800
2012-09-17,79.02082062,106.79000092,745300
2012-09-18,79.22058868,107.05999756,578700
2012-09-19,79.40563202,107.30999756,437200
2012-09-20,79.45005798,107.37000275,422300
2012-09-21,79.62021637,107.59999847,682000
2012-09-24,79.79777527,107.83999634,943800
2012-09-25,80.09378052,108.23999786,471900
2012-09-26,80.42674255,108.69000244,444600
2012-09-27,80.25651550,108.45999908,295400
2012-09-28,80.25651550,108.45999908,612500
2012-10-01,80.40546417,108.51999664,1213500
2012-10-02,80.35358429,108.44999695,846500
2012-10-03,80.43514252,108.55999756,938000
2012-10-04,80.11654663,108.12999725,376700
2012-10-05,79.75347137,107.63999939,805200
2012-10-08,80.01280212,107.98999786,403700
2012-10-09,79.84984589,107.76999664,387200
2012-10-10,80.04243469,108.02999878,318100
2012-10-11,80.11654663,108.12999725,1217500
2012-10-12,80.12394714,108.13999939,427900
2012-10-15,80.14619446,108.16999817,635000
2012-10-16,79.76828766,107.66000366,585500
2012-10-17,79.26442719,106.98000336,597300
2012-10-18,79.12368774,106.79000092,1157500
2012-10-19,79.45709229,107.23999786,808100
2012-10-22,79.19038391,106.87999725,760000
2012-10-23,79.56826782,107.38999939,414600
2012-10-24,79.39788818,107.16000366,682400
2012-10-25,79.10889435,106.76999664,437300
2012-10-26,79.61264038,107.44999695,414800
2012-10-31,79.93869781,107.88999939,728100
2012-11-01,79.77917480,107.52999878,918300
2012-11-02,79.84593964,107.62000275,527200
2012-11-05,80.03886414,107.87999725,805400
2012-11-06,79.67535400,107.38999939,486000
2012-11-07,80.34309387,108.29000092,979800
2012-11-08,80.69918060,108.76999664,514700
2012-11-09,80.70657349,108.77999878,368200
2012-11-12,80.75852203,108.84999847,267900
2012-11-13,80.85497284,108.98000336,1608900
2012-11-14,80.87724304,109.01000214,1477300
2012-11-15,80.84011078,108.95999908,1448500
2012-11-16,80.89208221,109.02999878,578100
2012-11-19,80.72888184,108.80999756,712300
2012-11-20,80.39499664,108.36000061,970700
2012-11-21,80.27631378,108.19999695,291500
2012-11-23,80.23174286,108.13999939,466000
2012-11-26,80.36536407,108.31999969,1522400
2012-11-27,80.55078125,108.56999969,579100
2012-11-28,80.65463257,108.70999908,1057500
2012-11-29,80.73631287,108.81999969,814200
2012-11-30,80.72142029,108.80000305,557800
2012-12-03,80.68950653,108.62000275,750400
2012-12-04,80.83065033,108.80999756,479300
2012-12-05,80.89752197,108.90000153,505500
2012-12-06,80.94202423,108.95999908,443700
2012-12-07,80.71173859,108.65000153,515700
2012-12-10,80.78609467,108.75000000,707500
2012-12-11,80.63002014,108.54000092,734300
2012-12-12,80.28835297,108.08000183,1165600
2012-12-13,80.13233948,107.87000275,862900
2012-12-14,80.31064606,108.11000061,380700
2012-12-17,79.88718414,107.54000092,660100
2012-12-18,79.57517242,107.12000275,846400
2012-12-19,79.68662262,107.26999664,675300
2012-12-20,79.73863983,107.33999634,377100
2012-12-21,79.95407104,107.62999725,499200
2012-12-24,79.87232971,107.51999664,903400
2012-12-26,80.03674316,107.58999634,780000
2012-12-27,80.20036316,107.80999756,446700
2012-12-28,80.38640594,108.05999756,552200
2012-12-31,79.96238708,107.48999786,1742800
2013-01-02,79.59785461,107.00000000,2561300
2013-01-03,79.18868256,106.44999695,2131900
2013-01-04,79.22591400,106.50000000,975400
2013-01-07,79.27050018,106.55999756,1387400
2013-01-08,79.46392059,106.81999969,364200
2013-01-09,79.50856781,106.87999725,517700
2013-01-10,79.27793121,106.56999969,689100
2013-01-11,79.53086853,106.91000366,553900
2013-01-14,79.50115967,106.87000275,971700
2013-01-15,79.69455719,107.12999725,428800
2013-01-16,79.79864502,107.26999664,534000
2013-01-17,79.43419647,106.77999878,436100
2013-01-18,79.65735626,107.08000183,560100
2013-01-22,79.72430420,107.16999817,595400
2013-01-23,79.76146698,107.22000122,603600
2013-01-24,79.62760162,107.04000092,376300
2013-01-25,79.09941864,106.33000183,570600
2013-01-28,78.93575287,106.11000061,1328000
2013-01-29,78.81675720,105.94999695,480600
2013-01-30,78.86139679,106.01000214,453200
2013-01-31,78.92830658,106.09999847,902500
2013-02-01,78.66020966,105.59999847,2587800
2013-02-04,79.11456299,106.20999908,693400
2013-02-05,78.83148956,105.83000183,797700
2013-02-06,79.06990814,106.15000153,816800
2013-02-07,79.10710907,106.19999695,970000
2013-02-08,79.16671753,106.27999878,952800
2013-02-11,79.08478546,106.16999817,558800
2013-02-12,79.00281525,106.05999756,531500
2013-02-13,78.72721863,105.69000244,610700
2013-02-14,79.06236267,106.13999939,988000
2013-02-15,78.98791504,106.04000092,681700
2013-02-19,78.86128998,105.87000275,498800
2013-02-20,79.03260040,106.09999847,869900
2013-02-21,79.18902588,106.30999756,681000
2013-02-22,79.28590393,106.44000244,412800
2013-02-25,79.89669800,107.26000214,2909000
2013-02-26,79.74770355,107.05999756,860900
2013-02-27,79.71047974,107.01000214,398800
2013-02-28,79.82218933,107.16000366,534400
2013-03-01,80.02130890,107.30000305,876500
2013-03-04,79.83489227,107.05000305,572600
2013-03-05,79.75283051,106.94000244,224700
2013-03-06,79.49931335,106.59999847,1091700
2013-03-07,79.19352722,106.19000244,804500
2013-03-08,78.79080200,105.65000153,1651900
2013-03-11,78.82810211,105.69999695,1465800
2013-03-12,79.04434204,105.98999786,525300
2013-03-13,78.97719574,105.90000153,1116500
2013-03-14,78.99963379,105.93000031,557400
2013-03-15,79.27553558,106.30000305,1184700
2013-03-18,79.53659058,106.65000153,1442000
2013-03-19,79.78269958,106.98000336,545300
2013-03-20,79.47688293,106.56999969,742800
2013-03-21,79.68572998,106.84999847,669700
2013-03-22,79.71556091,106.88999939,297000
2013-03-25,79.77521515,106.97000122,319500
2013-03-26,79.85728455,107.08000183,546300
2013-03-27,80.20023346,107.54000092,623700
2013-03-28,80.05115509,107.33999634,378400
2013-04-01,80.26401520,107.48000336,2471100
2013-04-02,80.10715485,107.26999664,984900
2013-04-03,80.44321442,107.72000122,1234000
2013-04-04,80.76434326,108.15000153,584800
2013-04-05,81.01822662,108.48999786,663800
2013-04-08,80.75683594,108.13999939,858200
2013-04-09,80.78675842,108.18000031,507800
2013-04-10,80.45069122,107.73000336,340900
2013-04-11,80.54025269,107.84999847,1132200
2013-04-12,80.98834229,108.44999695,827700
2013-04-15,81.16761780,108.69000244,587300
2013-04-16,80.93607330,108.37999725,1226700
2013-04-17,81.08547211,108.58000183,988300
2013-04-18,81.13021851,108.63999939,705600
2013-04-19,81.08547211,108.58000183,750500
2013-04-22,81.13021851,108.63999939,379900
2013-04-23,81.07800293,108.56999969,449800
2013-04-24,81.11529541,108.62000275,279400
2013-04-25,81.02569580,108.50000000,293300
2013-04-26,81.31696320,108.88999939,433300
2013-04-29,81.28707123,108.84999847,810000
2013-04-30,81.27216339,108.83000183,752700
2013-05-01,81.53761292,109.05000305,803600
2013-05-02,81.53761292,109.05000305,921300
2013-05-03,80.84217072,108.12000275,879500
2013-05-06,80.73754120,107.98000336,434000
2013-05-07,80.62534332,107.83000183,544000
2013-05-08,80.72256470,107.95999908,1114400
2013-05-09,80.70761108,107.94000244,587300
2013-05-10,80.25151825,107.33000183,529700
2013-05-13,80.10943604,107.13999939,417600
2013-05-14,79.78797150,106.70999908,876900
2013-05-15,79.99731445,106.98999786,768200
2013-05-16,80.37862396,107.50000000,697900
2013-05-17,79.94498444,106.91999817,365800
2013-05-20,79.88512421,106.83999634,1440000
2013-05-21,80.09446716,107.12000275,530600
2013-05-22,79.45892334,106.26999664,1797400
2013-05-23,79.54118347,106.37999725,950100
2013-05-24,79.57109070,106.41999817,349800
2013-05-28,78.63648224,105.16999817,1157000
2013-05-29,78.95803833,105.59999847,1588400
2013-05-30,78.96541595,105.61000061,578000
2013-05-31,78.74860382,105.31999969,1639400
2013-06-03,78.86243439,105.33000183,3269200
2013-06-04,78.66024017,105.05999756,1235100
2013-06-05,79.04209137,105.56999969,1298900
2013-06-06,79.13944244,105.69999695,2471900
2013-06-07,78.52550507,104.87999725,652300
2013-06-10,78.33084106,104.62000275,694600
2013-06-11,78.52550507,104.87999725,756100
2013-06-12,78.17359924,104.41000366,528700
2013-06-13,78.76508331,105.19999695,1180100
2013-06-14,78.86990356,105.33999634,599700
2013-06-17,78.68273926,105.08999634,478400
2013-06-18,78.63781738,105.02999878,429000
2013-06-19,77.55967712,103.58999634,1281500
2013-06-20,77.20774078,103.12000275,1982500
2013-06-21,76.39169312,102.02999878,1777200
2013-06-24,76.20446014,101.77999878,2731500
2013-06-25,76.11468506,101.66000366,772000
2013-06-26,76.42158508,102.06999969,1015300
2013-06-27,76.83341980,102.62000275,949000
2013-06-28,76.74357605,102.50000000,1017700
2013-07-01,76.77280426,102.40000153,1127100
2013-07-02,76.80280304,102.44000244,385400
2013-07-03,76.65280914,102.23999786,1233200
2013-07-05,75.36326599,100.51999664,924100
2013-07-08,75.80561829,101.11000061,1137200
2013-07-09,75.93305206,101.27999878,558400
2013-07-10,75.66319275,100.91999817,1005500
2013-07-11,76.42038727,101.93000031,818700
2013-07-12,76.36047363,101.84999847,1919500
2013-07-15,76.60036469,102.16999817,563700
2013-07-16,76.63784790,102.22000122,713300
2013-07-17,76.97520447,102.66999817,696300
2013-07-18,76.61538696,102.19000244,717800
2013-07-19,77.03517914,102.75000000,459500
2013-07-22,77.02767181,102.73999786,450300
2013-07-23,76.93772125,102.62000275,13316500
2013-07-24,76.42038727,101.93000031,837400
2013-07-25,76.53286743,102.08000183,712300
2013-07-26,76.60036469,102.16999817,544900
2013-07-29,76.44290924,101.95999908,420300
2013-07-30,76.42038727,101.93000031,306800
2013-07-31,76.47290039,102.00000000,930500
2013-08-01,75.79797363,100.95999908,1177300
2013-08-02,76.44361115,101.81999969,4360000
2013-08-05,76.20340729,101.50000000,390400
2013-08-06,76.22592163,101.52999878,257000
2013-08-07,76.50365448,101.90000153,493200
2013-08-08,76.61631012,102.05000305,804900
2013-08-09,76.66886139,102.12000275,557600
2013-08-12,76.51874542,101.91999817,400400
2013-08-13,75.82800293,101.00000000,566500
2013-08-14,75.89555359,101.08999634,1672300
2013-08-15,75.47512817,100.52999878,15452300
2013-08-16,75.18235016,100.13999939,1066900
2013-08-19,74.85947418,99.70999908,892200
2013-08-20,75.26493073,100.25000000,1221100
2013-08-21,74.79196167,99.62000275,945100
2013-08-22,74.76190186,99.58000183,755100
2013-08-23,75.18235016,100.13999939,991100
2013-08-26,75.33248138,100.33999634,512600
2013-08-27,75.76041412,100.91000366,532500
2013-08-28,75.45263672,100.50000000,761700
2013-08-29,75.52764130,100.59999847,470900
2013-08-30,75.38500214,100.41000366,1038200
2013-09-03,74.95719910,99.69000244,796000
2013-09-04,74.70909119,99.36000061,824400
2013-09-05,74.13765717,98.59999847,1722700
2013-09-06,74.58879089,99.19999695,1033900
2013-09-09,74.73917389,99.40000153,764300
2013-09-10,74.39328766,98.94000244,1895300
2013-09-11,74.76921082,99.44000244,885300
2013-09-12,74.77674103,99.44999695,796800
2013-09-13,74.87451172,99.58000183,1166500
2013-09-16,75.03987122,99.80000305,1855200
2013-09-17,75.19030762,100.00000000,943300
2013-09-18,76.12260437,101.23999786,1341800
2013-09-19,75.85942841,100.88999939,1592800
2013-09-20,75.93466187,100.98999786,300600
2013-09-23,76.22041321,101.37000275,2003200
2013-09-24,76.49858093,101.73999786,1149800
2013-09-25,76.70910645,102.01999664,569900
2013-09-26,76.54372406,101.80000305,568100
2013-09-27,76.64899445,101.94000244,2349400
2013-09-30,76.77683258,102.11000061,3785200
2013-10-01,76.60589600,101.73000336,1937000
2013-10-02,76.73387909,101.90000153,799900
2013-10-03,76.83930969,102.04000092,651800
2013-10-04,76.62844849,101.76000214,1160900
2013-10-07,76.69619751,101.84999847,454400
2013-10-08,76.65861511,101.80000305,818100
2013-10-09,76.52308655,101.62000275,506500
2013-10-10,76.35739899,101.40000153,649100
2013-10-11,76.47034454,101.55000305,850100
2013-10-14,76.21429443,101.20999908,183200
2013-10-15,76.22937012,101.23000336,368100
2013-10-16,76.59832001,101.72000122,2339600
2013-10-17,77.03509521,102.30000305,2950500
2013-10-18,77.04265594,102.30999756,582600
2013-10-21,76.98988342,102.23999786,321700
2013-10-22,77.52456665,102.94999695,484700
2013-10-23,77.66009521,103.12999725,280800
2013-10-24,77.50199127,102.91999817,591200
2013-10-25,77.63753510,103.09999847,552800
2013-10-28,77.56219482,103.00000000,600800
2013-10-29,77.66764832,103.13999939,274700
2013-10-30,77.46428680,102.87000275,1753100
2013-10-31,77.37400055,102.75000000,893000
2013-11-01,76.94480133,102.01999664,680100
2013-11-04,77.09563446,102.22000122,437000
2013-11-05,76.74873352,101.76000214,656900
2013-11-06,76.98250580,102.06999969,692700
2013-11-07,77.18620300,102.33999634,415000
2013-11-08,76.31885529,101.19000244,2497700
2013-11-11,76.28110504,101.13999939,144000
2013-11-12,76.21321869,101.05000305,1052100
2013-11-13,76.52995300,101.47000122,1122700
2013-11-14,76.89952850,101.95999908,694100
2013-11-15,76.83919525,101.87999725,359200
2013-11-18,77.11071777,102.23999786,2853000
2013-11-19,76.82418060,101.86000061,559100
2013-11-20,76.40177155,101.30000305,1562700
2013-11-21,76.46968079,101.38999939,804800
2013-11-22,76.68835449,101.68000031,807900
2013-11-25,76.74873352,101.76000214,487400
2013-11-26,76.91465759,101.98000336,425400
2013-11-27,76.74118805,101.75000000,476900
2013-11-29,76.69592285,101.69000244,652100
2013-12-02,76.36653900,101.08999634,2912200
2013-12-03,76.50251770,101.26999664,477200
2013-12-04,76.15502167,100.80999756,943600
2013-12-05,75.96618652,100.55999756,374100
2013-12-06,76.03414917,100.65000153,415600
2013-12-09,76.12478638,100.76999664,540900
2013-12-10,76.44211578,101.19000244,334700
2013-12-11,76.14749908,100.80000305,371700
2013-12-12,75.92842865,100.51000214,1156200
2013-12-13,76.04172516,100.66000366,434000
2013-12-16,76.00397491,100.61000061,572400
2013-12-17,76.24570465,100.93000031,694800
2013-12-18,75.95859528,100.55000305,1997700
2013-12-19,75.64131927,100.12999725,978700
2013-12-20,75.87554932,100.44000244,510500
2013-12-23,75.63380432,100.12000275,5238400
2013-12-24,75.33918762,99.73000336,770600
2013-12-26,75.27406311,99.48000336,787500
2013-12-27,75.22867584,99.41999817,640400
2013-12-30,75.43301392,99.69000244,1328000
2013-12-31,75.09246063,99.23999786,1553600
2014-01-02,75.38761139,99.62999725,1161800
2014-01-03,75.34221649,99.56999969,637500
2014-01-06,75.55410767,99.84999847,666200
2014-01-07,75.67513275,100.01000214,1055700
2014-01-08,75.30435181,99.51999664,1216700
2014-01-09,75.50106812,99.77999878,806100
2014-01-10,76.13669586,100.62000275,713300
2014-01-13,76.35613251,100.91000366,581600
2014-01-14,76.06858063,100.52999878,366700
2014-01-15,76.00051117,100.44000244,997300
2014-01-16,76.21234894,100.72000122,333300
2014-01-17,76.39394379,100.95999908,754400
2014-01-21,76.31072998,100.84999847,1927100
2014-01-22,76.09886169,100.56999969,1150900
2014-01-23,76.61339569,101.25000000,1080200
2014-01-24,76.92362976,101.66000366,564300
2014-01-27,76.68909454,101.34999847,758600
2014-01-28,76.80259705,101.50000000,452700
2014-01-29,77.16579437,101.98000336,1420200
2014-01-30,77.09008789,101.87999725,685400
2014-01-31,77.39276886,102.27999878,670500
2014-02-03,77.81347656,102.66000366,4629800
2014-02-04,77.57847595,102.34999847,2617300
2014-02-05,77.29803467,101.98000336,817600
2014-02-06,77.15404510,101.79000092,885900
2014-02-07,77.35868073,102.05999756,1065800
2014-02-10,77.39658356,102.11000061,589300
2014-02-11,77.05548096,101.66000366,625800
2014-02-12,76.87351227,101.41999817,743500
2014-02-13,77.23739624,101.90000153,941400
2014-02-14,77.18429565,101.83000183,463400
2014-02-18,77.37386322,102.08000183,1003600
2014-02-19,77.22221375,101.87999725,907200
2014-02-20,77.13882446,101.76999664,842900
2014-02-21,77.23739624,101.90000153,405000
2014-02-24,77.16161346,101.80000305,1531100
2014-02-25,77.42692566,102.15000153,402600
2014-02-26,77.65432739,102.44999695,486000
2014-02-27,77.74523163,102.56999969,559400
2014-02-28,77.66944885,102.47000122,609900
2014-03-03,78.05360413,102.80999756,2540500
2014-03-04,77.45378113,102.01999664,1080200
2014-03-05,77.53735352,102.12999725,614700
2014-03-06,77.20326233,101.69000244,534700
2014-03-07,76.86925507,101.25000000,645100
2014-03-10,76.95276642,101.36000061,1013900
2014-03-11,77.02862549,101.45999908,1571000
2014-03-12,77.33236694,101.86000061,819000
2014-03-13,77.78788757,102.45999908,1638900
2014-03-14,77.79550934,102.47000122,1314400
2014-03-17,77.48416138,102.05999756,1085400
2014-03-18,77.67401886,102.30999756,861200
2014-03-19,76.95276642,101.36000061,1355500
2014-03-20,76.96794891,101.37999725,1748100
2014-03-21,77.11215973,101.56999969,466500
2014-03-24,77.14254761,101.61000061,1222600
2014-03-25,77.09701538,101.55000305,739400
2014-03-26,77.42347717,101.98000336,830000
2014-03-27,77.49938965,102.08000183,303600
2014-03-28,77.22605896,101.72000122,661600
2014-03-31,77.23368073,101.73000336,1982900
2014-04-01,77.07394409,101.33000183,2562600
2014-04-02,76.73923492,100.88999939,806800
2014-04-03,76.79247284,100.95999908,298000
2014-04-04,77.26405334,101.58000183,731900
2014-04-07,77.44663239,101.81999969,1751700
2014-04-08,77.55312347,101.95999908,666100
2014-04-09,77.53034210,101.93000031,1350500
2014-04-10,77.85738373,102.36000061,1056600
2014-04-11,78.01712799,102.56999969,918500
2014-04-14,77.89542389,102.41000366,1468600
2014-04-15,77.98665619,102.52999878,614300
2014-04-16,77.86500549,102.37000275,1405500
2014-04-17,77.42379761,101.79000092,584600
2014-04-21,77.40861511,101.76999664,1021100
2014-04-22,77.37819672,101.73000336,482800
2014-04-23,77.57592773,101.98999786,306400
2014-04-24,77.55312347,101.95999908,345700
2014-04-25,77.65961456,102.09999847,388900
2014-04-28,77.54552460,101.94999695,574900
2014-04-29,77.61392212,102.04000092,760100
2014-04-30,77.81932831,102.30999756,544700
2014-05-01,78.04339600,102.41000366,21829500
2014-05-02,78.15769958,102.55999756,1343700
2014-05-05,78.11196136,102.50000000,929400
2014-05-06,78.20346069,102.62000275,566300
2014-05-07,78.26441193,102.69999695,1107600
2014-05-08,78.34822083,102.80999756,1444300
2014-05-09,78.28724670,102.73000336,354500
2014-05-12,78.08150482,102.45999908,759600
2014-05-13,78.38629913,102.86000061,603700
2014-05-14,78.74449921,103.33000183,635400
2014-05-15,79.02650452,103.69999695,1347300
2014-05-16,78.85881042,103.48000336,452600
2014-05-19,78.75975037,103.34999847,325400
2014-05-20,78.98831940,103.65000153,34764400
2014-05-21,78.86643219,103.48999786,881700
2014-05-22,78.78260040,103.37999725,678800
2014-05-23,78.94263458,103.58999634,486800
2014-05-27,78.96553040,103.62000275,997000
2014-05-28,79.39986420,104.19000244,968200
2014-05-29,79.30081177,104.05999756,753100
2014-05-30,79.23982239,103.98000336,902400
2014-06-02,78.87724304,103.33000183,2032800
2014-06-03,78.48034668,102.80999756,1563600
2014-06-04,78.41921997,102.73000336,1566600
2014-06-05,78.53376770,102.87999725,1585800
2014-06-06,78.47267914,102.80000305,940600
2014-06-09,78.35816193,102.65000153,816500
2014-06-10,78.22074890,102.47000122,1207100
2014-06-11,78.32760620,102.61000061,814800
2014-06-12,78.63298035,103.01000214,1319500
2014-06-13,78.48034668,102.80999756,752900
2014-06-16,78.48034668,102.80999756,1401000
2014-06-17,78.15204620,102.37999725,33268500
2014-06-18,78.56424713,102.91999817,1472200
2014-06-19,78.36579132,102.66000366,1055000
2014-06-20,78.45736694,102.77999878,577000
2014-06-23,78.40397644,102.70999908,764200
2014-06-24,78.72458649,103.12999725,443800
2014-06-25,78.80091858,103.23000336,977500
2014-06-26,79.00701141,103.50000000,822300
2014-06-27,79.00701141,103.50000000,933200
2014-06-30,79.06808472,103.58000183,1268900
2014-07-01,78.80960083,103.05000305,17393000
2014-07-02,78.48839569,102.62999725,1779100
2014-07-03,78.32775116,102.41999817,1079900
2014-07-07,78.51899719,102.66999817,1031000
2014-07-08,78.87838745,103.13999939,491500
2014-07-09,78.89372253,103.16000366,1113900
2014-07-10,79.06195831,103.37999725,728600
2014-07-11,79.19200897,103.55000305,688600
2014-07-14,79.01610565,103.31999969,974800
2014-07-15,78.94723511,103.23000336,933500
2014-07-16,79.06195831,103.37999725,15784300
2014-07-17,79.52080536,103.98000336,1367400
2014-07-18,79.36024475,103.76999664,386900
2014-07-21,79.38314819,103.80000305,339600
2014-07-22,79.48259735,103.93000031,484200
2014-07-23,79.47496033,103.91999817,523600
2014-07-24,79.15373230,103.50000000,600900
2014-07-25,79.45964813,103.90000153,781400
2014-07-28,79.36782837,103.77999878,1448000
2014-07-29,79.47496033,103.91999817,465700
2014-07-30,78.91664886,103.19000244,1067500
2014-07-31,78.89372253,103.16000366,1506500
2014-08-01,79.35804749,103.56999969,3466800
2014-08-04,79.40404510,103.62999725,1672600
2014-08-05,79.44232941,103.68000031,1013000
2014-08-06,79.51130676,103.76999664,1139100
2014-08-07,79.87141418,104.23999786,1386100
2014-08-08,79.80245972,104.15000153,913900
2014-08-11,79.76415253,104.09999847,419800
2014-08-12,79.64920044,103.94999695,416300
2014-08-13,79.90975952,104.29000092,732400
2014-08-14,80.07068634,104.50000000,638800
2014-08-15,80.39244080,104.91999817,1570700
2014-08-18,80.13960266,104.58999634,13822300
2014-08-19,80.05530548,104.48000336,769900
2014-08-20,79.81773376,104.16999817,1052200
2014-08-21,79.98636627,104.38999939,630300
2014-08-22,79.99404907,104.40000153,1393400
2014-08-25,80.05530548,104.48000336,837500
2014-08-26,80.03993225,104.45999908,590200
2014-08-27,80.26220703,104.75000000,881300
2014-08-28,80.36944580,104.88999939,938400
2014-08-29,80.37711334,104.90000153,1407100
2014-09-02,79.86362457,104.05000305,2058600
2014-09-03,79.97880554,104.19999695,1456900
2014-09-04,79.69475555,103.83000183,1994400
2014-09-05,79.71781158,103.86000061,1098400
2014-09-08,79.63332367,103.75000000,1340900
2014-09-09,79.44916534,103.51000214,1205900
2014-09-10,79.24958038,103.25000000,1311800
2014-09-11,79.14977264,103.12000275,1224800
2014-09-12,78.85044861,102.73000336,2178400
2014-09-15,78.99630737,102.91999817,1505400
2014-09-16,78.97328186,102.88999939,24978400
2014-09-17,78.77369690,102.62999725,2704700
2014-09-18,78.72001648,102.55999756,556800
2014-09-19,79.01934814,102.94999695,920600
2014-09-22,79.18820953,103.16999817,1932600
2014-09-23,79.35704041,103.38999939,963700
2014-09-24,79.13443756,103.09999847,485300
2014-09-25,79.51824951,103.59999847,399000
2014-09-26,79.34939575,103.37999725,716100
2014-09-29,79.60266876,103.70999908,2344500
2014-09-30,79.53355408,103.62000275,1544600
2014-10-01,80.20184326,104.30000305,3346000
2014-10-02,79.96345520,103.98999786,2084100
2014-10-03,79.94038391,103.95999908,1159100
2014-10-06,80.07111359,104.12999725,1201700
2014-10-07,80.54014587,104.73999786,1429800
2014-10-08,80.82467651,105.11000061,2701900
2014-10-09,80.68624115,104.93000031,5848000
2014-10-10,81.00151825,105.33999634,4675300
2014-10-13,81.42443085,105.88999939,2074300
2014-10-14,81.58591461,106.09999847,2196700
2014-10-15,82.04731750,106.69999695,2196800
2014-10-16,81.82434082,106.41000366,1786700
2014-10-17,81.58591461,106.09999847,1143300
2014-10-20,81.70127106,106.25000000,1562200
2014-10-21,81.47825623,105.95999908,1973200
2014-10-22,81.45520782,105.93000031,951800
2014-10-23,81.11688995,105.48999786,1281700
2014-10-24,81.18605042,105.58000183,678800
2014-10-27,81.27064514,105.69000244,872500
2014-10-28,81.07073212,105.43000031,771500
2014-10-29,80.80158234,105.08000183,1453100
2014-10-30,80.88618469,105.19000244,1363500
2014-10-31,80.75547028,105.01999664,886900
2014-11-03,80.72540283,104.80000305,2348900
2014-11-04,80.71770477,104.79000092,3854700
2014-11-05,80.74083710,104.81999969,1079700
2014-11-06,80.49432373,104.50000000,1026100
2014-11-07,81.01045990,105.16999817,994200
2014-11-10,80.67919922,104.73999786,1427900
2014-11-11,80.68688202,104.75000000,1220800
2014-11-12,80.65610504,104.70999908,658300
2014-11-13,80.78700256,104.87999725,743400
2014-11-14,80.95647430,105.09999847,629800
2014-11-17,80.86406708,104.98000336,496500
2014-11-18,80.95647430,105.09999847,510100
2014-11-19,80.74083710,104.81999969,560000
2014-11-20,80.88716888,105.01000214,811500
2014-11-21,81.04888916,105.22000122,855800
2014-11-24,81.14135742,105.33999634,13802400
2014-11-25,81.34162140,105.59999847,1244600
2014-11-26,81.48030853,105.77999878,523300
2014-11-28,81.79612732,106.19000244,367300
2014-12-01,81.59551239,105.75000000,2063400
2014-12-02,81.23285675,105.27999878,990600
2014-12-03,81.26370239,105.31999969,851900
2014-12-04,81.54920197,105.69000244,968300
2014-12-05,81.09399414,105.09999847,1035900
2014-12-08,81.36397552,105.44999695,858300
2014-12-09,81.66494751,105.83999634,945900
2014-12-10,82.03527069,106.31999969,996800
2014-12-11,81.89643860,106.13999939,15223600
2014-12-12,82.56768799,107.01000214,7233700
2014-12-15,82.26679230,106.62000275,1248100
2014-12-16,82.68344116,107.16000366,10633800
2014-12-17,82.11248779,106.41999817,2086100
2014-12-18,81.64951324,105.81999969,4833300
2014-12-19,81.95044708,106.20999908,847800
2014-12-22,81.95044708,106.20999908,2366700
2014-12-23,81.27139282,105.33000183,1360300
2014-12-24,81.33012390,105.25000000,1098200
2014-12-26,81.43829346,105.38999939,373600
2014-12-29,81.71653748,105.75000000,2447300
2014-12-30,81.80924225,105.87000275,1194700
2014-12-31,81.90195465,105.98999786,1010400
2015-01-02,82.31927490,106.52999878,2028600
2015-01-05,82.82149506,107.18000031,1521700
2015-01-06,83.37789917,107.90000153,1890200
2015-01-07,83.36243439,107.87999725,1558000
2015-01-08,83.02247620,107.44000244,1671000
2015-01-09,83.43199921,107.97000122,1107800
2015-01-12,83.72563934,108.34999847,2700900
2015-01-13,83.80290222,108.44999695,1038800
2015-01-14,84.18924713,108.94999695,1545800
2015-01-15,84.90789795,109.87999725,1374100
2015-01-16,84.28196716,109.06999969,1689100
2015-01-20,84.47515106,109.31999969,1346200
2015-01-21,84.07337189,108.80000305,2298200
2015-01-22,83.86473083,108.52999878,1330800
2015-01-23,84.41336823,109.23999786,1248200
2015-01-26,84.22019958,108.98999786,1546200
2015-01-27,84.33612061,109.13999939,863300
2015-01-28,84.98519897,109.98000336,3346300
2015-01-29,84.68382263,109.58999634,1393400
2015-01-30,85.42562866,110.55000305,2219800
2015-02-02,85.31882477,110.23000336,11544700
2015-02-03,84.59902191,109.30000305,1465200
2015-02-04,84.73835754,109.48000336,1655500
2015-02-05,84.42871857,109.08000183,1392700
2015-02-06,83.48442841,107.86000061,2016700
2015-02-09,83.44570160,107.80999756,1599900
2015-02-10,83.23670959,107.54000092,1244500
2015-02-11,83.20578766,107.50000000,1286100
2015-02-12,83.23670959,107.54000092,1845200
2015-02-13,82.95808411,107.18000031,1302400
2015-02-17,82.36990356,106.41999817,2170100
2015-02-18,82.76461029,106.93000031,8204600
2015-02-19,82.55561829,106.66000366,1459500
2015-02-20,82.50916290,106.59999847,1893000
2015-02-23,82.88845825,107.08999634,818200
2015-02-24,83.43795776,107.80000305,1180900
2015-02-25,83.51539612,107.90000153,595300
2015-02-26,83.01999664,107.26000214,865900
2015-02-27,83.31414032,107.63999939,2901700
2015-03-02,82.69398499,106.66999817,10270800
2015-03-03,82.51573181,106.44000244,1224400
2015-03-04,82.57765961,106.51999664,1871100
2015-03-05,82.62422943,106.58000183,2253200
2015-03-06,81.77922821,105.48999786,1734000
2015-03-09,82.15904999,105.98000336,1218100
2015-03-10,82.50791931,106.43000031,1309200
2015-03-11,82.65519714,106.62000275,945700
2015-03-12,82.73274231,106.72000122,916800
2015-03-13,82.60871887,106.55999756,846900
2015-03-16,82.89553070,106.93000031,639400
2015-03-17,83.06609344,107.15000153,768500
2015-03-18,84.01959991,108.37999725,1963600
2015-03-19,83.62424469,107.87000275,985600
2015-03-20,83.96535492,108.30999756,1194800
2015-03-23,84.07384491,108.44999695,795100
2015-03-24,84.32962799,108.77999878,584500
2015-03-25,83.96535492,108.30999756,1240200
2015-03-26,83.49248505,107.69999695,928300
2015-03-27,83.81803131,108.12000275,2492500
2015-03-30,83.81030273,108.11000061,2017700
2015-03-31,84.02735901,108.38999939,2137200
2015-04-01,84.42723083,108.73000336,2570100
2015-04-02,84.18648529,108.41999817,1126400
2015-04-06,84.29521942,108.55999756,1268500
2015-04-07,84.36510468,108.65000153,750700
2015-04-08,84.28746033,108.55000305,886400
2015-04-09,83.94579315,108.11000061,890600
2015-04-10,83.92250061,108.08000183,789700
2015-04-13,84.09333801,108.30000305,624800
2015-04-14,84.34183502,108.62000275,825400
2015-04-15,84.38839722,108.68000031,566400
2015-04-16,84.45057678,108.76000214,903300
2015-04-17,84.62136841,108.98000336,1945700
2015-04-20,84.46601105,108.77999878,878100
2015-04-21,84.28746033,108.55000305,811000
2015-04-22,83.79828644,107.91999817,725100
2015-04-23,84.05453491,108.25000000,918700
2015-04-24,84.34957123,108.62999725,739100
2015-04-27,84.21759033,108.45999908,854400
2015-04-28,83.82934570,107.95999908,1101100
2015-04-29,83.51876068,107.55999756,1118000
2015-04-30,83.49552155,107.52999878,2650600
2015-05-01,83.03896332,106.77999878,1854300
2015-05-04,82.86791229,106.55999756,2784900
2015-05-05,82.72790527,106.37999725,2050800
2015-05-06,82.32353210,105.86000061,1802100
2015-05-07,82.67345428,106.30999756,2201300
2015-05-08,82.99233246,106.72000122,1004300
2015-05-11,82.17577362,105.66999817,1324400
2015-05-12,82.23799896,105.75000000,1431000
2015-05-13,82.12908936,105.61000061,1221200
2015-05-14,82.40909576,105.97000122,617500
2015-05-15,83.00011444,106.73000336,854900
2015-05-18,82.44015503,106.01000214,1000400
2015-05-19,82.07463074,105.54000092,1240400
2015-05-20,82.25350189,105.76999664,1682600
2015-05-21,82.74348450,106.40000153,836700
2015-05-22,82.55682373,106.16000366,852300
2015-05-26,83.07008362,106.81999969,1925600
2015-05-27,83.02343750,106.76000214,1015000
2015-05-28,83.10121918,106.86000061,1068200
2015-05-29,83.14790344,106.91999817,1148500
2015-06-01,82.78096008,106.27999878,2161700
2015-06-02,82.20458221,105.54000092,1484500
2015-06-03,81.50357819,104.63999939,1703400
2015-06-04,81.90084076,105.15000153,1594800
2015-06-05,81.30890656,104.38999939,1384900
2015-06-08,81.42571259,104.54000092,877800
2015-06-09,81.16086578,104.19999695,822400
2015-06-10,80.84929657,103.80000305,967000
2015-06-11,81.48799896,104.62000275,3069700
2015-06-12,81.44124603,104.55999756,1578100
2015-06-15,81.63599396,104.80999756,1478800
2015-06-16,81.94756317,105.20999908,779000
2015-06-17,81.99431610,105.26999664,1994000
2015-06-18,81.93199921,105.19000244,1481600
2015-06-19,82.36816406,105.75000000,1849600
2015-06-22,81.67496490,104.86000061,860300
2015-06-23,81.42571259,104.54000092,925000
2015-06-24,81.66714478,104.84999847,1176500
2015-06-25,81.46466064,104.58999634,919800
2015-06-26,81.07517242,104.08999634,1441500
2015-06-29,82.01766205,105.30000305,1500900
2015-06-30,81.79180908,105.01000214,1599400
2015-07-01,81.36426544,104.30000305,3738800
2015-07-02,81.65296936,104.66999817,1924600
2015-07-06,82.23020172,105.41000366,1723300
2015-07-07,82.44862366,105.69000244,2083900
2015-07-08,82.77626038,106.11000061,1991200
2015-07-09,82.19902039,105.37000275,1206900
2015-07-10,81.62950897,104.63999939,3719900
2015-07-13,81.41112518,104.36000061,1322300
2015-07-14,81.66853333,104.69000244,1321600
2015-07-15,81.98056793,105.08999634,1239500
2015-07-16,81.94936371,105.05000305,811400
2015-07-17,81.95719910,105.05999756,881300
2015-07-20,81.79334259,104.84999847,842500
2015-07-21,82.01953888,105.13999939,676600
2015-07-22,82.12101746,105.26999664,523800
2015-07-23,82.45642090,105.69999695,1064800
2015-07-24,82.53444672,105.80000305,1098400
2015-07-27,82.80744934,106.15000153,1392600
2015-07-28,82.57346344,105.84999847,6205200
2015-07-29,82.45642090,105.69999695,2107300
2015-07-30,82.55006409,105.81999969,683200
2015-07-31,83.03374481,106.44000244,1113000
2015-08-03,83.28684998,106.59999847,2627700
2015-08-04,82.85716248,106.05000305,1036000
2015-08-05,82.53676605,105.63999939,1283300
2015-08-06,82.82588196,106.01000214,731700
2015-08-07,83.15402985,106.43000031,1533700
2015-08-10,82.81027985,105.98999786,1123900
2015-08-11,83.35717010,106.69000244,2263800
2015-08-12,83.32593536,106.65000153,1765700
2015-08-13,83.10714722,106.37000275,1626500
2015-08-14,83.02123260,106.26000214,612500
2015-08-17,83.16964722,106.44999695,905300
2015-08-18,83.03685760,106.27999878,690400
2015-08-19,83.54468536,106.93000031,1444500
2015-08-20,83.77123260,107.22000122,1933300
2015-08-21,84.10722351,107.65000153,2123600
2015-08-24,84.24784088,107.83000183,3074800
2015-08-25,83.78683472,107.23999786,2925500
2015-08-26,83.27124023,106.58000183,3512900
2015-08-27,83.22433472,106.51999664,1414100
2015-08-28,83.23998260,106.54000092,1998000
2015-08-31,83.09935760,106.36000061,5431600
2015-09-01,83.47260284,106.66999817,3749700
2015-09-02,83.24564362,106.37999725,2441700
2015-09-03,83.44912720,106.63999939,1791300
2015-09-04,83.70733643,106.97000122,1421300
2015-09-08,83.33959961,106.50000000,1583500
2015-09-09,83.37089539,106.54000092,1397200
2015-09-10,83.18305969,106.30000305,1601600
2015-09-11,83.40221405,106.58000183,1069000
2015-09-14,83.48046112,106.68000031,897500
2015-09-15,82.82312012,105.83999634,1903000
2015-09-16,82.79962921,105.80999756,1305300
2015-09-17,83.48827362,106.69000244,2394300
2015-09-18,83.87953186,107.19000244,2074200
2015-09-21,83.40221405,106.58000183,1591700
2015-09-22,83.81690216,107.11000061,1395500
2015-09-23,83.72298431,106.98999786,1364300
2015-09-24,83.84824371,107.15000153,1393000
2015-09-25,83.62913513,106.87000275,1564000
2015-09-28,84.10646057,107.48000336,1926000
2015-09-29,84.39598083,107.84999847,2460900
2015-09-30,84.41165161,107.87000275,2676000
2015-10-01,84.47743988,107.79000092,10101300
2015-10-02,84.88501740,108.30999756,3320200
2015-10-05,84.41474152,107.70999908,3034900
2015-10-06,84.58717346,107.93000031,2104000
2015-10-07,84.37562561,107.66000366,2338000
2015-10-08,84.15618134,107.37999725,2176800
2015-10-09,84.20316315,107.44000244,1069400
2015-10-12,84.48528290,107.80000305,1336300
2015-10-13,84.56366730,107.90000153,1849700
2015-10-14,85.02603912,108.48999786,1359600
2015-10-15,84.73613739,108.12000275,1075500
2015-10-16,84.66560364,108.02999878,1773000
2015-10-19,84.62635803,107.98000336,1744500
2015-10-20,84.33641052,107.61000061,1134500
2015-10-21,84.62635803,107.98000336,6576500
2015-10-22,84.71260834,108.08999634,2411400
2015-10-23,84.23453522,107.48000336,2029600
2015-10-26,84.45395660,107.76000214,3131500
2015-10-27,84.66560364,108.02999878,1373100
2015-10-28,84.22663879,107.47000122,2058200
2015-10-29,83.70944977,106.80999756,1772400
2015-10-30,83.87402344,107.01999664,3424800
2015-11-02,83.63305664,106.55000305,5313500
2015-11-03,83.41323090,106.26999664,1941700
2015-11-04,83.32689667,106.16000366,1933200
2015-11-05,83.27198029,106.08999634,1554600
2015-11-06,82.70684052,105.37000275,2968600
2015-11-09,82.56555176,105.19000244,3223900
2015-11-10,82.72255707,105.38999939,1467900
2015-11-11,82.68331146,105.33999634,1638100
2015-11-12,82.73039246,105.40000153,2399100
2015-11-13,83.04434967,105.80000305,2665300
2015-11-16,83.15423584,105.94000244,1412800
2015-11-17,83.13069153,105.91000366,1180000
2015-11-18,83.09148407,105.86000061,941500
2015-11-19,83.27198029,106.08999634,1967200
2015-11-20,83.16209412,105.94999695,1287900
2015-11-23,83.27198029,106.08999634,1377100
2015-11-24,83.35048676,106.19000244,1094500
2015-11-25,83.39755249,106.25000000,752400
2015-11-27,83.48389435,106.36000061,759600
2015-11-30,83.51533508,106.40000153,2266900
2015-12-01,83.95948029,106.80000305,2805800
2015-12-02,83.72360992,106.50000000,1579000
2015-12-03,82.84313202,105.37999725,2750500
2015-12-04,83.14971161,105.76999664,2231500
2015-12-07,83.41702271,106.11000061,1954000
2015-12-08,83.46421814,106.16999817,1519900
2015-12-09,83.59001923,106.33000183,3711100
2015-12-10,83.40917969,106.09999847,1545000
2015-12-11,84.07734680,106.94999695,3352900
2015-12-14,83.45632172,106.16000366,2204400
2015-12-15,83.24411011,105.88999939,1591000
2015-12-16,83.02397156,105.61000061,1911800
2015-12-17,83.36987305,106.05000305,1202600
2015-12-18,83.66861725,106.43000031,4396700
2015-12-21,83.70790100,106.48000336,1603200
2015-12-22,83.47208405,106.18000031,1411800
2015-12-23,83.28338623,105.94000244,1380800
2015-12-24,83.43612671,105.97000122,654200
2015-12-28,83.45191193,105.98999786,2198300
2015-12-29,83.01094055,105.43000031,1752500
2015-12-30,83.04248047,105.47000122,1358100
2015-12-31,83.13693237,105.58999634,1906000
2016-01-04,83.49126434,106.04000092,6183700
2016-01-05,83.46764374,106.01000214,2122800
2016-01-06,83.97154999,106.65000153,1906100
2016-01-07,84.15260315,106.87999725,3106000
2016-01-08,84.36521912,107.15000153,1783200
2016-01-11,84.09751129,106.80999756,4816100
2016-01-12,84.47547150,107.29000092,8962500
2016-01-13,84.80613708,107.70999908,2664100
2016-01-14,84.63294220,107.48999786,2597300
2016-01-15,85.02660370,107.98999786,4334300
2016-01-19,84.91638947,107.84999847,4896500
2016-01-20,85.33363342,108.37999725,4949100
2016-01-21,85.12111664,108.11000061,2385700
2016-01-22,84.93215179,107.87000275,1735600
2016-01-25,85.21552277,108.23000336,1190900
2016-01-26,85.27854156,108.30999756,1288000
2016-01-27,85.34157562,108.38999939,1802300
2016-01-28,85.45172882,108.52999878,2222900
2016-01-29,85.90843964,109.11000061,3805500
2016-02-01,85.71052551,108.69999695,6813000
2016-02-02,86.31765747,109.47000122,4141600
2016-02-03,86.22302246,109.34999847,12145000
2016-02-04,86.42807007,109.61000061,2431100
2016-02-05,86.53844452,109.75000000,1440200
2016-02-08,87.18502808,110.56999969,2824800
2016-02-09,87.20079803,110.58999634,2679600
2016-02-10,87.46104431,110.91999817,2027200
2016-02-11,87.86312866,111.43000031,3743000
2016-02-12,87.19291687,110.58000183,3258700
2016-02-16,86.93270111,110.25000000,2816800
2016-02-17,86.71981812,109.98000336,4856500
2016-02-18,87.12197876,110.48999786,3125700
2016-02-19,87.12197876,110.48999786,1340000
2016-02-22,87.03522491,110.37999725,1012200
2016-02-23,87.20864868,110.59999847,2257800
2016-02-24,87.20864868,110.59999847,2947700
2016-02-25,87.46890259,110.93000031,1983600
2016-02-26,87.04310608,110.38999939,2957900
2016-02-29,87.18502808,110.56999969,3861600
2016-03-01,86.50360870,109.55000305,5901200
2016-03-02,86.35355377,109.36000061,3011200
2016-03-03,86.45620728,109.48999786,2093000
2016-03-04,86.16405487,109.12000275,1781200
2016-03-07,85.99034119,108.90000153,2349400
2016-03-08,86.48780060,109.52999878,1747600
2016-03-09,86.14825439,109.09999847,1537800
2016-03-10,85.84030914,108.70999908,2798700
2016-03-11,85.59552765,108.40000153,1785000
2016-03-14,85.65863037,108.48000336,2661800
2016-03-15,85.64291382,108.45999908,2960800
2016-03-16,86.09294891,109.02999878,2052300
2016-03-17,86.18771362,109.15000153,2745500
2016-03-18,86.33776855,109.33999634,2434600
2016-03-21,86.09294891,109.02999878,1725000
2016-03-22,85.91133118,108.80000305,1437700
2016-03-23,86.30614471,109.30000305,1405400
2016-03-24,86.21932220,109.19000244,1548200
2016-03-28,86.34563446,109.34999847,1291400
2016-03-29,86.92996979,110.08999634,2981000
2016-03-30,86.81156921,109.94000244,2808800
2016-03-31,87.12739563,110.33999634,3759100
2016-04-01,87.10204315,110.13999939,5489100
2016-04-04,87.20488739,110.26999664,3035600
2016-04-05,87.55288696,110.70999908,1951500
2016-04-06,87.36304474,110.47000122,1646000
2016-04-07,87.81380463,111.04000092,2069600
2016-04-08,87.67938995,110.87000275,1309500
2016-04-11,87.66355896,110.84999847,879600
2016-04-12,87.31558990,110.41000366,1363200
2016-04-13,87.37883759,110.48999786,1466400
2016-04-14,87.17323303,110.23000336,1403900
2016-04-15,87.43420410,110.55999756,1657800
2016-04-18,87.34719849,110.44999695,1297800
2016-04-19,87.20488739,110.26999664,1219600
2016-04-20,86.76200104,109.70999908,1939800
2016-04-21,86.61964417,109.52999878,1636600
2016-04-22,86.52476501,109.41000366,952100
2016-04-25,86.42985535,109.29000092,1416300
2016-04-26,86.24795532,109.05999756,1127100
2016-04-27,86.72245026,109.66000366,1734000
2016-04-28,87.02298737,110.04000092,2807300
2016-04-29,86.99136353,110.00000000,2858500
2016-05-02,86.73867798,109.51999664,2226800
2016-05-03,87.25347900,110.16999817,2330900
2016-05-04,87.41191101,110.37000275,1176900
2016-05-05,87.64951324,110.66999817,1257500
2016-05-06,87.44358063,110.41000366,1675600
2016-05-09,87.60985565,110.62000275,1459900
2016-05-10,87.59405518,110.59999847,1506900
2016-05-11,87.72869873,110.76999664,1606800
2016-05-12,87.49110413,110.47000122,1261500
2016-05-13,87.82372284,110.88999939,5007300
2016-05-16,87.50691986,110.48999786,1708100
2016-05-17,87.38814545,110.33999634,1158700
2016-05-18,86.68324280,109.44999695,2946500
2016-05-19,86.77041626,109.55999756,1345000
2016-05-20,86.82585144,109.62999725,1059400
2016-05-23,86.88130188,109.69999695,892300
2016-05-24,86.73867798,109.51999664,965200
2016-05-25,86.69910431,109.47000122,890300
2016-05-26,86.96839905,109.80999756,998200
2016-05-27,86.80207062,109.59999847,1995300
2016-05-31,86.90507507,109.73000336,1734700
2016-06-01,86.87564087,109.52999878,2786400
2016-06-02,87.14537048,109.87000275,5038500
2016-06-03,87.95439148,110.88999939,1971300
2016-06-06,87.72434235,110.59999847,1715700
2016-06-07,87.85131073,110.76000214,2672900
2016-06-08,87.95439148,110.88999939,1284200
2016-06-09,88.08921051,111.05999756,1328400
2016-06-10,88.39857483,111.44999695,1878900
2016-06-13,88.57307434,111.66999817,1026200
2016-06-14,88.54927063,111.63999939,1390600
2016-06-15,88.81893921,111.98000336,2377600
2016-06-16,88.91411591,112.09999847,3088700
2016-06-17,88.61273956,111.72000122,3140900
2016-06-20,88.23200989,111.23999786,1956500
2016-06-21,88.03369904,110.98999786,1494500
2016-06-22,88.20818329,111.20999908,1378700
2016-06-23,87.78784943,110.68000031,1715000
2016-06-24,89.00138855,112.20999908,4390000
2016-06-27,89.77076721,113.18000031,4493700
2016-06-28,89.75487518,113.16000366,1799700
2016-06-29,89.39001465,112.69999695,2670900
2016-06-30,89.58835602,112.94999695,5690800
2016-07-01,89.82502747,113.08999634,5292300
2016-07-05,90.31750488,113.70999908,2926300
2016-07-06,90.33330536,113.73000336,1921600
2016-07-07,90.21424103,113.58000183,1323000
2016-07-08,90.38896179,113.80000305,2097900
2016-07-11,89.91234589,113.19999695,2728800
2016-07-12,89.38020325,112.52999878,4116200
2016-07-13,89.61057281,112.81999969,3077200
2016-07-14,89.23725891,112.34999847,2761900
2016-07-15,88.89569855,111.91999817,2811600
2016-07-18,88.87184906,111.88999939,4173500
2016-07-19,89.11015320,112.19000244,4171900
2016-07-20,88.92747498,111.95999908,2213700
2016-07-21,89.12606049,112.20999908,1944700
2016-07-22,89.05459595,112.12000275,1140000
2016-07-25,88.98308563,112.02999878,889100
2016-07-26,89.03869629,112.09999847,1694100
2016-07-27,89.41993713,112.58000183,1962700
2016-07-28,89.46759033,112.63999939,1220200
2016-07-29,89.80912781,113.06999969,2386800
2016-08-01,89.49731445,112.51999664,2479100
2016-08-02,89.28258514,112.25000000,2920500
2016-08-03,89.33031464,112.30999756,1148600
2016-08-04,89.54507446,112.58000183,1065000
2016-08-05,88.98829651,111.87999725,2368100
2016-08-08,88.94058228,111.81999969,1304000
2016-08-09,89.25869751,112.22000122,1817000
2016-08-10,89.49731445,112.51999664,1262500
2016-08-11,89.06782532,111.98000336,1823600
2016-08-12,89.38600159,112.37999725,1377100
2016-08-15,89.12351990,112.05000305,1031800
2016-08-16,88.97241211,111.86000061,1433500
2016-08-17,89.11554718,112.04000092,1733900
2016-08-18,89.27463531,112.23999786,1245600
2016-08-19,88.97241211,111.86000061,1396700
2016-08-22,89.17121124,112.11000061,1084600
2016-08-23,89.16329193,112.09999847,939900
2016-08-24,89.13147736,112.05999756,1345600
2016-08-25,88.98829651,111.87999725,1037700
2016-08-26,88.64627075,111.44999695,1988300
2016-08-29,89.01216125,111.91000366,1497400
2016-08-30,89.00421143,111.90000153,2498400
2016-08-31,88.90083313,111.76999664,2008100
2016-09-01,89.04016876,111.79000092,1775900
2016-09-02,88.80917358,111.50000000,1550100
2016-09-06,89.22336578,112.01999664,1284000
2016-09-07,89.27118683,112.08000183,836800
2016-09-08,88.83308411,111.52999878,1287300
2016-09-09,88.41091156,111.00000000,1700700
2016-09-12,88.49060059,111.09999847,1446600
2016-09-13,88.16402435,110.69000244,1993700
2016-09-14,88.36316681,110.94000244,1062100
2016-09-15,88.38703156,110.97000122,994100
2016-09-16,88.48265076,111.08999634,833600
2016-09-19,88.33132935,110.90000153,490400
2016-09-20,88.46674347,111.06999969,1177800
2016-09-21,88.61006927,111.25000000,1108300
2016-09-22,88.87294006,111.58000183,1012300
2016-09-23,88.91274261,111.62999725,952500
2016-09-26,89.16766357,111.94999695,764000
2016-09-27,89.31899261,112.13999939,1583700
2016-09-28,89.27913666,112.08999634,594800
2016-09-29,89.33488464,112.16000366,1123900
2016-09-30,89.11183929,111.87999725,1774600
2016-10-03,88.90451813,111.47000122,3112000
2016-10-04,88.49770355,110.95999908,3949600
2016-10-05,88.29837799,110.70999908,1490600
2016-10-06,88.11493683,110.48000336,1577400
2016-10-07,88.24253845,110.63999939,1601100
2016-10-10,88.01126099,110.34999847,1067000
2016-10-11,87.98730469,110.31999969,1942600
2016-10-12,87.98730469,110.31999969,1037800
2016-10-13,88.17075348,110.55000305,1188400
2016-10-14,87.89955902,110.20999908,2105300
2016-10-17,88.09095001,110.44999695,1490800
2016-10-18,88.26645660,110.66999817,1484400
2016-10-19,88.30633545,110.72000122,1264200
2016-10-20,88.22658539,110.62000275,979900
2016-10-21,88.32231140,110.73999786,571100
2016-10-24,88.20264435,110.58999634,900800
2016-10-25,88.18668365,110.56999969,735100
2016-10-26,87.99531555,110.33000183,1136600
2016-10-27,87.69221497,109.94999695,3668500
2016-10-28,87.70813751,109.97000122,1313200
2016-10-31,87.77994537,110.05999756,4413900
2016-11-01,87.78311157,109.91000366,2004000
2016-11-02,88.04665375,110.23999786,1455900
2016-11-03,87.99084473,110.16999817,686600
2016-11-04,88.26232147,110.51000214,1699800
2016-11-07,87.89495087,110.05000305,2617900
2016-11-08,87.58348846,109.66000366,1182200
2016-11-09,86.24965668,107.98999786,6381300
2016-11-10,85.73049164,107.33999634,5445300
2016-11-11,85.55480957,107.12000275,2482900
2016-11-14,85.05963898,106.50000000,3753800
2016-11-15,85.05963898,106.50000000,1391700
2016-11-16,85.13951874,106.59999847,2765700
2016-11-17,84.76411438,106.12999725,2499200
2016-11-18,84.38872528,105.66000366,4093700
2016-11-21,84.46058655,105.75000000,1364300
2016-11-22,84.54051208,105.84999847,1744700
2016-11-23,84.23698425,105.47000122,4607100
2016-11-25,84.16511536,105.37999725,948200
2016-11-28,84.54845428,105.86000061,2474800
2016-11-29,84.63632202,105.97000122,1745000
2016-11-30,84.06927490,105.26000214,3362500
2016-12-01,83.74855804,104.70999908,3467600
2016-12-02,84.12441254,105.18000031,1660400
2016-12-05,84.09244537,105.13999939,2281600
2016-12-06,84.12441254,105.18000031,989400
2016-12-07,84.40441895,105.52999878,1237600
2016-12-08,84.08443451,105.12999725,1357500
2016-12-09,83.65254211,104.58999634,3261000
2016-12-12,83.66855621,104.61000061,1538200
2016-12-13,83.71652985,104.66999817,1993500
2016-12-14,83.02074432,103.80000305,3941000
2016-12-15,82.78875732,103.51000214,1999200
2016-12-16,82.89274597,103.63999939,1811800
2016-12-19,83.27664185,104.12000275,1691800
2016-12-20,83.10069275,103.90000153,969400
2016-12-21,83.23667145,104.06999969,1870500
2016-12-22,83.20061493,103.86000061,1872100
2016-12-23,83.28074646,103.95999908,830400
2016-12-27,83.16056061,103.80999756,1148800
2016-12-28,83.46494293,104.19000244,1369800
2016-12-29,83.72132111,104.51000214,1328600
2016-12-30,83.96963501,104.81999969,2439500
2017-01-03,83.92959595,104.76999664,3230500
2017-01-04,84.02571869,104.88999939,1523000
2017-01-05,84.57044983,105.56999969,3344400
2017-01-06,84.18595886,105.08999634,1601400
2017-01-09,84.50637054,105.48999786,1275000
2017-01-10,84.46636963,105.44000244,1352700
2017-01-11,84.56244659,105.55999756,1833700
2017-01-12,84.61051941,105.62000275,1544700
2017-01-13,84.42624664,105.38999939,1833200
2017-01-17,84.85082245,105.91999817,1656800
2017-01-18,84.25002289,105.16999817,3640400
2017-01-19,83.92959595,104.76999664,1840000
2017-01-20,83.96963501,104.81999969,1306400
2017-01-23,84.41025543,105.37000275,1720200
2017-01-24,84.08981323,104.97000122,1344000
2017-01-25,83.67326355,104.44999695,1816000
2017-01-26,83.78536987,104.58999634,2212900
2017-01-27,83.88951874,104.72000122,2285200
2017-01-30,83.86548615,104.69000244,1909300
2017-01-31,84.15390015,105.05000305,1411700
2017-02-01,83.99260712,104.69000244,2055100
2017-02-02,84.02474976,104.73000336,1423500
2017-02-03,84.08891296,104.80999756,1711100
2017-02-06,84.49003601,105.30999756,1500500
2017-02-07,84.64250946,105.50000000,1540600
2017-02-08,84.98748016,105.93000031,3182200
2017-02-09,84.48203278,105.30000305,1530200
2017-02-10,84.42589569,105.23000336,1646400
2017-02-13,84.29754639,105.06999969,1045200
2017-02-14,83.99260712,104.69000244,2318100
2017-02-15,83.83219910,104.48999786,2750900
2017-02-16,84.16914368,104.91000366,2459800
2017-02-17,84.39376068,105.19000244,2237700
2017-02-21,84.35365295,105.13999939,2832700
2017-02-22,84.49003601,105.30999756,2812800
2017-02-23,84.71469879,105.58999634,1842700
2017-02-24,85.10784149,106.08000183,2677000
2017-02-27,84.80297852,105.69999695,3292600
2017-02-28,84.76280212,105.65000153,2482500
2017-03-01,84.17230988,104.76999664,2249000
2017-03-02,83.93134308,104.47000122,2023300
2017-03-03,84.01167297,104.56999969,2509000
2017-03-06,83.99556732,104.55000305,1401700
2017-03-07,83.87509918,104.40000153,1596300
2017-03-08,83.59388733,104.05000305,2392800
2017-03-09,83.36090088,103.76000214,2322900
2017-03-10,83.53768921,103.98000336,1333000
2017-03-13,83.32874298,103.72000122,1342600
2017-03-14,83.41714478,103.83000183,864600
2017-03-15,84.14823151,104.73999786,3701900
2017-03-16,83.91526794,104.44999695,2749900
2017-03-17,84.14021301,104.73000336,1186700
2017-03-20,84.34105682,104.98000336,1362700
2017-03-21,84.62224579,105.33000183,1407000
2017-03-22,84.78295135,105.52999878,2231300
2017-03-23,84.69458771,105.41999817,2584700
2017-03-24,84.74277496,105.48000336,2540000
2017-03-27,84.95166016,105.73999786,2614000
2017-03-28,84.66244507,105.37999725,1356800
2017-03-29,84.90341187,105.68000031,1860400
2017-03-30,84.66244507,105.37999725,1487800
2017-03-31,84.83113861,105.58999634,1698500
2017-04-03,85.24871063,105.94999695,4175500
2017-04-04,85.12805176,105.80000305,1319600
2017-04-05,85.28896332,106.00000000,2551100
2017-04-06,85.23262787,105.93000031,1496300
2017-04-07,84.97518921,105.61000061,1185400
2017-04-10,85.12805176,105.80000305,1752500
2017-04-11,85.52228546,106.29000092,2219200
2017-04-12,85.78781128,106.62000275,2273600
2017-04-13,86.04526520,106.94000244,1868200
2017-04-17,85.90848541,106.76999664,1110500
2017-04-18,86.39929199,107.37999725,1678400
2017-04-19,86.17401886,107.09999847,1750000
2017-04-20,85.98090363,106.86000061,1694700
2017-04-21,86.02116394,106.91000366,2792500
2017-04-24,85.84413910,106.69000244,3558000
2017-04-25,85.40160370,106.13999939,1985700
2017-04-26,85.62689972,106.41999817,1314400
2017-04-27,85.68321991,106.48999786,1988200
2017-04-28,85.77174377,106.59999847,5489800
2017-05-01,85.58638763,106.20999908,2044400
2017-05-02,85.76362610,106.43000031,1585300
2017-05-03,85.58638763,106.20999908,1861300
2017-05-04,85.39302826,105.97000122,1237100
2017-05-05,85.40913391,105.98999786,980000
2017-05-08,85.19961548,105.73000336,4887400
2017-05-09,85.10291290,105.61000061,1457900
2017-05-10,85.07066345,105.56999969,995500
2017-05-11,85.13512421,105.65000153,1088800
2017-05-12,85.57023621,106.19000244,2005600
2017-05-15,85.51385498,106.12000275,672200
2017-05-16,85.62669373,106.26000214,1314500
2017-05-17,86.31162262,107.11000061,5644700
2017-05-18,86.28745270,107.08000183,1715200
2017-05-19,86.26330566,107.05000305,3503100
2017-05-22,86.16656494,106.93000031,1425800
2017-05-23,85.94094086,106.65000153,2984700
2017-05-24,86.11824036,106.87000275,1776300
2017-05-25,86.16656494,106.93000031,1361000
2017-05-26,86.22296906,107.00000000,1016600
2017-05-30,86.44053650,107.26999664,2335200
2017-05-31,86.48086548,107.31999969,1752300
2017-06-01,86.43567657,107.09999847,1769300
2017-06-02,86.81497955,107.56999969,1803200
2017-06-05,86.66972351,107.38999939,1414900
2017-06-06,86.94409180,107.73000336,2078900
2017-06-07,86.78266144,107.52999878,1795800
2017-06-08,86.64546967,107.36000061,3863000
2017-06-09,86.56477356,107.26000214,1203400
2017-06-12,86.54866028,107.23999786,766700
2017-06-13,86.58094788,107.27999878,682300
2017-06-14,87.03285980,107.83999634,3712100
2017-06-15,86.87957001,107.65000153,2000400
2017-06-16,86.92790985,107.70999908,3460300
2017-06-19,86.68583679,107.41000366,1105900
2017-06-20,86.90376282,107.68000031,1252000
2017-06-21,86.89570618,107.66999817,1159800
2017-06-22,86.97636414,107.76999664,1160100
2017-06-23,87.00064087,107.80000305,1581000
2017-06-26,87.07318878,107.88999939,3625000
2017-06-27,86.64546967,107.36000061,1755200
2017-06-28,86.56477356,107.26000214,1530900
2017-06-29,86.24198914,106.86000061,1997200
2017-06-30,86.04018402,106.61000061,1909600
2017-07-03,85.72420502,106.05999756,1255300
2017-07-05,85.78883362,106.13999939,10477800
2017-07-06,85.62720490,105.94000244,1794300
2017-07-07,85.48972321,105.76999664,1799900
2017-07-10,85.60294342,105.91000366,1247700
2017-07-11,85.71607208,106.05000305,1112600
2017-07-12,85.96662140,106.36000061,2451700
2017-07-13,85.87776184,106.25000000,2095900
2017-07-14,85.99897003,106.40000153,1260400
2017-07-17,86.10407257,106.52999878,1289200
2017-07-18,86.41927338,106.91999817,1776100
2017-07-19,86.41927338,106.91999817,2466000
2017-07-20,86.44352722,106.94999695,2317200
2017-07-21,86.59706879,107.13999939,1664200
2017-07-24,86.54050446,107.06999969,2342700
2017-07-25,86.05550385,106.47000122,2513600
2017-07-26,86.33036804,106.80999756,3010400
2017-07-27,86.19298553,106.63999939,1853000
2017-07-28,86.33845520,106.81999969,1001600
2017-07-31,86.36264801,106.84999847,921800
2017-08-01,86.57722473,106.94999695,1958300
2017-08-02,86.49626160,106.84999847,516100
2017-08-03,86.79578400,107.22000122,1576200
2017-08-04,86.56102753,106.93000031,1266100
2017-08-07,86.60956573,106.98999786,554100
2017-08-08,86.53671265,106.90000153,1277800
2017-08-09,86.64196014,107.02999878,1268000
2017-08-10,86.96578979,107.43000031,1412000
2017-08-11,87.06295776,107.55000305,911000
2017-08-14,86.85247803,107.29000092,1386100
2017-08-15,86.59339905,106.97000122,1146300
2017-08-16,86.75531006,107.16999817,2160100
2017-08-17,87.06295776,107.55000305,1637300
2017-08-18,87.07911682,107.56999969,1235700
2017-08-21,87.13574982,107.63999939,718800
2017-08-22,86.96578979,107.43000031,984500
2017-08-23,87.26528931,107.80000305,1246100
2017-08-24,87.12769318,107.62999725,2520900
2017-08-25,87.27339935,107.80999756,1007500
2017-08-28,87.35437012,107.91000366,921700
2017-08-29,87.55674744,108.16000366,1590200
2017-08-30,87.48388672,108.06999969,1299900
2017-08-31,87.62144470,108.23999786,1023600
2017-09-01,87.36367798,107.76000214,3460000
2017-09-05,87.97171783,108.51000214,3054800
2017-09-06,87.76094055,108.25000000,1601500
2017-09-07,88.14197540,108.72000122,4292500
2017-09-08,88.07705688,108.63999939,1249100
2017-09-11,87.57444000,108.01999664,2206200
2017-09-12,87.36367798,107.76000214,3167800
2017-09-13,87.18534088,107.54000092,1590900
2017-09-14,87.20151520,107.55999756,1377700
2017-09-15,87.30693817,107.69000244,1477000
2017-09-18,86.96641541,107.26999664,3032500
2017-09-19,86.86913300,107.15000153,673300
2017-09-20,86.69889069,106.94000244,2397500
2017-09-21,86.58537292,106.80000305,2390000
2017-09-22,86.73939514,106.98999786,826600
2017-09-25,86.99884033,107.30999756,1927000
2017-09-26,86.92591858,107.22000122,1061000
2017-09-27,86.47997284,106.66999817,4039100
2017-09-28,86.46374512,106.65000153,1873300
2017-09-29,86.35832214,106.51999664,2037800
2017-10-02,86.26014709,106.23999786,3221600
2017-10-03,86.38191986,106.38999939,2521700
2017-10-04,86.35755157,106.36000061,2198300
2017-10-05,86.26825714,106.25000000,1779900
2017-10-06,86.16272736,106.12000275,2350600
2017-10-09,86.26014709,106.23999786,893100
2017-10-10,86.29260254,106.27999878,1123100
2017-10-11,86.39004517,106.40000153,2841200
2017-10-12,86.47125244,106.50000000,1349300
2017-10-13,86.76352692,106.86000061,1521700
2017-10-16,86.61740112,106.68000031,1666100
2017-10-17,86.58489227,106.63999939,673800
2017-10-18,86.36568451,106.37000275,1788500
2017-10-19,86.45500183,106.48000336,1518700
2017-10-20,86.09773254,106.04000092,2651400
2017-10-23,86.17897034,106.13999939,709800
2017-10-24,85.91912079,105.81999969,1605600
2017-10-25,85.78109741,105.65000153,1838800
2017-10-26,85.66744232,105.51000214,2062400
2017-10-27,85.94349670,105.84999847,1315000
2017-10-30,86.25202179,106.23000336,1692700
2017-10-31,86.19521332,106.16000366,1178000
2017-11-01,86.24720764,106.05999756,1321500
2017-11-02,86.36107635,106.19999695,1997900
2017-11-03,86.49930573,106.37000275,2532400
2017-11-06,86.60501099,106.50000000,858400
2017-11-07,86.63754272,106.54000092,734800
2017-11-08,86.53189087,106.41000366,947800
2017-11-09,86.49930573,106.37000275,925900
2017-11-10,86.06020355,105.83000183,1862000
2017-11-13,86.01952362,105.77999878,868300
2017-11-14,86.14152527,105.93000031,1629200
2017-11-15,86.45050812,106.30999756,1933100
2017-11-16,86.23097992,106.04000092,1749200
2017-11-17,86.34479523,106.18000031,941200
2017-11-20,86.20655060,106.01000214,1153400
2017-11-21,86.22282410,106.02999878,835600
2017-11-22,86.49930573,106.37000275,1657900
2017-11-24,86.42612457,106.27999878,614400
2017-11-27,86.48307800,106.34999847,1927500
2017-11-28,86.49930573,106.37000275,1388000
2017-11-29,86.22282410,106.02999878,3193600
2017-11-30,85.95446014,105.69999695,3306400
2017-12-01,86.27209473,105.93000031,4341500
2017-12-04,86.23141479,105.87999725,2356200
2017-12-05,86.29653931,105.95999908,1586000
2017-12-06,86.47567749,106.18000031,1459000
2017-12-07,86.32096100,105.98999786,1953400
2017-12-08,86.25581360,105.91000366,2519500
2017-12-11,86.19879150,105.83999634,702200
2017-12-12,86.12546539,105.75000000,2557500
2017-12-13,86.47567749,106.18000031,1477800
2017-12-14,86.44312286,106.13999939,982100
2017-12-15,86.42689514,106.12000275,1845200
2017-12-18,86.23141479,105.87999725,1610300
2017-12-19,85.84043884,105.40000153,4535100
2017-12-20,85.58799744,105.08999634,3027000
2017-12-21,85.64832306,105.00000000,2098800
2017-12-22,85.68101501,105.04000092,696900
2017-12-26,85.71360016,105.08000183,2584800
2017-12-27,86.08068085,105.52999878,2291500
2017-12-28,85.97461700,105.40000153,1540500
2017-12-29,86.11334229,105.56999969,1849600
2018-01-02,85.82779694,105.22000122,3902000
2018-01-03,85.91751862,105.33000183,2135900
2018-01-04,85.87670898,105.27999878,2430000
2018-01-05,85.77069092,105.15000153,2163600
2018-01-08,85.72988892,105.09999847,2450600
2018-01-09,85.32205200,104.59999847,5924200
2018-01-10,85.29759216,104.56999969,2142500
2018-01-11,85.35466766,104.63999939,1798700
2018-01-12,85.29759216,104.56999969,1430700
2018-01-16,85.33837891,104.62000275,5927500
2018-01-17,85.15076447,104.38999939,2186100
2018-01-18,84.88154602,104.05999756,3326100
2018-01-19,84.66131592,103.79000092,2921600
2018-01-22,84.62867737,103.75000000,8047400
2018-01-23,84.87345886,104.05000305,1780100
2018-01-24,84.71025848,103.84999847,1952200
2018-01-25,84.89792633,104.08000183,3342000
2018-01-26,84.64503479,103.76999664,3324500
2018-01-29,84.43296814,103.51000214,2328200
2018-01-30,84.23716736,103.26999664,2346900
2018-01-31,84.26171112,103.30000305,2966400
2018-02-01,83.82698822,102.59999847,8958300
2018-02-02,83.51653290,102.22000122,5753500
2018-02-05,84.20285034,103.05999756,6902000
2018-02-06,83.83515167,102.61000061,5382900
2018-02-07,83.59004211,102.30999756,4773700
2018-02-08,83.66355896,102.40000153,5685300
2018-02-09,83.51653290,102.22000122,4376900
2018-02-12,83.49199677,102.19000244,2836300
2018-02-13,83.63085938,102.36000061,2698100
2018-02-14,83.12434387,101.73999786,4141900
2018-02-15,83.14885712,101.76999664,3057300
2018-02-16,83.34496307,102.01000214,2277800
2018-02-20,83.25508881,101.90000153,2138300
2018-02-21,83.00998688,101.59999847,2253900
2018-02-22,83.12434387,101.73999786,4411800
2018-02-23,83.44297028,102.12999725,4484700
2018-02-26,83.54106140,102.25000000,2725600
2018-02-27,83.27956390,101.93000031,3308900
2018-02-28,83.47569275,102.16999817,2521400
2018-03-01,83.83486938,102.44999695,5352600
2018-03-02,83.52395630,102.06999969,2140800
2018-03-05,83.41757965,101.94000244,2059300
2018-03-06,83.40939331,101.93000031,2331300
2018-03-07,83.40939331,101.93000031,1258100
2018-03-08,83.58123779,102.13999939,1636700
2018-03-09,83.40118408,101.91999817,1604500
2018-03-12,83.59760284,102.16000366,1885700
2018-03-13,83.73672485,102.33000183,1742100
2018-03-14,83.90036011,102.52999878,2598900
2018-03-15,83.86764526,102.48999786,2758000
2018-03-16,83.76945496,102.37000275,3595300
2018-03-19,83.68764496,102.26999664,2825000
2018-03-20,83.52395630,102.06999969,2600600
2018-03-21,83.58123779,102.13999939,3365600
2018-03-22,83.92489624,102.55999756,5026500
2018-03-23,84.03948212,102.69999695,2519000
2018-03-26,83.81031799,102.41999817,4184900
2018-03-27,84.28498077,103.00000000,3495900
2018-03-28,84.26857758,102.98000336,2762500
2018-03-29,84.44046021,103.19000244,2572100
2018-04-02,84.52653503,103.12000275,2748800
2018-04-03,84.25601959,102.79000092,4229600
2018-04-04,84.20681763,102.73000336,2216900
2018-04-05,83.99369049,102.47000122,1789300
2018-04-06,84.36256409,102.91999817,2651200
2018-04-09,84.37898254,102.94000244,2071100
2018-04-10,84.23143768,102.76000214,1622400
2018-04-11,84.31340790,102.86000061,2520600
2018-04-12,84.01010132,102.48999786,2188600
2018-04-13,84.08386993,102.58000183,2937700
2018-04-16,84.04287720,102.52999878,1637400
2018-04-17,84.09206390,102.58999634,1301800
2018-04-18,83.76421356,102.19000244,2127600
2018-04-19,83.53469849,101.91000366,3181500
2018-04-20,83.25597382,101.56999969,2309400
2018-04-23,83.17401886,101.47000122,5022800
2018-04-24,83.07563782,101.34999847,3178800
2018-04-25,82.89533234,101.12999725,3295800
2018-04-26,83.13305664,101.41999817,1989500
2018-04-27,83.27236938,101.58999634,2409300
2018-04-30,83.36253357,101.69999695,3504400
2018-05-01,83.23197174,101.34999847,1894000
2018-05-02,83.24842072,101.37000275,3852600
2018-05-03,83.46192932,101.62999725,6026900
2018-05-04,83.47011566,101.63999939,2370500
2018-05-07,83.42905426,101.58999634,1854900
2018-05-08,83.28947449,101.41999817,1654600
2018-05-09,83.10057068,101.19000244,2838400
2018-05-10,83.27304840,101.40000153,4183700
2018-05-11,83.28124237,101.41000366,2816300
2018-05-14,83.10057068,101.19000244,4762000
2018-05-15,82.64068604,100.62999725,6812500
2018-05-16,82.46821594,100.41999817,4784200
2018-05-17,82.41897583,100.36000061,1702300
2018-05-18,82.73923492,100.75000000,2642300
2018-05-21,82.79673004,100.81999969,2845100
2018-05-22,82.76385498,100.77999878,1977000
2018-05-23,83.14162445,101.23999786,5102500
2018-05-24,83.35513306,101.50000000,2994100
2018-05-25,83.68367767,101.90000153,2838400
2018-05-29,84.58703613,103.00000000,11256200
2018-05-30,84.22566986,102.55999756,4512200
2018-05-31,84.18461609,102.51000214,5321700
2018-06-01,83.87355042,101.93000031,7891000
2018-06-04,83.57734680,101.56999969,3131800
2018-06-05,83.79129028,101.83000183,4305500
2018-06-06,83.45389557,101.41999817,3910500
2018-06-07,83.80774689,101.84999847,4400400
2018-06-08,83.69253540,101.70999908,7342800
2018-06-11,83.61025238,101.61000061,1875800
2018-06-12,83.56090546,101.55000305,1664800
2018-06-13,83.46214294,101.43000031,3294700
2018-06-14,83.72546387,101.75000000,3626400
2018-06-15,83.79129028,101.83000183,5826500
2018-06-18,83.83240509,101.87999725,4600500
2018-06-19,84.05461884,102.15000153,4172800
2018-06-20,83.78305054,101.81999969,3059000
2018-06-21,84.00522614,102.08999634,2680500
2018-06-22,84.02169800,102.11000061,2309500
2018-06-25,84.13689423,102.25000000,8110800
2018-06-26,84.17800903,102.30000305,3873200
2018-06-27,84.49894714,102.69000244,3044200
2018-06-28,84.41666412,102.58999634,3705600
2018-06-29,84.35080719,102.51000214,2721200
2018-07-02,84.29312134,102.25000000,3911500
2018-07-03,84.50744629,102.51000214,1463800
2018-07-05,84.51570129,102.51999664,1682300
2018-07-06,84.58990479,102.61000061,3206500
2018-07-09,84.37552643,102.34999847,2258800
2018-07-10,84.30961609,102.26999664,4461100
2018-07-11,84.48271942,102.48000336,2198700
2018-07-12,84.44973755,102.44000244,1385900
2018-07-13,84.58990479,102.61000061,2891800
2018-07-16,84.44973755,102.44000244,1782600
2018-07-17,84.40029907,102.37999725,1034700
2018-07-18,84.33431244,102.30000305,1355300
2018-07-19,84.56516266,102.58000183,4201700
2018-07-20,84.26838684,102.22000122,3362700
2018-07-23,83.85616302,101.72000122,5285700
2018-07-24,83.91390991,101.79000092,3293800
2018-07-25,83.85616302,101.72000122,2403800
2018-07-26,83.76551056,101.61000061,2598200
2018-07-27,83.89740753,101.76999664,1435100
2018-07-30,83.79021454,101.63999939,3832700
2018-07-31,83.90564728,101.77999878,3053600
2018-08-01,83.70739746,101.33999634,5366800
2018-08-02,83.80651855,101.45999908,3370800
2018-08-03,84.02129364,101.72000122,2174800
2018-08-06,84.06259155,101.76999664,3867200
2018-08-07,83.88915253,101.55999756,2181400
2018-08-08,83.96348572,101.65000153,2777900
2018-08-09,84.19477081,101.93000031,4318000
2018-08-10,84.55819702,102.37000275,4327800
2018-08-13,84.53342438,102.33999634,1764700
2018-08-14,84.45081329,102.23999786,2487600
2018-08-15,84.65731049,102.48999786,4810700
2018-08-16,84.63253021,102.45999908,2594400
2018-08-17,84.66561127,102.50000000,3043400
2018-08-20,84.92990875,102.81999969,2901100
2018-08-21,84.81428528,102.68000031,2516700
2018-08-22,84.97118378,102.87000275,2396500
2018-08-23,84.96297455,102.86000061,871000
2018-08-24,84.98770905,102.88999939,1296600
2018-08-27,84.79774475,102.66000366,1851900
2018-08-28,84.60771942,102.43000031,1506300
2018-08-29,84.58293915,102.40000153,1420400
2018-08-30,84.73990631,102.58999634,2780900
2018-08-31,84.75644684,102.61000061,2132200
2018-09-04,84.56276703,102.16999817,3419500
2018-09-05,84.55446625,102.16000366,1332300
2018-09-06,84.72829437,102.37000275,1656700
2018-09-07,84.34754944,101.91000366,4405000
2018-09-10,84.39722443,101.97000122,3110800
2018-09-11,84.09100342,101.59999847,3360500
2018-09-12,84.19033051,101.72000122,1398800
2018-09-13,84.18203735,101.70999908,1281600
2018-09-14,84.02477264,101.51999664,3749900
2018-09-17,84.04132080,101.54000092,3808400
2018-09-18,83.69374847,101.12000275,4972900
2018-09-19,83.55300140,100.94999695,5515900
2018-09-20,83.56129456,100.95999908,2973500
2018-09-21,83.59439087,101.00000000,1024100
2018-09-24,83.50335693,100.88999939,2389800
2018-09-25,83.42057037,100.79000092,2878300
2018-09-26,83.69374847,101.12000275,2502900
2018-09-27,83.69374847,101.12000275,6342800
2018-09-28,83.73509216,101.16999817,3931000
2018-10-01,83.52278900,100.70999908,6408000
2018-10-02,83.73844910,100.97000122,2915000
2018-10-03,83.11644745,100.22000122,6612700
2018-10-04,82.90081024,99.95999908,6427500
2018-10-05,82.70175171,99.72000122,5676600
2018-10-08,82.73493195,99.76000214,1947800
2018-10-09,82.89246368,99.94999695,3066300
2018-10-10,82.93393707,100.00000000,3001900
2018-10-11,83.27399445,100.41000366,5821500
2018-10-12,83.17446899,100.29000092,2647900
2018-10-15,83.22422028,100.34999847,1860000
2018-10-16,83.21592712,100.33999634,2703900
2018-10-17,82.97542572,100.05000305,3336200
2018-10-18,83.12471771,100.23000336,2587700
2018-10-19,83.02519989,100.11000061,5531900
2018-10-22,83.04178619,100.12999725,1690100
2018-10-23,83.25737000,100.38999939,4420100
2018-10-24,83.70526123,100.93000031,4881200
2018-10-25,83.50617981,100.69000244,3559900
2018-10-26,83.87942505,101.13999939,4220800
2018-10-29,83.87110138,101.12999725,3766900
2018-10-30,83.68866730,100.91000366,5746600
2018-10-31,83.48133850,100.66000366,3956700
2018-11-01,83.55278015,100.52999878,4834300
2018-11-02,83.08733368,99.97000122,5250900
2018-11-05,83.13722229,100.02999878,2446700
2018-11-06,83.04579163,99.91999817,2456700
2018-11-07,83.04579163,99.91999817,3297600
2018-11-08,82.92942810,99.77999878,2188900
2018-11-09,83.25363159,100.16999817,2772700
2018-11-12,83.50292969,100.47000122,3704900
2018-11-13,83.56941986,100.55000305,3265000
2018-11-14,83.74394226,100.76000214,4626400
2018-11-15,83.80211639,100.83000183,2621300
2018-11-16,84.05978394,101.13999939,7226700
2018-11-19,84.18441772,101.29000092,3447800
2018-11-20,84.16780090,101.26999664,3658600
2018-11-21,84.15119934,101.25000000,1897000
2018-11-23,84.20104980,101.30999756,531200
2018-11-26,84.13459778,101.23000336,2345600
2018-11-27,84.21771240,101.33000183,2334400
2018-11-28,84.20936584,101.31999969,3582500
2018-11-29,84.42548370,101.58000183,4313000
2018-11-30,84.59169769,101.77999878,3069700
2018-12-03,84.77657318,101.79000092,6008500
2018-12-04,85.16802979,102.26000214,7748800
2018-12-06,85.38460541,102.51999664,9429900
2018-12-07,85.63442993,102.81999969,7319100
2018-12-10,85.68443298,102.87999725,9045700
2018-12-11,85.46788788,102.62000275,5290100
2018-12-12,85.23466492,102.33999634,3727200
2018-12-13,85.28459167,102.40000153,4116000
2018-12-14,85.41787720,102.55999756,3530000
2018-12-17,85.66777039,102.86000061,7627000
2018-12-18,85.87892151,102.90000153,4461400
2018-12-19,86.17935944,103.26000214,7710900
2018-12-20,86.07085419,103.12999725,9245200
2018-12-21,86.14595795,103.22000122,4918800
2018-12-24,86.36296082,103.48000336,6373000
2018-12-26,85.95401764,102.98999786,5477700
2018-12-27,86.17100525,103.25000000,4602100
2018-12-28,86.63839722,103.80999756,4543100
2018-12-31,86.96386719,104.19999695,7227500
2019-01-02,87.14744568,104.41999817,18668600
2019-01-03,87.84018707,105.25000000,10616700
2019-01-04,87.13081360,104.40000153,6616700
2019-01-07,86.88878632,104.11000061,5459200
2019-01-08,86.67177582,103.84999847,6879500
2019-01-09,86.72182465,103.91000366,3248700
2019-01-10,86.68009186,103.86000061,14413000
2019-01-11,86.93884277,104.16999817,3825700
2019-01-14,86.88878632,104.11000061,3090100
2019-01-15,86.80532837,104.01000214,4148000
2019-01-16,86.75524902,103.94999695,4820800
2019-01-17,86.59664154,103.76000214,5328100
2019-01-18,86.32126617,103.43000031,6617500
2019-01-22,86.62165833,103.79000092,5814400
2019-01-23,86.57994843,103.73999786,3507300
2019-01-24,86.85540771,104.06999969,6030700
2019-01-25,86.65506744,103.83000183,2763300
2019-01-28,86.68009186,103.86000061,3116100
2019-01-29,86.93046570,104.16000366,2836700
2019-01-30,87.13081360,104.40000153,5788300
2019-01-31,87.53137970,104.87999725,10206500
2019-02-01,87.06304932,104.09999847,9191900
2019-02-04,86.87068176,103.87000275,7283500
2019-02-05,87.02122498,104.05000305,3331100
2019-02-06,87.08809662,104.12999725,3489800
2019-02-07,87.37249756,104.47000122,6937400
2019-02-08,87.48954773,104.61000061,2602700
2019-02-11,87.35579681,104.44999695,2637200
2019-02-12,87.23867798,104.30999756,3305300
2019-02-13,87.02122498,104.05000305,3772100
2019-02-14,87.43099976,104.54000092,10568700
2019-02-15,87.34740448,104.44000244,6879000
2019-02-19,87.49796295,104.62000275,8557400
2019-02-20,87.48120117,104.59999847,4751100
2019-02-21,87.22194672,104.29000092,4140200
2019-02-22,87.48120117,104.59999847,3351000
2019-02-25,87.34740448,104.44000244,2849600
2019-02-26,87.60667419,104.75000000,2647700
2019-02-27,87.29723358,104.37999725,2530600
2019-02-28,87.07138062,104.11000061,4949900
2019-03-01,86.78565979,103.56999969,9003000
2019-03-04,87.05378723,103.88999939,3506600
2019-03-05,87.10408020,103.94999695,2112200
2019-03-06,87.34707642,104.23999786,2401600
2019-03-07,87.64035034,104.58999634,4822900
2019-03-08,87.76605988,104.73999786,5212000
2019-03-11,87.69902039,104.66000366,4654100
2019-03-12,87.94202423,104.94999695,4942800
2019-03-13,87.90847778,104.91000366,1715000
2019-03-14,87.78280640,104.76000214,2514700
2019-03-15,88.05934906,105.08999634,7846600
2019-03-18,87.94202423,104.94999695,4166200
2019-03-19,87.88338470,104.87999725,2138000
2019-03-20,88.49507904,105.61000061,8061700
2019-03-21,88.45315552,105.55999756,4633500
2019-03-22,89.10675812,106.33999634,4721900
2019-03-25,89.33300018,106.61000061,7828800
2019-03-26,89.25762177,106.51999664,7483700
2019-03-27,89.51736450,106.83000183,3555900
2019-03-28,89.52575684,106.83999634,3769600
2019-03-29,89.38330078,106.66999817,2748900
2019-04-01,88.76867676,105.72000122,9430400
2019-04-02,88.91980743,105.90000153,7318600
2019-04-03,88.64270020,105.56999969,5207300
2019-04-04,88.73506927,105.68000031,2293700
2019-04-05,88.77706146,105.73000336,1749900
2019-04-08,88.63428497,105.55999756,3591500
2019-04-09,88.79382324,105.75000000,3210600
2019-04-10,89.00376129,106.00000000,2059800
2019-04-11,88.80224609,105.76000214,1547500
2019-04-12,88.39079285,105.26999664,6032100
2019-04-15,88.50838470,105.41000366,2410700
2019-04-16,88.20608521,105.05000305,5003600
2019-04-17,88.22286987,105.06999969,2348800
2019-04-18,88.43274689,105.31999969,4893200
2019-04-22,88.30685425,105.16999817,3630000
2019-04-23,88.46633911,105.36000061,2462100
2019-04-24,88.80224609,105.76000214,3266700
2019-04-25,88.69308472,105.62999725,1457600
2019-04-26,88.92819977,105.91000366,2156100
2019-04-29,88.74348450,105.69000244,2715000
2019-04-30,88.91980743,105.90000153,3621900
2019-05-01,88.87943268,105.63999939,6870700
2019-05-02,88.62701416,105.33999634,3126200
2019-05-03,88.74479675,105.48000336,2625200
2019-05-06,88.97194672,105.75000000,3370100
2019-05-07,89.27481842,106.11000061,3965800
2019-05-08,89.10661316,105.91000366,4226600
2019-05-09,89.34216309,106.19000244,4224100
2019-05-10,89.28324890,106.12000275,2855400
2019-05-13,89.72915649,106.65000153,5653400
2019-05-14,89.64499664,106.55000305,2573200
2019-05-15,89.93106842,106.88999939,5512300
2019-05-16,89.75438690,106.68000031,3898400
2019-05-17,89.79647064,106.73000336,2128400
2019-05-20,89.64499664,106.55000305,2439600
2019-05-21,89.54409027,106.43000031,2675300
2019-05-22,89.81330872,106.75000000,3561900
2019-05-23,90.36019897,107.40000153,6184500
2019-05-24,90.33491516,107.37000275,2422800
2019-05-28,90.73034668,107.83999634,7039000
2019-05-29,90.69675446,107.80000305,5251800
2019-05-30,91.02485657,108.19000244,3461100
2019-05-31,91.63057709,108.91000366,6020600
2019-06-03,92.07147217,109.22000122,23830900
2019-06-04,91.73429108,108.81999969,5503200
2019-06-05,91.73429108,108.81999969,7712300
2019-06-06,91.71740723,108.80000305,2392400
2019-06-07,92.07991791,109.23000336,2805900
2019-06-10,91.62469482,108.69000244,6071200
2019-06-11,91.62469482,108.69000244,2735800
2019-06-12,91.86075592,108.97000122,2062800
2019-06-13,92.08830261,109.23999786,1684700
2019-06-14,92.15579987,109.31999969,3880700
2019-06-17,92.13891602,109.30000305,3038800
2019-06-18,92.31594849,109.51000214,4564900
2019-06-19,92.56884766,109.80999756,4541500
2019-06-20,92.72057343,109.98999786,4575000
2019-06-21,92.34123993,109.54000092,4305200
2019-06-24,92.66156769,109.91999817,3046300
2019-06-25,92.80488586,110.08999634,5251000
2019-06-26,92.42553711,109.63999939,6675000
2019-06-27,92.70373535,109.97000122,2538400
2019-06-28,92.74587250,110.01999664,4341500
2019-07-01,92.62933350,109.69000244,8183600
2019-07-02,92.95866394,110.08000183,3117100
2019-07-03,93.13600922,110.29000092,2607000
2019-07-05,92.54487610,109.58999634,3664100
2019-07-08,92.45198059,109.48000336,3254100
2019-07-09,92.39291382,109.41000366,2061800
2019-07-10,92.44352722,109.47000122,4343700
2019-07-11,91.98754120,108.93000031,4769800
2019-07-12,92.08890533,109.05000305,4141900
2019-07-15,92.28313446,109.27999878,1753200
2019-07-16,92.08040619,109.04000092,2766100
2019-07-17,92.51107788,109.55000305,2624400
2019-07-18,92.73907471,109.81999969,2386700
2019-07-19,92.57025146,109.62000275,1728100
2019-07-22,92.61242676,109.66999817,1629800
2019-07-23,92.46044922,109.48999786,2329800
2019-07-24,92.59556580,109.65000153,2268500
2019-07-25,92.43512726,109.45999908,3172000
2019-07-26,92.41824341,109.44000244,3004100
2019-07-29,92.50267792,109.54000092,2505600
2019-07-30,92.54487610,109.58999634,2514800
2019-07-31,92.78135681,109.87000275,6669300
2019-08-01,93.83369446,110.91999817,16938700
2019-08-02,94.02828217,111.15000153,8503000
2019-08-05,94.84040070,112.11000061,7626200
2019-08-06,94.99269867,112.29000092,6462400
2019-08-07,94.99269867,112.29000092,9665300
2019-08-08,95.00109863,112.30000305,5178800
2019-08-09,94.85731506,112.12999725,2869000
2019-08-12,95.45791626,112.83999634,4739900
2019-08-13,95.11953735,112.44000244,5888000
2019-08-14,95.75404358,113.19000244,8124300
2019-08-15,96.36312866,113.91000366,5240200
2019-08-16,96.10936737,113.61000061,4957800
2019-08-19,95.65251923,113.06999969,3691400
2019-08-20,96.07550049,113.56999969,3161800
2019-08-21,95.82169342,113.26999664,4921700
2019-08-22,95.61019135,113.01999664,5860400
2019-08-23,96.25314331,113.77999878,8192600
2019-08-26,96.16010284,113.66999817,7581600
2019-08-27,96.57461548,114.16000366,3266900
2019-08-28,96.60848236,114.19999695,2505400
2019-08-29,96.42234039,113.98000336,4232400
2019-08-30,96.44770050,114.01000214,3651100
2019-09-03,96.65956879,114.06999969,11754000
2019-09-04,96.81208038,114.25000000,3447000
2019-09-05,96.03251648,113.33000183,4597800
2019-09-06,96.09184265,113.40000153,3111000
2019-09-09,95.49867249,112.69999695,4818700
2019-09-10,94.80381775,111.87999725,4797200
2019-09-11,94.71059418,111.76999664,4737000
2019-09-12,94.49872589,111.51999664,8612500
2019-09-13,93.63446808,110.50000000,24187700
2019-09-16,94.04122925,110.98000336,5388300
2019-09-17,94.28692627,111.26999664,8211700
2019-09-18,94.32083893,111.30999756,5170400
2019-09-19,94.36322021,111.36000061,7131900
2019-09-20,94.90553284,112.00000000,9915000
2019-09-23,95.04110718,112.16000366,13163900
2019-09-24,95.51563263,112.72000122,10459100
2019-09-25,94.88855743,111.98000336,8430900
2019-09-26,95.09193420,112.22000122,4233000
2019-09-27,95.22752380,112.37999725,4545500
2019-09-30,95.30380249,112.47000122,2797900
2019-10-01,95.56771088,112.61000061,8555100
2019-10-02,95.89869690,113.00000000,3908600
2019-10-03,96.39940643,113.58999634,6128300
2019-10-04,96.58609009,113.80999756,4707600
2019-10-07,96.26361847,113.43000031,3193100
2019-10-08,96.46728516,113.66999817,4304900
2019-10-09,96.22121429,113.37999725,3336800
2019-10-10,95.61864471,112.66999817,3924400
2019-10-11,94.96514130,111.90000153,8685300
2019-10-14,95.22824097,112.20999908,1932200
2019-10-15,94.76997375,111.66999817,6638500
2019-10-16,94.95663452,111.88999939,2755500
2019-10-17,94.92273712,111.84999847,3188700
2019-10-18,95.00760651,111.94999695,2406400
2019-10-21,94.65964508,111.54000092,1735300
2019-10-22,94.88032532,111.80000305,3334400
2019-10-23,94.91426086,111.83999634,3305600
2019-10-24,94.89724731,111.81999969,2645400
2019-10-25,94.69359589,111.58000183,2381000
2019-10-28,94.33715820,111.16000366,5837600
2019-10-29,94.42198944,111.26000214,2199500
2019-10-30,94.88032532,111.80000305,5276700
2019-10-31,95.48283386,112.51000214,5540700
2019-11-01,95.30265808,112.12999725,8149400
2019-11-04,94.81819916,111.55999756,4145200
2019-11-05,94.30822754,110.95999908,6853500
2019-11-06,94.58020020,111.27999878,4129800
2019-11-07,93.82376862,110.38999939,5890100
2019-11-08,93.69628906,110.23999786,3037300
2019-11-11,93.79829407,110.36000061,1563000
2019-11-12,93.84077454,110.41000366,4446200
2019-11-13,94.09577179,110.70999908,2475200
2019-11-14,94.57170868,111.26999664,3189600
2019-11-15,94.49524689,111.18000031,2104500
2019-11-18,94.65669250,111.37000275,1893600
2019-11-19,94.83518982,111.58000183,8306500
2019-11-20,95.18366241,111.98999786,3838000
2019-11-21,94.94568634,111.70999908,3034700
2019-11-22,94.92869568,111.69000244,1879700
2019-11-25,94.97119141,111.73999786,3573100
2019-11-26,95.14967346,111.94999695,3579300
2019-11-27,94.90320587,111.66000366,2351800
2019-11-29,94.82672119,111.56999969,2882300
2019-12-02,94.48622894,111.01000214,6826400
2019-12-03,95.32892609,112.00000000,6561900
2019-12-04,94.96292877,111.56999969,2072200
2019-12-05,94.74159241,111.30999756,3062000
2019-12-06,94.45220184,110.97000122,2717400
2019-12-09,94.52877808,111.05999756,1928500
2019-12-10,94.41813660,110.93000031,1707000
2019-12-11,94.80966949,111.38999939,2462600
2019-12-12,94.06067657,110.51000214,5490400
2019-12-13,94.61390686,111.16000366,4162000
2019-12-16,94.17134857,110.63999939,3028500
2019-12-17,94.17983246,110.65000153,3471400
2019-12-18,93.92446899,110.34999847,2249500
2019-12-19,93.99779510,110.27999878,1962500
2019-12-20,93.99779510,110.27999878,4660500
2019-12-23,93.91256714,110.18000031,1809400
2019-12-24,94.07448578,110.37000275,857600
2019-12-26,94.21089172,110.52999878,1285100
2019-12-27,94.34725189,110.69000244,1771100
2019-12-30,94.28755188,110.62000275,2035400
2019-12-31,93.94665527,110.22000122,2801600
2020-01-02,94.38137817,110.73000336,4022300
2020-01-03,95.01206970,111.47000122,3839600
2020-01-06,94.90979004,111.34999847,2714300
2020-01-07,94.77342987,111.19000244,2038800
2020-01-08,94.55181885,110.93000031,5081100
2020-01-09,94.62000275,111.01000214,3680600
2020-01-10,94.82458496,111.25000000,2600000
2020-01-13,94.71376038,111.12000275,2672600
2020-01-14,94.90130615,111.33999634,2376300
2020-01-15,95.13991547,111.62000275,2734800
2020-01-16,94.94392395,111.38999939,2200500
2020-01-17,94.86722565,111.30000305,2627000
2020-01-21,95.24221039,111.73999786,2355600
2020-01-22,95.25926208,111.76000214,1787600
2020-01-23,95.49795532,112.04000092,1891300
2020-01-24,95.83885193,112.44000244,7932600
2020-01-27,96.48667908,113.19999695,3824600
2020-01-28,96.16274261,112.81999969,1923600
2020-01-29,96.62307739,113.36000061,2429500
2020-01-30,96.71681976,113.47000122,4405500
2020-01-31,97.20267487,114.04000092,9764500
2020-02-03,97.11985779,113.79000092,5722100
2020-02-04,96.55654144,113.12999725,2569600
2020-02-05,96.13829803,112.63999939,9027500
2020-02-06,96.20663452,112.72000122,1697100
2020-02-07,96.66751099,113.26000214,6177900
2020-02-10,96.85529327,113.48000336,1909100
2020-02-11,96.62484741,113.20999908,1657100
2020-02-12,96.37731171,112.91999817,1473800
2020-02-13,96.46263885,113.01999664,1868000
2020-02-14,96.70163727,113.30000305,2043600
2020-02-18,96.85529327,113.48000336,8356600
2020-02-19,96.83818817,113.45999908,1681800
2020-02-20,97.11985779,113.79000092,3452900
2020-02-21,97.51242065,114.25000000,5381000
2020-02-24,98.27208710,115.13999939,6803600
2020-02-25,98.54520416,115.45999908,10014300
2020-02-26,98.49400330,115.40000153,19649400
2020-02-27,98.97200775,115.95999908,8629700
2020-02-28,100.08147430,117.26000214,13437000
2020-03-02,100.01312256,117.04000092,19402100
2020-03-03,101.17527771,118.40000153,11462300
2020-03-04,100.95313263,118.13999939,7627100
2020-03-05,101.85032654,119.19000244,5284200
2020-03-06,102.88435364,120.40000153,11614800
2020-03-09,103.80721283,121.48000336,24791700
2020-03-10,101.90164185,119.25000000,15072900
2020-03-11,100.88471222,118.05999756,13316100
2020-03-12,100.93605042,118.12000275,10671600
2020-03-13,100.27803802,117.34999847,8697200
2020-03-16,102.92704773,120.44999695,6971700
2020-03-17,100.34644318,117.43000031,5680300
2020-03-18,98.95353699,115.80000305,13256300
2020-03-19,99.27822876,116.18000031,6702900
2020-03-20,101.80764008,119.13999939,9641600
2020-03-23,103.01251221,120.55000305,12234700
2020-03-24,102.31179810,119.73000336,5235500
2020-03-25,102.37163544,119.80000305,5527600
2020-03-26,102.61941528,120.08999634,3384400
2020-03-27,103.37996674,120.98000336,5282300
2020-03-30,103.61921692,121.26000214,4649400
2020-03-31,103.80721283,121.48000336,6356500
2020-04-01,104.22985840,121.83000183,9256400
2020-04-02,104.24694824,121.84999847,4789400
2020-04-03,104.32394409,121.94000244,3441100
2020-04-06,103.85340118,121.38999939,4697500
2020-04-07,103.39141083,120.84999847,9340600
2020-04-08,103.26309967,120.69999695,3341000
2020-04-09,103.48555756,120.95999908,4543600
2020-04-13,103.26309967,120.69999695,2103100
2020-04-14,103.39997864,120.86000061,2180100
2020-04-15,104.32394409,121.94000244,3137400
2020-04-16,104.43517303,122.06999969,1901600
2020-04-17,104.16141510,121.75000000,2375000
2020-04-20,104.43517303,122.06999969,4230700
2020-04-21,104.72607422,122.41000366,3287700
2020-04-22,104.40095520,122.02999878,3168700
2020-04-23,104.46940613,122.11000061,2345900
2020-04-24,104.49506378,122.13999939,2373500
2020-04-27,103.93894196,121.48999786,2508100
2020-04-28,104.39241791,122.01999664,2847600
2020-04-29,104.34105682,121.95999908,2600100
2020-04-30,104.09296417,121.66999817,5371500
2020-05-01,104.23683929,121.70999908,8357700
2020-05-04,104.25399017,121.73000336,3580500
2020-05-05,104.17689514,121.63999939,3487600
2020-05-06,103.79148102,121.19000244,3279500
2020-05-07,104.42523956,121.93000031,3252800
2020-05-08,104.08266449,121.52999878,3486800
2020-05-11,103.79148102,121.19000244,4569400
2020-05-12,104.13408661,121.58999634,4267700
2020-05-13,104.34819794,121.83999634,2615800
2020-05-14,104.51089478,122.02999878,2257600
2020-05-15,104.44235992,121.94999695,1828900
2020-05-18,103.80004883,121.19999695,3091200
2020-05-19,104.09126282,121.54000092,1941700
2020-05-20,104.11693573,121.56999969,2366700
2020-05-21,104.18545532,121.65000153,2063800
2020-05-22,104.38243103,121.87999725,1352400
2020-05-26,104.10836792,121.55999756,3484800
2020-05-27,104.19402313,121.66000366,2542900
2020-05-28,104.09983063,121.55000305,3873900
2020-05-29,104.43382263,121.94000244,2993800
2020-06-01,104.39266205,121.76999664,8531700
2020-06-02,104.22120667,121.56999969,4711800
2020-06-03,103.60393524,120.84999847,4226600
2020-06-04,103.19247437,120.37000275,4744100
2020-06-05,102.67810059,119.76999664,10611700
2020-06-08,102.78952026,119.90000153,3314700
2020-06-09,103.15817261,120.33000183,3238600
2020-06-10,103.92974854,121.23000336,4944600
2020-06-11,104.29838562,121.66000366,6365800
2020-06-12,104.06687927,121.38999939,3051000
2020-06-15,103.98116302,121.29000092,2658000
2020-06-16,103.76683044,121.04000092,5252000
2020-06-17,103.92974854,121.23000336,2308300
2020-06-18,104.16119385,121.50000000,1694600
2020-06-19,104.19549561,121.54000092,2033200
2020-06-22,104.10117340,121.43000031,2284900
2020-06-23,104.06687927,121.38999939,2010600
2020-06-24,104.26405334,121.62000275,2310700
2020-06-25,104.28120422,121.63999939,1650900
2020-06-26,104.56411743,121.97000122,3413900
2020-06-29,104.66700745,122.08999634,28632400
2020-06-30,104.47836304,121.87000275,4126700
2020-07-01,104.31536102,121.56999969,8416500
2020-07-02,104.44409943,121.72000122,3054100
2020-07-06,104.28961945,121.54000092,2821900
2020-07-07,104.62425995,121.93000031,2920400
2020-07-08,104.46123505,121.73999786,2096700
2020-07-09,104.79588318,122.12999725,2769400
2020-07-10,104.58992767,121.88999939,1939000
2020-07-13,104.70150757,122.01999664,2051100
2020-07-14,104.69291687,122.01000214,1721500
2020-07-15,104.65858459,121.97000122,2085400
2020-07-16,104.73581696,122.05999756,1907100
2020-07-17,104.71007538,122.02999878,2405200
2020-07-20,104.77870941,122.11000061,2695900
2020-07-21,104.89027405,122.23999786,3228400
2020-07-22,104.92462158,122.27999878,2431500
2020-07-23,105.02757263,122.40000153,2006500
2020-07-24,104.97606659,122.33999634,3395600
2020-07-27,104.81305695,122.15000153,1976500
2020-07-28,105.06188965,122.44000244,1870300
2020-07-29,105.19921112,122.59999847,1874200
2020-07-30,105.34506989,122.76999664,28331800
2020-07-31,105.37079620,122.80000305,4039200
2020-08-03,105.31922913,122.63999939,6595900
2020-08-04,105.67994690,123.05999756,3842000
2020-08-05,105.32784271,122.65000153,2423700
2020-08-06,105.44808197,122.79000092,2286500
2020-08-07,105.22480011,122.52999878,2363400
2020-08-10,105.11317444,122.40000153,1994900
2020-08-11,104.75247192,121.98000336,7166500
2020-08-12,104.44331360,121.62000275,5538100
2020-08-13,104.22863770,121.37000275,5748400
2020-08-14,104.28016663,121.43000031,2722800
2020-08-17,104.45191956,121.62999725,3357700
2020-08-18,104.63226318,121.83999634,1853600
2020-08-19,104.49485779,121.68000031,4493800
2020-08-20,104.79540253,122.02999878,2880300
2020-08-21,104.87271118,122.12000275,2103700
2020-08-24,104.72669983,121.94999695,1974900
2020-08-25,104.47763824,121.66000366,3562800
2020-08-26,104.43472290,121.61000061,3337400
2020-08-27,104.06548309,121.18000031,4672900
2020-08-28,104.23720551,121.37999725,2277200
2020-08-31,104.34887695,121.51000214,3273300
2020-09-01,104.69089508,121.81999969,4622900
2020-09-02,104.83697510,121.98999786,3013400
2020-09-03,104.97447968,122.15000153,5750500
2020-09-04,104.39012146,121.47000122,7512800
2020-09-08,104.61355591,121.73000336,3442700
2020-09-09,104.56196594,121.66999817,3964300
2020-09-10,104.69089508,121.81999969,3164200
2020-09-11,104.85417175,122.01000214,4905000
2020-09-14,104.75966644,121.90000153,1797100
2020-09-15,104.70809174,121.83999634,2897600
2020-09-16,104.64789581,121.76999664,4015700
2020-09-17,104.68230438,121.80999756,3426800
2020-09-18,104.58777618,121.69999695,5606900
2020-09-21,104.77682495,121.91999817,5838100
2020-09-22,104.77682495,121.91999817,3387900
2020-09-23,104.77682495,121.91999817,3172000
2020-09-24,104.82836914,121.98000336,2866900
2020-09-25,104.91434479,122.08000183,2187400
2020-09-28,104.89712524,122.05999756,4167200
2020-09-29,104.97447968,122.15000153,2577100
2020-09-30,104.69089508,121.81999969,4276400
2020-10-01,104.75023651,121.80999756,8733800
2020-10-02,104.64703369,121.69000244,7509700
2020-10-05,103.98486328,120.91999817,6132200
2020-10-06,104.22565460,121.19999695,8516400
2020-10-07,103.92469025,120.84999847,7116700
2020-10-08,104.11388397,121.06999969,3499000
2020-10-09,104.06227112,121.01000214,4358500
2020-10-12,104.17407990,121.13999939,3287900
2020-10-13,104.40626526,121.41000366,6583300
2020-10-14,104.44066620,121.44999695,5200600
2020-10-15,104.32886505,121.31999969,3839200
2020-10-16,104.26865387,121.25000000,2726200
2020-10-19,104.09667969,121.05000305,3635800
2020-10-20,103.87307739,120.79000092,6129700
2020-10-21,103.73548889,120.62999725,6425300
2020-10-22,103.37435150,120.20999908,6749000
2020-10-23,103.52049255,120.37999725,5049900
2020-10-26,103.79564667,120.69999695,4817800
2020-10-27,104.02789307,120.97000122,3620100
2020-10-28,104.01926422,120.95999908,5586600
2020-10-29,103.58068085,120.44999695,7504800
2020-10-30,103.24530029,120.05999756,7246800
2020-11-02,103.42252350,120.19000244,7674300
2020-11-03,103.19025421,119.91999817,9203500
2020-11-04,104.05933380,120.93000031,14922300
2020-11-05,104.04211426,120.91000366,6250700
2020-11-06,103.68932343,120.50000000,10402200
2020-11-09,102.92346954,119.61000061,11195800
2020-11-10,102.63088226,119.26999664,4810500
2020-11-11,102.79440308,119.45999908,1699900
2020-11-12,103.37953186,120.13999939,6324000
2020-11-13,103.24188232,119.98000336,6766000
2020-11-16,103.16440582,119.88999939,3911400
2020-11-17,103.43115997,120.19999695,4707900
2020-11-18,103.39679718,120.16000366,7931200
2020-11-19,103.50863647,120.29000092,9323000
2020-11-20,103.68932343,120.50000000,16772200
2020-11-23,103.48282623,120.26000214,2511900
2020-11-24,103.31929779,120.06999969,4349300
2020-11-25,103.35372162,120.11000061,2125500
2020-11-27,103.66352081,120.47000122,2988100
2020-11-30,103.59470367,120.38999939,2390900
2020-12-01,103.04360962,119.66999817,13902200
2020-12-02,102.87138367,119.47000122,5578500
2020-12-03,103.14692688,119.79000092,4484900
2020-12-04,102.74224091,119.31999969,4709100
2020-12-07,103.06083679,119.69000244,4441600
2020-12-08,103.16414642,119.80999756,4735700
2020-12-09,103.01777649,119.63999939,3444100
2020-12-10,103.25022888,119.91000366,3557600
2020-12-11,103.45691681,120.15000153,4336600
2020-12-14,103.39664459,120.08000183,2870600
2020-12-15,103.29330444,119.95999908,2889200
2020-12-16,103.20716858,119.86000061,5058400
2020-12-17,103.13224030,119.69999695,3233200
2020-12-18,103.04608154,119.59999847,3189500
2020-12-21,103.11500549,119.68000031,2850500
2020-12-22,103.28733063,119.87999725,3688500
2020-12-23,103.07190704,119.62999725,3047100
2020-12-24,103.21838379,119.80000305,1529300
2020-12-28,103.22700500,119.80999756,3677500
2020-12-29,103.20977020,119.79000092,2157300
2020-12-30,103.27870941,119.87000275,2549100
2020-12-31,103.34763336,119.94999695,2626200
2021-01-04,103.37350464,119.98000336,5499000
2021-01-05,103.13224030,119.69999695,5004400
2021-01-06,102.52914429,119.00000000,10039300
2021-01-07,102.16725159,118.58000183,7751700
2021-01-08,101.87431335,118.23999786,8378700
2021-01-11,101.67615509,118.01000214,6061000
2021-01-12,101.65895081,117.98999786,6516600
2021-01-13,102.01216888,118.40000153,7562900
2021-01-14,101.77952576,118.12999725,8113000
2021-01-15,102.05526733,118.44999695,5978400
2021-01-19,102.11556244,118.51999664,4035700
2021-01-20,102.15862274,118.56999969,4277700
2021-01-21,102.01216888,118.40000153,4254500
2021-01-22,102.16725159,118.58000183,4706200
2021-01-25,102.58082581,119.05999756,5689200
2021-01-26,102.54637909,119.01999664,4257100
2021-01-27,102.66697693,119.16000366,5764700
2021-01-28,102.39988708,118.84999847,5394200
2021-01-29,102.21897125,118.63999939,7952100
2021-02-01,102.34653473,118.70999908,3640700
2021-02-02,102.08792877,118.41000366,3609800
2021-02-03,101.83785248,118.12000275,3844200
2021-02-04,101.80340576,118.08000183,2146000
2021-02-05,101.58785248,117.83000183,5498000
2021-02-08,101.63095093,117.87999725,2861300
2021-02-09,101.70856476,117.97000122,4458500
2021-02-10,101.96723175,118.26999664,6726800
2021-02-11,101.88958740,118.18000031,5949900
2021-02-12,101.55335999,117.79000092,8802400
2021-02-16,100.82054901,116.94000244,8909000
2021-02-17,100.88951874,117.01999664,4789700
2021-02-18,100.88088226,117.01000214,4469900
2021-02-19,100.47569275,116.54000092,5851800
2021-02-22,100.31188202,116.34999847,3828000
2021-02-23,100.38946533,116.44000244,7344900
2021-02-24,100.25151062,116.27999878,7133700
2021-02-25,98.91516113,114.73000336,35760600
2021-02-26,99.80317688,115.76000214,28188400
2021-03-01,99.69104767,115.55999756,9616500
2021-03-02,99.87221527,115.76999664,6271000
2021-03-03,99.33734894,115.15000153,8377300
2021-03-04,98.84561157,114.58000183,12327900
2021-03-05,98.70761108,114.41999817,8634600
2021-03-08,98.31941986,113.97000122,7416400
2021-03-09,98.78521729,114.51000214,7035000
2021-03-10,98.99227142,114.75000000,5683100
2021-03-11,98.95777130,114.70999908,7576500
2021-03-12,98.24176025,113.87999725,7332600
2021-03-15,98.36251068,114.01999664,4465500
2021-03-16,98.34523773,114.00000000,5479400
2021-03-17,98.18137360,113.80999756,8975900
2021-03-18,97.56885529,113.09999847,8281400
2021-03-19,97.50848389,113.02999878,8748100
2021-03-22,97.82765961,113.40000153,4679800
2021-03-23,98.31073761,113.95999908,7544000
2021-03-24,98.44017029,114.11000061,14634800
2021-03-25,98.31073761,113.95999908,10573800
2021-03-26,97.98294067,113.58000183,6409700
2021-03-29,97.64653015,113.19000244,6298000
2021-03-30,97.56024170,113.08999634,5784900
2021-03-31,97.42220306,112.93000031,8620000
2021-04-01,97.85379028,113.36000061,8535300
2021-04-05,97.57756805,113.04000092,9944500
2021-04-06,98.05235291,113.58999634,8765200
2021-04-07,97.99192047,113.51999664,6316800
2021-04-08,98.32859802,113.91000366,6334700
2021-04-09,98.06963348,113.61000061,5887400
2021-04-12,98.00916290,113.54000092,5466000
2021-04-13,98.41490936,114.01000214,7663800
2021-04-14,98.29404449,113.87000275,4876900
2021-04-15,98.92419434,114.59999847,9958500
2021-04-16,98.65657043,114.29000092,7334900
2021-04-19,98.55300903,114.16999817,5738600
2021-04-20,98.84649658,114.51000214,6468300
2021-04-21,98.89828491,114.56999969,7976500
2021-04-22,98.97595978,114.66000366,7681300
2021-04-23,98.84649658,114.51000214,5509900
2021-04-26,98.74289703,114.38999939,7145300
2021-04-27,98.35445404,113.94000244,7720500
2021-04-28,98.48396301,114.08999634,8692900
2021-04-29,98.31127930,113.88999939,5547800
2021-04-30,98.39765167,113.98999786,5160000
2021-05-03,98.56520844,114.11000061,8593300
2021-05-04,98.69477844,114.26000214,11171000
2021-05-05,98.81570435,114.40000153,6810000
2021-05-06,98.85885620,114.44999695,6546200
2021-05-07,98.89344788,114.48999786,10657600
2021-05-10,98.69477844,114.26000214,5906800
2021-05-11,98.53066254,114.06999969,6591300
2021-05-12,98.05554962,113.51999664,14509800
2021-05-13,98.38383484,113.90000153,8242700
2021-05-14,98.59975433,114.15000153,7943100
2021-05-17,98.50475311,114.04000092,6711100
2021-05-18,98.50475311,114.04000092,4319600
2021-05-19,98.21103668,113.69999695,13156500
2021-05-20,98.61701202,114.16999817,8412700
2021-05-21,98.65154266,114.20999908,6648700
2021-05-24,98.74662018,114.31999969,4826000
2021-05-25,99.10935974,114.73999786,5748200
2021-05-26,98.99710846,114.61000061,4501600
2021-05-27,98.82433319,114.41000366,5998100
2021-05-28,98.81570435,114.40000153,5575700
2021-06-01,98.79753876,114.30000305,9498100
2021-06-02,98.90991974,114.43000031,4269900
2021-06-03,98.65924072,114.13999939,3591200
2021-06-04,99.20379639,114.76999664,6326000
2021-06-07,99.12600708,114.68000031,3068500
2021-06-08,99.41125488,115.01000214,4760500
2021-06-09,99.72241211,115.37000275,5679300
2021-06-10,100.07679749,115.77999878,6494800
2021-06-11,99.92984772,115.61000061,3914200
2021-06-14,99.61870575,115.25000000,3730900
2021-06-15,99.63594818,115.26999664,4212700
2021-06-16,98.95311737,114.48000336,13529000
2021-06-17,99.30751801,114.88999939,8838100
2021-06-18,99.86934662,115.54000092,13435000
2021-06-21,99.54953766,115.16999817,6460000
2021-06-22,99.73107910,115.37999725,5459700
2021-06-23,99.53224182,115.15000153,5429800
2021-06-24,99.51496124,115.12999725,3631700
2021-06-25,99.30751801,114.88999939,6716800
2021-06-28,99.61870575,115.25000000,4968900
2021-06-29,99.67054749,115.30999756,3373200
2021-06-30,99.82612610,115.48999786,6572800
2021-07-01,99.75435638,115.33000183,11966200
2021-07-02,100.11763763,115.75000000,5071900
2021-07-06,100.64524841,116.36000061,9095300
2021-07-07,100.93934631,116.69999695,7456400
2021-07-08,101.19881439,117.00000000,7368000
2021-07-09,100.68849182,116.41000366,5531200
2021-07-12,100.63658905,116.34999847,3867700
2021-07-13,100.32522583,115.98999786,6926500
2021-07-14,100.75770569,116.48999786,6029200
2021-07-15,101.18151855,116.98000336,5704500
2021-07-16,101.16423798,116.95999908,3577900
2021-07-19,102.02917480,117.95999908,20557500
2021-07-20,101.89944458,117.80999756,8729000
2021-07-21,101.31124878,117.12999725,7438300
2021-07-22,101.54479980,117.40000153,6363500
2021-07-23,101.38913727,117.22000122,6804600
2021-07-26,101.31988525,117.13999939,6179600
2021-07-27,101.75234222,117.63999939,8621200
2021-07-28,101.83886719,117.73999786,11533500
2021-07-29,101.52748871,117.37999725,6203800
2021-07-30,101.81295013,117.70999908,5656400
2021-08-02,102.25951385,118.15000153,19495800
2021-08-03,102.28549957,118.18000031,6627300
2021-08-04,102.25951385,118.15000153,7545000
2021-08-05,101.88733673,117.72000122,5164600
2021-08-06,101.29018402,117.02999878,7807600
2021-08-09,101.07379913,116.77999878,10842500
2021-08-10,100.88336182,116.55999756,7192400
2021-08-11,100.99589539,116.69000244,7254300
2021-08-12,100.89202118,116.56999969,6932200
2021-08-13,101.47191620,117.23999786,6896500
2021-08-16,101.69695282,117.50000000,6928100
2021-08-17,101.64501190,117.44000244,7785500
2021-08-18,101.59307861,117.37999725,7025800
2021-08-19,101.81809998,117.63999939,6242600
2021-08-20,101.72290802,117.52999878,6510200
2021-08-23,101.74887085,117.55999756,3958500
2021-08-24,101.47191620,117.23999786,3649700
2021-08-25,101.07379913,116.77999878,5874700
2021-08-26,101.07379913,116.77999878,6850600
2021-08-27,101.40271759,117.16000366,6360700
2021-08-30,101.60173035,117.38999939,6546200
2021-08-31,101.41133881,117.16999817,7418400
2021-09-01,101.45463562,117.13999939,11908600
2021-09-02,101.57588959,117.27999878,2976200
2021-09-03,101.33338165,117.00000000,4988900
2021-09-07,100.93499756,116.54000092,7098600
2021-09-08,101.21212006,116.86000061,6046200
2021-09-09,101.49792480,117.19000244,7009500
2021-09-10,101.17746735,116.81999969,8147100
2021-09-13,101.29872894,116.95999908,4269300
2021-09-14,101.67981720,117.40000153,6991000
2021-09-15,101.50660706,117.19999695,5108900
2021-09-16,101.18613434,116.83000183,5682700
2021-09-17,100.89166260,116.48999786,7611700
2021-09-20,101.40270996,117.08000183,8781600
2021-09-21,101.34203339,117.01000214,4867900
2021-09-22,101.43729401,117.12000275,10966400
2021-09-23,100.51923370,116.05999756,10650100
2021-09-24,100.21614075,115.70999908,10528000
2021-09-27,99.94764709,115.40000153,6742100
2021-09-28,99.56653595,114.95999908,10295500
2021-09-29,99.67048645,115.08000183,8364000
2021-09-30,99.79172516,115.22000122,7307900
2021-10-01,100.19906616,115.61000061,19830100
2021-10-04,100.07778168,115.47000122,7691800
2021-10-05,99.76573181,115.11000061,6861900
2021-10-06,99.79175568,115.13999939,7473500
2021-10-07,99.39306641,114.68000031,8160200
2021-10-08,99.17637634,114.43000031,9455100
2021-10-11,98.93370819,114.15000153,2261300
2021-10-12,99.38434601,114.66999817,7938400
2021-10-13,99.57505035,114.88999939,11662400
2021-10-14,99.80906677,115.16000366,9518200
2021-10-15,99.31505585,114.58999634,8689700
2021-10-18,99.17637634,114.43000031,8703300
2021-10-19,98.82104492,114.01999664,7445200
2021-10-20,98.77767944,113.97000122,6230000
2021-10-21,98.51768494,113.66999817,7103900
2021-10-22,98.76903534,113.95999908,10204600
2021-10-25,98.89038849,114.09999847,4835000
2021-10-26,99.01169586,114.23999786,5603100
2021-10-27,99.56638336,114.87999725,16140300
2021-10-28,99.30638123,114.58000183,9940400
2021-10-29,99.34970856,114.62999725,11254300
2021-11-01,99.34188080,114.54000092,14479000
2021-11-02,99.58474731,114.81999969,12191100
2021-11-03,99.27252197,114.45999908,17031100
2021-11-04,99.81026459,115.08000183,12665400
2021-11-05,100.35671234,115.70999908,12955100
2021-11-08,99.92301941,115.20999908,7404300
2021-11-09,100.38266754,115.73999786,12345400
2021-11-10,99.52403259,114.75000000,19425100
2021-11-11,99.20313263,114.37999725,3746100
2021-11-12,99.41127014,114.62000275,10613400
2021-11-15,99.02101135,114.16999817,8021400
2021-11-16,98.93429565,114.06999969,6573700
2021-11-17,99.28989410,114.48000336,10006200
2021-11-18,99.35058594,114.55000305,10183400
2021-11-19,99.61945343,114.86000061,10731600
2021-11-22,98.89092255,114.01999664,10876200
2021-11-23,98.48326111,113.55000305,11543700
2021-11-24,98.78681946,113.90000153,8322900
2021-11-26,100.06179810,115.37000275,13878500
2021-11-29,99.83628082,115.11000061,13908200
2021-11-30,100.43470764,115.80000305,19416800
2021-12-01,100.62399292,115.93000031,24991000
2021-12-02,100.40694427,115.68000031,11448900
2021-12-03,100.99716187,116.36000061,19790900
2021-12-06,100.49375916,115.77999878,9863200
2021-12-07,100.11183929,115.33999634,7678400
2021-12-08,99.79067230,114.97000122,11126500
2021-12-09,100.04240417,115.26000214,9198400
2021-12-10,100.11183929,115.33999634,5051500
2021-12-13,100.58921051,115.88999939,5706900
2021-12-14,100.41563416,115.69000244,4749500
2021-12-15,100.26807404,115.51999664,8428000
2021-12-16,100.55998993,115.75000000,9085400
2021-12-17,100.78585052,116.01000214,7933100
2021-12-20,100.69898224,115.91000366,13772100
2021-12-21,100.29933167,115.44999695,7672800
2021-12-22,100.39491272,115.55999756,5538200
2021-12-23,100.18641663,115.31999969,7209700
2021-12-27,100.22116852,115.36000061,3471800
2021-12-28,100.20378113,115.33999634,8314500
2021-12-29,99.69121552,114.75000000,11879900
2021-12-30,100.02134705,115.12999725,10296000
2021-12-31,99.90841675,115.00000000,7584500
2022-01-03,98.97882843,113.93000031,27744600
2022-01-04,98.92667389,113.87000275,15911800
2022-01-05,98.50971985,113.38999939,13715700
2022-01-06,98.26644135,113.11000061,10957400
2022-01-07,97.94496918,112.73999786,13318200
2022-01-10,97.91893768,112.70999908,8430700
2022-01-11,98.15353394,112.98000336,8086500
2022-01-12,98.17087555,113.00000000,7996500
2022-01-13,98.48361969,113.36000061,8431100
2022-01-14,97.80599976,112.58000183,10595700
2022-01-18,97.06753540,111.73000336,11594100
2022-01-19,97.30210114,112.00000000,10349700
2022-01-20,97.51060486,112.23999786,8297300
2022-01-21,98.07532501,112.88999939,13250000
2022-01-24,97.98841858,112.79000092,22377400
2022-01-25,97.85808563,112.63999939,13534000
2022-01-26,97.16308594,111.83999634,12694700
2022-01-27,97.57140350,112.30999756,11609400
2022-01-28,97.79727173,112.56999969,6713500
2022-01-31,97.79727173,112.56999969,8258600
2022-02-01,97.66512299,112.30999756,16338700
2022-02-02,97.86511993,112.54000092,5997100
2022-02-03,97.44772339,112.05999756,8032600
2022-02-04,96.69985199,111.19999695,8616400
2022-02-07,96.72593689,111.23000336,10294700
2022-02-08,96.41287231,110.87000275,8111500
2022-02-09,96.54330444,111.01999664,10113400
2022-02-10,95.65630341,110.00000000,16633900
2022-02-11,96.64772034,111.13999939,18315600
2022-02-14,95.97809601,110.37000275,11090000
2022-02-15,95.69110107,110.04000092,8490500
2022-02-16,95.89110565,110.26999664,9007700
2022-02-17,96.40418243,110.86000061,8749500
2022-02-18,96.71723938,111.22000122,8486800
2022-02-22,96.70854950,111.20999908,8392500
2022-02-23,96.20419312,110.62999725,7941800
2022-02-24,96.43027496,110.88999939,19162100
2022-02-25,96.40418243,110.86000061,8101900
2022-02-28,97.49990082,112.12000275,12291800
2022-03-01,98.44947815,113.11000061,28285600
2022-03-02,96.96984100,111.41000366,12303800
2022-03-03,97.38759613,111.88999939,12247400
2022-03-04,98.35373688,113.00000000,20102300
2022-03-07,97.93594360,112.51999664,13633200
2022-03-08,97.30056763,111.79000092,10819400
2022-03-09,96.69999695,111.09999847,7932300
2022-03-10,96.25610352,110.58999634,11100100
2022-03-11,96.22998047,110.55999756,5567600
2022-03-14,95.01146698,109.16000366,8622500
2022-03-15,94.96792603,109.11000061,9294400
2022-03-16,94.83737946,108.95999908,12847300
2022-03-17,94.65458679,108.75000000,7215900
2022-03-18,94.93309021,109.06999969,7509200
2022-03-21,93.69718933,107.65000153,11003600
2022-03-22,93.18362427,107.05999756,7710300
2022-03-23,93.81034088,107.77999878,11222700
2022-03-24,93.28808594,107.18000031,11112300
2022-03-25,92.33068085,106.08000183,9055600
2022-03-28,92.53957367,106.31999969,12858500
2022-03-29,93.00086975,106.84999847,7539900
2022-03-30,93.36642456,107.26999664,6430100
2022-03-31,93.54048920,107.47000122,9147200
2022-04-01,92.93141937,106.65000153,10237000
2022-04-04,92.87044525,106.58000183,7372100
2022-04-05,91.76378632,105.30999756,9675600
2022-04-06,91.44136047,104.94000244,9054400
2022-04-07,91.21481323,104.68000031,5518900
2022-04-08,90.75301361,104.15000153,8091800
2022-04-11,90.31729126,103.65000153,7356400
2022-04-12,90.75301361,104.15000153,12211000
2022-04-13,90.95339966,104.37999725,6346100
2022-04-14,90.13433075,103.44000244,6158700
2022-04-18,89.87286377,103.13999939,4591500
2022-04-19,89.28039551,102.45999908,7004900
2022-04-20,89.97748566,103.26000214,7479300
2022-04-21,89.48078156,102.69000244,9137500
2022-04-22,89.52439117,102.73999786,5451600
2022-04-25,90.09947205,103.40000153,8617400
2022-04-26,90.70072937,104.08999634,9575400
2022-04-27,90.19531250,103.51000214,7908900
2022-04-28,90.06461334,103.36000061,6943500
2022-04-29,89.58533478,102.80999756,10012500
2022-05-02,88.91792297,101.91999817,11327000
2022-05-03,89.02265167,102.04000092,8129100
2022-05-04,89.59844971,102.69999695,11934700
2022-05-05,88.69984436,101.66999817,11675700
2022-05-06,88.19380951,101.08999634,12538400
2022-05-09,88.84817505,101.83999634,7301200
2022-05-10,89.14476776,102.18000031,8054600
2022-05-11,89.69438934,102.80999756,7167900
2022-05-12,89.99102783,103.15000153,8132400
2022-05-13,89.51992798,102.61000061,6016900
2022-05-16,89.89505005,103.04000092,3315600
2022-05-17,89.21456909,102.26000214,4286800
2022-05-18,89.85144806,102.98999786,4465500
2022-05-19,90.17424011,103.36000061,5137600
2022-05-20,90.59301758,103.83999634,5908800
2022-05-23,90.04335022,103.20999908,5720600
2022-05-24,90.81985474,104.09999847,6786600
2022-05-25,91.00305176,104.30999756,4274500
2022-05-26,90.95942688,104.26000214,3478900
2022-05-27,91.09030151,104.41000366,2508200
2022-05-31,90.13935852,103.31999969,6773200
2022-06-01,89.63182068,102.61000061,5555900
2022-06-02,89.76285553,102.76000214,3014300
2022-06-03,89.58815765,102.55999756,2687800
2022-06-06,88.91553497,101.79000092,4800600
2022-06-07,89.27368927,102.19999695,3230000
2022-06-08,88.94175720,101.81999969,2917900
2022-06-09,88.86314392,101.73000336,4178600
2022-06-10,87.98960114,100.73000336,4443400
2022-06-13,86.42604065,98.94000244,9200800
2022-06-14,85.73596191,98.15000153,7829800
2022-06-15,86.93264008,99.51999664,10256200
2022-06-16,87.50045776,100.16999817,9168800
2022-06-17,87.52664948,100.19999695,7029700
2022-06-21,87.07241821,99.68000031,10342000
2022-06-22,88.17306519,100.94000244,9501900
2022-06-23,88.67098999,101.51000214,9247200
2022-06-24,88.35649872,101.15000153,5127000
2022-06-27,87.85858154,100.58000183,5439400
2022-06-28,87.97212982,100.70999908,3763300
2022-06-29,88.67971802,101.51999664,3559600
2022-06-30,89.36105347,102.30000305,5409500
2022-07-01,90.31900787,103.23999786,63222900
2022-07-05,90.65144348,103.62000275,6651400
2022-07-06,89.88160706,102.73999786,4754700
2022-07-07,89.33043671,102.11000061,4058100
2022-07-08,88.78800964,101.48999786,3664900
2022-07-11,89.48789215,102.29000092,2765700
2022-07-12,89.69783783,102.52999878,3669200
2022-07-13,90.08279419,102.97000122,6809400
2022-07-14,89.58414459,102.40000153,5370400
2022-07-15,89.89033508,102.75000000,3834000
2022-07-18,89.62786865,102.44999695,3150700
2022-07-19,89.21670532,101.98000336,2996100
2022-07-20,89.12921143,101.87999725,53057500
2022-07-21,90.14402771,103.04000092,5344300
2022-07-22,91.17635345,104.22000122,7747100
2022-07-25,90.85265350,103.84999847,2994500
2022-07-26,90.88765717,103.88999939,4736300
2022-07-27,91.07135010,104.09999847,7475300
2022-07-28,91.97242737,105.12999725,5768100
2022-07-29,92.00743866,105.16999817,5961100
2022-08-01,92.54551697,105.59999847,9672400
2022-08-02,91.26602936,104.13999939,9269700
2022-08-03,91.64289093,104.56999969,7829500
2022-08-04,92.10733032,105.09999847,9873200
2022-08-05,90.77526093,103.58000183,10047200
2022-08-08,91.30985260,104.19000244,6681300
2022-08-09,91.03818512,103.87999725,3814700
2022-08-10,91.09078217,103.94000244,7260300
2022-08-11,90.48604584,103.25000000,8309300
2022-08-12,90.84539795,103.66000366,4128600
2022-08-15,91.13455200,103.98999786,3441100
2022-08-16,91.02941132,103.87000275,3241800
2022-08-17,90.41593933,103.16999817,6366700
2022-08-18,90.59124756,103.37000275,3709200
2022-08-19,89.81124878,102.48000336,6678000
2022-08-22,89.41688538,102.02999878,4125800
2022-08-23,89.19776154,101.77999878,7755000
2022-08-24,88.89982605,101.44000244,3504600
2022-08-25,89.46947479,102.08999634,6645300
2022-08-26,89.36428070,101.97000122,5535900
2022-08-29,88.85600281,101.38999939,4416900
2022-08-30,88.82969666,101.36000061,4474200
2022-08-31,88.46161652,100.94000244,5797600
2022-09-01,87.75839996,99.95999908,10324200
2022-09-02,88.25005341,100.51999664,5741900
2022-09-06,87.26676178,99.40000153,6769400
2022-09-07,87.83741760,100.05000305,7169700
2022-09-08,87.51258850,99.68000031,5773600
2022-09-09,87.52136993,99.69000244,5780600
2022-09-12,87.31065369,99.44999695,4034200
2022-09-13,86.81898499,98.88999939,5100500
2022-09-14,86.86290741,98.94000244,3866600
2022-09-15,86.56440735,98.59999847,4622600
2022-09-16,86.63464355,98.68000031,4718200
2022-09-19,86.38884735,98.40000153,3879000
2022-09-20,85.85327911,97.79000092,4869100
2022-09-21,86.19567871,98.18000031,5414900
2022-09-22,84.89631653,96.69999695,6662400
2022-09-23,85.00170898,96.81999969,7630600
2022-09-26,83.58820343,95.20999908,8015500
2022-09-27,83.01751709,94.55999756,8668400
2022-09-28,84.88756561,96.69000244,8471700
2022-09-29,84.49246216,96.23999786,6056500
2022-09-30,84.27300262,95.98999786,8847200
2022-10-03,85.27314758,96.94000244,10579900
2022-10-04,85.44908142,97.13999939,7361400
2022-10-05,84.63980865,96.22000122,8603700
2022-10-06,84.17362213,95.69000244,11298400
2022-10-07,83.76014709,95.22000122,5085300
2022-10-10,83.26754761,94.66000366,3829100
2022-10-11,83.47869110,94.90000153,5498500
2022-10-12,83.75133514,95.20999908,5847400
2022-10-13,83.39954376,94.80999756,6220100
2022-10-14,82.93327332,94.27999878,5886200
2022-10-17,83.02126312,94.37999725,3215200
2022-10-18,83.23236847,94.62000275,4006600
2022-10-19,82.36151886,93.62999725,5762600
2022-10-20,81.74577332,92.93000031,5738400
2022-10-21,81.93048096,93.13999939,7528500
2022-10-24,81.82492828,93.01999664,6210800
2022-10-25,82.84530640,94.18000031,6301500
2022-10-26,83.26754761,94.66000366,6692700
2022-10-27,83.85693359,95.33000183,7238100
2022-10-28,83.42588043,94.83999634,5659800
2022-10-31,83.04765320,94.41000366,4586900
2022-11-01,83.03265381,94.19000244,6066400
2022-11-02,82.89161682,94.02999878,7581400
2022-11-03,82.53016663,93.62000275,8403900
2022-11-04,82.35387421,93.41999817,5287000
2022-11-07,82.06293488,93.08999634,4289300
2022-11-08,82.60951996,93.70999908,4679200
2022-11-09,82.89161682,94.02999878,3658100
2022-11-10,84.75167847,96.13999939,9608300
2022-11-11,84.57535553,95.94000244,2840200
2022-11-14,84.37261200,95.70999908,4130800
2022-11-15,84.99850464,96.41999817,6841600
2022-11-16,85.62438965,97.12999725,6140100
2022-11-17,85.04257202,96.47000122,5986800
2022-11-18,84.74285126,96.12999725,3102100
2022-11-21,84.68996429,96.06999969,4477700
2022-11-22,85.17480469,96.62000275,5532800
2022-11-23,85.63320923,97.13999939,5236500
2022-11-25,85.60676575,97.11000061,1345400
2022-11-28,85.64202881,97.15000153,4218400
2022-11-29,85.28058624,96.73999786,3356600
2022-11-30,86.04756165,97.61000061,7127100
2022-12-01,86.98739624,98.48000336,17629100
2022-12-02,87.16403198,98.68000031,5783700
2022-12-05,86.28073120,97.68000031,6295800
2022-12-06,86.81070709,98.27999878,5745500
2022-12-07,87.57035828,99.13999939,5386200
2022-12-08,87.07570648,98.58000183,5325800
2022-12-09,86.43090057,97.84999847,4343100
2022-12-12,86.30725861,97.70999908,5192200
2022-12-13,87.08451843,98.58999634,7856600
2022-12-14,87.32302094,98.86000061,6533200
2022-12-15,87.49297333,98.86000061,4344200
2022-12-16,87.27169800,98.61000061,4432800
2022-12-19,86.56371307,97.80999756,3951100
2022-12-20,85.93531036,97.09999847,4199800
2022-12-21,86.04153442,97.22000122,4406600
2022-12-22,86.01497650,97.19000244,2143100
2022-12-23,85.62556458,96.75000000,3164900
2022-12-27,84.90868378,95.94000244,4780800
2022-12-28,84.70515442,95.70999908,3161200
2022-12-29,85.12110138,96.18000031,4021800
2022-12-30,84.76710510,95.77999878,5043800
2023-01-03,85.43086243,96.52999878,6808300
2023-01-04,86.08579254,97.26999664,7800100
2023-01-05,85.96186066,97.12999725,3177900
2023-01-06,87.06813049,98.37999725,6807700
2023-01-09,87.28938293,98.62999725,4988000
2023-01-10,86.74069214,98.01000214,4026900
2023-01-11,87.29823303,98.63999939,7118700
2023-01-12,88.07707214,99.51999664,5768000
2023-01-13,87.60800171,98.98999786,5573500
2023-01-17,87.33364105,98.68000031,3709000
2023-01-18,88.51956940,100.01999664,7926400
2023-01-19,88.35140991,99.83000183,4234100
2023-01-20,87.76729584,99.16999817,8822700
2023-01-23,87.48410034,98.84999847,4334900
2023-01-24,87.98855591,99.41999817,3540300
2023-01-25,88.08591461,99.52999878,2924700
2023-01-26,87.76729584,99.16999817,2875400
2023-01-27,87.63455200,99.01999664,5524100
2023-01-30,87.36019135,98.70999908,2584600
2023-01-31,87.80270386,99.20999908,4856400
2023-02-01,88.43421173,99.70999908,20159100
2023-02-02,88.39871216,99.66999817,5823000
2023-02-03,87.44970703,98.59999847,5267000
2023-02-06,86.69584656,97.75000000,5500400
2023-02-07,86.48299408,97.51000214,5678900
2023-02-08,86.80229187,97.87000275,6137600
2023-02-09,86.41202545,97.43000031,7358300
2023-02-10,85.99515533,96.95999908,5290000
2023-02-13,86.19917297,97.19000244,17262300
2023-02-14,85.80892181,96.75000000,7133600
2023-02-15,85.55173492,96.45999908,4964700
2023-02-16,85.26790619,96.13999939,27126400
2023-02-17,85.50738525,96.41000366,4540500
2023-02-21,84.57613373,95.36000061,11382100
2023-02-22,84.72691345,95.52999878,30136400
2023-02-23,85.05506134,95.90000153,7059800
2023-02-24,84.54064941,95.31999969,10757200
2023-02-27,84.79785156,95.61000061,3693200
2023-02-28,84.93090057,95.76000214,4690000
2023-03-01,84.25192261,94.80000305,8328600
2023-03-02,83.90529633,94.41000366,12952800
2023-03-03,84.58073425,95.16999817,5696900
2023-03-06,84.42963409,95.00000000,3766400
2023-03-07,84.43854523,95.01000214,5053300
2023-03-08,84.41186523,94.98000336,5163500
2023-03-09,84.93621063,95.56999969,12498800
2023-03-10,86.50036621,97.33000183,11041300
2023-03-13,87.54908752,98.51000214,23930600
2023-03-14,86.72258759,97.58000183,47886700
2023-03-15,87.97566223,98.98999786,25157400
2023-03-16,87.18474579,98.09999847,13961000
2023-03-17,88.21561432,99.26000214,12293700
2023-03-20,87.86014557,98.86000061,7982400
2023-03-21,87.09585571,98.00000000,9851600
2023-03-22,88.24233246,99.29000092,10705200
2023-03-23,88.74888611,99.86000061,7118800
2023-03-24,88.77555084,99.88999939,9135800
2023-03-27,87.68240356,98.66000366,8284400
2023-03-28,87.62905121,98.59999847,13324800
2023-03-29,87.47798920,98.43000031,13404700
2023-03-30,87.61129761,98.58000183,4157500
2023-03-31,88.09120178,99.12000275,6330100
2023-04-03,88.50619507,99.38999939,7226600
2023-04-04,89.07611847,100.02999878,6763200
2023-04-05,89.45009613,100.44999695,6257100
2023-04-06,89.47681427,100.48000336,4264700
2023-04-10,88.59521484,99.48999786,6025100
2023-04-11,88.55962372,99.44999695,5459000
2023-04-12,88.81784821,99.73999786,5857200
2023-04-13,88.52397156,99.41000366,39858200
2023-04-14,88.08765411,98.91999817,4968500
2023-04-17,87.52663422,98.29000092,5681000
2023-04-18,87.66912842,98.44999695,5061300
2023-04-19,87.48212433,98.23999786,4648100
2023-04-20,87.98967743,98.80999756,4608000
2023-04-21,87.77600098,98.56999969,5948100
2023-04-24,88.20342255,99.05000305,5143700
2023-04-25,89.07611847,100.02999878,13076800
2023-04-26,88.72882080,99.63999939,5903000
2023-04-27,88.14998627,98.98999786,5065800
2023-04-28,88.80894470,99.73000336,8525900
2023-05-01,87.76367188,98.31999969,17442000
2023-05-02,88.90623474,99.59999847,8540700
2023-05-03,89.48644257,100.25000000,9534800
2023-05-04,89.46861267,100.23000336,12014100
2023-05-05,88.98658752,99.69000244,11254400
2023-05-08,88.44209290,99.08000183,7022400
2023-05-09,88.33497620,98.95999908,7317200
2023-05-10,88.99550629,99.69999695,9930800
2023-05-11,89.32579041,100.06999969,5979600
2023-05-12,88.79019928,99.47000122,5107300
2023-05-15,88.59382629,99.25000000,4459100
2023-05-16,88.30819702,98.93000031,7194000
2023-05-17,88.02253723,98.61000061,5542600
2023-05-18,87.47801971,98.00000000,9448900
2023-05-19,87.14774323,97.62999725,12923500
2023-05-22,86.98706055,97.44999695,7034700
2023-05-23,87.12992096,97.61000061,8264200
2023-05-24,86.90676880,97.36000061,7415400
2023-05-25,86.36223602,96.75000000,11647700
2023-05-26,86.52291870,96.93000031,7408900
2023-05-30,87.20131683,97.69000244,7883000
2023-05-31,87.53160858,98.05999756,10817900
2023-06-01,87.77497101,98.09999847,18161600
2023-06-02,87.07707214,97.31999969,7585400
2023-06-05,87.05024719,97.29000092,6243100
2023-06-06,87.10389709,97.34999847,3986200
2023-06-07,86.46862030,96.63999939,8226600
2023-06-08,87.05024719,97.29000092,5841900
2023-06-09,86.73703766,96.94000244,6421900
2023-06-12,86.88018799,97.09999847,5261700
2023-06-13,86.26284790,96.41000366,9173500
2023-06-14,86.37915039,96.54000092,7704400
2023-06-15,87.05024719,97.29000092,5959100
2023-06-16,86.67442322,96.87000275,6538100
2023-06-20,86.93389130,97.16000366,5477300
2023-06-21,87.01443481,97.25000000,5119600
2023-06-22,86.52230835,96.69999695,4102100
2023-06-23,86.88018799,97.09999847,4112100
2023-06-26,87.09494019,97.33999634,2976600
2023-06-27,86.79074860,97.00000000,4752500
2023-06-28,87.13969421,97.38999939,5257300
2023-06-29,86.24493408,96.38999939,8268700
2023-06-30,86.43283844,96.59999847,7450600
2023-07-03,86.05792999,95.94999695,4687100
2023-07-05,85.64537811,95.48999786,10181200
2023-07-06,84.94576263,94.70999908,9285100
2023-07-07,84.83811188,94.58999634,6577600
2023-07-10,85.27763367,95.08000183,6622700
2023-07-11,85.45700073,95.27999878,6327100
2023-07-12,86.29113007,96.20999908,8255100
2023-07-13,87.00865173,97.01000214,9742600
2023-07-14,86.57811737,96.52999878,7491100
2023-07-17,86.72161102,96.69000244,3182400
2023-07-18,86.82028961,96.80000305,3626500
2023-07-19,87.11626434,97.12999725,5059300
2023-07-20,86.42565918,96.36000061,9486600
2023-07-21,86.49742889,96.44000244,4560100
2023-07-24,86.29113007,96.20999908,7451100
2023-07-25,86.12968445,96.02999878,4079300
2023-07-26,86.42565918,96.36000061,4880100
2023-07-27,85.48391724,95.30999756,8522800
2023-07-28,85.76197815,95.62000275,5794100
2023-07-31,85.86958313,95.73999786,6347000
2023-08-01,85.36782837,94.94000244,7714000
2023-08-02,85.19699860,94.75000000,8009200
2023-08-03,84.56756592,94.05000305,11057900
2023-08-04,85.46675110,95.05000305,10189900
2023-08-07,85.25992584,94.81999969,4007400
2023-08-08,85.69155121,95.30000305,5401400
2023-08-09,85.74552155,95.36000061,5317200
2023-08-10,85.08911133,94.62999725,8462100
2023-08-11,84.63950348,94.12999725,5915000
2023-08-14,84.50463104,93.98000336,6218400
2023-08-15,84.34279633,93.80000305,9602600
2023-08-16,84.01905823,93.44000244,7199600
2023-08-17,83.91118622,93.31999969,9858300
2023-08-18,84.16295624,93.59999847,7510500
2023-08-21,83.64142609,93.01999664,10864000
2023-08-22,83.67739105,93.05999756,6330500
2023-08-23,84.58555603,94.06999969,8550500
2023-08-24,84.27082825,93.72000122,5735800
2023-08-25,84.24385071,93.69000244,7895700
2023-08-28,84.47768402,93.94999695,3301700
2023-08-29,85.08010101,94.62000275,7064200
2023-08-30,85.07109833,94.61000061,6346700
2023-08-31,85.24195862,94.80000305,6167300
2023-09-01,84.72089386,93.98000336,7746600
2023-09-05,84.20707703,93.41000366,4993400
2023-09-06,83.99071503,93.16999817,7344100
2023-09-07,84.27916718,93.48999786,7137500
2023-09-08,84.29721069,93.51000214,4648500
2023-09-11,84.15296936,93.34999847,4321700
2023-09-12,84.27016449,93.48000336,4998400
2023-09-13,84.36930847,93.58999634,6675400
2023-09-14,84.18002319,93.37999725,6421000
2023-09-15,83.91857147,93.08999634,9367700
2023-09-18,83.99971008,93.18000031,4622200
2023-09-19,83.69321442,92.83999634,7536800
2023-09-20,83.63010406,92.76999664,10751800
2023-09-21,83.00809479,92.08000183,8702500
2023-09-22,83.33263397,92.44000244,8637800
2023-09-25,82.71962738,91.76000214,11712000
2023-09-26,82.69259644,91.73000336,8281800
2023-09-27,82.32295227,91.31999969,10586100
2023-09-28,82.54832458,91.56999969,11654600
2023-09-29,82.56634521,91.58999634,13488300
2023-10-02,81.89662170,90.61000061,21010000
2023-10-03,81.21874237,89.86000061,21364700
2023-10-04,81.73393250,90.43000031,14054000
2023-10-05,81.88757324,90.59999847,11315900
2023-10-06,81.40853119,90.06999969,12257100
2023-10-09,82.44796753,91.22000122,5816700
2023-10-10,82.28526306,91.04000092,11508300
2023-10-11,82.73719788,91.54000092,14815800
2023-10-12,81.94182587,90.66000366,12855900
2023-10-13,82.46605682,91.23999786,9872500
2023-10-16,81.97798157,90.69999695,7248000
2023-10-17,81.17355347,89.80999756,11191600
2023-10-18,80.79392242,89.38999939,13794200
2023-10-19,80.39624023,88.94999695,27116700
2023-10-20,80.86624908,89.47000122,12587100
2023-10-23,81.24588013,89.88999939,12365000
2023-10-24,81.39048767,90.05000305,10906000
2023-10-25,80.67645264,89.26000214,15170200
2023-10-26,81.29105377,89.94000244,15901300
2023-10-27,81.41759491,90.08000183,11628200
2023-10-30,81.14643860,89.77999878,11022500
2023-10-31,80.97470093,89.58999634,11574700
2023-11-01,81.90734100,90.37000275,22448900
2023-11-02,82.41492462,90.93000031,14046200
2023-11-03,83.04933929,91.62999725,23133700
2023-11-06,82.56896973,91.09999847,11246700
2023-11-07,83.04029083,91.62000275,13189400
2023-11-08,83.37565613,91.98999786,11117600
2023-11-09,82.55084991,91.08000183,17067900
2023-11-10,82.64151001,91.18000031,10674700
2023-11-13,82.59616852,91.12999725,8930200
2023-11-14,83.83789062,92.50000000,14313600
2023-11-15,83.18532562,91.77999878,12969400
2023-11-16,83.81069946,92.47000122,10375600
2023-11-17,83.86507416,92.52999878,8462000
2023-11-20,83.98291779,92.66000366,7481200
2023-11-21,84.09165192,92.77999878,9153300
2023-11-22,84.06447601,92.75000000,7255100
2023-11-24,83.62940979,92.26999664,4125800
2023-11-27,84.26387024,92.97000122,9539800
2023-11-28,84.63546753,93.37999725,13563300
2023-11-29,85.07959747,93.87000275,19075400
2023-11-30,84.66268921,93.41000366,18446700
2023-12-01,85.46150208,94.04000092,21393200
2023-12-04,85.10704803,93.65000153,16402000
2023-12-05,85.70686340,94.30999756,25452100
2023-12-06,86.06127930,94.69999695,14023400
2023-12-07,85.93405914,94.55999756,13730100
2023-12-08,85.37969208,93.94999695,13825300
2023-12-11,85.38875580,93.95999908,10484600
2023-12-12,85.57051849,94.16000366,7248000
2023-12-13,86.84282684,95.55999756,16155200
2023-12-14,87.56468964,96.06999969,32373200
2023-12-15,87.49176788,95.98999786,9407100
2023-12-18,87.30037689,95.77999878,8634100
2023-12-19,87.46443939,95.95999908,9047100
2023-12-20,87.89282990,96.43000031,12659100
2023-12-21,87.75611115,96.27999878,8939700
2023-12-22,87.67407990,96.19000244,4956400
2023-12-26,87.72876740,96.25000000,3342500
2023-12-27,88.41236115,97.00000000,7362400
2023-12-28,88.07511902,96.62999725,4858500
2023-12-29,87.85636139,96.38999939,7820500
2024-01-02,87.52825928,96.02999878,9444000
2024-01-03,87.73787689,96.26000214,11040500
2024-01-04,87.20923615,95.68000031,7354800
2024-01-05,86.89022064,95.33000183,10001000
2024-01-08,87.18190002,95.65000153,7044700
2024-01-09,87.14543152,95.61000061,7360800
2024-01-10,87.00872040,95.45999908,9212700
2024-01-11,87.47357178,95.97000122,10305400
2024-01-12,87.71054840,96.23000336,8469600
2024-01-16,86.99959564,95.44999695,9847100
2024-01-17,86.71704865,95.13999939,9170700
2024-01-18,86.52561188,94.93000031,8910100
2024-01-19,86.53472900,94.94000244,17711100
2024-01-22,86.79908752,95.23000336,9831500
2024-01-23,86.58031464,94.98999786,6428600
2024-01-24,86.33422852,94.72000122,9718000
2024-01-25,86.70792389,95.12999725,11588100
2024-01-26,86.55295563,94.95999908,9134600
2024-01-29,87.07250214,95.52999878,6947500
2024-01-30,87.19100952,95.66000366,7265800
2024-01-31,87.92017365,96.45999908,15778300
2024-02-01,88.46475220,96.81999969,33372900
2024-02-02,87.31347656,95.55999756,13809200
2024-02-05,86.46374512,94.62999725,12147700
2024-02-06,86.92973328,95.13999939,9327000
2024-02-07,86.77437592,94.97000122,8619800
2024-02-08,86.49116516,94.66000366,7808000
2024-02-09,86.33580780,94.48999786,8492500
2024-02-12,86.41806030,94.58000183,7023600
2024-02-13,85.46781158,93.54000092,11978400
2024-02-14,85.78759003,93.88999939,8979600
2024-02-15,86.02516174,94.15000153,6788300
2024-02-16,85.65052795,93.73999786,7147400
2024-02-20,85.79673767,93.90000153,8286300
2024-02-21,85.52262115,93.59999847,6433900
2024-02-22,85.53176117,93.61000061,8688500
2024-02-23,85.92466736,94.04000092,6426700
2024-02-26,85.79673767,93.90000153,6417200
2024-02-27,85.60485840,93.69000244,7540600
2024-02-28,85.91551208,94.02999878,5293600
2024-02-29,86.08910370,94.22000122,11919200
2024-03-01,86.48213196,94.40000153,11857200
2024-03-04,86.28974152,94.19000244,6641600
2024-03-05,86.82109833,94.76999664,7673100
2024-03-06,87.03179169,95.00000000,9499200
2024-03-07,87.17839050,95.16000366,8420900
2024-03-08,87.24251556,95.23000336,8103600
2024-03-11,87.13259125,95.11000061,5568200
2024-03-12,86.77530670,94.72000122,6556500
2024-03-13,86.58289337,94.51000214,9708400
2024-03-14,85.94162750,93.80999756,10055900
2024-03-15,85.79503632,93.65000153,6591400
2024-03-18,85.69427490,93.54000092,5319700
2024-03-19,85.94162750,93.80999756,5470300
2024-03-20,86.14315796,94.02999878,10190800
2024-03-21,86.15234375,94.04000092,8271200
2024-03-22,86.57374573,94.50000000,6119800
2024-03-25,86.34470367,94.25000000,4488900
2024-03-26,86.47296906,94.38999939,5477600
2024-03-27,86.80278015,94.75000000,4838500
2024-03-28,86.72035980,94.66000366,7561400
2024-04-01,85.93564606,93.52999878,10854000
2024-04-02,85.75191498,93.33000183,7214900
2024-04-03,85.85299683,93.44000244,12908000
2024-04-04,86.14701080,93.76000214,6960500
2024-04-05,85.57733917,93.13999939,6334600
2024-04-08,85.38437653,92.93000031,7115100
2024-04-09,85.72434235,93.30000305,5151100
2024-04-10,84.58499908,92.05999756,14993700
2024-04-11,84.46559143,91.93000031,9371400
2024-04-12,84.81471252,92.30999756,11675600
2024-04-15,84.27263641,91.72000122,12315300
2024-04-16,83.94186401,91.36000061,12027200
2024-04-17,84.47476959,91.94000244,10515400
2024-04-18,84.18074036,91.62000275,6964500
2024-04-19,84.29100800,91.73999786,6125800
2024-04-22,84.30020905,91.75000000,4002900
2024-04-23,84.41046906,91.87000275,8319800
2024-04-24,84.15317535,91.58999634,7567400
2024-04-25,83.83162689,91.23999786,5784300
2024-04-26,84.06131744,91.48999786,5432600
2024-04-29,84.40127563,91.86000061,4846500
2024-04-30,84.00619507,91.43000031,7516700
2024-05-01,84.33885193,91.51999664,12392500
2024-05-02,84.73512268,91.94999695,8661500
2024-05-03,85.20509338,92.45999908,8501100
2024-05-06,85.27883148,92.54000092,4043400
2024-05-07,85.49999237,92.77999878,7776200
2024-05-08,85.26039124,92.51999664,9024000
2024-05-09,85.51842499,92.80000305,9625200
2024-05-10,85.24196625,92.50000000,3205000
2024-05-13,85.34332275,92.61000061,3228700
2024-05-14,85.59214783,92.87999725,4688800
2024-05-15,86.23722076,93.58000183,11384500
2024-05-16,86.07135010,93.40000153,4278400
2024-05-17,85.80410004,93.11000061,3883900
2024-05-20,85.67508698,92.97000122,4575900
2024-05-21,85.89624023,93.20999908,2669700
2024-05-22,85.78566742,93.08999634,3616300
2024-05-23,85.48155975,92.76000214,6005500
2024-05-24,85.59214783,92.87999725,3926400
2024-05-28,85.11293793,92.36000061,8761400
2024-05-29,84.69826508,91.91000366,10126800
2024-05-30,85.12214661,92.37000275,5069500
2024-05-31,85.51842499,92.80000305,4807400
2024-06-03,86.07853699,93.12999725,7675900
2024-06-04,86.54994202,93.63999939,8752000
2024-06-05,86.86418152,93.98000336,6466800
2024-06-06,86.82721710,93.94000244,5849400
2024-06-07,85.91217041,92.94999695,7125100
2024-06-10,85.72730255,92.75000000,3938900
2024-06-11,86.18020630,93.23999786,3954700
2024-06-12,86.66083527,93.76000214,9243200
2024-06-13,87.23389435,94.37999725,6529900
2024-06-14,87.43723297,94.59999847,5424600
2024-06-17,87.03055573,94.16000366,4957200
2024-06-18,87.40949249,94.56999969,5232600
2024-06-20,87.18767548,94.33000183,3573100
2024-06-21,87.20616150,94.34999847,6908700
2024-06-24,87.28012085,94.43000031,5276000
2024-06-25,87.35404968,94.51000214,3790100
2024-06-26,86.82721710,93.94000244,4196400
2024-06-27,87.02129364,94.15000153,4946600
2024-06-28,86.55916595,93.65000153,6032400
2024-07-01,85.91481781,92.66999817,13662800
2024-07-02,86.23930359,93.01999664,8195700
2024-07-03,86.81413269,93.63999939,3861000
2024-07-05,87.29621887,94.16000366,5111500
2024-07-08,87.32402039,94.19000244,5294600
2024-07-09,87.20347595,94.05999756,3006900
2024-07-10,87.28692627,94.15000153,4076600
2024-07-11,87.84321594,94.75000000,9658400
2024-07-12,88.02860260,94.94999695,4304500
2024-07-15,87.75049591,94.65000153,3754500
2024-07-16,88.13987732,95.06999969,4705800
2024-07-17,88.21405029,95.15000153,5113500
2024-07-18,87.96371460,94.87999725,8640600
2024-07-19,87.68558502,94.58000183,5274400
2024-07-22,87.60212708,94.48999786,3869800
2024-07-23,87.66705322,94.55999756,5095600
2024-07-24,87.47237396,94.34999847,4733500
2024-07-25,87.66705322,94.55999756,4335600
2024-07-26,88.08425903,95.01000214,5217500
2024-07-29,88.23256683,95.16999817,6165600
2024-07-30,88.41802979,95.37000275,4419200
2024-07-31,89.06699371,96.06999969,10982900
2024-08-01,89.44730377,96.19000244,10492600
2024-08-02,90.83285522,97.68000031,18286500
2024-08-05,90.92586517,97.77999878,19098200
2024-08-06,90.11685181,96.91000366,9507000
2024-08-07,89.79135895,96.55999756,8419700
2024-08-08,89.52172089,96.26999664,4856100
2024-08-09,89.88437653,96.66000366,5174900
2024-08-12,90.13545990,96.93000031,4166400
2024-08-13,90.53529358,97.36000061,6458700
2024-08-14,90.65618134,97.48999786,4275700
2024-08-15,90.08892822,96.87999725,5507000
2024-08-16,90.26561737,97.06999969,4437000
2024-08-19,90.38651276,97.19999695,4437600
2024-08-20,90.74917603,97.58999634,4886000
2024-08-21,90.93518066,97.79000092,5386000
2024-08-22,90.51667786,97.33999634,4819500
2024-08-23,90.93518066,97.79000092,5475400
2024-08-26,90.82356262,97.66999817,3062400
2024-08-27,90.78638458,97.62999725,4433700
2024-08-28,90.73989105,97.58000183,8147000
2024-08-29,90.58179474,97.41000366,6199800
2024-08-30,90.26561737,97.06999969,4802600
2024-09-03,90.86067200,97.41999817,8232700
2024-09-04,91.39228058,97.98999786,9914900
2024-09-05,91.60681152,98.22000122,33635000
2024-09-06,91.73738861,98.36000061,17777600
2024-09-09,91.86795044,98.50000000,8532500
2024-09-10,92.25968933,98.91999817,7921400
2024-09-11,92.19437408,98.84999847,7286200
2024-09-12,92.04515076,98.69000244,5929800
2024-09-13,92.22236633,98.87999725,5305500
2024-09-16,92.46487427,99.13999939,6666900
2024-09-17,92.29699707,98.95999908,7807000
2024-09-18,91.89593506,98.52999878,8584500
2024-09-19,91.82132721,98.44999695,16770800
2024-09-20,91.79334259,98.41999817,6580600
2024-09-23,91.73738861,98.36000061,7491700
2024-09-24,91.83998108,98.47000122,6580800
2024-09-25,91.46690369,98.06999969,10455100
2024-09-26,91.40162659,98.00000000,8026500
2024-09-27,91.76536560,98.38999939,6207700
2024-09-30,91.51352692,98.12000275,8902400
2024-10-01,91.84654236,98.19000244,11665600
2024-10-02,91.58462524,97.91000366,7742100
2024-10-03,91.11692047,97.41000366,11556100
2024-10-04,90.23767090,96.47000122,8878300
2024-10-07,89.91027069,96.12000275,10152600
2024-10-08,89.98511505,96.19999695,5975200
2024-10-09,89.64836121,95.83999634,6769200
2024-10-10,89.63901520,95.83000183,5959000
2024-10-11,89.66707611,95.86000061,5394100
2024-10-14,89.50806427,95.69000244,3850900
2024-10-15,89.96640015,96.18000031,7736900
2024-10-16,90.10671234,96.33000183,5041100
2024-10-17,89.63901520,95.83000183,5460200
2024-10-18,89.74189758,95.94000244,5174700
2024-10-21,89.04969788,95.19999695,6633600
2024-10-22,88.96550751,95.11000061,5433900
2024-10-23,88.75973511,94.88999939,6914300
2024-10-24,88.95616913,95.09999847,5486300
2024-10-25,88.75973511,94.88999939,6455300
2024-10-28,88.55393982,94.66999817,5447300
2024-10-29,88.59136200,94.70999908,8475400
2024-10-30,88.46040344,94.56999969,6341100
2024-10-31,88.41364288,94.51999664,8662900
2024-11-01,87.89006042,93.66999817,15659500
2024-11-04,88.35921478,94.16999817,8179300
2024-11-05,88.40612793,94.22000122,8118500
2024-11-06,87.49599457,93.25000000,15261400
2024-11-07,88.19969940,94.00000000,15674000
2024-11-08,88.38738251,94.19999695,12335300
2024-11-11,88.14340210,93.94000244,3980000
2024-11-12,87.58981323,93.34999847,8037600
2024-11-13,87.53352356,93.29000092,6661800
2024-11-14,87.52413940,93.27999878,7510000
2024-11-15,87.56167603,93.31999969,16761500
2024-11-18,87.75872803,93.52999878,4788200
2024-11-19,87.94638062,93.73000336,4951500
2024-11-20,87.81501770,93.58999634,5752900
2024-11-21,87.76808929,93.54000092,5098200
2024-11-22,87.82439423,93.59999847,5373900
2024-11-25,88.77206421,94.61000061,7716000
2024-11-26,88.58441925,94.41000366,5093100
2024-11-27,88.94097900,94.79000092,5587600
2024-11-29,89.31628418,95.19000244,5136200
2024-12-02,89.30874634,94.88999939,5950600
2024-12-03,89.05463409,94.62000275,5364800
2024-12-04,89.39347076,94.98000336,5908800
2024-12-05,89.38404846,94.97000122,5210300
2024-12-06,89.66639709,95.26999664,6880200
2024-12-09,89.35581207,94.94000244,4303100
2024-12-10,89.19580078,94.76999664,3543400
2024-12-11,88.93227386,94.48999786,6452800
2024-12-12,88.59344482,94.12999725,4518000
2024-12-13,88.17934418,93.69000244,5230100
2024-12-16,88.20757294,93.72000122,4607600
2024-12-17,88.20757294,93.72000122,4881100
2024-12-18,87.52579498,92.69000244,11553900
2024-12-19,87.12919617,92.26999664,9273800
2024-12-20,87.45022583,92.61000061,6070900
2024-12-23,87.06308746,92.19999695,5954500
2024-12-24,87.11029816,92.25000000,3076100
2024-12-26,87.17639160,92.31999969,3703300
2024-12-27,86.94979095,92.08000183,3752500
2024-12-30,87.45970154,92.62000275,4797700
2024-12-31,87.29916382,92.44999695,5856000
2025-01-02,87.34638977,92.50000000,5034800
2025-01-03,87.20472717,92.34999847,2863700
2025-01-06,87.11973572,92.26000214,3894600
2025-01-07,86.72313690,91.83999634,5524400
2025-01-08,86.87422943,92.00000000,6402900
2025-01-10,86.24157715,91.33000183,8210900
2025-01-13,86.09047699,91.16999817,5094300
2025-01-14,86.11880493,91.19999695,4365500
2025-01-15,87.02532959,92.16000366,7846600
2025-01-16,87.23306274,92.37999725,7550900
2025-01-17,87.29916382,92.44999695,3912800
2025-01-21,87.59189606,92.76000214,4431300
2025-01-22,87.36524963,92.51999664,3656400
2025-01-23,87.13864899,92.27999878,4860900
2025-01-24,87.31805420,92.47000122,4468700
2025-01-27,87.88460541,93.06999969,4297100
2025-01-28,87.89406586,93.08000183,3906600
2025-01-29,87.79018402,92.97000122,4918400
2025-01-30,87.97904968,93.16999817,4365600
2025-01-31,87.83738708,93.01999664,6277400
2025-02-03,87.89992523,92.79000092,8294000
2025-02-04,88.11779022,93.01999664,6742300
2025-02-05,88.62934113,93.55999756,6576300
2025-02-06,88.52513123,93.44999695,5268500
2025-02-07,88.23148346,93.13999939,4565300
2025-02-10,88.21253967,93.12000275,3229100
2025-02-11,87.98518372,92.87999725,3379500
2025-02-12,87.37891388,92.23999786,7280200
2025-02-13,88.03256226,92.93000031,6121900
2025-02-14,88.40199280,93.31999969,5157900
2025-02-18,87.92832947,92.81999969,4484100
2025-02-19,88.07044220,92.97000122,4607000
2025-02-20,88.25043488,93.16000366,7545400
2025-02-21,88.77144623,93.70999908,6156500
2025-02-24,88.96089935,93.91000366,4109500
2025-02-25,89.66191101,94.65000153,7697100
2025-02-26,89.90820312,94.91000366,7379800
2025-02-27,89.80400848,94.80000305,5907900
2025-02-28,90.29658508,95.31999969,11831500
2025-03-03,90.62435913,95.38999939,9637400
2025-03-04,90.33934021,95.08999634,12745500
2025-03-05,89.83583069,94.55999756,15590000
2025-03-06,89.78833008,94.51000214,9318900
2025-03-07,89.67431641,94.38999939,9210200
2025-03-10,90.30136108,95.05000305,7698500
2025-03-11,89.97832489,94.70999908,10408600
2025-03-12,89.71231842,94.43000031,7610300
2025-03-13,90.07333374,94.80999756,6902300
2025-03-14,89.75984192,94.48000336,4390900
2025-03-17,89.83583069,94.55999756,6734000
2025-03-18,89.94032288,94.66999817,8993300
2025-03-19,90.21583557,94.95999908,5854500
2025-03-20,90.34884644,95.09999847,4409100
2025-03-21,90.27285004,95.01999664,4919600
2025-03-24,89.75032043,94.47000122,4823500
2025-03-25,89.90232849,94.62999725,6825800
2025-03-26,89.69333649,94.41000366,8281700
2025-03-27,89.61734009,94.33000183,5085100
2025-03-28,90.33934021,95.08999634,6224500
2025-03-31,90.60536194,95.37000275,13255800
2025-04-01,90.92369080,95.40000153,18128800
2025-04-02,90.83791351,95.30999756,7635900
2025-04-03,91.77192688,96.29000092,18188000
2025-04-04,92.02924347,96.55999756,27006500
2025-04-07,90.93321991,95.41000366,68670600
2025-04-08,90.47573853,94.93000031,19508000
2025-04-09,90.18981934,94.62999725,24170800
2025-04-10,89.62749481,94.04000092,12093800
2025-04-11,89.12236786,93.51000214,55446600
2025-04-14,89.83718109,94.26000214,12630900
2025-04-15,90.10403442,94.54000092,7708100
2025-04-16,90.49480438,94.94999695,8708400
2025-04-17,90.23747253,94.68000031,6987000
2025-04-21,89.75138092,94.16999817,4901300
2025-04-22,89.81812286,94.23999786,5233000
2025-04-23,89.91342163,94.33999634,8041300
2025-04-24,90.39948273,94.84999847,7308900
2025-04-25,90.74260712,95.20999908,5341300
2025-04-28,91.10478973,95.58999634,4950500
2025-04-29,91.41928101,95.91999817,5350200
2025-04-30,91.56224823,96.06999969,13923200
2025-05-01,91.16352844,95.33999634,13703300
2025-05-02,90.55154419,94.69999695,9331600
2025-05-05,90.38899994,94.52999878,10089400
2025-05-06,90.61849213,94.76999664,6081200
2025-05-07,90.85753632,95.01999664,9471100
2025-05-08,90.14994812,94.27999878,6409000
2025-05-09,90.21687317,94.34999847,3698700
2025-05-12,89.64318085,93.75000000,9483700
2025-05-13,89.57624054,93.68000031,13166800
2025-05-14,89.24156952,93.33000183,6994700
2025-05-15,89.82485962,93.94000244,9024900
2025-05-16,89.85352325,93.97000122,6819200
2025-05-19,89.80573273,93.91999817,11704900
2025-05-20,89.69097900,93.80000305,8929600
2025-05-21,89.06946564,93.15000153,11383500
2025-05-22,89.40410614,93.50000000,10981200
2025-05-23,89.66230011,93.76999664,9860700
2025-05-27,90.03520966,94.16000366,10834400
2025-05-28,89.78660583,93.90000153,8591500
2025-05-29,90.15951538,94.29000092,9679100
2025-05-30,90.42725372,94.56999969,10268600
2025-06-02,90.12026978,93.94000244,13341900
2025-06-03,90.03392029,93.84999847,8508900
2025-06-04,90.69586945,94.54000092,10115900
2025-06-05,90.42725372,94.26000214,8762800
2025-06-06,89.70774841,93.51000214,7624200
2025-06-09,89.87083435,93.68000031,6061200
2025-06-10,90.02432251,93.83999634,5579900
2025-06-11,90.39847565,94.23000336,6594900
2025-06-12,90.79179382,94.63999939,7795400
2025-06-13,90.45603180,94.29000092,9195200
2025-06-16,90.19700623,94.01999664,7508400
2025-06-17,90.63830566,94.48000336,5285000
2025-06-18,90.69586945,94.54000092,6732400
2025-06-20,90.75342560,94.59999847,6261700
2025-06-23,91.07000732,94.93000031,9310300
2025-06-24,91.38659668,95.26000214,7694500
2025-06-25,91.42496490,95.30000305,6393300
2025-06-26,91.75115204,95.63999939,7131900
2025-06-27,91.51129913,95.38999939,8402400
2025-06-30,91.87583923,95.76999664,10542300
2025-07-01,91.70551300,95.29000092,10659800
2025-07-02,91.51303101,95.08999634,6026200
2025-07-03,91.19544220,94.76000214,7398900
2025-07-07,90.90673065,94.45999908,8518600
2025-07-08,90.77199554,94.31999969,5282800
2025-07-09,91.24356079,94.80999756,6900800
2025-07-10,91.19544220,94.76000214,4451900
2025-07-11,90.77199554,94.31999969,6004300
2025-07-14,90.73350525,94.27999878,5101600
2025-07-15,90.37741089,93.91000366,5628100
2025-07-16,90.62763214,94.16999817,12786300
2025-07-17,90.59877014,94.13999939,4747200
2025-07-18,90.84899139,94.40000153,4035000
2025-07-21,91.16658783,94.73000336,5232300
2025-07-22,91.42642212,95.00000000,6098000
2025-07-23,91.09921265,94.66000366,5074000
2025-07-24,90.96446991,94.51999664,5867400
2025-07-25,91.17619324,94.73999786,3614000
2025-07-28,90.97409821,94.52999878,5073200
2025-07-29,91.57078552,95.15000153,7864000
2025-07-30,91.25318909,94.81999969,7425600
2025-07-31,91.33016968,94.90000153,10411800
2025-08-01,92.38165283,95.68000031,11870100
2025-08-04,92.50716400,95.80999756,8449500
2025-08-05,92.43956757,95.73999786,8218700
2025-08-06,92.37199402,95.66999817,10107500
2025-08-07,92.30439758,95.59999847,5725900
2025-08-08,92.09197998,95.37999725,5623800
2025-08-11,92.12095642,95.41000366,4920200
2025-08-12,92.10163879,95.38999939,6724600
2025-08-13,92.42991638,95.73000336,5925200
2025-08-14,92.13060760,95.41999817,5527500
2025-08-15,91.94715881,95.23000336,7428500
2025-08-18,91.86026001,95.13999939,9669600
2025-08-19,92.09197998,95.37999725,6499300
2025-08-20,92.22715759,95.51999664,6270700
2025-08-21,91.95680237,95.23999786,5351300
2025-08-22,92.46852875,95.76999664,10867700
2025-08-25,92.28509521,95.58000183,9936400
2025-08-26,92.52648163,95.83000183,5871200
2025-08-27,92.70027161,96.01000214,5222800
2025-08-28,92.91269684,96.23000336,6544700
2025-08-29,92.83543396,96.15000153,6818900
2025-09-02,92.55840302,95.55000305,8623200
2025-09-03,92.87805939,95.87999725,7586100
2025-09-04,93.29458618,96.30999756,6395300
2025-09-05,93.74989319,96.77999878,9566300
2025-09-08,94.04048920,97.08000183,7599600
2025-09-09,93.81769562,96.84999847,8223100
2025-09-10,94.06956482,97.11000061,8864500
2025-09-11,94.21485901,97.26000214,8554300
2025-09-12,93.94363403,96.98000336,36502700
2025-09-15,94.09860992,97.13999939,4990100
2025-09-16,94.15673065,97.19999695,5847700
2025-09-17,93.95330048,96.98999786,10701700
2025-09-18,93.64332581,96.66999817,7589200
2025-09-19,93.60457611,96.62999725,5528800
2025-09-22,93.44958496,96.47000122,5282700
2025-09-23,93.71114349,96.73999786,7077500
2025-09-24,93.45928192,96.48000336,5419700
2025-09-25,93.25585175,96.26999664,6517500
2025-09-26,93.20742798,96.22000122,7295300
2025-09-29,93.47865295,96.50000000,6357500
2025-09-30,93.43991089,96.45999908,9257800
2025-10-01,93.75472260,96.48999786,8347000
2025-10-02,93.85187531,96.58999634,9420600
2025-10-03,93.66727448,96.40000153,5154300
2025-10-06,93.39521790,96.12000275,6319600
2025-10-07,93.62841034,96.36000061,5119900
2025-10-08,93.64783478,96.37999725,5141900
2025-10-09,93.57981873,96.30999756,7130600
2025-10-10,94.16282654,96.91000366,10417700
2025-10-13,94.21139526,96.95999908,5607600
2025-10-14,94.45430756,97.20999908,7650600
2025-10-15,94.34741211,97.09999847,7769300
2025-10-16,94.78466797,97.55000305,11627200
2025-10-17,94.62918854,97.38999939,12491000
2025-10-20,94.75551605,97.51999664,10437800
2025-10-21,94.93041229,97.69999695,7642000
2025-10-22,94.94985199,97.72000122,6523500
2025-10-23,94.63893127,97.40000153,6138300
2025-10-24,94.72637939,97.48999786,7555200
2025-10-27,94.72637939,97.48999786,7272300
2025-10-28,94.81381226,97.58000183,5539600
2025-10-29,94.20168304,96.94999695,11223300
2025-10-30,94.06563568,96.80999756,8958800
2025-10-31,94.10452271,96.84999847,9739900
2025-11-03,94.05968475,96.50000000,8012500
2025-11-04,94.17664337,96.62000275,6119000
2025-11-05,93.72828674,96.16000366,11749200
2025-11-06,94.20587921,96.65000153,7665000
2025-11-07,94.24487305,96.69000244,11460300
2025-11-10,94.11814880,96.55999756,9097300
2025-11-11,94.41056061,96.86000061,4937700
2025-11-12,94.43007660,96.87999725,7188200
2025-11-13,94.15715790,96.59999847,46965300
2025-11-14,94.00119781,96.44000244,11288500
2025-11-17,94.10842133,96.55000305,6648500
2025-11-18,94.26437378,96.70999908,8769000
2025-11-19,94.19614410,96.63999939,13075900
2025-11-20,94.42032623,96.87000275,9076400
2025-11-21,94.73223114,97.19000244,12551100
2025-11-24,94.87843323,97.33999634,6903900
2025-11-25,95.12211609,97.58999634,9193400
2025-11-26,95.20009613,97.66999817,7747100
2025-11-28,95.03439331,97.50000000,7798000
2025-12-01,94.52408600,96.69000244,9898100
2025-12-02,94.60229492,96.76999664,7317200
2025-12-03,94.79780579,96.97000122,6855100
2025-12-04,94.50453186,96.66999817,8928900
2025-12-05,94.30901337,96.47000122,9118700
2025-12-08,94.11349487,96.26999664,14728300
2025-12-09,93.97663116,96.12999725,8509200
2025-12-10,94.27967834,96.44000244,13356900
2025-12-11,94.28944397,96.44999695,8672800
2025-12-12,94.03529358,96.19000244,8348700
2025-12-15,94.11349487,96.26999664,6117000
2025-12-16,94.37744141,96.54000092,7456400
2025-12-17,94.35788727,96.51999664,5673200
2025-12-18,94.60229492,96.76999664,7357600
2025-12-19,94.38945007,96.23999786,5806600
2025-12-22,94.29137421,96.13999939,4672800
2025-12-23,94.25215149,96.09999847,5093900
2025-12-24,94.49733734,96.34999847,3967700
2025-12-26,94.58561707,96.44000244,3491500
2025-12-29,94.72292328,96.58000183,5034600
2025-12-30,94.62483978,96.48000336,4108600
2025-12-31,94.31101227,96.16000366,6802100
2026-01-02,94.23254395,96.08000183,6611800
2026-01-05,94.51696777,96.37000275,8693200
2026-01-06,94.44831848,96.30000305,12834100
2026-01-07,94.62483978,96.48000336,7990900
2026-01-08,94.34043121,96.19000244,6931700
2026-01-09,94.44831848,96.30000305,10277300
2026-01-12,94.33061981,96.18000031,6360600
2026-01-13,94.44831848,96.30000305,7622500
2026-01-14,94.64446259,96.50000000,7331200
2026-01-15,94.44831848,96.30000305,6172500
2026-01-16,94.08542633,95.93000031,11979300
2026-01-20,93.71273041,95.55000305,13607700
2026-01-21,93.95791626,95.80000305,11969000
2026-01-22,93.94811249,95.79000092,10209500
2026-01-23,94.10502625,95.94999695,8147500
2026-01-26,94.24233246,96.08999634,6803800
2026-01-27,94.13446045,95.98000336,9857200
2026-01-28,94.05599976,95.90000153,17032400
2026-01-29,94.15406799,96.00000000,11049100
2026-01-30,94.09523010,95.94000244,8238500
2026-02-02,93.91024780,95.44000244,8987100
2026-02-03,93.99879456,95.52999878,7313800
2026-02-04,93.97912598,95.51000214,7268600
2026-02-05,94.53014374,96.06999969,12086800
2026-02-06,94.53014374,96.06999969,7759900
2026-02-09,94.54981995,96.08999634,8165100
2026-02-10,94.96308899,96.51000214,9752300
2026-02-11,94.69741821,96.23999786,9106600
2026-02-12,95.27796173,96.83000183,13099900
2026-02-13,95.65186310,97.20999908,11681500
2026-02-17,95.64202881,97.19999695,8623800
2026-02-18,95.44523621,97.00000000,7778800
2026-02-19,95.53379822,97.08999634,4993000
2026-02-20,95.53379822,97.08999634,11200200
2026-02-23,95.87817383,97.44000244,9862900
2026-02-24,95.85850525,97.41999817,9493300
2026-02-25,95.77978516,97.33999634,8762700
2026-02-26,96.03562164,97.59999847,8177300
2026-02-27,96.41937256,97.98999786,9970300
2026-03-02,95.84011078,97.12000275,17709600
2026-03-03,95.73155975,97.01000214,13708500
2026-03-04,95.53418732,96.80999756,12535500
2026-03-05,95.23813629,96.51000214,12599700
2026-03-06,95.17892456,96.44999695,12758200
2026-03-09,95.47497559,96.75000000,12134400
2026-03-10,95.16906738,96.44000244,10571300
2026-03-11,94.73485565,96.00000000,12197600
2026-03-12,94.42894745,95.69000244,11401400
2026-03-13,94.33026123,95.58999634,11839700
2026-03-16,94.75460052,96.01999664,9092100
2026-03-17,94.92237091,96.19000244,7209700
2026-03-18,94.48815918,95.75000000,13048700
2026-03-19,94.47828674,95.73999786,18464600
2026-03-20,93.62962341,94.87999725,20761500
2026-03-23,93.92566681,95.18000031,28336300
2026-03-24,93.60988617,94.86000061,19785600
2026-03-25,94.10330200,95.36000061,15939200
2026-03-26,93.34343719,94.58999634,12897300
2026-03-27,93.35330963,94.59999847,11401900
2026-03-30,94.01448059,95.26999664,15430000
2026-03-31,94.18225098,95.44000244,18649700
2026-04-01,94.10005951,95.04000092,13557600
2026-04-02,94.31789398,95.26000214,13171300
2026-04-06,94.07035828,95.01000214,6104900
2026-04-07,94.30798340,95.25000000,6737500
2026-04-08,94.51591492,95.45999908,12107400
2026-04-09,94.48619843,95.43000031,11065900
2026-04-10,94.32778168,95.26999664,4404800
2026-04-13,94.53571320,95.48000336,4300200
2026-04-14,94.84264374,95.79000092,5239800
2026-04-15,94.63472748,95.58000183,5592900
2026-04-16,94.46640778,95.41000366,6618900
2026-04-17,94.98126221,95.93000031,6912900
2026-04-20,94.89215088,95.83999634,3868800
2026-04-21,94.47631073,95.41999817,4872900
2026-04-22,94.57531738,95.51999664,4121400
2026-04-23,94.42680359,95.37000275,6795600
2026-04-24,94.61491394,95.55999756,5490000
2026-04-27,94.39709473,95.33999634,4055500
2026-04-28,94.30798340,95.25000000,4867700
2026-04-29,93.86244202,94.80000305,7200300
2026-04-30,94.04065704,94.98000336,10382400
2026-05-01,94.11218262,94.73999786,5359200
2026-05-04,93.76449585,94.38999939,6593900
2026-05-05,93.90357208,94.52999878,11281600
2026-05-06,94.37045288,95.00000000,9031100
2026-05-07,94.08238220,94.70999908,5610100
2026-05-08,94.33072662,94.95999908,3215100
2026-05-11,94.01284790,94.63999939,4025400
2026-05-12,93.69496918,94.31999969,5686700
2026-05-13,93.69496918,94.31999969,3459200
2026-05-14,93.63536072,94.26000214,5167300
2026-05-15,92.89034271,93.51000214,12498700
2026-05-18,92.85060120,93.47000122,8422900
2026-05-19,92.49298096,93.11000061,10069800
2026-05-20,93.11881256,93.73999786,14892500
2026-05-21,93.17841339,93.80000305,7762000
2026-05-22,93.25788116,93.87999725,6321900
2026-05-26,93.65523529,94.27999878,5494400
2026-05-27,93.69496918,94.31999969,5958800
2026-05-28,93.91350555,94.54000092,5938300
2026-05-29,94.02278137,94.65000153,9639700
2026-06-01,93.86031342,94.16999817,8054100
2026-06-02,93.93008423,94.23999786,15426600
2026-06-03,93.69087219,94.00000000,7056500
2026-06-04,93.81048584,94.12000275,4417900
2026-06-05,93.31212616,93.62000275,9880800
2026-06-08,93.21244812,93.51999664,5352200
2026-06-09,93.47159576,93.77999878,8007300
2026-06-10,93.38189697,93.69000244,5804900
2026-06-11,94.02975464,94.33999634,11281600
2026-06-12,93.87028503,94.18000031,8861800
2026-06-15,93.96995544,94.27999878,3787600
2026-06-16,94.20915985,94.51999664,4675000
2026-06-17,93.71080780,94.01999664,11508300
2026-06-18,94.04969025,94.36000061,6836500
2026-06-22,93.69087219,94.00000000,4572200
2026-06-23,93.81048584,94.12000275,6504600
2026-06-24,94.41847992,94.73000336,5179800
2026-06-25,94.47827911,94.79000092,5630500
2026-06-26,94.71748352,95.02999878,5584100
2026-06-29,94.74738312,95.05999756,5901500
2026-06-30,94.25900269,94.56999969,8034000
2026-07-01,94.02999878,94.02999878,7890500
2026-07-02,94.12000275,94.12000275,7605500
2026-07-06,94.18000031,94.18000031,4600500
2026-07-07,93.69999695,93.69999695,5813600
2026-07-08,93.51000214,93.51000214,5509600
2026-07-09,93.70999908,93.70999908,3223100
2026-07-10,93.62999725,93.62999725,6507600
2026-07-13,93.29000092,93.29000092,5769700
2026-07-14,93.55000305,93.55000305,5315900
2026-07-15,93.77999878,93.77999878,6735500
2026-07-16,93.72000122,93.72000122,4841200
2026-07-17,93.83999634,93.83999634,7561300
2026-07-20,93.54000092,93.54000092,3784800
2026-07-21,93.30999756,93.30999756,2786200
2026-07-22,93.09999847,93.09999847,3428200
2026-07-23,92.84999847,92.84999847,5002200
2026-07-27,93.27999878,93.27999878,4046300
2026-07-28,93.58000183,93.58000183,1634947
