timestamp,premium,close,volume,taker_buy_volume
2022-01-01T00:00:00Z,0,258.760,160534.5,78642.8
2022-01-01T08:00:00Z,0,255.050,172267.1,83408.2
2022-01-01T16:00:00Z,-0.00012683,266.260,164578.3,78480.3
2022-01-02T00:00:00Z,-0.00006654,255.720,190367.2,89339.0
2022-01-02T08:00:00Z,0.00016914,256.280,112167.0,54565.3
2022-01-02T16:00:00Z,0.00004688,265.280,216750.4,106785.3
2022-01-03T00:00:00Z,0,275.640,271354.0,137674.0
2022-01-03T08:00:00Z,0.00066991,272.600,665041.7,339457.7
2022-01-03T16:00:00Z,0,267.310,452902.3,207850.9
2022-01-04T00:00:00Z,0.00079304,260.590,268690.4,121233.3
2022-01-04T08:00:00Z,0,264.680,243732.0,108032.6
2022-01-04T16:00:00Z,-0.00056887,251.940,269643.7,122379.2
2022-01-05T00:00:00Z,0.00004853,255.650,137779.3,67412.1
2022-01-05T08:00:00Z,0.00020513,258.850,258756.3,125239.4
2022-01-05T16:00:00Z,-0.00132643,230.320,518461.1,232386.7
2022-01-06T00:00:00Z,0,227.900,236938.7,116236.6
2022-01-06T08:00:00Z,-0.00029850,223.220,347301.1,168734.1
2022-01-06T16:00:00Z,0,220.880,245586.3,120765.7
2022-01-07T00:00:00Z,0.00023883,206.500,407836.5,192164.8
2022-01-07T08:00:00Z,0,206.570,380065.8,184219.6
2022-01-07T16:00:00Z,0.00005996,211.710,225436.3,110911.7
2022-01-08T00:00:00Z,0,221.130,272790.3,137000.1
2022-01-08T08:00:00Z,0,219.400,464312.3,220599.1
2022-01-08T16:00:00Z,0,212.140,543451.2,264701.8
2022-01-09T00:00:00Z,-0.00086685,215.760,216830.8,103280.2
2022-01-09T08:00:00Z,0,210.570,215050.1,105506.1
2022-01-09T16:00:00Z,-0.00033350,209.450,174891.5,84927.3
2022-01-10T00:00:00Z,-0.00049248,212.160,155035.3,73730.3
2022-01-10T08:00:00Z,-0.00015088,194.630,449273.9,209750.4
2022-01-10T16:00:00Z,-0.00062051,199.710,288140.9,145050.2
2022-01-11T00:00:00Z,-0.00052456,204.590,165699.2,77098.0
2022-01-11T08:00:00Z,-0.00017883,208.990,241857.7,118244.7
2022-01-11T16:00:00Z,-0.00004706,213.210,219621.8,105663.1
2022-01-12T00:00:00Z,0,213.670,178872.5,88928.9
2022-01-12T08:00:00Z,0,219.030,225048.5,109589.8
2022-01-12T16:00:00Z,0,218.560,138373.9,67729.5
2022-01-13T00:00:00Z,0,215.220,150509.5,70785.3
2022-01-13T08:00:00Z,-0.00000050,212.370,267409.4,127906.8
2022-01-13T16:00:00Z,0.00016686,209.230,254834.7,123511.8
2022-01-14T00:00:00Z,0.00011037,214.850,124801.8,60326.0
2022-01-14T08:00:00Z,0,215.540,260612.2,128531.6
2022-01-14T16:00:00Z,-0.00002947,223.790,262141.0,130057.9
2022-01-15T00:00:00Z,-0.00066380,230.400,271725.7,129924.8
2022-01-15T08:00:00Z,-0.00055494,236.450,430007.4,212494.7
2022-01-15T16:00:00Z,0,238.510,354322.6,177963.7
2022-01-16T00:00:00Z,0.00025443,234.100,230043.8,113642.4
2022-01-16T08:00:00Z,0,240.260,273293.1,138518.7
2022-01-16T16:00:00Z,0,242.400,197572.9,95360.4
2022-01-17T00:00:00Z,-0.00042458,233.900,301696.3,146213.7
2022-01-17T08:00:00Z,0.00004682,226.970,189295.2,90120.8
2022-01-17T16:00:00Z,-0.00060662,226.560,319601.7,157141.8
2022-01-18T00:00:00Z,0,233.230,488712.7,240113.5
2022-01-18T08:00:00Z,0,233.080,491074.8,236670.3
2022-01-18T16:00:00Z,-0.00062815,232.300,431396.2,219950.9
2022-01-19T00:00:00Z,0,217.610,350387.8,160685.6
2022-01-19T08:00:00Z,-0.00002433,216.670,359587.1,173582.6
2022-01-19T16:00:00Z,-0.00083371,210.060,243028.5,113310.7
2022-01-20T00:00:00Z,-0.00027145,215.600,183702.4,91938.9
2022-01-20T08:00:00Z,-0.00049160,219.710,248988.6,120556.0
2022-01-20T16:00:00Z,-0.00109998,198.270,307148.9,146616.0
2022-01-21T00:00:00Z,-0.00049367,189.530,461100.7,225036.6
2022-01-21T08:00:00Z,-0.00026201,188.330,363473.8,175104.8
2022-01-21T16:00:00Z,-0.00057080,170.810,487643.9,237078.5
2022-01-22T00:00:00Z,-0.00059297,150.600,390341.8,187104.6
2022-01-22T08:00:00Z,-0.00228782,143.780,579707.2,282167.1
2022-01-22T16:00:00Z,0,146.890,417311.0,211729.9
2022-01-23T00:00:00Z,-0.00076829,153.840,267606.8,138547.7
2022-01-23T08:00:00Z,-0.00024407,151.920,328850.4,161955.8
2022-01-23T16:00:00Z,-0.00055470,158.280,272232.0,143475.4
2022-01-24T00:00:00Z,-0.00022843,145.840,223435.9,109726.8
2022-01-24T08:00:00Z,0,140.000,518196.2,257953.7
2022-01-24T16:00:00Z,-0.00069188,152.300,402274.3,201514.6
2022-01-25T00:00:00Z,0,148.440,200018.8,99253.1
2022-01-25T08:00:00Z,0,148.760,353820.9,173287.0
2022-01-25T16:00:00Z,-0.00090936,151.820,273124.1,139493.2
2022-01-26T00:00:00Z,0.00013864,152.570,204092.4,102829.1
2022-01-26T08:00:00Z,-0.00038996,158.040,300232.9,150973.3
2022-01-26T16:00:00Z,-0.00005553,146.400,430931.1,214874.8
2022-01-27T00:00:00Z,0,143.640,233970.9,115489.2
2022-01-27T08:00:00Z,0,147.880,215746.0,107101.0
2022-01-27T16:00:00Z,-0.00140258,144.400,257918.6,125705.1
2022-01-28T00:00:00Z,0,143.970,218979.4,107816.4
2022-01-28T08:00:00Z,-0.00031816,145.160,278099.4,139706.3
2022-01-28T16:00:00Z,-0.00036850,148.860,156796.2,80157.5
2022-01-29T00:00:00Z,0,153.350,126910.3,63701.2
2022-01-29T08:00:00Z,0,152.900,173866.2,84234.9
2022-01-29T16:00:00Z,-0.00029434,153.840,127639.4,63372.1
2022-01-30T00:00:00Z,0,154.810,117591.4,59568.4
2022-01-30T08:00:00Z,-0.00107848,152.990,105869.5,50745.1
2022-01-30T16:00:00Z,-0.00134735,148.760,137265.7,66753.8
2022-01-31T00:00:00Z,0,144.510,133403.2,65987.7
2022-01-31T08:00:00Z,0,153.450,166735.1,82229.9
2022-01-31T16:00:00Z,-0.00163076,157.490,225566.7,112591.4
2022-02-01T00:00:00Z,0,163.820,223682.1,112023.3
2022-02-01T08:00:00Z,-0.00068536,165.530,338337.1,168004.6
2022-02-01T16:00:00Z,-0.00118937,163.730,215452.3,109106.2
2022-02-02T00:00:00Z,-0.00009160,159.640,151101.0,72611.4
2022-02-02T08:00:00Z,0,153.630,226658.1,107329.8
2022-02-02T16:00:00Z,-0.00079561,151.160,192912.3,96912.2
2022-02-03T00:00:00Z,-0.00043865,150.030,129320.3,64308.1
2022-02-03T08:00:00Z,-0.00063332,151.880,197746.1,100066.7
2022-02-03T16:00:00Z,0,152.960,159548.2,81707.3
2022-02-04T00:00:00Z,0,156.650,143611.8,73558.9
2022-02-04T08:00:00Z,0,160.840,249015.9,118714.4
2022-02-04T16:00:00Z,-0.00034378,166.710,198681.2,101574.3
2022-02-05T00:00:00Z,-0.00005179,169.700,189898.2,90241.0
2022-02-05T08:00:00Z,-0.00065564,171.710,128067.5,62919.3
2022-02-05T16:00:00Z,-0.00077616,166.090,128744.0,62431.8
2022-02-06T00:00:00Z,0,169.850,105659.6,51904.7
2022-02-06T08:00:00Z,0,170.350,148473.9,70740.9
2022-02-06T16:00:00Z,0,173.500,128712.4,69785.3
2022-02-07T00:00:00Z,-0.00080981,178.590,158844.1,75799.0
2022-02-07T08:00:00Z,-0.00026775,182.340,160073.3,80318.6
2022-02-07T16:00:00Z,-0.00037729,181.980,163308.4,81378.0
2022-02-08T00:00:00Z,-0.00115403,188.660,223862.5,111030.0
2022-02-08T08:00:00Z,-0.00127911,177.060,297434.2,148283.7
2022-02-08T16:00:00Z,-0.00014956,183.850,227389.8,114001.7
2022-02-09T00:00:00Z,-0.00070642,180.710,158341.5,77096.7
2022-02-09T08:00:00Z,0,186.710,157059.2,76007.3
2022-02-09T16:00:00Z,0,187.910,138126.5,67175.1
2022-02-10T00:00:00Z,0.00002442,181.510,169048.6,84087.6
2022-02-10T08:00:00Z,0,182.510,289777.9,139016.3
2022-02-10T16:00:00Z,-0.00107082,175.250,187419.0,91441.6
2022-02-11T00:00:00Z,-0.00081048,179.650,129077.7,67515.1
2022-02-11T08:00:00Z,-0.00012912,179.210,125919.6,57531.2
2022-02-11T16:00:00Z,-0.00027176,163.440,219511.3,105497.7
2022-02-12T00:00:00Z,-0.00065169,163.520,98675.9,50465.1
2022-02-12T08:00:00Z,0,163.490,93734.4,46372.8
2022-02-12T16:00:00Z,0,162.300,113147.7,57146.5
2022-02-13T00:00:00Z,-0.00086471,162.660,64954.7,32893.9
2022-02-13T08:00:00Z,-0.00039404,162.630,77844.5,37754.4
2022-02-13T16:00:00Z,-0.00052480,158.030,119427.4,56204.5
2022-02-14T00:00:00Z,-0.00016070,156.760,125006.4,61741.7
2022-02-14T08:00:00Z,-0.00024325,159.060,118123.7,56830.2
2022-02-14T16:00:00Z,-0.00140814,160.830,143690.1,70912.5
2022-02-15T00:00:00Z,-0.00019251,163.980,141948.0,68456.6
2022-02-15T08:00:00Z,-0.00071854,167.500,157484.8,75718.6
2022-02-15T16:00:00Z,-0.00011604,172.210,99875.4,49195.6
2022-02-16T00:00:00Z,-0.00045306,171.160,106193.3,51113.4
2022-02-16T08:00:00Z,-0.00037288,164.660,139298.7,68101.3
2022-02-16T16:00:00Z,-0.00028272,170.320,163223.6,79580.2
2022-02-17T00:00:00Z,-0.00050570,168.930,133623.7,67471.4
2022-02-17T08:00:00Z,0,160.790,158545.1,78867.4
2022-02-17T16:00:00Z,-0.00123835,152.810,189427.9,90993.0
2022-02-18T00:00:00Z,0.00014948,153.340,148135.4,73979.7
2022-02-18T08:00:00Z,0,146.030,257080.1,121741.0
2022-02-18T16:00:00Z,-0.00114079,145.320,135218.9,66179.0
2022-02-19T00:00:00Z,-0.00039630,148.320,81499.4,41627.6
2022-02-19T08:00:00Z,-0.00149212,145.100,156139.0,72888.1
2022-02-19T16:00:00Z,-0.00056864,146.050,78352.8,41070.7
2022-02-20T00:00:00Z,-0.00024889,138.720,136747.6,66451.3
2022-02-20T08:00:00Z,-0.00091783,138.580,121573.9,60120.5
2022-02-20T16:00:00Z,0,137.430,124477.2,61282.6
2022-02-21T00:00:00Z,-0.00071787,144.180,151521.0,76772.5
2022-02-21T08:00:00Z,-0.00089469,140.690,265439.1,127877.6
2022-02-21T16:00:00Z,0,128.550,302553.3,153575.9
2022-02-22T00:00:00Z,-0.00034088,128.720,225869.2,112174.3
2022-02-22T08:00:00Z,-0.00090526,135.480,218692.9,109111.9
2022-02-22T16:00:00Z,0,134.620,199592.7,99477.6
2022-02-23T00:00:00Z,-0.00127943,138.250,177009.4,85814.9
2022-02-23T08:00:00Z,0,138.720,199144.9,93416.6
2022-02-23T16:00:00Z,-0.00016018,130.580,205042.3,103160.2
2022-02-24T00:00:00Z,0,116.170,416358.4,211505.9
2022-02-24T08:00:00Z,-0.00026173,120.570,415712.6,217071.4
2022-02-24T16:00:00Z,-0.00021966,125.230,367362.2,181289.5
2022-02-25T00:00:00Z,-0.00021291,125.220,208498.4,101229.5
2022-02-25T08:00:00Z,-0.00005011,137.030,504281.5,245183.1
2022-02-25T16:00:00Z,0,139.470,361971.6,179974.6
2022-02-26T00:00:00Z,0,141.790,210887.7,102522.7
2022-02-26T08:00:00Z,-0.00052080,137.890,243159.8,122558.7
2022-02-26T16:00:00Z,0,136.530,166688.2,78865.1
2022-02-27T00:00:00Z,-0.00038738,133.490,248826.4,119282.8
2022-02-27T08:00:00Z,0,143.430,394829.7,198837.1
2022-02-27T16:00:00Z,0.00036944,131.630,399627.8,190219.5
2022-02-28T00:00:00Z,-0.00016724,134.070,269066.8,133525.5
2022-02-28T08:00:00Z,0,141.110,334193.1,166066.7
2022-02-28T16:00:00Z,-0.00000921,145.690,266110.4,134621.7
2022-03-01T00:00:00Z,-0.00018275,144.350,273770.0,130997.9
2022-03-01T08:00:00Z,-0.00011030,144.380,373406.6,182396.9
2022-03-01T16:00:00Z,-0.00020332,143.190,185595.0,92696.7
2022-03-02T00:00:00Z,0,141.560,212953.9,104472.3
2022-03-02T08:00:00Z,-0.00053860,138.830,372443.4,183135.8
2022-03-02T16:00:00Z,-0.00016645,137.540,158641.9,78291.9
2022-03-03T00:00:00Z,-0.00059209,133.550,232478.9,110721.4
2022-03-03T08:00:00Z,-0.00038280,128.890,281583.4,126442.4
2022-03-03T16:00:00Z,-0.00107347,129.770,222810.2,106765.1
2022-03-04T00:00:00Z,0,129.700,238270.2,113357.5
2022-03-04T08:00:00Z,-0.00001673,127.380,245003.5,122542.6
2022-03-04T16:00:00Z,-0.00051853,124.100,219385.3,106199.8
2022-03-05T00:00:00Z,-0.00026703,125.020,149809.0,73005.6
2022-03-05T08:00:00Z,-0.00076094,124.010,136812.7,64991.8
2022-03-05T16:00:00Z,-0.00015713,124.530,116150.6,55190.2
2022-03-06T00:00:00Z,-0.00064570,121.810,151654.1,69471.2
2022-03-06T08:00:00Z,-0.00085411,119.480,175665.1,80091.0
2022-03-06T16:00:00Z,-0.00071162,116.600,202128.5,88459.5
2022-03-07T00:00:00Z,-0.00075538,114.930,189224.9,89435.0
2022-03-07T08:00:00Z,-0.00051762,121.770,308906.6,148923.8
2022-03-07T16:00:00Z,-0.00095653,116.690,337001.9,161711.5
2022-03-08T00:00:00Z,0,119.320,242835.9,117474.7
2022-03-08T08:00:00Z,-0.00092050,121.260,360076.7,177185.5
2022-03-08T16:00:00Z,-0.00010120,121.610,246634.7,120600.0
2022-03-09T00:00:00Z,-0.00052214,128.770,209200.5,104152.2
2022-03-09T08:00:00Z,-0.00059982,128.760,156771.5,74112.2
2022-03-09T16:00:00Z,0,127.410,132470.7,64424.2
2022-03-10T00:00:00Z,-0.00019247,120.070,216219.5,104442.9
2022-03-10T08:00:00Z,-0.00045317,120.030,218391.1,103400.6
2022-03-10T16:00:00Z,-0.00002195,119.150,144166.0,68411.2
2022-03-11T00:00:00Z,-0.00022603,118.510,183014.6,91268.3
2022-03-11T08:00:00Z,-0.00078384,117.080,194275.2,101067.1
2022-03-11T16:00:00Z,-0.00037327,116.500,108303.7,56980.0
2022-03-12T00:00:00Z,0,121.360,143613.4,69806.2
2022-03-12T08:00:00Z,-0.00096658,118.830,163185.1,76151.9
2022-03-12T16:00:00Z,-0.00008168,120.290,190812.5,95289.9
2022-03-13T00:00:00Z,-0.00040366,119.060,155205.6,71360.9
2022-03-13T08:00:00Z,-0.00037335,119.020,186533.9,93814.2
2022-03-13T16:00:00Z,-0.00070588,115.600,138819.6,66744.4
2022-03-14T00:00:00Z,-0.00017021,120.440,241036.1,115503.4
2022-03-14T08:00:00Z,0,117.550,227382.8,110254.4
2022-03-14T16:00:00Z,-0.00088972,118.290,210785.6,104039.4
2022-03-15T00:00:00Z,0,115.590,134267.7,63507.8
2022-03-15T08:00:00Z,-0.00079564,118.410,193348.7,92083.1
2022-03-15T16:00:00Z,-0.00053886,121.950,212169.4,102965.5
2022-03-16T00:00:00Z,-0.00016179,122.950,231652.2,112971.4
2022-03-16T08:00:00Z,-0.00009523,126.090,254840.0,127341.5
2022-03-16T16:00:00Z,0,141.500,1219309.0,625438.7
2022-03-17T00:00:00Z,0,137.750,336530.6,164431.9
2022-03-17T08:00:00Z,-0.00060094,143.320,1018137.6,508394.3
2022-03-17T16:00:00Z,0,155.500,910167.6,480471.2
2022-03-18T00:00:00Z,0.00013870,154.190,815978.0,402669.1
2022-03-18T08:00:00Z,-0.00030648,152.120,693224.1,336688.0
2022-03-18T16:00:00Z,-0.00006753,160.190,734156.0,368096.1
2022-03-19T00:00:00Z,0.00005231,160.150,344732.4,166088.2
2022-03-19T08:00:00Z,-0.00045338,160.730,282566.6,134017.0
2022-03-19T16:00:00Z,0,157.090,344607.8,164501.3
2022-03-20T00:00:00Z,-0.00034523,156.340,264997.4,131035.4
2022-03-20T08:00:00Z,-0.00028743,149.330,356654.0,168874.2
2022-03-20T16:00:00Z,0,152.640,466135.9,230340.4
2022-03-21T00:00:00Z,0,151.910,296428.9,145260.9
2022-03-21T08:00:00Z,-0.00034843,160.160,557983.8,281662.8
2022-03-21T16:00:00Z,-0.00044656,153.750,349315.1,159828.6
2022-03-22T00:00:00Z,0,157.920,311755.0,150930.8
2022-03-22T08:00:00Z,0,155.590,236027.7,116194.5
2022-03-22T16:00:00Z,-0.00056306,152.760,171296.1,77667.1
2022-03-23T00:00:00Z,-0.00078486,152.730,261567.3,123029.3
2022-03-23T08:00:00Z,-0.00052612,156.550,220570.8,106293.3
2022-03-23T16:00:00Z,-0.00060582,155.900,287012.8,141824.3
2022-03-24T00:00:00Z,-0.00055388,157.660,264918.7,125812.9
2022-03-24T08:00:00Z,-0.00062972,167.380,717186.6,343713.5
2022-03-24T16:00:00Z,-0.00095501,167.900,730180.3,359550.9
2022-03-25T00:00:00Z,-0.00069516,170.680,442081.5,214599.2
2022-03-25T08:00:00Z,0,163.600,625170.7,292143.8
2022-03-25T16:00:00Z,0,162.460,373280.0,179146.0
2022-03-26T00:00:00Z,-0.00077756,164.950,222364.7,104015.6
2022-03-26T08:00:00Z,-0.00005090,164.180,199976.4,92256.5
2022-03-26T16:00:00Z,-0.00057768,163.260,180639.9,86414.0
2022-03-27T00:00:00Z,-0.00018715,164.090,164321.1,75744.4
2022-03-27T08:00:00Z,0,161.510,220911.4,98401.2
2022-03-27T16:00:00Z,-0.00071618,169.060,271906.6,126796.1
2022-03-28T00:00:00Z,0,170.950,268441.1,124285.5
2022-03-28T08:00:00Z,-0.00079101,172.060,276456.0,130577.4
2022-03-28T16:00:00Z,0,167.490,394084.3,182690.3
2022-03-29T00:00:00Z,-0.00018311,179.770,381347.2,190462.4
2022-03-29T08:00:00Z,0.00077812,204.290,2514901.7,1244753.5
2022-03-29T16:00:00Z,0,222.730,1988197.8,994214.1
2022-03-30T00:00:00Z,0,239.950,2052814.4,996300.9
2022-03-30T08:00:00Z,0.00067970,223.590,1374769.0,656350.7
2022-03-30T16:00:00Z,0.00028988,223.500,644493.2,312683.4
2022-03-31T00:00:00Z,0,224.080,410703.4,200639.5
2022-03-31T08:00:00Z,0.00073127,214.720,704411.2,324608.1
2022-03-31T16:00:00Z,0,207.130,491799.3,232366.6
2022-04-01T00:00:00Z,0.00049930,225.870,876783.2,432865.1
2022-04-01T08:00:00Z,0.00045496,244.960,1554453.4,765694.5
2022-04-01T16:00:00Z,0.00014394,244.680,1419084.1,692987.7
2022-04-02T00:00:00Z,0.00040032,243.200,617953.7,299089.4
2022-04-02T08:00:00Z,0,237.990,611497.9,287746.6
2022-04-02T16:00:00Z,0.00013105,238.150,474944.5,235645.3
2022-04-03T00:00:00Z,0.00028217,242.000,393886.2,186564.7
2022-04-03T08:00:00Z,-0.00016958,241.930,558029.9,264599.9
2022-04-03T16:00:00Z,0.00002309,242.930,335756.5,163393.1
2022-04-04T00:00:00Z,-0.00069138,239.970,222053.7,103086.2
2022-04-04T08:00:00Z,0.00023269,228.170,429687.9,199974.4
2022-04-04T16:00:00Z,0,237.870,332188.2,161908.7
2022-04-05T00:00:00Z,0,234.270,134883.8,60336.0
2022-04-05T08:00:00Z,0,227.110,282554.8,131228.3
2022-04-05T16:00:00Z,-0.00030451,221.040,284551.3,129981.1
2022-04-06T00:00:00Z,0.00072159,214.570,394402.2,179410.8
2022-04-06T08:00:00Z,0,199.040,532775.1,249055.1
2022-04-06T16:00:00Z,0,191.110,553965.5,275664.0
2022-04-07T00:00:00Z,-0.00037872,203.610,507438.4,257766.6
2022-04-07T08:00:00Z,-0.00079583,196.940,627606.0,303023.4
2022-04-07T16:00:00Z,-0.00089414,201.970,291877.8,139995.5
2022-04-08T00:00:00Z,0,196.990,309848.2,144771.3
2022-04-08T08:00:00Z,-0.00039016,194.780,431082.3,206112.6
2022-04-08T16:00:00Z,-0.00044570,183.240,356492.6,164489.0
2022-04-09T00:00:00Z,0,181.960,239468.7,116822.5
2022-04-09T08:00:00Z,-0.00045189,177.140,251404.9,117859.5
2022-04-09T16:00:00Z,-0.00010666,184.700,213728.6,113110.2
2022-04-10T00:00:00Z,-0.00031144,178.970,185720.1,83789.9
2022-04-10T08:00:00Z,-0.00040871,180.230,193963.1,97100.2
2022-04-10T16:00:00Z,-0.00127377,176.200,342342.9,163056.1
2022-04-11T00:00:00Z,-0.00047635,172.920,319559.1,149745.0
2022-04-11T08:00:00Z,0,161.150,467501.4,229186.3
2022-04-11T16:00:00Z,-0.00038938,157.740,355310.2,169937.3
2022-04-12T00:00:00Z,-0.00046966,169.570,282379.6,147433.4
2022-04-12T08:00:00Z,-0.00009768,166.410,484919.4,234503.8
2022-04-12T16:00:00Z,0,164.470,308772.7,154623.6
2022-04-13T00:00:00Z,-0.00028479,168.290,249687.9,123723.1
2022-04-13T08:00:00Z,-0.00002646,172.090,412258.1,206528.6
2022-04-13T16:00:00Z,0,178.140,493049.1,245545.6
2022-04-14T00:00:00Z,-0.00062513,176.540,283485.1,132162.8
2022-04-14T08:00:00Z,-0.00073755,169.900,407282.9,198736.8
2022-04-14T16:00:00Z,-0.00016386,171.900,252565.6,119935.4
2022-04-15T00:00:00Z,0,173.310,213196.2,98497.3
2022-04-15T08:00:00Z,-0.00040012,171.770,217465.6,105243.3
2022-04-15T16:00:00Z,-0.00068403,175.860,236409.4,114978.5
2022-04-16T00:00:00Z,-0.00021127,173.180,127978.1,63798.9
2022-04-16T08:00:00Z,-0.00112082,170.630,180432.5,87819.7
2022-04-16T16:00:00Z,-0.00076283,172.150,134489.5,67958.9
2022-04-17T00:00:00Z,-0.00028185,171.950,101174.7,46063.9
2022-04-17T08:00:00Z,-0.00054205,176.120,171963.3,84704.5
2022-04-17T16:00:00Z,-0.00128998,166.620,361397.0,167998.9
2022-04-18T00:00:00Z,-0.00049254,159.280,327550.2,156271.9
2022-04-18T08:00:00Z,-0.00016401,160.720,268674.7,129190.1
2022-04-18T16:00:00Z,0,168.970,343704.2,172089.7
2022-04-19T00:00:00Z,-0.00095302,167.940,182493.8,84733.0
2022-04-19T08:00:00Z,-0.00071373,179.030,371356.6,183039.9
2022-04-19T16:00:00Z,-0.00008924,182.850,400007.1,201447.5
2022-04-20T00:00:00Z,0,185.400,360469.7,177676.5
2022-04-20T08:00:00Z,0,186.190,741876.2,360480.8
2022-04-20T16:00:00Z,0,186.260,387650.9,182002.7
2022-04-21T00:00:00Z,-0.00047581,188.870,263326.7,126069.8
2022-04-21T08:00:00Z,-0.00053051,189.510,455121.6,216621.1
2022-04-21T16:00:00Z,-0.00026282,173.580,498675.4,232504.6
2022-04-22T00:00:00Z,-0.00025613,176.820,278615.8,132167.0
2022-04-22T08:00:00Z,-0.00096127,172.800,399450.6,202042.9
2022-04-22T16:00:00Z,-0.00072203,176.790,248278.4,126659.3
2022-04-23T00:00:00Z,-0.00034631,175.150,161609.6,79222.1
2022-04-23T08:00:00Z,-0.00035149,176.790,148336.5,74959.2
2022-04-23T16:00:00Z,0,173.410,166082.5,73896.0
2022-04-24T00:00:00Z,0.00002347,173.140,115507.8,58145.0
2022-04-24T08:00:00Z,-0.00015878,169.090,196072.7,91017.1
2022-04-24T16:00:00Z,-0.00005439,166.260,185820.4,90388.9
2022-04-25T00:00:00Z,-0.00021484,154.510,633577.2,301292.9
2022-04-25T08:00:00Z,-0.00050162,161.450,429836.2,214318.7
2022-04-25T16:00:00Z,-0.00017287,168.800,282033.8,140097.5
2022-04-26T00:00:00Z,-0.00004748,171.800,733612.5,365416.4
2022-04-26T08:00:00Z,-0.00035446,167.000,816839.9,403395.6
2022-04-26T16:00:00Z,-0.00075378,157.840,740689.7,366162.2
2022-04-27T00:00:00Z,-0.00060292,170.880,1143128.2,568218.9
2022-04-27T08:00:00Z,-0.00034910,171.840,1065840.9,532303.9
2022-04-27T16:00:00Z,-0.00012946,168.430,453769.7,226595.4
2022-04-28T00:00:00Z,-0.00050898,173.960,412870.2,203884.4
2022-04-28T08:00:00Z,-0.00030480,165.800,697734.3,338301.5
2022-04-28T16:00:00Z,-0.00029685,166.020,337029.1,163351.3
2022-04-29T00:00:00Z,-0.00061471,164.620,360215.6,174921.1
2022-04-29T08:00:00Z,0,157.570,363017.3,172827.6
2022-04-29T16:00:00Z,-0.00060979,157.190,377916.9,184548.9
2022-04-30T00:00:00Z,0,156.780,338172.5,162723.6
2022-04-30T08:00:00Z,-0.00025575,154.950,334305.2,169466.2
2022-04-30T16:00:00Z,-0.00087858,142.160,500461.8,227566.2
2022-05-01T00:00:00Z,-0.00038537,142.650,321742.9,162157.8
2022-05-01T08:00:00Z,-0.00110894,146.350,247474.0,122991.6
2022-05-01T16:00:00Z,-0.00026957,146.400,272800.6,134963.1
2022-05-02T00:00:00Z,0,145.890,181923.9,90083.2
2022-05-02T08:00:00Z,-0.00036962,144.610,340283.2,164946.3
2022-05-02T16:00:00Z,0,144.160,352495.4,176505.4
2022-05-03T00:00:00Z,-0.00046673,145.260,175473.5,83275.4
2022-05-03T08:00:00Z,-0.00033253,143.300,319414.7,158167.0
2022-05-03T16:00:00Z,0,141.100,236823.7,121201.3
2022-05-04T00:00:00Z,-0.00055263,146.870,233520.0,115146.0
2022-05-04T08:00:00Z,-0.00033469,144.690,380037.8,182568.9
2022-05-04T16:00:00Z,-0.00014296,159.440,444985.7,225376.3
2022-05-05T00:00:00Z,-0.00025089,159.600,240137.2,117416.2
2022-05-05T08:00:00Z,-0.00077277,139.970,626360.4,303659.8
2022-05-05T16:00:00Z,-0.00062394,141.300,570909.9,280238.8
2022-05-06T00:00:00Z,0,138.670,256149.5,121310.0
2022-05-06T08:00:00Z,-0.00003740,137.400,566612.0,281563.4
2022-05-06T16:00:00Z,-0.00009780,138.320,229991.9,113295.7
2022-05-07T00:00:00Z,0,135.980,165769.0,82867.6
2022-05-07T08:00:00Z,-0.00042871,137.760,215630.8,107086.9
2022-05-07T16:00:00Z,-0.00033683,132.040,307293.7,145715.6
2022-05-08T00:00:00Z,-0.00004457,130.820,299999.9,143429.0
2022-05-08T08:00:00Z,-0.00014944,128.960,207314.7,100352.5
2022-05-08T16:00:00Z,-0.00077234,125.820,320995.5,157610.1
2022-05-09T00:00:00Z,-0.00019172,120.560,311659.6,144351.4
2022-05-09T08:00:00Z,-0.00009522,113.330,570049.9,270846.6
2022-05-09T16:00:00Z,-0.00162282,99.100,1180891.7,579045.8
2022-05-10T00:00:00Z,0,112.230,1257533.9,630722.9
2022-05-10T08:00:00Z,-0.00051125,110.980,822557.5,402168.6
2022-05-10T16:00:00Z,0,105.190,744202.6,374016.9
2022-05-11T00:00:00Z,0,98.390,792851.5,395151.4
2022-05-11T08:00:00Z,0,91.520,1773179.3,888930.2
2022-05-11T16:00:00Z,0.00078920,82.390,1222184.4,610015.8
2022-05-12T00:00:00Z,0,72.780,1716762.7,859140.7
2022-05-12T08:00:00Z,-0.00045977,77.820,1153096.0,578697.9
2022-05-12T16:00:00Z,0,77.100,844651.1,423662.1
2022-05-13T00:00:00Z,0,86.720,697319.0,349698.7
2022-05-13T08:00:00Z,-0.00003392,87.880,497493.1,244144.2
2022-05-13T16:00:00Z,0,82.470,579483.2,290346.0
2022-05-14T00:00:00Z,0,82.270,230701.4,113612.4
2022-05-14T08:00:00Z,0,78.810,294275.9,153809.6
2022-05-14T16:00:00Z,0,86.580,272019.8,139999.3
2022-05-15T00:00:00Z,0.00066130,87.260,227646.8,108415.5
2022-05-15T08:00:00Z,0,86.670,241401.0,115505.3
2022-05-15T16:00:00Z,0,92.030,382980.8,206850.1
2022-05-16T00:00:00Z,-0.00117719,82.680,404955.1,189017.4
2022-05-16T08:00:00Z,-0.00134172,83.220,430404.9,223608.5
2022-05-16T16:00:00Z,-0.00071447,83.850,293006.7,143320.7
2022-05-17T00:00:00Z,-0.00062619,89.590,280939.6,142034.8
2022-05-17T08:00:00Z,-0.00142415,89.540,424936.9,218503.6
2022-05-17T16:00:00Z,-0.00019622,92.580,417033.5,208781.7
2022-05-18T00:00:00Z,0,90.450,549627.1,274046.7
2022-05-18T08:00:00Z,-0.00125915,82.970,746391.2,374537.7
2022-05-18T16:00:00Z,0,81.770,412271.6,208134.0
2022-05-19T00:00:00Z,0,84.240,477862.7,242447.2
2022-05-19T08:00:00Z,0,88.820,534714.6,275067.5
2022-05-19T16:00:00Z,0,91.760,340373.4,171539.2
2022-05-20T00:00:00Z,-0.00023276,89.940,445332.0,228432.0
2022-05-20T08:00:00Z,-0.00025080,89.360,970547.0,499509.2
2022-05-20T16:00:00Z,-0.00046967,90.110,652558.1,321774.6
2022-05-21T00:00:00Z,-0.00050749,92.520,406187.7,200224.6
2022-05-21T08:00:00Z,-0.00072556,92.310,303320.6,148849.0
2022-05-21T16:00:00Z,-0.00078941,91.220,246629.7,117090.7
2022-05-22T00:00:00Z,-0.00040269,93.440,265591.0,133924.9
2022-05-22T08:00:00Z,-0.00078053,91.840,415536.5,201670.6
2022-05-22T16:00:00Z,0,94.060,269035.2,137988.7
2022-05-23T00:00:00Z,0,100.680,448201.0,234788.1
2022-05-23T08:00:00Z,-0.00052078,106.000,1017606.1,514629.1
2022-05-23T16:00:00Z,-0.00055192,99.230,1153856.3,580054.3
2022-05-24T00:00:00Z,-0.00043175,100.720,535692.0,269997.3
2022-05-24T08:00:00Z,-0.00102679,100.070,754507.1,372651.3
2022-05-24T16:00:00Z,-0.00079479,106.480,707463.3,363391.9
2022-05-25T00:00:00Z,-0.00064835,102.650,574484.1,293360.9
2022-05-25T08:00:00Z,-0.00111937,101.120,623520.0,311849.2
2022-05-25T16:00:00Z,-0.00057291,101.980,441703.8,216242.1
2022-05-26T00:00:00Z,-0.00063830,101.400,468559.4,231850.4
2022-05-26T08:00:00Z,-0.00063758,103.300,1443859.1,749784.9
2022-05-26T16:00:00Z,0,100.940,820275.9,413152.7
2022-05-27T00:00:00Z,-0.00081062,93.360,1081182.0,540067.4
2022-05-27T08:00:00Z,-0.00089341,94.010,788529.9,397183.3
2022-05-27T16:00:00Z,-0.00003176,92.380,782241.0,377440.3
2022-05-28T00:00:00Z,-0.00032915,92.970,488773.6,244427.3
2022-05-28T08:00:00Z,-0.00005760,94.840,428991.3,219462.2
2022-05-28T16:00:00Z,-0.00043981,95.410,267325.3,131222.1
2022-05-29T00:00:00Z,0.00006481,93.780,284870.7,146682.2
2022-05-29T08:00:00Z,0,95.040,528440.7,286125.0
2022-05-29T16:00:00Z,-0.00043715,95.390,263050.5,132763.9
2022-05-30T00:00:00Z,-0.00017454,102.400,527380.1,267944.8
2022-05-30T08:00:00Z,-0.00005907,108.150,777011.4,390861.9
2022-05-30T16:00:00Z,-0.00053042,117.310,1306869.1,681249.0
2022-05-31T00:00:00Z,0,117.730,660186.4,317934.7
2022-05-31T08:00:00Z,0,118.960,1240652.6,626021.3
2022-05-31T16:00:00Z,0,112.900,574196.8,272080.5
2022-06-01T00:00:00Z,0,114.320,545717.1,271090.6
2022-06-01T08:00:00Z,0,114.770,913594.2,449788.7
2022-06-01T16:00:00Z,0,106.300,1053828.1,527634.6
2022-06-02T00:00:00Z,0,106.450,455591.7,228280.9
2022-06-02T08:00:00Z,-0.00048062,105.960,545777.7,267663.1
2022-06-02T16:00:00Z,-0.00093702,110.830,390041.2,205599.6
2022-06-03T00:00:00Z,-0.00073985,109.470,320820.3,151917.4
2022-06-03T08:00:00Z,-0.00066416,105.080,684163.2,354787.6
2022-06-03T16:00:00Z,-0.00037857,106.960,310102.6,162629.0
2022-06-04T00:00:00Z,-0.00000679,104.990,260312.1,121765.1
2022-06-04T08:00:00Z,0,104.790,318694.8,162855.5
2022-06-04T16:00:00Z,0,106.870,205187.6,105621.3
2022-06-05T00:00:00Z,-0.00080585,105.590,172487.1,83510.4
2022-06-05T08:00:00Z,-0.00058017,105.880,246982.5,120064.6
2022-06-05T16:00:00Z,-0.00026510,103.580,293856.4,137790.0
2022-06-06T00:00:00Z,-0.00012911,110.590,564534.5,274722.2
2022-06-06T08:00:00Z,-0.00109052,105.880,461060.7,215424.4
2022-06-06T16:00:00Z,-0.00106779,105.850,328962.2,161942.7
2022-06-07T00:00:00Z,-0.00093398,98.890,690916.0,324530.2
2022-06-07T08:00:00Z,-0.00105381,98.950,417604.1,205017.1
2022-06-07T16:00:00Z,-0.00086542,99.180,610831.8,301513.2
2022-06-08T00:00:00Z,-0.00087552,98.270,422774.6,212946.1
2022-06-08T08:00:00Z,-0.00024964,98.800,357121.5,171678.8
2022-06-08T16:00:00Z,-0.00103512,96.360,251582.4,120974.8
2022-06-09T00:00:00Z,0,97.570,224051.3,110714.6
2022-06-09T08:00:00Z,-0.00081774,96.880,293006.0,136974.3
2022-06-09T16:00:00Z,-0.00020783,95.800,215511.3,104818.0
2022-06-10T00:00:00Z,-0.00118897,95.240,289963.6,142618.4
2022-06-10T08:00:00Z,-0.00083151,89.280,617311.1,300494.8
2022-06-10T16:00:00Z,-0.00093613,88.020,377466.3,183269.2
2022-06-11T00:00:00Z,-0.00062522,88.080,198001.7,94221.8
2022-06-11T08:00:00Z,-0.00040020,77.200,910540.3,432244.9
2022-06-11T16:00:00Z,-0.00125901,77.180,488295.6,254317.6
2022-06-12T00:00:00Z,-0.00063043,73.340,1022400.7,515396.1
2022-06-12T08:00:00Z,-0.00049495,76.340,1014899.5,536065.3
2022-06-12T16:00:00Z,-0.00022985,70.250,531635.6,262545.0
2022-06-13T00:00:00Z,-0.00143880,62.130,1600147.5,826188.6
2022-06-13T08:00:00Z,-0.00023258,58.950,2593910.4,1324545.8
2022-06-13T16:00:00Z,0,59.840,1338166.9,679295.2
2022-06-14T00:00:00Z,-0.00119521,63.200,1962964.1,994368.3
2022-06-14T08:00:00Z,-0.00062803,62.120,1127398.4,568501.8
2022-06-14T16:00:00Z,-0.00021705,62.150,738713.0,385337.1
2022-06-15T00:00:00Z,-0.00101519,55.260,881310.3,439262.1
2022-06-15T08:00:00Z,0,58.270,1533771.7,796470.3
2022-06-15T16:00:00Z,0,66.610,1560292.4,790629.7
2022-06-16T00:00:00Z,0,62.240,635281.6,307165.7
2022-06-16T08:00:00Z,0,58.450,1159334.3,588423.5
2022-06-16T16:00:00Z,0,56.640,681313.9,344383.1
2022-06-17T00:00:00Z,-0.00063924,58.920,601788.4,299816.6
2022-06-17T08:00:00Z,-0.00052848,57.960,628618.9,328623.7
2022-06-17T16:00:00Z,-0.00053508,57.390,389184.9,204123.5
2022-06-18T00:00:00Z,-0.00018644,51.670,687913.0,328611.8
2022-06-18T08:00:00Z,-0.00116814,51.210,811609.8,401299.9
2022-06-18T16:00:00Z,0,49.590,1631193.6,825411.7
2022-06-19T00:00:00Z,-0.00033360,46.870,1225589.2,599506.9
2022-06-19T08:00:00Z,-0.00028338,51.950,1269841.6,659071.2
2022-06-19T16:00:00Z,-0.00024766,54.060,742245.9,371418.5
2022-06-20T00:00:00Z,-0.00044694,56.500,1161920.1,598059.4
2022-06-20T08:00:00Z,-0.00068832,60.280,1613130.9,816153.4
2022-06-20T16:00:00Z,-0.00078226,61.540,1099208.6,553777.6
2022-06-21T00:00:00Z,0.00015386,65.640,1273428.3,655646.9
2022-06-21T08:00:00Z,0,72.960,1803337.4,916722.2
2022-06-21T16:00:00Z,0,66.340,907506.3,448657.2
2022-06-22T00:00:00Z,-0.00049660,61.790,799357.8,388316.3
2022-06-22T08:00:00Z,-0.00017297,63.300,865863.0,435543.8
2022-06-22T16:00:00Z,0,61.820,849487.9,430549.7
2022-06-23T00:00:00Z,-0.00128333,66.910,851459.1,431543.5
2022-06-23T08:00:00Z,-0.00040207,63.820,735579.6,353076.4
2022-06-23T16:00:00Z,0,68.000,669050.2,349604.5
2022-06-24T00:00:00Z,-0.00088107,66.350,682177.8,338955.0
2022-06-24T08:00:00Z,-0.00016932,66.330,594934.4,285706.4
2022-06-24T16:00:00Z,0,71.060,750146.0,380881.8
2022-06-25T00:00:00Z,0,74.710,596163.6,298354.8
2022-06-25T08:00:00Z,-0.00092749,67.520,642160.6,292838.1
2022-06-25T16:00:00Z,0,69.910,452018.0,229206.6
2022-06-26T00:00:00Z,-0.00026968,70.930,374301.7,190746.2
2022-06-26T08:00:00Z,-0.00051741,68.770,443284.5,216107.6
2022-06-26T16:00:00Z,-0.00081147,65.360,360568.3,172305.2
2022-06-27T00:00:00Z,-0.00019571,67.450,287871.6,147268.2
2022-06-27T08:00:00Z,0,64.150,412674.8,202724.7
2022-06-27T16:00:00Z,0.00028351,65.520,390994.8,200187.4
2022-06-28T00:00:00Z,0.00012784,66.590,550432.0,275193.8
2022-06-28T08:00:00Z,-0.00046121,64.590,565005.3,260274.4
2022-06-28T16:00:00Z,-0.00043102,60.050,653362.7,323272.4
2022-06-29T00:00:00Z,-0.00162462,59.820,522597.7,261068.5
2022-06-29T08:00:00Z,0,60.720,664817.2,348311.3
2022-06-29T16:00:00Z,-0.00008504,59.880,411308.1,203198.3
2022-06-30T00:00:00Z,-0.00041044,55.550,524729.1,253887.2
2022-06-30T08:00:00Z,-0.00086221,54.820,738273.6,379979.1
2022-06-30T16:00:00Z,-0.00021324,57.010,498043.8,249124.1
2022-07-01T00:00:00Z,-0.00022812,56.900,730749.3,366604.3
2022-07-01T08:00:00Z,0,56.180,545988.8,274518.6
2022-07-01T16:00:00Z,0,56.310,375326.0,184543.7
2022-07-02T00:00:00Z,-0.00015632,55.930,413285.3,213513.2
2022-07-02T08:00:00Z,-0.00080172,56.540,309836.3,155636.6
2022-07-02T16:00:00Z,-0.00012274,57.890,541016.8,281307.8
2022-07-03T00:00:00Z,0,56.330,531562.7,271292.5
2022-07-03T08:00:00Z,-0.00043684,55.430,404074.7,205108.0
2022-07-03T16:00:00Z,-0.00108825,57.590,285040.6,139139.3
2022-07-04T00:00:00Z,-0.00048310,56.750,487958.9,249131.1
2022-07-04T08:00:00Z,-0.00003951,59.980,605967.3,308318.7
2022-07-04T16:00:00Z,-0.00059197,63.050,390254.0,208727.1
2022-07-05T00:00:00Z,-0.00063787,63.160,330591.9,164883.6
2022-07-05T08:00:00Z,0,59.260,498934.8,243865.0
2022-07-05T16:00:00Z,-0.00095245,60.580,383049.9,196699.7
2022-07-06T00:00:00Z,0,61.320,495114.1,254751.3
2022-07-06T08:00:00Z,-0.00038693,61.090,320696.1,156589.2
2022-07-06T16:00:00Z,0,62.940,319452.3,166278.7
2022-07-07T00:00:00Z,0,62.940,200334.7,96954.3
2022-07-07T08:00:00Z,0,69.410,796600.2,419121.4
2022-07-07T16:00:00Z,-0.00063314,71.130,1537548.2,787796.8
2022-07-08T00:00:00Z,0,70.830,1289276.3,653219.9
2022-07-08T08:00:00Z,-0.00101521,72.810,1270281.0,644959.5
2022-07-08T16:00:00Z,-0.00011731,71.620,661137.1,327380.7
2022-07-09T00:00:00Z,-0.00050361,72.650,387114.9,188522.5
2022-07-09T08:00:00Z,-0.00115800,74.660,949420.3,487702.1
2022-07-09T16:00:00Z,-0.00108009,81.800,1117233.2,591612.3
2022-07-10T00:00:00Z,-0.00025061,80.190,1380734.9,715091.5
2022-07-10T08:00:00Z,0,75.750,2091140.8,1050163.4
2022-07-10T16:00:00Z,0,77.780,1083612.5,546615.1
2022-07-11T00:00:00Z,-0.00129889,76.850,932171.0,476039.8
2022-07-11T08:00:00Z,-0.00061480,75.800,1021690.1,517012.9
2022-07-11T16:00:00Z,-0.00081271,69.860,896862.9,436547.5
2022-07-12T00:00:00Z,-0.00060492,68.490,692916.6,349030.9
2022-07-12T08:00:00Z,0,69.180,1074090.5,561162.3
2022-07-12T16:00:00Z,-0.00061362,68.320,823964.6,412629.4
2022-07-13T00:00:00Z,0,71.430,588248.5,304209.1
2022-07-13T08:00:00Z,-0.00054478,72.300,2606467.9,1314906.4
2022-07-13T16:00:00Z,-0.00085783,79.670,2170571.1,1142720.7
2022-07-14T00:00:00Z,-0.00024034,78.890,1188470.7,612245.2
2022-07-14T08:00:00Z,-0.00125433,82.630,1571882.2,838421.4
2022-07-14T16:00:00Z,-0.00051471,91.130,2209723.3,1170939.9
2022-07-15T00:00:00Z,-0.00137975,92.340,1472649.4,765097.3
2022-07-15T08:00:00Z,-0.00085799,86.990,1410103.6,687793.3
2022-07-15T16:00:00Z,0,90.380,1163514.8,609159.7
2022-07-16T00:00:00Z,-0.00044266,90.400,714657.5,368407.0
2022-07-16T08:00:00Z,-0.00115423,93.300,895408.3,461277.6
2022-07-16T16:00:00Z,-0.00161645,92.730,996596.4,509453.4
2022-07-17T00:00:00Z,-0.00147931,91.250,513292.8,259447.7
2022-07-17T08:00:00Z,-0.00044479,88.030,772769.0,388057.2
2022-07-17T16:00:00Z,0,88.240,687043.6,348486.3
2022-07-18T00:00:00Z,0,96.760,841476.0,433592.4
2022-07-18T08:00:00Z,0,97.370,902828.3,448580.5
2022-07-18T16:00:00Z,-0.00070936,96.100,700723.5,350632.6
2022-07-19T00:00:00Z,0,95.360,807704.7,403322.9
2022-07-19T08:00:00Z,-0.00086395,98.140,1136565.7,573818.7
2022-07-19T16:00:00Z,-0.00109788,95.580,560991.0,278496.3
2022-07-20T00:00:00Z,-0.00086674,96.170,468579.4,231788.7
2022-07-20T08:00:00Z,-0.00076847,96.100,854241.0,427353.7
2022-07-20T16:00:00Z,-0.00021411,90.750,677628.5,340796.0
2022-07-21T00:00:00Z,-0.00008268,90.170,494854.5,245577.3
2022-07-21T08:00:00Z,-0.00038166,92.620,610308.4,313922.9
2022-07-21T16:00:00Z,-0.00073055,95.310,538361.4,267696.8
2022-07-22T00:00:00Z,-0.00008677,93.790,393052.4,185511.1
2022-07-22T08:00:00Z,-0.00033680,91.040,572505.6,277481.1
2022-07-22T16:00:00Z,-0.00048545,89.470,388814.0,195568.7
2022-07-23T00:00:00Z,-0.00029398,91.370,262143.1,135218.2
2022-07-23T08:00:00Z,-0.00024619,87.720,496733.7,238463.7
2022-07-23T16:00:00Z,-0.00052165,89.310,354558.1,186556.4
2022-07-24T00:00:00Z,0,91.530,329055.8,173498.4
2022-07-24T08:00:00Z,-0.00049621,91.180,381479.7,194155.4
2022-07-24T16:00:00Z,-0.00035922,90.530,288193.0,142964.5
2022-07-25T00:00:00Z,-0.00051221,85.290,473840.2,231529.2
2022-07-25T08:00:00Z,-0.00100016,84.870,401571.9,198905.5
2022-07-25T16:00:00Z,-0.00088911,81.270,492075.7,240496.6
2022-07-26T00:00:00Z,0,80.660,450636.0,224674.9
2022-07-26T08:00:00Z,-0.00105276,77.330,414063.7,201944.4
2022-07-26T16:00:00Z,-0.00110594,81.050,408608.6,222575.1
2022-07-27T00:00:00Z,-0.00066037,82.020,320917.9,164475.1
2022-07-27T08:00:00Z,-0.00053513,83.450,389501.0,194515.1
2022-07-27T16:00:00Z,0.00004524,94.650,1117878.6,559701.4
2022-07-28T00:00:00Z,0.00009778,91.830,554444.1,275462.4
2022-07-28T08:00:00Z,-0.00055855,98.710,1035470.4,524484.2
2022-07-28T16:00:00Z,-0.00027013,100.430,645699.0,321552.7
2022-07-29T00:00:00Z,0,98.660,432972.3,216604.9
2022-07-29T08:00:00Z,-0.00048733,98.020,485451.3,244322.2
2022-07-29T16:00:00Z,0.00058878,95.420,429252.5,212552.3
2022-07-30T00:00:00Z,0,96.790,317698.3,161029.6
2022-07-30T08:00:00Z,0,99.920,401391.5,198094.2
2022-07-30T16:00:00Z,0,95.190,268186.8,132553.1
2022-07-31T00:00:00Z,-0.00027466,95.390,179654.0,85574.8
2022-07-31T08:00:00Z,-0.00050315,103.450,1524904.1,764758.2
2022-07-31T16:00:00Z,-0.00014093,97.440,602650.2,277901.6
2022-08-01T00:00:00Z,0,98.280,310226.9,152795.2
2022-08-01T08:00:00Z,-0.00016144,98.110,451649.5,223987.1
2022-08-01T16:00:00Z,-0.00134298,96.480,318205.2,154794.8
2022-08-02T00:00:00Z,0,91.240,524237.9,248925.6
2022-08-02T08:00:00Z,-0.00033632,94.260,517249.8,258756.4
2022-08-02T16:00:00Z,-0.00179795,93.340,462603.3,228496.7
2022-08-03T00:00:00Z,0,95.270,327085.6,166436.5
2022-08-03T08:00:00Z,0,98.410,552656.7,287478.6
2022-08-03T16:00:00Z,-0.00046658,94.840,324283.8,157639.2
2022-08-04T00:00:00Z,-0.00119378,96.560,284498.6,141015.5
2022-08-04T08:00:00Z,-0.00003724,95.460,469618.5,234227.1
2022-08-04T16:00:00Z,-0.00043971,96.270,310642.9,150998.8
2022-08-05T00:00:00Z,-0.00016170,100.950,386632.0,202288.5
2022-08-05T08:00:00Z,0,99.990,510764.4,263292.2
2022-08-05T16:00:00Z,-0.00001726,102.780,240735.1,120454.9
2022-08-06T00:00:00Z,0,101.310,180506.0,87716.4
2022-08-06T08:00:00Z,-0.00015063,100.760,135019.2,67608.7
2022-08-06T16:00:00Z,-0.00010067,99.000,216219.2,102894.1
2022-08-07T00:00:00Z,-0.00004805,99.610,139800.8,68571.4
2022-08-07T08:00:00Z,0.00032411,101.300,176904.0,86601.3
2022-08-07T16:00:00Z,-0.00096376,101.220,313196.8,153686.7
2022-08-08T00:00:00Z,-0.00121740,104.520,227220.5,117421.1
2022-08-08T08:00:00Z,-0.00050720,103.230,307262.8,150740.5
2022-08-08T16:00:00Z,-0.00012473,102.410,232511.3,115798.0
2022-08-09T00:00:00Z,-0.00027461,102.600,183998.9,89467.6
2022-08-09T08:00:00Z,-0.00120409,96.860,406941.8,197565.6
2022-08-09T16:00:00Z,-0.00075052,97.780,165297.6,81292.6
2022-08-10T00:00:00Z,-0.00014072,97.970,217039.8,108493.7
2022-08-10T08:00:00Z,0.00038829,110.500,1049374.9,534647.3
2022-08-10T16:00:00Z,0.00000474,111.040,715846.1,371957.8
2022-08-11T00:00:00Z,0,110.170,606266.3,310233.7
2022-08-11T08:00:00Z,-0.00026875,106.690,506513.3,254235.5
2022-08-11T16:00:00Z,0,107.510,273486.4,143050.4
2022-08-12T00:00:00Z,0.00016444,110.340,358722.8,193465.2
2022-08-12T08:00:00Z,-0.00058988,111.420,436666.0,226236.8
2022-08-12T16:00:00Z,-0.00073059,114.590,332907.4,179038.5
2022-08-13T00:00:00Z,-0.00080741,112.290,341255.2,168606.5
2022-08-13T08:00:00Z,-0.00048606,111.110,365210.6,177740.8
2022-08-13T16:00:00Z,0,110.520,182708.1,93562.5
2022-08-14T00:00:00Z,-0.00052296,112.190,221474.9,110440.1
2022-08-14T08:00:00Z,-0.00018611,109.250,241957.3,125383.5
2022-08-14T16:00:00Z,-0.00078361,107.370,271692.6,137843.3
2022-08-15T00:00:00Z,-0.00073062,104.980,513862.5,252195.2
2022-08-15T08:00:00Z,-0.00073188,110.040,463715.1,240170.2
2022-08-15T16:00:00Z,-0.00050360,107.030,303538.3,144506.3
2022-08-16T00:00:00Z,0,108.180,448472.3,229190.4
2022-08-16T08:00:00Z,-0.00070822,107.930,345635.7,166260.0
2022-08-16T16:00:00Z,0.00029172,109.770,304201.2,158117.4
2022-08-17T00:00:00Z,-0.00049077,108.650,384341.2,197676.4
2022-08-17T08:00:00Z,-0.00072317,104.510,439771.8,220743.5
2022-08-17T16:00:00Z,-0.00062644,100.170,428938.3,202926.0
2022-08-18T00:00:00Z,-0.00045589,100.040,279332.0,134876.7
2022-08-18T08:00:00Z,-0.00042129,99.610,309257.1,153491.4
2022-08-18T16:00:00Z,-0.00058445,94.790,393356.0,188720.6
2022-08-19T00:00:00Z,-0.00138288,87.300,707650.7,342290.6
2022-08-19T08:00:00Z,-0.00124101,87.120,515117.8,255085.9
2022-08-19T16:00:00Z,-0.00042490,83.310,602735.0,286105.3
2022-08-20T00:00:00Z,-0.00050369,86.270,425204.4,218651.1
2022-08-20T08:00:00Z,-0.00117955,84.800,260508.4,130087.7
2022-08-20T16:00:00Z,-0.00085536,82.700,521696.0,256454.1
2022-08-21T00:00:00Z,0,84.130,247515.0,122135.4
2022-08-21T08:00:00Z,-0.00133568,85.060,320482.8,163046.2
2022-08-21T16:00:00Z,-0.00087043,85.880,327272.9,166587.4
2022-08-22T00:00:00Z,-0.00107190,83.310,501089.4,247237.9
2022-08-22T08:00:00Z,0,85.960,544511.2,262154.6
2022-08-22T16:00:00Z,-0.00074691,88.360,435544.9,210652.5
2022-08-23T00:00:00Z,-0.00051038,87.890,377858.2,186042.3
2022-08-23T08:00:00Z,-0.00034989,88.960,492654.1,245110.5
2022-08-23T16:00:00Z,-0.00050085,89.350,305283.7,149625.0
2022-08-24T00:00:00Z,-0.00076867,87.770,299242.6,144543.3
2022-08-24T08:00:00Z,0,91.550,364848.9,186837.0
2022-08-24T16:00:00Z,-0.00051335,88.380,259015.8,129446.6
2022-08-25T00:00:00Z,-0.00033250,91.400,307568.4,157966.4
2022-08-25T08:00:00Z,-0.00033703,88.470,299331.0,151062.7
2022-08-25T16:00:00Z,0.00004519,93.210,868270.0,447860.2
2022-08-26T00:00:00Z,-0.00115593,90.110,375098.5,183641.1
2022-08-26T08:00:00Z,-0.00052015,87.800,871930.4,445296.5
2022-08-26T16:00:00Z,-0.00086891,82.650,527665.5,252960.3
2022-08-27T00:00:00Z,-0.00020348,83.120,374729.8,189896.8
2022-08-27T08:00:00Z,-0.00029278,81.560,316077.8,158782.6
2022-08-27T16:00:00Z,0,82.060,312264.6,156702.3
2022-08-28T00:00:00Z,0,82.120,230472.0,112585.9
2022-08-28T08:00:00Z,-0.00092279,82.680,304210.4,149533.9
2022-08-28T16:00:00Z,-0.00083529,78.580,388513.1,188544.7
2022-08-29T00:00:00Z,-0.00067484,80.630,326207.4,164788.3
2022-08-29T08:00:00Z,0,84.240,428912.5,211694.0
2022-08-29T16:00:00Z,-0.00023290,85.660,270656.8,139937.5
2022-08-30T00:00:00Z,-0.00047829,87.170,327832.0,170554.1
2022-08-30T08:00:00Z,-0.00101620,83.600,493489.6,250737.3
2022-08-30T16:00:00Z,-0.00034018,84.350,422895.4,211140.4
2022-08-31T00:00:00Z,-0.00086344,86.440,295991.5,150718.0
2022-08-31T08:00:00Z,-0.00043170,86.330,396671.2,207163.1
2022-08-31T16:00:00Z,-0.00102327,84.750,222166.1,109163.4
2022-09-01T00:00:00Z,-0.00010362,83.150,252906.3,123572.8
2022-09-01T08:00:00Z,-0.00015119,83.200,324080.0,160339.4
2022-09-01T16:00:00Z,-0.00011039,86.400,278249.3,139868.9
2022-09-02T00:00:00Z,-0.00092947,86.250,173054.0,79975.3
2022-09-02T08:00:00Z,0,91.710,540198.2,288634.4
2022-09-02T16:00:00Z,-0.00027372,88.340,472769.5,237745.1
2022-09-03T00:00:00Z,-0.00095928,86.470,259924.0,126262.7
2022-09-03T08:00:00Z,0.00022380,86.340,215753.0,107941.4
2022-09-03T16:00:00Z,-0.00015415,87.090,146035.0,71848.3
2022-09-04T00:00:00Z,-0.00129045,86.110,117498.4,59608.0
2022-09-04T08:00:00Z,-0.00011351,88.400,207837.6,105403.7
2022-09-04T16:00:00Z,0,88.800,157580.9,77785.4
2022-09-05T00:00:00Z,-0.00089001,88.020,162739.9,84088.6
2022-09-05T08:00:00Z,-0.00063915,89.210,227174.1,113804.9
2022-09-05T16:00:00Z,0,91.130,210749.3,110364.5
2022-09-06T00:00:00Z,-0.00088318,92.280,387438.1,199990.6
2022-09-06T08:00:00Z,-0.00184787,91.390,252897.4,127122.4
2022-09-06T16:00:00Z,-0.00072540,83.420,453365.0,220775.5
2022-09-07T00:00:00Z,-0.00069727,83.650,217047.4,107749.9
2022-09-07T08:00:00Z,-0.00044380,83.650,235952.3,116738.3
2022-09-07T16:00:00Z,0,87.460,327248.0,174324.7
2022-09-08T00:00:00Z,-0.00022804,86.860,226405.3,110502.7
2022-09-08T08:00:00Z,-0.00099274,88.150,330736.4,163302.8
2022-09-08T16:00:00Z,0,88.190,194744.0,96503.9
2022-09-09T00:00:00Z,0,91.410,242474.1,125604.6
2022-09-09T08:00:00Z,-0.00025590,90.920,250597.2,126899.0
2022-09-09T16:00:00Z,-0.00034397,91.080,191032.6,99076.5
2022-09-10T00:00:00Z,-0.00098153,90.540,221587.3,108991.2
2022-09-10T08:00:00Z,-0.00102299,90.060,215997.3,106605.7
2022-09-10T16:00:00Z,-0.00019412,92.650,164780.8,87149.7
2022-09-11T00:00:00Z,0,92.120,195595.6,98054.0
2022-09-11T08:00:00Z,-0.00043183,91.440,157415.2,75205.3
2022-09-11T16:00:00Z,-0.00095065,91.450,222644.7,112568.0
2022-09-12T00:00:00Z,0,91.670,209809.0,100987.7
2022-09-12T08:00:00Z,-0.00122875,91.390,439962.5,218122.2
2022-09-12T16:00:00Z,0,90.880,248372.6,120236.2
2022-09-13T00:00:00Z,-0.00031989,91.450,427977.8,210283.3
2022-09-13T08:00:00Z,-0.00052114,85.240,482921.2,227156.4
2022-09-13T16:00:00Z,-0.00068207,82.910,269692.3,134791.8
2022-09-14T00:00:00Z,0,84.100,173269.5,87656.6
2022-09-14T08:00:00Z,-0.00119003,84.430,233241.2,118373.3
2022-09-14T16:00:00Z,-0.00053440,83.580,280479.1,136104.6
2022-09-15T00:00:00Z,-0.00130077,82.730,418439.9,206180.5
2022-09-15T08:00:00Z,0,79.070,373008.9,182512.4
2022-09-15T16:00:00Z,0,78.460,198192.2,93830.6
2022-09-16T00:00:00Z,-0.00015742,78.780,182866.6,93436.4
2022-09-16T08:00:00Z,-0.00131665,79.340,322303.7,165801.0
2022-09-16T16:00:00Z,0,79.300,224745.7,115339.3
2022-09-17T00:00:00Z,-0.00016554,79.880,116976.2,55726.2
2022-09-17T08:00:00Z,-0.00084659,80.300,108290.0,53272.9
2022-09-17T16:00:00Z,-0.00053047,81.340,98313.4,49802.2
2022-09-18T00:00:00Z,-0.00016488,80.340,116406.7,53207.0
2022-09-18T08:00:00Z,-0.00119363,78.080,174297.0,80025.3
2022-09-18T16:00:00Z,-0.00020524,72.980,368819.7,173328.4
2022-09-19T00:00:00Z,0,72.410,334971.7,170534.7
2022-09-19T08:00:00Z,-0.00104064,75.210,283491.4,143374.1
2022-09-19T16:00:00Z,-0.00080287,76.270,198894.2,102592.7
2022-09-20T00:00:00Z,0,75.900,196873.6,97362.7
2022-09-20T08:00:00Z,-0.00107814,76.190,270837.0,128467.5
2022-09-20T16:00:00Z,0,74.030,228128.5,114890.1
2022-09-21T00:00:00Z,0,74.640,213383.5,110737.9
2022-09-21T08:00:00Z,-0.00081242,75.270,212145.1,107737.6
2022-09-21T16:00:00Z,-0.00107429,71.520,623510.9,307743.6
2022-09-22T00:00:00Z,-0.00067319,74.810,235193.9,116472.3
2022-09-22T08:00:00Z,0,74.940,259738.1,135410.6
2022-09-22T16:00:00Z,-0.00051432,76.650,287860.9,149235.4
2022-09-23T00:00:00Z,-0.00038254,76.710,234009.2,116436.5
2022-09-23T08:00:00Z,-0.00068166,74.470,318973.9,155603.8
2022-09-23T16:00:00Z,-0.00016803,77.000,227892.4,112654.8
2022-09-24T00:00:00Z,0,75.820,120303.4,58900.0
2022-09-24T08:00:00Z,0,76.620,114217.2,59048.5
2022-09-24T16:00:00Z,-0.00122530,74.850,118488.5,58389.1
2022-09-25T00:00:00Z,0,77.270,115791.2,55019.9
2022-09-25T08:00:00Z,-0.00087638,75.790,157862.5,77680.3
2022-09-25T16:00:00Z,-0.00087750,73.560,198040.9,94752.5
2022-09-26T00:00:00Z,0,73.900,266314.0,133719.2
2022-09-26T08:00:00Z,-0.00023509,75.970,350090.3,181531.1
2022-09-26T16:00:00Z,0,76.230,159372.1,80560.2
2022-09-27T00:00:00Z,0,79.340,274420.6,142857.8
2022-09-27T08:00:00Z,0,78.670,287723.5,151233.3
2022-09-27T16:00:00Z,-0.00024994,76.550,339920.7,165791.9
2022-09-28T00:00:00Z,-0.00090162,74.290,345872.0,162059.8
2022-09-28T08:00:00Z,-0.00002714,76.630,330009.8,168637.9
2022-09-28T16:00:00Z,-0.00010906,76.790,193486.0,96905.3
2022-09-29T00:00:00Z,-0.00068104,76.000,186190.1,86753.3
2022-09-29T08:00:00Z,-0.00083754,75.880,252980.7,130392.0
2022-09-29T16:00:00Z,-0.00035650,76.880,169916.2,84290.8
2022-09-30T00:00:00Z,-0.00005161,77.160,136703.4,68619.9
2022-09-30T08:00:00Z,0.00005265,76.840,288572.6,143712.9
2022-09-30T16:00:00Z,-0.00035563,74.570,274878.2,131602.6
2022-10-01T00:00:00Z,-0.00051120,75.520,204905.4,96912.4
2022-10-01T08:00:00Z,0,74.840,137793.4,69100.2
2022-10-01T16:00:00Z,0,74.500,120366.2,60583.2
2022-10-02T00:00:00Z,-0.00027727,74.680,158714.5,80007.6
2022-10-02T08:00:00Z,-0.00053984,73.350,210888.9,101535.3
2022-10-02T16:00:00Z,-0.00025841,72.580,189957.8,94360.2
2022-10-03T00:00:00Z,0,73.890,185742.0,92609.7
2022-10-03T08:00:00Z,0,75.300,195698.8,100392.6
2022-10-03T16:00:00Z,0,75.540,205986.6,102190.4
2022-10-04T00:00:00Z,-0.00010524,77.290,162360.9,87489.5
2022-10-04T08:00:00Z,-0.00082704,78.890,215177.0,111033.3
2022-10-04T16:00:00Z,-0.00033224,78.820,184175.1,94287.9
2022-10-05T00:00:00Z,0,77.610,148657.1,72767.5
2022-10-05T08:00:00Z,0,77.180,171745.7,87327.5
2022-10-05T16:00:00Z,-0.00077826,78.670,142703.7,71905.2
2022-10-06T00:00:00Z,-0.00005948,79.440,208733.4,108362.2
2022-10-06T08:00:00Z,-0.00095428,78.460,244632.1,120671.1
2022-10-06T16:00:00Z,-0.00030994,77.450,147396.9,73059.6
2022-10-07T00:00:00Z,0.00022829,77.340,120562.8,58198.4
2022-10-07T08:00:00Z,-0.00088808,76.200,221035.4,104266.4
2022-10-07T16:00:00Z,-0.00001939,75.770,145613.4,68619.8
2022-10-08T00:00:00Z,-0.00047270,75.800,84523.5,44436.0
2022-10-08T08:00:00Z,-0.00102096,75.100,101835.7,45117.3
2022-10-08T16:00:00Z,0,74.660,90529.6,42862.5
2022-10-09T00:00:00Z,-0.00070688,74.700,64462.6,32201.2
2022-10-09T08:00:00Z,-0.00007377,75.610,111857.6,57411.8
2022-10-09T16:00:00Z,-0.00019797,75.470,74092.1,35260.7
2022-10-10T00:00:00Z,0,75.130,108692.4,50937.9
2022-10-10T08:00:00Z,-0.00045419,74.330,161695.6,76557.3
2022-10-10T16:00:00Z,-0.00050188,73.550,137339.7,68988.8
2022-10-11T00:00:00Z,-0.00003770,72.910,194365.5,96603.1
2022-10-11T08:00:00Z,-0.00081154,72.510,185890.2,87786.4
2022-10-11T16:00:00Z,0,71.430,123899.8,62364.7
2022-10-12T00:00:00Z,-0.00033331,71.960,109572.6,55995.0
2022-10-12T08:00:00Z,-0.00073027,71.830,118148.5,55078.3
2022-10-12T16:00:00Z,-0.00085445,71.500,71547.9,35827.5
2022-10-13T00:00:00Z,-0.00170562,67.460,343482.1,155211.5
2022-10-13T08:00:00Z,0.00041080,70.210,534559.9,267182.6
2022-10-13T16:00:00Z,-0.00058755,70.910,213468.5,107092.4
2022-10-14T00:00:00Z,-0.00026023,72.890,180390.1,91302.6
2022-10-14T08:00:00Z,-0.00077524,72.750,300535.6,149319.0
2022-10-14T16:00:00Z,-0.00088252,72.800,226809.1,110979.5
2022-10-15T00:00:00Z,-0.00009905,72.400,96819.0,46988.6
2022-10-15T08:00:00Z,-0.00071106,72.500,171612.7,85009.5
2022-10-15T16:00:00Z,-0.00004384,71.860,87853.0,43115.2
2022-10-16T00:00:00Z,-0.00007404,73.580,117871.6,62804.7
2022-10-16T08:00:00Z,-0.00012157,74.180,158766.0,75285.7
2022-10-16T16:00:00Z,0,75.850,273403.7,136306.2
2022-10-17T00:00:00Z,-0.00088774,77.240,313716.6,161456.3
2022-10-17T08:00:00Z,-0.00009190,78.510,452273.4,231689.2
2022-10-17T16:00:00Z,-0.00008425,78.880,338018.6,167522.7
2022-10-18T00:00:00Z,-0.00111479,80.090,292141.7,159832.2
2022-10-18T08:00:00Z,0.00005557,79.540,509202.7,262397.7
2022-10-18T16:00:00Z,-0.00119288,82.350,770555.0,413357.7
2022-10-19T00:00:00Z,-0.00058487,82.390,488263.4,255226.7
2022-10-19T08:00:00Z,-0.00176693,84.370,807270.3,423147.1
2022-10-19T16:00:00Z,-0.00039721,82.790,620825.6,318142.4
2022-10-20T00:00:00Z,-0.00044045,82.530,444277.8,237056.6
2022-10-20T08:00:00Z,-0.00082405,82.530,445690.2,225702.5
2022-10-20T16:00:00Z,-0.00069145,80.660,527350.9,268930.4
2022-10-21T00:00:00Z,-0.00048260,79.160,387980.8,195020.4
2022-10-21T08:00:00Z,-0.00038069,82.570,834679.4,441317.5
2022-10-21T16:00:00Z,-0.00014642,82.070,359922.4,177744.9
2022-10-22T00:00:00Z,-0.00105529,82.550,332470.0,171786.4
2022-10-22T08:00:00Z,0,83.090,290185.8,150855.5
2022-10-22T16:00:00Z,-0.00047727,82.060,181285.6,88437.6
2022-10-23T00:00:00Z,-0.00014200,83.570,258952.2,135381.6
2022-10-23T08:00:00Z,-0.00025356,82.740,235858.3,122375.7
2022-10-23T16:00:00Z,-0.00035586,88.770,624066.2,345144.4
2022-10-24T00:00:00Z,-0.00023496,86.850,390061.0,198886.3
2022-10-24T08:00:00Z,-0.00031660,88.300,659830.5,342434.8
2022-10-24T16:00:00Z,0,85.120,313636.9,147029.9
2022-10-25T00:00:00Z,-0.00065100,83.220,369080.1,177537.2
2022-10-25T08:00:00Z,0,84.310,586973.6,291825.4
2022-10-25T16:00:00Z,-0.00011213,81.890,798261.7,386530.6
2022-10-26T00:00:00Z,-0.00055321,83.540,502860.1,250391.0
2022-10-26T08:00:00Z,0.00010487,83.570,554648.2,264366.0
2022-10-26T16:00:00Z,-0.00080227,83.360,344545.0,165566.5
2022-10-27T00:00:00Z,0,85.260,469937.7,230110.9
2022-10-27T08:00:00Z,-0.00036150,83.050,360658.1,168333.8
2022-10-27T16:00:00Z,-0.00073364,81.330,253603.1,119947.1
2022-10-28T00:00:00Z,0,81.610,238149.5,121342.7
2022-10-28T08:00:00Z,-0.00032859,83.190,285244.6,139530.3
2022-10-28T16:00:00Z,-0.00079175,84.100,199216.3,95486.2
2022-10-29T00:00:00Z,-0.00021966,85.250,199563.6,96830.0
2022-10-29T08:00:00Z,0,84.950,215556.4,103956.7
2022-10-29T16:00:00Z,-0.00034557,85.340,262100.4,134294.9
2022-10-30T00:00:00Z,0,86.720,120981.9,55803.3
2022-10-30T08:00:00Z,0,83.540,187517.6,87526.9
2022-10-30T16:00:00Z,-0.00027448,83.830,125669.2,59762.1
2022-10-31T00:00:00Z,0,84.280,126864.0,63340.1
2022-10-31T08:00:00Z,-0.00013650,83.590,413866.9,197160.8
2022-10-31T16:00:00Z,-0.00108764,83.730,161577.1,77373.6
2022-11-01T00:00:00Z,-0.00071336,85.360,197849.8,98868.2
2022-11-01T08:00:00Z,-0.00082108,85.210,302196.7,145915.8
2022-11-01T16:00:00Z,-0.00090641,84.120,133808.7,63858.1
2022-11-02T00:00:00Z,-0.00095799,83.230,223844.3,106827.8
2022-11-02T08:00:00Z,0,82.040,216154.4,103094.5
2022-11-02T16:00:00Z,-0.00062452,80.370,413233.8,197138.5
2022-11-03T00:00:00Z,-0.00105808,83.840,313274.5,159635.1
2022-11-03T08:00:00Z,0,84.360,315984.0,155406.3
2022-11-03T16:00:00Z,-0.00010747,83.650,162201.3,78033.4
2022-11-04T00:00:00Z,-0.00065923,95.330,669272.5,355600.9
2022-11-04T08:00:00Z,0,93.440,834290.3,409778.8
2022-11-04T16:00:00Z,0,94.620,216135.2,108972.8
2022-11-05T00:00:00Z,-0.00012304,95.740,361953.8,181901.7
2022-11-05T08:00:00Z,-0.00092038,97.280,357277.4,178755.8
2022-11-05T16:00:00Z,0,96.290,248582.9,120261.9
2022-11-06T00:00:00Z,-0.00038368,92.180,319980.1,150274.4
2022-11-06T08:00:00Z,-0.00113952,90.930,188520.1,91503.7
2022-11-06T16:00:00Z,-0.00098174,86.230,342677.4,161466.1
2022-11-07T00:00:00Z,-0.00025763,84.320,329791.4,149583.0
2022-11-07T08:00:00Z,-0.00032148,89.240,346845.2,172937.2
2022-11-07T16:00:00Z,-0.00129186,87.190,279906.4,135599.8
2022-11-08T00:00:00Z,-0.00071877,82.190,649588.5,317200.9
2022-11-08T08:00:00Z,-0.00003620,82.300,401221.2,195556.9
2022-11-08T16:00:00Z,-0.00133965,72.140,1241920.1,604032.3
2022-11-09T00:00:00Z,-0.00017960,69.930,446599.9,226327.1
2022-11-09T08:00:00Z,-0.00030050,64.670,649595.7,321532.2
2022-11-09T16:00:00Z,-0.00194472,57.980,804984.3,405341.3
2022-11-10T00:00:00Z,-0.00099527,64.480,694387.3,359109.5
2022-11-10T08:00:00Z,-0.00120406,69.300,550483.9,278802.5
2022-11-10T16:00:00Z,0,67.990,388556.1,196348.7
2022-11-11T00:00:00Z,-0.00036001,66.900,272506.5,138842.0
2022-11-11T08:00:00Z,0,63.990,381377.2,187976.0
2022-11-11T16:00:00Z,0,64.020,310892.7,148482.8
2022-11-12T00:00:00Z,0,58.810,995128.8,484344.8
2022-11-12T08:00:00Z,0,59.440,433892.1,225335.8
2022-11-12T16:00:00Z,0,58.030,264812.0,131580.8
2022-11-13T00:00:00Z,-0.00030145,58.540,347787.6,165552.0
2022-11-13T08:00:00Z,0,58.050,561941.3,275663.4
2022-11-13T16:00:00Z,0,56.600,304676.0,153766.3
2022-11-14T00:00:00Z,0,57.900,533025.1,271477.9
2022-11-14T08:00:00Z,-0.00042162,57.880,406000.8,202255.5
2022-11-14T16:00:00Z,-0.00039149,59.050,249898.1,126257.5
2022-11-15T00:00:00Z,0,60.370,253620.2,119835.9
2022-11-15T08:00:00Z,0,62.710,594017.4,299897.8
2022-11-15T16:00:00Z,0,60.980,296254.4,149994.5
2022-11-16T00:00:00Z,-0.00016841,60.370,188449.2,92312.6
2022-11-16T08:00:00Z,-0.00022872,57.670,416196.5,194272.8
2022-11-16T16:00:00Z,-0.00167863,58.250,222083.6,106689.7
2022-11-17T00:00:00Z,-0.00048224,58.020,198452.1,95155.1
2022-11-17T08:00:00Z,0,58.510,325036.4,157939.0
2022-11-17T16:00:00Z,0,58.530,147182.0,74524.0
2022-11-18T00:00:00Z,0.00002772,59.810,240730.6,121014.5
2022-11-18T08:00:00Z,-0.00019078,58.860,259094.7,120947.7
2022-11-18T16:00:00Z,-0.00109222,58.290,172392.8,79975.1
2022-11-19T00:00:00Z,-0.00103839,57.460,130282.1,61604.1
2022-11-19T08:00:00Z,0,58.070,110525.3,53845.6
2022-11-19T16:00:00Z,0,58.720,112111.8,57363.5
2022-11-20T00:00:00Z,-0.00056762,61.140,312637.3,167640.8
2022-11-20T08:00:00Z,-0.00052000,58.630,324603.0,147887.7
2022-11-20T16:00:00Z,-0.00149294,55.980,254390.2,124922.4
2022-11-21T00:00:00Z,-0.00039168,56.170,352945.3,177296.4
2022-11-21T08:00:00Z,-0.00048027,56.720,245060.3,119366.2
2022-11-21T16:00:00Z,-0.00162576,55.850,432201.4,218678.6
2022-11-22T00:00:00Z,-0.00130313,53.880,300665.2,144314.7
2022-11-22T08:00:00Z,-0.00038797,54.670,1534244.3,758761.0
2022-11-22T16:00:00Z,-0.00052574,57.420,2526597.4,1263641.3
2022-11-23T00:00:00Z,-0.00006235,58.410,620683.2,306595.4
2022-11-23T08:00:00Z,-0.00049452,57.360,352056.9,170010.4
2022-11-23T16:00:00Z,-0.00081036,58.380,288350.3,144479.0
2022-11-24T00:00:00Z,-0.00011518,58.870,293243.1,152107.9
2022-11-24T08:00:00Z,0,58.590,250643.9,122565.8
2022-11-24T16:00:00Z,-0.00054481,58.090,173342.1,84615.6
2022-11-25T00:00:00Z,-0.00026808,57.950,215203.0,108930.1
2022-11-25T08:00:00Z,0,59.620,448289.7,232454.6
2022-11-25T16:00:00Z,0.00044765,59.120,241112.0,118747.0
2022-11-26T00:00:00Z,0.00006812,60.410,278885.7,142420.4
2022-11-26T08:00:00Z,-0.00085726,59.710,230433.9,106873.1
2022-11-26T16:00:00Z,-0.00007947,61.690,422624.6,218014.5
2022-11-27T00:00:00Z,-0.00074735,60.540,395297.6,189639.9
2022-11-27T08:00:00Z,0.00035686,62.690,352243.1,184013.1
2022-11-27T16:00:00Z,0.00014265,61.530,341356.2,172205.1
2022-11-28T00:00:00Z,-0.00070628,60.120,457821.8,229919.5
2022-11-28T08:00:00Z,0,59.210,267081.6,132663.7
2022-11-28T16:00:00Z,0,60.170,250831.2,129895.8
2022-11-29T00:00:00Z,0,61.630,208948.4,111351.4
2022-11-29T08:00:00Z,0,61.100,210814.6,99588.8
2022-11-29T16:00:00Z,0,61.570,127171.8,64433.0
2022-11-30T00:00:00Z,-0.00010395,63.260,294217.4,156238.2
2022-11-30T08:00:00Z,-0.00028252,64.630,264602.3,130748.3
2022-11-30T16:00:00Z,0,65.280,374576.9,191063.4
2022-12-01T00:00:00Z,0,64.170,161651.3,77432.0
2022-12-01T08:00:00Z,0,63.820,230141.8,111513.5
2022-12-01T16:00:00Z,0.00050143,63.670,124932.6,58936.5
2022-12-02T00:00:00Z,-0.00106384,63.060,160879.9,76064.2
2022-12-02T08:00:00Z,0.00014332,64.770,291075.6,145628.8
2022-12-02T16:00:00Z,0,65.670,139670.2,71994.5
2022-12-03T00:00:00Z,0,63.930,190663.5,92518.0
2022-12-03T08:00:00Z,-0.00077304,64.030,118730.9,57177.1
2022-12-03T16:00:00Z,-0.00074016,62.710,126654.6,61137.5
2022-12-04T00:00:00Z,0,64.130,116194.7,57301.1
2022-12-04T08:00:00Z,-0.00019896,63.850,106087.6,50768.2
2022-12-04T16:00:00Z,-0.00071434,64.310,103551.8,54491.9
2022-12-05T00:00:00Z,-0.00073322,66.510,253166.5,135460.6
2022-12-05T08:00:00Z,0.00011149,64.450,220964.6,105174.2
2022-12-05T16:00:00Z,-0.00050144,64.350,170459.7,82682.7
2022-12-06T00:00:00Z,-0.00047676,63.780,160298.2,74142.4
2022-12-06T08:00:00Z,-0.00136577,63.310,163742.0,81358.8
2022-12-06T16:00:00Z,-0.00051428,63.920,115926.3,58955.3
2022-12-07T00:00:00Z,-0.00099012,61.180,166470.2,74892.5
2022-12-07T08:00:00Z,0,62.320,260672.9,123941.7
2022-12-07T16:00:00Z,-0.00051680,61.300,224545.2,108231.0
2022-12-08T00:00:00Z,-0.00079187,61.450,137186.5,65088.4
2022-12-08T08:00:00Z,0.00008150,62.050,176060.4,94391.8
2022-12-08T16:00:00Z,0,62.820,169735.9,85188.9
2022-12-09T00:00:00Z,-0.00019396,63.180,101373.5,49231.2
2022-12-09T08:00:00Z,-0.00041024,62.040,182454.6,89721.4
2022-12-09T16:00:00Z,0,61.490,106705.2,52049.6
2022-12-10T00:00:00Z,-0.00055031,61.740,66271.2,34575.0
2022-12-10T08:00:00Z,-0.00039364,61.780,60588.3,29168.6
2022-12-10T16:00:00Z,-0.00039064,61.350,77458.9,35689.4
2022-12-11T00:00:00Z,0,61.520,94697.1,47588.7
2022-12-11T08:00:00Z,-0.00017433,61.160,57438.8,24634.4
2022-12-11T16:00:00Z,-0.00077287,59.630,146189.2,66655.5
2022-12-12T00:00:00Z,-0.00024109,58.980,186579.6,89836.2
2022-12-12T08:00:00Z,0,59.100,138123.0,70192.2
2022-12-12T16:00:00Z,-0.00055116,60.060,225671.4,128690.2
2022-12-13T00:00:00Z,-0.00007100,58.920,198399.6,95554.6
2022-12-13T08:00:00Z,0,62.270,415377.2,211651.0
2022-12-13T16:00:00Z,0.00016745,62.020,110469.2,55270.2
2022-12-14T00:00:00Z,-0.00100519,62.590,118202.3,62517.9
2022-12-14T08:00:00Z,-0.00015222,63.180,142895.4,71767.1
2022-12-14T16:00:00Z,-0.00023952,62.520,227157.2,109281.4
2022-12-15T00:00:00Z,0,62.650,145893.9,72443.4
2022-12-15T08:00:00Z,0.00033651,61.560,187945.0,93965.7
2022-12-15T16:00:00Z,0.00045312,60.970,108680.9,53441.5
2022-12-16T00:00:00Z,-0.00019558,60.960,76604.4,38037.1
2022-12-16T08:00:00Z,0,57.700,339145.7,164297.6
2022-12-16T16:00:00Z,-0.00225604,54.690,340992.5,162736.9
2022-12-17T00:00:00Z,-0.00083695,55.190,239683.0,112781.9
2022-12-17T08:00:00Z,0,55.050,169991.3,82010.6
2022-12-17T16:00:00Z,-0.00000616,55.510,150359.3,71931.2
2022-12-18T00:00:00Z,-0.00075185,55.400,84833.6,41739.6
2022-12-18T08:00:00Z,0,55.270,52770.6,25472.8
2022-12-18T16:00:00Z,0,55.800,93604.0,48553.2
2022-12-19T00:00:00Z,-0.00044400,55.110,138483.6,70916.0
2022-12-19T08:00:00Z,-0.00022685,55.660,122037.3,61992.4
2022-12-19T16:00:00Z,0,53.700,219973.6,107796.7
2022-12-20T00:00:00Z,0,56.140,234335.4,120981.2
2022-12-20T08:00:00Z,-0.00055295,55.650,136209.8,69354.8
2022-12-20T16:00:00Z,-0.00075332,55.630,96459.6,49375.6
2022-12-21T00:00:00Z,-0.00010343,55.460,158793.0,85193.9
2022-12-21T08:00:00Z,0,56.340,173103.9,86083.8
2022-12-21T16:00:00Z,-0.00022039,55.970,113826.9,54020.1
2022-12-22T00:00:00Z,-0.00052274,55.310,118097.8,58859.3
2022-12-22T08:00:00Z,0,54.130,197582.2,92356.0
2022-12-22T16:00:00Z,-0.00027022,55.620,151065.8,76554.6
2022-12-23T00:00:00Z,-0.00040377,55.300,109718.3,56599.2
2022-12-23T08:00:00Z,-0.00059489,54.750,111988.1,52571.6
2022-12-23T16:00:00Z,-0.00049834,54.540,67556.7,35392.6
2022-12-24T00:00:00Z,-0.00050812,54.470,65168.2,32841.2
2022-12-24T08:00:00Z,-0.00023086,54.390,48698.9,22689.9
2022-12-24T16:00:00Z,-0.00108704,54.340,43825.6,21826.1
2022-12-25T00:00:00Z,-0.00044622,54.670,112686.5,61143.1
2022-12-25T08:00:00Z,-0.00084999,54.480,222342.1,110314.5
2022-12-25T16:00:00Z,-0.00071125,54.350,105583.6,48091.2
2022-12-26T00:00:00Z,-0.00052733,55.450,137139.9,71066.0
2022-12-26T08:00:00Z,-0.00095636,55.390,116180.3,57653.8
2022-12-26T16:00:00Z,-0.00096802,55.910,80996.0,44025.6
2022-12-27T00:00:00Z,-0.00095304,55.710,75172.0,35577.5
2022-12-27T08:00:00Z,-0.00028285,56.860,399367.2,203091.5
2022-12-27T16:00:00Z,-0.00062085,57.430,171469.0,81500.9
2022-12-28T00:00:00Z,0,56.170,328846.7,159356.3
2022-12-28T08:00:00Z,-0.00072949,54.390,280676.4,132543.1
2022-12-28T16:00:00Z,-0.00097705,53.710,165821.7,77874.1
2022-12-29T00:00:00Z,-0.00013044,54.270,144624.5,72374.9
2022-12-29T08:00:00Z,-0.00070935,54.600,137663.6,69734.2
2022-12-29T16:00:00Z,-0.00128145,54.410,202136.5,100363.3
2022-12-30T00:00:00Z,-0.00080176,53.690,131514.2,66131.4
2022-12-30T08:00:00Z,-0.00045423,51.880,427656.1,185909.4
2022-12-30T16:00:00Z,-0.00074469,52.390,156299.5,78654.2
2022-12-31T00:00:00Z,0.00002239,52.360,131770.9,68574.2
2022-12-31T08:00:00Z,0,52.610,169655.8,84325.1
2022-12-31T16:00:00Z,-0.00073610,51.930,110811.6,54323.8
2023-01-01T00:00:00Z,-0.00039455,51.560,120622.5,61215.0
2023-01-01T08:00:00Z,-0.00010075,51.650,106962.1,55998.7
2023-01-01T16:00:00Z,-0.00106852,52.090,79680.7,42092.7
2023-01-02T00:00:00Z,-0.00044318,53.040,212278.4,108926.5
2023-01-02T08:00:00Z,-0.00021780,53.710,219563.4,115576.9
2023-01-02T16:00:00Z,-0.00061224,52.930,103210.4,48506.1
2023-01-03T00:00:00Z,-0.00004130,53.090,116310.4,60500.9
2023-01-03T08:00:00Z,0,52.530,172193.2,81888.2
2023-01-03T16:00:00Z,-0.00011139,53.020,114808.4,54803.8
2023-01-04T00:00:00Z,0,55.500,380117.3,204523.3
2023-01-04T08:00:00Z,-0.00050449,57.090,460149.8,242131.7
2023-01-04T16:00:00Z,-0.00073746,56.730,253088.4,121997.1
2023-01-05T00:00:00Z,-0.00027571,55.930,216341.6,105512.6
2023-01-05T08:00:00Z,-0.00018097,55.500,219384.5,105714.8
2023-01-05T16:00:00Z,0,55.420,115438.9,58536.0
2023-01-06T00:00:00Z,0,54.540,159880.2,77087.9
2023-01-06T08:00:00Z,-0.00022158,55.660,262010.0,129726.3
2023-01-06T16:00:00Z,-0.00009498,56.390,188037.2,95997.7
2023-01-07T00:00:00Z,0,56.160,91475.6,41293.3
2023-01-07T08:00:00Z,0,56.240,196492.4,109751.1
2023-01-07T16:00:00Z,0,56.030,81837.0,39750.1
2023-01-08T00:00:00Z,0.00048421,57.110,146673.1,75400.9
2023-01-08T08:00:00Z,0.00010154,58.280,598121.8,302338.2
2023-01-08T16:00:00Z,0,59.320,296357.2,148333.9
2023-01-09T00:00:00Z,0,60.990,402529.3,191059.3
2023-01-09T08:00:00Z,-0.00009590,62.280,361338.3,175772.7
2023-01-09T16:00:00Z,0,61.130,294812.2,139719.6
2023-01-10T00:00:00Z,0.00017551,60.950,266179.5,119286.3
2023-01-10T08:00:00Z,0.00005762,62.530,266303.0,134711.0
2023-01-10T16:00:00Z,0,61.860,173629.5,80001.1
2023-01-11T00:00:00Z,0,61.690,170986.6,84063.1
2023-01-11T08:00:00Z,0,60.420,200908.4,96648.5
2023-01-11T16:00:00Z,-0.00115622,64.160,302159.9,161355.1
2023-01-12T00:00:00Z,0,66.800,682467.6,344786.6
2023-01-12T08:00:00Z,-0.00033768,66.110,736878.7,362408.9
2023-01-12T16:00:00Z,-0.00010101,67.770,483256.4,244340.2
2023-01-13T00:00:00Z,0.00071757,69.310,295460.7,146292.6
2023-01-13T08:00:00Z,-0.00035409,68.430,312914.8,152334.4
2023-01-13T16:00:00Z,0.00015259,71.150,457550.9,229285.7
2023-01-14T00:00:00Z,0.00110985,78.320,753071.8,380901.9
2023-01-14T08:00:00Z,0.00012063,76.120,896423.3,436850.9
2023-01-14T16:00:00Z,0.00109799,76.010,284469.6,136002.1
2023-01-15T00:00:00Z,0.00099591,74.980,528840.9,254823.3
2023-01-15T08:00:00Z,0.00157178,81.050,770809.5,379383.2
2023-01-15T16:00:00Z,0.00058738,79.310,456206.2,226545.4
2023-01-16T00:00:00Z,0.00018919,80.600,395109.9,192025.4
2023-01-16T08:00:00Z,0.00005470,78.500,490850.1,231707.5
2023-01-16T16:00:00Z,0.00039807,80.640,321813.8,158520.8
2023-01-17T00:00:00Z,0.00043966,81.660,469266.7,237072.2
2023-01-17T08:00:00Z,0.00062135,87.810,1421381.9,723228.8
2023-01-17T16:00:00Z,0.00071315,85.700,546002.8,270833.5
2023-01-18T00:00:00Z,0.00010408,83.620,394734.3,188291.1
2023-01-18T08:00:00Z,0,81.740,1016155.3,500891.8
2023-01-18T16:00:00Z,0,81.940,1035027.8,507373.0
2023-01-19T00:00:00Z,0.00000841,81.950,394942.1,190579.3
2023-01-19T08:00:00Z,-0.00018836,78.740,382180.9,188168.7
2023-01-19T16:00:00Z,-0.00011662,81.260,370717.7,181111.5
2023-01-20T00:00:00Z,0,80.580,246184.3,120715.4
2023-01-20T08:00:00Z,-0.00061799,81.490,272489.3,140684.7
2023-01-20T16:00:00Z,0.00033861,87.620,593017.7,296311.7
2023-01-21T00:00:00Z,0,87.470,311814.3,150728.3
2023-01-21T08:00:00Z,0.00004670,85.420,374466.0,183341.1
2023-01-21T16:00:00Z,0,84.500,223649.8,107555.7
2023-01-22T00:00:00Z,0.00077490,84.580,197484.0,96148.7
2023-01-22T08:00:00Z,0.00031688,88.060,440907.2,221304.6
2023-01-22T16:00:00Z,0,85.410,398525.4,187481.0
2023-01-23T00:00:00Z,0.00033647,86.480,248668.8,120844.3
2023-01-23T08:00:00Z,0,85.770,472533.2,230382.0
2023-01-23T16:00:00Z,0.00091462,86.660,220781.3,106840.5
2023-01-24T00:00:00Z,0.00012549,87.990,209421.0,104282.5
2023-01-24T08:00:00Z,0,85.440,400706.5,188427.2
2023-01-24T16:00:00Z,-0.00008946,79.860,425083.0,193090.8
2023-01-25T00:00:00Z,0,81.430,285099.0,146355.4
2023-01-25T08:00:00Z,0,80.770,366631.8,180931.1
2023-01-25T16:00:00Z,0,85.690,414064.9,206994.7
2023-01-26T00:00:00Z,0,85.460,228105.9,112627.3
2023-01-26T08:00:00Z,0,87.050,598071.8,299984.6
2023-01-26T16:00:00Z,0.00008880,88.790,280642.7,140749.5
2023-01-27T00:00:00Z,0.00046429,87.790,230986.5,109936.0
2023-01-27T08:00:00Z,0,88.010,314835.4,161822.6
2023-01-27T16:00:00Z,0.00098281,87.360,285190.6,130118.5
2023-01-28T00:00:00Z,0.00054585,87.510,175806.5,83624.8
2023-01-28T08:00:00Z,0,85.260,249291.6,113227.7
2023-01-28T16:00:00Z,-0.00019449,84.210,206168.9,98197.2
2023-01-29T00:00:00Z,0,85.970,178769.8,89371.2
2023-01-29T08:00:00Z,0,87.830,215314.1,100388.0
2023-01-29T16:00:00Z,0.00089124,87.700,211164.5,98815.8
2023-01-30T00:00:00Z,0,85.590,178090.1,83637.8
2023-01-30T08:00:00Z,0,82.680,316822.3,156487.4
2023-01-30T16:00:00Z,0,81.130,269370.3,126626.3
2023-01-31T00:00:00Z,0,81.530,166298.8,82114.7
2023-01-31T08:00:00Z,0,82.470,157387.7,76576.4
2023-01-31T16:00:00Z,0,82.950,196682.6,95975.8
2023-02-01T00:00:00Z,-0.00020312,81.360,149034.5,71046.4
2023-02-01T08:00:00Z,-0.00025875,80.700,176670.9,84260.0
2023-02-01T16:00:00Z,0.00055541,88.420,434648.2,215810.5
2023-02-02T00:00:00Z,0.00033326,90.810,384080.6,190827.4
2023-02-02T08:00:00Z,0.00016738,91.020,381273.6,192161.6
2023-02-02T16:00:00Z,0.00048903,88.330,399288.7,184386.0
2023-02-03T00:00:00Z,0.00020495,88.300,158315.2,75017.4
2023-02-03T08:00:00Z,0,90.810,263420.5,133388.7
2023-02-03T16:00:00Z,-0.00003060,91.140,808574.8,404191.9
2023-02-04T00:00:00Z,0.00006992,89.720,150177.5,71233.9
2023-02-04T08:00:00Z,0,90.480,120996.7,56222.9
2023-02-04T16:00:00Z,0,88.960,150643.0,69630.5
2023-02-05T00:00:00Z,0.00017715,88.730,92292.0,45790.9
2023-02-05T08:00:00Z,0,85.210,245199.8,114516.6
2023-02-05T16:00:00Z,-0.00008181,85.650,205753.9,102231.6
2023-02-06T00:00:00Z,0.00027726,86.110,142072.4,64527.6
2023-02-06T08:00:00Z,0.00045153,87.550,174873.7,88876.4
2023-02-06T16:00:00Z,0,84.100,194671.6,93026.5
2023-02-07T00:00:00Z,0.00008917,86.510,108426.3,57294.2
2023-02-07T08:00:00Z,0.00008888,86.160,154166.2,72810.6
2023-02-07T16:00:00Z,0,88.700,275430.3,134594.7
2023-02-08T00:00:00Z,0.00013633,89.530,160153.1,81118.0
2023-02-08T08:00:00Z,-0.00025048,86.730,245707.6,115143.9
2023-02-08T16:00:00Z,0.00015305,87.080,188720.5,91846.6
2023-02-09T00:00:00Z,0,83.110,313770.2,148351.5
2023-02-09T08:00:00Z,-0.00014718,85.390,1065221.5,542439.1
2023-02-09T16:00:00Z,-0.00054630,77.780,580607.7,269910.5
2023-02-10T00:00:00Z,-0.00024905,79.740,240512.5,118644.0
2023-02-10T08:00:00Z,0,78.220,231871.4,111754.8
2023-02-10T16:00:00Z,-0.00083421,78.580,277496.1,139905.8
2023-02-11T00:00:00Z,0.00018731,78.270,106746.8,53459.4
2023-02-11T08:00:00Z,0,79.000,96579.1,46298.5
2023-02-11T16:00:00Z,-0.00060842,79.310,123348.3,60845.8
2023-02-12T00:00:00Z,-0.00068623,78.990,71899.8,36224.8
2023-02-12T08:00:00Z,0,80.000,109641.3,53849.7
2023-02-12T16:00:00Z,-0.00117080,77.290,160250.4,78127.2
2023-02-13T00:00:00Z,0,76.800,183757.0,86666.9
2023-02-13T08:00:00Z,-0.00017348,81.440,1601847.9,817862.9
2023-02-13T16:00:00Z,-0.00020647,82.380,751985.0,377083.3
2023-02-14T00:00:00Z,0.00060659,82.030,392039.5,201083.3
2023-02-14T08:00:00Z,-0.00049832,81.090,854791.4,402028.2
2023-02-14T16:00:00Z,0,83.040,397885.2,198357.8
2023-02-15T00:00:00Z,0,83.120,269883.2,135976.5
2023-02-15T08:00:00Z,-0.00095247,83.690,314463.3,146783.4
2023-02-15T16:00:00Z,-0.00026331,89.470,378328.1,188511.0
2023-02-16T00:00:00Z,0.00046899,88.770,304490.3,147130.7
2023-02-16T08:00:00Z,0,89.630,267769.1,131159.3
2023-02-16T16:00:00Z,-0.00055549,84.000,407214.6,194098.0
2023-02-17T00:00:00Z,0,85.350,232675.3,109899.1
2023-02-17T08:00:00Z,0.00034171,85.850,251805.0,124238.9
2023-02-17T16:00:00Z,0,86.410,340678.1,165892.3
2023-02-18T00:00:00Z,0,87.800,153080.1,75478.9
2023-02-18T08:00:00Z,0.00080565,89.990,228486.4,119650.4
2023-02-18T16:00:00Z,0.00024073,91.060,209313.0,106790.2
2023-02-19T00:00:00Z,0.00004201,90.100,206019.4,96024.9
2023-02-19T08:00:00Z,0.00103695,93.890,496164.6,254312.9
2023-02-19T16:00:00Z,0,90.150,330613.8,152177.4
2023-02-20T00:00:00Z,0,90.920,271811.7,131117.9
2023-02-20T08:00:00Z,0,91.720,249129.1,119509.3
2023-02-20T16:00:00Z,0.00129262,92.170,247799.6,125079.5
2023-02-21T00:00:00Z,0,92.100,158461.7,76083.0
2023-02-21T08:00:00Z,0,88.030,325116.8,152092.5
2023-02-21T16:00:00Z,0,87.760,213468.3,104390.4
2023-02-22T00:00:00Z,0,85.950,177755.0,85666.9
2023-02-22T08:00:00Z,-0.00007344,82.380,265202.4,133137.6
2023-02-22T16:00:00Z,0,85.100,209137.1,101689.5
2023-02-23T00:00:00Z,0.00035419,86.630,163781.6,81429.6
2023-02-23T08:00:00Z,0.00026533,85.560,257319.7,125548.4
2023-02-23T16:00:00Z,0.00047754,85.660,146585.1,68130.5
2023-02-24T00:00:00Z,0.00033112,86.100,139182.0,70171.5
2023-02-24T08:00:00Z,0,83.270,298292.1,140666.6
2023-02-24T16:00:00Z,-0.00019566,81.530,307053.9,136931.8
2023-02-25T00:00:00Z,0,81.080,138205.1,71633.5
2023-02-25T08:00:00Z,-0.00013429,80.050,130691.5,62720.1
2023-02-25T16:00:00Z,-0.00054793,79.930,197729.3,93477.7
2023-02-26T00:00:00Z,0,80.960,71636.6,37705.7
2023-02-26T08:00:00Z,-0.00007785,81.030,87619.8,43418.7
2023-02-26T16:00:00Z,0,82.200,119529.4,61570.8
2023-02-27T00:00:00Z,-0.00006057,81.710,93896.4,43727.7
2023-02-27T08:00:00Z,-0.00010032,82.300,172992.0,83895.5
2023-02-27T16:00:00Z,0,80.160,187399.8,86475.7
2023-02-28T00:00:00Z,-0.00019603,78.350,132625.2,64061.8
2023-02-28T08:00:00Z,0,78.970,163141.7,83136.2
2023-02-28T16:00:00Z,0,77.640,175177.1,82875.0
2023-03-01T00:00:00Z,0.00032981,80.990,221447.0,111928.1
2023-03-01T08:00:00Z,0,83.110,232395.2,121973.9
2023-03-01T16:00:00Z,-0.00087264,82.830,211693.4,101546.9
2023-03-02T00:00:00Z,0.00018839,81.050,138514.5,68546.4
2023-03-02T08:00:00Z,0.00043043,79.150,206665.2,99236.2
2023-03-02T16:00:00Z,0.00071706,79.970,147025.4,77513.1
2023-03-03T00:00:00Z,-0.00012900,76.000,434387.5,202852.3
2023-03-03T08:00:00Z,-0.00017829,76.480,200449.6,102126.9
2023-03-03T16:00:00Z,0,76.850,118469.3,58057.4
2023-03-04T00:00:00Z,-0.00021427,77.030,104575.3,57304.6
2023-03-04T08:00:00Z,0.00008825,75.770,96549.1,49446.0
2023-03-04T16:00:00Z,-0.00026875,75.280,173125.3,84423.6
2023-03-05T00:00:00Z,-0.00042036,76.830,143635.9,77279.8
2023-03-05T08:00:00Z,-0.00062958,76.520,128870.4,62192.8
2023-03-05T16:00:00Z,-0.00007019,74.990,99626.6,50426.4
2023-03-06T00:00:00Z,-0.00026059,75.370,152155.5,75024.8
2023-03-06T08:00:00Z,0,77.120,205474.4,102213.7
2023-03-06T16:00:00Z,-0.00003104,76.600,128661.8,63427.1
2023-03-07T00:00:00Z,-0.00075042,77.100,118019.1,59514.9
2023-03-07T08:00:00Z,0,75.290,348168.9,161890.6
2023-03-07T16:00:00Z,0,75.210,191363.7,87555.0
2023-03-08T00:00:00Z,-0.00046027,73.660,125401.9,62093.1
2023-03-08T08:00:00Z,-0.00124452,73.670,247883.7,118578.8
2023-03-08T16:00:00Z,-0.00066310,71.580,244371.0,116479.0
2023-03-09T00:00:00Z,0,73.000,177827.0,86273.4
2023-03-09T08:00:00Z,-0.00050956,72.650,216491.4,109139.5
2023-03-09T16:00:00Z,0,68.680,526844.7,253477.9
2023-03-10T00:00:00Z,-0.00000269,67.120,271597.0,129465.8
2023-03-10T08:00:00Z,0,67.800,432379.1,211186.1
2023-03-10T16:00:00Z,-0.00036628,68.260,226570.4,115163.3
2023-03-11T00:00:00Z,-0.00047024,65.120,432197.3,212619.2
2023-03-11T08:00:00Z,-0.00188537,64.010,483625.9,236047.8
2023-03-11T16:00:00Z,0,66.830,243085.3,127543.7
2023-03-12T00:00:00Z,0.00007673,66.660,175585.6,91647.7
2023-03-12T08:00:00Z,-0.00099396,66.050,136849.9,68355.0
2023-03-12T16:00:00Z,0.00076260,72.840,496477.2,256971.4
2023-03-13T00:00:00Z,-0.00081982,73.580,255922.4,126684.6
2023-03-13T08:00:00Z,-0.00029056,75.680,463983.1,230311.7
2023-03-13T16:00:00Z,0,76.010,196708.6,96865.5
2023-03-14T00:00:00Z,-0.00093317,74.930,203154.8,98324.4
2023-03-14T08:00:00Z,0.00032840,81.180,494584.6,234577.3
2023-03-14T16:00:00Z,0,79.080,404572.8,202127.6
2023-03-15T00:00:00Z,0,80.190,173571.2,85151.3
2023-03-15T08:00:00Z,0,74.010,438198.4,213238.3
2023-03-15T16:00:00Z,-0.00054899,73.800,313456.1,156213.3
2023-03-16T00:00:00Z,0,74.390,182152.3,93026.0
2023-03-16T08:00:00Z,-0.00054496,75.050,239119.0,122382.6
2023-03-16T16:00:00Z,-0.00037670,74.770,144648.1,71634.2
2023-03-17T00:00:00Z,-0.00043509,76.980,172463.4,85754.9
2023-03-17T08:00:00Z,0,76.470,231716.7,114065.4
2023-03-17T16:00:00Z,-0.00004830,80.580,229260.9,112304.0
2023-03-18T00:00:00Z,-0.00032102,80.830,191995.0,96638.5
2023-03-18T08:00:00Z,-0.00043137,79.050,227922.3,112611.4
2023-03-18T16:00:00Z,-0.00013278,77.770,193141.9,93403.8
2023-03-19T00:00:00Z,0,78.490,108164.4,55763.3
2023-03-19T08:00:00Z,-0.00032097,79.870,182489.3,94700.5
2023-03-19T16:00:00Z,-0.00012664,79.400,227535.4,113093.8
2023-03-20T00:00:00Z,-0.00005153,79.070,192947.9,90810.7
2023-03-20T08:00:00Z,-0.00091327,77.770,207701.6,98796.4
2023-03-20T16:00:00Z,-0.00111391,75.970,260201.7,126489.0
2023-03-21T00:00:00Z,-0.00113613,74.860,165479.3,81152.0
2023-03-21T08:00:00Z,-0.00055234,78.050,255515.7,129113.1
2023-03-21T16:00:00Z,-0.00041832,78.920,198729.5,101487.4
2023-03-22T00:00:00Z,-0.00053682,78.250,132597.9,66989.8
2023-03-22T08:00:00Z,-0.00003944,78.050,187662.2,90999.8
2023-03-22T16:00:00Z,-0.00015925,75.070,452874.1,220263.2
2023-03-23T00:00:00Z,-0.00072815,76.980,139656.5,69777.0
2023-03-23T08:00:00Z,0.00017253,79.960,274404.5,140840.0
2023-03-23T16:00:00Z,-0.00055651,77.050,292790.3,134856.5
2023-03-24T00:00:00Z,0,76.760,98108.1,46887.2
2023-03-24T08:00:00Z,-0.00051281,73.940,401523.4,199248.1
2023-03-24T16:00:00Z,-0.00009878,72.980,242451.0,113088.1
2023-03-25T00:00:00Z,-0.00022099,72.240,98352.1,46149.3
2023-03-25T08:00:00Z,-0.00042620,72.280,115373.0,56914.6
2023-03-25T16:00:00Z,-0.00046677,71.260,120775.3,60828.9
2023-03-26T00:00:00Z,-0.00033776,71.940,86684.7,43106.0
2023-03-26T08:00:00Z,-0.00123053,72.600,161164.1,81562.8
2023-03-26T16:00:00Z,-0.00111112,72.790,82872.8,39731.4
2023-03-27T00:00:00Z,-0.00067048,71.720,167426.4,85435.4
2023-03-27T08:00:00Z,-0.00115787,69.400,254383.0,120897.1
2023-03-27T16:00:00Z,-0.00077044,69.700,196444.2,95145.7
2023-03-28T00:00:00Z,-0.00043461,69.460,146567.8,73033.8
2023-03-28T08:00:00Z,0.00006464,70.090,176673.2,91866.6
2023-03-28T16:00:00Z,-0.00024162,70.570,190550.1,95719.3
2023-03-29T00:00:00Z,-0.00017017,72.130,137868.6,70416.5
2023-03-29T08:00:00Z,0,73.120,198962.7,99878.1
2023-03-29T16:00:00Z,-0.00046807,72.830,93104.2,45444.3
2023-03-30T00:00:00Z,-0.00056212,72.820,221997.9,109001.5
2023-03-30T08:00:00Z,-0.00092363,71.100,271476.4,128411.0
2023-03-30T16:00:00Z,-0.00018235,71.280,155684.3,75858.7
2023-03-31T00:00:00Z,0,71.450,136926.6,64578.2
2023-03-31T08:00:00Z,-0.00055249,73.710,328768.2,178002.2
2023-03-31T16:00:00Z,-0.00014044,74.130,167890.4,83462.0
2023-04-01T00:00:00Z,-0.00078211,73.590,110441.0,50781.7
2023-04-01T08:00:00Z,-0.00007841,73.940,77832.4,37957.1
2023-04-01T16:00:00Z,0,74.130,89439.4,43949.4
2023-04-02T00:00:00Z,-0.00070566,74.400,56489.7,27383.6
2023-04-02T08:00:00Z,-0.00011720,72.460,129169.5,58768.6
2023-04-02T16:00:00Z,-0.00047236,72.940,106223.2,50633.7
2023-04-03T00:00:00Z,0,73.430,153505.0,74379.5
2023-04-03T08:00:00Z,0,73.610,227801.1,110891.2
2023-04-03T16:00:00Z,0,73.760,223334.8,111398.2
2023-04-04T00:00:00Z,0,74.180,83328.7,41709.6
2023-04-04T08:00:00Z,-0.00102033,75.580,215308.1,114535.3
2023-04-04T16:00:00Z,0,76.380,113503.0,54891.0
2023-04-05T00:00:00Z,0,78.700,175936.0,87812.2
2023-04-05T08:00:00Z,0,77.660,200068.1,95058.1
2023-04-05T16:00:00Z,0,78.190,112432.8,56272.9
2023-04-06T00:00:00Z,-0.00042199,78.260,166652.7,83743.7
2023-04-06T08:00:00Z,-0.00063836,79.390,345847.1,179542.7
2023-04-06T16:00:00Z,0,80.550,183909.5,92532.3
2023-04-07T00:00:00Z,0,79.030,181736.2,86045.7
2023-04-07T08:00:00Z,-0.00061985,78.380,205311.1,100415.1
2023-04-07T16:00:00Z,-0.00014665,78.250,94262.7,46889.6
2023-04-08T00:00:00Z,0.00003645,78.590,78721.6,37812.4
2023-04-08T08:00:00Z,-0.00023488,77.470,70249.2,32690.8
2023-04-08T16:00:00Z,-0.00005937,76.280,103384.8,46101.5
2023-04-09T00:00:00Z,-0.00039901,74.870,102202.9,47558.7
2023-04-09T08:00:00Z,-0.00059605,75.490,94945.3,48670.7
2023-04-09T16:00:00Z,0,76.200,95307.6,45507.3
2023-04-10T00:00:00Z,-0.00012284,75.660,71587.8,35793.4
2023-04-10T08:00:00Z,-0.00129654,75.580,79984.1,38157.3
2023-04-10T16:00:00Z,0,78.460,203984.0,109402.0
2023-04-11T00:00:00Z,0,80.030,199890.7,100849.2
2023-04-11T08:00:00Z,0.00013579,79.480,127305.0,61824.1
2023-04-11T16:00:00Z,-0.00055163,79.010,121179.1,58397.4
2023-04-12T00:00:00Z,0,77.180,210079.7,99153.6
2023-04-12T08:00:00Z,-0.00123542,78.560,211438.9,105056.3
2023-04-12T16:00:00Z,0.00030638,78.920,91822.0,45187.7
2023-04-13T00:00:00Z,-0.00027109,77.840,375419.2,190074.2
2023-04-13T08:00:00Z,0,79.980,258752.0,135860.6
2023-04-13T16:00:00Z,0,81.220,245412.0,121847.6
2023-04-14T00:00:00Z,0.00072830,82.240,235582.1,108399.2
2023-04-14T08:00:00Z,0.00014744,80.860,278025.7,128176.2
2023-04-14T16:00:00Z,0.00105607,82.630,194115.8,93750.7
2023-04-15T00:00:00Z,0,82.050,95954.8,48784.7
2023-04-15T08:00:00Z,0,83.310,255027.1,129099.9
2023-04-15T16:00:00Z,0.00123268,82.580,118630.2,52915.9
2023-04-16T00:00:00Z,0,82.830,103378.7,48632.3
2023-04-16T08:00:00Z,0.00019334,81.750,155625.4,71256.6
2023-04-16T16:00:00Z,0,83.400,218446.8,113236.4
2023-04-17T00:00:00Z,0,81.750,320787.7,149615.5
2023-04-17T08:00:00Z,0.00058964,80.750,278673.4,122959.6
2023-04-17T16:00:00Z,0.00007715,81.070,121497.6,57937.4
2023-04-18T00:00:00Z,0.00080237,82.350,224199.3,111491.5
2023-04-18T08:00:00Z,0,82.160,264013.1,129433.6
2023-04-18T16:00:00Z,0.00061052,82.020,136210.0,60937.5
2023-04-19T00:00:00Z,0,80.640,106724.8,48597.6
2023-04-19T08:00:00Z,-0.00033210,75.330,544524.0,250246.7
2023-04-19T16:00:00Z,-0.00017090,73.970,219766.5,104079.5
2023-04-20T00:00:00Z,0,74.210,177410.2,88014.3
2023-04-20T08:00:00Z,-0.00173014,72.920,203589.9,103447.2
2023-04-20T16:00:00Z,0,72.350,235761.2,120803.3
2023-04-21T00:00:00Z,0,72.210,157261.6,73103.1
2023-04-21T08:00:00Z,-0.00006970,71.570,180430.1,90420.2
2023-04-21T16:00:00Z,-0.00083699,69.070,261883.6,132318.7
2023-04-22T00:00:00Z,0,69.730,77104.7,37795.3
2023-04-22T08:00:00Z,0,70.180,99912.5,48098.8
2023-04-22T16:00:00Z,-0.00110892,70.770,78455.7,38399.7
2023-04-23T00:00:00Z,0,70.700,83677.9,40536.8
2023-04-23T08:00:00Z,0,69.800,99659.9,48745.9
2023-04-23T16:00:00Z,-0.00066521,70.310,145927.8,73653.0
2023-04-24T00:00:00Z,0.00025964,69.460,121596.4,59704.5
2023-04-24T08:00:00Z,0,69.070,128509.3,62024.3
2023-04-24T16:00:00Z,-0.00056315,69.800,118442.2,58968.4
2023-04-25T00:00:00Z,-0.00072966,68.700,139116.9,69390.0
2023-04-25T08:00:00Z,0,68.520,138047.3,67216.8
2023-04-25T16:00:00Z,-0.00036158,71.220,161381.9,80768.9
2023-04-26T00:00:00Z,0,70.340,99842.3,48223.3
2023-04-26T08:00:00Z,-0.00032484,73.140,323671.0,165776.7
2023-04-26T16:00:00Z,0,69.400,415514.1,201772.2
2023-04-27T00:00:00Z,0,69.730,257077.1,125255.5
2023-04-27T08:00:00Z,-0.00075051,70.720,232250.8,119352.7
2023-04-27T16:00:00Z,0,71.410,199890.9,100613.8
2023-04-28T00:00:00Z,0,71.770,114290.2,57300.8
2023-04-28T08:00:00Z,0,70.910,173894.8,82697.6
2023-04-28T16:00:00Z,0,72.090,114038.9,55204.6
2023-04-29T00:00:00Z,-0.00004933,72.080,66114.6,33468.1
2023-04-29T08:00:00Z,-0.00042536,72.110,89416.8,42055.7
2023-04-29T16:00:00Z,0,71.780,87259.0,40125.2
2023-04-30T00:00:00Z,0.00038006,71.360,63990.5,29360.9
2023-04-30T08:00:00Z,-0.00071086,71.860,88355.0,45999.2
2023-04-30T16:00:00Z,0,70.220,143138.0,70355.7
2023-05-01T00:00:00Z,0,69.910,134945.1,62191.8
2023-05-01T08:00:00Z,0,68.600,109212.0,50341.8
2023-05-01T16:00:00Z,-0.00015630,68.880,124519.5,60307.0
2023-05-02T00:00:00Z,0,69.200,68336.4,31175.5
2023-05-02T08:00:00Z,-0.00010050,68.990,141638.6,69765.0
2023-05-02T16:00:00Z,-0.00031458,69.070,79320.5,43241.9
2023-05-03T00:00:00Z,0,68.590,76973.0,38572.1
2023-05-03T08:00:00Z,-0.00075250,68.130,130939.7,65535.0
2023-05-03T16:00:00Z,0,71.700,316922.7,164525.2
2023-05-04T00:00:00Z,-0.00006519,71.180,125626.6,61053.0
2023-05-04T08:00:00Z,-0.00094464,70.670,164703.4,82347.3
2023-05-04T16:00:00Z,0.00016609,70.840,122633.8,60247.3
2023-05-05T00:00:00Z,-0.00004159,70.800,104368.1,54238.0
2023-05-05T08:00:00Z,-0.00005514,72.850,255358.3,133247.3
2023-05-05T16:00:00Z,-0.00030734,73.420,194694.4,95069.6
2023-05-06T00:00:00Z,-0.00021537,70.920,183738.5,85562.4
2023-05-06T08:00:00Z,-0.00125374,68.990,271934.0,124675.9
2023-05-06T16:00:00Z,-0.00032877,69.740,135224.2,68779.6
2023-05-07T00:00:00Z,0,69.830,79105.6,38102.5
2023-05-07T08:00:00Z,-0.00027826,69.540,82355.7,42098.0
2023-05-07T16:00:00Z,0.00050006,68.740,134132.2,64024.0
2023-05-08T00:00:00Z,0.00001387,65.850,305827.4,147272.3
2023-05-08T08:00:00Z,0,66.060,259553.3,129122.4
2023-05-08T16:00:00Z,-0.00045289,64.440,278897.6,137094.1
2023-05-09T00:00:00Z,-0.00013907,64.740,106221.7,48697.1
2023-05-09T08:00:00Z,0,63.890,130321.0,63560.8
2023-05-09T16:00:00Z,-0.00119904,64.360,106379.5,48631.9
2023-05-10T00:00:00Z,-0.00064217,64.350,69439.2,33103.1
2023-05-10T08:00:00Z,-0.00036911,65.350,221596.2,107288.9
2023-05-10T16:00:00Z,-0.00044550,64.600,401388.5,201983.8
2023-05-11T00:00:00Z,-0.00105278,63.250,168643.3,81771.2
2023-05-11T08:00:00Z,-0.00039248,62.760,206107.7,103597.2
2023-05-11T16:00:00Z,-0.00088252,62.220,236125.6,114664.9
2023-05-12T00:00:00Z,-0.00093769,61.130,186754.5,93124.3
2023-05-12T08:00:00Z,-0.00118251,61.580,200927.9,100916.6
2023-05-12T16:00:00Z,-0.00012858,63.170,205137.1,99724.3
2023-05-13T00:00:00Z,-0.00022728,62.850,61087.8,30393.9
2023-05-13T08:00:00Z,-0.00007798,62.080,83948.6,40273.5
2023-05-13T16:00:00Z,0,62.150,58442.0,28624.0
2023-05-14T00:00:00Z,-0.00023366,62.440,71058.7,35583.2
2023-05-14T08:00:00Z,-0.00056713,63.140,69473.1,33433.8
2023-05-14T16:00:00Z,-0.00066022,62.190,107202.4,49148.3
2023-05-15T00:00:00Z,0.00001868,63.460,199441.2,102426.1
2023-05-15T08:00:00Z,-0.00036165,63.720,203912.0,103984.9
2023-05-15T16:00:00Z,-0.00064312,62.730,115281.5,54840.4
2023-05-16T00:00:00Z,-0.00053950,63.110,134701.1,65721.1
2023-05-16T08:00:00Z,-0.00043946,62.290,152551.2,80439.3
2023-05-16T16:00:00Z,-0.00029630,62.870,98009.2,50402.3
2023-05-17T00:00:00Z,-0.00000790,62.360,147196.8,74301.7
2023-05-17T08:00:00Z,-0.00031569,62.400,164686.2,81940.8
2023-05-17T16:00:00Z,-0.00106227,64.950,232067.3,120359.0
2023-05-18T00:00:00Z,0.00064073,66.510,306809.4,160799.2
2023-05-18T08:00:00Z,-0.00028554,65.830,294499.9,150107.3
2023-05-18T16:00:00Z,-0.00019603,64.910,236567.1,112952.4
2023-05-19T00:00:00Z,-0.00024194,65.030,171089.3,76353.6
2023-05-19T08:00:00Z,-0.00102952,65.150,119628.4,59429.5
2023-05-19T16:00:00Z,0,65.330,82279.1,41627.3
2023-05-20T00:00:00Z,0,64.730,65481.0,29795.1
2023-05-20T08:00:00Z,-0.00010634,64.890,54448.9,23571.2
2023-05-20T16:00:00Z,-0.00066028,65.160,58140.2,31129.3
2023-05-21T00:00:00Z,-0.00018993,64.950,52805.1,25537.1
2023-05-21T08:00:00Z,-0.00007374,63.860,92963.0,43602.2
2023-05-21T16:00:00Z,0,63.900,92296.1,41587.2
2023-05-22T00:00:00Z,-0.00027464,63.690,101275.0,50684.0
2023-05-22T08:00:00Z,-0.00012002,64.300,162304.0,81297.9
2023-05-22T16:00:00Z,-0.00026085,64.280,71528.0,34741.5
2023-05-23T00:00:00Z,-0.00017930,65.470,176607.9,93995.5
2023-05-23T08:00:00Z,0,65.630,106298.7,58413.4
2023-05-23T16:00:00Z,-0.00064795,65.420,94057.6,41785.1
2023-05-24T00:00:00Z,-0.00020026,63.790,133875.6,65236.9
2023-05-24T08:00:00Z,-0.00051180,62.880,235107.2,107001.9
2023-05-24T16:00:00Z,0,63.890,109972.2,56378.7
2023-05-25T00:00:00Z,-0.00014036,63.520,218378.4,110842.9
2023-05-25T08:00:00Z,0,62.850,147043.8,74820.2
2023-05-25T16:00:00Z,-0.00018744,63.460,86827.9,41717.0
2023-05-26T00:00:00Z,-0.00052564,63.530,100385.2,48564.4
2023-05-26T08:00:00Z,-0.00018098,63.960,116386.7,58227.6
2023-05-26T16:00:00Z,-0.00089605,64.590,233656.4,124880.1
2023-05-27T00:00:00Z,0,65.010,92116.3,48043.5
2023-05-27T08:00:00Z,0.00007647,64.970,61761.7,27479.4
2023-05-27T16:00:00Z,0,65.690,67420.3,37423.3
2023-05-28T00:00:00Z,-0.00061918,66.700,111266.8,58573.5
2023-05-28T08:00:00Z,0.00109772,66.800,71832.2,32330.7
2023-05-28T16:00:00Z,0,69.030,209297.3,103793.2
2023-05-29T00:00:00Z,0.00000287,67.750,128931.5,66834.6
2023-05-29T08:00:00Z,0,67.080,119995.4,55659.3
2023-05-29T16:00:00Z,0.00022088,67.330,114132.4,58609.4
2023-05-30T00:00:00Z,-0.00041426,66.860,70666.6,35147.9
2023-05-30T08:00:00Z,0.00008386,66.580,151602.5,73132.8
2023-05-30T16:00:00Z,0,66.630,80061.9,39168.8
2023-05-31T00:00:00Z,-0.00019132,65.090,236812.0,111071.6
2023-05-31T08:00:00Z,0,63.840,188429.9,88373.0
2023-05-31T16:00:00Z,0,63.810,128650.1,64793.0
2023-06-01T00:00:00Z,-0.00085473,62.620,179164.6,85679.5
2023-06-01T08:00:00Z,0,62.990,103373.7,51428.7
2023-06-01T16:00:00Z,0,62.630,106928.0,53081.7
2023-06-02T00:00:00Z,0.00019076,63.660,136386.8,70249.4
2023-06-02T08:00:00Z,0,64.040,216699.2,107498.4
2023-06-02T16:00:00Z,0,63.630,89575.2,45401.9
2023-06-03T00:00:00Z,-0.00018353,64.040,66756.3,33520.9
2023-06-03T08:00:00Z,0.00010787,64.000,63972.2,32842.2
2023-06-03T16:00:00Z,0.00059989,63.580,89236.4,40029.8
2023-06-04T00:00:00Z,0.00032229,64.480,83664.9,42524.7
2023-06-04T08:00:00Z,0.00085258,63.100,123311.1,54869.7
2023-06-04T16:00:00Z,-0.00018717,62.760,137117.4,64571.0
2023-06-05T00:00:00Z,0.00003925,62.160,162671.5,84946.0
2023-06-05T08:00:00Z,0.00407684,59.140,269371.1,128711.1
2023-06-05T16:00:00Z,-0.00060662,59.840,421851.1,215399.3
2023-06-06T00:00:00Z,0.00004723,60.070,118875.2,57826.4
2023-06-06T08:00:00Z,0,61.020,230914.9,118546.1
2023-06-06T16:00:00Z,0,61.750,292314.2,141125.1
2023-06-07T00:00:00Z,-0.00014491,60.990,122268.0,61703.6
2023-06-07T08:00:00Z,-0.00046074,59.410,246107.0,115722.7
2023-06-07T16:00:00Z,0,59.140,201904.6,99079.7
2023-06-08T00:00:00Z,-0.00109180,58.870,130037.1,65437.2
2023-06-08T08:00:00Z,-0.00048517,60.030,188710.6,96392.5
2023-06-08T16:00:00Z,0,59.820,114184.3,60265.4
2023-06-09T00:00:00Z,-0.00010011,59.380,90426.8,43981.6
2023-06-09T08:00:00Z,0.00024282,60.210,133638.5,68048.3
2023-06-09T16:00:00Z,0,60.020,105211.3,53256.5
2023-06-10T00:00:00Z,0,51.720,1180421.3,568508.3
2023-06-10T08:00:00Z,0.00065494,51.790,283445.7,136038.3
2023-06-10T16:00:00Z,-0.00099238,52.590,350135.0,170191.9
2023-06-11T00:00:00Z,-0.00024475,51.890,151439.8,74014.7
2023-06-11T08:00:00Z,0,52.120,142945.1,67874.7
2023-06-11T16:00:00Z,0,52.180,172753.5,88034.5
2023-06-12T00:00:00Z,0,51.820,215132.6,108730.6
2023-06-12T08:00:00Z,-0.00025865,52.790,186118.7,96143.3
2023-06-12T16:00:00Z,0,53.720,172383.0,85446.0
2023-06-13T00:00:00Z,-0.00095420,54.410,156834.7,82603.4
2023-06-13T08:00:00Z,-0.00062487,54.050,311949.2,154335.1
2023-06-13T16:00:00Z,-0.00082490,55.020,130508.4,62697.2
2023-06-14T00:00:00Z,-0.00087354,55.290,96269.3,47432.9
2023-06-14T08:00:00Z,0.00017821,55.640,96983.9,47161.1
2023-06-14T16:00:00Z,-0.00146597,51.990,548568.7,254189.7
2023-06-15T00:00:00Z,-0.00093888,49.730,425840.5,191045.0
2023-06-15T08:00:00Z,-0.00060473,49.530,436970.0,214101.2
2023-06-15T16:00:00Z,0,50.120,407189.1,194923.2
2023-06-16T00:00:00Z,0,49.990,188226.2,93069.9
2023-06-16T08:00:00Z,-0.00114677,50.150,296232.3,145960.4
2023-06-16T16:00:00Z,-0.00066456,50.670,215402.4,106084.9
2023-06-17T00:00:00Z,-0.00021450,51.670,217773.3,111138.2
2023-06-17T08:00:00Z,-0.00061715,51.220,158436.1,78097.9
2023-06-17T16:00:00Z,-0.00026177,51.040,161431.0,82582.4
2023-06-18T00:00:00Z,-0.00021147,51.310,109687.0,54668.4
2023-06-18T08:00:00Z,-0.00008176,51.750,97529.6,48571.9
2023-06-18T16:00:00Z,-0.00043899,50.890,152664.0,72075.9
2023-06-19T00:00:00Z,-0.00042853,50.810,89464.5,39752.7
2023-06-19T08:00:00Z,-0.00028420,51.320,119506.9,57800.8
2023-06-19T16:00:00Z,0,51.940,208587.3,104790.1
2023-06-20T00:00:00Z,-0.00028806,51.540,118921.5,60996.0
2023-06-20T08:00:00Z,-0.00045932,50.830,181175.8,83160.1
2023-06-20T16:00:00Z,-0.00020156,53.080,269652.1,141064.2
2023-06-21T00:00:00Z,-0.00080783,53.770,244410.5,125583.4
2023-06-21T08:00:00Z,-0.00074777,54.200,225245.7,116734.9
2023-06-21T16:00:00Z,-0.00077742,54.950,335447.2,165747.2
2023-06-22T00:00:00Z,0,56.950,281544.3,151909.6
2023-06-22T08:00:00Z,0,55.440,286836.3,143348.2
2023-06-22T16:00:00Z,-0.00057173,55.550,117183.0,59097.4
2023-06-23T00:00:00Z,-0.00003186,56.110,91276.5,43467.0
2023-06-23T08:00:00Z,0,57.000,172600.3,87667.2
2023-06-23T16:00:00Z,-0.00004480,57.080,199347.6,101489.9
2023-06-24T00:00:00Z,-0.00057681,57.550,187009.1,94585.9
2023-06-24T08:00:00Z,-0.00018157,56.460,168649.8,84541.8
2023-06-24T16:00:00Z,-0.00074740,57.000,148721.1,71319.3
2023-06-25T00:00:00Z,-0.00033183,72.770,3276956.9,1644519.9
2023-06-25T08:00:00Z,0,74.630,4969197.5,2505280.2
2023-06-25T16:00:00Z,-0.00037837,68.700,3188731.8,1611927.1
2023-06-26T00:00:00Z,-0.00021727,65.110,1840162.9,934069.1
2023-06-26T08:00:00Z,-0.00021408,65.420,995228.3,501048.5
2023-06-26T16:00:00Z,-0.00017044,63.140,687283.1,345525.0
2023-06-27T00:00:00Z,0.00009845,64.680,935625.6,474330.0
2023-06-27T08:00:00Z,-0.00094049,63.140,751112.2,369488.3
2023-06-27T16:00:00Z,-0.00071137,64.920,370637.7,190428.1
2023-06-28T00:00:00Z,0,60.830,719307.2,348786.0
2023-06-28T08:00:00Z,-0.00030063,61.190,281484.9,141998.5
2023-06-28T16:00:00Z,-0.00028292,59.350,416170.3,206184.9
2023-06-29T00:00:00Z,-0.00104925,61.200,424533.7,214223.5
2023-06-29T08:00:00Z,-0.00069790,62.550,1680549.2,821945.0
2023-06-29T16:00:00Z,-0.00063726,62.970,535919.1,261781.5
2023-06-30T00:00:00Z,-0.00067723,65.330,1094028.2,525501.1
2023-06-30T08:00:00Z,-0.00013396,65.390,1624970.2,799117.4
2023-06-30T16:00:00Z,0,70.500,941780.2,477007.1
2023-07-01T00:00:00Z,0,67.950,459132.7,214450.6
2023-07-01T08:00:00Z,-0.00006673,67.140,268168.1,121745.9
2023-07-01T16:00:00Z,-0.00020272,68.110,233622.6,120098.1
2023-07-02T00:00:00Z,-0.00029913,68.140,335394.5,163208.2
2023-07-02T08:00:00Z,0,70.200,1144534.1,576070.0
2023-07-02T16:00:00Z,-0.00033805,70.650,460888.7,220362.2
2023-07-03T00:00:00Z,0,70.080,616161.4,297529.0
2023-07-03T08:00:00Z,0,71.960,557030.1,278591.7
2023-07-03T16:00:00Z,-0.00005107,72.940,586969.4,302874.9
2023-07-04T00:00:00Z,-0.00057129,73.980,919832.9,469887.9
2023-07-04T08:00:00Z,0,77.700,2058271.4,1045430.4
2023-07-04T16:00:00Z,0,77.030,1392554.1,696389.7
2023-07-05T00:00:00Z,0,79.050,1135678.8,574607.9
2023-07-05T08:00:00Z,-0.00049848,72.050,1793870.7,867731.8
2023-07-05T16:00:00Z,0,74.590,632920.5,317693.5
2023-07-06T00:00:00Z,-0.00052089,75.010,525522.9,263538.4
2023-07-06T08:00:00Z,-0.00071406,72.780,1104999.0,541520.8
2023-07-06T16:00:00Z,0,70.230,436188.1,202868.8
2023-07-07T00:00:00Z,0,71.700,444333.7,229085.6
2023-07-07T08:00:00Z,-0.00042482,73.560,621187.5,307278.1
2023-07-07T16:00:00Z,-0.00039435,74.710,336440.2,170276.7
2023-07-08T00:00:00Z,-0.00017981,74.680,433228.7,207755.2
2023-07-08T08:00:00Z,-0.00032356,73.800,663683.7,318448.5
2023-07-08T16:00:00Z,-0.00050064,73.570,258168.8,123770.3
2023-07-09T00:00:00Z,-0.00047050,72.070,268366.0,119999.2
2023-07-09T08:00:00Z,-0.00029218,72.840,742004.1,374341.0
2023-07-09T16:00:00Z,-0.00080922,71.800,342204.4,158798.5
2023-07-10T00:00:00Z,-0.00014826,70.250,400173.2,199401.4
2023-07-10T08:00:00Z,-0.00039962,70.550,539490.4,272988.8
2023-07-10T16:00:00Z,-0.00058255,69.270,554623.1,268003.1
2023-07-11T00:00:00Z,-0.00055372,71.680,428365.8,223230.7
2023-07-11T08:00:00Z,-0.00003264,73.340,1014630.0,508618.1
2023-07-11T16:00:00Z,0,73.300,375197.1,182877.0
2023-07-12T00:00:00Z,0,76.120,758308.3,377890.1
2023-07-12T08:00:00Z,-0.00006466,75.170,787835.4,376550.7
2023-07-12T16:00:00Z,-0.00009642,75.610,564703.5,299071.2
2023-07-13T00:00:00Z,0,76.110,523175.6,266023.4
2023-07-13T08:00:00Z,0,77.500,641032.5,329031.5
2023-07-13T16:00:00Z,0,79.160,908499.6,456907.0
2023-07-14T00:00:00Z,0,79.560,736713.3,354621.4
2023-07-14T08:00:00Z,0.00005417,86.130,1229936.0,611205.1
2023-07-14T16:00:00Z,-0.00036576,81.080,1240974.7,592034.5
2023-07-15T00:00:00Z,-0.00023618,80.900,379301.4,187895.5
2023-07-15T08:00:00Z,-0.00082500,78.730,771676.0,375354.0
2023-07-15T16:00:00Z,-0.00019257,78.970,335027.3,165874.3
2023-07-16T00:00:00Z,-0.00066098,78.020,625939.2,302747.7
2023-07-16T08:00:00Z,-0.00047632,78.270,366999.7,184811.5
2023-07-16T16:00:00Z,0,76.820,385318.5,191059.3
2023-07-17T00:00:00Z,0,78.200,425425.6,212072.3
2023-07-17T08:00:00Z,-0.00029699,75.120,648162.8,309241.9
2023-07-17T16:00:00Z,0,75.140,473261.3,240197.8
2023-07-18T00:00:00Z,-0.00007080,72.680,394864.6,193179.0
2023-07-18T08:00:00Z,0,72.330,467379.2,232155.8
2023-07-18T16:00:00Z,0,72.040,351990.7,175062.4
2023-07-19T00:00:00Z,-0.00004673,72.250,283960.2,139199.4
2023-07-19T08:00:00Z,-0.00015911,72.160,348694.4,171898.4
2023-07-19T16:00:00Z,-0.00073374,71.650,227321.6,111165.1
2023-07-20T00:00:00Z,-0.00016407,73.580,251149.2,126215.2
2023-07-20T08:00:00Z,-0.00081851,72.070,660617.6,320517.0
2023-07-20T16:00:00Z,-0.00027456,72.480,248639.8,119891.3
2023-07-21T00:00:00Z,-0.00032743,73.350,597915.7,310123.1
2023-07-21T08:00:00Z,-0.00071060,74.090,283566.0,140896.8
2023-07-21T16:00:00Z,0,74.320,210929.1,104641.7
2023-07-22T00:00:00Z,0,73.530,174439.8,78195.7
2023-07-22T08:00:00Z,-0.00005218,73.010,160986.7,75055.3
2023-07-22T16:00:00Z,-0.00057084,71.680,227193.6,114380.1
2023-07-23T00:00:00Z,-0.00039302,72.220,158535.8,76793.9
2023-07-23T08:00:00Z,-0.00000717,72.300,115770.3,57480.9
2023-07-23T16:00:00Z,-0.00092425,72.220,187061.9,95406.9
2023-07-24T00:00:00Z,0.00027835,71.670,215125.7,100618.7
2023-07-24T08:00:00Z,0.00044392,69.560,485621.2,235024.3
2023-07-24T16:00:00Z,-0.00011855,70.240,191149.5,87564.7
2023-07-25T00:00:00Z,0,69.860,189795.5,95358.6
2023-07-25T08:00:00Z,-0.00063961,70.680,259573.7,131120.9
2023-07-25T16:00:00Z,-0.00056639,70.060,167857.1,85213.2
2023-07-26T00:00:00Z,-0.00000693,70.220,239769.5,115697.7
2023-07-26T08:00:00Z,0,71.250,194191.9,96824.2
2023-07-26T16:00:00Z,-0.00010898,71.980,499833.5,264821.7
2023-07-27T00:00:00Z,0,73.920,394757.2,204568.2
2023-07-27T08:00:00Z,-0.00001658,72.600,448824.6,205533.4
2023-07-27T16:00:00Z,-0.00026511,72.440,183311.2,86227.3
2023-07-28T00:00:00Z,-0.00037724,72.470,167387.6,84944.4
2023-07-28T08:00:00Z,-0.00018142,73.310,211712.7,110871.0
2023-07-28T16:00:00Z,-0.00055965,72.780,138981.2,61249.4
2023-07-29T00:00:00Z,-0.00006426,72.550,125574.2,54814.1
2023-07-29T08:00:00Z,-0.00052047,72.190,111858.1,53337.4
2023-07-29T16:00:00Z,0,74.340,317586.5,164026.4
2023-07-30T00:00:00Z,-0.00042972,73.910,161222.2,79790.9
2023-07-30T08:00:00Z,-0.00019681,74.040,249197.9,120083.8
2023-07-30T16:00:00Z,-0.00060842,70.820,785635.2,350692.9
2023-07-31T00:00:00Z,-0.00028326,70.980,393576.5,189405.6
2023-07-31T08:00:00Z,-0.00058905,68.470,407539.7,179409.4
2023-07-31T16:00:00Z,-0.00047173,65.320,1332012.8,638566.9
2023-08-01T00:00:00Z,-0.00053000,63.740,1660117.0,850836.0
2023-08-01T08:00:00Z,-0.00016567,63.980,1103322.3,539381.1
2023-08-01T16:00:00Z,-0.00010697,65.560,566596.8,279663.0
2023-08-02T00:00:00Z,-0.00061481,62.720,744869.4,335525.6
2023-08-02T08:00:00Z,0,64.140,604514.8,316980.0
2023-08-02T16:00:00Z,-0.00058315,64.420,1152451.3,583105.7
2023-08-03T00:00:00Z,-0.00038744,63.530,381808.9,188321.0
2023-08-03T08:00:00Z,-0.00066382,63.810,579739.4,304875.5
2023-08-03T16:00:00Z,-0.00027328,62.940,458527.7,223591.4
2023-08-04T00:00:00Z,-0.00066079,63.230,322657.2,156521.5
2023-08-04T08:00:00Z,-0.00042837,65.220,828338.8,430797.8
2023-08-04T16:00:00Z,-0.00044370,64.160,404354.0,202784.6
2023-08-05T00:00:00Z,-0.00056706,63.700,275539.6,129067.2
2023-08-05T08:00:00Z,-0.00029274,63.950,561124.4,277600.9
2023-08-05T16:00:00Z,-0.00042391,64.450,133977.6,70965.9
2023-08-06T00:00:00Z,-0.00046362,65.070,208007.8,100802.9
2023-08-06T08:00:00Z,0,65.520,252145.2,129866.5
2023-08-06T16:00:00Z,-0.00013191,65.930,218073.4,108991.1
2023-08-07T00:00:00Z,-0.00008920,65.530,379379.7,193296.5
2023-08-07T08:00:00Z,-0.00014936,64.090,305644.9,145321.1
2023-08-07T16:00:00Z,-0.00038263,64.920,304990.5,153247.9
2023-08-08T00:00:00Z,-0.00062451,65.350,205069.1,103690.5
2023-08-08T08:00:00Z,-0.00012155,65.730,270785.3,131363.6
2023-08-08T16:00:00Z,0,66.240,239188.3,124059.1
2023-08-09T00:00:00Z,-0.00048523,66.550,172236.6,85384.0
2023-08-09T08:00:00Z,-0.00058120,66.710,328435.8,164988.7
2023-08-09T16:00:00Z,-0.00040669,67.300,200789.2,99097.3
2023-08-10T00:00:00Z,-0.00003982,67.280,169378.5,81793.8
2023-08-10T08:00:00Z,-0.00028578,67.670,456873.3,235911.0
2023-08-10T16:00:00Z,-0.00044663,67.040,133025.7,60956.8
2023-08-11T00:00:00Z,-0.00027404,66.260,173377.4,79472.9
2023-08-11T08:00:00Z,0,66.130,222973.5,112008.6
2023-08-11T16:00:00Z,-0.00046874,65.950,180778.4,85739.9
2023-08-12T00:00:00Z,-0.00053476,66.070,91377.1,46971.3
2023-08-12T08:00:00Z,0,66.320,113303.6,60752.3
2023-08-12T16:00:00Z,-0.00006192,66.160,84481.9,37317.7
2023-08-13T00:00:00Z,-0.00014891,66.130,111372.3,55528.5
2023-08-13T08:00:00Z,-0.00041463,65.370,115956.8,56147.1
2023-08-13T16:00:00Z,-0.00100204,65.590,132012.1,66963.9
2023-08-14T00:00:00Z,-0.00005675,66.350,131089.6,65243.4
2023-08-14T08:00:00Z,-0.00055916,66.390,100115.8,49680.0
2023-08-14T16:00:00Z,-0.00090112,65.490,116331.2,57627.4
2023-08-15T00:00:00Z,0,65.650,121074.4,61881.3
2023-08-15T08:00:00Z,-0.00029245,64.920,114268.5,55674.2
2023-08-15T16:00:00Z,-0.00063777,63.500,409627.0,200439.3
2023-08-16T00:00:00Z,-0.00051270,62.760,168979.5,81867.0
2023-08-16T08:00:00Z,-0.00004507,61.560,446900.7,233780.8
2023-08-16T16:00:00Z,-0.00055039,60.340,494657.5,234353.4
2023-08-17T00:00:00Z,-0.00073371,60.430,217053.7,107560.6
2023-08-17T08:00:00Z,0.00097627,58.400,294960.2,139045.5
2023-08-17T16:00:00Z,-0.00102778,55.380,1018059.4,497571.0
2023-08-18T00:00:00Z,-0.00073419,56.490,315508.0,160787.5
2023-08-18T08:00:00Z,-0.00016206,55.700,199166.6,98342.4
2023-08-18T16:00:00Z,-0.00031854,55.800,299155.8,147490.0
2023-08-19T00:00:00Z,-0.00048744,55.960,93392.2,45903.1
2023-08-19T08:00:00Z,-0.00055373,56.580,102804.6,48626.6
2023-08-19T16:00:00Z,-0.00045890,56.550,99318.1,48424.5
2023-08-20T00:00:00Z,-0.00035118,56.480,59495.8,30831.6
2023-08-20T08:00:00Z,-0.00043246,56.650,102403.1,52300.7
2023-08-20T16:00:00Z,-0.00054616,57.070,71872.3,36919.5
2023-08-21T00:00:00Z,0,56.820,133735.5,64970.4
2023-08-21T08:00:00Z,-0.00122545,55.520,251131.1,117942.1
2023-08-21T16:00:00Z,-0.00045647,55.510,134976.2,65280.9
2023-08-22T00:00:00Z,-0.00098666,55.430,148041.1,72514.0
2023-08-22T08:00:00Z,0,54.620,224970.7,112819.0
2023-08-22T16:00:00Z,-0.00080842,54.880,380666.9,188632.3
2023-08-23T00:00:00Z,-0.00040975,55.780,167452.5,92484.1
2023-08-23T08:00:00Z,-0.00034166,56.200,111751.0,55614.0
2023-08-23T16:00:00Z,-0.00068330,57.110,199760.3,103379.6
2023-08-24T00:00:00Z,0,58.810,244268.4,130549.8
2023-08-24T08:00:00Z,-0.00049752,56.960,270533.6,130027.2
2023-08-24T16:00:00Z,-0.00082072,57.430,164862.8,81039.2
2023-08-25T00:00:00Z,-0.00065966,56.190,316499.9,154745.5
2023-08-25T08:00:00Z,-0.00052314,56.420,179040.2,86435.1
2023-08-25T16:00:00Z,0,56.930,90837.3,46594.5
2023-08-26T00:00:00Z,-0.00036715,56.890,55652.7,25797.7
2023-08-26T08:00:00Z,-0.00007700,56.700,86170.9,41814.8
2023-08-26T16:00:00Z,-0.00004499,56.670,58552.3,29978.2
2023-08-27T00:00:00Z,-0.00052354,57.270,61451.1,32751.3
2023-08-27T08:00:00Z,-0.00042477,57.880,89883.4,45962.3
2023-08-27T16:00:00Z,-0.00008319,58.330,81748.4,41616.6
2023-08-28T00:00:00Z,-0.00027483,56.830,159504.4,78522.2
2023-08-28T08:00:00Z,-0.00005350,58.200,209089.3,97811.3
2023-08-28T16:00:00Z,-0.00059105,58.230,110148.5,55999.3
2023-08-29T00:00:00Z,-0.00096689,57.270,169109.2,84257.5
2023-08-29T08:00:00Z,-0.00022832,59.150,398729.3,192018.3
2023-08-29T16:00:00Z,-0.00061925,59.520,233991.1,125046.2
2023-08-30T00:00:00Z,0,58.910,118570.0,57871.5
2023-08-30T08:00:00Z,-0.00061722,57.750,161932.3,84149.1
2023-08-30T16:00:00Z,0,57.740,63483.0,32499.1
2023-08-31T00:00:00Z,-0.00061924,57.560,59624.4,26344.6
2023-08-31T08:00:00Z,-0.00029863,56.370,176897.8,80706.0
2023-08-31T16:00:00Z,-0.00006985,55.530,267786.1,129762.0
2023-09-01T00:00:00Z,-0.00045627,55.270,80238.7,37892.7
2023-09-01T08:00:00Z,-0.00052229,54.450,107293.0,54701.0
2023-09-01T16:00:00Z,-0.00032618,54.490,158750.1,76400.7
2023-09-02T00:00:00Z,-0.00044230,54.610,69253.6,33250.2
2023-09-02T08:00:00Z,-0.00047962,54.540,80128.1,39486.4
2023-09-02T16:00:00Z,0,55.190,146842.8,75858.1
2023-09-03T00:00:00Z,-0.00051011,54.730,60043.0,26518.1
2023-09-03T08:00:00Z,-0.00109324,54.500,75771.3,35837.1
2023-09-03T16:00:00Z,-0.00080643,54.740,77551.3,38470.6
2023-09-04T00:00:00Z,-0.00049218,55.160,102428.4,52810.8
2023-09-04T08:00:00Z,-0.00001764,54.500,99462.8,47629.7
2023-09-04T16:00:00Z,-0.00031868,54.670,74449.3,38101.7
2023-09-05T00:00:00Z,-0.00075313,54.920,61891.4,31406.6
2023-09-05T08:00:00Z,-0.00064635,55.600,131020.9,70933.4
2023-09-05T16:00:00Z,-0.00039252,55.500,75443.1,37405.6
2023-09-06T00:00:00Z,-0.00036167,55.150,93460.9,45736.2
2023-09-06T08:00:00Z,-0.00010665,54.640,92822.3,46004.5
2023-09-06T16:00:00Z,-0.00039563,55.100,131008.4,66708.1
2023-09-07T00:00:00Z,-0.00069282,55.230,49825.3,27140.0
2023-09-07T08:00:00Z,-0.00016111,55.150,112001.7,51943.1
2023-09-07T16:00:00Z,0,56.280,128310.9,68190.7
2023-09-08T00:00:00Z,-0.00035594,57.190,114353.7,59515.2
2023-09-08T08:00:00Z,-0.00053318,56.080,148074.4,68078.0
2023-09-08T16:00:00Z,-0.00012632,56.450,74430.4,40566.5
2023-09-09T00:00:00Z,-0.00017026,56.450,52089.3,25797.2
2023-09-09T08:00:00Z,-0.00022047,56.430,54972.2,26112.4
2023-09-09T16:00:00Z,-0.00044782,56.180,43672.3,20415.1
2023-09-10T00:00:00Z,-0.00056535,55.050,207718.8,103327.8
2023-09-10T08:00:00Z,-0.00062493,54.210,88504.5,42102.1
2023-09-10T16:00:00Z,-0.00115475,53.930,116353.2,54601.2
2023-09-11T00:00:00Z,-0.00048534,53.740,100796.7,50309.0
2023-09-11T08:00:00Z,-0.00030209,52.460,283056.1,136706.4
2023-09-11T16:00:00Z,-0.00062589,52.070,126239.4,60258.2
2023-09-12T00:00:00Z,-0.00037106,52.820,148153.5,72618.6
2023-09-12T08:00:00Z,-0.00040467,53.380,211943.4,107465.1
2023-09-12T16:00:00Z,-0.00043352,53.010,132269.0,65222.5
2023-09-13T00:00:00Z,0,53.270,197388.0,104843.1
2023-09-13T08:00:00Z,-0.00065105,54.260,193399.5,102592.9
2023-09-13T16:00:00Z,-0.00032656,53.550,100186.7,46363.1
2023-09-14T00:00:00Z,-0.00096851,53.800,119631.0,62790.3
2023-09-14T08:00:00Z,-0.00073094,54.530,134316.1,68740.1
2023-09-14T16:00:00Z,-0.00031689,54.320,109363.8,52991.7
2023-09-15T00:00:00Z,-0.00009795,54.550,88227.5,45515.4
2023-09-15T08:00:00Z,-0.00038909,54.410,126039.2,62241.8
2023-09-15T16:00:00Z,0,55.840,116137.2,64222.4
2023-09-16T00:00:00Z,0.00025563,59.270,1015777.1,503626.6
2023-09-16T08:00:00Z,-0.00039990,58.690,316316.2,161349.3
2023-09-16T16:00:00Z,-0.00029864,59.140,157736.0,79427.4
2023-09-17T00:00:00Z,-0.00071782,60.840,493647.8,258491.1
2023-09-17T08:00:00Z,-0.00022606,60.590,386095.7,180247.7
2023-09-17T16:00:00Z,-0.00133559,59.330,329306.8,171890.3
2023-09-18T00:00:00Z,-0.00030070,60.620,361912.9,185054.3
2023-09-18T08:00:00Z,-0.00035097,61.630,337969.0,167540.7
2023-09-18T16:00:00Z,-0.00040035,60.480,218964.3,102531.7
2023-09-19T00:00:00Z,-0.00025654,62.070,281234.2,141931.3
2023-09-19T08:00:00Z,0,62.430,392157.8,202035.9
2023-09-19T16:00:00Z,0,61.800,128387.8,66581.8
2023-09-20T00:00:00Z,-0.00040317,61.530,167224.6,84269.2
2023-09-20T08:00:00Z,-0.00039751,63.630,493577.7,247424.7
2023-09-20T16:00:00Z,-0.00106484,65.420,507948.8,253985.9
2023-09-21T00:00:00Z,-0.00060985,63.800,352543.4,174432.3
2023-09-21T08:00:00Z,-0.00076913,63.400,389783,190988.8
2023-09-21T16:00:00Z,-0.00044092,62.460,136014.2,66069.6
2023-09-22T00:00:00Z,0,63.620,194735.3,102963.6
2023-09-22T08:00:00Z,0,63.330,154478.8,79273.6
2023-09-22T16:00:00Z,0,64.360,191666.6,96158.5
2023-09-23T00:00:00Z,0,63.800,150262.2,74652.5
2023-09-23T08:00:00Z,-0.00043720,62.560,125418.5,55970.8
2023-09-23T16:00:00Z,-0.00029978,62.940,121061.3,60873.5
2023-09-24T00:00:00Z,-0.00039157,62.500,90165.2,41974.9
2023-09-24T08:00:00Z,-0.00039591,62.210,129155.7,63560.9
2023-09-24T16:00:00Z,-0.00024619,61.680,158916,77945.4
2023-09-25T00:00:00Z,-0.00011971,62.180,207270.1,94720.2
2023-09-25T08:00:00Z,0,62.560,206664.2,99018.6
2023-09-25T16:00:00Z,-0.00015249,62.220,91420.7,45037.7
2023-09-26T00:00:00Z,-0.00025474,61.730,120145.8,60835.8
2023-09-26T08:00:00Z,-0.00148651,60.740,181915.7,92974.5
2023-09-26T16:00:00Z,-0.00025084,61.110,105502.5,53149.3
2023-09-27T00:00:00Z,0,60.910,82636.3,40796.2
2023-09-27T08:00:00Z,-0.00045580,60.720,380631.2,196990.9
2023-09-27T16:00:00Z,0,60.680,153422.3,78198.3
2023-09-28T00:00:00Z,0,61.570,223600.1,114127.4
2023-09-28T08:00:00Z,-0.00021942,64.470,492093.2,249266.1
2023-09-28T16:00:00Z,-0.00057662,65.660,597608,286265.6
2023-09-29T00:00:00Z,-0.00027449,67.410,445379.1,237053.3
2023-09-29T08:00:00Z,-0.00035250,65.800,286264.8,139502.7
2023-09-29T16:00:00Z,-0.00052862,66.040,106169.4,52684.3
2023-09-30T00:00:00Z,-0.00024799,66.960,200117.6,101711
2023-09-30T08:00:00Z,-0.00033955,68.370,271652.9,145882.2
2023-09-30T16:00:00Z,-0.00012002,67.530,137199.5,62626.4
2023-10-01T00:00:00Z,-0.00009786,68.990,240368.3,134527.4
2023-10-01T08:00:00Z,-0.00060665,69.040,221616,112520.5
2023-10-01T16:00:00Z,0,72.220,312287.3,164251.4
2023-10-02T00:00:00Z,0,71.030,202852.3,99917.5
2023-10-02T08:00:00Z,0,68.810,218899.7,104916.6
2023-10-02T16:00:00Z,-0.00012127,69.150,255376.7,128039.4
2023-10-03T00:00:00Z,-0.00047107,69.340,126066.7,61616.6
2023-10-03T08:00:00Z,-0.00056268,64.980,669075.2,292946.5
2023-10-03T16:00:00Z,-0.00056229,65.040,200410,100213.5
2023-10-04T00:00:00Z,-0.00029892,64.600,300024.2,147899.4
2023-10-04T08:00:00Z,-0.00070905,64.410,313916.3,133953.7
2023-10-04T16:00:00Z,-0.00011138,66.640,288328.7,162986.9
2023-10-05T00:00:00Z,-0.00043509,69.980,1218206.4,617813
2023-10-05T08:00:00Z,-0.00052047,68.960,750981.8,377393.2
2023-10-05T16:00:00Z,-0.00039647,66.850,521380,249040.7
2023-10-06T00:00:00Z,-0.00022956,67.810,422071.6,219307.3
2023-10-06T08:00:00Z,-0.00067074,69.280,313677.5,157136.8
2023-10-06T16:00:00Z,-0.00034142,68.850,139807.2,67047.7
2023-10-07T00:00:00Z,-0.00027644,66.030,418533.8,186127.4
2023-10-07T08:00:00Z,-0.00057490,66.880,272910.6,151426.1
2023-10-07T16:00:00Z,-0.00043660,66.670,111902.8,54715.1
2023-10-08T00:00:00Z,-0.00016303,66.160,126395.5,61734.4
2023-10-08T08:00:00Z,-0.00008646,65.560,167403.3,83478.6
2023-10-08T16:00:00Z,-0.00041264,65.980,90588.5,47013.2
2023-10-09T00:00:00Z,-0.00031515,65.040,136443,63341
2023-10-09T08:00:00Z,0,63.700,332666.6,159830.9
2023-10-09T16:00:00Z,0,63.240,237807.2,121262.2
2023-10-10T00:00:00Z,-0.00061318,64.300,272338.5,154539.4
2023-10-10T08:00:00Z,-0.00038202,63.920,184602.7,92675.8
2023-10-10T16:00:00Z,-0.00012693,64.070,147209.3,74266.5
2023-10-11T00:00:00Z,-0.00022452,63.040,174723.6,86668.8
2023-10-11T08:00:00Z,-0.00037943,63.090,180243.3,92654.6
2023-10-11T16:00:00Z,-0.00029478,63.240,126779.9,66454.7
2023-10-12T00:00:00Z,-0.00028872,63.390,115323.2,54975.9
2023-10-12T08:00:00Z,-0.00043448,62.400,166500.3,84587.2
2023-10-12T16:00:00Z,-0.00057896,62.920,133378.4,64198.7
2023-10-13T00:00:00Z,-0.00010662,63.560,107235.3,56172.1
2023-10-13T08:00:00Z,-0.00057315,63.060,100124.6,50097.9
2023-10-13T16:00:00Z,-0.00012609,63.670,135651.6,69523.8
2023-10-14T00:00:00Z,-0.00058941,64.050,130601.8,66931.5
2023-10-14T08:00:00Z,0,64.650,91580.7,47169.5
2023-10-14T16:00:00Z,-0.00055784,64.220,60887.2,29372.7
2023-10-15T00:00:00Z,0,64.430,83338.4,39074.7
2023-10-15T08:00:00Z,-0.00033908,63.940,93437.8,43759.9
2023-10-15T16:00:00Z,-0.00014375,63.910,73875,35798.9
2023-10-16T00:00:00Z,-0.00037885,65.240,197715.9,99272.8
2023-10-16T08:00:00Z,-0.00038605,63.560,438929.9,226035.5
2023-10-16T16:00:00Z,-0.00034623,64.740,114838.2,59595.8
2023-10-17T00:00:00Z,-0.00039903,64.190,117294.6,57588
2023-10-17T08:00:00Z,-0.00065799,62.490,311694.6,145507.7
2023-10-17T16:00:00Z,-0.00049331,62.560,156898.4,57060.8
2023-10-18T00:00:00Z,-0.00007409,62.620,128130.3,64686.6
2023-10-18T08:00:00Z,-0.00053931,62.100,169790.4,89278.3
2023-10-18T16:00:00Z,-0.00034562,62,59055,28543.8
2023-10-19T00:00:00Z,-0.00040596,61.860,103630.8,51486
2023-10-19T08:00:00Z,-0.00071360,63.840,634533,320856.5
2023-10-19T16:00:00Z,-0.00039830,63.870,193693.9,97843.8
2023-10-20T00:00:00Z,-0.00026701,64.530,188795.3,97742
2023-10-20T08:00:00Z,-0.00058569,65.620,1511548.3,716596
2023-10-20T16:00:00Z,-0.00033638,65.860,126846.1,65935.2
2023-10-21T00:00:00Z,-0.00103245,66.290,348398.2,154380.3
2023-10-21T08:00:00Z,-0.00004051,69.940,432083.7,233215.7
2023-10-21T16:00:00Z,-0.00072160,70.030,313281.6,156779.9
2023-10-22T00:00:00Z,-0.00006885,77.100,1814562.5,933849.8
2023-10-22T08:00:00Z,0,74.620,721390.2,355097.5
2023-10-22T16:00:00Z,0,79.270,704100.4,367878.5
2023-10-23T00:00:00Z,0,83.940,1486593.6,747346.5
2023-10-23T08:00:00Z,-0.00015458,84.090,1220160.6,603520.7
2023-10-23T16:00:00Z,0,84.900,794362.4,398045.8
2023-10-24T00:00:00Z,0.00009776,83.980,1079438.3,544786.7
2023-10-24T08:00:00Z,0,81.990,730385.5,361817.5
2023-10-24T16:00:00Z,0.00005428,83.500,302566.9,151550.1
2023-10-25T00:00:00Z,0,82.170,506416.6,240600.1
2023-10-25T08:00:00Z,0,84.640,444167.2,216431.9
2023-10-25T16:00:00Z,0.00022440,86.150,411588.6,195884.9
2023-10-26T00:00:00Z,0.00008273,83.530,616727.6,296535.5
2023-10-26T08:00:00Z,0,78.980,620756.1,308207.4
2023-10-26T16:00:00Z,0,80.730,184734.3,92591.5
2023-10-27T00:00:00Z,0,77.880,264447.6,118790.5
2023-10-27T08:00:00Z,0.00019002,78.070,294379.5,139134.7
2023-10-27T16:00:00Z,0.00014626,78.380,239628.6,115024.1
2023-10-28T00:00:00Z,0,80.290,189654.8,95991.3
2023-10-28T08:00:00Z,0.00110372,80.680,190421.8,93628.2
2023-10-28T16:00:00Z,-0.00020493,80.020,92399.7,39954.4
2023-10-29T00:00:00Z,0.00017500,81.620,347971.8,176311.5
2023-10-29T08:00:00Z,0.00051122,84.720,287968.4,142868.4
2023-10-29T16:00:00Z,0.00058315,84.570,193706.7,87021.8
2023-10-30T00:00:00Z,0,84.240,231950,107546.2
2023-10-30T08:00:00Z,0.00003565,83.370,506594,250967.1
2023-10-30T16:00:00Z,0,83.670,192686,91825.2
2023-10-31T00:00:00Z,0.00012220,81.800,265782.7,131735
2023-10-31T08:00:00Z,0,80.210,346255.6,165926.8
2023-10-31T16:00:00Z,0,81.460,163258.1,76298.8
2023-11-01T00:00:00Z,0.00018670,82.310,270210.5,125177.4
2023-11-01T08:00:00Z,0.00117174,85.800,581356.9,291189.1
2023-11-01T16:00:00Z,0.00045654,89.260,793898.7,394198.2
2023-11-02T00:00:00Z,0.00110232,93.650,2137727.4,1017003.4
2023-11-02T08:00:00Z,0,91.400,953454.8,476904.3
2023-11-02T16:00:00Z,0.00031040,92.030,365292.5,180560.4
2023-11-03T00:00:00Z,0.00018678,90.990,380602.6,178174
2023-11-03T08:00:00Z,0.00041704,92.890,386059.2,196224.7
2023-11-03T16:00:00Z,0.00097288,90.220,242740.7,112248.4
2023-11-04T00:00:00Z,0.00067404,90.680,289029.8,142086.1
2023-11-04T08:00:00Z,0.00020840,89.030,295424.9,143922.6
2023-11-04T16:00:00Z,0.00041035,90.130,257982.9,123411
2023-11-05T00:00:00Z,0.00095412,90.130,300757.6,142423.2
2023-11-05T08:00:00Z,0.00008816,88.120,465055.3,211570.1
2023-11-05T16:00:00Z,0.00003211,89.150,252952.1,121410.2
2023-11-06T00:00:00Z,0.00006717,93.370,436610.9,194356.3
2023-11-06T08:00:00Z,0,95.930,1026712.4,500351.5
2023-11-06T16:00:00Z,0.00126377,100.330,384080.8,190860.1
2023-11-07T00:00:00Z,0,97.660,1125582.8,515850.5
2023-11-07T08:00:00Z,0.00030758,96.650,434109.1,208013.4
2023-11-07T16:00:00Z,0,97.490,266206.2,135990.1
2023-11-08T00:00:00Z,0.00059543,96.120,298980.6,143967.5
2023-11-08T08:00:00Z,0.00046423,98.150,188643.2,89498.7
2023-11-08T16:00:00Z,0.00147713,100.380,279621.6,141710.2
2023-11-09T00:00:00Z,0.00068045,106.350,859635.7,413820.6
2023-11-09T08:00:00Z,0,100.270,783668.6,362853
2023-11-09T16:00:00Z,0.00000771,100.840,843100.2,422227.7
2023-11-10T00:00:00Z,0.00012390,97.830,332238.4,146379.4
2023-11-10T08:00:00Z,0,97.300,326643.8,153011.8
2023-11-10T16:00:00Z,0.00077947,100.370,210636.6,103752.1
2023-11-11T00:00:00Z,0,96.090,422298.9,192532.1
2023-11-11T08:00:00Z,0,98.530,239845.3,114084.8
2023-11-11T16:00:00Z,0,96.950,296665.9,137574.9
2023-11-12T00:00:00Z,0.00021053,98.180,304255.1,146771.2
2023-11-12T08:00:00Z,0,96.310,232632.4,107264.9
2023-11-12T16:00:00Z,0,99.760,191781.6,95090.8
2023-11-13T00:00:00Z,0.00024863,97.790,527004.4,250953.5
2023-11-13T08:00:00Z,-0.00013228,97.240,316426.2,155011.4
2023-11-13T16:00:00Z,-0.00035361,92.940,285858.2,130675.7
2023-11-14T00:00:00Z,0.00001385,94.900,187977.4,92411.3
2023-11-14T08:00:00Z,0.00031621,92.930,273860.3,129495
2023-11-14T16:00:00Z,0,90.800,351009.4,160313.7
2023-11-15T00:00:00Z,0,93.480,234616.2,123035.3
2023-11-15T08:00:00Z,0.00042419,94.660,174967.4,85755.4
2023-11-15T16:00:00Z,0,95.490,211052.9,98576.5
2023-11-16T00:00:00Z,0.00026827,97.560,220113.7,112370.4
2023-11-16T08:00:00Z,0.00014953,92.380,403766.6,192850.7
2023-11-16T16:00:00Z,0,91.100,610560.9,298066.3
2023-11-17T00:00:00Z,0.00017635,90.640,218532,104229.9
2023-11-17T08:00:00Z,0,85.400,314678.8,152705.7
2023-11-17T16:00:00Z,0,88.710,201067.3,100906.4
2023-11-18T00:00:00Z,0.00000542,84.980,236562.9,104303
2023-11-18T08:00:00Z,0,87.320,209767.8,110297.8
2023-11-18T16:00:00Z,0.00005482,88.140,109489.9,51920
2023-11-19T00:00:00Z,0.00028111,88.720,121491.5,60436
2023-11-19T08:00:00Z,0,88.840,115790.4,54580.5
2023-11-19T16:00:00Z,0,91.510,134921,67136.9
2023-11-20T00:00:00Z,0.00029968,92.240,155945.3,78730.2
2023-11-20T08:00:00Z,0,91.750,232357.4,110377
2023-11-20T16:00:00Z,0.00050146,90.280,179959.3,87938.8
2023-11-21T00:00:00Z,0,88.840,247239.7,116677.4
2023-11-21T08:00:00Z,0,88.450,238089.7,110835.4
2023-11-21T16:00:00Z,-0.00024085,84.470,368358.2,182704.1
2023-11-22T00:00:00Z,0.00007197,88.770,145909,66670.8
2023-11-22T08:00:00Z,0,92.310,479738.6,242620.3
2023-11-22T16:00:00Z,0.00032130,95.430,256058,131701.4
2023-11-23T00:00:00Z,0.00005147,95.810,388535.5,192100.5
2023-11-23T08:00:00Z,0.00003592,95.660,210163.3,98873
2023-11-23T16:00:00Z,0.00041602,96.050,96526.3,50290.9
2023-11-24T00:00:00Z,0.00029540,97.300,249502.4,131323
2023-11-24T08:00:00Z,0.00016823,97.640,169171.2,81271.3
2023-11-24T16:00:00Z,0.00024730,99.230,151111.5,75290.9
2023-11-25T00:00:00Z,0.00082280,99.260,139551,68973.6
2023-11-25T08:00:00Z,0.00046556,100.050,239975.5,116631.8
2023-11-25T16:00:00Z,0.00048285,99.650,77162,37502.2
2023-11-26T00:00:00Z,0.00026262,102.180,196457.8,97777.2
2023-11-26T08:00:00Z,0,98.620,207122.8,92078.8
2023-11-26T16:00:00Z,0.00057341,97.960,200777.5,100903.9
2023-11-27T00:00:00Z,0.00057070,95.770,149088.4,71943
2023-11-27T08:00:00Z,0.00020520,94.530,129042.1,62834
2023-11-27T16:00:00Z,0.00065419,96.280,106081.7,54805.5
2023-11-28T00:00:00Z,0.00024356,94.300,202150.2,97003.7
2023-11-28T08:00:00Z,0,94.760,186442.5,95346.8
2023-11-28T16:00:00Z,0.00040033,96.960,522756.6,252248.9
2023-11-29T00:00:00Z,0.00047794,98.030,127684.4,67388
2023-11-29T08:00:00Z,0,96.690,230461,114176.1
2023-11-29T16:00:00Z,0.00029650,96.530,129064,65304.5
2023-11-30T00:00:00Z,0,95.930,94508.8,43797.2
2023-11-30T08:00:00Z,0.00054961,96.870,138038.4,65042.9
2023-11-30T16:00:00Z,0.00018203,98.350,74351.4,37287.8
2023-12-01T00:00:00Z,0.00026724,99.830,161312.4,81560.3
2023-12-01T08:00:00Z,0.00018899,100.700,104277.3,52060.8
2023-12-01T16:00:00Z,0.00030943,100.180,113051.9,55546.2
2023-12-02T00:00:00Z,0,102.080,87495.7,46717.8
2023-12-02T08:00:00Z,0.00002255,101.560,165146.3,75739.2
2023-12-02T16:00:00Z,0.00076621,104.270,148607.1,73822.8
2023-12-03T00:00:00Z,0.00119857,103.620,107041.9,51410.5
2023-12-03T08:00:00Z,0.00033673,102.280,113307.3,57014.8
2023-12-03T16:00:00Z,0.00075506,102.830,93693.1,50516.2
2023-12-04T00:00:00Z,0.00038982,102.630,433282.3,211702.6
2023-12-04T08:00:00Z,0,98.510,367448.9,180502.5
2023-12-04T16:00:00Z,0.00050923,100.050,116312.1,59111.5
2023-12-05T00:00:00Z,0.00032061,96.940,289350,135153
2023-12-05T08:00:00Z,0.00008159,97.010,197239.7,95524.5
2023-12-05T16:00:00Z,0.00071426,98.790,277882.4,143728.9
2023-12-06T00:00:00Z,0.00085779,97.520,247488.9,120012.6
2023-12-06T08:00:00Z,0.00047544,97.650,210099.6,100018.7
2023-12-06T16:00:00Z,0,96.280,125925,59348
2023-12-07T00:00:00Z,0.00013727,98.480,119494,55250.3
2023-12-07T08:00:00Z,0.00055391,98.380,292150.8,134805.2
2023-12-07T16:00:00Z,0.00038042,98.720,237233.4,108386.8
2023-12-08T00:00:00Z,0.00026989,99.600,191066.4,95496.6
2023-12-08T08:00:00Z,-0.00073390,96.940,421425.1,209551.8
2023-12-08T16:00:00Z,-0.00011730,99.470,372319.1,181377.7
2023-12-09T00:00:00Z,0.00057301,103,323359.2,150203.5
2023-12-09T08:00:00Z,0,100.430,601310.2,282242.8
2023-12-09T16:00:00Z,0,98.650,324403.9,156138.5
2023-12-10T00:00:00Z,-0.00038692,99.060,178537.4,90341.7
2023-12-10T08:00:00Z,0,98.060,236089.9,113197.8
2023-12-10T16:00:00Z,0,97.970,160864.6,77447.1
2023-12-11T00:00:00Z,0,90.750,733143.8,331567.5
2023-12-11T08:00:00Z,-0.00001883,90.450,287960.8,140765.1
2023-12-11T16:00:00Z,-0.00022356,91.570,301770.9,142125.6
2023-12-12T00:00:00Z,-0.00031071,92.760,191572.3,88882.5
2023-12-12T08:00:00Z,-0.00015598,92.560,280338.9,134668.2
2023-12-12T16:00:00Z,0,92.660,198485.2,95304.5
2023-12-13T00:00:00Z,-0.00011477,89.990,268371.2,130539.3
2023-12-13T08:00:00Z,0,93.200,278943.7,148371.4
2023-12-13T16:00:00Z,0,94.780,301441.7,140384.3
2023-12-14T00:00:00Z,0.00018309,95.290,116278,53123.6
2023-12-14T08:00:00Z,0.00016157,97.470,387695.3,185167.8
2023-12-14T16:00:00Z,0.00055228,107.210,721041.1,367904.1
2023-12-15T00:00:00Z,0.00066683,107.690,622560.2,304313.3
2023-12-15T08:00:00Z,0.00093265,111.200,1758196,855625.2
2023-12-15T16:00:00Z,0.00072570,108.250,641886.8,306095.3
2023-12-16T00:00:00Z,0.00014520,105.130,443143.3,212300.2
2023-12-16T08:00:00Z,0,107.580,355027.1,172964.4
2023-12-16T16:00:00Z,0.00021781,104.840,307763.2,152321.6
2023-12-17T00:00:00Z,0.00056540,102.560,240949.6,113487.4
2023-12-17T08:00:00Z,0.00085632,103.410,239876.3,114454.4
2023-12-17T16:00:00Z,0.00053362,100.170,219658.3,104667.1
2023-12-18T00:00:00Z,0,96.860,273621.5,124258.9
2023-12-18T08:00:00Z,0.00016961,95.360,376174.4,178280.4
2023-12-18T16:00:00Z,0.00005400,99.380,250712.9,132084.6
2023-12-19T00:00:00Z,0.00035235,106.000,562199.3,261462.4
2023-12-19T08:00:00Z,0.00076961,102.590,263541.4,129596.6
2023-12-19T16:00:00Z,0.00046285,101.430,377941.9,173359.2
2023-12-20T00:00:00Z,0.00036216,102.010,264924.0,126541.9
2023-12-20T08:00:00Z,0.00033633,104.160,241426.4,115230.2
2023-12-20T16:00:00Z,0.00094606,100.180,238117.4,109237.3
2023-12-21T00:00:00Z,0.00065260,100.420,151126.1,70417.6
2023-12-21T08:00:00Z,0.00065877,99.440,319403.8,151322.5
2023-12-21T16:00:00Z,0.00059452,101.790,177964.0,85799.3
2023-12-22T00:00:00Z,0.00101102,99.130,257120.7,118280.3
2023-12-22T08:00:00Z,0.00078739,100.180,254687.1,133562.2
2023-12-22T16:00:00Z,0.00094993,100.160,156226.5,72278.3
2023-12-23T00:00:00Z,0.00027518,96.270,411343.8,170244.0
2023-12-23T08:00:00Z,0,98.060,357780.9,182669.8
2023-12-23T16:00:00Z,0.00028638,99.440,192412.4,90404.2
2023-12-24T00:00:00Z,0.00022136,102.030,396665.7,193209.5
2023-12-24T08:00:00Z,0.00004120,101.580,298795.5,137890.5
2023-12-24T16:00:00Z,-0.00009006,99.650,299462.9,138031.6
2023-12-25T00:00:00Z,0.00126405,103.110,364907.2,175374.1
2023-12-25T08:00:00Z,0.00060117,101.780,378349.2,181499.9
2023-12-25T16:00:00Z,0,102.810,209903.6,99914.6
2023-12-26T00:00:00Z,0.00062846,100.350,368846.7,172665.4
2023-12-26T08:00:00Z,0.00045243,105.120,959807.5,448869.1
2023-12-26T16:00:00Z,0.00042384,102.970,436722.3,207816.9
2023-12-27T00:00:00Z,0.00052646,101.350,305757.5,142243.6
2023-12-27T08:00:00Z,0.00066042,110.710,797674.1,408560.1
2023-12-27T16:00:00Z,0.00077681,112.080,358672.9,172527.9
2023-12-28T00:00:00Z,0.00274514,122.210,1665202.8,810574.1
2023-12-28T08:00:00Z,0.00142478,114.230,791075.0,378188.3
2023-12-28T16:00:00Z,0.00018258,119.030,544547.5,268937.9
2023-12-29T00:00:00Z,0,109.380,748377.5,359701.4
2023-12-29T08:00:00Z,0.00093761,111.490,503777.9,236038.0
2023-12-29T16:00:00Z,0.00053401,112.530,365666.9,177064.7
2023-12-30T00:00:00Z,0.00152555,115.500,444049.3,212727.5
2023-12-30T08:00:00Z,0.00126339,112.640,422378.6,203338.6
2023-12-30T16:00:00Z,0.00049417,111.120,223500.4,110913.3
2023-12-31T00:00:00Z,0.00119271,113.630,350585.2,167496.8
2023-12-31T08:00:00Z,0.00059712,116.300,443049.0,215199.2
2023-12-31T16:00:00Z,0.00038059,108.780,401521.6,186417.7
2024-01-01T00:00:00Z,0.00116433,109.750,189269.8,90795.5
2024-01-01T08:00:00Z,0.00110681,112.550,152511.0,71644.6
2024-01-01T16:00:00Z,0.00079878,116.320,198081.5,96535.5
2024-01-02T00:00:00Z,0.00049651,116.110,299324.8,133950.1
2024-01-02T08:00:00Z,0.00102339,112.770,234946.7,106993.3
2024-01-02T16:00:00Z,0.00043188,110.400,297789.1,141518.6
2024-01-03T00:00:00Z,0.00023031,111.150,242809.4,125232.0
2024-01-03T08:00:00Z,0,101.680,857646.8,389228.6
2024-01-03T16:00:00Z,-0.00029275,102.540,280731.1,130986.9
2024-01-04T00:00:00Z,0,102.360,172576.6,83546.6
2024-01-04T08:00:00Z,0,105.120,220256.8,107234.7
2024-01-04T16:00:00Z,0,103.810,125521.3,59698.1
2024-01-05T00:00:00Z,-0.00007537,104.350,364159.4,176202.5
2024-01-05T08:00:00Z,0,101.790,246579.2,122842.3
2024-01-05T16:00:00Z,0,102.940,179831.5,90077.8
2024-01-06T00:00:00Z,0,98.950,212937.7,103629.7
2024-01-06T08:00:00Z,0,99.910,103624.9,47126.2
2024-01-06T16:00:00Z,-0.00010733,99.380,94234.5,45847.1
2024-01-07T00:00:00Z,0,99.890,105659.9,51493.8
2024-01-07T08:00:00Z,-0.00016978,97.860,157027.7,72898.5
2024-01-07T16:00:00Z,-0.00009288,94.860,189929.1,88494.3
2024-01-08T00:00:00Z,-0.00011646,93.750,336893.8,162468.0
2024-01-08T08:00:00Z,-0.00006235,95.570,204515.2,100895.3
2024-01-08T16:00:00Z,0,99.010,233416.9,120785.1
2024-01-09T00:00:00Z,0,97.350,140067.4,67567.8
2024-01-09T08:00:00Z,0,93.450,222738.1,107766.5
2024-01-09T16:00:00Z,0,96.430,302739.7,151360.0
2024-01-10T00:00:00Z,0,98.630,157971.4,74694.4
2024-01-10T08:00:00Z,0,102.440,492281.7,238915.1
2024-01-10T16:00:00Z,-0.00026034,106.990,595337.0,295442.1
2024-01-11T00:00:00Z,0,108.850,312718.6,153400.6
2024-01-11T08:00:00Z,0,109.470,685892.7,328009.5
2024-01-11T16:00:00Z,-0.00008458,109.580,364070.5,177974.0
2024-01-12T00:00:00Z,0,109.130,169625.6,81958.0
2024-01-12T08:00:00Z,-0.00025269,109.010,363895.3,176430.7
2024-01-12T16:00:00Z,0,102.990,379446.7,180650.5
2024-01-13T00:00:00Z,0,104.280,116035.6,58085.9
2024-01-13T08:00:00Z,-0.00002108,105.840,142175.3,69474.1
2024-01-13T16:00:00Z,-0.00016471,105.970,111924.8,52607.2
2024-01-14T00:00:00Z,0,103.770,95346.0,46438.5
2024-01-14T08:00:00Z,0,103.610,74226.4,37228.1
2024-01-14T16:00:00Z,0,99.360,158119.4,74317.0
2024-01-15T00:00:00Z,0,101.340,98025.3,46260.5
2024-01-15T08:00:00Z,-0.00041259,101.100,162988.6,79486.4
2024-01-15T16:00:00Z,0.00013736,101.820,95710.8,45621.4
2024-01-16T00:00:00Z,0,106.300,624483.9,318525.0
2024-01-16T08:00:00Z,0,105.040,291021.8,142040.4
2024-01-16T16:00:00Z,-0.00053793,103.510,181365.7,78938.7
2024-01-17T00:00:00Z,-0.00044734,101.040,204408.4,103978.9
2024-01-17T08:00:00Z,-0.00002578,101.010,166264.3,82898.8
2024-01-17T16:00:00Z,-0.00059035,101.280,93040.0,45910.3
2024-01-18T00:00:00Z,-0.00011452,101.490,72914.9,35866.1
2024-01-18T08:00:00Z,-0.00003147,99.840,116050.4,53716.8
2024-01-18T16:00:00Z,0,96.840,228475.6,107781.6
2024-01-19T00:00:00Z,-0.00017032,96.350,128983.6,63360.3
2024-01-19T08:00:00Z,-0.00074399,94.990,123513.8,62273.0
2024-01-19T16:00:00Z,-0.00044849,97.000,230093.9,109640.4
2024-01-20T00:00:00Z,-0.00017295,97.570,103603.4,48854.7
2024-01-20T08:00:00Z,-0.00032627,96.660,92814.3,47125.4
2024-01-20T16:00:00Z,-0.00028034,97.360,61673.3,30491.6
2024-01-21T00:00:00Z,-0.00044290,97.360,71497.5,36231.0
2024-01-21T08:00:00Z,-0.00067247,97.540,76158.1,37950.9
2024-01-21T16:00:00Z,-0.00001068,96.420,75698.6,38985.0
2024-01-22T00:00:00Z,-0.00079860,94.410,127472.8,63906.0
2024-01-22T08:00:00Z,-0.00024981,93.210,168553.4,83060.6
2024-01-22T16:00:00Z,0.00002505,91.720,161961.0,80034.8
2024-01-23T00:00:00Z,-0.00097058,91.420,71148.9,34665.3
2024-01-23T08:00:00Z,-0.00125382,86.880,375398.7,180310.1
2024-01-23T16:00:00Z,-0.00041210,89.570,136036.2,65076.4
2024-01-24T00:00:00Z,-0.00026298,88.700,109368.2,57755.6
2024-01-24T08:00:00Z,-0.00002132,89.410,108180.1,51946.0
2024-01-24T16:00:00Z,0,89.950,65272.8,33759.4
2024-01-25T00:00:00Z,-0.00075296,89.160,56864.1,28339.2
2024-01-25T08:00:00Z,-0.00058311,87.530,106645.7,54323.4
2024-01-25T16:00:00Z,-0.00003886,88.790,73937.7,33671.5
2024-01-26T00:00:00Z,0,87.660,60156.6,27375.8
2024-01-26T08:00:00Z,-0.00075586,91.020,113969.1,57297.2
2024-01-26T16:00:00Z,-0.00052456,91.270,85614.6,40077.2
2024-01-27T00:00:00Z,-0.00054110,90.600,67055.6,34034.5
2024-01-27T08:00:00Z,-0.00008107,91.270,56450.8,28533.7
2024-01-27T16:00:00Z,-0.00024109,91.530,53009.4,27992.5
2024-01-28T00:00:00Z,-0.00068404,91.870,83239.2,41602.5
2024-01-28T08:00:00Z,0,91.330,101737.1,50996.7
2024-01-28T16:00:00Z,-0.00030805,91.140,73756.0,37808.7
2024-01-29T00:00:00Z,-0.00001099,91.930,70228.3,36850.0
2024-01-29T08:00:00Z,-0.00034812,92.050,79373.4,39499.4
2024-01-29T16:00:00Z,-0.00047883,93.580,102872.8,50626.0
2024-01-30T00:00:00Z,-0.00029045,92.640,70352.6,33906.3
2024-01-30T08:00:00Z,-0.00014272,93.580,106676.4,52493.4
2024-01-30T16:00:00Z,-0.00077288,92.980,154196.9,77729.9
2024-01-31T00:00:00Z,-0.00070217,88.350,507884.6,215127.9
2024-01-31T08:00:00Z,-0.00062666,87.330,367532.9,184940.7
2024-01-31T16:00:00Z,-0.00022751,85.820,261021.1,135395.0
2024-02-01T00:00:00Z,-0.00007859,83.530,328140.7,136322.7
2024-02-01T08:00:00Z,-0.00053769,83.820,253990.7,118058.2
2024-02-01T16:00:00Z,-0.00087564,83.840,233398.6,107889.6
2024-02-02T00:00:00Z,0,83.690,729502.7,329705.1
2024-02-02T08:00:00Z,-0.00052736,86.420,340946.5,170524.5
2024-02-02T16:00:00Z,-0.00017688,85.840,175763.9,82357.0
2024-02-03T00:00:00Z,0.00002529,85.420,93718.5,43624.2
2024-02-03T08:00:00Z,-0.00008618,86.050,192877.9,93159.8
2024-02-03T16:00:00Z,-0.00026101,85.620,104457.7,47317.7
2024-02-04T00:00:00Z,0,84.230,121437.6,54248.0
2024-02-04T08:00:00Z,-0.00091453,84.900,96027.5,46720.7
2024-02-04T16:00:00Z,-0.00002484,83.200,149093.2,71166.8
2024-02-05T00:00:00Z,-0.00015764,84.400,163366.2,77863.2
2024-02-05T08:00:00Z,-0.00000879,84.200,183309.0,85694.9
2024-02-05T16:00:00Z,0,84.160,147732.7,66245.7
2024-02-06T00:00:00Z,-0.00015109,83.770,104117.9,48756.9
2024-02-06T08:00:00Z,0,83.930,163468.0,82665.7
2024-02-06T16:00:00Z,-0.00034083,84.460,107421.3,53045.8
2024-02-07T00:00:00Z,-0.00010913,83.570,79967.8,38407.4
2024-02-07T08:00:00Z,0,82.940,128528.2,64403.5
2024-02-07T16:00:00Z,0,84.180,250283.5,131099.9
2024-02-08T00:00:00Z,0,85.340,178398.0,92063.3
2024-02-08T08:00:00Z,0,86.520,254350.0,110073.2
2024-02-08T16:00:00Z,0,85.160,161487.9,75180.7
2024-02-09T00:00:00Z,-0.00006808,87.140,126057.8,61039.8
2024-02-09T08:00:00Z,-0.00006235,86.740,362998.1,172516.1
2024-02-09T16:00:00Z,0,87.610,250765.8,120058.3
2024-02-10T00:00:00Z,-0.00047714,88.220,120340.8,59765.3
2024-02-10T08:00:00Z,0,88.060,159496.4,75576.5
2024-02-10T16:00:00Z,0,88.380,119658.4,57887.2
2024-02-11T00:00:00Z,0,89.450,118351.5,60791.3
2024-02-11T08:00:00Z,0,87.850,153022.6,69674.2
2024-02-11T16:00:00Z,-0.00002620,87.240,131229.8,64655.5
2024-02-12T00:00:00Z,0,86.750,128664.4,58315.5
2024-02-12T08:00:00Z,0,88.240,227134.1,113735.1
2024-02-12T16:00:00Z,0.00005236,90.860,278705.4,132041.1
2024-02-13T00:00:00Z,0.00041622,90.320,113006.4,52611.3
2024-02-13T08:00:00Z,0.00073116,89.310,368673.5,176893.5
2024-02-13T16:00:00Z,0,89.630,159745.9,80076.1
2024-02-14T00:00:00Z,0.00076003,90.330,111611.8,61999.5
2024-02-14T08:00:00Z,0.00093053,91.230,339032.9,161224.1
2024-02-14T16:00:00Z,0.00093126,91.120,148606.0,71955.9
2024-02-15T00:00:00Z,0.00070987,91.410,189219.4,92178.9
2024-02-15T08:00:00Z,0.00097852,92.250,360503.4,177467.9
2024-02-15T16:00:00Z,0.00086811,92.370,197120.8,92792.6
2024-02-16T00:00:00Z,0.00032504,93.000,225524.4,105650.7
2024-02-16T08:00:00Z,0.00114055,91.960,312576.7,150349.5
2024-02-16T16:00:00Z,0.00059928,94.630,246294.9,119645.8
2024-02-17T00:00:00Z,0.00073438,94.680,183926.3,91105.6
2024-02-17T08:00:00Z,0.00071515,92.560,328188.4,149535.4
2024-02-17T16:00:00Z,0.00096333,93.990,123550.4,62287.8
2024-02-18T00:00:00Z,0.00111358,93.710,140322.3,64326.5
2024-02-18T08:00:00Z,0.00102625,95.000,241313.1,123622.0
2024-02-18T16:00:00Z,0.00118485,94.730,191019.0,95239.2
2024-02-19T00:00:00Z,0.00049525,98.010,205449.9,99889.5
2024-02-19T08:00:00Z,0.00065089,97.150,220446.0,102230.3
2024-02-19T16:00:00Z,0.00111875,96.300,231794.4,103103.5
2024-02-20T00:00:00Z,0.00089153,96.070,248093.1,113000.7
2024-02-20T08:00:00Z,0.00042631,92.280,506320.6,239061.3
2024-02-20T16:00:00Z,0.00058644,93.930,274926.7,137137.2
2024-02-21T00:00:00Z,0.00065723,91.150,137335.0,64504.8
2024-02-21T08:00:00Z,0.00160911,90.060,333599.7,156609.0
2024-02-21T16:00:00Z,0.00029966,91.790,224118.9,110516.4
2024-02-22T00:00:00Z,0.00043573,93.030,139384.1,66969.7
2024-02-22T08:00:00Z,0.00066482,92.850,206952.8,97701.0
2024-02-22T16:00:00Z,0.00005201,92.010,154047.3,75017.2
2024-02-23T00:00:00Z,0.00079678,91.060,147576.3,72723.0
2024-02-23T08:00:00Z,0,97.730,974257.4,477664.7
2024-02-23T16:00:00Z,0.00007865,94.710,638863.4,317042.0
2024-02-24T00:00:00Z,0,102.600,663866.2,320019.6
2024-02-24T08:00:00Z,0.00011553,97.500,678841.5,315675.9
2024-02-24T16:00:00Z,0,101.220,332895.1,168185.3
2024-02-25T00:00:00Z,0.00051670,99.520,253160.9,116425.0
2024-02-25T08:00:00Z,0.00049724,98.180,200366.9,90776.0
2024-02-25T16:00:00Z,0.00092984,100.470,172929.5,87103.6
2024-02-26T00:00:00Z,0.00056893,100.010,246783.0,112546.3
2024-02-26T08:00:00Z,0.00065874,103.260,340933.1,162851.0
2024-02-26T16:00:00Z,0.00125176,102.920,267260.2,133115.9
2024-02-27T00:00:00Z,0.00000389,101.600,223266.6,109812.2
2024-02-27T08:00:00Z,0.00033169,102.100,315432.0,160013.6
2024-02-27T16:00:00Z,0.00084504,104.900,216349.0,106670.8
2024-02-28T00:00:00Z,0.00052513,107.030,189810.2,96880.5
2024-02-28T08:00:00Z,0.00163427,105.840,376612.5,180591.5
2024-02-28T16:00:00Z,0.00111463,104.530,654747.5,308441.0
2024-02-29T00:00:00Z,0.00019764,110.070,284250.9,143874.1
2024-02-29T08:00:00Z,0.00084589,112.370,479664.9,232408.6
2024-02-29T16:00:00Z,0.00085498,105.880,376980.1,183619.7
2024-03-01T00:00:00Z,0.00093904,108.550,220584.7,103864.0
2024-03-01T08:00:00Z,0.00152171,107.330,178584.6,88673.2
2024-03-01T16:00:00Z,0.00023154,110.640,147814.7,69690.4
2024-03-02T00:00:00Z,0.00144209,113.640,237665.2,110668.5
2024-03-02T08:00:00Z,0.00102750,116.900,298060.5,146855.3
2024-03-02T16:00:00Z,0.00166127,116.270,222155.2,105358.9
2024-03-03T00:00:00Z,0.00009449,110.990,402668.1,193285.0
2024-03-03T08:00:00Z,0.00103873,112.920,243069.8,117311.4
2024-03-03T16:00:00Z,0.00079506,112.720,137262.3,66086.0
2024-03-04T00:00:00Z,-0.00004994,111.440,245491.2,103881.1
2024-03-04T08:00:00Z,0.00087550,114.460,407272.3,199432.6
2024-03-04T16:00:00Z,0.00161786,114.350,337049.6,164625.5
2024-03-05T00:00:00Z,0.00104592,115.190,497119.0,244922.3
2024-03-05T08:00:00Z,0.00070672,115.660,368129.9,178540.6
2024-03-05T16:00:00Z,0,105.750,845363.0,394995.0
2024-03-06T00:00:00Z,0.00060674,112.620,292987.6,139073.1
2024-03-06T08:00:00Z,0.00051107,121.030,786785.7,395120.6
2024-03-06T16:00:00Z,0.00141692,127.710,684579.7,347735.4
2024-03-07T00:00:00Z,0.00038404,124.900,381926.7,181732.9
2024-03-07T08:00:00Z,0,128.630,398014.3,195934.2
2024-03-07T16:00:00Z,0.00143730,134.110,355307.5,178252.1
2024-03-08T00:00:00Z,0.00142573,129.420,309594.3,152283.2
2024-03-08T08:00:00Z,0,131.300,448892.9,209667.9
2024-03-08T16:00:00Z,0.00068052,132.750,319608.0,157105.7
2024-03-09T00:00:00Z,0.00068254,131.830,141932.2,69461.1
2024-03-09T08:00:00Z,0.00104309,132.450,259203.8,128420.0
2024-03-09T16:00:00Z,0.00167960,131.480,125893.4,61660.3
2024-03-10T00:00:00Z,0.00146617,132.870,136740.1,65229.3
2024-03-10T08:00:00Z,0.00080590,125.360,325056.6,152497.8
2024-03-10T16:00:00Z,0.00085338,126.970,150590.8,70951.1
2024-03-11T00:00:00Z,0.00212936,132.930,398806.0,193817.0
2024-03-11T08:00:00Z,0.00103738,132.820,429981.6,207243.2
2024-03-11T16:00:00Z,0.00159282,136.970,198068.0,99826.9
2024-03-12T00:00:00Z,0.00079020,132.600,247250.5,114253.7
2024-03-12T08:00:00Z,0.00096764,131.310,319180.7,156564.3
2024-03-12T16:00:00Z,0.00115980,135.490,429410.5,207564.5
2024-03-13T00:00:00Z,0.00050577,146.920,391575.3,186116.2
2024-03-13T08:00:00Z,0.00062064,141.630,723569.2,343420.0
2024-03-13T16:00:00Z,0.00084162,142.810,196854.3,98604.6
2024-03-14T00:00:00Z,0.00067480,140.490,284125.1,143045.0
2024-03-14T08:00:00Z,0.00105458,137.040,304171.3,146775.1
2024-03-14T16:00:00Z,0.00077569,139.550,315079.2,156101.1
2024-03-15T00:00:00Z,0.00044654,132.800,426060.7,202093.5
2024-03-15T08:00:00Z,0.00047387,127.500,443244.6,214368.7
2024-03-15T16:00:00Z,0.00092883,129.250,257261.2,124951.3
2024-03-16T00:00:00Z,0.00077673,128.920,142973.3,69103.4
2024-03-16T08:00:00Z,0.00113338,124.230,231410.4,115623.7
2024-03-16T16:00:00Z,0.00032580,118.830,355367.0,169353.6
2024-03-17T00:00:00Z,0.00081274,116.470,261787.6,125378.2
2024-03-17T08:00:00Z,0.00004264,126.550,302044.1,146248.4
2024-03-17T16:00:00Z,0.00030593,127.000,178306.4,84710.3
2024-03-18T00:00:00Z,0.00049013,127.240,192880.3,95469.1
2024-03-18T08:00:00Z,0.00092592,122.730,269501.1,132861.2
2024-03-18T16:00:00Z,0.00086288,123.550,224724.7,109809.7
2024-03-19T00:00:00Z,0.00059430,114.330,429640.0,206078.9
2024-03-19T08:00:00Z,0,115.780,398732.1,197360.9
2024-03-19T16:00:00Z,0.00012280,109.410,246079.7,117933.3
2024-03-20T00:00:00Z,0.00051016,112.880,366018.0,179736.0
2024-03-20T08:00:00Z,0.00051896,112.160,248075.0,125572.4
2024-03-20T16:00:00Z,0.00112361,120.250,352065.0,181456.0
2024-03-21T00:00:00Z,0.00079650,119.540,166048.6,84401.3
2024-03-21T08:00:00Z,0.00095507,120.440,169203.5,84097.6
2024-03-21T16:00:00Z,0.00045172,123.450,327088.3,157458.3
2024-03-22T00:00:00Z,0.00057613,124.030,166543.1,80354.4
2024-03-22T08:00:00Z,0.00028779,117.870,280855.5,139018.5
2024-03-22T16:00:00Z,0.00061151,119.050,165792.3,80557.2
2024-03-23T00:00:00Z,0.00017876,122.070,173970.7,85990.7
2024-03-23T08:00:00Z,0.00044786,123.640,137146.4,69170.9
2024-03-23T16:00:00Z,0.00063509,121.480,106403.2,49178.5
2024-03-24T00:00:00Z,0.00069029,121.660,103792.7,50731.5
2024-03-24T08:00:00Z,0.00054227,122.320,138540.5,66039.4
2024-03-24T16:00:00Z,0.00055880,124.950,129319.1,63363.6
2024-03-25T00:00:00Z,0.00041970,125.310,107622.8,47736.7
2024-03-25T08:00:00Z,0.00049307,128.730,168587.8,78959.6
2024-03-25T16:00:00Z,0.00111839,127.130,132108.9,64610.6
2024-03-26T00:00:00Z,0.00102034,129.910,113332.4,56579.4
2024-03-26T08:00:00Z,0.00097995,129.070,177258.4,82860.6
2024-03-26T16:00:00Z,0.00082997,130.960,154204.4,80935.6
2024-03-27T00:00:00Z,0.00068499,128.130,113233.8,53517.4
2024-03-27T08:00:00Z,0.00053080,125.480,275741.8,134674.9
2024-03-27T16:00:00Z,0.00079100,125.090,118445.0,59448.9
2024-03-28T00:00:00Z,0.00067981,126.400,102532.4,48868.4
2024-03-28T08:00:00Z,0.00114782,126.380,126640.2,61341.7
2024-03-28T16:00:00Z,0.00100058,127.990,82942.9,43262.1
2024-03-29T00:00:00Z,0.00105528,124.990,120362.6,58233.4
2024-03-29T08:00:00Z,0.00085807,127.370,174383.4,85329.2
2024-03-29T16:00:00Z,0.00119364,127.630,109904.9,54869.0
2024-03-30T00:00:00Z,0.00063818,125.960,97617.5,47787.0
2024-03-30T08:00:00Z,0.00066384,126.070,80166.6,40043.5
2024-03-30T16:00:00Z,0.00080635,124.040,84609.9,37809.5
2024-03-31T00:00:00Z,0.00121157,126.780,105511.7,55029.0
2024-03-31T08:00:00Z,0.00074043,126.480,65455.3,29509.8
2024-03-31T16:00:00Z,0.00108703,128.490,91926.7,42243.7
2024-04-01T00:00:00Z,0.00046569,125.330,280418.6,133792.0
2024-04-01T08:00:00Z,0.00070290,124.940,428240.5,204252.9
2024-04-01T16:00:00Z,0.00108125,129.500,299909.6,147838.3
2024-04-02T00:00:00Z,0,117.730,468388.1,223405.7
2024-04-02T08:00:00Z,0.00002349,113.970,341839.5,165549.2
2024-04-02T16:00:00Z,0.00025893,115.540,142857.3,71408.1
2024-04-03T00:00:00Z,0.00004349,117.770,207673.3,98254.4
2024-04-03T08:00:00Z,0.00012313,115.920,214108.3,103881.2
2024-04-03T16:00:00Z,0.00071372,114.590,159674.5,77668.6
2024-04-04T00:00:00Z,0.00016256,115.580,117109.2,59232.2
2024-04-04T08:00:00Z,0.00066227,117.530,103512.1,49798.8
2024-04-04T16:00:00Z,0.00076901,116.440,155489.3,75255.0
2024-04-05T00:00:00Z,0.00003432,113.890,122091.4,61949.8
2024-04-05T08:00:00Z,0.00017349,114.240,214717.8,104784.3
2024-04-05T16:00:00Z,0.00050572,113.760,86715.4,42524.8
2024-04-06T00:00:00Z,0.00024940,115.620,75685.5,37272.5
2024-04-06T08:00:00Z,0.00072786,115.540,75826.8,36030.9
2024-04-06T16:00:00Z,0.00064753,118.650,785914.3,401711.1
2024-04-07T00:00:00Z,0.00040875,120.750,136433.0,68355.6
2024-04-07T08:00:00Z,0,121.070,114907.8,55643.0
2024-04-07T16:00:00Z,0.00062853,122.910,88901.4,44465.7
2024-04-08T00:00:00Z,0.00102465,124.090,130701.6,64242.1
2024-04-08T08:00:00Z,0.00033165,127.930,208111.5,102100.3
2024-04-08T16:00:00Z,0.00068506,129.230,107275.6,53466.5
2024-04-09T00:00:00Z,0.00101095,128.490,166864.6,80186.2
2024-04-09T08:00:00Z,0.00063790,129.860,503746.7,254923.6
2024-04-09T16:00:00Z,0.00057673,126.590,209569.6,98063.9
2024-04-10T00:00:00Z,0.00027380,127.010,342627.7,165285.0
2024-04-10T08:00:00Z,0.00073621,125.120,399480.1,197035.2
2024-04-10T16:00:00Z,0.00015786,128.550,319936.6,156936.7
2024-04-11T00:00:00Z,0.00093478,125.050,340824.9,174005.8
2024-04-11T08:00:00Z,0,117.120,389088.0,183619.1
2024-04-11T16:00:00Z,0.00015518,117.690,187978.6,89944.0
2024-04-12T00:00:00Z,0.00030740,118.050,127579.5,59992.9
2024-04-12T08:00:00Z,0.00037399,111.400,272524.8,130214.8
2024-04-12T16:00:00Z,-0.00012980,99.810,869709.7,394110.9
2024-04-13T00:00:00Z,-0.00007921,97.700,249822.0,118444.6
2024-04-13T08:00:00Z,0,95.010,200450.4,96017.4
2024-04-13T16:00:00Z,-0.00030561,82.450,1802020.1,864265.1
2024-04-14T00:00:00Z,-0.00012650,86.400,493815.1,247341.0
2024-04-14T08:00:00Z,-0.00013523,83.580,316208.8,152677.6
2024-04-14T16:00:00Z,-0.00118042,87.860,468654.6,235682.5
2024-04-15T00:00:00Z,-0.00125930,90.080,333619.9,166378.3
2024-04-15T08:00:00Z,-0.00031524,86.690,353219.7,176784.8
2024-04-15T16:00:00Z,0,84.820,392444.9,194079.5
2024-04-16T00:00:00Z,-0.00022253,86.250,255503.2,127982.1
2024-04-16T08:00:00Z,-0.00124559,82.000,265105.0,132302.7
2024-04-16T16:00:00Z,-0.00084237,86.650,214632.7,109409.5
2024-04-17T00:00:00Z,-0.00032126,85.740,170187.7,83528.0
2024-04-17T08:00:00Z,-0.00097683,81.810,233281.9,117948.1
2024-04-17T16:00:00Z,-0.00056666,83.610,217360.1,110930.2
2024-04-18T00:00:00Z,-0.00025165,82.980,198402.5,97586.2
2024-04-18T08:00:00Z,-0.00063777,86.020,199806.9,97316.1
2024-04-18T16:00:00Z,-0.00032039,85.390,100989.8,49601.5
2024-04-19T00:00:00Z,-0.00069391,86.790,391966.4,191205.3
2024-04-19T08:00:00Z,-0.00023507,86.920,174814.2,88149.2
2024-04-19T16:00:00Z,-0.00018675,85.720,138269.9,67862.0
2024-04-20T00:00:00Z,-0.00059528,86.430,144193.0,73582.3
2024-04-20T08:00:00Z,-0.00007965,89.080,148904.8,78504.1
2024-04-20T16:00:00Z,0,91.750,182750.2,88579.4
2024-04-21T00:00:00Z,-0.00041615,92.690,114858.4,53789.6
2024-04-21T08:00:00Z,-0.00019047,91.140,152101.1,75901.1
2024-04-21T16:00:00Z,0,91.030,130886.8,65717.1
2024-04-22T00:00:00Z,-0.00129523,94.210,162479.8,79836.8
2024-04-22T08:00:00Z,-0.00042907,95.080,149762.4,70134.9
2024-04-22T16:00:00Z,-0.00034892,96.310,116445.7,59456.1
2024-04-23T00:00:00Z,-0.00020922,94.550,93301.6,42298.8
2024-04-23T08:00:00Z,-0.00060285,95.820,127518.4,65842.8
2024-04-23T16:00:00Z,-0.00044490,94.570,92368.6,46100.8
2024-04-24T00:00:00Z,-0.00039236,96.380,94318.4,47155.0
2024-04-24T08:00:00Z,-0.00100732,92.370,191219.2,94818.8
2024-04-24T16:00:00Z,0,90.690,156718.6,78457.9
2024-04-25T00:00:00Z,-0.00088686,89.410,125025.8,64688.8
2024-04-25T08:00:00Z,0,91.080,164154.7,80805.7
2024-04-25T16:00:00Z,-0.00072350,91.460,87996.8,42185.4
2024-04-26T00:00:00Z,-0.00014589,89.810,109828.3,55447.1
2024-04-26T08:00:00Z,-0.00034085,89.960,112687.6,54121.8
2024-04-26T16:00:00Z,0,89.520,60732.7,30517.6
2024-04-27T00:00:00Z,-0.00043288,88.660,148157.3,71649.3
2024-04-27T08:00:00Z,-0.00000140,88.830,85573.7,43242.2
2024-04-27T16:00:00Z,-0.00048211,91.700,113497.9,57842.2
2024-04-28T00:00:00Z,-0.00001180,92.510,64347.8,29233.4
2024-04-28T08:00:00Z,-0.00008737,92.040,85156.2,42810.6
2024-04-28T16:00:00Z,-0.00020708,90.200,68430.0,32492.9
2024-04-29T00:00:00Z,-0.00108788,88.820,151390.0,76166.7
2024-04-29T08:00:00Z,-0.00002393,88.690,101651.1,49812.6
2024-04-29T16:00:00Z,-0.00058658,89.330,71329.2,38149.9
2024-04-30T00:00:00Z,-0.00019585,88.450,77702.9,38160.8
2024-04-30T08:00:00Z,-0.00052446,82.280,258008.7,120156.1
2024-04-30T16:00:00Z,-0.00060006,83.300,181722.1,92986.6
2024-05-01T00:00:00Z,0,80.620,158492.3,81332.8
2024-05-01T08:00:00Z,0,79.930,188068.3,92824.1
2024-05-01T16:00:00Z,-0.00057605,83.590,269400.8,134713.7
2024-05-02T00:00:00Z,0,82.320,133219.9,67409.2
2024-05-02T08:00:00Z,-0.00016853,84.830,133317.6,67452.3
2024-05-02T16:00:00Z,-0.00083425,84.840,89706.8,44519.6
2024-05-03T00:00:00Z,-0.00065311,84.700,76771.9,37674.8
2024-05-03T08:00:00Z,-0.00032062,87.610,139615.7,72162.9
2024-05-03T16:00:00Z,-0.00052071,88.720,80142.7,40211.7
2024-05-04T00:00:00Z,-0.00041902,87.780,70215.9,34722.0
2024-05-04T08:00:00Z,-0.00011208,89.130,75263.1,36492.9
2024-05-04T16:00:00Z,-0.00071666,88.940,50859.4,26001.0
2024-05-05T00:00:00Z,-0.00044047,88.320,78828.2,40880.6
2024-05-05T08:00:00Z,-0.00032371,90.100,80204.3,39633.5
2024-05-05T16:00:00Z,-0.00048641,89.940,64140.9,32880.6
2024-05-06T00:00:00Z,-0.00077739,91.410,82296.9,41063.9
2024-05-06T08:00:00Z,-0.00018892,89.120,163144.9,80964.1
2024-05-06T16:00:00Z,-0.00067398,87.830,67046.7,32459.1
2024-05-07T00:00:00Z,-0.00053496,87.740,86910.8,40514.9
2024-05-07T08:00:00Z,-0.00030904,89.640,106739.1,53069.4
2024-05-07T16:00:00Z,-0.00122537,87.860,164632.5,78760.9
2024-05-08T00:00:00Z,-0.00056534,86.280,128087.2,64663.7
2024-05-08T08:00:00Z,0,88.080,151005.0,74616.5
2024-05-08T16:00:00Z,-0.00125128,86.100,138995.2,70122.7
2024-05-09T00:00:00Z,-0.00035794,86.300,93412.6,44546.7
2024-05-09T08:00:00Z,0,88.910,156272.7,81868.7
2024-05-09T16:00:00Z,-0.00024878,89.870,98093.0,49051.1
2024-05-10T00:00:00Z,-0.00014713,90.560,50782.7,26438.2
2024-05-10T08:00:00Z,-0.00101392,85.350,135840.1,65253.2
2024-05-10T16:00:00Z,-0.00000139,83.730,156636.0,68082.7
2024-05-11T00:00:00Z,-0.00107191,83.780,112916.3,54274.9
2024-05-11T08:00:00Z,-0.00095722,83.770,98225.3,46158.5
2024-05-11T16:00:00Z,-0.00073563,82.210,61900.3,28611.6
2024-05-12T00:00:00Z,-0.00063728,82.390,55630.1,27318.5
2024-05-12T08:00:00Z,-0.00022400,83.760,69427.4,35575.4
2024-05-12T16:00:00Z,-0.00049600,82.950,53326.8,27335.5
2024-05-13T00:00:00Z,-0.00006520,83.100,173374.0,85388.7
2024-05-13T08:00:00Z,-0.00025084,84.410,159634.3,82596.3
2024-05-13T16:00:00Z,0,82.760,84310.1,39139.3
2024-05-14T00:00:00Z,-0.00025714,81.940,109728.7,47815.6
2024-05-14T08:00:00Z,-0.00051804,81.680,92377.4,46602.0
2024-05-14T16:00:00Z,-0.00050146,80.380,65312.4,31392.2
2024-05-15T00:00:00Z,-0.00048161,81.640,58058.2,27347.9
2024-05-15T08:00:00Z,-0.00037069,85.240,165074.1,91365.9
2024-05-15T16:00:00Z,-0.00010856,86.020,91603.2,47805.0
2024-05-16T00:00:00Z,-0.00037696,86.410,60314.3,31318.0
2024-05-16T08:00:00Z,0,85.030,106110.3,54138.0
2024-05-16T16:00:00Z,-0.00033903,85.880,71755.1,37793.2
2024-05-17T00:00:00Z,-0.00029402,88.410,79019.6,40879.0
2024-05-17T08:00:00Z,-0.00035865,88.970,102969.0,51582.8
2024-05-17T16:00:00Z,-0.00084613,88.170,51021.8,23827.8
2024-05-18T00:00:00Z,0,88.590,80659.7,37669.9
2024-05-18T08:00:00Z,-0.00105112,88.530,141106.7,67918.7
2024-05-18T16:00:00Z,-0.00013786,88.170,48335.4,25213.7
2024-05-19T00:00:00Z,-0.00044081,87.720,62183.4,28979.1
2024-05-19T08:00:00Z,-0.00048046,86.080,106479.6,46797.1
2024-05-19T16:00:00Z,-0.00058344,85.260,72955.4,36649.1
2024-05-20T00:00:00Z,-0.00042549,86.160,132132.5,65620.1
2024-05-20T08:00:00Z,-0.00032175,87.040,78369.2,35509.8
2024-05-20T16:00:00Z,0,98.050,417371.4,216229.0
2024-05-21T00:00:00Z,0.00039930,98.310,198725.6,93377.8
2024-05-21T08:00:00Z,0.00043216,96.870,209909.6,98896.9
2024-05-21T16:00:00Z,0,97.130,144457.5,73627.8
2024-05-22T00:00:00Z,0.00038129,96.350,103818.4,50557.4
2024-05-22T08:00:00Z,0,95.860,162165.0,82910.2
2024-05-22T16:00:00Z,0,94.440,93586.1,44227.2
2024-05-23T00:00:00Z,0.00026200,96.170,134774.8,73647.7
2024-05-23T08:00:00Z,0.00017735,94.840,306473.8,150913.2
2024-05-23T16:00:00Z,0.00005129,97.960,312228.1,155099.2
2024-05-24T00:00:00Z,-0.00044454,96.520,491420.2,244680.7
2024-05-24T08:00:00Z,-0.00027797,97.130,254860.6,132752.9
2024-05-24T16:00:00Z,0,99.430,139696.5,74430.4
2024-05-25T00:00:00Z,-0.00007969,105.770,479892.5,242842.5
2024-05-25T08:00:00Z,0.00035585,105.840,246087.5,123863.5
2024-05-25T16:00:00Z,0,105.230,86633.6,45794.8
2024-05-26T00:00:00Z,0,105.270,177439.1,87765.4
2024-05-26T08:00:00Z,-0.00015076,109.180,333879.3,175256.1
2024-05-26T16:00:00Z,0.00005090,109.650,346351.9,168716.8
2024-05-27T00:00:00Z,0,110.450,299038.4,152015.3
2024-05-27T08:00:00Z,0,109.150,171066.0,84594.5
2024-05-27T16:00:00Z,-0.00008251,108.640,178956.4,90139.0
2024-05-28T00:00:00Z,0.00010963,106.920,234335.0,111578.9
2024-05-28T08:00:00Z,0.00015179,105.290,209541.0,106461.7
2024-05-28T16:00:00Z,0,106.450,114466.0,56465.6
2024-05-29T00:00:00Z,0,105.340,128623.3,67569.2
2024-05-29T08:00:00Z,0,103.660,219813.6,105390.0
2024-05-29T16:00:00Z,0.00000095,103.830,110303.4,53849.3
2024-05-30T00:00:00Z,0.00015416,103.090,101550.1,50140.2
2024-05-30T08:00:00Z,0.00013161,103.770,138267.0,73043.5
2024-05-30T16:00:00Z,0,102.930,127068.9,62636.9
2024-05-31T00:00:00Z,0.00034175,102.460,124323.6,57694.2
2024-05-31T08:00:00Z,0,100.790,148367.0,70799.9
2024-05-31T16:00:00Z,0,103.820,121536.3,60463.5
2024-06-01T00:00:00Z,0.00058386,104.210,73393.8,35842.9
2024-06-01T08:00:00Z,0.00088439,104.440,65663.6,33806.7
2024-06-01T16:00:00Z,0.00032460,104.140,55495.0,26530.9
2024-06-02T00:00:00Z,0,103.550,55626.4,25826.1
2024-06-02T08:00:00Z,0.00040760,104.780,68483.7,33990.3
2024-06-02T16:00:00Z,0.00004446,103.200,90064.1,42428.3
2024-06-03T00:00:00Z,0.00003322,104.720,81961.6,42161.6
2024-06-03T08:00:00Z,0.00006924,103.440,76607.6,35986.3
2024-06-03T16:00:00Z,0.00020633,101.130,70934.8,33603.6
2024-06-04T00:00:00Z,0.00075339,101.490,68150.5,34908.9
2024-06-04T08:00:00Z,0.00023509,102.040,117857.1,59232.7
2024-06-04T16:00:00Z,0.00028670,103.100,134190.5,69497.5
2024-06-05T00:00:00Z,0,102.980,91525.1,40048.5
2024-06-05T08:00:00Z,0.00030041,103.490,75964.9,35483.2
2024-06-05T16:00:00Z,0.00069302,104.450,78743.2,39724.6
2024-06-06T00:00:00Z,0.00027887,102.950,55235.8,23127.1
2024-06-06T08:00:00Z,0.00025293,103.620,68017.8,32990.3
2024-06-06T16:00:00Z,0.00014020,102.490,84559.7,41754.4
2024-06-07T00:00:00Z,0.00028181,103.300,59718.8,26588.3
2024-06-07T08:00:00Z,0.00032199,104.230,182049.0,93073.9
2024-06-07T16:00:00Z,0.00001402,97.470,467914.7,214581.5
2024-06-08T00:00:00Z,0,97.270,68691.6,31784.2
2024-06-08T08:00:00Z,0,93.700,117031.4,55090.5
2024-06-08T16:00:00Z,0,92.850,77508.3,35749.2
2024-06-09T00:00:00Z,0,93.150,57163.5,25403.6
2024-06-09T08:00:00Z,0,93.520,50840.4,22932.1
2024-06-09T16:00:00Z,0,93.440,36276.0,16132.3
2024-06-10T00:00:00Z,0,90.630,96193.0,50521.8
2024-06-10T08:00:00Z,0.00032887,93.500,150378.3,72613.5
2024-06-10T16:00:00Z,0,90.830,86482.9,42047.3
2024-06-11T00:00:00Z,0.00017896,88.600,157978.4,78719.3
2024-06-11T08:00:00Z,0.00002526,85.960,181188.7,86462.5
2024-06-11T16:00:00Z,0,87.700,114903.9,55768.5
2024-06-12T00:00:00Z,0,88.390,90890.6,45095.6
2024-06-12T08:00:00Z,0,92.590,144107.4,71559.7
2024-06-12T16:00:00Z,0,89.980,201051.3,96397.4
2024-06-13T00:00:00Z,0,87.350,145225.5,70645.9
2024-06-13T08:00:00Z,0,83.560,218410.8,104486.8
2024-06-13T16:00:00Z,0,83.730,86841.9,44188.6
2024-06-14T00:00:00Z,0,85.390,137864.0,68490.9
2024-06-14T08:00:00Z,0,84.000,112763.1,53821.8
2024-06-14T16:00:00Z,-0.00020103,83.630,185825.4,89842.2
2024-06-15T00:00:00Z,-0.00007566,85.230,92531.3,48028.6
2024-06-15T08:00:00Z,0,86.420,81398.9,40702.3
2024-06-15T16:00:00Z,0,85.880,53197.9,26165.4
2024-06-16T00:00:00Z,-0.00009767,85.130,113883.7,57405.3
2024-06-16T08:00:00Z,-0.00003297,85.570,70551.8,35286.8
2024-06-16T16:00:00Z,-0.00041447,85.740,80900.6,37876.0
2024-06-17T00:00:00Z,-0.00019354,84.980,430136.1,220948.1
2024-06-17T08:00:00Z,0,83.240,230507.8,117995.6
2024-06-17T16:00:00Z,-0.00065260,84.920,248219.5,123567.6
2024-06-18T00:00:00Z,-0.00006778,80.080,437516.1,202161.6
2024-06-18T08:00:00Z,0,79.190,223717.0,108122.1
2024-06-18T16:00:00Z,-0.00040783,81.960,181241.2,95131.8
2024-06-19T00:00:00Z,-0.00056637,87.600,236789.6,119380.2
2024-06-19T08:00:00Z,0,86.380,272020.3,134047.6
2024-06-19T16:00:00Z,-0.00068450,87.300,139340.3,66950.3
2024-06-20T00:00:00Z,-0.00023465,88.900,178069.2,86571.0
2024-06-20T08:00:00Z,-0.00052162,85.610,219673.9,107468.2
2024-06-20T16:00:00Z,-0.00037102,84.780,108764.4,55078.4
2024-06-21T00:00:00Z,0,85.010,145336.2,74743.4
2024-06-21T08:00:00Z,0,85.380,157994.0,78683.8
2024-06-21T16:00:00Z,-0.00046720,81.940,198938.7,87920.8
2024-06-22T00:00:00Z,-0.00043484,79.840,114687.1,53949.2
2024-06-22T08:00:00Z,-0.00078037,81.270,88671.3,46199.2
2024-06-22T16:00:00Z,-0.00050081,81.600,59984.9,29118.7
2024-06-23T00:00:00Z,0,81.890,62350.3,30901.3
2024-06-23T08:00:00Z,-0.00021412,81.320,84141.7,38207.6
2024-06-23T16:00:00Z,-0.00047506,80.700,145313.4,73041.7
2024-06-24T00:00:00Z,-0.00030126,79.510,156479.6,73224.9
2024-06-24T08:00:00Z,0.00001313,80.960,222753.7,106089.6
2024-06-24T16:00:00Z,-0.00030695,86.240,815298.3,411288.8
2024-06-25T00:00:00Z,0,90.680,335540.0,182050.8
2024-06-25T08:00:00Z,-0.00087250,91.600,557717.5,271416.3
2024-06-25T16:00:00Z,-0.00022299,92.010,297007.6,154681.7
2024-06-26T00:00:00Z,-0.00047883,91.330,152124.8,73536.7
2024-06-26T08:00:00Z,-0.00038377,91.270,149771.6,69984.4
2024-06-26T16:00:00Z,-0.00012741,94.450,315680.1,159705.6
2024-06-27T00:00:00Z,-0.00060467,92.700,184744.2,90079.2
2024-06-27T08:00:00Z,-0.00071978,91.360,426521.9,214855.0
2024-06-27T16:00:00Z,-0.00018513,93.420,202739.1,99962.4
2024-06-28T00:00:00Z,-0.00040670,94.910,186068.4,91067.6
2024-06-28T08:00:00Z,-0.00092989,95.370,208822.0,100919.0
2024-06-28T16:00:00Z,-0.00053142,93.530,185432.8,91700.6
2024-06-29T00:00:00Z,-0.00039820,96.030,152601.4,74507.6
2024-06-29T08:00:00Z,-0.00028293,96.090,115787.3,61602.2
2024-06-29T16:00:00Z,-0.00012246,96.530,135734.7,72435.6
2024-06-30T00:00:00Z,0,96.110,155095.7,79597.5
2024-06-30T08:00:00Z,-0.00020182,96.480,139016.8,73393.0
2024-06-30T16:00:00Z,-0.00040272,97.410,136903.6,68248.6
2024-07-01T00:00:00Z,-0.00004309,97.900,154282.8,82605.8
2024-07-01T08:00:00Z,-0.00032877,98.060,191459.5,94850.0
2024-07-01T16:00:00Z,-0.00028289,98.280,96397.0,47105.7
2024-07-02T00:00:00Z,-0.00015438,97.400,121774.7,61592.3
2024-07-02T08:00:00Z,0,94.900,186381.9,89746.2
2024-07-02T16:00:00Z,-0.00060859,91.450,741126.2,383022.6
2024-07-03T00:00:00Z,-0.00086382,89.940,393037.0,197995.0
2024-07-03T08:00:00Z,-0.00031887,89.120,240392.7,117664.6
2024-07-03T16:00:00Z,-0.00039182,84.220,325336.9,154176.5
2024-07-04T00:00:00Z,0,83.880,322357.8,154229.6
2024-07-04T08:00:00Z,-0.00011320,82.780,351396.9,180935.4
2024-07-04T16:00:00Z,0.00018396,79.530,175637.2,85835.4
2024-07-05T00:00:00Z,-0.00024970,76.580,785444.3,378705.8
2024-07-05T08:00:00Z,-0.00009331,79.550,333335.1,166181.7
2024-07-05T16:00:00Z,0,79.830,160809.2,81597.9
2024-07-06T00:00:00Z,-0.00121657,80.930,156018.4,82418.4
2024-07-06T08:00:00Z,-0.00077582,81.640,116777.3,58554.8
2024-07-06T16:00:00Z,-0.00036112,83.100,118391.0,60838.2
2024-07-07T00:00:00Z,-0.00079864,80.950,124842.6,59446.7
2024-07-07T08:00:00Z,-0.00040409,79.090,189509.6,94496.5
2024-07-07T16:00:00Z,0,78.230,116777.4,57624.2
2024-07-08T00:00:00Z,-0.00055072,79.440,215583.3,109144.0
2024-07-08T08:00:00Z,-0.00048156,80.410,254229.3,128385.0
2024-07-08T16:00:00Z,-0.00018308,81.980,152431.2,70685.0
2024-07-09T00:00:00Z,-0.00046395,82.070,91014.4,44899.6
2024-07-09T08:00:00Z,-0.00025341,83.270,217124.8,107716.0
2024-07-09T16:00:00Z,-0.00065046,85.230,155484.6,77868.3
2024-07-10T00:00:00Z,-0.00034514,87.010,140796.4,74147.9
2024-07-10T08:00:00Z,-0.00043486,87.730,131850.0,68530.2
2024-07-10T16:00:00Z,-0.00001559,91.080,130755.0,66138.3
2024-07-11T00:00:00Z,-0.00008576,90.410,150488.6,71620.2
2024-07-11T08:00:00Z,-0.00024913,92.590,363227.4,177101.7
2024-07-11T16:00:00Z,-0.00046543,92.740,247231.7,125356.1
2024-07-12T00:00:00Z,-0.00059250,94.080,272943.1,131245.0
2024-07-12T08:00:00Z,-0.00074526,96.880,255973.6,132708.0
2024-07-12T16:00:00Z,-0.00054014,97.400,207185.1,106722.9
2024-07-13T00:00:00Z,-0.00060733,97.800,112231.2,58438.4
2024-07-13T08:00:00Z,-0.00088142,97.800,157112.8,81637.8
2024-07-13T16:00:00Z,-0.00062615,99.230,264866.8,140457.0
2024-07-14T00:00:00Z,-0.00050476,100.650,163401.3,84153.1
2024-07-14T08:00:00Z,0,102.640,178318.6,84285.3
2024-07-14T16:00:00Z,-0.00035807,104.350,180208.9,90631.0
2024-07-15T00:00:00Z,-0.00037441,105.310,185115.1,94734.7
2024-07-15T08:00:00Z,-0.00074300,101.940,249119.4,122741.7
2024-07-15T16:00:00Z,-0.00082357,103.940,275473.1,142171.9
2024-07-16T00:00:00Z,0,101.910,254027.7,128016.3
2024-07-16T08:00:00Z,-0.00065792,104.170,300645.6,148910.2
2024-07-16T16:00:00Z,0,100.600,251094.6,129928.0
2024-07-17T00:00:00Z,-0.00043669,101.810,164635.5,82949.4
2024-07-17T08:00:00Z,-0.00071929,98.430,306565.5,152037.0
2024-07-17T16:00:00Z,0,98.010,144565.1,74097.0
2024-07-18T00:00:00Z,-0.00026055,98.560,143256.5,69811.6
2024-07-18T08:00:00Z,-0.00018788,96.300,193698.0,90956.7
2024-07-18T16:00:00Z,-0.00052101,98.500,128097.5,63201.2
2024-07-19T00:00:00Z,0,96.970,85197.6,40841.1
2024-07-19T08:00:00Z,-0.00032201,99.640,118086.7,60979.8
2024-07-19T16:00:00Z,-0.00048837,100.700,101254.4,48654.9
2024-07-20T00:00:00Z,-0.00102629,99.570,54748.7,26392.8
2024-07-20T08:00:00Z,-0.00086983,100.240,76386.1,38741.3
2024-07-20T16:00:00Z,-0.00010598,98.920,84801.4,42068.7
2024-07-21T00:00:00Z,-0.00116726,97.690,62788.7,28675.0
2024-07-21T08:00:00Z,-0.00091390,97.260,103420.8,49650.6
2024-07-21T16:00:00Z,-0.00055537,98.270,184621.6,86783.6
2024-07-22T00:00:00Z,-0.00096175,94.400,175448.8,88490.7
2024-07-22T08:00:00Z,-0.00058382,94.890,131328.2,64475.1
2024-07-22T16:00:00Z,0,94.100,74742.5,36415.2
2024-07-23T00:00:00Z,-0.00017595,93.250,126421.9,60229.0
2024-07-23T08:00:00Z,-0.00041825,95.040,187754.3,90829.0
2024-07-23T16:00:00Z,-0.00029750,94.420,173971.8,80643.3
2024-07-24T00:00:00Z,-0.00038388,93.760,59710.1,27708.8
2024-07-24T08:00:00Z,-0.00049955,92.780,80379.6,40360.6
2024-07-24T16:00:00Z,-0.00037355,89.850,123891.8,56509.5
2024-07-25T00:00:00Z,-0.00032722,87.990,202267.1,99923.9
2024-07-25T08:00:00Z,-0.00080185,95.080,933944.7,484076.9
2024-07-25T16:00:00Z,-0.00097445,92.710,707332.8,363757.2
2024-07-26T00:00:00Z,-0.00020393,100.860,688695.3,347619.8
2024-07-26T08:00:00Z,-0.00091503,98.020,484143.8,230826.8
2024-07-26T16:00:00Z,-0.00071609,97.670,152584.4,73799.1
2024-07-27T00:00:00Z,-0.00058279,99.940,139143.7,74648.7
2024-07-27T08:00:00Z,-0.00070881,99.860,192426.7,88795.8
2024-07-27T16:00:00Z,-0.00044967,101.080,275631.0,139982.1
2024-07-28T00:00:00Z,-0.00005231,99.910,137800.0,67573.0
2024-07-28T08:00:00Z,-0.00029624,99.640,107992.9,49032.5
2024-07-28T16:00:00Z,-0.00041407,98.660,112631.2,52580.2
2024-07-29T00:00:00Z,-0.00066521,102.570,215121.1,104514.5
2024-07-29T08:00:00Z,-0.00032080,102.130,175288.7,90018.4
2024-07-29T16:00:00Z,-0.00045702,104.920,284745.1,150398.1
2024-07-30T00:00:00Z,-0.00026602,105.460,237095.1,114044.5
2024-07-30T08:00:00Z,-0.00045946,105.190,292894.6,147672.2
2024-07-30T16:00:00Z,-0.00045027,105.120,242982.7,119934.6
2024-07-31T00:00:00Z,-0.00014436,106.830,275656.8,137783.4
2024-07-31T08:00:00Z,-0.00037033,108.480,303826.7,155011.3
2024-07-31T16:00:00Z,-0.00037516,107.440,580830.5,289395.1
2024-08-01T00:00:00Z,-0.00028383,105.150,399962.5,194734.8
2024-08-01T08:00:00Z,-0.00101213,110.660,1283179.3,657418.5
2024-08-01T16:00:00Z,-0.00116800,116.670,1046083.8,531494.7
2024-08-02T00:00:00Z,-0.00078539,116.010,785764.7,388539.0
2024-08-02T08:00:00Z,-0.00110514,110.600,1356860.5,701979.8
2024-08-02T16:00:00Z,-0.00004520,110.300,624544.2,311178.5
2024-08-03T00:00:00Z,-0.00055250,113.800,592798.8,308075.4
2024-08-03T08:00:00Z,-0.00047239,113.260,701360.9,349189.8
2024-08-03T16:00:00Z,-0.00021947,105.480,1418635.7,719478.8
2024-08-04T00:00:00Z,-0.00013317,106.910,1006960.4,518869.9
2024-08-04T08:00:00Z,-0.00082330,103.830,810329.7,404643.4
2024-08-04T16:00:00Z,-0.00038703,97.090,1028456.1,515393.6
2024-08-05T00:00:00Z,-0.00063471,84.580,2085198.2,1004842.1
2024-08-05T08:00:00Z,-0.00062401,92.650,1345821.5,682470.5
2024-08-05T16:00:00Z,-0.00083584,95.570,793291.3,394263.7
2024-08-06T00:00:00Z,-0.00085144,100.090,729754.4,358381.1
2024-08-06T08:00:00Z,-0.00053876,102.920,766797.5,368550.7
2024-08-06T16:00:00Z,-0.00113467,103.520,546127.3,275872.0
2024-08-07T00:00:00Z,-0.00110700,102.870,468415.5,221828.9
2024-08-07T08:00:00Z,-0.00006517,101.770,704788.0,344538.7
2024-08-07T16:00:00Z,0,98.320,550665.5,273609.2
2024-08-08T00:00:00Z,-0.00026464,98.430,433709.7,212284.7
2024-08-08T08:00:00Z,-0.00075924,96.660,610719.9,289698.6
2024-08-08T16:00:00Z,-0.00064121,101.380,619840.5,311743.4
2024-08-09T00:00:00Z,-0.00075139,97.670,365027.8,176883.8
2024-08-09T08:00:00Z,-0.00014494,93.880,395941.5,185342.2
2024-08-09T16:00:00Z,0,96.290,243540.2,123666.7
2024-08-10T00:00:00Z,-0.00054878,95.610,154082.8,79330.5
2024-08-10T08:00:00Z,-0.00056298,93.970,193340.6,92010.6
2024-08-10T16:00:00Z,-0.00062832,93.250,199887.4,90206.5
2024-08-11T00:00:00Z,-0.00058642,95.020,221458.3,111735.0
2024-08-11T08:00:00Z,-0.00005405,93.330,264701.1,123678.1
2024-08-11T16:00:00Z,-0.00020589,91.140,279690.6,133541.4
2024-08-12T00:00:00Z,-0.00060259,92.640,314496.1,153206.7
2024-08-12T08:00:00Z,-0.00014531,95.310,530864.8,263719.5
2024-08-12T16:00:00Z,-0.00090121,95.570,214192.5,101311.7
2024-08-13T00:00:00Z,-0.00079510,97.380,433682.1,213527.2
2024-08-13T08:00:00Z,-0.00159757,95.070,345998.8,166998.1
2024-08-13T16:00:00Z,-0.00036931,97.700,237324.5,117081.9
2024-08-14T00:00:00Z,-0.00034929,98.350,174915.6,88383.7
2024-08-14T08:00:00Z,-0.00045037,104.980,831916.2,427787.4
2024-08-14T16:00:00Z,-0.00055547,105.940,644765.7,325696.0
2024-08-15T00:00:00Z,-0.00027875,105.720,873775.7,434815.7
2024-08-15T08:00:00Z,-0.00046119,110.990,1280231.8,666582.6
2024-08-15T16:00:00Z,-0.00063588,107.740,1135052.2,595919.9
2024-08-16T00:00:00Z,-0.00058262,111.030,704400.0,358949.0
2024-08-16T08:00:00Z,-0.00020433,106.050,1080123.6,546309.8
2024-08-16T16:00:00Z,-0.00059380,112.590,1025927.7,525804.9
2024-08-17T00:00:00Z,-0.00081739,114.080,381200.8,197983.7
2024-08-17T08:00:00Z,-0.00057529,110.520,711708.3,356789.0
2024-08-17T16:00:00Z,-0.00067663,110.840,361831.3,173740.7
2024-08-18T00:00:00Z,-0.00079414,111.520,383930.5,186922.2
2024-08-18T08:00:00Z,-0.00017549,110.720,467866.8,239899.1
2024-08-18T16:00:00Z,0.00030039,111.310,253307.9,124182.8
2024-08-19T00:00:00Z,0.00001820,112.860,476205.9,241081.5
2024-08-19T08:00:00Z,-0.00042216,109.610,575257.3,296196.1
2024-08-19T16:00:00Z,-0.00068232,118.030,1267190.4,644431.9
2024-08-20T00:00:00Z,-0.00049745,129.690,1038255.7,538610.5
2024-08-20T08:00:00Z,-0.00068404,124.710,906834.0,460412.8
2024-08-20T16:00:00Z,-0.00063403,128.800,754918.6,387440.5
2024-08-21T00:00:00Z,-0.00045932,137.780,1218087.1,625298.4
2024-08-21T08:00:00Z,-0.00038594,137.220,1013900.7,512119.1
2024-08-21T16:00:00Z,-0.00036702,140.080,804761.1,409820.9
2024-08-22T00:00:00Z,-0.00037328,137.520,541277.8,268133.9
2024-08-22T08:00:00Z,-0.00000357,134.840,645785.7,325918.6
2024-08-22T16:00:00Z,-0.00014962,135.730,246568.8,124364.2
2024-08-23T00:00:00Z,-0.00056566,134.520,380517.3,187222.1
2024-08-23T08:00:00Z,-0.00005241,135.750,751550.6,375683.5
2024-08-23T16:00:00Z,-0.00036845,143.250,837585.1,425053.2
2024-08-24T00:00:00Z,-0.00032553,137.680,346377.1,167057.0
2024-08-24T08:00:00Z,-0.00030275,137.270,321349.1,159510.3
2024-08-24T16:00:00Z,-0.00021424,136.990,377570.7,180170.2
2024-08-25T00:00:00Z,0,134.570,334646.6,163802.7
2024-08-25T08:00:00Z,-0.00031394,136.800,201799.5,102626.6
2024-08-25T16:00:00Z,-0.00027521,135.410,247632.1,120740.1
2024-08-26T00:00:00Z,-0.00049764,132.910,242373.1,108697.5
2024-08-26T08:00:00Z,-0.00091379,131.790,325864.2,157757.1
2024-08-26T16:00:00Z,-0.00029524,128.630,368450.3,184817.3
2024-08-27T00:00:00Z,-0.00071920,128.700,214437.1,111648.9
2024-08-27T08:00:00Z,-0.00012461,123.690,477420.4,233511.7
2024-08-27T16:00:00Z,-0.00068611,119.900,479965.9,245596.1
2024-08-28T00:00:00Z,-0.00029496,120.780,338347.6,175052.4
2024-08-28T08:00:00Z,-0.00041248,124.050,570184.0,282169.9
2024-08-28T16:00:00Z,0,125.450,470844.7,234326.4
2024-08-29T00:00:00Z,-0.00035111,122.470,269715.2,124866.5
2024-08-29T08:00:00Z,-0.00084098,127.120,285782.6,146955.7
2024-08-29T16:00:00Z,-0.00052614,123.180,318939.9,153972.5
2024-08-30T00:00:00Z,-0.00062711,123.440,232244.2,113732.5
2024-08-30T08:00:00Z,-0.00031934,118.660,471419.2,234264.2
2024-08-30T16:00:00Z,-0.00075812,131.120,488165.9,248298.9
2024-08-31T00:00:00Z,-0.00052310,132.510,299115.5,146441.7
2024-08-31T08:00:00Z,-0.00049323,129.750,391559.5,192424.5
2024-08-31T16:00:00Z,-0.00090475,129.600,270062.4,134569.9
2024-09-01T00:00:00Z,-0.00043681,126.110,243244.4,115193.5
2024-09-01T08:00:00Z,-0.00076003,124.370,382184.3,183557.6
2024-09-01T16:00:00Z,-0.00052661,120.570,410754.0,195870.4
2024-09-02T00:00:00Z,-0.00014710,117.950,290138.8,139459.4
2024-09-02T08:00:00Z,-0.00006494,122.690,403366.3,207395.7
2024-09-02T16:00:00Z,-0.00030928,134.820,740265.5,393276.4
2024-09-03T00:00:00Z,-0.00025936,132.350,290468.3,135585.0
2024-09-03T08:00:00Z,-0.00047913,121.200,686663.4,337967.2
2024-09-03T16:00:00Z,-0.00042541,118.720,1056068.9,531576.8
2024-09-04T00:00:00Z,-0.00047568,130.520,1145512.9,583533.6
2024-09-04T08:00:00Z,-0.00073598,134.620,1800086.7,919744.8
2024-09-04T16:00:00Z,-0.00058634,135.140,904981.1,445384.4
2024-09-05T00:00:00Z,-0.00036154,132.250,821828.7,398008.8
2024-09-05T08:00:00Z,-0.00055337,130.860,665526.0,332750.6
2024-09-05T16:00:00Z,-0.00052907,128.810,394068.0,203437.0
2024-09-06T00:00:00Z,-0.00016861,126.590,715734.5,349882.8
2024-09-06T08:00:00Z,-0.00037357,123.730,798306.4,389633.9
2024-09-06T16:00:00Z,-0.00056679,126.780,744562.1,379046.7
2024-09-07T00:00:00Z,-0.00037072,126.320,377304.4,182739.2
2024-09-07T08:00:00Z,-0.00060655,128.020,440042.5,213047.3
2024-09-07T16:00:00Z,-0.00044418,125.050,341666.0,165988.5
2024-09-08T00:00:00Z,-0.00101029,125.240,255479.4,123419.7
2024-09-08T08:00:00Z,0,123.840,308980.2,153780.7
2024-09-08T16:00:00Z,-0.00042885,125.840,293274.4,149094.2
2024-09-09T00:00:00Z,-0.00020073,133.590,575555.1,299480.8
2024-09-09T08:00:00Z,-0.00043922,136.940,964776.6,489228.7
2024-09-09T16:00:00Z,-0.00022835,139.930,719422.8,368576.0
2024-09-10T00:00:00Z,-0.00080752,137.180,370049.5,187040.6
2024-09-10T08:00:00Z,-0.00093400,140.720,586728.6,303773.0
2024-09-10T16:00:00Z,-0.00059757,150.490,1190263.8,608597.5
2024-09-11T00:00:00Z,-0.00071575,153.990,1578264.3,822473.5
2024-09-11T08:00:00Z,-0.00132584,148.460,1631239.1,822661.9
2024-09-11T16:00:00Z,-0.00087239,149.350,476935.4,235510.3
2024-09-12T00:00:00Z,-0.00030596,151.120,646949.5,336742.8
2024-09-12T08:00:00Z,-0.00032983,143.880,764197.7,379191.2
2024-09-12T16:00:00Z,-0.00044519,144.950,917410.6,489123.2
2024-09-13T00:00:00Z,-0.00060376,141.190,468998.3,210431.1
2024-09-13T08:00:00Z,-0.00014583,141.600,753675.1,366046.7
2024-09-13T16:00:00Z,-0.00064821,144.210,478166.5,246965.8
2024-09-14T00:00:00Z,-0.00069880,139.120,354200.7,165410.0
2024-09-14T08:00:00Z,-0.00036628,139.270,340297.3,180223.7
2024-09-14T16:00:00Z,-0.00036542,139.980,211806.5,104052.0
2024-09-15T00:00:00Z,-0.00057227,146.280,525861.1,260197.9
2024-09-15T08:00:00Z,-0.00035267,146.960,571309.0,278401.1
2024-09-15T16:00:00Z,-0.00078333,143.290,436606.2,217271.1
2024-09-16T00:00:00Z,-0.00085203,142.500,495491.0,233913.3
2024-09-16T08:00:00Z,-0.00053654,141.920,452191.9,219257.3
2024-09-16T16:00:00Z,-0.00069770,140.210,318604.2,156701.5
2024-09-17T00:00:00Z,-0.00069448,140.910,446809.1,223733.0
2024-09-17T08:00:00Z,-0.00030736,146.110,585106.5,294963.7
2024-09-17T16:00:00Z,-0.00055754,140.480,383496.0,185210.1
2024-09-18T00:00:00Z,-0.00033044,137.940,353345.6,177202.1
2024-09-18T08:00:00Z,-0.00064828,134.470,436024.9,209786.9
2024-09-18T16:00:00Z,-0.00084773,141.650,528517.4,264298.8
2024-09-19T00:00:00Z,-0.00030609,146.960,504229.9,245060.3
2024-09-19T08:00:00Z,-0.00007365,149.530,470190.8,237744.5
2024-09-19T16:00:00Z,-0.00046830,150.250,418911.8,205714.0
2024-09-20T00:00:00Z,-0.00031706,155.980,448216.8,236725.8
2024-09-20T08:00:00Z,-0.00058118,152.100,361920.1,175054.5
2024-09-20T16:00:00Z,-0.00041004,153.340,196313.2,95651.4
2024-09-21T00:00:00Z,-0.00037101,151.280,179714.7,86683.6
2024-09-21T08:00:00Z,-0.00038158,150.820,155047.1,79079.2
2024-09-21T16:00:00Z,-0.00034233,154.510,167942.8,94303.7
2024-09-22T00:00:00Z,-0.00017378,157.640,666000.5,336588.2
2024-09-22T08:00:00Z,-0.00041246,156.450,519601.3,265668.6
2024-09-22T16:00:00Z,-0.00050812,162.060,483909.3,251290.5
2024-09-23T00:00:00Z,-0.00002798,169.730,1037624.3,546054.6
2024-09-23T08:00:00Z,-0.00032356,174.030,437107.0,224372.5
2024-09-23T16:00:00Z,-0.00033514,171.890,434432.2,221302.4
2024-09-24T00:00:00Z,-0.00072663,169.100,410472.6,194067.6
2024-09-24T08:00:00Z,-0.00052403,165.540,363847.1,183898.6
2024-09-24T16:00:00Z,-0.00019002,166.070,379202.5,196078.2
2024-09-25T00:00:00Z,-0.00036458,169.550,526042.6,264210.9
2024-09-25T08:00:00Z,-0.00044071,165.800,287017.1,134498.3
2024-09-25T16:00:00Z,-0.00021895,165.020,222890.5,103222.4
2024-09-26T00:00:00Z,-0.00056311,168.360,256268.4,128380.1
2024-09-26T08:00:00Z,-0.00046893,168.960,382208.2,182912.3
2024-09-26T16:00:00Z,-0.00030124,165.080,269697.1,125198.3
2024-09-27T00:00:00Z,-0.00037159,166.790,281310.2,140121.5
2024-09-27T08:00:00Z,-0.00007955,170.020,534824.2,261239.5
2024-09-27T16:00:00Z,-0.00033978,170.280,310522.4,152793.2
2024-09-28T00:00:00Z,-0.00039705,165.600,260465.8,120227.1
2024-09-28T08:00:00Z,-0.00075023,164.850,216608.6,99197.2
2024-09-28T16:00:00Z,-0.00066414,163.820,153186.0,71632.5
2024-09-29T00:00:00Z,0.00001244,159.080,249412.5,112783.7
2024-09-29T08:00:00Z,-0.00027006,160.700,211419.2,106365.0
2024-09-29T16:00:00Z,-0.00041620,161.410,197877.2,98542.9
2024-09-30T00:00:00Z,-0.00050883,159.410,321299.1,153172.0
2024-09-30T08:00:00Z,-0.00036502,154.760,364094.2,166273.9
2024-09-30T16:00:00Z,-0.00082642,156.610,193783.7,98048.3
2024-10-01T00:00:00Z,-0.00016704,163.990,275773.0,139871.2
2024-10-01T08:00:00Z,-0.00073144,151.190,569740.0,256335.8
2024-10-01T16:00:00Z,-0.00061212,144.720,605542.3,288748.9
2024-10-02T00:00:00Z,-0.00065089,149.050,230003.2,115711.0
2024-10-02T08:00:00Z,-0.00054241,144.080,618585.6,297832.0
2024-10-02T16:00:00Z,-0.00074840,139.060,413552.3,199660.4
2024-10-03T00:00:00Z,-0.00050354,139.090,278176.7,144837.1
2024-10-03T08:00:00Z,-0.00065522,139.500,1168360.1,598546.1
2024-10-03T16:00:00Z,-0.00095574,143.600,376056.4,180982.2
2024-10-04T00:00:00Z,-0.00092160,149.570,648871.6,318907.0
2024-10-04T08:00:00Z,-0.00062315,149.310,600102.4,296011.5
2024-10-04T16:00:00Z,-0.00000245,151.230,263185.6,122732.1
2024-10-05T00:00:00Z,-0.00041255,149.820,175716.6,85433.3
2024-10-05T08:00:00Z,-0.00042619,148.420,172780.5,78275.0
2024-10-05T16:00:00Z,-0.00056282,148.390,147439.8,71125.8
2024-10-06T00:00:00Z,-0.00039917,147.240,135207.6,64418.9
2024-10-06T08:00:00Z,-0.00044341,148.920,186280.3,89112.4
2024-10-06T16:00:00Z,-0.00014564,150.060,187251.9,89904.3
2024-10-07T00:00:00Z,-0.00063110,150.100,322311.4,161307.6
2024-10-07T08:00:00Z,-0.00026367,150.400,474690.2,222660.0
2024-10-07T16:00:00Z,-0.00018003,146.620,300159.4,144348.6
2024-10-08T00:00:00Z,-0.00021002,144.320,295318.0,142907.8
2024-10-08T08:00:00Z,-0.00021418,143.020,317828.8,152761.1
2024-10-08T16:00:00Z,-0.00053994,143.050,164152.9,78347.8
2024-10-09T00:00:00Z,-0.00051419,142.380,194474.4,93769.6
2024-10-09T08:00:00Z,-0.00052395,143.650,268056.0,132439.0
2024-10-09T16:00:00Z,-0.00036429,139.370,476331.0,229863.7
2024-10-10T00:00:00Z,-0.00049691,141.790,200765.9,102474.9
2024-10-10T08:00:00Z,-0.00045007,144.160,467307.4,234464.3
2024-10-10T16:00:00Z,-0.00028670,140.610,566301.8,275584.2
2024-10-11T00:00:00Z,-0.00076688,141.630,163760.9,80031.6
2024-10-11T08:00:00Z,-0.00093515,143.720,273614.0,126719.5
2024-10-11T16:00:00Z,-0.00049645,143.840,224128.5,109659.6
2024-10-12T00:00:00Z,0,145.320,127450.3,62848.2
2024-10-12T08:00:00Z,-0.00038037,147.390,220615.4,111040.0
2024-10-12T16:00:00Z,-0.00018538,154.690,480439.6,248688.4
2024-10-13T00:00:00Z,-0.00012375,153.430,214441.1,99936.4
2024-10-13T08:00:00Z,-0.00065658,150.850,252580.9,115607.4
2024-10-13T16:00:00Z,-0.00044005,154.530,198160.3,97897.3
2024-10-14T00:00:00Z,-0.00017100,162.630,477479.1,240401.4
2024-10-14T08:00:00Z,-0.00021805,162.960,384983.2,187587.3
2024-10-14T16:00:00Z,-0.00024405,162.850,200650.8,100062.6
2024-10-15T00:00:00Z,0,162.650,305941.4,153745.1
2024-10-15T08:00:00Z,-0.00073397,155.360,653550.2,324182.9
2024-10-15T16:00:00Z,-0.00036865,156.700,259703.1,127463.9
2024-10-16T00:00:00Z,0,154.820,224641.2,101290.8
2024-10-16T08:00:00Z,-0.00075839,155.440,277910.4,128317.6
2024-10-16T16:00:00Z,-0.00053292,155.700,115272.5,55064.4
2024-10-17T00:00:00Z,-0.00060544,156.340,126405.8,61408.6
2024-10-17T08:00:00Z,-0.00039016,155.920,245630.1,120579.2
2024-10-17T16:00:00Z,-0.00004461,153.050,226185.1,100278.7
2024-10-18T00:00:00Z,-0.00001954,156.030,187128.8,98170.8
2024-10-18T08:00:00Z,-0.00062799,156.330,169795.4,83173.9
2024-10-18T16:00:00Z,-0.00007954,158.970,143105.0,72727.4
2024-10-19T00:00:00Z,-0.00003359,156.160,100010.4,45943.0
2024-10-19T08:00:00Z,-0.00005585,158.470,181858.9,92185.6
2024-10-19T16:00:00Z,-0.00026527,158.120,97983.8,43755.9
2024-10-20T00:00:00Z,-0.00047046,157.580,104556.4,50582.6
2024-10-20T08:00:00Z,-0.00017230,158.720,155695.5,76801.1
2024-10-20T16:00:00Z,0,158.870,134444.4,63116.2
2024-10-21T00:00:00Z,-0.00014421,155.100,194487.3,95266.9
2024-10-21T08:00:00Z,0,152.930,193799.4,88489.6
2024-10-21T16:00:00Z,-0.00023152,153.190,90767.8,46475.2
2024-10-22T00:00:00Z,-0.00001213,153.810,119618.3,60438.2
2024-10-22T08:00:00Z,-0.00040304,152.230,177288.5,81863.5
2024-10-22T16:00:00Z,0,152.640,82548.7,41087.5
2024-10-23T00:00:00Z,-0.00018727,149.940,90662.1,41902.0
2024-10-23T08:00:00Z,-0.00005451,147.420,167800.8,78470.6
2024-10-23T16:00:00Z,-0.00037483,149.520,166382.2,80559.7
2024-10-24T00:00:00Z,-0.00025827,149.500,169781.7,76066.5
2024-10-24T08:00:00Z,-0.00019518,147.070,124907.5,58903.8
2024-10-24T16:00:00Z,-0.00049864,147.400,120029.7,58527.7
2024-10-25T00:00:00Z,-0.00008797,144.900,120132.4,61209.7
2024-10-25T08:00:00Z,0,147.490,135210.6,64712.1
2024-10-25T16:00:00Z,-0.00085253,137.980,494641.1,225059.1
2024-10-26T00:00:00Z,-0.00054528,140.470,169127.1,80160.2
2024-10-26T08:00:00Z,-0.00032930,140.320,121582.9,53202.7
2024-10-26T16:00:00Z,-0.00070573,142.590,92796.6,45862.6
2024-10-27T00:00:00Z,-0.00068772,142.930,63750.8,32972.5
2024-10-27T08:00:00Z,-0.00047411,145.280,110586.4,56514.9
2024-10-27T16:00:00Z,-0.00034650,147.850,98209.9,52603.9
2024-10-28T00:00:00Z,-0.00041045,150.260,156517.4,76802.5
2024-10-28T08:00:00Z,-0.00031041,149.280,341801.8,167169.3
2024-10-28T16:00:00Z,-0.00073304,151.540,193863.0,94261.8
2024-10-29T00:00:00Z,-0.00009444,153.960,147136.0,72147.8
2024-10-29T08:00:00Z,-0.00008294,151.570,162089.7,75693.6
2024-10-29T16:00:00Z,-0.00026830,151.420,213042.3,106347.8
2024-10-30T00:00:00Z,0,152.800,142140.4,66117.5
2024-10-30T08:00:00Z,0,156.880,327679.7,164870.0
2024-10-30T16:00:00Z,-0.00008148,156.180,139922.1,69318.0
2024-10-31T00:00:00Z,-0.00024949,152.730,125664.7,57550.4
2024-10-31T08:00:00Z,-0.00023293,145.880,207532.6,93438.5
2024-10-31T16:00:00Z,-0.00063803,143.390,286999.1,145835.9
2024-11-01T00:00:00Z,-0.00076979,142.400,158111.5,76218.9
2024-11-01T08:00:00Z,-0.00051562,142.080,224579.3,107487.5
2024-11-01T16:00:00Z,-0.00050576,141.340,143217.1,66627.1
2024-11-02T00:00:00Z,-0.00059341,141.380,70853.1,32099.5
2024-11-02T08:00:00Z,-0.00048150,137.920,142130.6,58740.8
2024-11-02T16:00:00Z,-0.00037327,138.360,96670.0,46825.1
2024-11-03T00:00:00Z,-0.00111469,135.220,190592.3,92582.6
2024-11-03T08:00:00Z,-0.00014617,132.410,208154.3,103513.6
2024-11-03T16:00:00Z,-0.00062355,132.780,228046.3,112684.0
2024-11-04T00:00:00Z,-0.00007786,129.600,142490.1,68524.1
2024-11-04T08:00:00Z,-0.00026697,129.690,182016.6,91354.1
2024-11-04T16:00:00Z,-0.00027576,128.230,219005.3,105396.5
2024-11-05T00:00:00Z,-0.00016564,130.530,225629.3,119227.6
2024-11-05T08:00:00Z,-0.00069815,131.790,292727.4,149444.6
2024-11-05T16:00:00Z,-0.00052149,135.730,255610.5,135627.7
2024-11-06T00:00:00Z,0,156.560,857550.8,410510.8
2024-11-06T08:00:00Z,0,163.920,832482.6,399495.6
2024-11-06T16:00:00Z,0.00034217,173.690,767100.6,391068.6
2024-11-07T00:00:00Z,0.00039662,181.400,996356.1,500570.3
2024-11-07T08:00:00Z,0.00053288,185.440,804631.5,405286.3
2024-11-07T16:00:00Z,0.00037980,183.550,414366.6,202707.9
2024-11-08T00:00:00Z,0.00053631,180.980,279362.7,137014.0
2024-11-08T08:00:00Z,0.00013170,179.360,320194.6,161850.2
2024-11-08T16:00:00Z,0,182.010,293003.2,153376.8
2024-11-09T00:00:00Z,0,192.130,423093.6,219211.7
2024-11-09T08:00:00Z,0,191.510,405333.0,196236.7
2024-11-09T16:00:00Z,0,195.300,409487.3,208367.7
2024-11-10T00:00:00Z,0.00057716,192.510,362050.6,171561.6
2024-11-10T08:00:00Z,0.00069802,193.060,436255.4,213129.6
2024-11-10T16:00:00Z,0.00074799,190.190,543651.1,268063.8
2024-11-11T00:00:00Z,0.00043407,186.800,342240.5,165979.8
2024-11-11T08:00:00Z,0.00083817,188.220,321166.4,161260.2
2024-11-11T16:00:00Z,0.00077135,193.660,426269.5,212318.6
2024-11-12T00:00:00Z,0.00099264,189.080,598681.5,286296.7
2024-11-12T08:00:00Z,0.00032335,177.550,778972.6,371431.4
2024-11-12T16:00:00Z,0.00012120,179.430,284787.7,145900.1
2024-11-13T00:00:00Z,0.00044191,172.670,429056.4,211567.6
2024-11-13T08:00:00Z,0.00113162,183.950,490463.5,248256.9
2024-11-13T16:00:00Z,0.00063729,173.400,415545.2,197022.3
2024-11-14T00:00:00Z,0.00087810,174.820,254158.7,128296.1
2024-11-14T08:00:00Z,0,163.700,394111.7,186437.0
2024-11-14T16:00:00Z,0.00065030,158.300,374088.5,186096.2
2024-11-15T00:00:00Z,0.00054922,156.710,399538.8,200080.0
2024-11-15T08:00:00Z,0,154.430,536905.8,261498.0
2024-11-15T16:00:00Z,0.00044919,164.540,428859.7,209141.4
2024-11-16T00:00:00Z,0.00022743,167.230,284742.7,137675.9
2024-11-16T08:00:00Z,0,167.130,398049.4,192565.3
2024-11-16T16:00:00Z,0.00065154,169.070,183867.7,90612.5
2024-11-17T00:00:00Z,0.00063530,172.290,329070.6,162695.1
2024-11-17T08:00:00Z,0.00071545,165.140,231053.1,108867.2
2024-11-17T16:00:00Z,0.00080008,162.130,235670.8,110859.7
2024-11-18T00:00:00Z,0.00108459,170.360,230991.4,110824.3
2024-11-18T08:00:00Z,0.00066236,169.540,356669.9,174760.2
2024-11-18T16:00:00Z,0.00028917,170.890,374975.9,185133.7
2024-11-19T00:00:00Z,0.00049287,164.520,217126.6,104508.7
2024-11-19T08:00:00Z,0.00067048,164.690,310984.6,148705.9
2024-11-19T16:00:00Z,0.00072847,162.100,373722.9,181747.2
2024-11-20T00:00:00Z,0.00034537,162.000,226351.9,105233.6
2024-11-20T08:00:00Z,0.00038424,162.600,367304.9,182378.1
2024-11-20T16:00:00Z,0,156.830,323485.6,148161.4
2024-11-21T00:00:00Z,0.00005706,159.320,279769.5,133598.3
2024-11-21T08:00:00Z,0.00017355,163.800,529469.7,254449.1
2024-11-21T16:00:00Z,0.00041344,169.390,304266.2,143105.1
2024-11-22T00:00:00Z,0.00035484,167.560,284785.0,142810.3
2024-11-22T08:00:00Z,0.00049153,166.530,384842.0,181895.0
2024-11-22T16:00:00Z,0.00097401,173.680,261521.7,132191.7
2024-11-23T00:00:00Z,0.00062743,177.960,463700.2,221377.0
2024-11-23T08:00:00Z,0.00066989,181.680,413345.4,196483.0
2024-11-23T16:00:00Z,0.00030272,174.520,463728.7,224599.5
2024-11-24T00:00:00Z,0.00056539,181.310,328556.3,161839.4
2024-11-24T08:00:00Z,0.00056027,163.570,659561.6,291229.9
2024-11-24T16:00:00Z,0.00062268,171.290,262194.2,124957.8
2024-11-25T00:00:00Z,0.00085113,175.130,309704.7,147654.4
2024-11-25T08:00:00Z,0.00025047,186.740,826889.4,427249.5
2024-11-25T16:00:00Z,0.00061264,181.540,673240.7,337207.3
2024-11-26T00:00:00Z,0,175.270,350698.3,167302.9
2024-11-26T08:00:00Z,0.00010372,171.720,668171.4,309688.3
2024-11-26T16:00:00Z,0.00043858,181.750,425914.2,211673.2
2024-11-27T00:00:00Z,0.00065635,192.270,779924.6,391055.1
2024-11-27T08:00:00Z,0.00006306,202.940,722166.3,379967.5
2024-11-27T16:00:00Z,0.00093014,210.660,598762.5,297417.8
2024-11-28T00:00:00Z,0.00093175,202.000,325835.8,160874.2
2024-11-28T08:00:00Z,0.00082454,199.160,352792.8,171996.1
2024-11-28T16:00:00Z,0.00042310,200.300,203793.7,98815.9
2024-11-29T00:00:00Z,0.00068236,196.330,237474.9,114835.3
2024-11-29T08:00:00Z,0.00042523,198.360,246914.5,125244.7
2024-11-29T16:00:00Z,0.00073125,199.120,155572.1,76594.2
2024-11-30T00:00:00Z,0.00043701,204.160,371469.0,176968.0
2024-11-30T08:00:00Z,0,205.070,373859.5,181902.2
2024-11-30T16:00:00Z,0.00115166,211.990,264058.0,134100.4
2024-12-01T00:00:00Z,0.00029172,204.800,322279.6,148635.7
2024-12-01T08:00:00Z,0.00076467,207.440,267201.5,137632.0
2024-12-01T16:00:00Z,0.00098383,209.410,202151.1,94869.4
2024-12-02T00:00:00Z,0.00063987,214.900,475105.6,226682.5
2024-12-02T08:00:00Z,0.00010863,235.850,1335172.1,667838.7
2024-12-02T16:00:00Z,0.00120333,235.630,619751.8,308812.4
2024-12-03T00:00:00Z,0.00073323,233.030,485641.2,231760.0
2024-12-03T08:00:00Z,0.00212773,242.550,1001686.9,500118.0
2024-12-03T16:00:00Z,0.00041497,240.580,512939.7,263346.3
2024-12-04T00:00:00Z,0.00079282,248.860,426672.2,202463.1
2024-12-04T08:00:00Z,0.00079137,260.830,661775.8,351471.8
2024-12-04T16:00:00Z,0.00080845,256.500,711849.7,346544.2
2024-12-05T00:00:00Z,0.00034351,250.230,479243.1,232445.8
2024-12-05T08:00:00Z,0.00074770,255.440,464562.8,231481.9
2024-12-05T16:00:00Z,0.00045635,247.860,431164.7,205584.1
2024-12-06T00:00:00Z,0.00101618,256.560,312320.9,154542.9
2024-12-06T08:00:00Z,0.00085266,269.330,583351.7,291957.7
2024-12-06T16:00:00Z,0.00053180,281.950,529343.7,267675.8
2024-12-07T00:00:00Z,0.00046535,285.780,365638.4,185289.2
2024-12-07T08:00:00Z,0.00127710,284.240,262300.9,126691.1
2024-12-07T16:00:00Z,0.00071247,282.460,192038.6,93044.0
2024-12-08T00:00:00Z,0.00088054,279.940,187725.2,86893.9
2024-12-08T08:00:00Z,0.00061771,279.490,279349.1,138875.3
2024-12-08T16:00:00Z,0.00106882,282.990,149613.1,72732.8
2024-12-09T00:00:00Z,0.00056043,271.300,288333.0,131621.5
2024-12-09T08:00:00Z,0.00080335,272.010,442753.0,215076.7
2024-12-09T16:00:00Z,-0.00006842,260.530,966924.3,430146.1
2024-12-10T00:00:00Z,0.00001596,270.390,592381.7,289272.9
2024-12-10T08:00:00Z,-0.00034503,260.700,986957.9,482154.4
2024-12-10T16:00:00Z,0.00034873,276.470,861733.1,423732.9
2024-12-11T00:00:00Z,-0.00032040,268.040,423995.1,204580.1
2024-12-11T08:00:00Z,-0.00033837,290.840,509760.3,265231.3
2024-12-11T16:00:00Z,0,302.760,434917.4,221906.4
2024-12-12T00:00:00Z,0,354.310,1305482.1,663781.6
2024-12-12T08:00:00Z,0.00005505,370.180,1859619.7,943392.2
2024-12-12T16:00:00Z,-0.00020015,367.140,992139.7,511467.6
2024-12-13T00:00:00Z,0.00035081,367.230,1291790.5,623574.2
2024-12-13T08:00:00Z,-0.00008687,361.550,807517.7,395472.2
2024-12-13T16:00:00Z,-0.00019071,377.550,621991.2,313646.0
2024-12-14T00:00:00Z,0.00029308,383.790,716267.4,354403.2
2024-12-14T08:00:00Z,0,373.980,880339.2,430403.6
2024-12-14T16:00:00Z,-0.00063095,365.560,409960.2,200703.7
2024-12-15T00:00:00Z,0,364.540,522051.3,257728.7
2024-12-15T08:00:00Z,-0.00065184,371.440,545148.3,267173.7
2024-12-15T16:00:00Z,0,368.470,555622.5,270664.3
2024-12-16T00:00:00Z,0.00007999,384.230,734423.8,364266.0
2024-12-16T08:00:00Z,0,384.140,1186166.4,587302.1
2024-12-16T16:00:00Z,-0.00021693,379.100,881009.1,439816.1
2024-12-17T00:00:00Z,-0.00019221,372.660,547058.0,263212.3
2024-12-17T08:00:00Z,-0.00018653,363.470,500559.8,239615.7
2024-12-17T16:00:00Z,0,361.240,412723.9,199276.9
2024-12-18T00:00:00Z,-0.00005711,370.780,577681.3,290022.4
2024-12-18T08:00:00Z,-0.00041570,365.070,614901.9,297433.3
2024-12-18T16:00:00Z,-0.00040169,339.530,1062332.9,509279.4
2024-12-19T00:00:00Z,-0.00048251,344.210,837482.6,417837.6
2024-12-19T08:00:00Z,-0.00015813,325.400,622705.1,291825.9
2024-12-19T16:00:00Z,-0.00061658,314.830,1138434.1,544928.4
2024-12-20T00:00:00Z,0,308.360,560056.2,267550.0
2024-12-20T08:00:00Z,-0.00079444,303.990,1322634.9,648580.1
2024-12-20T16:00:00Z,-0.00034429,329.200,709285.5,351088.4
2024-12-21T00:00:00Z,-0.00093174,336.710,416317.9,204574.4
2024-12-21T08:00:00Z,-0.00033802,309.180,578007.7,274462.9
2024-12-21T16:00:00Z,-0.00028894,299.000,425446.9,202345.2
2024-12-22T00:00:00Z,-0.00011658,297.110,328199.2,159637.9
2024-12-22T08:00:00Z,-0.00023482,301.510,445573.5,219423.9
2024-12-22T16:00:00Z,-0.00034086,318.880,557300.0,281951.3
2024-12-23T00:00:00Z,-0.00006505,327.280,686021.4,334788.9
2024-12-23T08:00:00Z,-0.00029003,333.530,709732.3,358789.3
2024-12-23T16:00:00Z,-0.00004382,383.430,1155522.3,598737.6
2024-12-24T00:00:00Z,0,375.930,582908.7,279637.7
2024-12-24T08:00:00Z,-0.00025204,375.320,535971.2,270790.1
2024-12-24T16:00:00Z,-0.00014214,374.940,310270.6,154915.4
2024-12-25T00:00:00Z,-0.00034833,380.640,396407.7,199959.9
2024-12-25T08:00:00Z,0,368.710,350613.0,167607.5
2024-12-25T16:00:00Z,0.00006570,369.870,180747.5,88915.1
2024-12-26T00:00:00Z,-0.00045600,347.870,325294.2,145445.7
2024-12-26T08:00:00Z,-0.00033321,336.440,400154.7,193401.9
2024-12-26T16:00:00Z,-0.00004017,337.560,235634.0,115273.5
2024-12-27T00:00:00Z,-0.00026749,335.660,362794.1,175474.9
2024-12-27T08:00:00Z,-0.00045588,325.670,491724.9,234950.0
2024-12-27T16:00:00Z,0,323.840,283857.0,134626.9
2024-12-28T00:00:00Z,-0.00026703,324.650,171277.4,85213.8
2024-12-28T08:00:00Z,-0.00009257,331.120,320194.9,159448.8
2024-12-28T16:00:00Z,-0.00041324,354.380,349996.8,177396.6
2024-12-29T00:00:00Z,-0.00039797,340.550,275531.4,122221.2
2024-12-29T08:00:00Z,-0.00097193,333.740,196720.0,91553.2
2024-12-29T16:00:00Z,-0.00046684,332.530,207373.3,97633.6
2024-12-30T00:00:00Z,-0.00034659,338.510,272048.4,137491.8
2024-12-30T08:00:00Z,-0.00050562,327.340,353255.3,168022.3
2024-12-30T16:00:00Z,-0.00048627,321.890,354465.9,175662.9
2024-12-31T00:00:00Z,-0.00031015,310.940,298405.6,136490.7
2024-12-31T08:00:00Z,-0.00058193,318.070,412878.9,206116.9
2024-12-31T16:00:00Z,-0.00011494,308.700,230997.4,108398.1
2025-01-01T00:00:00Z,-0.00050718,313.350,173046.0,91834.9
2025-01-01T08:00:00Z,-0.00004968,318.910,277335.6,134456.7
2025-01-01T16:00:00Z,-0.00033625,319.720,218185.1,113409.1
2025-01-02T00:00:00Z,-0.00015309,333.720,300730.3,148199.0
2025-01-02T08:00:00Z,-0.00025855,331.150,320073.2,146617.4
2025-01-02T16:00:00Z,-0.00023778,333.480,216398.9,102337.7
2025-01-03T00:00:00Z,-0.00010357,318.980,181316.6,78885.0
2025-01-03T08:00:00Z,-0.00010493,347.250,455807.5,231317.8
2025-01-03T16:00:00Z,0.00043905,350.830,249522.9,127201.4
2025-01-04T00:00:00Z,-0.00050233,344.270,189192.1,86644.0
2025-01-04T08:00:00Z,-0.00027566,348.170,407856.4,206502.3
2025-01-04T16:00:00Z,0,351.570,191828.2,92060.1
2025-01-05T00:00:00Z,0.00002920,346.310,151176.2,74406.9
2025-01-05T08:00:00Z,-0.00023310,342.160,171831.3,80822.6
2025-01-05T16:00:00Z,0,341.700,136213.7,68441.7
2025-01-06T00:00:00Z,-0.00031740,340.040,214527.4,100649.6
2025-01-06T08:00:00Z,0.00037551,348.960,303031.8,147698.6
2025-01-06T16:00:00Z,-0.00006410,341.370,219161.3,103740.2
2025-01-07T00:00:00Z,-0.00004893,337.460,136070.8,62678.7
2025-01-07T08:00:00Z,-0.00070585,315.710,452508.5,202289.6
2025-01-07T16:00:00Z,-0.00025419,306.760,285232.4,132187.4
2025-01-08T00:00:00Z,-0.00033967,298.440,331169.4,145909.1
2025-01-08T08:00:00Z,0,293.640,252077.2,124815.3
2025-01-08T16:00:00Z,-0.00101096,293.100,495445.1,223512.3
2025-01-09T00:00:00Z,-0.00012417,282.920,227583.3,107193.6
2025-01-09T08:00:00Z,-0.00111070,287.910,332980.3,166574.2
2025-01-09T16:00:00Z,-0.00026295,281.010,340337.4,169440.7
2025-01-10T00:00:00Z,0,297.370,273634.8,142876.0
2025-01-10T08:00:00Z,-0.00029639,281.440,464422.1,218213.2
2025-01-10T16:00:00Z,-0.00063366,285.580,219615.7,112192.6
2025-01-11T00:00:00Z,0.00011247,282.450,116618.1,55470.7
2025-01-11T08:00:00Z,-0.00023064,286.790,112052.9,57932.3
2025-01-11T16:00:00Z,-0.00017230,287.120,150414.5,68992.1
2025-01-12T00:00:00Z,-0.00009002,289.980,96625.3,47421.1
2025-01-12T08:00:00Z,-0.00078962,292.830,197025.4,97548.6
2025-01-12T16:00:00Z,-0.00067068,287.750,109447.6,53079.2
2025-01-13T00:00:00Z,-0.00017275,273.770,337686.3,157685.9
2025-01-13T08:00:00Z,-0.00118630,273.660,753476.3,367397.7
2025-01-13T16:00:00Z,-0.00173106,289.420,531004.4,269947.2
2025-01-14T00:00:00Z,-0.00006289,285.550,251138.6,119558.6
2025-01-14T08:00:00Z,-0.00030564,291.020,376441.5,187016.2
2025-01-14T16:00:00Z,-0.00039924,295.330,210920.7,107878.6
2025-01-15T00:00:00Z,-0.00030962,294.440,205777.7,96548.4
2025-01-15T08:00:00Z,-0.00102470,314.320,555782.4,273687.4
2025-01-15T16:00:00Z,-0.00067476,319.730,288332.1,143471.8
2025-01-16T00:00:00Z,-0.00012633,312.640,173578.5,84104.3
2025-01-16T08:00:00Z,0,316.080,417868.2,206357.3
2025-01-16T16:00:00Z,-0.00040128,311.000,228788.6,107829.3
2025-01-17T00:00:00Z,-0.00000526,322.500,278229.9,136828.5
2025-01-17T08:00:00Z,-0.00032050,327.180,315131.9,152045.0
2025-01-17T16:00:00Z,-0.00063285,334.950,212537.2,107627.0
2025-01-18T00:00:00Z,-0.00070611,313.270,431233.0,194875.5
2025-01-18T08:00:00Z,-0.00138554,317.140,331576.8,156500.8
2025-01-18T16:00:00Z,-0.00051982,315.390,222415.9,106670.6
2025-01-19T00:00:00Z,-0.00018569,308.680,262105.5,123864.4
2025-01-19T08:00:00Z,0,330.880,863668.2,429759.7
2025-01-19T16:00:00Z,-0.00024205,309.270,858303.3,411260.7
2025-01-20T00:00:00Z,0,354.440,1086828.3,537615.0
2025-01-20T08:00:00Z,-0.00033325,347.170,1143757.9,561907.3
2025-01-20T16:00:00Z,0.00000319,337.370,1281524.6,640559.7
2025-01-21T00:00:00Z,-0.00067751,341.560,698151.4,345614.0
2025-01-21T08:00:00Z,0,357.560,1061865.6,523097.9
2025-01-21T16:00:00Z,0,370.740,604275.8,299790.7
2025-01-22T00:00:00Z,0,356.940,337619.4,171183.8
2025-01-22T08:00:00Z,-0.00033822,353.240,374822.4,185151.1
2025-01-22T16:00:00Z,0,346.530,259661.4,122907.9
2025-01-23T00:00:00Z,-0.00054538,338.030,327484.4,153851.0
2025-01-23T08:00:00Z,-0.00028258,337.180,410196.6,208137.8
2025-01-23T16:00:00Z,-0.00052122,337.210,474706.7,229264.4
2025-01-24T00:00:00Z,-0.00033838,348.200,356223.3,178742.3
2025-01-24T08:00:00Z,-0.00070569,348.570,303987.2,144504.6
2025-01-24T16:00:00Z,-0.00042301,334.800,254556.9,114667.5
2025-01-25T00:00:00Z,-0.00036560,331.040,178567.5,84076.9
2025-01-25T08:00:00Z,-0.00103714,334.700,148929.3,76551.2
2025-01-25T16:00:00Z,-0.00041055,326.250,198456.6,97079.9
2025-01-26T00:00:00Z,-0.00036431,329.770,155447.2,77853.5
2025-01-26T08:00:00Z,-0.00081515,329.210,153789.0,78003.4
2025-01-26T16:00:00Z,-0.00057251,316.350,222203.2,95550.7
2025-01-27T00:00:00Z,-0.00055834,296.820,526515.1,241373.5
2025-01-27T08:00:00Z,-0.00070181,301.330,360541.9,184691.5
2025-01-27T16:00:00Z,-0.00033895,304.880,380425.0,187822.8
2025-01-28T00:00:00Z,-0.00048149,301.920,187196.2,93012.2
2025-01-28T08:00:00Z,-0.00017202,297.880,278544.3,134650.6
2025-01-28T16:00:00Z,-0.00065043,283.950,387101.2,180551.4
2025-01-29T00:00:00Z,-0.00011250,300.320,265656.3,142679.7
2025-01-29T08:00:00Z,-0.00049428,289.570,267865.1,124829.4
2025-01-29T16:00:00Z,-0.00022448,290.790,403640.2,197583.9
2025-01-30T00:00:00Z,-0.00000826,302.880,245820.8,126203.2
2025-01-30T08:00:00Z,-0.00008799,315.860,350656.7,177063.8
2025-01-30T16:00:00Z,-0.00006960,315.360,175628.9,87670.2
2025-01-31T00:00:00Z,-0.00001803,319.560,215743.9,97790.0
2025-01-31T08:00:00Z,0,338.180,404542.8,205897.9
2025-01-31T16:00:00Z,0,332.600,988657.6,501394.5
2025-02-01T00:00:00Z,-0.00016710,322.520,173585.7,80985.8
2025-02-01T08:00:00Z,0,314.860,311828.5,147150.1
2025-02-01T16:00:00Z,-0.00086599,295.950,301895.5,138968.4
2025-02-02T00:00:00Z,-0.00007194,291.190,287722.5,136378.4
2025-02-02T08:00:00Z,-0.00084659,285.050,273892.3,137525.5
2025-02-02T16:00:00Z,-0.00109186,258.220,791217.2,369549.6
2025-02-03T00:00:00Z,-0.00001682,244.910,1630936.4,775939.4
2025-02-03T08:00:00Z,-0.00070593,260.700,767041.5,373464.7
2025-02-03T16:00:00Z,-0.00031158,276.290,669146.1,331327.9
2025-02-04T00:00:00Z,0,250.560,428938.4,208052.6
2025-02-04T08:00:00Z,-0.00002236,265.120,556467.8,277852.5
2025-02-04T16:00:00Z,-0.00118644,271.990,597972.2,293412.6
2025-02-05T00:00:00Z,-0.00007371,274.360,281978.2,143353.7
2025-02-05T08:00:00Z,-0.00025400,269.390,351629.5,169446.2
2025-02-05T16:00:00Z,-0.00030936,259.570,325769.1,166416.3
2025-02-06T00:00:00Z,-0.00025511,262.920,173332.7,86474.8
2025-02-06T08:00:00Z,-0.00051419,247.630,365458.2,168812.9
2025-02-06T16:00:00Z,-0.00063568,241.320,287049.3,143399.2
2025-02-07T00:00:00Z,-0.00019212,242.710,225702.7,109524.1
2025-02-07T08:00:00Z,0,250.240,412985.3,196506.1
2025-02-07T16:00:00Z,-0.00010443,237.930,376140.4,178698.3
2025-02-08T00:00:00Z,-0.00070114,236.090,190318.2,95783.3
2025-02-08T08:00:00Z,-0.00040653,232.350,214356.0,103178.2
2025-02-08T16:00:00Z,-0.00027512,238.660,195295.3,99770.0
2025-02-09T00:00:00Z,0.00013787,246.760,260739.2,132072.8
2025-02-09T08:00:00Z,-0.00034357,244.940,235362.8,115644.3
2025-02-09T16:00:00Z,-0.00034104,241.130,289985.3,142632.8
2025-02-10T00:00:00Z,-0.00025156,246.600,322591.8,160489.8
2025-02-10T08:00:00Z,-0.00027198,248.550,285070.6,141622.1
2025-02-10T16:00:00Z,-0.00018434,252.480,216175.9,109645.3
2025-02-11T00:00:00Z,-0.00021561,260.100,212304.5,106398.6
2025-02-11T08:00:00Z,-0.00015192,250.520,300535.6,143997.0
2025-02-11T16:00:00Z,-0.00062622,243.560,190269.0,91120.3
2025-02-12T00:00:00Z,-0.00050289,243.770,155453.9,71845.8
2025-02-12T08:00:00Z,-0.00047275,239.920,389007.4,190387.1
2025-02-12T16:00:00Z,-0.00036815,252.690,261741.2,125688.7
2025-02-13T00:00:00Z,-0.00035951,248.250,146476.7,71038.8
2025-02-13T08:00:00Z,-0.00062408,251.470,336857.4,175393.1
2025-02-13T16:00:00Z,-0.00058066,256.240,241554.0,126390.2
2025-02-14T00:00:00Z,-0.00069266,257.830,131543.1,66976.5
2025-02-14T08:00:00Z,-0.00033987,263.330,237849.4,119060.5
2025-02-14T16:00:00Z,-0.00038358,262.470,201331.9,102679.5
2025-02-15T00:00:00Z,-0.00058936,258.160,107253.2,50277.5
2025-02-15T08:00:00Z,-0.00004588,254.390,114279.3,52012.0
2025-02-15T16:00:00Z,-0.00028268,253.230,81891.7,40822.7
2025-02-16T00:00:00Z,-0.00015861,250.750,83716.5,38290.9
2025-02-16T08:00:00Z,-0.00042356,255.480,152507.9,76882.9
2025-02-16T16:00:00Z,-0.00073607,253.720,177795.6,86878.8
2025-02-17T00:00:00Z,-0.00034406,257.490,302954.5,157266.5
2025-02-17T08:00:00Z,-0.00052905,267.970,554239.6,281920.7
2025-02-17T16:00:00Z,-0.00017725,264.450,294795.4,144582.1
2025-02-18T00:00:00Z,-0.00047287,252.280,237240.2,115028.7
2025-02-18T08:00:00Z,-0.00087692,249.850,313288.6,145373.2
2025-02-18T16:00:00Z,-0.00025724,249.420,336545.8,165922.0
2025-02-19T00:00:00Z,-0.00063656,254.210,178343.6,86933.9
2025-02-19T08:00:00Z,-0.00029244,252.290,190563.8,95621.3
2025-02-19T16:00:00Z,-0.00024245,252.880,254014.2,136553.8
2025-02-20T00:00:00Z,-0.00114259,254.290,173967.5,81218.5
2025-02-20T08:00:00Z,-0.00015134,253.770,235104.4,123314.5
2025-02-20T16:00:00Z,-0.00040015,261.140,181772.5,91396.3
2025-02-21T00:00:00Z,-0.00028363,260.760,145860.8,75647.1
2025-02-21T08:00:00Z,0,255.090,321629.0,155483.8
2025-02-21T16:00:00Z,-0.00032153,242.600,450688.1,197671.6
2025-02-22T00:00:00Z,-0.00069070,243.660,193592.2,98131.5
2025-02-22T08:00:00Z,-0.00066717,248.690,174398.4,84058.1
2025-02-22T16:00:00Z,-0.00039788,246.980,125317.4,58532.3
2025-02-23T00:00:00Z,-0.00038385,253.780,122764.2,60412.3
2025-02-23T08:00:00Z,-0.00069950,243.610,169374.2,76102.9
2025-02-23T16:00:00Z,-0.00044688,247.490,84377.7,43050.7
2025-02-24T00:00:00Z,-0.00047606,237.560,197246.3,94747.9
2025-02-24T08:00:00Z,-0.00067223,229.900,281027.6,135061.1
2025-02-24T16:00:00Z,-0.00018032,210.630,536241.0,249884.3
2025-02-25T00:00:00Z,-0.00059851,195.310,694995.4,340141.5
2025-02-25T08:00:00Z,-0.00090112,197.290,621218.5,296261.6
2025-02-25T16:00:00Z,-0.00018616,205.040,419679.5,216856.4
2025-02-26T00:00:00Z,-0.00105006,205.030,210366.9,100095.5
2025-02-26T08:00:00Z,-0.00009018,205.840,532830.1,259278.2
2025-02-26T16:00:00Z,-0.00088757,202.480,537381.4,266649.0
2025-02-27T00:00:00Z,-0.00037677,207.340,245835.3,122371.8
2025-02-27T08:00:00Z,-0.00071373,204.410,288422.7,140535.0
2025-02-27T16:00:00Z,-0.00045092,203.860,216431.7,102511.0
2025-02-28T00:00:00Z,-0.00020726,182.130,573955.0,276606.8
2025-02-28T08:00:00Z,0,191.170,535155.9,272057.4
2025-02-28T16:00:00Z,-0.00071077,192.130,313948.5,147514.7
2025-03-01T00:00:00Z,-0.00033860,189.990,235069.2,109350.7
2025-03-01T08:00:00Z,-0.00093500,187.630,228163.1,114648.2
2025-03-01T16:00:00Z,-0.00048595,194.940,261195.0,130367.2
2025-03-02T00:00:00Z,-0.00088353,193.940,166340.8,79948.4
2025-03-02T08:00:00Z,-0.00043187,197.860,354123.5,168905.1
2025-03-02T16:00:00Z,-0.00053548,223.380,774972.4,386285.1
2025-03-03T00:00:00Z,-0.00071151,209.650,330132.8,162461.8
2025-03-03T08:00:00Z,-0.00098047,200.990,478302.4,230910.4
2025-03-03T16:00:00Z,-0.00030901,180.850,568815.0,270006.5
2025-03-04T00:00:00Z,-0.00054461,173.880,454702.8,225603.2
2025-03-04T08:00:00Z,-0.00045439,192.840,1495285.0,741090.0
2025-03-04T16:00:00Z,-0.00074902,206.530,1238749.2,591920.2
2025-03-05T00:00:00Z,0,217.510,683421.5,353280.7
2025-03-05T08:00:00Z,-0.00049230,214.380,1020539.2,504517.5
2025-03-05T16:00:00Z,-0.00053334,220.740,380272.2,199907.6
2025-03-06T00:00:00Z,-0.00031565,229.210,827139.3,405772.0
2025-03-06T08:00:00Z,-0.00009282,216.410,672670.4,317870.7
2025-03-06T16:00:00Z,-0.00013503,208.400,439356.7,207973.6
2025-03-07T00:00:00Z,-0.00007527,209.800,636228.3,323886.7
2025-03-07T08:00:00Z,-0.00037159,204.580,504411.9,245507.9
2025-03-07T16:00:00Z,-0.00037030,196.540,491537.1,237069.2
2025-03-08T00:00:00Z,-0.00034473,189.280,229335.8,106606.1
2025-03-08T08:00:00Z,-0.00062986,188.810,541605.8,277151.6
2025-03-08T16:00:00Z,-0.00025776,195.640,335901.3,169147.2
2025-03-09T00:00:00Z,-0.00067483,195.750,208373.5,105634.8
2025-03-09T08:00:00Z,-0.00034900,190.720,503625.7,234309.1
2025-03-09T16:00:00Z,-0.00008697,178.490,690347.6,326165.3
2025-03-10T00:00:00Z,-0.00062599,194.200,523894.9,259014.8
2025-03-10T08:00:00Z,-0.00138625,185.590,808671.1,396451.3
2025-03-10T16:00:00Z,-0.00043984,180.270,831693.9,400020.5
2025-03-11T00:00:00Z,-0.00106316,182.120,884666.5,427525.2
2025-03-11T08:00:00Z,-0.00177702,175.960,825020.6,402884.3
2025-03-11T16:00:00Z,0,181.980,464568.4,221221.0
2025-03-12T00:00:00Z,-0.00079630,174.960,539649.3,262074.6
2025-03-12T08:00:00Z,-0.00003374,169.010,922270.8,439559.5
2025-03-12T16:00:00Z,-0.00052531,174.720,408910.8,201114.3
2025-03-13T00:00:00Z,-0.00057182,171.400,301550.8,151547.3
2025-03-13T08:00:00Z,-0.00065959,169.060,763851.2,382774.7
2025-03-13T16:00:00Z,-0.00085750,162.740,551932.2,263376.7
2025-03-14T00:00:00Z,-0.00064461,163.800,293849.5,139414.6
2025-03-14T08:00:00Z,-0.00025895,173.120,559648.3,277696.5
2025-03-14T16:00:00Z,-0.00016449,173.060,312592.0,162795.4
2025-03-15T00:00:00Z,-0.00051336,173.210,242318.9,119913.6
2025-03-15T08:00:00Z,-0.00064656,173.310,230723.0,113614.2
2025-03-15T16:00:00Z,-0.00050321,172.870,196596.3,95849.1
2025-03-16T00:00:00Z,-0.00046370,173.710,246772.8,120084.3
2025-03-16T08:00:00Z,-0.00080418,165.270,386571.8,189102.7
2025-03-16T16:00:00Z,-0.00101205,164.590,247738.4,116036.4
2025-03-17T00:00:00Z,-0.00055900,167.930,187323.7,96133.0
2025-03-17T08:00:00Z,-0.00037642,170.400,356778.6,172189.8
2025-03-17T16:00:00Z,-0.00051258,174.630,296471.5,149348.9
2025-03-18T00:00:00Z,-0.00080628,171.650,254149.5,125870.4
2025-03-18T08:00:00Z,-0.00057547,166.280,292931.8,139249.5
2025-03-18T16:00:00Z,-0.00044227,170.000,238385.8,123846.5
2025-03-19T00:00:00Z,-0.00029942,169.840,211640.7,101683.5
2025-03-19T08:00:00Z,-0.00082424,181.670,543590.1,270818.3
2025-03-19T16:00:00Z,-0.00044254,182.420,461609.1,228724.1
2025-03-20T00:00:00Z,-0.00060831,176.520,228779.6,112971.6
2025-03-20T08:00:00Z,-0.00055715,174.060,465906.1,223264.4
2025-03-20T16:00:00Z,0,178.710,256806.0,126312.0
2025-03-21T00:00:00Z,-0.00014093,179.080,284202.2,137686.0
2025-03-21T08:00:00Z,-0.00076104,175.000,225182.9,112781.2
2025-03-21T16:00:00Z,-0.00022825,178.190,197133.7,96188.0
2025-03-22T00:00:00Z,-0.00059197,179.770,168248.7,78409.3
2025-03-22T08:00:00Z,-0.00086736,179.720,179670.6,87764.0
2025-03-22T16:00:00Z,-0.00043460,179.660,156512.2,80853.9
2025-03-23T00:00:00Z,-0.00035008,184.730,198828.9,107231.0
2025-03-23T08:00:00Z,-0.00025317,183.350,243348.5,125673.7
2025-03-23T16:00:00Z,0,185.010,187747.0,94606.2
2025-03-24T00:00:00Z,-0.00064891,190.520,347610.1,164967.4
2025-03-24T08:00:00Z,-0.00062738,192.760,282249.6,139621.2
2025-03-24T16:00:00Z,-0.00036340,190.660,182779.3,86015.7
2025-03-25T00:00:00Z,-0.00032778,187.220,231881.7,112544.2
2025-03-25T08:00:00Z,-0.00076390,187.150,239014.0,109176.7
2025-03-25T16:00:00Z,-0.00051496,186.560,173726.1,80785.9
2025-03-26T00:00:00Z,-0.00037169,187.750,257294.8,122490.9
2025-03-26T08:00:00Z,-0.00045655,180.880,414643.3,195685.5
2025-03-26T16:00:00Z,-0.00064487,177.330,301720.3,145237.1
2025-03-27T00:00:00Z,-0.00049282,184.350,210278.0,104320.7
2025-03-27T08:00:00Z,-0.00040235,182.890,355313.0,171473.8
2025-03-27T16:00:00Z,-0.00036787,184.650,174956.9,86452.0
2025-03-28T00:00:00Z,-0.00060956,175.110,423470.7,201991.3
2025-03-28T08:00:00Z,-0.00058918,169.700,329229.4,156913.1
2025-03-28T16:00:00Z,0,175.760,225215.5,109033.5
2025-03-29T00:00:00Z,-0.00091659,179.340,311094.7,154565.0
2025-03-29T08:00:00Z,-0.00055848,171.870,452107.6,221229.9
2025-03-29T16:00:00Z,-0.00064788,168.020,318206.6,155497.7
2025-03-30T00:00:00Z,-0.00052733,164.930,283940.4,141813.7
2025-03-30T08:00:00Z,-0.00064181,163.840,280189.6,134474.0
2025-03-30T16:00:00Z,-0.00027447,163.530,278415.5,132745.4
2025-03-31T00:00:00Z,-0.00043484,156.800,355513.5,156443.9
2025-03-31T08:00:00Z,-0.00047294,161.380,665791.3,318302.8
2025-03-31T16:00:00Z,-0.00017420,159.570,236155.6,123263.5
2025-04-01T00:00:00Z,-0.00068212,165.580,250934.8,134688.3
2025-04-01T08:00:00Z,-0.00019144,169.930,484351.4,241250.7
2025-04-01T16:00:00Z,-0.00063070,165.950,216276.7,107670.4
2025-04-02T00:00:00Z,-0.00070979,159.170,432498.5,221368.0
2025-04-02T08:00:00Z,-0.00062646,162.740,468631.1,219172.7
2025-04-02T16:00:00Z,-0.00075528,150.160,666527.1,319461.8
2025-04-03T00:00:00Z,-0.00057788,153.240,277898.4,132377.1
2025-04-03T08:00:00Z,-0.00026786,149.920,473139.4,233133.3
2025-04-03T16:00:00Z,-0.00040949,151.060,245291.0,126396.5
2025-04-04T00:00:00Z,-0.00018873,151.800,251096.5,123755.7
2025-04-04T08:00:00Z,-0.00006237,149.400,637596.6,313800.8
2025-04-04T16:00:00Z,-0.00024293,151.920,334794.9,166112.8
2025-04-05T00:00:00Z,0,151.790,129890.3,65958.2
2025-04-05T08:00:00Z,-0.00046285,150.430,269939.7,138900.8
2025-04-05T16:00:00Z,-0.00089636,152.450,199278.2,104535.5
2025-04-06T00:00:00Z,-0.00006590,148.320,141194.9,64640.7
2025-04-06T08:00:00Z,-0.00072551,143.950,322719.0,154712.2
2025-04-06T16:00:00Z,-0.00051288,128.960,1027921.0,487682.9
2025-04-07T00:00:00Z,-0.00156148,116.140,1050287.5,506724.5
2025-04-07T08:00:00Z,-0.00056677,131.450,1376520.9,674915.1
2025-04-07T16:00:00Z,0,131.970,461224.7,233274.2
2025-04-08T00:00:00Z,-0.00017628,130.780,324033.5,163846.3
2025-04-08T08:00:00Z,-0.00062504,131.210,708640.5,354932.5
2025-04-08T16:00:00Z,-0.00043310,125.260,646371.2,323149.5
2025-04-09T00:00:00Z,-0.00050873,129.020,524991.1,266145.5
2025-04-09T08:00:00Z,0,128.480,505783.2,247041.3
2025-04-09T16:00:00Z,-0.00016982,143.060,764389.9,378776.1
2025-04-10T00:00:00Z,-0.00023600,137.770,338451.1,167057.5
2025-04-10T08:00:00Z,-0.00048448,129.480,521725.1,254082.1
2025-04-10T16:00:00Z,-0.00024372,131.840,362324.0,187849.2
2025-04-11T00:00:00Z,-0.00047700,135.960,311310.2,147980.0
2025-04-11T08:00:00Z,-0.00031811,135.280,461016.0,219676.7
2025-04-11T16:00:00Z,-0.00070229,136.370,250188.2,112499.8
2025-04-12T00:00:00Z,-0.00051782,137.220,183570.0,91154.4
2025-04-12T08:00:00Z,-0.00037997,147.350,421074.9,213918.7
2025-04-12T16:00:00Z,-0.00041623,148.000,253241.9,126888.3
2025-04-13T00:00:00Z,-0.00041688,143.480,272217.2,123927.8
2025-04-13T08:00:00Z,-0.00067141,140.770,242913.8,117848.4
2025-04-13T16:00:00Z,-0.00039421,139.040,409198.8,200846.0
2025-04-14T00:00:00Z,-0.00027881,142.000,298785.6,146218.4
2025-04-14T08:00:00Z,-0.00023440,139.110,412672.4,199745.1
2025-04-14T16:00:00Z,-0.00020605,137.560,273409.3,139745.3
2025-04-15T00:00:00Z,-0.00045846,139.290,240207.4,118253.9
2025-04-15T08:00:00Z,-0.00025575,136.360,410545.8,199908.2
2025-04-15T16:00:00Z,-0.00087846,134.110,249620.9,121178.5
2025-04-16T00:00:00Z,-0.00021870,133.270,200274.4,100670.6
2025-04-16T08:00:00Z,-0.00065673,135.080,346500.3,174559.9
2025-04-16T16:00:00Z,-0.00040040,133.910,464563.7,222309.5
2025-04-17T00:00:00Z,-0.00008089,138.950,206211.8,105962.5
2025-04-17T08:00:00Z,-0.00044732,137.190,242910.5,121736.6
2025-04-17T16:00:00Z,-0.00022360,138.850,225965.6,114217.8
2025-04-18T00:00:00Z,-0.00037333,139.520,153727.1,72381.9
2025-04-18T08:00:00Z,-0.00063064,137.810,228243.0,107212.7
2025-04-18T16:00:00Z,-0.00088581,138.300,143384.5,66696.5
2025-04-19T00:00:00Z,-0.00033820,140.040,163104.0,78362.1
2025-04-19T08:00:00Z,-0.00048426,140.170,174928.1,84593.7
2025-04-19T16:00:00Z,-0.00048059,141.900,169490.3,87407.0
2025-04-20T00:00:00Z,-0.00042298,140.630,148120.9,72368.8
2025-04-20T08:00:00Z,-0.00020859,137.400,206713.1,99713.3
2025-04-20T16:00:00Z,-0.00044756,140.870,211411.4,111538.5
2025-04-21T00:00:00Z,-0.00052788,145.080,281747.5,141847.2
2025-04-21T08:00:00Z,-0.00013983,143.680,273753.6,135110.0
2025-04-21T16:00:00Z,-0.00050459,142.790,269188.0,134811.7
2025-04-22T00:00:00Z,-0.00085243,147.300,290900.7,145483.5
2025-04-22T08:00:00Z,-0.00064013,152.010,552945.0,275336.3
2025-04-22T16:00:00Z,-0.00006343,158.100,351899.1,177939.6
2025-04-23T00:00:00Z,-0.00050249,163.390,449094.3,219500.9
2025-04-23T08:00:00Z,-0.00042140,166.400,575740.4,293112.9
2025-04-23T16:00:00Z,-0.00044324,168.000,284262.4,138196.8
2025-04-24T00:00:00Z,-0.00030050,162.180,390512.4,175194.6
2025-04-24T08:00:00Z,0,166.820,490208.9,253294.0
2025-04-24T16:00:00Z,-0.00024193,167.830,289004.7,140189.8
2025-04-25T00:00:00Z,0,167.480,312727.1,156341.5
2025-04-25T08:00:00Z,-0.00021925,167.150,608551.9,287990.1
2025-04-25T16:00:00Z,-0.00089919,166.390,295945.3,146285.3
2025-04-26T00:00:00Z,-0.00079945,169.780,338189.9,166741.9
2025-04-26T08:00:00Z,-0.00071856,167.790,341013.0,167699.1
2025-04-26T16:00:00Z,-0.00005757,172.870,227127.3,116486.5
2025-04-27T00:00:00Z,-0.00013967,169.080,490499.3,247320.8
2025-04-27T08:00:00Z,-0.00019932,166.460,355343.6,158985.6
2025-04-27T16:00:00Z,-0.00049200,166.490,209273.0,102771.7
2025-04-28T00:00:00Z,-0.00038685,174.110,458405.0,219744.5
2025-04-28T08:00:00Z,-0.00004691,164.550,559967.4,277591.9
2025-04-28T16:00:00Z,-0.00031556,166.160,324732.1,154759.4
2025-04-29T00:00:00Z,-0.00048410,169.270,229368.7,109319.1
2025-04-29T08:00:00Z,-0.00034500,167.790,307090.1,153076.8
2025-04-29T16:00:00Z,-0.00071075,165.480,259146.9,134809.2
2025-04-30T00:00:00Z,-0.00055736,163.480,181496.6,81399.0
2025-04-30T08:00:00Z,-0.00058188,159.260,347858.9,166072.8
2025-04-30T16:00:00Z,-0.00060337,164.100,219395.9,107474.1
2025-05-01T00:00:00Z,-0.00073914,169.240,209445.6,109575.4
2025-05-01T08:00:00Z,-0.00083559,175.990,422600.7,211621.8
2025-05-01T16:00:00Z,-0.00043832,172.880,273963.0,133347.7
2025-05-02T00:00:00Z,-0.00061529,172.050,184354.3,89993.9
2025-05-02T08:00:00Z,-0.00079321,175.190,252920.7,126722.7
2025-05-02T16:00:00Z,-0.00027308,174.530,192559.5,100447.7
2025-05-03T00:00:00Z,-0.00020075,173.620,118450.5,58246.5
2025-05-03T08:00:00Z,-0.00041525,172.870,229891.4,114581.4
2025-05-03T16:00:00Z,-0.00009797,177.970,403289.7,215871.2
2025-05-04T00:00:00Z,-0.00009366,178.280,310586.6,151162.0
2025-05-04T08:00:00Z,-0.00041043,173.560,322486.9,157968.2
2025-05-04T16:00:00Z,-0.00092080,170.990,257518.9,121496.1
2025-05-05T00:00:00Z,-0.00036121,180.120,344389.1,169122.2
2025-05-05T08:00:00Z,-0.00035124,174.140,398492.9,199704.3
2025-05-05T16:00:00Z,-0.00033067,176.790,349897.6,174205.4
2025-05-06T00:00:00Z,-0.00138700,171.100,312326.1,153555.8
2025-05-06T08:00:00Z,-0.00005628,168.200,450694.1,207728.9
2025-05-06T16:00:00Z,-0.00008970,177.790,525966.7,267692.0
2025-05-07T00:00:00Z,-0.00059065,174.350,360518.7,184923.2
2025-05-07T08:00:00Z,-0.00048930,169.690,287975.9,137674.5
2025-05-07T16:00:00Z,-0.00058368,171.940,335790.0,168623.3
2025-05-08T00:00:00Z,-0.00017063,187.480,534858.1,276714.8
2025-05-08T08:00:00Z,0.00006260,192.240,559908.5,269509.4
2025-05-08T16:00:00Z,0.00008521,206.180,778196.7,384245.0
2025-05-09T00:00:00Z,-0.00081322,212.040,575703.7,303146.6
2025-05-09T08:00:00Z,0,208.780,625717.3,289137.7
2025-05-09T16:00:00Z,-0.00031090,211.180,228789.5,114593.0
2025-05-10T00:00:00Z,0,218.340,336814.2,182511.9
2025-05-10T08:00:00Z,-0.00027578,220.290,463240.9,225856.4
2025-05-10T16:00:00Z,-0.00027559,228.450,413538.6,201637.7
2025-05-11T00:00:00Z,-0.00046049,217.800,456961.9,203098.1
2025-05-11T08:00:00Z,-0.00006918,216.450,294166.9,141113.3
2025-05-11T16:00:00Z,-0.00041337,221.050,202146.8,101282.5
2025-05-12T00:00:00Z,-0.00004094,223.540,368420.1,172749.9
2025-05-12T08:00:00Z,-0.00051028,218.360,508476.4,240961.8
2025-05-12T16:00:00Z,-0.00040842,221.810,416298.0,208646.9
2025-05-13T00:00:00Z,-0.00020760,215.100,286347.5,136738.5
2025-05-13T08:00:00Z,-0.00021175,226.820,353141.7,170937.3
2025-05-13T16:00:00Z,-0.00028510,236.270,404691.5,202676.7
2025-05-14T00:00:00Z,-0.00046397,232.770,290087.3,142740.7
2025-05-14T08:00:00Z,-0.00015181,228.790,331665.5,161930.2
2025-05-14T16:00:00Z,-0.00021034,229.420,166687.6,82679.7
2025-05-15T00:00:00Z,-0.00046119,222.580,283049.9,131894.5
2025-05-15T08:00:00Z,-0.00051612,226.490,554254.2,274827.4
2025-05-15T16:00:00Z,-0.00022938,223.740,503312.8,244347.4
2025-05-16T00:00:00Z,-0.00061490,237.550,397812.7,203789.0
2025-05-16T08:00:00Z,-0.00034577,235.700,603236.4,310457.0
2025-05-16T16:00:00Z,-0.00039113,230.830,276022.2,138027.1
2025-05-17T00:00:00Z,0,225.620,408432.1,202518.9
2025-05-17T08:00:00Z,-0.00065263,223.160,243414.4,115323.5
2025-05-17T16:00:00Z,-0.00048877,222.050,208995.0,100229.9
2025-05-18T00:00:00Z,-0.00047661,227.020,205648.3,101331.2
2025-05-18T08:00:00Z,0,241.990,349100.1,180001.1
2025-05-18T16:00:00Z,-0.00130618,231.970,729774.4,354937.7
2025-05-19T00:00:00Z,-0.00021997,218.510,463990.3,222523.7
2025-05-19T08:00:00Z,-0.00067680,228.520,411353.5,199180.7
2025-05-19T16:00:00Z,0.00001337,247.680,714686.2,378663.9
2025-05-20T00:00:00Z,-0.00047440,266.140,1389923.8,707802.3
2025-05-20T08:00:00Z,-0.00108886,263.140,1017158.3,519174.1
2025-05-20T16:00:00Z,-0.00016051,259.300,707671.5,379081.2
2025-05-21T00:00:00Z,-0.00034957,260.500,474299.1,245512.3
2025-05-21T08:00:00Z,-0.00054019,254.370,537407.9,252896.2
2025-05-21T16:00:00Z,-0.00060440,247.420,786844.4,379175.6
2025-05-22T00:00:00Z,-0.00048115,252.880,436994.8,224056.7
2025-05-22T08:00:00Z,-0.00018152,256.620,524597.3,263823.9
2025-05-22T16:00:00Z,-0.00049975,256.770,255470.6,123764.3
2025-05-23T00:00:00Z,-0.00115323,255.080,441300.4,213917.6
2025-05-23T08:00:00Z,-0.00064249,253.100,994684.6,468527.2
2025-05-23T16:00:00Z,-0.00006342,256.030,472957.3,237379.2
2025-05-24T00:00:00Z,-0.00019645,259.260,542534.0,277539.0
2025-05-24T08:00:00Z,-0.00029472,272.010,712622.2,356303.0
2025-05-24T16:00:00Z,-0.00051406,261.680,594318.3,292026.0
2025-05-25T00:00:00Z,-0.00015916,266.430,619731.5,299966.7
2025-05-25T08:00:00Z,-0.00064288,264.510,564402.2,270705.5
2025-05-25T16:00:00Z,-0.00044298,269.140,363475.0,185463.9
2025-05-26T00:00:00Z,-0.00046995,270.100,517516.4,259805.9
2025-05-26T08:00:00Z,-0.00099928,264.720,473348.6,227998.0
2025-05-26T16:00:00Z,0,267.360,330933.4,168829.7
2025-05-27T00:00:00Z,-0.00054398,272.920,374017.9,186242.7
2025-05-27T08:00:00Z,-0.00055692,277.370,615705.3,313780.2
2025-05-27T16:00:00Z,-0.00022824,271.470,294854.6,151718.9
2025-05-28T00:00:00Z,-0.00068528,268.730,347378.8,172649.0
2025-05-28T08:00:00Z,-0.00059450,264.010,344392.6,164257.5
2025-05-28T16:00:00Z,-0.00042929,264.880,302188.9,158309.9
2025-05-29T00:00:00Z,0,269.620,517109.2,249444.7
2025-05-29T08:00:00Z,-0.00008697,255.270,492166.8,236490.6
2025-05-29T16:00:00Z,-0.00050662,249.970,299808.0,137163.0
2025-05-30T00:00:00Z,-0.00088832,250.220,474633.6,227826.4
2025-05-30T08:00:00Z,-0.00030412,246.530,329282.4,161239.3
2025-05-30T16:00:00Z,-0.00042022,250.790,526874.5,256878.3
2025-05-31T00:00:00Z,-0.00025453,248.540,567043.2,280362.3
2025-05-31T08:00:00Z,-0.00040408,248.500,366668.8,185503.1
2025-05-31T16:00:00Z,-0.00023646,246.940,239284.1,119091.4
2025-06-01T00:00:00Z,-0.00058272,241.320,403661.1,194621.7
2025-06-01T08:00:00Z,-0.00020922,250.190,285941.9,145610.2
2025-06-01T16:00:00Z,-0.00040173,245.970,412123.0,206646.6
2025-06-02T00:00:00Z,-0.00007981,243.430,234153.5,111081.5
2025-06-02T08:00:00Z,-0.00015425,251.810,482645.9,239989.6
2025-06-02T16:00:00Z,-0.00057559,257.660,335606.1,170022.2
2025-06-03T00:00:00Z,-0.00054227,258.270,280276.0,138385.0
2025-06-03T08:00:00Z,-0.00058333,269.120,528708.9,271107.7
2025-06-03T16:00:00Z,-0.00019757,266.330,299751.8,153091.7
2025-06-04T00:00:00Z,-0.00076081,265.380,252003.4,125564.8
2025-06-04T08:00:00Z,0,273.250,575679.5,295559.5
2025-06-04T16:00:00Z,-0.00065104,263.970,328302.4,158328.5
2025-06-05T00:00:00Z,-0.00025770,260.930,293635.7,141477.1
2025-06-05T08:00:00Z,-0.00036427,260.300,446848.2,223779.6
2025-06-05T16:00:00Z,-0.00090401,241.550,722328.0,331215.3
2025-06-06T00:00:00Z,-0.00022436,248.000,308407.5,154333.1
2025-06-06T08:00:00Z,-0.00046441,252.830,422091.9,212527.7
2025-06-06T16:00:00Z,-0.00031474,250.790,280932.9,140307.2
2025-06-07T00:00:00Z,-0.00040047,253.520,204356.9,105933.2
2025-06-07T08:00:00Z,-0.00024974,258.250,225253.3,112534.6
2025-06-07T16:00:00Z,-0.00016294,257.360,191558.5,96356.5
2025-06-08T00:00:00Z,-0.00051321,254.430,132260.0,61896.1
2025-06-08T08:00:00Z,-0.00032233,252.970,197239.3,99549.6
2025-06-08T16:00:00Z,-0.00037954,253.680,211534.8,100204.4
2025-06-09T00:00:00Z,-0.00038491,254.150,232185.6,118007.3
2025-06-09T08:00:00Z,-0.00080106,262.230,465120.6,237643.2
2025-06-09T16:00:00Z,-0.00052488,283.240,481117.6,260574.1
2025-06-10T00:00:00Z,0,290.740,624417.7,313104.7
2025-06-10T08:00:00Z,-0.00038494,304.910,1423186.1,742623.6
2025-06-10T16:00:00Z,-0.00034569,308.170,671739.4,333829.4
2025-06-11T00:00:00Z,-0.00081565,310.420,357187.6,176331.7
2025-06-11T08:00:00Z,-0.00036365,315.530,745539.7,369724.3
2025-06-11T16:00:00Z,-0.00080990,303.650,491082.0,223303.7
2025-06-12T00:00:00Z,-0.00037086,295.790,438563.4,216798.1
2025-06-12T08:00:00Z,-0.00014375,297.040,492398.1,252477.6
2025-06-12T16:00:00Z,-0.00087263,293.800,658258.2,317053.1
2025-06-13T00:00:00Z,-0.00046668,280.670,1387064.7,666461.5
2025-06-13T08:00:00Z,-0.00020586,284.600,916753.6,442901.6
2025-06-13T16:00:00Z,-0.00104090,290.990,557225.9,276988.2
2025-06-14T00:00:00Z,-0.00074248,277.870,443631.6,195419.4
2025-06-14T08:00:00Z,-0.00047838,272.190,453605.6,214646.8
2025-06-14T16:00:00Z,-0.00046558,275.040,388639.8,188675.3
2025-06-15T00:00:00Z,-0.00034591,272.770,252403.8,122362.3
2025-06-15T08:00:00Z,-0.00008361,273.920,311654.1,151840.7
2025-06-15T16:00:00Z,-0.00007696,274.820,304208.1,154166.4
2025-06-16T00:00:00Z,-0.00022225,289.310,593773.5,292888.3
2025-06-16T08:00:00Z,-0.00033791,288.860,637407.0,311333.9
2025-06-16T16:00:00Z,0.00005817,275.050,414992.4,200025.9
2025-06-17T00:00:00Z,-0.00038334,275.850,526257.1,261939.8
2025-06-17T08:00:00Z,-0.00045009,266.400,587339.7,269109.8
2025-06-17T16:00:00Z,-0.00035122,266.460,535290.8,269028.8
2025-06-18T00:00:00Z,0,265.410,254356.7,122590.8
2025-06-18T08:00:00Z,-0.00090135,259.760,622792.3,293019.8
2025-06-18T16:00:00Z,-0.00048209,258.900,412419.1,198864.4
2025-06-19T00:00:00Z,-0.00061160,259.690,310790.2,163826.6
2025-06-19T08:00:00Z,-0.00057918,250.070,664601.5,313619.1
2025-06-19T16:00:00Z,-0.00045747,255.460,318401.0,156702.1
2025-06-20T00:00:00Z,-0.00033577,259.630,267624.1,133605.3
2025-06-20T08:00:00Z,-0.00033112,254.830,533621.3,262311.1
2025-06-20T16:00:00Z,-0.00040938,247.220,713048.2,328075.5
2025-06-21T00:00:00Z,-0.00033942,247.140,209225.9,108321.3
2025-06-21T08:00:00Z,-0.00022014,244.530,315813.2,153563.1
2025-06-21T16:00:00Z,-0.00057270,234.550,597721.7,283871.2
2025-06-22T00:00:00Z,-0.00030564,232.520,498764.9,241552.0
2025-06-22T08:00:00Z,0,222.080,811589.7,410494.4
2025-06-22T16:00:00Z,-0.00040163,227.780,650485.8,332437.1
2025-06-23T00:00:00Z,-0.00040416,232.030,402083.4,204329.1
2025-06-23T08:00:00Z,-0.00052657,228.590,483481.5,241471.4
2025-06-23T16:00:00Z,-0.00053344,256.890,1055764.5,517184.2
2025-06-24T00:00:00Z,-0.00026889,257.540,522833.1,260947.3
2025-06-24T08:00:00Z,-0.00043733,260.950,499781.9,249182.2
2025-06-24T16:00:00Z,-0.00031023,263.950,436350.9,213791.2
2025-06-25T00:00:00Z,-0.00062931,265.020,281957.5,140758.8
2025-06-25T08:00:00Z,-0.00050561,256.960,531325.1,264808.4
2025-06-25T16:00:00Z,-0.00049397,255.810,237542.2,112546.5
2025-06-26T00:00:00Z,-0.00083694,261.750,350207.6,188016.7
2025-06-26T08:00:00Z,-0.00054561,253.560,467205.1,215376.9
2025-06-26T16:00:00Z,-0.00015585,250.190,376944.0,186939.9
2025-06-27T00:00:00Z,-0.00059458,256.330,281159.5,144801.8
2025-06-27T08:00:00Z,-0.00048161,264.780,495893.7,248782.9
2025-06-27T16:00:00Z,-0.00079962,259.120,461829.5,229560.6
2025-06-28T00:00:00Z,-0.00070252,256.370,176416.3,83347.0
2025-06-28T08:00:00Z,-0.00054599,256.940,201646.5,99371.9
2025-06-28T16:00:00Z,-0.00048619,259.760,201752.9,101646.3
2025-06-29T00:00:00Z,-0.00009260,264.470,202860.7,105824.2
2025-06-29T08:00:00Z,-0.00034370,271.740,516818.8,266276.8
2025-06-29T16:00:00Z,-0.00071680,278.420,395091.5,209284.2
2025-06-30T00:00:00Z,-0.00058160,273.260,334968.9,160790.1
2025-06-30T08:00:00Z,-0.00061520,275.740,402057.3,207086.6
2025-06-30T16:00:00Z,-0.00077786,274.300,422228.0,203597.6
2025-07-01T00:00:00Z,-0.00073140,271.040,313657.6,157720.6
2025-07-01T08:00:00Z,-0.00061295,265.040,332321.0,164524.3
2025-07-01T16:00:00Z,-0.00069913,259.760,218241.5,102826.4
2025-07-02T00:00:00Z,-0.00065851,262.410,327371.9,175907.3
2025-07-02T08:00:00Z,-0.00015103,273.820,382190.6,188345.9
2025-07-02T16:00:00Z,-0.00015853,276.050,587999.5,281725.4
2025-07-03T00:00:00Z,-0.00015316,282.560,329387.3,164075.3
2025-07-03T08:00:00Z,-0.00015308,275.560,666953.2,340171.1
2025-07-03T16:00:00Z,-0.00019947,279.270,220436.9,109890.6
2025-07-04T00:00:00Z,-0.00042687,270.070,343651.4,167951.1
2025-07-04T08:00:00Z,-0.00072782,261.720,441182.9,203148.8
2025-07-04T16:00:00Z,-0.00025914,265.840,287244.9,145716.9
2025-07-05T00:00:00Z,-0.00028897,270.310,181641.5,90693.4
2025-07-05T08:00:00Z,-0.00033283,269.960,265530.9,133545.4
2025-07-05T16:00:00Z,-0.00025995,273.370,258967.8,132331.4
2025-07-06T00:00:00Z,-0.00044807,271.280,137388.7,69451.8
2025-07-06T08:00:00Z,-0.00055040,275.960,297798.0,153637.6
2025-07-06T16:00:00Z,-0.00040106,287.180,335124.7,172841.0
2025-07-07T00:00:00Z,-0.00025154,287.150,273783.0,134328.8
2025-07-07T08:00:00Z,0.00015416,286.530,369890.6,187952.0
2025-07-07T16:00:00Z,-0.00067392,283.060,404857.2,201692.3
2025-07-08T00:00:00Z,-0.00063507,282.810,249936.5,120310.7
2025-07-08T08:00:00Z,-0.00017375,285.340,369938.6,178581.4
2025-07-08T16:00:00Z,-0.00018787,292.850,318668.2,162084.5
2025-07-09T00:00:00Z,-0.00022953,298.790,345393.9,176545.8
2025-07-09T08:00:00Z,-0.00057916,297.910,373070.6,190241.0
2025-07-09T16:00:00Z,-0.00043781,301.470,550680.3,278529.2
2025-07-10T00:00:00Z,-0.00049420,297.130,355122.5,176322.7
2025-07-10T08:00:00Z,-0.00025380,295.980,382238.1,185552.7
2025-07-10T16:00:00Z,-0.00022271,308.680,733594.8,368459.3
2025-07-11T00:00:00Z,-0.00014980,308.240,541661.1,264947.7
2025-07-11T08:00:00Z,0.00034112,304.250,663156.8,327100.0
2025-07-11T16:00:00Z,0,297.370,537781.7,258164.0
2025-07-12T00:00:00Z,-0.00032995,301.960,320087.6,152148.5
2025-07-12T08:00:00Z,-0.00005579,295.510,433772.2,209489.8
2025-07-12T16:00:00Z,-0.00017611,302.150,254259.1,126282.4
2025-07-13T00:00:00Z,-0.00023666,304.510,194276.7,99102.7
2025-07-13T08:00:00Z,-0.00021592,311.480,512484.6,255847.7
2025-07-13T16:00:00Z,-0.00052594,305.590,336935.8,158341.3
2025-07-14T00:00:00Z,-0.00014392,324.400,631291.2,314783.0
2025-07-14T08:00:00Z,0,319.940,637613.0,314069.2
2025-07-14T16:00:00Z,-0.00039909,315.050,320099.7,154308.0
2025-07-15T00:00:00Z,-0.00043683,313.460,516266.8,246965.8
2025-07-15T08:00:00Z,0.00030998,323.400,659693.9,339590.7
2025-07-15T16:00:00Z,-0.00003568,327.500,642869.9,329865.6
2025-07-16T00:00:00Z,0.00013850,332.580,466989.4,225230.6
2025-07-16T08:00:00Z,-0.00010144,326.460,405927.1,202699.9
2025-07-16T16:00:00Z,-0.00038177,323.150,466964.2,218222.0
2025-07-17T00:00:00Z,0.00000672,324.300,441361.7,208543.8
2025-07-17T08:00:00Z,-0.00026853,324.560,500341.9,239906.8
2025-07-17T16:00:00Z,0.00011207,321.690,666271.7,325627.9
2025-07-18T00:00:00Z,0.00062268,327.660,960745.2,476094.2
2025-07-18T08:00:00Z,0.00026028,317.560,901329.2,435017.5
2025-07-18T16:00:00Z,-0.00005782,324.350,578572.4,279409.7
2025-07-19T00:00:00Z,0,316.340,258694.6,122666.6
2025-07-19T08:00:00Z,-0.00053275,315.400,265454.1,130774.7
2025-07-19T16:00:00Z,0,319.140,223387.2,110602.0
2025-07-20T00:00:00Z,0,325.780,270424.4,131781.4
2025-07-20T08:00:00Z,-0.00021153,333.850,368762.3,181064.2
2025-07-20T16:00:00Z,0.00004365,324.320,441620.7,205723.9
2025-07-21T00:00:00Z,0.00054194,330.490,379862.0,183123.9
2025-07-21T08:00:00Z,-0.00034770,327.000,498450.7,246523.6
2025-07-21T16:00:00Z,-0.00000910,322.140,449947.4,217204.2
2025-07-22T00:00:00Z,0.00051967,309.630,634200.4,313380.9
2025-07-22T08:00:00Z,-0.00007992,307.120,582016.3,282437.3
2025-07-22T16:00:00Z,0,310.550,440796.9,213330.8
2025-07-23T00:00:00Z,0.00014500,301.780,392980.5,185528.9
2025-07-23T08:00:00Z,0,293.860,652114.0,305540.2
2025-07-23T16:00:00Z,-0.00053838,290.220,517651.6,246209.0
2025-07-24T00:00:00Z,-0.00030958,284.810,499103.1,246062.3
2025-07-24T08:00:00Z,-0.00038906,290.990,504020.2,262116.8
2025-07-24T16:00:00Z,0.00004990,286.000,358290.3,164601.4
2025-07-25T00:00:00Z,0.00000443,285.820,410238.5,194219.6
2025-07-25T08:00:00Z,-0.00006471,288.340,513677.0,266546.5
2025-07-25T16:00:00Z,-0.00067764,293.990,248455.7,126570.2
2025-07-26T00:00:00Z,-0.00021646,295.920,201195.5,96818.1
2025-07-26T08:00:00Z,-0.00004524,294.830,186864.0,90944.7
2025-07-26T16:00:00Z,-0.00016797,294.840,137432.4,64346.6
2025-07-27T00:00:00Z,-0.00046901,295.760,150343.6,73414.8
2025-07-27T08:00:00Z,-0.00029802,296.880,209035.2,97446.4
2025-07-27T16:00:00Z,0,304.760,313336.3,157472.8
2025-07-28T00:00:00Z,-0.00027332,305.870,324476.4,158585.6
2025-07-28T08:00:00Z,-0.00045520,291.980,376931.3,179027.3
2025-07-28T16:00:00Z,-0.00037384,288.820,302178.7,138591.1
2025-07-29T00:00:00Z,-0.00070348,295.260,237865.9,123116.4
2025-07-29T08:00:00Z,-0.00025435,282.550,390276.8,183084.8
2025-07-29T16:00:00Z,-0.00055070,282.220,226668.9,110572.1
2025-07-30T00:00:00Z,-0.00065182,281.690,155892.1,77314.9
2025-07-30T08:00:00Z,-0.00095332,276.100,369902.8,175247.1
2025-07-30T16:00:00Z,0,274.510,411157.4,203252.2
2025-07-31T00:00:00Z,-0.00042650,277.570,160976.7,87238.2
2025-07-31T08:00:00Z,-0.00038004,268.690,333349.4,162761.3
2025-07-31T16:00:00Z,-0.00037023,260.880,383714.8,177504.8
2025-08-01T00:00:00Z,-0.00027805,258.130,334996.9,160757.6
2025-08-01T08:00:00Z,-0.00041970,259.320,374468.0,188359.8
2025-08-01T16:00:00Z,-0.00063140,255.290,373509.3,188497.0
2025-08-02T00:00:00Z,-0.00045676,255.550,149753.1,74904.0
2025-08-02T08:00:00Z,-0.00036564,251.900,156397.9,77093.9
2025-08-02T16:00:00Z,-0.00041578,249.330,280555.2,137113.2
2025-08-03T00:00:00Z,-0.00054664,255.770,139984.1,73026.4
2025-08-03T08:00:00Z,-0.00063293,257.430,165584.1,85217.0
2025-08-03T16:00:00Z,-0.00060636,259.890,107236.8,55226.4
2025-08-04T00:00:00Z,-0.00042315,261.610,173334.7,81820.7
2025-08-04T08:00:00Z,-0.00093747,265.260,239488.8,119738.2
2025-08-04T16:00:00Z,-0.00024721,267.730,181511.6,86404.6
2025-08-05T00:00:00Z,-0.00052653,257.260,202515.6,87053.9
2025-08-05T08:00:00Z,-0.00037519,253.730,280401.6,129650.3
2025-08-05T16:00:00Z,-0.00044794,255.250,187158.1,98232.2
2025-08-06T00:00:00Z,-0.00035379,258.440,168635.2,86721.1
2025-08-06T08:00:00Z,-0.00068502,262.890,222798.0,117327.0
2025-08-06T16:00:00Z,-0.00038065,263.420,135390.5,69329.8
2025-08-07T00:00:00Z,-0.00020527,265.830,119086.9,59810.2
2025-08-07T08:00:00Z,-0.00064066,273.100,356175.7,167605.2
2025-08-07T16:00:00Z,-0.00010103,284.980,327575.1,160094.9
2025-08-08T00:00:00Z,-0.00051417,283.360,440147.3,216813.2
2025-08-08T08:00:00Z,-0.00048525,283.820,269184.2,126392.1
2025-08-08T16:00:00Z,-0.00004801,290.820,293988.3,147018.0
2025-08-09T00:00:00Z,-0.00019781,299.470,279270.8,142828.5
2025-08-09T08:00:00Z,-0.00023718,302.610,291921.2,141472.5
2025-08-09T16:00:00Z,-0.00033444,307.690,272452.1,136522.3
2025-08-10T00:00:00Z,0,300.190,292602.3,135653.2
2025-08-10T08:00:00Z,-0.00034869,307.680,291991.6,145861.2
2025-08-10T16:00:00Z,-0.00016698,306.170,158398.0,69518.8
2025-08-11T00:00:00Z,-0.00041010,305.150,256537.2,120910.4
2025-08-11T08:00:00Z,-0.00020071,298.450,397328.2,185436.0
2025-08-11T16:00:00Z,-0.00072635,293.040,295353.8,133465.3
2025-08-12T00:00:00Z,-0.00046811,297.620,202890.1,103450.3
2025-08-12T08:00:00Z,-0.00013671,313.190,506289.1,262643.7
2025-08-12T16:00:00Z,0,322.190,500181.1,260232.6
2025-08-13T00:00:00Z,-0.00003471,322.960,313869.8,150484.1
2025-08-13T08:00:00Z,-0.00002550,323.250,539986.7,264585.7
2025-08-13T16:00:00Z,0.00001992,332.200,340150.2,178387.8
2025-08-14T00:00:00Z,0.00001374,331.050,422139.8,199794.3
2025-08-14T08:00:00Z,-0.00002382,315.430,741161.5,336196.3
2025-08-14T16:00:00Z,-0.00062911,312.400,407935.6,200408.0
2025-08-15T00:00:00Z,-0.00060335,310.830,199420.7,98422.5
2025-08-15T08:00:00Z,-0.00053718,295.180,411855.9,184575.9
2025-08-15T16:00:00Z,-0.00058324,299.790,257336.9,130024.5
2025-08-16T00:00:00Z,-0.00060448,298.800,106061.1,51207.6
2025-08-16T08:00:00Z,-0.00049104,293.340,212783.1,100680.4
2025-08-16T16:00:00Z,-0.00075780,295.470,94994.4,50559.0
2025-08-17T00:00:00Z,-0.00045904,301.200,148304.6,78018.2
2025-08-17T08:00:00Z,-0.00036859,310.110,276662.7,134841.8
2025-08-17T16:00:00Z,-0.00052040,303.010,208415.5,95546.6
2025-08-18T00:00:00Z,-0.00095349,286.210,389514.9,183969.0
2025-08-18T08:00:00Z,-0.00020635,290.130,280202.5,143871.2
2025-08-18T16:00:00Z,-0.00006456,288.470,208485.8,102084.1
2025-08-19T00:00:00Z,-0.00036502,283.500,255761.1,122551.6
2025-08-19T08:00:00Z,-0.00034391,280.470,289438.0,137996.0
2025-08-19T16:00:00Z,-0.00039550,277.250,213737.4,105137.9
2025-08-20T00:00:00Z,-0.00014417,287.550,196960.5,105733.1
2025-08-20T08:00:00Z,-0.00060704,289.740,385491.2,191180.6
2025-08-20T16:00:00Z,-0.00016474,299.200,269670.6,131253.0
2025-08-21T00:00:00Z,-0.00026049,301.730,223674.6,103075.7
2025-08-21T08:00:00Z,-0.00019713,297.110,349447.0,170758.2
2025-08-21T16:00:00Z,-0.00038091,299.940,290621.4,143089.7
2025-08-22T00:00:00Z,-0.00072399,303.480,311704.6,163101.6
2025-08-22T08:00:00Z,-0.00128205,319.530,765675.7,381180.3
2025-08-22T16:00:00Z,0.00068080,345.800,629537.3,323480.9
2025-08-23T00:00:00Z,0.00017379,343.030,511381.0,252699.1
2025-08-23T08:00:00Z,-0.00352396,361.760,1687741.6,841406.2
2025-08-23T16:00:00Z,-0.00005182,357.770,647019.0,324676.8
2025-08-24T00:00:00Z,0.00011323,347.610,271440.3,125545.7
2025-08-24T08:00:00Z,0.00019979,351.700,371510.0,183347.7
2025-08-24T16:00:00Z,-0.00017904,348.660,593946.7,289127.6
2025-08-25T00:00:00Z,0.00021150,329.820,368365.5,161715.8
2025-08-25T08:00:00Z,-0.00027262,325.620,340809.1,171700.3
2025-08-25T16:00:00Z,-0.00043759,318.350,423828.9,205985.0
2025-08-26T00:00:00Z,-0.00047091,328.260,459824.5,240247.4
2025-08-26T08:00:00Z,-0.00070544,327.450,459875.4,222186.2
2025-08-26T16:00:00Z,-0.00037678,335.590,287556.1,146093.9
2025-08-27T00:00:00Z,-0.00027844,329.890,266111.5,127792.2
2025-08-27T08:00:00Z,-0.00062168,326.360,303169.5,143836.8
2025-08-27T16:00:00Z,-0.00033436,320.460,349638.1,160009.7
2025-08-28T00:00:00Z,-0.00065608,325.910,221084.5,109752.8
2025-08-28T08:00:00Z,-0.00035354,316.140,358787.1,172215.9
2025-08-28T16:00:00Z,-0.00036659,317.370,170478.0,82995.8
2025-08-29T00:00:00Z,-0.00009045,306.560,267394.7,120538.0
2025-08-29T08:00:00Z,-0.00078752,311.710,372945.7,186592.8
2025-08-29T16:00:00Z,-0.00028894,318.990,243869.7,128194.7
2025-08-30T00:00:00Z,-0.00040285,316.800,222954.4,111990.7
2025-08-30T08:00:00Z,-0.00049466,314.470,150156.8,68425.4
2025-08-30T16:00:00Z,-0.00065669,319.180,105878.2,53593.4
2025-08-31T00:00:00Z,-0.00041882,320.770,172594.2,85776.4
2025-08-31T08:00:00Z,-0.00050544,319.970,165477.5,78321.7
2025-08-31T16:00:00Z,-0.00022381,315.570,149204.6,66009.2
2025-09-01T00:00:00Z,-0.00026843,316.340,242875.5,120568.8
2025-09-01T08:00:00Z,-0.00038675,306.690,270588.4,131848.7
2025-09-01T16:00:00Z,-0.00045312,304.680,254182.4,119767.6
2025-09-02T00:00:00Z,-0.00029907,310.930,219066.6,108314.3
2025-09-02T08:00:00Z,-0.00005148,308.960,302091.5,154161.4
2025-09-02T16:00:00Z,-0.00046661,315.540,210897.8,111300.8
2025-09-03T00:00:00Z,-0.00059739,315.450,137933.6,68108.5
2025-09-03T08:00:00Z,-0.00070581,325.380,265659.7,133400.6
2025-09-03T16:00:00Z,-0.00037951,327.780,150560.3,72020.2
2025-09-04T00:00:00Z,-0.00067333,317.690,222975.2,101700.0
2025-09-04T08:00:00Z,-0.00036497,308.610,390552.1,188873.0
2025-09-04T16:00:00Z,-0.00055804,306.290,224693.7,108730.7
2025-09-05T00:00:00Z,-0.00047691,311.150,201503.2,100016.8
2025-09-05T08:00:00Z,-0.00034580,301.530,484900.2,228921.3
2025-09-05T16:00:00Z,-0.00023480,302.180,160839.0,77741.9
2025-09-06T00:00:00Z,-0.00031269,301.950,107884.5,53772.0
2025-09-06T08:00:00Z,-0.00068242,298.680,127095.4,60124.4
2025-09-06T16:00:00Z,-0.00034083,298.210,104141.9,48981.9
2025-09-07T00:00:00Z,-0.00021316,301.400,124638.9,62625.9
2025-09-07T08:00:00Z,-0.00008444,299.670,160351.8,81265.2
2025-09-07T16:00:00Z,-0.00038828,301.360,129437.2,56639.6
2025-09-08T00:00:00Z,-0.00015698,299.530,202270.9,101616.4
2025-09-08T08:00:00Z,-0.00027339,306.190,347489.9,168846.4
2025-09-08T16:00:00Z,-0.00043961,302.810,195962.5,93222.0
2025-09-09T00:00:00Z,0.00015395,308.600,288852.0,138527.0
2025-09-09T08:00:00Z,-0.00081860,296.280,464164.1,226552.0
2025-09-09T16:00:00Z,-0.00029342,297.850,150291.3,73336.4
2025-09-10T00:00:00Z,-0.00062808,298.340,181746.0,85749.4
2025-09-10T08:00:00Z,-0.00039440,303.550,356819.2,167115.0
2025-09-10T16:00:00Z,-0.00019464,300.070,199761.2,96730.1
2025-09-11T00:00:00Z,-0.00031573,305.990,242331.0,114875.8
2025-09-11T08:00:00Z,-0.00061554,302.380,261958.5,127771.8
2025-09-11T16:00:00Z,-0.00015951,309.450,158640.0,76345.9
2025-09-12T00:00:00Z,-0.00054126,311.830,239570.0,112335.6
2025-09-12T08:00:00Z,-0.00022998,312.260,271943.0,135363.7
2025-09-12T16:00:00Z,-0.00061408,321.340,260785.9,128187.7
2025-09-13T00:00:00Z,-0.00048141,315.460,181053.4,78017.5
2025-09-13T08:00:00Z,-0.00006255,314.180,308517.1,148420.4
2025-09-13T16:00:00Z,-0.00060932,314.860,175085.0,83163.0
2025-09-14T00:00:00Z,-0.00029306,310.350,164102.0,77108.3
2025-09-14T08:00:00Z,-0.00033074,303.160,237426.0,110219.4
2025-09-14T16:00:00Z,-0.00063492,306.000,145139.1,69758.0
2025-09-15T00:00:00Z,-0.00058234,304.090,163542.6,75801.6
2025-09-15T08:00:00Z,-0.00075720,297.300,343209.8,153279.0
2025-09-15T16:00:00Z,-0.00065757,299.190,117048.7,59393.1
2025-09-16T00:00:00Z,-0.00015855,295.380,176369.9,90050.0
2025-09-16T08:00:00Z,-0.00036626,293.400,301545.6,139948.4
2025-09-16T16:00:00Z,-0.00040498,298.740,232274.7,112332.8
2025-09-17T00:00:00Z,-0.00037854,298.840,181813.7,88152.8
2025-09-17T08:00:00Z,-0.00059387,293.120,143037.2,69574.3
2025-09-17T16:00:00Z,-0.00002425,305.960,460283.1,222604.1
2025-09-18T00:00:00Z,-0.00037480,304.750,205583.0,95749.8
2025-09-18T08:00:00Z,-0.00036875,309.210,205825.8,100108.4
2025-09-18T16:00:00Z,-0.00022402,309.150,174139.2,83262.3
2025-09-19T00:00:00Z,-0.00034863,305.900,184990.6,88561.3
2025-09-19T08:00:00Z,-0.00042626,301.560,293021.2,137142.7
2025-09-19T16:00:00Z,-0.00053202,298.430,135779.0,64048.9
2025-09-20T00:00:00Z,-0.00038567,299.950,102557.7,51572.3
2025-09-20T08:00:00Z,-0.00003571,298.040,163860.5,71205.8
2025-09-20T16:00:00Z,-0.00056205,296.700,78119.8,37544.5
2025-09-21T00:00:00Z,-0.00034735,298.100,67714.8,31877.8
2025-09-21T08:00:00Z,-0.00042390,295.460,107430.5,48822.8
2025-09-21T16:00:00Z,-0.00045937,293.880,123480.6,59761.4
2025-09-22T00:00:00Z,-0.00055840,266.050,772425.9,334685.1
2025-09-22T08:00:00Z,-0.00086384,265.280,473821.3,228925.9
2025-09-22T16:00:00Z,-0.00057127,270.120,198474.9,99166.9
2025-09-23T00:00:00Z,-0.00057797,269.570,226691.5,107948.4
2025-09-23T08:00:00Z,-0.00028883,278.010,272528.1,136455.2
2025-09-23T16:00:00Z,-0.00038945,274.410,189685.6,90171.8
2025-09-24T00:00:00Z,-0.00005939,277.060,300992.0,143800.9
2025-09-24T08:00:00Z,-0.00035711,277.940,259870.4,137079.4
2025-09-24T16:00:00Z,-0.00075817,278.040,100461.2,49240.8
2025-09-25T00:00:00Z,-0.00045661,266.460,306608.8,141338.3
2025-09-25T08:00:00Z,-0.00033586,268.520,370103.4,191761.5
2025-09-25T16:00:00Z,-0.00052284,260.120,485470.8,247536.0
2025-09-26T00:00:00Z,-0.00023317,261.710,252653.4,124667.9
2025-09-26T08:00:00Z,-0.00036151,264.960,315594.8,164146.1
2025-09-26T16:00:00Z,-0.00080876,270.600,182865.8,85933.3
2025-09-27T00:00:00Z,-0.00034585,270.170,76360.3,35508.7
2025-09-27T08:00:00Z,-0.00029117,267.960,114251.4,52580.2
2025-09-27T16:00:00Z,-0.00025874,266.320,83854.5,40312.1
2025-09-28T00:00:00Z,-0.00079744,266.340,93570.8,45560.6
2025-09-28T08:00:00Z,-0.00041502,266.100,162724.0,80856.0
2025-09-28T16:00:00Z,-0.00049729,274.930,154654.8,80520.5
2025-09-29T00:00:00Z,-0.00059720,271.730,113853.2,56844.8
2025-09-29T08:00:00Z,-0.00063192,275.150,217017.6,106508.0
2025-09-29T16:00:00Z,-0.00066023,276.860,187069.6,89687.0
2025-09-30T00:00:00Z,-0.00027158,273.040,137666.0,71606.3
2025-09-30T08:00:00Z,-0.00026135,268.100,190068.4,97497.5
2025-09-30T16:00:00Z,-0.00026843,274.270,187835.0,90427.6
2025-10-01T00:00:00Z,-0.00031570,272.050,130712.6,69997.3
2025-10-01T08:00:00Z,-0.00052293,286.120,303571.8,153334.9
2025-10-01T16:00:00Z,-0.00021440,286.650,140489.0,72550.2
2025-10-02T00:00:00Z,-0.00028983,285.720,142322.0,69074.1
2025-10-02T08:00:00Z,-0.00092086,283.760,238087.7,121880.0
2025-10-02T16:00:00Z,-0.00043268,288.770,250296.6,123969.8
2025-10-03T00:00:00Z,-0.00042698,285.410,148930.9,69256.5
2025-10-03T08:00:00Z,-0.00058804,291.620,230687.2,109105.8
2025-10-03T16:00:00Z,-0.00010174,290.440,281475.9,134538.0
2025-10-04T00:00:00Z,-0.00076327,285.530,98828.7,45832.3
2025-10-04T08:00:00Z,-0.00036991,280.350,175315.9,82787.6
2025-10-04T16:00:00Z,-0.00015209,283.050,81654.9,43230.2
2025-10-05T00:00:00Z,-0.00033311,293.470,187260.9,92500.0
2025-10-05T08:00:00Z,-0.00036868,290.140,201843.5,98362.7
2025-10-05T16:00:00Z,-0.00041960,285.520,135327.9,62885.5
2025-10-06T00:00:00Z,-0.00041005,288.640,138205.0,70388.9
2025-10-06T08:00:00Z,-0.00008766,296.270,206591.6,101961.3
2025-10-06T16:00:00Z,-0.00005730,297.130,159857.4,80528.5
2025-10-07T00:00:00Z,-0.00008166,292.170,139316.0,66314.1
2025-10-07T08:00:00Z,-0.00060917,278.930,380422.9,190473.8
2025-10-07T16:00:00Z,-0.00064410,275.990,184910.9,91044.5
2025-10-08T00:00:00Z,-0.00051205,278.440,124244.9,58206.1
2025-10-08T08:00:00Z,-0.00021531,278.070,166505.0,80575.1
2025-10-08T16:00:00Z,-0.00012172,285.400,159329.1,76489.6
2025-10-09T00:00:00Z,-0.00033820,279.560,151789.0,73692.9
2025-10-09T08:00:00Z,-0.00051638,270.930,289799.7,142640.1
2025-10-09T16:00:00Z,-0.00060262,273.520,144733.8,73374.0
2025-10-10T00:00:00Z,-0.00037857,273.670,135406.9,67632.7
2025-10-10T08:00:00Z,-0.00024347,264.260,350335.1,177713.4
2025-10-10T16:00:00Z,-0.00097897,223.930,1945639.6,886771.7
2025-10-11T00:00:00Z,0,231.700,761858.4,366328.4
2025-10-11T08:00:00Z,-0.00068960,238.760,442667.3,214983.6
2025-10-11T16:00:00Z,-0.00059010,234.140,351129.7,166783.3
2025-10-12T00:00:00Z,-0.00055967,233.550,236804.6,116230.6
2025-10-12T08:00:00Z,-0.00101668,244.980,424941.7,210672.5
2025-10-12T16:00:00Z,-0.00031714,250.860,408285.6,204888.1
2025-10-13T00:00:00Z,-0.00035520,252.630,247116.6,126119.1
2025-10-13T08:00:00Z,-0.00062014,252.250,424016.2,206918.0
2025-10-13T16:00:00Z,-0.00040621,260.970,251494.1,122065.2
2025-10-14T00:00:00Z,0,242.860,427755.9,223166.5
2025-10-14T08:00:00Z,-0.00058300,251.100,413086.8,200045.9
2025-10-14T16:00:00Z,-0.00033377,255.200,287352.0,144976.3
2025-10-15T00:00:00Z,-0.00046593,256.560,145628.9,69639.8
2025-10-15T08:00:00Z,-0.00044696,243.020,372069.1,181912.3
2025-10-15T16:00:00Z,-0.00059451,242.120,237973.7,122668.5
2025-10-16T00:00:00Z,-0.00035585,241.130,151834.9,70532.5
2025-10-16T08:00:00Z,-0.00088570,235.700,346860.4,173205.0
2025-10-16T16:00:00Z,-0.00095741,223.090,434695.3,214435.9
2025-10-17T00:00:00Z,-0.00015315,208.500,501286.3,247375.0
2025-10-17T08:00:00Z,-0.00010087,205.640,871596.5,437436.7
2025-10-17T16:00:00Z,-0.00048361,206.470,429757.9,207627.2
2025-10-18T00:00:00Z,-0.00023828,208.450,187113.5,94684.1
2025-10-18T08:00:00Z,-0.00044168,209.460,179574.2,89251.1
2025-10-18T16:00:00Z,-0.00043837,214.730,193653.3,99229.4
2025-10-19T00:00:00Z,-0.00040229,214.510,152600.9,75858.5
2025-10-19T08:00:00Z,-0.00063676,224.580,398328.6,199827.8
2025-10-19T16:00:00Z,-0.00039809,222.330,152600.6,69101.3
2025-10-20T00:00:00Z,-0.00048165,233.540,293984.8,143121.3
2025-10-20T08:00:00Z,-0.00044894,228.420,210525.5,103374.8
2025-10-20T16:00:00Z,-0.00035848,228.790,192391.0,96017.0
2025-10-21T00:00:00Z,-0.00096961,221.160,222751.0,107446.3
2025-10-21T08:00:00Z,-0.00026131,235.480,336253.2,162620.3
2025-10-21T16:00:00Z,-0.00033522,218.630,337150.8,164756.6
2025-10-22T00:00:00Z,-0.00047727,218.260,234844.5,113564.9
2025-10-22T08:00:00Z,-0.00038067,223.310,600654.5,307861.5
2025-10-22T16:00:00Z,-0.00068457,216.360,414269.6,204002.5
2025-10-23T00:00:00Z,-0.00040945,221.260,164450.5,81134.7
2025-10-23T08:00:00Z,-0.00036030,223.030,191228.9,94700.1
2025-10-23T16:00:00Z,-0.00020347,224.440,194624.1,93409.5
2025-10-24T00:00:00Z,-0.00011637,230.300,201095.0,96897.1
2025-10-24T08:00:00Z,-0.00021267,226.040,234348.2,115160.6
2025-10-24T16:00:00Z,-0.00055782,228.820,91726.9,46281.6
2025-10-25T00:00:00Z,-0.00035886,226.330,90801.7,42338.7
2025-10-25T08:00:00Z,-0.00029399,226.700,103966.0,54682.2
2025-10-25T16:00:00Z,-0.00053468,226.140,116880.2,57600.6
2025-10-26T00:00:00Z,-0.00038796,227.390,86312.4,44737.7
2025-10-26T08:00:00Z,-0.00084190,237.710,243247.9,122049.9
2025-10-26T16:00:00Z,-0.00012371,240.620,145803.9,68841.6
2025-10-27T00:00:00Z,-0.00006136,243.530,198908.2,96974.6
2025-10-27T08:00:00Z,-0.00064912,237.340,236058.3,109957.7
2025-10-27T16:00:00Z,-0.00073554,234.990,172308.6,83857.0
2025-10-28T00:00:00Z,-0.00058392,236.090,149859.2,77451.0
2025-10-28T08:00:00Z,-0.00073706,233.740,222411.1,110091.0
2025-10-28T16:00:00Z,-0.00033334,228.250,238816.3,116503.4
2025-10-29T00:00:00Z,-0.00055126,229.670,91127.2,47419.9
2025-10-29T08:00:00Z,-0.00075950,227.220,173703.9,90698.9
2025-10-29T16:00:00Z,-0.00034400,227.520,396193.5,202456.9
2025-10-30T00:00:00Z,-0.00030013,229.840,297905.1,152279.4
2025-10-30T08:00:00Z,-0.00023657,212.820,309321.5,150832.3
2025-10-30T16:00:00Z,-0.00055693,215.020,250916.2,127842.3
2025-10-31T00:00:00Z,-0.00041502,217.120,156806.8,72727.0
2025-10-31T08:00:00Z,-0.00042341,218.470,167868.8,85401.7
2025-10-31T16:00:00Z,-0.00024717,228.390,565761.4,279855.2
2025-11-01T00:00:00Z,-0.00039446,226.460,151656.2,75346.7
2025-11-01T08:00:00Z,-0.00060031,222.650,145874.6,71118.3
2025-11-01T16:00:00Z,-0.00040659,222.840,97051.7,46655.6
2025-11-02T00:00:00Z,-0.00049307,225.900,91533.1,47973.9
2025-11-02T08:00:00Z,-0.00046502,220.140,161925.6,76315.2
2025-11-02T16:00:00Z,-0.00035838,231.240,461189.3,236992.1
2025-11-03T00:00:00Z,-0.00061278,211.910,403824.4,187693.1
2025-11-03T08:00:00Z,-0.00032213,200.360,542738.4,274104.8
2025-11-03T16:00:00Z,-0.00021744,199.570,414925.6,200285.6
2025-11-04T00:00:00Z,-0.00003124,193.500,409428.2,204422.8
2025-11-04T08:00:00Z,-0.00092945,199.720,331490.2,166159.9
2025-11-04T16:00:00Z,-0.00080686,188.020,926799.4,455069.9
2025-11-05T00:00:00Z,-0.00042860,198.090,550718.7,277529.4
2025-11-05T08:00:00Z,-0.00057949,199.820,283190.3,145304.4
2025-11-05T16:00:00Z,-0.00024342,201.900,228072.8,112616.6
2025-11-06T00:00:00Z,-0.00088925,199.540,196950.8,92668.1
2025-11-06T08:00:00Z,-0.00010591,195.150,242344.8,119307.9
2025-11-06T16:00:00Z,-0.00025176,197.160,270669.0,134177.5
2025-11-07T00:00:00Z,-0.00008854,202.470,183850.4,95413.6
2025-11-07T08:00:00Z,-0.00019440,198.590,407559.5,203586.3
2025-11-07T16:00:00Z,-0.00009983,207.990,374108.2,191541.2
2025-11-08T00:00:00Z,-0.00034045,205.890,208944.9,102362.3
2025-11-08T08:00:00Z,-0.00023164,199.370,187488.3,88700.1
2025-11-08T16:00:00Z,0,202.690,581557.2,288865.8
2025-11-09T00:00:00Z,-0.00007478,200.230,142603.7,68230.4
2025-11-09T08:00:00Z,-0.00036656,208.030,202148.7,100771.6
2025-11-09T16:00:00Z,-0.00019986,212.170,220654.8,107873.0
2025-11-10T00:00:00Z,-0.00018673,220.070,229723.6,117290.6
2025-11-10T08:00:00Z,-0.00007319,219.090,310707.4,157164.3
2025-11-10T16:00:00Z,-0.00084627,228.230,266268.3,139247.4
2025-11-11T00:00:00Z,-0.00064951,216.540,449244.4,223543.0
2025-11-11T08:00:00Z,-0.00100523,214.340,260951.0,131543.4
2025-11-11T16:00:00Z,-0.00040739,207.600,192643.0,88848.9
2025-11-12T00:00:00Z,-0.00046041,208.310,145194.0,72559.4
2025-11-12T08:00:00Z,0,207.490,366750.7,180865.3
2025-11-12T16:00:00Z,-0.00049093,205.010,218749.0,106766.9
2025-11-13T00:00:00Z,-0.00021917,213.900,210784.4,106412.0
2025-11-13T08:00:00Z,-0.00023640,208.350,223680.8,110586.0
2025-11-13T16:00:00Z,-0.00016791,198.640,512953.9,250077.2
2025-11-14T00:00:00Z,-0.00109230,185.670,545455.3,288728.8
2025-11-14T08:00:00Z,-0.00023443,179.030,661568.8,335883.0
2025-11-14T16:00:00Z,-0.00023328,173.810,373645.0,179231.1
2025-11-15T00:00:00Z,-0.00021985,179.170,213690.4,111604.5
2025-11-15T08:00:00Z,-0.00034119,178.980,197591.3,95612.9
2025-11-15T16:00:00Z,-0.00047820,178.420,181330.6,90619.5
2025-11-16T00:00:00Z,-0.00023029,181.220,148746.1,76234.5
2025-11-16T08:00:00Z,0,173.210,231562.2,114537.6
2025-11-16T16:00:00Z,-0.00057879,172.780,424646.6,203526.3
2025-11-17T00:00:00Z,-0.00026965,178.710,190944.4,99261.3
2025-11-17T08:00:00Z,-0.00035116,174.190,468926.7,238248.1
2025-11-17T16:00:00Z,-0.00030734,169.040,427038.6,204666.8
2025-11-18T00:00:00Z,-0.00029701,171.060,379221.9,187053.1
2025-11-18T08:00:00Z,-0.00065053,176.000,308345.7,151269.1
2025-11-18T16:00:00Z,-0.00038628,178.190,222094.3,110351.2
2025-11-19T00:00:00Z,-0.00082997,175.230,254720.7,123218.5
2025-11-19T08:00:00Z,-0.00019148,168.250,275149.6,134758.8
2025-11-19T16:00:00Z,-0.00063872,174.410,409042.8,206090.8
2025-11-20T00:00:00Z,-0.00028737,178.520,172977.8,83878.3
2025-11-20T08:00:00Z,-0.00045339,173.140,254300.7,119424.5
2025-11-20T16:00:00Z,0,164.550,578215.8,293076.5
2025-11-21T00:00:00Z,-0.00055780,156.130,430435.6,196223.5
2025-11-21T08:00:00Z,-0.00066407,152.500,562394.6,275202.4
2025-11-21T16:00:00Z,-0.00036057,157.720,394466.3,198910.3
2025-11-22T00:00:00Z,-0.00028239,158.880,218923.6,110251.4
2025-11-22T08:00:00Z,-0.00034499,157.860,214473.3,102008.3
2025-11-22T16:00:00Z,-0.00045309,161.050,176163.4,83449.4
2025-11-23T00:00:00Z,-0.00024133,163.270,186836.4,96147.8
2025-11-23T08:00:00Z,-0.00035565,164.900,164010.8,77883.6
2025-11-23T16:00:00Z,-0.00010641,167.350,266891.4,131562.1
2025-11-24T00:00:00Z,-0.00048990,170.560,248019.8,122554.8
2025-11-24T08:00:00Z,-0.00067419,171.230,250798.0,123510.2
2025-11-24T16:00:00Z,-0.00058129,178.410,288035.8,146125.1
2025-11-25T00:00:00Z,-0.00047119,178.740,186043.4,88334.6
2025-11-25T08:00:00Z,-0.00026103,176.100,285835.1,138798.7
2025-11-25T16:00:00Z,-0.00042376,178.890,202318.2,99722.9
2025-11-26T00:00:00Z,-0.00022288,178.510,143919.5,69402.0
2025-11-26T08:00:00Z,0,177.610,171540.8,85322.2
2025-11-26T16:00:00Z,-0.00054095,185.670,311026.7,150396.8
2025-11-27T00:00:00Z,-0.00039775,185.830,117530.1,58303.3
2025-11-27T08:00:00Z,-0.00096091,185.170,172571.0,82452.4
2025-11-27T16:00:00Z,-0.00043803,185.850,121348.0,62111.4
2025-11-28T00:00:00Z,-0.00054651,184.880,163444.5,84064.0
2025-11-28T08:00:00Z,-0.00077809,185.910,198641.9,99364.7
2025-11-28T16:00:00Z,-0.00068279,185.180,169654.4,81317.5
2025-11-29T00:00:00Z,-0.00034819,183.830,113797.1,53185.0
2025-11-29T08:00:00Z,-0.00065012,183.770,93642.2,47666.1
2025-11-29T16:00:00Z,-0.00011466,181.980,116454.0,55871.9
2025-11-30T00:00:00Z,-0.00025608,185.410,271253.7,147024.2
2025-11-30T08:00:00Z,-0.00009193,180.150,346516.7,174087.7
2025-11-30T16:00:00Z,-0.00061071,177.320,120116.1,55694.7
2025-12-01T00:00:00Z,-0.00039068,166.410,379531.4,185793.7
2025-12-01T08:00:00Z,-0.00022560,164.530,343375.4,176513.9
2025-12-01T16:00:00Z,-0.00062911,171.280,288480.0,153284.6
2025-12-02T00:00:00Z,-0.00050762,168.800,144024.7,75013.3
2025-12-02T08:00:00Z,-0.00006328,184.000,342744.3,172798.3
2025-12-02T16:00:00Z,-0.00045635,189.780,282544.0,138398.5
2025-12-03T00:00:00Z,-0.00026669,193.420,234209.1,120834.5
2025-12-03T08:00:00Z,0,192.840,271877.9,130933.4
2025-12-03T16:00:00Z,-0.00055623,197.740,225880.7,112440.4
2025-12-04T00:00:00Z,-0.00091397,193.130,180888.5,85121.1
2025-12-04T08:00:00Z,-0.00006598,195.540,158459.7,75967.6
2025-12-04T16:00:00Z,-0.00052213,190.420,170573.8,81922.4
2025-12-05T00:00:00Z,-0.00079423,191.770,101417.0,55183.5
2025-12-05T08:00:00Z,-0.00017766,188.430,215000.7,101115.2
2025-12-05T16:00:00Z,-0.00066382,183.370,229203.9,116395.1
2025-12-06T00:00:00Z,-0.00034071,183.280,67261.3,36301.3
2025-12-06T08:00:00Z,-0.00022112,187.220,119829.8,62300.6
2025-12-06T16:00:00Z,-0.00073029,187.310,125421.4,61782.4
2025-12-07T00:00:00Z,-0.00051362,189.470,132515.3,64662.1
2025-12-07T08:00:00Z,-0.00016711,188.110,201388.5,98839.1
2025-12-07T16:00:00Z,-0.00063140,187.390,263006.5,129611.0
2025-12-08T00:00:00Z,-0.00053221,193.020,164910.8,84343.8
2025-12-08T08:00:00Z,-0.00045794,192.610,307912.8,144762.3
2025-12-08T16:00:00Z,-0.00028646,191.420,197593.4,99865.8
2025-12-09T00:00:00Z,-0.00053998,190.110,181335.3,85911.9
2025-12-09T08:00:00Z,0,196.300,258674.8,122380.5
2025-12-09T16:00:00Z,-0.00043689,202.290,398678.7,198767.2
2025-12-10T00:00:00Z,-0.00094053,200.170,161484.2,78924.6
2025-12-10T08:00:00Z,-0.00059308,198.040,201388.1,104769.7
2025-12-10T16:00:00Z,-0.00065637,196.810,373150.0,178092.4
2025-12-11T00:00:00Z,-0.00039636,189.430,237817.3,122093.9
2025-12-11T08:00:00Z,-0.00012748,190.800,195694.7,97511.8
2025-12-11T16:00:00Z,0,202.330,309500.8,156680.5
2025-12-12T00:00:00Z,-0.00030342,204.270,244064.7,118571.4
2025-12-12T08:00:00Z,-0.00106261,192.760,335175.5,157972.9
2025-12-12T16:00:00Z,-0.00020850,191.250,350604.8,171511.0
2025-12-13T00:00:00Z,-0.00021046,195.580,116569.2,60960.5
2025-12-13T08:00:00Z,-0.00036070,198.380,236761.6,113804.1
2025-12-13T16:00:00Z,-0.00082602,197.410,121227.8,58641.7
2025-12-14T00:00:00Z,-0.00045010,194.520,105873.6,48091.1
2025-12-14T08:00:00Z,-0.00028145,191.410,153608.7,70376.8
2025-12-14T16:00:00Z,-0.00043583,188.490,169686.5,82576.5
2025-12-15T00:00:00Z,-0.00011911,194.710,176015.1,88058.7
2025-12-15T08:00:00Z,-0.00085819,184.430,328365.9,157645.2
2025-12-15T16:00:00Z,-0.00042533,192.800,449157.0,222547.3
2025-12-16T00:00:00Z,-0.00033353,186.750,244118.4,117581.1
2025-12-16T08:00:00Z,-0.00018235,189.350,261197.8,136471.1
2025-12-16T16:00:00Z,-0.00064175,186.110,319350.9,163097.0
2025-12-17T00:00:00Z,-0.00029713,185.290,175224.3,83802.2
2025-12-17T08:00:00Z,-0.00087185,182.950,367889.1,184417.4
2025-12-17T16:00:00Z,-0.00059799,179.900,358231.2,182902.0
2025-12-18T00:00:00Z,-0.00009192,177.130,130383.9,63900.5
2025-12-18T08:00:00Z,-0.00003859,183.120,347353.9,171024.5
2025-12-18T16:00:00Z,-0.00050854,173.460,382133.6,194676.9
2025-12-19T00:00:00Z,-0.00025657,181.990,255551.7,127857.3
2025-12-19T08:00:00Z,-0.00029747,183.100,202864.9,105972.7
2025-12-19T16:00:00Z,-0.00069213,181.530,248973.0,123241.4
2025-12-20T00:00:00Z,-0.00055610,182.250,115662.6,62022.2
2025-12-20T08:00:00Z,-0.00040943,182.080,110993.2,52819.1
2025-12-20T16:00:00Z,-0.00032327,179.800,84952.3,39699.4
2025-12-21T00:00:00Z,-0.00016296,177.630,120007.7,54994.1
2025-12-21T08:00:00Z,-0.00030445,175.230,211388.0,99712.5
2025-12-21T16:00:00Z,-0.00008395,165.080,690393.2,350215.8
2025-12-22T00:00:00Z,-0.00086480,160.450,514715.6,240720.2
2025-12-22T08:00:00Z,-0.00018394,154.230,703744.4,326151.9
2025-12-22T16:00:00Z,-0.00012719,150.500,673895.2,322250.9
2025-12-23T00:00:00Z,-0.00074808,152.590,496666.7,246914.2
2025-12-23T08:00:00Z,-0.00070834,150.220,427858.0,204652.3
2025-12-23T16:00:00Z,-0.00068775,150.710,211424.2,105925.6
2025-12-24T00:00:00Z,-0.00034807,147.400,219416.6,96543.9
2025-12-24T08:00:00Z,-0.00026893,148.220,254136.5,130024.8
2025-12-24T16:00:00Z,-0.00068137,148.640,171128.7,86632.9
2025-12-25T00:00:00Z,-0.00050266,150.390,155193.7,80389.4
2025-12-25T08:00:00Z,-0.00056353,153.520,216821.6,102057.2
2025-12-25T16:00:00Z,-0.00086375,148.990,192948.2,89489.7
2025-12-26T00:00:00Z,-0.00028118,152.610,211635.1,104141.1
2025-12-26T08:00:00Z,-0.00077333,154.630,303326.7,149292.5
2025-12-26T16:00:00Z,-0.00029297,154.230,155677.2,72887.5
2025-12-27T00:00:00Z,-0.00029367,156.650,104272.1,52617.5
2025-12-27T08:00:00Z,-0.00023522,156.550,127896.1,57024.3
2025-12-27T16:00:00Z,-0.00058905,157.010,86877.7,43613.1
2025-12-28T00:00:00Z,-0.00045575,155.160,122704.2,52439.4
2025-12-28T08:00:00Z,-0.00049948,154.750,92407.0,44628.6
2025-12-28T16:00:00Z,-0.00045406,153.540,120539.8,53691.4
2025-12-29T00:00:00Z,-0.00063293,153.960,315188.6,155174.6
2025-12-29T08:00:00Z,-0.00085635,151.060,344367.9,167451.3
2025-12-29T16:00:00Z,-0.00069987,149.380,143538.5,66523.8
2025-12-30T00:00:00Z,-0.00054528,150.890,119867.8,60782.9
2025-12-30T08:00:00Z,-0.00049456,150.820,202414.5,95989.9
2025-12-30T16:00:00Z,-0.00052712,149.410,106099.2,49825.9
2025-12-31T00:00:00Z,-0.00033987,150.090,107054.3,53515.9
2025-12-31T08:00:00Z,-0.00058616,147.320,210104.8,94906.6
2025-12-31T16:00:00Z,-0.00029726,145.930,233251.9,103809.0
2026-01-01T00:00:00Z,-0.00077355,145.950,78629.6,40973.1
2026-01-01T08:00:00Z,-0.00027077,146.430,104643.5,52151.4
2026-01-01T16:00:00Z,-0.00046061,148.830,152091.0,74569.5
2026-01-02T00:00:00Z,-0.00017162,149.550,151924.7,71471.9
2026-01-02T08:00:00Z,-0.00026454,154.040,316858.7,156316.4
2026-01-02T16:00:00Z,-0.00027300,165.120,616324.5,316250.5
2026-01-03T00:00:00Z,-0.00036794,161.680,298990.6,140966.2
2026-01-03T08:00:00Z,-0.00036582,159.750,276144.1,127918.3
2026-01-03T16:00:00Z,-0.00047241,163.030,130047.4,65203.4
2026-01-04T00:00:00Z,-0.00037325,161.480,177141.9,80024.3
2026-01-04T08:00:00Z,-0.00071076,164.490,248765.4,116176.6
2026-01-04T16:00:00Z,-0.00049944,164.100,169149.0,84085.4
2026-01-05T00:00:00Z,-0.00035540,164.490,248033.6,120858.8
2026-01-05T08:00:00Z,-0.00063030,169.160,293951.7,146036.1
2026-01-05T16:00:00Z,-0.00063007,170.770,431227.3,203743.2
2026-01-06T00:00:00Z,-0.00060191,171.550,199627.3,97611.3
2026-01-06T08:00:00Z,-0.00030077,172.750,295437.0,137724.8
2026-01-06T16:00:00Z,-0.00000162,176.150,325601.9,154916.0
2026-01-07T00:00:00Z,-0.00026984,173.400,127073.9,61058.0
2026-01-07T08:00:00Z,-0.00060255,166.860,236435.9,108124.5
2026-01-07T16:00:00Z,-0.00064805,167.740,165761.7,81092.1
2026-01-08T00:00:00Z,-0.00033757,165.450,191174.3,93605.5
2026-01-08T08:00:00Z,-0.00068838,165.830,256295.9,126350.7
2026-01-08T16:00:00Z,-0.00049059,164.220,152331.9,76440.8
2026-01-09T00:00:00Z,-0.00068492,164.940,108336.2,56072.8
2026-01-09T08:00:00Z,-0.00013353,167.830,232133.4,114751.7
2026-01-09T16:00:00Z,-0.00031688,165.610,156331.7,76118.7
2026-01-10T00:00:00Z,-0.00060710,165.090,67231.3,33014.8
2026-01-10T08:00:00Z,-0.00034189,165.840,75555.1,34878.3
2026-01-10T16:00:00Z,-0.00047475,164.820,72060.4,34089.3
2026-01-11T00:00:00Z,-0.00028952,165.960,64596.4,33274.6
2026-01-11T08:00:00Z,-0.00029315,166.850,86254.8,44006.4
2026-01-11T16:00:00Z,-0.00006601,167.820,202510.0,97797.5
2026-01-12T00:00:00Z,-0.00084799,166.310,183189.6,90113.9
2026-01-12T08:00:00Z,-0.00025239,164.690,235991.3,114824.0
2026-01-12T16:00:00Z,-0.00061599,164.890,200662.7,98878.2
2026-01-13T00:00:00Z,-0.00046753,169.200,166210.9,91498.8
2026-01-13T08:00:00Z,0,172.480,246738.7,122729.1
2026-01-13T16:00:00Z,-0.00016391,177.670,285949.6,146616.0
2026-01-14T00:00:00Z,-0.00007074,177.030,172420.7,83638.4
2026-01-14T08:00:00Z,-0.00041484,177.330,187148.0,94035.6
2026-01-14T16:00:00Z,-0.00063056,178.330,232443.1,117476.1
2026-01-15T00:00:00Z,-0.00034343,175.560,172892.8,84062.4
2026-01-15T08:00:00Z,-0.00009540,173.720,245424.9,120710.3
2026-01-15T16:00:00Z,-0.00044735,171.620,178810.0,84993.8
2026-01-16T00:00:00Z,-0.00027463,172.740,108020.1,53249.8
2026-01-16T08:00:00Z,-0.00062017,169.190,140615.0,70374.9
2026-01-16T16:00:00Z,-0.00057775,175.260,135528.7,67383.3
2026-01-17T00:00:00Z,-0.00050967,174.020,142551.0,63259.9
2026-01-17T08:00:00Z,-0.00065780,176.390,94372.5,45532.6
2026-01-17T16:00:00Z,-0.00040997,173.720,78273.5,35444.8
2026-01-18T00:00:00Z,-0.00065504,172.690,109492.3,58024.9
2026-01-18T08:00:00Z,-0.00054057,174.340,66842.2,33831.5
2026-01-18T16:00:00Z,-0.00025544,168.670,219397.1,99785.8
2026-01-19T00:00:00Z,-0.00033679,162.330,338892.7,167434.1
2026-01-19T08:00:00Z,-0.00077676,162.470,95092.0,47336.3
2026-01-19T16:00:00Z,-0.00056950,163.840,144019.9,70514.3
2026-01-20T00:00:00Z,-0.00061288,160.760,125306.2,59552.8
2026-01-20T08:00:00Z,-0.00053123,157.000,206263.2,91828.1
2026-01-20T16:00:00Z,-0.00011922,153.200,199515.5,93667.6
2026-01-21T00:00:00Z,-0.00023892,156.900,104186.7,55306.2
2026-01-21T08:00:00Z,-0.00049323,159.100,232546.3,123752.0
2026-01-21T16:00:00Z,-0.00054079,159.380,268106.8,135649.1
2026-01-22T00:00:00Z,-0.00026640,159.260,77964.8,39852.9
2026-01-22T08:00:00Z,-0.00058178,156.310,140930.4,70638.1
2026-01-22T16:00:00Z,-0.00051424,157.150,93514.1,49146.7
2026-01-23T00:00:00Z,-0.00075609,158.240,69479.1,34272.5
2026-01-23T08:00:00Z,-0.00004812,158.230,125461.3,62266.7
2026-01-23T16:00:00Z,-0.00059287,156.960,143017.2,74321.0
2026-01-24T00:00:00Z,-0.00076807,157.580,44085.5,21498.7
2026-01-24T08:00:00Z,-0.00067239,155.570,66059.5,29417.2
2026-01-24T16:00:00Z,-0.00049282,156.120,37696.2,18277.2
2026-01-25T00:00:00Z,-0.00009330,155.100,54989.3,26123.6
2026-01-25T08:00:00Z,-0.00031924,153.270,76075.0,33500.4
2026-01-25T16:00:00Z,-0.00041193,147.830,257093.5,119193.1
2026-01-26T00:00:00Z,-0.00053444,152.260,120963.1,63177.9
2026-01-26T08:00:00Z,-0.00050692,152.560,170182.2,92718.0
2026-01-26T16:00:00Z,-0.00057508,154.130,143396.3,73826.6
2026-01-27T00:00:00Z,-0.00010674,153.930,69745.7,36401.1
2026-01-27T08:00:00Z,-0.00053424,154.700,182587.1,89066.7
2026-01-27T16:00:00Z,-0.00014327,158.940,231564.3,114426.7
2026-01-28T00:00:00Z,-0.00002475,158.210,209215.9,102003.0
2026-01-28T08:00:00Z,-0.00048881,160.370,229147.6,113717.5
2026-01-28T16:00:00Z,-0.00070432,160.110,136918.5,71814.3
2026-01-29T00:00:00Z,-0.00010522,156.700,128936.0,55750.1
2026-01-29T08:00:00Z,-0.00091665,147.140,286668.9,135234.6
2026-01-29T16:00:00Z,-0.00067267,147.130,285463.3,132969.9
2026-01-30T00:00:00Z,-0.00082707,141.850,266867.4,119999.6
2026-01-30T08:00:00Z,-0.00088813,139.710,234445.1,109767.6
2026-01-30T16:00:00Z,-0.00037134,137.920,343079.4,160810.6
2026-01-31T00:00:00Z,-0.00000218,136.240,111177.5,54570.4
2026-01-31T08:00:00Z,-0.00108235,132.070,408920.3,190075.8
2026-01-31T16:00:00Z,-0.00055438,129.030,747959.8,371024.8
2026-02-01T00:00:00Z,-0.00021375,127.280,174762.1,89537.7
2026-02-01T08:00:00Z,-0.00082784,123.960,277654.8,133631.2
2026-02-01T16:00:00Z,-0.00017603,124.160,293980.9,148083.1
2026-02-02T00:00:00Z,-0.00055159,124.800,412863.2,217084.7
2026-02-02T08:00:00Z,0,129.590,326417.7,162055.3
2026-02-02T16:00:00Z,-0.00034181,128.280,136268.0,68232.6
2026-02-03T00:00:00Z,-0.00048294,128.340,168765.2,85397.9
2026-02-03T08:00:00Z,-0.00016277,128.940,239749.5,123908.9
2026-02-03T16:00:00Z,-0.00080143,125.200,512877.8,250942.1
2026-02-04T00:00:00Z,-0.00067957,127.810,130595.6,66640.6
2026-02-04T08:00:00Z,-0.00092729,122.560,242775.6,118875.5
2026-02-04T16:00:00Z,-0.00058232,123.660,351868.5,172234.0
2026-02-05T00:00:00Z,-0.00060716,119.980,274798.4,136113.0
2026-02-05T08:00:00Z,-0.00055506,112.480,628690.1,309308.1
2026-02-05T16:00:00Z,-0.00007797,100.930,1771250.4,878405.6
2026-02-06T00:00:00Z,-0.00113719,102.880,1537701.8,773805.4
2026-02-06T08:00:00Z,-0.00055781,110.170,714783.6,374629.9
2026-02-06T16:00:00Z,-0.00057104,113.950,432952.7,216231.7
2026-02-07T00:00:00Z,-0.00037940,111.460,272091.6,127668.7
2026-02-07T08:00:00Z,-0.00013489,113.200,228864.1,109927.1
2026-02-07T16:00:00Z,-0.00040263,113.890,308693.5,153152.9
2026-02-08T00:00:00Z,-0.00019508,112.470,84311.4,38080.4
2026-02-08T08:00:00Z,-0.00022607,113.100,162147.7,80645.9
2026-02-08T16:00:00Z,-0.00035193,112.420,170042.0,88786.4
2026-02-09T00:00:00Z,-0.00053379,112.370,215347.7,122278.3
2026-02-09T08:00:00Z,-0.00064438,112.490,211407.1,100580.2
2026-02-09T16:00:00Z,-0.00026970,112.650,207892.4,88546.2
2026-02-10T00:00:00Z,-0.00016132,108.700,204696.7,87740.3
2026-02-10T08:00:00Z,-0.00076261,109.510,201070.0,94016.4
2026-02-10T16:00:00Z,-0.00043891,109.380,187838.2,102073.7
2026-02-11T00:00:00Z,-0.00074458,106.020,148188.2,67969.8
2026-02-11T08:00:00Z,-0.00066309,106.080,523458.7,266856.6
2026-02-11T16:00:00Z,-0.00059409,107.450,271450.5,131975.7
2026-02-12T00:00:00Z,-0.00022156,109.590,118222.2,58318.7
2026-02-12T08:00:00Z,0,107.800,210854.1,102390.7
2026-02-12T16:00:00Z,-0.00096293,114.870,760297.1,384706.4
2026-02-13T00:00:00Z,-0.00035911,110.640,211959.5,100763.4
2026-02-13T08:00:00Z,0,116.670,322614.0,158163.3
2026-02-13T16:00:00Z,-0.00024668,118.810,271271.1,131183.3
2026-02-14T00:00:00Z,-0.00031425,123.860,152496.9,78836.0
2026-02-14T08:00:00Z,-0.00055596,129.500,341004.1,164859.6
2026-02-14T16:00:00Z,-0.00037324,128.180,169966.6,83372.5
2026-02-15T00:00:00Z,-0.00030752,130.960,225598.7,124572.9
2026-02-15T08:00:00Z,-0.00065876,126.510,208934.4,94568.8
2026-02-15T16:00:00Z,-0.00063103,125.680,171482.0,84672.7
2026-02-16T00:00:00Z,-0.00056123,126.550,102560.3,49457.8
2026-02-16T08:00:00Z,-0.00040693,123.720,211006.6,105481.1
2026-02-16T16:00:00Z,-0.00081645,126.920,115420.7,56325.9
2026-02-17T00:00:00Z,-0.00034489,125.420,137091.5,54428.8
2026-02-17T08:00:00Z,-0.00072517,126.730,228021.3,114146.4
2026-02-17T16:00:00Z,-0.00002995,126.530,207957.4,95133.8
2026-02-18T00:00:00Z,-0.00087309,127.630,177360.3,88076.2
2026-02-18T08:00:00Z,-0.00024923,127.470,299651.3,140428.1
2026-02-18T16:00:00Z,-0.00061830,122.880,258853.1,120139.9
2026-02-19T00:00:00Z,-0.00044319,123.650,96446.3,50927.2
2026-02-19T08:00:00Z,-0.00052858,122.330,176341.3,92822.9
2026-02-19T16:00:00Z,-0.00066382,124.760,154807.3,87125.9
2026-02-20T00:00:00Z,-0.00016217,123.940,153360.2,71148.2
2026-02-20T08:00:00Z,-0.00067313,117.510,594432.1,284192.5
2026-02-20T16:00:00Z,-0.00114965,115.810,318721.8,156355.9
2026-02-21T00:00:00Z,-0.00072434,118.840,234518.5,117296.5
2026-02-21T08:00:00Z,-0.00065269,121.620,323081.6,161942.9
2026-02-21T16:00:00Z,-0.00077111,121.380,157691.3,80400.1
2026-02-22T00:00:00Z,-0.00066620,118.820,155115.8,76345.4
2026-02-22T08:00:00Z,-0.00049141,118.380,128286.0,69355.4
2026-02-22T16:00:00Z,-0.00048661,117.880,78123.6,37082.8
2026-02-23T00:00:00Z,-0.00058818,114.590,300430.3,147494.7
2026-02-23T08:00:00Z,-0.00059121,117.000,211118.9,111909.0
2026-02-23T16:00:00Z,-0.00046844,114.520,217465.6,105549.9
2026-02-24T00:00:00Z,0,112.820,191877.5,93551.7
2026-02-24T08:00:00Z,-0.00072050,114.940,186157.4,102860.7
2026-02-24T16:00:00Z,-0.00068002,114.310,173201.6,93924.5
2026-02-25T00:00:00Z,-0.00007398,116.530,201846.4,99978.6
2026-02-25T08:00:00Z,-0.00100679,120.940,329030.0,164859.2
2026-02-25T16:00:00Z,-0.00079873,119.040,321260.7,156643.0
2026-02-26T00:00:00Z,-0.00050325,114.370,252285.5,119291.4
2026-02-26T08:00:00Z,-0.00019877,114.080,443054.4,209503.3
2026-02-26T16:00:00Z,-0.00023304,114.490,319189.7,149737.1
2026-02-27T00:00:00Z,-0.00059987,119.570,243869.9,121943.5
2026-02-27T08:00:00Z,-0.00093554,114.010,425601.5,210574.2
2026-02-27T16:00:00Z,-0.00062209,112.890,223160.1,116354.4
2026-02-28T00:00:00Z,-0.00078207,106.830,264633.6,120184.7
2026-02-28T08:00:00Z,-0.00063034,107.510,293941.9,136778.4
2026-02-28T16:00:00Z,-0.00053771,111.840,240495.0,113361.2
2026-03-01T00:00:00Z,-0.00038657,115.290,234973.0,125618.2
2026-03-01T08:00:00Z,-0.00073274,114.990,236090.6,125102.3
2026-03-01T16:00:00Z,-0.00032678,113.540,258442.4,135492.0
2026-03-02T00:00:00Z,-0.00079938,113.210,211151.1,103959.1
2026-03-02T08:00:00Z,-0.00023070,122.870,348081.9,176522.1
2026-03-02T16:00:00Z,-0.00014058,122.130,376999.1,187718.5
2026-03-03T00:00:00Z,-0.00043546,119.770,163657.7,81046.9
2026-03-03T08:00:00Z,-0.00091761,109.900,704027.2,334254.6
2026-03-03T16:00:00Z,-0.00054780,111.060,484427.2,239537.6
2026-03-04T00:00:00Z,-0.00076169,112.600,255506.0,123360.2
2026-03-04T08:00:00Z,-0.00007289,118.040,557098.5,283206.1
2026-03-04T16:00:00Z,-0.00078592,115.810,269095.6,130083.3
2026-03-05T00:00:00Z,-0.00053794,114.400,189712.3,89902.5
2026-03-05T08:00:00Z,-0.00045159,116.390,297193.7,150852.6
2026-03-05T16:00:00Z,-0.00035744,116.750,298586.9,161232.6
2026-03-06T00:00:00Z,-0.00055971,118.400,149352.4,72997.1
2026-03-06T08:00:00Z,-0.00096534,110.770,344904.1,168314.2
2026-03-06T16:00:00Z,-0.00020303,110.920,142937.4,70196.7
2026-03-07T00:00:00Z,-0.00044815,110.160,83021.7,39622.0
2026-03-07T08:00:00Z,-0.00049934,109.670,84414.8,39946.9
2026-03-07T16:00:00Z,-0.00040989,108.730,81743.8,39993.5
2026-03-08T00:00:00Z,-0.00060434,107.770,110641.8,50860.2
2026-03-08T08:00:00Z,-0.00032072,106.370,195967.9,101403.3
2026-03-08T16:00:00Z,-0.00076993,105.470,196192.3,94992.2
2026-03-09T00:00:00Z,-0.00021624,106.480,206861.4,109732.6
2026-03-09T08:00:00Z,-0.00031685,105.120,279031.1,142350.8
2026-03-09T16:00:00Z,-0.00049036,106.600,211432.9,106693.5
2026-03-10T00:00:00Z,-0.00006889,110.830,212095.0,111951.1
2026-03-10T08:00:00Z,-0.00033518,114.370,351501.3,173452.1
2026-03-10T16:00:00Z,-0.00039563,111.660,217480.1,105363.4
2026-03-11T00:00:00Z,-0.00018469,108.990,146310.7,70145.9
2026-03-11T08:00:00Z,-0.00013119,111.280,262814.5,136657.4
2026-03-11T16:00:00Z,-0.00019051,110.220,148311.6,73677.1
2026-03-12T00:00:00Z,-0.00044242,108.940,174280.6,80534.7
2026-03-12T08:00:00Z,-0.00075839,109.650,309601.0,148272.0
2026-03-12T16:00:00Z,-0.00013365,111.580,211584.1,106314.1
2026-03-13T00:00:00Z,-0.00009783,114.210,261341.0,133066.6
2026-03-13T08:00:00Z,-0.00047893,113.940,307896.0,162084.6
2026-03-13T16:00:00Z,-0.00044417,112.240,205689.6,104290.4
2026-03-14T00:00:00Z,-0.00044835,111.230,155237.6,70852.3
2026-03-14T08:00:00Z,-0.00059328,110.560,164595.1,71482.3
2026-03-14T16:00:00Z,-0.00040337,111.100,81813.2,42981.9
2026-03-15T00:00:00Z,-0.00024112,111.180,150079.1,75560.3
2026-03-15T08:00:00Z,-0.00024479,112.800,205956.6,95359.5
2026-03-15T16:00:00Z,-0.00041490,116.280,245777.5,121085.8
2026-03-16T00:00:00Z,-0.00028334,119.140,260690.2,134351.7
2026-03-16T08:00:00Z,-0.00072224,119.910,303960.8,153775.9
2026-03-16T16:00:00Z,-0.00062149,122.220,239227.6,116945.4
2026-03-17T00:00:00Z,-0.00028580,120.670,181992.4,91648.2
2026-03-17T08:00:00Z,-0.00063501,121.410,194872.1,92826.5
2026-03-17T16:00:00Z,-0.00036652,119.600,136849.0,63041.1
2026-03-18T00:00:00Z,-0.00043574,120.540,124010.2,68561.0
2026-03-18T08:00:00Z,-0.00050067,113.540,321934.5,146492.7
2026-03-18T16:00:00Z,-0.00043086,115.230,161246.4,77905.5
2026-03-19T00:00:00Z,-0.00038680,114.110,218489.6,101809.2
2026-03-19T08:00:00Z,-0.00064382,111.670,200553.5,96437.3
2026-03-19T16:00:00Z,-0.00043083,111.540,144721.3,69344.8
2026-03-20T00:00:00Z,-0.00071311,112.160,114836.1,55367.5
2026-03-20T08:00:00Z,-0.00065696,110.070,185733.8,87451.5
2026-03-20T16:00:00Z,-0.00062593,111.170,124004.9,60671.6
2026-03-21T00:00:00Z,-0.00020304,111.340,63220.9,31229.5
2026-03-21T08:00:00Z,-0.00023136,112.500,86039.2,49819.1
2026-03-21T16:00:00Z,-0.00044256,108.290,100366.5,46469.5
2026-03-22T00:00:00Z,-0.00010842,108.170,181423.7,95166.0
2026-03-22T08:00:00Z,-0.00053432,107.320,124427.5,63387.8
2026-03-22T16:00:00Z,-0.00060363,106.250,123444.3,58232.8
2026-03-23T00:00:00Z,-0.00032727,105.650,154987.1,76869.4
2026-03-23T08:00:00Z,-0.00020655,109.460,446122.9,235890.1
2026-03-23T16:00:00Z,-0.00056156,110.230,140180.3,74981.6
2026-03-24T00:00:00Z,-0.00011819,110.390,129898.3,63412.2
2026-03-24T08:00:00Z,-0.00056655,109.370,165643.9,77525.6
2026-03-24T16:00:00Z,-0.00040218,112.240,146579.0,73485.7
2026-03-25T00:00:00Z,-0.00033487,112.620,153333.0,67824.2
2026-03-25T08:00:00Z,-0.00029880,114.750,253094.0,126909.7
2026-03-25T16:00:00Z,-0.00031661,112.530,187046.3,101446.3
2026-03-26T00:00:00Z,-0.00032028,108.090,175838.5,81187.6
2026-03-26T08:00:00Z,-0.00063531,105.490,217831.6,106366.7
2026-03-26T16:00:00Z,-0.00045543,105.130,202881.0,92753.3
2026-03-27T00:00:00Z,-0.00019317,106.200,112134.4,56649.6
2026-03-27T08:00:00Z,-0.00023136,100.520,301620.9,136207.6
2026-03-27T16:00:00Z,-0.00041754,98.620,193087.9,96605.7
2026-03-28T00:00:00Z,-0.00026314,97.880,221406.6,110119.2
2026-03-28T08:00:00Z,-0.00053179,97.840,190758.6,89176.0
2026-03-28T16:00:00Z,-0.00022796,96.780,124544.4,57105.6
2026-03-29T00:00:00Z,-0.00067017,96.630,103676.5,50192.4
2026-03-29T08:00:00Z,-0.00027126,95.460,142709.2,65303.2
2026-03-29T16:00:00Z,-0.00070691,95.350,194102.0,91035.0
2026-03-30T00:00:00Z,-0.00012264,98.720,244852.3,130623.2
2026-03-30T08:00:00Z,-0.00026622,98.560,291836.5,148357.0
2026-03-30T16:00:00Z,-0.00028893,96.820,188507.8,90985.6
2026-03-31T00:00:00Z,-0.00052439,97.630,173808.8,87793.7
2026-03-31T08:00:00Z,-0.00078415,96.380,245322.0,125138.0
2026-03-31T16:00:00Z,-0.00043108,98.140,204103.2,102679.3
2026-04-01T00:00:00Z,-0.00007903,100.210,177863.8,89401.2
2026-04-01T08:00:00Z,-0.00049940,99.920,183206.1,84552.9
2026-04-01T16:00:00Z,-0.00016701,98.040,163823.3,80334.5
2026-04-02T00:00:00Z,-0.00024877,94.370,297555.7,136666.3
2026-04-02T08:00:00Z,-0.00054122,94.370,260088.0,117088.8
2026-04-02T16:00:00Z,-0.00028787,94.280,138083.4,70357.1
2026-04-03T00:00:00Z,-0.00010901,95.260,102542.3,56235.1
2026-04-03T08:00:00Z,-0.00074807,94.780,130775.1,63903.2
2026-04-03T16:00:00Z,-0.00038793,94.750,93954.3,48694.9
2026-04-04T00:00:00Z,-0.00048034,94.920,63537.7,29447.9
2026-04-04T08:00:00Z,-0.00036938,94.880,69749.5,34452.7
2026-04-04T16:00:00Z,-0.00052449,94.430,74713.4,34581.4
2026-04-05T00:00:00Z,-0.00017245,92.630,114253.9,50479.4
2026-04-05T08:00:00Z,-0.00025377,91.590,226240.0,100604.3
2026-04-05T16:00:00Z,-0.00016429,94.110,170403.7,89183.9
2026-04-06T00:00:00Z,-0.00011936,95.690,211081.5,108754.5
2026-04-06T08:00:00Z,-0.00060879,97.600,203283.9,103846.4
2026-04-06T16:00:00Z,-0.00069011,92.910,331736.0,160231.3
2026-04-07T00:00:00Z,-0.00057802,91.460,156970.3,75529.7
2026-04-07T08:00:00Z,-0.00093644,86.080,660718.6,305443.9
2026-04-07T16:00:00Z,-0.00035603,95.760,575786.6,270784.9
2026-04-08T00:00:00Z,-0.00032630,95.940,310359.6,154954.8
2026-04-08T08:00:00Z,-0.00028234,94.330,286317.5,141644.1
2026-04-08T16:00:00Z,-0.00039619,91.890,201406.2,101963.2
2026-04-09T00:00:00Z,-0.00062733,90.500,221632.1,114687.4
2026-04-09T08:00:00Z,-0.00022187,91.500,234648.5,109035.8
2026-04-09T16:00:00Z,-0.00092558,90.500,293983.8,141731.6
2026-04-10T00:00:00Z,-0.00051598,89.630,151010.1,75569.1
2026-04-10T08:00:00Z,-0.00009973,91.630,261015.3,130295.8
2026-04-10T16:00:00Z,-0.00063502,93.560,222142.4,114188.1
2026-04-11T00:00:00Z,-0.00033705,91.580,140032.8,64768.9
2026-04-11T08:00:00Z,-0.00051936,92.290,168127.5,79748.6
2026-04-11T16:00:00Z,-0.00062611,94.450,253947.1,127780.3
2026-04-12T00:00:00Z,-0.00059953,89.760,240754.5,117957.8
2026-04-12T08:00:00Z,-0.00064740,89.130,168959.3,75297.8
2026-04-12T16:00:00Z,-0.00072052,89.760,198674.6,93233.3
2026-04-13T00:00:00Z,-0.00030145,95.980,538891.5,261614.0
2026-04-13T08:00:00Z,-0.00036473,94.190,393411.0,196477.0
2026-04-13T16:00:00Z,-0.00060623,103.200,425336.3,216797.1
2026-04-14T00:00:00Z,-0.00053270,99.950,308721.5,144692.9
2026-04-14T08:00:00Z,-0.00002572,99.560,329000.0,154024.7
2026-04-14T16:00:00Z,-0.00071247,99.910,207896.5,106407.3
2026-04-15T00:00:00Z,-0.00031631,99.230,187494.1,89248.0
2026-04-15T08:00:00Z,0.00057112,108.030,664397.7,345649.0
2026-04-15T16:00:00Z,-0.00005690,105.450,416610.2,197648.6
2026-04-16T00:00:00Z,-0.00026709,106.120,271506.8,131736.5
2026-04-16T08:00:00Z,-0.00063736,109.830,561290.7,288436.7
2026-04-16T16:00:00Z,-0.00041824,115.410,689240.2,344959.9
2026-04-17T00:00:00Z,-0.00054324,113.200,237122.8,112086.1
2026-04-17T08:00:00Z,-0.00056582,116.450,547016.2,262929.6
2026-04-17T16:00:00Z,-0.00104760,114.780,296187.1,138383.5
2026-04-18T00:00:00Z,-0.00032038,114.830,160392.1,78479.3
2026-04-18T08:00:00Z,-0.00039912,112.960,334765.5,155983.7
2026-04-18T16:00:00Z,-0.00049520,101.090,2042655.2,1034296.7
2026-04-19T00:00:00Z,-0.00053169,92.480,1330134.1,623414.2
2026-04-19T08:00:00Z,-0.00072841,91.880,1464757.9,698298.1
2026-04-19T16:00:00Z,-0.00045595,90.210,901638.2,428389.0
2026-04-20T00:00:00Z,-0.00024366,92.370,872276.4,445313.0
2026-04-20T08:00:00Z,-0.00059423,87.150,858589.9,371542.2
2026-04-20T16:00:00Z,-0.00071371,90.580,1045237.6,525969.8
2026-04-21T00:00:00Z,-0.00055903,92.400,870034.3,432426.7
2026-04-21T08:00:00Z,-0.00058685,92.170,529613.9,258122.3
2026-04-21T16:00:00Z,-0.00053192,91.820,392185.4,181806.5
2026-04-22T00:00:00Z,-0.00043278,93.320,381259.5,184900.7
2026-04-22T08:00:00Z,-0.00011122,94.090,544556.8,277447.0
2026-04-22T16:00:00Z,-0.00027417,93.920,271438.5,133102.8
2026-04-23T00:00:00Z,-0.00016999,91.530,354612.8,174967.4
2026-04-23T08:00:00Z,-0.00039459,93.780,295039.7,143953.3
2026-04-23T16:00:00Z,-0.00064579,94.240,492580.3,240805.0
2026-04-24T00:00:00Z,-0.00018234,93.360,688503.1,319097.7
2026-04-24T08:00:00Z,-0.00055706,94.330,452403.5,233252.1
2026-04-24T16:00:00Z,-0.00044171,94.250,244962.2,114662.8
2026-04-25T00:00:00Z,-0.00063888,94.530,149904.3,71241.6
2026-04-25T08:00:00Z,-0.00040851,94.730,310403.8,149703.8
2026-04-25T16:00:00Z,-0.00015489,94.090,190430.1,89600.6
2026-04-26T00:00:00Z,-0.00014762,94.700,268252.1,151163.7
2026-04-26T08:00:00Z,-0.00040929,95.960,179562.9,90159.2
2026-04-26T16:00:00Z,-0.00072670,96.430,368087.6,206047.2
2026-04-27T00:00:00Z,-0.00073950,95.620,529635.1,260101.2
2026-04-27T08:00:00Z,-0.00018474,97.130,641964.4,309486.5
2026-04-27T16:00:00Z,-0.00017560,97.590,334557.6,148086.7
2026-04-28T00:00:00Z,-0.00039747,97.690,239916.5,125891.9
2026-04-28T08:00:00Z,-0.00028693,96.520,330413.3,171998.4
2026-04-28T16:00:00Z,-0.00070823,96.420,167665.5,83614.2
2026-04-29T00:00:00Z,-0.00062976,97.240,262441.2,132700.4
2026-04-29T08:00:00Z,-0.00083380,93.750,668957.6,318353.4
2026-04-29T16:00:00Z,-0.00063964,93.240,383131.9,165041.6
2026-04-30T00:00:00Z,-0.00005773,92.760,285234.2,127657.9
2026-04-30T08:00:00Z,-0.00053348,93.590,185473.0,86917.7
2026-04-30T16:00:00Z,-0.00037355,92.800,151002.1,71669.6
2026-05-01T00:00:00Z,-0.00042112,92.350,196835.7,88567.3
2026-05-01T08:00:00Z,-0.00036611,93.390,266791.8,128738.4
2026-05-01T16:00:00Z,-0.00036670,91.980,230840.1,102518.0
2026-05-02T00:00:00Z,-0.00021204,91.930,106362.1,50209.6
2026-05-02T08:00:00Z,-0.00024913,92.630,120653.7,62062.0
2026-05-02T16:00:00Z,-0.00036793,93.260,174220.0,78896.0
2026-05-03T00:00:00Z,-0.00065285,92.410,175695.0,84302.9
2026-05-03T08:00:00Z,-0.00011774,92.630,199548.9,97009.3
2026-05-03T16:00:00Z,-0.00050012,92.390,194903.0,95460.1
2026-05-04T00:00:00Z,-0.00040136,93.560,347360.3,163792.9
2026-05-04T08:00:00Z,-0.00019014,92.580,443307.7,211401.8
2026-05-04T16:00:00Z,-0.00064977,92.180,185894.6,85468.3
2026-05-05T00:00:00Z,-0.00011446,93.070,151980.7,71608.5
2026-05-05T08:00:00Z,-0.00073950,93.060,225639.1,110861.2
2026-05-05T16:00:00Z,-0.00081850,93.400,186607.5,86328.7
2026-05-06T00:00:00Z,-0.00015525,94.400,217354.3,104121.1
2026-05-06T08:00:00Z,-0.00067836,93.460,584254.7,270944.8
2026-05-06T16:00:00Z,-0.00054766,94.280,203051.7,93993.0
2026-05-07T00:00:00Z,-0.00059491,94.090,265534.0,121984.2
2026-05-07T08:00:00Z,-0.00028024,92.320,319381.7,150131.2
2026-05-07T16:00:00Z,-0.00101264,92.350,164487.6,78044.3
2026-05-08T00:00:00Z,-0.00070857,92.500,154688.6,69702.6
2026-05-08T08:00:00Z,-0.00011425,94.190,260477.7,119901.4
2026-05-08T16:00:00Z,-0.00057097,95.780,349370.0,156543.7
2026-05-09T00:00:00Z,-0.00034498,96.530,442875.3,217381.8
2026-05-09T08:00:00Z,-0.00047520,94.690,405406.4,189626.9
2026-05-09T16:00:00Z,-0.00051896,95.720,187066.3,86012.7
2026-05-10T00:00:00Z,-0.00052074,97.290,232302.7,120169.8
2026-05-10T08:00:00Z,-0.00054613,99.040,515491.7,242430.6
2026-05-10T16:00:00Z,-0.00029136,102.080,828706.3,413005.3
2026-05-11T00:00:00Z,-0.00003298,100.640,424770.7,188920.7
2026-05-11T08:00:00Z,-0.00032295,101.760,418684.2,199086.3
2026-05-11T16:00:00Z,-0.00072187,101.130,327267.7,153368.4
2026-05-12T00:00:00Z,-0.00052686,99.600,254647.5,121566.1
2026-05-12T08:00:00Z,-0.00073110,95.390,538688.9,243654.3
2026-05-12T16:00:00Z,-0.00034098,96.620,232061.5,124031.7
2026-05-13T00:00:00Z,-0.00019006,98.150,183630.8,91500.3
2026-05-13T08:00:00Z,-0.00127616,94.500,470041.5,218497.2
2026-05-13T16:00:00Z,-0.00037097,96.350,191842.6,96757.1
2026-05-14T00:00:00Z,-0.00039883,96.300,247289.5,119238.0
2026-05-14T08:00:00Z,-0.00087803,99.090,312356.6,150851.3
2026-05-14T16:00:00Z,-0.00042385,98.300,312089.1,152028.9
2026-05-15T00:00:00Z,-0.00042126,97.060,272849.9,132048.6
2026-05-15T08:00:00Z,-0.00021291,93.310,463606.4,209937.6
2026-05-15T16:00:00Z,-0.00047121,92.820,206058.5,102929.1
2026-05-16T00:00:00Z,-0.00082515,89.050,395790.8,176911.3
2026-05-16T08:00:00Z,-0.00065343,90.440,305126.0,157077.1
2026-05-16T16:00:00Z,-0.00058139,89.970,113686.5,53154.0
2026-05-17T00:00:00Z,-0.00052351,90.790,238827.7,128035.5
2026-05-17T08:00:00Z,-0.00050326,90.490,170710.8,78885.7
2026-05-17T16:00:00Z,-0.00028134,89.140,243355.6,114509.6
2026-05-18T00:00:00Z,-0.00059701,88.380,292052.8,139450.9
2026-05-18T08:00:00Z,-0.00028041,87.850,318373.9,153146.1
2026-05-18T16:00:00Z,0.00000000,89.430,180304.5,85770.6
2026-05-19T00:00:00Z,-0.00065250,89.500,120235.4,55217.8
2026-05-19T08:00:00Z,-0.00022306,88.150,173056.7,78266.3
2026-05-19T16:00:00Z,-0.00034417,87.380,154383.5,71829.7
2026-05-20T00:00:00Z,-0.00039501,87.670,173924.3,84714.1
2026-05-20T08:00:00Z,-0.00029170,88.570,238030.8,114422.9
2026-05-20T16:00:00Z,-0.00056790,88.000,176383.9,77472.5
2026-05-21T00:00:00Z,-0.00061982,89.280,221091.8,110422.4
2026-05-21T08:00:00Z,-0.00028798,88.520,283039.4,144276.0
2026-05-21T16:00:00Z,-0.00062728,88.110,270282.0,132629.2
2026-05-22T00:00:00Z,-0.00049585,87.820,197855.3,92456.7
2026-05-22T08:00:00Z,-0.00063412,88.090,344788.5,157987.1
2026-05-22T16:00:00Z,-0.00048841,86.120,483408.0,217082.3
2026-05-23T00:00:00Z,-0.00063039,83.390,364103.9,162669.4
2026-05-23T08:00:00Z,-0.00028983,85.350,246954.2,114845.0
2026-05-23T16:00:00Z,-0.00091843,86.620,280130.0,145549.9
2026-05-24T00:00:00Z,-0.00020298,86.560,165126.4,79435.1
2026-05-24T08:00:00Z,-0.00063487,85.780,306580.0,139172.4
2026-05-24T16:00:00Z,-0.00080556,85.530,171379.6,74145.2
2026-05-25T00:00:00Z,-0.00017591,86.580,151912.2,77534.9
2026-05-25T08:00:00Z,-0.00038694,86.820,130433.9,59947.1
2026-05-25T16:00:00Z,-0.00064394,86.320,168420.9,82553.7
2026-05-26T00:00:00Z,-0.00044051,86.030,147135.4,72111.0
2026-05-26T08:00:00Z,-0.00096287,86.590,398298.6,194336.3
2026-05-26T16:00:00Z,-0.00044531,85.740,198004.8,99702.9
2026-05-27T00:00:00Z,-0.00045671,85.520,221473.4,105222.3
2026-05-27T08:00:00Z,-0.00011885,86.200,226721.7,109716.5
2026-05-27T16:00:00Z,-0.00051551,83.210,253993.2,109874.5
2026-05-28T00:00:00Z,-0.00083349,81.330,350271.4,157763.9
2026-05-28T08:00:00Z,-0.00094847,79.360,429025.2,198342.4
2026-05-28T16:00:00Z,-0.00069967,80.770,246341.7,122655.2
2026-05-29T00:00:00Z,-0.00076162,81.710,177616.4,95534.9
2026-05-29T08:00:00Z,-0.00047772,82.880,358480.8,177955.9
2026-05-29T16:00:00Z,-0.00055000,82.430,221526.4,107394.5
2026-05-30T00:00:00Z,-0.00015532,82.560,148473.3,72752.3
2026-05-30T08:00:00Z,-0.00061697,83.010,93584.5,44300.5
2026-05-30T16:00:00Z,-0.00045496,82.740,84158.9,41064.0
2026-05-31T00:00:00Z,-0.00076765,82.850,96410.1,42378.0
2026-05-31T08:00:00Z,-0.00063241,81.680,155560.2,75898.0
2026-05-31T16:00:00Z,-0.00030590,82.110,124014.8,56536.4
2026-06-01T00:00:00Z,-0.00082770,80.640,171396.2,76498.5
2026-06-01T08:00:00Z,-0.00098028,79.060,413083.0,187670.2
2026-06-01T16:00:00Z,-0.00060015,80.240,261113.8,125017.6
2026-06-02T00:00:00Z,-0.00122421,77.700,333648.9,150259.5
2026-06-02T08:00:00Z,-0.00064000,75.250,491882.8,218393.3
2026-06-02T16:00:00Z,-0.00031280,73.620,593880.5,290848.7
2026-06-03T00:00:00Z,-0.00017171,76.060,319711.9,159334.6
2026-06-03T08:00:00Z,-0.00066908,75.400,275755.5,142174.9
2026-06-03T16:00:00Z,-0.00019280,74.350,330285.9,163278.7
2026-06-04T00:00:00Z,-0.00056989,71.040,574064.2,267808.0
2026-06-04T08:00:00Z,-0.00067372,72.440,368583.8,188223.1
2026-06-04T16:00:00Z,-0.00060876,71.260,222278.9,111146.3
2026-06-05T00:00:00Z,0.00016640,69.390,1373344.9,709345.1
2026-06-05T08:00:00Z,-0.00089129,62.210,1069237.4,547252.5
2026-06-05T16:00:00Z,-0.00093432,62.210,814177.7,387687.9
2026-06-06T00:00:00Z,-0.00050741,61.230,571984.5,278081.2
2026-06-06T08:00:00Z,-0.00095762,60.330,407288.1,195617.1
2026-06-06T16:00:00Z,-0.00056285,60.900,204829.4,102949.8
2026-06-07T00:00:00Z,-0.00059917,63.450,349505.8,187087.9
2026-06-07T08:00:00Z,-0.00014011,63.010,313044.0,155872.6
2026-06-07T16:00:00Z,-0.00081012,63.680,365739.6,182169.9
2026-06-08T00:00:00Z,-0.00030295,62.670,228169.7,118125.2
2026-06-08T08:00:00Z,-0.00041485,64.140,272514.7,139049.7
2026-06-08T16:00:00Z,-0.00046445,63.420,175844.5,84773.2
2026-06-09T00:00:00Z,-0.00036835,62.940,233074.4,105244.4
2026-06-09T08:00:00Z,-0.00109721,60.150,344101.3,170984.8
2026-06-09T16:00:00Z,-0.00012104,62.060,259440.4,128023.3
2026-06-10T00:00:00Z,-0.00032354,62.010,148707.4,71877.5
2026-06-10T08:00:00Z,-0.00074704,63.420,366538.8,186416.6
2026-06-10T16:00:00Z,-0.00102668,61.260,299537.8,141275.6
2026-06-11T00:00:00Z,0.00000000,63.400,220436.6,110962.4
2026-06-11T08:00:00Z,-0.00032192,63.720,226301.3,112122.8
2026-06-11T16:00:00Z,0.00000000,64.300,233544.2,119465.5
2026-06-12T00:00:00Z,-0.00076267,63.690,154175.6,81730.0
2026-06-12T08:00:00Z,-0.00045119,64.070,268118.5,130754.6
2026-06-12T16:00:00Z,-0.00061804,64.180,115852.7,58058.7
2026-06-13T00:00:00Z,-0.00027194,66.180,179250.2,97469.9
2026-06-13T08:00:00Z,-0.00076910,66.990,193010.4,96126.7
2026-06-13T16:00:00Z,-0.00122471,67.080,152697.8,73737.1
2026-06-14T00:00:00Z,-0.00025088,66.070,132500.0,62176.6
2026-06-14T08:00:00Z,-0.00034310,65.530,136082.8,63175.0
2026-06-14T16:00:00Z,-0.00089052,68.280,206078.0,107364.2
2026-06-15T00:00:00Z,-0.00069296,70.090,231625.1,125051.0
2026-06-15T08:00:00Z,0.00000000,77.580,763013.4,384362.4
2026-06-15T16:00:00Z,-0.00078489,73.690,328687.0,151633.2
2026-06-16T00:00:00Z,-0.00029481,75.710,286459.4,157287.6
2026-06-16T08:00:00Z,-0.00055396,74.240,390188.2,177537.6
2026-06-16T16:00:00Z,-0.00029500,75.870,248700.9,121972.6
2026-06-17T00:00:00Z,-0.00036036,76.440,263080.9,126701.4
2026-06-17T08:00:00Z,-0.00069372,76.400,336099.5,159666.4
2026-06-17T16:00:00Z,-0.00044109,73.840,361781.5,178426.9
2026-06-18T00:00:00Z,-0.00042799,74.260,263723.7,126592.9
2026-06-18T08:00:00Z,-0.00092111,70.930,330187.3,150363.3
2026-06-18T16:00:00Z,-0.00056174,74.820,309643.1,162603.8
2026-06-19T00:00:00Z,-0.00034661,72.260,382394.1,183675.4
2026-06-19T08:00:00Z,-0.00029124,73.250,191399.6,102924.8
2026-06-19T16:00:00Z,-0.00020053,73.600,206569.3,108596.0
2026-06-20T00:00:00Z,-0.00038435,74.250,219234.9,112731.8
2026-06-20T08:00:00Z,-0.00040886,75.760,202070.0,97699.9
2026-06-20T16:00:00Z,-0.00098033,75.920,249268.2,130477.3
2026-06-21T00:00:00Z,-0.00051975,75.820,121924.7,67806.7
2026-06-21T08:00:00Z,-0.00029147,75.050,173702.9,79474.5
2026-06-21T16:00:00Z,-0.00105332,73.920,185489.1,99481.1
2026-06-22T00:00:00Z,-0.00088843,75.810,242110.1,121195.6
2026-06-22T08:00:00Z,-0.00010157,75.700,308611.8,159462.1
2026-06-22T16:00:00Z,-0.00095799,75.010,172578.4,85870.5
2026-06-23T00:00:00Z,0.00000000,72.140,282639.4,130065.3
2026-06-23T08:00:00Z,-0.00033475,72.040,429067.4,213576.1
2026-06-23T16:00:00Z,0.00000000,72.420,188096.4,101397.8
2026-06-24T00:00:00Z,-0.00025372,71.500,164010.2,86036.4
2026-06-24T08:00:00Z,-0.00048149,75.690,1090457.7,548551.9
2026-06-24T16:00:00Z,0.00359224,80.310,1194903.8,608014.6
2026-06-25T00:00:00Z,-0.00064226,81.940,1296869.7,657042.7
2026-06-25T08:00:00Z,-0.00048060,82.120,1388390.6,691551.0
2026-06-25T16:00:00Z,-0.00034868,82.390,1498788.6,754828.0
2026-06-26T00:00:00Z,-0.00074706,86.270,925972.8,458590.2
2026-06-26T08:00:00Z,-0.00056655,92.930,1359096.1,703065.7
2026-06-26T16:00:00Z,-0.00002746,95.120,1589890.1,787118.1
2026-06-27T00:00:00Z,0.00000000,96.190,844659.7,416310.9
2026-06-27T08:00:00Z,-0.00039320,96.140,809580.8,397750.2
2026-06-27T16:00:00Z,-0.00059946,93.970,573115.7,262706.3
2026-06-28T00:00:00Z,-0.00014054,90.900,571688.4,266826.6
2026-06-28T08:00:00Z,0.00000000,89.070,647641.1,320504.9
2026-06-28T16:00:00Z,-0.00030175,91.650,479418.3,253284.0
2026-06-29T00:00:00Z,-0.00022336,91.550,623843.0,314251.5
2026-06-29T08:00:00Z,-0.00034298,90.620,612132.1,298489.7
2026-06-29T16:00:00Z,0.00000000,91.440,380606.1,181495.5
2026-06-30T00:00:00Z,-0.00036268,90.160,301164.5,148919.5
2026-06-30T08:00:00Z,-0.00060635,85.330,612557.5,291857.4
2026-06-30T16:00:00Z,-0.00067148,85.090,229278.3,113685.8
2026-07-01T00:00:00Z,-0.00061949,85.490,394758.8,193911.4
2026-07-01T08:00:00Z,-0.00035825,86.910,409633.5,201148.7
2026-07-01T16:00:00Z,-0.00076407,83.160,380913.7,171455.8
2026-07-02T00:00:00Z,-0.00041851,84.620,266654.9,137088.3
2026-07-02T08:00:00Z,-0.00076799,86.070,531385.7,257859.9
2026-07-02T16:00:00Z,-0.00053649,86.170,220803.1,117153.9
2026-07-03T00:00:00Z,-0.00015800,85.990,207705.7,101264.0
2026-07-03T08:00:00Z,-0.00075857,88.650,605784.3,301355.8
2026-07-03T16:00:00Z,-0.00025974,87.550,338518.0,154073.5
2026-07-04T00:00:00Z,-0.00053158,87.610,316375.6,144107.8
2026-07-04T08:00:00Z,-0.00036441,89.560,266091.8,128256.4
2026-07-04T16:00:00Z,-0.00037941,88.590,192706.4,92468.5
2026-07-05T00:00:00Z,-0.00091325,87.850,203324.2,93866.9
2026-07-05T08:00:00Z,0.00000000,89.400,243733.3,114475.2
2026-07-05T16:00:00Z,-0.00017076,89.040,164962.9,80331.9
2026-07-06T00:00:00Z,-0.00044534,90.740,299526.8,141772.1
2026-07-06T08:00:00Z,-0.00000390,96.400,954054.9,482007.9
2026-07-06T16:00:00Z,0.00000000,94.210,414296.4,206094.9
2026-07-07T00:00:00Z,-0.00004279,93.410,417618.0,194635.0
2026-07-07T08:00:00Z,-0.00039587,92.330,512885.1,240365.6
2026-07-07T16:00:00Z,0.00000000,89.890,319558.0,139038.1
2026-07-08T00:00:00Z,-0.00029255,88.960,319748.2,149339.6
2026-07-08T08:00:00Z,-0.00041631,87.030,398921.8,186082.0
2026-07-08T16:00:00Z,0.00000000,88.270,178811.6,82298.8
2026-07-09T00:00:00Z,-0.00064971,88.490,224698.5,109865.3
2026-07-09T08:00:00Z,-0.00018779,92.300,404576.3,212275.0
2026-07-09T16:00:00Z,-0.00026988,91.280,211946.3,98044.7
2026-07-10T00:00:00Z,-0.00058614,94.190,334291.4,167352.8
2026-07-10T08:00:00Z,-0.00044571,95.560,521328.2,250982.2
2026-07-10T16:00:00Z,-0.00012193,95.710,231324.1,109075.1
2026-07-11T00:00:00Z,-0.00082795,96.030,189318.8,98432.4
2026-07-11T08:00:00Z,-0.00011306,96.790,88722.1,46293.6
2026-07-11T16:00:00Z,-0.00038575,98.050,456187.2,220412.0
2026-07-12T00:00:00Z,-0.00023251,97.340,309062.7,146683.4
2026-07-12T08:00:00Z,-0.00082490,98.650,326182.3,167479.7
2026-07-12T16:00:00Z,-0.00049629,96.860,204201.1,96894.4
2026-07-13T00:00:00Z,-0.00029638,95.200,376099.7,166990.0
2026-07-13T08:00:00Z,-0.00045509,94.910,313856.5,151466.4
2026-07-13T16:00:00Z,-0.00050811,94.470,227459.6,110001.5
2026-07-14T00:00:00Z,-0.00042626,95.210,220412.8,109142.7
2026-07-14T08:00:00Z,-0.00023683,99.780,411527.7,211258.5
2026-07-14T16:00:00Z,-0.00028519,98.890,237495.3,126602.1
2026-07-15T00:00:00Z,-0.00002399,97.030,213951.8,97883.7
2026-07-15T08:00:00Z,-0.00038471,97.070,371807.5,183590.0
2026-07-15T16:00:00Z,-0.00077486,95.720,205905.2,96728.6
2026-07-16T00:00:00Z,-0.00054454,94.520,220852.3,90191.9
2026-07-16T08:00:00Z,-0.00047134,92.440,335875.7,160056.6
2026-07-16T16:00:00Z,-0.00026105,91.140,250768.8,128267.6
2026-07-17T00:00:00Z,-0.00046265,90.430,239661.6,116531.6
2026-07-17T08:00:00Z,-0.00023555,91.430,272258.5,137235.6
2026-07-17T16:00:00Z,-0.00048983,89.950,208446.2,99470.4
2026-07-18T00:00:00Z,-0.00017493,87.940,231843.6,100766.3
2026-07-18T08:00:00Z,-0.00076379,88.790,236120.6,127633.7
2026-07-18T16:00:00Z,0.00000000,89.920,142550.4,77337.2
2026-07-19T00:00:00Z,-0.00027690,90.730,138841.0,70175.5
2026-07-19T08:00:00Z,-0.00054696,89.610,147138.3,68554.8
2026-07-19T16:00:00Z,-0.00024042,89.520,117768.3,53231.6
2026-07-20T00:00:00Z,-0.00012068,90.180,179048.4,83972.3
2026-07-20T08:00:00Z,-0.00063455,89.590,316763.7,156184.8
2026-07-20T16:00:00Z,-0.00034804,89.810,183054.9,90467.2
2026-07-21T00:00:00Z,-0.00048107,94.870,329909.2,165559.6
2026-07-21T08:00:00Z,-0.00072618,96.090,369025.2,179590.2
2026-07-21T16:00:00Z,-0.00085421,95.620,222939.6,103965.8
2026-07-22T00:00:00Z,-0.00068259,95.540,406324.3,207434.8
2026-07-22T08:00:00Z,-0.00042792,97.470,453772.8,220313.9
2026-07-22T16:00:00Z,-0.00029520,97.360,293745.5,148057.3
2026-07-23T00:00:00Z,-0.00025898,97.100,202111.0,98160.4
2026-07-23T08:00:00Z,-0.00035844,95.820,239457.4,117520.5
2026-07-23T16:00:00Z,-0.00091443,94.910,141598.1,66544.3
2026-07-24T00:00:00Z,-0.00019018,96.270,141423.9,72312.2
2026-07-24T08:00:00Z,-0.00037682,94.710,228932.3,110848.5
2026-07-24T16:00:00Z,-0.00051553,93.080,121635.5,54006.8
2026-07-25T00:00:00Z,-0.00052898,90.920,166391.7,75262.2
2026-07-25T08:00:00Z,-0.00061234,91.750,125584.3,62961.9
2026-07-25T16:00:00Z,-0.00038134,91.970,103449.6,53663.7
2026-07-26T00:00:00Z,-0.00043506,93.150,174521.7,95055.1
2026-07-26T08:00:00Z,-0.00034779,97.730,364407.6,190702.5
2026-07-26T16:00:00Z,-0.00014781,101.420,342814.8,183495.4
2026-07-27T00:00:00Z,-0.00008273,101.840,344998.8,179855.6
2026-07-27T08:00:00Z,-0.00036171,98.910,423771.3,209757.5
2026-07-27T16:00:00Z,-0.00042930,97.940,263059.3,118788.5
2026-07-28T00:00:00Z,-0.00059224,97.180,218449.6,115490.4
2026-07-28T08:00:00Z,-0.00038748,100.250,350242.1,188828.1
2026-07-28T16:00:00Z,-0.00010642,100.810,284880.4,144041.6
2026-07-29T00:00:00Z,-0.00072421,98.130,306372.7,155956.2
2026-07-29T08:00:00Z,-0.00092845,98.610,407441.8,210924.3
2026-07-29T16:00:00Z,-0.00046350,96.010,460585.0,224335.8
2026-07-30T00:00:00Z,-0.00039939,96.610,260094.4,131387.5
2026-07-30T08:00:00Z,-0.00017739,99.110,319544.6,167274.6
2026-07-30T16:00:00Z,-0.00073372,99.450,210365.4,108528.0
2026-07-31T00:00:00Z,-0.00055707,98.400,323606.0,159643.5
2026-07-31T08:00:00Z,-0.00008670,96.300,341008.9,163755.3
2026-07-31T16:00:00Z,-0.00078081,93.650,330564.5,149457.0
2026-08-01T00:00:00Z,-0.00060833,91.330,433702.2,209164.4
2026-08-01T08:00:00Z,-0.00034742,92.050,243448.3,125365.4
2026-08-01T16:00:00Z,-0.00059171,90.590,379919.1,174944.5
2026-08-02T00:00:00Z,-0.00010523,92.120,221406.0,110405.1
2026-08-02T08:00:00Z,-0.00063863,92.180,228236.4,115764.3
2026-08-02T16:00:00Z,-0.00031526,92.090,159179.6,76051.2
2026-08-03T00:00:00Z,-0.00029868,91.310,207738.2,101065.1
2026-08-03T08:00:00Z,-0.00073720,93.390,281762.6,139500.1
2026-08-03T16:00:00Z,-0.00028966,92.350,178815.2,80180.1
2026-08-04T00:00:00Z,-0.00065790,92.730,167110.0,82661.6
2026-08-04T08:00:00Z,-0.00067042,90.240,334178.5,151164.2
2026-08-04T16:00:00Z,-0.00032801,90.430,211797.1,105352.9
2026-08-05T00:00:00Z,-0.00023547,91.790,222309.1,108954.8
2026-08-05T08:00:00Z,-0.00057334,90.010,273590.5,130597.4
2026-08-05T16:00:00Z,-0.00034650,89.770,183437.8,86605.5
2026-08-06T00:00:00Z,-0.00050506,88.360,318031.8,136614.8
2026-08-06T08:00:00Z,-0.00027573,88.430,274914.8,133499.0
2026-08-06T16:00:00Z,-0.00064116,89.700,157436.1,79222.1
2026-08-07T00:00:00Z,-0.00060675,90.270,229876.2,111472.1
2026-08-07T08:00:00Z,-0.00068079,89.550,270639.8,126598.7
2026-08-07T16:00:00Z,-0.00080163,89.860,133770.8,65216.7
2026-08-08T00:00:00Z,-0.00002507,90.330,103813.6,52334.7
2026-08-08T08:00:00Z,-0.00053269,91.220,146772.2,76211.5
2026-08-08T16:00:00Z,-0.00015015,91.200,102629.2,55026.0
2026-08-09T00:00:00Z,-0.00030852,91.710,96526.2,46193.8
2026-08-09T08:00:00Z,-0.00028378,91.800,95932.7,47846.9
2026-08-09T16:00:00Z,-0.00060544,90.580,117204.5,55984.0
2026-08-10T00:00:00Z,-0.00052591,92.140,142528.4,70367.9
2026-08-10T08:00:00Z,-0.00066553,90.020,178094.4,80307.2
2026-08-10T16:00:00Z,-0.00030011,89.270,119827.1,58213.2
2026-08-11T00:00:00Z,-0.00047877,88.670,120790.6,51370.4
2026-08-11T08:00:00Z,-0.00062449,86.390,227199.2,95933.5
2026-08-11T16:00:00Z,-0.00067779,88.210,118308.4,60811.3
2026-08-12T00:00:00Z,-0.00053201,89.150,190118.5,90492.4
2026-08-12T08:00:00Z,-0.00080954,89.400,190578.9,90179.2
2026-08-12T16:00:00Z,-0.00035418,87.940,127045.1,59990.5
2026-08-13T00:00:00Z,-0.00031221,89.190,121569.7,63367.1
2026-08-13T08:00:00Z,-0.00107472,87.050,220171.4,111430.5
2026-08-13T16:00:00Z,-0.00034964,87.870,176280.7,78615.5
2026-08-14T00:00:00Z,-0.00043799,87.260,84529.3,40178.0
2026-08-14T08:00:00Z,-0.00091417,86.160,240635.1,103947.9
2026-08-14T16:00:00Z,0.00000000,86.430,114688.6,56748.5
2026-08-15T00:00:00Z,-0.00072705,86.580,98029.5,44545.4
2026-08-15T08:00:00Z,-0.00071251,87.030,102879.1,50822.5
2026-08-15T16:00:00Z,-0.00049966,86.130,67813.9,31737.8
2026-08-16T00:00:00Z,-0.00054679,86.060,73918.5,36783.6
2026-08-16T08:00:00Z,-0.00051648,86.820,114537.1,58158.7
2026-08-16T16:00:00Z,-0.00019347,85.980,119690.1,59734.9
2026-08-17T00:00:00Z,-0.00055845,86.200,117797.5,59105.1
2026-08-17T08:00:00Z,-0.00029199,88.120,207720.5,107325.5
2026-08-17T16:00:00Z,-0.00041819,89.210,174394.5,84204.0
2026-08-18T00:00:00Z,-0.00022552,88.510,137916.2,66024.7
2026-08-18T08:00:00Z,-0.00021088,89.460,183617.8,92459.2
2026-08-18T16:00:00Z,-0.00046546,87.480,165915.2,75891.0
2026-08-19T00:00:00Z,-0.00053510,88.060,110306.1,55179.6
2026-08-19T08:00:00Z,-0.00046655,92.870,484484.9,236942.8
2026-08-19T16:00:00Z,-0.00007904,95.290,428591.7,218292.2
2026-08-20T00:00:00Z,0.00000000,97.130,198116.8,100638.5
2026-08-20T08:00:00Z,0.00000000,97.080,337221.8,171141.9
2026-08-20T16:00:00Z,-0.00014652,99.200,228553.1,120216.2
2026-08-21T00:00:00Z,0.00043868,105.820,477697.9,250569.1
2026-08-21T08:00:00Z,0.00000000,110.520,1120426.4,545039.9
2026-08-21T16:00:00Z,0.00000000,122.780,720823.1,361540.7
2026-08-22T00:00:00Z,0.00039836,122.910,1070283.6,501363.7
2026-08-22T08:00:00Z,0.00089640,122.000,719359.1,355970.8
2026-08-22T16:00:00Z,0.00035947,126.550,499514.2,250167.8
2026-08-23T00:00:00Z,0.00002889,121.250,469314.7,221656.1
2026-08-23T08:00:00Z,0.00061917,139.940,1399356.4,718267.9
2026-08-23T16:00:00Z,0.00056787,141.610,645600.5,327762.0
2026-08-24T00:00:00Z,0.00000000,139.890,771664.9,386223.8
2026-08-24T08:00:00Z,0.00005728,134.590,1066659.0,519569.1
2026-08-24T16:00:00Z,0.00000000,132.290,383934.8,176260.2
2026-08-25T00:00:00Z,0.00000000,129.760,659312.5,304426.1
2026-08-25T08:00:00Z,0.00000000,129.350,361368.4,171089.2
2026-08-25T16:00:00Z,-0.00019962,126.530,254374.9,115830.6
2026-08-26T00:00:00Z,-0.00049994,127.300,195824.1,96608.7
2026-08-26T08:00:00Z,-0.00012693,123.260,340445.5,158578.5
2026-08-26T16:00:00Z,-0.00044013,126.970,254402.6,131707.0
2026-08-27T00:00:00Z,-0.00068248,126.690,230470.3,112602.7
2026-08-27T08:00:00Z,-0.00072798,127.940,431439.0,207266.5
2026-08-27T16:00:00Z,-0.00015343,128.010,247094.6,113069.1
2026-08-28T00:00:00Z,-0.00003084,125.680,313810.7,150133.7
2026-08-28T08:00:00Z,-0.00025580,123.150,351410.8,168539.6
2026-08-28T16:00:00Z,-0.00030837,122.150,280808.0,125104.4
2026-08-29T00:00:00Z,-0.00045298,121.730,154279.6,73166.9
2026-08-29T08:00:00Z,-0.00022795,123.130,151830.4,73842.7
2026-08-29T16:00:00Z,-0.00053180,126.680,119529.9,63000.4
2026-08-30T00:00:00Z,-0.00056155,124.050,122108.5,54084.9
2026-08-30T08:00:00Z,-0.00022326,125.870,193443.2,95601.5
2026-08-30T16:00:00Z,-0.00127090,122.320,369277.0,174799.4
2026-08-31T00:00:00Z,-0.00066227,123.530,170574.3,82841.8
2026-08-31T08:00:00Z,-0.00074905,123.680,185897.4,91764.8
2026-08-31T16:00:00Z,-0.00032322,124.050,155484.6,75190.1
2026-09-01T00:00:00Z,-0.00051995,126.930,186463.7,89264.3
2026-09-01T08:00:00Z,-0.00036782,127.110,310990.3,146127.5
2026-09-01T16:00:00Z,0.00000000,127.860,276439.9,133897.8
2026-09-02T00:00:00Z,-0.00017659,131.400,484879.9,245810.2
2026-09-02T08:00:00Z,-0.00032408,127.120,361983.2,168532.2
2026-09-02T16:00:00Z,-0.00072489,127.120,141023.7,71246.8
2026-09-03T00:00:00Z,-0.00059839,127.500,205364.6,100145.4
2026-09-03T08:00:00Z,-0.00035485,134.160,429775.4,205380.6
2026-09-03T16:00:00Z,-0.00040619,132.650,317768.6,146790.1
2026-09-04T00:00:00Z,-0.00020169,133.700,197529.5,94069.7
2026-09-04T08:00:00Z,-0.00042375,131.240,457868.5,215942.4
2026-09-04T16:00:00Z,-0.00041910,130.280,105427.4,48417.1
2026-09-05T00:00:00Z,-0.00062478,129.810,144471.1,75392.9
2026-09-05T08:00:00Z,-0.00046528,131.900,174419.0,86661.9
2026-09-05T16:00:00Z,-0.00026187,134.370,264513.6,124724.7
2026-09-06T00:00:00Z,-0.00090312,134.690,374573.2,179914.1
2026-09-06T08:00:00Z,-0.00025293,133.600,195216.1,87891.4
2026-09-06T16:00:00Z,-0.00052913,136.790,165145.9,87530.5
2026-09-07T00:00:00Z,-0.00085280,132.520,284842.6,124988.7
2026-09-07T08:00:00Z,-0.00062769,130.520,260366.7,122565.5
2026-09-07T16:00:00Z,-0.00048896,132.070,122377.0,60618.3
2026-09-08T00:00:00Z,-0.00031045,131.070,144010.7,70640.1
2026-09-08T08:00:00Z,0.00000000,130.900,293374.4,133855.7
2026-09-08T16:00:00Z,-0.00041153,128.740,133186.6,63016.4
2026-09-09T00:00:00Z,-0.00047514,129.750,152045.0,72707.2
2026-09-09T08:00:00Z,-0.00038340,128.810,256381.7,126208.5
2026-09-09T16:00:00Z,-0.00055339,125.730,250355.6,110088.3
2026-09-10T00:00:00Z,-0.00073648,124.070,177890.4,76569.1
2026-09-10T08:00:00Z,-0.00031646,122.140,241369.8,113060.9
2026-09-10T16:00:00Z,-0.00069868,120.550,174324.6,78934.3
2026-09-11T00:00:00Z,-0.00046749,122.800,120315.2,62620.4
2026-09-11T08:00:00Z,-0.00038172,125.730,397629.8,192525.3
2026-09-11T16:00:00Z,-0.00048882,125.000,184779.8,93151.2
2026-09-12T00:00:00Z,-0.00037610,126.220,98549.6,47273.4
2026-09-12T08:00:00Z,-0.00063166,126.010,152054.8,79781.8
2026-09-12T16:00:00Z,-0.00072675,125.460,80522.2,39294.7
2026-09-13T00:00:00Z,-0.00034057,126.480,115849.3,57532.5
2026-09-13T08:00:00Z,-0.00060231,125.440,231269.6,109085.4
2026-09-13T16:00:00Z,-0.00066233,124.280,123743.6,64242.2
2026-09-14T00:00:00Z,-0.00057710,126.290,125754.3,60494.5
2026-09-14T08:00:00Z,-0.00038418,126.330,197596.0,94927.7
2026-09-14T16:00:00Z,-0.00032751,128.140,298528.7,144151.2
2026-09-15T00:00:00Z,-0.00028509,126.390,145737.1,70073.6
2026-09-15T08:00:00Z,-0.00072655,125.050,240407.3,115022.2
2026-09-15T16:00:00Z,-0.00032247,122.130,325761.1,152406.0
2026-09-16T00:00:00Z,-0.00049449,119.380,174039.4,82833.4
2026-09-16T08:00:00Z,-0.00076973,115.910,277500.3,127704.5
2026-09-16T16:00:00Z,-0.00018803,119.450,444814.8,213717.7
2026-09-17T00:00:00Z,-0.00024259,123.360,264798.4,133848.8
2026-09-17T08:00:00Z,0.00000000,126.110,317141.5,160944.8
2026-09-17T16:00:00Z,0.00000000,128.550,331188.5,159952.7
2026-09-18T00:00:00Z,-0.00004317,134.180,363813.9,187702.9
2026-09-18T08:00:00Z,0.00000000,138.060,517365.9,249469.0
2026-09-18T16:00:00Z,0.00000000,139.490,265854.9,127559.2
2026-09-19T00:00:00Z,-0.00005895,142.240,405595.2,196964.9
2026-09-19T08:00:00Z,-0.00014967,142.480,317787.2,156658.3
2026-09-19T16:00:00Z,-0.00004403,141.030,226033.3,100091.5
2026-09-20T00:00:00Z,-0.00005629,136.590,337728.3,159670.0
2026-09-20T08:00:00Z,-0.00064240,135.930,313837.3,145221.4
2026-09-20T16:00:00Z,-0.00073102,137.460,284796.6,144768.5
2026-09-21T00:00:00Z,-0.00048968,138.630,326564.3,166542.4
2026-09-21T08:00:00Z,-0.00025263,143.010,627976.2,307903.9
2026-09-21T16:00:00Z,-0.00065826,145.810,356143.3,179487.9
2026-09-22T00:00:00Z,0.00000000,141.550,348820.5,156864.1
2026-09-22T08:00:00Z,-0.00017775,143.150,379657.4,185601.1
2026-09-22T16:00:00Z,0.00000000,147.980,271687.7,138132.3
2026-09-23T00:00:00Z,0.00000000,149.770,587845.8,298122.3
2026-09-23T08:00:00Z,-0.00004016,138.830,557655.0,259446.7
2026-09-23T16:00:00Z,-0.00055114,138.880,253079.0,126829.6
2026-09-24T00:00:00Z,-0.00058764,140.050,246855.3,120801.5
2026-09-24T08:00:00Z,-0.00034322,143.670,476622.9,217542.4
2026-09-24T16:00:00Z,-0.00022705,146.850,265700.0,135691.6
2026-09-25T00:00:00Z,-0.00004610,143.680,214340.1,101588.2
2026-09-25T08:00:00Z,-0.00064715,149.270,529758.6,257954.5
2026-09-25T16:00:00Z,-0.00038262,153.520,493112.1,252405.3
2026-09-26T00:00:00Z,-0.00056211,154.030,287160.8,142111.3
2026-09-26T08:00:00Z,-0.00028700,154.960,276921.6,127834.9
2026-09-26T16:00:00Z,-0.00057769,155.570,248719.6,124854.9
2026-09-27T00:00:00Z,-0.00052358,157.230,335528.8,166730.6
2026-09-27T08:00:00Z,-0.00040846,153.480,310597.3,140351.5
2026-09-27T16:00:00Z,-0.00018904,154.500,164048.3,79517.5
2026-09-28T00:00:00Z,-0.00033980,146.890,350855.2,159715.4
2026-09-28T08:00:00Z,-0.00014941,145.830,355494.5,172598.1
2026-09-28T16:00:00Z,-0.00042119,149.380,227773.4,116049.0
2026-09-29T00:00:00Z,0.00000000,163.800,710843.7,371017.2
2026-09-29T08:00:00Z,0.00000000,169.950,1268757.1,638414.1
2026-09-29T16:00:00Z,-0.00023365,165.210,535753.0,263386.4
2026-09-30T00:00:00Z,-0.00050151,159.210,536873.4,245250.3
2026-09-30T08:00:00Z,-0.00044277,159.940,622570.3,298795.8
2026-09-30T16:00:00Z,-0.00057934,159.370,193918.8,97352.0
2026-10-01T00:00:00Z,-0.00055099,164.690,404023.2,206270.9
2026-10-01T08:00:00Z,-0.00018302,168.170,621707.7,309864.4
2026-10-01T16:00:00Z,-0.00063456,171.340,453832.8,229821.3
2026-10-02T00:00:00Z,0.00000000,183.920,869825.3,430044.7
2026-10-02T08:00:00Z,-0.00067464,182.950,547091.2,276712.8
2026-10-02T16:00:00Z,-0.00044487,179.500,461776.3,219881.4
2026-10-03T00:00:00Z,-0.00041443,179.770,290393.3,146225.6
2026-10-03T08:00:00Z,-0.00045404,178.800,248576.1,123003.7
2026-10-03T16:00:00Z,-0.00069558,181.420,145616.8,74248.9
2026-10-04T00:00:00Z,-0.00068418,182.490,212584.9,104942.5
2026-10-04T08:00:00Z,-0.00065960,178.570,168244.3,82648.4
2026-10-04T16:00:00Z,-0.00071704,179.030,179553.5,94334.2
