timestamp,premium,close,volume,taker_buy_volume
2022-01-01T00:00:00Z,-0.00000269,1.32400,84079639,40107648
2022-01-01T08:00:00Z,-0.00007463,1.33270,70776414,34712816
2022-01-01T16:00:00Z,-0.00028415,1.37810,89633006,46189414
2022-01-02T00:00:00Z,0,1.35450,82629951,40387915
2022-01-02T08:00:00Z,-0.00021331,1.36900,69450481,33380310
2022-01-02T16:00:00Z,0,1.37690,105660812,52430735
2022-01-03T00:00:00Z,-0.00042769,1.35180,69893130,32976320
2022-01-03T08:00:00Z,0,1.35360,84289154,40961609
2022-01-03T16:00:00Z,0.00042430,1.31960,121436742,58108207
2022-01-04T00:00:00Z,-0.00029947,1.32430,89933104,42659873
2022-01-04T08:00:00Z,0.00040008,1.33680,103538660,50347841
2022-01-04T16:00:00Z,0,1.30930,119152820,56209591
2022-01-05T00:00:00Z,0,1.33970,73472695,35039870
2022-01-05T08:00:00Z,0.00017205,1.32750,101929212,48785589
2022-01-05T16:00:00Z,-0.00078740,1.22970,295643259,135662250
2022-01-06T00:00:00Z,-0.00048935,1.22200,140930836,66681579
2022-01-06T08:00:00Z,-0.00059416,1.23180,195039438,95939396
2022-01-06T16:00:00Z,-0.00086015,1.27880,155240626,75931449
2022-01-07T00:00:00Z,0,1.20780,248871185,117068697
2022-01-07T08:00:00Z,-0.00028940,1.20860,210023426,99418727
2022-01-07T16:00:00Z,0.00039040,1.20900,123293187,58800798
2022-01-08T00:00:00Z,-0.00101589,1.23650,83598594,40865104
2022-01-08T08:00:00Z,0,1.21500,112297480,52925200
2022-01-08T16:00:00Z,0,1.18140,363033542,173460174
2022-01-09T00:00:00Z,-0.00060989,1.17700,108070021,52690239
2022-01-09T08:00:00Z,-0.00028418,1.16140,120629425,59185977
2022-01-09T16:00:00Z,-0.00026717,1.17000,138240078,67866353
2022-01-10T00:00:00Z,-0.00020663,1.17640,89719806,43796250
2022-01-10T08:00:00Z,-0.00084562,1.11240,314625997,144892662
2022-01-10T16:00:00Z,-0.00005579,1.12240,198373771,99031934
2022-01-11T00:00:00Z,-0.00000024,1.15440,116375835,58846422
2022-01-11T08:00:00Z,0,1.15930,127939658,62195591
2022-01-11T16:00:00Z,-0.00045445,1.18670,135652250,63937964
2022-01-12T00:00:00Z,-0.00049663,1.20210,111717195,56626469
2022-01-12T08:00:00Z,-0.00144512,1.27610,199999757,101333858
2022-01-12T16:00:00Z,0.00213549,1.31220,146380180,74770627
2022-01-13T00:00:00Z,-0.00020573,1.28840,207545510,101335415
2022-01-13T08:00:00Z,-0.00021423,1.26750,202947870,99888572
2022-01-13T16:00:00Z,-0.00008253,1.23130,152114202,72945468
2022-01-14T00:00:00Z,-0.00022940,1.28570,155605224,76345725
2022-01-14T08:00:00Z,0,1.26810,194178697,92435558
2022-01-14T16:00:00Z,-0.00021756,1.29170,125609528,63472739
2022-01-15T00:00:00Z,-0.00034134,1.27150,72715551,32722178
2022-01-15T08:00:00Z,-0.00049698,1.28500,106522510,52364547
2022-01-15T16:00:00Z,-0.00036186,1.29140,105331689,51278223
2022-01-16T00:00:00Z,-0.00012903,1.36800,241973631,119837689
2022-01-16T08:00:00Z,-0.00054472,1.40910,338449606,165429702
2022-01-16T16:00:00Z,-0.00013693,1.41050,213729671,107389724
2022-01-17T00:00:00Z,-0.00121803,1.52990,582899280,302203123
2022-01-17T08:00:00Z,0.00025306,1.48390,622595762,307164789
2022-01-17T16:00:00Z,-0.00077007,1.59990,821756923,417127558
2022-01-18T00:00:00Z,0.00020500,1.54270,585593408,288754293
2022-01-18T08:00:00Z,0,1.45340,706887433,346718836
2022-01-18T16:00:00Z,-0.00005636,1.45770,418164680,205033319
2022-01-19T00:00:00Z,-0.00044558,1.37930,592724044,283898841
2022-01-19T08:00:00Z,0,1.40370,497069727,241190924
2022-01-19T16:00:00Z,-0.00072505,1.33530,365417328,177177490
2022-01-20T00:00:00Z,0,1.36340,297057992,146404581
2022-01-20T08:00:00Z,-0.00034547,1.40510,364902782,179223958
2022-01-20T16:00:00Z,-0.00142604,1.25750,492613303,230482290
2022-01-21T00:00:00Z,-0.00063118,1.24090,505120553,248231594
2022-01-21T08:00:00Z,-0.00078657,1.21160,416668319,199465578
2022-01-21T16:00:00Z,0,1.12020,527144601,257636566
2022-01-22T00:00:00Z,-0.00003943,1.03150,503575791,244926862
2022-01-22T08:00:00Z,-0.00012477,1.05480,1265630390,629807994
2022-01-22T16:00:00Z,-0.00031376,1.07050,613690938,309418794
2022-01-23T00:00:00Z,-0.00074235,1.11820,320703030,160609485
2022-01-23T08:00:00Z,-0.00050375,1.09290,386007948,188313348
2022-01-23T16:00:00Z,0,1.12380,311432984,157496916
2022-01-24T00:00:00Z,-0.00055063,1.02990,236945776,116232938
2022-01-24T08:00:00Z,-0.00123966,1.01970,753205586,373981138
2022-01-24T16:00:00Z,-0.00054263,1.06530,455212097,226350654
2022-01-25T00:00:00Z,-0.00046812,1.01440,215351377,106456304
2022-01-25T08:00:00Z,-0.00051683,1.02750,346069854,172149921
2022-01-25T16:00:00Z,-0.00132438,1.04150,254519406,126762951
2022-01-26T00:00:00Z,-0.00046074,1.04060,195154922,95532189
2022-01-26T08:00:00Z,0,1.10600,415639880,208887456
2022-01-26T16:00:00Z,-0.00016866,1.07670,623887675,310622222
2022-01-27T00:00:00Z,-0.00063387,1.04260,286216051,141976027
2022-01-27T08:00:00Z,-0.00115847,1.04840,267412542,129063382
2022-01-27T16:00:00Z,-0.00008777,1.04160,298143412,148385223
2022-01-28T00:00:00Z,-0.00063820,1.03290,185866845,90877913
2022-01-28T08:00:00Z,-0.00097348,1.03750,255529428,125239491
2022-01-28T16:00:00Z,-0.00030243,1.04780,190960687,95829920
2022-01-29T00:00:00Z,-0.00158094,1.07210,125276759,63924323
2022-01-29T08:00:00Z,-0.00038300,1.05310,181484122,88114055
2022-01-29T16:00:00Z,-0.00113851,1.05870,156664186,77086551
2022-01-30T00:00:00Z,-0.00007140,1.07330,103108730,51114890
2022-01-30T08:00:00Z,-0.00048068,1.05360,123068400,59700065
2022-01-30T16:00:00Z,-0.00134691,1.03430,164132177,79397456
2022-01-31T00:00:00Z,-0.00079695,1.02270,148686874,72205280
2022-01-31T08:00:00Z,-0.00018438,1.03510,151962934,76299277
2022-01-31T16:00:00Z,-0.00075921,1.05100,165518373,82034939
2022-02-01T00:00:00Z,-0.00083788,1.05470,127533978,62379222
2022-02-01T08:00:00Z,-0.00053780,1.06470,205790218,98119610
2022-02-01T16:00:00Z,-0.00040050,1.09460,159188771,80929898
2022-02-02T00:00:00Z,-0.00012159,1.05960,159085601,74620184
2022-02-02T08:00:00Z,0,1.04570,190839020,92498706
2022-02-02T16:00:00Z,-0.00106322,1.02590,182067996,87537382
2022-02-03T00:00:00Z,-0.00089688,1.04000,114045960,57090668
2022-02-03T08:00:00Z,-0.00009060,1.04470,200287326,99339041
2022-02-03T16:00:00Z,-0.00038895,1.06000,178476134,89210641
2022-02-04T00:00:00Z,-0.00067459,1.06420,126428258,63432222
2022-02-04T08:00:00Z,-0.00074741,1.07710,195564147,97108051
2022-02-04T16:00:00Z,-0.00007111,1.13830,231334716,118771607
2022-02-05T00:00:00Z,0.00012697,1.15210,243076879,121208203
2022-02-05T08:00:00Z,-0.00072572,1.14940,176288680,84555346
2022-02-05T16:00:00Z,-0.00101593,1.12450,241561271,115527684
2022-02-06T00:00:00Z,-0.00077351,1.12640,168142848,83300329
2022-02-06T08:00:00Z,0.00001649,1.11250,178827037,86422332
2022-02-06T16:00:00Z,-0.00051188,1.14230,140661421,68890388
2022-02-07T00:00:00Z,-0.00059858,1.16400,203953911,101495474
2022-02-07T08:00:00Z,-0.00053179,1.20330,302781580,145124417
2022-02-07T16:00:00Z,0,1.19790,231765485,108582106
2022-02-08T00:00:00Z,-0.00042426,1.23080,353790743,174753680
2022-02-08T08:00:00Z,-0.00047488,1.16630,307975696,143439796
2022-02-08T16:00:00Z,-0.00060434,1.17410,210650438,103049827
2022-02-09T00:00:00Z,-0.00053308,1.18590,162564022,80763124
2022-02-09T08:00:00Z,-0.00019047,1.19430,162099252,77663016
2022-02-09T16:00:00Z,-0.00001813,1.19400,131616672,62337829
2022-02-10T00:00:00Z,-0.00032384,1.18520,108461443,51144860
2022-02-10T08:00:00Z,-0.00049852,1.19070,300005249,143625576
2022-02-10T16:00:00Z,-0.00099869,1.14980,168996551,81831735
2022-02-11T00:00:00Z,-0.00083750,1.15720,137354467,67315403
2022-02-11T08:00:00Z,-0.00002558,1.15650,117971436,56820117
2022-02-11T16:00:00Z,-0.00030366,1.07920,198706155,90611296
2022-02-12T00:00:00Z,0,1.06090,123598367,57133431
2022-02-12T08:00:00Z,-0.00092466,1.04950,202594111,96956557
2022-02-12T16:00:00Z,0,1.05790,170008865,83801893
2022-02-13T00:00:00Z,-0.00011750,1.05500,95708771,45575172
2022-02-13T08:00:00Z,-0.00110755,1.05680,120016224,56608069
2022-02-13T16:00:00Z,-0.00108006,1.04150,131836285,63845104
2022-02-14T00:00:00Z,-0.00076767,1.03770,142479860,68858746
2022-02-14T08:00:00Z,-0.00037064,1.04290,147260280,73099407
2022-02-14T16:00:00Z,-0.00083362,1.04870,137920059,68962877
2022-02-15T00:00:00Z,-0.00070517,1.06990,129273298,64983571
2022-02-15T08:00:00Z,-0.00051257,1.10060,206237586,100415830
2022-02-15T16:00:00Z,-0.00031656,1.10740,115859455,56726006
2022-02-16T00:00:00Z,-0.00016733,1.10140,104755561,49484108
2022-02-16T08:00:00Z,-0.00006489,1.07380,159222392,77230225
2022-02-16T16:00:00Z,0.00013878,1.08260,119268558,56642471
2022-02-17T00:00:00Z,0.00026568,1.08160,90587809,44038581
2022-02-17T08:00:00Z,-0.00016847,1.05070,160540984,73808150
2022-02-17T16:00:00Z,-0.00047735,1.01930,181133291,84501903
2022-02-18T00:00:00Z,0,1.03460,99559919,47530881
2022-02-18T08:00:00Z,-0.00102030,1.00350,214971903,99338859
2022-02-18T16:00:00Z,-0.00068911,0.99490,196548066,95302421
2022-02-19T00:00:00Z,-0.00035777,1.01140,96517888,48013807
2022-02-19T08:00:00Z,-0.00115877,0.99590,179459579,85219837
2022-02-19T16:00:00Z,-0.00014345,0.99590,119562318,57053010
2022-02-20T00:00:00Z,-0.00112371,0.94710,217365804,100553495
2022-02-20T08:00:00Z,-0.00086115,0.94050,243979354,118957768
2022-02-20T16:00:00Z,-0.00064029,0.93080,162057269,79117800
2022-02-21T00:00:00Z,-0.00099297,0.97730,201934969,103973797
2022-02-21T08:00:00Z,-0.00064891,0.94660,449598762,215751075
2022-02-21T16:00:00Z,-0.00013934,0.85630,408242475,196700228
2022-02-22T00:00:00Z,-0.00038541,0.82760,404624163,197278805
2022-02-22T08:00:00Z,-0.00046205,0.87630,355730825,182204615
2022-02-22T16:00:00Z,-0.00032731,0.88700,275905182,137835916
2022-02-23T00:00:00Z,-0.00117378,0.91270,242343081,121916079
2022-02-23T08:00:00Z,-0.00027785,0.91730,295756775,147399119
2022-02-23T16:00:00Z,-0.00004583,0.86550,434572554,215920478
2022-02-24T00:00:00Z,0,0.78080,753459621,377549782
2022-02-24T08:00:00Z,-0.00159416,0.81020,615020282,316529324
2022-02-24T16:00:00Z,-0.00045117,0.85230,655338806,328960983
2022-02-25T00:00:00Z,-0.00090225,0.84660,229215115,111630757
2022-02-25T08:00:00Z,-0.00117678,0.88240,358737612,182102439
2022-02-25T16:00:00Z,-0.00049258,0.89810,235155483,118487312
2022-02-26T00:00:00Z,0,0.90940,249564924,125693771
2022-02-26T08:00:00Z,-0.00039650,0.89680,175042517,86381716
2022-02-26T16:00:00Z,0,0.88660,131011127,65370538
2022-02-27T00:00:00Z,-0.00049296,0.87750,171621052,86181081
2022-02-27T08:00:00Z,0.00017244,0.89940,255987206,128643472
2022-02-27T16:00:00Z,-0.00077920,0.85600,277909473,141122575
2022-02-28T00:00:00Z,0,0.88450,272919450,135082713
2022-02-28T08:00:00Z,-0.00048688,0.93930,320218869,161605739
2022-02-28T16:00:00Z,-0.00094675,0.96170,313128342,157532916
2022-03-01T00:00:00Z,0,0.96710,203812717,100863411
2022-03-01T08:00:00Z,0,0.96760,377868108,183451947
2022-03-01T16:00:00Z,-0.00025484,0.96320,184157370,88722931
2022-03-02T00:00:00Z,-0.00010481,0.95460,198482828,95167312
2022-03-02T08:00:00Z,-0.00072036,0.94500,264587738,126394801
2022-03-02T16:00:00Z,-0.00058384,0.93830,132525033,64043062
2022-03-03T00:00:00Z,-0.00050514,0.92320,141864138,68301526
2022-03-03T08:00:00Z,-0.00018140,0.90250,184886022,88797560
2022-03-03T16:00:00Z,-0.00061696,0.90140,168322152,82400084
2022-03-04T00:00:00Z,-0.00095446,0.87680,204718390,99064672
2022-03-04T08:00:00Z,-0.00104491,0.86770,213344065,107871324
2022-03-04T16:00:00Z,-0.00030187,0.84380,195495761,94223017
2022-03-05T00:00:00Z,-0.00060304,0.84990,142610812,70017133
2022-03-05T08:00:00Z,-0.00034601,0.86010,180360189,88221947
2022-03-05T16:00:00Z,0.00019828,0.86450,111285517,54647785
2022-03-06T00:00:00Z,-0.00091595,0.85300,101066020,46921552
2022-03-06T08:00:00Z,-0.00042088,0.84070,161618463,79493405
2022-03-06T16:00:00Z,-0.00079662,0.82220,140847351,70623970
2022-03-07T00:00:00Z,-0.00111829,0.80720,165953324,80506206
2022-03-07T08:00:00Z,0.00039063,0.83830,184634083,92125381
2022-03-07T16:00:00Z,-0.00086303,0.79250,268776019,132110395
2022-03-08T00:00:00Z,-0.00062491,0.79820,187253602,91983409
2022-03-08T08:00:00Z,-0.00114502,0.79700,213720138,107136196
2022-03-08T16:00:00Z,-0.00076297,0.80120,204119013,101489698
2022-03-09T00:00:00Z,-0.00121634,0.84350,217866780,109991140
2022-03-09T08:00:00Z,-0.00010577,0.85730,180798819,91515086
2022-03-09T16:00:00Z,-0.00095917,0.84870,124708413,63278258
2022-03-10T00:00:00Z,-0.00082141,0.81000,197641144,98245061
2022-03-10T08:00:00Z,0.00021939,0.80270,210772590,99847534
2022-03-10T16:00:00Z,-0.00061144,0.80620,93010390,44988751
2022-03-11T00:00:00Z,-0.00100138,0.80500,143229132,69203071
2022-03-11T08:00:00Z,-0.00043145,0.79710,165583783,80729126
2022-03-11T16:00:00Z,-0.00050320,0.78810,121825461,59341760
2022-03-12T00:00:00Z,-0.00089378,0.79690,81379624,38260876
2022-03-12T08:00:00Z,-0.00027077,0.79270,83199250,40002965
2022-03-12T16:00:00Z,-0.00070778,0.78910,63978341,30592764
2022-03-13T00:00:00Z,-0.00038449,0.79360,64811835,29792970
2022-03-13T08:00:00Z,-0.00083555,0.81310,203183713,101845059
2022-03-13T16:00:00Z,-0.00061057,0.78650,163681359,79113790
2022-03-14T00:00:00Z,-0.00022181,0.80930,180557323,87038664
2022-03-14T08:00:00Z,-0.00034517,0.79440,142075060,69138051
2022-03-14T16:00:00Z,-0.00064213,0.80240,144408322,70576865
2022-03-15T00:00:00Z,-0.00052751,0.78910,115621217,55531749
2022-03-15T08:00:00Z,-0.00091692,0.79870,122782153,59645019
2022-03-15T16:00:00Z,-0.00110657,0.79880,186564501,92656935
2022-03-16T00:00:00Z,0,0.80220,202719533,100132271
2022-03-16T08:00:00Z,-0.00023610,0.81790,190471434,95821790
2022-03-16T16:00:00Z,-0.00043460,0.83840,217178516,109417891
2022-03-17T00:00:00Z,0.00037020,0.84280,145211726,73510459
2022-03-17T08:00:00Z,-0.00004762,0.84230,109721856,52369137
2022-03-17T16:00:00Z,0.00000074,0.83540,81819301,40385646
2022-03-18T00:00:00Z,-0.00099512,0.82580,81947312,39958766
2022-03-18T08:00:00Z,-0.00063148,0.84220,115104269,56549283
2022-03-18T16:00:00Z,0,0.85120,123132754,60364427
2022-03-19T00:00:00Z,-0.00031885,0.86320,116912714,58864541
2022-03-19T08:00:00Z,-0.00107278,0.89450,142280279,72726908
2022-03-19T16:00:00Z,-0.00004612,0.90240,185788245,91918756
2022-03-20T00:00:00Z,-0.00110612,0.90400,119360230,57054354
2022-03-20T08:00:00Z,-0.00075086,0.87500,125590376,60071450
2022-03-20T16:00:00Z,0,0.87800,113771662,56057586
2022-03-21T00:00:00Z,0.00028704,0.88940,105322605,52106969
2022-03-21T08:00:00Z,0.00001809,0.90930,146486860,73694902
2022-03-21T16:00:00Z,-0.00085705,0.91660,237462283,118808003
2022-03-22T00:00:00Z,-0.00017418,0.93680,187142041,92693977
2022-03-22T08:00:00Z,-0.00011718,0.96970,321568325,160442105
2022-03-22T16:00:00Z,-0.00035915,0.97440,187890586,90187257
2022-03-23T00:00:00Z,-0.00040770,0.97010,272466637,137659078
2022-03-23T08:00:00Z,-0.00025162,1.07100,647342305,328867420
2022-03-23T16:00:00Z,-0.00151610,1.10640,513401515,260338443
2022-03-24T00:00:00Z,-0.00129167,1.14000,472431234,235040422
2022-03-24T08:00:00Z,-0.00090418,1.16800,722488866,359048065
2022-03-24T16:00:00Z,0.00043172,1.13060,401861061,197007354
2022-03-25T00:00:00Z,-0.00004340,1.13420,362994351,178296228
2022-03-25T08:00:00Z,0.00037566,1.09990,355626572,167717333
2022-03-25T16:00:00Z,-0.00010418,1.09600,325460955,160880327
2022-03-26T00:00:00Z,-0.00067560,1.13780,238521871,121674039
2022-03-26T08:00:00Z,-0.00068823,1.13610,230406041,111290790
2022-03-26T16:00:00Z,-0.00049154,1.15150,186916991,94103686
2022-03-27T00:00:00Z,0.00115269,1.14560,122401162,59286588
2022-03-27T08:00:00Z,-0.00020214,1.13240,168453300,79562825
2022-03-27T16:00:00Z,-0.00003964,1.18310,230671227,115972341
2022-03-28T00:00:00Z,0.00032608,1.18290,230866774,112679432
2022-03-28T08:00:00Z,0,1.21730,335822391,163154757
2022-03-28T16:00:00Z,0.00023159,1.16940,268592950,128766280
2022-03-29T00:00:00Z,-0.00023883,1.20560,209485136,103124236
2022-03-29T08:00:00Z,0.00027007,1.20100,223717650,110148751
2022-03-29T16:00:00Z,-0.00029162,1.19020,203835303,96179044
2022-03-30T00:00:00Z,-0.00036571,1.19730,153181741,74607717
2022-03-30T08:00:00Z,0.00033289,1.18400,155013135,75461460
2022-03-30T16:00:00Z,0.00002762,1.19030,173114402,84414445
2022-03-31T00:00:00Z,0.00047952,1.20780,139737567,67002152
2022-03-31T08:00:00Z,0,1.17200,255298044,118534497
2022-03-31T16:00:00Z,-0.00033612,1.14150,239708400,111207594
2022-04-01T00:00:00Z,0,1.15050,218174884,105738593
2022-04-01T08:00:00Z,0.00004809,1.16390,257069270,123859287
2022-04-01T16:00:00Z,-0.00023331,1.16570,131511257,63277887
2022-04-02T00:00:00Z,0.00021273,1.18430,134751797,64108959
2022-04-02T08:00:00Z,-0.00002522,1.15770,164091604,74031352
2022-04-02T16:00:00Z,0,1.15560,129719930,64064218
2022-04-03T00:00:00Z,0.00008830,1.16670,103338233,50075530
2022-04-03T08:00:00Z,-0.00035632,1.18040,111717073,55685985
2022-04-03T16:00:00Z,-0.00005586,1.18620,124792975,61140791
2022-04-04T00:00:00Z,0.00026181,1.21620,229741536,112247329
2022-04-04T08:00:00Z,0.00060683,1.21000,429740634,208900643
2022-04-04T16:00:00Z,-0.00025252,1.21180,266166089,126460109
2022-04-05T00:00:00Z,0.00012644,1.20570,102901630,48533927
2022-04-05T08:00:00Z,0,1.18760,172109233,81603724
2022-04-05T16:00:00Z,-0.00088236,1.17000,151025979,71386275
2022-04-06T00:00:00Z,-0.00018767,1.14100,206487538,95072915
2022-04-06T08:00:00Z,-0.00027133,1.09680,293558831,136806588
2022-04-06T16:00:00Z,0.00007683,1.05190,279838468,134011982
2022-04-07T00:00:00Z,-0.00135946,1.08540,171533826,86331882
2022-04-07T08:00:00Z,-0.00016167,1.07250,188115873,92707246
2022-04-07T16:00:00Z,-0.00066783,1.08800,129278876,65607007
2022-04-08T00:00:00Z,0.00030598,1.09100,80600558,39752920
2022-04-08T08:00:00Z,0,1.07360,165121069,79847163
2022-04-08T16:00:00Z,0,1.02450,156961466,73937001
2022-04-09T00:00:00Z,-0.00026317,1.04260,94734446,44360784
2022-04-09T08:00:00Z,-0.00022259,1.02250,87522390,41572636
2022-04-09T16:00:00Z,-0.00007716,1.04400,63317633,31966607
2022-04-10T00:00:00Z,-0.00115771,1.03550,67372401,32653916
2022-04-10T08:00:00Z,-0.00064996,1.03990,76663302,36979226
2022-04-10T16:00:00Z,-0.00110516,1.02600,144915954,70682660
2022-04-11T00:00:00Z,-0.00071477,1.01570,166130963,80189587
2022-04-11T08:00:00Z,-0.00051343,0.93790,387118697,183029089
2022-04-11T16:00:00Z,0.00045752,0.91990,266654378,131056773
2022-04-12T00:00:00Z,-0.00026210,0.95420,160375358,81342274
2022-04-12T08:00:00Z,-0.00056398,0.95880,261222410,126876645
2022-04-12T16:00:00Z,-0.00005760,0.95380,148908306,72185016
2022-04-13T00:00:00Z,-0.00094954,0.95710,109976419,53823461
2022-04-13T08:00:00Z,-0.00103791,0.97080,196592134,99709390
2022-04-13T16:00:00Z,0.00023140,0.97390,124255429,63191579
2022-04-14T00:00:00Z,-0.00048292,0.97040,109196199,52691462
2022-04-14T08:00:00Z,-0.00056364,0.93330,181479471,88167321
2022-04-14T16:00:00Z,-0.00103392,0.93170,118762977,58061464
2022-04-15T00:00:00Z,0,0.95100,95964295,48467948
2022-04-15T08:00:00Z,-0.00060092,0.95220,106385028,51492052
2022-04-15T16:00:00Z,-0.00127735,0.95500,77784282,37974200
2022-04-16T00:00:00Z,0.00014948,0.95760,57692812,28818647
2022-04-16T08:00:00Z,-0.00097718,0.93880,87709631,41065846
2022-04-16T16:00:00Z,-0.00039851,0.95050,74191795,36220739
2022-04-17T00:00:00Z,0.00023198,0.94620,49953267,25685582
2022-04-17T08:00:00Z,-0.00026018,0.95480,73674036,36730578
2022-04-17T16:00:00Z,-0.00112480,0.91390,144440941,65815569
2022-04-18T00:00:00Z,-0.00010393,0.88160,220681931,103341789
2022-04-18T08:00:00Z,-0.00086486,0.89730,168953097,82125994
2022-04-18T16:00:00Z,-0.00025211,0.93600,200820258,106146744
2022-04-19T00:00:00Z,-0.00019097,0.92780,95684740,45540103
2022-04-19T08:00:00Z,-0.00054648,0.94610,156026812,75342109
2022-04-19T16:00:00Z,0.00003792,0.95220,109270588,54976456
2022-04-20T00:00:00Z,-0.00052144,0.94560,101015776,49162070
2022-04-20T08:00:00Z,-0.00029433,0.94610,219648119,108548508
2022-04-20T16:00:00Z,-0.00084834,0.93610,127199210,60517030
2022-04-21T00:00:00Z,-0.00140443,0.94850,88827965,43536655
2022-04-21T08:00:00Z,-0.00002435,0.95470,194602753,98666846
2022-04-21T16:00:00Z,-0.00108040,0.90880,232105408,104726268
2022-04-22T00:00:00Z,-0.00040370,0.91770,135302263,63440348
2022-04-22T08:00:00Z,-0.00055301,0.89510,176655458,86721025
2022-04-22T16:00:00Z,-0.00070975,0.90530,103186695,49631797
2022-04-23T00:00:00Z,0.00015772,0.89560,84315202,39973917
2022-04-23T08:00:00Z,-0.00070517,0.90150,63759641,31583177
2022-04-23T16:00:00Z,0.00036584,0.88650,67646029,31729789
2022-04-24T00:00:00Z,0.00025884,0.89460,63645435,30321867
2022-04-24T08:00:00Z,-0.00042547,0.89180,85860411,41997184
2022-04-24T16:00:00Z,-0.00084364,0.88510,131840629,65008015
2022-04-25T00:00:00Z,0,0.83300,279323055,132265175
2022-04-25T08:00:00Z,-0.00053607,0.85760,214641295,105331691
2022-04-25T16:00:00Z,-0.00036890,0.89700,177602315,90999328
2022-04-26T00:00:00Z,-0.00046778,0.88950,109252886,54737674
2022-04-26T08:00:00Z,-0.00001386,0.84290,199716556,97202461
2022-04-26T16:00:00Z,-0.00054244,0.82530,295413706,141237759
2022-04-27T00:00:00Z,-0.00058049,0.85140,127039229,65245395
2022-04-27T08:00:00Z,-0.00025956,0.83920,225786463,113243732
2022-04-27T16:00:00Z,-0.00028735,0.83990,127885871,64521932
2022-04-28T00:00:00Z,-0.00027148,0.83920,92893273,45444343
2022-04-28T08:00:00Z,-0.00044223,0.83240,196751673,95965109
2022-04-28T16:00:00Z,-0.00035705,0.84290,156761769,80234998
2022-04-29T00:00:00Z,-0.00039913,0.83590,89660874,42316811
2022-04-29T08:00:00Z,-0.00051954,0.81770,179894164,84441978
2022-04-29T16:00:00Z,-0.00042309,0.80460,165627362,80350496
2022-04-30T00:00:00Z,-0.00044686,0.81390,82707124,42497196
2022-04-30T08:00:00Z,-0.00052455,0.79330,114467246,54193457
2022-04-30T16:00:00Z,-0.00085050,0.75480,292513775,133988122
2022-05-01T00:00:00Z,-0.00017799,0.76730,209352895,104989677
2022-05-01T08:00:00Z,-0.00060271,0.79040,108627862,54926902
2022-05-01T16:00:00Z,-0.00052573,0.78870,186821899,93372908
2022-05-02T00:00:00Z,-0.00061041,0.78730,132768609,63509687
2022-05-02T08:00:00Z,-0.00115664,0.77510,182752559,88922724
2022-05-02T16:00:00Z,-0.00045528,0.78040,130411008,65933563
2022-05-03T00:00:00Z,-0.00016134,0.78560,100842180,51926909
2022-05-03T08:00:00Z,-0.00008292,0.79000,112451058,55696421
2022-05-03T16:00:00Z,-0.00051232,0.77060,155601806,72763331
2022-05-04T00:00:00Z,-0.00035551,0.79240,118821304,62636291
2022-05-04T08:00:00Z,-0.00059858,0.82840,380476805,198531462
2022-05-04T16:00:00Z,-0.00020795,0.89830,446152959,226546397
2022-05-05T00:00:00Z,-0.00045628,0.87390,301654312,156539040
2022-05-05T08:00:00Z,-0.00081917,0.78990,415083465,199035403
2022-05-05T16:00:00Z,-0.00077647,0.78770,380630490,184177030
2022-05-06T00:00:00Z,-0.00060230,0.79010,232288931,116506968
2022-05-06T08:00:00Z,-0.00068417,0.78090,387090180,188983782
2022-05-06T16:00:00Z,-0.00014236,0.78290,137738533,65493516
2022-05-07T00:00:00Z,-0.00052480,0.77680,119891112,57296725
2022-05-07T08:00:00Z,0,0.77970,108270484,52668561
2022-05-07T16:00:00Z,-0.00033793,0.75990,195239470,94088643
2022-05-08T00:00:00Z,-0.00062870,0.74210,233471510,110394995
2022-05-08T08:00:00Z,-0.00065904,0.73790,149445997,73959155
2022-05-08T16:00:00Z,-0.00055015,0.73990,235039490,118720737
2022-05-09T00:00:00Z,-0.00067312,0.69070,429813960,193759466
2022-05-09T08:00:00Z,-0.00073039,0.65900,474401141,231072140
2022-05-09T16:00:00Z,-0.00282805,0.60120,798580896,392026469
2022-05-10T00:00:00Z,-0.00045649,0.67180,771321346,391792812
2022-05-10T08:00:00Z,-0.00045702,0.66380,498368262,253102569
2022-05-10T16:00:00Z,-0.00108174,0.62810,408873758,199733672
2022-05-11T00:00:00Z,0,0.60860,389770446,192665041
2022-05-11T08:00:00Z,0,0.57230,998410425,500175518
2022-05-11T16:00:00Z,0,0.51760,777887724,387896356
2022-05-12T00:00:00Z,-0.00289572,0.45780,955624300,464807332
2022-05-12T08:00:00Z,-0.00045853,0.47900,649970069,331671199
2022-05-12T16:00:00Z,-0.00072132,0.47300,451915859,220935699
2022-05-13T00:00:00Z,-0.00039042,0.56470,617092580,316155002
2022-05-13T08:00:00Z,0,0.56790,440371437,221679270
2022-05-13T16:00:00Z,-0.00050555,0.52860,343307003,174292816
2022-05-14T00:00:00Z,0,0.53170,214234353,105195910
2022-05-14T08:00:00Z,-0.00046606,0.49400,288482103,147733651
2022-05-14T16:00:00Z,-0.00058942,0.53700,287938352,143790642
2022-05-15T00:00:00Z,-0.00071282,0.53450,176269284,85808142
2022-05-15T08:00:00Z,-0.00013038,0.54620,275773601,138404551
2022-05-15T16:00:00Z,-0.00064947,0.59770,300674242,151473470
2022-05-16T00:00:00Z,-0.00097197,0.56010,382835022,192215537
2022-05-16T08:00:00Z,-0.00065967,0.55480,362204427,178865266
2022-05-16T16:00:00Z,-0.00046846,0.55660,244556109,120640439
2022-05-17T00:00:00Z,-0.00094229,0.57530,168618002,84192834
2022-05-17T08:00:00Z,-0.00038762,0.57420,263138206,135674404
2022-05-17T16:00:00Z,-0.00085981,0.57720,255858903,124207187
2022-05-18T00:00:00Z,-0.00062126,0.56380,158389315,78349064
2022-05-18T08:00:00Z,-0.00090346,0.52190,303010441,147052070
2022-05-18T16:00:00Z,-0.00045966,0.50590,306825471,155352286
2022-05-19T00:00:00Z,-0.00052324,0.51510,289370153,140231163
2022-05-19T08:00:00Z,-0.00071856,0.53950,393008714,202456445
2022-05-19T16:00:00Z,-0.00050798,0.53310,196829045,98376206
2022-05-20T00:00:00Z,-0.00078765,0.52970,194115744,95225011
2022-05-20T08:00:00Z,-0.00080908,0.50970,311663011,156108592
2022-05-20T16:00:00Z,-0.00081784,0.51580,242437794,117993775
2022-05-21T00:00:00Z,-0.00042639,0.52880,174734833,93382650
2022-05-21T08:00:00Z,-0.00089680,0.53610,181769741,94709350
2022-05-21T16:00:00Z,-0.00051793,0.52830,138252333,66001104
2022-05-22T00:00:00Z,-0.00057395,0.53410,112542191,54333102
2022-05-22T08:00:00Z,-0.00023351,0.53460,254124151,129937884
2022-05-22T16:00:00Z,-0.00030369,0.54130,150876122,73572389
2022-05-23T00:00:00Z,-0.00039038,0.54960,155342913,74496083
2022-05-23T08:00:00Z,-0.00024833,0.55270,274475806,139424034
2022-05-23T16:00:00Z,-0.00018973,0.51290,371508477,177989295
2022-05-24T00:00:00Z,-0.00099863,0.52040,166362286,78561243
2022-05-24T08:00:00Z,-0.00107203,0.51630,326495716,161053565
2022-05-24T16:00:00Z,-0.00058105,0.52170,252698344,128919219
2022-05-25T00:00:00Z,-0.00019148,0.51500,204892387,101193368
2022-05-25T08:00:00Z,-0.00081715,0.51260,279202943,137957364
2022-05-25T16:00:00Z,-0.00052346,0.51420,165041864,83526838
2022-05-26T00:00:00Z,-0.00082843,0.50400,206976013,102939657
2022-05-26T08:00:00Z,-0.00124445,0.49180,478016017,232156322
2022-05-26T16:00:00Z,-0.00068587,0.47850,257834519,132612389
2022-05-27T00:00:00Z,-0.00071257,0.46130,437908125,204817139
2022-05-27T08:00:00Z,-0.00062600,0.45930,461707225,234447253
2022-05-27T16:00:00Z,-0.00005442,0.45630,286562204,142571369
2022-05-28T00:00:00Z,-0.00041664,0.45940,213206104,102913308
2022-05-28T08:00:00Z,-0.00049076,0.46280,183935983,93479832
2022-05-28T16:00:00Z,-0.00069056,0.46410,137974530,67259793
2022-05-29T00:00:00Z,-0.00032340,0.46490,158498589,78655738
2022-05-29T08:00:00Z,0,0.47160,203902419,102634648
2022-05-29T16:00:00Z,-0.00047724,0.48160,154606150,78842958
2022-05-30T00:00:00Z,-0.00021207,0.51960,410078907,212875005
2022-05-30T08:00:00Z,-0.00038117,0.53530,365620940,189663791
2022-05-30T16:00:00Z,-0.00017880,0.56970,369599982,185514734
2022-05-31T00:00:00Z,0,0.65400,1074222814,547810199
2022-05-31T08:00:00Z,-0.00073365,0.63350,1313699151,659979637
2022-05-31T16:00:00Z,-0.00002233,0.62640,736624218,356691156
2022-06-01T00:00:00Z,-0.00002713,0.60440,430952333,215698643
2022-06-01T08:00:00Z,-0.00022659,0.56780,617473250,298987932
2022-06-01T16:00:00Z,-0.00077380,0.55120,581072536,284544629
2022-06-02T00:00:00Z,-0.00076007,0.57350,465105096,237631143
2022-06-02T08:00:00Z,-0.00060549,0.58770,644394554,327829512
2022-06-02T16:00:00Z,-0.00072282,0.58670,356661831,177251283
2022-06-03T00:00:00Z,-0.00034118,0.58620,299559594,149472331
2022-06-03T08:00:00Z,-0.00081231,0.54550,555902429,268958432
2022-06-03T16:00:00Z,-0.00076796,0.55960,308217075,153257385
2022-06-04T00:00:00Z,-0.00045369,0.56290,256353859,133229086
2022-06-04T08:00:00Z,-0.00106828,0.55980,288107309,140723270
2022-06-04T16:00:00Z,-0.00042899,0.56620,223929641,113741009
2022-06-05T00:00:00Z,-0.00044575,0.56020,155662456,76613275
2022-06-05T08:00:00Z,-0.00036830,0.56470,185041092,91934525
2022-06-05T16:00:00Z,0,0.56710,319832115,162758568
2022-06-06T00:00:00Z,-0.00052423,0.63700,649028938,337979449
2022-06-06T08:00:00Z,-0.00043867,0.60880,541600901,275839137
2022-06-06T16:00:00Z,-0.00038930,0.60870,439808449,211937178
2022-06-07T00:00:00Z,-0.00010817,0.58750,571346531,282234389
2022-06-07T08:00:00Z,-0.00029428,0.61480,584772186,297210247
2022-06-07T16:00:00Z,-0.00008480,0.61380,759553514,380908204
2022-06-08T00:00:00Z,-0.00041606,0.63780,707609412,355955403
2022-06-08T08:00:00Z,-0.00038232,0.66360,619049316,313949609
2022-06-08T16:00:00Z,-0.00014999,0.64040,436996564,221998047
2022-06-09T00:00:00Z,-0.00084711,0.65220,386828235,192806798
2022-06-09T08:00:00Z,-0.00077687,0.64020,378370144,186902926
2022-06-09T16:00:00Z,-0.00002246,0.63190,266703743,132079305
2022-06-10T00:00:00Z,-0.00063675,0.62270,294969402,137158399
2022-06-10T08:00:00Z,-0.00069669,0.58700,644993039,311573088
2022-06-10T16:00:00Z,-0.00072416,0.57380,397819583,191711121
2022-06-11T00:00:00Z,-0.00033627,0.60790,303774183,159064145
2022-06-11T08:00:00Z,-0.00056213,0.55240,854780701,414347894
2022-06-11T16:00:00Z,-0.00046880,0.55370,454134647,229764997
2022-06-12T00:00:00Z,-0.00143678,0.51980,711785433,346891761
2022-06-12T08:00:00Z,-0.00073902,0.53390,715805104,356149757
2022-06-12T16:00:00Z,-0.00138759,0.48960,487172600,242650851
2022-06-13T00:00:00Z,-0.00041897,0.45210,1295999080,644697278
2022-06-13T08:00:00Z,-0.00119134,0.46860,1551383475,784557346
2022-06-13T16:00:00Z,-0.00019990,0.46380,964216566,486000115
2022-06-14T00:00:00Z,-0.00082956,0.51700,1211992107,614717558
2022-06-14T08:00:00Z,-0.00075038,0.50290,984548267,491952239
2022-06-14T16:00:00Z,-0.00040829,0.48280,583820260,292165904
2022-06-15T00:00:00Z,-0.00038634,0.45650,603711010,294955837
2022-06-15T08:00:00Z,-0.00041829,0.47400,903263646,450936498
2022-06-15T16:00:00Z,-0.00022140,0.53450,1196592170,606882757
2022-06-16T00:00:00Z,-0.00033423,0.50450,415944153,207486169
2022-06-16T08:00:00Z,-0.00039319,0.49220,648303107,313259179
2022-06-16T16:00:00Z,-0.00057179,0.47570,462968000,225680674
2022-06-17T00:00:00Z,-0.00042568,0.49920,419087562,213238363
2022-06-17T08:00:00Z,-0.00045931,0.48750,408846679,197378066
2022-06-17T16:00:00Z,0,0.48690,253365689,127979237
2022-06-18T00:00:00Z,-0.00053638,0.45890,369383370,181824366
2022-06-18T08:00:00Z,-0.00025562,0.45660,522177027,249189939
2022-06-18T16:00:00Z,-0.00101744,0.45450,877302365,430848398
2022-06-19T00:00:00Z,0,0.44540,422460514,213612469
2022-06-19T08:00:00Z,-0.00039024,0.46990,482366450,243860608
2022-06-19T16:00:00Z,-0.00018736,0.48470,433447740,216968695
2022-06-20T00:00:00Z,-0.00018257,0.46740,368340307,180002518
2022-06-20T08:00:00Z,-0.00060111,0.49960,623957281,312641627
2022-06-20T16:00:00Z,-0.00005723,0.49140,344428329,170684979
2022-06-21T00:00:00Z,-0.00041618,0.49450,353102954,171977542
2022-06-21T08:00:00Z,-0.00020351,0.50040,476867293,234029018
2022-06-21T16:00:00Z,-0.00040776,0.48100,327293317,156805526
2022-06-22T00:00:00Z,-0.00071834,0.46040,313972426,148764318
2022-06-22T08:00:00Z,-0.00081448,0.46700,368965309,180043500
2022-06-22T16:00:00Z,-0.00081286,0.45890,360714590,173351255
2022-06-23T00:00:00Z,-0.00051539,0.47030,245381655,116117505
2022-06-23T08:00:00Z,-0.00067055,0.46690,279210955,138755570
2022-06-23T16:00:00Z,-0.00056626,0.47960,268712260,134561852
2022-06-24T00:00:00Z,-0.00021379,0.49200,354184031,185672723
2022-06-24T08:00:00Z,-0.00020935,0.49150,374346659,187525486
2022-06-24T16:00:00Z,-0.00034173,0.49800,306060446,150076559
2022-06-25T00:00:00Z,-0.00015286,0.50420,224864544,109144789
2022-06-25T08:00:00Z,-0.00026268,0.47900,302453906,138059326
2022-06-25T16:00:00Z,-0.00056702,0.49820,196485421,97492419
2022-06-26T00:00:00Z,-0.00004958,0.51880,342851937,179560278
2022-06-26T08:00:00Z,-0.00014035,0.50800,364148595,175280729
2022-06-26T16:00:00Z,-0.00047525,0.48950,292812984,140233343
2022-06-27T00:00:00Z,-0.00058356,0.50210,217197918,106045922
2022-06-27T08:00:00Z,-0.00026344,0.49120,331718374,163863325
2022-06-27T16:00:00Z,-0.00021250,0.48520,264465890,120583575
2022-06-28T00:00:00Z,-0.00029669,0.48730,226059891,110859017
2022-06-28T08:00:00Z,-0.00026724,0.47680,373282460,181618913
2022-06-28T16:00:00Z,-0.00042940,0.46900,265028716,122118036
2022-06-29T00:00:00Z,-0.00046583,0.46990,280156555,137984523
2022-06-29T08:00:00Z,-0.00041569,0.46690,345979918,171555814
2022-06-29T16:00:00Z,-0.00109985,0.46570,249322676,117977590
2022-06-30T00:00:00Z,-0.00070833,0.45090,326314657,157944926
2022-06-30T08:00:00Z,-0.00055667,0.44440,454481270,221669188
2022-06-30T16:00:00Z,-0.00047496,0.45940,380278853,189020379
2022-07-01T00:00:00Z,-0.00100941,0.45610,466393703,236517734
2022-07-01T08:00:00Z,-0.00098116,0.44460,361612249,174775928
2022-07-01T16:00:00Z,-0.00074296,0.44850,194767129,96504089
2022-07-02T00:00:00Z,-0.00073683,0.44460,200431169,99689976
2022-07-02T08:00:00Z,-0.00089123,0.44790,210648673,103645633
2022-07-02T16:00:00Z,-0.00042229,0.45550,209854112,109215477
2022-07-03T00:00:00Z,-0.00050103,0.44910,198622368,96834857
2022-07-03T08:00:00Z,-0.00038142,0.44660,152625103,70335718
2022-07-03T16:00:00Z,-0.00042404,0.45590,195777367,103307910
2022-07-04T00:00:00Z,-0.00048997,0.44780,201519370,97824312
2022-07-04T08:00:00Z,-0.00043960,0.45390,490634780,249242095
2022-07-04T16:00:00Z,-0.00031974,0.46930,302660002,150074522
2022-07-05T00:00:00Z,-0.00070479,0.46540,241687758,115259710
2022-07-05T08:00:00Z,-0.00076635,0.44870,356533395,166246473
2022-07-05T16:00:00Z,-0.00065005,0.45680,318096823,156980030
2022-07-06T00:00:00Z,-0.00030133,0.45760,260996134,130775854
2022-07-06T08:00:00Z,-0.00064346,0.45580,222534181,103856112
2022-07-06T16:00:00Z,-0.00065430,0.46200,225883985,111015005
2022-07-07T00:00:00Z,-0.00013098,0.46510,197216598,100145332
2022-07-07T08:00:00Z,0,0.47010,237493628,118991325
2022-07-07T16:00:00Z,-0.00043908,0.47730,254785313,130385158
2022-07-08T00:00:00Z,-0.00038669,0.47530,282907456,137504181
2022-07-08T08:00:00Z,-0.00048549,0.47040,367683551,173561948
2022-07-08T16:00:00Z,-0.00076698,0.46560,173753999,84911181
2022-07-09T00:00:00Z,-0.00005098,0.47940,234353982,122001713
2022-07-09T08:00:00Z,-0.00037146,0.47740,205626395,100058085
2022-07-09T16:00:00Z,-0.00059549,0.47770,125858808,62387471
2022-07-10T00:00:00Z,-0.00069575,0.47190,205702574,97046313
2022-07-10T08:00:00Z,-0.00061023,0.45820,216371352,96697324
2022-07-10T16:00:00Z,-0.00049643,0.46210,176339460,83871987
2022-07-11T00:00:00Z,-0.00097271,0.45210,229321882,107416803
2022-07-11T08:00:00Z,-0.00099549,0.44580,316492819,147483444
2022-07-11T16:00:00Z,-0.00070000,0.43440,257779196,123930696
2022-07-12T00:00:00Z,-0.00088286,0.43170,281838533,140079638
2022-07-12T08:00:00Z,-0.00023269,0.43390,324771608,165676901
2022-07-12T16:00:00Z,0,0.41670,299655781,140254785
2022-07-13T00:00:00Z,-0.00089475,0.42750,253725664,132155177
2022-07-13T08:00:00Z,-0.00050237,0.41650,722579137,356132194
2022-07-13T16:00:00Z,-0.00056132,0.43790,410164959,216298652
2022-07-14T00:00:00Z,-0.00044736,0.42700,246074949,118086037
2022-07-14T08:00:00Z,-0.00032715,0.43130,415784402,203133730
2022-07-14T16:00:00Z,-0.00041665,0.44140,334837800,179981222
2022-07-15T00:00:00Z,-0.00087805,0.44240,289534968,140587272
2022-07-15T08:00:00Z,-0.00052448,0.43700,285538354,137704446
2022-07-15T16:00:00Z,-0.00021972,0.44170,275905548,139933005
2022-07-16T00:00:00Z,-0.00046637,0.43250,200295773,96785801
2022-07-16T08:00:00Z,-0.00057403,0.44520,163810721,83139692
2022-07-16T16:00:00Z,-0.00004714,0.45770,347103085,178133908
2022-07-17T00:00:00Z,-0.00054827,0.45690,245870306,121291620
2022-07-17T08:00:00Z,-0.00042225,0.45010,220018060,104130170
2022-07-17T16:00:00Z,0,0.44750,210399370,101298310
2022-07-18T00:00:00Z,0,0.47460,370564904,191811383
2022-07-18T08:00:00Z,0,0.49690,566940080,288320525
2022-07-18T16:00:00Z,-0.00023869,0.49000,410393644,192565173
2022-07-19T00:00:00Z,-0.00018758,0.47890,422389784,206610446
2022-07-19T08:00:00Z,-0.00042838,0.50220,501402217,249658140
2022-07-19T16:00:00Z,-0.00024074,0.51490,466282293,230324288
2022-07-20T00:00:00Z,0,0.53020,497215600,247480290
2022-07-20T08:00:00Z,-0.00023666,0.52750,499762961,244118786
2022-07-20T16:00:00Z,-0.00014481,0.49070,478752530,225302351
2022-07-21T00:00:00Z,-0.00041756,0.49000,355721824,178523676
2022-07-21T08:00:00Z,-0.00001290,0.48270,346607494,172285779
2022-07-21T16:00:00Z,-0.00055109,0.49920,311150156,152063924
2022-07-22T00:00:00Z,-0.00029405,0.49800,220871044,106573615
2022-07-22T08:00:00Z,-0.00033960,0.49190,362200162,177444011
2022-07-22T16:00:00Z,-0.00016806,0.48250,233201867,113900964
2022-07-23T00:00:00Z,-0.00043140,0.49070,239046265,116847473
2022-07-23T08:00:00Z,-0.00038707,0.48330,278925064,141337328
2022-07-23T16:00:00Z,-0.00050066,0.51680,439580207,220448141
2022-07-24T00:00:00Z,-0.00007625,0.51630,363982893,188082869
2022-07-24T08:00:00Z,-0.00049571,0.52740,437168559,226162953
2022-07-24T16:00:00Z,-0.00011987,0.51190,283323172,136023160
2022-07-25T00:00:00Z,-0.00084303,0.49540,323813140,152850158
2022-07-25T08:00:00Z,-0.00021950,0.49100,274798783,133511152
2022-07-25T16:00:00Z,-0.00050677,0.47470,305709153,148573116
2022-07-26T00:00:00Z,-0.00027245,0.46730,297520002,134887929
2022-07-26T08:00:00Z,-0.00056840,0.45090,280480655,135202440
2022-07-26T16:00:00Z,-0.00105127,0.46740,250372702,127734769
2022-07-27T00:00:00Z,-0.00031767,0.46870,176091564,87565876
2022-07-27T08:00:00Z,-0.00027148,0.47080,234856784,119118216
2022-07-27T16:00:00Z,-0.00004117,0.51100,644633135,325833406
2022-07-28T00:00:00Z,0,0.50010,294132318,146192477
2022-07-28T08:00:00Z,0.00006385,0.51210,413425903,200592834
2022-07-28T16:00:00Z,-0.00016035,0.51280,344725792,172320968
2022-07-29T00:00:00Z,0,0.53030,454487868,226728551
2022-07-29T08:00:00Z,-0.00001898,0.52720,535623819,261361018
2022-07-29T16:00:00Z,0.00002004,0.52170,324181792,155818971
2022-07-30T00:00:00Z,0,0.52060,310757155,153635428
2022-07-30T08:00:00Z,-0.00034548,0.54630,469852277,239688154
2022-07-30T16:00:00Z,0,0.52630,303387519,146987510
2022-07-31T00:00:00Z,-0.00057599,0.52800,172333003,78750585
2022-07-31T08:00:00Z,-0.00003500,0.53040,182463417,88979943
2022-07-31T16:00:00Z,-0.00021012,0.51580,348624173,176415022
2022-08-01T00:00:00Z,-0.00000119,0.52000,172267637,84445945
2022-08-01T08:00:00Z,-0.00006843,0.51560,243040577,115081653
2022-08-01T16:00:00Z,-0.00043023,0.51220,213436405,106912114
2022-08-02T00:00:00Z,-0.00018092,0.49500,253354451,120483300
2022-08-02T08:00:00Z,-0.00066594,0.50050,266449287,127586703
2022-08-02T16:00:00Z,-0.00082596,0.49590,231202916,115320797
2022-08-03T00:00:00Z,0,0.50330,181875145,88961165
2022-08-03T08:00:00Z,-0.00006689,0.50910,221152231,103492082
2022-08-03T16:00:00Z,-0.00074704,0.50010,169666627,85128974
2022-08-04T00:00:00Z,-0.00051331,0.50280,156393662,75514417
2022-08-04T08:00:00Z,-0.00033613,0.50130,190923922,87877643
2022-08-04T16:00:00Z,-0.00052127,0.49930,147190657,71550233
2022-08-05T00:00:00Z,-0.00007386,0.50950,146018651,74306704
2022-08-05T08:00:00Z,-0.00036073,0.50670,243819645,115817913
2022-08-05T16:00:00Z,-0.00001573,0.51730,138613585,68236190
2022-08-06T00:00:00Z,-0.00004026,0.51780,118304699,63224838
2022-08-06T08:00:00Z,-0.00006635,0.51780,104542095,52915758
2022-08-06T16:00:00Z,-0.00046050,0.51110,143160631,66088296
2022-08-07T00:00:00Z,-0.00010467,0.51660,117984427,58030770
2022-08-07T08:00:00Z,0,0.51850,132007838,67836682
2022-08-07T16:00:00Z,-0.00011205,0.52720,239122157,128123823
2022-08-08T00:00:00Z,-0.00042233,0.53980,238295650,118868020
2022-08-08T08:00:00Z,-0.00013579,0.53400,296656213,141648119
2022-08-08T16:00:00Z,-0.00042600,0.53660,181498125,90056992
2022-08-09T00:00:00Z,0,0.53450,161983465,76673068
2022-08-09T08:00:00Z,-0.00063937,0.50990,335703014,155406603
2022-08-09T16:00:00Z,-0.00083179,0.51240,123823290,56057311
2022-08-10T00:00:00Z,-0.00009825,0.51030,180532836,89847241
2022-08-10T08:00:00Z,0,0.53470,391242277,201533211
2022-08-10T16:00:00Z,-0.00013081,0.53720,184274279,95109279
2022-08-11T00:00:00Z,0,0.53850,308451660,150492106
2022-08-11T08:00:00Z,-0.00025480,0.53580,278637548,133592107
2022-08-11T16:00:00Z,0,0.53030,197267056,93991046
2022-08-12T00:00:00Z,-0.00060566,0.53250,177010493,84572633
2022-08-12T08:00:00Z,-0.00043135,0.53140,234785026,110513585
2022-08-12T16:00:00Z,-0.00023937,0.54000,174213090,90907630
2022-08-13T00:00:00Z,0,0.55830,352025339,180851330
2022-08-13T08:00:00Z,-0.00021418,0.55970,352647893,176801454
2022-08-13T16:00:00Z,-0.00020888,0.55910,247346421,119563471
2022-08-14T00:00:00Z,-0.00050258,0.58730,682799812,344564420
2022-08-14T08:00:00Z,-0.00047293,0.57870,328302413,157527836
2022-08-14T16:00:00Z,-0.00065856,0.56930,320652874,150559597
2022-08-15T00:00:00Z,-0.00029626,0.55190,411050109,195687352
2022-08-15T08:00:00Z,-0.00034329,0.56410,336169512,164148617
2022-08-15T16:00:00Z,-0.00041026,0.54970,245074681,112683198
2022-08-16T00:00:00Z,-0.00036509,0.55610,239001794,119540331
2022-08-16T08:00:00Z,-0.00066509,0.55960,363910390,179654526
2022-08-16T16:00:00Z,-0.00050964,0.55650,256895815,127418322
2022-08-17T00:00:00Z,-0.00018335,0.55640,495444955,244821112
2022-08-17T08:00:00Z,-0.00066832,0.53540,447974424,211376501
2022-08-17T16:00:00Z,-0.00018006,0.53820,290211733,137930707
2022-08-18T00:00:00Z,-0.00072854,0.53900,198597500,99706534
2022-08-18T08:00:00Z,-0.00023273,0.53740,233578285,113497155
2022-08-18T16:00:00Z,-0.00084316,0.51150,346509371,158036860
2022-08-19T00:00:00Z,-0.00108708,0.47470,639704878,299804472
2022-08-19T08:00:00Z,-0.00098951,0.46570,472793680,227867721
2022-08-19T16:00:00Z,-0.00039073,0.44960,474165712,227656418
2022-08-20T00:00:00Z,-0.00041175,0.46070,344403064,169715224
2022-08-20T08:00:00Z,-0.00056727,0.45490,227291903,109802477
2022-08-20T16:00:00Z,-0.00075643,0.45020,414602399,200422051
2022-08-21T00:00:00Z,-0.00074587,0.45750,217384074,110238678
2022-08-21T08:00:00Z,-0.00101394,0.46060,327884954,166786976
2022-08-21T16:00:00Z,-0.00032377,0.46220,309797056,153776796
2022-08-22T00:00:00Z,-0.00081611,0.44550,278601773,131799335
2022-08-22T08:00:00Z,-0.00070863,0.45330,422129385,211408830
2022-08-22T16:00:00Z,-0.00054948,0.46120,268614366,138901901
2022-08-23T00:00:00Z,-0.00030815,0.45270,228681883,111489351
2022-08-23T08:00:00Z,-0.00046528,0.46070,276962162,137277319
2022-08-23T16:00:00Z,-0.00085377,0.46530,176924064,90174886
2022-08-24T00:00:00Z,-0.00068570,0.45570,229126517,107715320
2022-08-24T08:00:00Z,-0.00024306,0.46490,222276078,111218142
2022-08-24T16:00:00Z,-0.00063111,0.45740,204332058,98529482
2022-08-25T00:00:00Z,-0.00034491,0.46840,176496933,86913323
2022-08-25T08:00:00Z,-0.00042608,0.46170,209643329,103071998
2022-08-25T16:00:00Z,-0.00032992,0.46420,268920808,136430671
2022-08-26T00:00:00Z,0,0.48180,467968097,239601641
2022-08-26T08:00:00Z,-0.00049286,0.45130,937748584,448545728
2022-08-26T16:00:00Z,-0.00098469,0.43110,502236307,235409423
2022-08-27T00:00:00Z,-0.00075888,0.44080,350282236,177173478
2022-08-27T08:00:00Z,-0.00031961,0.44240,364895799,178958821
2022-08-27T16:00:00Z,-0.00052720,0.44950,253953972,127882279
2022-08-28T00:00:00Z,-0.00076569,0.44960,244343775,120905573
2022-08-28T08:00:00Z,-0.00077068,0.44470,234407995,114400063
2022-08-28T16:00:00Z,-0.00062900,0.42880,269662551,131291023
2022-08-29T00:00:00Z,-0.00053017,0.43280,282330994,138816422
2022-08-29T08:00:00Z,-0.00056814,0.44590,315735732,159348336
2022-08-29T16:00:00Z,-0.00025455,0.45000,177151218,90939242
2022-08-30T00:00:00Z,-0.00059238,0.45270,208171987,102417347
2022-08-30T08:00:00Z,-0.00091249,0.44640,412128913,208100009
2022-08-30T16:00:00Z,-0.00030471,0.45280,378547759,185850489
2022-08-31T00:00:00Z,-0.00051607,0.45640,279431748,139520712
2022-08-31T08:00:00Z,-0.00057483,0.45420,349338808,174624037
2022-08-31T16:00:00Z,-0.00072462,0.44570,194812239,87822154
2022-09-01T00:00:00Z,-0.00049703,0.44640,190125669,92284460
2022-09-01T08:00:00Z,-0.00027824,0.44650,430010781,212042060
2022-09-01T16:00:00Z,-0.00021843,0.45720,204441760,95935213
2022-09-02T00:00:00Z,-0.00051646,0.45850,148743741,75453937
2022-09-02T08:00:00Z,-0.00027973,0.46500,302613645,150762001
2022-09-02T16:00:00Z,-0.00054703,0.45400,278927928,129579675
2022-09-03T00:00:00Z,-0.00058316,0.46490,402683264,210751722
2022-09-03T08:00:00Z,-0.00053076,0.47870,383662828,207873013
2022-09-03T16:00:00Z,-0.00048874,0.47990,435531657,220377994
2022-09-04T00:00:00Z,-0.00059706,0.49120,622108429,322554165
2022-09-04T08:00:00Z,-0.00011499,0.50000,750905420,394845984
2022-09-04T16:00:00Z,-0.00025747,0.50330,336694457,170202419
2022-09-05T00:00:00Z,-0.00016637,0.48830,421313797,203070887
2022-09-05T08:00:00Z,-0.00057201,0.49170,421007154,207940077
2022-09-05T16:00:00Z,-0.00045800,0.49830,270797608,143343625
2022-09-06T00:00:00Z,-0.00021132,0.50350,611958001,299686483
2022-09-06T08:00:00Z,-0.00061466,0.49580,389990067,189573032
2022-09-06T16:00:00Z,-0.00016723,0.46240,586567237,270254783
2022-09-07T00:00:00Z,-0.00054810,0.46440,384533257,189388113
2022-09-07T08:00:00Z,-0.00077888,0.46690,303211850,146863104
2022-09-07T16:00:00Z,-0.00036076,0.47840,337825136,163763815
2022-09-08T00:00:00Z,-0.00049253,0.46900,236187641,109565502
2022-09-08T08:00:00Z,-0.00024063,0.47000,379011115,179507957
2022-09-08T16:00:00Z,0,0.47900,253648726,125436415
2022-09-09T00:00:00Z,-0.00030816,0.49220,399406424,197387837
2022-09-09T08:00:00Z,-0.00026173,0.49310,383536212,191532226
2022-09-09T16:00:00Z,-0.00024471,0.50200,253593195,125697409
2022-09-10T00:00:00Z,-0.00007060,0.50640,570564819,294769386
2022-09-10T08:00:00Z,-0.00065225,0.51430,353886901,171522869
2022-09-10T16:00:00Z,-0.00064543,0.51170,229203434,111102479
2022-09-11T00:00:00Z,-0.00049116,0.51380,244692156,121833775
2022-09-11T08:00:00Z,-0.00044653,0.51090,285693974,141841053
2022-09-11T16:00:00Z,-0.00059635,0.50950,246613723,117592390
2022-09-12T00:00:00Z,-0.00066801,0.51040,311644844,156054723
2022-09-12T08:00:00Z,-0.00048669,0.50450,357746762,179734176
2022-09-12T16:00:00Z,0,0.50130,284022096,133476533
2022-09-13T00:00:00Z,-0.00030591,0.50250,252356283,121546981
2022-09-13T08:00:00Z,-0.00081190,0.46950,579291851,270477779
2022-09-13T16:00:00Z,-0.00058437,0.46320,340948739,159723647
2022-09-14T00:00:00Z,-0.00022233,0.47280,211126560,100719653
2022-09-14T08:00:00Z,-0.00050166,0.48180,364887753,181512302
2022-09-14T16:00:00Z,-0.00076893,0.48050,277072100,133656918
2022-09-15T00:00:00Z,-0.00048846,0.47730,352015114,163972976
2022-09-15T08:00:00Z,-0.00039403,0.46710,323980399,157375982
2022-09-15T16:00:00Z,-0.00078702,0.46580,150758378,72418017
2022-09-16T00:00:00Z,-0.00041511,0.46520,151449361,73511083
2022-09-16T08:00:00Z,-0.00066372,0.46110,273908501,120000949
2022-09-16T16:00:00Z,-0.00066765,0.47430,210405289,108212517
2022-09-17T00:00:00Z,-0.00027858,0.47610,180673197,93204733
2022-09-17T08:00:00Z,-0.00073519,0.48070,192347912,98010417
2022-09-17T16:00:00Z,-0.00065703,0.48540,139675724,69770871
2022-09-18T00:00:00Z,-0.00027816,0.48950,127945695,67411776
2022-09-18T08:00:00Z,-0.00013883,0.46900,254443883,120421707
2022-09-18T16:00:00Z,0,0.44750,382000096,180376708
2022-09-19T00:00:00Z,-0.00032995,0.43690,308950865,149263885
2022-09-19T08:00:00Z,-0.00040294,0.44670,300357247,146024515
2022-09-19T16:00:00Z,-0.00066912,0.45220,188895575,98404138
2022-09-20T00:00:00Z,-0.00046786,0.44690,165419062,78118341
2022-09-20T08:00:00Z,-0.00060532,0.44850,266938539,127987839
2022-09-20T16:00:00Z,-0.00060501,0.44180,201154956,97586496
2022-09-21T00:00:00Z,-0.00040737,0.44810,521192743,261608675
2022-09-21T08:00:00Z,-0.00055899,0.44330,270764989,121720906
2022-09-21T16:00:00Z,-0.00133993,0.43810,709374234,340678500
2022-09-22T00:00:00Z,-0.00046287,0.44840,215646932,109798915
2022-09-22T08:00:00Z,-0.00039870,0.45000,364921802,186105813
2022-09-22T16:00:00Z,-0.00058142,0.45810,337922900,171463729
2022-09-23T00:00:00Z,-0.00027950,0.46050,454309512,227102651
2022-09-23T08:00:00Z,-0.00067571,0.45170,501291004,241721065
2022-09-23T16:00:00Z,-0.00008799,0.46170,307028132,147120615
2022-09-24T00:00:00Z,-0.00052091,0.45820,205741501,100944806
2022-09-24T08:00:00Z,-0.00024304,0.46120,232689909,121811149
2022-09-24T16:00:00Z,-0.00058521,0.45070,240247197,119124211
2022-09-25T00:00:00Z,-0.00048245,0.45730,129752293,66387636
2022-09-25T08:00:00Z,-0.00028571,0.45190,203641600,93988744
2022-09-25T16:00:00Z,-0.00054330,0.44610,291471383,137478697
2022-09-26T00:00:00Z,-0.00034889,0.44180,242879451,111832894
2022-09-26T08:00:00Z,-0.00039839,0.44520,323467102,161657567
2022-09-26T16:00:00Z,-0.00041991,0.44700,159021249,83588453
2022-09-27T00:00:00Z,-0.00041817,0.45740,262468758,133560867
2022-09-27T08:00:00Z,-0.00024060,0.45290,231150947,112432024
2022-09-27T16:00:00Z,-0.00049809,0.44090,316789019,143262096
2022-09-28T00:00:00Z,-0.00046580,0.43040,300415703,138428597
2022-09-28T08:00:00Z,-0.00035013,0.43660,283239394,141484405
2022-09-28T16:00:00Z,-0.00047651,0.43590,194007210,93812447
2022-09-29T00:00:00Z,-0.00053063,0.43100,182250270,88804880
2022-09-29T08:00:00Z,-0.00056608,0.43300,246645434,122924051
2022-09-29T16:00:00Z,-0.00045767,0.43790,183370267,93407505
2022-09-30T00:00:00Z,-0.00011999,0.43660,153973561,77370753
2022-09-30T08:00:00Z,-0.00033505,0.43540,263559667,122239854
2022-09-30T16:00:00Z,-0.00030867,0.43460,204852061,103481799
2022-10-01T00:00:00Z,-0.00023203,0.43310,99737012,46193009
2022-10-01T08:00:00Z,-0.00039615,0.43150,112797160,57221043
2022-10-01T16:00:00Z,-0.00045343,0.42980,123456643,54046831
2022-10-02T00:00:00Z,-0.00045067,0.43010,93308405,49387623
2022-10-02T08:00:00Z,-0.00032227,0.42330,192634568,84521599
2022-10-02T16:00:00Z,-0.00048922,0.41920,203802065,101086352
2022-10-03T00:00:00Z,-0.00018803,0.42150,171096203,87454320
2022-10-03T08:00:00Z,-0.00062156,0.42430,226508933,111035635
2022-10-03T16:00:00Z,-0.00045842,0.42740,157866502,76302462
2022-10-04T00:00:00Z,-0.00047709,0.43200,158343922,77135400
2022-10-04T08:00:00Z,-0.00045629,0.43150,194370167,92244080
2022-10-04T16:00:00Z,-0.00028172,0.43520,161200037,76483813
2022-10-05T00:00:00Z,-0.00047787,0.43180,115707674,53753177
2022-10-05T08:00:00Z,-0.00075953,0.42780,199126207,91004271
2022-10-05T16:00:00Z,-0.00042314,0.43070,182346217,92295838
2022-10-06T00:00:00Z,-0.00060951,0.43260,155142986,81522531
2022-10-06T08:00:00Z,-0.00030297,0.42910,216878995,101297420
2022-10-06T16:00:00Z,-0.00037456,0.42850,123446152,59257677
2022-10-07T00:00:00Z,-0.00044180,0.42740,92164882,44959249
2022-10-07T08:00:00Z,-0.00025439,0.42380,218081090,101858190
2022-10-07T16:00:00Z,-0.00034969,0.42380,109973063,49273905
2022-10-08T00:00:00Z,-0.00048163,0.42610,81089553,44158464
2022-10-08T08:00:00Z,-0.00035224,0.42480,69701019,33116967
2022-10-08T16:00:00Z,-0.00031113,0.42170,116420945,48694696
2022-10-09T00:00:00Z,-0.00037438,0.42120,75911880,32646834
2022-10-09T08:00:00Z,-0.00044463,0.42330,81865326,42881220
2022-10-09T16:00:00Z,-0.00044163,0.42280,85499351,39848165
2022-10-10T00:00:00Z,-0.00005664,0.42130,117439878,59318457
2022-10-10T08:00:00Z,-0.00017522,0.41560,277381890,120763951
2022-10-10T16:00:00Z,-0.00097051,0.40070,320305520,141680746
2022-10-11T00:00:00Z,-0.00025795,0.39620,382935269,177616615
2022-10-11T08:00:00Z,-0.00052559,0.39910,240670692,121611767
2022-10-11T16:00:00Z,-0.00033478,0.39050,243234079,113495020
2022-10-12T00:00:00Z,-0.00024556,0.39360,142531804,71543578
2022-10-12T08:00:00Z,-0.00037359,0.39150,196864983,95344809
2022-10-12T16:00:00Z,-0.00100532,0.38090,348263837,156802888
2022-10-13T00:00:00Z,-0.00104022,0.36190,560315421,248560271
2022-10-13T08:00:00Z,-0.00018611,0.37570,744104514,373600536
2022-10-13T16:00:00Z,-0.00046559,0.37640,373873333,189046952
2022-10-14T00:00:00Z,-0.00054249,0.38150,272617392,138599110
2022-10-14T08:00:00Z,-0.00044553,0.37220,322027096,150257988
2022-10-14T16:00:00Z,-0.00089105,0.36630,273205811,129076753
2022-10-15T00:00:00Z,-0.00063876,0.36710,130184738,63249015
2022-10-15T08:00:00Z,-0.00047718,0.36630,181616078,93360925
2022-10-15T16:00:00Z,-0.00077716,0.36370,142076603,68959050
2022-10-16T00:00:00Z,-0.00025882,0.36640,92008618,46594685
2022-10-16T08:00:00Z,-0.00058236,0.36580,137408118,69025721
2022-10-16T16:00:00Z,-0.00050862,0.37010,230108314,120177006
2022-10-17T00:00:00Z,-0.00068161,0.36800,121761351,63155031
2022-10-17T08:00:00Z,-0.00052142,0.37220,207939792,103502246
2022-10-17T16:00:00Z,-0.00041659,0.37210,145982664,67524968
2022-10-18T00:00:00Z,-0.00082228,0.37100,199545976,92501569
2022-10-18T08:00:00Z,-0.00068862,0.36460,292342322,139172411
2022-10-18T16:00:00Z,-0.00073360,0.36210,317888791,145288571
2022-10-19T00:00:00Z,-0.00082794,0.35730,182160871,83964232
2022-10-19T08:00:00Z,-0.00102983,0.35770,251784568,125959667
2022-10-19T16:00:00Z,-0.00031850,0.34950,236466530,108693017
2022-10-20T00:00:00Z,-0.00031721,0.35330,200973605,98901814
2022-10-20T08:00:00Z,-0.00052146,0.35260,198180810,98386094
2022-10-20T16:00:00Z,-0.00051488,0.33990,451941751,208718977
2022-10-21T00:00:00Z,-0.00053648,0.33720,220869132,106247936
2022-10-21T08:00:00Z,-0.00073407,0.34280,486000318,241596680
2022-10-21T16:00:00Z,-0.00034352,0.34890,276621267,144528565
2022-10-22T00:00:00Z,-0.00055521,0.34680,172729407,81586914
2022-10-22T08:00:00Z,-0.00069918,0.34980,201253315,105959869
2022-10-22T16:00:00Z,-0.00055843,0.35110,162527537,85838358
2022-10-23T00:00:00Z,-0.00050116,0.35060,187387989,90088999
2022-10-23T08:00:00Z,-0.00055204,0.35100,188762212,90080304
2022-10-23T16:00:00Z,-0.00063178,0.36170,266469431,139550856
2022-10-24T00:00:00Z,-0.00042263,0.35830,238465949,112622903
2022-10-24T08:00:00Z,-0.00083822,0.35760,322903845,159957259
2022-10-24T16:00:00Z,-0.00061836,0.35710,174426779,85769082
2022-10-25T00:00:00Z,-0.00054838,0.35980,167830911,87472447
2022-10-25T08:00:00Z,-0.00077076,0.37330,436891816,228097772
2022-10-25T16:00:00Z,-0.00045289,0.39990,1924213963,979679059
2022-10-26T00:00:00Z,-0.00047547,0.40000,560180288,296348562
2022-10-26T08:00:00Z,-0.00037385,0.40700,743893431,378215616
2022-10-26T16:00:00Z,-0.00071237,0.40260,357395733,180255712
2022-10-27T00:00:00Z,-0.00038477,0.40620,482329774,242377349
2022-10-27T08:00:00Z,-0.00029290,0.39880,449891385,220069104
2022-10-27T16:00:00Z,-0.00048361,0.38800,442285860,214855326
2022-10-28T00:00:00Z,-0.00001566,0.37980,295160720,132660562
2022-10-28T08:00:00Z,-0.00049318,0.39640,403171502,214178714
2022-10-28T16:00:00Z,-0.00024101,0.40420,401817318,213313666
2022-10-29T00:00:00Z,-0.00022022,0.40780,171532502,88847239
2022-10-29T08:00:00Z,-0.00031973,0.40840,315499694,152097539
2022-10-29T16:00:00Z,-0.00058571,0.41990,649360358,328451341
2022-10-30T00:00:00Z,-0.00048125,0.42060,187544079,92167332
2022-10-30T08:00:00Z,-0.00080376,0.40250,299910962,140641440
2022-10-30T16:00:00Z,-0.00030563,0.40540,194291033,92328048
2022-10-31T00:00:00Z,-0.00017756,0.40210,177572883,86169379
2022-10-31T08:00:00Z,-0.00065389,0.40470,446150798,222563505
2022-10-31T16:00:00Z,-0.00065196,0.40530,163173226,77022615
2022-11-01T00:00:00Z,-0.00036180,0.41080,167006794,86275505
2022-11-01T08:00:00Z,-0.00066193,0.40300,254143654,116139253
2022-11-01T16:00:00Z,-0.00047200,0.40090,142265667,67477057
2022-11-02T00:00:00Z,-0.00068021,0.39430,230217972,111847274
2022-11-02T08:00:00Z,-0.00102510,0.39320,304573123,148071470
2022-11-02T16:00:00Z,-0.00070458,0.38540,561752051,272094662
2022-11-03T00:00:00Z,-0.00064667,0.39460,201231317,105705522
2022-11-03T08:00:00Z,-0.00033922,0.39310,279124170,141604444
2022-11-03T16:00:00Z,-0.00080869,0.38900,143574188,66517200
2022-11-04T00:00:00Z,-0.00012956,0.41030,352944687,189931061
2022-11-04T08:00:00Z,-0.00040754,0.40950,471527880,232759355
2022-11-04T16:00:00Z,-0.00065272,0.42120,281679800,142027174
2022-11-05T00:00:00Z,-0.00026126,0.42960,258870335,132211194
2022-11-05T08:00:00Z,-0.00028860,0.42850,261358379,129618396
2022-11-05T16:00:00Z,-0.00045175,0.42620,242885750,119808868
2022-11-06T00:00:00Z,-0.00030343,0.42210,194882712,96891759
2022-11-06T08:00:00Z,-0.00070014,0.42380,143731181,73282517
2022-11-06T16:00:00Z,-0.00076095,0.40180,285422512,132424296
2022-11-07T00:00:00Z,-0.00066464,0.39830,247230303,120559129
2022-11-07T08:00:00Z,-0.00035621,0.40960,259728374,131909754
2022-11-07T16:00:00Z,-0.00055774,0.40390,273133396,130529818
2022-11-08T00:00:00Z,-0.00108278,0.38590,587507060,280073580
2022-11-08T08:00:00Z,-0.00077444,0.39760,427337053,214204474
2022-11-08T16:00:00Z,-0.00043487,0.37200,1106774592,541615982
2022-11-09T00:00:00Z,-0.00034812,0.37200,524766601,264152983
2022-11-09T08:00:00Z,0,0.35280,828364228,412105720
2022-11-09T16:00:00Z,-0.00050206,0.31710,859414603,425264909
2022-11-10T00:00:00Z,-0.00019132,0.34990,674864224,344809181
2022-11-10T08:00:00Z,-0.00042994,0.37170,658337876,338586199
2022-11-10T16:00:00Z,-0.00017061,0.36860,327936279,160547894
2022-11-11T00:00:00Z,-0.00044586,0.36340,242006469,121919548
2022-11-11T08:00:00Z,-0.00021640,0.34880,344118226,166553270
2022-11-11T16:00:00Z,-0.00043981,0.35550,200332759,101318675
2022-11-12T00:00:00Z,0,0.34310,189240876,93757177
2022-11-12T08:00:00Z,-0.00013869,0.34470,146306503,72822139
2022-11-12T16:00:00Z,-0.00026666,0.33960,106486516,50732883
2022-11-13T00:00:00Z,-0.00047754,0.33470,137207555,68445591
2022-11-13T08:00:00Z,-0.00008963,0.33650,189305218,91019042
2022-11-13T16:00:00Z,-0.00000944,0.32960,175891329,87536684
2022-11-14T00:00:00Z,-0.00074022,0.33190,337368914,167977188
2022-11-14T08:00:00Z,-0.00041480,0.33020,277619941,135510482
2022-11-14T16:00:00Z,0,0.33210,218175525,111329990
2022-11-15T00:00:00Z,-0.00076723,0.33820,160962090,80507431
2022-11-15T08:00:00Z,-0.00044613,0.34240,216947535,108043298
2022-11-15T16:00:00Z,-0.00046252,0.33710,189491670,92375875
2022-11-16T00:00:00Z,-0.00060266,0.34000,136615416,67482059
2022-11-16T08:00:00Z,-0.00004899,0.32640,273113845,127893687
2022-11-16T16:00:00Z,-0.00089447,0.33170,157203808,79421169
2022-11-17T00:00:00Z,0,0.32750,141873703,69011362
2022-11-17T08:00:00Z,-0.00069582,0.32150,228260844,107769314
2022-11-17T16:00:00Z,-0.00038300,0.32490,129165850,64074952
2022-11-18T00:00:00Z,-0.00053003,0.32830,124344760,62334360
2022-11-18T08:00:00Z,-0.00033943,0.32630,247106593,122207735
2022-11-18T16:00:00Z,-0.00088899,0.32560,164102598,73886553
2022-11-19T00:00:00Z,-0.00059715,0.32320,126356526,61385918
2022-11-19T08:00:00Z,-0.00018472,0.32570,100377703,51349827
2022-11-19T16:00:00Z,-0.00021729,0.32790,144977400,76290132
2022-11-20T00:00:00Z,-0.00079581,0.32880,88106416,43323291
2022-11-20T08:00:00Z,-0.00050662,0.31900,235246279,108754058
2022-11-20T16:00:00Z,-0.00050607,0.31190,290860897,138149575
2022-11-21T00:00:00Z,-0.00051007,0.30410,392531181,185416004
2022-11-21T08:00:00Z,-0.00025625,0.30990,257284156,136797634
2022-11-21T16:00:00Z,-0.00030375,0.30440,457957841,231461526
2022-11-22T00:00:00Z,-0.00000071,0.30230,216813223,105852630
2022-11-22T08:00:00Z,-0.00018547,0.31520,405571239,213209625
2022-11-22T16:00:00Z,-0.00001557,0.31240,180327029,91119506
2022-11-23T00:00:00Z,-0.00050873,0.31620,212795353,108116231
2022-11-23T08:00:00Z,-0.00000959,0.31280,270216071,134399631
2022-11-23T16:00:00Z,-0.00045645,0.31830,204053980,101250679
2022-11-24T00:00:00Z,-0.00019073,0.31670,179991342,89086913
2022-11-24T08:00:00Z,-0.00051692,0.31480,189053110,86272109
2022-11-24T16:00:00Z,-0.00011932,0.31620,138734474,69474034
2022-11-25T00:00:00Z,-0.00031509,0.31200,177694444,81152061
2022-11-25T08:00:00Z,-0.00015143,0.31470,204390926,104415493
2022-11-25T16:00:00Z,-0.00064258,0.31450,117693421,62100479
2022-11-26T00:00:00Z,-0.00004327,0.31780,164363823,88081690
2022-11-26T08:00:00Z,-0.00053938,0.31620,153188091,75986099
2022-11-26T16:00:00Z,-0.00021952,0.31360,124327849,59008427
2022-11-27T00:00:00Z,-0.00059726,0.31700,82086107,44305317
2022-11-27T08:00:00Z,-0.00062985,0.31840,120627801,61375663
2022-11-27T16:00:00Z,-0.00034777,0.31250,145222234,67869872
2022-11-28T00:00:00Z,-0.00018351,0.30640,300290579,133198368
2022-11-28T08:00:00Z,-0.00058272,0.30430,156223391,77882406
2022-11-28T16:00:00Z,-0.00025395,0.30640,201151284,104696313
2022-11-29T00:00:00Z,-0.00056067,0.31080,189529784,101644627
2022-11-29T08:00:00Z,-0.00079909,0.30910,139952845,66817754
2022-11-29T16:00:00Z,-0.00038237,0.30900,136672109,68836272
2022-11-30T00:00:00Z,-0.00006335,0.31490,247935059,120258418
2022-11-30T08:00:00Z,-0.00047543,0.31500,153336046,76347782
2022-11-30T16:00:00Z,-0.00035250,0.31860,292275631,152297511
2022-12-01T00:00:00Z,-0.00066147,0.31420,110652341,52031527
2022-12-01T08:00:00Z,0,0.31590,219484476,107412996
2022-12-01T16:00:00Z,0,0.31430,120563298,59733406
2022-12-02T00:00:00Z,-0.00067821,0.31360,131718901,65920140
2022-12-02T08:00:00Z,-0.00029203,0.31660,188298130,98519555
2022-12-02T16:00:00Z,0,0.31900,103074985,53317486
2022-12-03T00:00:00Z,-0.00007923,0.31800,152041678,75295771
2022-12-03T08:00:00Z,-0.00026573,0.32540,275918948,145578396
2022-12-03T16:00:00Z,-0.00024671,0.31940,140666060,67030513
2022-12-04T00:00:00Z,-0.00026028,0.31940,134978058,63243346
2022-12-04T08:00:00Z,-0.00060506,0.32180,126444067,61902069
2022-12-04T16:00:00Z,-0.00033561,0.32200,123961140,61355007
2022-12-05T00:00:00Z,-0.00037859,0.32530,149948796,78202502
2022-12-05T08:00:00Z,-0.00039078,0.32130,195796193,87759573
2022-12-05T16:00:00Z,-0.00042665,0.31920,175464154,78676666
2022-12-06T00:00:00Z,-0.00060579,0.31770,86551127,42667983
2022-12-06T08:00:00Z,-0.00056659,0.31670,139859983,65552930
2022-12-06T16:00:00Z,-0.00088085,0.31790,115122518,57868614
2022-12-07T00:00:00Z,-0.00030504,0.30830,204644019,93104867
2022-12-07T08:00:00Z,-0.00009326,0.31080,163702784,78886581
2022-12-07T16:00:00Z,-0.00059137,0.31000,120372825,61367734
2022-12-08T00:00:00Z,-0.00036892,0.31140,132579476,67627504
2022-12-08T08:00:00Z,-0.00067354,0.31100,164129214,79310107
2022-12-08T16:00:00Z,-0.00066405,0.31430,161981046,84135445
2022-12-09T00:00:00Z,-0.00042801,0.31460,83912950,42567453
2022-12-09T08:00:00Z,-0.00030509,0.31280,178617079,88946609
2022-12-09T16:00:00Z,-0.00010329,0.31160,135694131,67716511
2022-12-10T00:00:00Z,-0.00028259,0.31190,56648085,28364888
2022-12-10T08:00:00Z,-0.00044765,0.31420,84943861,42319987
2022-12-10T16:00:00Z,-0.00061106,0.31230,60970089,31432945
2022-12-11T00:00:00Z,-0.00028245,0.31280,52865879,26336514
2022-12-11T08:00:00Z,-0.00057827,0.31240,56516039,26397236
2022-12-11T16:00:00Z,-0.00055317,0.30710,206887642,92625777
2022-12-12T00:00:00Z,-0.00026660,0.30390,151708609,72360339
2022-12-12T08:00:00Z,-0.00069745,0.30420,121016956,60010124
2022-12-12T16:00:00Z,-0.00058012,0.30670,135024916,64728504
2022-12-13T00:00:00Z,-0.00041362,0.30250,161265233,73725234
2022-12-13T08:00:00Z,-0.00046445,0.31260,367727386,190974391
2022-12-13T16:00:00Z,-0.00030445,0.31410,152983477,72491096
2022-12-14T00:00:00Z,-0.00012044,0.31000,152850835,70751898
2022-12-14T08:00:00Z,-0.00044764,0.31290,142822604,72523095
2022-12-14T16:00:00Z,-0.00003580,0.30780,225622270,106314159
2022-12-15T00:00:00Z,-0.00002249,0.30150,132694305,63140205
2022-12-15T08:00:00Z,-0.00051690,0.30150,149449811,75606570
2022-12-15T16:00:00Z,-0.00033028,0.30010,180807279,81481062
2022-12-16T00:00:00Z,-0.00019262,0.30070,80985201,41459709
2022-12-16T08:00:00Z,-0.00093700,0.28410,405390772,181741860
2022-12-16T16:00:00Z,-0.00121175,0.26310,451325179,197287641
2022-12-17T00:00:00Z,-0.00040883,0.26470,256521551,133744952
2022-12-17T08:00:00Z,-0.00039770,0.26430,127704399,61191940
2022-12-17T16:00:00Z,-0.00075999,0.26690,138844607,70643944
2022-12-18T00:00:00Z,-0.00127809,0.26740,136878425,70155885
2022-12-18T08:00:00Z,-0.00090407,0.26370,141674504,68894521
2022-12-18T16:00:00Z,-0.00050829,0.26580,115440167,60219182
2022-12-19T00:00:00Z,-0.00011092,0.26330,122858391,61302861
2022-12-19T08:00:00Z,-0.00064326,0.26310,137010996,66331394
2022-12-19T16:00:00Z,-0.00043518,0.25280,420101353,192181646
2022-12-20T00:00:00Z,-0.00049691,0.25760,166783700,87031251
2022-12-20T08:00:00Z,-0.00049821,0.25980,176170103,86703317
2022-12-20T16:00:00Z,-0.00040536,0.25850,91412583,44207112
2022-12-21T00:00:00Z,-0.00097566,0.25270,243094318,112973891
2022-12-21T08:00:00Z,-0.00073472,0.25200,194401502,98614717
2022-12-21T16:00:00Z,-0.00027027,0.25330,136779366,71661159
2022-12-22T00:00:00Z,-0.00074920,0.25200,98234438,48577570
2022-12-22T08:00:00Z,-0.00117031,0.24810,206781913,99176165
2022-12-22T16:00:00Z,-0.00024880,0.25660,234226231,122248179
2022-12-23T00:00:00Z,-0.00041828,0.25980,257591732,135413087
2022-12-23T08:00:00Z,-0.00073728,0.25750,202230948,101469937
2022-12-23T16:00:00Z,-0.00012632,0.25940,97555621,45666201
2022-12-24T00:00:00Z,-0.00030837,0.25900,63422287,32372574
2022-12-24T08:00:00Z,-0.00058890,0.25820,81725707,40312549
2022-12-24T16:00:00Z,-0.00048967,0.25890,78192594,40150356
2022-12-25T00:00:00Z,0.00075922,0.25870,49791292,24682654
2022-12-25T08:00:00Z,-0.00031002,0.25630,145748405,70429041
2022-12-25T16:00:00Z,-0.00069589,0.25890,123115859,61568286
2022-12-26T00:00:00Z,-0.00048818,0.25910,145855211,76785902
2022-12-26T08:00:00Z,-0.00037325,0.26100,117649213,57413764
2022-12-26T16:00:00Z,-0.00038666,0.26520,140043554,74424020
2022-12-27T00:00:00Z,-0.00087597,0.26360,105438973,52748490
2022-12-27T08:00:00Z,-0.00065510,0.26020,182893975,87360654
2022-12-27T16:00:00Z,-0.00074519,0.26020,160883844,79474061
2022-12-28T00:00:00Z,0,0.25140,269229996,124173588
2022-12-28T08:00:00Z,-0.00033869,0.25030,225346516,112242079
2022-12-28T16:00:00Z,-0.00066178,0.24800,204347308,95540507
2022-12-29T00:00:00Z,-0.00055092,0.24520,258698700,115871706
2022-12-29T08:00:00Z,-0.00090380,0.24570,179507094,86716591
2022-12-29T16:00:00Z,-0.00092694,0.24360,271125619,127116082
2022-12-30T00:00:00Z,-0.00055781,0.24040,207565912,99418838
2022-12-30T08:00:00Z,-0.00056763,0.24330,188372741,96394307
2022-12-30T16:00:00Z,-0.00021266,0.24570,139733209,71319096
2022-12-31T00:00:00Z,-0.00020792,0.24450,74420639,36915887
2022-12-31T08:00:00Z,-0.00065954,0.25020,232430245,119567426
2022-12-31T16:00:00Z,-0.00048968,0.24560,150247997,73336969
2023-01-01T00:00:00Z,-0.00029154,0.24500,109579907,51692063
2023-01-01T08:00:00Z,-0.00054500,0.24610,106564254,54632079
2023-01-01T16:00:00Z,-0.00053101,0.24980,154720076,80256254
2023-01-02T00:00:00Z,-0.00071452,0.25400,220310584,114592320
2023-01-02T08:00:00Z,-0.00034941,0.25440,164537193,81965179
2023-01-02T16:00:00Z,-0.00032549,0.25350,124045747,60386476
2023-01-03T00:00:00Z,-0.00034826,0.25330,119495956,58518772
2023-01-03T08:00:00Z,0,0.25360,174523754,87699224
2023-01-03T16:00:00Z,-0.00078960,0.25260,153169504,78096265
2023-01-04T00:00:00Z,-0.00065441,0.26540,371137814,200201602
2023-01-04T08:00:00Z,-0.00057891,0.26800,318018341,164577622
2023-01-04T16:00:00Z,-0.00109284,0.26750,335823318,170370341
2023-01-05T00:00:00Z,0,0.26630,261459020,137562007
2023-01-05T08:00:00Z,-0.00050110,0.26530,232007363,115907616
2023-01-05T16:00:00Z,-0.00009048,0.26910,196183183,102260050
2023-01-06T00:00:00Z,-0.00023266,0.27160,521549030,266330421
2023-01-06T08:00:00Z,-0.00048212,0.27320,558562243,274364528
2023-01-06T16:00:00Z,-0.00070821,0.27840,423367795,217901329
2023-01-07T00:00:00Z,-0.00057899,0.27640,177675894,82647504
2023-01-07T08:00:00Z,-0.00082517,0.27490,193088021,98266787
2023-01-07T16:00:00Z,-0.00068925,0.27660,148136583,73086303
2023-01-08T00:00:00Z,-0.00026536,0.27650,169350185,86207153
2023-01-08T08:00:00Z,-0.00026334,0.28780,689362230,353929189
2023-01-08T16:00:00Z,0,0.29750,656351878,348080405
2023-01-09T00:00:00Z,0.00002564,0.32560,1521315655,776701301
2023-01-09T08:00:00Z,0,0.32070,576554577,287219908
2023-01-09T16:00:00Z,0,0.31680,642766389,332607686
2023-01-10T00:00:00Z,0.00026277,0.31520,461448008,223940792
2023-01-10T08:00:00Z,0.00040609,0.32030,462473488,230981375
2023-01-10T16:00:00Z,0.00002443,0.32230,337376961,170962822
2023-01-11T00:00:00Z,0.00003895,0.31580,299424881,144616521
2023-01-11T08:00:00Z,-0.00009080,0.30910,282372414,139709119
2023-01-11T16:00:00Z,0,0.32300,427115737,220255808
2023-01-12T00:00:00Z,-0.00013862,0.32450,393736790,193539904
2023-01-12T08:00:00Z,-0.00060797,0.32200,595436487,288464267
2023-01-12T16:00:00Z,0,0.32930,402361436,200366898
2023-01-13T00:00:00Z,-0.00013280,0.32770,225624558,109846359
2023-01-13T08:00:00Z,-0.00050925,0.33180,356490053,176463573
2023-01-13T16:00:00Z,0,0.34550,477626089,239331278
2023-01-14T00:00:00Z,0.00072482,0.36370,691493261,330838672
2023-01-14T08:00:00Z,0.00033432,0.35170,569254094,271135815
2023-01-14T16:00:00Z,0,0.35250,207020095,97456518
2023-01-15T00:00:00Z,0.00078668,0.34640,220474288,108748372
2023-01-15T08:00:00Z,0.00000335,0.35070,243481762,120310275
2023-01-15T16:00:00Z,0.00032087,0.35100,226267736,110112016
2023-01-16T00:00:00Z,0.00065218,0.35790,260156555,125823848
2023-01-16T08:00:00Z,0,0.34710,391033108,183181601
2023-01-16T16:00:00Z,0,0.35030,283237959,145485567
2023-01-17T00:00:00Z,0.00025243,0.35100,179197862,89859159
2023-01-17T08:00:00Z,-0.00013918,0.35290,266181857,133160998
2023-01-17T16:00:00Z,0,0.34550,214887284,102694711
2023-01-18T00:00:00Z,0.00011427,0.35050,165543982,83579994
2023-01-18T08:00:00Z,-0.00015368,0.33840,350661646,164362370
2023-01-18T16:00:00Z,-0.00014968,0.32650,539270833,263545834
2023-01-19T00:00:00Z,0,0.33070,180406931,98311970
2023-01-19T08:00:00Z,-0.00021220,0.33440,219841470,116373668
2023-01-19T16:00:00Z,0,0.33800,256910845,121458259
2023-01-20T00:00:00Z,0,0.33540,142629489,70935416
2023-01-20T08:00:00Z,-0.00010136,0.34120,155808546,77569671
2023-01-20T16:00:00Z,0.00015345,0.36500,540657520,275828687
2023-01-21T00:00:00Z,0.00039490,0.36350,221699131,111576162
2023-01-21T08:00:00Z,0,0.37070,499551700,249600671
2023-01-21T16:00:00Z,0,0.36870,250110068,118928791
2023-01-22T00:00:00Z,0,0.37330,187409430,96536579
2023-01-22T08:00:00Z,0.00048801,0.38090,407489497,198070685
2023-01-22T16:00:00Z,0,0.37640,395938279,193395142
2023-01-23T00:00:00Z,0.00005071,0.37460,354086828,173101548
2023-01-23T08:00:00Z,0,0.37680,291733445,137730351
2023-01-23T16:00:00Z,-0.00018119,0.37500,180532443,85972221
2023-01-24T00:00:00Z,0,0.38220,143078227,73348119
2023-01-24T08:00:00Z,0,0.37600,177875301,78006787
2023-01-24T16:00:00Z,-0.00002361,0.35870,325120246,151997029
2023-01-25T00:00:00Z,-0.00050482,0.35930,278593356,133750178
2023-01-25T08:00:00Z,-0.00031757,0.35510,266185202,133876914
2023-01-25T16:00:00Z,0.00032903,0.37330,311929675,156816116
2023-01-26T00:00:00Z,0,0.37620,322361371,163915428
2023-01-26T08:00:00Z,0.00014852,0.37660,280349137,138589136
2023-01-26T16:00:00Z,-0.00036831,0.37960,210369554,103707406
2023-01-27T00:00:00Z,0,0.38040,188769466,90811435
2023-01-27T08:00:00Z,-0.00020241,0.37850,186545409,90462064
2023-01-27T16:00:00Z,0.00091881,0.39000,290085662,146835100
2023-01-28T00:00:00Z,0.00010398,0.38880,315077691,153211398
2023-01-28T08:00:00Z,0,0.38360,219780848,101976205
2023-01-28T16:00:00Z,-0.00001365,0.38180,119682779,55688935
2023-01-29T00:00:00Z,0.00017138,0.38630,186841676,95533829
2023-01-29T08:00:00Z,-0.00020514,0.38880,160552943,82868083
2023-01-29T16:00:00Z,0.00038243,0.39770,244221319,127674595
2023-01-30T00:00:00Z,0,0.38940,188022441,93465975
2023-01-30T08:00:00Z,0.00045102,0.38230,349992591,167544250
2023-01-30T16:00:00Z,-0.00033212,0.37230,292482195,141425425
2023-01-31T00:00:00Z,-0.00021519,0.37430,178096827,84222919
2023-01-31T08:00:00Z,0,0.39590,355436798,181964411
2023-01-31T16:00:00Z,0,0.39010,453767951,226850256
2023-02-01T00:00:00Z,0,0.38240,191750224,89241112
2023-02-01T08:00:00Z,-0.00033955,0.37510,246253248,119035623
2023-02-01T16:00:00Z,0,0.39700,535115893,266025090
2023-02-02T00:00:00Z,0.00080186,0.40030,384816559,197964003
2023-02-02T08:00:00Z,0.00043439,0.40500,304100488,152387770
2023-02-02T16:00:00Z,0.00049018,0.39830,338696357,163733087
2023-02-03T00:00:00Z,0.00002911,0.39940,166882635,80860275
2023-02-03T08:00:00Z,0,0.40350,294142223,153605293
2023-02-03T16:00:00Z,0.00040243,0.40400,175329020,83995850
2023-02-04T00:00:00Z,0.00023283,0.40100,124456374,58810573
2023-02-04T08:00:00Z,0.00016255,0.40380,125726579,62544995
2023-02-04T16:00:00Z,0,0.39930,159689889,76217817
2023-02-05T00:00:00Z,0,0.40100,148582591,71973117
2023-02-05T08:00:00Z,0,0.39070,236341609,111827670
2023-02-05T16:00:00Z,-0.00028262,0.39220,239331498,117371080
2023-02-06T00:00:00Z,0.00027217,0.39250,268860916,136273025
2023-02-06T08:00:00Z,0.00034282,0.39440,248922093,123850900
2023-02-06T16:00:00Z,-0.00015766,0.38200,277145174,128097922
2023-02-07T00:00:00Z,-0.00029490,0.38570,156467768,79107819
2023-02-07T08:00:00Z,-0.00039748,0.38550,239219269,118130372
2023-02-07T16:00:00Z,0,0.39890,409630053,213355618
2023-02-08T00:00:00Z,0,0.40000,205316135,100825488
2023-02-08T08:00:00Z,0,0.39250,221880371,110068804
2023-02-08T16:00:00Z,0.00041924,0.39440,266302701,130403874
2023-02-09T00:00:00Z,-0.00024278,0.38720,316484972,152650305
2023-02-09T08:00:00Z,-0.00034517,0.38600,226943168,114659265
2023-02-09T16:00:00Z,-0.00066039,0.36200,516072004,238719913
2023-02-10T00:00:00Z,-0.00053509,0.36430,245212742,122983199
2023-02-10T08:00:00Z,0.00018694,0.36020,264055920,130368884
2023-02-10T16:00:00Z,-0.00097197,0.35770,310212657,144289310
2023-02-11T00:00:00Z,-0.00037987,0.35930,135312631,66984654
2023-02-11T08:00:00Z,-0.00067036,0.36190,125166407,62198594
2023-02-11T16:00:00Z,-0.00070557,0.36830,140102639,72644500
2023-02-12T00:00:00Z,-0.00073068,0.36580,81716406,39964321
2023-02-12T08:00:00Z,-0.00049581,0.36970,150118164,74599993
2023-02-12T16:00:00Z,-0.00010350,0.36410,218221607,108095626
2023-02-13T00:00:00Z,-0.00031614,0.36270,198088807,97238877
2023-02-13T08:00:00Z,-0.00002731,0.35150,378763627,183113813
2023-02-13T16:00:00Z,-0.00032654,0.35890,263893057,134752314
2023-02-14T00:00:00Z,-0.00040664,0.35950,120655973,61275533
2023-02-14T08:00:00Z,-0.00084298,0.37890,495613260,249817763
2023-02-14T16:00:00Z,0,0.38670,487485090,245257032
2023-02-15T00:00:00Z,0,0.38340,224765900,115679379
2023-02-15T08:00:00Z,-0.00085712,0.39060,337284488,167408604
2023-02-15T16:00:00Z,-0.00075002,0.41930,492674395,260728471
2023-02-16T00:00:00Z,0.00082506,0.40680,336432995,163888325
2023-02-16T08:00:00Z,0,0.41260,327766990,164719644
2023-02-16T16:00:00Z,0.00034557,0.38750,475409289,229466480
2023-02-17T00:00:00Z,-0.00002142,0.39400,225848076,114642996
2023-02-17T08:00:00Z,-0.00001586,0.40080,277978897,135345295
2023-02-17T16:00:00Z,-0.00034421,0.40330,345677296,172352313
2023-02-18T00:00:00Z,0.00032374,0.40100,133753906,67049054
2023-02-18T08:00:00Z,-0.00038441,0.40440,160360101,79854594
2023-02-18T16:00:00Z,0,0.40610,294120933,149195596
2023-02-19T00:00:00Z,0,0.40180,153322586,74080738
2023-02-19T08:00:00Z,0.00006368,0.41080,224894573,110348024
2023-02-19T16:00:00Z,-0.00005837,0.39940,310152943,147116657
2023-02-20T00:00:00Z,0,0.40780,228824457,115319147
2023-02-20T08:00:00Z,0.00081218,0.40730,255678073,121875802
2023-02-20T16:00:00Z,0.00061700,0.40400,241102640,119316536
2023-02-21T00:00:00Z,0,0.40400,174171381,83331341
2023-02-21T08:00:00Z,-0.00019366,0.39280,345545705,167773855
2023-02-21T16:00:00Z,0.00003257,0.39250,247516437,120698932
2023-02-22T00:00:00Z,0,0.38460,285436629,141493236
2023-02-22T08:00:00Z,-0.00063463,0.37950,315638846,154911371
2023-02-22T16:00:00Z,-0.00002654,0.38890,236349976,119288996
2023-02-23T00:00:00Z,-0.00015000,0.39350,170476716,82569865
2023-02-23T08:00:00Z,0,0.38530,269004874,131049390
2023-02-23T16:00:00Z,-0.00033624,0.38220,174878239,83121971
2023-02-24T00:00:00Z,-0.00010653,0.38110,158874756,78472872
2023-02-24T08:00:00Z,0,0.37200,293520055,138413607
2023-02-24T16:00:00Z,-0.00022864,0.36560,394439976,184053500
2023-02-25T00:00:00Z,-0.00027592,0.36620,106427392,56008903
2023-02-25T08:00:00Z,-0.00021437,0.36390,162417660,84467225
2023-02-25T16:00:00Z,-0.00048718,0.36170,265404430,119104559
2023-02-26T00:00:00Z,-0.00029619,0.36160,99701045,53604716
2023-02-26T08:00:00Z,0,0.36220,100063322,48945476
2023-02-26T16:00:00Z,-0.00042509,0.36880,191603922,92519896
2023-02-27T00:00:00Z,-0.00057480,0.36270,114222562,53851443
2023-02-27T08:00:00Z,-0.00015987,0.36600,203191980,100554994
2023-02-27T16:00:00Z,-0.00017717,0.36460,210804607,101112563
2023-02-28T00:00:00Z,-0.00059180,0.36000,132148435,65610950
2023-02-28T08:00:00Z,0,0.36290,166791319,83579766
2023-02-28T16:00:00Z,-0.00064912,0.35160,225388219,102927725
2023-03-01T00:00:00Z,0,0.36020,174122794,90618884
2023-03-01T08:00:00Z,-0.00013378,0.36130,165873373,83486657
2023-03-01T16:00:00Z,-0.00049298,0.35990,145652364,74742022
2023-03-02T00:00:00Z,-0.00030351,0.35480,157719465,73992509
2023-03-02T08:00:00Z,-0.00000075,0.34790,246830216,117962461
2023-03-02T16:00:00Z,-0.00001769,0.35020,177509845,87971620
2023-03-03T00:00:00Z,-0.00063894,0.33670,511578719,242499679
2023-03-03T08:00:00Z,-0.00008279,0.33730,208662540,101563970
2023-03-03T16:00:00Z,-0.00073924,0.34280,230022365,107558465
2023-03-04T00:00:00Z,-0.00049805,0.34130,111643265,51206605
2023-03-04T08:00:00Z,-0.00060094,0.33950,81235228,38636120
2023-03-04T16:00:00Z,-0.00053403,0.33640,214546121,108300054
2023-03-05T00:00:00Z,-0.00015887,0.33870,158404112,77525868
2023-03-05T08:00:00Z,-0.00024295,0.33850,106117807,52550922
2023-03-05T16:00:00Z,-0.00048671,0.33670,138426966,66040874
2023-03-06T00:00:00Z,-0.00090465,0.33280,199211717,95483498
2023-03-06T08:00:00Z,-0.00046153,0.33560,162925891,81943469
2023-03-06T16:00:00Z,-0.00080451,0.33020,175242274,88172592
2023-03-07T00:00:00Z,-0.00086151,0.33070,166001373,80157461
2023-03-07T08:00:00Z,-0.00069061,0.32740,346611111,168462807
2023-03-07T16:00:00Z,-0.00030574,0.33030,266700333,131948780
2023-03-08T00:00:00Z,-0.00026241,0.32220,197357817,101915719
2023-03-08T08:00:00Z,-0.00084109,0.32490,372796918,180681213
2023-03-08T16:00:00Z,-0.00023616,0.31750,284791419,139384579
2023-03-09T00:00:00Z,0,0.31630,177261582,88032369
2023-03-09T08:00:00Z,-0.00091950,0.31830,274902958,138781448
2023-03-09T16:00:00Z,-0.00074142,0.30970,704816366,343288430
2023-03-10T00:00:00Z,-0.00036776,0.30630,334732662,164792626
2023-03-10T08:00:00Z,-0.00051465,0.31310,669980139,332106609
2023-03-10T16:00:00Z,-0.00070595,0.31460,296050791,150747045
2023-03-11T00:00:00Z,-0.00069116,0.30810,358565574,177971175
2023-03-11T08:00:00Z,-0.00000781,0.30290,288422188,139211129
2023-03-11T16:00:00Z,-0.00034038,0.30490,286728774,145681859
2023-03-12T00:00:00Z,-0.00060842,0.30230,178451682,92419940
2023-03-12T08:00:00Z,-0.00103544,0.30260,180576715,89041323
2023-03-12T16:00:00Z,0.00024786,0.33000,592358820,297712380
2023-03-13T00:00:00Z,-0.00001355,0.33950,424785667,216442099
2023-03-13T08:00:00Z,-0.00024998,0.34610,657046637,330296676
2023-03-13T16:00:00Z,-0.00024680,0.34330,263687370,130039477
2023-03-14T00:00:00Z,-0.00044723,0.34030,204710407,102027198
2023-03-14T08:00:00Z,0.00054313,0.36480,597725276,300341586
2023-03-14T16:00:00Z,0,0.34310,542937284,265680891
2023-03-15T00:00:00Z,0.00037797,0.34400,239828705,118044355
2023-03-15T08:00:00Z,-0.00188693,0.32690,614914405,299606031
2023-03-15T16:00:00Z,-0.00005852,0.32400,497767023,247157372
2023-03-16T00:00:00Z,0,0.32720,303522676,150582532
2023-03-16T08:00:00Z,-0.00071036,0.32650,348888979,171113143
2023-03-16T16:00:00Z,-0.00044405,0.32460,288993954,137728766
2023-03-17T00:00:00Z,-0.00059479,0.33260,269472477,130799190
2023-03-17T08:00:00Z,0,0.33440,446852316,223512087
2023-03-17T16:00:00Z,0,0.34940,340946183,169667676
2023-03-18T00:00:00Z,-0.00009585,0.35150,345609713,180757117
2023-03-18T08:00:00Z,-0.00003064,0.34480,272010286,134169339
2023-03-18T16:00:00Z,-0.00016209,0.33710,331108792,163403594
2023-03-19T00:00:00Z,0.00028489,0.33950,160271371,81359512
2023-03-19T08:00:00Z,-0.00071411,0.34570,248249756,124446244
2023-03-19T16:00:00Z,-0.00013582,0.34470,314249672,153132519
2023-03-20T00:00:00Z,-0.00045819,0.34320,290796361,140143913
2023-03-20T08:00:00Z,-0.00089633,0.33900,305187503,146878318
2023-03-20T16:00:00Z,-0.00044990,0.33200,371131124,182422797
2023-03-21T00:00:00Z,-0.00062371,0.33180,267712729,130530397
2023-03-21T08:00:00Z,0,0.35040,503525016,258242017
2023-03-21T16:00:00Z,-0.00047498,0.36940,1114373096,556298593
2023-03-22T00:00:00Z,-0.00050385,0.37370,695422227,340985565
2023-03-22T08:00:00Z,0.00034232,0.37760,678903513,333825100
2023-03-22T16:00:00Z,-0.00006954,0.35950,817274865,399510862
2023-03-23T00:00:00Z,-0.00019098,0.37000,301230052,150520981
2023-03-23T08:00:00Z,-0.00001170,0.37940,471578849,237142929
2023-03-23T16:00:00Z,-0.00014306,0.37150,295181392,143971074
2023-03-24T00:00:00Z,-0.00089760,0.36710,180216968,87663804
2023-03-24T08:00:00Z,-0.00011408,0.36220,351535306,168683071
2023-03-24T16:00:00Z,0,0.35960,257393961,129161915
2023-03-25T00:00:00Z,-0.00078022,0.36100,122844074,60512070
2023-03-25T08:00:00Z,-0.00102189,0.35920,154806497,71534875
2023-03-25T16:00:00Z,-0.00063517,0.35100,190311101,85590446
2023-03-26T00:00:00Z,-0.00048005,0.35500,105343350,53282922
2023-03-26T08:00:00Z,-0.00054500,0.35560,180684603,88396944
2023-03-26T16:00:00Z,-0.00049468,0.35550,137383938,64049563
2023-03-27T00:00:00Z,-0.00033518,0.34870,172603610,79258254
2023-03-27T08:00:00Z,-0.00092637,0.34310,363202885,175510532
2023-03-27T16:00:00Z,-0.00055758,0.34520,187480289,92029784
2023-03-28T00:00:00Z,-0.00005239,0.34860,160306976,81989929
2023-03-28T08:00:00Z,-0.00029238,0.35810,327203817,170781099
2023-03-28T16:00:00Z,-0.00013099,0.36790,363680178,189252278
2023-03-29T00:00:00Z,0,0.38100,289019180,148276912
2023-03-29T08:00:00Z,-0.00009389,0.38430,416714840,210819374
2023-03-29T16:00:00Z,-0.00039016,0.38090,206891682,99482055
2023-03-30T00:00:00Z,-0.00058096,0.37960,339999520,167858893
2023-03-30T08:00:00Z,-0.00008732,0.37580,247652516,124450228
2023-03-30T16:00:00Z,-0.00022569,0.37580,203475296,100973730
2023-03-31T00:00:00Z,-0.00051578,0.38410,214034313,107538183
2023-03-31T08:00:00Z,-0.00026433,0.40630,805498072,405737737
2023-03-31T16:00:00Z,0.00009291,0.39900,340739287,164919405
2023-04-01T00:00:00Z,-0.00010940,0.39100,295219097,141105607
2023-04-01T08:00:00Z,-0.00047861,0.39280,196713707,97547518
2023-04-01T16:00:00Z,-0.00034169,0.39190,149669563,73553524
2023-04-02T00:00:00Z,-0.00059293,0.38690,200267518,86834209
2023-04-02T08:00:00Z,-0.00023237,0.37970,195115562,92070746
2023-04-02T16:00:00Z,-0.00054296,0.38130,157793801,75468820
2023-04-03T00:00:00Z,-0.00014473,0.39440,278797416,139921945
2023-04-03T08:00:00Z,-0.00032206,0.38460,593004190,290129674
2023-04-03T16:00:00Z,-0.00027184,0.38700,530806621,259470470
2023-04-04T00:00:00Z,-0.00054565,0.38970,207335340,100830459
2023-04-04T08:00:00Z,-0.00055041,0.38970,295305908,145649041
2023-04-04T16:00:00Z,-0.00022902,0.38920,139807539,66702108
2023-04-05T00:00:00Z,0,0.39580,164928183,81718466
2023-04-05T08:00:00Z,-0.00082276,0.39220,257697424,127455589
2023-04-05T16:00:00Z,-0.00000883,0.39210,124859334,57858456
2023-04-06T00:00:00Z,-0.00006090,0.38340,145459314,67346610
2023-04-06T08:00:00Z,-0.00062547,0.38430,254688107,121775325
2023-04-06T16:00:00Z,-0.00002426,0.38290,126581621,61736114
2023-04-07T00:00:00Z,-0.00063958,0.37680,105447861,49025001
2023-04-07T08:00:00Z,-0.00110032,0.38380,145213826,69863943
2023-04-07T16:00:00Z,-0.00064066,0.38320,101530472,49861112
2023-04-08T00:00:00Z,-0.00038803,0.38840,139478699,74257610
2023-04-08T08:00:00Z,-0.00021642,0.38730,109594688,53404466
2023-04-08T16:00:00Z,-0.00057001,0.38500,122524019,58072308
2023-04-09T00:00:00Z,-0.00063840,0.38580,112241910,55392605
2023-04-09T08:00:00Z,-0.00041281,0.38790,149655921,76106991
2023-04-09T16:00:00Z,-0.00042173,0.38910,155755271,79436319
2023-04-10T00:00:00Z,-0.00024731,0.38650,108513944,52382882
2023-04-10T08:00:00Z,-0.00053731,0.38850,117059354,55879991
2023-04-10T16:00:00Z,0,0.39700,286963803,153935232
2023-04-11T00:00:00Z,0.00047788,0.41160,304512384,157995806
2023-04-11T08:00:00Z,0.00018207,0.40550,279685837,134656359
2023-04-11T16:00:00Z,-0.00039176,0.40120,228175095,107460282
2023-04-12T00:00:00Z,-0.00021844,0.39420,266313949,125544823
2023-04-12T08:00:00Z,0,0.40140,330316677,168438093
2023-04-12T16:00:00Z,0.00006235,0.40470,230547617,122875788
2023-04-13T00:00:00Z,0,0.40210,207179187,95456198
2023-04-13T08:00:00Z,-0.00018193,0.41320,414841989,210969377
2023-04-13T16:00:00Z,0,0.42510,423907655,220689650
2023-04-14T00:00:00Z,0.00070962,0.43470,523116501,256790865
2023-04-14T08:00:00Z,0.00047652,0.42710,505556919,246471269
2023-04-14T16:00:00Z,-0.00050252,0.43780,205729778,99349041
2023-04-15T00:00:00Z,0.00080059,0.44670,216350965,111493228
2023-04-15T08:00:00Z,0.00101601,0.45620,535618589,263660797
2023-04-15T16:00:00Z,0.00052413,0.45250,284721240,137941590
2023-04-16T00:00:00Z,0.00027368,0.45110,211354128,102004545
2023-04-16T08:00:00Z,0.00043620,0.44760,217324823,107278250
2023-04-16T16:00:00Z,0,0.45140,204105815,98890432
2023-04-17T00:00:00Z,0.00061366,0.43870,263352087,122946346
2023-04-17T08:00:00Z,0.00012598,0.43430,360935181,173421331
2023-04-17T16:00:00Z,0.00047018,0.43450,133364895,67036333
2023-04-18T00:00:00Z,0.00020380,0.44220,215124282,109378506
2023-04-18T08:00:00Z,0.00032356,0.44160,218902369,107706916
2023-04-18T16:00:00Z,0,0.44340,158845887,76718341
2023-04-19T00:00:00Z,-0.00047023,0.43400,174618946,75094921
2023-04-19T08:00:00Z,-0.00016333,0.42060,505279320,241410734
2023-04-19T16:00:00Z,0,0.41620,267649533,133128931
2023-04-20T00:00:00Z,-0.00014731,0.41660,185871581,93025761
2023-04-20T08:00:00Z,-0.00040277,0.40640,266851649,127061203
2023-04-20T16:00:00Z,-0.00032600,0.40050,421780165,211314704
2023-04-21T00:00:00Z,-0.00019049,0.40510,222152706,108863685
2023-04-21T08:00:00Z,-0.00030099,0.39780,279427916,141569969
2023-04-21T16:00:00Z,-0.00113621,0.38200,405872783,187686912
2023-04-22T00:00:00Z,-0.00033545,0.38500,123552884,63902320
2023-04-22T08:00:00Z,-0.00026976,0.39600,209852707,109429590
2023-04-22T16:00:00Z,-0.00057364,0.39540,163609581,79193127
2023-04-23T00:00:00Z,-0.00054110,0.39380,136502221,66496990
2023-04-23T08:00:00Z,-0.00035491,0.38530,163195472,80018545
2023-04-23T16:00:00Z,-0.00027973,0.38850,218535809,110813719
2023-04-24T00:00:00Z,-0.00003097,0.38480,209009506,100419781
2023-04-24T08:00:00Z,-0.00032538,0.38620,228112361,117656928
2023-04-24T16:00:00Z,-0.00058206,0.38320,223859912,108222336
2023-04-25T00:00:00Z,-0.00016907,0.37930,192327936,91968629
2023-04-25T08:00:00Z,-0.00041761,0.37990,213073763,108337828
2023-04-25T16:00:00Z,-0.00093333,0.39420,267289744,138712954
2023-04-26T00:00:00Z,-0.00020094,0.39650,139763808,69126664
2023-04-26T08:00:00Z,-0.00052289,0.41470,404393192,204320659
2023-04-26T16:00:00Z,-0.00052443,0.40100,632015807,310517969
2023-04-27T00:00:00Z,-0.00041387,0.40810,351627860,175386935
2023-04-27T08:00:00Z,-0.00023746,0.41330,322190524,167499002
2023-04-27T16:00:00Z,-0.00093866,0.40960,281294479,138472981
2023-04-28T00:00:00Z,0.00123594,0.41030,131174519,66992116
2023-04-28T08:00:00Z,-0.00061343,0.40130,269367571,126533384
2023-04-28T16:00:00Z,-0.00014419,0.40420,118854578,59981988
2023-04-29T00:00:00Z,-0.00015547,0.40390,71623308,38027385
2023-04-29T08:00:00Z,-0.00001068,0.40460,106513188,53055971
2023-04-29T16:00:00Z,-0.00035400,0.40220,103295166,48525800
2023-04-30T00:00:00Z,-0.00030777,0.40090,82139490,41506676
2023-04-30T08:00:00Z,-0.00037097,0.40660,154916526,78859406
2023-04-30T16:00:00Z,-0.00114788,0.39530,323754383,153628529
2023-05-01T00:00:00Z,-0.00031445,0.39000,210026974,98588083
2023-05-01T08:00:00Z,-0.00053672,0.38640,164482360,78138631
2023-05-01T16:00:00Z,-0.00031375,0.38640,199647189,100633282
2023-05-02T00:00:00Z,-0.00070780,0.38640,93916107,43958810
2023-05-02T08:00:00Z,-0.00063306,0.38980,202374470,103140046
2023-05-02T16:00:00Z,-0.00028859,0.39140,146278483,74255001
2023-05-03T00:00:00Z,-0.00068407,0.38460,160202304,68424234
2023-05-03T08:00:00Z,-0.00091707,0.38060,194845668,92114710
2023-05-03T16:00:00Z,-0.00021402,0.39390,336635995,173803214
2023-05-04T00:00:00Z,-0.00019012,0.39230,158607631,87817684
2023-05-04T08:00:00Z,-0.00075295,0.38880,170400554,84815734
2023-05-04T16:00:00Z,-0.00052629,0.38700,119405507,55124837
2023-05-05T00:00:00Z,-0.00035253,0.38860,133064944,67640314
2023-05-05T08:00:00Z,-0.00022187,0.39250,211899322,113182715
2023-05-05T16:00:00Z,-0.00078464,0.39380,164622831,82153931
2023-05-06T00:00:00Z,-0.00055485,0.38720,135940032,64914775
2023-05-06T08:00:00Z,-0.00054373,0.37580,250079213,113190694
2023-05-06T16:00:00Z,-0.00059253,0.37850,118450042,58816139
2023-05-07T00:00:00Z,-0.00070191,0.38060,93431652,49705308
2023-05-07T08:00:00Z,-0.00024297,0.38060,106409668,53861327
2023-05-07T16:00:00Z,-0.00007209,0.37590,145304036,67971850
2023-05-08T00:00:00Z,-0.00036050,0.36580,294319188,141230465
2023-05-08T08:00:00Z,-0.00040991,0.37380,197076238,100847896
2023-05-08T16:00:00Z,-0.00039742,0.36510,355959377,175716735
2023-05-09T00:00:00Z,-0.00069336,0.36490,154498771,77188139
2023-05-09T08:00:00Z,-0.00047399,0.36090,170187887,85017573
2023-05-09T16:00:00Z,-0.00059548,0.36290,133030890,66293626
2023-05-10T00:00:00Z,-0.00057568,0.36090,119072030,60691884
2023-05-10T08:00:00Z,-0.00057123,0.37010,388529984,183739512
2023-05-10T16:00:00Z,-0.00069960,0.36890,390259108,192177669
2023-05-11T00:00:00Z,-0.00070624,0.36410,137255282,70172957
2023-05-11T08:00:00Z,-0.00089734,0.35440,322004631,154370394
2023-05-11T16:00:00Z,-0.00058990,0.35960,255379483,127537443
2023-05-12T00:00:00Z,-0.00015778,0.36090,260089990,135353075
2023-05-12T08:00:00Z,-0.00038463,0.35910,265404313,140647210
2023-05-12T16:00:00Z,-0.00041881,0.37010,270938816,138260467
2023-05-13T00:00:00Z,-0.00035923,0.36810,102253481,51281883
2023-05-13T08:00:00Z,-0.00020910,0.36340,106370706,54113944
2023-05-13T16:00:00Z,-0.00015074,0.36440,109532296,51408682
2023-05-14T00:00:00Z,-0.00027886,0.36700,101217798,51752065
2023-05-14T08:00:00Z,-0.00047195,0.37230,110894713,59016009
2023-05-14T16:00:00Z,-0.00055170,0.37070,102908170,48540544
2023-05-15T00:00:00Z,-0.00033799,0.37380,223773386,112752075
2023-05-15T08:00:00Z,-0.00057433,0.37060,149924532,68018387
2023-05-15T16:00:00Z,-0.00029102,0.36670,128145149,60649464
2023-05-16T00:00:00Z,-0.00030255,0.36810,185005788,91371600
2023-05-16T08:00:00Z,-0.00041157,0.36720,191720134,90949604
2023-05-16T16:00:00Z,-0.00015046,0.36820,95547759,51366443
2023-05-17T00:00:00Z,-0.00017410,0.36630,239914928,123042564
2023-05-17T08:00:00Z,-0.00063372,0.36660,190981059,92449974
2023-05-17T16:00:00Z,-0.00002155,0.37550,243435897,123838770
2023-05-18T00:00:00Z,-0.00001923,0.37800,171098525,94627801
2023-05-18T08:00:00Z,-0.00032750,0.37370,203741849,99055448
2023-05-18T16:00:00Z,-0.00034622,0.37120,253379861,121136814
2023-05-19T00:00:00Z,-0.00015835,0.36940,163494094,69334187
2023-05-19T08:00:00Z,-0.00043451,0.36930,148340317,76123713
2023-05-19T16:00:00Z,-0.00030485,0.36780,106968615,50840553
2023-05-20T00:00:00Z,-0.00060836,0.36430,126066613,57330065
2023-05-20T08:00:00Z,-0.00076271,0.36560,67749230,34305751
2023-05-20T16:00:00Z,-0.00028619,0.36600,82042756,41364638
2023-05-21T00:00:00Z,-0.00053295,0.36470,59830755,27513236
2023-05-21T08:00:00Z,-0.00024592,0.36000,153940798,71345288
2023-05-21T16:00:00Z,-0.00021858,0.36010,94063056,45632659
2023-05-22T00:00:00Z,-0.00057617,0.36270,133565891,65022994
2023-05-22T08:00:00Z,-0.00035450,0.36720,386876382,205812143
2023-05-22T16:00:00Z,-0.00024848,0.36770,91300242,47207924
2023-05-23T00:00:00Z,-0.00033371,0.37070,175219989,85467989
2023-05-23T08:00:00Z,-0.00006920,0.37080,94366459,46763129
2023-05-23T16:00:00Z,-0.00050177,0.37020,75002175,37866556
2023-05-24T00:00:00Z,-0.00018466,0.36610,235193384,122099455
2023-05-24T08:00:00Z,-0.00019993,0.36160,192239655,96750070
2023-05-24T16:00:00Z,-0.00020795,0.36370,96231982,47980191
2023-05-25T00:00:00Z,-0.00059350,0.35620,228998172,96578559
2023-05-25T08:00:00Z,-0.00045577,0.35610,126381160,61596894
2023-05-25T16:00:00Z,-0.00056658,0.35790,151384745,76981048
2023-05-26T00:00:00Z,-0.00061931,0.35810,137050585,67595903
2023-05-26T08:00:00Z,-0.00060901,0.36010,146464009,72380955
2023-05-26T16:00:00Z,-0.00028790,0.36250,176061269,99665037
2023-05-27T00:00:00Z,-0.00023217,0.36390,98592387,52870849
2023-05-27T08:00:00Z,0,0.36360,75657760,37898365
2023-05-27T16:00:00Z,-0.00012244,0.36660,66388385,34170362
2023-05-28T00:00:00Z,-0.00004613,0.37340,141251458,74665458
2023-05-28T08:00:00Z,-0.00001862,0.37580,279001483,145013990
2023-05-28T16:00:00Z,-0.00014229,0.38270,166021334,85688923
2023-05-29T00:00:00Z,0.00015363,0.37910,135514567,68906820
2023-05-29T08:00:00Z,0.00004075,0.37770,180928813,97851122
2023-05-29T16:00:00Z,-0.00000531,0.37880,112232350,58366718
2023-05-30T00:00:00Z,-0.00034583,0.37940,95369212,49882946
2023-05-30T08:00:00Z,-0.00024382,0.37660,170300421,88355200
2023-05-30T16:00:00Z,-0.00030823,0.37760,91891175,44801232
2023-05-31T00:00:00Z,-0.00040074,0.37540,141560847,69234382
2023-05-31T08:00:00Z,-0.00037639,0.37180,117650336,57990925
2023-05-31T16:00:00Z,-0.00014790,0.37430,110501332,54889654
2023-06-01T00:00:00Z,-0.00073772,0.36320,230539535,96096391
2023-06-01T08:00:00Z,-0.00018474,0.36420,147960797,71130880
2023-06-01T16:00:00Z,-0.00072740,0.36410,130764881,62449128
2023-06-02T00:00:00Z,-0.00006567,0.37190,217066018,113963960
2023-06-02T08:00:00Z,0,0.37520,239293200,125836737
2023-06-02T16:00:00Z,-0.00013225,0.37810,87847494,43659390
2023-06-03T00:00:00Z,-0.00049738,0.37640,70171051,33220909
2023-06-03T08:00:00Z,-0.00000602,0.37730,66533767,34511136
2023-06-03T16:00:00Z,0.00002433,0.37610,81735501,39728468
2023-06-04T00:00:00Z,0,0.38040,91685846,49356354
2023-06-04T08:00:00Z,0.00005046,0.38010,94480657,45535974
2023-06-04T16:00:00Z,-0.00002816,0.37730,98312973,48276525
2023-06-05T00:00:00Z,-0.00005589,0.37500,134123702,65380249
2023-06-05T08:00:00Z,0.00150225,0.35610,254996597,116729572
2023-06-05T16:00:00Z,-0.00046850,0.35110,404673464,188373717
2023-06-06T00:00:00Z,-0.00001788,0.35210,109199361,52330038
2023-06-06T08:00:00Z,-0.00055511,0.34940,440273712,208819963
2023-06-06T16:00:00Z,-0.00024848,0.35280,250217908,121830764
2023-06-07T00:00:00Z,-0.00031000,0.34070,184597334,83204517
2023-06-07T08:00:00Z,-0.00036977,0.32520,530899130,258081963
2023-06-07T16:00:00Z,-0.00040524,0.32200,413760809,204341419
2023-06-08T00:00:00Z,-0.00032253,0.32760,298658291,161396822
2023-06-08T08:00:00Z,-0.00057923,0.32850,233543031,116040220
2023-06-08T16:00:00Z,-0.00029001,0.32270,195959311,93535719
2023-06-09T00:00:00Z,-0.00033368,0.31370,284080967,137091398
2023-06-09T08:00:00Z,-0.00055465,0.31110,470114522,231425259
2023-06-09T16:00:00Z,-0.00053183,0.29480,1025707887,497111434
2023-06-10T00:00:00Z,-0.00134575,0.24000,2850540915,1371028205
2023-06-10T08:00:00Z,-0.00123130,0.25390,1404487712,692351442
2023-06-10T16:00:00Z,-0.00111245,0.27440,1184164178,594729814
2023-06-11T00:00:00Z,-0.00040632,0.26190,800578125,398662621
2023-06-11T08:00:00Z,-0.00090511,0.26400,1018428371,515667245
2023-06-11T16:00:00Z,-0.00059125,0.27170,712286788,359927913
2023-06-12T00:00:00Z,-0.00104804,0.27790,841373105,422234545
2023-06-12T08:00:00Z,-0.00022928,0.27710,755594858,376329626
2023-06-12T16:00:00Z,-0.00088379,0.27450,481402151,244763098
2023-06-13T00:00:00Z,-0.00030165,0.27930,365171464,183616705
2023-06-13T08:00:00Z,-0.00063850,0.26970,861517326,422313146
2023-06-13T16:00:00Z,-0.00074903,0.27500,278667105,144066448
2023-06-14T00:00:00Z,-0.00078882,0.27060,239700771,116599344
2023-06-14T08:00:00Z,-0.00040745,0.27340,302559932,154225534
2023-06-14T16:00:00Z,-0.00049528,0.26320,768819915,378277525
2023-06-15T00:00:00Z,-0.00043222,0.25610,414633379,197011745
2023-06-15T08:00:00Z,-0.00041458,0.25770,437667976,220821632
2023-06-15T16:00:00Z,-0.00015013,0.26190,484379658,241335120
2023-06-16T00:00:00Z,-0.00046591,0.26270,166616316,83446133
2023-06-16T08:00:00Z,0.00008664,0.25970,428185053,208917422
2023-06-16T16:00:00Z,-0.00043466,0.26300,349129638,177589938
2023-06-17T00:00:00Z,-0.00023209,0.26980,343677503,183131235
2023-06-17T08:00:00Z,-0.00036911,0.26560,261899637,127679737
2023-06-17T16:00:00Z,-0.00070985,0.26650,161254970,79745760
2023-06-18T00:00:00Z,-0.00011902,0.26650,208939711,102580580
2023-06-18T08:00:00Z,-0.00018204,0.26730,160593390,82661309
2023-06-18T16:00:00Z,-0.00055343,0.26070,297415999,141313409
2023-06-19T00:00:00Z,-0.00027826,0.26000,150357637,73967628
2023-06-19T08:00:00Z,-0.00041167,0.25890,215887920,105339926
2023-06-19T16:00:00Z,-0.00062955,0.26310,388123890,194895766
2023-06-20T00:00:00Z,-0.00050553,0.25900,227101316,116193357
2023-06-20T08:00:00Z,-0.00120770,0.25680,334960573,156789791
2023-06-20T16:00:00Z,-0.00053367,0.27030,545618108,286323302
2023-06-21T00:00:00Z,-0.00044260,0.27790,505208199,256588873
2023-06-21T08:00:00Z,-0.00087843,0.28190,475495248,241744661
2023-06-21T16:00:00Z,-0.00066046,0.28600,495093829,244033118
2023-06-22T00:00:00Z,-0.00070109,0.30190,572946086,298225713
2023-06-22T08:00:00Z,-0.00047743,0.29030,714297900,337016161
2023-06-22T16:00:00Z,-0.00078803,0.28970,226795771,113023129
2023-06-23T00:00:00Z,-0.00036064,0.29340,175084510,88703032
2023-06-23T08:00:00Z,-0.00196400,0.29920,449162150,229902522
2023-06-23T16:00:00Z,-0.00019062,0.29650,450136248,223093499
2023-06-24T00:00:00Z,-0.00098334,0.29320,265692115,134542571
2023-06-24T08:00:00Z,-0.00017523,0.28670,283167006,137030665
2023-06-24T16:00:00Z,-0.00046609,0.28920,276958568,140947338
2023-06-25T00:00:00Z,-0.00011865,0.29720,259459754,132544566
2023-06-25T08:00:00Z,-0.00066827,0.29310,411387397,211727403
2023-06-25T16:00:00Z,-0.00034619,0.29180,191728185,90263037
2023-06-26T00:00:00Z,-0.00049385,0.29010,296451909,144811251
2023-06-26T08:00:00Z,-0.00025184,0.28920,263714600,130522438
2023-06-26T16:00:00Z,-0.00060541,0.28020,399007052,190820559
2023-06-27T00:00:00Z,-0.00038211,0.28280,254139983,112781996
2023-06-27T08:00:00Z,-0.00072286,0.27990,316335185,156490718
2023-06-27T16:00:00Z,-0.00049642,0.28650,283943548,137152363
2023-06-28T00:00:00Z,-0.00095856,0.27510,419557156,202338687
2023-06-28T08:00:00Z,-0.00004422,0.27470,373401280,186349649
2023-06-28T16:00:00Z,-0.00038670,0.26670,406765486,195766470
2023-06-29T00:00:00Z,-0.00126924,0.27260,244695663,133574088
2023-06-29T08:00:00Z,-0.00060984,0.27410,352199362,178904718
2023-06-29T16:00:00Z,-0.00096152,0.27500,189234958,94845243
2023-06-30T00:00:00Z,-0.00037207,0.28370,477559270,241311048
2023-06-30T08:00:00Z,-0.00056064,0.27740,1033905095,513531246
2023-06-30T16:00:00Z,-0.00021227,0.28680,371452412,188289968
2023-07-01T00:00:00Z,-0.00047255,0.28620,299001088,145904448
2023-07-01T08:00:00Z,-0.00053148,0.28830,301608053,153550005
2023-07-01T16:00:00Z,-0.00019564,0.29220,146575793,73894342
2023-07-02T00:00:00Z,-0.00042670,0.28920,254653718,125712698
2023-07-02T08:00:00Z,-0.00013830,0.28900,241713134,120530606
2023-07-02T16:00:00Z,-0.00050537,0.29150,257762993,127857734
2023-07-03T00:00:00Z,0,0.29430,235907418,122010741
2023-07-03T08:00:00Z,0,0.29540,279797813,130592631
2023-07-03T16:00:00Z,0,0.29660,258001069,127922590
2023-07-04T00:00:00Z,-0.00103064,0.29490,309718155,156724361
2023-07-04T08:00:00Z,0,0.29350,286062619,139012777
2023-07-04T16:00:00Z,-0.00019921,0.29230,263672525,130604906
2023-07-05T00:00:00Z,0,0.29510,133267326,69340225
2023-07-05T08:00:00Z,-0.00050577,0.28240,497895724,238158941
2023-07-05T16:00:00Z,-0.00080455,0.28370,193815423,95939583
2023-07-06T00:00:00Z,-0.00067970,0.28780,268865259,143352927
2023-07-06T08:00:00Z,-0.00110659,0.28210,508466661,247814552
2023-07-06T16:00:00Z,-0.00024460,0.27830,311439437,153030142
2023-07-07T00:00:00Z,-0.00064152,0.27940,254494804,122587097
2023-07-07T08:00:00Z,-0.00052627,0.28390,252164588,125557122
2023-07-07T16:00:00Z,-0.00017362,0.28430,133704970,64730204
2023-07-08T00:00:00Z,-0.00064109,0.28440,212876921,98561501
2023-07-08T08:00:00Z,-0.00091080,0.28870,175266565,90090120
2023-07-08T16:00:00Z,-0.00059346,0.29040,201760855,102675558
2023-07-09T00:00:00Z,-0.00048206,0.28600,156361662,74102382
2023-07-09T08:00:00Z,-0.00049328,0.28600,189175292,91981025
2023-07-09T16:00:00Z,-0.00076374,0.28420,120583175,58166151
2023-07-10T00:00:00Z,-0.00019608,0.28300,298982109,142558105
2023-07-10T08:00:00Z,-0.00058269,0.28770,285613055,147061034
2023-07-10T16:00:00Z,-0.00030156,0.28760,284487255,146892621
2023-07-11T00:00:00Z,-0.00032188,0.29140,239065678,130766200
2023-07-11T08:00:00Z,-0.00038012,0.29040,181829973,91542607
2023-07-11T16:00:00Z,-0.00037417,0.29270,166704432,85379912
2023-07-12T00:00:00Z,-0.00027771,0.29340,168028625,85040892
2023-07-12T08:00:00Z,-0.00016512,0.29050,227760104,110857469
2023-07-12T16:00:00Z,-0.00055255,0.28880,182993340,85656370
2023-07-13T00:00:00Z,-0.00040124,0.28610,121646638,60062183
2023-07-13T08:00:00Z,-0.00337989,0.31130,545343147,288145811
2023-07-13T16:00:00Z,-0.00033550,0.35650,1944470243,972323711
2023-07-14T00:00:00Z,0.00039690,0.35260,966938124,473425322
2023-07-14T08:00:00Z,0.00056189,0.34740,555461623,271975388
2023-07-14T16:00:00Z,0.00009812,0.32790,846721091,416516222
2023-07-15T00:00:00Z,-0.00023719,0.33460,312414964,157413682
2023-07-15T08:00:00Z,-0.00026872,0.33070,251153957,121797992
2023-07-15T16:00:00Z,-0.00067005,0.32570,196845150,95579843
2023-07-16T00:00:00Z,-0.00063099,0.32060,269042441,130111127
2023-07-16T08:00:00Z,-0.00062498,0.32100,333421150,164908310
2023-07-16T16:00:00Z,-0.00125398,0.31410,265629694,127960996
2023-07-17T00:00:00Z,0,0.31660,183774370,89692086
2023-07-17T08:00:00Z,-0.00019624,0.31320,345787663,165713027
2023-07-17T16:00:00Z,-0.00002294,0.31180,282197636,140159125
2023-07-18T00:00:00Z,0,0.30630,259212579,126310971
2023-07-18T08:00:00Z,-0.00022744,0.30470,335908147,168282888
2023-07-18T16:00:00Z,-0.00085559,0.30920,255675781,125448760
2023-07-19T00:00:00Z,-0.00006957,0.31570,475825981,233075889
2023-07-19T08:00:00Z,0,0.31260,374277421,184369015
2023-07-19T16:00:00Z,-0.00038082,0.32240,514997156,255175710
2023-07-20T00:00:00Z,0,0.32540,542768631,264067498
2023-07-20T08:00:00Z,-0.00009266,0.31750,389643512,188022350
2023-07-20T16:00:00Z,-0.00038996,0.31590,230696087,111761179
2023-07-21T00:00:00Z,-0.00038387,0.31200,174199292,84683137
2023-07-21T08:00:00Z,0,0.31370,179817433,92872243
2023-07-21T16:00:00Z,-0.00050215,0.31250,153313027,77527303
2023-07-22T00:00:00Z,-0.00007107,0.31270,89814226,43348108
2023-07-22T08:00:00Z,-0.00011734,0.31360,162629662,77242333
2023-07-22T16:00:00Z,-0.00044872,0.30990,133571364,63886851
2023-07-23T00:00:00Z,-0.00055089,0.31570,159093174,80011323
2023-07-23T08:00:00Z,-0.00013091,0.31430,88391256,41860067
2023-07-23T16:00:00Z,-0.00079046,0.31690,123150812,63658495
2023-07-24T00:00:00Z,0.00003129,0.31480,171649267,81181077
2023-07-24T08:00:00Z,-0.00025441,0.30250,407272421,190266145
2023-07-24T16:00:00Z,-0.00066795,0.30500,137987919,71758080
2023-07-25T00:00:00Z,-0.00044296,0.30320,137923204,68634279
2023-07-25T08:00:00Z,-0.00040330,0.30430,221759345,108279888
2023-07-25T16:00:00Z,-0.00025512,0.30360,154705840,74445832
2023-07-26T00:00:00Z,-0.00048115,0.30160,201247349,96155896
2023-07-26T08:00:00Z,-0.00022831,0.30540,150288169,74507069
2023-07-26T16:00:00Z,-0.00095863,0.30650,292097071,148558730
2023-07-27T00:00:00Z,-0.00023338,0.31070,126742349,64488759
2023-07-27T08:00:00Z,-0.00036413,0.30840,162067378,78331416
2023-07-27T16:00:00Z,-0.00019061,0.30760,109811307,55097798
2023-07-28T00:00:00Z,-0.00044095,0.30760,109085424,53356400
2023-07-28T08:00:00Z,-0.00027814,0.31090,175135082,90002087
2023-07-28T16:00:00Z,-0.00022117,0.30970,79088322,38715526
2023-07-29T00:00:00Z,-0.00059722,0.31050,115383152,55475186
2023-07-29T08:00:00Z,-0.00038164,0.31050,78898306,38123652
2023-07-29T16:00:00Z,-0.00000597,0.31290,84048296,42937503
2023-07-30T00:00:00Z,-0.00018166,0.31460,116464269,58212578
2023-07-30T08:00:00Z,-0.00035012,0.31380,126139632,61653877
2023-07-30T16:00:00Z,0,0.31560,247803409,121254895
2023-07-31T00:00:00Z,-0.00023847,0.31220,200925973,92928807
2023-07-31T08:00:00Z,-0.00051826,0.31140,153500278,73943364
2023-07-31T16:00:00Z,-0.00058816,0.30690,182337027,87241430
2023-08-01T00:00:00Z,-0.00027201,0.30460,311412781,153916234
2023-08-01T08:00:00Z,-0.00011721,0.30520,182578519,87092421
2023-08-01T16:00:00Z,-0.00034610,0.31020,141366462,75369604
2023-08-02T00:00:00Z,-0.00076164,0.30550,130560744,62834595
2023-08-02T08:00:00Z,-0.00043699,0.30280,192777706,93692647
2023-08-02T16:00:00Z,-0.00068166,0.29920,215077634,100711427
2023-08-03T00:00:00Z,-0.00069873,0.29510,202242356,90670890
2023-08-03T08:00:00Z,-0.00086680,0.29620,234351826,118636787
2023-08-03T16:00:00Z,-0.00065405,0.29200,204341781,97295699
2023-08-04T00:00:00Z,-0.00029417,0.29260,115958008,54609342
2023-08-04T08:00:00Z,-0.00062500,0.29570,140568177,69184424
2023-08-04T16:00:00Z,-0.00036609,0.29330,166843337,80615162
2023-08-05T00:00:00Z,-0.00003032,0.29100,94875205,46828027
2023-08-05T08:00:00Z,-0.00043720,0.29100,112246751,54585555
2023-08-05T16:00:00Z,-0.00034444,0.29370,76350430,37274121
2023-08-06T00:00:00Z,-0.00053368,0.29430,85739832,40326295
2023-08-06T08:00:00Z,0,0.29110,92780337,43243546
2023-08-06T16:00:00Z,-0.00069984,0.29210,80004661,39496694
2023-08-07T00:00:00Z,-0.00003788,0.29230,136632350,67517973
2023-08-07T08:00:00Z,-0.00027846,0.28920,228909494,120382260
2023-08-07T16:00:00Z,-0.00028629,0.29090,248638412,121268740
2023-08-08T00:00:00Z,-0.00065354,0.29080,177210382,79889826
2023-08-08T08:00:00Z,-0.00030722,0.29510,173582729,87803012
2023-08-08T16:00:00Z,-0.00000869,0.29730,305375563,156327719
2023-08-09T00:00:00Z,-0.00001368,0.29930,98750556,51460876
2023-08-09T08:00:00Z,-0.00037867,0.29790,147982756,71493544
2023-08-09T16:00:00Z,0,0.30130,145523450,73566272
2023-08-10T00:00:00Z,-0.00015363,0.29710,142026826,60792099
2023-08-10T08:00:00Z,-0.00023428,0.29730,156305488,77077870
2023-08-10T16:00:00Z,-0.00042276,0.29620,89121479,42944223
2023-08-11T00:00:00Z,-0.00053735,0.29610,81348496,40087669
2023-08-11T08:00:00Z,-0.00021705,0.29410,96742935,45116221
2023-08-11T16:00:00Z,-0.00033342,0.29310,69538903,33757906
2023-08-12T00:00:00Z,-0.00055467,0.29390,67462229,33109007
2023-08-12T08:00:00Z,-0.00029806,0.29370,56557507,28852217
2023-08-12T16:00:00Z,-0.00050526,0.29170,87288023,39079603
2023-08-13T00:00:00Z,-0.00008316,0.29070,73033663,35352961
2023-08-13T08:00:00Z,-0.00042998,0.29060,71834661,35853792
2023-08-13T16:00:00Z,-0.00063286,0.28930,160394470,75177915
2023-08-14T00:00:00Z,-0.00033572,0.29040,98235183,49748050
2023-08-14T08:00:00Z,-0.00060971,0.29140,95369711,48313028
2023-08-14T16:00:00Z,-0.00052478,0.29040,124607688,61087783
2023-08-15T00:00:00Z,-0.00052249,0.28990,66964919,31732840
2023-08-15T08:00:00Z,-0.00101376,0.28770,94645770,44633755
2023-08-15T16:00:00Z,-0.00104676,0.28180,342381501,161998765
2023-08-16T00:00:00Z,-0.00081862,0.27930,130891994,59709544
2023-08-16T08:00:00Z,-0.00021901,0.27330,306671161,149784476
2023-08-16T16:00:00Z,-0.00057600,0.27460,385824406,188288317
2023-08-17T00:00:00Z,-0.00065786,0.27660,175300985,84517220
2023-08-17T08:00:00Z,0.00052591,0.26860,299435757,148488649
2023-08-17T16:00:00Z,-0.00076953,0.25490,759637721,365282854
2023-08-18T00:00:00Z,-0.00104816,0.26370,343079800,167117017
2023-08-18T08:00:00Z,-0.00019778,0.26260,295948392,144064927
2023-08-18T16:00:00Z,-0.00063035,0.26360,269378552,142272119
2023-08-19T00:00:00Z,-0.00053279,0.26280,124103800,57988299
2023-08-19T08:00:00Z,-0.00100403,0.26850,175815540,89790373
2023-08-19T16:00:00Z,-0.00044473,0.26860,136400962,71460441
2023-08-20T00:00:00Z,-0.00034170,0.26540,97317824,43616083
2023-08-20T08:00:00Z,-0.00024570,0.26880,154828403,78367417
2023-08-20T16:00:00Z,-0.00057036,0.27010,153976190,80901697
2023-08-21T00:00:00Z,0,0.26740,143660171,69362351
2023-08-21T08:00:00Z,-0.00071062,0.26120,289891729,139864941
2023-08-21T16:00:00Z,-0.00042603,0.26270,121439141,61160329
2023-08-22T00:00:00Z,-0.00050046,0.26150,99617820,50517219
2023-08-22T08:00:00Z,-0.00043933,0.25580,223165846,106884488
2023-08-22T16:00:00Z,-0.00097919,0.25830,398655614,194128789
2023-08-23T00:00:00Z,-0.00078089,0.25980,130674339,65185293
2023-08-23T08:00:00Z,-0.00034223,0.26270,155636943,80576628
2023-08-23T16:00:00Z,-0.00048887,0.26790,218231412,110271364
2023-08-24T00:00:00Z,-0.00059306,0.26870,110696806,54586955
2023-08-24T08:00:00Z,-0.00018765,0.26240,176249263,83667128
2023-08-24T16:00:00Z,-0.00099222,0.26560,145600598,77861784
2023-08-25T00:00:00Z,0,0.26170,340417186,170226279
2023-08-25T08:00:00Z,-0.00091314,0.26030,235010863,118625376
2023-08-25T16:00:00Z,-0.00084208,0.26100,109759359,53842304
2023-08-26T00:00:00Z,-0.00084530,0.26000,96371303,44478642
2023-08-26T08:00:00Z,-0.00037765,0.26040,103780864,53438278
2023-08-26T16:00:00Z,-0.00066789,0.26070,56945227,26526653
2023-08-27T00:00:00Z,-0.00024602,0.26300,104839523,53757710
2023-08-27T08:00:00Z,-0.00028227,0.26340,97078042,47072325
2023-08-27T16:00:00Z,-0.00086022,0.26310,66893243,32872791
2023-08-28T00:00:00Z,-0.00049663,0.25970,98646747,45270399
2023-08-28T08:00:00Z,-0.00046427,0.26540,171377692,89455716
2023-08-28T16:00:00Z,-0.00045046,0.26740,131730465,67974567
2023-08-29T00:00:00Z,-0.00062775,0.26250,117935892,58498795
2023-08-29T08:00:00Z,-0.00188193,0.27370,568294475,289296490
2023-08-29T16:00:00Z,-0.00050154,0.27240,284616892,142642968
2023-08-30T00:00:00Z,-0.00043171,0.26580,189254151,92974454
2023-08-30T08:00:00Z,-0.00088325,0.26250,296173366,145591209
2023-08-30T16:00:00Z,-0.00056151,0.26520,115194267,57769084
2023-08-31T00:00:00Z,-0.00048744,0.26510,101509718,51473136
2023-08-31T08:00:00Z,-0.00040163,0.25900,233303020,110506813
2023-08-31T16:00:00Z,-0.00046207,0.25530,390829758,187910281
2023-09-01T00:00:00Z,-0.00017579,0.25590,122410569,60116468
2023-09-01T08:00:00Z,-0.00033136,0.25540,152425033,77287557
2023-09-01T16:00:00Z,-0.00087366,0.25480,227359018,113809105
2023-09-02T00:00:00Z,-0.00046175,0.25520,54954373,27097992
2023-09-02T08:00:00Z,-0.00054547,0.25610,76399116,39611228
2023-09-02T16:00:00Z,-0.00076714,0.25600,79371728,37315022
2023-09-03T00:00:00Z,-0.00065735,0.25550,56571214,28170260
2023-09-03T08:00:00Z,-0.00090662,0.25370,89706996,42609901
2023-09-03T16:00:00Z,-0.00075324,0.25570,97228857,48502396
2023-09-04T00:00:00Z,-0.00050285,0.25680,112112043,55109793
2023-09-04T08:00:00Z,-0.00048634,0.25560,102924744,49014791
2023-09-04T16:00:00Z,-0.00035440,0.25610,89199781,43803095
2023-09-05T00:00:00Z,-0.00031702,0.25680,114443616,57115666
2023-09-05T08:00:00Z,-0.00023566,0.25760,107391258,56669890
2023-09-05T16:00:00Z,-0.00029077,0.25770,80541744,39414464
2023-09-06T00:00:00Z,-0.00048106,0.25580,121846328,59723877
2023-09-06T08:00:00Z,-0.00042228,0.25490,94248966,47133986
2023-09-06T16:00:00Z,-0.00043614,0.25760,168694916,87351273
2023-09-07T00:00:00Z,-0.00005506,0.25660,85543273,43073947
2023-09-07T08:00:00Z,-0.00102126,0.25490,104904579,52423477
2023-09-07T16:00:00Z,0,0.25780,138024883,68448496
2023-09-08T00:00:00Z,-0.00044828,0.25800,118822237,61364435
2023-09-08T08:00:00Z,-0.00095150,0.25390,148290728,69298918
2023-09-08T16:00:00Z,-0.00072955,0.25420,79594768,36654923
2023-09-09T00:00:00Z,-0.00070663,0.25530,55847228,29685851
2023-09-09T08:00:00Z,-0.00085491,0.25400,55693974,26480150
2023-09-09T16:00:00Z,-0.00094554,0.25300,46232938,21556179
2023-09-10T00:00:00Z,-0.00014556,0.24940,240659850,115825766
2023-09-10T08:00:00Z,-0.00029372,0.24770,119612408,56120631
2023-09-10T16:00:00Z,-0.00050766,0.24880,162376074,79346609
2023-09-11T00:00:00Z,-0.00016131,0.24640,121370743,57342567
2023-09-11T08:00:00Z,-0.00054703,0.24230,340508615,166034212
2023-09-11T16:00:00Z,-0.00076979,0.24190,190060911,93039986
2023-09-12T00:00:00Z,-0.00047288,0.24570,196695414,100176999
2023-09-12T08:00:00Z,-0.00042985,0.24880,206459295,105592199
2023-09-12T16:00:00Z,-0.00027635,0.24540,156351030,75093542
2023-09-13T00:00:00Z,-0.00012508,0.24520,168682839,83888456
2023-09-13T08:00:00Z,-0.00030908,0.24850,169020523,88446474
2023-09-13T16:00:00Z,-0.00081863,0.24850,95501403,49209414
2023-09-14T00:00:00Z,-0.00018899,0.24730,173216468,82352019
2023-09-14T08:00:00Z,-0.00041319,0.25060,149660902,74372273
2023-09-14T16:00:00Z,-0.00040189,0.25120,104743297,53247963
2023-09-15T00:00:00Z,-0.00068248,0.25080,128053435,65050449
2023-09-15T08:00:00Z,-0.00053450,0.24800,141543090,69295588
2023-09-15T16:00:00Z,-0.00088960,0.25040,149764744,75096587
2023-09-16T00:00:00Z,-0.00028661,0.25060,158973195,79097477
2023-09-16T08:00:00Z,-0.00084536,0.24960,111552832,55924540
2023-09-16T16:00:00Z,-0.00039548,0.25010,68262614,33168109
2023-09-17T00:00:00Z,-0.00096124,0.24810,130155675,64989424
2023-09-17T08:00:00Z,-0.00032024,0.24970,64573088,32378228
2023-09-17T16:00:00Z,-0.00093164,0.24680,145574661,71910685
2023-09-18T00:00:00Z,-0.00093743,0.24810,143643315,70509686
2023-09-18T08:00:00Z,-0.00029705,0.25400,240636837,121028270
2023-09-18T16:00:00Z,-0.00038600,0.25140,181761607,94478299
2023-09-19T00:00:00Z,-0.00024903,0.25230,115772467,56889079
2023-09-19T08:00:00Z,0,0.25690,212475789,111690355
2023-09-19T16:00:00Z,-0.00084503,0.25460,86020168,43717777
2023-09-20T00:00:00Z,-0.00023323,0.25300,105865765,51067190
2023-09-20T08:00:00Z,-0.00071036,0.25500,159024029,79944650
2023-09-20T16:00:00Z,-0.00080277,0.25140,252499795,115528117
2023-09-21T00:00:00Z,-0.00103362,0.24950,136847419,62542171
2023-09-21T08:00:00Z,-0.00113573,0.24810,203672219,98474319
2023-09-21T16:00:00Z,-0.00059353,0.24480,113065431,57548654
2023-09-22T00:00:00Z,-0.00022444,0.24560,130529457,72216119
2023-09-22T08:00:00Z,-0.00023098,0.24420,102472988,53430571
2023-09-22T16:00:00Z,-0.00013813,0.24480,118502981,62183787
2023-09-23T00:00:00Z,-0.00029379,0.24530,78473167,38599999
2023-09-23T08:00:00Z,0,0.24520,65333537,31652970
2023-09-23T16:00:00Z,-0.00060721,0.24590,55921506,26660958
2023-09-24T00:00:00Z,-0.00019467,0.24530,45480833,22206334
2023-09-24T08:00:00Z,0,0.24510,56899677,30102611
2023-09-24T16:00:00Z,-0.00061126,0.24250,140068900,64497218
2023-09-25T00:00:00Z,0,0.24500,125384794,62336962
2023-09-25T08:00:00Z,-0.00055718,0.24490,98156679,49845881
2023-09-25T16:00:00Z,-0.00027306,0.24570,78185689,39148751
2023-09-26T00:00:00Z,-0.00056832,0.24590,78227885,39525635
2023-09-26T08:00:00Z,-0.00105641,0.24460,108133299,49352611
2023-09-26T16:00:00Z,-0.00085575,0.24530,87768163,44152309
2023-09-27T00:00:00Z,0,0.24470,65135997,32044475
2023-09-27T08:00:00Z,-0.00069494,0.24390,221155811,109888380
2023-09-27T16:00:00Z,-0.00012316,0.24460,95733112,48025944
2023-09-28T00:00:00Z,-0.00020501,0.24490,97826172,48708585
2023-09-28T08:00:00Z,-0.00047732,0.24920,182392906,94187806
2023-09-28T16:00:00Z,-0.00002973,0.24890,146303306,73146081
2023-09-29T00:00:00Z,-0.00007293,0.25220,119586441,61189914
2023-09-29T08:00:00Z,-0.00016688,0.25490,218782222,106798759
2023-09-29T16:00:00Z,-0.00075264,0.24920,183290764,93085621
2023-09-30T00:00:00Z,-0.00040996,0.25030,99355455,48869205
2023-09-30T08:00:00Z,-0.00032413,0.25260,109932151,56035640
2023-09-30T16:00:00Z,-0.00032880,0.25380,111289357,54379604
2023-10-01T00:00:00Z,-0.00052535,0.25560,92949922,46090351
2023-10-01T08:00:00Z,-0.00057850,0.26010,284887683,141439984
2023-10-01T16:00:00Z,-0.00039029,0.26580,250423941,124990762
2023-10-02T00:00:00Z,-0.00026981,0.26610,185345167,89698289
2023-10-02T08:00:00Z,0,0.26390,281256858,137052595
2023-10-02T16:00:00Z,-0.00029009,0.25890,272675231,131914331
2023-10-03T00:00:00Z,-0.00019272,0.26260,146484340,71606401
2023-10-03T08:00:00Z,-0.00057174,0.26180,226897595,112116117
2023-10-03T16:00:00Z,-0.00044434,0.26080,212130006,102740263
2023-10-04T00:00:00Z,0,0.25650,246854558,123448246
2023-10-04T08:00:00Z,-0.00107472,0.25510,168183569,80341366
2023-10-04T16:00:00Z,-0.00041040,0.25880,144554463,72369325
2023-10-05T00:00:00Z,-0.00030026,0.25760,94778949,44863599
2023-10-05T08:00:00Z,-0.00036955,0.25980,274824946,138672470
2023-10-05T16:00:00Z,-0.00008244,0.26010,183952419,92190198
2023-10-06T00:00:00Z,-0.00054058,0.26360,125975509,63369797
2023-10-06T08:00:00Z,-0.00018883,0.26420,221966649,109634986
2023-10-06T16:00:00Z,-0.00024761,0.26450,128228195,65724837
2023-10-07T00:00:00Z,-0.00023076,0.26030,105685585,51812733
2023-10-07T08:00:00Z,-0.00038597,0.25870,146783110,73193371
2023-10-07T16:00:00Z,-0.00014363,0.25850,84907986,41509784
2023-10-08T00:00:00Z,0,0.25610,96182814,45942472
2023-10-08T08:00:00Z,-0.00050788,0.25690,100022048,48217673
2023-10-08T16:00:00Z,-0.00063765,0.25610,65390757,31192647
2023-10-09T00:00:00Z,-0.00097969,0.25660,110175573,53257326
2023-10-09T08:00:00Z,-0.00049287,0.25040,266667131,131242344
2023-10-09T16:00:00Z,0,0.25110,204169760,101911005
2023-10-10T00:00:00Z,-0.00053051,0.25230,98671078,49698747
2023-10-10T08:00:00Z,-0.00032946,0.24780,209639334,102746859
2023-10-10T16:00:00Z,-0.00025535,0.24890,119969105,58949544
2023-10-11T00:00:00Z,-0.00025471,0.24550,146399890,72424562
2023-10-11T08:00:00Z,-0.00039431,0.24650,167584092,83534120
2023-10-11T16:00:00Z,-0.00019377,0.24790,88734349,44567353
2023-10-12T00:00:00Z,-0.00058467,0.24570,82142142,39966155
2023-10-12T08:00:00Z,-0.00018151,0.24450,149376631,74279557
2023-10-12T16:00:00Z,-0.00060942,0.24580,126943899,63124675
2023-10-13T00:00:00Z,-0.00030438,0.24620,75844498,38280068
2023-10-13T08:00:00Z,-0.00054427,0.24640,81182658,40319093
2023-10-13T16:00:00Z,-0.00064389,0.24570,129189502,63655281
2023-10-14T00:00:00Z,-0.00005496,0.24500,56225353,26332796
2023-10-14T08:00:00Z,-0.00029927,0.24750,59989646,32312127
2023-10-14T16:00:00Z,-0.00062949,0.24670,51799694,25444833
2023-10-15T00:00:00Z,0,0.24750,51822543,25316843
2023-10-15T08:00:00Z,-0.00037892,0.24590,79669732,38254747
2023-10-15T16:00:00Z,-0.00081519,0.24710,84881722,42833589
2023-10-16T00:00:00Z,-0.00064858,0.25180,159165324,81321780
2023-10-16T08:00:00Z,-0.00041656,0.24990,394702030,196195583
2023-10-16T16:00:00Z,-0.00040989,0.25110,98326749,50276827
2023-10-17T00:00:00Z,-0.00044527,0.25040,71995168,34535780
2023-10-17T08:00:00Z,-0.00054359,0.24720,190439507,91232717
2023-10-17T16:00:00Z,-0.00066340,0.24620,78910124,38555746
2023-10-18T00:00:00Z,-0.00008372,0.24630,110547124,55312119
2023-10-18T08:00:00Z,-0.00070650,0.24480,108917754,55902176
2023-10-18T16:00:00Z,-0.00073558,0.24270,94447516,43048805
2023-10-19T00:00:00Z,-0.00021218,0.24190,152438602,72505586
2023-10-19T08:00:00Z,-0.00076654,0.24490,124313259,64411914
2023-10-19T16:00:00Z,-0.00006828,0.24690,134317885,70392635
2023-10-20T00:00:00Z,-0.00062316,0.24800,159058528,81966074
2023-10-20T08:00:00Z,-0.00046618,0.25050,230900111,117624831
2023-10-20T16:00:00Z,-0.00043691,0.25110,92599713,44153685
2023-10-21T00:00:00Z,-0.00036098,0.25240,95751998,48272095
2023-10-21T08:00:00Z,-0.00035925,0.25960,208168039,107485417
2023-10-21T16:00:00Z,-0.00019593,0.25850,178236996,90343671
2023-10-22T00:00:00Z,-0.00017385,0.25740,183813518,90345710
2023-10-22T08:00:00Z,-0.00026982,0.25720,111893834,55465307
2023-10-22T16:00:00Z,-0.00044893,0.26390,155623713,78419106
2023-10-23T00:00:00Z,0,0.26330,327249873,160466936
2023-10-23T08:00:00Z,-0.00064767,0.26400,224851218,111126203
2023-10-23T16:00:00Z,0,0.28090,477886882,241961577
2023-10-24T00:00:00Z,0,0.28010,414844670,205936867
2023-10-24T08:00:00Z,-0.00005834,0.27790,470412172,228841433
2023-10-24T16:00:00Z,-0.00001162,0.27910,229600826,110877706
2023-10-25T00:00:00Z,-0.00011213,0.27820,228125856,112503636
2023-10-25T08:00:00Z,-0.00022790,0.28830,235573049,117756504
2023-10-25T16:00:00Z,-0.00012945,0.28080,238494624,117053919
2023-10-26T00:00:00Z,0.00026426,0.29550,273040819,136059903
2023-10-26T08:00:00Z,-0.00042346,0.28570,426883802,209687074
2023-10-26T16:00:00Z,0,0.28720,180366960,90084766
2023-10-27T00:00:00Z,0,0.28180,155930014,76419246
2023-10-27T08:00:00Z,0,0.29170,220247130,109847585
2023-10-27T16:00:00Z,0,0.28930,179647136,86667167
2023-10-28T00:00:00Z,-0.00000354,0.29340,134084642,68092146
2023-10-28T08:00:00Z,0,0.29310,120656054,60149441
2023-10-28T16:00:00Z,-0.00058093,0.29070,71375802,33258123
2023-10-29T00:00:00Z,0,0.29200,80712088,42045234
2023-10-29T08:00:00Z,0,0.29670,128781935,65179471
2023-10-29T16:00:00Z,0.00014134,0.29550,119840262,59815748
2023-10-30T00:00:00Z,-0.00007197,0.29340,129108592,62531411
2023-10-30T08:00:00Z,0.00000028,0.30170,264657722,137399119
2023-10-30T16:00:00Z,0.00047519,0.30310,170012871,83990100
2023-10-31T00:00:00Z,0.00017254,0.29660,186412813,88499924
2023-10-31T08:00:00Z,0,0.28950,391959403,192659242
2023-10-31T16:00:00Z,0,0.29300,172504409,85915043
2023-11-01T00:00:00Z,0.00010069,0.28750,162976753,81202139
2023-11-01T08:00:00Z,0,0.28860,232212406,110227601
2023-11-01T16:00:00Z,0.00053092,0.30750,344558269,174708017
2023-11-02T00:00:00Z,0.00048748,0.30710,260122105,129636208
2023-11-02T08:00:00Z,0,0.30020,385213132,184673520
2023-11-02T16:00:00Z,0.00004645,0.32330,793378828,396285761
2023-11-03T00:00:00Z,0,0.32310,397616881,195802893
2023-11-03T08:00:00Z,0.00011957,0.32070,293316738,141310968
2023-11-03T16:00:00Z,0,0.32920,220192063,110187072
2023-11-04T00:00:00Z,0,0.32530,114592966,55318122
2023-11-04T08:00:00Z,0.00015405,0.32200,134395842,61207847
2023-11-04T16:00:00Z,0,0.32790,90154645,46491765
2023-11-05T00:00:00Z,0.00028374,0.33520,126304123,65153834
2023-11-05T08:00:00Z,0,0.34180,281283630,141568320
2023-11-05T16:00:00Z,0.00039827,0.34200,219454342,108279646
2023-11-06T00:00:00Z,0.00002277,0.34520,188293608,90931503
2023-11-06T08:00:00Z,0.00014763,0.35240,261263606,127949933
2023-11-06T16:00:00Z,0.00067178,0.36280,496695145,250127945
2023-11-07T00:00:00Z,0.00045860,0.35340,280958392,138106910
2023-11-07T08:00:00Z,0.00033802,0.34030,337119545,161214752
2023-11-07T16:00:00Z,0,0.35140,418082315,207454336
2023-11-08T00:00:00Z,0.00032669,0.35650,174588059,87645318
2023-11-08T08:00:00Z,0.00033615,0.35530,174435714,83565618
2023-11-08T16:00:00Z,0.00026209,0.35790,191275050,91534585
2023-11-09T00:00:00Z,0.00016265,0.36620,224018678,110717438
2023-11-09T08:00:00Z,0.00039406,0.37800,492356473,242758944
2023-11-09T16:00:00Z,0.00034349,0.36850,618145171,298504743
2023-11-10T00:00:00Z,0.00101216,0.37570,262502074,128889596
2023-11-10T08:00:00Z,0.00047960,0.36550,347044864,173381492
2023-11-10T16:00:00Z,0.00098707,0.38630,252320290,125802750
2023-11-11T00:00:00Z,0.00048699,0.37870,299533623,148706362
2023-11-11T08:00:00Z,0.00088999,0.38820,244435754,121856134
2023-11-11T16:00:00Z,0.00103798,0.38490,275880161,133762383
2023-11-12T00:00:00Z,0.00073147,0.38830,257936511,123831314
2023-11-12T08:00:00Z,0.00026175,0.38610,198422994,97664550
2023-11-12T16:00:00Z,0.00076882,0.38380,160049506,78690099
2023-11-13T00:00:00Z,0.00079180,0.37740,234072659,113241860
2023-11-13T08:00:00Z,0.00075389,0.36980,310082468,148435234
2023-11-13T16:00:00Z,0,0.35700,324087128,159305027
2023-11-14T00:00:00Z,0.00012461,0.36770,202324759,98678061
2023-11-14T08:00:00Z,0.00057432,0.36380,372816031,184196719
2023-11-14T16:00:00Z,0,0.35800,322396247,155427636
2023-11-15T00:00:00Z,0.00029918,0.36310,138525480,70640373
2023-11-15T08:00:00Z,0.00096959,0.37200,248298590,123411575
2023-11-15T16:00:00Z,0.00046066,0.37890,261621969,126649248
2023-11-16T00:00:00Z,0.00079643,0.39670,275619783,139846238
2023-11-16T08:00:00Z,0.00081734,0.38320,816401085,400284312
2023-11-16T16:00:00Z,0,0.37070,489297360,236468033
2023-11-17T00:00:00Z,0.00078205,0.36770,203519715,99638462
2023-11-17T08:00:00Z,0.00027331,0.35560,406893625,200619418
2023-11-17T16:00:00Z,0,0.36710,246536497,120287229
2023-11-18T00:00:00Z,-0.00013005,0.35710,196618012,95551282
2023-11-18T08:00:00Z,0,0.36690,172096433,84650083
2023-11-18T16:00:00Z,0,0.37730,225813217,115921080
2023-11-19T00:00:00Z,0.00020878,0.37500,203313594,100808573
2023-11-19T08:00:00Z,0,0.37710,193405221,94490537
2023-11-19T16:00:00Z,0,0.38410,190468299,98317470
2023-11-20T00:00:00Z,0.00057041,0.38740,134862588,66845101
2023-11-20T08:00:00Z,0.00000472,0.39220,348095319,170340059
2023-11-20T16:00:00Z,0.00060973,0.38060,226875119,110489621
2023-11-21T00:00:00Z,0,0.38290,157639072,76170989
2023-11-21T08:00:00Z,0,0.37570,252727425,124047856
2023-11-21T16:00:00Z,0,0.35670,382099752,188848942
2023-11-22T00:00:00Z,0.00026497,0.36830,132695630,66302838
2023-11-22T08:00:00Z,0,0.36940,150668715,73153842
2023-11-22T16:00:00Z,0,0.38040,230640045,118551007
2023-11-23T00:00:00Z,0.00013948,0.38140,98424886,46686174
2023-11-23T08:00:00Z,0,0.37800,166374777,80546454
2023-11-23T16:00:00Z,0,0.38740,111007180,58365485
2023-11-24T00:00:00Z,0.00004512,0.39200,228137648,115067624
2023-11-24T08:00:00Z,0.00014615,0.39230,217787954,107974589
2023-11-24T16:00:00Z,0.00009622,0.38610,133248405,62532834
2023-11-25T00:00:00Z,0.00037549,0.39310,94739562,46781407
2023-11-25T08:00:00Z,0,0.39330,147244797,73471351
2023-11-25T16:00:00Z,0,0.39420,76416474,38508984
2023-11-26T00:00:00Z,0.00049098,0.39520,95043694,47482848
2023-11-26T08:00:00Z,0.00007263,0.38620,155417392,75089194
2023-11-26T16:00:00Z,-0.00004043,0.38730,193264315,92427780
2023-11-27T00:00:00Z,-0.00014728,0.38320,124700598,61732536
2023-11-27T08:00:00Z,0,0.37480,166746332,81022154
2023-11-27T16:00:00Z,-0.00025652,0.37770,133675935,65387047
2023-11-28T00:00:00Z,0.00007683,0.37370,119771213,58642140
2023-11-28T08:00:00Z,0.00020238,0.38110,170471750,83936132
2023-11-28T16:00:00Z,0.00055635,0.38590,178108941,89540224
2023-11-29T00:00:00Z,0.00030859,0.38540,88453411,43927738
2023-11-29T08:00:00Z,0,0.37990,171263848,83053251
2023-11-29T16:00:00Z,0.00009686,0.38180,147160595,75723994
2023-11-30T00:00:00Z,0.00012699,0.37710,103540632,48356440
2023-11-30T08:00:00Z,0,0.37480,172465352,81661852
2023-11-30T16:00:00Z,0.00009397,0.37590,68188200,35015599
2023-12-01T00:00:00Z,0,0.37880,108180508,52901862
2023-12-01T08:00:00Z,0.00033976,0.38130,130775449,66328311
2023-12-01T16:00:00Z,0.00058300,0.38450,103204767,49848010
2023-12-02T00:00:00Z,0,0.38660,71283105,35431189
2023-12-02T08:00:00Z,0.00087852,0.38950,127701845,63722457
2023-12-02T16:00:00Z,0.00080676,0.39820,177474858,89454312
2023-12-03T00:00:00Z,0.00079533,0.39710,153410586,71201072
2023-12-03T08:00:00Z,0.00051660,0.39080,145157216,69378661
2023-12-03T16:00:00Z,0.00053044,0.39520,124460706,61625317
2023-12-04T00:00:00Z,0.00052736,0.40890,259261614,131272466
2023-12-04T08:00:00Z,0.00099907,0.39790,437336827,210773143
2023-12-04T16:00:00Z,0.00041049,0.40710,143654356,69819201
2023-12-05T00:00:00Z,0.00061621,0.39950,197766594,96121711
2023-12-05T08:00:00Z,0.00047251,0.40340,160621725,80065015
2023-12-05T16:00:00Z,0.00086947,0.42610,395808235,200483455
2023-12-06T00:00:00Z,0.00002871,0.42990,322700066,158403038
2023-12-06T08:00:00Z,0.00076060,0.45080,619919628,309095993
2023-12-06T16:00:00Z,0.00054460,0.44330,337093690,164129837
2023-12-07T00:00:00Z,0,0.44630,283101446,137588632
2023-12-07T08:00:00Z,0.00077740,0.44380,301461955,145738387
2023-12-07T16:00:00Z,0.00034275,0.45580,305237543,147249302
2023-12-08T00:00:00Z,0.00083429,0.47520,342137185,172783564
2023-12-08T08:00:00Z,0.00049111,0.54860,1220995935,612353898
2023-12-08T16:00:00Z,0.00099408,0.54600,1032558106,509513774
2023-12-09T00:00:00Z,0.00080841,0.62450,1288307760,648527987
2023-12-09T08:00:00Z,0.00079944,0.61330,1640216240,798218382
2023-12-09T16:00:00Z,0.00078463,0.57960,818161626,398410578
2023-12-10T00:00:00Z,0.00052295,0.59080,617208961,307438229
2023-12-10T08:00:00Z,0.00082111,0.59450,648990512,325183631
2023-12-10T16:00:00Z,0.00038066,0.59500,567380797,283259437
2023-12-11T00:00:00Z,0.00089561,0.55570,852878214,410001995
2023-12-11T08:00:00Z,0.00099731,0.54610,493506165,242724076
2023-12-11T16:00:00Z,0.00083696,0.55120,496720376,246445871
2023-12-12T00:00:00Z,0,0.59320,487822042,245621415
2023-12-12T08:00:00Z,0.00089441,0.58320,757865512,367993682
2023-12-12T16:00:00Z,0.00063160,0.57900,477143564,234158547
2023-12-13T00:00:00Z,0.00016270,0.55800,482689588,234480199
2023-12-13T08:00:00Z,0.00083755,0.62660,964147331,492744097
2023-12-13T16:00:00Z,0.00087433,0.66830,968208691,488128809
2023-12-14T00:00:00Z,0.00085022,0.65660,698318645,345648597
2023-12-14T08:00:00Z,0.00031368,0.63610,706122558,347434681
2023-12-14T16:00:00Z,0.00011802,0.64360,312252167,153689875
2023-12-15T00:00:00Z,0.00092021,0.63010,299914935,144860662
2023-12-15T08:00:00Z,0.00061970,0.62310,419074495,200585144
2023-12-15T16:00:00Z,0.00058964,0.60080,273030706,126894163
2023-12-16T00:00:00Z,0.00011421,0.61210,263610409,129794987
2023-12-16T08:00:00Z,-0.00028831,0.62210,199278103,99586101
2023-12-16T16:00:00Z,0,0.60810,226070435,109075479
2023-12-17T00:00:00Z,0.00036127,0.59410,251765005,122585163
2023-12-17T08:00:00Z,0.00053327,0.59350,233832052,111101674
2023-12-17T16:00:00Z,0.00029796,0.58090,239749840,117679292
2023-12-18T00:00:00Z,0.00064166,0.56900,254567576,121361562
2023-12-18T08:00:00Z,0.00097744,0.56720,415233786,199374683
2023-12-18T16:00:00Z,0,0.60200,253462082,128079888
2023-12-19T00:00:00Z,0.00001948,0.60870,291174514,143006753
2023-12-19T08:00:00Z,0.00038487,0.58200,312942451,148929282
2023-12-19T16:00:00Z,0,0.57600,256313769,125268355
2023-12-20T00:00:00Z,0,0.59190,237479872,120699560
2023-12-20T08:00:00Z,0.00085974,0.60110,285936889,139733854
2023-12-20T16:00:00Z,0.00043623,0.58990,337601225,163145710
2023-12-21T00:00:00Z,0,0.59850,209610285,102153249
2023-12-21T08:00:00Z,0.00070116,0.59770,294351691,146573217
2023-12-21T16:00:00Z,0.00055337,0.63590,377777854,190214627
2023-12-22T00:00:00Z,0.00093549,0.61530,515610601,244115631
2023-12-22T08:00:00Z,0.00092053,0.61990,231390948,111870511
2023-12-22T16:00:00Z,0.00040453,0.62290,149888415,74072293
2023-12-23T00:00:00Z,0.00035871,0.60400,201754906,95889979
2023-12-23T08:00:00Z,0.00050095,0.60400,114321119,53884457
2023-12-23T16:00:00Z,0.00108615,0.61350,152256543,76094387
2023-12-24T00:00:00Z,0.00075608,0.61530,272781479,130649618
2023-12-24T08:00:00Z,0.00044169,0.61560,195379391,93478883
2023-12-24T16:00:00Z,0.00057535,0.59230,251186211,118120422
2023-12-25T00:00:00Z,0.00042050,0.60300,157633871,75746224
2023-12-25T08:00:00Z,0.00054882,0.61780,195842783,96720796
2023-12-25T16:00:00Z,0.00077362,0.62480,228324678,111631335
2023-12-26T00:00:00Z,0.00031835,0.60460,265671217,120950352
2023-12-26T08:00:00Z,0.00060452,0.60860,297196670,143933045
2023-12-26T16:00:00Z,0.00080502,0.60920,421751323,198499554
2023-12-27T00:00:00Z,0.00044609,0.59680,188610924,90721551
2023-12-27T08:00:00Z,0.00109621,0.62110,275526040,134722660
2023-12-27T16:00:00Z,0.00121506,0.63420,299306058,148389579
2023-12-28T00:00:00Z,0.00056808,0.66220,538585206,263863983
2023-12-28T08:00:00Z,0.00077484,0.61750,449815388,206634464
2023-12-28T16:00:00Z,0.00065632,0.61640,247385512,124018626
2023-12-29T00:00:00Z,0.00062624,0.60870,268142574,126897280
2023-12-29T08:00:00Z,0.00001620,0.60410,229093277,110795400
2023-12-29T16:00:00Z,0.00033666,0.60850,207999363,99685539
2023-12-30T00:00:00Z,0.00077477,0.60400,106391060,51790974
2023-12-30T08:00:00Z,0.00117798,0.61010,154087753,77802430
2023-12-30T16:00:00Z,0.00081175,0.60140,102961372,48304728
2023-12-31T00:00:00Z,0.00060773,0.60790,95700270,47002446
2023-12-31T08:00:00Z,0.00041721,0.60080,107912521,51511390
2023-12-31T16:00:00Z,0,0.59410,158242932,72591034
2024-01-01T00:00:00Z,0.00094512,0.59960,120032511,57995466
2024-01-01T08:00:00Z,0.00070064,0.60650,99800917,48884108
2024-01-01T16:00:00Z,0.00118950,0.62410,143211263,71549889
2024-01-02T00:00:00Z,0.00083509,0.62790,167062756,81416894
2024-01-02T08:00:00Z,0.00085797,0.61440,221366949,103337744
2024-01-02T16:00:00Z,0.00103316,0.60580,159226016,75190120
2024-01-03T00:00:00Z,0.00021001,0.60980,111872267,54710525
2024-01-03T08:00:00Z,0,0.56460,720971281,332418976
2024-01-03T16:00:00Z,0,0.55680,224642354,107066192
2024-01-04T00:00:00Z,0,0.55580,150666841,72003869
2024-01-04T08:00:00Z,-0.00004076,0.57440,264818283,130692685
2024-01-04T16:00:00Z,0,0.56970,135273426,65845779
2024-01-05T00:00:00Z,-0.00006403,0.55270,223149677,106762590
2024-01-05T08:00:00Z,0,0.53080,295538354,141379811
2024-01-05T16:00:00Z,-0.00052396,0.54100,197015095,96617713
2024-01-06T00:00:00Z,-0.00021453,0.51770,218572817,106098439
2024-01-06T08:00:00Z,0,0.52560,148740481,74604876
2024-01-06T16:00:00Z,0.00027933,0.52300,130199989,64594580
2024-01-07T00:00:00Z,0,0.52680,127078436,64504213
2024-01-07T08:00:00Z,-0.00032538,0.51410,197675096,97048876
2024-01-07T16:00:00Z,0,0.49440,236546865,115913554
2024-01-08T00:00:00Z,0.00004562,0.48920,479821095,233818277
2024-01-08T08:00:00Z,0,0.51160,265948390,130647856
2024-01-08T16:00:00Z,-0.00034044,0.54100,282816486,140789757
2024-01-09T00:00:00Z,0,0.52930,171515610,84162547
2024-01-09T08:00:00Z,0.00001236,0.50970,302498613,144290721
2024-01-09T16:00:00Z,0,0.51230,366419113,179096009
2024-01-10T00:00:00Z,0,0.50700,122021960,60177072
2024-01-10T08:00:00Z,0.00006636,0.50600,323675108,156464072
2024-01-10T16:00:00Z,0.00009502,0.56620,587948210,291137363
2024-01-11T00:00:00Z,0,0.57650,340139149,168165954
2024-01-11T08:00:00Z,0.00064251,0.58380,478591138,237188915
2024-01-11T16:00:00Z,0.00015497,0.58210,236268487,115608265
2024-01-12T00:00:00Z,0,0.57890,138962583,69234952
2024-01-12T08:00:00Z,0.00016262,0.56670,241278246,122199086
2024-01-12T16:00:00Z,0,0.54790,352166665,169102246
2024-01-13T00:00:00Z,0.00051434,0.54880,125537458,59797699
2024-01-13T08:00:00Z,0,0.55070,113438162,55939076
2024-01-13T16:00:00Z,-0.00003641,0.54910,95271842,44971667
2024-01-14T00:00:00Z,0.00027117,0.54690,87846915,43047102
2024-01-14T08:00:00Z,0,0.54570,78947812,38593409
2024-01-14T16:00:00Z,0,0.52510,182627310,89059282
2024-01-15T00:00:00Z,0.00022813,0.53700,80687426,38726296
2024-01-15T08:00:00Z,0.00012271,0.52490,116889543,57936618
2024-01-15T16:00:00Z,0.00024739,0.52760,111224319,52900950
2024-01-16T00:00:00Z,0.00014273,0.53260,73491965,36178357
2024-01-16T08:00:00Z,0,0.54230,197494778,98225818
2024-01-16T16:00:00Z,0,0.53550,124389646,63658909
2024-01-17T00:00:00Z,0.00004149,0.52850,88392603,42496359
2024-01-17T08:00:00Z,0.00021620,0.52620,135759773,66314186
2024-01-17T16:00:00Z,0,0.52830,98396218,47488261
2024-01-18T00:00:00Z,0,0.52510,85997327,40801881
2024-01-18T08:00:00Z,0,0.52020,148796958,73653930
2024-01-18T16:00:00Z,0,0.50260,265777738,130848654
2024-01-19T00:00:00Z,-0.00011547,0.49950,148017346,72952258
2024-01-19T08:00:00Z,0.00003480,0.48860,126532593,61845460
2024-01-19T16:00:00Z,-0.00033303,0.50400,269717529,134745225
2024-01-20T00:00:00Z,0.00040927,0.51460,160539081,79442753
2024-01-20T08:00:00Z,0.00008241,0.51100,160463936,79662363
2024-01-20T16:00:00Z,0.00033328,0.51610,99013502,49263387
2024-01-21T00:00:00Z,0.00039158,0.51590,84843228,42011765
2024-01-21T08:00:00Z,0,0.51410,73886773,35826652
2024-01-21T16:00:00Z,0.00030162,0.50340,91334714,43757025
2024-01-22T00:00:00Z,0.00006375,0.49810,147489715,73806056
2024-01-22T08:00:00Z,0.00017337,0.49560,201474170,101543001
2024-01-22T16:00:00Z,0.00034924,0.47880,229382419,114204765
2024-01-23T00:00:00Z,0.00000682,0.47510,107664534,52057637
2024-01-23T08:00:00Z,-0.00017640,0.46730,439926976,214527649
2024-01-23T16:00:00Z,-0.00025128,0.47700,176010984,88266644
2024-01-24T00:00:00Z,0.00012805,0.47010,151529742,75821719
2024-01-24T08:00:00Z,-0.00011532,0.47270,187197343,90523947
2024-01-24T16:00:00Z,0,0.47660,137947569,67982390
2024-01-25T00:00:00Z,0,0.47470,100351907,49883432
2024-01-25T08:00:00Z,0,0.46690,195820520,98970256
2024-01-25T16:00:00Z,0,0.46660,148270207,72320411
2024-01-26T00:00:00Z,0,0.46780,91284139,44831775
2024-01-26T08:00:00Z,-0.00044320,0.48530,170023347,86632547
2024-01-26T16:00:00Z,0,0.48480,123465128,61709944
2024-01-27T00:00:00Z,0,0.47970,88234546,39921107
2024-01-27T08:00:00Z,0,0.48530,91854904,47469786
2024-01-27T16:00:00Z,-0.00008044,0.48600,82441860,40271154
2024-01-28T00:00:00Z,-0.00024774,0.49270,151294097,75975303
2024-01-28T08:00:00Z,0,0.49140,135782202,66844553
2024-01-28T16:00:00Z,-0.00001731,0.49020,115936304,58793206
2024-01-29T00:00:00Z,0,0.48740,103526456,50144840
2024-01-29T08:00:00Z,-0.00009500,0.49760,126015808,63759707
2024-01-29T16:00:00Z,0,0.52610,317529265,161782383
2024-01-30T00:00:00Z,0,0.52870,185269220,92097134
2024-01-30T08:00:00Z,0.00013638,0.52200,187613420,88889759
2024-01-30T16:00:00Z,0,0.51370,178498732,91534477
2024-01-31T00:00:00Z,0,0.51250,131473187,65634653
2024-01-31T08:00:00Z,0,0.50840,170080352,81566316
2024-01-31T16:00:00Z,0,0.49740,226342300,112476129
2024-02-01T00:00:00Z,0,0.49080,151010683,72390422
2024-02-01T08:00:00Z,-0.00004368,0.49290,118999321,57866738
2024-02-01T16:00:00Z,-0.00025128,0.50760,144416095,72821039
2024-02-02T00:00:00Z,-0.00011115,0.51000,102027962,50292956
2024-02-02T08:00:00Z,-0.00038747,0.51770,231946949,115502982
2024-02-02T16:00:00Z,-0.00049253,0.51430,112480849,54988924
2024-02-03T00:00:00Z,0,0.51720,98778982,47938657
2024-02-03T08:00:00Z,-0.00007697,0.51600,148138096,73337514
2024-02-03T16:00:00Z,0,0.51250,67051708,31581233
2024-02-04T00:00:00Z,0,0.50390,90216741,41896184
2024-02-04T08:00:00Z,-0.00036107,0.50470,68734812,34209634
2024-02-04T16:00:00Z,-0.00008722,0.49330,96899615,46648503
2024-02-05T00:00:00Z,0,0.50180,107021088,54616174
2024-02-05T08:00:00Z,-0.00002578,0.49500,146938094,70851713
2024-02-05T16:00:00Z,-0.00059489,0.49400,113193194,53565998
2024-02-06T00:00:00Z,-0.00043277,0.49300,92249841,44930379
2024-02-06T08:00:00Z,-0.00012607,0.49680,139878260,71231218
2024-02-06T16:00:00Z,0,0.49830,92952458,46610099
2024-02-07T00:00:00Z,0,0.48330,172487197,77552870
2024-02-07T08:00:00Z,-0.00031778,0.48230,249378451,120950804
2024-02-07T16:00:00Z,0,0.50220,188541738,94271246
2024-02-08T00:00:00Z,0.00060666,0.52770,250895935,128496783
2024-02-08T08:00:00Z,-0.00055380,0.53160,403101495,200113690
2024-02-08T16:00:00Z,0.00026553,0.53020,168969280,84312928
2024-02-09T00:00:00Z,-0.00001396,0.53560,188338781,97724477
2024-02-09T08:00:00Z,0,0.54210,260379132,132559449
2024-02-09T16:00:00Z,0.00027435,0.54080,147489907,71779983
2024-02-10T00:00:00Z,0.00008146,0.53430,123616945,59407076
2024-02-10T08:00:00Z,0,0.53800,133264445,67027420
2024-02-10T16:00:00Z,0.00014546,0.55160,172102683,88050082
2024-02-11T00:00:00Z,0.00004186,0.56010,275645106,137716142
2024-02-11T08:00:00Z,0.00013647,0.54290,170900379,79979767
2024-02-11T16:00:00Z,-0.00007087,0.54140,143768038,70901085
2024-02-12T00:00:00Z,0.00007180,0.53680,147853151,73113099
2024-02-12T08:00:00Z,0,0.55600,192193879,97626569
2024-02-12T16:00:00Z,0.00060647,0.55960,271481617,133902833
2024-02-13T00:00:00Z,0.00080814,0.56010,145719746,70112042
2024-02-13T08:00:00Z,0,0.54000,260064062,123474450
2024-02-13T16:00:00Z,0.00025095,0.54510,109510338,55013175
2024-02-14T00:00:00Z,0.00046838,0.55240,90055688,45222863
2024-02-14T08:00:00Z,0.00078547,0.57500,350009619,172807512
2024-02-14T16:00:00Z,0.00077144,0.57740,154841138,74550698
2024-02-15T00:00:00Z,0.00126133,0.57840,175402289,83999323
2024-02-15T08:00:00Z,0.00196025,0.60050,395829672,199952616
2024-02-15T16:00:00Z,0.00061771,0.60930,298768400,148809204
2024-02-16T00:00:00Z,0.00090813,0.59860,168900765,81451590
2024-02-16T08:00:00Z,0.00103059,0.59030,279498268,136501648
2024-02-16T16:00:00Z,0.00094083,0.59910,147820980,72075949
2024-02-17T00:00:00Z,0.00071491,0.59280,86620507,42548350
2024-02-17T08:00:00Z,0.00097821,0.57920,201505651,94729436
2024-02-17T16:00:00Z,0.00142142,0.61030,184040234,93808288
2024-02-18T00:00:00Z,0.00114185,0.62500,292164200,147463284
2024-02-18T08:00:00Z,0.00057279,0.62170,244629035,120842891
2024-02-18T16:00:00Z,0.00073028,0.61970,179653071,87209316
2024-02-19T00:00:00Z,0.00027847,0.62970,138223109,69428495
2024-02-19T08:00:00Z,0.00017869,0.62490,273316017,133587470
2024-02-19T16:00:00Z,0.00104709,0.63150,200784631,96645661
2024-02-20T00:00:00Z,0.00081734,0.62960,279687857,137415266
2024-02-20T08:00:00Z,0,0.60980,442232853,211934504
2024-02-20T16:00:00Z,0.00048395,0.62220,239655942,112613547
2024-02-21T00:00:00Z,0.00064319,0.59500,182061479,86880765
2024-02-21T08:00:00Z,0.00073892,0.58940,293143172,146772421
2024-02-21T16:00:00Z,0.00045688,0.59900,181224403,87651996
2024-02-22T00:00:00Z,0.00094176,0.60230,156712470,77689877
2024-02-22T08:00:00Z,0.00119223,0.59720,197582802,97291423
2024-02-22T16:00:00Z,0.00054460,0.58630,156085190,73652989
2024-02-23T00:00:00Z,0.00040272,0.58350,118297384,57008702
2024-02-23T08:00:00Z,0.00035217,0.57880,168332589,82821092
2024-02-23T16:00:00Z,0.00088573,0.58290,191730094,92346790
2024-02-24T00:00:00Z,0.00098867,0.58620,122960538,62126559
2024-02-24T08:00:00Z,0.00048594,0.58880,121728735,59401676
2024-02-24T16:00:00Z,0.00064403,0.59730,129024468,65621812
2024-02-25T00:00:00Z,0.00104183,0.59470,90891277,43597142
2024-02-25T08:00:00Z,0.00108589,0.58450,111366253,53434381
2024-02-25T16:00:00Z,0.00099707,0.59200,105364198,52335099
2024-02-26T00:00:00Z,0.00076830,0.58450,101421853,47851975
2024-02-26T08:00:00Z,0.00126855,0.60660,260067327,127224797
2024-02-26T16:00:00Z,0.00093030,0.61990,252771974,127082500
2024-02-27T00:00:00Z,0.00047415,0.61580,221559389,108755500
2024-02-27T08:00:00Z,0.00009280,0.61350,254706971,123676517
2024-02-27T16:00:00Z,0.00075933,0.62450,235843797,117575438
2024-02-28T00:00:00Z,0.00133038,0.62880,122935193,60641646
2024-02-28T08:00:00Z,0.00075504,0.63990,497931630,248769762
2024-02-28T16:00:00Z,0.00085844,0.62940,558122132,272815738
2024-02-29T00:00:00Z,0.00172316,0.68460,507865949,253090406
2024-02-29T08:00:00Z,0.00108404,0.69380,481815698,230994351
2024-02-29T16:00:00Z,0.00111840,0.65540,402271103,190329153
2024-03-01T00:00:00Z,0.00076009,0.66480,231308928,113423143
2024-03-01T08:00:00Z,0.00141221,0.68030,256665072,123925218
2024-03-01T16:00:00Z,0.00118934,0.72050,227720736,115636662
2024-03-02T00:00:00Z,0.00089987,0.73510,478547296,241925618
2024-03-02T08:00:00Z,0.00074880,0.73100,288696630,142262334
2024-03-02T16:00:00Z,0.00147333,0.74240,133002027,64168832
2024-03-03T00:00:00Z,-0.00004146,0.71180,334450651,163029343
2024-03-03T08:00:00Z,0.00086007,0.72330,231491272,113261749
2024-03-03T16:00:00Z,0.00095001,0.72880,151374555,76036112
2024-03-04T00:00:00Z,0.00070185,0.78180,502798521,246483469
2024-03-04T08:00:00Z,0.00102014,0.78880,347498995,172416599
2024-03-04T16:00:00Z,0.00079448,0.77070,253032254,126259214
2024-03-05T00:00:00Z,0.00073149,0.75470,393038325,190576264
2024-03-05T08:00:00Z,0.00001811,0.75480,342845711,168770163
2024-03-05T16:00:00Z,0,0.69200,920263692,425082998
2024-03-06T00:00:00Z,0.00074995,0.73860,340219142,169829349
2024-03-06T08:00:00Z,0.00089725,0.71830,413759311,201564002
2024-03-06T16:00:00Z,0.00077341,0.73570,175795029,88874721
2024-03-07T00:00:00Z,0.00050266,0.73720,329589655,159992365
2024-03-07T08:00:00Z,0.00078545,0.74440,240670564,117551849
2024-03-07T16:00:00Z,0.00092707,0.74370,152525581,78444166
2024-03-08T00:00:00Z,0.00097337,0.73150,148219652,73066821
2024-03-08T08:00:00Z,0.00026276,0.71900,277092650,134906620
2024-03-08T16:00:00Z,0.00093264,0.72350,281629408,139310865
2024-03-09T00:00:00Z,0.00075129,0.73730,102508740,51186352
2024-03-09T08:00:00Z,0.00113069,0.73700,139523657,66373652
2024-03-09T16:00:00Z,0.00083783,0.74240,142564668,68412210
2024-03-10T00:00:00Z,0.00095683,0.73780,106318248,55195507
2024-03-10T08:00:00Z,0.00097306,0.71590,202787667,94861775
2024-03-10T16:00:00Z,0.00083513,0.71730,129626977,61835142
2024-03-11T00:00:00Z,0.00182577,0.73540,306766436,150146438
2024-03-11T08:00:00Z,0.00200251,0.75930,306741302,158298094
2024-03-11T16:00:00Z,0.00165046,0.77660,357349296,174930384
2024-03-12T00:00:00Z,0.00097624,0.75260,226053296,107491449
2024-03-12T08:00:00Z,0.00105714,0.74780,320284862,156599302
2024-03-12T16:00:00Z,0.00074961,0.74880,308894926,148460003
2024-03-13T00:00:00Z,0.00111606,0.76400,137470940,68333933
2024-03-13T08:00:00Z,0.00087327,0.74690,255129031,120725508
2024-03-13T16:00:00Z,0.00078204,0.76460,126562345,60967367
2024-03-14T00:00:00Z,0.00115346,0.78400,265472254,131629360
2024-03-14T08:00:00Z,0.00043060,0.74780,663727385,322271581
2024-03-14T16:00:00Z,0.00082306,0.75150,364874569,177555892
2024-03-15T00:00:00Z,0.00061935,0.72130,503867180,242043869
2024-03-15T08:00:00Z,0.00079451,0.71800,502342427,243348993
2024-03-15T16:00:00Z,0.00128979,0.72820,285795806,142500129
2024-03-16T00:00:00Z,0.00081933,0.73450,169004131,82470327
2024-03-16T08:00:00Z,0.00080396,0.70480,265498353,131733258
2024-03-16T16:00:00Z,0.00070088,0.65970,407370113,200061795
2024-03-17T00:00:00Z,0.00038575,0.64610,262851621,128727955
2024-03-17T08:00:00Z,0.00040761,0.68430,254488670,125499053
2024-03-17T16:00:00Z,0.00050750,0.68180,137534573,68245507
2024-03-18T00:00:00Z,0.00017220,0.68750,227036314,111729027
2024-03-18T08:00:00Z,0.00090403,0.66090,288813384,140902014
2024-03-18T16:00:00Z,0.00108624,0.66100,199114648,98994836
2024-03-19T00:00:00Z,0.00130581,0.62700,498946216,242630003
2024-03-19T08:00:00Z,0.00057063,0.62690,507617357,249880310
2024-03-19T16:00:00Z,0.00003739,0.58660,322290340,153207270
2024-03-20T00:00:00Z,0.00064702,0.60950,400718375,197842960
2024-03-20T08:00:00Z,0.00087637,0.59910,253876150,125013964
2024-03-20T16:00:00Z,0.00045630,0.63990,386710490,191115704
2024-03-21T00:00:00Z,0.00065139,0.63140,211768239,105790067
2024-03-21T08:00:00Z,0.00075999,0.63640,197866107,97772242
2024-03-21T16:00:00Z,0.00086529,0.63230,253256493,127078072
2024-03-22T00:00:00Z,0.00045180,0.64030,137224114,67889094
2024-03-22T08:00:00Z,0.00034762,0.61830,295501582,145077438
2024-03-22T16:00:00Z,0.00074249,0.61520,170705355,83603439
2024-03-23T00:00:00Z,0.00078840,0.62820,126981305,64260314
2024-03-23T08:00:00Z,0.00085696,0.63360,126204532,58318860
2024-03-23T16:00:00Z,0.00053869,0.62350,86835934,42848487
2024-03-24T00:00:00Z,0.00049300,0.63820,98455394,50326830
2024-03-24T08:00:00Z,0.00071009,0.63560,123259561,62145955
2024-03-24T16:00:00Z,0.00065299,0.64740,120757794,62963452
2024-03-25T00:00:00Z,0.00087479,0.64260,117540537,58937603
2024-03-25T08:00:00Z,0.00043709,0.66210,167989208,83151771
2024-03-25T16:00:00Z,0.00083561,0.65730,132110031,66745309
2024-03-26T00:00:00Z,0.00068435,0.67240,130092802,64295074
2024-03-26T08:00:00Z,0.00086916,0.66360,233495582,116592115
2024-03-26T16:00:00Z,0.00074127,0.66560,119776895,59657097
2024-03-27T00:00:00Z,0.00080285,0.64900,108063999,51115412
2024-03-27T08:00:00Z,0.00075979,0.63430,338971063,169058667
2024-03-27T16:00:00Z,0.00113197,0.64860,153239392,74961614
2024-03-28T00:00:00Z,0.00072445,0.65170,105991961,52116215
2024-03-28T08:00:00Z,0.00075341,0.65550,123201920,58914688
2024-03-28T16:00:00Z,0.00110565,0.65170,75074429,36870174
2024-03-29T00:00:00Z,0.00051202,0.63820,109362778,52803992
2024-03-29T08:00:00Z,0.00090061,0.65020,246347837,127049914
2024-03-29T16:00:00Z,0.00090792,0.66500,118042060,56709173
2024-03-30T00:00:00Z,0.00050005,0.65110,115791587,57822225
2024-03-30T08:00:00Z,0.00082621,0.65120,90323595,45025470
2024-03-30T16:00:00Z,0.00079721,0.64410,95450512,46654723
2024-03-31T00:00:00Z,0.00111204,0.65110,68582231,34564532
2024-03-31T08:00:00Z,0.00093898,0.64710,60743629,30215218
2024-03-31T16:00:00Z,0.00088561,0.65060,77773236,38720413
2024-04-01T00:00:00Z,0.00057295,0.63110,216743410,102885373
2024-04-01T08:00:00Z,0.00073284,0.60940,241039626,114436385
2024-04-01T16:00:00Z,0.00083368,0.62170,107769064,53449290
2024-04-02T00:00:00Z,0.00032986,0.59640,264676357,125639636
2024-04-02T08:00:00Z,0.00028177,0.58130,311114032,147896774
2024-04-02T16:00:00Z,0.00011705,0.58090,140871491,70442303
2024-04-03T00:00:00Z,0.00056744,0.58810,179661530,86668064
2024-04-03T08:00:00Z,0.00035595,0.58180,155108431,74760515
2024-04-03T16:00:00Z,0.00052959,0.56970,129504407,60976623
2024-04-04T00:00:00Z,0.00077285,0.57630,158528647,81411595
2024-04-04T08:00:00Z,0.00054773,0.58830,129697628,61637759
2024-04-04T16:00:00Z,0.00064019,0.58340,153694575,77877475
2024-04-05T00:00:00Z,0.00050785,0.57220,121752390,57921888
2024-04-05T08:00:00Z,0.00076669,0.57820,205695763,103499671
2024-04-05T16:00:00Z,0.00052067,0.57450,71687359,35586239
2024-04-06T00:00:00Z,0.00021508,0.58190,64493886,30642062
2024-04-06T08:00:00Z,0.00062277,0.58440,73637903,37066548
2024-04-06T16:00:00Z,0.00069805,0.58410,69032660,33688631
2024-04-07T00:00:00Z,0.00040002,0.59010,64725664,32712744
2024-04-07T08:00:00Z,0.00102065,0.59050,81608096,39332595
2024-04-07T16:00:00Z,0.00040577,0.58980,92637892,45825165
2024-04-08T00:00:00Z,0.00065502,0.59540,78802059,39973357
2024-04-08T08:00:00Z,0.00112723,0.60790,189729378,95113491
2024-04-08T16:00:00Z,0.00080697,0.61430,82174987,40014793
2024-04-09T00:00:00Z,0.00070353,0.60290,131602884,64833410
2024-04-09T08:00:00Z,0.00062436,0.60610,283111135,138423427
2024-04-09T16:00:00Z,0.00057730,0.59150,106236340,52123774
2024-04-10T00:00:00Z,0.00079128,0.58470,161694424,77366009
2024-04-10T08:00:00Z,0.00077788,0.57310,251235219,126540232
2024-04-10T16:00:00Z,0.00034485,0.58650,128272257,62413014
2024-04-11T00:00:00Z,0.00067350,0.59220,96931792,48821834
2024-04-11T08:00:00Z,0.00095997,0.58240,167853146,81721002
2024-04-11T16:00:00Z,0.00084053,0.58640,96122381,48017754
2024-04-12T00:00:00Z,0.00083097,0.58220,88004599,45294484
2024-04-12T08:00:00Z,0.00013105,0.56430,206300619,101837381
2024-04-12T16:00:00Z,0,0.50260,971940858,424292587
2024-04-13T00:00:00Z,-0.00020207,0.50560,260369316,128458520
2024-04-13T08:00:00Z,0.00009495,0.50280,198866431,96851827
2024-04-13T16:00:00Z,0,0.44480,1335056186,646011167
2024-04-14T00:00:00Z,-0.00054927,0.47210,430648908,218758562
2024-04-14T08:00:00Z,-0.00026546,0.45420,405972858,203636585
2024-04-14T16:00:00Z,-0.00060857,0.46710,481977623,235310551
2024-04-15T00:00:00Z,-0.00065759,0.48930,286762884,146224695
2024-04-15T08:00:00Z,-0.00002461,0.46750,344295949,167874043
2024-04-15T16:00:00Z,-0.00058535,0.46060,366966212,180547108
2024-04-16T00:00:00Z,-0.00081804,0.47360,265342485,131247128
2024-04-16T08:00:00Z,-0.00085184,0.44210,325381387,163042929
2024-04-16T16:00:00Z,-0.00027775,0.45810,207874572,103319770
2024-04-17T00:00:00Z,-0.00024186,0.45670,147798986,73300525
2024-04-17T08:00:00Z,-0.00086284,0.43220,368207730,183832703
2024-04-17T16:00:00Z,-0.00039899,0.44380,295722811,146906922
2024-04-18T00:00:00Z,-0.00050831,0.43890,190429226,95964877
2024-04-18T08:00:00Z,-0.00031947,0.45400,278150212,137422587
2024-04-18T16:00:00Z,-0.00046955,0.45770,165460290,80824341
2024-04-19T00:00:00Z,-0.00015963,0.45610,411322871,205699746
2024-04-19T08:00:00Z,-0.00000419,0.47150,242725112,120337367
2024-04-19T16:00:00Z,-0.00005783,0.46790,178454651,89812522
2024-04-20T00:00:00Z,-0.00009013,0.49650,249502400,123814152
2024-04-20T08:00:00Z,-0.00063766,0.49070,227884970,110718303
2024-04-20T16:00:00Z,-0.00069809,0.50680,180272919,89376238
2024-04-21T00:00:00Z,-0.00013099,0.50530,148400102,73665845
2024-04-21T08:00:00Z,-0.00025760,0.49820,151833333,74634060
2024-04-21T16:00:00Z,-0.00037042,0.49900,164713824,82542432
2024-04-22T00:00:00Z,-0.00059771,0.50570,188575877,92025880
2024-04-22T08:00:00Z,-0.00049895,0.51530,162804998,81599970
2024-04-22T16:00:00Z,-0.00084583,0.51630,133189701,66304376
2024-04-23T00:00:00Z,-0.00047531,0.50860,132181326,64680222
2024-04-23T08:00:00Z,-0.00014610,0.50490,218946652,107927583
2024-04-23T16:00:00Z,-0.00024009,0.49970,104291735,51043176
2024-04-24T00:00:00Z,-0.00083655,0.50390,122147353,62672713
2024-04-24T08:00:00Z,-0.00065257,0.47680,336943221,163119521
2024-04-24T16:00:00Z,-0.00066470,0.47430,217758394,105346146
2024-04-25T00:00:00Z,-0.00006282,0.47210,142315527,71790987
2024-04-25T08:00:00Z,-0.00028839,0.47350,196218136,100246778
2024-04-25T16:00:00Z,-0.00046629,0.47020,110919389,53720923
2024-04-26T00:00:00Z,-0.00075589,0.46850,167268713,83069314
2024-04-26T08:00:00Z,-0.00021546,0.46590,181544402,88464438
2024-04-26T16:00:00Z,-0.00002084,0.46280,96960578,47931581
2024-04-27T00:00:00Z,-0.00053738,0.45420,215034844,107937438
2024-04-27T08:00:00Z,-0.00010142,0.45680,128959473,65538715
2024-04-27T16:00:00Z,-0.00051076,0.46720,129205412,62840752
2024-04-28T00:00:00Z,-0.00050890,0.47450,104859998,52446611
2024-04-28T08:00:00Z,-0.00004699,0.46710,96201491,47577737
2024-04-28T16:00:00Z,-0.00007017,0.46010,102765728,48884431
2024-04-29T00:00:00Z,-0.00071459,0.45060,150349487,72712906
2024-04-29T08:00:00Z,-0.00007490,0.45700,149695982,75269443
2024-04-29T16:00:00Z,-0.00043124,0.45680,105958336,53001739
2024-04-30T00:00:00Z,-0.00042122,0.45090,119675411,59848845
2024-04-30T08:00:00Z,-0.00062283,0.43580,346700346,168663462
2024-04-30T16:00:00Z,-0.00023981,0.44090,236147319,116953822
2024-05-01T00:00:00Z,0,0.42760,277965709,142100264
2024-05-01T08:00:00Z,0,0.43520,272231837,133322122
2024-05-01T16:00:00Z,-0.00029198,0.44990,247091178,124656858
2024-05-02T00:00:00Z,-0.00092072,0.44430,128874190,65812500
2024-05-02T08:00:00Z,-0.00028336,0.45740,200777080,99604437
2024-05-02T16:00:00Z,-0.00025446,0.45750,110503222,55354032
2024-05-03T00:00:00Z,-0.00040395,0.45100,120646974,56848978
2024-05-03T08:00:00Z,-0.00021969,0.46670,172557422,88837997
2024-05-03T16:00:00Z,-0.00080870,0.46690,103378934,53082250
2024-05-04T00:00:00Z,-0.00044644,0.46480,76808155,37261076
2024-05-04T08:00:00Z,-0.00041514,0.46770,120360231,57240810
2024-05-04T16:00:00Z,-0.00077106,0.46300,75383413,37476702
2024-05-05T00:00:00Z,-0.00087835,0.45790,124882650,63627360
2024-05-05T08:00:00Z,-0.00028625,0.46340,103761548,51287424
2024-05-05T16:00:00Z,-0.00032033,0.45770,96255068,44246487
2024-05-06T00:00:00Z,-0.00040646,0.46640,94267200,48692322
2024-05-06T08:00:00Z,-0.00028199,0.46020,289978667,140434448
2024-05-06T16:00:00Z,-0.00043046,0.45370,118961744,57156341
2024-05-07T00:00:00Z,-0.00067019,0.44900,129014871,61635473
2024-05-07T08:00:00Z,-0.00033848,0.45200,125328930,61898466
2024-05-07T16:00:00Z,-0.00071934,0.44110,104560908,49323736
2024-05-08T00:00:00Z,-0.00022755,0.43870,108115756,52534746
2024-05-08T08:00:00Z,-0.00096121,0.46100,331990750,166267653
2024-05-08T16:00:00Z,-0.00065810,0.45160,225537549,110081226
2024-05-09T00:00:00Z,-0.00053870,0.45310,132816919,64880154
2024-05-09T08:00:00Z,-0.00057415,0.45550,163279933,79298050
2024-05-09T16:00:00Z,-0.00026119,0.46330,105752845,54917396
2024-05-10T00:00:00Z,-0.00003720,0.46510,94667605,47295352
2024-05-10T08:00:00Z,-0.00040538,0.44930,208155362,104196619
2024-05-10T16:00:00Z,-0.00042195,0.44760,135868847,64597279
2024-05-11T00:00:00Z,-0.00019654,0.44880,78588972,39405238
2024-05-11T08:00:00Z,-0.00058746,0.44290,91130588,44174435
2024-05-11T16:00:00Z,-0.00037685,0.43880,76864786,36621699
2024-05-12T00:00:00Z,-0.00022692,0.43810,66334074,31020889
2024-05-12T08:00:00Z,-0.00037787,0.44140,73000338,36500494
2024-05-12T16:00:00Z,-0.00052912,0.43740,77830327,35068170
2024-05-13T00:00:00Z,-0.00090868,0.44360,233922125,117974918
2024-05-13T08:00:00Z,-0.00089820,0.44470,206759256,99696398
2024-05-13T16:00:00Z,-0.00073853,0.43630,115911355,54250815
2024-05-14T00:00:00Z,-0.00019507,0.43710,181017448,89031815
2024-05-14T08:00:00Z,-0.00009429,0.43570,174826363,87350193
2024-05-14T16:00:00Z,-0.00071032,0.42810,84660642,39974845
2024-05-15T00:00:00Z,-0.00077284,0.43070,82064553,40228476
2024-05-15T08:00:00Z,-0.00015239,0.44560,232554064,118348086
2024-05-15T16:00:00Z,-0.00005473,0.45240,117052958,61063522
2024-05-16T00:00:00Z,-0.00087227,0.45700,102226557,49187170
2024-05-16T08:00:00Z,-0.00001117,0.45540,153605767,81518122
2024-05-16T16:00:00Z,-0.00005445,0.45960,114200270,58585416
2024-05-17T00:00:00Z,-0.00025414,0.48040,171504248,89836928
2024-05-17T08:00:00Z,-0.00017464,0.48300,240114997,114141387
2024-05-17T16:00:00Z,-0.00067171,0.48200,75624913,36959882
2024-05-18T00:00:00Z,0,0.48040,70206244,32787497
2024-05-18T08:00:00Z,0,0.48090,118161791,58102251
2024-05-18T16:00:00Z,-0.00049836,0.48190,52311702,25902262
2024-05-19T00:00:00Z,-0.00036547,0.47980,65674060,32629773
2024-05-19T08:00:00Z,0,0.47060,133269518,71850839
2024-05-19T16:00:00Z,-0.00003205,0.46710,86299044,42761724
2024-05-20T00:00:00Z,-0.00015571,0.46700,184850244,91943645
2024-05-20T08:00:00Z,-0.00035476,0.46830,93842733,45330898
2024-05-20T16:00:00Z,-0.00005887,0.50210,320055429,164478179
2024-05-21T00:00:00Z,0.00022593,0.50130,171283189,80822979
2024-05-21T08:00:00Z,0.00029870,0.49760,220205434,105476653
2024-05-21T16:00:00Z,0.00040286,0.49490,157499935,76683596
2024-05-22T00:00:00Z,0.00060249,0.49030,111661603,54538920
2024-05-22T08:00:00Z,0,0.48390,200755637,99281314
2024-05-22T16:00:00Z,0,0.48370,125582731,60253807
2024-05-23T00:00:00Z,0.00051299,0.48560,85624088,42138859
2024-05-23T08:00:00Z,0.00063041,0.46810,338889217,160851363
2024-05-23T16:00:00Z,0.00037029,0.46580,300840674,144817504
2024-05-24T00:00:00Z,0.00008916,0.46150,138689501,73171493
2024-05-24T08:00:00Z,0,0.45910,123120939,61957051
2024-05-24T16:00:00Z,0,0.46010,95866381,46811386
2024-05-25T00:00:00Z,0,0.46270,57233547,26844072
2024-05-25T08:00:00Z,0,0.45960,98535781,49065765
2024-05-25T16:00:00Z,-0.00011713,0.46220,57251636,30898718
2024-05-26T00:00:00Z,-0.00008093,0.46120,65386474,33671991
2024-05-26T08:00:00Z,0,0.45960,110825743,53475537
2024-05-26T16:00:00Z,0.00013624,0.45810,69740356,31623958
2024-05-27T00:00:00Z,0,0.45900,81032816,40047948
2024-05-27T08:00:00Z,0.00053965,0.47250,137041217,72078221
2024-05-27T16:00:00Z,0.00062278,0.46870,127868728,62246452
2024-05-28T00:00:00Z,0.00033082,0.45570,202257146,98042736
2024-05-28T08:00:00Z,0.00044355,0.45820,166229597,78408308
2024-05-28T16:00:00Z,0.00048980,0.45790,99889799,46509750
2024-05-29T00:00:00Z,0.00035634,0.45960,90440455,43865016
2024-05-29T08:00:00Z,0.00062229,0.45610,169093551,82354510
2024-05-29T16:00:00Z,0.00006522,0.45130,109399925,52799330
2024-05-30T00:00:00Z,0.00030644,0.44600,135753087,66695413
2024-05-30T08:00:00Z,0.00052477,0.45070,151347762,74342068
2024-05-30T16:00:00Z,0.00053332,0.44680,89678042,44154706
2024-05-31T00:00:00Z,0.00050279,0.44860,78209184,39094684
2024-05-31T08:00:00Z,0.00065199,0.44670,124715619,59275857
2024-05-31T16:00:00Z,0.00032699,0.44730,84400950,41255589
2024-06-01T00:00:00Z,0.00073433,0.44870,43860968,22147023
2024-06-01T08:00:00Z,0.00067993,0.44880,47683350,23294387
2024-06-01T16:00:00Z,0.00080060,0.45030,44727544,22038791
2024-06-02T00:00:00Z,0.00037809,0.45220,53644446,25760920
2024-06-02T08:00:00Z,0.00063248,0.45120,85791792,40727697
2024-06-02T16:00:00Z,0.00015007,0.44660,123299883,59525234
2024-06-03T00:00:00Z,0.00074045,0.45380,118206591,59021087
2024-06-03T08:00:00Z,0.00044693,0.45340,132003186,65026627
2024-06-03T16:00:00Z,0.00046822,0.45770,112082778,53879999
2024-06-04T00:00:00Z,0.00044977,0.45700,90605315,40180297
2024-06-04T08:00:00Z,0.00035963,0.46120,197619204,97683405
2024-06-04T16:00:00Z,0.00018488,0.46170,108735924,48394996
2024-06-05T00:00:00Z,0.00091639,0.46280,91988747,45344949
2024-06-05T08:00:00Z,0.00026700,0.46190,113544749,54782213
2024-06-05T16:00:00Z,0.00067098,0.46160,73210368,36317430
2024-06-06T00:00:00Z,0.00051806,0.45950,56345769,29744519
2024-06-06T08:00:00Z,0.00084232,0.46060,76798281,36552752
2024-06-06T16:00:00Z,0.00080819,0.45850,131360842,68592305
2024-06-07T00:00:00Z,0.00069626,0.46200,72394003,36512500
2024-06-07T08:00:00Z,0.00063315,0.47930,391465681,191262194
2024-06-07T16:00:00Z,0,0.44930,477167036,229587530
2024-06-08T00:00:00Z,0,0.44560,94092292,46109422
2024-06-08T08:00:00Z,-0.00031031,0.43570,181534556,88615341
2024-06-08T16:00:00Z,-0.00057473,0.43660,89166095,43697565
2024-06-09T00:00:00Z,0,0.43760,65744280,31094302
2024-06-09T08:00:00Z,0,0.43970,82716552,38304037
2024-06-09T16:00:00Z,0.00000264,0.44410,54586470,25189261
2024-06-10T00:00:00Z,0.00011272,0.43600,96857120,44804829
2024-06-10T08:00:00Z,0.00007560,0.44730,185354558,91173965
2024-06-10T16:00:00Z,0.00011673,0.44080,86712514,44722006
2024-06-11T00:00:00Z,0,0.43190,197804234,96035822
2024-06-11T08:00:00Z,0,0.41920,242530930,116943348
2024-06-11T16:00:00Z,-0.00057581,0.42160,112480971,53937230
2024-06-12T00:00:00Z,-0.00009132,0.42580,93719913,48307814
2024-06-12T08:00:00Z,0.00006491,0.44040,180798513,88310232
2024-06-12T16:00:00Z,0,0.43800,207035348,100165290
2024-06-13T00:00:00Z,0,0.43130,120573430,59947941
2024-06-13T08:00:00Z,0,0.42080,176560965,86042373
2024-06-13T16:00:00Z,-0.00011737,0.42100,85365547,41255911
2024-06-14T00:00:00Z,0.00007547,0.42210,82831304,41424407
2024-06-14T08:00:00Z,0,0.41360,123281022,58550581
2024-06-14T16:00:00Z,-0.00030113,0.41190,233839284,108517321
2024-06-15T00:00:00Z,-0.00010940,0.41160,68856939,34174923
2024-06-15T08:00:00Z,0,0.41190,65940733,32137307
2024-06-15T16:00:00Z,-0.00023332,0.41380,64070790,33007273
2024-06-16T00:00:00Z,0,0.41260,53791546,26266475
2024-06-16T08:00:00Z,-0.00048061,0.41620,72182897,33331857
2024-06-16T16:00:00Z,-0.00019696,0.41660,54932575,27488619
2024-06-17T00:00:00Z,-0.00035516,0.41020,118969764,58620688
2024-06-17T08:00:00Z,0,0.40020,181696385,92188751
2024-06-17T16:00:00Z,-0.00042653,0.40110,289169970,142150718
2024-06-18T00:00:00Z,-0.00055779,0.37910,453616516,211748439
2024-06-18T08:00:00Z,-0.00026233,0.37450,281710185,137153741
2024-06-18T16:00:00Z,-0.00077524,0.38330,199014115,92744751
2024-06-19T00:00:00Z,-0.00047747,0.39230,162046411,75642696
2024-06-19T08:00:00Z,0,0.38340,169032606,85319580
2024-06-19T16:00:00Z,-0.00043073,0.38430,82017704,42028972
2024-06-20T00:00:00Z,-0.00027680,0.39310,113894356,55951885
2024-06-20T08:00:00Z,-0.00037197,0.38130,159952228,81232268
2024-06-20T16:00:00Z,-0.00066465,0.38400,106662749,49918910
2024-06-21T00:00:00Z,0,0.38630,98401551,49964140
2024-06-21T08:00:00Z,-0.00038844,0.38020,176247076,85734102
2024-06-21T16:00:00Z,-0.00024749,0.37580,99287135,49282610
2024-06-22T00:00:00Z,-0.00041220,0.37600,86330860,42690821
2024-06-22T08:00:00Z,-0.00066069,0.38610,168416816,86285370
2024-06-22T16:00:00Z,-0.00019796,0.38450,70091740,35313731
2024-06-23T00:00:00Z,-0.00052767,0.38840,81540520,40729267
2024-06-23T08:00:00Z,-0.00005523,0.38660,116874362,58770670
2024-06-23T16:00:00Z,-0.00030928,0.37980,120097181,58336320
2024-06-24T00:00:00Z,-0.00037432,0.37360,152903412,77376612
2024-06-24T08:00:00Z,0,0.37070,259836909,126008554
2024-06-24T16:00:00Z,-0.00070867,0.37760,207181785,100927347
2024-06-25T00:00:00Z,0.00031483,0.38920,144129966,71689159
2024-06-25T08:00:00Z,-0.00040182,0.39450,123898810,62047810
2024-06-25T16:00:00Z,-0.00023660,0.39170,74105587,36232050
2024-06-26T00:00:00Z,-0.00038272,0.39000,83601812,42022391
2024-06-26T08:00:00Z,-0.00017356,0.38820,172352038,84741366
2024-06-26T16:00:00Z,-0.00004966,0.38480,112464905,56789502
2024-06-27T00:00:00Z,-0.00028210,0.37860,81236608,40872257
2024-06-27T08:00:00Z,-0.00036256,0.38610,188338398,95194573
2024-06-27T16:00:00Z,-0.00010696,0.39130,66192400,33964610
2024-06-28T00:00:00Z,-0.00030864,0.38660,97183727,46928404
2024-06-28T08:00:00Z,-0.00067095,0.39180,165439758,81539785
2024-06-28T16:00:00Z,-0.00011870,0.38560,155225522,77053969
2024-06-29T00:00:00Z,-0.00050778,0.39450,208479402,104024090
2024-06-29T08:00:00Z,-0.00020627,0.39050,79490160,39292609
2024-06-29T16:00:00Z,-0.00056490,0.38380,78381955,38337931
2024-06-30T00:00:00Z,-0.00017357,0.38750,100476119,50846967
2024-06-30T08:00:00Z,0,0.38650,78479421,39013073
2024-06-30T16:00:00Z,-0.00030147,0.39230,90454617,45400516
2024-07-01T00:00:00Z,0,0.39800,114324947,56718133
2024-07-01T08:00:00Z,-0.00023053,0.40340,128579200,64937413
2024-07-01T16:00:00Z,0,0.40320,98293336,48902469
2024-07-02T00:00:00Z,-0.00033374,0.40680,78090597,37126149
2024-07-02T08:00:00Z,0,0.41320,170005888,84352019
2024-07-02T16:00:00Z,0,0.41830,82330100,43040369
2024-07-03T00:00:00Z,-0.00052303,0.41500,141258544,68553020
2024-07-03T08:00:00Z,0,0.40650,205332428,102519763
2024-07-03T16:00:00Z,0,0.40680,140353780,72080576
2024-07-04T00:00:00Z,0,0.39330,276493568,139510241
2024-07-04T08:00:00Z,-0.00028390,0.38620,274297433,132715657
2024-07-04T16:00:00Z,0,0.36210,178161058,85735674
2024-07-05T00:00:00Z,-0.00063693,0.33080,824562415,397337452
2024-07-05T08:00:00Z,-0.00077646,0.35310,428520970,216771903
2024-07-05T16:00:00Z,-0.00035530,0.34970,133371149,67652341
2024-07-06T00:00:00Z,-0.00140137,0.35300,149553827,73559255
2024-07-06T08:00:00Z,-0.00031635,0.35960,150897793,74989171
2024-07-06T16:00:00Z,-0.00048665,0.37060,147237586,71257369
2024-07-07T00:00:00Z,-0.00012466,0.36500,142131545,69010789
2024-07-07T08:00:00Z,-0.00033821,0.35610,165474043,82316045
2024-07-07T16:00:00Z,0,0.34650,137208639,67023976
2024-07-08T00:00:00Z,-0.00089687,0.35060,336119803,168962085
2024-07-08T08:00:00Z,-0.00049211,0.36080,462804905,231086013
2024-07-08T16:00:00Z,-0.00044396,0.36880,107384531,53839784
2024-07-09T00:00:00Z,-0.00023118,0.37140,145176077,69815486
2024-07-09T08:00:00Z,-0.00020340,0.37400,143993344,69588127
2024-07-09T16:00:00Z,-0.00024047,0.37520,83728046,40539377
2024-07-10T00:00:00Z,-0.00026139,0.38230,112908874,55776702
2024-07-10T08:00:00Z,-0.00058413,0.38490,117800140,55983077
2024-07-10T16:00:00Z,-0.00055055,0.38820,69643994,34120439
2024-07-11T00:00:00Z,-0.00017268,0.39250,112685562,55656388
2024-07-11T08:00:00Z,0,0.39330,200967811,102723233
2024-07-11T16:00:00Z,0,0.39580,93510213,46389126
2024-07-12T00:00:00Z,-0.00040917,0.39860,129992528,64249245
2024-07-12T08:00:00Z,-0.00053250,0.40890,186396603,94757339
2024-07-12T16:00:00Z,-0.00072647,0.41630,132481663,69049762
2024-07-13T00:00:00Z,-0.00036538,0.42430,123045917,64915874
2024-07-13T08:00:00Z,-0.00058399,0.43360,174386091,89973181
2024-07-13T16:00:00Z,-0.00008124,0.44140,236873775,123358510
2024-07-14T00:00:00Z,-0.00016241,0.43050,151183225,74387441
2024-07-14T08:00:00Z,-0.00011954,0.43000,178208119,82502782
2024-07-14T16:00:00Z,-0.00038255,0.43160,101709148,51141613
2024-07-15T00:00:00Z,-0.00025475,0.43770,183100546,89482718
2024-07-15T08:00:00Z,-0.00051997,0.43480,247346961,117520158
2024-07-15T16:00:00Z,-0.00083476,0.44470,168103577,86800666
2024-07-16T00:00:00Z,0,0.43060,247275387,119424937
2024-07-16T08:00:00Z,-0.00024511,0.44700,226622656,114690690
2024-07-16T16:00:00Z,-0.00078882,0.43790,135830933,64199824
2024-07-17T00:00:00Z,-0.00025753,0.44810,123269242,62669213
2024-07-17T08:00:00Z,-0.00040435,0.44630,180805012,86885935
2024-07-17T16:00:00Z,-0.00070682,0.43570,125526425,58678449
2024-07-18T00:00:00Z,-0.00039674,0.44180,138378287,66396401
2024-07-18T08:00:00Z,-0.00051023,0.42550,165421539,79275697
2024-07-18T16:00:00Z,-0.00052191,0.42310,118549899,61919158
2024-07-19T00:00:00Z,-0.00076020,0.42150,131045600,66331153
2024-07-19T08:00:00Z,-0.00030427,0.43130,141996984,72709873
2024-07-19T16:00:00Z,-0.00008118,0.43880,111766304,55732151
2024-07-20T00:00:00Z,-0.00006529,0.43890,68146415,33593988
2024-07-20T08:00:00Z,-0.00053230,0.43380,95923250,45186254
2024-07-20T16:00:00Z,-0.00054940,0.43700,92983386,45004167
2024-07-21T00:00:00Z,-0.00047439,0.42990,69733075,33763844
2024-07-21T08:00:00Z,-0.00023026,0.43000,81700888,39938878
2024-07-21T16:00:00Z,-0.00031101,0.44670,238074933,115234708
2024-07-22T00:00:00Z,-0.00072473,0.43380,130883472,63537150
2024-07-22T08:00:00Z,-0.00013702,0.42960,144418964,69588376
2024-07-22T16:00:00Z,-0.00058173,0.42580,105859696,50153229
2024-07-23T00:00:00Z,-0.00010504,0.41940,100557139,48685839
2024-07-23T08:00:00Z,-0.00047189,0.41560,167312102,81845271
2024-07-23T16:00:00Z,-0.00021275,0.40970,154925959,75183120
2024-07-24T00:00:00Z,-0.00134802,0.41910,108658373,55489226
2024-07-24T08:00:00Z,-0.00040688,0.41200,113261420,54743772
2024-07-24T16:00:00Z,-0.00033357,0.40600,146949441,69931849
2024-07-25T00:00:00Z,-0.00041146,0.39620,212396156,103508087
2024-07-25T08:00:00Z,-0.00003996,0.39280,136431090,68535614
2024-07-25T16:00:00Z,-0.00046940,0.39460,133937622,65678184
2024-07-26T00:00:00Z,-0.00027046,0.41250,130728226,65480687
2024-07-26T08:00:00Z,-0.00037111,0.41460,91931623,44634476
2024-07-26T16:00:00Z,-0.00054381,0.41700,56932486,28387880
2024-07-27T00:00:00Z,-0.00019764,0.41640,45418496,23660681
2024-07-27T08:00:00Z,-0.00036996,0.42260,89654893,45489365
2024-07-27T16:00:00Z,-0.00060353,0.41730,218697699,106393996
2024-07-28T00:00:00Z,-0.00001621,0.41140,79888541,38006194
2024-07-28T08:00:00Z,-0.00051787,0.40740,84156243,39935016
2024-07-28T16:00:00Z,-0.00072442,0.40700,64374684,30636132
2024-07-29T00:00:00Z,-0.00009574,0.42240,132607695,66061966
2024-07-29T08:00:00Z,-0.00085050,0.40910,130325712,66754684
2024-07-29T16:00:00Z,-0.00026433,0.40290,117981897,56883634
2024-07-30T00:00:00Z,-0.00052741,0.40320,89301791,45199823
2024-07-30T08:00:00Z,-0.00074954,0.40190,136278001,70570771
2024-07-30T16:00:00Z,-0.00083214,0.40100,110583920,53321364
2024-07-31T00:00:00Z,-0.00051491,0.40130,103097071,51598516
2024-07-31T08:00:00Z,-0.00053069,0.40200,89890620,43115449
2024-07-31T16:00:00Z,-0.00090022,0.38780,170130587,79428132
2024-08-01T00:00:00Z,-0.00059825,0.38500,142004204,67888160
2024-08-01T08:00:00Z,-0.00113383,0.37800,142939916,70928228
2024-08-01T16:00:00Z,-0.00061383,0.39240,234479284,113023448
2024-08-02T00:00:00Z,-0.00116905,0.38350,139883930,70429306
2024-08-02T08:00:00Z,-0.00121872,0.36770,260927572,124139246
2024-08-02T16:00:00Z,-0.00048426,0.36350,134880218,65334786
2024-08-03T00:00:00Z,-0.00041784,0.36940,125153315,64370470
2024-08-03T08:00:00Z,-0.00079904,0.35950,86391037,40165946
2024-08-03T16:00:00Z,-0.00016788,0.36450,234349634,114383727
2024-08-04T00:00:00Z,-0.00015647,0.35730,92760818,44855474
2024-08-04T08:00:00Z,-0.00035195,0.34730,130011719,63405505
2024-08-04T16:00:00Z,0,0.34400,267230015,131343059
2024-08-05T00:00:00Z,-0.00026625,0.30760,1106817550,536015773
2024-08-05T08:00:00Z,-0.00070113,0.31930,552172346,272561122
2024-08-05T16:00:00Z,-0.00039676,0.31170,245382964,120690739
2024-08-06T00:00:00Z,-0.00056383,0.33340,211627420,108205239
2024-08-06T08:00:00Z,-0.00088436,0.33250,256137736,125611508
2024-08-06T16:00:00Z,-0.00029403,0.33090,110254989,56026965
2024-08-07T00:00:00Z,-0.00044206,0.33390,130098736,62891571
2024-08-07T08:00:00Z,0,0.32370,191960960,95579665
2024-08-07T16:00:00Z,-0.00033480,0.32380,224535325,116514000
2024-08-08T00:00:00Z,-0.00069577,0.33400,157115167,77754109
2024-08-08T08:00:00Z,-0.00085737,0.33950,151896654,77672208
2024-08-08T16:00:00Z,-0.00052201,0.35130,131115393,67207229
2024-08-09T00:00:00Z,-0.00014985,0.34730,126800319,62650133
2024-08-09T08:00:00Z,-0.00008710,0.34060,135858277,66818685
2024-08-09T16:00:00Z,0,0.34820,85915267,41807570
2024-08-10T00:00:00Z,-0.00030910,0.34670,53439323,26384840
2024-08-10T08:00:00Z,-0.00073910,0.34540,46183245,20725519
2024-08-10T16:00:00Z,-0.00072473,0.34550,46268254,22442189
2024-08-11T00:00:00Z,-0.00084633,0.35250,49852893,25718045
2024-08-11T08:00:00Z,-0.00043791,0.34020,99903611,45334902
2024-08-11T16:00:00Z,-0.00033287,0.32740,110941658,53313976
2024-08-12T00:00:00Z,-0.00113488,0.33450,89200191,44984799
2024-08-12T08:00:00Z,-0.00078425,0.34070,237088042,116732416
2024-08-12T16:00:00Z,-0.00119561,0.33870,82428526,41663718
2024-08-13T00:00:00Z,-0.00036580,0.33710,68518644,33817736
2024-08-13T08:00:00Z,-0.00056099,0.33660,92514848,44655241
2024-08-13T16:00:00Z,-0.00047980,0.33970,91320031,45691696
2024-08-14T00:00:00Z,0,0.33890,59470565,30983549
2024-08-14T08:00:00Z,-0.00068003,0.33750,169308207,84129487
2024-08-14T16:00:00Z,-0.00048693,0.33510,60653655,29022126
2024-08-15T00:00:00Z,-0.00076738,0.33630,71703188,34505245
2024-08-15T08:00:00Z,-0.00071397,0.33820,110768069,54325756
2024-08-15T16:00:00Z,-0.00052005,0.32460,202742953,93443708
2024-08-16T00:00:00Z,-0.00049895,0.33460,126151680,67134718
2024-08-16T08:00:00Z,-0.00049800,0.32400,333521398,164702951
2024-08-16T16:00:00Z,-0.00053309,0.32980,123747960,61535662
2024-08-17T00:00:00Z,-0.00025986,0.32960,57204531,28280290
2024-08-17T08:00:00Z,-0.00023233,0.33510,82612742,41536699
2024-08-17T16:00:00Z,-0.00039140,0.33710,86114831,44728522
2024-08-18T00:00:00Z,-0.00004479,0.33490,55029917,27017745
2024-08-18T08:00:00Z,-0.00024632,0.33850,68114576,33521872
2024-08-18T16:00:00Z,-0.00047009,0.33410,55522699,25483319
2024-08-19T00:00:00Z,-0.00057697,0.33060,81149083,40293185
2024-08-19T08:00:00Z,-0.00061580,0.33230,121054091,60004916
2024-08-19T16:00:00Z,-0.00102553,0.33640,81635994,43235997
2024-08-20T00:00:00Z,0,0.34390,94233718,50190285
2024-08-20T08:00:00Z,-0.00002471,0.33900,130426103,65543467
2024-08-20T16:00:00Z,-0.00021041,0.34330,86066534,42764382
2024-08-21T00:00:00Z,-0.00072686,0.35880,134012475,65765302
2024-08-21T08:00:00Z,-0.00043298,0.35740,190714755,91186875
2024-08-21T16:00:00Z,-0.00077302,0.36860,252940877,128667277
2024-08-22T00:00:00Z,-0.00019215,0.36590,98698360,48548751
2024-08-22T08:00:00Z,-0.00065757,0.36950,143757902,70737903
2024-08-22T16:00:00Z,-0.00067088,0.37610,79085216,39105628
2024-08-23T00:00:00Z,-0.00064771,0.38220,116040535,60422395
2024-08-23T08:00:00Z,-0.00066261,0.38240,203016746,99258869
2024-08-23T16:00:00Z,-0.00041290,0.39110,166219401,85534597
2024-08-24T00:00:00Z,-0.00075440,0.38880,77255279,38751796
2024-08-24T08:00:00Z,-0.00051487,0.39450,101133674,50926372
2024-08-24T16:00:00Z,-0.00009928,0.39330,126583413,62684132
2024-08-25T00:00:00Z,-0.00039194,0.37860,139193363,65225135
2024-08-25T08:00:00Z,-0.00009125,0.38730,99344442,50928089
2024-08-25T16:00:00Z,-0.00053949,0.38460,71910453,34459365
2024-08-26T00:00:00Z,-0.00041926,0.37690,97662439,42831278
2024-08-26T08:00:00Z,-0.00059069,0.37240,158916252,75791635
2024-08-26T16:00:00Z,-0.00064439,0.36600,99981637,48524901
2024-08-27T00:00:00Z,-0.00039590,0.36800,76149706,35348998
2024-08-27T08:00:00Z,-0.00017598,0.36240,110777518,55297233
2024-08-27T16:00:00Z,-0.00052367,0.35000,255112606,123078307
2024-08-28T00:00:00Z,-0.00060925,0.34650,108341476,54264024
2024-08-28T08:00:00Z,-0.00054751,0.35120,174279702,87715812
2024-08-28T16:00:00Z,-0.00077233,0.34980,174142065,85407884
2024-08-29T00:00:00Z,-0.00052172,0.35790,56930587,29253879
2024-08-29T08:00:00Z,-0.00054052,0.36440,131022594,64092191
2024-08-29T16:00:00Z,-0.00045047,0.35770,161083844,82255221
2024-08-30T00:00:00Z,-0.00035699,0.35530,81301857,40421353
2024-08-30T08:00:00Z,-0.00021398,0.33970,234071843,112459162
2024-08-30T16:00:00Z,-0.00048523,0.34680,101173637,46346595
2024-08-31T00:00:00Z,-0.00036311,0.34760,49624598,24172937
2024-08-31T08:00:00Z,-0.00031245,0.34900,48533634,23561061
2024-08-31T16:00:00Z,-0.00033134,0.34490,47326553,22734464
2024-09-01T00:00:00Z,-0.00044349,0.34420,74516971,35893112
2024-09-01T08:00:00Z,-0.00009921,0.34010,110115099,50324925
2024-09-01T16:00:00Z,-0.00110556,0.33080,142463400,66798675
2024-09-02T00:00:00Z,-0.00006960,0.32570,88720392,44478770
2024-09-02T08:00:00Z,-0.00012078,0.33220,168913869,86980365
2024-09-02T16:00:00Z,-0.00066148,0.33590,90632108,46154650
2024-09-03T00:00:00Z,-0.00062791,0.33310,86038134,43105655
2024-09-03T08:00:00Z,-0.00033086,0.32000,176217994,85073449
2024-09-03T16:00:00Z,0,0.31820,112338143,53087145
2024-09-04T00:00:00Z,-0.00085766,0.32090,257491735,126978745
2024-09-04T08:00:00Z,-0.00061063,0.32570,202518123,96929682
2024-09-04T16:00:00Z,-0.00022839,0.32300,115386031,53576019
2024-09-05T00:00:00Z,-0.00035459,0.32380,90640465,42486211
2024-09-05T08:00:00Z,-0.00018477,0.32590,338317370,167961580
2024-09-05T16:00:00Z,-0.00040263,0.32490,179687800,91175099
2024-09-06T00:00:00Z,-0.00077628,0.31970,169988203,81658002
2024-09-06T08:00:00Z,-0.00047322,0.31720,311332840,151179190
2024-09-06T16:00:00Z,-0.00109761,0.31440,287610429,139648188
2024-09-07T00:00:00Z,-0.00071297,0.32330,89405614,44782324
2024-09-07T08:00:00Z,-0.00042004,0.32400,85474237,43448865
2024-09-07T16:00:00Z,-0.00026704,0.32520,79782351,38755606
2024-09-08T00:00:00Z,-0.00020641,0.33440,90897259,44368240
2024-09-08T08:00:00Z,-0.00017637,0.33210,150059357,70870433
2024-09-08T16:00:00Z,-0.00025615,0.33880,117129834,61528986
2024-09-09T00:00:00Z,-0.00071477,0.34190,154826705,79260238
2024-09-09T08:00:00Z,-0.00037880,0.34150,114549019,55470809
2024-09-09T16:00:00Z,-0.00004510,0.34330,106740629,53743893
2024-09-10T00:00:00Z,-0.00023545,0.34210,85507212,42791486
2024-09-10T08:00:00Z,-0.00059547,0.34100,105712589,50029924
2024-09-10T16:00:00Z,-0.00084944,0.34280,78700861,37722922
2024-09-11T00:00:00Z,-0.00075377,0.33960,105809287,50246901
2024-09-11T08:00:00Z,-0.00046683,0.33740,164525066,81526385
2024-09-11T16:00:00Z,-0.00048429,0.35300,202300919,102838225
2024-09-12T00:00:00Z,-0.00075795,0.35610,128275631,63903852
2024-09-12T08:00:00Z,-0.00032437,0.35550,161275443,79725091
2024-09-12T16:00:00Z,-0.00047954,0.35610,69811431,37406171
2024-09-13T00:00:00Z,-0.00064887,0.35660,67760229,34646773
2024-09-13T08:00:00Z,-0.00013691,0.36390,120182043,60712316
2024-09-13T16:00:00Z,-0.00050195,0.36030,94450850,50231015
2024-09-14T00:00:00Z,-0.00048527,0.35910,59624021,28245674
2024-09-14T08:00:00Z,-0.00061114,0.35440,87416383,41968772
2024-09-14T16:00:00Z,-0.00051355,0.35370,66193767,35420871
2024-09-15T00:00:00Z,-0.00051707,0.35530,51090013,27401334
2024-09-15T08:00:00Z,-0.00047082,0.34850,111845403,53153838
2024-09-15T16:00:00Z,-0.00079317,0.33820,150033618,70237505
2024-09-16T00:00:00Z,-0.00041254,0.33640,113391796,55876272
2024-09-16T08:00:00Z,-0.00079454,0.33080,142562286,63843174
2024-09-16T16:00:00Z,-0.00056300,0.33000,104814912,50612426
2024-09-17T00:00:00Z,-0.00041036,0.33350,62625639,29914169
2024-09-17T08:00:00Z,-0.00042206,0.34070,135915403,73357161
2024-09-17T16:00:00Z,-0.00074508,0.33360,98232322,46476374
2024-09-18T00:00:00Z,-0.00042925,0.33360,71222865,34078854
2024-09-18T08:00:00Z,-0.00036351,0.32820,100110130,46993988
2024-09-18T16:00:00Z,-0.00094541,0.34400,200739926,98550186
2024-09-19T00:00:00Z,-0.00021111,0.34740,146293751,73448003
2024-09-19T08:00:00Z,-0.00010402,0.35190,130073064,64641440
2024-09-19T16:00:00Z,-0.00005013,0.35090,88824364,44475762
2024-09-20T00:00:00Z,-0.00031894,0.35950,133215107,66809608
2024-09-20T08:00:00Z,-0.00023334,0.35440,116958978,56309923
2024-09-20T16:00:00Z,-0.00049650,0.35200,70650767,35912477
2024-09-21T00:00:00Z,-0.00054047,0.35400,65736505,34123543
2024-09-21T08:00:00Z,-0.00036024,0.35560,56348865,28539183
2024-09-21T16:00:00Z,-0.00015399,0.35820,68824831,34990012
2024-09-22T00:00:00Z,-0.00026402,0.35330,74028118,35511881
2024-09-22T08:00:00Z,-0.00060350,0.34740,98205415,45196897
2024-09-22T16:00:00Z,-0.00085767,0.35150,122116053,60292699
2024-09-23T00:00:00Z,-0.00049064,0.35290,143132047,72907620
2024-09-23T08:00:00Z,-0.00028955,0.35640,122405181,56112514
2024-09-23T16:00:00Z,-0.00051870,0.36360,138675751,69402752
2024-09-24T00:00:00Z,-0.00046914,0.36810,121454918,61136812
2024-09-24T08:00:00Z,-0.00079141,0.37180,199957446,99919096
2024-09-24T16:00:00Z,0,0.38760,225219037,109803733
2024-09-25T00:00:00Z,-0.00014510,0.38110,152308101,74908810
2024-09-25T08:00:00Z,0,0.38330,107069352,53128397
2024-09-25T16:00:00Z,-0.00033289,0.38080,82056251,41146687
2024-09-26T00:00:00Z,-0.00030812,0.39540,124633442,65900484
2024-09-26T08:00:00Z,-0.00020224,0.40150,181314651,90546361
2024-09-26T16:00:00Z,-0.00019022,0.40130,110836979,52729095
2024-09-27T00:00:00Z,-0.00014973,0.40780,149749982,73950916
2024-09-27T08:00:00Z,-0.00071122,0.40420,145801571,72963988
2024-09-27T16:00:00Z,0,0.40170,92495795,45522660
2024-09-28T00:00:00Z,-0.00038486,0.39690,97689484,49067864
2024-09-28T08:00:00Z,-0.00008564,0.40150,103460858,50023267
2024-09-28T16:00:00Z,-0.00005195,0.40050,68046740,34763731
2024-09-29T00:00:00Z,-0.00004077,0.39400,62239764,30269744
2024-09-29T08:00:00Z,0,0.40030,83048679,41811319
2024-09-29T16:00:00Z,-0.00070368,0.39720,90222606,43380985
2024-09-30T00:00:00Z,-0.00071819,0.39030,127259539,61169090
2024-09-30T08:00:00Z,-0.00017594,0.37840,176079591,85087697
2024-09-30T16:00:00Z,-0.00053271,0.37320,129823360,62683955
2024-10-01T00:00:00Z,-0.00009561,0.38380,102016279,52157252
2024-10-01T08:00:00Z,-0.00139731,0.36620,269769952,129850662
2024-10-01T16:00:00Z,-0.00051605,0.35180,357952463,171179050
2024-10-02T00:00:00Z,-0.00030968,0.35900,133849990,65569244
2024-10-02T08:00:00Z,-0.00058334,0.35170,208600179,104562643
2024-10-02T16:00:00Z,-0.00076554,0.34290,196876259,94663508
2024-10-03T00:00:00Z,-0.00032145,0.34240,100962594,48626474
2024-10-03T08:00:00Z,-0.00060652,0.33880,317338787,154640934
2024-10-03T16:00:00Z,-0.00038395,0.34510,148094064,73957657
2024-10-04T00:00:00Z,-0.00062083,0.34970,99332819,50534398
2024-10-04T08:00:00Z,-0.00061415,0.35270,144891288,68046550
2024-10-04T16:00:00Z,-0.00004867,0.35140,68147098,34298233
2024-10-05T00:00:00Z,-0.00082193,0.35510,80743888,38628753
2024-10-05T08:00:00Z,-0.00059022,0.35280,64142591,31189225
2024-10-05T16:00:00Z,-0.00064826,0.35070,78840497,39418406
2024-10-06T00:00:00Z,-0.00030416,0.34910,46004901,22982074
2024-10-06T08:00:00Z,-0.00029285,0.35320,78224034,39059169
2024-10-06T16:00:00Z,-0.00055751,0.35730,95736165,50742047
2024-10-07T00:00:00Z,-0.00018803,0.36240,125159690,60338604
2024-10-07T08:00:00Z,-0.00047062,0.35800,210386391,97868283
2024-10-07T16:00:00Z,-0.00049632,0.35080,188735850,93841858
2024-10-08T00:00:00Z,-0.00051103,0.35180,87600224,44318694
2024-10-08T08:00:00Z,-0.00046420,0.34470,156532190,73471955
2024-10-08T16:00:00Z,-0.00067162,0.34440,102835295,50747459
2024-10-09T00:00:00Z,-0.00070413,0.34410,72326448,35889161
2024-10-09T08:00:00Z,-0.00070762,0.34320,120850845,59078941
2024-10-09T16:00:00Z,-0.00027754,0.33950,138093925,67837107
2024-10-10T00:00:00Z,-0.00079939,0.33730,64015808,28984484
2024-10-10T08:00:00Z,-0.00038374,0.33740,133300996,70503134
2024-10-10T16:00:00Z,-0.00026757,0.33930,129954626,64308340
2024-10-11T00:00:00Z,-0.00055046,0.34450,93802684,47785428
2024-10-11T08:00:00Z,-0.00053784,0.34990,88642585,43718657
2024-10-11T16:00:00Z,-0.00045853,0.35160,79133785,40621025
2024-10-12T00:00:00Z,-0.00068004,0.35320,50919271,24374499
2024-10-12T08:00:00Z,-0.00030839,0.35420,51991359,24806833
2024-10-12T16:00:00Z,-0.00090022,0.35290,64539548,32689584
2024-10-13T00:00:00Z,0,0.35870,80031002,41436857
2024-10-13T08:00:00Z,-0.00053670,0.34520,105897273,47455265
2024-10-13T16:00:00Z,-0.00104003,0.34830,87883090,45494371
2024-10-14T00:00:00Z,-0.00037386,0.35550,163723469,79555817
2024-10-14T08:00:00Z,-0.00054806,0.36320,133042189,68263335
2024-10-14T16:00:00Z,0.00022730,0.36420,90918767,44800439
2024-10-15T00:00:00Z,0.00041799,0.35960,108801264,51662969
2024-10-15T08:00:00Z,-0.00001904,0.35540,381938996,190527300
2024-10-15T16:00:00Z,0,0.35900,133533378,65490796
2024-10-16T00:00:00Z,-0.00041915,0.35200,108623435,50467441
2024-10-16T08:00:00Z,-0.00006640,0.35360,161925687,78300151
2024-10-16T16:00:00Z,-0.00020793,0.35210,81513650,41113118
2024-10-17T00:00:00Z,-0.00028256,0.34830,132698633,63706293
2024-10-17T08:00:00Z,-0.00065157,0.34870,201961238,104752241
2024-10-17T16:00:00Z,-0.00040938,0.34310,107304068,51128507
2024-10-18T00:00:00Z,-0.00032432,0.34750,85515012,41277675
2024-10-18T08:00:00Z,-0.00003737,0.34930,104347853,53985540
2024-10-18T16:00:00Z,-0.00067718,0.35060,78319869,37025677
2024-10-19T00:00:00Z,0,0.35320,68988869,31642468
2024-10-19T08:00:00Z,-0.00012566,0.35160,72425596,33227291
2024-10-19T16:00:00Z,-0.00033527,0.35120,63922629,31335748
2024-10-20T00:00:00Z,-0.00033904,0.35060,54636182,25342828
2024-10-20T08:00:00Z,-0.00020346,0.35970,105085154,54480943
2024-10-20T16:00:00Z,-0.00020236,0.36480,96912204,49829256
2024-10-21T00:00:00Z,0,0.36630,130874609,65404302
2024-10-21T08:00:00Z,0.00022721,0.35810,139394857,68898270
2024-10-21T16:00:00Z,0.00029281,0.36090,98084307,50689195
2024-10-22T00:00:00Z,0.00009621,0.36590,116358048,59070572
2024-10-22T08:00:00Z,-0.00017194,0.36310,206312333,103104431
2024-10-22T16:00:00Z,0,0.36440,100379799,47347534
2024-10-23T00:00:00Z,-0.00008575,0.36470,129870197,62089710
2024-10-23T08:00:00Z,-0.00062329,0.35000,216351802,109634027
2024-10-23T16:00:00Z,-0.00040883,0.34950,170195260,81184416
2024-10-24T00:00:00Z,-0.00057173,0.34550,114165088,52966740
2024-10-24T08:00:00Z,-0.00037155,0.34340,178306034,91175487
2024-10-24T16:00:00Z,0,0.34640,94914507,45524125
2024-10-25T00:00:00Z,-0.00019369,0.33930,114278923,55878735
2024-10-25T08:00:00Z,-0.00060981,0.34180,153627078,78508277
2024-10-25T16:00:00Z,-0.00067910,0.32570,400172242,188502782
2024-10-26T00:00:00Z,-0.00048126,0.33210,122054539,56129383
2024-10-26T08:00:00Z,-0.00052070,0.32530,91032719,43979407
2024-10-26T16:00:00Z,-0.00042432,0.33340,70303977,32979094
2024-10-27T00:00:00Z,-0.00041604,0.33340,37598651,17253966
2024-10-27T08:00:00Z,-0.00034498,0.33950,67269754,32672803
2024-10-27T16:00:00Z,-0.00038394,0.33970,62853174,30044952
2024-10-28T00:00:00Z,-0.00095434,0.33610,115804157,57718592
2024-10-28T08:00:00Z,-0.00039936,0.33330,119130194,58492325
2024-10-28T16:00:00Z,-0.00019068,0.34350,123513585,61700567
2024-10-29T00:00:00Z,-0.00016190,0.34720,112097041,54643293
2024-10-29T08:00:00Z,-0.00030488,0.35030,83925781,38428694
2024-10-29T16:00:00Z,0.00015163,0.35620,122912225,60604656
2024-10-30T00:00:00Z,0,0.35670,142350266,68044286
2024-10-30T08:00:00Z,-0.00011513,0.35460,120463930,59781999
2024-10-30T16:00:00Z,0,0.35500,71862155,34834391
2024-10-31T00:00:00Z,0,0.35590,64740346,29762420
2024-10-31T08:00:00Z,-0.00048887,0.34460,212936543,101016224
2024-10-31T16:00:00Z,-0.00014137,0.34160,125596245,60792912
2024-11-01T00:00:00Z,0,0.34280,126898556,61277609
2024-11-01T08:00:00Z,0,0.35250,245364783,116686762
2024-11-01T16:00:00Z,0.00010811,0.35750,189200015,92951061
2024-11-02T00:00:00Z,0.00000622,0.35710,131146152,64592177
2024-11-02T08:00:00Z,-0.00005725,0.35430,152544583,73324561
2024-11-02T16:00:00Z,-0.00029192,0.34820,102406779,51490609
2024-11-03T00:00:00Z,-0.00030165,0.34070,152203403,76256690
2024-11-03T08:00:00Z,-0.00080577,0.33310,169929425,84975693
2024-11-03T16:00:00Z,-0.00002973,0.33390,142641582,67782981
2024-11-04T00:00:00Z,-0.00078334,0.33020,109485692,58891428
2024-11-04T08:00:00Z,-0.00043019,0.32790,132821509,67396759
2024-11-04T16:00:00Z,-0.00039994,0.32610,141656701,70520811
2024-11-05T00:00:00Z,-0.00052247,0.33110,70782658,34514745
2024-11-05T08:00:00Z,-0.00001035,0.33390,135713276,64078984
2024-11-05T16:00:00Z,-0.00014451,0.33350,123275303,57088378
2024-11-06T00:00:00Z,0.00064038,0.35970,359719949,174268731
2024-11-06T08:00:00Z,0,0.35340,188987543,92088152
2024-11-06T16:00:00Z,0.00008241,0.36320,121809124,60072211
2024-11-07T00:00:00Z,0.00038246,0.36900,230017082,114215718
2024-11-07T08:00:00Z,0.00008413,0.38860,160003350,81181585
2024-11-07T16:00:00Z,0.00000090,0.40680,320536968,159376447
2024-11-08T00:00:00Z,0.00054242,0.42820,641604585,321941471
2024-11-08T08:00:00Z,0.00013642,0.45010,670026166,332566542
2024-11-08T16:00:00Z,0.00004390,0.44480,604059770,298366837
2024-11-09T00:00:00Z,0.00056576,0.43530,310818401,156980421
2024-11-09T08:00:00Z,0.00054189,0.43790,204265077,99424451
2024-11-09T16:00:00Z,0,0.49700,374550638,202754811
2024-11-10T00:00:00Z,0.00013533,0.58480,1458169302,720954829
2024-11-10T08:00:00Z,0.00134532,0.59970,1630726267,813461529
2024-11-10T16:00:00Z,0.00053508,0.59070,1267375815,616757720
2024-11-11T00:00:00Z,0.00013368,0.57360,646064351,315309384
2024-11-11T08:00:00Z,0.00028886,0.60170,746334501,369279935
2024-11-11T16:00:00Z,0.00102750,0.61390,558242285,273287408
2024-11-12T00:00:00Z,0.00077296,0.61190,560243437,275820254
2024-11-12T08:00:00Z,0.00084548,0.57120,1078762146,516869566
2024-11-12T16:00:00Z,0.00064698,0.57140,345234150,164106356
2024-11-13T00:00:00Z,0.00032877,0.53420,525966943,245680672
2024-11-13T08:00:00Z,0.00078675,0.59570,769031891,379549917
2024-11-13T16:00:00Z,0.00090601,0.57880,527267219,252763930
2024-11-14T00:00:00Z,0.00044177,0.58120,293644491,148192731
2024-11-14T08:00:00Z,0.00032289,0.54850,399993753,179106018
2024-11-14T16:00:00Z,0.00029722,0.57950,473034435,227972122
2024-11-15T00:00:00Z,0.00063631,0.59020,616272462,311637263
2024-11-15T08:00:00Z,0.00058564,0.64780,1356613897,667250477
2024-11-15T16:00:00Z,0.00029960,0.70760,853139986,438215725
2024-11-16T00:00:00Z,0.00055542,0.72600,925483660,452748523
2024-11-16T08:00:00Z,-0.00168834,0.74630,1445960790,704050127
2024-11-16T16:00:00Z,0.00012514,0.74200,558951856,267161164
2024-11-17T00:00:00Z,0.00057905,0.71860,630492381,308236068
2024-11-17T08:00:00Z,0.00061828,0.72620,297009023,140096667
2024-11-17T16:00:00Z,0.00061839,0.70300,327954991,155573972
2024-11-18T00:00:00Z,0.00108747,0.76230,439174288,219900440
2024-11-18T08:00:00Z,0.00061322,0.76590,485380490,230985648
2024-11-18T16:00:00Z,0.00118604,0.73330,303693814,144388670
2024-11-19T00:00:00Z,0.00099926,0.75590,225720132,107178824
2024-11-19T08:00:00Z,0.00055454,0.73010,317150150,156314273
2024-11-19T16:00:00Z,0.00066850,0.73890,334281575,158734410
2024-11-20T00:00:00Z,0.00100077,0.78960,650788577,331393899
2024-11-20T08:00:00Z,0.00084540,0.83560,1058677181,526101004
2024-11-20T16:00:00Z,0.00002186,0.80030,676981567,327547840
2024-11-21T00:00:00Z,-0.00006109,0.78510,489209111,234040884
2024-11-21T08:00:00Z,0.00015290,0.77950,445048943,209927620
2024-11-21T16:00:00Z,0.00055811,0.82260,361601764,172972334
2024-11-22T00:00:00Z,0.00093494,0.85640,736410753,350211605
2024-11-22T08:00:00Z,0.00075785,0.92670,875707023,434080176
2024-11-22T16:00:00Z,0.00046267,1.01770,1131010296,558495496
2024-11-23T00:00:00Z,0.00072048,1.09500,1170504774,570577293
2024-11-23T08:00:00Z,0.00058454,1.10400,650132980,313492772
2024-11-23T16:00:00Z,0.00032483,1.06650,632532225,301109738
2024-11-24T00:00:00Z,0.00057109,1.07370,387951657,184362052
2024-11-24T08:00:00Z,0.00134465,0.94970,775556577,363783002
2024-11-24T16:00:00Z,0.00062001,1.02330,459056939,226138570
2024-11-25T00:00:00Z,0.00085822,1.03950,452635053,218883307
2024-11-25T08:00:00Z,0,1.00670,501318568,244105388
2024-11-25T16:00:00Z,0.00093953,0.94450,514691505,246469189
2024-11-26T00:00:00Z,0.00056265,0.96040,284066431,138215719
2024-11-26T08:00:00Z,0.00031635,0.90730,665277232,317957468
2024-11-26T16:00:00Z,0.00019403,0.96070,403107366,199992431
2024-11-27T00:00:00Z,0.00066233,0.98340,302538977,150926131
2024-11-27T08:00:00Z,0.00048980,1.03470,513323851,252426820
2024-11-27T16:00:00Z,0.00052620,1.01230,311104986,150369401
2024-11-28T00:00:00Z,0.00071082,0.99720,256115095,120205118
2024-11-28T08:00:00Z,0.00087313,0.97790,269903344,130770637
2024-11-28T16:00:00Z,0.00061932,1.03280,222589375,109338498
2024-11-29T00:00:00Z,0.00072703,1.04650,349178023,171622069
2024-11-29T08:00:00Z,0.00030945,1.07600,398013201,197597223
2024-11-29T16:00:00Z,0.00084020,1.07620,300687132,142869699
2024-11-30T00:00:00Z,0.00076186,1.13070,466030858,233597130
2024-11-30T08:00:00Z,0.00086010,1.09290,384979961,182227897
2024-11-30T16:00:00Z,0.00096610,1.08000,159367468,73268621
2024-12-01T00:00:00Z,0.00031267,1.05670,241090108,107108574
2024-12-01T08:00:00Z,0.00069119,1.07400,186087178,89056755
2024-12-01T16:00:00Z,0.00117593,1.15120,590041911,294205569
2024-12-02T00:00:00Z,0.00057754,1.14230,661727499,303606192
2024-12-02T08:00:00Z,0.00057855,1.20730,864419541,426337203
2024-12-02T16:00:00Z,0.00050362,1.20360,704750315,339334993
2024-12-03T00:00:00Z,0.00061675,1.26970,786700935,380607832
2024-12-03T08:00:00Z,0.00081778,1.19810,777070769,365559428
2024-12-03T16:00:00Z,0.00021358,1.19240,401536094,192110952
2024-12-04T00:00:00Z,0.00101104,1.23000,305793759,152644068
2024-12-04T08:00:00Z,0.00113617,1.19160,353858624,169850347
2024-12-04T16:00:00Z,0.00115926,1.18810,470931337,224861640
2024-12-05T00:00:00Z,0.00129954,1.20760,566797339,272818107
2024-12-05T08:00:00Z,0.00074735,1.21170,378765350,185962367
2024-12-05T16:00:00Z,0.00031676,1.16050,438875818,206972854
2024-12-06T00:00:00Z,0.00065413,1.18940,214709391,103360076
2024-12-06T08:00:00Z,0.00127857,1.20740,423714104,203874456
2024-12-06T16:00:00Z,0.00059215,1.22880,260086659,125380819
2024-12-07T00:00:00Z,0.00086546,1.21060,170337662,82439654
2024-12-07T08:00:00Z,0.00113595,1.22080,172045509,85995876
2024-12-07T16:00:00Z,0.00091279,1.21160,196710116,93818717
2024-12-08T00:00:00Z,0.00059261,1.20310,232817257,110525021
2024-12-08T08:00:00Z,0.00064144,1.18810,354733794,169232312
2024-12-08T16:00:00Z,0.00070873,1.19470,168862386,83683608
2024-12-09T00:00:00Z,0.00071130,1.15780,258712757,116784385
2024-12-09T08:00:00Z,0.00025837,1.11570,466861586,216770866
2024-12-09T16:00:00Z,-0.00051678,1.00330,909195561,403906389
2024-12-10T00:00:00Z,-0.00033021,1.01490,551929392,264504692
2024-12-10T08:00:00Z,0,0.94890,537513280,255963886
2024-12-10T16:00:00Z,-0.00009905,1.02140,611658925,298505940
2024-12-11T00:00:00Z,0.00014338,0.99550,282839238,134275895
2024-12-11T08:00:00Z,0,1.09440,410183442,207741002
2024-12-11T16:00:00Z,-0.00016015,1.08670,224881397,107184148
2024-12-12T00:00:00Z,-0.00044360,1.15700,320977905,157108934
2024-12-12T08:00:00Z,-0.00006490,1.13810,299770019,144817179
2024-12-12T16:00:00Z,-0.00018073,1.12290,253809320,123534882
2024-12-13T00:00:00Z,0.00018816,1.08860,203641298,96508520
2024-12-13T08:00:00Z,-0.00051917,1.08390,261272998,125832396
2024-12-13T16:00:00Z,0,1.12120,174270998,88469955
2024-12-14T00:00:00Z,-0.00006352,1.11720,144463014,71285974
2024-12-14T08:00:00Z,-0.00033767,1.07850,200934673,93327098
2024-12-14T16:00:00Z,-0.00072093,1.06030,216832487,98206484
2024-12-15T00:00:00Z,-0.00041908,1.04840,141496019,68954056
2024-12-15T08:00:00Z,0,1.08730,211922733,107512757
2024-12-15T16:00:00Z,0.00000094,1.09970,209502835,100794415
2024-12-16T00:00:00Z,-0.00010061,1.09040,220098111,108278964
2024-12-16T08:00:00Z,-0.00002968,1.06700,226753398,107265217
2024-12-16T16:00:00Z,-0.00020645,1.07740,283878562,138015415
2024-12-17T00:00:00Z,-0.00035906,1.05900,165655378,80039022
2024-12-17T08:00:00Z,-0.00069585,1.07010,343922589,168149337
2024-12-17T16:00:00Z,-0.00044491,1.05180,234341141,107685656
2024-12-18T00:00:00Z,-0.00072221,1.02220,261416279,121224106
2024-12-18T08:00:00Z,-0.00052064,1.02240,210223803,103711977
2024-12-18T16:00:00Z,-0.00052118,0.96800,558026754,263274901
2024-12-19T00:00:00Z,-0.00024000,0.98190,381126763,189126760
2024-12-19T08:00:00Z,-0.00066671,0.94240,314451651,151353846
2024-12-19T16:00:00Z,-0.00050536,0.88020,621366101,292172701
2024-12-20T00:00:00Z,-0.00002378,0.88880,287768584,144529059
2024-12-20T08:00:00Z,-0.00072010,0.87550,942351447,460359994
2024-12-20T16:00:00Z,-0.00061265,0.94920,343661259,169878676
2024-12-21T00:00:00Z,-0.00072343,0.98840,221145341,110827411
2024-12-21T08:00:00Z,-0.00048417,0.92060,442396123,214804146
2024-12-21T16:00:00Z,-0.00033039,0.90480,284824531,141239754
2024-12-22T00:00:00Z,0,0.89020,235617109,112617707
2024-12-22T08:00:00Z,-0.00056282,0.88720,235914401,117191863
2024-12-22T16:00:00Z,-0.00046548,0.88300,243465404,119288525
2024-12-23T00:00:00Z,-0.00009645,0.88530,280380263,140624037
2024-12-23T08:00:00Z,-0.00012621,0.86490,235090615,112144696
2024-12-23T16:00:00Z,-0.00021029,0.92610,288631859,144439921
2024-12-24T00:00:00Z,-0.00031613,0.89900,147848327,68970960
2024-12-24T08:00:00Z,-0.00066219,0.94380,212252779,107053027
2024-12-24T16:00:00Z,-0.00006749,0.93550,172276484,82466231
2024-12-25T00:00:00Z,-0.00053011,0.91580,111789088,54787428
2024-12-25T08:00:00Z,-0.00055001,0.91220,157493468,74472761
2024-12-25T16:00:00Z,-0.00021331,0.91720,112769670,55358595
2024-12-26T00:00:00Z,-0.00024833,0.88540,138755532,66496418
2024-12-26T08:00:00Z,-0.00063972,0.86600,182142561,87041871
2024-12-26T16:00:00Z,-0.00061257,0.86040,152390156,73610414
2024-12-27T00:00:00Z,-0.00050390,0.86320,137851740,66188290
2024-12-27T08:00:00Z,-0.00007552,0.87410,239973598,116382988
2024-12-27T16:00:00Z,-0.00002960,0.87680,146778052,70180609
2024-12-28T00:00:00Z,-0.00076643,0.86760,84990545,42921154
2024-12-28T08:00:00Z,-0.00027746,0.87520,112693485,55321053
2024-12-28T16:00:00Z,-0.00007201,0.88920,92213629,45567148
2024-12-29T00:00:00Z,-0.00034359,0.89460,66338196,32713813
2024-12-29T08:00:00Z,-0.00078314,0.88330,161060513,81042638
2024-12-29T16:00:00Z,-0.00068992,0.85820,146933835,70676555
2024-12-30T00:00:00Z,-0.00048850,0.86910,183277667,91621200
2024-12-30T08:00:00Z,-0.00054513,0.83990,198099208,99340584
2024-12-30T16:00:00Z,-0.00015173,0.86130,238840713,117690892
2024-12-31T00:00:00Z,-0.00004590,0.84590,107368110,51821675
2024-12-31T08:00:00Z,-0.00026705,0.86930,159828356,80282746
2024-12-31T16:00:00Z,-0.00036079,0.84470,110413590,53461397
2025-01-01T00:00:00Z,-0.00011360,0.85140,86556590,43316369
2025-01-01T08:00:00Z,0,0.87690,155707869,79698010
2025-01-01T16:00:00Z,0.00020377,0.92230,313976034,153651809
2025-01-02T00:00:00Z,-0.00013875,0.93330,212350634,104152578
2025-01-02T08:00:00Z,-0.00007642,0.95500,253130889,125056023
2025-01-02T16:00:00Z,-0.00000071,0.96130,122887942,61581191
2025-01-03T00:00:00Z,-0.00014645,1.03530,395149033,211141329
2025-01-03T08:00:00Z,-0.00005383,1.08590,530994978,268057492
2025-01-03T16:00:00Z,0,1.08950,341297409,164656972
2025-01-04T00:00:00Z,0,1.07400,207443921,100524054
2025-01-04T08:00:00Z,0,1.06500,250828581,126709548
2025-01-04T16:00:00Z,0.00005535,1.07070,107241353,53141392
2025-01-05T00:00:00Z,-0.00004476,1.09340,195330348,101296092
2025-01-05T08:00:00Z,-0.00015716,1.09000,317927557,153621372
2025-01-05T16:00:00Z,-0.00005825,1.09090,165640581,78318862
2025-01-06T00:00:00Z,-0.00007852,1.07780,185857737,92792927
2025-01-06T08:00:00Z,-0.00016283,1.09530,234481798,110074279
2025-01-06T16:00:00Z,-0.00012604,1.09320,198460740,97589598
2025-01-07T00:00:00Z,-0.00011531,1.10270,122349478,58813889
2025-01-07T08:00:00Z,-0.00066417,1.04470,692726243,333668927
2025-01-07T16:00:00Z,-0.00035709,0.98880,451662535,221014343
2025-01-08T00:00:00Z,-0.00026854,0.98230,325198802,152777247
2025-01-08T08:00:00Z,-0.00007874,0.97420,324385592,159544709
2025-01-08T16:00:00Z,-0.00047053,0.94620,487754339,232559638
2025-01-09T00:00:00Z,-0.00009291,0.91430,197910826,94671314
2025-01-09T08:00:00Z,-0.00004556,0.92860,356328233,175490335
2025-01-09T16:00:00Z,-0.00046067,0.90380,269634627,131399010
2025-01-10T00:00:00Z,-0.00034240,0.96270,206719858,107841086
2025-01-10T08:00:00Z,-0.00009493,0.92870,455092849,221343022
2025-01-10T16:00:00Z,-0.00061202,0.92970,175024720,87163827
2025-01-11T00:00:00Z,-0.00018561,0.91980,81895162,41024463
2025-01-11T08:00:00Z,-0.00004323,0.93680,138610053,68693932
2025-01-11T16:00:00Z,0,0.99520,304856033,151687650
2025-01-12T00:00:00Z,-0.00013759,1.00270,345182826,171734657
2025-01-12T08:00:00Z,-0.00057316,0.99280,290411402,150072839
2025-01-12T16:00:00Z,-0.00047015,0.96710,182526464,87539754
2025-01-13T00:00:00Z,-0.00011103,0.93610,286898637,137448193
2025-01-13T08:00:00Z,-0.00086939,0.92520,560594680,276275918
2025-01-13T16:00:00Z,-0.00038177,0.94390,285420284,135174653
2025-01-14T00:00:00Z,-0.00027901,0.95530,176004243,85573288
2025-01-14T08:00:00Z,-0.00019298,0.98140,299180490,152205539
2025-01-14T16:00:00Z,0,0.99690,199933055,101908008
2025-01-15T00:00:00Z,0.00003294,1.05010,315425132,160325083
2025-01-15T08:00:00Z,0,1.06450,633799583,309093845
2025-01-15T16:00:00Z,-0.00010634,1.07530,329590491,168721714
2025-01-16T00:00:00Z,-0.00013063,1.05620,229367118,111259387
2025-01-16T08:00:00Z,0.00022686,1.10210,667209644,331583747
2025-01-16T16:00:00Z,-0.00030382,1.08890,416733473,195350984
2025-01-17T00:00:00Z,0,1.11510,232440072,116658622
2025-01-17T08:00:00Z,-0.00022803,1.11000,312975078,149526049
2025-01-17T16:00:00Z,-0.00017926,1.13280,352809518,173291960
2025-01-18T00:00:00Z,-0.00042752,1.06440,331317300,150408826
2025-01-18T08:00:00Z,-0.00059103,1.07110,295032639,146042633
2025-01-18T16:00:00Z,-0.00025563,1.10420,224369010,105923433
2025-01-19T00:00:00Z,0,1.06660,381822194,183186632
2025-01-19T08:00:00Z,-0.00006768,1.07390,467483354,216119180
2025-01-19T16:00:00Z,-0.00055345,0.99240,524965041,244236095
2025-01-20T00:00:00Z,0.00025276,1.07820,532596629,262790540
2025-01-20T08:00:00Z,0.00005451,1.04770,401017328,196424972
2025-01-20T16:00:00Z,-0.00007668,1.00920,388425853,186687916
2025-01-21T00:00:00Z,-0.00002899,0.97650,252330126,123319274
2025-01-21T08:00:00Z,-0.00013647,0.99350,310393194,151559079
2025-01-21T16:00:00Z,-0.00014617,1.00560,178402286,84226391
2025-01-22T00:00:00Z,-0.00007314,0.99020,130536595,59855504
2025-01-22T08:00:00Z,-0.00028442,0.99050,210658932,102968405
2025-01-22T16:00:00Z,-0.00024000,0.98240,133985191,66233371
2025-01-23T00:00:00Z,0,0.97180,146253045,68625661
2025-01-23T08:00:00Z,0.00008623,0.99490,257910336,126283524
2025-01-23T16:00:00Z,-0.00007522,0.98650,266466300,126938839
2025-01-24T00:00:00Z,0,0.99780,168603526,81029112
2025-01-24T08:00:00Z,-0.00026618,0.99470,142161928,70729642
2025-01-24T16:00:00Z,-0.00057726,0.97060,135911105,62239039
2025-01-25T00:00:00Z,-0.00015832,0.97590,105682440,50806263
2025-01-25T08:00:00Z,-0.00031396,0.98690,89627576,44360296
2025-01-25T16:00:00Z,-0.00016556,0.97620,67191081,30946053
2025-01-26T00:00:00Z,-0.00001393,0.99240,83669024,42107383
2025-01-26T08:00:00Z,-0.00034513,0.99210,81880385,38815592
2025-01-26T16:00:00Z,-0.00063281,0.95230,146858200,65271987
2025-01-27T00:00:00Z,-0.00047443,0.88680,398069380,183919998
2025-01-27T08:00:00Z,-0.00052391,0.91820,315858979,153739824
2025-01-27T16:00:00Z,-0.00033316,0.93400,193949524,98344441
2025-01-28T00:00:00Z,-0.00065304,0.95670,136815343,67103075
2025-01-28T08:00:00Z,-0.00019075,0.95860,185877920,89045655
2025-01-28T16:00:00Z,-0.00043305,0.91610,202381165,96345479
2025-01-29T00:00:00Z,-0.00013575,0.94340,128815255,60629243
2025-01-29T08:00:00Z,-0.00085639,0.92160,131602576,65373220
2025-01-29T16:00:00Z,-0.00076232,0.93910,275980400,136979970
2025-01-30T00:00:00Z,-0.00030701,0.96150,116700691,58344094
2025-01-30T08:00:00Z,-0.00021959,0.97570,158481158,83798952
2025-01-30T16:00:00Z,-0.00042149,0.95910,100922643,47754599
2025-01-31T00:00:00Z,-0.00023194,0.95110,133587654,61986481
2025-01-31T08:00:00Z,-0.00006563,0.97890,182189247,91547750
2025-01-31T16:00:00Z,-0.00028187,0.94220,177729701,85426499
2025-02-01T00:00:00Z,0,0.93730,81541085,37726626
2025-02-01T08:00:00Z,-0.00026897,0.92670,130317765,60922355
2025-02-01T16:00:00Z,-0.00051979,0.89410,171135322,77979209
2025-02-02T00:00:00Z,-0.00013745,0.87960,215491993,102740391
2025-02-02T08:00:00Z,-0.00031833,0.86980,196718084,96888871
2025-02-02T16:00:00Z,-0.00097632,0.80420,724844821,350380430
2025-02-03T00:00:00Z,-0.00077182,0.71770,1630653114,763504819
2025-02-03T08:00:00Z,-0.00136397,0.76420,879493062,429616490
2025-02-03T16:00:00Z,-0.00033923,0.81160,487946906,238317697
2025-02-04T00:00:00Z,-0.00002351,0.71630,434689910,209356896
2025-02-04T08:00:00Z,-0.00032897,0.75790,491780828,246441483
2025-02-04T16:00:00Z,-0.00087943,0.74340,449610210,224319352
2025-02-05T00:00:00Z,-0.00052045,0.75070,204399762,100926103
2025-02-05T08:00:00Z,-0.00016467,0.76250,241744060,120853425
2025-02-05T16:00:00Z,-0.00024254,0.73190,260970000,127489609
2025-02-06T00:00:00Z,-0.00010764,0.75950,150409347,74042747
2025-02-06T08:00:00Z,-0.00042594,0.71060,323341316,157942760
2025-02-06T16:00:00Z,-0.00079417,0.70470,295842527,149201695
2025-02-07T00:00:00Z,-0.00035090,0.71360,159538265,79726327
2025-02-07T08:00:00Z,-0.00039261,0.73060,301050628,150801364
2025-02-07T16:00:00Z,-0.00058901,0.70660,260330906,128778746
2025-02-08T00:00:00Z,-0.00051006,0.69880,137848362,65239265
2025-02-08T08:00:00Z,-0.00048326,0.68860,148410730,73266958
2025-02-08T16:00:00Z,-0.00025431,0.70010,130796298,63112834
2025-02-09T00:00:00Z,-0.00013212,0.70410,118221290,61974298
2025-02-09T08:00:00Z,-0.00057872,0.69350,176187152,90439395
2025-02-09T16:00:00Z,-0.00061195,0.68100,249873937,119284364
2025-02-10T00:00:00Z,-0.00032279,0.69570,225124316,112295560
2025-02-10T08:00:00Z,-0.00052121,0.69870,215577612,107214546
2025-02-10T16:00:00Z,-0.00048613,0.71140,177511041,94019842
2025-02-11T00:00:00Z,0,0.80140,493734194,247247279
2025-02-11T08:00:00Z,-0.00014092,0.79570,470101071,228320514
2025-02-11T16:00:00Z,-0.00061558,0.77760,408369159,196288448
2025-02-12T00:00:00Z,-0.00069641,0.76920,207952261,105601953
2025-02-12T08:00:00Z,-0.00042113,0.77090,523694930,258121049
2025-02-12T16:00:00Z,-0.00107107,0.79910,248107177,124897560
2025-02-13T00:00:00Z,-0.00028680,0.78400,193357776,98118581
2025-02-13T08:00:00Z,-0.00071159,0.78770,217316501,102284572
2025-02-13T16:00:00Z,-0.00079835,0.81010,317131386,162067791
2025-02-14T00:00:00Z,-0.00062305,0.79870,148855164,72557157
2025-02-14T08:00:00Z,-0.00046112,0.80680,290462739,140491360
2025-02-14T16:00:00Z,-0.00069824,0.79920,241075844,117615078
2025-02-15T00:00:00Z,-0.00059060,0.79580,134635895,67186379
2025-02-15T08:00:00Z,-0.00041988,0.78610,138287004,65728006
2025-02-15T16:00:00Z,-0.00068846,0.78030,91453772,42144404
2025-02-16T00:00:00Z,-0.00031528,0.77780,115019714,54365718
2025-02-16T08:00:00Z,-0.00043662,0.77000,149028200,70515096
2025-02-16T16:00:00Z,-0.00035227,0.77070,127182301,62171601
2025-02-17T00:00:00Z,-0.00056796,0.79360,321014120,158812395
2025-02-17T08:00:00Z,-0.00011172,0.80940,318260642,159748815
2025-02-17T16:00:00Z,-0.00060077,0.80840,286561503,138670871
2025-02-18T00:00:00Z,-0.00065302,0.77660,245754259,120365135
2025-02-18T08:00:00Z,-0.00080510,0.75470,334512693,161379182
2025-02-18T16:00:00Z,-0.00037965,0.75360,276490321,133309052
2025-02-19T00:00:00Z,-0.00075964,0.76240,202765281,98249196
2025-02-19T08:00:00Z,-0.00028933,0.75870,246134734,122164329
2025-02-19T16:00:00Z,-0.00070548,0.77310,185361081,92812773
2025-02-20T00:00:00Z,-0.00056284,0.78060,133937371,64873781
2025-02-20T08:00:00Z,-0.00041696,0.78380,196355630,100251495
2025-02-20T16:00:00Z,-0.00029040,0.80340,162044072,82873245
2025-02-21T00:00:00Z,-0.00019742,0.79700,85715587,42337861
2025-02-21T08:00:00Z,-0.00002759,0.79990,297112230,146322147
2025-02-21T16:00:00Z,-0.00031863,0.76140,353532212,170686901
2025-02-22T00:00:00Z,-0.00067523,0.76230,104224890,52555302
2025-02-22T08:00:00Z,-0.00018049,0.77320,115225751,54045489
2025-02-22T16:00:00Z,-0.00045482,0.77300,98089240,47659496
2025-02-23T00:00:00Z,-0.00050444,0.78690,126273436,63211039
2025-02-23T08:00:00Z,-0.00057557,0.76100,115710457,54497244
2025-02-23T16:00:00Z,-0.00055282,0.76920,83697705,42717966
2025-02-24T00:00:00Z,-0.00051553,0.74480,179785661,85928710
2025-02-24T08:00:00Z,-0.00064983,0.71800,232792322,110847513
2025-02-24T16:00:00Z,0,0.68110,355000243,171530959
2025-02-25T00:00:00Z,-0.00079809,0.65910,430793824,212328122
2025-02-25T08:00:00Z,-0.00087573,0.65360,474300107,231486120
2025-02-25T16:00:00Z,-0.00044826,0.68290,267578894,134354758
2025-02-26T00:00:00Z,-0.00089942,0.68150,136662837,65945859
2025-02-26T08:00:00Z,-0.00004367,0.67690,281944138,140475957
2025-02-26T16:00:00Z,-0.00058897,0.64690,321871033,156101908
2025-02-27T00:00:00Z,-0.00069521,0.66830,154056003,79073348
2025-02-27T08:00:00Z,-0.00042242,0.66580,204098534,102393244
2025-02-27T16:00:00Z,-0.00063505,0.64480,234568422,113229266
2025-02-28T00:00:00Z,-0.00054840,0.59250,460465927,219019804
2025-02-28T08:00:00Z,-0.00021039,0.63080,306172039,150098550
2025-02-28T16:00:00Z,-0.00011151,0.63260,175850861,84074785
2025-03-01T00:00:00Z,-0.00037862,0.63910,179894254,88694729
2025-03-01T08:00:00Z,-0.00053108,0.63460,164570917,84020063
2025-03-01T16:00:00Z,-0.00040131,0.65890,186073771,90548736
2025-03-02T00:00:00Z,-0.00050674,0.66250,167302613,79688419
2025-03-02T08:00:00Z,-0.00842863,0.86470,1211572389,611138267
2025-03-02T16:00:00Z,-0.00098296,1.13360,4186385679,2082330123
2025-03-03T00:00:00Z,-0.00090492,1.01310,1740263880,855954417
2025-03-03T08:00:00Z,-0.00048182,0.95740,2440920539,1191124602
2025-03-03T16:00:00Z,-0.00036109,0.85700,1905695069,944541291
2025-03-04T00:00:00Z,-0.00053716,0.80790,1634345340,811245086
2025-03-04T08:00:00Z,-0.00084746,0.85350,1733366146,867355969
2025-03-04T16:00:00Z,-0.00058966,0.94040,1646517273,817942540
2025-03-05T00:00:00Z,-0.00086930,0.93860,1011253833,508875079
2025-03-05T08:00:00Z,-0.00089818,0.94040,1350925399,662781225
2025-03-05T16:00:00Z,-0.00052078,0.97360,637734820,316220757
2025-03-06T00:00:00Z,-0.00022332,0.93820,604369187,289840955
2025-03-06T08:00:00Z,-0.00049782,0.93170,767276383,378453237
2025-03-06T16:00:00Z,-0.00046465,0.90580,561271948,275097258
2025-03-07T00:00:00Z,-0.00022354,0.87490,1134635638,548179224
2025-03-07T08:00:00Z,-0.00058290,0.85740,855970379,419150949
2025-03-07T16:00:00Z,-0.00048097,0.81740,1129092716,536026112
2025-03-08T00:00:00Z,-0.00058850,0.82370,383249028,192598163
2025-03-08T08:00:00Z,-0.00032815,0.81620,433223907,208029661
2025-03-08T16:00:00Z,-0.00074461,0.80450,303655292,156336334
2025-03-09T00:00:00Z,-0.00053493,0.81390,361098554,178928978
2025-03-09T08:00:00Z,-0.00017542,0.75570,578136656,278109762
2025-03-09T16:00:00Z,-0.00051733,0.72080,694966481,342239587
2025-03-10T00:00:00Z,-0.00045197,0.74550,522756801,265324624
2025-03-10T08:00:00Z,-0.00080493,0.70050,889588996,442363177
2025-03-10T16:00:00Z,-0.00026664,0.67070,598315334,294371830
2025-03-11T00:00:00Z,-0.00071937,0.71920,718001303,365764312
2025-03-11T08:00:00Z,-0.00078080,0.72600,787088277,393728703
2025-03-11T16:00:00Z,-0.00046812,0.72330,350422382,179147984
2025-03-12T00:00:00Z,-0.00056326,0.73390,352598221,172420425
2025-03-12T08:00:00Z,-0.00088399,0.72900,651399409,325067833
2025-03-12T16:00:00Z,-0.00069688,0.73540,292943496,141184272
2025-03-13T00:00:00Z,-0.00061961,0.71690,267321880,130120326
2025-03-13T08:00:00Z,-0.00048770,0.70590,480112823,234584497
2025-03-13T16:00:00Z,-0.00086438,0.70230,361241824,175311980
2025-03-14T00:00:00Z,-0.00036045,0.71090,235495962,115797047
2025-03-14T08:00:00Z,-0.00020412,0.73950,347495669,172206924
2025-03-14T16:00:00Z,-0.00033281,0.73700,241885978,119506317
2025-03-15T00:00:00Z,-0.00050905,0.73340,183877410,91366896
2025-03-15T08:00:00Z,-0.00026706,0.74900,212059258,104926379
2025-03-15T16:00:00Z,-0.00052678,0.74610,145896295,71829904
2025-03-16T00:00:00Z,-0.00075235,0.73860,152102964,77600143
2025-03-16T08:00:00Z,-0.00085043,0.70370,402969780,193842211
2025-03-16T16:00:00Z,-0.00075330,0.70420,302777295,145754055
2025-03-17T00:00:00Z,-0.00074550,0.72050,210949954,107167095
2025-03-17T08:00:00Z,-0.00026951,0.72400,287080062,142783515
2025-03-17T16:00:00Z,-0.00080502,0.71690,150900920,74011053
2025-03-18T00:00:00Z,-0.00065117,0.70830,189796485,91719541
2025-03-18T08:00:00Z,-0.00065411,0.68650,291456413,136869299
2025-03-18T16:00:00Z,-0.00078180,0.70100,159728696,78101460
2025-03-19T00:00:00Z,-0.00025643,0.70800,155794745,80973580
2025-03-19T08:00:00Z,-0.00042572,0.74040,408823116,204893914
2025-03-19T16:00:00Z,-0.00038416,0.74330,319362394,158369205
2025-03-20T00:00:00Z,-0.00057700,0.73010,164306294,82086949
2025-03-20T08:00:00Z,-0.00050395,0.72530,376900008,182977001
2025-03-20T16:00:00Z,-0.00056085,0.71740,173318109,83085253
2025-03-21T00:00:00Z,-0.00043089,0.71360,144000981,71529321
2025-03-21T08:00:00Z,-0.00063534,0.70320,195174335,94693262
2025-03-21T16:00:00Z,-0.00060678,0.70440,136154054,65267365
2025-03-22T00:00:00Z,-0.00042083,0.71080,82066314,41482054
2025-03-22T08:00:00Z,-0.00092062,0.70270,121329266,57342787
2025-03-22T16:00:00Z,-0.00060767,0.70090,123944817,61189185
2025-03-23T00:00:00Z,-0.00033735,0.71250,113274378,56626094
2025-03-23T08:00:00Z,-0.00062183,0.70840,120995575,58196704
2025-03-23T16:00:00Z,-0.00018154,0.71030,180836841,88600368
2025-03-24T00:00:00Z,-0.00026907,0.72200,231393274,115637315
2025-03-24T08:00:00Z,-0.00067532,0.73240,230084383,115517439
2025-03-24T16:00:00Z,-0.00029880,0.73170,199176531,101362226
2025-03-25T00:00:00Z,-0.00002696,0.73450,241785813,121459779
2025-03-25T08:00:00Z,-0.00055672,0.75610,394419419,204413642
2025-03-25T16:00:00Z,-0.00068521,0.74410,199298947,91618162
2025-03-26T00:00:00Z,-0.00012264,0.76770,203216994,104583571
2025-03-26T08:00:00Z,-0.00064395,0.73960,345558397,165258822
2025-03-26T16:00:00Z,-0.00076912,0.72820,226652944,104734755
2025-03-27T00:00:00Z,-0.00031595,0.73780,143266828,70862343
2025-03-27T08:00:00Z,-0.00026279,0.73320,238443775,114907262
2025-03-27T16:00:00Z,-0.00038340,0.73790,115920102,60631422
2025-03-28T00:00:00Z,-0.00069485,0.70110,279336618,131800256
2025-03-28T08:00:00Z,-0.00056436,0.69850,294279078,143012458
2025-03-28T16:00:00Z,-0.00049737,0.70570,174853355,84767445
2025-03-29T00:00:00Z,-0.00044588,0.68290,212348244,98348913
2025-03-29T08:00:00Z,-0.00048868,0.67090,259630799,128770336
2025-03-29T16:00:00Z,-0.00067036,0.67260,183493229,90282434
2025-03-30T00:00:00Z,-0.00043657,0.68080,131837605,64746978
2025-03-30T08:00:00Z,-0.00052780,0.66920,165860156,77842407
2025-03-30T16:00:00Z,-0.00070639,0.66070,259935587,123771187
2025-03-31T00:00:00Z,-0.00044362,0.64530,245010949,116770750
2025-03-31T08:00:00Z,-0.00085905,0.65630,380263107,189861428
2025-03-31T16:00:00Z,-0.00072890,0.66130,208798383,105802819
2025-04-01T00:00:00Z,-0.00030375,0.66880,192254659,92652467
2025-04-01T08:00:00Z,-0.00043767,0.69120,341650374,169683115
2025-04-01T16:00:00Z,-0.00033697,0.67690,155249894,75522126
2025-04-02T00:00:00Z,-0.00058127,0.67150,162267425,80972397
2025-04-02T08:00:00Z,-0.00033641,0.69190,291225873,148029722
2025-04-02T16:00:00Z,-0.00086803,0.63950,431001530,207578024
2025-04-03T00:00:00Z,-0.00091363,0.64880,191260502,92021505
2025-04-03T08:00:00Z,-0.00060809,0.62790,355219178,171747169
2025-04-03T16:00:00Z,-0.00070312,0.65040,169756696,83716347
2025-04-04T00:00:00Z,-0.00059663,0.66240,163322593,83716803
2025-04-04T08:00:00Z,-0.00039720,0.65660,490316942,243110322
2025-04-04T16:00:00Z,-0.00019164,0.66010,185168243,92786247
2025-04-05T00:00:00Z,-0.00021583,0.65640,89468183,43924174
2025-04-05T08:00:00Z,-0.00049584,0.64740,163312840,81857550
2025-04-05T16:00:00Z,-0.00055662,0.65440,90404228,45263037
2025-04-06T00:00:00Z,-0.00075254,0.63790,99279059,48040098
2025-04-06T08:00:00Z,-0.00091034,0.62680,213417012,103711744
2025-04-06T16:00:00Z,-0.00077878,0.57310,596153000,283513113
2025-04-07T00:00:00Z,-0.00065992,0.52000,702387527,354450531
2025-04-07T08:00:00Z,-0.00054464,0.57370,1036914707,520984969
2025-04-07T16:00:00Z,-0.00034846,0.58600,345896092,173774875
2025-04-08T00:00:00Z,-0.00078083,0.58460,242750567,118543467
2025-04-08T08:00:00Z,-0.00036092,0.59240,536923705,266165824
2025-04-08T16:00:00Z,-0.00041880,0.55800,569921145,289526397
2025-04-09T00:00:00Z,-0.00110260,0.57510,572633276,283423594
2025-04-09T08:00:00Z,-0.00023029,0.56970,349555431,174473683
2025-04-09T16:00:00Z,-0.00002589,0.63140,663964293,331748425
2025-04-10T00:00:00Z,-0.00032725,0.61980,251922383,126893202
2025-04-10T08:00:00Z,-0.00084987,0.58940,371404339,178159017
2025-04-10T16:00:00Z,-0.00041837,0.60910,239266299,121331291
2025-04-11T00:00:00Z,-0.00015629,0.62730,203984754,97163189
2025-04-11T08:00:00Z,-0.00057437,0.62110,347310236,172819512
2025-04-11T16:00:00Z,-0.00051857,0.62350,154598282,76926576
2025-04-12T00:00:00Z,-0.00029181,0.63260,129700928,64892092
2025-04-12T08:00:00Z,-0.00025263,0.65970,290654511,145931907
2025-04-12T16:00:00Z,-0.00048859,0.65930,171019256,82215402
2025-04-13T00:00:00Z,-0.00021416,0.64350,148197598,72314767
2025-04-13T08:00:00Z,-0.00078442,0.64360,227532913,112102694
2025-04-13T16:00:00Z,-0.00020807,0.63800,215787167,106440335
2025-04-14T00:00:00Z,-0.00053625,0.64130,202142894,103204813
2025-04-14T08:00:00Z,-0.00076717,0.63280,295537579,151210720
2025-04-14T16:00:00Z,-0.00053030,0.63470,170534196,82561720
2025-04-15T00:00:00Z,-0.00041079,0.64520,172045143,87791593
2025-04-15T08:00:00Z,-0.00056697,0.62290,317831864,150406146
2025-04-15T16:00:00Z,-0.00084874,0.60850,168533260,77843790
2025-04-16T00:00:00Z,-0.00044423,0.60330,153115270,74614911
2025-04-16T08:00:00Z,-0.00062059,0.60950,199701079,102699583
2025-04-16T16:00:00Z,-0.00050518,0.61020,274313992,139472458
2025-04-17T00:00:00Z,-0.00028420,0.61910,119728021,60726530
2025-04-17T08:00:00Z,-0.00029069,0.61920,150424756,77547006
2025-04-17T16:00:00Z,-0.00026000,0.61650,168134318,84575890
2025-04-18T00:00:00Z,-0.00060375,0.61430,105753968,53401476
2025-04-18T08:00:00Z,-0.00053477,0.61580,117766810,57223525
2025-04-18T16:00:00Z,-0.00032204,0.62740,145221706,75011437
2025-04-19T00:00:00Z,-0.00041895,0.63030,101922008,51258244
2025-04-19T08:00:00Z,-0.00041126,0.62210,91720838,47072936
2025-04-19T16:00:00Z,-0.00037719,0.62770,102131799,51880820
2025-04-20T00:00:00Z,-0.00045950,0.62480,103130188,51186349
2025-04-20T08:00:00Z,-0.00048031,0.61120,155650110,72211731
2025-04-20T16:00:00Z,-0.00013332,0.61990,118029115,61634577
2025-04-21T00:00:00Z,0,0.64310,246556703,126704501
2025-04-21T08:00:00Z,-0.00030036,0.63560,215196532,103298831
2025-04-21T16:00:00Z,-0.00080456,0.62370,217170057,113227550
2025-04-22T00:00:00Z,-0.00037927,0.63260,206804041,100663174
2025-04-22T08:00:00Z,-0.00053950,0.65620,375931323,195333948
2025-04-22T16:00:00Z,0.00017337,0.67930,286574454,140719252
2025-04-23T00:00:00Z,-0.00037766,0.70070,239699183,121021418
2025-04-23T08:00:00Z,-0.00033882,0.69820,482885474,239965853
2025-04-23T16:00:00Z,-0.00052868,0.69740,190715241,100157841
2025-04-24T00:00:00Z,-0.00030740,0.67830,161070134,80183332
2025-04-24T08:00:00Z,-0.00066519,0.72580,503834154,251106235
2025-04-24T16:00:00Z,-0.00053330,0.72150,256396327,126701687
2025-04-25T00:00:00Z,-0.00057266,0.72180,231066217,118864459
2025-04-25T08:00:00Z,-0.00019803,0.71930,302472466,147718870
2025-04-25T16:00:00Z,-0.00089989,0.71310,301637656,149070467
2025-04-26T00:00:00Z,-0.00060339,0.72570,174926016,90849077
2025-04-26T08:00:00Z,-0.00060745,0.70930,252634162,122864368
2025-04-26T16:00:00Z,-0.00063853,0.70650,104422334,50113991
2025-04-27T00:00:00Z,-0.00030844,0.69960,169142960,81719545
2025-04-27T08:00:00Z,-0.00039775,0.69560,179703320,89029509
2025-04-27T16:00:00Z,-0.00029442,0.70300,153056059,73100503
2025-04-28T00:00:00Z,-0.00009038,0.72490,269771992,132866767
2025-04-28T08:00:00Z,-0.00069596,0.68960,310623402,149439221
2025-04-28T16:00:00Z,-0.00043630,0.70520,195684630,94079381
2025-04-29T00:00:00Z,-0.00018262,0.71170,153659212,76937770
2025-04-29T08:00:00Z,-0.00037461,0.70810,182094322,90387081
2025-04-29T16:00:00Z,-0.00078267,0.69510,203795100,98971790
2025-04-30T00:00:00Z,-0.00042602,0.69420,112967783,54848366
2025-04-30T08:00:00Z,-0.00073922,0.67590,271694032,120762996
2025-04-30T16:00:00Z,-0.00054377,0.68110,147729566,77895276
2025-05-01T00:00:00Z,-0.00060828,0.69140,100865112,52958067
2025-05-01T08:00:00Z,-0.00040207,0.70120,272901070,139794118
2025-05-01T16:00:00Z,-0.00041441,0.70470,154342547,79141617
2025-05-02T00:00:00Z,-0.00019496,0.70060,206088684,104275054
2025-05-02T08:00:00Z,-0.00050260,0.70530,178938724,87757081
2025-05-02T16:00:00Z,-0.00051019,0.69790,198559816,89671293
2025-05-03T00:00:00Z,-0.00042725,0.69880,94529956,47993807
2025-05-03T08:00:00Z,0,0.72130,302034995,155324247
2025-05-03T16:00:00Z,-0.00072669,0.69910,278923608,139969472
2025-05-04T00:00:00Z,-0.00052237,0.69820,243362382,119482373
2025-05-04T08:00:00Z,-0.00072779,0.68970,175035598,82775332
2025-05-04T16:00:00Z,-0.00074744,0.67560,192775241,85174818
2025-05-05T00:00:00Z,-0.00047163,0.68540,188420981,93230051
2025-05-05T08:00:00Z,-0.00062102,0.65750,310093993,144251101
2025-05-05T16:00:00Z,-0.00067287,0.66170,149096098,72495653
2025-05-06T00:00:00Z,-0.00066064,0.66130,160833414,79419816
2025-05-06T08:00:00Z,-0.00038585,0.65160,230717219,113084699
2025-05-06T16:00:00Z,-0.00006382,0.67850,238894005,123181632
2025-05-07T00:00:00Z,-0.00068054,0.68190,182224353,89397822
2025-05-07T08:00:00Z,-0.00051048,0.66500,194946447,99790669
2025-05-07T16:00:00Z,-0.00013471,0.67130,231997536,109910990
2025-05-08T00:00:00Z,-0.00003112,0.70770,317563587,161048838
2025-05-08T08:00:00Z,0,0.73130,387028260,195292445
2025-05-08T16:00:00Z,-0.00007277,0.76930,418709543,228194593
2025-05-09T00:00:00Z,-0.00001859,0.79390,340206095,164894399
2025-05-09T08:00:00Z,-0.00014506,0.78150,537761662,257975507
2025-05-09T16:00:00Z,-0.00020761,0.77710,155222012,79930733
2025-05-10T00:00:00Z,-0.00009528,0.80030,239832063,122523112
2025-05-10T08:00:00Z,-0.00033342,0.80120,296666915,142345872
2025-05-10T16:00:00Z,-0.00010092,0.84060,344039300,176020335
2025-05-11T00:00:00Z,-0.00048551,0.79130,330933147,153855757
2025-05-11T08:00:00Z,-0.00066039,0.78970,214672103,101567812
2025-05-11T16:00:00Z,-0.00022903,0.80490,194310059,100312027
2025-05-12T00:00:00Z,0,0.82460,276355714,136841485
2025-05-12T08:00:00Z,-0.00036718,0.82160,551730894,266650815
2025-05-12T16:00:00Z,-0.00041002,0.81660,337764460,158190418
2025-05-13T00:00:00Z,-0.00035369,0.79110,257603511,119788580
2025-05-13T08:00:00Z,-0.00037104,0.80560,260458524,126992302
2025-05-13T16:00:00Z,-0.00007448,0.82970,266917352,136148788
2025-05-14T00:00:00Z,-0.00059936,0.82400,187383162,92695337
2025-05-14T08:00:00Z,-0.00048052,0.80690,393371489,192634158
2025-05-14T16:00:00Z,-0.00053441,0.79810,155480744,71723445
2025-05-15T00:00:00Z,-0.00050836,0.76720,242010698,110746973
2025-05-15T08:00:00Z,-0.00073521,0.77510,378411927,185261160
2025-05-15T16:00:00Z,-0.00014472,0.76200,320041317,152916258
2025-05-16T00:00:00Z,-0.00032669,0.77800,159440524,80236764
2025-05-16T08:00:00Z,-0.00028896,0.77840,171289824,82755608
2025-05-16T16:00:00Z,-0.00045881,0.75840,149291434,72908275
2025-05-17T00:00:00Z,-0.00017506,0.77580,226135546,110425552
2025-05-17T08:00:00Z,-0.00058618,0.75010,201451064,95108803
2025-05-17T16:00:00Z,-0.00049258,0.74240,238895586,110778385
2025-05-18T00:00:00Z,-0.00028892,0.75900,113261000,53916640
2025-05-18T08:00:00Z,-0.00058929,0.77350,178637928,86291101
2025-05-18T16:00:00Z,-0.00068245,0.75950,363182054,167872214
2025-05-19T00:00:00Z,-0.00093107,0.72300,255319126,115388481
2025-05-19T08:00:00Z,-0.00058923,0.73580,205348766,97120428
2025-05-19T16:00:00Z,-0.00030078,0.74240,150207711,72209331
2025-05-20T00:00:00Z,-0.00029682,0.73260,175056205,86191880
2025-05-20T08:00:00Z,-0.00076815,0.73160,170514323,85390475
2025-05-20T16:00:00Z,-0.00014043,0.74580,188172644,93706558
2025-05-21T00:00:00Z,-0.00028033,0.75260,187939724,96522079
2025-05-21T08:00:00Z,-0.00050860,0.76500,209800831,101644813
2025-05-21T16:00:00Z,-0.00007501,0.76910,343716223,163456819
2025-05-22T00:00:00Z,-0.00018858,0.79380,190821181,95494741
2025-05-22T08:00:00Z,-0.00008703,0.80310,205064163,99087457
2025-05-22T16:00:00Z,-0.00002028,0.80920,117829993,57410163
2025-05-23T00:00:00Z,-0.00016599,0.80830,273236182,138249007
2025-05-23T08:00:00Z,-0.00066980,0.77720,419442950,200441337
2025-05-23T16:00:00Z,-0.00030217,0.74680,217362993,102067535
2025-05-24T00:00:00Z,-0.00058488,0.75700,151064864,74970936
2025-05-24T08:00:00Z,-0.00059165,0.75800,114060728,54387571
2025-05-24T16:00:00Z,-0.00079292,0.74630,103662038,49464135
2025-05-25T00:00:00Z,-0.00063761,0.73830,143360740,74329750
2025-05-25T08:00:00Z,-0.00045959,0.73980,204791920,98598372
2025-05-25T16:00:00Z,-0.00066547,0.75930,144684773,72253229
2025-05-26T00:00:00Z,-0.00044618,0.77490,133777389,69063817
2025-05-26T08:00:00Z,-0.00024749,0.76830,175229873,82414696
2025-05-26T16:00:00Z,-0.00049495,0.75980,102374957,47184001
2025-05-27T00:00:00Z,-0.00033300,0.76460,139794368,71198724
2025-05-27T08:00:00Z,-0.00050048,0.76740,190337845,94762248
2025-05-27T16:00:00Z,-0.00046804,0.75800,108504478,53935612
2025-05-28T00:00:00Z,-0.00050867,0.75030,135362633,68653735
2025-05-28T08:00:00Z,-0.00038276,0.74120,177147649,82582817
2025-05-28T16:00:00Z,-0.00053835,0.74730,120153896,55422731
2025-05-29T00:00:00Z,-0.00014963,0.75010,163866627,84208148
2025-05-29T08:00:00Z,-0.00034259,0.73730,166242076,77398879
2025-05-29T16:00:00Z,-0.00066312,0.72170,186817831,83024807
2025-05-30T00:00:00Z,-0.00056910,0.69940,313163130,143173246
2025-05-30T08:00:00Z,-0.00047820,0.70150,174602315,83588109
2025-05-30T16:00:00Z,-0.00048183,0.68840,264191937,130329379
2025-05-31T00:00:00Z,-0.00065381,0.66520,323060047,155556519
2025-05-31T08:00:00Z,-0.00035452,0.67940,176993891,88530944
2025-05-31T16:00:00Z,-0.00013881,0.68560,135667194,61876123
2025-06-01T00:00:00Z,-0.00058505,0.67270,136246773,73732449
2025-06-01T08:00:00Z,-0.00052348,0.67450,227533387,110572469
2025-06-01T16:00:00Z,-0.00038110,0.68530,172366674,83524538
2025-06-02T00:00:00Z,-0.00048481,0.67860,139901103,69027928
2025-06-02T08:00:00Z,-0.00035132,0.67390,209262028,108585004
2025-06-02T16:00:00Z,-0.00026045,0.68950,156111859,75200421
2025-06-03T00:00:00Z,-0.00030694,0.69280,160520131,73118429
2025-06-03T08:00:00Z,-0.00066833,0.69290,189661864,100367759
2025-06-03T16:00:00Z,-0.00023769,0.68340,158133695,73419513
2025-06-04T00:00:00Z,-0.00056173,0.69580,138559195,66662266
2025-06-04T08:00:00Z,-0.00055228,0.68790,156975677,76138214
2025-06-04T16:00:00Z,-0.00055137,0.66520,179807191,87486763
2025-06-05T00:00:00Z,-0.00034399,0.67630,139236982,62797362
2025-06-05T08:00:00Z,-0.00041967,0.67380,226462086,107905495
2025-06-05T16:00:00Z,-0.00075316,0.62510,483309353,226329635
2025-06-06T00:00:00Z,-0.00059414,0.63880,158154039,82814870
2025-06-06T08:00:00Z,-0.00041348,0.66630,266125656,122234109
2025-06-06T16:00:00Z,-0.00047507,0.65510,180836386,98705728
2025-06-07T00:00:00Z,-0.00052059,0.66840,142416687,71987315
2025-06-07T08:00:00Z,-0.00019850,0.66610,95050007,47217605
2025-06-07T16:00:00Z,-0.00046234,0.66400,108869231,53029039
2025-06-08T00:00:00Z,-0.00039748,0.66190,116445992,63837354
2025-06-08T08:00:00Z,-0.00037020,0.66970,220733213,110341264
2025-06-08T16:00:00Z,-0.00041751,0.67000,142174354,63422373
2025-06-09T00:00:00Z,-0.00051457,0.66220,141959972,75473278
2025-06-09T08:00:00Z,-0.00059753,0.67340,180661353,93601977
2025-06-09T16:00:00Z,0,0.70460,240619297,116447316
2025-06-10T00:00:00Z,-0.00055727,0.69600,205596051,103202289
2025-06-10T08:00:00Z,-0.00051864,0.69540,312465058,163214212
2025-06-10T16:00:00Z,-0.00008375,0.71660,220150420,102872121
2025-06-11T00:00:00Z,-0.00033424,0.72330,192281866,98358941
2025-06-11T08:00:00Z,-0.00013073,0.72540,252899828,131699076
2025-06-11T16:00:00Z,-0.00053767,0.69760,215591222,102414376
2025-06-12T00:00:00Z,-0.00071080,0.68660,151719976,71017785
2025-06-12T08:00:00Z,-0.00029366,0.67700,196118593,90232941
2025-06-12T16:00:00Z,-0.00049042,0.66090,223934694,102900763
2025-06-13T00:00:00Z,-0.00094617,0.63500,451217209,213894107
2025-06-13T08:00:00Z,-0.00018853,0.63810,222610073,107461836
2025-06-13T16:00:00Z,-0.00049029,0.64180,147706017,74127636
2025-06-14T00:00:00Z,-0.00057768,0.63610,89168548,44131054
2025-06-14T08:00:00Z,-0.00049686,0.62800,95153805,44901969
2025-06-14T16:00:00Z,-0.00077432,0.62420,177376305,82618906
2025-06-15T00:00:00Z,-0.00044118,0.62740,93375942,50519470
2025-06-15T08:00:00Z,-0.00017963,0.63020,114053531,56502230
2025-06-15T16:00:00Z,-0.00034662,0.63310,91109473,43252958
2025-06-16T00:00:00Z,-0.00043684,0.64880,155936365,79769647
2025-06-16T08:00:00Z,-0.00062641,0.64880,171267546,85207772
2025-06-16T16:00:00Z,-0.00004602,0.63000,200709605,95153884
2025-06-17T00:00:00Z,-0.00043935,0.63220,197819391,98566792
2025-06-17T08:00:00Z,-0.00059886,0.61140,227154507,102799511
2025-06-17T16:00:00Z,-0.00033488,0.60870,248250537,122606674
2025-06-18T00:00:00Z,-0.00000622,0.61530,106544090,54397083
2025-06-18T08:00:00Z,-0.00040913,0.59450,251576565,118004626
2025-06-18T16:00:00Z,-0.00021137,0.60380,223530709,111500597
2025-06-19T00:00:00Z,-0.00023063,0.59820,133970636,67976910
2025-06-19T08:00:00Z,-0.00046604,0.59070,112844113,55808894
2025-06-19T16:00:00Z,-0.00043179,0.60180,110526836,56363874
2025-06-20T00:00:00Z,-0.00040545,0.60250,125048586,59794573
2025-06-20T08:00:00Z,-0.00060542,0.58280,226758880,109727159
2025-06-20T16:00:00Z,-0.00028642,0.57710,278789208,133906501
2025-06-21T00:00:00Z,-0.00033752,0.58220,109126165,56251149
2025-06-21T08:00:00Z,-0.00019281,0.57530,108837177,51270006
2025-06-21T16:00:00Z,-0.00038255,0.55590,285871466,137648161
2025-06-22T00:00:00Z,-0.00037960,0.54860,209843063,102647093
2025-06-22T08:00:00Z,-0.00007678,0.52290,501844912,246284584
2025-06-22T16:00:00Z,-0.00076350,0.54150,343264619,169038140
2025-06-23T00:00:00Z,-0.00049590,0.54810,141330478,70787341
2025-06-23T08:00:00Z,-0.00072223,0.54210,293148942,143867101
2025-06-23T16:00:00Z,-0.00064345,0.58170,463801488,237642899
2025-06-24T00:00:00Z,-0.00011436,0.58170,186462755,88860895
2025-06-24T08:00:00Z,-0.00045494,0.58320,211213725,104152544
2025-06-24T16:00:00Z,-0.00055118,0.58720,128257045,65606648
2025-06-25T00:00:00Z,-0.00040107,0.58470,93172532,46493634
2025-06-25T08:00:00Z,-0.00043280,0.56700,227508344,108276282
2025-06-25T16:00:00Z,-0.00045419,0.56680,134835136,61854030
2025-06-26T00:00:00Z,-0.00044564,0.57200,152554746,75006134
2025-06-26T08:00:00Z,-0.00045512,0.55420,207458766,95095895
2025-06-26T16:00:00Z,-0.00039359,0.55400,132986197,67290637
2025-06-27T00:00:00Z,-0.00059104,0.55350,104711151,50496079
2025-06-27T08:00:00Z,-0.00043827,0.55520,158408400,77179079
2025-06-27T16:00:00Z,-0.00050253,0.55840,175128066,88140651
2025-06-28T00:00:00Z,-0.00056791,0.56220,84455469,43688129
2025-06-28T08:00:00Z,-0.00046815,0.56400,74089532,38363150
2025-06-28T16:00:00Z,-0.00028240,0.56520,103201008,52688250
2025-06-29T00:00:00Z,-0.00029159,0.56090,71219017,34575381
2025-06-29T08:00:00Z,-0.00040615,0.55560,117332579,57903996
2025-06-29T16:00:00Z,-0.00045463,0.57700,228035670,119352588
2025-06-30T00:00:00Z,-0.00061905,0.56600,236116908,112906420
2025-06-30T08:00:00Z,-0.00038982,0.56690,233879700,122403471
2025-06-30T16:00:00Z,-0.00030194,0.57190,276141897,137011327
2025-07-01T00:00:00Z,-0.00083721,0.56680,184210720,90868641
2025-07-01T08:00:00Z,-0.00071066,0.54640,268864444,125990027
2025-07-01T16:00:00Z,-0.00064566,0.54160,244710554,118246137
2025-07-02T00:00:00Z,-0.00038743,0.55630,148435025,76820322
2025-07-02T08:00:00Z,-0.00034902,0.57740,235892645,118211273
2025-07-02T16:00:00Z,0.00005076,0.58400,452871134,234158903
2025-07-03T00:00:00Z,-0.00040383,0.60800,225378094,120022834
2025-07-03T08:00:00Z,-0.00020453,0.58750,358724530,171270401
2025-07-03T16:00:00Z,-0.00028143,0.59900,118444102,58406090
2025-07-04T00:00:00Z,-0.00025203,0.57950,167804009,79390970
2025-07-04T08:00:00Z,-0.00049969,0.57090,219454388,105913268
2025-07-04T16:00:00Z,-0.00044432,0.57200,161944718,77495156
2025-07-05T00:00:00Z,-0.00032988,0.57880,105966917,52290956
2025-07-05T08:00:00Z,-0.00033717,0.57540,113744324,53063576
2025-07-05T16:00:00Z,-0.00063282,0.57520,88670820,41831655
2025-07-06T00:00:00Z,-0.00043630,0.57330,64727431,33722377
2025-07-06T08:00:00Z,-0.00019153,0.58520,181271119,92074963
2025-07-06T16:00:00Z,-0.00044550,0.58540,125098153,61242245
2025-07-07T00:00:00Z,0,0.58980,128101544,64610301
2025-07-07T08:00:00Z,-0.00002435,0.58340,192273329,89628572
2025-07-07T16:00:00Z,-0.00050323,0.58020,185615710,87873889
2025-07-08T00:00:00Z,-0.00033968,0.57800,169572910,86945666
2025-07-08T08:00:00Z,-0.00057773,0.58090,151197843,76430440
2025-07-08T16:00:00Z,-0.00021870,0.58810,141090506,70270125
2025-07-09T00:00:00Z,-0.00004860,0.59590,145037027,76159618
2025-07-09T08:00:00Z,-0.00046858,0.61050,367095477,188817457
2025-07-09T16:00:00Z,-0.00035909,0.62230,322755372,157789801
2025-07-10T00:00:00Z,-0.00059942,0.62770,233307369,111508255
2025-07-10T08:00:00Z,-0.00040088,0.62880,230195111,111666827
2025-07-10T16:00:00Z,0.00004841,0.67740,435926964,216279659
2025-07-11T00:00:00Z,-0.00016193,0.69890,382547102,187128595
2025-07-11T08:00:00Z,0.00034905,0.73770,946923981,465464369
2025-07-11T16:00:00Z,-0.00006998,0.70930,496335893,243849004
2025-07-12T00:00:00Z,-0.00016407,0.71490,317772286,160439839
2025-07-12T08:00:00Z,-0.00022421,0.69320,380304228,178273516
2025-07-12T16:00:00Z,-0.00014797,0.70870,156612694,77939871
2025-07-13T00:00:00Z,-0.00028403,0.73980,252309600,128957504
2025-07-13T08:00:00Z,-0.00042076,0.74140,408074989,196295471
2025-07-13T16:00:00Z,-0.00056318,0.73640,221465168,108320574
2025-07-14T00:00:00Z,-0.00033884,0.76200,423862912,204307610
2025-07-14T08:00:00Z,0.00028586,0.73410,408044449,186157477
2025-07-14T16:00:00Z,-0.00048020,0.73490,225689764,112173710
2025-07-15T00:00:00Z,-0.00029341,0.71970,279239776,132839485
2025-07-15T08:00:00Z,-0.00007131,0.72410,429508703,210233383
2025-07-15T16:00:00Z,0.00014007,0.74680,285173016,136276340
2025-07-16T00:00:00Z,-0.00045859,0.74660,163710103,77206010
2025-07-16T08:00:00Z,-0.00024259,0.75040,313729093,148550615
2025-07-16T16:00:00Z,-0.00011235,0.76440,386806018,192967721
2025-07-17T00:00:00Z,0,0.77310,388096484,188970434
2025-07-17T08:00:00Z,-0.00002353,0.80270,747498140,366772327
2025-07-17T16:00:00Z,-0.00005567,0.82170,597606592,288066794
2025-07-18T00:00:00Z,0.00091578,0.85420,793016740,385486343
2025-07-18T08:00:00Z,0.00059783,0.82260,656624920,301194806
2025-07-18T16:00:00Z,0.00001006,0.81580,428296112,212566479
2025-07-19T00:00:00Z,0,0.82510,219918961,113601353
2025-07-19T08:00:00Z,-0.00028396,0.82180,231564912,108247724
2025-07-19T16:00:00Z,-0.00014305,0.82960,182175325,86655194
2025-07-20T00:00:00Z,-0.00029488,0.84470,233336265,113904033
2025-07-20T08:00:00Z,-0.00027787,0.87080,338149799,164311067
2025-07-20T16:00:00Z,0,0.85800,399643274,184669334
2025-07-21T00:00:00Z,0.00018902,0.89410,374137274,187153460
2025-07-21T08:00:00Z,0.00046321,0.91240,622424882,302533348
2025-07-21T16:00:00Z,-0.00009077,0.88910,391701527,188492631
2025-07-22T00:00:00Z,0.00058407,0.87140,541925453,263946236
2025-07-22T08:00:00Z,0.00051333,0.88080,429871310,212073815
2025-07-22T16:00:00Z,0.00025918,0.90400,262231319,128483946
2025-07-23T00:00:00Z,0.00045646,0.86800,203325207,97259213
2025-07-23T08:00:00Z,0,0.83400,578394059,270804846
2025-07-23T16:00:00Z,-0.00022527,0.81570,534929018,257137376
2025-07-24T00:00:00Z,-0.00003024,0.78880,454914577,218335758
2025-07-24T08:00:00Z,-0.00013201,0.82300,646432238,311237499
2025-07-24T16:00:00Z,0,0.80570,345185632,160584442
2025-07-25T00:00:00Z,-0.00006115,0.79470,358069596,166196406
2025-07-25T08:00:00Z,-0.00032328,0.78370,418822612,213855164
2025-07-25T16:00:00Z,0,0.81570,209860557,107810750
2025-07-26T00:00:00Z,-0.00002765,0.81860,129647998,62031754
2025-07-26T08:00:00Z,0,0.83260,165327700,84545921
2025-07-26T16:00:00Z,-0.00002675,0.81970,155304690,73768265
2025-07-27T00:00:00Z,0,0.82350,133717793,67156835
2025-07-27T08:00:00Z,0,0.82160,209778265,99602636
2025-07-27T16:00:00Z,0,0.83170,173119921,83567679
2025-07-28T00:00:00Z,-0.00006281,0.83800,253381502,123790644
2025-07-28T08:00:00Z,-0.00061310,0.80540,321051113,150947710
2025-07-28T16:00:00Z,0,0.79270,222028347,104563105
2025-07-29T00:00:00Z,-0.00042279,0.80780,199488426,99293996
2025-07-29T08:00:00Z,-0.00056862,0.78070,249488910,118501701
2025-07-29T16:00:00Z,-0.00045219,0.78240,175455574,87764267
2025-07-30T00:00:00Z,-0.00021971,0.77860,104558910,50185954
2025-07-30T08:00:00Z,-0.00047175,0.77310,290469545,138288021
2025-07-30T16:00:00Z,-0.00042542,0.76290,295892063,139199422
2025-07-31T00:00:00Z,-0.00031957,0.78170,114831426,60288243
2025-07-31T08:00:00Z,-0.00049847,0.76120,215482810,104056040
2025-07-31T16:00:00Z,-0.00039499,0.73860,238551592,110616031
2025-08-01T00:00:00Z,-0.00062755,0.72430,305752597,144101478
2025-08-01T08:00:00Z,-0.00044294,0.73280,349873623,177516912
2025-08-01T16:00:00Z,-0.00046271,0.71390,328098261,155212881
2025-08-02T00:00:00Z,-0.00026585,0.72250,140567519,70063888
2025-08-02T08:00:00Z,-0.00070450,0.69870,198358872,93108613
2025-08-02T16:00:00Z,-0.00045449,0.69700,245760050,119717155
2025-08-03T00:00:00Z,-0.00039446,0.72140,180076788,101173892
2025-08-03T08:00:00Z,-0.00035625,0.72560,135530378,68149863
2025-08-03T16:00:00Z,-0.00045977,0.72660,97586170,49199305
2025-08-04T00:00:00Z,-0.00059804,0.74100,155797099,77716047
2025-08-04T08:00:00Z,-0.00063256,0.74440,173108017,83468481
2025-08-04T16:00:00Z,-0.00044344,0.75440,155013367,75500019
2025-08-05T00:00:00Z,-0.00038207,0.73500,163947034,71906777
2025-08-05T08:00:00Z,-0.00016271,0.72270,280305285,132522476
2025-08-05T16:00:00Z,-0.00041843,0.72540,131283856,62212074
2025-08-06T00:00:00Z,-0.00014562,0.72670,146523730,74632360
2025-08-06T08:00:00Z,-0.00073219,0.74150,171845176,89180139
2025-08-06T16:00:00Z,-0.00030567,0.74090,114658489,58022534
2025-08-07T00:00:00Z,-0.00022631,0.74100,101035455,49180734
2025-08-07T08:00:00Z,-0.00041615,0.76270,307044581,158011065
2025-08-07T16:00:00Z,-0.00019432,0.78710,315384831,148528896
2025-08-08T00:00:00Z,-0.00003321,0.79900,368703502,181870574
2025-08-08T08:00:00Z,-0.00042548,0.78140,296307009,139657062
2025-08-08T16:00:00Z,-0.00008159,0.79100,180678100,85579457
2025-08-09T00:00:00Z,-0.00039689,0.80660,181419652,91234124
2025-08-09T08:00:00Z,-0.00054586,0.80470,241499153,114398278
2025-08-09T16:00:00Z,-0.00028655,0.80250,178266799,89517230
2025-08-10T00:00:00Z,-0.00026059,0.79420,318550047,149251195
2025-08-10T08:00:00Z,-0.00039954,0.80050,230328722,113472590
2025-08-10T16:00:00Z,-0.00029987,0.80110,125889302,60100024
2025-08-11T00:00:00Z,-0.00078033,0.80910,260287514,120036966
2025-08-11T08:00:00Z,-0.00057372,0.79580,363211175,172682028
2025-08-11T16:00:00Z,-0.00070349,0.77230,253449274,116536845
2025-08-12T00:00:00Z,-0.00041117,0.78200,160966605,81699219
2025-08-12T08:00:00Z,-0.00022729,0.81390,327049589,160483696
2025-08-12T16:00:00Z,0,0.84110,449931569,235798141
2025-08-13T00:00:00Z,-0.00026404,0.85890,288699081,145629752
2025-08-13T08:00:00Z,0,0.87240,480659966,230674223
2025-08-13T16:00:00Z,0.00027525,0.90440,325884287,166063154
2025-08-14T00:00:00Z,0.00074631,0.99860,1185205006,585172816
2025-08-14T08:00:00Z,0,0.92500,1573206582,762374311
2025-08-14T16:00:00Z,-0.00065418,0.92510,710950064,341513657
2025-08-15T00:00:00Z,-0.00048296,0.95050,589784118,290582291
2025-08-15T08:00:00Z,-0.00010696,0.92410,776010876,375319151
2025-08-15T16:00:00Z,-0.00060488,0.94470,588298419,287609655
2025-08-16T00:00:00Z,-0.00011725,0.96290,533113276,259703099
2025-08-16T08:00:00Z,-0.00033913,0.90950,569042254,267881750
2025-08-16T16:00:00Z,-0.00051881,0.92050,209944665,103680799
2025-08-17T00:00:00Z,-0.00050956,0.95880,463552812,230101666
2025-08-17T08:00:00Z,-0.00010971,0.97510,549017806,279429623
2025-08-17T16:00:00Z,-0.00015112,0.96070,344683893,160490307
2025-08-18T00:00:00Z,-0.00040996,0.91630,568744278,264760206
2025-08-18T08:00:00Z,-0.00041675,0.91700,501861092,239958602
2025-08-18T16:00:00Z,-0.00028132,0.92290,361982246,170591422
2025-08-19T00:00:00Z,0,0.92840,544614905,262998538
2025-08-19T08:00:00Z,-0.00083876,0.87030,779260689,377181971
2025-08-19T16:00:00Z,-0.00025651,0.84590,493209172,223997891
2025-08-20T00:00:00Z,-0.00062828,0.84720,314048398,161181176
2025-08-20T08:00:00Z,-0.00030398,0.87090,738688446,349039268
2025-08-20T16:00:00Z,-0.00025614,0.88050,330971335,164309158
2025-08-21T00:00:00Z,-0.00023211,0.87510,277031704,134723604
2025-08-21T08:00:00Z,-0.00017791,0.85860,346363337,162921636
2025-08-21T16:00:00Z,-0.00033835,0.85140,274359769,130450073
2025-08-22T00:00:00Z,-0.00072290,0.85640,266063936,130740295
2025-08-22T08:00:00Z,-0.00058246,0.90440,1023025226,495142252
2025-08-22T16:00:00Z,0,0.93150,474585312,232444764
2025-08-23T00:00:00Z,0.00018880,0.92600,500613645,244043963
2025-08-23T08:00:00Z,-0.00002131,0.91480,288528068,138518700
2025-08-23T16:00:00Z,-0.00019858,0.91400,144717752,71719192
2025-08-24T00:00:00Z,0.00000756,0.90390,204396353,101677600
2025-08-24T08:00:00Z,-0.00029044,0.89850,309166603,138735298
2025-08-24T16:00:00Z,-0.00028246,0.90830,900992325,439514821
2025-08-25T00:00:00Z,-0.00036541,0.87160,592794828,278173962
2025-08-25T08:00:00Z,-0.00063387,0.86490,481274996,240181840
2025-08-25T16:00:00Z,-0.00073551,0.83660,461289015,220589156
2025-08-26T00:00:00Z,-0.00056247,0.83990,275730865,140880790
2025-08-26T08:00:00Z,-0.00086633,0.84860,336231428,162076566
2025-08-26T16:00:00Z,-0.00020746,0.86610,199405401,96640966
2025-08-27T00:00:00Z,-0.00025561,0.85570,182402674,85064829
2025-08-27T08:00:00Z,-0.00038176,0.87200,239592182,120995410
2025-08-27T16:00:00Z,-0.00027312,0.85040,319373631,153496447
2025-08-28T00:00:00Z,-0.00021834,0.87240,180026371,88481214
2025-08-28T08:00:00Z,-0.00055280,0.85860,252120852,124285804
2025-08-28T16:00:00Z,-0.00047960,0.85710,212961791,100059080
2025-08-29T00:00:00Z,-0.00048233,0.82700,291136134,142665736
2025-08-29T08:00:00Z,-0.00060297,0.82500,440452399,215573598
2025-08-29T16:00:00Z,0,0.82650,243022307,117076090
2025-08-30T00:00:00Z,-0.00021286,0.83670,183076467,88194773
2025-08-30T08:00:00Z,-0.00025626,0.82280,209220829,101179744
2025-08-30T16:00:00Z,-0.00042588,0.82190,85815537,42946858
2025-08-31T00:00:00Z,-0.00012107,0.82620,125665957,61361125
2025-08-31T08:00:00Z,-0.00057907,0.82640,144865580,72390980
2025-08-31T16:00:00Z,-0.00056119,0.81070,132075013,63089321
2025-09-01T00:00:00Z,-0.00030603,0.83790,412593475,203479676
2025-09-01T08:00:00Z,-0.00012244,0.80980,333709607,160876730
2025-09-01T16:00:00Z,-0.00042386,0.80090,303522102,144054957
2025-09-02T00:00:00Z,0,0.81700,202620682,99790656
2025-09-02T08:00:00Z,0.00004017,0.80980,344503118,168305130
2025-09-02T16:00:00Z,-0.00008202,0.83480,194250722,95363648
2025-09-03T00:00:00Z,-0.00015566,0.83020,142999058,68005354
2025-09-03T08:00:00Z,-0.00055793,0.84010,158183218,76978518
2025-09-03T16:00:00Z,-0.00012843,0.83640,93213571,42301205
2025-09-04T00:00:00Z,-0.00059303,0.81710,156886067,71903749
2025-09-04T08:00:00Z,-0.00052237,0.80770,203192873,98104892
2025-09-04T16:00:00Z,-0.00029768,0.80880,120225709,57212274
2025-09-05T00:00:00Z,-0.00011033,0.83000,126851628,66766066
2025-09-05T08:00:00Z,-0.00030051,0.82450,439117028,217790579
2025-09-05T16:00:00Z,0,0.83040,142763331,73499180
2025-09-06T00:00:00Z,-0.00019496,0.82510,76929445,37456780
2025-09-06T08:00:00Z,-0.00041782,0.82190,101180757,48395654
2025-09-06T16:00:00Z,-0.00056949,0.81790,90716916,45291972
2025-09-07T00:00:00Z,-0.00019879,0.82610,78478847,40745310
2025-09-07T08:00:00Z,-0.00025671,0.83380,151285383,77068996
2025-09-07T16:00:00Z,-0.00021605,0.83490,106292054,52306250
2025-09-08T00:00:00Z,-0.00015314,0.84200,170198631,87731552
2025-09-08T08:00:00Z,0.00002531,0.86520,275344885,138832507
2025-09-08T16:00:00Z,0,0.86510,152324186,75555941
2025-09-09T00:00:00Z,0.00004383,0.88840,294772717,145965180
2025-09-09T08:00:00Z,-0.00011788,0.85730,362314224,183051764
2025-09-09T16:00:00Z,-0.00019950,0.86480,114556843,57024538
2025-09-10T00:00:00Z,-0.00009219,0.87990,146996169,71971830
2025-09-10T08:00:00Z,-0.00002721,0.88790,223029331,109193803
2025-09-10T16:00:00Z,-0.00002820,0.88530,139352768,68313857
2025-09-11T00:00:00Z,-0.00024306,0.88700,131717252,64172745
2025-09-11T08:00:00Z,-0.00031407,0.87630,318916649,154369085
2025-09-11T16:00:00Z,-0.00026546,0.89370,103589898,52082159
2025-09-12T00:00:00Z,-0.00026638,0.89930,186032418,90701557
2025-09-12T08:00:00Z,-0.00054144,0.89300,191695706,91790570
2025-09-12T16:00:00Z,-0.00024870,0.91690,209109420,109055239
2025-09-13T00:00:00Z,-0.00013942,0.92590,215798809,101564753
2025-09-13T08:00:00Z,0.00010926,0.93790,385870558,185110986
2025-09-13T16:00:00Z,-0.00023976,0.92940,183423038,88460380
2025-09-14T00:00:00Z,0,0.91550,147027821,68670622
2025-09-14T08:00:00Z,-0.00070509,0.88590,275509598,125750407
2025-09-14T16:00:00Z,-0.00049351,0.88730,119239651,60502698
2025-09-15T00:00:00Z,-0.00064170,0.87720,199783696,93607127
2025-09-15T08:00:00Z,-0.00020915,0.85900,354681168,161598016
2025-09-15T16:00:00Z,-0.00056583,0.86270,104329597,47402201
2025-09-16T00:00:00Z,-0.00030190,0.86540,113743727,53395574
2025-09-16T08:00:00Z,-0.00023540,0.87000,200886166,97430414
2025-09-16T16:00:00Z,-0.00051599,0.87980,134982347,66076161
2025-09-17T00:00:00Z,-0.00035103,0.88190,155279565,76316273
2025-09-17T08:00:00Z,-0.00057593,0.86780,129782555,62702276
2025-09-17T16:00:00Z,-0.00028590,0.91340,448855036,217697276
2025-09-18T00:00:00Z,-0.00025643,0.90780,237248843,114728027
2025-09-18T08:00:00Z,-0.00027633,0.92670,244303382,124338531
2025-09-18T16:00:00Z,-0.00017304,0.92410,215475412,108748852
2025-09-19T00:00:00Z,-0.00019057,0.90390,251824052,128515423
2025-09-19T08:00:00Z,-0.00043602,0.89670,271553254,129398087
2025-09-19T16:00:00Z,-0.00054302,0.88990,143207871,65111638
2025-09-20T00:00:00Z,-0.00049829,0.90570,109070772,55819701
2025-09-20T08:00:00Z,-0.00023385,0.89980,122282730,55982024
2025-09-20T16:00:00Z,-0.00062261,0.89260,77303075,36427670
2025-09-21T00:00:00Z,-0.00044483,0.89920,74112817,35444277
2025-09-21T08:00:00Z,-0.00027354,0.88520,158170082,68647245
2025-09-21T16:00:00Z,-0.00052788,0.88350,97866193,45242550
2025-09-22T00:00:00Z,-0.00034150,0.81680,566043921,257592123
2025-09-22T08:00:00Z,-0.00034860,0.82000,230099017,106192257
2025-09-22T16:00:00Z,-0.00043843,0.82520,117678383,55745983
2025-09-23T00:00:00Z,-0.00047814,0.82340,200595065,96919209
2025-09-23T08:00:00Z,-0.00031729,0.82180,139836640,67494026
2025-09-23T16:00:00Z,-0.00045995,0.80560,142642492,64635950
2025-09-24T00:00:00Z,-0.00016336,0.81450,182426386,88704011
2025-09-24T08:00:00Z,-0.00031253,0.82030,123295172,63952651
2025-09-24T16:00:00Z,-0.00017850,0.81240,87991862,38925563
2025-09-25T00:00:00Z,-0.00020322,0.79020,241347590,111770261
2025-09-25T08:00:00Z,-0.00025705,0.79070,328493981,163913233
2025-09-25T16:00:00Z,-0.00048316,0.76330,358339718,170248352
2025-09-26T00:00:00Z,-0.00037330,0.77390,163184998,80474404
2025-09-26T08:00:00Z,-0.00006525,0.77460,254046382,131358761
2025-09-26T16:00:00Z,-0.00041158,0.79150,154253024,81317221
2025-09-27T00:00:00Z,-0.00024736,0.78360,68322103,30584388
2025-09-27T08:00:00Z,-0.00018796,0.78510,93481175,43533552
2025-09-27T16:00:00Z,-0.00020868,0.78070,64167842,33840660
2025-09-28T00:00:00Z,-0.00054728,0.77260,81736933,42576155
2025-09-28T08:00:00Z,-0.00049832,0.78110,108240004,57397275
2025-09-28T16:00:00Z,-0.00030980,0.80830,134984865,69502543
2025-09-29T00:00:00Z,-0.00030736,0.79790,108517451,50588486
2025-09-29T08:00:00Z,-0.00047591,0.80170,190241675,93619921
2025-09-29T16:00:00Z,-0.00041402,0.80560,115202835,56742290
2025-09-30T00:00:00Z,-0.00037721,0.79370,126926536,61143960
2025-09-30T08:00:00Z,-0.00052456,0.78290,160790370,75498065
2025-09-30T16:00:00Z,-0.00022333,0.80700,169579497,90302017
2025-10-01T00:00:00Z,-0.00035589,0.80430,102468375,52666574
2025-10-01T08:00:00Z,-0.00038623,0.84030,260734744,132281443
2025-10-01T16:00:00Z,-0.00016888,0.85050,130021916,68598985
2025-10-02T00:00:00Z,-0.00029349,0.85380,147544444,71111180
2025-10-02T08:00:00Z,-0.00052638,0.85340,193331402,93681409
2025-10-02T16:00:00Z,-0.00021898,0.87030,194396856,99105058
2025-10-03T00:00:00Z,-0.00022732,0.85680,127377136,61825454
2025-10-03T08:00:00Z,-0.00052014,0.87290,155924486,81247714
2025-10-03T16:00:00Z,-0.00003109,0.86530,283333057,136253112
2025-10-04T00:00:00Z,-0.00045152,0.85220,101486730,48561689
2025-10-04T08:00:00Z,-0.00022376,0.83520,158724633,72335748
2025-10-04T16:00:00Z,-0.00020939,0.83910,94313311,49622718
2025-10-05T00:00:00Z,-0.00002375,0.87800,256247073,135247646
2025-10-05T08:00:00Z,-0.00012548,0.85360,224892112,111154741
2025-10-05T16:00:00Z,-0.00069057,0.83660,244521408,109099744
2025-10-06T00:00:00Z,-0.00039683,0.84240,179208401,88000136
2025-10-06T08:00:00Z,-0.00002534,0.87310,273012833,132616000
2025-10-06T16:00:00Z,0,0.87160,228727722,113495992
2025-10-07T00:00:00Z,0,0.85690,157835139,76596861
2025-10-07T08:00:00Z,-0.00063217,0.83280,390055854,190301062
2025-10-07T16:00:00Z,-0.00036176,0.81950,222429862,104319692
2025-10-08T00:00:00Z,-0.00053762,0.81680,183784802,82238889
2025-10-08T08:00:00Z,-0.00057546,0.81790,188215162,85325597
2025-10-08T16:00:00Z,-0.00028353,0.83850,210401649,107617318
2025-10-09T00:00:00Z,-0.00056649,0.81430,158299314,74514417
2025-10-09T08:00:00Z,-0.00044984,0.80350,283982571,132509347
2025-10-09T16:00:00Z,-0.00031124,0.81500,138958724,70886850
2025-10-10T00:00:00Z,-0.00025035,0.81010,114726948,54956059
2025-10-10T08:00:00Z,-0.00032703,0.78270,345507054,164841398
2025-10-10T16:00:00Z,-0.00431633,0.63470,2109265075,944731439
2025-10-11T00:00:00Z,-0.00011757,0.65200,668480315,331753716
2025-10-11T08:00:00Z,-0.00054936,0.65430,357338440,172487306
2025-10-11T16:00:00Z,-0.00076602,0.63100,348452628,164048512
2025-10-12T00:00:00Z,-0.00022398,0.64650,215188258,112357877
2025-10-12T08:00:00Z,-0.00114491,0.67980,382252794,184979183
2025-10-12T16:00:00Z,-0.00090367,0.69950,324545634,166964670
2025-10-13T00:00:00Z,-0.00044271,0.71660,234435925,114615114
2025-10-13T08:00:00Z,-0.00060540,0.71550,439764725,213519878
2025-10-13T16:00:00Z,-0.00046994,0.72820,200387012,100056514
2025-10-14T00:00:00Z,-0.00034904,0.67740,357159750,171668180
2025-10-14T08:00:00Z,-0.00069837,0.69550,385708348,191485671
2025-10-14T16:00:00Z,-0.00039485,0.69830,272472326,135519866
2025-10-15T00:00:00Z,-0.00057176,0.70190,143053991,69840664
2025-10-15T08:00:00Z,-0.00033399,0.67240,278517397,138448154
2025-10-15T16:00:00Z,-0.00041103,0.66800,181018883,90102259
2025-10-16T00:00:00Z,-0.00003038,0.67040,117407831,61137920
2025-10-16T08:00:00Z,-0.00057250,0.65170,316046326,155200217
2025-10-16T16:00:00Z,-0.00059282,0.64470,300381954,144734311
2025-10-17T00:00:00Z,-0.00031497,0.60890,259007788,126499926
2025-10-17T08:00:00Z,0,0.62530,477003118,237210367
2025-10-17T16:00:00Z,-0.00029016,0.62430,163485643,76017471
2025-10-18T00:00:00Z,-0.00052592,0.63140,109115017,57256261
2025-10-18T08:00:00Z,-0.00041580,0.63170,99906122,51416257
2025-10-18T16:00:00Z,-0.00029427,0.63400,68280280,32866198
2025-10-19T00:00:00Z,-0.00046154,0.62980,72587413,36678399
2025-10-19T08:00:00Z,-0.00053951,0.65980,277632981,138760960
2025-10-19T16:00:00Z,-0.00043513,0.65240,120217128,59307247
2025-10-20T00:00:00Z,-0.00036386,0.66940,204559250,101494689
2025-10-20T08:00:00Z,-0.00038173,0.66390,164303633,77982426
2025-10-20T16:00:00Z,-0.00040792,0.66220,148197890,73349899
2025-10-21T00:00:00Z,-0.00073092,0.64330,164877680,82212032
2025-10-21T08:00:00Z,-0.00018151,0.68020,255184842,125447966
2025-10-21T16:00:00Z,-0.00042635,0.64230,241889914,120329416
2025-10-22T00:00:00Z,-0.00045311,0.63710,150563782,75119793
2025-10-22T08:00:00Z,-0.00025701,0.63540,257447394,125523766
2025-10-22T16:00:00Z,-0.00041826,0.62340,250387984,117732973
2025-10-23T00:00:00Z,-0.00032305,0.63910,113051901,57920765
2025-10-23T08:00:00Z,-0.00039451,0.64220,143190277,71001244
2025-10-23T16:00:00Z,-0.00019082,0.64260,121405083,58678075
2025-10-24T00:00:00Z,-0.00030293,0.64930,117253649,57248776
2025-10-24T08:00:00Z,-0.00037338,0.64470,198291627,92751081
2025-10-24T16:00:00Z,-0.00044816,0.65560,102455618,51302866
2025-10-25T00:00:00Z,-0.00037034,0.65140,79374475,39179591
2025-10-25T08:00:00Z,-0.00039065,0.65250,86993190,41153944
2025-10-25T16:00:00Z,-0.00034207,0.65400,57402727,29905430
2025-10-26T00:00:00Z,-0.00037838,0.65520,64722189,32905251
2025-10-26T08:00:00Z,-0.00036500,0.67750,169167893,90337301
2025-10-26T16:00:00Z,-0.00026485,0.68090,132261157,64652450
2025-10-27T00:00:00Z,-0.00013540,0.67970,165582680,79314669
2025-10-27T08:00:00Z,-0.00040899,0.67400,172632395,84480489
2025-10-27T16:00:00Z,-0.00045129,0.66670,147469142,71014703
2025-10-28T00:00:00Z,-0.00050063,0.66290,172407857,82077674
2025-10-28T08:00:00Z,-0.00051794,0.66380,205644023,102028318
2025-10-28T16:00:00Z,-0.00055980,0.64540,260756529,122177010
2025-10-29T00:00:00Z,-0.00062274,0.64560,92136341,44323723
2025-10-29T08:00:00Z,-0.00041977,0.63870,182188592,86063831
2025-10-29T16:00:00Z,-0.00030559,0.63970,401361467,199758365
2025-10-30T00:00:00Z,-0.00039442,0.64500,201935148,101592743
2025-10-30T08:00:00Z,-0.00035701,0.60270,307718348,142283043
2025-10-30T16:00:00Z,-0.00044536,0.60130,256061591,118148450
2025-10-31T00:00:00Z,-0.00049395,0.61070,145045234,73923442
2025-10-31T08:00:00Z,-0.00054513,0.61230,178743694,91027828
2025-10-31T16:00:00Z,-0.00057856,0.60870,171471454,84267501
2025-11-01T00:00:00Z,-0.00039060,0.61360,82545473,41035773
2025-11-01T08:00:00Z,-0.00070119,0.61200,95914004,48106536
2025-11-01T16:00:00Z,-0.00049863,0.61240,62371126,32271753
2025-11-02T00:00:00Z,-0.00058764,0.61720,63146060,31523654
2025-11-02T08:00:00Z,-0.00071026,0.59900,144241011,67346402
2025-11-02T16:00:00Z,-0.00047483,0.61030,126151283,58862228
2025-11-03T00:00:00Z,-0.00074903,0.57680,330499309,155442169
2025-11-03T08:00:00Z,-0.00015728,0.55020,438287634,210367758
2025-11-03T16:00:00Z,-0.00030541,0.55260,262772971,128771443
2025-11-04T00:00:00Z,-0.00016588,0.53400,289937174,139633714
2025-11-04T08:00:00Z,-0.00068744,0.54250,291698574,146782917
2025-11-04T16:00:00Z,-0.00064946,0.52060,769355895,376229554
2025-11-05T00:00:00Z,-0.00051400,0.53420,291353586,149134837
2025-11-05T08:00:00Z,-0.00051235,0.54840,263018437,133067312
2025-11-05T16:00:00Z,-0.00028266,0.54490,194930567,93839298
2025-11-06T00:00:00Z,-0.00054365,0.53390,165670182,81225566
2025-11-06T08:00:00Z,-0.00031729,0.52340,223419905,113230691
2025-11-06T16:00:00Z,-0.00040201,0.53160,194035443,98234565
2025-11-07T00:00:00Z,-0.00030805,0.54760,169327921,84546210
2025-11-07T08:00:00Z,-0.00015529,0.54390,300367901,147600029
2025-11-07T16:00:00Z,-0.00037166,0.57600,329562232,165700302
2025-11-08T00:00:00Z,-0.00045240,0.58210,183734344,91286821
2025-11-08T08:00:00Z,-0.00017424,0.55700,201729926,91606271
2025-11-08T16:00:00Z,-0.00053527,0.56820,115701687,57762858
2025-11-09T00:00:00Z,-0.00055117,0.56240,135841943,66447896
2025-11-09T08:00:00Z,-0.00068382,0.57500,175528701,88307815
2025-11-09T16:00:00Z,-0.00060143,0.57850,124010616,61596134
2025-11-10T00:00:00Z,-0.00047321,0.58890,108423338,52602577
2025-11-10T08:00:00Z,-0.00018483,0.58460,191018320,92848584
2025-11-10T16:00:00Z,-0.00053068,0.59240,128492346,64658116
2025-11-11T00:00:00Z,-0.00052825,0.57560,202444682,98976094
2025-11-11T08:00:00Z,-0.00064687,0.57180,151104465,77699450
2025-11-11T16:00:00Z,-0.00051710,0.55600,143619223,68757996
2025-11-12T00:00:00Z,-0.00036893,0.55650,108525562,52941307
2025-11-12T08:00:00Z,-0.00010374,0.55780,215391763,106069537
2025-11-12T16:00:00Z,-0.00032059,0.54540,204104457,97394777
2025-11-13T00:00:00Z,-0.00030370,0.56440,165300181,86264157
2025-11-13T08:00:00Z,-0.00018396,0.55380,202105382,97585986
2025-11-13T16:00:00Z,-0.00048278,0.52940,330953055,156844491
2025-11-14T00:00:00Z,-0.00045191,0.52380,264325789,131011638
2025-11-14T08:00:00Z,-0.00044478,0.51390,316441161,156353252
2025-11-14T16:00:00Z,-0.00014226,0.49810,225336807,107305759
2025-11-15T00:00:00Z,-0.00055558,0.50950,129853669,62277600
2025-11-15T08:00:00Z,-0.00043469,0.50670,125479132,63206313
2025-11-15T16:00:00Z,-0.00038955,0.50320,94864552,47374890
2025-11-16T00:00:00Z,-0.00075539,0.50490,127029304,63427107
2025-11-16T08:00:00Z,-0.00005610,0.48360,198825008,93327516
2025-11-16T16:00:00Z,-0.00030148,0.48440,339857558,165295794
2025-11-17T00:00:00Z,-0.00020893,0.49580,176400030,92960623
2025-11-17T08:00:00Z,-0.00085934,0.47520,382473065,181593187
2025-11-17T16:00:00Z,-0.00048843,0.46590,341180196,170112007
2025-11-18T00:00:00Z,-0.00041559,0.46460,318627312,158235395
2025-11-18T08:00:00Z,-0.00054752,0.47390,275847302,140946065
2025-11-18T16:00:00Z,-0.00011167,0.47510,182407114,97040801
2025-11-19T00:00:00Z,-0.00067143,0.46810,225615356,112674729
2025-11-19T08:00:00Z,-0.00031120,0.45630,241031471,125662237
2025-11-19T16:00:00Z,-0.00039076,0.46370,339624311,165878478
2025-11-20T00:00:00Z,-0.00020327,0.47020,179896943,87012520
2025-11-20T08:00:00Z,-0.00050749,0.45550,209220460,100838652
2025-11-20T16:00:00Z,0,0.43220,461776051,224774569
2025-11-21T00:00:00Z,-0.00033232,0.40850,540778536,248247126
2025-11-21T08:00:00Z,-0.00004451,0.40100,692571844,345939177
2025-11-21T16:00:00Z,-0.00035637,0.40890,503705158,262309293
2025-11-22T00:00:00Z,-0.00065544,0.40570,185787585,92779227
2025-11-22T08:00:00Z,-0.00055353,0.39800,242285449,126874587
2025-11-22T16:00:00Z,-0.00070685,0.40430,130702127,70627479
2025-11-23T00:00:00Z,-0.00020296,0.40860,162159758,82812881
2025-11-23T08:00:00Z,-0.00066761,0.41660,192487958,105325325
2025-11-23T16:00:00Z,-0.00052734,0.40830,182229891,84312378
2025-11-24T00:00:00Z,-0.00062423,0.41300,206614744,108740353
2025-11-24T08:00:00Z,-0.00058303,0.41270,202881861,99481902
2025-11-24T16:00:00Z,-0.00036973,0.42740,252681297,128095373
2025-11-25T00:00:00Z,-0.00062583,0.41810,140325901,69370691
2025-11-25T08:00:00Z,-0.00062808,0.41070,257127629,133926913
2025-11-25T16:00:00Z,-0.00006872,0.42170,239565972,124580271
2025-11-26T00:00:00Z,-0.00024021,0.42480,145774830,70451299
2025-11-26T08:00:00Z,0,0.41270,168833187,86170322
2025-11-26T16:00:00Z,-0.00037917,0.43550,229431151,112304234
2025-11-27T00:00:00Z,-0.00070640,0.43360,157417292,76161371
2025-11-27T08:00:00Z,-0.00038865,0.43290,160162241,80212113
2025-11-27T16:00:00Z,-0.00032500,0.43290,132109092,64574650
2025-11-28T00:00:00Z,-0.00058867,0.42390,181420715,88051116
2025-11-28T08:00:00Z,-0.00032955,0.43250,255915872,129623323
2025-11-28T16:00:00Z,-0.00034195,0.41970,188986690,94297017
2025-11-29T00:00:00Z,-0.00055496,0.41510,118913221,56628206
2025-11-29T08:00:00Z,-0.00018122,0.41990,121950158,60791490
2025-11-29T16:00:00Z,-0.00042210,0.41440,160062229,80144128
2025-11-30T00:00:00Z,-0.00064170,0.41820,127906409,64482724
2025-11-30T08:00:00Z,-0.00009016,0.42280,162903086,79168211
2025-11-30T16:00:00Z,-0.00089008,0.41390,143477860,66870427
2025-12-01T00:00:00Z,-0.00069593,0.38830,535469739,243775849
2025-12-01T08:00:00Z,-0.00050010,0.37590,359058529,159152488
2025-12-01T16:00:00Z,-0.00075773,0.38530,222276021,113466043
2025-12-02T00:00:00Z,-0.00047932,0.38920,172380172,85241259
2025-12-02T08:00:00Z,-0.00024970,0.42820,370876741,189797341
2025-12-02T16:00:00Z,-0.00009365,0.43340,330055925,163479792
2025-12-03T00:00:00Z,-0.00053903,0.44250,292571708,158535067
2025-12-03T08:00:00Z,-0.00043030,0.43400,289874240,143882265
2025-12-03T16:00:00Z,-0.00029002,0.44980,200607945,102553606
2025-12-04T00:00:00Z,-0.00035593,0.45160,180200681,87454749
2025-12-04T08:00:00Z,0,0.45030,183952359,91149274
2025-12-04T16:00:00Z,-0.00047007,0.43900,187703750,84654011
2025-12-05T00:00:00Z,-0.00052836,0.44130,102929734,52591499
2025-12-05T08:00:00Z,-0.00035528,0.42600,216193778,102588255
2025-12-05T16:00:00Z,-0.00054533,0.41550,251362013,124783518
2025-12-06T00:00:00Z,-0.00061544,0.41150,66578757,32995575
2025-12-06T08:00:00Z,-0.00047680,0.41460,105590810,53221190
2025-12-06T16:00:00Z,-0.00042469,0.41350,118224945,60625459
2025-12-07T00:00:00Z,0,0.41710,119724989,61156537
2025-12-07T08:00:00Z,0,0.41970,217053233,108268766
2025-12-07T16:00:00Z,-0.00066519,0.41710,281978519,138974310
2025-12-08T00:00:00Z,-0.00041036,0.42890,125801284,62711299
2025-12-08T08:00:00Z,-0.00021736,0.43500,272348940,132542146
2025-12-08T16:00:00Z,-0.00025222,0.43260,186495108,96413622
2025-12-09T00:00:00Z,-0.00059601,0.42740,146088648,74031983
2025-12-09T08:00:00Z,-0.00018216,0.46670,472338311,228534773
2025-12-09T16:00:00Z,-0.00044878,0.46940,426263711,196498458
2025-12-10T00:00:00Z,-0.00089791,0.46110,179568597,88467502
2025-12-10T08:00:00Z,-0.00058665,0.46150,291007270,148255066
2025-12-10T16:00:00Z,-0.00033240,0.45340,335564708,163770909
2025-12-11T00:00:00Z,-0.00041967,0.42650,321700184,150031090
2025-12-11T08:00:00Z,-0.00082030,0.41720,393057201,207304424
2025-12-11T16:00:00Z,-0.00003401,0.42510,325891151,162053616
2025-12-12T00:00:00Z,-0.00062607,0.42600,214738898,109586668
2025-12-12T08:00:00Z,-0.00027598,0.40810,261505044,120683313
2025-12-12T16:00:00Z,-0.00044316,0.40890,278327779,146603977
2025-12-13T00:00:00Z,-0.00030495,0.41030,92551797,44959131
2025-12-13T08:00:00Z,-0.00038929,0.41300,123083567,59197341
2025-12-13T16:00:00Z,-0.00059625,0.41030,121421947,57670424
2025-12-14T00:00:00Z,-0.00044247,0.40750,69305805,35045278
2025-12-14T08:00:00Z,-0.00035686,0.39900,269853128,118606979
2025-12-14T16:00:00Z,-0.00036986,0.39600,177857422,82604798
2025-12-15T00:00:00Z,-0.00032183,0.40200,150805600,85247012
2025-12-15T08:00:00Z,-0.00079943,0.38510,287276759,132628809
2025-12-15T16:00:00Z,-0.00080337,0.38790,297079142,148966315
2025-12-16T00:00:00Z,-0.00031391,0.38000,154357085,71105637
2025-12-16T08:00:00Z,-0.00069143,0.38990,296434021,146167962
2025-12-16T16:00:00Z,-0.00058104,0.38570,111770092,56968802
2025-12-17T00:00:00Z,-0.00052140,0.38070,140061575,64669568
2025-12-17T08:00:00Z,-0.00070560,0.38180,349585703,175604367
2025-12-17T16:00:00Z,-0.00037634,0.36720,377796331,177095303
2025-12-18T00:00:00Z,-0.00053349,0.36210,161228363,74580034
2025-12-18T08:00:00Z,-0.00025421,0.37310,318840318,165693616
2025-12-18T16:00:00Z,-0.00038634,0.35120,417434585,196657333
2025-12-19T00:00:00Z,-0.00046610,0.36620,260480438,137026462
2025-12-19T08:00:00Z,-0.00037017,0.37100,213413839,108885065
2025-12-19T16:00:00Z,-0.00030292,0.37660,206360487,101732689
2025-12-20T00:00:00Z,-0.00059154,0.37420,90451721,45625688
2025-12-20T08:00:00Z,-0.00053919,0.37740,118995466,62041630
2025-12-20T16:00:00Z,-0.00031690,0.37280,68687765,33175404
2025-12-21T00:00:00Z,-0.00041892,0.36730,97483726,43194673
2025-12-21T08:00:00Z,-0.00047951,0.36070,252227769,120870333
2025-12-21T16:00:00Z,-0.00050669,0.36590,139357225,72538586
2025-12-22T00:00:00Z,-0.00089550,0.36800,202759029,99186797
2025-12-22T08:00:00Z,-0.00031408,0.37920,283594373,151168919
2025-12-22T16:00:00Z,-0.00020872,0.37100,240854997,117587971
2025-12-23T00:00:00Z,-0.00034031,0.36390,134241194,66753776
2025-12-23T08:00:00Z,-0.00079022,0.36070,209413914,105219125
2025-12-23T16:00:00Z,-0.00052719,0.36270,144625255,71671067
2025-12-24T00:00:00Z,-0.00045110,0.35570,188919398,94240845
2025-12-24T08:00:00Z,-0.00052939,0.35530,157705232,75580463
2025-12-24T16:00:00Z,-0.00029687,0.35650,120134589,60661449
2025-12-25T00:00:00Z,-0.00023418,0.35890,89998879,45581047
2025-12-25T08:00:00Z,-0.00011919,0.35710,265696082,131466430
2025-12-25T16:00:00Z,-0.00076591,0.34330,265091786,123960524
2025-12-26T00:00:00Z,-0.00036255,0.35190,299923231,157069305
2025-12-26T08:00:00Z,-0.00100741,0.34660,202212221,107011294
2025-12-26T16:00:00Z,-0.00063641,0.34940,122967023,64983280
2025-12-27T00:00:00Z,-0.00053597,0.35210,96663866,44793620
2025-12-27T08:00:00Z,0,0.35690,130326923,62728676
2025-12-27T16:00:00Z,0,0.36990,200575535,106889066
2025-12-28T00:00:00Z,-0.00006172,0.37390,164164552,79478818
2025-12-28T08:00:00Z,-0.00000205,0.36950,135330774,68274462
2025-12-28T16:00:00Z,-0.00069262,0.36840,191418862,89011777
2025-12-29T00:00:00Z,-0.00009103,0.37570,290972916,149085783
2025-12-29T08:00:00Z,-0.00081012,0.36520,261257890,135238512
2025-12-29T16:00:00Z,-0.00088878,0.35280,230105819,108940631
2025-12-30T00:00:00Z,-0.00029576,0.35200,156782493,77527027
2025-12-30T08:00:00Z,-0.00057051,0.35390,226808466,109010774
2025-12-30T16:00:00Z,-0.00058128,0.35100,165945443,81099331
2025-12-31T00:00:00Z,-0.00029842,0.35090,128242546,60868985
2025-12-31T08:00:00Z,-0.00050547,0.34210,259225279,116894133
2025-12-31T16:00:00Z,-0.00045263,0.33320,362337610,163604590
2026-01-01T00:00:00Z,-0.00070318,0.33620,153570775,80064694
2026-01-01T08:00:00Z,-0.00060378,0.34680,198166286,103933655
2026-01-01T16:00:00Z,-0.00027054,0.35640,287475781,148917872
2026-01-02T00:00:00Z,0,0.35550,208988211,99694577
2026-01-02T08:00:00Z,0,0.37160,359118214,182729389
2026-01-02T16:00:00Z,-0.00005626,0.39480,453344741,228459411
2026-01-03T00:00:00Z,-0.00018716,0.38420,258429723,118213670
2026-01-03T08:00:00Z,-0.00026039,0.38610,177247385,98992690
2026-01-03T16:00:00Z,-0.00034451,0.38930,102600823,54388368
2026-01-04T00:00:00Z,-0.00035041,0.39590,244931681,126232211
2026-01-04T08:00:00Z,-0.00069019,0.39860,233665446,113994784
2026-01-04T16:00:00Z,-0.00070910,0.40040,160997877,83180661
2026-01-05T00:00:00Z,-0.00036825,0.40080,249760510,121345641
2026-01-05T08:00:00Z,-0.00018722,0.41260,316988511,155509368
2026-01-05T16:00:00Z,-0.00048216,0.42090,393117180,198286060
2026-01-06T00:00:00Z,-0.00045207,0.41460,295285541,141231543
2026-01-06T08:00:00Z,-0.00031203,0.41990,384182170,196163829
2026-01-06T16:00:00Z,-0.00038886,0.41930,379962997,184541931
2026-01-07T00:00:00Z,-0.00011133,0.41860,151484586,75936169
2026-01-07T08:00:00Z,-0.00064014,0.40260,338811731,159087364
2026-01-07T16:00:00Z,-0.00025390,0.40200,180130793,87656557
2026-01-08T00:00:00Z,-0.00031615,0.39520,274449035,132007376
2026-01-08T08:00:00Z,-0.00089535,0.39490,368307978,181630042
2026-01-08T16:00:00Z,-0.00051180,0.39550,240349735,117722303
2026-01-09T00:00:00Z,-0.00043858,0.39700,150586308,71384368
2026-01-09T08:00:00Z,-0.00058155,0.39690,322020023,160879200
2026-01-09T16:00:00Z,-0.00031046,0.39120,189282208,92368423
2026-01-10T00:00:00Z,-0.00061697,0.38770,99278072,47337059
2026-01-10T08:00:00Z,-0.00029396,0.38950,83065533,40292701
2026-01-10T16:00:00Z,-0.00068594,0.38820,85233260,43131174
2026-01-11T00:00:00Z,-0.00027084,0.39120,67013007,32637522
2026-01-11T08:00:00Z,-0.00077744,0.39020,162689793,77789798
2026-01-11T16:00:00Z,-0.00022416,0.39070,202309188,97347958
2026-01-12T00:00:00Z,-0.00052262,0.39010,270935684,131495186
2026-01-12T08:00:00Z,-0.00029392,0.39430,280296919,142554438
2026-01-12T16:00:00Z,-0.00076749,0.38590,249229699,119664264
2026-01-13T00:00:00Z,-0.00029140,0.38980,159827783,83513957
2026-01-13T08:00:00Z,0,0.40610,271719393,137676592
2026-01-13T16:00:00Z,0.00023064,0.42190,413313935,201505934
2026-01-14T00:00:00Z,-0.00003692,0.42370,245459777,121605841
2026-01-14T08:00:00Z,-0.00013536,0.41980,274687359,136120571
2026-01-14T16:00:00Z,-0.00030070,0.41410,257989628,135698482
2026-01-15T00:00:00Z,-0.00041696,0.40420,212372244,104182244
2026-01-15T08:00:00Z,-0.00023972,0.39950,323673524,158607256
2026-01-15T16:00:00Z,-0.00048662,0.39340,216556406,101916223
2026-01-16T00:00:00Z,-0.00052308,0.39240,130879727,65131491
2026-01-16T08:00:00Z,-0.00095238,0.38130,211663760,97859152
2026-01-16T16:00:00Z,-0.00051244,0.39540,234074296,119373023
2026-01-17T00:00:00Z,-0.00016579,0.39550,92115679,42661814
2026-01-17T08:00:00Z,-0.00048621,0.40230,124550407,67026192
2026-01-17T16:00:00Z,-0.00005633,0.39720,151549273,78310291
2026-01-18T00:00:00Z,-0.00054608,0.39390,104822674,49051290
2026-01-18T08:00:00Z,-0.00035588,0.39210,149210851,73028458
2026-01-18T16:00:00Z,-0.00053272,0.37540,242240364,115387079
2026-01-19T00:00:00Z,-0.00070092,0.36380,564464227,272998767
2026-01-19T08:00:00Z,-0.00050950,0.36650,243963083,123236116
2026-01-19T16:00:00Z,-0.00042990,0.37010,147889935,74206515
2026-01-20T00:00:00Z,-0.00058939,0.36570,228359610,104981123
2026-01-20T08:00:00Z,-0.00006179,0.35920,390814258,186562295
2026-01-20T16:00:00Z,-0.00046020,0.35050,279461875,132687169
2026-01-21T00:00:00Z,-0.00050244,0.35950,190068950,104213163
2026-01-21T08:00:00Z,-0.00046851,0.36220,285069257,139251235
2026-01-21T16:00:00Z,-0.00037276,0.36590,423673282,216642290
2026-01-22T00:00:00Z,-0.00044909,0.36340,149533359,75533507
2026-01-22T08:00:00Z,-0.00063437,0.35820,240804055,126563035
2026-01-22T16:00:00Z,0,0.35920,166546029,70539437
2026-01-23T00:00:00Z,-0.00058641,0.36090,131789762,67060104
2026-01-23T08:00:00Z,-0.00068574,0.36000,214103687,104250855
2026-01-23T16:00:00Z,-0.00052214,0.36010,246432207,124945695
2026-01-24T00:00:00Z,-0.00062530,0.35930,80256054,39105458
2026-01-24T08:00:00Z,-0.00068848,0.35760,84887423,40747196
2026-01-24T16:00:00Z,-0.00042673,0.35820,61367427,30476397
2026-01-25T00:00:00Z,-0.00030514,0.35550,110044671,48970997
2026-01-25T08:00:00Z,-0.00081247,0.35200,149800667,73326138
2026-01-25T16:00:00Z,-0.00059975,0.33880,424837755,196454998
2026-01-26T00:00:00Z,-0.00005823,0.34810,194966975,100374209
2026-01-26T08:00:00Z,-0.00023765,0.35220,235400550,126374556
2026-01-26T16:00:00Z,-0.00036333,0.35200,165445672,83084567
2026-01-27T00:00:00Z,-0.00005835,0.35180,89770637,42499358
2026-01-27T08:00:00Z,-0.00031318,0.35150,152715178,73942511
2026-01-27T16:00:00Z,-0.00028457,0.36050,339090824,179477988
2026-01-28T00:00:00Z,-0.00014172,0.35750,131206720,64630568
2026-01-28T08:00:00Z,-0.00059492,0.35690,229083918,111260790
2026-01-28T16:00:00Z,-0.00010019,0.35810,169271231,83077034
2026-01-29T00:00:00Z,-0.00039739,0.35120,203381511,85749490
2026-01-29T08:00:00Z,-0.00099727,0.33300,362818826,165182028
2026-01-29T16:00:00Z,-0.00042283,0.33440,351687125,171095008
2026-01-30T00:00:00Z,-0.00049845,0.32520,385341014,177335688
2026-01-30T08:00:00Z,-0.00059373,0.32540,259621764,123245114
2026-01-30T16:00:00Z,-0.00067576,0.32060,359232732,175003103
2026-01-31T00:00:00Z,-0.00008639,0.31220,267508312,129947659
2026-01-31T08:00:00Z,-0.00042942,0.29600,472446114,222284229
2026-01-31T16:00:00Z,-0.00101604,0.29340,877823520,430034946
2026-02-01T00:00:00Z,-0.00026683,0.29600,261824832,140032192
2026-02-01T08:00:00Z,-0.00077590,0.28930,353583768,175391382
2026-02-01T16:00:00Z,-0.00069193,0.28560,371844098,180832731
2026-02-02T00:00:00Z,-0.00048567,0.28410,552287541,275288924
2026-02-02T08:00:00Z,-0.00030145,0.30110,397747625,211007251
2026-02-02T16:00:00Z,-0.00037896,0.29890,190672341,93193137
2026-02-03T00:00:00Z,-0.00099161,0.29920,196763979,93416309
2026-02-03T08:00:00Z,-0.00056654,0.30390,333686788,162796643
2026-02-03T16:00:00Z,-0.00078923,0.29150,648045144,308697329
2026-02-04T00:00:00Z,-0.00036441,0.29970,208471961,107142043
2026-02-04T08:00:00Z,-0.00090362,0.28640,398335139,178790538
2026-02-04T16:00:00Z,-0.00054729,0.28620,416734746,210096489
2026-02-05T00:00:00Z,-0.00034757,0.27920,346727332,175091386
2026-02-05T08:00:00Z,-0.00013568,0.26220,743261124,358827653
2026-02-05T16:00:00Z,-0.00041840,0.24510,1049816504,530739931
2026-02-06T00:00:00Z,-0.00082814,0.25140,1234383932,615357571
2026-02-06T08:00:00Z,-0.00144464,0.27320,623926695,328498489
2026-02-06T16:00:00Z,-0.00089401,0.27590,421811268,201456597
2026-02-07T00:00:00Z,-0.00042931,0.26810,344152447,168055155
2026-02-07T08:00:00Z,-0.00053622,0.27260,256062918,124437566
2026-02-07T16:00:00Z,-0.00058709,0.27190,386472988,189048015
2026-02-08T00:00:00Z,-0.00051429,0.27090,134843843,69340483
2026-02-08T08:00:00Z,-0.00044230,0.27250,183425639,92961218
2026-02-08T16:00:00Z,-0.00046119,0.26980,185873006,91878834
2026-02-09T00:00:00Z,-0.00084004,0.26890,153162684,71784253
2026-02-09T08:00:00Z,-0.00026549,0.26780,312259511,148051080
2026-02-09T16:00:00Z,-0.00021989,0.26970,180435253,90474439
2026-02-10T00:00:00Z,-0.00068691,0.26270,189012031,84975164
2026-02-10T08:00:00Z,-0.00076058,0.26320,202776653,100800625
2026-02-10T16:00:00Z,-0.00045686,0.26170,177573250,86492766
2026-02-11T00:00:00Z,-0.00053927,0.25530,186342337,89990188
2026-02-11T08:00:00Z,-0.00056692,0.25290,335377295,158145835
2026-02-11T16:00:00Z,-0.00016413,0.25570,203203170,103054646
2026-02-12T00:00:00Z,-0.00070301,0.26250,123469025,65394281
2026-02-12T08:00:00Z,0,0.26240,274670465,142846178
2026-02-12T16:00:00Z,-0.00005812,0.26430,270335507,127502918
2026-02-13T00:00:00Z,-0.00046517,0.26190,126905639,65457169
2026-02-13T08:00:00Z,0,0.26900,237416729,126190709
2026-02-13T16:00:00Z,-0.00060608,0.27270,168797641,85734919
2026-02-14T00:00:00Z,-0.00024757,0.27560,128134949,65659637
2026-02-14T08:00:00Z,-0.00042918,0.28610,228596031,117820391
2026-02-14T16:00:00Z,-0.00043413,0.29490,310273092,152973033
2026-02-15T00:00:00Z,-0.00039565,0.30050,235041910,115847907
2026-02-15T08:00:00Z,-0.00045051,0.28400,343611271,154298322
2026-02-15T16:00:00Z,-0.00042510,0.28160,240837871,116324878
2026-02-16T00:00:00Z,-0.00028171,0.28000,122702751,59250924
2026-02-16T08:00:00Z,-0.00071516,0.27880,279781287,136374454
2026-02-16T16:00:00Z,-0.00036795,0.28570,138551166,70953286
2026-02-17T00:00:00Z,-0.00061768,0.28620,133692123,65733982
2026-02-17T08:00:00Z,-0.00040318,0.28110,233598247,111809898
2026-02-17T16:00:00Z,-0.00009331,0.28090,167046582,81126359
2026-02-18T00:00:00Z,-0.00043733,0.28430,91457274,46510739
2026-02-18T08:00:00Z,-0.00024855,0.28390,198583671,99085149
2026-02-18T16:00:00Z,-0.00022776,0.27340,216713671,102961535
2026-02-19T00:00:00Z,-0.00033402,0.27610,101232854,55893944
2026-02-19T08:00:00Z,-0.00049296,0.27000,228775181,106861547
2026-02-19T16:00:00Z,-0.00038014,0.27280,162603411,75322025
2026-02-20T00:00:00Z,-0.00053437,0.27350,112776069,56443163
2026-02-20T08:00:00Z,0,0.28880,342860233,178568972
2026-02-20T16:00:00Z,-0.00075364,0.28470,306263634,154289032
2026-02-21T00:00:00Z,-0.00030198,0.28120,107607816,51991727
2026-02-21T08:00:00Z,-0.00051198,0.28230,140295860,77541883
2026-02-21T16:00:00Z,-0.00047701,0.27970,134493679,62093525
2026-02-22T00:00:00Z,-0.00061143,0.27560,130726647,58351389
2026-02-22T08:00:00Z,-0.00046163,0.27160,129022263,58778300
2026-02-22T16:00:00Z,-0.00071236,0.27150,133851106,66152518
2026-02-23T00:00:00Z,-0.00065372,0.26640,336859449,161914087
2026-02-23T08:00:00Z,-0.00050600,0.26680,250854245,129650438
2026-02-23T16:00:00Z,-0.00032882,0.26220,214576665,106136248
2026-02-24T00:00:00Z,-0.00030832,0.25740,235335564,114880365
2026-02-24T08:00:00Z,-0.00018057,0.25950,193941465,104521880
2026-02-24T16:00:00Z,-0.00050723,0.25840,138960057,63212988
2026-02-25T00:00:00Z,-0.00043069,0.26590,289667708,151144799
2026-02-25T08:00:00Z,-0.00022167,0.29040,429963691,231491708
2026-02-25T16:00:00Z,0,0.29710,781424352,392841131
2026-02-26T00:00:00Z,-0.00020845,0.29320,246834324,128656183
2026-02-26T08:00:00Z,-0.00025780,0.29130,361588463,183440324
2026-02-26T16:00:00Z,-0.00033002,0.28680,287087307,133590311
2026-02-27T00:00:00Z,-0.00010026,0.29030,206260226,100552826
2026-02-27T08:00:00Z,-0.00042506,0.28040,281113464,144944402
2026-02-27T16:00:00Z,-0.00044017,0.27740,212025623,107189908
2026-02-28T00:00:00Z,-0.00070520,0.26480,418813212,200224742
2026-02-28T08:00:00Z,-0.00032027,0.26770,338329070,175849080
2026-02-28T16:00:00Z,-0.00062166,0.28080,324032641,173512239
2026-03-01T00:00:00Z,-0.00071124,0.28270,282112416,141202920
2026-03-01T08:00:00Z,-0.00038336,0.28010,251332631,124604931
2026-03-01T16:00:00Z,-0.00061930,0.27340,301650921,148756926
2026-03-02T00:00:00Z,-0.00065275,0.27070,217795028,102647353
2026-03-02T08:00:00Z,0.00000000,0.28420,298605150,151131957
2026-03-02T16:00:00Z,-0.00037917,0.27680,312595970,154561438
2026-03-03T00:00:00Z,-0.00056288,0.26850,237888799,112145778
2026-03-03T08:00:00Z,-0.00015518,0.26500,331312464,166970922
2026-03-03T16:00:00Z,-0.00056517,0.26230,347221897,170379937
2026-03-04T00:00:00Z,-0.00093320,0.26470,291642587,147970570
2026-03-04T08:00:00Z,0.00000000,0.28080,565670984,294991288
2026-03-04T16:00:00Z,-0.00042809,0.27620,410907635,200177430
2026-03-05T00:00:00Z,-0.00063316,0.27190,196703475,91109252
2026-03-05T08:00:00Z,0.00000000,0.27110,343505199,171441741
2026-03-05T16:00:00Z,-0.00039002,0.26890,254476965,125096906
2026-03-06T00:00:00Z,-0.00038413,0.27130,129012634,62469251
2026-03-06T08:00:00Z,-0.00095341,0.25640,390738924,178448310
2026-03-06T16:00:00Z,-0.00078916,0.25890,167506489,87679449
2026-03-07T00:00:00Z,-0.00062323,0.25820,109629485,58150634
2026-03-07T08:00:00Z,-0.00019920,0.25480,304122289,132432967
2026-03-07T16:00:00Z,-0.00043867,0.25430,157274028,76492470
2026-03-08T00:00:00Z,-0.00080657,0.25210,162076542,74636462
2026-03-08T08:00:00Z,-0.00063614,0.24940,305062981,157360520
2026-03-08T16:00:00Z,-0.00028892,0.24900,267836591,128295226
2026-03-09T00:00:00Z,-0.00028433,0.25480,278067367,148697655
2026-03-09T08:00:00Z,-0.00052730,0.25570,269666212,136800709
2026-03-09T16:00:00Z,-0.00081770,0.25500,257387675,133633343
2026-03-10T00:00:00Z,-0.00044868,0.26030,227456553,116827585
2026-03-10T08:00:00Z,-0.00024708,0.27120,391890598,205829326
2026-03-10T16:00:00Z,-0.00059623,0.26190,271580509,130247877
2026-03-11T00:00:00Z,-0.00060998,0.25730,202387069,90567089
2026-03-11T08:00:00Z,-0.00038114,0.26230,276412751,134224949
2026-03-11T16:00:00Z,-0.00055798,0.26240,181741451,95348216
2026-03-12T00:00:00Z,-0.00018245,0.26050,134038204,61972200
2026-03-12T08:00:00Z,-0.00050787,0.26190,245784907,122587039
2026-03-12T16:00:00Z,-0.00040805,0.26340,177643507,94743018
2026-03-13T00:00:00Z,-0.00050333,0.27140,310773902,161174384
2026-03-13T08:00:00Z,-0.00036617,0.27140,312598836,156590781
2026-03-13T16:00:00Z,-0.00064660,0.26540,212895942,100854596
2026-03-14T00:00:00Z,-0.00052303,0.26150,160077996,73204181
2026-03-14T08:00:00Z,-0.00080581,0.26050,141309976,70051814
2026-03-14T16:00:00Z,-0.00084660,0.26320,131026068,67446637
2026-03-15T00:00:00Z,-0.00011040,0.26460,166979356,86407317
2026-03-15T08:00:00Z,-0.00062182,0.26360,134770084,65692766
2026-03-15T16:00:00Z,-0.00034336,0.27010,223117157,116962033
2026-03-16T00:00:00Z,0.00000000,0.29000,542335793,285040734
2026-03-16T08:00:00Z,-0.00013266,0.28350,413759528,203315062
2026-03-16T16:00:00Z,-0.00032068,0.29030,259926681,129187211
2026-03-17T00:00:00Z,-0.00043504,0.28630,355552405,162638234
2026-03-17T08:00:00Z,-0.00062967,0.28620,232666050,107825571
2026-03-17T16:00:00Z,-0.00043276,0.28880,204655035,97955623
2026-03-18T00:00:00Z,-0.00038960,0.28830,221404266,112658014
2026-03-18T08:00:00Z,-0.00105436,0.27120,450913762,202348176
2026-03-18T16:00:00Z,-0.00047475,0.27410,189050899,96002176
2026-03-19T00:00:00Z,-0.00056620,0.26840,195679424,96185520
2026-03-19T08:00:00Z,-0.00068411,0.26540,245909877,121125851
2026-03-19T16:00:00Z,-0.00023428,0.26740,147980139,71627640
2026-03-20T00:00:00Z,-0.00071832,0.26990,164830028,84311207
2026-03-20T08:00:00Z,-0.00055455,0.26660,210122653,103223399
2026-03-20T16:00:00Z,-0.00082195,0.26590,155406042,74739591
2026-03-21T00:00:00Z,-0.00026495,0.26480,80251483,39006978
2026-03-21T08:00:00Z,-0.00059696,0.26470,119356687,58725620
2026-03-21T16:00:00Z,-0.00056450,0.25710,191612793,84654032
2026-03-22T00:00:00Z,-0.00042316,0.25650,257931682,129499878
2026-03-22T08:00:00Z,-0.00062181,0.25540,135369338,66435410
2026-03-22T16:00:00Z,-0.00059373,0.25040,264855316,110401441
2026-03-23T00:00:00Z,-0.00062436,0.24980,195357373,94685412
2026-03-23T08:00:00Z,-0.00018701,0.26100,676498056,338361504
2026-03-23T16:00:00Z,-0.00024218,0.26150,174844860,87088513
2026-03-24T00:00:00Z,-0.00006513,0.26550,167023118,91502966
2026-03-24T08:00:00Z,-0.00063573,0.26080,246619401,120540415
2026-03-24T16:00:00Z,-0.00017252,0.26630,170194095,84643833
2026-03-25T00:00:00Z,0.00000000,0.26940,219068707,111476968
2026-03-25T08:00:00Z,-0.00027833,0.27010,287198927,140971794
2026-03-25T16:00:00Z,-0.00004478,0.27040,144492784,72401206
2026-03-26T00:00:00Z,-0.00055379,0.26190,191749600,93167618
2026-03-26T08:00:00Z,-0.00047857,0.25580,254983720,119788544
2026-03-26T16:00:00Z,-0.00074748,0.25450,211271073,106510639
2026-03-27T00:00:00Z,-0.00036135,0.25470,130374907,65266050
2026-03-27T08:00:00Z,-0.00074646,0.24740,372868811,168237873
2026-03-27T16:00:00Z,-0.00062830,0.24580,142533372,63964471
2026-03-28T00:00:00Z,-0.00070118,0.24820,145095439,76458224
2026-03-28T08:00:00Z,-0.00062559,0.25110,234284321,116176229
2026-03-28T16:00:00Z,-0.00045118,0.24580,142478339,59085493
2026-03-29T00:00:00Z,-0.00050110,0.24490,174621327,80234023
2026-03-29T08:00:00Z,-0.00076077,0.24120,209151521,90379294
2026-03-29T16:00:00Z,-0.00037439,0.23980,307059017,150177861
2026-03-30T00:00:00Z,-0.00009172,0.24850,275782315,150454470
2026-03-30T08:00:00Z,0.00000000,0.24840,290357930,150342747
2026-03-30T16:00:00Z,-0.00004232,0.24330,200570719,97851974
2026-03-31T00:00:00Z,-0.00055208,0.24350,198695773,105402733
2026-03-31T08:00:00Z,-0.00098024,0.23780,341001761,160301900
2026-03-31T16:00:00Z,-0.00078301,0.24160,347764979,167564994
2026-04-01T00:00:00Z,0.00000000,0.24980,382794611,193258030
2026-04-01T08:00:00Z,-0.00060383,0.24900,288695929,137471245
2026-04-01T16:00:00Z,0.00000000,0.24840,170535974,91597852
2026-04-02T00:00:00Z,-0.00075344,0.23870,494135489,227360445
2026-04-02T08:00:00Z,-0.00018692,0.23950,357336156,169882760
2026-04-02T16:00:00Z,-0.00024915,0.23920,167505964,79018914
2026-04-03T00:00:00Z,0.00000000,0.24340,193991400,103321739
2026-04-03T08:00:00Z,-0.00128797,0.24590,297566036,147575539
2026-04-03T16:00:00Z,-0.00004561,0.24620,161894104,81855612
2026-04-04T00:00:00Z,-0.00003963,0.24520,125213826,58056214
2026-04-04T08:00:00Z,-0.00035248,0.24500,131388638,65932191
2026-04-04T16:00:00Z,-0.00059999,0.24770,141122514,75870042
2026-04-05T00:00:00Z,-0.00003660,0.24180,151202105,66199465
2026-04-05T08:00:00Z,-0.00035309,0.24340,187824648,91696846
2026-04-05T16:00:00Z,-0.00009142,0.25070,205533717,101494765
2026-04-06T00:00:00Z,-0.00032795,0.25510,321069686,158257313
2026-04-06T08:00:00Z,-0.00019536,0.25420,243537262,124350233
2026-04-06T16:00:00Z,-0.00099103,0.24580,240472111,117788916
2026-04-07T00:00:00Z,-0.00065124,0.24320,194024715,96493903
2026-04-07T08:00:00Z,-0.00079818,0.24200,274248227,146322900
2026-04-07T16:00:00Z,-0.00020781,0.26270,493346784,256352905
2026-04-08T00:00:00Z,0.00000000,0.26120,249101115,116485249
2026-04-08T08:00:00Z,-0.00036666,0.25400,279380066,133372966
2026-04-08T16:00:00Z,-0.00038571,0.25050,184567120,93067834
2026-04-09T00:00:00Z,-0.00072991,0.25040,170393144,85248551
2026-04-09T08:00:00Z,-0.00051266,0.25450,188264168,100462815
2026-04-09T16:00:00Z,-0.00014073,0.25410,218584489,108758294
2026-04-10T00:00:00Z,-0.00026024,0.25050,161525123,74509116
2026-04-10T08:00:00Z,0.00000000,0.25380,240574635,120308930
2026-04-10T16:00:00Z,-0.00053103,0.25410,152388973,77920357
2026-04-11T00:00:00Z,-0.00078227,0.25030,172093507,79824722
2026-04-11T08:00:00Z,-0.00048897,0.24800,210842966,99107934
2026-04-11T16:00:00Z,-0.00055087,0.24940,295017269,145718031
2026-04-12T00:00:00Z,-0.00063335,0.24130,292333276,130517295
2026-04-12T08:00:00Z,-0.00097503,0.23810,300372840,139414633
2026-04-12T16:00:00Z,-0.00090924,0.23590,215571680,98800642
2026-04-13T00:00:00Z,-0.00091052,0.23780,168231023,88490693
2026-04-13T08:00:00Z,-0.00069190,0.23910,292060404,148427281
2026-04-13T16:00:00Z,-0.00033622,0.24860,424038874,210061982
2026-04-14T00:00:00Z,-0.00068956,0.24320,220744598,99233960
2026-04-14T08:00:00Z,-0.00056604,0.24430,325792615,159394456
2026-04-14T16:00:00Z,-0.00098386,0.23930,232333513,103089412
2026-04-15T00:00:00Z,-0.00009303,0.23820,161028683,84419903
2026-04-15T08:00:00Z,-0.00060609,0.24250,212558370,101888598
2026-04-15T16:00:00Z,0.00000000,0.24600,324349261,156670194
2026-04-16T00:00:00Z,-0.00013738,0.25000,246318233,128288447
2026-04-16T08:00:00Z,0.00000000,0.25330,454332782,234860732
2026-04-16T16:00:00Z,0.00000000,0.25900,428634376,235885162
2026-04-17T00:00:00Z,-0.00011527,0.25600,223786959,117506484
2026-04-17T08:00:00Z,-0.00008511,0.26350,423743233,222342609
2026-04-17T16:00:00Z,-0.00092964,0.25850,233732989,114972930
2026-04-18T00:00:00Z,-0.00045031,0.25840,134353184,69162335
2026-04-18T08:00:00Z,-0.00070478,0.25080,270853065,120226282
2026-04-18T16:00:00Z,-0.00063447,0.24900,170165342,84137836
2026-04-19T00:00:00Z,-0.00080596,0.24570,206261750,90749561
2026-04-19T08:00:00Z,-0.00007369,0.24860,232548243,125237020
2026-04-19T16:00:00Z,-0.00068251,0.24230,245365270,103503090
2026-04-20T00:00:00Z,-0.00024710,0.24640,183487939,97473609
2026-04-20T08:00:00Z,-0.00044450,0.24750,215186639,105909852
2026-04-20T16:00:00Z,-0.00057702,0.24780,209692358,109178234
2026-04-21T00:00:00Z,-0.00081571,0.24920,159938664,78101073
2026-04-21T08:00:00Z,-0.00041299,0.24870,193694709,100039565
2026-04-21T16:00:00Z,-0.00012723,0.24970,263751119,120855714
2026-04-22T00:00:00Z,-0.00052383,0.25480,286070122,149639886
2026-04-22T08:00:00Z,-0.00047729,0.25490,171971061,83679259
2026-04-22T16:00:00Z,-0.00082624,0.24820,175248158,80337266
2026-04-23T00:00:00Z,-0.00030921,0.24670,218753176,106531447
2026-04-23T08:00:00Z,-0.00011206,0.25020,215352197,109451201
2026-04-23T16:00:00Z,-0.00063102,0.24960,238629077,117564910
2026-04-24T00:00:00Z,-0.00027380,0.24880,182106974,84718868
2026-04-24T08:00:00Z,-0.00016214,0.25200,164917706,85585767
2026-04-24T16:00:00Z,0.00000000,0.25020,127779928,65406613
2026-04-25T00:00:00Z,-0.00048560,0.25120,160831644,83529918
2026-04-25T08:00:00Z,-0.00061078,0.25000,206746994,102643696
2026-04-25T16:00:00Z,-0.00061336,0.25010,124826733,62701462
2026-04-26T00:00:00Z,0.00000000,0.25140,136829267,62950910
2026-04-26T08:00:00Z,-0.00037492,0.25280,191921850,98181819
2026-04-26T16:00:00Z,-0.00061414,0.25200,143904993,77632960
2026-04-27T00:00:00Z,-0.00082829,0.24670,346041034,166207105
2026-04-27T08:00:00Z,-0.00069646,0.24430,271547846,121252935
2026-04-27T16:00:00Z,-0.00058387,0.24790,121572613,61087711
2026-04-28T00:00:00Z,-0.00078469,0.24690,179773947,79430709
2026-04-28T08:00:00Z,-0.00060323,0.24640,215635751,102944036
2026-04-28T16:00:00Z,-0.00059971,0.24660,109572768,51249289
2026-04-29T00:00:00Z,-0.00042683,0.24940,174662136,90755423
2026-04-29T08:00:00Z,-0.00078454,0.24380,380970702,181690515
2026-04-29T16:00:00Z,-0.00031151,0.24440,349757139,162858323
2026-04-30T00:00:00Z,0.00000000,0.24660,213509642,106952746
2026-04-30T08:00:00Z,-0.00038648,0.24740,177859290,83705367
2026-04-30T16:00:00Z,-0.00061007,0.24610,100143302,49664158
2026-05-01T00:00:00Z,-0.00020809,0.24850,152383509,82596259
2026-05-01T08:00:00Z,-0.00020510,0.25010,227828143,115721227
2026-05-01T16:00:00Z,-0.00073323,0.24800,148590721,68309428
2026-05-02T00:00:00Z,-0.00060800,0.24740,112638646,55581677
2026-05-02T08:00:00Z,-0.00022108,0.24990,120978169,60730545
2026-05-02T16:00:00Z,-0.00008882,0.25010,134714859,69353073
2026-05-03T00:00:00Z,-0.00054803,0.24870,146515675,75431651
2026-05-03T08:00:00Z,0.00000000,0.25070,133728205,67448581
2026-05-03T16:00:00Z,-0.00046265,0.24940,169526860,80541784
2026-05-04T00:00:00Z,-0.00014836,0.25160,323981378,167321049
2026-05-04T08:00:00Z,-0.00049835,0.25050,455397212,237215064
2026-05-04T16:00:00Z,-0.00024358,0.24970,162096857,83650915
2026-05-05T00:00:00Z,-0.00030979,0.25660,246748200,139388580
2026-05-05T08:00:00Z,-0.00014814,0.25680,268647193,135827087
2026-05-05T16:00:00Z,-0.00010705,0.26190,298673280,158314013
2026-05-06T00:00:00Z,-0.00016528,0.26480,214229370,108234916
2026-05-06T08:00:00Z,-0.00047139,0.26750,483312100,245677886
2026-05-06T16:00:00Z,-0.00021224,0.26690,135954050,65468628
2026-05-07T00:00:00Z,-0.00074288,0.26820,167522864,83169808
2026-05-07T08:00:00Z,-0.00015624,0.26180,250246758,114619355
2026-05-07T16:00:00Z,-0.00040874,0.26250,169826895,79952208
2026-05-08T00:00:00Z,-0.00018757,0.26190,120072623,59669440
2026-05-08T08:00:00Z,-0.00005284,0.26950,176219173,91629134
2026-05-08T16:00:00Z,0.00000000,0.27340,254712650,133087959
2026-05-09T00:00:00Z,-0.00025972,0.27500,147691456,73205348
2026-05-09T08:00:00Z,-0.00036667,0.27030,149169563,65595338
2026-05-09T16:00:00Z,-0.00064556,0.27070,101047650,47334399
2026-05-10T00:00:00Z,-0.00075942,0.27040,136424863,63273599
2026-05-10T08:00:00Z,-0.00010781,0.28150,236758097,129202794
2026-05-10T16:00:00Z,-0.00036315,0.28220,479238996,236231090
2026-05-11T00:00:00Z,-0.00054024,0.27760,221296726,108041673
2026-05-11T08:00:00Z,-0.00047221,0.28220,281593195,131820062
2026-05-11T16:00:00Z,-0.00081439,0.28010,161586942,78140120
2026-05-12T00:00:00Z,-0.00008090,0.27670,179606429,85197758
2026-05-12T08:00:00Z,-0.00019317,0.26900,307074514,142658600
2026-05-12T16:00:00Z,-0.00049207,0.27090,190011500,92326129
2026-05-13T00:00:00Z,-0.00038509,0.27320,178428153,85340419
2026-05-13T08:00:00Z,-0.00054810,0.26180,351880592,165932114
2026-05-13T16:00:00Z,-0.00036330,0.26460,176293290,89432273
2026-05-14T00:00:00Z,-0.00012984,0.26450,127671470,62786464
2026-05-14T08:00:00Z,-0.00059201,0.27010,194684348,90993613
2026-05-14T16:00:00Z,-0.00047732,0.27040,384304520,181492740
2026-05-15T00:00:00Z,-0.00015438,0.26820,194015088,86339712
2026-05-15T08:00:00Z,-0.00041327,0.25800,325831580,160455675
2026-05-15T16:00:00Z,-0.00086178,0.26130,135466418,71511474
2026-05-16T00:00:00Z,-0.00050346,0.25520,210016833,93200174
2026-05-16T08:00:00Z,-0.00062926,0.25550,162070700,80156769
2026-05-16T16:00:00Z,-0.00046197,0.25490,94008663,46586089
2026-05-17T00:00:00Z,-0.00013624,0.25600,118658529,60833796
2026-05-17T08:00:00Z,-0.00023655,0.25500,121956731,60566686
2026-05-17T16:00:00Z,-0.00027051,0.25200,316351099,145679494
2026-05-18T00:00:00Z,-0.00055108,0.24920,284345474,132290417
2026-05-18T08:00:00Z,-0.00085584,0.24800,230466746,116009670
2026-05-18T16:00:00Z,-0.00071348,0.25150,194565849,96457403
2026-05-19T00:00:00Z,-0.00046690,0.25230,133445174,66376715
2026-05-19T08:00:00Z,-0.00057126,0.24820,202828412,95902947
2026-05-19T16:00:00Z,-0.00053279,0.24800,85323470,42752504
2026-05-20T00:00:00Z,-0.00022083,0.24910,132742976,66300434
2026-05-20T08:00:00Z,-0.00050538,0.25000,185712745,96669905
2026-05-20T16:00:00Z,-0.00050421,0.24900,151442585,80417051
2026-05-21T00:00:00Z,-0.00111386,0.24880,201011915,100295432
2026-05-21T08:00:00Z,-0.00049647,0.24830,262736903,127125364
2026-05-21T16:00:00Z,-0.00066378,0.25050,269826262,137371609
2026-05-22T00:00:00Z,-0.00076420,0.25140,135694703,66463708
2026-05-22T08:00:00Z,-0.00059577,0.24950,228002964,110766008
2026-05-22T16:00:00Z,-0.00078895,0.24220,411548446,185813312
2026-05-23T00:00:00Z,-0.00054143,0.23780,245108387,107036591
2026-05-23T08:00:00Z,-0.00057523,0.24210,248331590,126345629
2026-05-23T16:00:00Z,-0.00082132,0.24590,289933223,149563467
2026-05-24T00:00:00Z,-0.00050571,0.24520,115988960,57387670
2026-05-24T08:00:00Z,-0.00073962,0.24270,145520283,66085375
2026-05-24T16:00:00Z,-0.00106116,0.24200,156331820,73131838
2026-05-25T00:00:00Z,-0.00064962,0.24470,168087258,82419868
2026-05-25T08:00:00Z,-0.00088201,0.24580,179283481,91636235
2026-05-25T16:00:00Z,-0.00041607,0.24350,150962856,65680725
2026-05-26T00:00:00Z,-0.00021874,0.24110,198049053,103110606
2026-05-26T08:00:00Z,-0.00101900,0.24240,249190660,122214294
2026-05-26T16:00:00Z,-0.00035921,0.23990,219213169,114286912
2026-05-27T00:00:00Z,-0.00051538,0.24020,159529986,71328980
2026-05-27T08:00:00Z,-0.00064589,0.24120,245254721,119105280
2026-05-27T16:00:00Z,-0.00061050,0.23710,290655529,130290893
2026-05-28T00:00:00Z,-0.00036054,0.23130,435347751,184279052
2026-05-28T08:00:00Z,-0.00061972,0.23300,303205368,143248257
2026-05-28T16:00:00Z,-0.00066728,0.23480,213189758,104923517
2026-05-29T00:00:00Z,-0.00075591,0.23470,142156722,71133299
2026-05-29T08:00:00Z,-0.00032710,0.23560,292015584,144638413
2026-05-29T16:00:00Z,-0.00065145,0.23280,265089833,131146274
2026-05-30T00:00:00Z,-0.00063194,0.23500,261609064,128027469
2026-05-30T08:00:00Z,-0.00035731,0.23630,103439586,54092262
2026-05-30T16:00:00Z,-0.00015211,0.23580,109779437,54404220
2026-05-31T00:00:00Z,-0.00019444,0.23650,123798933,57610352
2026-05-31T08:00:00Z,-0.00040630,0.23370,192870126,90201678
2026-05-31T16:00:00Z,-0.00043983,0.23550,179576820,81392731
2026-06-01T00:00:00Z,-0.00048792,0.23090,266652813,127154609
2026-06-01T08:00:00Z,-0.00068539,0.22680,408329899,181747395
2026-06-01T16:00:00Z,-0.00061359,0.23090,233593226,110373715
2026-06-02T00:00:00Z,-0.00049892,0.22390,336984950,154907203
2026-06-02T08:00:00Z,-0.00035735,0.21530,557650696,245787125
2026-06-02T16:00:00Z,-0.00050936,0.21280,490902832,235345134
2026-06-03T00:00:00Z,-0.00012305,0.21700,349032356,170910477
2026-06-03T08:00:00Z,-0.00032756,0.21190,300333556,142712584
2026-06-03T16:00:00Z,-0.00054458,0.20020,542778642,265201474
2026-06-04T00:00:00Z,-0.00049807,0.19470,890038977,425518740
2026-06-04T08:00:00Z,-0.00126758,0.18870,700441796,354132139
2026-06-04T16:00:00Z,-0.00056783,0.17960,740010781,350186515
2026-06-05T00:00:00Z,0.00000000,0.16340,1682785825,792977342
2026-06-05T08:00:00Z,0.00000000,0.15720,1019645881,502738544
2026-06-05T16:00:00Z,-0.00059134,0.15650,832230054,419634975
2026-06-06T00:00:00Z,-0.00039376,0.15740,871974305,426283407
2026-06-06T08:00:00Z,-0.00059940,0.15840,675047343,340819635
2026-06-06T16:00:00Z,-0.00060615,0.15720,324133595,163895671
2026-06-07T00:00:00Z,-0.00108619,0.16210,416720169,219491338
2026-06-07T08:00:00Z,0.00000000,0.16210,537639685,268953290
2026-06-07T16:00:00Z,-0.00037683,0.16520,490343251,242312058
2026-06-08T00:00:00Z,-0.00012203,0.16370,303876351,154790386
2026-06-08T08:00:00Z,-0.00061118,0.16920,496647837,245239285
2026-06-08T16:00:00Z,-0.00013237,0.17020,360843238,177652040
2026-06-09T00:00:00Z,-0.00026923,0.17010,330122452,160485945
2026-06-09T08:00:00Z,-0.00137639,0.16300,382803117,183735498
2026-06-09T16:00:00Z,-0.00057641,0.16520,382603729,186540424
2026-06-10T00:00:00Z,-0.00055538,0.16120,322212317,151552625
2026-06-10T08:00:00Z,0.00000000,0.16490,549268869,268417697
2026-06-10T16:00:00Z,-0.00121865,0.16050,496354676,247258545
2026-06-11T00:00:00Z,-0.00007719,0.16660,359706452,191414115
2026-06-11T08:00:00Z,0.00000000,0.16600,319169540,160738937
2026-06-11T16:00:00Z,-0.00005126,0.17060,376626588,187849335
2026-06-12T00:00:00Z,-0.00097626,0.16890,276528936,141926738
2026-06-12T08:00:00Z,0.00000000,0.17030,444157415,227924925
2026-06-12T16:00:00Z,-0.00021287,0.16960,291192079,153251440
2026-06-13T00:00:00Z,-0.00021620,0.17300,303675054,156818815
2026-06-13T08:00:00Z,-0.00046665,0.17480,192677947,96285777
2026-06-13T16:00:00Z,-0.00078493,0.17160,214185165,108931229
2026-06-14T00:00:00Z,-0.00057607,0.17090,179572770,88870288
2026-06-14T08:00:00Z,-0.00059265,0.16680,313623645,141710127
2026-06-14T16:00:00Z,-0.00040574,0.18290,537366699,275599258
2026-06-15T00:00:00Z,-0.00077590,0.18000,427311037,205143115
2026-06-15T08:00:00Z,-0.00044522,0.18870,502216116,260553999
2026-06-15T16:00:00Z,-0.00076130,0.17830,491307395,241944428
2026-06-16T00:00:00Z,-0.00013442,0.17860,272681264,138840867
2026-06-16T08:00:00Z,-0.00083746,0.17390,394030613,199423645
2026-06-16T16:00:00Z,-0.00052197,0.17230,377190467,174217241
2026-06-17T00:00:00Z,-0.00046204,0.17110,291695705,147847724
2026-06-17T08:00:00Z,-0.00059038,0.17120,395057631,195796150
2026-06-17T16:00:00Z,-0.00035845,0.16670,592868203,272130642
2026-06-18T00:00:00Z,-0.00087130,0.16660,238202025,123135144
2026-06-18T08:00:00Z,-0.00059438,0.16020,398337110,179585126
2026-06-18T16:00:00Z,-0.00055394,0.16360,251238841,123576160
2026-06-19T00:00:00Z,-0.00061214,0.15940,299126359,140946544
2026-06-19T08:00:00Z,0.00000000,0.16170,231189466,117853896
2026-06-19T16:00:00Z,-0.00078463,0.16190,175280823,83912043
2026-06-20T00:00:00Z,-0.00049541,0.16290,165588119,91764150
2026-06-20T08:00:00Z,-0.00089385,0.16210,231129256,118041634
2026-06-20T16:00:00Z,-0.00088335,0.16310,139722332,71813537
2026-06-21T00:00:00Z,-0.00040651,0.16150,163978419,76068516
2026-06-21T08:00:00Z,-0.00028932,0.16220,180971223,89770987
2026-06-21T16:00:00Z,-0.00079707,0.15640,343222401,159627904
2026-06-22T00:00:00Z,-0.00035538,0.16170,289641033,146374587
2026-06-22T08:00:00Z,-0.00056473,0.15930,312282171,162932218
2026-06-22T16:00:00Z,-0.00109614,0.15840,221501919,106212907
2026-06-23T00:00:00Z,-0.00017649,0.15460,325579005,148780385
2026-06-23T08:00:00Z,-0.00074744,0.15080,482725764,223587206
2026-06-23T16:00:00Z,-0.00053565,0.15140,244994583,128806548
2026-06-24T00:00:00Z,-0.00020309,0.15040,237916504,121716012
2026-06-24T08:00:00Z,-0.00040367,0.14370,733848886,326988649
2026-06-24T16:00:00Z,-0.00069129,0.14760,679100260,340343523
2026-06-25T00:00:00Z,-0.00014888,0.14980,244356944,128629178
2026-06-25T08:00:00Z,-0.00063756,0.14320,624024941,301139043
2026-06-25T16:00:00Z,0.00000000,0.14380,302595965,146685874
2026-06-26T00:00:00Z,-0.00018737,0.14660,432851785,210227714
2026-06-26T08:00:00Z,-0.00070686,0.14790,412572143,207624347
2026-06-26T16:00:00Z,0.00000000,0.14840,273451655,140118809
2026-06-27T00:00:00Z,-0.00034501,0.14760,143612946,81191204
2026-06-27T08:00:00Z,-0.00050078,0.14880,150641053,82169015
2026-06-27T16:00:00Z,-0.00060491,0.14520,230078792,110332047
2026-06-28T00:00:00Z,-0.00023109,0.14520,117299584,57953368
2026-06-28T08:00:00Z,-0.00005877,0.14450,132783729,65147699
2026-06-28T16:00:00Z,-0.00039346,0.14370,247997135,114723000
2026-06-29T00:00:00Z,-0.00055814,0.14490,201777053,102225684
2026-06-29T08:00:00Z,-0.00025590,0.14540,311917469,156681074
2026-06-29T16:00:00Z,-0.00049348,0.14570,203838111,111636668
2026-06-30T00:00:00Z,-0.00027331,0.14490,143746086,71915129
2026-06-30T08:00:00Z,-0.00027602,0.14420,287252949,136025929
2026-06-30T16:00:00Z,-0.00054636,0.14420,209707461,109302997
2026-07-01T00:00:00Z,-0.00017942,0.15000,658235348,327888623
2026-07-01T08:00:00Z,-0.00050177,0.15510,528954083,271039318
2026-07-01T16:00:00Z,-0.00015758,0.15390,320198177,162352838
2026-07-02T00:00:00Z,0.00000000,0.15500,279825024,146389922
2026-07-02T08:00:00Z,-0.00038802,0.16070,456958792,234488649
2026-07-02T16:00:00Z,0.00000000,0.16140,267252122,140406306
2026-07-03T00:00:00Z,-0.00007004,0.16500,421358708,208267200
2026-07-03T08:00:00Z,-0.00013384,0.17340,405281730,200167600
2026-07-03T16:00:00Z,0.00000000,0.17980,755110024,384475433
2026-07-04T00:00:00Z,-0.00014828,0.17580,316679931,162997198
2026-07-04T08:00:00Z,-0.00014363,0.19090,522533843,279853270
2026-07-04T16:00:00Z,-0.00044032,0.19200,890777916,452542796
2026-07-05T00:00:00Z,-0.00070875,0.19280,486974371,242621537
2026-07-05T08:00:00Z,-0.00048852,0.18900,440099201,213053604
2026-07-05T16:00:00Z,-0.00019088,0.18950,340938143,175125603
2026-07-06T00:00:00Z,-0.00016352,0.18410,353499776,162639696
2026-07-06T08:00:00Z,-0.00027699,0.18580,650784676,337761981
2026-07-06T16:00:00Z,-0.00022152,0.18400,377911686,181866275
2026-07-07T00:00:00Z,-0.00065757,0.17950,271297353,126338128
2026-07-07T08:00:00Z,-0.00044492,0.17710,415430177,217800385
2026-07-07T16:00:00Z,0.00000000,0.17450,269742055,135011028
2026-07-08T00:00:00Z,-0.00000197,0.16940,326677575,152715003
2026-07-08T08:00:00Z,-0.00076423,0.16550,428924006,217418354
2026-07-08T16:00:00Z,-0.00061662,0.16690,180830738,95829588
2026-07-09T00:00:00Z,-0.00028811,0.16810,208536167,108160383
2026-07-09T08:00:00Z,-0.00043731,0.16660,308366657,146535245
2026-07-09T16:00:00Z,-0.00049038,0.16650,223874541,109134235
2026-07-10T00:00:00Z,-0.00030931,0.16650,253361224,134159205
2026-07-10T08:00:00Z,-0.00096869,0.16640,340317117,164447824
2026-07-10T16:00:00Z,-0.00015656,0.16650,140648298,71419682
2026-07-11T00:00:00Z,-0.00032000,0.16770,95479671,47895442
2026-07-11T08:00:00Z,-0.00038712,0.16770,57444572,28446096
