timestamp,premium,close,volume,taker_buy_volume
2023-03-23T08:00:00Z,-0.00204867,1.325500,191274266.7,91812901.9
2023-03-23T16:00:00Z,0.00241412,1.322900,824817544.0,405258926.5
2023-03-24T00:00:00Z,0.00055161,1.483700,401366570.8,202886240.1
2023-03-24T08:00:00Z,0.00003978,1.377000,830991814.1,400986176.8
2023-03-24T16:00:00Z,0,1.272500,643082870.1,308974196.6
2023-03-25T00:00:00Z,0,1.233900,352917916.5,169948973.5
2023-03-25T08:00:00Z,-0.00058060,1.253800,422871085.3,209081564.1
2023-03-25T16:00:00Z,-0.00026476,1.218000,313907478.9,150087262.2
2023-03-26T00:00:00Z,-0.00065703,1.262000,213978065.1,105048920.2
2023-03-26T08:00:00Z,0,1.303000,518192005.2,260373582.7
2023-03-26T16:00:00Z,-0.00028382,1.281600,259237009.1,124735375.1
2023-03-27T00:00:00Z,-0.00049825,1.257200,259528026.0,125379577.5
2023-03-27T08:00:00Z,-0.00089063,1.204400,413577024.7,194831455.8
2023-03-27T16:00:00Z,-0.00066453,1.164500,407444153.5,193903326.7
2023-03-28T00:00:00Z,-0.00071486,1.140800,254400165.2,122006301.8
2023-03-28T08:00:00Z,-0.00057542,1.172100,308241314.0,152746541.0
2023-03-28T16:00:00Z,0,1.220200,289077477.7,146289669.8
2023-03-29T00:00:00Z,-0.00025592,1.257600,243718454.5,119852510.9
2023-03-29T08:00:00Z,-0.00050175,1.215100,286735914.9,134636059.9
2023-03-29T16:00:00Z,-0.00005811,1.225200,148171957.5,74189147.1
2023-03-30T00:00:00Z,-0.00018072,1.368600,697602071.2,352198261.3
2023-03-30T08:00:00Z,-0.00013009,1.332300,632690161.2,302663120.5
2023-03-30T16:00:00Z,-0.00039261,1.379800,354923644.2,176800138.9
2023-03-31T00:00:00Z,-0.00059864,1.356300,507306104.9,250639009.4
2023-03-31T08:00:00Z,-0.00023798,1.369600,390586248.6,192117220.3
2023-03-31T16:00:00Z,0.00013950,1.389900,170723647.5,86561501.4
2023-04-01T00:00:00Z,0,1.334800,200048695.5,90453640.3
2023-04-01T08:00:00Z,-0.00018618,1.291100,216054024.4,97000311.5
2023-04-01T16:00:00Z,-0.00031979,1.292800,169531195.5,81603815.6
2023-04-02T00:00:00Z,-0.00016404,1.263800,178407129.4,80192816.1
2023-04-02T08:00:00Z,-0.00100339,1.183800,467517702.1,221170427.6
2023-04-02T16:00:00Z,-0.00103629,1.200400,530023027.6,259928931.8
2023-04-03T00:00:00Z,-0.00065888,1.216100,354038257.8,175890138.9
2023-04-03T08:00:00Z,-0.00043873,1.175700,315228590.8,149182494.5
2023-04-03T16:00:00Z,-0.00008950,1.152100,390690753.1,182757303.9
2023-04-04T00:00:00Z,-0.00014744,1.173200,177817223.2,87751162.8
2023-04-04T08:00:00Z,-0.00073229,1.231500,294063209.7,147646144.9
2023-04-04T16:00:00Z,-0.00003307,1.233700,220714191.8,109750727.2
2023-04-05T00:00:00Z,-0.00043559,1.267300,211714734.2,105167426.8
2023-04-05T08:00:00Z,-0.00036795,1.228300,219124820.7,104909063.0
2023-04-05T16:00:00Z,-0.00013833,1.241800,166052371.2,81375120.5
2023-04-06T00:00:00Z,-0.00080619,1.199200,123979423.2,56681892.3
2023-04-06T08:00:00Z,-0.00030329,1.208700,172849317.5,84462406.8
2023-04-06T16:00:00Z,-0.00030206,1.214500,79875741.0,37569381.7
2023-04-07T00:00:00Z,-0.00027674,1.198000,156975925.5,74787611.5
2023-04-07T08:00:00Z,-0.00035470,1.199200,121676134.4,58418879.8
2023-04-07T16:00:00Z,-0.00029910,1.196300,58964557.0,27398148.0
2023-04-08T00:00:00Z,-0.00042367,1.204100,68357428.1,32760540.5
2023-04-08T08:00:00Z,-0.00009495,1.187500,82657143.9,37894430.4
2023-04-08T16:00:00Z,-0.00026432,1.161500,114505585.1,52079098.9
2023-04-09T00:00:00Z,-0.00023601,1.162300,83585809.0,39546875.2
2023-04-09T08:00:00Z,-0.00077736,1.155400,114905038.7,55236643.6
2023-04-09T16:00:00Z,-0.00045291,1.180900,128832957.8,64385618.5
2023-04-10T00:00:00Z,0,1.174100,89967975.9,43063060.6
2023-04-10T08:00:00Z,-0.00081186,1.180000,105761812.3,52076194.1
2023-04-10T16:00:00Z,-0.00026500,1.242100,254469560.6,127992957.2
2023-04-11T00:00:00Z,-0.00012649,1.241000,149473846.8,73307291.5
2023-04-11T08:00:00Z,-0.00018127,1.230500,120849432.9,58423891.7
2023-04-11T16:00:00Z,-0.00021119,1.216400,110601906.6,51664535.1
2023-04-12T00:00:00Z,-0.00000168,1.175800,175682233.8,80072201.6
2023-04-12T08:00:00Z,-0.00003805,1.195700,211017878.9,101582783.2
2023-04-12T16:00:00Z,-0.00020799,1.192900,118046337.3,56091629.6
2023-04-13T00:00:00Z,-0.00041598,1.245100,150872909.6,78960180.3
2023-04-13T08:00:00Z,0.00018312,1.332000,713933393.0,363819034.1
2023-04-13T16:00:00Z,0,1.368600,338476973.1,171074935.8
2023-04-14T00:00:00Z,0.00058678,1.523300,1125506486.2,562991098.6
2023-04-14T08:00:00Z,0.00062170,1.469500,832190777.1,407967234.8
2023-04-14T16:00:00Z,0.00083348,1.698400,1093800510.0,559703375.8
2023-04-15T00:00:00Z,0.00032517,1.673300,498778728.2,241167761.1
2023-04-15T08:00:00Z,0,1.731100,550703012.7,272947852.2
2023-04-15T16:00:00Z,0.00101666,1.654800,611232041.2,294931027.6
2023-04-16T00:00:00Z,0.00021804,1.641400,385627376.2,188882370.8
2023-04-16T08:00:00Z,0.00042000,1.635200,336637163.1,160703043.2
2023-04-16T16:00:00Z,0.00063878,1.696900,403063062.4,199040249.5
2023-04-17T00:00:00Z,0.00070131,1.624700,356596507.8,171932146.2
2023-04-17T08:00:00Z,0,1.599800,356435411.5,169707268.1
2023-04-17T16:00:00Z,0.00055505,1.610000,228545286.9,110656986.6
2023-04-18T00:00:00Z,0.00135590,1.769300,615808870.8,314825456.9
2023-04-18T08:00:00Z,0.00034240,1.729600,516430478.1,249964160.1
2023-04-18T16:00:00Z,0.00048129,1.673900,469825819.5,225171195.8
2023-04-19T00:00:00Z,-0.00009699,1.637500,252576437.6,118292922.0
2023-04-19T08:00:00Z,-0.00037562,1.564500,727047645.0,341213146.8
2023-04-19T16:00:00Z,-0.00028107,1.488200,424393991.7,201803559.6
2023-04-20T00:00:00Z,-0.00050285,1.504800,338196031.0,164702386.6
2023-04-20T08:00:00Z,0.00000782,1.450000,516768446.0,249025529.8
2023-04-20T16:00:00Z,-0.00003407,1.441600,484382640.8,236721112.7
2023-04-21T00:00:00Z,-0.00076260,1.453300,332504634.2,161573328.7
2023-04-21T08:00:00Z,-0.00009838,1.462200,404396646.3,200597488.9
2023-04-21T16:00:00Z,-0.00029940,1.470900,666783089.8,330556345.3
2023-04-22T00:00:00Z,-0.00029386,1.472800,315271709.8,156900961.8
2023-04-22T08:00:00Z,-0.00076168,1.462900,401258113.3,193701566.0
2023-04-22T16:00:00Z,-0.00058850,1.464300,209633039.5,102918939.5
2023-04-23T00:00:00Z,-0.00098968,1.448400,175697109.3,85657025.4
2023-04-23T08:00:00Z,0.00008853,1.384400,323580645.8,148887829.5
2023-04-23T16:00:00Z,-0.00054876,1.339600,467006926.6,220423599.4
2023-04-24T00:00:00Z,-0.00000850,1.316300,316140621.1,152210440.9
2023-04-24T08:00:00Z,-0.00010982,1.315900,431008383.5,209635896.1
2023-04-24T16:00:00Z,-0.00036854,1.337600,263944934.8,131039842.2
2023-04-25T00:00:00Z,-0.00046844,1.299300,227019316.3,110369193.9
2023-04-25T08:00:00Z,-0.00049419,1.303900,345236856.3,171085037.6
2023-04-25T16:00:00Z,-0.00038195,1.378700,350311518.6,179070675.5
2023-04-26T00:00:00Z,-0.00042067,1.371600,202809452.6,99474214.2
2023-04-26T08:00:00Z,-0.00060198,1.479900,606168573.1,303475867.6
2023-04-26T16:00:00Z,-0.00072480,1.383400,644450550.8,309486268.1
2023-04-27T00:00:00Z,-0.00041331,1.410600,398166936.4,196404236.2
2023-04-27T08:00:00Z,-0.00089074,1.416000,351547995.7,171804464.9
2023-04-27T16:00:00Z,-0.00024455,1.422600,235454621.7,116494919.5
2023-04-28T00:00:00Z,-0.00007913,1.438800,132625212.2,66296614.9
2023-04-28T08:00:00Z,-0.00045172,1.378100,285492769.9,134508084.5
2023-04-28T16:00:00Z,-0.00044021,1.379500,153958484.8,75614110.9
2023-04-29T00:00:00Z,-0.00023904,1.382600,78731527.6,38502619.2
2023-04-29T08:00:00Z,-0.00038337,1.376100,110861514.1,53998809.0
2023-04-29T16:00:00Z,-0.00071222,1.366800,119297078.3,55648952.3
2023-04-30T00:00:00Z,-0.00036384,1.360100,72025536.9,34494252.0
2023-04-30T08:00:00Z,-0.00177281,1.402700,179268153.4,89415120.1
2023-04-30T16:00:00Z,-0.00137560,1.367300,180145493.4,85304842.1
2023-05-01T00:00:00Z,-0.00050185,1.349400,167183425.8,80581949.9
2023-05-01T08:00:00Z,-0.00036309,1.324700,142870681.1,67914623.1
2023-05-01T16:00:00Z,-0.00060860,1.317900,155657848.0,75397979.5
2023-05-02T00:00:00Z,-0.00094228,1.322100,82432253.0,41140347.2
2023-05-02T08:00:00Z,-0.00039975,1.335400,156745310.2,78016873.7
2023-05-02T16:00:00Z,-0.00058063,1.347700,115205005.1,57001259.2
2023-05-03T00:00:00Z,-0.00026148,1.327200,87645000.4,40798249.3
2023-05-03T08:00:00Z,-0.00035740,1.305700,141063919.4,67746949.7
2023-05-03T16:00:00Z,-0.00048882,1.342000,209832694.8,102666887.1
2023-05-04T00:00:00Z,-0.00002973,1.342600,90722465.2,45416211.2
2023-05-04T08:00:00Z,-0.00007609,1.316100,144254214.1,68621872.6
2023-05-04T16:00:00Z,-0.00009364,1.318100,94088017.7,47474468.2
2023-05-05T00:00:00Z,-0.00017044,1.322000,86473285.6,41521136.1
2023-05-05T08:00:00Z,-0.00047276,1.333200,190634576.9,91436543.0
2023-05-05T16:00:00Z,-0.00043213,1.355200,162679381.5,81067059.1
2023-05-06T00:00:00Z,-0.00022631,1.307500,125723047.7,59368543.9
2023-05-06T08:00:00Z,-0.00037690,1.230400,288093716.1,133308000.6
2023-05-06T16:00:00Z,-0.00042942,1.238900,133493303.2,65735079.6
2023-05-07T00:00:00Z,-0.00086017,1.246600,91063147.0,45156784.0
2023-05-07T08:00:00Z,-0.00032874,1.242200,106647292.6,52795627.3
2023-05-07T16:00:00Z,-0.00012650,1.218900,99519601.8,47839390.5
2023-05-08T00:00:00Z,-0.00010485,1.163500,230329642.6,105851973.5
2023-05-08T08:00:00Z,-0.00088768,1.176100,154783723.8,75115140.3
2023-05-08T16:00:00Z,-0.00045538,1.093900,389983780.0,178452418.1
2023-05-09T00:00:00Z,-0.00080563,1.108800,153176104.0,75989424.2
2023-05-09T08:00:00Z,-0.00028427,1.091200,150457275.4,71344912.5
2023-05-09T16:00:00Z,-0.00059781,1.102400,111428496.8,56559103.1
2023-05-10T00:00:00Z,0,1.123000,165577861.5,83682525.7
2023-05-10T08:00:00Z,-0.00020011,1.183800,307923800.1,152676279.2
2023-05-10T16:00:00Z,-0.00098180,1.169900,336888403.7,166321833.6
2023-05-11T00:00:00Z,-0.00025521,1.124600,145595551.4,67787946.7
2023-05-11T08:00:00Z,-0.00077755,1.101900,234951864.8,114487885.2
2023-05-11T16:00:00Z,-0.00042648,1.088100,215905359.7,104288156.8
2023-05-12T00:00:00Z,-0.00041669,1.111000,210068844.8,105083485.6
2023-05-12T08:00:00Z,-0.00051359,1.108400,203341033.0,102150960.6
2023-05-12T16:00:00Z,-0.00048094,1.171300,222723351.8,114189457.3
2023-05-13T00:00:00Z,-0.00065788,1.158100,92685003.5,47195914.6
2023-05-13T08:00:00Z,-0.00050378,1.166000,152207501.7,77073822.4
2023-05-13T16:00:00Z,-0.00059894,1.169100,88629723.7,43459366.1
2023-05-14T00:00:00Z,-0.00021526,1.168600,85374678.6,40939207.5
2023-05-14T08:00:00Z,-0.00021476,1.193900,120658091.6,61790956.4
2023-05-14T16:00:00Z,-0.00075455,1.169900,81423827.5,39253523.1
2023-05-15T00:00:00Z,0,1.221500,178867298.8,90237225.1
2023-05-15T08:00:00Z,-0.00029806,1.213800,131699690.2,64779450.7
2023-05-15T16:00:00Z,-0.00037675,1.187800,87549046.9,41725756.6
2023-05-16T00:00:00Z,-0.00020961,1.199700,120923114.6,60051096.3
2023-05-16T08:00:00Z,-0.00049165,1.177900,110354075.2,53847478.8
2023-05-16T16:00:00Z,-0.00026648,1.179600,66268132.6,31605540.2
2023-05-17T00:00:00Z,-0.00038612,1.170000,101238036.2,49414428.7
2023-05-17T08:00:00Z,-0.00041733,1.151200,145800947.6,69056475.1
2023-05-17T16:00:00Z,-0.00025797,1.197900,145138887.4,73330705.4
2023-05-18T00:00:00Z,0,1.200000,93789066.5,47555048.8
2023-05-18T08:00:00Z,-0.00008333,1.167600,118311041.5,56059965.2
2023-05-18T16:00:00Z,-0.00069276,1.155100,132687449.3,64028406.0
2023-05-19T00:00:00Z,-0.00028194,1.153100,70119085.7,34571067.0
2023-05-19T08:00:00Z,-0.00040514,1.158400,99524128.1,48001948.8
2023-05-19T16:00:00Z,-0.00056452,1.162800,61220633.3,30196832.1
2023-05-20T00:00:00Z,-0.00036572,1.159900,39662136.4,18836364.4
2023-05-20T08:00:00Z,-0.00040988,1.159700,39960113.8,19213293.1
2023-05-20T16:00:00Z,-0.00029703,1.163100,43173583.8,22079367.5
2023-05-21T00:00:00Z,-0.00014634,1.159800,35312426.3,16729751.1
2023-05-21T08:00:00Z,-0.00000518,1.139000,65481691.2,30367757.6
2023-05-21T16:00:00Z,-0.00061930,1.126700,81391538.0,37252962.7
2023-05-22T00:00:00Z,-0.00036999,1.119700,68118981.4,32999974.3
2023-05-22T08:00:00Z,-0.00021656,1.124900,86618461.6,41741789.9
2023-05-22T16:00:00Z,-0.00021994,1.125000,43261127.1,20893729.0
2023-05-23T00:00:00Z,-0.00055637,1.162500,114887300.0,58163507.6
2023-05-23T08:00:00Z,-0.00012973,1.172500,98368916.7,48469407.1
2023-05-23T16:00:00Z,-0.00028827,1.166300,45741372.1,22681215.5
2023-05-24T00:00:00Z,-0.00013827,1.120500,114912907.3,52813827.2
2023-05-24T08:00:00Z,-0.00024562,1.105500,142316195.1,66618908.2
2023-05-24T16:00:00Z,-0.00038924,1.108600,75595124.9,38180042.2
2023-05-25T00:00:00Z,-0.00031422,1.092300,101783631.8,47265121.8
2023-05-25T08:00:00Z,-0.00061428,1.096500,85483680.9,41065636.5
2023-05-25T16:00:00Z,-0.00059176,1.106000,55956094.4,27310547.4
2023-05-26T00:00:00Z,-0.00059373,1.134700,90748738.5,45838259.5
2023-05-26T08:00:00Z,-0.00038507,1.164700,253345582.6,128453510.8
2023-05-26T16:00:00Z,-0.00029151,1.157200,88964146.1,43726326.4
2023-05-27T00:00:00Z,-0.00031328,1.160300,83724792.6,42894463.2
2023-05-27T08:00:00Z,-0.00030683,1.164000,75358321.8,36976569.1
2023-05-27T16:00:00Z,-0.00062989,1.171400,54374879.5,27807322.1
2023-05-28T00:00:00Z,-0.00093014,1.201000,110048686.0,57629668.9
2023-05-28T08:00:00Z,-0.00000842,1.189500,84038749.3,40367028.2
2023-05-28T16:00:00Z,-0.00041855,1.247300,150848706.7,78783366.6
2023-05-29T00:00:00Z,-0.00045257,1.247200,137301345.7,67692626.4
2023-05-29T08:00:00Z,0.00037003,1.231700,103430959.7,49079967.5
2023-05-29T16:00:00Z,-0.00049978,1.225900,103956539.0,50514953.4
2023-05-30T00:00:00Z,-0.00106429,1.209100,72220332.7,34148621.9
2023-05-30T08:00:00Z,-0.00040210,1.229800,105086263.0,51395716.7
2023-05-30T16:00:00Z,-0.00058857,1.217400,74168264.0,36575982.0
2023-05-31T00:00:00Z,-0.00044514,1.166700,122084501.7,55412455.2
2023-05-31T08:00:00Z,-0.00044038,1.146000,105921145.0,50120907.7
2023-05-31T16:00:00Z,-0.00053680,1.159900,54612486.6,28187597.6
2023-06-01T00:00:00Z,-0.00062111,1.141200,79128685.0,36723987.6
2023-06-01T08:00:00Z,-0.00030719,1.153200,51321234.4,25934903.8
2023-06-01T16:00:00Z,-0.00047160,1.145300,56744165.5,26740014.7
2023-06-02T00:00:00Z,-0.00067930,1.187900,99685001.2,50649413.2
2023-06-02T08:00:00Z,0,1.246600,228740705.3,118506106.0
2023-06-02T16:00:00Z,-0.00021580,1.240300,79491469.9,39312393.2
2023-06-03T00:00:00Z,0,1.241600,65679963.9,33398542.9
2023-06-03T08:00:00Z,-0.00028873,1.241800,79722740.1,39921626.3
2023-06-03T16:00:00Z,-0.00049219,1.215200,72260642.9,32853954.8
2023-06-04T00:00:00Z,0,1.228300,47731829.1,23752820.3
2023-06-04T08:00:00Z,0.00001200,1.220900,50344318.5,23917641.8
2023-06-04T16:00:00Z,-0.00051891,1.206300,49155095.8,23242966.8
2023-06-05T00:00:00Z,-0.00042060,1.175200,124121370.2,58556288.5
2023-06-05T08:00:00Z,0.00189915,1.100800,132042327.6,57631416.4
2023-06-05T16:00:00Z,-0.00058584,1.134700,184855417.2,90225237.8
2023-06-06T00:00:00Z,-0.00037207,1.134800,97411545.7,47403564.0
2023-06-06T08:00:00Z,-0.00072504,1.165900,172074559.3,86075322.9
2023-06-06T16:00:00Z,-0.00023437,1.188900,110387060.1,54023357.3
2023-06-07T00:00:00Z,-0.00060757,1.169000,75684939.4,35269044.0
2023-06-07T08:00:00Z,-0.00027279,1.134800,133931493.6,66671262.5
2023-06-07T16:00:00Z,-0.00067132,1.125200,72814398.7,35492371.5
2023-06-08T00:00:00Z,-0.00043605,1.128100,75864890.5,39053357.1
2023-06-08T08:00:00Z,-0.00048430,1.141500,73205850.5,36514487.4
2023-06-08T16:00:00Z,-0.00065997,1.127900,41539641.3,19371903.5
2023-06-09T00:00:00Z,-0.00045925,1.132100,48846783.3,23431417.7
2023-06-09T08:00:00Z,-0.00068720,1.132000,66270713.8,32990370.8
2023-06-09T16:00:00Z,-0.00046593,1.131000,42844469.8,20143842.3
2023-06-10T00:00:00Z,-0.00078568,1.025900,326040764.2,152538805.1
2023-06-10T08:00:00Z,-0.00027590,0.971900,219564111.8,106074739.6
2023-06-10T16:00:00Z,-0.00082372,0.992400,198433092.7,96612115.5
2023-06-11T00:00:00Z,-0.00057969,0.999900,91241787.4,45596959.9
2023-06-11T08:00:00Z,-0.00074705,0.987900,94911304.3,45619620.1
2023-06-11T16:00:00Z,-0.00059225,0.991400,109832653.5,53661637.0
2023-06-12T00:00:00Z,-0.00075592,0.957800,125353459.4,59355347.4
2023-06-12T08:00:00Z,-0.00100035,0.977100,127412086.2,63535072.5
2023-06-12T16:00:00Z,-0.00037652,0.978200,81137918.5,39648871.7
2023-06-13T00:00:00Z,-0.00090138,1.007800,106609513.5,53762186.7
2023-06-13T08:00:00Z,-0.00000531,0.972500,191292248.9,90036568.1
2023-06-13T16:00:00Z,-0.00022860,0.992500,60927125.2,30694628.3
2023-06-14T00:00:00Z,-0.00069084,0.991000,60829987.4,30091000.1
2023-06-14T08:00:00Z,-0.00043271,0.993800,47338933.7,22636336.6
2023-06-14T16:00:00Z,-0.00072884,0.941200,191066123.2,88850102.0
2023-06-15T00:00:00Z,-0.00038681,0.919300,93993459.5,43293892.1
2023-06-15T08:00:00Z,0,0.924700,100070112.8,49421215.5
2023-06-15T16:00:00Z,-0.00065229,0.949600,108134020.1,54630493.2
2023-06-16T00:00:00Z,-0.00049383,0.954200,53190034.9,26415744.2
2023-06-16T08:00:00Z,-0.00055277,0.948100,101494739.6,47281896.7
2023-06-16T16:00:00Z,-0.00021714,0.974900,111536557.6,55734263.6
2023-06-17T00:00:00Z,-0.00024891,0.996300,87196792.0,44302350.5
2023-06-17T08:00:00Z,-0.00016629,0.985800,60168656.9,28297270.8
2023-06-17T16:00:00Z,-0.00033833,0.993700,36517033.6,19024645.3
2023-06-18T00:00:00Z,-0.00032790,1.002900,61743539.2,30761361.0
2023-06-18T08:00:00Z,-0.00028715,1.012600,72706843.1,37123097.0
2023-06-18T16:00:00Z,-0.00019276,0.993800,89214371.8,42282398.3
2023-06-19T00:00:00Z,-0.00006116,1.003000,51987526.9,26102038.6
2023-06-19T08:00:00Z,-0.00028012,0.994700,70879918.3,34575915.9
2023-06-19T16:00:00Z,-0.00043537,1.006900,97103657.7,49179573.0
2023-06-20T00:00:00Z,-0.00064073,1.007300,70702910.7,35322234.2
2023-06-20T08:00:00Z,-0.00054186,1.005500,78895876.1,38251972.8
2023-06-20T16:00:00Z,-0.00022707,1.083000,208895823.8,106473357.1
2023-06-21T00:00:00Z,-0.00081299,1.094000,128936102.0,63718293.7
2023-06-21T08:00:00Z,-0.00079666,1.109000,180877773.2,90926139.7
2023-06-21T16:00:00Z,-0.00049269,1.140200,177289734.1,86120554.2
2023-06-22T00:00:00Z,-0.00044809,1.147500,121812959.3,58999592.6
2023-06-22T08:00:00Z,-0.00037276,1.106600,150374793.6,69973908.1
2023-06-22T16:00:00Z,-0.00090190,1.086800,64285019.0,30050210.3
2023-06-23T00:00:00Z,-0.00045827,1.114500,59072608.5,29968389.0
2023-06-23T08:00:00Z,-0.00143662,1.144800,117277672.2,58034974.7
2023-06-23T16:00:00Z,-0.00034355,1.134500,113622129.5,55506679.5
2023-06-24T00:00:00Z,-0.00031642,1.106500,61801412.3,28930586.6
2023-06-24T08:00:00Z,-0.00083689,1.065100,82598733.4,37965375.6
2023-06-24T16:00:00Z,-0.00031973,1.079300,61054043.1,30333726.3
2023-06-25T00:00:00Z,-0.00048793,1.121100,97264493.2,48029969.9
2023-06-25T08:00:00Z,-0.00044157,1.094800,94122592.7,44757058.8
2023-06-25T16:00:00Z,-0.00082802,1.112900,53491796.3,26735035.4
2023-06-26T00:00:00Z,0,1.145000,167696161.9,82909545.5
2023-06-26T08:00:00Z,-0.00014381,1.162700,170354162.0,84653536.5
2023-06-26T16:00:00Z,-0.00054877,1.139000,127639081.6,60616141.4
2023-06-27T00:00:00Z,-0.00011374,1.206000,215034070.6,110529211.2
2023-06-27T08:00:00Z,-0.00040710,1.207800,175177683.9,85242796.5
2023-06-27T16:00:00Z,-0.00062378,1.206100,132151717.9,64075180.8
2023-06-28T00:00:00Z,-0.00010033,1.145000,149316916.5,67797007.1
2023-06-28T08:00:00Z,-0.00035066,1.158400,126429488.1,62452079.9
2023-06-28T16:00:00Z,-0.00039879,1.120400,146852158.0,69570783.8
2023-06-29T00:00:00Z,-0.00078856,1.146900,71798386.0,35734027.9
2023-06-29T08:00:00Z,-0.00040247,1.137100,136146679.4,65577602.6
2023-06-29T16:00:00Z,-0.00065223,1.128700,74837332.8,35453980.1
2023-06-30T00:00:00Z,-0.00040848,1.168300,156451328.6,78310220.5
2023-06-30T08:00:00Z,-0.00021938,1.110100,219007515.4,102909855.2
2023-06-30T16:00:00Z,-0.00004797,1.163500,141503876.8,70250952.0
2023-07-01T00:00:00Z,-0.00048633,1.153000,68598789.1,32368742.8
2023-07-01T08:00:00Z,-0.00026060,1.152700,65734763.7,32242347.5
2023-07-01T16:00:00Z,-0.00026701,1.151200,40238330.1,19495968.6
2023-07-02T00:00:00Z,-0.00001591,1.134800,67536598.3,32187211.5
2023-07-02T08:00:00Z,-0.00069946,1.138000,63070585.1,29789943.1
2023-07-02T16:00:00Z,-0.00000014,1.150900,62722989.6,30342557.0
2023-07-03T00:00:00Z,-0.00026548,1.169300,76064376.9,38278888.8
2023-07-03T08:00:00Z,-0.00064993,1.180300,99062382.6,48614296.3
2023-07-03T16:00:00Z,-0.00025398,1.168900,70233332.7,33531347.6
2023-07-04T00:00:00Z,-0.00058911,1.165500,89642121.9,44727711.5
2023-07-04T08:00:00Z,-0.00023945,1.165800,61364381.0,30652057.8
2023-07-04T16:00:00Z,-0.00006421,1.148000,62804517.2,30628472.7
2023-07-05T00:00:00Z,-0.00014002,1.149500,42048176.5,21064983.7
2023-07-05T08:00:00Z,-0.00047154,1.096900,130924246.1,60027553.1
2023-07-05T16:00:00Z,-0.00055932,1.111200,45893341.3,23202940.7
2023-07-06T00:00:00Z,-0.00055709,1.124300,61659548.8,31055077.0
2023-07-06T08:00:00Z,-0.00051337,1.099600,153184355.9,73895493.7
2023-07-06T16:00:00Z,-0.00032993,1.067400,61629626.9,28183485.9
2023-07-07T00:00:00Z,-0.00043630,1.095300,89298474.4,46699466.9
2023-07-07T08:00:00Z,-0.00063899,1.117000,113091603.5,57880023.5
2023-07-07T16:00:00Z,-0.00037567,1.131200,72452830.6,36930378.0
2023-07-08T00:00:00Z,-0.00058180,1.134500,55102564.9,26857940.1
2023-07-08T08:00:00Z,-0.00035901,1.125300,65005265.8,31554401.8
2023-07-08T16:00:00Z,-0.00042456,1.124100,36765872.7,17410469.6
2023-07-09T00:00:00Z,-0.00042780,1.136900,57668294.1,28992922.5
2023-07-09T08:00:00Z,-0.00045957,1.132200,42163024.0,20527992.0
2023-07-09T16:00:00Z,-0.00022453,1.124000,46246603.5,21965282.4
2023-07-10T00:00:00Z,-0.00011207,1.111400,62447338.0,29894505.2
2023-07-10T08:00:00Z,-0.00049457,1.118900,65192423.4,31786644.9
2023-07-10T16:00:00Z,-0.00019698,1.118900,68069227.1,33505720.8
2023-07-11T00:00:00Z,-0.00037911,1.132000,29842711.5,15214725.2
2023-07-11T08:00:00Z,-0.00050036,1.118300,57754296.8,27221994.0
2023-07-11T16:00:00Z,-0.00066745,1.126700,27287401.7,13772748.6
2023-07-12T00:00:00Z,-0.00019146,1.130400,29491433.9,14574105.1
2023-07-12T08:00:00Z,-0.00062884,1.123600,94859824.7,47294882.7
2023-07-12T16:00:00Z,-0.00055833,1.121200,38930140.7,18282526.7
2023-07-13T00:00:00Z,-0.00013500,1.122300,27928395.0,13885600.3
2023-07-13T08:00:00Z,0.00029440,1.160000,89372084.6,46575846.6
2023-07-13T16:00:00Z,0.00033812,1.224300,203159033.2,102579712.4
2023-07-14T00:00:00Z,0,1.221500,102123701.9,50569594.2
2023-07-14T08:00:00Z,0.00184971,1.275700,151737143.7,79087799.6
2023-07-14T16:00:00Z,0,1.214400,280943804.8,134676786.9
2023-07-15T00:00:00Z,-0.00055810,1.276600,108680680.3,55688921.0
2023-07-15T08:00:00Z,-0.00038564,1.277300,211445049.0,103569026.7
2023-07-15T16:00:00Z,0.00000376,1.271000,86136517.3,42473595.8
2023-07-16T00:00:00Z,-0.00021718,1.265300,95632955.1,45295115.6
2023-07-16T08:00:00Z,-0.00035608,1.284900,107948896.7,53840389.3
2023-07-16T16:00:00Z,-0.00057154,1.270700,80705388.3,38767160.0
2023-07-17T00:00:00Z,-0.00023576,1.318300,180769393.0,91623174.1
2023-07-17T08:00:00Z,-0.00052047,1.292100,152172485.5,71902980.6
2023-07-17T16:00:00Z,-0.00061513,1.304500,106896944.2,51102069.8
2023-07-18T00:00:00Z,-0.00021294,1.283900,102140569.5,50188217.7
2023-07-18T08:00:00Z,-0.00083885,1.251700,166381564.5,78519171.1
2023-07-18T16:00:00Z,-0.00053542,1.244400,71974125.0,34361510.1
2023-07-19T00:00:00Z,-0.00064749,1.255300,66864361.4,32394134.7
2023-07-19T08:00:00Z,-0.00058172,1.269000,85536570.8,41520569.5
2023-07-19T16:00:00Z,-0.00036836,1.265900,96498400.1,47317993.0
2023-07-20T00:00:00Z,-0.00010541,1.277400,60648499.1,30041399.0
2023-07-20T08:00:00Z,-0.00076157,1.263300,140568542.6,67854224.8
2023-07-20T16:00:00Z,-0.00061978,1.260800,51598018.9,24586707.1
2023-07-21T00:00:00Z,-0.00026123,1.260900,78688324.3,38877306.2
2023-07-21T08:00:00Z,-0.00076610,1.249300,71534261.3,33923154.3
2023-07-21T16:00:00Z,-0.00020123,1.232700,53160434.9,24758266.1
2023-07-22T00:00:00Z,-0.00047656,1.248200,29259014.0,14677260.0
2023-07-22T08:00:00Z,-0.00045404,1.241500,30122725.2,14227110.3
2023-07-22T16:00:00Z,-0.00058765,1.225200,40070993.0,18316377.7
2023-07-23T00:00:00Z,-0.00023914,1.235500,36173082.2,17685776.4
2023-07-23T08:00:00Z,-0.00055494,1.236500,23415490.5,11134862.8
2023-07-23T16:00:00Z,-0.00037358,1.250600,54548243.5,26349688.7
2023-07-24T00:00:00Z,0.00003265,1.230200,45327588.5,20494153.8
2023-07-24T08:00:00Z,-0.00049365,1.178400,95728193.6,43019397.0
2023-07-24T16:00:00Z,-0.00054228,1.185600,25658333.3,13717530.8
2023-07-25T00:00:00Z,-0.00032868,1.177000,26398755.0,12690556.7
2023-07-25T08:00:00Z,-0.00028168,1.166000,64515581.9,29126623.3
2023-07-25T16:00:00Z,-0.00073526,1.168000,25610920.0,12704882.5
2023-07-26T00:00:00Z,-0.00062691,1.161000,38748066.0,17980980.4
2023-07-26T08:00:00Z,-0.00086519,1.179100,42753895.7,20802688.5
2023-07-26T16:00:00Z,-0.00052649,1.196900,61597247.3,30068518.0
2023-07-27T00:00:00Z,-0.00063487,1.196300,29345978.8,14739227.4
2023-07-27T08:00:00Z,-0.00041457,1.183400,39695141.2,18492730.6
2023-07-27T16:00:00Z,-0.00034080,1.172300,29647806.4,13582482.9
2023-07-28T00:00:00Z,-0.00066456,1.158500,36425893.9,16833048.7
2023-07-28T08:00:00Z,-0.00062738,1.173800,32906910.5,17061666.6
2023-07-28T16:00:00Z,-0.00049785,1.173000,19130647.6,9182910.7
2023-07-29T00:00:00Z,-0.00052930,1.174400,13091463.7,6256998.4
2023-07-29T08:00:00Z,-0.00042718,1.173600,14005788.9,6526348.1
2023-07-29T16:00:00Z,-0.00052064,1.181500,16794304.4,8762749.6
2023-07-30T00:00:00Z,-0.00054960,1.179900,24259490.3,12368959.4
2023-07-30T08:00:00Z,-0.00060642,1.175300,29070666.2,14060306.7
2023-07-30T16:00:00Z,-0.00074845,1.157500,46750421.3,21740444.0
2023-07-31T00:00:00Z,-0.00020489,1.168300,37762318.9,19625068.0
2023-07-31T08:00:00Z,-0.00026635,1.169500,61388930.3,29731869.7
2023-07-31T16:00:00Z,-0.00020253,1.168900,40905639.5,19484496.7
2023-08-01T00:00:00Z,-0.00060211,1.146000,62917115.0,28919483.5
2023-08-01T08:00:00Z,-0.00031006,1.140800,52458961.5,24772547.8
2023-08-01T16:00:00Z,-0.00056617,1.162100,47607449.0,23806373.7
2023-08-02T00:00:00Z,-0.00023966,1.148600,47072117.2,22399173.9
2023-08-02T08:00:00Z,-0.00036479,1.140400,47945543.1,22849196.4
2023-08-02T16:00:00Z,-0.00026404,1.132700,39641014.6,19146555.7
2023-08-03T00:00:00Z,-0.00026002,1.126000,33709423.8,15232010.9
2023-08-03T08:00:00Z,-0.00048262,1.139900,48016593.1,24424047.3
2023-08-03T16:00:00Z,-0.00037565,1.128600,42545805.1,18993974.3
2023-08-04T00:00:00Z,-0.00033713,1.144600,33459906.5,16382289.8
2023-08-04T08:00:00Z,-0.00021062,1.158300,53888799.2,26635932.6
2023-08-04T16:00:00Z,-0.00042991,1.157200,53736411.2,25500450.8
2023-08-05T00:00:00Z,-0.00019957,1.151900,27611018.2,12581674.7
2023-08-05T08:00:00Z,-0.00050746,1.138100,33605578.3,15713821.7
2023-08-05T16:00:00Z,-0.00028919,1.136700,20230020.4,9670564.3
2023-08-06T00:00:00Z,-0.00050680,1.141800,23124531.8,12574555.7
2023-08-06T08:00:00Z,-0.00006743,1.132700,28043155.5,12867286.3
2023-08-06T16:00:00Z,-0.00025639,1.138000,21116429.3,10611814.6
2023-08-07T00:00:00Z,-0.00030873,1.141600,36665141.1,17302863.7
2023-08-07T08:00:00Z,-0.00039769,1.127500,41145863.2,18300462.4
2023-08-07T16:00:00Z,-0.00028907,1.134200,53786619.6,26148845.0
2023-08-08T00:00:00Z,-0.00035968,1.138300,32617993.0,15977195.4
2023-08-08T08:00:00Z,-0.00074159,1.144400,46530329.0,22328463.4
2023-08-08T16:00:00Z,-0.00055447,1.159400,55519950.2,28519140.8
2023-08-09T00:00:00Z,-0.00049256,1.171900,45003287.4,21850808.5
2023-08-09T08:00:00Z,-0.00041311,1.182800,66458565.0,32853105.4
2023-08-09T16:00:00Z,-0.00002956,1.176100,67753003.1,33268315.3
2023-08-10T00:00:00Z,-0.00017704,1.172500,34435809.9,17459819.7
2023-08-10T08:00:00Z,-0.00036315,1.168200,45200081.0,21682334.2
2023-08-10T16:00:00Z,-0.00027230,1.159800,25300602.1,11752544.5
2023-08-11T00:00:00Z,-0.00058689,1.157100,20122786.4,9872150.2
2023-08-11T08:00:00Z,-0.00017015,1.153900,20488125.5,10142131.2
2023-08-11T16:00:00Z,-0.00027460,1.158500,11436322.5,5525802.9
2023-08-12T00:00:00Z,-0.00025320,1.157400,9482083.3,4223513.1
2023-08-12T08:00:00Z,-0.00029361,1.163100,16817824.8,8454310.4
2023-08-12T16:00:00Z,-0.00013182,1.163600,12044473.5,5560969.6
2023-08-13T00:00:00Z,-0.00030225,1.162800,11032467.4,4907731.6
2023-08-13T08:00:00Z,-0.00018534,1.154000,20740713.0,9280470.3
2023-08-13T16:00:00Z,-0.00074533,1.140300,23152667.0,10685481.5
2023-08-14T00:00:00Z,-0.00034918,1.143300,28685783.2,15064837.9
2023-08-14T08:00:00Z,-0.00012841,1.148900,24528530.7,12323511.2
2023-08-14T16:00:00Z,-0.00030602,1.141400,20428286.6,9643036.9
2023-08-15T00:00:00Z,-0.00011983,1.140700,14452788.3,6764367.1
2023-08-15T08:00:00Z,-0.00020471,1.151100,63251771.2,32219434.1
2023-08-15T16:00:00Z,-0.00072332,1.129500,80746777.3,36864450.7
2023-08-16T00:00:00Z,-0.00039804,1.120500,36427554.6,17427277.8
2023-08-16T08:00:00Z,-0.00004123,1.080900,92488088.5,41035524.9
2023-08-16T16:00:00Z,-0.00042152,1.048700,96625528.6,44685565.7
2023-08-17T00:00:00Z,-0.00028508,1.056700,43762832.4,20701947.4
2023-08-17T08:00:00Z,0.00111993,1.023300,79880114.2,38310497.0
2023-08-17T16:00:00Z,-0.00104619,0.983600,171770418.8,78739057.4
2023-08-18T00:00:00Z,-0.00038755,1.021200,56876789.9,28259927.5
2023-08-18T08:00:00Z,-0.00021175,0.994000,56481026.6,26400257.2
2023-08-18T16:00:00Z,-0.00017356,1.006500,39186274.9,19774389.9
2023-08-19T00:00:00Z,-0.00081176,1.011800,23656276.4,11422174.7
2023-08-19T08:00:00Z,-0.00046625,1.022100,23281979.7,11514605.6
2023-08-19T16:00:00Z,-0.00050482,1.020400,24667112.4,12093593.7
2023-08-20T00:00:00Z,-0.00064746,1.021800,14302431.8,6434547.4
2023-08-20T08:00:00Z,-0.00018327,1.029600,30717951.9,14556545.1
2023-08-20T16:00:00Z,-0.00052613,1.028500,17256586.9,7901864.9
2023-08-21T00:00:00Z,-0.00025555,1.016300,26946308.5,12511611.6
2023-08-21T08:00:00Z,-0.00094074,0.985300,66788356.1,30886002.8
2023-08-21T16:00:00Z,-0.00055690,0.993600,29155997.7,14384244.6
2023-08-22T00:00:00Z,-0.00073012,1.000400,21896106.7,11582018.2
2023-08-22T08:00:00Z,-0.00036178,0.976000,49794808.6,22796486.7
2023-08-22T16:00:00Z,-0.00061532,0.981200,93415373.9,44804986.2
2023-08-23T00:00:00Z,-0.00016772,0.988300,35953474.4,17341767.4
2023-08-23T08:00:00Z,-0.00053586,0.999300,43153344.1,21256549.1
2023-08-23T16:00:00Z,-0.00089494,1.008200,55953554.4,26522414.7
2023-08-24T00:00:00Z,-0.00032433,1.011900,18157276.2,9277471.3
2023-08-24T08:00:00Z,-0.00063018,0.976600,46384126.6,19874325.5
2023-08-24T16:00:00Z,-0.00089408,0.980400,36751249.4,17944568.2
2023-08-25T00:00:00Z,-0.00051980,0.954700,41308223.4,18499998.9
2023-08-25T08:00:00Z,-0.00071857,0.939100,57848059.8,27827956.6
2023-08-25T16:00:00Z,-0.00045732,0.948700,36370132.7,19381387.9
2023-08-26T00:00:00Z,-0.00046484,0.946200,21131684.0,10099914.2
2023-08-26T08:00:00Z,-0.00014242,0.948300,28108412.3,14013979.6
2023-08-26T16:00:00Z,-0.00045383,0.950100,16524737.1,7834310.2
2023-08-27T00:00:00Z,-0.00019090,0.953600,22119940.4,11410296.6
2023-08-27T08:00:00Z,-0.00002201,0.958300,30967316.0,15252666.4
2023-08-27T16:00:00Z,-0.00050081,0.958100,25059657.9,11900810.1
2023-08-28T00:00:00Z,-0.00041368,0.941000,38498519.8,17824675.5
2023-08-28T08:00:00Z,-0.00030533,0.941400,55459136.6,27537645.7
2023-08-28T16:00:00Z,-0.00112519,0.949200,28729173.0,13753294.2
2023-08-29T00:00:00Z,-0.00066353,0.941800,31434622.2,14025061.3
2023-08-29T08:00:00Z,-0.00282143,0.969700,109622707.2,54094154.9
2023-08-29T16:00:00Z,-0.00062765,0.970400,53142060.5,25572932.5
2023-08-30T00:00:00Z,-0.00040615,0.956900,31389782.5,14799535.0
2023-08-30T08:00:00Z,-0.00033681,0.945100,55988826.0,26729429.8
2023-08-30T16:00:00Z,-0.00040346,0.941800,24723355.9,11539438.7
2023-08-31T00:00:00Z,-0.00034621,0.947500,21837480.4,11392717.6
2023-08-31T08:00:00Z,-0.00048409,0.930800,61063773.8,28637474.9
2023-08-31T16:00:00Z,-0.00021209,0.915700,86333335.7,40654641.4
2023-09-01T00:00:00Z,-0.00027962,0.922100,24805004.5,11909318.7
2023-09-01T08:00:00Z,-0.00057793,0.903100,49500329.0,22054095.3
2023-09-01T16:00:00Z,-0.00039632,0.884200,78857255.6,36078006.8
2023-09-02T00:00:00Z,-0.00047877,0.888200,27405914.0,13847490.2
2023-09-02T08:00:00Z,-0.00095532,0.889500,30726919.5,14680411.0
2023-09-02T16:00:00Z,-0.00055061,0.887700,20281626.1,9389859.4
2023-09-03T00:00:00Z,-0.00080044,0.886400,16346555.8,8249609.2
2023-09-03T08:00:00Z,-0.00044602,0.887900,28263046.5,13894136.6
2023-09-03T16:00:00Z,-0.00025701,0.904400,45219497.7,23504007.2
2023-09-04T00:00:00Z,-0.00032695,0.912800,52135240.6,25674691.0
2023-09-04T08:00:00Z,-0.00012269,0.891800,46011011.6,21142502.2
2023-09-04T16:00:00Z,-0.00063853,0.896300,21623457.1,10957845.2
2023-09-05T00:00:00Z,-0.00023685,0.891000,27385106.0,13722883.3
2023-09-05T08:00:00Z,-0.00083367,0.904000,38152641.5,19326969.3
2023-09-05T16:00:00Z,-0.00070367,0.900600,18033255.2,8668543.9
2023-09-06T00:00:00Z,-0.00031577,0.897500,28127304.3,14547158.5
2023-09-06T08:00:00Z,-0.00011849,0.889700,37212656.0,17889992.9
2023-09-06T16:00:00Z,-0.00054414,0.901200,49281895.5,23728444.2
2023-09-07T00:00:00Z,-0.00070567,0.904000,21672906.5,10161609.0
2023-09-07T08:00:00Z,-0.00065240,0.906100,27537218.5,13274136.1
2023-09-07T16:00:00Z,-0.00065806,0.912600,28591387.0,14848610.6
2023-09-08T00:00:00Z,-0.00036187,0.912200,23199903.0,11277090.8
2023-09-08T08:00:00Z,-0.00036993,0.900100,34106971.0,15141088.6
2023-09-08T16:00:00Z,-0.00056272,0.901300,12344079.9,6221704.9
2023-09-09T00:00:00Z,-0.00047522,0.897100,9699546.2,4547032.8
2023-09-09T08:00:00Z,-0.00046207,0.900700,14010134.4,7064289.7
2023-09-09T16:00:00Z,-0.00062218,0.897700,8053020.0,3898916.0
2023-09-10T00:00:00Z,-0.00046589,0.872300,59296830.4,25962520.3
2023-09-10T08:00:00Z,-0.00027839,0.851400,47147634.8,22251604.3
2023-09-10T16:00:00Z,-0.00046682,0.843700,61045762.4,29981451.9
2023-09-11T00:00:00Z,-0.00048259,0.828200,52564415.8,23855847.4
2023-09-11T08:00:00Z,-0.00026905,0.774500,228449690.5,106508359.1
2023-09-11T16:00:00Z,-0.00086713,0.761700,135431803.0,65477888.4
2023-09-12T00:00:00Z,-0.00044648,0.771000,150192406.2,75789825.0
2023-09-12T08:00:00Z,-0.00055022,0.786200,114169835.0,56380132.4
2023-09-12T16:00:00Z,-0.00079733,0.782500,79923371.7,37485979.4
2023-09-13T00:00:00Z,-0.00015341,0.787300,113948613.7,56931589.8
2023-09-13T08:00:00Z,-0.00030992,0.791500,101487130.9,49727173.9
2023-09-13T16:00:00Z,-0.00028446,0.785200,42326481.4,20350001.0
2023-09-14T00:00:00Z,-0.00076987,0.806700,75168798.2,38622963.0
2023-09-14T08:00:00Z,-0.00024368,0.808900,60786361.7,30217748.5
2023-09-14T16:00:00Z,-0.00025151,0.803400,35142139.1,17476541.4
2023-09-15T00:00:00Z,-0.00035762,0.804900,46561559.8,21764199.3
2023-09-15T08:00:00Z,-0.00043563,0.791300,56990201.1,26890897.5
2023-09-15T16:00:00Z,-0.00023363,0.807600,48853875.7,24116600.1
2023-09-16T00:00:00Z,0,0.823500,74716392.5,37944826.2
2023-09-16T08:00:00Z,0,0.816900,45923500.0,21955661.1
2023-09-16T16:00:00Z,0,0.827600,28441683.4,13618490.2
2023-09-17T00:00:00Z,-0.00048211,0.812100,38398248.9,19280147.3
2023-09-17T08:00:00Z,-0.00069411,0.810600,26594219.3,12793900.4
2023-09-17T16:00:00Z,-0.00089389,0.794300,57411091.4,25236219.9
2023-09-18T00:00:00Z,-0.00074857,0.815400,52679529.8,26438801.3
2023-09-18T08:00:00Z,-0.00067679,0.833400,61200137.2,29287922.3
2023-09-18T16:00:00Z,-0.00005090,0.823200,58221219.4,27593253.6
2023-09-19T00:00:00Z,-0.00039445,0.835600,35031665.6,18478192.9
2023-09-19T08:00:00Z,-0.00007437,0.845100,70686505.4,35397528.8
2023-09-19T16:00:00Z,-0.00031088,0.863700,43393797.4,21771279.9
2023-09-20T00:00:00Z,-0.00043094,0.849900,54694592.6,25228927.6
2023-09-20T08:00:00Z,-0.00055738,0.848400,63975045.1,31285037.0
2023-09-20T16:00:00Z,-0.00049607,0.860100,54296736.3,27015876.4
2023-09-21T00:00:00Z,-0.00061195,0.836900,48824833.6,22317327.6
2023-09-21T08:00:00Z,-0.00053526,0.823700,74179990,35780428.8
2023-09-21T16:00:00Z,-0.00050054,0.821700,24902138.6,12214673.2
2023-09-22T00:00:00Z,-0.00054816,0.838600,33451497.2,16877425.2
2023-09-22T08:00:00Z,-0.00074952,0.838500,46181979.9,22098991.5
2023-09-22T16:00:00Z,-0.00057565,0.839700,32058569.2,16081063.4
2023-09-23T00:00:00Z,-0.00023032,0.833200,34556219.1,17446561.1
2023-09-23T08:00:00Z,-0.00084927,0.820800,28078368.6,12183428.8
2023-09-23T16:00:00Z,-0.00030362,0.820200,21243254.3,10928812.4
2023-09-24T00:00:00Z,-0.00045054,0.823300,18392956.5,8994313.7
2023-09-24T08:00:00Z,-0.00057064,0.819700,37298219.5,18369396.8
2023-09-24T16:00:00Z,-0.00079524,0.806800,36966620.7,17284398.9
2023-09-25T00:00:00Z,-0.00020312,0.815400,40506229,20126073
2023-09-25T08:00:00Z,-0.00040786,0.811100,38822325,19766026.7
2023-09-25T16:00:00Z,-0.00037408,0.806500,26590536.8,12977759.1
2023-09-26T00:00:00Z,-0.00022218,0.815800,28733137.1,14328345.1
2023-09-26T08:00:00Z,-0.00063818,0.814600,62804960.6,31310526.7
2023-09-26T16:00:00Z,-0.00017900,0.826000,29598732.9,15339026.1
2023-09-27T00:00:00Z,-0.00063448,0.824800,26403769.1,13289709.3
2023-09-27T08:00:00Z,-0.00037856,0.822700,80455461.4,39652085.8
2023-09-27T16:00:00Z,-0.00020764,0.818200,32106474.8,15100696.1
2023-09-28T00:00:00Z,-0.00012666,0.832400,31595267.8,16630501.5
2023-09-28T08:00:00Z,-0.00033346,0.876800,83535088.4,43299105.4
2023-09-28T16:00:00Z,-0.00038456,0.892200,129381722.8,65255135.3
2023-09-29T00:00:00Z,-0.00002773,0.911000,111900378.6,57114688.6
2023-09-29T08:00:00Z,-0.00042727,0.900000,116918796.3,55860983.3
2023-09-29T16:00:00Z,-0.00090202,0.901500,49040885.2,24530016.8
2023-09-30T00:00:00Z,-0.00043273,0.895300,42244537.1,21340062.4
2023-09-30T08:00:00Z,-0.00044861,0.915900,61447965.7,32569856.7
2023-09-30T16:00:00Z,-0.00015299,0.907000,45023093,21468877.6
2023-10-01T00:00:00Z,-0.00069840,0.929500,56571783.9,30007660.8
2023-10-01T08:00:00Z,-0.00039504,0.947200,108802015.9,54767524.7
2023-10-01T16:00:00Z,0,0.968800,83330195.4,42473232.4
2023-10-02T00:00:00Z,-0.00029677,0.967300,64038217.2,31509416
2023-10-02T08:00:00Z,-0.00000022,0.951100,121657662.9,59658432.1
2023-10-02T16:00:00Z,0,0.930900,95827626.3,46001328.4
2023-10-03T00:00:00Z,-0.00020767,0.921500,45158112.5,21463318.9
2023-10-03T08:00:00Z,-0.00049214,0.904900,69783117.2,32754600.4
2023-10-03T16:00:00Z,-0.00054092,0.904900,44185100.8,21635463.4
2023-10-04T00:00:00Z,-0.00024208,0.885000,108765894.4,50323922.5
2023-10-04T08:00:00Z,-0.00064742,0.867800,59262366.4,28254080.6
2023-10-04T16:00:00Z,-0.00058243,0.883100,51968087.1,27091399
2023-10-05T00:00:00Z,-0.00027946,0.876800,37114041.5,18083018.4
2023-10-05T08:00:00Z,-0.00069195,0.864500,60926304.1,29147154.1
2023-10-05T16:00:00Z,-0.00016214,0.856700,46641875.2,23464628.3
2023-10-06T00:00:00Z,-0.00041480,0.878400,36971042.1,19946062.4
2023-10-06T08:00:00Z,-0.00026023,0.889700,61447254.2,29898088
2023-10-06T16:00:00Z,-0.00056459,0.889200,31537295.4,15529917.2
2023-10-07T00:00:00Z,-0.00040099,0.886400,28878088.6,14241630.2
2023-10-07T08:00:00Z,-0.00080685,0.876300,29377092.2,14505129.7
2023-10-07T16:00:00Z,-0.00011739,0.868200,20847787.5,10051894
2023-10-08T00:00:00Z,-0.00042297,0.860500,30385013.8,13838746.2
2023-10-08T08:00:00Z,-0.00046087,0.847700,68198515.1,32165766.3
2023-10-08T16:00:00Z,-0.00077263,0.846300,23877883.9,11187056.2
2023-10-09T00:00:00Z,-0.00044167,0.843800,35148167.3,17788176.6
2023-10-09T08:00:00Z,-0.00048228,0.807000,94229987.4,43278339.6
2023-10-09T16:00:00Z,0,0.819400,85876306.1,42937758.6
2023-10-10T00:00:00Z,-0.00071532,0.824900,32238554.2,15688346.4
2023-10-10T08:00:00Z,-0.00008740,0.817800,51705771.3,25283398.5
2023-10-10T16:00:00Z,-0.00063809,0.822700,32585120.6,16064838
2023-10-11T00:00:00Z,-0.00081029,0.806500,38075351.2,18861152
2023-10-11T08:00:00Z,-0.00061335,0.803700,50939706.2,24728892.6
2023-10-11T16:00:00Z,-0.00034262,0.815700,36184981.2,18396268.5
2023-10-12T00:00:00Z,-0.00036107,0.808800,40529681.3,19923880.7
2023-10-12T08:00:00Z,-0.00056857,0.798400,54161128.8,26506706.3
2023-10-12T16:00:00Z,-0.00019975,0.803700,33527003,15984820.5
2023-10-13T00:00:00Z,-0.00029150,0.805000,20899526.4,9942738.4
2023-10-13T08:00:00Z,-0.00014947,0.798500,52351267.4,25402571.9
2023-10-13T16:00:00Z,-0.00039744,0.806500,33173015.1,16337303.2
2023-10-14T00:00:00Z,-0.00029964,0.805600,17075676.4,8581114.3
2023-10-14T08:00:00Z,-0.00080634,0.806900,17759129.1,8804024.8
2023-10-14T16:00:00Z,-0.00061687,0.802700,11810837.3,5796750.4
2023-10-15T00:00:00Z,-0.00009634,0.805500,15734421.6,7666568.5
2023-10-15T08:00:00Z,-0.00077580,0.798200,31074537.3,15187428.8
2023-10-15T16:00:00Z,-0.00024877,0.803300,24338084.4,12539687.8
2023-10-16T00:00:00Z,-0.00043740,0.821400,45280265.9,22657352.1
2023-10-16T08:00:00Z,-0.00045409,0.805700,83026747.9,40358141.2
2023-10-16T16:00:00Z,-0.00045016,0.818900,27498175.5,13736732.6
2023-10-17T00:00:00Z,-0.00045739,0.810400,22657862.1,10998016.8
2023-10-17T08:00:00Z,-0.00073442,0.791500,59598501.5,26572690.2
2023-10-17T16:00:00Z,-0.00051953,0.783300,30158716.7,14508702.7
2023-10-18T00:00:00Z,-0.00046459,0.789000,37709630.6,18732988.1
2023-10-18T08:00:00Z,-0.00056486,0.781400,33105781,15142502.7
2023-10-18T16:00:00Z,-0.00037353,0.782100,27271408.2,13328311.7
2023-10-19T00:00:00Z,-0.00050991,0.774300,37048119.4,17344000.8
2023-10-19T08:00:00Z,-0.00067522,0.775600,45814377.4,23786014.4
2023-10-19T16:00:00Z,-0.00065637,0.768900,32748613.6,15851051
2023-10-20T00:00:00Z,-0.00047739,0.794000,49263662.1,25558684.1
2023-10-20T08:00:00Z,-0.00010565,0.793700,79834120.9,37867428.9
2023-10-20T16:00:00Z,-0.00020330,0.799600,22618226.5,11289116
2023-10-21T00:00:00Z,-0.00032255,0.818900,34802460.5,17510618.7
2023-10-21T08:00:00Z,-0.00016110,0.831600,48902629.1,23476611.9
2023-10-21T16:00:00Z,-0.00048572,0.832300,49379465.4,24170264.5
2023-10-22T00:00:00Z,-0.00041263,0.827400,63675432.2,29914754.6
2023-10-22T08:00:00Z,-0.00012923,0.825900,50124227.4,24701894.8
2023-10-22T16:00:00Z,-0.00004044,0.852700,40498658.9,20670218.1
2023-10-23T00:00:00Z,-0.00026520,0.835300,86768720.7,39903689.8
2023-10-23T08:00:00Z,-0.00026128,0.837400,53434495.2,26177487.1
2023-10-23T16:00:00Z,0,0.884000,107408685.6,51954296.9
2023-10-24T00:00:00Z,0.00040276,0.904500,158702093.7,76634553.5
2023-10-24T08:00:00Z,0,0.876000,132602266.8,61788443.3
2023-10-24T16:00:00Z,-0.00026885,0.899600,74587620,37005940.5
2023-10-25T00:00:00Z,-0.00007504,0.880700,63608216.3,29188336.5
2023-10-25T08:00:00Z,-0.00033417,0.913700,84979322.9,41619210
2023-10-25T16:00:00Z,0,0.922900,98651500.4,47299255.9
2023-10-26T00:00:00Z,0.00084828,0.988800,201529353.7,98492454.9
2023-10-26T08:00:00Z,0.00052500,0.932400,193787520,90815632.6
2023-10-26T16:00:00Z,0.00037569,0.937600,79908407.5,38930984
2023-10-27T00:00:00Z,0.00057819,0.905000,68237995.8,32308931.1
2023-10-27T08:00:00Z,0.00032216,0.914200,67031868.4,31657440.5
2023-10-27T16:00:00Z,0.00001320,0.915400,80320791.9,37912552.4
2023-10-28T00:00:00Z,0.00046129,0.919700,35453898.8,17233194.5
2023-10-28T08:00:00Z,0.00067820,0.922900,49396405.7,23270799.4
2023-10-28T16:00:00Z,0.00058877,0.920000,24059902.6,11565252.6
2023-10-29T00:00:00Z,0.00040540,0.917800,33571125.3,15864288.8
2023-10-29T08:00:00Z,0.00078145,0.937100,51107036.7,26188953.9
2023-10-29T16:00:00Z,0.00070996,0.948900,70007682.8,34313593.9
2023-10-30T00:00:00Z,0.00048799,0.930200,49505757.4,22198440.5
2023-10-30T08:00:00Z,0.00052118,0.954400,90040072.6,43487197
2023-10-30T16:00:00Z,0.00086577,0.965700,48153354.7,23423878.7
2023-10-31T00:00:00Z,0.00069082,0.949800,72851150.3,34418912.5
2023-10-31T08:00:00Z,0.00050725,0.928600,113820836.2,52790226.4
2023-10-31T16:00:00Z,0.00017748,0.945500,38798075.1,19601608.5
2023-11-01T00:00:00Z,0,0.943700,65544188,31289145.4
2023-11-01T08:00:00Z,0.00019872,0.932100,88171727.2,41861261.2
2023-11-01T16:00:00Z,0.00114016,1.042100,179914647.7,89782508.7
2023-11-02T00:00:00Z,0.00097333,1.003800,93552143.7,43260918.3
2023-11-02T08:00:00Z,0,0.968700,116211062.5,53595728.4
2023-11-02T16:00:00Z,0.00061507,0.990800,96082230.2,47162094
2023-11-03T00:00:00Z,0.00056978,0.954800,95821220.4,42257720.5
2023-11-03T08:00:00Z,0.00024677,0.985200,70603280.4,35594615.5
2023-11-03T16:00:00Z,0.00049784,1.060700,177012038.1,88113199
2023-11-04T00:00:00Z,0.00124535,1.063400,86986219.3,42575960.4
2023-11-04T08:00:00Z,0.00010586,1.056400,78388941.8,37017495.5
2023-11-04T16:00:00Z,0.00031404,1.096900,94735630.4,48970304.5
2023-11-05T00:00:00Z,0.00039081,1.093300,61365712.2,29787272.6
2023-11-05T08:00:00Z,0.00049632,1.075200,78449688.7,37018026.6
2023-11-05T16:00:00Z,0.00076176,1.090800,85497820,43148268.7
2023-11-06T00:00:00Z,0.00045259,1.081600,53093618.9,25681810.4
2023-11-06T08:00:00Z,0,1.112200,137048505.7,66640769.2
2023-11-06T16:00:00Z,0.00012639,1.125000,58833043.8,28005591.7
2023-11-07T00:00:00Z,0.00032015,1.099800,56497488.5,26823368.4
2023-11-07T08:00:00Z,0.00043369,1.061500,100282731.3,45939989.2
2023-11-07T16:00:00Z,0.00023950,1.083200,87701029.2,43493638.7
2023-11-08T00:00:00Z,0.00064706,1.073300,36282406.3,17018657
2023-11-08T08:00:00Z,0.00062673,1.069600,64364751.7,30679423.9
2023-11-08T16:00:00Z,0.00080632,1.093900,75346377.2,37908613.2
2023-11-09T00:00:00Z,0.00047068,1.102900,60916563.4,29048262.1
2023-11-09T08:00:00Z,0.00118049,1.132800,166807106.3,80275543.8
2023-11-09T16:00:00Z,0.00129985,1.208700,302726167.7,145950033.9
2023-11-10T00:00:00Z,0.00098843,1.175700,109640463.8,50597514.3
2023-11-10T08:00:00Z,0.00051872,1.143900,104005499.7,49448378.5
2023-11-10T16:00:00Z,0.00071926,1.174300,60488477.4,29786639
2023-11-11T00:00:00Z,0.00058895,1.138900,81699073.2,37866241.8
2023-11-11T08:00:00Z,0.00079383,1.157300,54749012.9,26461935.1
2023-11-11T16:00:00Z,0.00108563,1.138400,76429754.3,34548544
2023-11-12T00:00:00Z,0.00090675,1.146000,68559448.7,32822635.9
2023-11-12T08:00:00Z,0.00048293,1.149600,77202503.9,37010287.1
2023-11-12T16:00:00Z,0.00058859,1.156900,64726592.7,30551456.4
2023-11-13T00:00:00Z,0.00094753,1.147100,78217181.1,37129214.9
2023-11-13T08:00:00Z,0.00135934,1.183800,121442374.9,59316251.3
2023-11-13T16:00:00Z,0.00027546,1.115300,115848129.2,54101860
2023-11-14T00:00:00Z,0,1.111900,72484942.4,33623343.4
2023-11-14T08:00:00Z,0.00077237,1.094700,93158916.5,44238264.2
2023-11-14T16:00:00Z,0.00018282,1.077300,91554905.2,41485527
2023-11-15T00:00:00Z,0.00031360,1.093700,37902958.7,18903970.7
2023-11-15T08:00:00Z,0.00076400,1.136600,60262757,30836800.6
2023-11-15T16:00:00Z,0.00030772,1.143000,67970719.5,31802418.9
2023-11-16T00:00:00Z,0.00033436,1.164800,46133348.8,23276974.9
2023-11-16T08:00:00Z,0.00043637,1.117100,140682790.4,66561520.8
2023-11-16T16:00:00Z,0.00060143,1.079100,107910424.5,50705772.8
2023-11-17T00:00:00Z,0.00072765,1.078100,55641913.1,27616341.9
2023-11-17T08:00:00Z,0.00016693,1.003400,114652664.2,53508211.8
2023-11-17T16:00:00Z,-0.00034462,1.043000,66042740.3,33716091.9
2023-11-18T00:00:00Z,0.00021119,1.010100,55599600.8,24649638.4
2023-11-18T08:00:00Z,0,1.036800,51838979.1,26287342.6
2023-11-18T16:00:00Z,0.00038219,1.033000,39023038.8,18292148
2023-11-19T00:00:00Z,0.00063574,1.034700,37866775,18093221
2023-11-19T08:00:00Z,0.00032426,1.028200,37727953.4,18309310.2
2023-11-19T16:00:00Z,0.00112829,1.046800,67263995.8,30979601
2023-11-20T00:00:00Z,0.00073221,1.061400,46912719.6,23289587
2023-11-20T08:00:00Z,0.00054260,1.062000,90050450.8,42641267.6
2023-11-20T16:00:00Z,0.00017599,1.027300,85872921.7,39518819.1
2023-11-21T00:00:00Z,0.00027658,1.016300,52979561.6,25629958.2
2023-11-21T08:00:00Z,0.00008708,1.014300,65601101.6,31475943.7
2023-11-21T16:00:00Z,0.00006211,0.950200,126330178.2,57863607.9
2023-11-22T00:00:00Z,0.00055809,0.987400,41423704.9,20304120.9
2023-11-22T08:00:00Z,0.00029104,1,53665085.4,26579338.7
2023-11-22T16:00:00Z,0.00020383,1.019300,56114868.7,27286476.7
2023-11-23T00:00:00Z,0.00015351,1.033000,31739852.9,16065543.9
2023-11-23T08:00:00Z,0.00012804,1.007500,51251596,24019222.6
2023-11-23T16:00:00Z,0.00054986,1.016900,23855994.9,11974050
2023-11-24T00:00:00Z,0.00087391,1.042000,29486223.3,14802581.7
2023-11-24T08:00:00Z,0.00090757,1.069900,70940511.2,35937204.1
2023-11-24T16:00:00Z,0.00025276,1.049700,47352928.8,21081078.1
2023-11-25T00:00:00Z,0.00071631,1.075100,39941206.5,19909918.5
2023-11-25T08:00:00Z,0.00065605,1.062000,30625809,13895136.1
2023-11-25T16:00:00Z,0.00042632,1.067000,19806394.9,9813939.3
2023-11-26T00:00:00Z,0.00068059,1.063800,29314225,13698476
2023-11-26T08:00:00Z,0.00040842,1.029700,50361054.8,22366491.3
2023-11-26T16:00:00Z,0.00037075,1.037400,51209052.2,24625976.8
2023-11-27T00:00:00Z,0,1.012000,44170987,19442434.6
2023-11-27T08:00:00Z,-0.00026719,0.994100,57531569.2,26833827.2
2023-11-27T16:00:00Z,0.00011277,1.017600,43107312,20869249.5
2023-11-28T00:00:00Z,0,0.998600,35068269.1,14986471.9
2023-11-28T08:00:00Z,0,1.011300,44722799.9,22084303.6
2023-11-28T16:00:00Z,0.00062266,1.017600,48234746.3,22841375.3
2023-11-29T00:00:00Z,0.00079645,1.022300,23553834.1,11432869.9
2023-11-29T08:00:00Z,0.00016386,1.004300,62222538.1,28958547.9
2023-11-29T16:00:00Z,-0.00030376,1.007900,30455934.9,15585009.7
2023-11-30T00:00:00Z,0,1.008000,26976561.6,13445362.8
2023-11-30T08:00:00Z,0.00060279,1.008100,43533746.6,12003080.8
2023-11-30T16:00:00Z,0.00009110,1.006700,21524459,9603745.1
2023-12-01T00:00:00Z,-0.00026723,1.028400,49395269.2,24938284.9
2023-12-01T08:00:00Z,0.00010220,1.030600,58180215.8,27677104.8
2023-12-01T16:00:00Z,0,1.034100,36107071,17382507
2023-12-02T00:00:00Z,0.00023694,1.042600,23973275.2,11503745.6
2023-12-02T08:00:00Z,0.00053779,1.083800,88151867.4,43419689.6
2023-12-02T16:00:00Z,0.00056802,1.111700,91927963.2,45761072.9
2023-12-03T00:00:00Z,0.00068922,1.101700,46566483.4,20516755.2
2023-12-03T08:00:00Z,0.00065275,1.088900,50816372.1,24082909.2
2023-12-03T16:00:00Z,0.00099280,1.098100,43289183.9,21648184.8
2023-12-04T00:00:00Z,0.00074123,1.120900,75652365.1,35078749.2
2023-12-04T08:00:00Z,0.00077382,1.071600,196926214.8,91385994.8
2023-12-04T16:00:00Z,0.00077936,1.093400,53790231.7,27120014.6
2023-12-05T00:00:00Z,0.00065137,1.065500,72913257.8,33565407
2023-12-05T08:00:00Z,0.00004552,1.075900,65597774.6,32972393.2
2023-12-05T16:00:00Z,0.00095402,1.092000,106457470.5,48982833.3
2023-12-06T00:00:00Z,-0.00018383,1.073000,92609955.4,43491872.9
2023-12-06T08:00:00Z,0.00049778,1.069300,94366342.5,45682249
2023-12-06T16:00:00Z,0.00032541,1.059400,51114739.3,24713922.1
2023-12-07T00:00:00Z,0.00067739,1.080900,47319313.2,21878613.1
2023-12-07T08:00:00Z,0.00088675,1.139800,154289543.8,76686408
2023-12-07T16:00:00Z,0.00053501,1.172600,271841585.2,132065424
2023-12-08T00:00:00Z,0.00143838,1.161000,118020366.6,55123265.7
2023-12-08T08:00:00Z,0.00074043,1.157800,104657300,50182008.1
2023-12-08T16:00:00Z,0.00093313,1.167400,57497543.1,27315895.4
2023-12-09T00:00:00Z,0.00053428,1.222400,114280078.1,56558095.4
2023-12-09T08:00:00Z,0.00046088,1.188300,202403074.7,92837823.4
2023-12-09T16:00:00Z,0.00059162,1.140000,110107282.2,49127371.5
2023-12-10T00:00:00Z,0.00048535,1.149900,47466786.5,22448165.3
2023-12-10T08:00:00Z,0.00086180,1.151900,79544069.6,37582450.2
2023-12-10T16:00:00Z,0.00060211,1.156800,41288781.6,19812831.2
2023-12-11T00:00:00Z,0.00036484,1.071300,188922388.2,84007920.8
2023-12-11T08:00:00Z,0.00063328,1.102100,155536018.7,75624285.6
2023-12-11T16:00:00Z,0.00059463,1.096100,94568972.4,46144857.8
2023-12-12T00:00:00Z,0.00043704,1.158200,141582097.6,68243363.8
2023-12-12T08:00:00Z,0.00114061,1.147900,171923064.4,81821774.1
2023-12-12T16:00:00Z,0.00093141,1.253700,211738519.3,108481344.5
2023-12-13T00:00:00Z,0.00047932,1.137900,253297307.4,113829098.5
2023-12-13T08:00:00Z,0.00076734,1.156000,96506896.9,46157047.5
2023-12-13T16:00:00Z,0.00069501,1.187000,115323342.8,56233438
2023-12-14T00:00:00Z,0.00066842,1.177500,78518173.1,36877725.2
2023-12-14T08:00:00Z,0.00072748,1.168800,124954097.7,59036483
2023-12-14T16:00:00Z,0.00068619,1.184200,68411709.7,32649726.9
2023-12-15T00:00:00Z,0.00097112,1.143300,49709400.8,22817425.5
2023-12-15T08:00:00Z,0.00088745,1.127700,82238325.2,38645851.7
2023-12-15T16:00:00Z,0.00047801,1.100700,72632846,33827233.8
2023-12-16T00:00:00Z,0.00087994,1.111600,57933950.4,26892767.6
2023-12-16T08:00:00Z,0.00044460,1.133600,40469647.2,20912018
2023-12-16T16:00:00Z,0.00026178,1.125500,73836258,35605826.8
2023-12-17T00:00:00Z,0.00043705,1.099200,48160272,22468797.4
2023-12-17T08:00:00Z,0.00072581,1.106000,51238529,23762781.3
2023-12-17T16:00:00Z,0.00124370,1.107400,59726029.3,28758275.4
2023-12-18T00:00:00Z,0.00065829,1.073300,64768010.9,29746328.3
2023-12-18T08:00:00Z,0.00103638,1.064700,106332687.8,48811154.1
2023-12-18T16:00:00Z,0.00090569,1.102000,42584082.8,21341945.2
2023-12-19T00:00:00Z,0.00028307,1.107200,44551879.4,22384157.8
2023-12-19T08:00:00Z,0.00091382,1.090900,66294059.5,31360012.2
2023-12-19T16:00:00Z,0.00061000,1.074400,53745062.1,25470829.7
2023-12-20T00:00:00Z,0.00066757,1.119100,46625336.3,24311812.2
2023-12-20T08:00:00Z,0.00110505,1.124600,64727614.4,32150945.7
2023-12-20T16:00:00Z,0.00111628,1.106100,62568110.3,28939564.8
2023-12-21T00:00:00Z,0.00021070,1.123900,49979876.8,24328422.4
2023-12-21T08:00:00Z,0.00092723,1.134100,97749861.2,46363164.0
2023-12-21T16:00:00Z,0.00122328,1.159600,79641590.3,37820615.9
2023-12-22T00:00:00Z,0.00119517,1.284100,211919625.3,105685801.9
2023-12-22T08:00:00Z,0.00072690,1.349400,408029179.6,202820029.4
2023-12-22T16:00:00Z,0.00059436,1.420800,246137596.2,124820380.9
2023-12-23T00:00:00Z,0.00112573,1.331400,225465395.5,107652225.6
2023-12-23T08:00:00Z,0.00077067,1.340700,123929989.1,57539421.3
2023-12-23T16:00:00Z,0.00145591,1.394900,147557170.3,72150542.9
2023-12-24T00:00:00Z,0.00196244,1.453800,190447345.8,93855891.5
2023-12-24T08:00:00Z,0.00070777,1.383400,124176317.7,57269861.5
2023-12-24T16:00:00Z,0.00103161,1.355100,92984725.4,43283581.5
2023-12-25T00:00:00Z,0.00093908,1.377100,85954566.1,41638089.8
2023-12-25T08:00:00Z,0.00135463,1.376700,98177134.1,45024868.9
2023-12-25T16:00:00Z,0.00118743,1.389100,93452134.3,45587144.3
2023-12-26T00:00:00Z,0.00100047,1.333500,99616989.5,45868945.5
2023-12-26T08:00:00Z,0.00092101,1.316600,72907409.7,34834673.1
2023-12-26T16:00:00Z,0.00102951,1.327600,115650883.9,53725450.8
2023-12-27T00:00:00Z,0.00088029,1.295400,64688222.9,30064853.8
2023-12-27T08:00:00Z,0.00136060,1.509800,285221061.2,142241263.2
2023-12-27T16:00:00Z,0.00100002,1.506300,165331768.7,80604420.0
2023-12-28T00:00:00Z,0.00131701,1.592400,272742663.6,131868884.4
2023-12-28T08:00:00Z,0.00097929,1.512500,189428357.0,89618754.2
2023-12-28T16:00:00Z,0.00082589,1.469400,103167661.8,49840197.3
2023-12-29T00:00:00Z,0.00084073,1.444500,114083641.9,55617787.9
2023-12-29T08:00:00Z,0.00123673,1.465800,155437968.9,75958897.0
2023-12-29T16:00:00Z,0.00073812,1.510700,123691627.0,60877865.8
2023-12-30T00:00:00Z,0.00114275,1.470100,57500290.1,26478075.8
2023-12-30T08:00:00Z,0.00098623,1.484300,65592351.6,31743942.3
2023-12-30T16:00:00Z,0.00101685,1.481400,98305254.6,47998379.6
2023-12-31T00:00:00Z,0.00116482,1.532700,83577204.0,42264818.6
2023-12-31T08:00:00Z,0.00082856,1.585300,197626561.6,96527898.4
2023-12-31T16:00:00Z,0.00063940,1.562600,87657778.4,41158135.7
2024-01-01T00:00:00Z,0.00093879,1.547000,74290950.4,35919949.0
2024-01-01T08:00:00Z,0.00054695,1.581700,66643403.8,31867079.1
2024-01-01T16:00:00Z,0.00072542,1.736300,165529116.8,82985031.9
2024-01-02T00:00:00Z,0.00074714,1.731900,116272940.8,55845259.7
2024-01-02T08:00:00Z,0.00073886,1.715700,234771266.2,112920366.0
2024-01-02T16:00:00Z,0.00089554,1.771900,148054296.0,73345737.7
2024-01-03T00:00:00Z,0.00020463,1.906800,290060340.6,144297307.4
2024-01-03T08:00:00Z,0.00111653,1.883200,681092434.7,327562308.7
2024-01-03T16:00:00Z,0.00006759,1.914200,433010440.0,212951157.2
2024-01-04T00:00:00Z,0.00045693,1.922100,167982927.4,82432228.7
2024-01-04T08:00:00Z,0.00052645,2.050900,260359834.1,129403247.7
2024-01-04T16:00:00Z,0.00082153,2.005200,197595334.5,95048273.2
2024-01-05T00:00:00Z,0.00034586,1.944200,153236750.5,74464274.4
2024-01-05T08:00:00Z,0.00042482,1.871500,212003268.7,101449904.9
2024-01-05T16:00:00Z,0,1.951500,151030585.8,75390728.6
2024-01-06T00:00:00Z,-0.00049443,1.762200,214974238.8,103422298.4
2024-01-06T08:00:00Z,0,1.764900,103138560.8,49264128.3
2024-01-06T16:00:00Z,-0.00024004,1.751600,85595782.4,40888264.4
2024-01-07T00:00:00Z,-0.00007635,1.801900,96073673.0,47836257.4
2024-01-07T08:00:00Z,0.00006680,1.825300,132239488.9,65020444.1
2024-01-07T16:00:00Z,-0.00064705,1.720900,163815036.1,76554578.5
2024-01-08T00:00:00Z,-0.00039306,1.676400,190920811.4,93085407.7
2024-01-08T08:00:00Z,-0.00083797,1.770100,198332792.2,95502193.4
2024-01-08T16:00:00Z,0.00005628,1.821300,144786526.3,69166182.3
2024-01-09T00:00:00Z,0.00052566,1.819700,89851378.3,43591067.1
2024-01-09T08:00:00Z,-0.00025367,1.696900,134845879.3,63373605.1
2024-01-09T16:00:00Z,0.00016346,1.843600,288331450.1,140986179.1
2024-01-10T00:00:00Z,0.00025313,1.904500,199813720.6,99153652.5
2024-01-10T08:00:00Z,-0.00007680,2.013600,290228519.1,145288305.8
2024-01-10T16:00:00Z,0.00128006,2.229400,400732112.4,201690483.1
2024-01-11T00:00:00Z,0.00007334,2.291600,213431815.4,104916266.5
2024-01-11T08:00:00Z,0.00101021,2.194400,208649319.1,101635270.4
2024-01-11T16:00:00Z,0,2.259000,141068594.7,71487090.2
2024-01-12T00:00:00Z,0.00054239,2.226900,100615831.7,50359715.4
2024-01-12T08:00:00Z,0.00108265,2.295700,265986604.4,134267594.8
2024-01-12T16:00:00Z,0.00052431,2.204000,232808293.4,112783388.9
2024-01-13T00:00:00Z,0.00072522,2.172000,106837797.7,52600585.6
2024-01-13T08:00:00Z,0.00009031,2.144200,83902832.2,40533960.9
2024-01-13T16:00:00Z,-0.00024333,2.176400,76251571.0,36864628.0
2024-01-14T00:00:00Z,0.00002444,2.160800,56887834.1,27162311.4
2024-01-14T08:00:00Z,0.00010051,2.135300,60760734.6,29017806.3
2024-01-14T16:00:00Z,0.00031113,2.031300,99657327.2,47232825.3
2024-01-15T00:00:00Z,0.00005782,2.078800,52585529.2,25874968.0
2024-01-15T08:00:00Z,0.00027791,2.092900,102538494.2,48429070.0
2024-01-15T16:00:00Z,0.00054377,2.110200,56160404.2,27775748.7
2024-01-16T00:00:00Z,0,2.154600,62090250.8,29626842.0
2024-01-16T08:00:00Z,0,2.119400,114064956.6,55456564.6
2024-01-16T16:00:00Z,0.00017060,2.151700,77501943.3,38310178.5
2024-01-17T00:00:00Z,-0.00010299,2.069200,48511491.7,22100063.8
2024-01-17T08:00:00Z,-0.00011942,2.028500,90074139.6,42675726.0
2024-01-17T16:00:00Z,0.00012555,2.038800,69950495.6,33960937.5
2024-01-18T00:00:00Z,0.00024535,1.979200,66030010.7,30916354.5
2024-01-18T08:00:00Z,0.00065703,1.972000,70273670.0,33879222.9
2024-01-18T16:00:00Z,0.00033459,1.892400,143688460.0,68284066.0
2024-01-19T00:00:00Z,0.00018112,1.864900,80621506.9,38667782.5
2024-01-19T08:00:00Z,0.00002477,1.821200,69683372.3,33696254.0
2024-01-19T16:00:00Z,0.00028049,1.856500,139311874.4,68537464.7
2024-01-20T00:00:00Z,0.00038144,1.821000,46666556.8,23006856.2
2024-01-20T08:00:00Z,0.00017789,1.767100,61198502.5,29162830.0
2024-01-20T16:00:00Z,0,1.816700,51515241.3,26516346.2
2024-01-21T00:00:00Z,-0.00023446,1.855800,49200559.6,23165591.8
2024-01-21T08:00:00Z,-0.00038292,1.847400,83232279.5,38543790.4
2024-01-21T16:00:00Z,0.00037421,1.816300,43048546.4,20577131.8
2024-01-22T00:00:00Z,0.00002706,1.782100,85948362.3,42113639.3
2024-01-22T08:00:00Z,0.00008434,1.712400,129528220.7,63185688.1
2024-01-22T16:00:00Z,0.00058899,1.689500,135596139.2,65871538.4
2024-01-23T00:00:00Z,0.00003489,1.666900,68378245.3,33094630.1
2024-01-23T08:00:00Z,-0.00041829,1.627300,219369269.2,106030540.0
2024-01-23T16:00:00Z,-0.00028461,1.689800,97661179.0,47864735.8
2024-01-24T00:00:00Z,0.00008618,1.668300,72493607.5,36117539.3
2024-01-24T08:00:00Z,0,1.717600,112038500.6,55956365.8
2024-01-24T16:00:00Z,0.00013069,1.737500,81359026.5,39558324.5
2024-01-25T00:00:00Z,0,1.703300,51117979.3,25015833.3
2024-01-25T08:00:00Z,-0.00017028,1.656500,78774473.4,38118773.0
2024-01-25T16:00:00Z,-0.00016958,1.731500,106037802.2,54237339.6
2024-01-26T00:00:00Z,0.00006215,1.733600,65467063.2,32270730.1
2024-01-26T08:00:00Z,-0.00060338,1.770400,90176677.3,44652325.3
2024-01-26T16:00:00Z,-0.00033831,1.816700,67646900.5,33424161.8
2024-01-27T00:00:00Z,0,1.790700,51506172.3,24879201.8
2024-01-27T08:00:00Z,0,1.798200,33940830.5,16781881.1
2024-01-27T16:00:00Z,0,1.796300,32773164.9,15885910.6
2024-01-28T00:00:00Z,0,1.849500,55678194.9,26832712.7
2024-01-28T08:00:00Z,0.00010812,1.827000,76874684.7,36387950.9
2024-01-28T16:00:00Z,-0.00006985,1.798300,54087036.4,24496603.5
2024-01-29T00:00:00Z,-0.00017914,1.808100,38385770.4,19375971.9
2024-01-29T08:00:00Z,-0.00015969,1.813100,61336827.1,30230446.3
2024-01-29T16:00:00Z,-0.00015754,1.854200,76766749.8,38886495.2
2024-01-30T00:00:00Z,-0.00007277,1.881700,71087206.4,34860399.5
2024-01-30T08:00:00Z,0.00015270,1.891400,72721299.0,35619409.7
2024-01-30T16:00:00Z,-0.00047754,1.884600,107903157.0,51831605.4
2024-01-31T00:00:00Z,-0.00077170,1.858600,60190921.1,29024046.7
2024-01-31T08:00:00Z,-0.00005987,1.815400,84132255.0,40718283.9
2024-01-31T16:00:00Z,-0.00040099,1.762300,80731698.6,38920002.8
2024-02-01T00:00:00Z,-0.00038716,1.726400,66116115.9,32089846.5
2024-02-01T08:00:00Z,-0.00081947,1.734100,59675169.1,29058967.5
2024-02-01T16:00:00Z,-0.00057989,1.784000,55463216.4,27734129.3
2024-02-02T00:00:00Z,-0.00053338,1.802700,37771698.7,18047675.8
2024-02-02T08:00:00Z,-0.00034954,1.807400,53882568.5,26497519.4
2024-02-02T16:00:00Z,-0.00054732,1.791700,32154029.2,15829260.2
2024-02-03T00:00:00Z,-0.00001528,1.819500,34609999.2,16722903.5
2024-02-03T08:00:00Z,-0.00055452,1.786000,31333165.6,14981285.4
2024-02-03T16:00:00Z,-0.00032879,1.765300,23585572.2,11410589.0
2024-02-04T00:00:00Z,-0.00038277,1.747400,27340797.2,12694502.6
2024-02-04T08:00:00Z,0,1.755000,26265080.2,13346715.3
2024-02-04T16:00:00Z,-0.00020570,1.731200,36346408.9,17537340.0
2024-02-05T00:00:00Z,-0.00039950,1.751100,39481044.7,19429927.7
2024-02-05T08:00:00Z,0.00014034,1.743500,47609587.6,24231359.7
2024-02-05T16:00:00Z,-0.00054492,1.734400,38748835.9,18296205.8
2024-02-06T00:00:00Z,-0.00016011,1.813400,63809790.4,33476809.5
2024-02-06T08:00:00Z,-0.00031535,1.832800,91508127.8,44381098.6
2024-02-06T16:00:00Z,-0.00026827,1.830000,70209482.1,34727669.2
2024-02-07T00:00:00Z,-0.00011792,1.839100,42219356.7,19755233.5
2024-02-07T08:00:00Z,-0.00010590,1.823600,52280049.3,25147011.2
2024-02-07T16:00:00Z,-0.00035123,1.898500,94141093.4,47152034.5
2024-02-08T00:00:00Z,0,1.884700,54126941.1,27029838.3
2024-02-08T08:00:00Z,-0.00026379,1.915700,44703168.1,22626867.3
2024-02-08T16:00:00Z,-0.00026087,1.861600,49000770.6,22835581.2
2024-02-09T00:00:00Z,-0.00014243,1.900300,37147914.0,18233563.3
2024-02-09T08:00:00Z,-0.00032512,1.930100,81441898.0,39131449.8
2024-02-09T16:00:00Z,0.00043026,1.981300,63064645.5,30591580.7
2024-02-10T00:00:00Z,0,1.972400,39516283.9,18853505.8
2024-02-10T08:00:00Z,-0.00056711,1.965600,38818593.3,19394171.0
2024-02-10T16:00:00Z,-0.00007249,1.960000,26817652.6,13418300.1
2024-02-11T00:00:00Z,0.00036485,2.001000,33068295.4,16581460.7
2024-02-11T08:00:00Z,-0.00004726,1.958400,36230187.4,17088137.8
2024-02-11T16:00:00Z,0.00029679,1.942400,27003279.7,12830275.1
2024-02-12T00:00:00Z,0.00014364,1.946600,38704442.2,19026634.4
2024-02-12T08:00:00Z,0.00052274,2.006800,64909563.5,32663065.5
2024-02-12T16:00:00Z,0.00070360,2.077800,92214864.0,45331782.8
2024-02-13T00:00:00Z,0.00060269,2.069800,47072807.8,22817418.4
2024-02-13T08:00:00Z,0.00037739,2.032700,80165848.1,38036197.7
2024-02-13T16:00:00Z,0.00023174,2.047400,37182148.1,17984501.7
2024-02-14T00:00:00Z,0.00045835,2.042000,24622668.3,12010062.0
2024-02-14T08:00:00Z,0.00050876,2.091600,86022538.4,41779059.2
2024-02-14T16:00:00Z,0.00032558,2.111800,41510910.1,20123575.3
2024-02-15T00:00:00Z,0.00080455,2.097300,60995318.9,28995044.3
2024-02-15T08:00:00Z,0.00067968,2.100000,81843224.2,40701346.6
2024-02-15T16:00:00Z,0.00084074,2.073600,57203614.3,27694950.4
2024-02-16T00:00:00Z,0.00030351,2.029400,38144353.3,17284942.9
2024-02-16T08:00:00Z,0.00079409,2.001700,81824459.4,39634799.0
2024-02-16T16:00:00Z,0.00051579,2.011700,37495680.7,18619224.8
2024-02-17T00:00:00Z,0.00076236,1.977800,22152052.8,9919238.1
2024-02-17T08:00:00Z,0.00090276,1.942600,51739381.3,23967462.3
2024-02-17T16:00:00Z,0.00083435,1.971000,20723693.0,10083761.1
2024-02-18T00:00:00Z,0.00091567,2.007900,30069868.5,14934893.9
2024-02-18T08:00:00Z,0.00112536,2.016900,37604141.7,18459909.2
2024-02-18T16:00:00Z,0.00099888,2.041100,38245199.7,18225112.3
2024-02-19T00:00:00Z,0.00017477,2.095400,48191191.3,23979410.0
2024-02-19T08:00:00Z,0.00070611,2.044400,52646401.3,23940102.1
2024-02-19T16:00:00Z,0.00071206,2.055500,51195035.8,24267376.8
2024-02-20T00:00:00Z,0.00090847,2.012400,42565575.7,19416745.8
2024-02-20T08:00:00Z,0.00050782,1.959300,150805916.0,72178470.6
2024-02-20T16:00:00Z,0.00087811,2.011800,78838787.9,39340602.8
2024-02-21T00:00:00Z,0.00073449,1.894600,61266508.6,27536929.1
2024-02-21T08:00:00Z,0.00109961,1.844900,93497238.8,43894900.6
2024-02-21T16:00:00Z,0.00053939,1.878100,57858867.4,28550475.7
2024-02-22T00:00:00Z,0.00065096,1.872200,65272421.2,31632790.7
2024-02-22T08:00:00Z,0.00107590,1.857500,78001612.1,36661767.9
2024-02-22T16:00:00Z,0.00090336,1.809700,56956270.0,26917976.6
2024-02-23T00:00:00Z,0.00105282,1.773700,55637037.4,26016097.2
2024-02-23T08:00:00Z,0.00074675,1.764900,56591572.2,26800333.9
2024-02-23T16:00:00Z,0.00067570,1.800200,66350968.6,32737805.9
2024-02-24T00:00:00Z,0.00123458,1.824100,43902382.6,21415365.0
2024-02-24T08:00:00Z,0.00031583,1.822300,38931949.9,18353837.9
2024-02-24T16:00:00Z,0.00062723,1.846000,27466841.2,13648118.3
2024-02-25T00:00:00Z,0.00083452,1.863500,42158847.7,20128861.9
2024-02-25T08:00:00Z,0.00081281,1.870300,43096729.7,20550826.0
2024-02-25T16:00:00Z,0.00132871,1.906700,45712727.4,22265300.0
2024-02-26T00:00:00Z,0.00082514,1.851900,39670631.9,17983278.0
2024-02-26T08:00:00Z,0.00195401,1.888000,66763544.4,31766798.5
2024-02-26T16:00:00Z,0.00099671,1.930200,81524403.6,40574665.3
2024-02-27T00:00:00Z,0.00068259,1.911400,63858653.0,30248210.5
2024-02-27T08:00:00Z,0.00037229,1.888800,67971694.0,32299686.6
2024-02-27T16:00:00Z,0.00128739,1.898300,49919613.2,25280719.2
2024-02-28T00:00:00Z,0.00125753,1.892500,41811318.8,21282316.3
2024-02-28T08:00:00Z,0.00092720,1.915000,121196446.4,57493825.8
2024-02-28T16:00:00Z,0.00084951,1.901800,170638938.8,81037928.9
2024-02-29T00:00:00Z,0.00188755,2.014700,115645114.6,55583223.6
2024-02-29T08:00:00Z,0.00134672,1.999900,85188624.3,40844842.9
2024-02-29T16:00:00Z,0.00125693,1.946300,187451301.3,90570054.8
2024-03-01T00:00:00Z,0.00082246,1.973100,50925601.6,25710885.1
2024-03-01T08:00:00Z,0.00129475,1.951600,63249569.5,29703809.6
2024-03-01T16:00:00Z,0.00122399,1.990400,49742142.5,24364348.3
2024-03-02T00:00:00Z,0.00160080,1.991300,65126983.1,30898110.8
2024-03-02T08:00:00Z,0.00075274,1.971000,76310370.0,36326166.1
2024-03-02T16:00:00Z,0.00174418,2.028600,53763536.2,25912693.2
2024-03-03T00:00:00Z,-0.00019641,2.037100,206694141.5,95227147.9
2024-03-03T08:00:00Z,0.00037301,2.065900,108356494.1,52423321.6
2024-03-03T16:00:00Z,0.00132937,2.046800,50871672.7,24220524.1
2024-03-04T00:00:00Z,0.00122743,2.027400,87689890.7,42318303.2
2024-03-04T08:00:00Z,0.00064081,2.010100,94908812.3,43173531.4
2024-03-04T16:00:00Z,0.00129293,1.984400,91801297.2,43272737.0
2024-03-05T00:00:00Z,0.00085760,2.079900,226211821.0,108877251.7
2024-03-05T08:00:00Z,0.00120569,2.116300,171534217.3,82286614.1
2024-03-05T16:00:00Z,0.00039510,1.966900,300553062.2,142350923.6
2024-03-06T00:00:00Z,0.00106018,2.084900,110780898.0,55161504.6
2024-03-06T08:00:00Z,0.00136806,2.022400,137467343.9,64854501.3
2024-03-06T16:00:00Z,0.00115658,2.056300,68203429.0,33702042.7
2024-03-07T00:00:00Z,0.00121960,2.071000,83311683.1,40652362.2
2024-03-07T08:00:00Z,0.00120436,2.169500,105975616.1,53322101.7
2024-03-07T16:00:00Z,0.00089111,2.167200,70256428.9,33971953.4
2024-03-08T00:00:00Z,0.00111720,2.165000,84844951.6,42572371.9
2024-03-08T08:00:00Z,0.00066434,2.139000,138967632.5,65391791.8
2024-03-08T16:00:00Z,0.00103796,2.135900,76940925.8,37078635.2
2024-03-09T00:00:00Z,0.00095877,2.155600,34076705.6,17379409.6
2024-03-09T08:00:00Z,0.00128744,2.135900,48671354.5,23671826.2
2024-03-09T16:00:00Z,0.00132976,2.099100,48843204.0,23513746.4
2024-03-10T00:00:00Z,0.00149609,2.113900,52298762.8,27173762.3
2024-03-10T08:00:00Z,0.00108457,2.051400,88870213.8,41269334.2
2024-03-10T16:00:00Z,0.00107460,2.069700,46517542.5,23054120.6
2024-03-11T00:00:00Z,0.00155437,2.082200,84851821.8,40609970.9
2024-03-11T08:00:00Z,0.00055042,2.057100,67305760.4,31009337.6
2024-03-11T16:00:00Z,0.00149756,2.086200,90357191.0,46067785.7
2024-03-12T00:00:00Z,0.00110765,2.016600,65239538.3,30088935.7
2024-03-12T08:00:00Z,0.00082221,2.007200,104639281.2,50722727.4
2024-03-12T16:00:00Z,0.00104404,2.019500,108246989.3,51854291.8
2024-03-13T00:00:00Z,0.00101383,2.170200,109320406.1,55666591.4
2024-03-13T08:00:00Z,0.00070181,2.142000,178720636.0,83754626.1
2024-03-13T16:00:00Z,0.00095802,2.117500,78181624.8,38908491.9
2024-03-14T00:00:00Z,0.00116814,2.061100,83691786.1,40038174.3
2024-03-14T08:00:00Z,0.00073285,1.984600,140640203.0,68721596.0
2024-03-14T16:00:00Z,0.00108880,2.017600,110361802.0,54705946.8
2024-03-15T00:00:00Z,0.00085235,1.937600,143688582.3,68540154.9
2024-03-15T08:00:00Z,0.00103670,1.887200,145320732.0,68593865.6
2024-03-15T16:00:00Z,0.00152980,1.890000,90653938.4,45409739.4
2024-03-16T00:00:00Z,0.00087128,1.926300,93091315.2,46863882.8
2024-03-16T08:00:00Z,0.00099358,1.854700,167191436.3,80988361.3
2024-03-16T16:00:00Z,0.00076083,1.757700,130518729.4,63263698.4
2024-03-17T00:00:00Z,0.00078044,1.663100,130532124.7,61503052.0
2024-03-17T08:00:00Z,0.00103023,1.738500,118385802.6,60968913.6
2024-03-17T16:00:00Z,0.00071844,1.737600,60127173.8,28918609.8
2024-03-18T00:00:00Z,0.00035158,1.698000,85548580.9,43923593.7
2024-03-18T08:00:00Z,0.00090419,1.660700,155877483.7,74993182.3
2024-03-18T16:00:00Z,0.00123565,1.624900,119582427.2,58022809.8
2024-03-19T00:00:00Z,0.00149389,1.536800,228739729.7,103468140.2
2024-03-19T08:00:00Z,0.00035214,1.636300,209170888.9,104430145.9
2024-03-19T16:00:00Z,0.00002238,1.626000,160527705.4,75920387.0
2024-03-20T00:00:00Z,0.00097424,1.659600,168108300.9,80939252.3
2024-03-20T08:00:00Z,0.00090354,1.646900,159899683.3,78862150.8
2024-03-20T16:00:00Z,0.00119179,1.747400,189583719.4,93764730.1
2024-03-21T00:00:00Z,0.00051231,1.743200,105392767.4,52404774.5
2024-03-21T08:00:00Z,0.00070770,1.733300,111443327.8,56462552.7
2024-03-21T16:00:00Z,0.00073910,1.685500,83559784.7,41423589.8
2024-03-22T00:00:00Z,0.00065844,1.680800,66251497.0,32169003.9
2024-03-22T08:00:00Z,0.00040016,1.600800,112491344.5,52418584.5
2024-03-22T16:00:00Z,0.00097586,1.605500,68045506.4,33581400.8
2024-03-23T00:00:00Z,0.00070823,1.609800,56823186.5,28301035.9
2024-03-23T08:00:00Z,0.00044937,1.623900,51837884.8,25423205.5
2024-03-23T16:00:00Z,0.00044537,1.596300,41401225.5,19474686.9
2024-03-24T00:00:00Z,0.00087020,1.602400,36510417.1,17426430.6
2024-03-24T08:00:00Z,0.00075280,1.648400,71694915.0,35160341.6
2024-03-24T16:00:00Z,0.00069261,1.671900,52958127.3,25203195.3
2024-03-25T00:00:00Z,0.00044976,1.667200,55647847.7,28162094.1
2024-03-25T08:00:00Z,0.00066210,1.728800,89831750.2,45304728.4
2024-03-25T16:00:00Z,0.00085446,1.725000,63552388.0,31133605.8
2024-03-26T00:00:00Z,0.00076237,1.729800,51639346.3,27229736.7
2024-03-26T08:00:00Z,0.00106123,1.694600,86987530.7,41925522.0
2024-03-26T16:00:00Z,0.00083108,1.702400,56964398.7,28184096.6
2024-03-27T00:00:00Z,0.00108148,1.680800,62216599.9,30131305.5
2024-03-27T08:00:00Z,0.00072985,1.643900,111548606.6,53333161.2
2024-03-27T16:00:00Z,0.00089562,1.656200,55921557.2,27936745.1
2024-03-28T00:00:00Z,0.00119750,1.694500,46357922.1,22515908.1
2024-03-28T08:00:00Z,0.00125508,1.676600,53586315.6,24997821.9
2024-03-28T16:00:00Z,0.00089557,1.668500,48391713.3,23197524.9
2024-03-29T00:00:00Z,0.00095951,1.629300,47237027.6,22571965.2
2024-03-29T08:00:00Z,0.00090545,1.625900,53102332.6,26042854.1
2024-03-29T16:00:00Z,0.00118134,1.645400,28930433.8,13359867.7
2024-03-30T00:00:00Z,0.00098363,1.649900,33134639.1,15980278.8
2024-03-30T08:00:00Z,0.00114437,1.662500,30809789.6,13647605.6
2024-03-30T16:00:00Z,0.00070518,1.643000,31482065.7,14790569.1
2024-03-31T00:00:00Z,0.00124513,1.681900,39791307.6,19784419.4
2024-03-31T08:00:00Z,0.00113144,1.647400,32495041.6,15896780.8
2024-03-31T16:00:00Z,0.00108809,1.663900,25763827.9,12140695.4
2024-04-01T00:00:00Z,0.00069403,1.610200,86137385.3,39731964.8
2024-04-01T08:00:00Z,0.00072864,1.550700,73718186.7,34739539.5
2024-04-01T16:00:00Z,0.00080548,1.569000,45981926.4,23042894.5
2024-04-02T00:00:00Z,0.00047324,1.477500,119008374.9,56057707.1
2024-04-02T08:00:00Z,0.00052912,1.445100,117275237.6,54796747.1
2024-04-02T16:00:00Z,0.00087990,1.449300,75547867.5,37270699.6
2024-04-03T00:00:00Z,0.00069861,1.479000,82239635.4,39321555.8
2024-04-03T08:00:00Z,0.00050550,1.458700,69128301.6,34430116.1
2024-04-03T16:00:00Z,0.00050160,1.480400,56810993.7,27793357.7
2024-04-04T00:00:00Z,0.00075336,1.473200,59040456.6,28825296.3
2024-04-04T08:00:00Z,0.00084643,1.483000,46005230.1,21814719.0
2024-04-04T16:00:00Z,0.00071067,1.460400,52161535.9,26081971.2
2024-04-05T00:00:00Z,0.00062030,1.431600,51024662.2,24731790.9
2024-04-05T08:00:00Z,0.00044301,1.438900,82442647.5,39960033.1
2024-04-05T16:00:00Z,0.00066058,1.434200,41694955.5,21789190.8
2024-04-06T00:00:00Z,0.00101010,1.456100,27952065.3,13748505.6
2024-04-06T08:00:00Z,0.00071225,1.477100,46928825.0,21582050.8
2024-04-06T16:00:00Z,0.00049754,1.488300,28864352.3,14321494.0
2024-04-07T00:00:00Z,0.00024821,1.493100,27204108.6,12891559.5
2024-04-07T08:00:00Z,0.00061300,1.490600,33841975.3,16256924.6
2024-04-07T16:00:00Z,0.00057753,1.529800,41219257.6,20461526.9
2024-04-08T00:00:00Z,0.00099516,1.520700,40631212.9,19667039.6
2024-04-08T08:00:00Z,0.00095597,1.549500,77129011.9,36833849.3
2024-04-08T16:00:00Z,0.00081882,1.571000,32222117.4,15632988.6
2024-04-09T00:00:00Z,0.00084008,1.537200,64391281.7,29451520.9
2024-04-09T08:00:00Z,0.00085238,1.537200,98332876.1,48109663.9
2024-04-09T16:00:00Z,0.00053972,1.484900,51775865.2,24558782.4
2024-04-10T00:00:00Z,0.00042796,1.481000,61980028.3,30914466.8
2024-04-10T08:00:00Z,0.00063263,1.454100,76665573.0,37484654.5
2024-04-10T16:00:00Z,0.00050010,1.467500,40606432.7,19225800.4
2024-04-11T00:00:00Z,0.00081052,1.474900,37536065.6,18387571.0
2024-04-11T08:00:00Z,0.00104794,1.431800,78638023.1,37764831.7
2024-04-11T16:00:00Z,0.00062982,1.419300,35506688.8,17656722.6
2024-04-12T00:00:00Z,0.00049592,1.413900,27502414.8,13572457.9
2024-04-12T08:00:00Z,0.00066158,1.373800,74346698.9,34995797.6
2024-04-12T16:00:00Z,-0.00072429,1.172900,427925635.6,184335638.6
2024-04-13T00:00:00Z,-0.00040430,1.158100,94812452.1,45242393.9
2024-04-13T08:00:00Z,0.00032439,1.150900,80816020.4,38283654.0
2024-04-13T16:00:00Z,-0.00023444,1.030800,491975514.3,232114149.5
2024-04-14T00:00:00Z,-0.00031741,1.122000,170260942.7,84808998.0
2024-04-14T08:00:00Z,-0.00050890,1.133100,140044746.1,66655004.3
2024-04-14T16:00:00Z,-0.00063441,1.179000,151829065.1,74143322.4
2024-04-15T00:00:00Z,-0.00086185,1.234600,103527849.3,52065336.5
2024-04-15T08:00:00Z,0,1.208100,122075400.9,59187125.3
2024-04-15T16:00:00Z,-0.00013934,1.152000,120476568.8,60360466.9
2024-04-16T00:00:00Z,-0.00048472,1.152400,108353267.0,53819244.3
2024-04-16T08:00:00Z,-0.00119806,1.103200,107290447.5,52468161.4
2024-04-16T16:00:00Z,-0.00025882,1.153600,78044989.4,37323597.0
2024-04-17T00:00:00Z,-0.00028257,1.144800,50061981.1,24608082.8
2024-04-17T08:00:00Z,-0.00080016,1.092700,107948400.8,54095296.7
2024-04-17T16:00:00Z,-0.00066328,1.105200,92767538.1,45222803.8
2024-04-18T00:00:00Z,-0.00075636,1.114800,69659165.5,33693956.2
2024-04-18T08:00:00Z,-0.00063846,1.150500,76929993.3,38771510.7
2024-04-18T16:00:00Z,-0.00029242,1.138000,41569918.6,20645535.9
2024-04-19T00:00:00Z,-0.00042356,1.144200,118005251.8,57452938.4
2024-04-19T08:00:00Z,-0.00036173,1.138800,66446012.2,33262653.0
2024-04-19T16:00:00Z,-0.00054821,1.119000,54723379.8,26767925.5
2024-04-20T00:00:00Z,-0.00026594,1.137600,42773227.9,21907349.2
2024-04-20T08:00:00Z,-0.00015760,1.163400,44958740.7,22063944.4
2024-04-20T16:00:00Z,-0.00028572,1.215300,66066370.2,33198067.1
2024-04-21T00:00:00Z,-0.00036319,1.217100,42664128.9,21162836.6
2024-04-21T08:00:00Z,-0.00017540,1.196000,41325805.8,19713638.0
2024-04-21T16:00:00Z,-0.00035263,1.188700,45527180.2,21631867.7
2024-04-22T00:00:00Z,-0.00065772,1.222700,56761748.2,29145348.2
2024-04-22T08:00:00Z,-0.00017901,1.205700,45151818.2,21441988.3
2024-04-22T16:00:00Z,-0.00069348,1.208200,30330859.7,14498294.8
2024-04-23T00:00:00Z,-0.00037973,1.177500,39715811.6,18465427.4
2024-04-23T08:00:00Z,-0.00041490,1.188300,43237064.8,21511130.1
2024-04-23T16:00:00Z,-0.00062087,1.178100,35231358.2,17009567.2
2024-04-24T00:00:00Z,-0.00030037,1.188900,32064867.9,15808673.1
2024-04-24T08:00:00Z,-0.00085247,1.129600,91433739.2,42877849.2
2024-04-24T16:00:00Z,-0.00066898,1.115100,85502754.9,40852395.5
2024-04-25T00:00:00Z,-0.00021999,1.097800,68397408.9,32363807.6
2024-04-25T08:00:00Z,-0.00021656,1.101900,75372883.3,37419549.7
2024-04-25T16:00:00Z,-0.00087565,1.088900,38548069.6,18525884.1
2024-04-26T00:00:00Z,-0.00058782,1.078100,61023962.8,30196006.7
2024-04-26T08:00:00Z,-0.00024997,1.068100,66728974.6,33037021.8
2024-04-26T16:00:00Z,-0.00019064,1.064600,29765149.1,14514622.4
2024-04-27T00:00:00Z,-0.00029459,1.047400,97819257.6,47211158.2
2024-04-27T08:00:00Z,-0.00004109,1.044800,44566422.1,23120223.4
2024-04-27T16:00:00Z,-0.00037464,1.124900,123496074.9,62022757.0
2024-04-28T00:00:00Z,-0.00036845,1.154200,74085929.5,35528198.2
2024-04-28T08:00:00Z,-0.00011724,1.141200,77862518.0,38093600.8
2024-04-28T16:00:00Z,0,1.100800,54064594.9,25322055.6
2024-04-29T00:00:00Z,-0.00049477,1.059000,90489140.2,42796150.7
2024-04-29T08:00:00Z,-0.00070521,1.063000,78370232.4,38498633.5
2024-04-29T16:00:00Z,-0.00047280,1.057100,63403932.7,30520350.2
2024-04-30T00:00:00Z,-0.00021101,1.036800,65163096.8,32135773.8
2024-04-30T08:00:00Z,-0.00069113,0.991900,127599220.3,60680175.1
2024-04-30T16:00:00Z,-0.00069385,1.021800,109954512.6,51909385.9
2024-05-01T00:00:00Z,0,0.993200,107757728.8,53006069.9
2024-05-01T08:00:00Z,-0.00006804,1.014600,111253373.3,54988584.8
2024-05-01T16:00:00Z,-0.00056119,1.029000,94023251.9,46766143.4
2024-05-02T00:00:00Z,-0.00059126,1.008000,56328533.4,27072197.9
2024-05-02T08:00:00Z,-0.00033617,1.034800,74371376.9,36415238.8
2024-05-02T16:00:00Z,-0.00086971,1.028200,61095555.2,30720260.4
2024-05-03T00:00:00Z,-0.00037719,1.020300,39817040.7,20118650.1
2024-05-03T08:00:00Z,-0.00070255,1.061700,70902636.2,35912962.3
2024-05-03T16:00:00Z,-0.00034064,1.064500,59809588.2,28432214.6
2024-05-04T00:00:00Z,-0.00031669,1.059700,35943994.1,18573665.8
2024-05-04T08:00:00Z,0,1.067900,54138154.9,27187346.8
2024-05-04T16:00:00Z,-0.00060652,1.060900,33492936.9,16090613.7
2024-05-05T00:00:00Z,-0.00050104,1.046800,47624561.6,22669876.3
2024-05-05T08:00:00Z,-0.00057848,1.086100,69613404.5,35017443.6
2024-05-05T16:00:00Z,-0.00032855,1.070200,45364232.8,21752820.4
2024-05-06T00:00:00Z,-0.00077521,1.125100,70401589.6,35974598.7
2024-05-06T08:00:00Z,-0.00029684,1.073200,104115521.1,47824109.6
2024-05-06T16:00:00Z,-0.00083884,1.059600,47436246.7,23066528.4
2024-05-07T00:00:00Z,-0.00041619,1.057300,50888877.6,24231393.4
2024-05-07T08:00:00Z,-0.00051320,1.063200,58556666.0,28968671.9
2024-05-07T16:00:00Z,-0.00056429,1.024900,57629921.4,26856027.9
2024-05-08T00:00:00Z,0,1.014600,50779697.1,23878120.1
2024-05-08T08:00:00Z,-0.00055833,1.033100,73979788.8,36836328.0
2024-05-08T16:00:00Z,-0.00019468,1.027800,65324609.3,32233392.6
2024-05-09T00:00:00Z,-0.00005786,1.019000,32787675.5,16004041.6
2024-05-09T08:00:00Z,-0.00037875,1.027200,73921151.8,36129819.2
2024-05-09T16:00:00Z,-0.00048874,1.040600,36782817.0,17820773.1
2024-05-10T00:00:00Z,-0.00028357,1.048900,38594252.7,19863253.3
2024-05-10T08:00:00Z,-0.00003811,1.008200,77534183.6,36629343.3
2024-05-10T16:00:00Z,-0.00043319,0.994500,75915405.2,36301222.1
2024-05-11T00:00:00Z,-0.00019260,1.002900,29266003.7,14881507.5
2024-05-11T08:00:00Z,-0.00027326,1.006400,43307255.5,21250265.0
2024-05-11T16:00:00Z,-0.00039531,1.000100,22885658.5,10694827.7
2024-05-12T00:00:00Z,-0.00024639,0.996300,16777963.2,8298452.6
2024-05-12T08:00:00Z,-0.00013384,1.007700,25364058.3,13361253.9
2024-05-12T16:00:00Z,-0.00032136,0.996900,26404763.6,12185719.8
2024-05-13T00:00:00Z,-0.00018348,0.992600,80874240.3,37179592.6
2024-05-13T08:00:00Z,-0.00051101,0.993300,50664041.4,24424472.7
2024-05-13T16:00:00Z,-0.00063180,0.981100,38503973.8,17919301.3
2024-05-14T00:00:00Z,-0.00027973,0.977200,43455344.2,21564164.6
2024-05-14T08:00:00Z,-0.00064952,0.958300,58665385.9,28933083.1
2024-05-14T16:00:00Z,-0.00043482,0.934900,43218220.8,20416385.4
2024-05-15T00:00:00Z,-0.00064872,0.940700,31061493.9,15391432.9
2024-05-15T08:00:00Z,-0.00017097,0.980400,92511999.2,45006627.2
2024-05-15T16:00:00Z,-0.00052943,0.993300,52973586.6,26670666.6
2024-05-16T00:00:00Z,-0.00082561,0.996100,29670828.0,14369128.1
2024-05-16T08:00:00Z,-0.00013823,0.964600,70963690.5,34325890.9
2024-05-16T16:00:00Z,-0.00034035,0.971000,34919427.9,18525306.2
2024-05-17T00:00:00Z,-0.00052463,1.003800,39035401.1,19649042.4
2024-05-17T08:00:00Z,-0.00053178,1.055000,91536609.6,45897643.9
2024-05-17T16:00:00Z,-0.00071177,1.030000,76410165.6,37149463.2
2024-05-18T00:00:00Z,-0.00039181,1.019700,42650338.7,21254823.1
2024-05-18T08:00:00Z,-0.00001533,1.012000,58708057.7,28355199.7
2024-05-18T16:00:00Z,-0.00020214,1.017600,28925169.9,14932914.7
2024-05-19T00:00:00Z,-0.00053113,1.011200,30029161.9,14228306.1
2024-05-19T08:00:00Z,0,0.988200,62583635.8,27835742.5
2024-05-19T16:00:00Z,-0.00048288,0.971100,44301460.9,19886455.8
2024-05-20T00:00:00Z,-0.00060508,0.976200,73845999.2,35698142.3
2024-05-20T08:00:00Z,-0.00070494,0.983400,60018240.9,29956763.5
2024-05-20T16:00:00Z,0.00048848,1.127300,232010195.7,115667734.5
2024-05-21T00:00:00Z,0,1.157100,149015357.3,72117018.1
2024-05-21T08:00:00Z,0.00072179,1.193700,219836211.8,108131617.7
2024-05-21T16:00:00Z,0.00014610,1.203500,117383405.0,58019936.9
2024-05-22T00:00:00Z,0.00069248,1.175200,58593637.6,26961709.1
2024-05-22T08:00:00Z,-0.00011721,1.147600,143230581.6,68545273.3
2024-05-22T16:00:00Z,0.00040632,1.142100,59874542.4,28986143.9
2024-05-23T00:00:00Z,0.00036922,1.181000,70245224.8,34912020.2
2024-05-23T08:00:00Z,0.00031100,1.193700,271775274.1,131463345.8
2024-05-23T16:00:00Z,0.00040465,1.203600,269088152.9,131800650.9
2024-05-24T00:00:00Z,0.00012922,1.147300,125183012.2,60296705.6
2024-05-24T08:00:00Z,0.00004814,1.156700,87469257.4,42738187.6
2024-05-24T16:00:00Z,0.00041672,1.158400,51499458.5,24882959.1
2024-05-25T00:00:00Z,0.00038041,1.200800,72011634.2,37002780.2
2024-05-25T08:00:00Z,0.00057841,1.200400,58974181.4,27971113.0
2024-05-25T16:00:00Z,0.00025333,1.192000,31859976.3,15880786.5
2024-05-26T00:00:00Z,0.00040576,1.197700,50748575.6,24569710.9
2024-05-26T08:00:00Z,0.00051005,1.211100,130395572.3,64871532.8
2024-05-26T16:00:00Z,0.00012508,1.193500,68881145.8,33300547.6
2024-05-27T00:00:00Z,0.00023373,1.254200,121678579.3,61146712.4
2024-05-27T08:00:00Z,0.00027993,1.248600,88164479.4,43186399.5
2024-05-27T16:00:00Z,0.00032870,1.230800,48116799.0,23310822.7
2024-05-28T00:00:00Z,0.00025559,1.181200,77854358.6,36765042.1
2024-05-28T08:00:00Z,0.00020768,1.208400,88720262.8,42435128.5
2024-05-28T16:00:00Z,0.00062350,1.200900,49941053.6,24106158.0
2024-05-29T00:00:00Z,0.00044240,1.178000,56321274.8,27855152.8
2024-05-29T08:00:00Z,0.00049916,1.153900,76306753.0,36773356.5
2024-05-29T16:00:00Z,0.00058414,1.141600,37518593.4,17222209.9
2024-05-30T00:00:00Z,0.00082054,1.116900,65521598.1,30846623.3
2024-05-30T08:00:00Z,0.00039225,1.143700,60986073.3,29883047.9
2024-05-30T16:00:00Z,0.00099729,1.129100,36184663.3,17467500.8
2024-05-31T00:00:00Z,0.00046109,1.126000,28806997.4,14307180.0
2024-05-31T08:00:00Z,0.00083457,1.122000,65025190.1,32100440.3
2024-05-31T16:00:00Z,0.00006792,1.120000,46060244.9,22623666.4
2024-06-01T00:00:00Z,0.00060338,1.123200,19747812.7,9988370.2
2024-06-01T08:00:00Z,0.00054799,1.128200,21602126.3,10469968.9
2024-06-01T16:00:00Z,0.00041469,1.134100,21540473.7,11162486.6
2024-06-02T00:00:00Z,0.00058027,1.120500,31409140.2,14407754.8
2024-06-02T08:00:00Z,0.00061210,1.124500,36137562.9,17334835.7
2024-06-02T16:00:00Z,0.00050318,1.113400,43872677.5,20643625.4
2024-06-03T00:00:00Z,0.00059866,1.132600,41813068.4,20837287.7
2024-06-03T08:00:00Z,0.00074837,1.127500,39537453.5,18868224.1
2024-06-03T16:00:00Z,0.00062124,1.105800,30597899.2,13091607.5
2024-06-04T00:00:00Z,0.00107082,1.097300,35508469.9,17809772.7
2024-06-04T08:00:00Z,0.00065256,1.105500,82978486.4,41270439.4
2024-06-04T16:00:00Z,0.00069246,1.108400,32604209.6,15603545.8
2024-06-05T00:00:00Z,0.00076094,1.125100,32785610.2,16377680.8
2024-06-05T08:00:00Z,0.00094582,1.119100,46650635.7,22536082.6
2024-06-05T16:00:00Z,0.00080251,1.124800,36857106.1,18120598.1
2024-06-06T00:00:00Z,0.00040390,1.109700,30865427.0,13418215.1
2024-06-06T08:00:00Z,0.00092787,1.107800,34568550.8,16940815.4
2024-06-06T16:00:00Z,0.00044783,1.089100,41411618.0,18328501.4
2024-06-07T00:00:00Z,0.00065267,1.093700,21208804.4,10157952.5
2024-06-07T08:00:00Z,0.00067188,1.095500,53412832.7,25706465.6
2024-06-07T16:00:00Z,-0.00026148,0.998600,222725339.8,96440107.5
2024-06-08T00:00:00Z,-0.00010540,1.000800,43072350.4,19129038.7
2024-06-08T08:00:00Z,-0.00029746,0.966600,76111414.9,36462060.4
2024-06-08T16:00:00Z,-0.00012615,0.967900,46612071.5,22898963.0
2024-06-09T00:00:00Z,0,0.974900,30289683.2,14521234.4
2024-06-09T08:00:00Z,-0.00012236,0.976900,43644332.5,22066130.8
2024-06-09T16:00:00Z,-0.00009422,0.979300,17860212.1,8650590.1
2024-06-10T00:00:00Z,0.00053139,0.948500,40841796.9,18602924.7
2024-06-10T08:00:00Z,0.00025413,0.979100,41742696.9,21881807.2
2024-06-10T16:00:00Z,0.00007865,0.960000,28581495.4,13514012.6
2024-06-11T00:00:00Z,0,0.942700,79590251.0,37553720.5
2024-06-11T08:00:00Z,0.00050032,0.925400,82817248.8,40559419.5
2024-06-11T16:00:00Z,-0.00019145,0.937500,45108738.9,21821079.1
2024-06-12T00:00:00Z,0,0.941600,35212847.4,17690993.4
2024-06-12T08:00:00Z,-0.00003735,0.986600,57335053.5,27684017.0
2024-06-12T16:00:00Z,0,0.973300,65473322.3,31486972.7
2024-06-13T00:00:00Z,-0.00000462,0.945700,43210973.1,20502411.7
2024-06-13T08:00:00Z,0,0.926100,65361491.1,32136213.9
2024-06-13T16:00:00Z,0,0.936900,38708260.5,19349002.5
2024-06-14T00:00:00Z,-0.00001423,0.948800,38338258.9,19539750.9
2024-06-14T08:00:00Z,0,0.927300,35766491.8,17417254.8
2024-06-14T16:00:00Z,-0.00031252,0.912000,99995161.5,46945315.3
2024-06-15T00:00:00Z,0,0.928400,29275921.5,15008331.8
2024-06-15T08:00:00Z,0,0.930000,27773034.4,13887059.0
2024-06-15T16:00:00Z,-0.00011053,0.922000,18455834.9,8692329.3
2024-06-16T00:00:00Z,-0.00014211,0.914900,23826085.2,11521663.2
2024-06-16T08:00:00Z,-0.00049583,0.925400,22666698.0,11160921.1
2024-06-16T16:00:00Z,-0.00020500,0.924200,21529796.2,9810235.8
2024-06-17T00:00:00Z,-0.00012601,0.887100,44896050.1,20896827.4
2024-06-17T08:00:00Z,-0.00019471,0.862700,75235266.2,36101527.2
2024-06-17T16:00:00Z,-0.00048771,0.857600,75392929.9,36075771.5
2024-06-18T00:00:00Z,-0.00057836,0.797800,193784189.2,87268491.5
2024-06-18T08:00:00Z,-0.00032012,0.779900,91566704.6,44278808.4
2024-06-18T16:00:00Z,-0.00054324,0.794300,59627762.1,28799736.7
2024-06-19T00:00:00Z,-0.00007054,0.820800,62604112.8,30393530.9
2024-06-19T08:00:00Z,-0.00047748,0.807100,48819281.6,22941343.7
2024-06-19T16:00:00Z,-0.00033558,0.812700,33189151.1,15481572.9
2024-06-20T00:00:00Z,-0.00020522,0.842800,39995065.5,20064751.8
2024-06-20T08:00:00Z,-0.00044419,0.811000,86575044.6,40946697.0
2024-06-20T16:00:00Z,-0.00036874,0.800800,37112125.0,17634674.3
2024-06-21T00:00:00Z,0,0.794300,40294431.6,18838540.9
2024-06-21T08:00:00Z,-0.00021330,0.801200,88067810.5,43424409.8
2024-06-21T16:00:00Z,-0.00024190,0.801700,42067686.8,21018549.4
2024-06-22T00:00:00Z,-0.00036578,0.797800,20235331.3,10142015.9
2024-06-22T08:00:00Z,-0.00015377,0.807000,23669487.2,11195322.5
2024-06-22T16:00:00Z,0,0.804600,17069730.2,8050562.5
2024-06-23T00:00:00Z,-0.00049137,0.812600,16683880.1,8791825.8
2024-06-23T08:00:00Z,-0.00027328,0.793300,25221221.0,11185898.4
2024-06-23T16:00:00Z,-0.00005181,0.783800,34459611.7,17011071.5
2024-06-24T00:00:00Z,-0.00044162,0.771800,55635146.7,27959548.7
2024-06-24T08:00:00Z,0.00032036,0.769000,90532285.1,44242159.4
2024-06-24T16:00:00Z,-0.00031234,0.819900,74733151.5,37276638.8
2024-06-25T00:00:00Z,-0.00006925,0.819700,40065062.3,19151812.4
2024-06-25T08:00:00Z,-0.00055318,0.844100,50693017.8,26027638.5
2024-06-25T16:00:00Z,-0.00025913,0.829300,26249805.2,12335786.2
2024-06-26T00:00:00Z,-0.00026684,0.826800,31034952.7,15213011.2
2024-06-26T08:00:00Z,-0.00026001,0.812300,35675841.6,16957125.6
2024-06-26T16:00:00Z,-0.00002598,0.812000,45720718.5,22496324.6
2024-06-27T00:00:00Z,-0.00050077,0.804000,30678304.1,15839637.8
2024-06-27T08:00:00Z,-0.00023939,0.824200,46098041.2,23545701.4
2024-06-27T16:00:00Z,-0.00052104,0.822600,20897563.0,9613288.8
2024-06-28T00:00:00Z,-0.00025578,0.822900,27585587.4,13755582.0
2024-06-28T08:00:00Z,-0.00076671,0.812400,42364416.4,20104232.1
2024-06-28T16:00:00Z,-0.00005999,0.791400,41122656.6,18305987.0
2024-06-29T00:00:00Z,-0.00045534,0.799900,19731709.6,10308737.7
2024-06-29T08:00:00Z,-0.00029265,0.795200,18045054.4,8107983.8
2024-06-29T16:00:00Z,-0.00026495,0.779300,25862265.6,12003998.5
2024-06-30T00:00:00Z,-0.00068346,0.786000,32414081.6,15977367.9
2024-06-30T08:00:00Z,-0.00068069,0.786500,22054962.3,11265356.2
2024-06-30T16:00:00Z,-0.00020941,0.801500,26699514.4,13182688.3
2024-07-01T00:00:00Z,-0.00021440,0.806700,28542339.4,14154946.0
2024-07-01T08:00:00Z,0,0.787200,32523675.0,15406025.1
2024-07-01T16:00:00Z,-0.00092420,0.779400,26042069.4,12453404.8
2024-07-02T00:00:00Z,-0.00036372,0.774300,22276147.3,11129779.2
2024-07-02T08:00:00Z,-0.00000640,0.778000,39825662.7,21639167.5
2024-07-02T16:00:00Z,0,0.783300,23168866.4,12288756.5
2024-07-03T00:00:00Z,-0.00015802,0.774300,50191787.4,25298729.1
2024-07-03T08:00:00Z,-0.00011443,0.770700,68954961.5,34347579.1
2024-07-03T16:00:00Z,0,0.764000,41561585.9,20892572.0
2024-07-04T00:00:00Z,-0.00030258,0.727400,96230605.9,46358859.6
2024-07-04T08:00:00Z,-0.00042733,0.717900,99383022.9,49492008.5
2024-07-04T16:00:00Z,-0.00042036,0.678800,66638912.7,29629132.0
2024-07-05T00:00:00Z,-0.00058815,0.600900,389955694.4,184921361.9
2024-07-05T08:00:00Z,-0.00068865,0.626500,122741089.3,61620990.0
2024-07-05T16:00:00Z,-0.00025809,0.622300,64032735.2,31095500.0
2024-07-06T00:00:00Z,-0.00098073,0.629000,53396500.2,26563902.3
2024-07-06T08:00:00Z,-0.00035183,0.661200,63104897.5,31924787.5
2024-07-06T16:00:00Z,-0.00014420,0.692800,73510252.5,37210377.7
2024-07-07T00:00:00Z,0,0.682600,62971994.6,30743451.9
2024-07-07T08:00:00Z,-0.00016879,0.673800,84583239.6,41861070.7
2024-07-07T16:00:00Z,-0.00027320,0.650200,59162050.4,28112370.1
2024-07-08T00:00:00Z,-0.00105636,0.632700,170324967.8,79063798.4
2024-07-08T08:00:00Z,-0.00097818,0.652200,159150424.7,78325306.5
2024-07-08T16:00:00Z,-0.00030200,0.667200,47868818.5,24614133.5
2024-07-09T00:00:00Z,-0.00019022,0.671400,47311135.6,22917435.3
2024-07-09T08:00:00Z,-0.00012368,0.677400,60624374.8,30492541.4
2024-07-09T16:00:00Z,-0.00055386,0.709900,60639216.8,29479185.6
2024-07-10T00:00:00Z,-0.00040054,0.709300,67952289.2,32949692.3
2024-07-10T08:00:00Z,-0.00055196,0.716600,53528375.6,26303460.2
2024-07-10T16:00:00Z,-0.00057199,0.713300,37727971.7,17720765.9
2024-07-11T00:00:00Z,-0.00060588,0.714600,28893347.0,14868953.9
2024-07-11T08:00:00Z,-0.00010471,0.706600,67520392.9,32673525.7
2024-07-11T16:00:00Z,-0.00047472,0.692800,35746729.8,17576180.1
2024-07-12T00:00:00Z,-0.00011521,0.688300,33917914.3,17223203.4
2024-07-12T08:00:00Z,-0.00033680,0.701600,38988270.0,19660711.2
2024-07-12T16:00:00Z,-0.00040187,0.698700,30185772.0,15209653.1
2024-07-13T00:00:00Z,-0.00061736,0.704900,19928278.6,9254497.9
2024-07-13T08:00:00Z,-0.00048535,0.697600,41079593.2,20280812.7
2024-07-13T16:00:00Z,-0.00016304,0.700100,33170608.0,16951936.8
2024-07-14T00:00:00Z,-0.00079864,0.706100,32067927.0,14580488.7
2024-07-14T08:00:00Z,-0.00039739,0.711600,38608987.3,18815244.0
2024-07-14T16:00:00Z,-0.00014742,0.721400,32669253.2,15839299.7
2024-07-15T00:00:00Z,-0.00054791,0.739300,49629569.1,23927540.0
2024-07-15T08:00:00Z,-0.00063037,0.734300,39683540.5,19604879.9
2024-07-15T16:00:00Z,-0.00081997,0.773000,73676948.6,39075245.7
2024-07-16T00:00:00Z,-0.00033974,0.734300,66852859.5,30963723.0
2024-07-16T08:00:00Z,-0.00046564,0.765500,70247983.1,33974134.6
2024-07-16T16:00:00Z,-0.00020921,0.751500,54387518.2,27295008.6
2024-07-17T00:00:00Z,-0.00034123,0.768700,41311297.8,19904096.1
2024-07-17T08:00:00Z,-0.00105410,0.759900,73597837.9,34513508.9
2024-07-17T16:00:00Z,-0.00023223,0.746700,61422026.0,31281440.7
2024-07-18T00:00:00Z,-0.00063858,0.753300,35966242.3,17448403.6
2024-07-18T08:00:00Z,-0.00063417,0.736800,77031392.4,35639748.7
2024-07-18T16:00:00Z,-0.00011371,0.747400,47192461.3,23563161.4
2024-07-19T00:00:00Z,-0.00039102,0.734500,38953416.3,19242612.3
2024-07-19T08:00:00Z,-0.00018133,0.751400,58727374.3,28638400.5
2024-07-19T16:00:00Z,-0.00047674,0.773500,47131738.9,23707447.8
2024-07-20T00:00:00Z,-0.00057302,0.787100,36750642.1,17747272.3
2024-07-20T08:00:00Z,-0.00030640,0.781700,49941272.8,24272095.2
2024-07-20T16:00:00Z,-0.00038258,0.778600,39628583.1,19037622.5
2024-07-21T00:00:00Z,-0.00040599,0.772800,28593974.9,12908016.9
2024-07-21T08:00:00Z,-0.00032607,0.782500,30324506.0,14358712.5
2024-07-21T16:00:00Z,-0.00058308,0.802200,100556138.5,48627167.4
2024-07-22T00:00:00Z,-0.00030619,0.779500,46700546.2,21193639.4
2024-07-22T08:00:00Z,-0.00044514,0.771400,53656839.3,26609270.0
2024-07-22T16:00:00Z,-0.00050984,0.759300,40192598.0,19260163.6
2024-07-23T00:00:00Z,0.00017613,0.762700,69247224.3,33888014.9
2024-07-23T08:00:00Z,-0.00044151,0.802000,203825331.2,99468841.4
2024-07-23T16:00:00Z,-0.00034312,0.798700,118600737.9,56993178.4
2024-07-24T00:00:00Z,-0.00009093,0.776500,51472090.0,24632250.0
2024-07-24T08:00:00Z,-0.00064388,0.761900,55874242.8,27148878.9
2024-07-24T16:00:00Z,-0.00079615,0.739000,71540731.3,32427349.0
2024-07-25T00:00:00Z,-0.00048583,0.703400,114735625.6,53802179.8
2024-07-25T08:00:00Z,-0.00054220,0.695700,70175862.6,35150683.9
2024-07-25T16:00:00Z,-0.00085781,0.697900,59451010.9,28329776.1
2024-07-26T00:00:00Z,-0.00025408,0.723800,49500816.2,25716147.9
2024-07-26T08:00:00Z,-0.00034048,0.720000,43018155.1,20681471.2
2024-07-26T16:00:00Z,-0.00035535,0.726200,25945124.8,12788195.2
2024-07-27T00:00:00Z,-0.00027530,0.730100,21893609.4,11275091.5
2024-07-27T08:00:00Z,0,0.725800,38620178.3,18365816.8
2024-07-27T16:00:00Z,-0.00034906,0.720500,70665364.8,34840748.9
2024-07-28T00:00:00Z,-0.00009592,0.714800,25774164.8,12604356.9
2024-07-28T08:00:00Z,-0.00056446,0.716400,22575275.0,11639128.4
2024-07-28T16:00:00Z,-0.00072475,0.712200,17444496.7,7386088.8
2024-07-29T00:00:00Z,0,0.729400,39278485.7,20107007.8
2024-07-29T08:00:00Z,-0.00063906,0.710500,48967425.4,23473166.8
2024-07-29T16:00:00Z,-0.00026598,0.703600,43379186.6,20784998.2
2024-07-30T00:00:00Z,-0.00001253,0.707400,25790807.4,13393360.1
2024-07-30T08:00:00Z,-0.00035553,0.694200,30565433.5,14847613.7
2024-07-30T16:00:00Z,-0.00047007,0.677600,45190656.4,20625092.2
2024-07-31T00:00:00Z,-0.00040260,0.682100,27374875.1,14180364.1
2024-07-31T08:00:00Z,-0.00068852,0.675700,26306680.0,12707269.1
2024-07-31T16:00:00Z,-0.00026330,0.657100,52598462.7,24731201.2
2024-08-01T00:00:00Z,-0.00042848,0.645300,49728939.1,23228076.7
2024-08-01T08:00:00Z,-0.00069428,0.638300,64039206.8,31873874.6
2024-08-01T16:00:00Z,-0.00060554,0.653400,84346661.8,41229554.3
2024-08-02T00:00:00Z,-0.00092630,0.627800,42182785.0,19901701.6
2024-08-02T08:00:00Z,-0.00063690,0.615200,83200637.7,39021750.9
2024-08-02T16:00:00Z,-0.00072355,0.603000,62532798.6,29812493.9
2024-08-03T00:00:00Z,-0.00037536,0.611100,44657788.1,23019022.2
2024-08-03T08:00:00Z,-0.00104538,0.602500,46126088.1,20910134.5
2024-08-03T16:00:00Z,-0.00049721,0.607000,85327625.4,43231959.4
2024-08-04T00:00:00Z,-0.00003218,0.602100,46786934.3,23524949.9
2024-08-04T08:00:00Z,-0.00061606,0.583700,52737103.5,25811613.7
2024-08-04T16:00:00Z,-0.00095596,0.564800,113854507.8,53670077.3
2024-08-05T00:00:00Z,-0.00069331,0.475500,507427950.4,245695547.7
2024-08-05T08:00:00Z,-0.00048387,0.484700,287105771.4,141075132.5
2024-08-05T16:00:00Z,-0.00021296,0.481600,141698906.1,70832752.9
2024-08-06T00:00:00Z,-0.00040599,0.518100,88990062.3,45410944.1
2024-08-06T08:00:00Z,-0.00107817,0.515200,128193253.3,64712056.2
2024-08-06T16:00:00Z,-0.00058943,0.502200,49899326.6,24604846.1
2024-08-07T00:00:00Z,-0.00054388,0.515700,56062765.4,27354662.0
2024-08-07T08:00:00Z,-0.00062227,0.490600,81222929.6,38273879.7
2024-08-07T16:00:00Z,-0.00052370,0.484300,77284450.3,38050726.0
2024-08-08T00:00:00Z,-0.00082262,0.502100,59534408.0,30687819.0
2024-08-08T08:00:00Z,-0.00089864,0.521800,87697311.0,45116551.7
2024-08-08T16:00:00Z,0,0.554600,81653825.2,42065647.8
2024-08-09T00:00:00Z,-0.00103347,0.542800,59924104.9,28614078.1
2024-08-09T08:00:00Z,-0.00032304,0.541600,82815300.7,43300321.3
2024-08-09T16:00:00Z,-0.00015236,0.577200,171172028.2,87253310.1
2024-08-10T00:00:00Z,-0.00045131,0.585500,83369505.0,41940729.0
2024-08-10T08:00:00Z,-0.00076736,0.572900,65942903.8,31032228.2
2024-08-10T16:00:00Z,-0.00041925,0.577000,33537563.0,15436000.1
2024-08-11T00:00:00Z,-0.00074592,0.589200,41193065.7,20364357.1
2024-08-11T08:00:00Z,-0.00017819,0.560200,87401732.6,39876330.8
2024-08-11T16:00:00Z,-0.00014469,0.551900,62612877.9,31591007.8
2024-08-12T00:00:00Z,-0.00075376,0.562800,47826704.1,23684790.5
2024-08-12T08:00:00Z,-0.00061960,0.587400,104632336.5,53462102.7
2024-08-12T16:00:00Z,-0.00106555,0.588800,49887453.4,24735636.0
2024-08-13T00:00:00Z,-0.00085262,0.573700,43734555.2,20698794.7
2024-08-13T08:00:00Z,-0.00072845,0.571100,38053000.2,18716027.9
2024-08-13T16:00:00Z,-0.00046754,0.578500,43113504.7,22326171.9
2024-08-14T00:00:00Z,-0.00043217,0.578400,33798491.7,17552925.7
2024-08-14T08:00:00Z,-0.00058298,0.571100,80368836.8,38837574.8
2024-08-14T16:00:00Z,-0.00037503,0.561300,38034174.2,18681544.7
2024-08-15T00:00:00Z,-0.00013568,0.555400,32954634.5,16185860.0
2024-08-15T08:00:00Z,-0.00080572,0.565300,41148439.8,20102060.5
2024-08-15T16:00:00Z,-0.00073636,0.535600,74028989.4,36499636.5
2024-08-16T00:00:00Z,-0.00040484,0.545400,26552188.5,13853391.2
2024-08-16T08:00:00Z,-0.00068950,0.525500,48887877.7,23360324.5
2024-08-16T16:00:00Z,-0.00033984,0.533300,31882226.3,15926269.2
2024-08-17T00:00:00Z,-0.00034894,0.533700,11041428.8,5434013.4
2024-08-17T08:00:00Z,-0.00069741,0.535200,19622934.9,8871383.1
2024-08-17T16:00:00Z,-0.00046670,0.539900,16878863.7,8884004.6
2024-08-18T00:00:00Z,-0.00016250,0.537700,16549750.5,8004683.4
2024-08-18T08:00:00Z,-0.00087534,0.551100,33407110.3,15422672.0
2024-08-18T16:00:00Z,-0.00009739,0.536500,19741466.4,8770203.1
2024-08-19T00:00:00Z,-0.00063442,0.536700,22302010.7,11049652.0
2024-08-19T08:00:00Z,-0.00055041,0.530800,39337636.3,19347837.9
2024-08-19T16:00:00Z,-0.00045307,0.540200,29317725.2,14455188.7
2024-08-20T00:00:00Z,-0.00027268,0.550600,31103583.4,16255598.4
2024-08-20T08:00:00Z,-0.00056930,0.531100,47486377.4,23504692.1
2024-08-20T16:00:00Z,-0.00040079,0.535100,27955966.7,13197793.5
2024-08-21T00:00:00Z,-0.00017895,0.538600,17864070.0,9111699.4
2024-08-21T08:00:00Z,-0.00092447,0.535900,51125618.8,24685411.0
2024-08-21T16:00:00Z,-0.00001483,0.552700,47684299.8,25119525.2
2024-08-22T00:00:00Z,-0.00091335,0.562700,37880964.3,18613443.3
2024-08-22T08:00:00Z,-0.00014449,0.555400,61391000.7,26212652.6
2024-08-22T16:00:00Z,0,0.561500,18354316.1,9518824.4
2024-08-23T00:00:00Z,-0.00057464,0.570100,40284308.6,19638465.4
2024-08-23T08:00:00Z,-0.00035450,0.576800,68845049.0,33568225.8
2024-08-23T16:00:00Z,0,0.602600,61574204.6,30349159.0
2024-08-24T00:00:00Z,-0.00066794,0.611900,49076045.8,22883745.0
2024-08-24T08:00:00Z,-0.00027891,0.614200,45625349.0,21885214.4
2024-08-24T16:00:00Z,-0.00029778,0.621400,63642090.9,30790376.1
2024-08-25T00:00:00Z,-0.00014465,0.591800,57488248.6,25249000.1
2024-08-25T08:00:00Z,-0.00020281,0.600800,34616413.6,17560044.4
2024-08-25T16:00:00Z,0,0.597300,28616066.9,14009258.5
2024-08-26T00:00:00Z,-0.00082545,0.596700,36955742.9,18293275.1
2024-08-26T08:00:00Z,-0.00109259,0.592400,44383846.6,21808307.6
2024-08-26T16:00:00Z,-0.00082267,0.570600,46584228.1,21569024.2
2024-08-27T00:00:00Z,-0.00027853,0.572300,26836649.9,13450399.5
2024-08-27T08:00:00Z,-0.00045780,0.554200,63476982.5,30546327.9
2024-08-27T16:00:00Z,-0.00078319,0.524800,98263724.4,45389514.0
2024-08-28T00:00:00Z,-0.00053690,0.516800,43844433.0,20612325.2
2024-08-28T08:00:00Z,-0.00025135,0.522200,73652856.1,36258994.1
2024-08-28T16:00:00Z,-0.00026038,0.521500,82609884.4,40456051.0
2024-08-29T00:00:00Z,-0.00071601,0.526200,28067251.0,13772365.2
2024-08-29T08:00:00Z,-0.00042263,0.529700,38084922.7,18913579.7
2024-08-29T16:00:00Z,-0.00058733,0.512500,54813522.5,24375454.9
2024-08-30T00:00:00Z,-0.00066298,0.511900,28995310.1,14173084.9
2024-08-30T08:00:00Z,-0.00040999,0.488400,54239344.6,25852390.8
2024-08-30T16:00:00Z,-0.00036524,0.513600,60641569.9,33105373.1
2024-08-31T00:00:00Z,-0.00032303,0.512400,15381127.1,7763977.1
2024-08-31T08:00:00Z,0,0.512600,16604015.7,7674077.1
2024-08-31T16:00:00Z,-0.00055804,0.513700,18332566.8,8840296.2
2024-09-01T00:00:00Z,0,0.509100,24636631.5,11536673.1
2024-09-01T08:00:00Z,-0.00002496,0.505100,29077090.7,14013946.6
2024-09-01T16:00:00Z,-0.00069932,0.489500,44745817.8,20694525.1
2024-09-02T00:00:00Z,-0.00038312,0.494800,28261988.3,13536075.8
2024-09-02T08:00:00Z,-0.00047060,0.512900,47897010.4,23954516.5
2024-09-02T16:00:00Z,-0.00055127,0.516200,25782444.4,12887715.4
2024-09-03T00:00:00Z,-0.00038569,0.516600,22815828.0,10964175.8
2024-09-03T08:00:00Z,-0.00010876,0.497100,50420849.0,23244270.7
2024-09-03T16:00:00Z,0,0.493800,26802964.0,12712686.7
2024-09-04T00:00:00Z,-0.00090848,0.492200,60336163.4,28884900.1
2024-09-04T08:00:00Z,-0.00043857,0.507200,48793026.1,25075829.4
2024-09-04T16:00:00Z,-0.00000314,0.496900,34473797.6,17374770.8
2024-09-05T00:00:00Z,-0.00056717,0.496100,32039413.2,16299871.8
2024-09-05T08:00:00Z,-0.00018844,0.496800,40177896.3,20230134.7
2024-09-05T16:00:00Z,-0.00057863,0.496900,26659069.5,11969352.4
2024-09-06T00:00:00Z,-0.00077528,0.494100,34550660.6,16875028.0
2024-09-06T08:00:00Z,-0.00120933,0.503900,96814959.1,48657299.7
2024-09-06T16:00:00Z,-0.00060284,0.480400,112055472.6,53585072.7
2024-09-07T00:00:00Z,-0.00049549,0.500200,36002326.8,18514957.1
2024-09-07T08:00:00Z,-0.00112468,0.503200,36679992.4,17602544.2
2024-09-07T16:00:00Z,-0.00018718,0.500900,25137604.6,11725250.7
2024-09-08T00:00:00Z,-0.00034263,0.509300,34456758.5,16930011.9
2024-09-08T08:00:00Z,-0.00049016,0.497700,34139083.0,16300853.8
2024-09-08T16:00:00Z,-0.00042782,0.508400,29628186.8,14597906.7
2024-09-09T00:00:00Z,-0.00067327,0.514400,24789802.1,13334156.2
2024-09-09T08:00:00Z,-0.00015192,0.512100,35828494.4,18028894.1
2024-09-09T16:00:00Z,-0.00013703,0.523700,60667223.0,30571604.6
2024-09-10T00:00:00Z,-0.00028627,0.524400,23266429.1,11482774.6
2024-09-10T08:00:00Z,-0.00068765,0.520400,30007551.3,13105020.3
2024-09-10T16:00:00Z,-0.00050270,0.533200,55501371.2,29196812.2
2024-09-11T00:00:00Z,-0.00084508,0.514900,39675796.5,17393830.8
2024-09-11T08:00:00Z,-0.00013159,0.512400,59682340.2,28520874.1
2024-09-11T16:00:00Z,-0.00035447,0.514200,37694685.3,17848344.5
2024-09-12T00:00:00Z,-0.00060884,0.520600,32669226.3,16964872.0
2024-09-12T08:00:00Z,-0.00057786,0.511500,45050957.4,21374787.3
2024-09-12T16:00:00Z,-0.00016254,0.524600,30036226.8,15827157.8
2024-09-13T00:00:00Z,-0.00030242,0.519400,21714321.9,10452946.3
2024-09-13T08:00:00Z,-0.00005603,0.528600,60573875.4,27671704.5
2024-09-13T16:00:00Z,-0.00060249,0.536600,40333053.3,20057934.2
2024-09-14T00:00:00Z,-0.00042916,0.531900,18938938.4,8528199.3
2024-09-14T08:00:00Z,-0.00075288,0.532800,22727616.7,11274289.6
2024-09-14T16:00:00Z,-0.00037414,0.530300,23302777.6,10740948.8
2024-09-15T00:00:00Z,-0.00049914,0.536900,21702128.9,10553371.9
2024-09-15T08:00:00Z,-0.00047199,0.537500,29658130.5,14344504.2
2024-09-15T16:00:00Z,-0.00088439,0.510600,57256109.3,26598909.5
2024-09-16T00:00:00Z,-0.00052060,0.511400,42970659.9,21538204.4
2024-09-16T08:00:00Z,-0.00071482,0.503500,44688496.8,20650846.2
2024-09-16T16:00:00Z,-0.00110145,0.510200,40507782.6,20104859.4
2024-09-17T00:00:00Z,-0.00055848,0.512500,23283065.5,11641246.3
2024-09-17T08:00:00Z,-0.00051840,0.528000,63918077.5,32288957.6
2024-09-17T16:00:00Z,-0.00086368,0.521600,34602224.8,17255252.6
2024-09-18T00:00:00Z,-0.00035662,0.520400,22743465.6,10486383.6
2024-09-18T08:00:00Z,-0.00041608,0.503400,34850096.6,16340975.3
2024-09-18T16:00:00Z,-0.00029708,0.528900,63811186.3,32069306.7
2024-09-19T00:00:00Z,-0.00064348,0.550100,58117124.2,29254423.4
2024-09-19T08:00:00Z,-0.00029766,0.559500,62954451.5,31169599.9
2024-09-19T16:00:00Z,-0.00014199,0.557300,71482523.7,34104042.6
2024-09-20T00:00:00Z,-0.00071752,0.583200,74194467.2,36417801.9
2024-09-20T08:00:00Z,-0.00069897,0.574700,60120593.1,28247816.5
2024-09-20T16:00:00Z,-0.00044716,0.577100,26820235.4,13472577.2
2024-09-21T00:00:00Z,-0.00067703,0.577300,30655464.6,15255832.6
2024-09-21T08:00:00Z,-0.00023789,0.602300,57880980.7,30757888.8
2024-09-21T16:00:00Z,-0.00032907,0.615500,72829036.8,36185162.1
2024-09-22T00:00:00Z,0,0.600000,49983925.0,23771193.2
2024-09-22T08:00:00Z,-0.00041645,0.593300,49734397.1,23175248.2
2024-09-22T16:00:00Z,-0.00066023,0.599500,48421501.8,24401853.4
2024-09-23T00:00:00Z,-0.00061225,0.606900,64389286.2,31924894.2
2024-09-23T08:00:00Z,-0.00047194,0.603400,52147738.1,23846097.2
2024-09-23T16:00:00Z,-0.00058308,0.598500,31259373.1,15106965.8
2024-09-24T00:00:00Z,-0.00016402,0.598000,48775324.3,23637590.4
2024-09-24T08:00:00Z,-0.00034953,0.590300,56242917.4,25929089.9
2024-09-24T16:00:00Z,0,0.613900,53099919.4,25651844.2
2024-09-25T00:00:00Z,-0.00042265,0.613100,63034949.8,31303328.0
2024-09-25T08:00:00Z,-0.00068930,0.608900,40751388.2,20572330.6
2024-09-25T16:00:00Z,0,0.598200,37759674.3,16534285.9
2024-09-26T00:00:00Z,-0.00025291,0.619600,44678341.9,21475995.5
2024-09-26T08:00:00Z,-0.00007009,0.629800,69892688.3,33131811.4
2024-09-26T16:00:00Z,-0.00020986,0.619600,76482753.6,37847193.2
2024-09-27T00:00:00Z,-0.00065025,0.633700,46861657.2,22532147.3
2024-09-27T08:00:00Z,-0.00066135,0.649500,85697938.6,40859204.1
2024-09-27T16:00:00Z,-0.00022969,0.667600,78128201.0,39873125.6
2024-09-28T00:00:00Z,-0.00035340,0.648400,54225402.9,24807404.5
2024-09-28T08:00:00Z,-0.00034015,0.648200,58363842.2,28898642.3
2024-09-28T16:00:00Z,-0.00043362,0.646900,26509053.9,12997105.4
2024-09-29T00:00:00Z,-0.00017793,0.634700,31738302.5,15466768.5
2024-09-29T08:00:00Z,-0.00064602,0.643000,38819809.4,18690313.1
2024-09-29T16:00:00Z,-0.00034777,0.645300,40926636.9,19510373.4
2024-09-30T00:00:00Z,-0.00060150,0.639200,53950100.7,25494518.5
2024-09-30T08:00:00Z,-0.00007901,0.613400,66150137.8,29878607.9
2024-09-30T16:00:00Z,-0.00051825,0.603900,52797642.7,24648389.0
2024-10-01T00:00:00Z,-0.00043545,0.627200,32786907.7,16420726.9
2024-10-01T08:00:00Z,-0.00098259,0.576400,118489193.9,52565427.7
2024-10-01T16:00:00Z,-0.00100124,0.550200,132602110.6,60215381.0
2024-10-02T00:00:00Z,-0.00021193,0.559700,44495633.3,20888356.9
2024-10-02T08:00:00Z,-0.00061758,0.549600,81942990.3,39777818.8
2024-10-02T16:00:00Z,-0.00035333,0.531400,68208539.0,31321043.1
2024-10-03T00:00:00Z,-0.00070955,0.528700,40751519.1,19201036.9
2024-10-03T08:00:00Z,-0.00031492,0.526100,78056725.9,37764019.2
2024-10-03T16:00:00Z,0,0.533500,40115788.9,19907286.5
2024-10-04T00:00:00Z,-0.00039551,0.549000,35925034.2,17097838.8
2024-10-04T08:00:00Z,-0.00013877,0.560300,45314000.5,22301817.3
2024-10-04T16:00:00Z,0,0.564900,27005662.0,12644909.8
2024-10-05T00:00:00Z,-0.00084670,0.559700,22169107.6,11500394.5
2024-10-05T08:00:00Z,-0.00072725,0.555200,23755936.4,12183605.5
2024-10-05T16:00:00Z,-0.00055172,0.550000,27540535.2,13460802.1
2024-10-06T00:00:00Z,-0.00035470,0.550300,15902471.2,8005903.9
2024-10-06T08:00:00Z,-0.00006020,0.559700,31495066.0,15237548.6
2024-10-06T16:00:00Z,-0.00038490,0.559500,26673323.8,13122455.6
2024-10-07T00:00:00Z,-0.00018791,0.565500,41324344.5,20765488.3
2024-10-07T08:00:00Z,0,0.563600,63173817.3,30049427.9
2024-10-07T16:00:00Z,-0.00062150,0.548900,41790564.9,20525453.7
2024-10-08T00:00:00Z,-0.00015522,0.550200,33944197.9,16679585.0
2024-10-08T08:00:00Z,-0.00028739,0.540300,44451596.7,20692345.0
2024-10-08T16:00:00Z,-0.00031322,0.540300,25775235.4,12907351.4
2024-10-09T00:00:00Z,-0.00076098,0.540900,22016609.1,11381149.3
2024-10-09T08:00:00Z,-0.00038209,0.540900,36744205.0,17311996.2
2024-10-09T16:00:00Z,-0.00039246,0.521300,44279504.1,19671808.6
2024-10-10T00:00:00Z,-0.00062845,0.524500,18926720.2,9609368.8
2024-10-10T08:00:00Z,-0.00016393,0.523700,38877888.0,18280969.3
2024-10-10T16:00:00Z,-0.00037893,0.525200,48448919.0,22812828.6
2024-10-11T00:00:00Z,-0.00059183,0.528800,22159073.2,10684242.9
2024-10-11T08:00:00Z,-0.00102627,0.537200,39724749.5,20218831.1
2024-10-11T16:00:00Z,0,0.533900,38829199.9,18825005.3
2024-10-12T00:00:00Z,0,0.536200,29905105.3,15834032.8
2024-10-12T08:00:00Z,-0.00055350,0.539900,60203111.9,29773593.4
2024-10-12T16:00:00Z,-0.00031578,0.537800,38189775.2,18778603.6
2024-10-13T00:00:00Z,-0.00022196,0.533900,32030264.1,14555271.3
2024-10-13T08:00:00Z,-0.00038718,0.523200,67551888.0,31720251.7
2024-10-13T16:00:00Z,-0.00011390,0.529400,52004332.3,25156265.5
2024-10-14T00:00:00Z,-0.00010481,0.540700,65626170.7,30745523.6
2024-10-14T08:00:00Z,0,0.561600,84987325.3,42446008.7
2024-10-14T16:00:00Z,0.00037038,0.564800,45679783.1,22560794.4
2024-10-15T00:00:00Z,0.00044241,0.563100,54475455.8,26671777.1
2024-10-15T08:00:00Z,-0.00000472,0.558200,161168023.7,74585236.7
2024-10-15T16:00:00Z,-0.00013982,0.567700,52257866.1,24677276.2
2024-10-16T00:00:00Z,0,0.568800,72455153.3,36121118.9
2024-10-16T08:00:00Z,-0.00024875,0.565000,94100326.5,45721221.3
2024-10-16T16:00:00Z,-0.00056698,0.557100,48452974.9,23921607.3
2024-10-17T00:00:00Z,-0.00012899,0.551400,42596804.3,19924751.4
2024-10-17T08:00:00Z,-0.00040579,0.555900,62852505.7,31423833.8
2024-10-17T16:00:00Z,-0.00022349,0.546700,36795322.2,18223112.7
2024-10-18T00:00:00Z,-0.00040063,0.561000,34562390.3,17910516.9
2024-10-18T08:00:00Z,-0.00062465,0.564700,42691310.3,20128202.6
2024-10-18T16:00:00Z,-0.00024893,0.563300,35820653.0,16512266.2
2024-10-19T00:00:00Z,0.00006166,0.567200,25121491.8,12366683.2
2024-10-19T08:00:00Z,-0.00046537,0.560200,30250812.5,14026120.5
2024-10-19T16:00:00Z,-0.00084845,0.565900,24638492.4,11944225.6
2024-10-20T00:00:00Z,-0.00025136,0.572800,35149728.2,17282198.6
2024-10-20T08:00:00Z,-0.00035015,0.601300,120000244.0,59696897.2
2024-10-20T16:00:00Z,0.00003186,0.612800,57799092.4,28277862.5
2024-10-21T00:00:00Z,0,0.600900,43398454.6,19920457.5
2024-10-21T08:00:00Z,0.00024261,0.589400,70707340.1,33829903.3
2024-10-21T16:00:00Z,-0.00020380,0.587900,44452473.3,22720461.8
2024-10-22T00:00:00Z,-0.00026780,0.593200,40861303.9,20958841.9
2024-10-22T08:00:00Z,-0.00055915,0.578800,65883924.2,31802496.5
2024-10-22T16:00:00Z,0,0.579700,27233548.7,13025942.4
2024-10-23T00:00:00Z,-0.00037719,0.571700,33362177.0,16220596.0
2024-10-23T08:00:00Z,-0.00033230,0.556100,68067160.1,31233282.3
2024-10-23T16:00:00Z,-0.00024707,0.559500,57072932.1,27361281.4
2024-10-24T00:00:00Z,-0.00020000,0.560200,37297917.6,17834257.4
2024-10-24T08:00:00Z,-0.00010454,0.561400,46164628.8,23454075.7
2024-10-24T16:00:00Z,0,0.561100,31816637.4,15170169.6
2024-10-25T00:00:00Z,0,0.544700,44173021.5,21313496.2
2024-10-25T08:00:00Z,-0.00053298,0.551900,62358832.4,30512813.5
2024-10-25T16:00:00Z,-0.00114408,0.506400,169450010.6,76391132.3
2024-10-26T00:00:00Z,-0.00082565,0.512400,65847867.1,31508005.8
2024-10-26T08:00:00Z,-0.00081408,0.503800,46399150.5,20198537.3
2024-10-26T16:00:00Z,-0.00000832,0.514200,30941549.4,15270932.7
2024-10-27T00:00:00Z,-0.00068264,0.513500,17502063.6,7624312.1
2024-10-27T08:00:00Z,-0.00023892,0.516300,30069763.6,14758683.1
2024-10-27T16:00:00Z,-0.00047479,0.519200,34079339.2,16408386.2
2024-10-28T00:00:00Z,-0.00050962,0.517400,43282740.5,20434181.3
2024-10-28T08:00:00Z,-0.00048796,0.510200,60564390.3,29140531.0
2024-10-28T16:00:00Z,-0.00024045,0.522500,58941083.1,29759658.8
2024-10-29T00:00:00Z,0,0.530300,42621530.5,20288321.7
2024-10-29T08:00:00Z,-0.00018251,0.540700,64461046.0,31776933.9
2024-10-29T16:00:00Z,0.00030837,0.547600,64648869.4,30085758.3
2024-10-30T00:00:00Z,0.00004964,0.550400,44034479.7,21758788.3
2024-10-30T08:00:00Z,0,0.565100,114443550.5,52826839.0
2024-10-30T16:00:00Z,0,0.557300,55176728.9,26276432.2
2024-10-31T00:00:00Z,-0.00035029,0.548500,42784989.2,18400373.1
2024-10-31T08:00:00Z,0.00010380,0.534700,60846159.2,28007706.6
2024-10-31T16:00:00Z,-0.00005062,0.526800,54505535.6,25565107.6
2024-11-01T00:00:00Z,0,0.524100,39368953.8,18140695.1
2024-11-01T08:00:00Z,0,0.523300,63452429.0,29597163.5
2024-11-01T16:00:00Z,-0.00020002,0.519500,44124645.7,21637104.5
2024-11-02T00:00:00Z,-0.00030124,0.519800,24780229.1,11413975.6
2024-11-02T08:00:00Z,0,0.509600,37510942.1,17954765.8
2024-11-02T16:00:00Z,-0.00012917,0.504200,33264748.1,14552754.2
2024-11-03T00:00:00Z,-0.00037682,0.487100,94786723.0,42704232.4
2024-11-03T08:00:00Z,0,0.474100,117900059.6,58280444.8
2024-11-03T16:00:00Z,-0.00058438,0.481900,47697606.7,22497951.8
2024-11-04T00:00:00Z,-0.00000345,0.480600,38036412.8,18210082.4
2024-11-04T08:00:00Z,-0.00053503,0.479000,53994428.0,26170991.3
2024-11-04T16:00:00Z,-0.00015585,0.473100,73322216.8,35200363.6
2024-11-05T00:00:00Z,-0.00062239,0.481100,34123723.3,16496338.8
2024-11-05T08:00:00Z,-0.00055131,0.487400,55377659.7,28108915.6
2024-11-05T16:00:00Z,-0.00008072,0.490300,47364060.8,22416947.2
2024-11-06T00:00:00Z,0.00035067,0.523300,137516184.3,63951103.7
2024-11-06T08:00:00Z,0,0.522100,87945664.7,43105375.4
2024-11-06T16:00:00Z,0.00012546,0.548800,72077000.2,35932661.7
2024-11-07T00:00:00Z,0.00006791,0.566700,127086400.1,60683732.9
2024-11-07T08:00:00Z,0.00024420,0.576000,119511309.2,58214744.9
2024-11-07T16:00:00Z,0.00028686,0.581000,84731673.8,39940043.6
2024-11-08T00:00:00Z,0.00050021,0.572800,65637933.4,32476271.1
2024-11-08T08:00:00Z,0.00021861,0.585500,75281926.5,36449791.5
2024-11-08T16:00:00Z,0.00031962,0.591800,98531576.5,49310904.1
2024-11-09T00:00:00Z,0,0.601700,90765223.9,45733686.4
2024-11-09T08:00:00Z,0,0.599000,88293960.8,40393804.0
2024-11-09T16:00:00Z,0.00021313,0.619900,73956121.5,36607996.0
2024-11-10T00:00:00Z,0.00066243,0.622700,86944968.8,39975369.4
2024-11-10T08:00:00Z,0.00007467,0.645200,141696436.8,68130994.5
2024-11-10T16:00:00Z,0.00031167,0.629500,142232053.4,65654368.8
2024-11-11T00:00:00Z,0.00053729,0.623700,107168017.2,51495728.9
2024-11-11T08:00:00Z,0.00083514,0.635100,108307779.5,50114628.4
2024-11-11T16:00:00Z,0.00099806,0.672200,140018920.7,68516665.0
2024-11-12T00:00:00Z,0.00071247,0.668800,140243523.7,67154269.8
2024-11-12T08:00:00Z,0.00053766,0.623300,248009275.5,117306816.1
2024-11-12T16:00:00Z,0.00050066,0.630600,82697700.8,39700910.0
2024-11-13T00:00:00Z,0.00006982,0.585900,143202690.5,66122337.6
2024-11-13T08:00:00Z,0.00163040,0.635100,153827162.7,75877642.6
2024-11-13T16:00:00Z,0.00049960,0.612600,135527161.0,66062654.2
2024-11-14T00:00:00Z,0.00054627,0.627300,78031327.5,38347636.5
2024-11-14T08:00:00Z,0.00002488,0.584800,108226372.7,50388610.0
2024-11-14T16:00:00Z,0.00035972,0.580600,86941504.0,42876434.7
2024-11-15T00:00:00Z,0.00039107,0.578800,74552494.4,36432564.9
2024-11-15T08:00:00Z,0.00016329,0.577100,90982000.9,44519595.4
2024-11-15T16:00:00Z,0.00051551,0.606900,68119460.3,32287916.8
2024-11-16T00:00:00Z,0.00049885,0.621200,52950495.5,24339755.6
2024-11-16T08:00:00Z,0,0.656100,157381644.7,80504757.4
2024-11-16T16:00:00Z,0.00085402,0.725700,320803174.1,156764338.5
2024-11-17T00:00:00Z,0.00057894,0.703700,175155341.1,83216115.2
2024-11-17T08:00:00Z,0.00076310,0.687800,111314226.2,51976196.1
2024-11-17T16:00:00Z,0.00099879,0.674600,90735229.0,42832648.7
2024-11-18T00:00:00Z,0.00051506,0.701500,101858565.5,49314656.5
2024-11-18T08:00:00Z,0.00067180,0.706200,123014724.9,57097930.6
2024-11-18T16:00:00Z,0.00004251,0.739100,181415484.0,88774174.1
2024-11-19T00:00:00Z,0.00053424,0.704700,94124900.5,43616455.9
2024-11-19T08:00:00Z,0.00069137,0.693500,110013820.3,54505652.5
2024-11-19T16:00:00Z,0.00043469,0.692400,73577827.2,34372608.4
2024-11-20T00:00:00Z,0.00046037,0.682400,52460166.6,25833785.0
2024-11-20T08:00:00Z,0.00051478,0.696100,162964474.7,78472903.8
2024-11-20T16:00:00Z,-0.00014170,0.672400,113682506.2,51958379.0
2024-11-21T00:00:00Z,0.00033502,0.704600,125459339.9,61280023.9
2024-11-21T08:00:00Z,0.00074337,0.786600,458281657.6,230493635.2
2024-11-21T16:00:00Z,0.00056545,0.779200,163825128.9,80216645.4
2024-11-22T00:00:00Z,0.00085651,0.776900,137956125.5,66252701.0
2024-11-22T08:00:00Z,0.00114303,0.798000,284297831.7,138638508.4
2024-11-22T16:00:00Z,0.00067927,0.809600,126118760.5,59764841.4
2024-11-23T00:00:00Z,0.00109661,0.828600,141574437.5,67076229.9
2024-11-23T08:00:00Z,0.00109408,0.868200,198078056.9,93008104.8
2024-11-23T16:00:00Z,0.00054063,0.856000,194950729.9,93709465.2
2024-11-24T00:00:00Z,0.00035475,0.884600,141173183.3,69857045.5
2024-11-24T08:00:00Z,0.00070723,0.800300,214788104.7,98312035.5
2024-11-24T16:00:00Z,0.00106974,0.862900,86036282.9,42518729.0
2024-11-25T00:00:00Z,0.00063189,0.861300,102788126.6,50479610.6
2024-11-25T08:00:00Z,0.00013843,0.947300,334554643.6,160359453.4
2024-11-25T16:00:00Z,0.00083160,0.905700,218460122.1,104388097.4
2024-11-26T00:00:00Z,0,0.896400,133362722.2,64775947.1
2024-11-26T08:00:00Z,0.00002149,0.854200,177501684.0,82433527.1
2024-11-26T16:00:00Z,0.00044313,0.870800,103437944.8,50036397.1
2024-11-27T00:00:00Z,0.00058654,0.910100,131323216.7,65303080.9
2024-11-27T08:00:00Z,0.00077418,0.927200,146300140.0,71031295.4
2024-11-27T16:00:00Z,0.00078560,0.968300,130388666.8,63764505.1
2024-11-28T00:00:00Z,0.00081462,0.917900,108970828.8,53131563.7
2024-11-28T08:00:00Z,0.00045283,0.889900,154078959.5,72821245.9
2024-11-28T16:00:00Z,0.00061070,0.914300,56791500.0,27304039.4
2024-11-29T00:00:00Z,0.00048536,0.893600,55699084.5,26172350.5
2024-11-29T08:00:00Z,0.00050141,0.926100,89920467.9,43714800.5
2024-11-29T16:00:00Z,0.00072457,0.931200,54131108.6,24990511.1
2024-11-30T00:00:00Z,0.00086926,0.969200,150812279.1,76728629.4
2024-11-30T08:00:00Z,0.00036749,0.957300,84390994.1,38373867.0
2024-11-30T16:00:00Z,0.00073986,0.971900,68127152.1,32668452.2
2024-12-01T00:00:00Z,0.00079285,0.963900,97395250.0,46059154.9
2024-12-01T08:00:00Z,0.00088362,0.986900,85312326.6,39282086.0
2024-12-01T16:00:00Z,0.00138218,0.969900,81758810.3,38546143.6
2024-12-02T00:00:00Z,0.00049832,0.955400,154766707.0,73054821.2
2024-12-02T08:00:00Z,0.00063353,0.971300,192967907.8,89209220.3
2024-12-02T16:00:00Z,0.00099853,1.027700,205154958.1,102326738.5
2024-12-03T00:00:00Z,0.00086654,1.062900,137177751.9,69192358.1
2024-12-03T08:00:00Z,0.00123497,1.007600,201567350.3,95154107.9
2024-12-03T16:00:00Z,0.00026750,1.045800,102056152.5,48680314.0
2024-12-04T00:00:00Z,0.00092973,1.115800,139025928.9,68835850.0
2024-12-04T08:00:00Z,0.00097905,1.163400,174850826.2,86699219.2
2024-12-04T16:00:00Z,0.00079939,1.136800,183602677.1,84382572.1
2024-12-05T00:00:00Z,0.00087029,1.125500,136442202.0,66819092.7
2024-12-05T08:00:00Z,0.00092855,1.138500,108782480.3,52478880.3
2024-12-05T16:00:00Z,0.00044759,1.102500,118474851.6,55840206.9
2024-12-06T00:00:00Z,0.00088731,1.157500,81736052.6,40378060.8
2024-12-06T08:00:00Z,0.00088089,1.212000,168191995.8,84977420.0
2024-12-06T16:00:00Z,0.00089168,1.174500,101965855.4,48755846.9
2024-12-07T00:00:00Z,0.00103915,1.168300,55553932.3,27658475.5
2024-12-07T08:00:00Z,0.00054246,1.172400,49224123.1,22554573.7
2024-12-07T16:00:00Z,0.00029714,1.164100,38780644.5,18410463.2
2024-12-08T00:00:00Z,0.00055348,1.161100,49426109.5,21847040.6
2024-12-08T08:00:00Z,0.00086104,1.156100,62516512.4,29315660.5
2024-12-08T16:00:00Z,0.00105396,1.159400,29699836.7,13714055.7
2024-12-09T00:00:00Z,0.00045001,1.105700,98277048.3,47107632.5
2024-12-09T08:00:00Z,0.00031533,1.066100,156836338.1,74761998.4
2024-12-09T16:00:00Z,-0.00034067,0.959800,311084710.9,136665797.5
2024-12-10T00:00:00Z,0.00008753,0.958500,166391349.2,79665639.8
2024-12-10T08:00:00Z,-0.00038963,0.909700,200839932.4,94859424.7
2024-12-10T16:00:00Z,-0.00015381,0.938100,171136548.6,82692096.0
2024-12-11T00:00:00Z,-0.00025148,0.919400,83317132.9,39842591.5
2024-12-11T08:00:00Z,-0.00007449,1.008700,136694648.3,67660248.1
2024-12-11T16:00:00Z,0,0.999300,68152408.4,33070629.2
2024-12-12T00:00:00Z,0,1.054200,107600635.1,53348247.3
2024-12-12T08:00:00Z,0.00008802,1.074300,153827540.8,75398991.2
2024-12-12T16:00:00Z,-0.00024364,1.026900,105640533.5,49122338.1
2024-12-13T00:00:00Z,0.00032369,1.040000,122544008.7,57432706.0
2024-12-13T08:00:00Z,-0.00006326,1.029000,97052027.8,47414668.8
2024-12-13T16:00:00Z,0.00016787,1.033900,85918386.0,41481914.6
2024-12-14T00:00:00Z,-0.00013771,1.028800,53755935.3,26575518.3
2024-12-14T08:00:00Z,-0.00067621,0.989200,107924405.6,49863292.5
2024-12-14T16:00:00Z,-0.00068974,0.983500,76208898.0,35667971.9
2024-12-15T00:00:00Z,-0.00007767,0.965600,49539871.7,23258403.8
2024-12-15T08:00:00Z,-0.00007370,1.001800,53280709.3,26230568.5
2024-12-15T16:00:00Z,-0.00002776,1.016900,96615812.7,47212479.0
2024-12-16T00:00:00Z,-0.00000235,1.009500,108143467.9,50306179.2
2024-12-16T08:00:00Z,-0.00015481,0.988400,83848273.6,40406150.8
2024-12-16T16:00:00Z,-0.00011538,1.002800,109713146.4,52547021.6
2024-12-17T00:00:00Z,0,0.981000,75326269.9,37232433.9
2024-12-17T08:00:00Z,-0.00057177,0.966000,109172361.4,53348992.1
2024-12-17T16:00:00Z,0,0.948100,84207761.0,39356101.7
2024-12-18T00:00:00Z,-0.00032452,0.929400,80572304.8,39575461.2
2024-12-18T08:00:00Z,-0.00032719,0.931100,70666961.2,35324672.7
2024-12-18T16:00:00Z,-0.00063125,0.860600,210769910.6,96747315.6
2024-12-19T00:00:00Z,-0.00055955,0.855500,147691841.7,67487649.3
2024-12-19T08:00:00Z,-0.00056973,0.837800,105962570.8,53306883.1
2024-12-19T16:00:00Z,-0.00068262,0.779400,234003361.9,110156680.4
2024-12-20T00:00:00Z,0,0.782100,103332471.2,52481766.8
2024-12-20T08:00:00Z,-0.00039380,0.755200,326004072.3,154670916.2
2024-12-20T16:00:00Z,-0.00046299,0.796000,102776645.4,50488965.3
2024-12-21T00:00:00Z,-0.00085853,0.833800,73809932.9,36217632.2
2024-12-21T08:00:00Z,-0.00050475,0.765200,130901724.9,60691728.2
2024-12-21T16:00:00Z,0.00002248,0.749200,94056682.6,46003748.0
2024-12-22T00:00:00Z,0.00013064,0.743000,65529117.5,31416737.6
2024-12-22T08:00:00Z,-0.00034104,0.745200,94077999.0,46026691.7
2024-12-22T16:00:00Z,-0.00036714,0.746600,84099604.4,40704763.9
2024-12-23T00:00:00Z,-0.00001737,0.754400,80380329.5,40234210.2
2024-12-23T08:00:00Z,0,0.750200,74206122.8,37571942.1
2024-12-23T16:00:00Z,-0.00013390,0.800100,104759799.5,52129302.0
2024-12-24T00:00:00Z,-0.00008676,0.795300,48563928.2,23925177.3
2024-12-24T08:00:00Z,-0.00075396,0.829300,69769122.4,33852467.0
2024-12-24T16:00:00Z,-0.00027290,0.817600,66885717.6,31747580.6
2024-12-25T00:00:00Z,-0.00031266,0.800000,41284751.4,19275022.7
2024-12-25T08:00:00Z,0,0.797200,61272889.7,28483492.2
2024-12-25T16:00:00Z,-0.00027692,0.805000,39805393.7,19467738.2
2024-12-26T00:00:00Z,-0.00017419,0.772700,46851194.1,20258686.7
2024-12-26T08:00:00Z,-0.00037634,0.749700,80895327.6,38947620.5
2024-12-26T16:00:00Z,-0.00029929,0.753000,44581482.3,21503595.8
2024-12-27T00:00:00Z,-0.00001431,0.757300,49797607.6,24807095.2
2024-12-27T08:00:00Z,0,0.761900,80959456.7,38010956.0
2024-12-27T16:00:00Z,-0.00030321,0.760200,50270756.8,24239989.8
2024-12-28T00:00:00Z,-0.00078366,0.749100,26831199.0,12224568.0
2024-12-28T08:00:00Z,0,0.763300,33766976.2,16146713.4
2024-12-28T16:00:00Z,-0.00041616,0.775500,23781282.5,11950955.0
2024-12-29T00:00:00Z,-0.00032056,0.781200,30005934.8,15867746.0
2024-12-29T08:00:00Z,-0.00073836,0.760900,37539092.8,16297610.9
2024-12-29T16:00:00Z,-0.00065686,0.742100,55060347.1,24130630.2
2024-12-30T00:00:00Z,-0.00025843,0.765500,41210994.9,21053626.6
2024-12-30T08:00:00Z,-0.00102716,0.728700,66841118.1,31463706.5
2024-12-30T16:00:00Z,-0.00034310,0.732900,67910444.2,33864623.6
2024-12-31T00:00:00Z,-0.00002856,0.721600,31155360.1,15006933.5
2024-12-31T08:00:00Z,0,0.744900,50212966.6,22848461.2
2024-12-31T16:00:00Z,-0.00025743,0.721800,38791575.7,19747165.3
2025-01-01T00:00:00Z,0,0.720100,20052751.2,9466188.3
2025-01-01T08:00:00Z,0,0.729800,37580467.6,18506521.1
2025-01-01T16:00:00Z,0,0.745900,38150790.3,18242128.0
2025-01-02T00:00:00Z,0,0.767800,38195482.8,19551151.2
2025-01-02T08:00:00Z,0.00016282,0.773900,59108609.2,29170392.7
2025-01-02T16:00:00Z,0,0.776000,35575079.3,17367467.9
2025-01-03T00:00:00Z,-0.00016489,0.763500,32781358.2,13782814.3
2025-01-03T08:00:00Z,-0.00015707,0.826600,62064393.8,31839313.4
2025-01-03T16:00:00Z,0.00003358,0.834600,49399292.7,23427964.6
2025-01-04T00:00:00Z,0,0.841300,36020231.1,16746456.4
2025-01-04T08:00:00Z,0.00012405,0.865900,104644367.9,52221546.4
2025-01-04T16:00:00Z,-0.00039307,0.894400,87589046.2,42494287.0
2025-01-05T00:00:00Z,-0.00009239,0.903900,67953249.4,33629397.2
2025-01-05T08:00:00Z,-0.00049260,0.891300,73855021.0,34988807.0
2025-01-05T16:00:00Z,-0.00084314,0.915700,55486757.0,28470658.2
2025-01-06T00:00:00Z,-0.00024674,0.938500,92782342.5,43249949.2
2025-01-06T08:00:00Z,0.00007170,0.941300,90013150.2,43800911.7
2025-01-06T16:00:00Z,-0.00020204,0.918600,60471457.8,27698411.9
2025-01-07T00:00:00Z,0.00010085,0.907200,33329197.4,15357077.5
2025-01-07T08:00:00Z,-0.00028172,0.855500,118867899.9,56433284.6
2025-01-07T16:00:00Z,-0.00040642,0.820200,81241428.5,39289539.6
2025-01-08T00:00:00Z,-0.00051368,0.800800,72366197.3,32304233.4
2025-01-08T08:00:00Z,-0.00036236,0.798900,62595043.2,30380376.9
2025-01-08T16:00:00Z,-0.00089635,0.786500,99691950.9,47590043.2
2025-01-09T00:00:00Z,0,0.759100,47820103.3,22656606.7
2025-01-09T08:00:00Z,-0.00079673,0.776000,78616236.9,40032494.1
2025-01-09T16:00:00Z,-0.00034277,0.742800,65428098.3,32257235.7
2025-01-10T00:00:00Z,0,0.766000,45283471.7,22507586.2
2025-01-10T08:00:00Z,-0.00017697,0.748900,101053904.8,49834135.7
2025-01-10T16:00:00Z,-0.00097919,0.747500,50073211.0,23061183.1
2025-01-11T00:00:00Z,-0.00016527,0.734900,25222998.9,11014939.3
2025-01-11T08:00:00Z,-0.00013969,0.732700,37333039.0,17891044.8
2025-01-11T16:00:00Z,-0.00009406,0.743700,50878047.3,24311957.9
2025-01-12T00:00:00Z,-0.00027386,0.734700,25499870.5,12932815.1
2025-01-12T08:00:00Z,-0.00026735,0.747200,48488950.3,25562749.8
2025-01-12T16:00:00Z,-0.00026285,0.730000,43627057.5,19728495.2
2025-01-13T00:00:00Z,-0.00006788,0.702000,84090223.5,39293398.8
2025-01-13T08:00:00Z,-0.00084760,0.686000,154339366.7,71161834.6
2025-01-13T16:00:00Z,-0.00051816,0.702600,74149448.5,36619098.7
2025-01-14T00:00:00Z,-0.00005561,0.715300,41163032.9,20364372.5
2025-01-14T08:00:00Z,-0.00060510,0.723600,69420873.5,31693611.8
2025-01-14T16:00:00Z,-0.00006717,0.738400,41293020.9,20663774.6
2025-01-15T00:00:00Z,-0.00034470,0.740900,30291870.4,14718624.3
2025-01-15T08:00:00Z,-0.00042120,0.775800,98111608.6,48300975.2
2025-01-15T16:00:00Z,-0.00061231,0.791300,52481740.9,26854515.5
2025-01-16T00:00:00Z,0,0.772000,37072211.2,17833852.9
2025-01-16T08:00:00Z,0,0.769600,112809913.0,53916202.9
2025-01-16T16:00:00Z,-0.00022366,0.757100,55040213.6,26459687.8
2025-01-17T00:00:00Z,-0.00005770,0.781200,41989049.2,21282217.6
2025-01-17T08:00:00Z,-0.00015972,0.799900,77961968.9,38432383.9
2025-01-17T16:00:00Z,-0.00041278,0.815000,67796432.5,34616732.4
2025-01-18T00:00:00Z,-0.00042318,0.760300,96821194.3,44760745.2
2025-01-18T08:00:00Z,-0.00089319,0.766800,81483401.9,41754684.3
2025-01-18T16:00:00Z,-0.00073330,0.766700,54425871.1,26204978.5
2025-01-19T00:00:00Z,-0.00015013,0.751800,65640596.3,31477187.4
2025-01-19T08:00:00Z,-0.00064875,0.775800,227072971.4,106497286.0
2025-01-19T16:00:00Z,-0.00060849,0.697700,225998932.2,107903628.9
2025-01-20T00:00:00Z,0.00011572,0.741800,223380621.5,106825901.8
2025-01-20T08:00:00Z,-0.00044210,0.723000,113484309.3,56036185.6
2025-01-20T16:00:00Z,-0.00043877,0.698100,166350462.5,81525630.9
2025-01-21T00:00:00Z,-0.00065663,0.684700,83889034.2,40630948.8
2025-01-21T08:00:00Z,0.00043566,0.713700,79794251.7,40048501.7
2025-01-21T16:00:00Z,-0.00003046,0.722000,94630591.3,43304037.2
2025-01-22T00:00:00Z,-0.00010886,0.714300,53120566.0,26905710.9
2025-01-22T08:00:00Z,-0.00021396,0.704800,67220898.9,30263839.6
2025-01-22T16:00:00Z,0.00002543,0.700800,43033450.0,21382273.9
2025-01-23T00:00:00Z,-0.00020951,0.700400,41510410.9,21586495.1
2025-01-23T08:00:00Z,0.00025475,0.708200,83769176.9,41476245.9
2025-01-23T16:00:00Z,-0.00044750,0.720000,100601725.9,49303632.8
2025-01-24T00:00:00Z,-0.00008999,0.728300,69142075.8,34798294.4
2025-01-24T08:00:00Z,-0.00008123,0.724500,53299888.1,25144970.0
2025-01-24T16:00:00Z,-0.00050981,0.698900,47343381.7,22563030.2
2025-01-25T00:00:00Z,-0.00004442,0.693300,37268353.8,17760689.7
2025-01-25T08:00:00Z,-0.00039910,0.703400,36518660.6,17727726.2
2025-01-25T16:00:00Z,-0.00042258,0.700400,31939343.7,14528335.8
2025-01-26T00:00:00Z,-0.00033106,0.713400,33772252.9,17019283.2
2025-01-26T08:00:00Z,-0.00038408,0.705900,30023035.1,14228802.5
2025-01-26T16:00:00Z,-0.00105685,0.675200,56998827.3,26814990.2
2025-01-27T00:00:00Z,-0.00010309,0.621200,151273173.8,71157229.0
2025-01-27T08:00:00Z,-0.00043555,0.635400,102663495.6,51800803.6
2025-01-27T16:00:00Z,0,0.643100,74653383.9,36057530.4
2025-01-28T00:00:00Z,-0.00063646,0.641700,38351262.4,18080645.3
2025-01-28T08:00:00Z,-0.00009871,0.630500,51728458.4,23809061.4
2025-01-28T16:00:00Z,-0.00062320,0.592100,75089645.2,34282911.3
2025-01-29T00:00:00Z,0,0.618300,39827221.0,19243922.0
2025-01-29T08:00:00Z,-0.00032798,0.601900,40565522.2,20593752.2
2025-01-29T16:00:00Z,0,0.605000,94569662.5,46807065.3
2025-01-30T00:00:00Z,-0.00010381,0.623000,36354505.8,18294822.9
2025-01-30T08:00:00Z,-0.00030186,0.636300,47137297.6,24591312.7
2025-01-30T16:00:00Z,-0.00017670,0.629900,37841475.6,17878051.4
2025-01-31T00:00:00Z,-0.00045891,0.630100,36374491.8,17653063.0
2025-01-31T08:00:00Z,-0.00014810,0.671500,70266852.4,35194989.8
2025-01-31T16:00:00Z,0.00008096,0.641200,68509645.2,32995687.2
2025-02-01T00:00:00Z,-0.00011713,0.634700,163991761.6,79911609.3
2025-02-01T08:00:00Z,-0.00018244,0.619400,47111526.0,21905769.5
2025-02-01T16:00:00Z,-0.00087019,0.577500,88971101.4,39115559.5
2025-02-02T00:00:00Z,-0.00017567,0.568400,66069832.1,29767878.5
2025-02-02T08:00:00Z,-0.00064678,0.561800,65569639.9,31225827.4
2025-02-02T16:00:00Z,-0.00066720,0.493400,310133712.9,141590043.6
2025-02-03T00:00:00Z,-0.00044792,0.439900,531705831.5,252699745.9
2025-02-03T08:00:00Z,-0.00128864,0.464500,235044523.4,114584896.5
2025-02-03T16:00:00Z,-0.00048175,0.510500,150919074.7,74267543.0
2025-02-04T00:00:00Z,0,0.456200,138264037.9,65035336.7
2025-02-04T08:00:00Z,-0.00003968,0.475800,132174349.8,65730941.3
2025-02-04T16:00:00Z,-0.00091294,0.477200,155029684.7,80310832.0
2025-02-05T00:00:00Z,-0.00029261,0.487000,68436355.7,34080537.5
2025-02-05T08:00:00Z,-0.00053774,0.487200,77683141.8,36227149.4
2025-02-05T16:00:00Z,-0.00034444,0.470400,83004808.5,41070275.7
2025-02-06T00:00:00Z,-0.00019318,0.477600,51337948.6,24996209.8
2025-02-06T08:00:00Z,-0.00011319,0.446400,89838536.1,42535481.7
2025-02-06T16:00:00Z,-0.00094323,0.445200,67945619.0,35092138.9
2025-02-07T00:00:00Z,-0.00048689,0.443800,73123554.2,39068281.4
2025-02-07T08:00:00Z,-0.00021595,0.453100,95609795.6,44113104.4
2025-02-07T16:00:00Z,-0.00037526,0.432300,95963158.6,48441528.0
2025-02-08T00:00:00Z,-0.00087944,0.434700,37255224.0,17611193.6
2025-02-08T08:00:00Z,-0.00014948,0.436100,36148454.2,17529452.2
2025-02-08T16:00:00Z,-0.00033954,0.449700,38631095.4,20613821.0
2025-02-09T00:00:00Z,0,0.458300,38830096.2,20972203.1
2025-02-09T08:00:00Z,-0.00041694,0.455100,44222941.9,21638535.9
2025-02-09T16:00:00Z,-0.00097071,0.448600,61897520.2,29070775.8
2025-02-10T00:00:00Z,-0.00012041,0.457700,60531677.9,31651304.8
2025-02-10T08:00:00Z,-0.00018402,0.463800,51459691.4,25629901.9
2025-02-10T16:00:00Z,0,0.472200,40904489.5,18813579.6
2025-02-11T00:00:00Z,-0.00050192,0.489800,44781272.0,22536851.4
2025-02-11T08:00:00Z,-0.00022081,0.471400,65012958.0,32554564.7
2025-02-11T16:00:00Z,-0.00092142,0.462500,51661956.4,25338392.8
2025-02-12T00:00:00Z,-0.00079083,0.466400,41218262.4,20810280.1
2025-02-12T08:00:00Z,-0.00068587,0.466100,108079823.6,52871087.5
2025-02-12T16:00:00Z,0,0.493700,78703095.9,40750927.6
2025-02-13T00:00:00Z,0,0.486500,47738083.0,22208088.5
2025-02-13T08:00:00Z,-0.00083703,0.482100,54359933.1,26901647.0
2025-02-13T16:00:00Z,-0.00017927,0.487000,34858275.0,16653544.4
2025-02-14T00:00:00Z,-0.00082515,0.490800,28218302.8,14021807.3
2025-02-14T08:00:00Z,0,0.503200,49510968.3,24033703.4
2025-02-14T16:00:00Z,-0.00024566,0.497300,51589518.4,24676006.7
2025-02-15T00:00:00Z,-0.00114985,0.487700,23819081.7,11536641.9
2025-02-15T08:00:00Z,-0.00027588,0.476600,37200229.5,16961643.4
2025-02-15T16:00:00Z,-0.00066152,0.476400,23914269.6,11340831.7
2025-02-16T00:00:00Z,-0.00003043,0.474700,26656710.8,12612091.8
2025-02-16T08:00:00Z,-0.00075972,0.481900,42926535.4,19921122.3
2025-02-16T16:00:00Z,-0.00089522,0.473700,39676467.4,18437651.4
2025-02-17T00:00:00Z,-0.00081502,0.476400,41076177.2,20162533.4
2025-02-17T08:00:00Z,-0.00061246,0.494700,89269957.2,46779180.6
2025-02-17T16:00:00Z,0.00017713,0.496600,76462967.4,35292966.1
2025-02-18T00:00:00Z,-0.00039844,0.465000,74461765.7,34887263.3
2025-02-18T08:00:00Z,-0.00038574,0.449200,141017488.2,68322744.2
2025-02-18T16:00:00Z,-0.00005027,0.460200,89135325.3,43565782.8
2025-02-19T00:00:00Z,-0.00030895,0.467300,49789766.9,24033286.1
2025-02-19T08:00:00Z,-0.00015045,0.463900,63123859.9,31262514.1
2025-02-19T16:00:00Z,-0.00095006,0.470800,56810035.6,28451869.7
2025-02-20T00:00:00Z,-0.00012776,0.476600,48520323.8,23426715.5
2025-02-20T08:00:00Z,0.00029437,0.477300,80667597.1,40614510.3
2025-02-20T16:00:00Z,-0.00093469,0.490400,60422399.9,30413809.5
2025-02-21T00:00:00Z,-0.00002247,0.493800,35811886.2,18637493.9
2025-02-21T08:00:00Z,-0.00050743,0.484900,116887989.3,57215922.1
2025-02-21T16:00:00Z,0.00002058,0.467800,134669765.0,63099006.1
2025-02-22T00:00:00Z,-0.00024693,0.472100,44743767.4,21028743.9
2025-02-22T08:00:00Z,0.00044886,0.481300,42115720.5,19750632.3
2025-02-22T16:00:00Z,-0.00020888,0.476300,39439491.9,20814493.8
2025-02-23T00:00:00Z,-0.00025425,0.489300,38873168.2,19483555.3
2025-02-23T08:00:00Z,-0.00060118,0.474500,44736180.7,20849811.1
2025-02-23T16:00:00Z,-0.00036579,0.477900,35495632.8,16890543.7
2025-02-24T00:00:00Z,-0.00052533,0.454600,94086105.8,45367978.0
2025-02-24T08:00:00Z,-0.00079513,0.442700,95802654.1,46482579.0
2025-02-24T16:00:00Z,-0.00015850,0.410800,154364663.7,73448215.4
2025-02-25T00:00:00Z,-0.00048450,0.392100,197029223.1,97272950.2
2025-02-25T08:00:00Z,-0.00058808,0.407600,169578314.8,89231013.2
2025-02-25T16:00:00Z,-0.00061114,0.419300,95470974.1,48186520.7
2025-02-26T00:00:00Z,-0.00046459,0.422700,42981678.7,21317761.3
2025-02-26T08:00:00Z,-0.00032124,0.423700,78207849.0,38651436.4
2025-02-26T16:00:00Z,-0.00050642,0.422300,125127463.3,64133680.5
2025-02-27T00:00:00Z,-0.00033962,0.435400,53104865.6,27763506.7
2025-02-27T08:00:00Z,-0.00020968,0.430900,61686340.9,30558064.7
2025-02-27T16:00:00Z,-0.00035269,0.424800,58950698.8,28060004.6
2025-02-28T00:00:00Z,-0.00035239,0.389500,158506098.7,75031527.6
2025-02-28T08:00:00Z,-0.00026588,0.417100,111899375.0,55276308.7
2025-02-28T16:00:00Z,0,0.421800,47786182.7,24762747.1
2025-03-01T00:00:00Z,0,0.418100,44639766.1,21562505.1
2025-03-01T08:00:00Z,-0.00111850,0.408800,54797705.8,26524179.1
2025-03-01T16:00:00Z,-0.00091136,0.417600,37469761.4,19184193.8
2025-03-02T00:00:00Z,-0.00058500,0.417100,32080910.6,15278421.7
2025-03-02T08:00:00Z,-0.00010048,0.421700,76819742.0,37177152.4
2025-03-02T16:00:00Z,-0.00010450,0.462800,150086946.0,74090139.8
2025-03-03T00:00:00Z,-0.00040882,0.433100,77545380.2,34303614.9
2025-03-03T08:00:00Z,-0.00023387,0.421600,95902502.3,47174000.1
2025-03-03T16:00:00Z,-0.00085980,0.391400,151014464.1,71477154.3
2025-03-04T00:00:00Z,-0.00037062,0.375600,158453281.7,77837355.4
2025-03-04T08:00:00Z,-0.00077247,0.371900,132169173.9,64140996.0
2025-03-04T16:00:00Z,-0.00023743,0.379600,133017005.5,62205772.5
2025-03-05T00:00:00Z,-0.00068429,0.382500,51095365.4,25732485.8
2025-03-05T08:00:00Z,-0.00049256,0.415200,360394973.9,182894583.7
2025-03-05T16:00:00Z,-0.00087726,0.414800,96171190.3,46043887.0
2025-03-06T00:00:00Z,-0.00010252,0.421100,74468353.4,38652139.7
2025-03-06T08:00:00Z,-0.00004650,0.416300,81310738.0,40404487.0
2025-03-06T16:00:00Z,-0.00029763,0.403500,77842292.6,38275853.2
2025-03-07T00:00:00Z,0,0.406400,103999196.7,55297344.3
2025-03-07T08:00:00Z,-0.00067701,0.409000,71593138.4,35945436.3
2025-03-07T16:00:00Z,-0.00042717,0.394600,88661373.2,43218144.6
2025-03-08T00:00:00Z,-0.00064391,0.387800,31622677.1,15530803.3
2025-03-08T08:00:00Z,-0.00081908,0.390000,46673081.9,23028829.4
2025-03-08T16:00:00Z,-0.00015075,0.397700,46979453.1,22335489.1
2025-03-09T00:00:00Z,-0.00044316,0.387800,30598684.6,14857789.5
2025-03-09T08:00:00Z,-0.00038202,0.368100,70760636.2,32393611.6
2025-03-09T16:00:00Z,0,0.349200,123367164.5,60388970.2
2025-03-10T00:00:00Z,-0.00040748,0.359600,75498154.5,36767549.6
2025-03-10T08:00:00Z,-0.00065809,0.344800,140983063.1,69609620.9
2025-03-10T16:00:00Z,-0.00071333,0.320100,181123157.7,92255653.4
2025-03-11T00:00:00Z,-0.00042535,0.330600,190239361.2,95793395.1
2025-03-11T08:00:00Z,-0.00104797,0.330300,143355289.8,70294402.0
2025-03-11T16:00:00Z,-0.00032410,0.337500,88141944.2,42185952.4
2025-03-12T00:00:00Z,-0.00052040,0.338200,80291755.4,40108756.0
2025-03-12T08:00:00Z,-0.00037612,0.337500,138297325.9,65574292.6
2025-03-12T16:00:00Z,-0.00030848,0.348400,49796428.6,24779148.4
2025-03-13T00:00:00Z,-0.00061566,0.342300,56802866.0,27082593.8
2025-03-13T08:00:00Z,0,0.341500,79516036.9,38649117.7
2025-03-13T16:00:00Z,-0.00015889,0.343600,66282052.6,34750169.5
2025-03-14T00:00:00Z,-0.00091540,0.347300,37841320.7,16625902.5
2025-03-14T08:00:00Z,-0.00023678,0.360200,64418527.8,31666680.2
2025-03-14T16:00:00Z,-0.00013835,0.358700,50132420.6,23050317.7
2025-03-15T00:00:00Z,-0.00056251,0.359800,27226547.7,13815313.6
2025-03-15T08:00:00Z,0,0.362800,36305925.0,19053323.9
2025-03-15T16:00:00Z,-0.00052780,0.364000,32549015.6,16588173.9
2025-03-16T00:00:00Z,-0.00071861,0.362600,27386525.4,13165246.0
2025-03-16T08:00:00Z,-0.00111267,0.348900,63728342.7,28604936.7
2025-03-16T16:00:00Z,-0.00120781,0.348000,58927353.5,30746610.7
2025-03-17T00:00:00Z,-0.00021246,0.365700,50139721.3,26195959.8
2025-03-17T08:00:00Z,-0.00039769,0.368400,78022117.3,39371405.7
2025-03-17T16:00:00Z,-0.00027103,0.369600,41157648.1,20129033.5
2025-03-18T00:00:00Z,-0.00043919,0.362300,38455981.4,20191325.1
2025-03-18T08:00:00Z,-0.00033314,0.355600,48963413.2,23785748.5
2025-03-18T16:00:00Z,-0.00039133,0.371300,50472896.7,24212229.6
2025-03-19T00:00:00Z,-0.00031165,0.368000,40563067.1,19723530.1
2025-03-19T08:00:00Z,-0.00064278,0.384900,94233214.9,50463082.4
2025-03-19T16:00:00Z,-0.00098092,0.384800,68165169.0,33358575.1
2025-03-20T00:00:00Z,-0.00075167,0.375100,36728999.5,16106487.0
2025-03-20T08:00:00Z,-0.00045739,0.371000,53214046.2,27524741.9
2025-03-20T16:00:00Z,-0.00027173,0.375400,33707591.2,16573348.3
2025-03-21T00:00:00Z,-0.00033907,0.371600,27857218.3,12308645.7
2025-03-21T08:00:00Z,-0.00046860,0.360400,45897449.0,20769132.4
2025-03-21T16:00:00Z,-0.00033321,0.359500,33031341.0,15983974.5
2025-03-22T00:00:00Z,-0.00035610,0.366200,24463359.9,13736656.4
2025-03-22T08:00:00Z,-0.00037117,0.365100,27866668.2,13342017.9
2025-03-22T16:00:00Z,-0.00043305,0.364800,25638574.5,13516651.9
2025-03-23T00:00:00Z,-0.00094512,0.372500,24539866.6,12228260.2
2025-03-23T08:00:00Z,-0.00033226,0.367500,24955266.4,11364226.8
2025-03-23T16:00:00Z,-0.00060623,0.368400,25772636.3,12903975.0
2025-03-24T00:00:00Z,-0.00138113,0.380800,67803649.5,34712367.9
2025-03-24T08:00:00Z,-0.00058156,0.390100,73205274.6,41885783.7
2025-03-24T16:00:00Z,-0.00039226,0.390800,40588684.4,18761928.2
2025-03-25T00:00:00Z,-0.00024237,0.387100,31650677.9,14361189.1
2025-03-25T08:00:00Z,-0.00082602,0.390600,38709492.1,18515998.2
2025-03-25T16:00:00Z,-0.00009376,0.393300,32981105.9,16516746.4
2025-03-26T00:00:00Z,-0.00018252,0.400300,37215605.2,19871241.9
2025-03-26T08:00:00Z,-0.00037496,0.385000,71465086.7,31909724.6
2025-03-26T16:00:00Z,-0.00047672,0.381700,40307589.1,18354299.5
2025-03-27T00:00:00Z,-0.00039378,0.386200,24663307.6,10777121.5
2025-03-27T08:00:00Z,-0.00030514,0.383200,46499540.3,24984205.7
2025-03-27T16:00:00Z,-0.00029829,0.384100,37630039.5,20191311.9
2025-03-28T00:00:00Z,-0.00072936,0.358300,62525476.6,27099264.8
2025-03-28T08:00:00Z,-0.00073557,0.348000,66157200.0,31657024.6
2025-03-28T16:00:00Z,-0.00058576,0.347600,45089086.8,21374047.6
2025-03-29T00:00:00Z,-0.00041485,0.335400,45529279.5,19536264.6
2025-03-29T08:00:00Z,-0.00073237,0.332500,61593982.5,31505136.7
2025-03-29T16:00:00Z,-0.00024613,0.330800,45493461.7,22286521.2
2025-03-30T00:00:00Z,-0.00039766,0.334600,34727922.6,17346272.1
2025-03-30T08:00:00Z,-0.00067877,0.332400,62401696.1,29248332.5
2025-03-30T16:00:00Z,0,0.331800,41896889.2,19831165.1
2025-03-31T00:00:00Z,-0.00016869,0.324900,42669627.8,20176917.5
2025-03-31T08:00:00Z,-0.00086127,0.332200,74858638.3,41096960.4
2025-03-31T16:00:00Z,-0.00062968,0.327700,34265891.0,15093107.3
2025-04-01T00:00:00Z,-0.00043057,0.334200,37476312.2,19607181.2
2025-04-01T08:00:00Z,-0.00044119,0.339700,70188391.8,35593706.5
2025-04-01T16:00:00Z,-0.00053887,0.333200,32470587.7,16925117.1
2025-04-02T00:00:00Z,-0.00054192,0.320500,64311221.7,31953449.7
2025-04-02T08:00:00Z,0.00012851,0.332800,78833900.7,40003685.9
2025-04-02T16:00:00Z,0,0.306900,125362771.9,61584048.8
2025-04-03T00:00:00Z,-0.00045041,0.307000,63135045.3,32250784.8
2025-04-03T08:00:00Z,-0.00071311,0.301500,121472818.4,59924544.2
2025-04-03T16:00:00Z,-0.00059377,0.310400,57583822.0,25136283.8
2025-04-04T00:00:00Z,-0.00019208,0.315700,45090242.4,22582917.2
2025-04-04T08:00:00Z,-0.00057500,0.310800,94354793.5,49129550.9
2025-04-04T16:00:00Z,0,0.312400,43656477.8,22404469.8
2025-04-05T00:00:00Z,-0.00027657,0.313400,17066723.1,8514602.8
2025-04-05T08:00:00Z,-0.00081313,0.306800,29155686.8,13063981.7
2025-04-05T16:00:00Z,-0.00065805,0.308800,21585100.2,10379156.9
2025-04-06T00:00:00Z,-0.00039236,0.302600,24890675.1,10827742.6
2025-04-06T08:00:00Z,-0.00079508,0.295700,54512153.2,25759521.4
2025-04-06T16:00:00Z,-0.00093527,0.267900,242990568.0,119305619.1
2025-04-07T00:00:00Z,-0.00101614,0.251200,199408094.9,97615215.8
2025-04-07T08:00:00Z,-0.00009036,0.274200,247190483.4,127853094.8
2025-04-07T16:00:00Z,-0.00002901,0.274200,79925727.7,39320648.0
2025-04-08T00:00:00Z,-0.00037051,0.270300,57467912.9,27217390.2
2025-04-08T08:00:00Z,-0.00008382,0.272500,93974962.6,47855965.7
2025-04-08T16:00:00Z,-0.00046598,0.264200,100371596.3,50517044.4
2025-04-09T00:00:00Z,-0.00063538,0.273300,108590156.9,56741502.7
2025-04-09T08:00:00Z,-0.00035466,0.275600,93670841.4,48330747.9
2025-04-09T16:00:00Z,-0.00005776,0.293300,150129934.8,74667897.8
2025-04-10T00:00:00Z,-0.00045825,0.284200,61421475.4,28001950.9
2025-04-10T08:00:00Z,-0.00011881,0.276900,106410947.9,51486336.0
2025-04-10T16:00:00Z,-0.00091332,0.286000,61072076.5,32686649.8
2025-04-11T00:00:00Z,-0.00070443,0.292900,54390700.0,27998662.5
2025-04-11T08:00:00Z,-0.00067299,0.294200,76407084.0,36760707.4
2025-04-11T16:00:00Z,-0.00057404,0.294800,55476081.7,28232247.2
2025-04-12T00:00:00Z,-0.00063118,0.300200,39901460.5,19938945.5
2025-04-12T08:00:00Z,-0.00050317,0.310200,61483421.0,29566243.6
2025-04-12T16:00:00Z,-0.00025856,0.310800,45969848.1,23560135.4
2025-04-13T00:00:00Z,-0.00078178,0.306200,41544264.6,19786920.3
2025-04-13T08:00:00Z,-0.00024648,0.302100,53307930.1,25561924.4
2025-04-13T16:00:00Z,-0.00030864,0.300400,108976094.3,55052802.1
2025-04-14T00:00:00Z,-0.00016275,0.299700,60414010.0,28622745.7
2025-04-14T08:00:00Z,0,0.295200,122574739.8,57790322.3
2025-04-14T16:00:00Z,-0.00051139,0.295600,59720001.3,28244744.0
2025-04-15T00:00:00Z,-0.00063222,0.293800,54320696.2,26194016.9
2025-04-15T08:00:00Z,-0.00003828,0.289200,61781433.5,30782295.5
2025-04-15T16:00:00Z,-0.00114711,0.279500,57556094.7,28508315.3
2025-04-16T00:00:00Z,-0.00050083,0.276300,55254624.9,28871800.1
2025-04-16T08:00:00Z,-0.00052456,0.280100,82266325.2,42587350.1
2025-04-16T16:00:00Z,-0.00000344,0.278600,97993203.6,49066468.9
2025-04-17T00:00:00Z,-0.00009473,0.283000,41341906.6,21823901.3
2025-04-17T08:00:00Z,-0.00050491,0.280200,63556263.8,32092752.0
2025-04-17T16:00:00Z,-0.00026271,0.282300,53005134.1,27492037.6
2025-04-18T00:00:00Z,-0.00011386,0.289300,39073377.1,20719107.3
2025-04-18T08:00:00Z,-0.00018685,0.288400,49178135.4,22781896.3
2025-04-18T16:00:00Z,0,0.290700,34309542.6,17481178.1
2025-04-19T00:00:00Z,-0.00061263,0.294100,30635400.3,15740906.8
2025-04-19T08:00:00Z,-0.00034405,0.296500,33001375.3,17092888.1
2025-04-19T16:00:00Z,-0.00003444,0.300400,58998328.6,29754710.0
2025-04-20T00:00:00Z,-0.00049226,0.301600,44332733.3,21631318.8
2025-04-20T08:00:00Z,0,0.297900,39707010.7,18543381.6
2025-04-20T16:00:00Z,-0.00047779,0.304400,33599673.8,17428120.8
2025-04-21T00:00:00Z,-0.00054693,0.313100,46082130.0,22763090.8
2025-04-21T08:00:00Z,0,0.311200,35466996.6,15908263.9
2025-04-21T16:00:00Z,-0.00057091,0.299200,68480048.1,26914681.6
2025-04-22T00:00:00Z,-0.00083481,0.301300,65243165.7,28984648.2
2025-04-22T08:00:00Z,-0.00008271,0.310400,89686111.9,41918913.8
2025-04-22T16:00:00Z,0,0.322100,58914896.2,31489780.4
2025-04-23T00:00:00Z,-0.00023398,0.327500,60298905.5,30812427.6
2025-04-23T08:00:00Z,-0.00051084,0.329100,90016619.7,43006846.7
2025-04-23T16:00:00Z,-0.00071381,0.338900,86382070.2,47476764.9
2025-04-24T00:00:00Z,-0.00012836,0.330200,57607579.5,28973287.9
2025-04-24T08:00:00Z,-0.00056904,0.341100,70345404.5,34875495.4
2025-04-24T16:00:00Z,0,0.342100,57899261.3,26880991.3
2025-04-25T00:00:00Z,-0.00044821,0.345600,51708421.9,25152470.6
2025-04-25T08:00:00Z,-0.00065796,0.348000,83302026.5,38819354.0
2025-04-25T16:00:00Z,-0.00053522,0.346100,41127847.6,19358679.0
2025-04-26T00:00:00Z,-0.00057601,0.351500,59158901.4,29077925.1
2025-04-26T08:00:00Z,-0.00029262,0.351000,54362786.4,24720384.9
2025-04-26T16:00:00Z,-0.00064419,0.352300,24888338.3,12691427.4
2025-04-27T00:00:00Z,-0.00003233,0.342000,83158643.5,39371001.8
2025-04-27T08:00:00Z,0,0.334900,49867347.5,23896508.0
2025-04-27T16:00:00Z,-0.00062794,0.335600,28209495.2,11963978.5
2025-04-28T00:00:00Z,-0.00101464,0.344100,53621119.9,25787193.0
2025-04-28T08:00:00Z,0,0.331800,69546524.0,35184319.9
2025-04-28T16:00:00Z,-0.00008652,0.335700,49435423.4,25160664.0
2025-04-29T00:00:00Z,-0.00033309,0.340900,36673270.3,18283048.7
2025-04-29T08:00:00Z,-0.00110665,0.334900,47347865.8,22533448.9
2025-04-29T16:00:00Z,-0.00025183,0.327700,53912754.6,24159318.4
2025-04-30T00:00:00Z,-0.00047215,0.325700,28779901.1,14454750.5
2025-04-30T08:00:00Z,-0.00084670,0.322600,79856079.0,40565696.4
2025-04-30T16:00:00Z,-0.00049604,0.325700,48292128.7,25019589.8
2025-05-01T00:00:00Z,-0.00091560,0.330700,23086886.5,11523347.2
2025-05-01T08:00:00Z,-0.00051551,0.340300,75578704.6,38686953.9
2025-05-01T16:00:00Z,0,0.339200,40579253.1,20399595.1
2025-05-02T00:00:00Z,0,0.334000,39485254.7,19632508.5
2025-05-02T08:00:00Z,-0.00038060,0.337600,43350280.8,20977023.2
2025-05-02T16:00:00Z,-0.00023292,0.338600,48318406.6,24621075.6
2025-05-03T00:00:00Z,-0.00022090,0.332500,21025113.9,9260884.8
2025-05-03T08:00:00Z,-0.00102010,0.329800,47844803.3,21060806.0
2025-05-03T16:00:00Z,-0.00068068,0.319500,67424197.2,30039926.3
2025-05-04T00:00:00Z,-0.00038530,0.319400,44543750.7,20283047.9
2025-05-04T08:00:00Z,-0.00011257,0.314700,40760063.7,19821587.9
2025-05-04T16:00:00Z,-0.00118590,0.310300,48660705.5,22279158.4
2025-05-05T00:00:00Z,-0.00067897,0.319400,39894257.7,20382953.7
2025-05-05T08:00:00Z,-0.00015091,0.309400,48433589.5,24232503.1
2025-05-05T16:00:00Z,-0.00092200,0.310900,39493351.6,20272956.5
2025-05-06T00:00:00Z,-0.00087497,0.308100,34891344.7,17978478.5
2025-05-06T08:00:00Z,-0.00018398,0.301000,62433369.2,31886071.3
2025-05-06T16:00:00Z,-0.00025572,0.308300,67356769.2,34219510.0
2025-05-07T00:00:00Z,-0.00022204,0.308400,61202535.5,28054608.5
2025-05-07T08:00:00Z,-0.00040336,0.301600,44091678.8,21371202.6
2025-05-07T16:00:00Z,-0.00008918,0.310700,147048929.4,82973753.1
2025-05-08T00:00:00Z,-0.00051684,0.330500,101829624.4,51480263.2
2025-05-08T08:00:00Z,0,0.345600,110371823.5,55244360.2
2025-05-08T16:00:00Z,0,0.362400,130168141.7,64857821.1
2025-05-09T00:00:00Z,-0.00038830,0.377000,103292667.9,51910888.2
2025-05-09T08:00:00Z,0.00014221,0.375300,167788780.3,81577209.4
2025-05-09T16:00:00Z,0,0.378600,65234439.1,32946553.8
2025-05-10T00:00:00Z,-0.00010335,0.389600,86036362.3,40576609.9
2025-05-10T08:00:00Z,-0.00051027,0.416500,185688854.2,94118650.2
2025-05-10T16:00:00Z,0,0.484100,378140779.3,186565099.9
2025-05-11T00:00:00Z,-0.00061533,0.458300,299161605.3,149935779.5
2025-05-11T08:00:00Z,-0.00034643,0.446700,141698319.1,71330711.0
2025-05-11T16:00:00Z,-0.00029312,0.451100,106592940.5,52585488.9
2025-05-12T00:00:00Z,0.00009471,0.462800,167651557.0,85029225.7
2025-05-12T08:00:00Z,0.00002195,0.439600,188267015.4,89011692.5
2025-05-12T16:00:00Z,-0.00136491,0.430100,148964624.6,70713606.6
2025-05-13T00:00:00Z,-0.00088401,0.419000,120183361.8,60830232.6
2025-05-13T08:00:00Z,-0.00018225,0.431400,101092143.7,50324041.5
2025-05-13T16:00:00Z,0.00018877,0.456900,191766072.9,98934663.3
2025-05-14T00:00:00Z,-0.00025828,0.442900,88200666.6,43816079.6
2025-05-14T08:00:00Z,-0.00038160,0.429600,117476411.0,53757670.1
2025-05-14T16:00:00Z,-0.00058678,0.426300,56609968.3,27468717.6
2025-05-15T00:00:00Z,-0.00034300,0.406300,90605005.2,43800853.8
2025-05-15T08:00:00Z,-0.00068353,0.414300,130186480.3,65604285.3
2025-05-15T16:00:00Z,-0.00014831,0.397800,116423397.7,53969830.8
2025-05-16T00:00:00Z,0,0.411900,75588758.6,35344163.2
2025-05-16T08:00:00Z,-0.00001650,0.409800,75116323.1,36246108.7
2025-05-16T16:00:00Z,-0.00028182,0.389700,79310868.9,40370496.8
2025-05-17T00:00:00Z,0.00047467,0.377500,103797528.5,47649659.6
2025-05-17T08:00:00Z,-0.00068999,0.376200,72481334.5,35930441.4
2025-05-17T16:00:00Z,-0.00012308,0.375800,89819124.1,41738883.5
2025-05-18T00:00:00Z,-0.00022004,0.391600,67517988.7,33217439.1
2025-05-18T08:00:00Z,-0.00040438,0.404800,91124908.4,46062110.8
2025-05-18T16:00:00Z,-0.00130895,0.395000,152729274.5,73225505.0
2025-05-19T00:00:00Z,-0.00092707,0.374000,105261430.4,49984616.8
2025-05-19T08:00:00Z,-0.00029564,0.383900,89395743.4,45829347.6
2025-05-19T16:00:00Z,-0.00040125,0.391700,84926897.8,42699015.6
2025-05-20T00:00:00Z,-0.00000224,0.390700,89090873.1,42526122.7
2025-05-20T08:00:00Z,-0.00098543,0.387200,81482610.0,38632632.2
2025-05-20T16:00:00Z,-0.00030197,0.393400,71867147.3,35507604.2
2025-05-21T00:00:00Z,-0.00063557,0.396100,105278947.5,51742852.9
2025-05-21T08:00:00Z,-0.00007576,0.404100,86222066.0,42043806.0
2025-05-21T16:00:00Z,-0.00011581,0.410900,196663408.5,97532411.9
2025-05-22T00:00:00Z,-0.00005639,0.424100,97877195.1,48023195.3
2025-05-22T08:00:00Z,-0.00052434,0.432500,110416986.7,54158217.9
2025-05-22T16:00:00Z,-0.00035876,0.428800,70870384.3,36646808.8
2025-05-23T00:00:00Z,0,0.426600,104064859.6,51822187.3
2025-05-23T08:00:00Z,0,0.407100,167560532.6,79362653.7
2025-05-23T16:00:00Z,-0.00024745,0.390600,81423989.1,40405254.5
2025-05-24T00:00:00Z,-0.00030425,0.395200,43923703.5,19955834.2
2025-05-24T08:00:00Z,-0.00024873,0.397300,41057085.0,18121578.6
2025-05-24T16:00:00Z,-0.00090065,0.391800,27529221.3,12716349.0
2025-05-25T00:00:00Z,-0.00026500,0.384400,46168526.6,21864432.2
2025-05-25T08:00:00Z,-0.00036378,0.382300,56019350.3,29238366.2
2025-05-25T16:00:00Z,-0.00029339,0.393600,46049831.0,21780380.0
2025-05-26T00:00:00Z,-0.00063896,0.405800,52015923.3,24634696.1
2025-05-26T08:00:00Z,-0.00032959,0.397300,63627883.7,32355422.7
2025-05-26T16:00:00Z,-0.00037850,0.392000,49753176.8,23544706.8
2025-05-27T00:00:00Z,-0.00084411,0.396700,60332548.3,29812797.8
2025-05-27T08:00:00Z,-0.00052128,0.405600,92735940.8,46476009.9
2025-05-27T16:00:00Z,-0.00007275,0.401900,67225056.1,33150550.7
2025-05-28T00:00:00Z,-0.00028159,0.400900,48427697.9,23448016.2
2025-05-28T08:00:00Z,-0.00086184,0.399200,110680111.7,52459499.8
2025-05-28T16:00:00Z,-0.00020294,0.409400,87932526.1,42624408.9
2025-05-29T00:00:00Z,-0.00020027,0.424700,210439676.1,108184610.6
2025-05-29T08:00:00Z,-0.00024410,0.409200,126020647.8,62441104.4
2025-05-29T16:00:00Z,0,0.396000,101476600.5,46705302.8
2025-05-30T00:00:00Z,-0.00123302,0.370700,190863408.9,92258206.7
2025-05-30T08:00:00Z,-0.00041753,0.361300,121176374.6,58264664.9
2025-05-30T16:00:00Z,-0.00075883,0.333100,168327157.2,74917648.0
2025-05-31T00:00:00Z,-0.00099128,0.332200,129610211.4,62618980.8
2025-05-31T08:00:00Z,-0.00070561,0.339900,100788168.7,47752848.9
2025-05-31T16:00:00Z,-0.00065538,0.339400,58707050.4,28192577.4
2025-06-01T00:00:00Z,-0.00053794,0.338400,52767096.0,27453952.3
2025-06-01T08:00:00Z,-0.00050999,0.339100,64133280.0,32375426.4
2025-06-01T16:00:00Z,-0.00013526,0.342400,60753752.0,27130511.6
2025-06-02T00:00:00Z,-0.00005130,0.341400,52654675.0,22659201.4
2025-06-02T08:00:00Z,-0.00045627,0.346000,103214313.4,50252102.0
2025-06-02T16:00:00Z,-0.00070480,0.357600,102438153.2,51195524.5
2025-06-03T00:00:00Z,-0.00053568,0.362400,86942155.9,40735000.3
2025-06-03T08:00:00Z,0,0.368000,91780958.8,44678788.1
2025-06-03T16:00:00Z,0,0.359500,71395038.9,35590937.6
2025-06-04T00:00:00Z,-0.00036456,0.367200,70515767.0,34967998.5
2025-06-04T08:00:00Z,-0.00061527,0.372000,106883273.3,55653211.1
2025-06-04T16:00:00Z,-0.00039285,0.358700,81204694.3,37390427.7
2025-06-05T00:00:00Z,0,0.354200,69219055.5,32142252.2
2025-06-05T08:00:00Z,-0.00061235,0.352100,85785835.6,43018145.8
2025-06-05T16:00:00Z,-0.00102710,0.323000,198484146.3,94944843.4
2025-06-06T00:00:00Z,-0.00005656,0.332300,73016318.9,33782801.9
2025-06-06T08:00:00Z,-0.00031227,0.340500,101963090.0,48231842.8
2025-06-06T16:00:00Z,-0.00075863,0.331500,63295195.9,34376665.2
2025-06-07T00:00:00Z,-0.00025151,0.344100,44820793.7,22805712.8
2025-06-07T08:00:00Z,-0.00031385,0.347500,51969821.3,26808929.2
2025-06-07T16:00:00Z,-0.00016250,0.347700,38919110.8,19057150.3
2025-06-08T00:00:00Z,-0.00000767,0.341300,30311963.7,13715422.4
2025-06-08T08:00:00Z,-0.00067166,0.344900,53480585.8,26980162.8
2025-06-08T16:00:00Z,-0.00062683,0.342100,39372630.1,17580481.4
2025-06-09T00:00:00Z,-0.00046773,0.339100,38085001.7,18603309.1
2025-06-09T08:00:00Z,-0.00120010,0.349000,94020579.3,48396181.1
2025-06-09T16:00:00Z,-0.00050603,0.368500,90571205.2,44093799.4
2025-06-10T00:00:00Z,0,0.366300,85418230.3,39267641.4
2025-06-10T08:00:00Z,-0.00002405,0.396200,238111414.0,111461084.1
2025-06-10T16:00:00Z,0,0.414200,141836746.5,71455737.5
2025-06-11T00:00:00Z,-0.00024806,0.407300,105789558.6,49406030.9
2025-06-11T08:00:00Z,-0.00067412,0.419700,160204980.2,76452387.2
2025-06-11T16:00:00Z,-0.00065506,0.397300,122408899.3,57922204.4
2025-06-12T00:00:00Z,-0.00067794,0.384200,88840222.8,44765822.1
2025-06-12T08:00:00Z,-0.00009992,0.379700,112567625.0,56632799.5
2025-06-12T16:00:00Z,-0.00094910,0.365800,123964343.0,60728129.3
2025-06-13T00:00:00Z,-0.00040543,0.337900,254184939.9,124782475.8
2025-06-13T08:00:00Z,-0.00028107,0.343700,158006565.1,80267175.9
2025-06-13T16:00:00Z,-0.00020189,0.348500,109344756.2,53339603.7
2025-06-14T00:00:00Z,-0.00050592,0.343700,57409828.5,28004162.7
2025-06-14T08:00:00Z,-0.00052416,0.334100,66679882.5,32508973.5
2025-06-14T16:00:00Z,-0.00041838,0.333100,104052416.5,52041616.3
2025-06-15T00:00:00Z,-0.00059564,0.327500,63179815.6,31838765.3
2025-06-15T08:00:00Z,-0.00024343,0.329600,110148262.9,55353590.5
2025-06-15T16:00:00Z,-0.00023542,0.327500,107609042.4,53130091.5
2025-06-16T00:00:00Z,-0.00037454,0.340400,131061225.2,66460281.2
2025-06-16T08:00:00Z,-0.00094877,0.335400,123603345.7,60500564.8
2025-06-16T16:00:00Z,-0.00040880,0.318300,154401394.2,74767865.5
2025-06-17T00:00:00Z,-0.00104517,0.316500,154318226.5,78963411.2
2025-06-17T08:00:00Z,-0.00029638,0.305600,139177646.4,69834059.8
2025-06-17T16:00:00Z,-0.00047230,0.303200,144069367.0,73661501.1
2025-06-18T00:00:00Z,0.00003662,0.306000,70366218.0,34938991.0
2025-06-18T08:00:00Z,-0.00046797,0.297600,152614053.7,72727538.4
2025-06-18T16:00:00Z,-0.00035450,0.307100,126486524.6,62341924.6
2025-06-19T00:00:00Z,-0.00039158,0.306300,64526192.8,30517554.8
2025-06-19T08:00:00Z,-0.00027510,0.299700,83021836.4,42328882.6
2025-06-19T16:00:00Z,-0.00014412,0.301200,76132187.0,37640003.9
2025-06-20T00:00:00Z,-0.00023954,0.307000,72235661.4,36604025.5
2025-06-20T08:00:00Z,-0.00012821,0.298600,110745317.6,53435307.4
2025-06-20T16:00:00Z,-0.00051294,0.286500,183024455.6,87219517.7
2025-06-21T00:00:00Z,-0.00030866,0.287800,50478393.4,26260691.8
2025-06-21T08:00:00Z,-0.00036197,0.284300,104890582.0,50691400.0
2025-06-21T16:00:00Z,-0.00001062,0.274800,169356663.9,84027488.2
2025-06-22T00:00:00Z,0.00012545,0.269700,134450621.9,68764793.1
2025-06-22T08:00:00Z,0.00023932,0.261700,262938541.1,131013334.6
2025-06-22T16:00:00Z,-0.00043582,0.267500,171241891.2,83532691.7
2025-06-23T00:00:00Z,-0.00058206,0.267600,124525664.3,60568487.9
2025-06-23T08:00:00Z,-0.00123322,0.270000,135267058.7,68045121.1
2025-06-23T16:00:00Z,-0.00056811,0.301600,261441516.7,133257564.3
2025-06-24T00:00:00Z,0,0.309000,137746269.0,69225007.7
2025-06-24T08:00:00Z,-0.00054659,0.322200,164872221.9,82001135.4
2025-06-24T16:00:00Z,0,0.315200,165281390.7,79858920.8
2025-06-25T00:00:00Z,-0.00065748,0.310000,77304256.1,38284925.6
2025-06-25T08:00:00Z,-0.00021326,0.315200,168108138.0,80759106.4
2025-06-25T16:00:00Z,-0.00029173,0.308700,130576449.7,64232200.5
2025-06-26T00:00:00Z,-0.00034434,0.308400,151924657.5,75715991.6
2025-06-26T08:00:00Z,-0.00083113,0.304200,132874088.5,62151728.0
2025-06-26T16:00:00Z,0.00017054,0.303600,135693571.3,69835323.7
2025-06-27T00:00:00Z,-0.00014028,0.303600,89137507.2,45938739.6
2025-06-27T08:00:00Z,-0.00127630,0.311500,128851047.1,63497259.9
2025-06-27T16:00:00Z,0,0.305500,97813917.1,48114380.6
2025-06-28T00:00:00Z,-0.00110845,0.304600,38763010.8,19305814.5
2025-06-28T08:00:00Z,-0.00008090,0.305100,53156348.4,26075318.2
2025-06-28T16:00:00Z,-0.00066353,0.311000,73085842.1,36534145.8
2025-06-29T00:00:00Z,-0.00043358,0.309500,48835903.4,25315761.8
2025-06-29T08:00:00Z,0,0.314500,131221711.2,71797115.6
2025-06-29T16:00:00Z,-0.00072114,0.366800,773406963.5,390060529.9
2025-06-30T00:00:00Z,-0.00032772,0.373000,325362181.8,170928436.6
2025-06-30T08:00:00Z,-0.00064838,0.339500,739998982.7,357651055.8
2025-06-30T16:00:00Z,-0.00109438,0.344900,313043896.5,157720521.5
2025-07-01T00:00:00Z,-0.00123995,0.326800,265636219.5,121950613.3
2025-07-01T08:00:00Z,-0.00084632,0.326700,238294503.5,120604071.6
2025-07-01T16:00:00Z,-0.00074798,0.327100,124186845.9,60268415.3
2025-07-02T00:00:00Z,-0.00023160,0.348100,358422291.9,177047658.3
2025-07-02T08:00:00Z,-0.00039615,0.343800,267834203.2,129242117.3
2025-07-02T16:00:00Z,0,0.347700,217100496.2,105717579.9
2025-07-03T00:00:00Z,-0.00054837,0.357700,193230838.5,92709304.9
2025-07-03T08:00:00Z,-0.00029280,0.341600,266751576.6,118570767.5
2025-07-03T16:00:00Z,0,0.343500,80217836.5,40222867.9
2025-07-04T00:00:00Z,0,0.328800,158343386.2,73497627.5
2025-07-04T08:00:00Z,-0.00037968,0.320800,197079379.9,98517624.0
2025-07-04T16:00:00Z,-0.00036016,0.324100,162128056.0,79422948.1
2025-07-05T00:00:00Z,-0.00064486,0.325100,104846571.7,48683583.2
2025-07-05T08:00:00Z,-0.00095078,0.325000,83409106.6,40119086.5
2025-07-05T16:00:00Z,-0.00058715,0.328000,88453676.9,44962995.6
2025-07-06T00:00:00Z,-0.00079929,0.324100,54989371.3,25798264.6
2025-07-06T08:00:00Z,-0.00022086,0.332600,124886322.7,63844359.1
2025-07-06T16:00:00Z,-0.00041487,0.334300,91851275.6,44166971.0
2025-07-07T00:00:00Z,-0.00039284,0.337000,75909495.7,37893531.4
2025-07-07T08:00:00Z,0,0.328600,124179623.1,55402350.3
2025-07-07T16:00:00Z,-0.00080092,0.328500,86679704.2,42238780.4
2025-07-08T00:00:00Z,0,0.327700,70195423.7,35012673.3
2025-07-08T08:00:00Z,-0.00071406,0.331700,121000327.1,58561874.1
2025-07-08T16:00:00Z,-0.00022941,0.338000,97008157.0,49509857.5
2025-07-09T00:00:00Z,-0.00013469,0.340700,73890206.8,36787097.1
2025-07-09T08:00:00Z,-0.00009810,0.338200,131658468.0,66410733.6
2025-07-09T16:00:00Z,-0.00031151,0.355300,192433183.8,98265672.5
2025-07-10T00:00:00Z,-0.00047994,0.361400,117238545.1,59564380.8
2025-07-10T08:00:00Z,-0.00003426,0.357900,136819224.7,65276107.4
2025-07-10T16:00:00Z,-0.00019656,0.396300,251417166.1,126917820.3
2025-07-11T00:00:00Z,0.00055884,0.411800,279066412.1,140317753.4
2025-07-11T08:00:00Z,-0.00053132,0.406400,224244229.0,110358506.5
2025-07-11T16:00:00Z,-0.00002268,0.405100,177644391.4,88283092.0
2025-07-12T00:00:00Z,-0.00007537,0.404600,112107437.0,54790586.6
2025-07-12T08:00:00Z,0,0.385600,148611924.3,69536989.9
2025-07-12T16:00:00Z,-0.00041400,0.399600,79465474.3,41903209.9
2025-07-13T00:00:00Z,-0.00070250,0.413000,92334180.9,49387498.8
2025-07-13T08:00:00Z,0,0.413600,169004431.5,79011573.1
2025-07-13T16:00:00Z,-0.00033326,0.410300,95752740.6,44193619.5
2025-07-14T00:00:00Z,-0.00065112,0.423100,185082462.8,88146844.1
2025-07-14T08:00:00Z,0.00000626,0.407200,223387973.1,103435541.2
2025-07-14T16:00:00Z,-0.00029679,0.402500,133306970.5,62958224.1
2025-07-15T00:00:00Z,-0.00059612,0.398300,150836985.6,73945198.9
2025-07-15T08:00:00Z,0,0.413800,192743881.5,93644990.6
2025-07-15T16:00:00Z,0.00084398,0.436700,212904403.0,104631043.6
2025-07-16T00:00:00Z,-0.00068696,0.440100,208708048.7,102693785.9
2025-07-16T08:00:00Z,-0.00048108,0.443000,270331916.2,132663098.4
2025-07-16T16:00:00Z,-0.00007691,0.440400,238547939.5,115472596.9
2025-07-17T00:00:00Z,0,0.447300,182630028.4,88690441.6
2025-07-17T08:00:00Z,-0.00091984,0.448400,208816564.5,102219790.7
2025-07-17T16:00:00Z,0.00011137,0.449700,214679882.2,103480149.5
2025-07-18T00:00:00Z,0.00100929,0.472900,262527393.7,133532345.2
2025-07-18T08:00:00Z,0.00018054,0.470300,367344436.3,177674188.7
2025-07-18T16:00:00Z,0.00034225,0.452300,249960607.4,114519476.8
2025-07-19T00:00:00Z,-0.00029491,0.458800,156050728.7,76882827.3
2025-07-19T08:00:00Z,-0.00056861,0.452500,128000025.0,59968272.2
2025-07-19T16:00:00Z,0,0.464700,119136111.6,59057798.6
2025-07-20T00:00:00Z,-0.00024393,0.472100,143467677.0,71555531.0
2025-07-20T08:00:00Z,0,0.498200,193251049.5,96981820.7
2025-07-20T16:00:00Z,0.00008717,0.483300,215086968.5,100957514.0
2025-07-21T00:00:00Z,0.00042841,0.495100,135134898.8,65846335.2
2025-07-21T08:00:00Z,0,0.498400,229612864.6,111938610.5
2025-07-21T16:00:00Z,0.00050007,0.485900,197874401.8,94341152.0
2025-07-22T00:00:00Z,0.00022773,0.464700,265624652.6,122449430.2
2025-07-22T08:00:00Z,0.00065703,0.478800,270868707.6,132076133.5
2025-07-22T16:00:00Z,0.00071265,0.482500,149670590.7,73557937.9
2025-07-23T00:00:00Z,0.00020726,0.461900,150637494.4,73780633.4
2025-07-23T08:00:00Z,0,0.443300,298390250.4,142157546.0
2025-07-23T16:00:00Z,-0.00014826,0.433500,252827528.8,119109785.6
2025-07-24T00:00:00Z,0,0.421900,249904246.0,126351599.6
2025-07-24T08:00:00Z,0,0.441400,221949560.4,109302460.7
2025-07-24T16:00:00Z,0.00033314,0.430700,138677127.9,68080114.6
2025-07-25T00:00:00Z,-0.00031583,0.423300,177451419.2,86731416.3
2025-07-25T08:00:00Z,-0.00011293,0.428500,194072866.6,98130040.0
2025-07-25T16:00:00Z,0,0.443000,117972529.5,58071726.9
2025-07-26T00:00:00Z,-0.00011011,0.447300,100073406.1,46800495.5
2025-07-26T08:00:00Z,0,0.450000,91288107.0,41844557.3
2025-07-26T16:00:00Z,-0.00027169,0.448600,79228831.1,39973792.1
2025-07-27T00:00:00Z,-0.00051364,0.450800,67036785.0,31671395.0
2025-07-27T08:00:00Z,0,0.451400,109588594.9,54874439.9
2025-07-27T16:00:00Z,0,0.460600,122963306.7,60748543.6
2025-07-28T00:00:00Z,-0.00001447,0.471100,215665109.1,106414683.2
2025-07-28T08:00:00Z,-0.00094494,0.447900,181590310.8,84790305.8
2025-07-28T16:00:00Z,0.00026313,0.434100,160695663.3,74814346.5
2025-07-29T00:00:00Z,-0.00033156,0.449100,156596124.7,77959090.7
2025-07-29T08:00:00Z,-0.00074907,0.422800,164618201.7,81067780.0
2025-07-29T16:00:00Z,-0.00074727,0.424700,122972603.4,59271047.8
2025-07-30T00:00:00Z,0,0.419600,78525337.6,36060407.8
2025-07-30T08:00:00Z,-0.00093740,0.414000,180432679.6,83381116.1
2025-07-30T16:00:00Z,-0.00001013,0.415200,179438078.1,86032992.5
2025-07-31T00:00:00Z,-0.00046165,0.429600,77076263.2,40535693.4
2025-07-31T08:00:00Z,-0.00100288,0.409800,171769018.9,79139480.4
2025-07-31T16:00:00Z,-0.00068806,0.397400,166689485.4,79037140.1
2025-08-01T00:00:00Z,-0.00034261,0.388600,175821660.7,85292750.0
2025-08-01T08:00:00Z,-0.00065222,0.388100,212255516.0,98883291.4
2025-08-01T16:00:00Z,-0.00037394,0.377200,184194825.8,88401062.6
2025-08-02T00:00:00Z,-0.00039941,0.378200,86838175.2,42412856.0
2025-08-02T08:00:00Z,-0.00029946,0.370400,126529906.2,64704782.6
2025-08-02T16:00:00Z,-0.00069617,0.368600,129348892.2,64632307.7
2025-08-03T00:00:00Z,-0.00075605,0.376400,74325008.3,37009853.2
2025-08-03T08:00:00Z,-0.00042166,0.381900,72260852.9,37857801.8
2025-08-03T16:00:00Z,-0.00047854,0.382500,55655064.5,26990728.3
2025-08-04T00:00:00Z,-0.00041105,0.391100,85391797.9,41894269.7
2025-08-04T08:00:00Z,-0.00080392,0.399000,99495635.0,48020965.7
2025-08-04T16:00:00Z,-0.00046994,0.405200,116972526.6,56168291.6
2025-08-05T00:00:00Z,-0.00095953,0.387400,100403445.2,44677782.2
2025-08-05T08:00:00Z,-0.00045166,0.379900,165608829.8,79909659.0
2025-08-05T16:00:00Z,-0.00059236,0.383500,89927290.7,44280433.2
2025-08-06T00:00:00Z,-0.00024226,0.388600,102139011.1,52878488.4
2025-08-06T08:00:00Z,-0.00031667,0.389700,106740796.7,49994439.3
2025-08-06T16:00:00Z,-0.00098852,0.388700,63003224.0,30657889.7
2025-08-07T00:00:00Z,-0.00040715,0.391500,62069801.8,29910530.4
2025-08-07T08:00:00Z,-0.00065435,0.407800,140258630.6,73439057.7
2025-08-07T16:00:00Z,-0.00027307,0.416700,120381299.9,59329437.9
2025-08-08T00:00:00Z,-0.00085608,0.425800,220288131.5,108590627.0
2025-08-08T08:00:00Z,-0.00081105,0.419900,151729076.0,75504274.4
2025-08-08T16:00:00Z,0,0.433800,108424962.3,56073413.2
2025-08-09T00:00:00Z,0,0.454700,132274094.2,64720731.5
2025-08-09T08:00:00Z,-0.00000302,0.462500,174702120.0,82492282.1
2025-08-09T16:00:00Z,-0.00058021,0.473400,144412860.8,73192654.4
2025-08-10T00:00:00Z,0,0.454400,180759956.6,83437662.2
2025-08-10T08:00:00Z,-0.00151099,0.463500,144445087.9,75412612.8
2025-08-10T16:00:00Z,0.00012089,0.466800,93575627.1,46319985.4
2025-08-11T00:00:00Z,-0.00046205,0.459100,166756335.9,80737506.0
2025-08-11T08:00:00Z,-0.00017618,0.454400,248572894.9,116951190.7
2025-08-11T16:00:00Z,-0.00072230,0.435700,166086590.3,74012101.3
2025-08-12T00:00:00Z,-0.00047614,0.443800,85962981.4,45333037.9
2025-08-12T08:00:00Z,-0.00046747,0.467600,223805480.4,112076533.9
2025-08-12T16:00:00Z,0,0.477400,181322401.3,94493498.2
2025-08-13T00:00:00Z,0.00050183,0.478600,156519051.4,77187713.2
2025-08-13T08:00:00Z,0.00008672,0.539700,685983174.8,340383443.4
2025-08-13T16:00:00Z,0.00078824,0.571400,553415578.3,275463556.3
2025-08-14T00:00:00Z,0.00111437,0.543700,381192472.6,176101843.6
2025-08-14T08:00:00Z,-0.00134749,0.523300,640315173.7,302362232.7
2025-08-14T16:00:00Z,-0.00017676,0.516300,283551524.8,132512753.6
2025-08-15T00:00:00Z,-0.00057930,0.521700,279774377.9,138254470.7
2025-08-15T08:00:00Z,-0.00058088,0.477400,417143069.6,184807749.9
2025-08-15T16:00:00Z,-0.00087799,0.481100,247803019.5,128992580.3
2025-08-16T00:00:00Z,-0.00144829,0.487100,120685239.5,57880275.3
2025-08-16T08:00:00Z,-0.00075796,0.486300,150640265.4,72079160.8
2025-08-16T16:00:00Z,-0.00053846,0.492400,108417675.1,52948111.7
2025-08-17T00:00:00Z,-0.00028266,0.524700,278469611.5,140094867.4
2025-08-17T08:00:00Z,-0.00048066,0.557200,380427572.6,190622142.4
2025-08-17T16:00:00Z,-0.00020260,0.536000,295397813.1,147204239.0
2025-08-18T00:00:00Z,-0.00000352,0.513700,443654471.6,216767208.4
2025-08-18T08:00:00Z,0,0.516300,369498442.0,182878837.7
2025-08-18T16:00:00Z,-0.00048318,0.511100,234586779.7,114231360.0
2025-08-19T00:00:00Z,-0.00014948,0.490100,282300436.4,133602597.2
2025-08-19T08:00:00Z,-0.00039426,0.490300,305212616.2,148006986.9
2025-08-19T16:00:00Z,-0.00023452,0.472800,209252987.9,97294926.8
2025-08-20T00:00:00Z,-0.00004983,0.481500,239147341.7,118245657.9
2025-08-20T08:00:00Z,0.00018295,0.500300,384228988.5,189244975.9
2025-08-20T16:00:00Z,0.00014782,0.513300,216139490.2,106065080.0
2025-08-21T00:00:00Z,-0.00067969,0.504700,166586651.5,78807183.3
2025-08-21T08:00:00Z,-0.00021979,0.488300,240992407.9,116720887.9
2025-08-21T16:00:00Z,-0.00060562,0.496100,125551823.4,61924268.0
2025-08-22T00:00:00Z,-0.00061416,0.504200,162127220.2,82417338.4
2025-08-22T08:00:00Z,-0.00157603,0.538300,666020792.4,327467896.6
2025-08-22T16:00:00Z,0.00044870,0.587000,581080551.6,295451402.2
2025-08-23T00:00:00Z,0.00014264,0.583300,245081312.8,120721323.8
2025-08-23T08:00:00Z,-0.00034178,0.595500,235868101.6,119398662.8
2025-08-23T16:00:00Z,0,0.613100,216192843.9,111756924.3
2025-08-24T00:00:00Z,0.00016829,0.576400,247943398.1,114078773.8
2025-08-24T08:00:00Z,-0.00023200,0.582500,251469509.8,118935419.9
2025-08-24T16:00:00Z,-0.00025487,0.578900,384467550.3,182787862.7
2025-08-25T00:00:00Z,0.00011917,0.548400,245028100.4,110582423.4
2025-08-25T08:00:00Z,-0.00044136,0.542500,227459192.8,114030109.0
2025-08-25T16:00:00Z,-0.00050656,0.517100,336131858.5,155973367.0
2025-08-26T00:00:00Z,-0.00063015,0.528400,223059673.7,113296328.0
2025-08-26T08:00:00Z,-0.00069480,0.532700,222988612.6,110255548.3
2025-08-26T16:00:00Z,-0.00079736,0.529900,178193599.3,90824410.2
2025-08-27T00:00:00Z,0.00004288,0.517500,207304506.2,98352167.0
2025-08-27T08:00:00Z,-0.00047528,0.522200,195791754.9,94701435.2
2025-08-27T16:00:00Z,-0.00018400,0.505000,302466554.2,143122115.5
2025-08-28T00:00:00Z,-0.00044517,0.521300,122363140.8,63139345.3
2025-08-28T08:00:00Z,0,0.514400,266623644.7,130447469.7
2025-08-28T16:00:00Z,-0.00038489,0.523000,166756797.6,84480677.0
2025-08-29T00:00:00Z,0,0.495900,172736402.2,80846368.3
2025-08-29T08:00:00Z,-0.00157047,0.494900,279993729.5,138309625.2
2025-08-29T16:00:00Z,-0.00006151,0.490600,155085366.0,75510799.3
2025-08-30T00:00:00Z,0.00007521,0.500200,121581959.3,61177161.3
2025-08-30T08:00:00Z,-0.00017037,0.498000,114536769.5,58888847.3
2025-08-30T16:00:00Z,-0.00050591,0.498900,50362334.6,25516378.6
2025-08-31T00:00:00Z,-0.00006523,0.509000,113971990.2,57655718.7
2025-08-31T08:00:00Z,-0.00037576,0.507200,104867286.3,47432614.4
2025-08-31T16:00:00Z,-0.00037238,0.496100,71752336.0,32461318.6
2025-09-01T00:00:00Z,-0.00000758,0.506100,175690967.3,84909353.1
2025-09-01T08:00:00Z,-0.00000178,0.487400,150727301.5,71529340.0
2025-09-01T16:00:00Z,-0.00065166,0.476900,186915072.3,87911401.8
2025-09-02T00:00:00Z,-0.00001859,0.488000,114509254.9,55569736.7
2025-09-02T08:00:00Z,0,0.484400,200284124.7,98087934.1
2025-09-02T16:00:00Z,0,0.502600,110216310.4,58151364.5
2025-09-03T00:00:00Z,-0.00019483,0.496600,76055809.6,33939213.5
2025-09-03T08:00:00Z,-0.00088329,0.515200,183536659.4,95413064.1
2025-09-03T16:00:00Z,-0.00023822,0.510000,79147558.8,39019904.6
2025-09-04T00:00:00Z,-0.00063132,0.495300,100389865.0,49140185.7
2025-09-04T08:00:00Z,-0.00070001,0.484500,156352318.5,76383463.2
2025-09-04T16:00:00Z,-0.00046119,0.482100,98786481.8,45752013.7
2025-09-05T00:00:00Z,-0.00016900,0.499700,82659454.1,40937556.6
2025-09-05T08:00:00Z,-0.00080562,0.488300,316539705.9,158108095.9
2025-09-05T16:00:00Z,-0.00005073,0.494400,96502236.1,47926390.4
2025-09-06T00:00:00Z,-0.00018190,0.491700,55219408.7,26753030.7
2025-09-06T08:00:00Z,-0.00039694,0.484300,82101236.0,39017913.2
2025-09-06T16:00:00Z,-0.00058346,0.488200,64784263.7,33790693.2
2025-09-07T00:00:00Z,-0.00002563,0.493600,62853421.4,29666231.1
2025-09-07T08:00:00Z,-0.00008267,0.492000,61293684.1,29980882.2
2025-09-07T16:00:00Z,0,0.495900,63548208.6,30337111.6
2025-09-08T00:00:00Z,0,0.493300,85256397.8,40320501.5
2025-09-08T08:00:00Z,0,0.508000,156311304.4,77533987.9
2025-09-08T16:00:00Z,-0.00033675,0.513100,146944950.1,74960856.2
2025-09-09T00:00:00Z,-0.00011059,0.528800,193311710.5,100250890.1
2025-09-09T08:00:00Z,-0.00038723,0.511700,241030930.5,120063543.6
2025-09-09T16:00:00Z,-0.00027151,0.512300,81203969.1,40362816.8
2025-09-10T00:00:00Z,0,0.507900,145220916.5,64797918.5
2025-09-10T08:00:00Z,-0.00030324,0.516300,182193921.6,83940327.9
2025-09-10T16:00:00Z,-0.00044602,0.512500,99428666.4,48370740.4
2025-09-11T00:00:00Z,-0.00006662,0.524200,98264419.8,48303564.9
2025-09-11T08:00:00Z,-0.00089754,0.513800,175318684.4,84867269.8
2025-09-11T16:00:00Z,-0.00028271,0.529700,79988244.8,38341120.3
2025-09-12T00:00:00Z,0.00003311,0.530100,111693024.9,52811816.0
2025-09-12T08:00:00Z,-0.00030612,0.528000,113917060.8,55694586.5
2025-09-12T16:00:00Z,0.00021882,0.547500,126969454.8,60527853.2
2025-09-13T00:00:00Z,-0.00028646,0.543100,73497682.5,33741877.6
2025-09-13T08:00:00Z,0,0.543400,157084521.6,74770513.9
2025-09-13T16:00:00Z,-0.00016988,0.541200,95427384.0,47281478.3
2025-09-14T00:00:00Z,-0.00020799,0.530700,81046308.9,36561927.6
2025-09-14T08:00:00Z,-0.00078326,0.509600,165230468.6,72401030.3
2025-09-14T16:00:00Z,-0.00019184,0.513200,77429307.9,39644057.7
2025-09-15T00:00:00Z,-0.00081836,0.506800,121243074.0,56955446.2
2025-09-15T08:00:00Z,-0.00059463,0.490300,268915652.6,121552709.4
2025-09-15T16:00:00Z,-0.00076629,0.492100,98896113.7,46351661.0
2025-09-16T00:00:00Z,-0.00047829,0.492400,96630934.2,49595153.9
2025-09-16T08:00:00Z,-0.00044005,0.495000,139029496.5,63414683.4
2025-09-16T16:00:00Z,-0.00048813,0.494600,86843572.8,39763865.9
2025-09-17T00:00:00Z,-0.00008693,0.496100,71636042.4,35923942.3
2025-09-17T08:00:00Z,-0.00088408,0.487900,81791255.4,42148612.6
2025-09-17T16:00:00Z,0.00013700,0.520500,296563299.1,146623991.0
2025-09-18T00:00:00Z,-0.00008916,0.516900,123888429.4,64496831.8
2025-09-18T08:00:00Z,-0.00040407,0.520200,101714334.9,51829449.6
2025-09-18T16:00:00Z,-0.00010934,0.524000,93109444.5,48983234.7
2025-09-19T00:00:00Z,-0.00035999,0.515400,150467258.3,72814462.0
2025-09-19T08:00:00Z,-0.00063571,0.495600,157231895.7,73633158.7
2025-09-19T16:00:00Z,-0.00073151,0.488400,110843965.9,46843585.0
2025-09-20T00:00:00Z,-0.00038012,0.495800,72115475.0,35578566.3
2025-09-20T08:00:00Z,-0.00008930,0.496100,89997398.2,42945247.8
2025-09-20T16:00:00Z,-0.00048160,0.492900,58408808.6,26569175.6
2025-09-21T00:00:00Z,-0.00036668,0.495100,57256922.3,29541406.2
2025-09-21T08:00:00Z,-0.00071666,0.484800,101413056.0,45600795.9
2025-09-21T16:00:00Z,-0.00076024,0.480300,87340253.5,36556541.1
2025-09-22T00:00:00Z,-0.00076782,0.437600,442221227.1,195753173.8
2025-09-22T08:00:00Z,-0.00070131,0.432700,162767363.2,83505024.9
2025-09-22T16:00:00Z,-0.00060826,0.436200,101204688.1,51201778.8
2025-09-23T00:00:00Z,-0.00054914,0.434500,185363598.6,95785091.2
2025-09-23T08:00:00Z,-0.00010408,0.438000,113136896.8,54427128.0
2025-09-23T16:00:00Z,-0.00016557,0.432200,112445162.3,52503190.1
2025-09-24T00:00:00Z,-0.00011103,0.440200,224774572.1,112831764.0
2025-09-24T08:00:00Z,-0.00040802,0.435200,92567045.8,43200338.2
2025-09-24T16:00:00Z,-0.00069350,0.429100,67504841.3,31865898.6
2025-09-25T00:00:00Z,0,0.418000,173314912.5,79712296.9
2025-09-25T08:00:00Z,-0.00058863,0.422500,248637010.7,124547245.5
2025-09-25T16:00:00Z,-0.00014916,0.407800,285514242.6,140562442.2
2025-09-26T00:00:00Z,0,0.410400,122420178.8,59316052.3
2025-09-26T08:00:00Z,0,0.413900,177783557.8,87983996.8
2025-09-26T16:00:00Z,-0.00035918,0.424800,90638342.4,45471606.4
2025-09-27T00:00:00Z,-0.00040709,0.423200,37902201.6,17121476.7
2025-09-27T08:00:00Z,-0.00078946,0.423200,57069305.8,25593913.8
2025-09-27T16:00:00Z,-0.00034133,0.423900,50130690.2,27055332.3
2025-09-28T00:00:00Z,-0.00051198,0.415800,48088813.1,20116444.4
2025-09-28T08:00:00Z,-0.00020642,0.417200,70535268.5,34082279.4
2025-09-28T16:00:00Z,-0.00055858,0.429900,64434593.4,35116303.9
2025-09-29T00:00:00Z,-0.00043398,0.420200,56548204.6,24205661.7
2025-09-29T08:00:00Z,-0.00052203,0.416900,129891663.3,58885053.7
2025-09-29T16:00:00Z,-0.00017504,0.417400,84420858.2,43260814.9
2025-09-30T00:00:00Z,-0.00014508,0.411500,82542697.0,41038469.6
2025-09-30T08:00:00Z,-0.00006175,0.410300,98788072.7,48551328.5
2025-09-30T16:00:00Z,-0.00027048,0.421200,126826454.4,61481998.0
2025-10-01T00:00:00Z,-0.00082825,0.419000,56443678.0,26879600.2
2025-10-01T08:00:00Z,-0.00018719,0.432800,180341176.0,90279671.8
2025-10-01T16:00:00Z,-0.00037271,0.435000,70622634.4,34082061.5
2025-10-02T00:00:00Z,-0.00048795,0.440800,99305864.2,46101096.3
2025-10-02T08:00:00Z,-0.00046249,0.442600,123383562.9,58114001.2
2025-10-02T16:00:00Z,-0.00015228,0.452500,120082578.9,60432503.7
2025-10-03T00:00:00Z,-0.00015712,0.443900,80440558.4,37824452.9
2025-10-03T08:00:00Z,-0.00051545,0.452600,107820804.0,51163077.0
2025-10-03T16:00:00Z,-0.00045604,0.449900,137641680.4,66629670.1
2025-10-04T00:00:00Z,-0.00085915,0.441800,60560544.0,29104988.3
2025-10-04T08:00:00Z,-0.00016146,0.428000,98902566.5,41974181.1
2025-10-04T16:00:00Z,-0.00037522,0.433900,53368046.1,26077995.7
2025-10-05T00:00:00Z,0,0.452900,109426248.4,54298140.8
2025-10-05T08:00:00Z,-0.00011839,0.443800,109602157.6,49751887.4
2025-10-05T16:00:00Z,-0.00004743,0.431900,77526626.4,36385218.0
2025-10-06T00:00:00Z,-0.00015317,0.438600,94850904.0,48197990.1
2025-10-06T08:00:00Z,0,0.460000,191973198.5,99727738.4
2025-10-06T16:00:00Z,0,0.456700,91210322.6,43486350.9
2025-10-07T00:00:00Z,-0.00011144,0.450300,92096727.7,43453567.8
2025-10-07T08:00:00Z,-0.00076964,0.428300,265380926.0,124527434.6
2025-10-07T16:00:00Z,-0.00015584,0.421300,141743523.1,70146769.7
2025-10-08T00:00:00Z,-0.00015183,0.422400,86122223.4,42695065.7
2025-10-08T08:00:00Z,-0.00018658,0.424900,94334778.6,45244651.9
2025-10-08T16:00:00Z,-0.00021606,0.434700,105395407.9,49059337.2
2025-10-09T00:00:00Z,-0.00044173,0.422300,75498145.5,34617742.0
2025-10-09T08:00:00Z,-0.00069411,0.410800,152969743.7,70796748.8
2025-10-09T16:00:00Z,-0.00050509,0.417700,79977159.2,40876392.1
2025-10-10T00:00:00Z,-0.00039777,0.421600,80240295.0,38310762.1
2025-10-10T08:00:00Z,-0.00027904,0.403300,230811931.8,116584023.2
2025-10-10T16:00:00Z,-0.00165309,0.295900,1250706764.5,573821273.0
2025-10-11T00:00:00Z,-0.00023211,0.311100,366587886.2,176497261.0
2025-10-11T08:00:00Z,-0.00026323,0.319900,293926237.5,151053776.0
2025-10-11T16:00:00Z,-0.00021017,0.301500,261572120.8,123858799.4
2025-10-12T00:00:00Z,-0.00055663,0.309300,131596931.4,65374940.3
2025-10-12T08:00:00Z,-0.00099990,0.335800,245769422.8,124091535.7
2025-10-12T16:00:00Z,-0.00112897,0.334300,207197678.0,103189180.2
2025-10-13T00:00:00Z,-0.00080403,0.338200,127368080.5,64689543.6
2025-10-13T08:00:00Z,0,0.344400,317943628.1,157309812.9
2025-10-13T16:00:00Z,0.00006214,0.358400,158595556.5,80635722.2
2025-10-14T00:00:00Z,-0.00045406,0.329000,231463127.6,112072138.0
2025-10-14T08:00:00Z,-0.00075720,0.341400,238120798.7,117737354.8
2025-10-14T16:00:00Z,0.00025301,0.343200,198806977.2,95804708.7
2025-10-15T00:00:00Z,-0.00082093,0.345500,87660808.0,42138773.1
2025-10-15T08:00:00Z,0,0.328300,231436986.3,111915615.8
2025-10-15T16:00:00Z,-0.00015015,0.326800,133294209.5,69875423.3
2025-10-16T00:00:00Z,0.00013131,0.327000,74051512.4,35990482.7
2025-10-16T08:00:00Z,-0.00083591,0.318000,222279999.0,109168513.0
2025-10-16T16:00:00Z,-0.00051086,0.316000,179493447.1,88868147.8
2025-10-17T00:00:00Z,0,0.293300,173631417.9,84265220.2
2025-10-17T08:00:00Z,-0.00007415,0.302600,294435268.1,146378593.2
2025-10-17T16:00:00Z,-0.00054142,0.303700,114701564.8,58271279.5
2025-10-18T00:00:00Z,-0.00081520,0.307400,76958735.9,38024095.2
2025-10-18T08:00:00Z,-0.00041472,0.307700,83091699.0,41318898.3
2025-10-18T16:00:00Z,-0.00071126,0.309100,44060418.0,22220330.5
2025-10-19T00:00:00Z,-0.00022299,0.308100,40096470.9,18741814.7
2025-10-19T08:00:00Z,-0.00077258,0.318700,162307654.3,79954779.7
2025-10-19T16:00:00Z,-0.00030440,0.317100,71810331.5,34594511.5
2025-10-20T00:00:00Z,-0.00004890,0.324500,90075195.9,43840239.5
2025-10-20T08:00:00Z,-0.00068503,0.322900,76996117.6,37835001.8
2025-10-20T16:00:00Z,-0.00042961,0.321900,86404518.5,43422148.6
2025-10-21T00:00:00Z,-0.00039523,0.314400,89266788.9,44943067.5
2025-10-21T08:00:00Z,-0.00000822,0.332400,160089305.7,76930244.3
2025-10-21T16:00:00Z,-0.00045271,0.310800,167819530.0,81623777.7
2025-10-22T00:00:00Z,-0.00091682,0.307200,94388635.6,48253293.2
2025-10-22T08:00:00Z,-0.00033192,0.309500,150533448.0,74809540.3
2025-10-22T16:00:00Z,-0.00078899,0.301000,158865604.7,78592005.9
2025-10-23T00:00:00Z,-0.00001033,0.308700,74511685.4,38182857.4
2025-10-23T08:00:00Z,-0.00093613,0.313100,95755377.8,47839105.9
2025-10-23T16:00:00Z,-0.00029334,0.313900,82935518.3,40098119.8
2025-10-24T00:00:00Z,0,0.317300,76052132.7,40190312.3
2025-10-24T08:00:00Z,-0.00009029,0.313400,111016263.2,54809497.6
2025-10-24T16:00:00Z,-0.00070748,0.320100,48563172.8,26305149.3
2025-10-25T00:00:00Z,-0.00044365,0.317000,40239885.9,18763776.1
2025-10-25T08:00:00Z,-0.00013443,0.318600,46178374.9,22889516.9
2025-10-25T16:00:00Z,-0.00030884,0.320100,38118700.8,20565829.6
2025-10-26T00:00:00Z,-0.00090354,0.319300,44660038.9,20486895.9
2025-10-26T08:00:00Z,-0.00026986,0.329600,90331593.6,45387070.6
2025-10-26T16:00:00Z,-0.00056197,0.334600,67183065.3,32871115.4
2025-10-27T00:00:00Z,-0.00002610,0.343500,140056203.7,68861765.5
2025-10-27T08:00:00Z,-0.00021897,0.333400,117163660.0,57826238.1
2025-10-27T16:00:00Z,-0.00052433,0.330400,87639286.0,41012429.8
2025-10-28T00:00:00Z,-0.00073239,0.328400,92275286.6,44038105.7
2025-10-28T08:00:00Z,-0.00075790,0.325100,119482529.3,59949290.5
2025-10-28T16:00:00Z,-0.00105277,0.314600,154374419.7,77010324.4
2025-10-29T00:00:00Z,-0.00099864,0.317600,52736162.7,26570283.7
2025-10-29T08:00:00Z,-0.00028082,0.319900,108954923.1,53261978.8
2025-10-29T16:00:00Z,-0.00009369,0.317400,233595410.9,114863073.4
2025-10-30T00:00:00Z,-0.00080373,0.316600,145288865.8,67372947.0
2025-10-30T08:00:00Z,-0.00093123,0.291300,205315362.1,95726289.1
2025-10-30T16:00:00Z,-0.00068666,0.290000,182334774.7,88682441.7
2025-10-31T00:00:00Z,-0.00025870,0.292000,87851448.9,43322915.0
2025-10-31T08:00:00Z,-0.00037634,0.296600,116130723.0,58754235.7
2025-10-31T16:00:00Z,-0.00068805,0.295200,125753502.0,62565945.4
2025-11-01T00:00:00Z,-0.00056265,0.300600,54213940.4,27549847.0
2025-11-01T08:00:00Z,-0.00109957,0.304500,79865401.2,40867321.7
2025-11-01T16:00:00Z,-0.00081718,0.306800,52162042.8,27186021.5
2025-11-02T00:00:00Z,-0.00053652,0.312900,53702710.8,28219042.3
2025-11-02T08:00:00Z,-0.00103884,0.299600,89602127.9,39801077.4
2025-11-02T16:00:00Z,-0.00027390,0.307300,65447100.7,32470221.6
2025-11-03T00:00:00Z,-0.00072602,0.283800,186200139.1,90358388.9
2025-11-03T08:00:00Z,-0.00003703,0.262300,304855379.7,144658264.2
2025-11-03T16:00:00Z,-0.00022223,0.261100,226659131.8,113880786.1
2025-11-04T00:00:00Z,-0.00077739,0.255500,252205032.9,121895742.9
2025-11-04T08:00:00Z,-0.00041625,0.262300,198133113.9,98793661.1
2025-11-04T16:00:00Z,-0.00089375,0.254700,549427734.9,275245580.5
2025-11-05T00:00:00Z,-0.00022070,0.260100,199132882.6,96746881.1
2025-11-05T08:00:00Z,-0.00083257,0.265800,156909189.1,83774686.5
2025-11-05T16:00:00Z,-0.00046012,0.269600,108717358.4,53230627.9
2025-11-06T00:00:00Z,-0.00093887,0.262300,114864097.6,55192582.8
2025-11-06T08:00:00Z,-0.00007932,0.257600,145396302.3,74955802.4
2025-11-06T16:00:00Z,-0.00018720,0.264500,137039487.3,66796991.2
2025-11-07T00:00:00Z,-0.00067975,0.278800,123529098.5,64649279.3
2025-11-07T08:00:00Z,-0.00002485,0.280100,199368852.5,97252704.2
2025-11-07T16:00:00Z,0,0.299500,215658018.0,106313647.3
2025-11-08T00:00:00Z,-0.00083287,0.298300,131799557.5,65131777.1
2025-11-08T08:00:00Z,-0.00052262,0.289600,114615317.5,54768626.3
2025-11-08T16:00:00Z,-0.00025100,0.297900,64194330.9,32194512.3
2025-11-09T00:00:00Z,-0.00007323,0.292700,66631316.8,31298135.0
2025-11-09T08:00:00Z,0,0.298900,100771198.3,54025190.5
2025-11-09T16:00:00Z,0,0.299200,72293532.3,35003642.6
2025-11-10T00:00:00Z,-0.00028398,0.300400,85632667.8,40958837.7
2025-11-10T08:00:00Z,0.00007744,0.294800,129807735.5,60432910.8
2025-11-10T16:00:00Z,0,0.306700,128377260.2,66959746.8
2025-11-11T00:00:00Z,-0.00067326,0.292500,127761785.7,58871203.8
2025-11-11T08:00:00Z,-0.00128540,0.284600,139994771.9,71935027.6
2025-11-11T16:00:00Z,-0.00085724,0.275500,113053280.3,54853376.9
2025-11-12T00:00:00Z,-0.00026004,0.273200,77735484.0,41765382.2
2025-11-12T08:00:00Z,0,0.265100,197876688.0,95584333.8
2025-11-12T16:00:00Z,-0.00008762,0.259200,176512395.3,85111369.5
2025-11-13T00:00:00Z,-0.00092689,0.267400,107174007.8,51975481.4
2025-11-13T08:00:00Z,-0.00004629,0.262900,142962505.3,70683141.5
2025-11-13T16:00:00Z,-0.00082751,0.244500,225835629.2,105187906.1
2025-11-14T00:00:00Z,-0.00043812,0.244900,232973010.3,117066603.0
2025-11-14T08:00:00Z,-0.00015006,0.245200,226995257.9,112610417.0
2025-11-14T16:00:00Z,-0.00039165,0.237400,181103159.0,85558316.0
2025-11-15T00:00:00Z,-0.00001138,0.244700,83094689.1,42356533.3
2025-11-15T08:00:00Z,-0.00073221,0.242700,77494132.8,38021070.6
2025-11-15T16:00:00Z,-0.00049124,0.241000,64984313.7,30885244.5
2025-11-16T00:00:00Z,0,0.245500,69167132.4,35879271.5
2025-11-16T08:00:00Z,0,0.234200,119571097.8,56987246.8
2025-11-16T16:00:00Z,-0.00011690,0.235700,221198822.3,106797372.3
2025-11-17T00:00:00Z,-0.00026799,0.240200,97077661.8,51844368.9
2025-11-17T08:00:00Z,-0.00011643,0.233000,184783493.5,89399976.4
2025-11-17T16:00:00Z,-0.00029823,0.226900,225225044.6,110320397.2
2025-11-18T00:00:00Z,-0.00066027,0.231700,210253974.1,107630316.0
2025-11-18T08:00:00Z,-0.00062332,0.235800,156417641.8,76727419.5
2025-11-18T16:00:00Z,-0.00035268,0.237300,89597611.2,44465002.3
2025-11-19T00:00:00Z,-0.00070533,0.233800,100070059.9,47498751.0
2025-11-19T08:00:00Z,-0.00006661,0.226900,139506474.7,69459408.0
2025-11-19T16:00:00Z,-0.00012299,0.229500,243827267.0,116182064.4
2025-11-20T00:00:00Z,-0.00029830,0.235800,93335112.2,47450799.4
2025-11-20T08:00:00Z,-0.00057172,0.234500,167947543.3,84299731.8
2025-11-20T16:00:00Z,0,0.215000,411241688.9,198675680.8
2025-11-21T00:00:00Z,-0.00064046,0.200900,314450091.5,152514995.7
2025-11-21T08:00:00Z,0.00032181,0.202900,420966256.9,207215143.8
2025-11-21T16:00:00Z,-0.00032835,0.201900,281518526.7,139790036.4
2025-11-22T00:00:00Z,-0.00018736,0.200400,144195736.2,67844187.8
2025-11-22T08:00:00Z,-0.00115490,0.197400,130238015.4,62178444.5
2025-11-22T16:00:00Z,-0.00029484,0.200100,69944962.7,36371974.4
2025-11-23T00:00:00Z,-0.00004923,0.200400,77800580.7,39572077.0
2025-11-23T08:00:00Z,-0.00056069,0.202700,68851391.8,33110695.1
2025-11-23T16:00:00Z,0,0.200700,73207875.5,34823253.9
2025-11-24T00:00:00Z,-0.00004361,0.204600,141547035.3,70162721.1
2025-11-24T08:00:00Z,-0.00031600,0.206700,159577076.8,80512875.7
2025-11-24T16:00:00Z,-0.00053074,0.217300,167008434.0,84315316.7
2025-11-25T00:00:00Z,-0.00001056,0.213800,71521188.1,33102135.4
2025-11-25T08:00:00Z,-0.00085879,0.212000,94085519.8,44691201.6
2025-11-25T16:00:00Z,-0.00065968,0.216200,104947230.2,54030384.6
2025-11-26T00:00:00Z,-0.00010816,0.214800,55609135.4,27066109.2
2025-11-26T08:00:00Z,0.00000193,0.209500,106386677.9,48917955.4
2025-11-26T16:00:00Z,-0.00002021,0.218600,161597671.4,83571224.0
2025-11-27T00:00:00Z,-0.00011910,0.218200,58984746.4,27660990.4
2025-11-27T08:00:00Z,-0.00038039,0.221100,57144194.1,29493586.2
2025-11-27T16:00:00Z,-0.00040082,0.220500,68940659.9,34084746.5
2025-11-28T00:00:00Z,-0.00000462,0.217300,57123949.7,27934095.3
2025-11-28T08:00:00Z,0,0.222900,130675028.9,65913709.9
2025-11-28T16:00:00Z,-0.00089975,0.216600,101104128.1,47631271.4
2025-11-29T00:00:00Z,-0.00006113,0.215500,60175047.7,27910689.1
2025-11-29T08:00:00Z,0.00000775,0.216100,60516585.1,30034924.7
2025-11-29T16:00:00Z,-0.00014833,0.214300,49896669.9,23698231.1
2025-11-30T00:00:00Z,0,0.216500,58094098.0,29676952.7
2025-11-30T08:00:00Z,-0.00018646,0.213800,77201370.9,33831348.4
2025-11-30T16:00:00Z,-0.00013178,0.210400,81093043.6,37835376.5
2025-12-01T00:00:00Z,-0.00070305,0.197900,220172130.2,105028360.1
2025-12-01T08:00:00Z,-0.00092478,0.190500,154906145.0,72716898.3
2025-12-01T16:00:00Z,-0.00127134,0.193500,161257406.7,79566118.0
2025-12-02T00:00:00Z,-0.00017098,0.194400,68252110.4,32801268.2
2025-12-02T08:00:00Z,0,0.214900,187697400.6,96772753.8
2025-12-02T16:00:00Z,0,0.212600,174866757.7,85399318.3
2025-12-03T00:00:00Z,-0.00035786,0.216200,89193429.1,45789734.1
2025-12-03T08:00:00Z,-0.00013056,0.216500,153350569.7,76327234.4
2025-12-03T16:00:00Z,0,0.222500,121508102.3,61513247.1
2025-12-04T00:00:00Z,-0.00051002,0.222500,75091314.7,36860683.0
2025-12-04T08:00:00Z,-0.00003429,0.221000,96967562.3,43925131.4
2025-12-04T16:00:00Z,-0.00011845,0.215800,104234912.3,48828714.1
2025-12-05T00:00:00Z,-0.00091738,0.216500,47731901.1,23785721.3
2025-12-05T08:00:00Z,0,0.208900,131190282.4,60153583.8
2025-12-05T16:00:00Z,-0.00129654,0.202200,136706984.9,66242614.4
2025-12-06T00:00:00Z,-0.00010504,0.202700,53618716.0,25600798.2
2025-12-06T08:00:00Z,-0.00017634,0.204800,69157715.7,36404380.2
2025-12-06T16:00:00Z,0,0.207300,64100732.4,32914532.1
2025-12-07T00:00:00Z,-0.00014920,0.208000,46240263.1,23127791.1
2025-12-07T08:00:00Z,-0.00001198,0.206200,121814921.6,59043143.5
2025-12-07T16:00:00Z,-0.00048550,0.204000,157910239.7,76894445.3
2025-12-08T00:00:00Z,0.00018489,0.212100,81903705.2,44131191.2
2025-12-08T08:00:00Z,-0.00008121,0.211700,124070200.0,62361908.6
2025-12-08T16:00:00Z,-0.00004158,0.212300,102056224.2,50815849.8
2025-12-09T00:00:00Z,-0.00063845,0.213400,66991276.1,33408561.6
2025-12-09T08:00:00Z,-0.00054203,0.221700,163353808.6,84168574.4
2025-12-09T16:00:00Z,-0.00026128,0.222400,171631054.7,84074892.7
2025-12-10T00:00:00Z,-0.00017736,0.218200,58489512.2,26704972.3
2025-12-10T08:00:00Z,-0.00072463,0.217200,80368282.7,38870065.0
2025-12-10T16:00:00Z,0,0.216300,226728730.9,108081733.3
2025-12-11T00:00:00Z,-0.00021432,0.205900,105194553.5,47998217.6
2025-12-11T08:00:00Z,-0.00021867,0.204800,91013645.5,42365642.4
2025-12-11T16:00:00Z,0,0.212500,132307203.5,69364546.5
2025-12-12T00:00:00Z,-0.00046993,0.213300,90040923.6,46320347.3
2025-12-12T08:00:00Z,0,0.201600,118008033.7,53845473.7
2025-12-12T16:00:00Z,-0.00053480,0.205700,126231281.0,64520899.3
2025-12-13T00:00:00Z,0,0.208100,43687503.1,21990736.4
2025-12-13T08:00:00Z,0,0.211600,50966661.2,26158346.6
2025-12-13T16:00:00Z,-0.00018319,0.215100,90078071.1,44908979.7
2025-12-14T00:00:00Z,-0.00030325,0.213300,70272602.5,33791012.3
2025-12-14T08:00:00Z,-0.00001469,0.207500,86694461.9,40023292.6
2025-12-14T16:00:00Z,-0.00050414,0.204600,86469648.9,42623786.3
2025-12-15T00:00:00Z,-0.00051663,0.208200,92865922.2,47747822.3
2025-12-15T08:00:00Z,-0.00076326,0.198800,247126714.0,120998410.2
2025-12-15T16:00:00Z,-0.00077045,0.197000,180598877.6,86134018.4
2025-12-16T00:00:00Z,-0.00078271,0.192200,85615152.4,40781427.9
2025-12-16T08:00:00Z,0,0.201300,140546467.8,68818963.9
2025-12-16T16:00:00Z,-0.00033326,0.200300,95004300.8,47389490.5
2025-12-17T00:00:00Z,-0.00035597,0.197400,63888477.5,30977954.7
2025-12-17T08:00:00Z,-0.00015050,0.193800,175174696.7,86815431.0
2025-12-17T16:00:00Z,-0.00033687,0.184700,220295647.4,103810949.7
2025-12-18T00:00:00Z,0,0.181700,97125871.9,46560804.5
2025-12-18T08:00:00Z,-0.00010512,0.189800,190062958.3,95742104.0
2025-12-18T16:00:00Z,-0.00083805,0.175700,289366510.7,139949696.8
2025-12-19T00:00:00Z,-0.00003680,0.184700,133753721.1,67347984.6
2025-12-19T08:00:00Z,0,0.189900,122314497.6,62983083.1
2025-12-19T16:00:00Z,-0.00021660,0.192500,145923841.1,75080346.7
2025-12-20T00:00:00Z,-0.00025435,0.191800,73546090.8,34633750.8
2025-12-20T08:00:00Z,-0.00107004,0.190600,71089687.4,34414491.0
2025-12-20T16:00:00Z,-0.00055642,0.189600,46057842.4,23153704.8
2025-12-21T00:00:00Z,-0.00024525,0.190000,49814096.0,24691463.8
2025-12-21T08:00:00Z,-0.00046782,0.184400,115218648.6,52858801.6
2025-12-21T16:00:00Z,-0.00015938,0.185900,77927372.2,37930988.4
2025-12-22T00:00:00Z,-0.00077842,0.190100,115866149.1,58818580.0
2025-12-22T08:00:00Z,0,0.190500,129186173.8,63285128.5
2025-12-22T16:00:00Z,-0.00008098,0.187500,119484949.2,61787264.0
2025-12-23T00:00:00Z,-0.00079890,0.184800,83591632.9,41740631.2
2025-12-23T08:00:00Z,-0.00046742,0.183100,105868201.2,49122796.8
2025-12-23T16:00:00Z,-0.00062785,0.190900,113320540.7,59808802.1
2025-12-24T00:00:00Z,-0.00126025,0.185000,105576736.8,50110548.3
2025-12-24T08:00:00Z,-0.00037735,0.188000,114295055.0,57713750.9
2025-12-24T16:00:00Z,0,0.187700,57822528.7,30195386.3
2025-12-25T00:00:00Z,0,0.190600,49429995.5,23782434.9
2025-12-25T08:00:00Z,-0.00023252,0.189800,84555768.3,40646902.6
2025-12-25T16:00:00Z,-0.00030658,0.184300,106141099.1,49285091.7
2025-12-26T00:00:00Z,-0.00069369,0.190100,138377769.0,70293339.4
2025-12-26T08:00:00Z,-0.00071578,0.189300,95087474.4,48468996.3
2025-12-26T16:00:00Z,-0.00057105,0.191600,86132228.6,42438771.0
2025-12-27T00:00:00Z,-0.00072654,0.191900,50342882.1,25940655.0
2025-12-27T08:00:00Z,0,0.193800,38409083.0,20114038.3
2025-12-27T16:00:00Z,0,0.197100,44640918.1,23472392.2
2025-12-28T00:00:00Z,-0.00023855,0.197300,37690666.6,17789729.0
2025-12-28T08:00:00Z,0,0.196600,46976807.3,22668172.3
2025-12-28T16:00:00Z,0,0.194900,60376381.3,27727219.9
2025-12-29T00:00:00Z,-0.00070062,0.196500,103419058.3,54583574.9
2025-12-29T08:00:00Z,-0.00135265,0.191400,143507004.0,68847563.7
2025-12-29T16:00:00Z,-0.00017725,0.190400,60150967.6,28232585.4
2025-12-30T00:00:00Z,-0.00009532,0.190800,49894509.8,24339558.1
2025-12-30T08:00:00Z,-0.00077599,0.193700,89057233.8,45127550.9
2025-12-30T16:00:00Z,-0.00017805,0.190800,53476426.5,26191119.3
2025-12-31T00:00:00Z,-0.00055977,0.191100,34490866.2,17667887.9
2025-12-31T08:00:00Z,-0.00032727,0.189100,64772074.0,30111309.2
2025-12-31T16:00:00Z,-0.00114015,0.186800,95700269.2,43877571.3
2026-01-01T00:00:00Z,-0.00061020,0.186400,44185583.0,22177242.5
2026-01-01T08:00:00Z,0.00017785,0.194800,74769502.6,39815219.0
2026-01-01T16:00:00Z,0.00011271,0.201200,97257760.9,51008815.5
2026-01-02T00:00:00Z,-0.00064745,0.199600,80212859.1,39619303.3
2026-01-02T08:00:00Z,0,0.202600,121953607.8,64778583.8
2026-01-02T16:00:00Z,0,0.208900,99340924.4,51485470.1
2026-01-03T00:00:00Z,-0.00024718,0.204800,70957048.2,32165879.5
2026-01-03T08:00:00Z,-0.00026001,0.206900,48965250.7,25449168.3
2026-01-03T16:00:00Z,-0.00077993,0.208900,50023082.2,27787338.4
2026-01-04T00:00:00Z,-0.00099663,0.210000,65262419.7,32592393.1
2026-01-04T08:00:00Z,-0.00078759,0.215100,80321842.4,40670137.8
2026-01-04T16:00:00Z,-0.00049209,0.216200,85171812.4,42710628.9
2026-01-05T00:00:00Z,0,0.215100,114222832.6,52457448.2
2026-01-05T08:00:00Z,0,0.217900,118463504.3,55930603.8
2026-01-05T16:00:00Z,-0.00045463,0.220800,122168989.7,61167119.6
2026-01-06T00:00:00Z,-0.00045630,0.219000,82563133.8,39753409.0
2026-01-06T08:00:00Z,0,0.220700,131202952.2,61841645.0
2026-01-06T16:00:00Z,-0.00048840,0.222200,159255152.4,74926592.5
2026-01-07T00:00:00Z,-0.00011937,0.220800,63313335.8,31205966.0
2026-01-07T08:00:00Z,-0.00031673,0.210900,164149080.7,78100229.4
2026-01-07T16:00:00Z,-0.00089606,0.212700,92195274.5,44943787.1
2026-01-08T00:00:00Z,-0.00055258,0.210800,94245213.1,46081264.3
2026-01-08T08:00:00Z,-0.00071657,0.211800,127828716.3,63871067.9
2026-01-08T16:00:00Z,-0.00075700,0.208900,86664219.8,40227243.6
2026-01-09T00:00:00Z,-0.00066852,0.208300,57649484.8,29313070.8
2026-01-09T08:00:00Z,0,0.209700,127473328.9,63121767.8
2026-01-09T16:00:00Z,0,0.207400,93092900.9,44807168.1
2026-01-10T00:00:00Z,0,0.207900,41197694.7,21608345.4
2026-01-10T08:00:00Z,-0.00062973,0.210600,76891117.8,40450783.3
2026-01-10T16:00:00Z,-0.00052871,0.206800,42280924.4,20903598.7
2026-01-11T00:00:00Z,0,0.208300,35250683.9,17583005.4
2026-01-11T08:00:00Z,-0.00067062,0.206600,45309703.1,21609307.2
2026-01-11T16:00:00Z,0,0.204200,81989955.4,35737166.0
2026-01-12T00:00:00Z,-0.00143123,0.204900,94998585.5,48791681.2
2026-01-12T08:00:00Z,-0.00016029,0.204500,115201213.3,54255687.2
2026-01-12T16:00:00Z,-0.00061807,0.200600,93577127.6,45647456.3
2026-01-13T00:00:00Z,-0.00074481,0.204500,54167418.6,26140767.3
2026-01-13T08:00:00Z,0.00008009,0.214100,137821142.9,70686523.5
2026-01-13T16:00:00Z,-0.00005419,0.221400,209300455.7,108461623.2
2026-01-14T00:00:00Z,-0.00001755,0.222400,98634803.1,48973978.8
2026-01-14T08:00:00Z,-0.00009291,0.222500,132783714.9,61310499.3
2026-01-14T16:00:00Z,-0.00035475,0.217400,150463189.0,70558683.6
2026-01-15T00:00:00Z,-0.00101967,0.215300,94251819.6,45397474.8
2026-01-15T08:00:00Z,0.00025096,0.210400,111913566.9,52634046.3
2026-01-15T16:00:00Z,0,0.209900,95968473.7,46255737.6
2026-01-16T00:00:00Z,-0.00101571,0.210100,67507989.1,31852373.7
2026-01-16T08:00:00Z,-0.00075953,0.204500,76348195.9,35592855.2
2026-01-16T16:00:00Z,-0.00058769,0.209600,70958293.2,35021195.8
2026-01-17T00:00:00Z,-0.00034347,0.213000,50810168.0,28520758.0
2026-01-17T08:00:00Z,0,0.221900,129805952.9,70599200.7
2026-01-17T16:00:00Z,-0.00000127,0.216400,84661479.2,40925767.2
2026-01-18T00:00:00Z,-0.00031368,0.213400,62917217.8,30053713.8
2026-01-18T08:00:00Z,0,0.216100,70697222.3,32973271.2
2026-01-18T16:00:00Z,-0.00055069,0.206000,113189289.5,51895432.8
2026-01-19T00:00:00Z,-0.00089944,0.192300,351222549.5,161764559.8
2026-01-19T08:00:00Z,-0.00084343,0.191200,126045223.1,62898426.1
2026-01-19T16:00:00Z,-0.00026888,0.193300,118884809.8,57511280.0
2026-01-20T00:00:00Z,-0.00087702,0.189900,132701830.3,65532198.3
2026-01-20T08:00:00Z,-0.00011680,0.187200,184688903.6,88883272.2
2026-01-20T16:00:00Z,-0.00039016,0.181900,153094682.7,71484837.9
2026-01-21T00:00:00Z,-0.00016869,0.186400,80226867.5,40553148.2
2026-01-21T08:00:00Z,0,0.190100,187556975.7,95224895.5
2026-01-21T16:00:00Z,0,0.184900,257699652.0,124458484.1
2026-01-22T00:00:00Z,-0.00082583,0.179800,105138565.5,49542134.5
2026-01-22T08:00:00Z,-0.00019572,0.176800,173607607.4,78413874.7
2026-01-22T16:00:00Z,0,0.177500,125168580.8,60258315.0
2026-01-23T00:00:00Z,-0.00039266,0.178900,79257902.5,40672250.9
2026-01-23T08:00:00Z,0,0.177900,115911173.5,56588997.2
2026-01-23T16:00:00Z,-0.00069437,0.176700,167236243.8,82107378.4
2026-01-24T00:00:00Z,-0.00040656,0.177600,62023738.2,31639724.1
2026-01-24T08:00:00Z,-0.00119552,0.176000,40841178.5,20043501.2
2026-01-24T16:00:00Z,-0.00049261,0.176300,50234354.7,26032290.8
2026-01-25T00:00:00Z,-0.00031824,0.174800,62569870.0,30740284.7
2026-01-25T08:00:00Z,-0.00001716,0.173300,74604016.1,37256903.1
2026-01-25T16:00:00Z,-0.00001857,0.167300,260665447.7,120695518.4
2026-01-26T00:00:00Z,-0.00074946,0.171000,95495522.2,50266063.5
2026-01-26T08:00:00Z,0,0.170300,119991859.3,60223777.6
2026-01-26T16:00:00Z,-0.00035249,0.170000,110579234.6,56132998.7
2026-01-27T00:00:00Z,0.00012166,0.169300,47237390.3,22306397.2
2026-01-27T08:00:00Z,-0.00041208,0.169000,74275852.4,36067663.5
2026-01-27T16:00:00Z,-0.00065365,0.171400,136943292.2,67440947.5
2026-01-28T00:00:00Z,-0.00067647,0.171100,73606410.5,38723021.7
2026-01-28T08:00:00Z,-0.00057913,0.168700,112894228.3,55571213.7
2026-01-28T16:00:00Z,-0.00079492,0.171600,128780865.0,67998176.4
2026-01-29T00:00:00Z,-0.00049916,0.166300,92908001.4,40807505.5
2026-01-29T08:00:00Z,-0.00033921,0.157300,226787801.0,104456145.6
2026-01-29T16:00:00Z,-0.00013593,0.158300,166813952.3,84054989.1
2026-01-30T00:00:00Z,-0.00035277,0.154500,201453728.4,99495869.2
2026-01-30T08:00:00Z,-0.00097777,0.154500,140206363.2,73831066.1
2026-01-30T16:00:00Z,-0.00022908,0.155200,177964207.9,86404157.5
2026-01-31T00:00:00Z,0,0.152500,56353564.6,26287657.5
2026-01-31T08:00:00Z,-0.00038185,0.141600,336412647.5,154803115.4
2026-01-31T16:00:00Z,-0.00034026,0.140100,533702030.1,254497396.9
2026-02-01T00:00:00Z,0,0.140000,95728910.6,45916514.2
2026-02-01T08:00:00Z,-0.00099030,0.136400,179855175.2,85506400.5
2026-02-01T16:00:00Z,-0.00047962,0.135100,258473363.5,124368122.1
2026-02-02T00:00:00Z,-0.00048795,0.133000,313072868.7,161012576.4
2026-02-02T08:00:00Z,0,0.139200,152324731.6,79654069.5
2026-02-02T16:00:00Z,0,0.137100,92526831.1,45626828.9
2026-02-03T00:00:00Z,-0.00102534,0.136400,128019372.2,62782297.9
2026-02-03T08:00:00Z,-0.00088043,0.134000,218243043.8,105092191.8
2026-02-03T16:00:00Z,-0.00088117,0.130200,438010676.4,220269326.0
2026-02-04T00:00:00Z,-0.00045413,0.134500,124566338.6,63959942.6
2026-02-04T08:00:00Z,-0.00104811,0.131000,265376048.2,129131954.6
2026-02-04T16:00:00Z,-0.00065713,0.128300,309500092.2,148758924.9
2026-02-05T00:00:00Z,0,0.124600,212913053.6,109325399.8
2026-02-05T08:00:00Z,-0.00151127,0.116000,410789080.6,200516548.7
2026-02-05T16:00:00Z,0,0.107700,709244466.4,353751191.6
2026-02-06T00:00:00Z,-0.00080756,0.107700,813141573.8,385784696.5
2026-02-06T08:00:00Z,-0.00007017,0.115700,408298868.4,206199672.2
2026-02-06T16:00:00Z,-0.00047230,0.120200,266770982.1,139648055.2
2026-02-07T00:00:00Z,-0.00044835,0.116100,198409615.2,98892636.8
2026-02-07T08:00:00Z,-0.00004750,0.119800,166372284.0,81722131.9
2026-02-07T16:00:00Z,0,0.119900,338625699.5,167855460.9
2026-02-08T00:00:00Z,-0.00081830,0.118000,70563258.9,33404172.2
2026-02-08T08:00:00Z,-0.00063496,0.117700,129087240.8,64301254.5
2026-02-08T16:00:00Z,0,0.116500,133207380.7,66993831.4
2026-02-09T00:00:00Z,-0.00008242,0.114000,106497403.4,53654729.1
2026-02-09T08:00:00Z,-0.00083062,0.110800,182157945.4,90381476.9
2026-02-09T16:00:00Z,0,0.113100,213086066.9,105539411.4
2026-02-10T00:00:00Z,0,0.109300,145086990.0,67532648.5
2026-02-10T08:00:00Z,-0.00043218,0.111200,155733260.8,75204906.5
2026-02-10T16:00:00Z,-0.00103702,0.109900,127040631.3,63365005.8
2026-02-11T00:00:00Z,-0.00095673,0.107000,130921884.4,65908380.6
2026-02-11T08:00:00Z,-0.00038129,0.106800,252282170.0,125366614.7
2026-02-11T16:00:00Z,0,0.108300,211276030.5,101575417.9
2026-02-12T00:00:00Z,-0.00010068,0.112300,114526523.6,60338101.6
2026-02-12T08:00:00Z,0,0.110400,165587342.5,80229967.8
2026-02-12T16:00:00Z,0,0.111600,181867849.4,90012740.6
2026-02-13T00:00:00Z,-0.00055921,0.110000,122491727.5,61512293.9
2026-02-13T08:00:00Z,-0.00048926,0.113200,176458223.7,89794624.2
2026-02-13T16:00:00Z,0,0.115400,112659849.3,57520454.7
2026-02-14T00:00:00Z,-0.00037999,0.116100,75957246.3,37584238.5
2026-02-14T08:00:00Z,0,0.119600,99917422.6,48245347.2
2026-02-14T16:00:00Z,-0.00097272,0.120400,91322254.3,46285901.3
2026-02-15T00:00:00Z,-0.00045345,0.120700,107888394.3,51761360.6
2026-02-15T08:00:00Z,-0.00091930,0.115000,140604129.9,65706020.9
2026-02-15T16:00:00Z,-0.00009047,0.114600,109606027.0,52451932.8
2026-02-16T00:00:00Z,-0.00011876,0.113400,70701953.2,35112586.3
2026-02-16T08:00:00Z,-0.00023144,0.112000,163522032.5,80217948.9
2026-02-16T16:00:00Z,-0.00110005,0.115100,94055971.3,46052507.9
2026-02-17T00:00:00Z,-0.00000264,0.114100,69477123.9,34611630.2
2026-02-17T08:00:00Z,-0.00017840,0.113200,126551584.6,60589345.3
2026-02-17T16:00:00Z,0,0.112700,105029496.0,51039384.8
2026-02-18T00:00:00Z,-0.00064116,0.113800,61520504.2,31520297.8
2026-02-18T08:00:00Z,-0.00060760,0.111900,120396310.7,61381096.9
2026-02-18T16:00:00Z,0,0.107700,139080937.7,61001589.0
2026-02-19T00:00:00Z,-0.00075525,0.106300,107403987.9,48861668.8
2026-02-19T08:00:00Z,-0.00063258,0.097900,318098288.4,143871225.8
2026-02-19T16:00:00Z,-0.00038050,0.097800,278668270.1,136077289.0
2026-02-20T00:00:00Z,-0.00026071,0.096500,272609627.2,128151785.3
2026-02-20T08:00:00Z,0,0.096900,446877644.2,210581111.0
2026-02-20T16:00:00Z,-0.00114961,0.096900,350875699.9,168230076.2
2026-02-21T00:00:00Z,0,0.100000,176818072.2,91224448.7
2026-02-21T08:00:00Z,-0.00065869,0.099900,380870792.7,190546203.1
2026-02-21T16:00:00Z,-0.00135369,0.098300,120985380.2,58139866.2
2026-02-22T00:00:00Z,0,0.095700,133660250.6,64970060.3
2026-02-22T08:00:00Z,0,0.094400,152093163.5,73940219.2
2026-02-22T16:00:00Z,-0.00132357,0.094400,81588688.7,39160901.3
2026-02-23T00:00:00Z,-0.00091474,0.092900,344962776.4,159847705.7
2026-02-23T08:00:00Z,-0.00004941,0.092600,213348788.7,114913909.9
2026-02-23T16:00:00Z,-0.00067274,0.093600,208670505.7,113428274.0
2026-02-24T00:00:00Z,0,0.091300,184951234.6,85895862.6
2026-02-24T08:00:00Z,-0.00058026,0.092900,178653349.3,91735186.0
2026-02-24T16:00:00Z,-0.00031659,0.092100,137497721.6,68200072.1
2026-02-25T00:00:00Z,-0.00006136,0.093000,197419308.8,93501168.4
2026-02-25T08:00:00Z,-0.00118103,0.100100,264711181.4,140638399.1
2026-02-25T16:00:00Z,-0.00045824,0.100700,422138499.3,206366371.0
2026-02-26T00:00:00Z,0,0.100000,316806441.1,158232224.7
2026-02-26T08:00:00Z,0,0.099700,200841702.3,99361560.8
2026-02-26T16:00:00Z,0,0.100000,183651104.3,91371100.8
2026-02-27T00:00:00Z,0,0.107100,172296547.2,93756770.6
2026-02-27T08:00:00Z,0,0.100900,664628530.6,324433832.8
2026-02-27T16:00:00Z,-0.00057960,0.100300,196464299.4,95002690.2
2026-02-28T00:00:00Z,-0.00112606,0.094600,280764861.0,129509038.9
2026-02-28T08:00:00Z,0,0.093400,301058950.7,150016465.7
2026-02-28T16:00:00Z,0,0.099600,294788060.3,143766149.3
2026-03-01T00:00:00Z,-0.00056783,0.102100,223516736.8,116315059.7
2026-03-01T08:00:00Z,-0.00065038,0.100500,189340986.9,99276223.9
2026-03-01T16:00:00Z,-0.00008438,0.099500,228441132.7,113207784.8
2026-03-02T00:00:00Z,-0.00023134,0.099400,189717165.6,96774010.3
2026-03-02T08:00:00Z,-0.00016128,0.105700,266189423.2,136641305.0
2026-03-02T16:00:00Z,-0.00005881,0.101800,193310856.4,95858400.2
2026-03-03T00:00:00Z,-0.00000433,0.101000,119044762.0,57945792.9
2026-03-03T08:00:00Z,-0.00091530,0.101200,180121850.1,83398711.4
2026-03-03T16:00:00Z,-0.00049344,0.102600,211396985.7,105364202.4
2026-03-04T00:00:00Z,-0.00083174,0.103200,147149811.7,74573666.1
2026-03-04T08:00:00Z,-0.00007620,0.106100,259810006.0,140028223.2
2026-03-04T16:00:00Z,-0.00076785,0.104700,180014374.5,86436822.0
2026-03-05T00:00:00Z,-0.00063624,0.102500,114329691.3,54913755.6
2026-03-05T08:00:00Z,0.00000000,0.103800,154401765.5,74533175.9
2026-03-05T16:00:00Z,0.00000000,0.102900,196452185.7,95339780.3
2026-03-06T00:00:00Z,-0.00015821,0.104900,77895896.1,40589030.7
2026-03-06T08:00:00Z,-0.00086033,0.099200,195942642.0,90417338.7
2026-03-06T16:00:00Z,0.00001474,0.099900,116639670.1,54526807.5
2026-03-07T00:00:00Z,-0.00042005,0.098900,63793536.2,32597225.6
2026-03-07T08:00:00Z,-0.00021905,0.097000,91285563.2,43376008.9
2026-03-07T16:00:00Z,0.00000000,0.096800,83375972.6,38956211.3
2026-03-08T00:00:00Z,-0.00001333,0.095600,73721806.3,31286090.4
2026-03-08T08:00:00Z,-0.00039338,0.094800,124955957.2,60206642.8
2026-03-08T16:00:00Z,-0.00077271,0.094400,177844121.6,83478986.6
2026-03-09T00:00:00Z,-0.00097659,0.097000,145370459.3,74983131.1
2026-03-09T08:00:00Z,0.00000000,0.098900,205361868.0,103996737.5
2026-03-09T16:00:00Z,0.00000000,0.097500,115381609.7,62379180.6
2026-03-10T00:00:00Z,0.00000000,0.099800,111128568.1,57143225.4
2026-03-10T08:00:00Z,-0.00096236,0.101100,172553370.5,84428779.0
2026-03-10T16:00:00Z,-0.00070104,0.098300,135855910.0,64703880.9
2026-03-11T00:00:00Z,-0.00033994,0.098100,72368272.7,34822687.7
2026-03-11T08:00:00Z,-0.00096207,0.100600,192971482.3,96678034.4
2026-03-11T16:00:00Z,0.00003544,0.100000,113345727.6,55837551.3
2026-03-12T00:00:00Z,-0.00086720,0.099000,89812073.1,43611574.7
2026-03-12T08:00:00Z,-0.00103249,0.098900,170772261.5,81373459.9
2026-03-12T16:00:00Z,0.00000000,0.100900,116215865.1,57126779.1
2026-03-13T00:00:00Z,0.00000000,0.103500,158315975.8,80784589.1
2026-03-13T08:00:00Z,0.00000000,0.105000,213482958.6,109787817.8
2026-03-13T16:00:00Z,-0.00022242,0.102600,100534352.8,50010882.3
2026-03-14T00:00:00Z,0.00000000,0.100500,90342619.1,39950608.6
2026-03-14T08:00:00Z,-0.00005957,0.100300,78535224.4,35329562.5
2026-03-14T16:00:00Z,-0.00055317,0.100900,55726327.8,25692852.7
2026-03-15T00:00:00Z,0.00000000,0.101800,85681146.7,44015839.0
2026-03-15T08:00:00Z,-0.00040118,0.101300,95062333.2,49206131.0
2026-03-15T16:00:00Z,-0.00065773,0.103900,123434543.1,65595579.9
2026-03-16T00:00:00Z,0.00000000,0.108600,215108920.6,111944948.7
2026-03-16T08:00:00Z,-0.00102740,0.106700,190363180.3,92620836.8
2026-03-16T16:00:00Z,-0.00079684,0.110300,161547482.3,87571968.3
2026-03-17T00:00:00Z,0.00000000,0.108500,143408897.9,69068243.3
2026-03-17T08:00:00Z,0.00000000,0.107700,154961266.7,76290443.1
2026-03-17T16:00:00Z,-0.00007978,0.107900,65877579.4,31563205.6
2026-03-18T00:00:00Z,-0.00043342,0.107900,85096726.2,41192363.2
2026-03-18T08:00:00Z,0.00000000,0.101300,174270325.5,76995107.2
2026-03-18T16:00:00Z,-0.00042659,0.102800,118338161.6,57572547.3
2026-03-19T00:00:00Z,-0.00057026,0.100700,86546809.1,42389742.0
2026-03-19T08:00:00Z,-0.00093514,0.098600,137461224.9,60457270.3
2026-03-19T16:00:00Z,-0.00065006,0.099200,86092128.6,41731124.8
2026-03-20T00:00:00Z,-0.00015593,0.100600,86832067.3,42859470.7
2026-03-20T08:00:00Z,0.00000000,0.099700,112181414.0,56547665.2
2026-03-20T16:00:00Z,-0.00101571,0.099800,71079297.4,35671422.8
2026-03-21T00:00:00Z,-0.00070172,0.099700,37000678.8,18183000.4
2026-03-21T08:00:00Z,-0.00008811,0.100600,53371372.5,27035919.7
2026-03-21T16:00:00Z,-0.00092331,0.096300,99891365.6,43938088.5
2026-03-22T00:00:00Z,0.00000000,0.094900,168667573.2,76973966.5
2026-03-22T08:00:00Z,-0.00175925,0.093500,90386936.7,42166053.0
2026-03-22T16:00:00Z,0.00000000,0.092500,158103004.5,76475970.0
2026-03-23T00:00:00Z,-0.00153218,0.092400,129761779.1,61178208.6
2026-03-23T08:00:00Z,0.00000000,0.094100,379090295.0,194385699.2
2026-03-23T16:00:00Z,0.00037591,0.097600,178230427.8,95447046.0
2026-03-24T00:00:00Z,-0.00024597,0.096700,161140637.7,84511746.0
2026-03-24T08:00:00Z,-0.00017335,0.096600,178225950.3,93025517.5
2026-03-24T16:00:00Z,-0.00013358,0.097500,164590419.5,82881053.5
2026-03-25T00:00:00Z,0.00000000,0.098600,94565691.0,49327824.0
2026-03-25T08:00:00Z,-0.00124736,0.098700,124051140.5,60691965.0
2026-03-25T16:00:00Z,0.00000000,0.098700,94506067.6,45171369.7
2026-03-26T00:00:00Z,0.00000038,0.095100,143286863.3,71202469.9
2026-03-26T08:00:00Z,-0.00121458,0.094000,139768060.9,71439118.7
2026-03-26T16:00:00Z,0.00000000,0.093800,111318107.8,51601356.3
2026-03-27T00:00:00Z,0.00000000,0.094500,69148699.2,34007404.5
2026-03-27T08:00:00Z,-0.00049213,0.090400,203366059.5,91760522.0
2026-03-27T16:00:00Z,-0.00064533,0.089900,93451744.0,43409600.0
2026-03-28T00:00:00Z,-0.00092445,0.089600,69197471.5,31956284.9
2026-03-28T08:00:00Z,-0.00085850,0.091400,104853100.7,52671852.9
2026-03-28T16:00:00Z,-0.00041319,0.089800,80102621.5,38356197.4
2026-03-29T00:00:00Z,0.00000000,0.089600,67736933.6,33464959.4
2026-03-29T08:00:00Z,-0.00007601,0.088600,103507148.3,50094865.4
2026-03-29T16:00:00Z,0.00000000,0.088300,147122468.1,71943920.9
2026-03-30T00:00:00Z,0.00000000,0.092600,139613887.9,72366169.2
2026-03-30T08:00:00Z,-0.00028122,0.092200,160191876.1,86678844.5
2026-03-30T16:00:00Z,-0.00039406,0.091100,165231205.4,91837908.7
2026-03-31T00:00:00Z,0.00000000,0.092800,103582260.4,52138147.7
2026-03-31T08:00:00Z,-0.00006296,0.091400,161092330.6,74906234.9
2026-03-31T16:00:00Z,-0.00022096,0.092900,106827989.2,52995129.2
2026-04-01T00:00:00Z,0.00004450,0.095800,115221593.3,57126726.1
2026-04-01T08:00:00Z,-0.00121978,0.094600,160754211.4,81536208.0
2026-04-01T16:00:00Z,0.00000000,0.094400,98609494.1,52463721.7
2026-04-02T00:00:00Z,-0.00128059,0.091300,165883953.2,75596341.9
2026-04-02T08:00:00Z,0.00000000,0.091500,165431146.1,76263114.6
2026-04-02T16:00:00Z,-0.00105000,0.090700,91439138.2,46311443.5
2026-04-03T00:00:00Z,-0.00085520,0.093400,103624277.7,54221820.5
2026-04-03T08:00:00Z,-0.00103527,0.092400,213243210.1,101511114.0
2026-04-03T16:00:00Z,-0.00073904,0.092300,71353144.2,36693539.2
2026-04-04T00:00:00Z,-0.00137575,0.091800,110902977.9,54670213.0
2026-04-04T08:00:00Z,-0.00040991,0.092600,61593024.7,33244036.0
2026-04-04T16:00:00Z,-0.00003927,0.092600,67716291.4,34994350.3
2026-04-05T00:00:00Z,-0.00119638,0.090400,64818305.0,28570739.4
2026-04-05T08:00:00Z,-0.00004153,0.090900,90121301.1,41320380.5
2026-04-05T16:00:00Z,0.00000000,0.094200,110503348.2,56704116.4
2026-04-06T00:00:00Z,-0.00043425,0.095500,141560196.8,72577435.9
2026-04-06T08:00:00Z,-0.00008565,0.097100,189710541.9,101305499.9
2026-04-06T16:00:00Z,-0.00083444,0.093600,96775215.6,45101520.4
2026-04-07T00:00:00Z,-0.00065351,0.094700,98313384.5,47248720.6
2026-04-07T08:00:00Z,-0.00079394,0.093400,130467958.3,63462638.4
2026-04-07T16:00:00Z,0.00000000,0.102000,324137299.5,172968714.4
2026-04-08T00:00:00Z,0.00000000,0.103300,150047789.6,77380650.0
2026-04-08T08:00:00Z,-0.00061389,0.100500,128234616.9,59663976.9
2026-04-08T16:00:00Z,0.00000000,0.105400,231596294.2,117996140.8
2026-04-09T00:00:00Z,0.00000000,0.101900,193654138.1,94636430.7
2026-04-09T08:00:00Z,-0.00179075,0.103800,152529032.0,75553346.4
2026-04-09T16:00:00Z,0.00000000,0.107800,234102604.1,118418795.7
2026-04-10T00:00:00Z,-0.00050424,0.109700,289400910.7,144027595.8
2026-04-10T08:00:00Z,0.00000000,0.109800,309306193.9,153020073.3
2026-04-10T16:00:00Z,0.00000000,0.116500,230451545.9,115822060.6
2026-04-11T00:00:00Z,-0.00033672,0.114800,374907481.0,184276394.7
2026-04-11T08:00:00Z,-0.00016445,0.115000,226655751.4,109484677.6
2026-04-11T16:00:00Z,0.00000000,0.115600,190675247.5,99651572.3
2026-04-12T00:00:00Z,-0.00089787,0.110800,133519061.8,57854013.8
2026-04-12T08:00:00Z,-0.00038858,0.110600,119542442.0,60927493.7
2026-04-12T16:00:00Z,-0.00084592,0.110900,75207397.5,39600857.2
2026-04-13T00:00:00Z,-0.00098724,0.111000,70255535.0,34446139.4
2026-04-13T08:00:00Z,-0.00109212,0.110400,92692040.0,45120998.4
2026-04-13T16:00:00Z,-0.00034801,0.113400,122396642.1,63622211.1
2026-04-14T00:00:00Z,-0.00017835,0.112700,67343869.3,32630359.5
2026-04-14T08:00:00Z,-0.00061747,0.110000,140062116.3,66634674.9
2026-04-14T16:00:00Z,0.00000000,0.110100,104298015.9,49292217.1
2026-04-15T00:00:00Z,-0.00098091,0.111400,111528220.5,56063466.9
2026-04-15T08:00:00Z,0.00000000,0.115400,141861961.2,71955217.7
2026-04-15T16:00:00Z,0.00000000,0.114900,142418115.9,68854183.8
2026-04-16T00:00:00Z,-0.00098962,0.119500,109879364.4,56072759.3
2026-04-16T08:00:00Z,0.00157871,0.124100,289263386.8,147067677.9
2026-04-16T16:00:00Z,-0.00072506,0.128900,253618260.8,127123192.7
2026-04-17T00:00:00Z,-0.00058080,0.131600,164104943.2,83792272.7
2026-04-17T08:00:00Z,0.00000000,0.131000,315679998.6,157489975.8
2026-04-17T16:00:00Z,-0.00121571,0.131300,142043682.7,66952387.3
2026-04-18T00:00:00Z,-0.00053497,0.133000,101988917.3,54020300.6
2026-04-18T08:00:00Z,-0.00048080,0.128100,111450391.0,51287302.2
2026-04-18T16:00:00Z,-0.00047079,0.129000,96965278.5,47889228.6
2026-04-19T00:00:00Z,-0.00077958,0.124900,108447495.7,51425531.3
2026-04-19T08:00:00Z,0.00000000,0.127700,82430150.3,43839238.4
2026-04-19T16:00:00Z,-0.00030776,0.121500,100500938.3,42288235.2
2026-04-20T00:00:00Z,0.00000000,0.126200,114281479.8,61122770.8
2026-04-20T08:00:00Z,0.00000000,0.127800,129009899.1,64578410.2
2026-04-20T16:00:00Z,-0.00008500,0.127100,92239423.7,44240000.9
2026-04-21T00:00:00Z,-0.00005602,0.126300,68753840.2,34566242.2
2026-04-21T08:00:00Z,-0.00024171,0.128100,102666634.1,52641506.4
2026-04-21T16:00:00Z,-0.00000332,0.125200,114397252.3,51755573.5
2026-04-22T00:00:00Z,-0.00138636,0.128400,84531463.0,45151098.6
2026-04-22T08:00:00Z,-0.00042816,0.127100,72869344.7,36526476.1
2026-04-22T16:00:00Z,-0.00099357,0.128400,174735222.8,80908328.5
2026-04-23T00:00:00Z,-0.00038462,0.126700,138923113.8,67211564.4
2026-04-23T08:00:00Z,-0.00010498,0.128700,103061897.8,48543138.4
2026-04-23T16:00:00Z,-0.00131250,0.128400,101896952.9,47216206.1
2026-04-24T00:00:00Z,-0.00049253,0.127900,89051551.1,48128006.6
2026-04-24T08:00:00Z,0.00000000,0.131600,99070402.3,49748869.2
2026-04-24T16:00:00Z,-0.00068870,0.128600,89605674.0,43839652.1
2026-04-25T00:00:00Z,-0.00049789,0.132100,82446871.0,43459595.3
2026-04-25T08:00:00Z,0.00000000,0.129400,84130688.4,38419204.8
2026-04-25T16:00:00Z,0.00000000,0.129200,51542569.7,25928956.1
2026-04-26T00:00:00Z,-0.00017680,0.131400,61673707.1,29484404.1
2026-04-26T08:00:00Z,0.00000000,0.130700,76837777.5,34948674.6
2026-04-26T16:00:00Z,-0.00104117,0.129400,69630431.9,35163789.4
2026-04-27T00:00:00Z,-0.00107903,0.125700,129726804.5,58561718.3
2026-04-27T08:00:00Z,0.00000000,0.123700,93783441.7,43728559.3
2026-04-27T16:00:00Z,-0.00024404,0.126500,53844635.0,28379240.6
2026-04-28T00:00:00Z,0.00000000,0.124900,88762301.3,44155373.1
2026-04-28T08:00:00Z,-0.00015193,0.124000,83667261.1,42768153.9
2026-04-28T16:00:00Z,-0.00065005,0.124300,45681810.1,23899498.6
2026-04-29T00:00:00Z,0.00000000,0.127800,69295122.8,36121998.6
2026-04-29T08:00:00Z,-0.00084194,0.124500,185119927.1,92911076.1
2026-04-29T16:00:00Z,0.00000000,0.125300,114177383.1,57209318.9
2026-04-30T00:00:00Z,-0.00023417,0.125900,93884249.7,43069770.6
2026-04-30T08:00:00Z,0.00000000,0.127200,74101754.2,35957083.4
2026-04-30T16:00:00Z,-0.00026542,0.123700,76785002.4,38332183.7
2026-05-01T00:00:00Z,-0.00034860,0.125000,90435339.1,45486253.7
2026-05-01T08:00:00Z,-0.00009158,0.125600,72420759.3,34204159.1
2026-05-01T16:00:00Z,0.00000000,0.123500,76509130.5,35526648.1
2026-05-02T00:00:00Z,-0.00005825,0.122200,47248561.4,20975341.2
2026-05-02T08:00:00Z,-0.00037785,0.123100,57106878.9,26398445.1
2026-05-02T16:00:00Z,0.00000000,0.122600,62512591.6,31110459.0
2026-05-03T00:00:00Z,-0.00026897,0.118900,81732182.8,40464843.2
2026-05-03T08:00:00Z,-0.00021313,0.117700,154024365.4,75885520.7
2026-05-03T16:00:00Z,0.00000000,0.117200,64822917.6,30121712.2
2026-05-04T00:00:00Z,-0.00068733,0.117700,126881037.1,62423836.4
2026-05-04T08:00:00Z,-0.00106798,0.114500,226468872.8,112582075.6
2026-05-04T16:00:00Z,-0.00058332,0.116300,83156033.8,42720094.8
2026-05-05T00:00:00Z,0.00000000,0.118200,74569617.7,35661591.5
2026-05-05T08:00:00Z,-0.00083822,0.118700,83453238.4,42151500.3
2026-05-05T16:00:00Z,-0.00101898,0.119700,65433148.6,33509150.2
2026-05-06T00:00:00Z,-0.00072801,0.121400,83751923.5,45391951.5
2026-05-06T08:00:00Z,-0.00021846,0.124000,177360412.9,93303261.4
2026-05-06T16:00:00Z,-0.00060483,0.128000,135378590.1,71354164.5
2026-05-07T00:00:00Z,0.00000000,0.128300,189659966.7,92120785.5
2026-05-07T08:00:00Z,-0.00080236,0.125500,143792021.6,69316101.9
2026-05-07T16:00:00Z,-0.00084254,0.126600,96675170.2,48496663.1
2026-05-08T00:00:00Z,-0.00049256,0.129000,101188923.9,50596696.5
2026-05-08T08:00:00Z,-0.00047246,0.137800,290320421.6,152270530.5
2026-05-08T16:00:00Z,0.00000000,0.142500,335528468.4,169023056.5
2026-05-09T00:00:00Z,-0.00052089,0.146600,192365864.7,99621070.3
2026-05-09T08:00:00Z,-0.00010930,0.139500,216280450.5,96728589.5
2026-05-09T16:00:00Z,-0.00000997,0.142300,65498398.6,33040890.8
2026-05-10T00:00:00Z,-0.00068788,0.140700,72873272.3,36281548.2
2026-05-10T08:00:00Z,-0.00016630,0.142900,131834161.7,62485623.4
2026-05-10T16:00:00Z,-0.00011233,0.143900,141985071.8,67968814.5
2026-05-11T00:00:00Z,-0.00056906,0.141600,67437396.6,30764075.1
2026-05-11T08:00:00Z,0.00000000,0.142000,90200488.0,43830100.0
2026-05-11T16:00:00Z,-0.00066558,0.140900,52851399.0,27361331.7
2026-05-12T00:00:00Z,-0.00031994,0.138600,89851282.7,42536784.5
2026-05-12T08:00:00Z,-0.00126617,0.135700,98900287.3,46834451.2
2026-05-12T16:00:00Z,-0.00069262,0.136200,45131098.7,21975290.8
2026-05-13T00:00:00Z,0.00000000,0.140200,70227615.9,38089973.7
2026-05-13T08:00:00Z,-0.00049813,0.131200,145365822.4,67521245.7
2026-05-13T16:00:00Z,0.00000000,0.131900,47615994.4,23252300.3
2026-05-14T00:00:00Z,0.00000000,0.129700,70426949.1,32736189.4
2026-05-14T08:00:00Z,0.00000000,0.134300,92773456.0,48495104.6
2026-05-14T16:00:00Z,0.00000000,0.131300,84048134.9,39413575.4
2026-05-15T00:00:00Z,0.00000000,0.128600,93194998.7,43054052.7
2026-05-15T08:00:00Z,0.00000000,0.123800,118278733.9,54715798.5
2026-05-15T16:00:00Z,-0.00069978,0.124700,52227072.8,24870934.4
2026-05-16T00:00:00Z,0.00000000,0.120200,71869388.0,33041987.9
2026-05-16T08:00:00Z,0.00000000,0.120300,67366784.6,32774536.7
2026-05-16T16:00:00Z,-0.00007440,0.119400,33229016.1,14566322.6
2026-05-17T00:00:00Z,-0.00014364,0.121700,72372347.6,36263421.8
2026-05-17T08:00:00Z,-0.00040722,0.119300,107214078.4,50559867.2
2026-05-17T16:00:00Z,0.00000000,0.116400,100790041.0,45275613.9
2026-05-18T00:00:00Z,-0.00109563,0.115800,82178678.9,39841907.7
2026-05-18T08:00:00Z,-0.00034766,0.115200,124587938.7,60635259.6
2026-05-18T16:00:00Z,0.00000000,0.117600,77719778.5,40031457.6
2026-05-19T00:00:00Z,-0.00162677,0.117300,53917271.9,26147082.1
2026-05-19T08:00:00Z,0.00000000,0.114900,71731352.8,33378646.8
2026-05-19T16:00:00Z,-0.00017409,0.113500,48043776.0,22680427.2
2026-05-20T00:00:00Z,-0.00062943,0.113800,69517709.6,37753363.7
2026-05-20T08:00:00Z,-0.00002305,0.112900,120475204.6,57422511.7
2026-05-20T16:00:00Z,-0.00086259,0.109900,133042590.8,60862989.4
2026-05-21T00:00:00Z,-0.00066262,0.111200,126320969.1,61079809.2
2026-05-21T08:00:00Z,0.00000000,0.112100,162846807.4,79879274.7
2026-05-21T16:00:00Z,-0.00012206,0.112800,156415096.5,78962424.9
2026-05-22T00:00:00Z,-0.00076291,0.113300,86634547.5,45229434.2
2026-05-22T08:00:00Z,-0.00088419,0.112300,127016618.6,62883664.4
2026-05-22T16:00:00Z,-0.00079156,0.108600,181998740.7,90303285.1
2026-05-23T00:00:00Z,-0.00107092,0.104100,144765040.2,61330787.3
2026-05-23T08:00:00Z,0.00000000,0.107500,102263371.0,54381349.8
2026-05-23T16:00:00Z,-0.00085815,0.109400,123913580.3,62524077.5
2026-05-24T00:00:00Z,-0.00006976,0.109000,51175233.6,26548382.1
2026-05-24T08:00:00Z,0.00000000,0.105700,121599436.3,54281940.7
2026-05-24T16:00:00Z,-0.00057759,0.105600,73457677.0,36339508.2
2026-05-25T00:00:00Z,0.00000000,0.107200,86059129.3,45848872.7
2026-05-25T08:00:00Z,-0.00088623,0.109200,78191045.7,41065124.8
2026-05-25T16:00:00Z,0.00000000,0.108400,94547386.2,44387691.5
2026-05-26T00:00:00Z,0.00000000,0.109000,112052398.7,56206336.6
2026-05-26T08:00:00Z,-0.00021509,0.109800,192248724.8,94783022.4
2026-05-26T16:00:00Z,-0.00048562,0.108600,99579779.4,46043622.6
2026-05-27T00:00:00Z,-0.00086269,0.109100,88802715.1,43855362.1
2026-05-27T08:00:00Z,0.00000000,0.110100,101979721.1,50833141.0
2026-05-27T16:00:00Z,-0.00027814,0.107200,120937165.0,59122516.0
2026-05-28T00:00:00Z,0.00000000,0.103100,175362172.2,84774381.8
2026-05-28T08:00:00Z,-0.00014117,0.102000,115249501.5,57314528.2
2026-05-28T16:00:00Z,-0.00019450,0.104400,77036519.3,40205279.2
2026-05-29T00:00:00Z,-0.00051424,0.105000,89363330.1,45679817.1
2026-05-29T08:00:00Z,-0.00017372,0.105200,173179893.2,83873017.8
2026-05-29T16:00:00Z,-0.00064721,0.103000,94651106.3,46347262.1
2026-05-30T00:00:00Z,-0.00043667,0.104700,90699672.6,44895281.4
2026-05-30T08:00:00Z,-0.00045659,0.104800,47140985.4,23416072.4
2026-05-30T16:00:00Z,-0.00062307,0.103200,42838019.2,21497356.1
2026-05-31T00:00:00Z,-0.00139839,0.102800,57465531.1,27614008.9
2026-05-31T08:00:00Z,-0.00058578,0.101100,98760432.1,45522551.9
2026-05-31T16:00:00Z,0.00000000,0.103500,84348909.7,44818180.9
2026-06-01T00:00:00Z,-0.00147847,0.100700,135117125.6,70641000.4
2026-06-01T08:00:00Z,0.00000000,0.099900,162848244.4,78497071.2
2026-06-01T16:00:00Z,-0.00013774,0.102400,136318185.2,73581014.4
2026-06-02T00:00:00Z,-0.00161447,0.098300,131798180.2,61459342.3
2026-06-02T08:00:00Z,-0.00061549,0.094100,253342054.3,119201845.6
2026-06-02T16:00:00Z,-0.00088128,0.092800,211091410.2,102094845.0
2026-06-03T00:00:00Z,-0.00048804,0.096000,203888386.6,99198881.1
2026-06-03T08:00:00Z,-0.00041353,0.094800,150193871.2,80226677.7
2026-06-03T16:00:00Z,-0.00122840,0.092800,229496519.0,109304449.1
2026-06-04T00:00:00Z,-0.00164214,0.089200,274452185.6,129899947.9
2026-06-04T08:00:00Z,-0.00101701,0.091600,196057415.4,96968839.0
2026-06-04T16:00:00Z,-0.00036802,0.089300,110018658.2,56131302.3
2026-06-05T00:00:00Z,0.00000000,0.084000,277498045.7,129247735.1
2026-06-05T08:00:00Z,-0.00078439,0.081100,328157277.0,159696824.1
2026-06-05T16:00:00Z,-0.00038055,0.080300,325584872.2,160341132.5
2026-06-06T00:00:00Z,-0.00160634,0.078800,214858238.2,106204188.9
2026-06-06T08:00:00Z,-0.00176073,0.079400,149534768.9,76075369.0
2026-06-06T16:00:00Z,-0.00001445,0.079800,73274266.4,38073613.0
2026-06-07T00:00:00Z,-0.00040130,0.082600,182292923.1,91704005.8
2026-06-07T08:00:00Z,-0.00059635,0.081800,129533845.7,63218531.4
2026-06-07T16:00:00Z,0.00000000,0.083000,137403544.5,68354802.4
2026-06-08T00:00:00Z,0.00000000,0.082200,87329749.3,42583712.2
2026-06-08T08:00:00Z,-0.00002672,0.083600,151916831.8,76206315.4
2026-06-08T16:00:00Z,0.00000000,0.082000,97214731.3,47838031.0
2026-06-09T00:00:00Z,-0.00029213,0.081700,113538730.0,54423102.2
2026-06-09T08:00:00Z,-0.00061401,0.079100,140731814.8,68417416.0
2026-06-09T16:00:00Z,-0.00116755,0.080300,139366779.4,68929865.4
2026-06-10T00:00:00Z,-0.00177610,0.079840,90575983.2,45059660.8
2026-06-10T08:00:00Z,0.00000000,0.080910,301597802.1,150043987.3
2026-06-10T16:00:00Z,-0.00098979,0.077460,202763114.3,95707034.2
2026-06-11T00:00:00Z,-0.00071025,0.080270,366038396.9,191068674.4
2026-06-11T08:00:00Z,-0.00067570,0.080700,152424108.2,76764910.8
2026-06-11T16:00:00Z,0.00000000,0.083520,352583780.8,181767807.4
2026-06-12T00:00:00Z,-0.00018234,0.082590,77641278.7,38818208.6
2026-06-12T08:00:00Z,-0.00017284,0.083350,173950153.4,86712037.5
2026-06-12T16:00:00Z,0.00000000,0.083910,67321099.2,33885069.7
2026-06-13T00:00:00Z,0.00000000,0.085670,64594845.1,31354107.0
2026-06-13T08:00:00Z,-0.00125725,0.086290,64289535.6,31202060.8
2026-06-13T16:00:00Z,-0.00037002,0.085210,52952481.3,24611715.6
2026-06-14T00:00:00Z,-0.00073645,0.083460,80074167.6,34100229.8
2026-06-14T08:00:00Z,-0.00063303,0.082310,64270649.3,29298787.3
2026-06-14T16:00:00Z,0.00007288,0.085780,147545283.6,74582006.0
2026-06-15T00:00:00Z,-0.00019418,0.086320,103014608.6,53405693.1
2026-06-15T08:00:00Z,0.00000000,0.089550,146075673.8,71290595.3
2026-06-15T16:00:00Z,-0.00093775,0.086180,107387333.3,53187255.2
2026-06-16T00:00:00Z,-0.00007614,0.086320,74924020.1,37109295.0
2026-06-16T08:00:00Z,-0.00163253,0.084620,131289640.8,61775778.4
2026-06-16T16:00:00Z,-0.00045013,0.085600,67237044.4,33867916.6
2026-06-17T00:00:00Z,-0.00074120,0.087700,124858955.0,60596753.3
2026-06-17T08:00:00Z,-0.00010449,0.088250,107224238.2,51049799.3
2026-06-17T16:00:00Z,0.00000000,0.085630,151747162.9,73311355.9
2026-06-18T00:00:00Z,-0.00128424,0.084960,106100431.2,50950397.4
2026-06-18T08:00:00Z,-0.00054395,0.081490,138820755.0,64266388.0
2026-06-18T16:00:00Z,0.00000000,0.085270,97760138.1,48239582.7
2026-06-19T00:00:00Z,-0.00000553,0.082880,94323744.2,45915888.4
2026-06-19T08:00:00Z,-0.00033939,0.084490,87060099.8,43910046.1
2026-06-19T16:00:00Z,0.00000000,0.083870,81984537.6,40882154.1
2026-06-20T00:00:00Z,-0.00102835,0.084190,69542565.0,34048488.0
2026-06-20T08:00:00Z,-0.00036195,0.083950,75316548.2,37827792.9
2026-06-20T16:00:00Z,-0.00081088,0.084570,53684565.2,25417922.2
2026-06-21T00:00:00Z,0.00000000,0.083510,48809575.1,26140202.8
2026-06-21T08:00:00Z,-0.00027510,0.084300,66918005.3,31888148.4
2026-06-21T16:00:00Z,-0.00031379,0.081790,67389763.6,32655509.0
2026-06-22T00:00:00Z,0.00017336,0.085010,98393636.3,48729611.2
2026-06-22T08:00:00Z,-0.00076725,0.084600,108816655.7,54480415.0
2026-06-22T16:00:00Z,-0.00077861,0.083180,84820412.7,42933626.4
2026-06-23T00:00:00Z,-0.00127519,0.079530,116072755.6,52651514.7
2026-06-23T08:00:00Z,-0.00026092,0.078520,195898061.6,89268181.6
2026-06-23T16:00:00Z,-0.00070949,0.079040,60836670.0,30211416.1
2026-06-24T00:00:00Z,-0.00046932,0.078310,58854213.8,27090387.1
2026-06-24T08:00:00Z,-0.00076834,0.075390,132587502.1,57947413.5
2026-06-24T16:00:00Z,-0.00088255,0.076030,200599203.4,95660786.2
2026-06-25T00:00:00Z,-0.00017937,0.077250,72415595.4,35579613.2
2026-06-25T08:00:00Z,-0.00101129,0.073210,184949922.7,88804826.6
2026-06-25T16:00:00Z,-0.00106583,0.073220,89618419.6,42732187.2
2026-06-26T00:00:00Z,-0.00001286,0.074090,126211247.0,65485214.4
2026-06-26T08:00:00Z,0.00038005,0.073420,145944965.8,72721192.9
2026-06-26T16:00:00Z,-0.00079944,0.074320,93528407.6,44779126.7
2026-06-27T00:00:00Z,-0.00021037,0.075000,61068297.8,29114814.2
2026-06-27T08:00:00Z,0.00000000,0.075680,78406477.8,36215765.1
2026-06-27T16:00:00Z,0.00000000,0.073390,64537419.2,30439270.5
2026-06-28T00:00:00Z,-0.00018038,0.073590,35858137.1,17040812.0
2026-06-28T08:00:00Z,-0.00041787,0.073950,50900636.1,26104647.1
2026-06-28T16:00:00Z,-0.00065549,0.073860,62191759.4,31412887.0
2026-06-29T00:00:00Z,-0.00006132,0.075700,174579330.8,86739970.0
2026-06-29T08:00:00Z,-0.00027357,0.076010,121310515.0,61415166.9
2026-06-29T16:00:00Z,0.00024809,0.076760,106942657.7,56458712.4
2026-06-30T00:00:00Z,0.00007595,0.075300,70119916.5,32913789.0
2026-06-30T08:00:00Z,0.00000000,0.074360,94461152.2,46054240.7
2026-06-30T16:00:00Z,-0.00048840,0.076050,77160331.3,40557083.8
2026-07-01T00:00:00Z,-0.00066693,0.077290,97087547.2,45566995.8
2026-07-01T08:00:00Z,-0.00078349,0.078010,102659967.1,52234585.1
2026-07-01T16:00:00Z,-0.00091513,0.076670,119165254.9,57211315.3
2026-07-02T00:00:00Z,-0.00032089,0.076980,92313677.6,47835805.3
2026-07-02T08:00:00Z,-0.00040502,0.077210,172692556.7,91465631.4
2026-07-02T16:00:00Z,-0.00067152,0.077240,57872722.3,26516032.4
2026-07-03T00:00:00Z,-0.00048513,0.078190,74570657.7,33156246.8
2026-07-03T08:00:00Z,0.00000000,0.079450,99205562.0,47611503.1
2026-07-03T16:00:00Z,-0.00066986,0.081000,83617709.6,45131910.7
2026-07-04T00:00:00Z,-0.00002456,0.079560,69656562.6,36761348.7
2026-07-04T08:00:00Z,-0.00084596,0.080950,66465589.5,34656130.6
2026-07-04T16:00:00Z,0.00000000,0.080310,70212875.5,33818223.9
2026-07-05T00:00:00Z,0.00000000,0.078940,68324600.4,30819977.0
2026-07-05T08:00:00Z,-0.00101050,0.078630,62272522.0,29324004.9
2026-07-05T16:00:00Z,0.00000000,0.080500,68309874.3,33597746.9
2026-07-06T00:00:00Z,-0.00017767,0.078890,61564034.5,28965792.1
2026-07-06T08:00:00Z,-0.00147005,0.079710,114580174.2,53924401.3
2026-07-06T16:00:00Z,-0.00040862,0.080280,87542753.1,46521185.6
2026-07-07T00:00:00Z,-0.00003089,0.078440,90774737.1,43227593.0
2026-07-07T08:00:00Z,0.00000000,0.079440,94621069.1,44634238.8
2026-07-07T16:00:00Z,-0.00075220,0.076990,77602885.4,36132400.7
2026-07-08T00:00:00Z,-0.00113218,0.077640,140539100.0,67565532.4
2026-07-08T08:00:00Z,0.00000000,0.075560,150694722.9,74992332.5
2026-07-08T16:00:00Z,0.00009535,0.076860,66102488.2,32263165.3
2026-07-09T00:00:00Z,0.00000000,0.084800,528349491.9,265005544.9
2026-07-09T08:00:00Z,0.00044176,0.085860,526718282.9,268331514.0
2026-07-09T16:00:00Z,-0.00070798,0.087510,489591383.0,247091703.5
2026-07-10T00:00:00Z,-0.00122018,0.093350,482848301.7,248947106.3
2026-07-10T08:00:00Z,0.00000000,0.090970,500407223.3,241644591.2
2026-07-10T16:00:00Z,-0.00078519,0.092870,186223377.4,100188433.2
2026-07-11T00:00:00Z,0.00000000,0.090700,203181797.9,96102081.5
2026-07-11T08:00:00Z,-0.00025425,0.092490,58611876.2,30175964.0
2026-07-11T16:00:00Z,-0.00012356,0.094950,329373516.0,162560731.8
2026-07-12T00:00:00Z,-0.00041740,0.098330,361982643.2,186986527.6
2026-07-12T08:00:00Z,0.00000094,0.095670,236526837.3,114930735.2
2026-07-12T16:00:00Z,0.00000000,0.093180,132629156.0,60925280.3
2026-07-13T00:00:00Z,0.00013353,0.092690,225731461.5,113707075.6
2026-07-13T08:00:00Z,-0.00000426,0.093110,239962321.7,127192192.4
2026-07-13T16:00:00Z,-0.00069811,0.090300,182245486.1,87948228.3
2026-07-14T00:00:00Z,-0.00066865,0.089290,114999427.9,55751849.0
2026-07-14T08:00:00Z,0.00000000,0.092290,180157049.3,89300117.3
2026-07-14T16:00:00Z,0.00000000,0.092190,101574393.7,46757355.3
2026-07-15T00:00:00Z,0.00000000,0.088020,168191052.2,73685578.4
2026-07-15T08:00:00Z,-0.00047014,0.088480,131280318.8,62071141.7
2026-07-15T16:00:00Z,-0.00014443,0.088460,98539964.3,49528607.1
2026-07-16T00:00:00Z,0.00000000,0.086770,97097616.5,46558442.7
2026-07-16T08:00:00Z,-0.00031133,0.088420,104415229.3,55374072.7
2026-07-16T16:00:00Z,0.00020435,0.088970,123319409.5,58842956.6
2026-07-17T00:00:00Z,-0.00135380,0.088300,178593237.0,90662584.8
2026-07-17T08:00:00Z,-0.00083648,0.088540,153948031.0,73952048.8
2026-07-17T16:00:00Z,-0.00008276,0.090580,120209219.1,59662475.5
2026-07-18T00:00:00Z,0.00000000,0.090040,93594525.8,45170713.6
2026-07-18T08:00:00Z,0.00000000,0.088500,92915218.3,44094903.1
2026-07-18T16:00:00Z,-0.00045764,0.088270,83470385.1,43182136.9
2026-07-19T00:00:00Z,-0.00132232,0.088190,50812620.2,26523746.6
2026-07-19T08:00:00Z,0.00077185,0.089650,92647243.8,45361053.5
2026-07-19T16:00:00Z,-0.00098679,0.089020,59512864.8,27771524.0
2026-07-20T00:00:00Z,-0.00039960,0.086710,120317519.7,59417659.1
2026-07-20T08:00:00Z,-0.00063829,0.090790,129691009.3,62591087.3
2026-07-20T16:00:00Z,-0.00108725,0.090350,89572591.6,43097512.2
2026-07-21T00:00:00Z,0.00000000,0.090940,84292909.5,43188715.7
2026-07-21T08:00:00Z,-0.00011593,0.089770,78829570.9,38788812.3
2026-07-21T16:00:00Z,-0.00058992,0.088910,58927125.1,29650256.7
2026-07-22T00:00:00Z,0.00000000,0.089210,113913593.7,54847256.5
2026-07-22T08:00:00Z,-0.00068129,0.090880,133258079.5,68232950.4
2026-07-22T16:00:00Z,0.00000000,0.090120,191164893.7,93431672.2
2026-07-23T00:00:00Z,0.00000000,0.088460,87689027.3,41630253.3
2026-07-23T08:00:00Z,0.00000000,0.086610,117724471.9,52779287.7
2026-07-23T16:00:00Z,-0.00134044,0.086070,59388491.2,26311707.7
2026-07-24T00:00:00Z,-0.00054567,0.086340,97599982.2,46564153.5
2026-07-24T08:00:00Z,-0.00054962,0.083770,103153899.9,43015893.1
2026-07-24T16:00:00Z,0.00000000,0.083010,63897427.0,31193261.1
2026-07-25T00:00:00Z,-0.00092745,0.082570,74179926.5,33558291.2
2026-07-25T08:00:00Z,-0.00155107,0.082910,60001710.5,29594165.8
2026-07-25T16:00:00Z,-0.00090758,0.082490,41153119.6,18168975.7
2026-07-26T00:00:00Z,-0.00043532,0.082740,54171163.5,26837279.5
2026-07-26T08:00:00Z,-0.00063970,0.082640,59158961.9,26611305.7
2026-07-26T16:00:00Z,-0.00072201,0.083190,93979951.3,45361253.7
2026-07-27T00:00:00Z,-0.00142826,0.082050,76757930.3,36212490.4
2026-07-27T08:00:00Z,0.00000000,0.079170,166209251.1,71791439.7
2026-07-27T16:00:00Z,0.00000000,0.077030,174972129.9,83110935.1
2026-07-28T00:00:00Z,-0.00148247,0.077830,78474563.3,43076638.7
2026-07-28T08:00:00Z,0.00000000,0.079380,111807708.6,62128206.6
2026-07-28T16:00:00Z,-0.00074354,0.078990,91362462.0,44870222.0
2026-07-29T00:00:00Z,0.00010350,0.078640,85191605.0,40061422.0
2026-07-29T08:00:00Z,0.00017337,0.077930,78616464.9,36128985.7
2026-07-29T16:00:00Z,-0.00036718,0.079160,121829022.2,59459938.8
2026-07-30T00:00:00Z,-0.00129695,0.078880,56730947.3,27919781.8
2026-07-30T08:00:00Z,-0.00053293,0.078150,72851944.4,33634801.2
2026-07-30T16:00:00Z,-0.00065505,0.077420,84293268.5,35888004.5
2026-07-31T00:00:00Z,0.00009266,0.077050,80610824.4,39417863.9
2026-07-31T08:00:00Z,-0.00031833,0.076980,101478455.7,48067875.8
2026-07-31T16:00:00Z,-0.00019529,0.078220,56062395.1,28883665.0
2026-08-01T00:00:00Z,-0.00036624,0.077900,63727393.9,33726236.0
2026-08-01T08:00:00Z,-0.00036027,0.078250,45248342.9,22645841.5
2026-08-01T16:00:00Z,-0.00014102,0.078920,115506332.3,56092203.7
2026-08-02T00:00:00Z,0.00073695,0.081850,89412281.6,47471666.7
2026-08-02T08:00:00Z,-0.00009436,0.080690,82690125.5,37001963.2
2026-08-02T16:00:00Z,0.00000000,0.081600,60145794.7,32732706.1
2026-08-03T00:00:00Z,0.00003087,0.080320,52755770.3,24840369.4
2026-08-03T08:00:00Z,-0.00064396,0.081210,85443548.3,42485743.6
2026-08-03T16:00:00Z,-0.00030669,0.082640,90993197.8,48649327.1
2026-08-04T00:00:00Z,-0.00042978,0.082650,72936117.7,36507465.2
2026-08-04T08:00:00Z,-0.00015832,0.081710,85893928.8,40980165.9
2026-08-04T16:00:00Z,-0.00079346,0.081830,83285358.9,45490456.6
2026-08-05T00:00:00Z,0.00000000,0.081000,53617978.2,24739458.6
2026-08-05T08:00:00Z,-0.00184924,0.080570,52247756.0,24209419.8
2026-08-05T16:00:00Z,0.00000000,0.080400,34912237.8,17924506.5
2026-08-06T00:00:00Z,-0.00008801,0.079910,53154897.0,21244481.5
2026-08-06T08:00:00Z,-0.00094486,0.078690,158743648.3,69988464.3
2026-08-06T16:00:00Z,0.00004605,0.078310,60620262.4,29200825.9
2026-08-07T00:00:00Z,-0.00060565,0.077890,70365802.6,33032713.1
2026-08-07T08:00:00Z,0.00000000,0.078120,88854088.9,45362695.5
2026-08-07T16:00:00Z,-0.00037576,0.079110,47432860.2,23567241.1
2026-08-08T00:00:00Z,0.00000000,0.078720,32528870.4,17130313.8
2026-08-08T08:00:00Z,-0.00086876,0.079720,49452666.2,24209946.1
2026-08-08T16:00:00Z,-0.00091576,0.078220,46253756.7,18497462.8
2026-08-09T00:00:00Z,-0.00059804,0.077730,48289912.9,23624235.7
2026-08-09T08:00:00Z,-0.00025381,0.078630,71177246.2,32588261.8
2026-08-09T16:00:00Z,-0.00099481,0.077710,96632170.3,41250502.7
2026-08-10T00:00:00Z,-0.00058868,0.080200,88078370.6,48729774.4
2026-08-10T08:00:00Z,-0.00034948,0.079990,96910897.6,43100080.6
2026-08-10T16:00:00Z,0.00000000,0.080010,71437656.8,36826463.1
2026-08-11T00:00:00Z,-0.00078396,0.079860,77334310.8,37574418.4
2026-08-11T08:00:00Z,-0.00025258,0.077870,120509211.3,58820259.2
2026-08-11T16:00:00Z,-0.00048326,0.080240,77472413.9,39524229.5
2026-08-12T00:00:00Z,-0.00028525,0.078620,82036854.8,38388695.4
2026-08-12T08:00:00Z,0.00000000,0.078640,63899901.0,30151463.3
2026-08-12T16:00:00Z,-0.00073173,0.074010,166012257.8,70509591.2
2026-08-13T00:00:00Z,-0.00084460,0.075400,107851975.7,53310599.4
2026-08-13T08:00:00Z,-0.00117584,0.074710,85857593.8,38960636.3
2026-08-13T16:00:00Z,-0.00053432,0.075240,63692797.4,29644658.9
2026-08-14T00:00:00Z,-0.00169239,0.075150,45081813.3,21812101.2
2026-08-14T08:00:00Z,-0.00108914,0.074740,76965485.9,34151014.3
2026-08-14T16:00:00Z,0.00000000,0.074500,67008103.7,30771084.4
2026-08-15T00:00:00Z,0.00000000,0.074320,47942895.9,20969174.6
2026-08-15T08:00:00Z,0.00000000,0.074110,45981678.8,20465248.9
2026-08-15T16:00:00Z,-0.00123869,0.072730,41397687.1,18856720.1
2026-08-16T00:00:00Z,-0.00079384,0.073550,61433795.6,31695011.0
2026-08-16T08:00:00Z,-0.00002955,0.074920,61528291.4,31894780.8
2026-08-16T16:00:00Z,-0.00052539,0.073510,55922967.0,24645879.1
2026-08-17T00:00:00Z,-0.00038688,0.075340,67002435.7,37852583.4
2026-08-17T08:00:00Z,-0.00119025,0.075290,53708426.9,23737614.3
2026-08-17T16:00:00Z,-0.00074993,0.075130,60580537.5,33514209.4
2026-08-18T00:00:00Z,-0.00095031,0.074870,59869491.2,28630044.2
2026-08-18T08:00:00Z,0.00047029,0.075610,116564252.6,58499909.8
2026-08-18T16:00:00Z,-0.00015710,0.075240,46635696.5,22970490.4
2026-08-19T00:00:00Z,-0.00009735,0.076660,99713069.2,54380142.5
2026-08-19T08:00:00Z,-0.00055028,0.079740,169040740.2,80656599.4
2026-08-19T16:00:00Z,0.00000000,0.089480,363696226.0,185191640.3
2026-08-20T00:00:00Z,-0.00042966,0.088980,207957194.9,104692282.1
2026-08-20T08:00:00Z,0.00004566,0.089550,194864133.2,100300099.4
2026-08-20T16:00:00Z,-0.00052462,0.090880,139362838.8,72194075.4
2026-08-21T00:00:00Z,0.00000000,0.093830,151303542.5,78871056.7
2026-08-21T08:00:00Z,0.00000000,0.097670,232425916.5,114154524.8
2026-08-21T16:00:00Z,-0.00008813,0.098180,184644282.5,85546999.2
2026-08-22T00:00:00Z,0.00000000,0.099800,367748717.6,179652498.2
2026-08-22T08:00:00Z,0.00035708,0.097970,147975109.2,69352950.0
2026-08-22T16:00:00Z,-0.00049912,0.098950,84147314.2,41337253.1
