timestamp,premium,close,volume,taker_buy_volume
2022-01-01T00:00:00Z,-0.00027024,0.171200,337955834,163038880
2022-01-01T08:00:00Z,-0.00026854,0.172060,314622370,150431334
2022-01-01T16:00:00Z,0,0.173160,294326545,140848003
2022-01-02T00:00:00Z,0,0.171890,273052522,127778673
2022-01-02T08:00:00Z,-0.00044522,0.174650,344898416,169088103
2022-01-02T16:00:00Z,0,0.174390,453470897,216078991
2022-01-03T00:00:00Z,-0.00083961,0.172150,375369360,170083774
2022-01-03T08:00:00Z,0.00008927,0.170400,467179813,216755696
2022-01-03T16:00:00Z,0.00023331,0.170220,662416394,303779241
2022-01-04T00:00:00Z,0.00021148,0.171550,370836857,190042682
2022-01-04T08:00:00Z,0,0.170990,512892910,238644455
2022-01-04T16:00:00Z,-0.00022919,0.168350,670150083,308628451
2022-01-05T00:00:00Z,0,0.169910,286168586,134115164
2022-01-05T08:00:00Z,-0.00003916,0.169950,462347538,208721619
2022-01-05T16:00:00Z,-0.00126115,0.158870,2078290326,943118972
2022-01-06T00:00:00Z,-0.00016009,0.157720,748862889,356578757
2022-01-06T08:00:00Z,-0.00051824,0.157720,706743072,350155450
2022-01-06T16:00:00Z,-0.00058992,0.159880,501925946,246766077
2022-01-07T00:00:00Z,-0.00008654,0.153550,995051435,464415572
2022-01-07T08:00:00Z,-0.00108341,0.152140,1122783535,540744211
2022-01-07T16:00:00Z,-0.00006543,0.155060,615535813,316948249
2022-01-08T00:00:00Z,-0.00052768,0.156990,325930379,159246166
2022-01-08T08:00:00Z,-0.00084282,0.153030,411430302,189249574
2022-01-08T16:00:00Z,0,0.150940,1013321378,496843445
2022-01-09T00:00:00Z,-0.00048561,0.151740,336789095,161864453
2022-01-09T08:00:00Z,-0.00031550,0.149620,467439303,224448371
2022-01-09T16:00:00Z,-0.00024622,0.150420,478759703,227485567
2022-01-10T00:00:00Z,-0.00074131,0.151480,291241727,145523315
2022-01-10T08:00:00Z,-0.00067031,0.142240,1330750660,606980284
2022-01-10T16:00:00Z,-0.00070354,0.142950,866988654,432378219
2022-01-11T00:00:00Z,-0.00035751,0.144410,418698807,196664872
2022-01-11T08:00:00Z,-0.00056093,0.150260,5976797144,2928567541
2022-01-11T16:00:00Z,-0.00018180,0.153700,1183826493,566378041
2022-01-12T00:00:00Z,-0.00033428,0.152030,644205791,298203825
2022-01-12T08:00:00Z,-0.00092687,0.160690,1548717199,756761600
2022-01-12T16:00:00Z,-0.00081842,0.162690,815732779,389477286
2022-01-13T00:00:00Z,0,0.169530,2417013254,1190816628
2022-01-13T08:00:00Z,0.00031166,0.165540,2504245951,1210044016
2022-01-13T16:00:00Z,0.00005380,0.171680,3281673550,1627168611
2022-01-14T00:00:00Z,0.00023389,0.196190,8970542884,4430064137
2022-01-14T08:00:00Z,-0.00005076,0.194120,8320044101,4092203599
2022-01-14T16:00:00Z,0.00005503,0.183180,3472977205,1658648191
2022-01-15T00:00:00Z,0,0.191610,2947485123,1468686404
2022-01-15T08:00:00Z,-0.00015927,0.189900,2234203414,1070819249
2022-01-15T16:00:00Z,-0.00007821,0.184420,1135365889,526136023
2022-01-16T00:00:00Z,-0.00008324,0.181350,1387271999,677379656
2022-01-16T08:00:00Z,-0.00000833,0.178310,1679743881,803499706
2022-01-16T16:00:00Z,-0.00008711,0.176590,1035905688,494233447
2022-01-17T00:00:00Z,-0.00099505,0.170180,1586124780,732191998
2022-01-17T08:00:00Z,0.00012863,0.167090,1330290562,628598366
2022-01-17T16:00:00Z,0.00014915,0.170870,1965579502,987500889
2022-01-18T00:00:00Z,0,0.170330,1256535657,612431991
2022-01-18T08:00:00Z,0,0.163030,1758921050,834470830
2022-01-18T16:00:00Z,-0.00041931,0.164980,894336071,443389953
2022-01-19T00:00:00Z,0.00008850,0.159930,1506573677,728577962
2022-01-19T08:00:00Z,-0.00021436,0.164110,1441562340,716691898
2022-01-19T16:00:00Z,0,0.161520,754799055,377279187
2022-01-20T00:00:00Z,-0.00036142,0.164520,559450471,277703641
2022-01-20T08:00:00Z,-0.00119195,0.167520,804563508,387353240
2022-01-20T16:00:00Z,0.00008285,0.155220,1533660514,702752424
2022-01-21T00:00:00Z,-0.00075972,0.153170,1465831455,697404150
2022-01-21T08:00:00Z,-0.00097216,0.152930,1503153615,734638759
2022-01-21T16:00:00Z,-0.00017079,0.141890,2305110728,1114854544
2022-01-22T00:00:00Z,-0.00052936,0.130310,2253497960,1072535440
2022-01-22T08:00:00Z,-0.00203372,0.126570,3020351986,1511203920
2022-01-22T16:00:00Z,-0.00023954,0.133140,1656665578,843009445
2022-01-23T00:00:00Z,-0.00077109,0.139610,1218681799,620804554
2022-01-23T08:00:00Z,-0.00014538,0.136220,1489275107,720794482
2022-01-23T16:00:00Z,0,0.141690,1305967931,669867135
2022-01-24T00:00:00Z,-0.00066996,0.134370,785221899,379932990
2022-01-24T08:00:00Z,-0.00097030,0.131890,2566078265,1290920395
2022-01-24T16:00:00Z,-0.00061863,0.137180,1481345349,731170793
2022-01-25T00:00:00Z,-0.00000850,0.134210,773460873,378810014
2022-01-25T08:00:00Z,-0.00026253,0.139450,2972118158,1466600291
2022-01-25T16:00:00Z,-0.00086495,0.142650,1446159801,711415232
2022-01-26T00:00:00Z,-0.00075410,0.144030,819941396,391597801
2022-01-26T08:00:00Z,-0.00000204,0.149550,1430217191,711930446
2022-01-26T16:00:00Z,-0.00048725,0.143090,1747581420,836542008
2022-01-27T00:00:00Z,-0.00071830,0.140800,789603050,387950580
2022-01-27T08:00:00Z,-0.00054736,0.143110,784105068,382837674
2022-01-27T16:00:00Z,-0.00013619,0.141410,954651807,453457985
2022-01-28T00:00:00Z,-0.00029397,0.139870,651715287,305642309
2022-01-28T08:00:00Z,-0.00013291,0.139930,741848648,364960317
2022-01-28T16:00:00Z,-0.00071401,0.141350,677059419,321220973
2022-01-29T00:00:00Z,-0.00091226,0.143140,409454472,203421092
2022-01-29T08:00:00Z,-0.00012338,0.142080,631778706,305315773
2022-01-29T16:00:00Z,-0.00124685,0.142890,520408686,246964521
2022-01-30T00:00:00Z,-0.00066331,0.142950,373657642,177196250
2022-01-30T08:00:00Z,-0.00155230,0.141240,584460676,273743908
2022-01-30T16:00:00Z,-0.00131399,0.139040,619953342,298894887
2022-01-31T00:00:00Z,-0.00026053,0.137250,609667004,302463449
2022-01-31T08:00:00Z,-0.00031666,0.140070,614606034,295498632
2022-01-31T16:00:00Z,-0.00082106,0.141480,631270603,313759399
2022-02-01T00:00:00Z,-0.00030372,0.142750,433008395,207577258
2022-02-01T08:00:00Z,0,0.142410,716791799,343137224
2022-02-01T16:00:00Z,-0.00057715,0.142230,455028581,213867034
2022-02-02T00:00:00Z,-0.00051139,0.142150,372541208,180222654
2022-02-02T08:00:00Z,-0.00020322,0.139740,987455293,489427498
2022-02-02T16:00:00Z,-0.00106022,0.136880,712946960,340991631
2022-02-03T00:00:00Z,-0.00072492,0.138160,418406545,188509507
2022-02-03T08:00:00Z,-0.00087535,0.137200,735670603,371434223
2022-02-03T16:00:00Z,-0.00088202,0.137840,520229512,246606612
2022-02-04T00:00:00Z,-0.00088956,0.140040,543752829,269958343
2022-02-04T08:00:00Z,-0.00047396,0.141720,902168527,446669348
2022-02-04T16:00:00Z,0,0.147760,765105165,396144876
2022-02-05T00:00:00Z,0.00024565,0.148250,661261562,315823069
2022-02-05T08:00:00Z,0.00019913,0.148840,678431144,311834890
2022-02-05T16:00:00Z,-0.00075813,0.146860,607007731,296704666
2022-02-06T00:00:00Z,-0.00005551,0.147790,398568073,190390789
2022-02-06T08:00:00Z,-0.00042035,0.146190,548375913,252828584
2022-02-06T16:00:00Z,-0.00068442,0.153940,1393397757,670068132
2022-02-07T00:00:00Z,-0.00037961,0.156950,1339008448,661919477
2022-02-07T08:00:00Z,-0.00036957,0.160790,1132604540,543570159
2022-02-07T16:00:00Z,0,0.165320,2356433127,1118318140
2022-02-08T00:00:00Z,-0.00047718,0.164890,1191115927,564743012
2022-02-08T08:00:00Z,-0.00041975,0.155060,1436921054,647050606
2022-02-08T16:00:00Z,-0.00055551,0.158110,760587936,364206420
2022-02-09T00:00:00Z,0,0.156970,656474955,319691225
2022-02-09T08:00:00Z,0.00013980,0.159450,886946212,426395047
2022-02-09T16:00:00Z,0.00034528,0.159230,568618098,271821721
2022-02-10T00:00:00Z,0,0.157110,616090178,285961130
2022-02-10T08:00:00Z,-0.00056304,0.155850,1413683499,662355543
2022-02-10T16:00:00Z,-0.00131452,0.151380,749903602,357182410
2022-02-11T00:00:00Z,-0.00103546,0.152390,557444521,258709739
2022-02-11T08:00:00Z,0.00021231,0.152640,570344485,285452271
2022-02-11T16:00:00Z,-0.00120821,0.144500,1008087765,461533561
2022-02-12T00:00:00Z,-0.00052001,0.143060,533802796,248675469
2022-02-12T08:00:00Z,-0.00046599,0.143110,531673453,262770490
2022-02-12T16:00:00Z,-0.00005854,0.144270,626370177,306316673
2022-02-13T00:00:00Z,-0.00049028,0.145360,317433432,150734260
2022-02-13T08:00:00Z,-0.00059956,0.153750,3272590693,1636743039
2022-02-13T16:00:00Z,-0.00047723,0.147990,3092865664,1495821508
2022-02-14T00:00:00Z,-0.00044311,0.145780,1612253114,789500933
2022-02-14T08:00:00Z,-0.00062721,0.145980,1102458429,545688541
2022-02-14T16:00:00Z,-0.00080118,0.145720,711612252,359776499
2022-02-15T00:00:00Z,-0.00117810,0.149030,658688148,315267563
2022-02-15T08:00:00Z,-0.00066507,0.149200,833433674,383651115
2022-02-15T16:00:00Z,-0.00006712,0.151600,610455997,295118639
2022-02-16T00:00:00Z,-0.00011960,0.150140,576736150,277021265
2022-02-16T08:00:00Z,0.00009441,0.147090,672171214,309170849
2022-02-16T16:00:00Z,0.00004526,0.148650,495839679,233661458
2022-02-17T00:00:00Z,-0.00048933,0.149140,505848550,250214766
2022-02-17T08:00:00Z,0,0.144100,843746228,401129131
2022-02-17T16:00:00Z,0,0.138310,887409626,405546098
2022-02-18T00:00:00Z,0,0.141290,428216680,197819624
2022-02-18T08:00:00Z,-0.00070899,0.137870,749532002,370207112
2022-02-18T16:00:00Z,-0.00073155,0.138450,542848548,263995122
2022-02-19T00:00:00Z,-0.00027511,0.143760,1037035762,503411035
2022-02-19T08:00:00Z,-0.00061129,0.141310,1185780500,569076274
2022-02-19T16:00:00Z,-0.00047791,0.140770,575369944,273923717
2022-02-20T00:00:00Z,-0.00070673,0.136860,759477686,361034478
2022-02-20T08:00:00Z,-0.00069288,0.136950,674442258,329864699
2022-02-20T16:00:00Z,0.00001241,0.136590,426719525,217269622
2022-02-21T00:00:00Z,0,0.140830,646800241,330144180
2022-02-21T08:00:00Z,-0.00055769,0.137570,1389000102,673715205
2022-02-21T16:00:00Z,-0.00039555,0.128140,1182365106,567553830
2022-02-22T00:00:00Z,-0.00081750,0.126710,914631186,429301581
2022-02-22T08:00:00Z,-0.00040521,0.129890,801998216,383056664
2022-02-22T16:00:00Z,-0.00014050,0.131200,562706902,288585040
2022-02-23T00:00:00Z,-0.00149704,0.132310,452508204,219914537
2022-02-23T08:00:00Z,-0.00026686,0.132220,703936813,342122328
2022-02-23T16:00:00Z,-0.00047119,0.127250,729187897,355588954
2022-02-24T00:00:00Z,-0.00068555,0.112950,2589255029,1236836079
2022-02-24T08:00:00Z,-0.00099409,0.117670,1691573719,839778247
2022-02-24T16:00:00Z,-0.00109523,0.123940,1612796906,794246883
2022-02-25T00:00:00Z,-0.00059493,0.122630,790662561,382677701
2022-02-25T08:00:00Z,-0.00031765,0.125930,1129907246,553037696
2022-02-25T16:00:00Z,-0.00029232,0.127490,774724984,375048107
2022-02-26T00:00:00Z,-0.00001177,0.127620,601706187,290505333
2022-02-26T08:00:00Z,-0.00002408,0.126940,503693871,246756457
2022-02-26T16:00:00Z,-0.00002730,0.127600,431710921,211984877
2022-02-27T00:00:00Z,-0.00053674,0.125320,514377058,248759175
2022-02-27T08:00:00Z,0.00012073,0.127220,772141729,368596526
2022-02-27T16:00:00Z,-0.00065502,0.122820,744300736,363283881
2022-02-28T00:00:00Z,-0.00030654,0.124000,492944723,230467205
2022-02-28T08:00:00Z,-0.00076650,0.128830,842672549,414524282
2022-02-28T16:00:00Z,0,0.133430,1013401204,515078830
2022-03-01T00:00:00Z,-0.00035590,0.132400,578367465,273684089
2022-03-01T08:00:00Z,-0.00000985,0.133550,1240470014,579957100
2022-03-01T16:00:00Z,-0.00009937,0.134060,472840058,227940329
2022-03-02T00:00:00Z,0.00019239,0.133590,542712822,258821985
2022-03-02T08:00:00Z,-0.00013730,0.133010,1087510658,521888392
2022-03-02T16:00:00Z,-0.00012375,0.133020,369378325,170224886
2022-03-03T00:00:00Z,0,0.131910,388706351,178216784
2022-03-03T08:00:00Z,0,0.128810,606899407,286490661
2022-03-03T16:00:00Z,-0.00031358,0.129550,461021670,218146062
2022-03-04T00:00:00Z,-0.00035593,0.126960,580799507,282409297
2022-03-04T08:00:00Z,-0.00069951,0.125700,628476257,309859451
2022-03-04T16:00:00Z,-0.00056323,0.122490,690387456,328020886
2022-03-05T00:00:00Z,-0.00041489,0.122980,329544034,137441110
2022-03-05T08:00:00Z,-0.00011119,0.123540,318801260,144929936
2022-03-05T16:00:00Z,-0.00042379,0.124910,339819755,162329012
2022-03-06T00:00:00Z,-0.00090170,0.124220,318655975,148485158
2022-03-06T08:00:00Z,-0.00023075,0.122960,407286768,191737618
2022-03-06T16:00:00Z,-0.00027343,0.120550,496645757,239836504
2022-03-07T00:00:00Z,-0.00039139,0.119060,463002880,215896476
2022-03-07T08:00:00Z,0,0.121200,502345827,239704259
2022-03-07T16:00:00Z,-0.00114758,0.116640,789159173,373276107
2022-03-08T00:00:00Z,-0.00059336,0.118640,460702707,215897983
2022-03-08T08:00:00Z,-0.00079226,0.116690,569164139,275793656
2022-03-08T16:00:00Z,-0.00034244,0.116930,494990345,238610658
2022-03-09T00:00:00Z,-0.00111099,0.122430,659326940,322056302
2022-03-09T08:00:00Z,-0.00045391,0.123320,589920881,284044299
2022-03-09T16:00:00Z,-0.00008133,0.121450,386751091,182430339
2022-03-10T00:00:00Z,-0.00052346,0.116480,674679571,307344349
2022-03-10T08:00:00Z,-0.00031329,0.116940,661997923,319213858
2022-03-10T16:00:00Z,-0.00081563,0.116770,382205105,181059395
2022-03-11T00:00:00Z,-0.00055886,0.116810,396025652,183394388
2022-03-11T08:00:00Z,-0.00059842,0.115800,519742720,254525444
2022-03-11T16:00:00Z,-0.00045725,0.115420,418906661,200093950
2022-03-12T00:00:00Z,-0.00007453,0.116920,301550860,143531162
2022-03-12T08:00:00Z,-0.00027135,0.116020,289451064,139925859
2022-03-12T16:00:00Z,-0.00049857,0.114730,228890388,100133846
2022-03-13T00:00:00Z,0.00002337,0.115460,299243267,138277997
2022-03-13T08:00:00Z,-0.00108701,0.114610,632488679,301875643
2022-03-13T16:00:00Z,-0.00065596,0.111330,482177687,225921267
2022-03-14T00:00:00Z,-0.00015805,0.114800,1942023252,960449609
2022-03-14T08:00:00Z,0.00046483,0.113230,651057990,312407238
2022-03-14T16:00:00Z,-0.00127318,0.113790,626357216,296617717
2022-03-15T00:00:00Z,0.00023466,0.111440,479607659,222922369
2022-03-15T08:00:00Z,-0.00048836,0.111930,459635686,216743780
2022-03-15T16:00:00Z,-0.00066772,0.112560,485959449,241826065
2022-03-16T00:00:00Z,0,0.113660,639627336,313900769
2022-03-16T08:00:00Z,-0.00105395,0.114600,566367317,270927501
2022-03-16T16:00:00Z,-0.00078405,0.116970,763297400,376114509
2022-03-17T00:00:00Z,-0.00032664,0.117030,535445743,265875501
2022-03-17T08:00:00Z,-0.00000473,0.116890,450370417,215741774
2022-03-17T16:00:00Z,-0.00027905,0.116340,267246150,128896756
2022-03-18T00:00:00Z,-0.00093939,0.114790,361626175,165082102
2022-03-18T08:00:00Z,0.00024229,0.116100,405684364,190996265
2022-03-18T16:00:00Z,-0.00029434,0.119090,563542078,274269210
2022-03-19T00:00:00Z,-0.00068739,0.119420,399406877,187522019
2022-03-19T08:00:00Z,-0.00028934,0.124190,970215969,469028005
2022-03-19T16:00:00Z,0,0.123510,550736060,263070186
2022-03-20T00:00:00Z,-0.00032428,0.122510,337171599,152739641
2022-03-20T08:00:00Z,-0.00030571,0.118830,519725565,241838867
2022-03-20T16:00:00Z,0,0.119130,357677391,163864404
2022-03-21T00:00:00Z,-0.00022269,0.120510,441665335,221001280
2022-03-21T08:00:00Z,-0.00022946,0.119570,633141587,314298370
2022-03-21T16:00:00Z,0,0.119160,391780350,175637646
2022-03-22T00:00:00Z,-0.00026247,0.122600,704460816,338313415
2022-03-22T08:00:00Z,0.00003262,0.123220,866716043,433150849
2022-03-22T16:00:00Z,-0.00029135,0.122360,342510927,152055224
2022-03-23T00:00:00Z,-0.00083207,0.121950,388068224,179021563
2022-03-23T08:00:00Z,-0.00018674,0.125220,791417276,393495963
2022-03-23T16:00:00Z,-0.00043945,0.129810,1959145049,957994528
2022-03-24T00:00:00Z,-0.00051422,0.135780,2594172552,1303445664
2022-03-24T08:00:00Z,0.00041528,0.136570,2874773760,1388211565
2022-03-24T16:00:00Z,-0.00062281,0.136730,919597039,421171161
2022-03-25T00:00:00Z,0,0.134790,761825144,356436756
2022-03-25T08:00:00Z,0.00040286,0.132300,1336146429,624296784
2022-03-25T16:00:00Z,-0.00005041,0.130840,1043771661,472591122
2022-03-26T00:00:00Z,0,0.132970,597148593,300044057
2022-03-26T08:00:00Z,0,0.132640,646064469,304716314
2022-03-26T16:00:00Z,0,0.136010,889760384,428141455
2022-03-27T00:00:00Z,-0.00039757,0.139930,1505913177,738772716
2022-03-27T08:00:00Z,0,0.139140,1428369560,668975500
2022-03-27T16:00:00Z,-0.00057459,0.144710,2076877580,998454045
2022-03-28T00:00:00Z,0.00003700,0.149250,1688204404,825172293
2022-03-28T08:00:00Z,0.00014167,0.149460,1654680068,791424868
2022-03-28T16:00:00Z,0.00040546,0.142420,1399690634,656171701
2022-03-29T00:00:00Z,-0.00005842,0.145350,833061841,388925184
2022-03-29T08:00:00Z,0,0.143380,1116242162,518690115
2022-03-29T16:00:00Z,0.00033273,0.144400,939217360,455807749
2022-03-30T00:00:00Z,0,0.144170,826858240,377080532
2022-03-30T08:00:00Z,0.00037041,0.142520,995562940,484400714
2022-03-30T16:00:00Z,0.00078598,0.143160,772271872,352727818
2022-03-31T00:00:00Z,0.00020713,0.147310,747128706,360358857
2022-03-31T08:00:00Z,0.00082611,0.141220,1418813927,652079991
2022-03-31T16:00:00Z,0,0.138160,955099896,451535656
2022-04-01T00:00:00Z,-0.00013153,0.136420,1015781907,465049390
2022-04-01T08:00:00Z,-0.00060038,0.139840,814507544,379399895
2022-04-01T16:00:00Z,0.00005742,0.141380,707463825,357304424
2022-04-02T00:00:00Z,0.00059870,0.143530,623646232,295616548
2022-04-02T08:00:00Z,0.00038423,0.140340,892862987,403568862
2022-04-02T16:00:00Z,0,0.138780,619856744,280988735
2022-04-03T00:00:00Z,0.00004114,0.141060,650522248,291470489
2022-04-03T08:00:00Z,0.00021875,0.145540,1509849721,746008753
2022-04-03T16:00:00Z,0.00046413,0.146610,1152141442,530331754
2022-04-04T00:00:00Z,0.00006972,0.144270,947032756,424511557
2022-04-04T08:00:00Z,0.00007268,0.143930,5230140828,2512242907
2022-04-04T16:00:00Z,0.00025993,0.148530,1688290518,791232279
2022-04-05T00:00:00Z,0.00052642,0.152940,1931053834,935200312
2022-04-05T08:00:00Z,0.00012205,0.161770,5961908437,2907998750
2022-04-05T16:00:00Z,-0.00054536,0.172660,10030527627,4857153722
2022-04-06T00:00:00Z,0.00045399,0.160750,5253801935,2476788471
2022-04-06T08:00:00Z,-0.00014885,0.149660,5040811074,2340956760
2022-04-06T16:00:00Z,0,0.143240,2954221259,1415740396
2022-04-07T00:00:00Z,-0.00048827,0.145630,1762038238,865704506
2022-04-07T08:00:00Z,0,0.142620,2088273990,1002993870
2022-04-07T16:00:00Z,-0.00007970,0.145820,994680392,475143268
2022-04-08T00:00:00Z,0,0.151250,2495122949,1194997297
2022-04-08T08:00:00Z,-0.00024732,0.148080,2260528261,1075308466
2022-04-08T16:00:00Z,-0.00043567,0.142320,1425550882,661793931
2022-04-09T00:00:00Z,-0.00029383,0.143560,719090476,345635938
2022-04-09T08:00:00Z,0,0.142730,717259767,341928391
2022-04-09T16:00:00Z,-0.00016405,0.144130,420301971,202499881
2022-04-10T00:00:00Z,0.00017538,0.148600,2483305075,1270960347
2022-04-10T08:00:00Z,0,0.153650,3903677129,1929167417
2022-04-10T16:00:00Z,-0.00002091,0.148210,2848780749,1344816280
2022-04-11T00:00:00Z,-0.00003052,0.145890,2100166399,1017263496
2022-04-11T08:00:00Z,-0.00078758,0.139800,2489829807,1167362337
2022-04-11T16:00:00Z,-0.00070045,0.134060,1818994738,837304444
2022-04-12T00:00:00Z,-0.00049719,0.139010,1219473626,607499578
2022-04-12T08:00:00Z,-0.00053016,0.139660,2190212874,1052840009
2022-04-12T16:00:00Z,-0.00033537,0.137920,1199594726,577159092
2022-04-13T00:00:00Z,0,0.140590,1309280993,625247000
2022-04-13T08:00:00Z,-0.00075775,0.139760,1457965050,682235752
2022-04-13T16:00:00Z,-0.00009088,0.139910,660726887,322824278
2022-04-14T00:00:00Z,-0.00024709,0.139780,831846276,388871520
2022-04-14T08:00:00Z,-0.00025039,0.139110,4493686616,2145572073
2022-04-14T16:00:00Z,0.00027108,0.144090,2411984288,1179642966
2022-04-15T00:00:00Z,-0.00022334,0.146400,1802902011,865242275
2022-04-15T08:00:00Z,-0.00057704,0.146750,2614343179,1283138821
2022-04-15T16:00:00Z,-0.00022513,0.145810,908774749,417800798
2022-04-16T00:00:00Z,-0.00009240,0.145320,707269072,327899699
2022-04-16T08:00:00Z,-0.00007535,0.141910,1007412847,458687342
2022-04-16T16:00:00Z,-0.00040554,0.143430,604155131,277958856
2022-04-17T00:00:00Z,-0.00001306,0.144010,474367446,231921820
2022-04-17T08:00:00Z,0,0.144080,566589454,269506499
2022-04-17T16:00:00Z,-0.00066636,0.139100,1527161269,708055717
2022-04-18T00:00:00Z,-0.00029620,0.134750,1440057732,651668411
2022-04-18T08:00:00Z,-0.00051800,0.135840,1051660911,495771689
2022-04-18T16:00:00Z,-0.00006353,0.140130,1113470326,559902582
2022-04-19T00:00:00Z,-0.00029896,0.139250,607650622,290390379
2022-04-19T08:00:00Z,0.00009442,0.142870,1169205714,588868428
2022-04-19T16:00:00Z,0,0.142540,826216373,400173561
2022-04-20T00:00:00Z,0.00039742,0.144630,1645547066,807822084
2022-04-20T08:00:00Z,0.00027743,0.141390,1383485842,649035645
2022-04-20T16:00:00Z,-0.00006056,0.140680,1225700924,593971967
2022-04-21T00:00:00Z,-0.00076367,0.140370,690460109,316530529
2022-04-21T08:00:00Z,0,0.140570,1129720547,539865754
2022-04-21T16:00:00Z,-0.00083542,0.136200,1134184147,512174360
2022-04-22T00:00:00Z,-0.00072047,0.137540,718786145,324441349
2022-04-22T08:00:00Z,-0.00014024,0.135120,845352363,411109460
2022-04-22T16:00:00Z,-0.00018192,0.136270,433947302,202462741
2022-04-23T00:00:00Z,-0.00015233,0.134670,518618998,245790352
2022-04-23T08:00:00Z,0,0.135390,340483285,167609616
2022-04-23T16:00:00Z,0.00008404,0.133830,358823528,169645628
2022-04-24T00:00:00Z,0,0.134380,354052815,163395157
2022-04-24T08:00:00Z,-0.00061829,0.132990,771704878,359844143
2022-04-24T16:00:00Z,-0.00034018,0.131710,558874794,268718991
2022-04-25T00:00:00Z,-0.00033864,0.123960,1545221266,695803857
2022-04-25T08:00:00Z,0.00010737,0.138850,8370021955,4241339958
2022-04-25T16:00:00Z,-0.00037709,0.158110,18895034162,9418952237
2022-04-26T00:00:00Z,0.00013214,0.161120,9371109351,4566263655
2022-04-26T08:00:00Z,0.00022435,0.146420,11555486370,5486085124
2022-04-26T16:00:00Z,0,0.137580,7791666182,3880475408
2022-04-27T00:00:00Z,-0.00020141,0.144450,3717589803,1857970255
2022-04-27T08:00:00Z,-0.00028170,0.139880,5236383919,2522856386
2022-04-27T16:00:00Z,-0.00036134,0.139860,1911106728,892704081
2022-04-28T00:00:00Z,-0.00107360,0.139450,1833573659,862058330
2022-04-28T08:00:00Z,-0.00078629,0.137610,2630946873,1222105959
2022-04-28T16:00:00Z,-0.00063036,0.137390,1201338555,581616244
2022-04-29T00:00:00Z,-0.00050397,0.140810,2810555595,1352062949
2022-04-29T08:00:00Z,-0.00079282,0.138320,2542918339,1181296067
2022-04-29T16:00:00Z,-0.00033177,0.134880,2244289594,1055270057
2022-04-30T00:00:00Z,-0.00083581,0.135360,791411563,364864276
2022-04-30T08:00:00Z,-0.00083003,0.133090,976653347,445690340
2022-04-30T16:00:00Z,-0.00095886,0.127240,1861995066,867553120
2022-05-01T00:00:00Z,-0.00053583,0.131700,1886802276,931815689
2022-05-01T08:00:00Z,-0.00116251,0.133570,1031756791,480449656
2022-05-01T16:00:00Z,-0.00078132,0.132570,1016163121,480413811
2022-05-02T00:00:00Z,0,0.131890,638066075,306140459
2022-05-02T08:00:00Z,-0.00021740,0.130400,1154931491,564895244
2022-05-02T16:00:00Z,-0.00109739,0.130660,910316264,466486549
2022-05-03T00:00:00Z,0.00029681,0.131270,541842638,256957203
2022-05-03T08:00:00Z,-0.00082780,0.130240,674967613,322346435
2022-05-03T16:00:00Z,-0.00066194,0.129390,1008416606,495962232
2022-05-04T00:00:00Z,0,0.130860,696619280,332663054
2022-05-04T08:00:00Z,-0.00037222,0.130780,1123715615,552278524
2022-05-04T16:00:00Z,-0.00114999,0.135910,1355909317,666570195
2022-05-05T00:00:00Z,0,0.134630,746111833,354751692
2022-05-05T08:00:00Z,-0.00125492,0.127230,2669615765,1264678869
2022-05-05T16:00:00Z,0,0.128040,1530463772,732175857
2022-05-06T00:00:00Z,-0.00081787,0.127050,857404991,413706712
2022-05-06T08:00:00Z,-0.00059689,0.126410,1732775716,829953679
2022-05-06T16:00:00Z,-0.00003969,0.127700,914158017,475743521
2022-05-07T00:00:00Z,-0.00051313,0.127590,713877564,326717564
2022-05-07T08:00:00Z,-0.00026967,0.131730,1120001711,550840932
2022-05-07T16:00:00Z,-0.00065627,0.127400,1424819870,679823317
2022-05-08T00:00:00Z,-0.00007793,0.125750,1038761636,484004071
2022-05-08T08:00:00Z,-0.00031077,0.125150,702591746,349374836
2022-05-08T16:00:00Z,-0.00084601,0.124050,950867945,453102126
2022-05-09T00:00:00Z,-0.00003888,0.121190,918951151,428998948
2022-05-09T08:00:00Z,-0.00021565,0.113780,2278341688,1106340864
2022-05-09T16:00:00Z,0,0.101680,3440944265,1620133403
2022-05-10T00:00:00Z,-0.00012218,0.112610,3149601110,1582336774
2022-05-10T08:00:00Z,-0.00027519,0.112350,2038874828,993068405
2022-05-10T16:00:00Z,-0.00092299,0.107980,1579510505,763941772
2022-05-11T00:00:00Z,0.00071745,0.103750,1858575330,911405560
2022-05-11T08:00:00Z,0,0.089370,5649995330,2726555970
2022-05-11T16:00:00Z,0,0.085130,3613275728,1798389116
2022-05-12T00:00:00Z,-0.01045381,0.077700,5168208763,2510873743
2022-05-12T08:00:00Z,-0.00078059,0.081640,4354542630,2189411833
2022-05-12T16:00:00Z,0.00052427,0.082600,2922502603,1464389873
2022-05-13T00:00:00Z,-0.00028227,0.090410,2906394524,1482491732
2022-05-13T08:00:00Z,-0.00048004,0.089800,3139547321,1534388853
2022-05-13T16:00:00Z,-0.00073727,0.088060,1291105494,641115823
2022-05-14T00:00:00Z,0,0.089600,1044171611,518679366
2022-05-14T08:00:00Z,-0.00087836,0.084810,1500479940,723324638
2022-05-14T16:00:00Z,-0.00081431,0.089400,1238298526,626656029
2022-05-15T00:00:00Z,-0.00087674,0.088080,829628302,390435838
2022-05-15T08:00:00Z,0,0.088780,829638522,404154970
2022-05-15T16:00:00Z,-0.00017001,0.093080,836539506,410291028
2022-05-16T00:00:00Z,-0.00110458,0.087230,1112099669,538169561
2022-05-16T08:00:00Z,-0.00069456,0.087060,912094425,448026866
2022-05-16T16:00:00Z,-0.00026309,0.087920,623968376,312620820
2022-05-17T00:00:00Z,-0.00057745,0.089460,772354146,385315491
2022-05-17T08:00:00Z,-0.00069016,0.088960,890496898,431357900
2022-05-17T16:00:00Z,-0.00156548,0.090120,774636504,378784514
2022-05-18T00:00:00Z,-0.00079653,0.088620,509292229,253082847
2022-05-18T08:00:00Z,0,0.084980,877911997,420138871
2022-05-18T16:00:00Z,0,0.083330,645978910,313454834
2022-05-19T00:00:00Z,-0.00010985,0.084470,939361824,490913835
2022-05-19T08:00:00Z,-0.00119066,0.086810,1065820264,505987474
2022-05-19T16:00:00Z,-0.00041215,0.086580,526783045,257037865
2022-05-20T00:00:00Z,-0.00006011,0.086020,510770835,255061400
2022-05-20T08:00:00Z,-0.00127494,0.083450,747046736,369955234
2022-05-20T16:00:00Z,-0.00098978,0.083840,552956436,273641295
2022-05-21T00:00:00Z,-0.00060939,0.084250,388957639,190357249
2022-05-21T08:00:00Z,-0.00089226,0.085070,406615136,191945944
2022-05-21T16:00:00Z,-0.00132923,0.084340,363318301,176031529
2022-05-22T00:00:00Z,-0.00038572,0.084530,276309356,131879262
2022-05-22T08:00:00Z,-0.00002723,0.085070,721367952,357230050
2022-05-22T16:00:00Z,-0.00079830,0.085820,314005994,149267925
2022-05-23T00:00:00Z,-0.00078090,0.087820,572673093,290054395
2022-05-23T08:00:00Z,-0.00027174,0.087220,848856342,408982171
2022-05-23T16:00:00Z,-0.00061997,0.083290,958734594,462773562
2022-05-24T00:00:00Z,0,0.084130,401548800,192626141
2022-05-24T08:00:00Z,-0.00142650,0.082710,925203878,444827734
2022-05-24T16:00:00Z,-0.00100077,0.083620,556272378,282077485
2022-05-25T00:00:00Z,-0.00105393,0.082860,466255297,221960143
2022-05-25T08:00:00Z,-0.00021847,0.083040,686693966,332880885
2022-05-25T16:00:00Z,-0.00061584,0.082910,433895769,209608853
2022-05-26T00:00:00Z,0,0.080650,617957811,295266331
2022-05-26T08:00:00Z,-0.00052475,0.079390,1489826365,735180081
2022-05-26T16:00:00Z,-0.00076875,0.077780,1124919184,565009633
2022-05-27T00:00:00Z,-0.00034475,0.077510,1077776307,511176469
2022-05-27T08:00:00Z,0,0.083230,4617067061,2290177370
2022-05-27T16:00:00Z,0,0.081500,4593802964,2250740770
2022-05-28T00:00:00Z,-0.00000335,0.082120,1150974917,568145765
2022-05-28T08:00:00Z,0,0.081840,1145416910,553816851
2022-05-28T16:00:00Z,-0.00062722,0.081790,559096716,263013056
2022-05-29T00:00:00Z,0,0.081120,605167164,290842562
2022-05-29T08:00:00Z,-0.00088924,0.081930,779739004,375644072
2022-05-29T16:00:00Z,0,0.082670,450252578,224538403
2022-05-30T00:00:00Z,0,0.085660,1140457287,574215199
2022-05-30T08:00:00Z,-0.00006785,0.085010,1083732675,521588629
2022-05-30T16:00:00Z,-0.00067522,0.087950,1388747784,705090568
2022-05-31T00:00:00Z,-0.00007849,0.086340,950114994,450291567
2022-05-31T08:00:00Z,0,0.085520,1008314416,480661009
2022-05-31T16:00:00Z,0,0.085880,1228688962,605990048
2022-06-01T00:00:00Z,-0.00042031,0.085380,590178024,293334632
2022-06-01T08:00:00Z,-0.00024002,0.084060,1489251929,711924594
2022-06-01T16:00:00Z,-0.00029159,0.081000,1213856425,571244116
2022-06-02T00:00:00Z,-0.00065612,0.081300,506523510,243676498
2022-06-02T08:00:00Z,-0.00013205,0.081820,790022986,377385101
2022-06-02T16:00:00Z,-0.00046493,0.082720,466571337,225044805
2022-06-03T00:00:00Z,-0.00066355,0.081910,344977091,161300003
2022-06-03T08:00:00Z,-0.00059139,0.079980,906638035,434442276
2022-06-03T16:00:00Z,-0.00037951,0.080260,349649402,160631251
2022-06-04T00:00:00Z,-0.00035038,0.081930,532472560,262299700
2022-06-04T08:00:00Z,-0.00052269,0.081560,420383646,199836846
2022-06-04T16:00:00Z,-0.00055532,0.081840,245756189,119349593
2022-06-05T00:00:00Z,-0.00042970,0.081110,264177087,123534032
2022-06-05T08:00:00Z,-0.00019673,0.081810,292871342,146445036
2022-06-05T16:00:00Z,-0.00046066,0.081000,338453419,161108648
2022-06-06T00:00:00Z,0,0.083510,744618027,375062268
2022-06-06T08:00:00Z,-0.00052274,0.083070,839354830,415743566
2022-06-06T16:00:00Z,-0.00057252,0.082450,482946260,228921451
2022-06-07T00:00:00Z,-0.00032574,0.080000,1073151319,497785922
2022-06-07T08:00:00Z,-0.00022346,0.080350,527502706,250686666
2022-06-07T16:00:00Z,-0.00048873,0.080310,792388413,403911376
2022-06-08T00:00:00Z,-0.00032241,0.080140,644238133,304959440
2022-06-08T08:00:00Z,-0.00050509,0.080050,426394856,193931724
2022-06-08T16:00:00Z,-0.00063937,0.079230,317831023,145999495
2022-06-09T00:00:00Z,0,0.080400,253850559,134021074
2022-06-09T08:00:00Z,-0.00022475,0.079980,477909606,231973739
2022-06-09T16:00:00Z,-0.00053587,0.079310,326630662,148574777
2022-06-10T00:00:00Z,-0.00111412,0.079060,376459725,176498603
2022-06-10T08:00:00Z,-0.00051000,0.076740,804486943,366266710
2022-06-10T16:00:00Z,-0.00072909,0.075330,599354242,282939938
2022-06-11T00:00:00Z,-0.00033265,0.076360,277955663,137052253
2022-06-11T08:00:00Z,-0.00106224,0.069110,1297611737,591813667
2022-06-11T16:00:00Z,-0.00070213,0.069860,584771137,299148580
2022-06-12T00:00:00Z,-0.00051228,0.066030,1188298545,564749411
2022-06-12T08:00:00Z,-0.00080770,0.067380,1285441185,624115392
2022-06-12T16:00:00Z,-0.00040126,0.063440,987382296,490886581
2022-06-13T00:00:00Z,-0.00029140,0.056960,3699608221,1852830709
2022-06-13T08:00:00Z,0,0.054390,3866474027,1897945421
2022-06-13T16:00:00Z,-0.00015767,0.054150,1914106512,969036912
2022-06-14T00:00:00Z,-0.00084336,0.057570,3521067298,1815466945
2022-06-14T08:00:00Z,-0.00116645,0.057190,1355054202,687644218
2022-06-14T16:00:00Z,0,0.055530,1060378971,528521648
2022-06-15T00:00:00Z,-0.00063885,0.051530,1769022234,866560124
2022-06-15T08:00:00Z,0,0.054460,2029746113,1025003040
2022-06-15T16:00:00Z,0,0.062830,2836154539,1445207851
2022-06-16T00:00:00Z,0,0.057960,1204383954,571753295
2022-06-16T08:00:00Z,-0.00008132,0.057020,1913784398,958953877
2022-06-16T16:00:00Z,-0.00056644,0.055190,2277541145,1160398955
2022-06-17T00:00:00Z,0,0.057300,949363391,493756605
2022-06-17T08:00:00Z,-0.00012924,0.056570,870233037,432132645
2022-06-17T16:00:00Z,0.00004618,0.056880,485813208,243047085
2022-06-18T00:00:00Z,-0.00019384,0.052740,1100868849,565631046
2022-06-18T08:00:00Z,-0.00063020,0.052700,1872682554,926393004
2022-06-18T16:00:00Z,-0.00006556,0.052870,2019932677,1016235001
2022-06-19T00:00:00Z,0,0.055940,4743192518,2393595797
2022-06-19T08:00:00Z,-0.00064504,0.058620,4728745164,2374633725
2022-06-19T16:00:00Z,-0.00017662,0.060430,2725994485,1408977399
2022-06-20T00:00:00Z,-0.00003639,0.058160,1529230435,758684571
2022-06-20T08:00:00Z,0,0.060350,1850555860,925675344
2022-06-20T16:00:00Z,-0.00038508,0.060000,972493576,467879477
2022-06-21T00:00:00Z,-0.00001718,0.061000,1196882158,621184777
2022-06-21T08:00:00Z,-0.00047208,0.067430,4827827224,2371581704
2022-06-21T16:00:00Z,0,0.065770,2025205975,977211498
2022-06-22T00:00:00Z,-0.00083356,0.061330,1689795115,813586656
2022-06-22T08:00:00Z,0,0.062560,1884232451,922886507
2022-06-22T16:00:00Z,-0.00035453,0.061640,1267884361,614913839
2022-06-23T00:00:00Z,-0.00022236,0.063790,1028849150,513983258
2022-06-23T08:00:00Z,-0.00022396,0.062690,1045856769,492451490
2022-06-23T16:00:00Z,-0.00055246,0.063940,877042895,426788836
2022-06-24T00:00:00Z,-0.00053453,0.064920,1073021316,545528779
2022-06-24T08:00:00Z,-0.00006548,0.065870,1419642568,688747491
2022-06-24T16:00:00Z,-0.00069053,0.066900,803996728,403603095
2022-06-25T00:00:00Z,0,0.068320,891746240,441876792
2022-06-25T08:00:00Z,-0.00095840,0.065230,1019255376,486427372
2022-06-25T16:00:00Z,-0.00016446,0.068490,732687453,361632112
2022-06-26T00:00:00Z,0,0.070570,929234860,491497521
2022-06-26T08:00:00Z,-0.00023904,0.074270,3361004822,1706477117
2022-06-26T16:00:00Z,-0.00046194,0.072920,3901787246,1968282472
2022-06-27T00:00:00Z,-0.00026776,0.076900,4714092903,2419840455
2022-06-27T08:00:00Z,-0.00039692,0.071720,5059292722,2543806867
2022-06-27T16:00:00Z,0,0.072120,2201142829,1092992684
2022-06-28T00:00:00Z,-0.00019366,0.071550,1930154158,964963451
2022-06-28T08:00:00Z,-0.00043794,0.068500,2272546107,1106374904
2022-06-28T16:00:00Z,-0.00030721,0.066040,1573531263,757631040
2022-06-29T00:00:00Z,-0.00031928,0.065730,1410757599,686639740
2022-06-29T08:00:00Z,0,0.066830,1695387624,831771862
2022-06-29T16:00:00Z,-0.00054606,0.069520,2687317109,1358063746
2022-06-30T00:00:00Z,-0.00033764,0.065110,1803832748,871379363
2022-06-30T08:00:00Z,-0.00003137,0.065020,2193735015,1110873491
2022-06-30T16:00:00Z,-0.00083149,0.066360,1770829777,872052900
2022-07-01T00:00:00Z,-0.00008605,0.066220,1778088756,898200755
2022-07-01T08:00:00Z,0,0.065130,1367236749,677848634
2022-07-01T16:00:00Z,-0.00002409,0.066420,946822468,477771805
2022-07-02T00:00:00Z,-0.00040337,0.066540,1272866855,627975415
2022-07-02T08:00:00Z,0,0.066810,1026068385,521408278
2022-07-02T16:00:00Z,-0.00097057,0.066610,611857210,297224574
2022-07-03T00:00:00Z,-0.00042591,0.065960,828528668,412152827
2022-07-03T08:00:00Z,-0.00078616,0.065330,612716007,304588738
2022-07-03T16:00:00Z,-0.00062975,0.067160,687913069,343158314
2022-07-04T00:00:00Z,-0.00085199,0.066070,951499655,465732024
2022-07-04T08:00:00Z,-0.00032573,0.068200,1365220006,689868301
2022-07-04T16:00:00Z,-0.00021095,0.069350,784342945,400810389
2022-07-05T00:00:00Z,-0.00005669,0.068830,791517563,392723238
2022-07-05T08:00:00Z,-0.00031099,0.066370,1381356808,637466040
2022-07-05T16:00:00Z,-0.00024408,0.067110,1014011977,508170788
2022-07-06T00:00:00Z,-0.00013266,0.067510,828917529,411510135
2022-07-06T08:00:00Z,-0.00073801,0.066870,614264337,292381098
2022-07-06T16:00:00Z,-0.00068234,0.068380,1460954728,756521158
2022-07-07T00:00:00Z,-0.00018278,0.068320,573391554,282830251
2022-07-07T08:00:00Z,0,0.070020,1164302809,592731808
2022-07-07T16:00:00Z,-0.00040696,0.070510,791609449,383685537
2022-07-08T00:00:00Z,0,0.070450,1003564540,504090039
2022-07-08T08:00:00Z,-0.00040475,0.070090,1323037929,625201984
2022-07-08T16:00:00Z,0,0.069020,858128973,416474946
2022-07-09T00:00:00Z,-0.00037303,0.069880,557827976,281158735
2022-07-09T08:00:00Z,-0.00079192,0.069440,458654043,213463285
2022-07-09T16:00:00Z,-0.00023910,0.069430,408844241,206125568
2022-07-10T00:00:00Z,-0.00065303,0.068280,566492547,256980895
2022-07-10T08:00:00Z,-0.00021157,0.066750,572258453,254794201
2022-07-10T16:00:00Z,-0.00021668,0.067230,488781884,244916463
2022-07-11T00:00:00Z,-0.00065502,0.065120,639607883,278646501
2022-07-11T08:00:00Z,-0.00090288,0.063890,823277318,383217377
2022-07-11T16:00:00Z,-0.00060011,0.061700,759608300,356336372
2022-07-12T00:00:00Z,-0.00071558,0.061710,761290554,372116177
2022-07-12T08:00:00Z,-0.00023308,0.061610,828758216,410786868
2022-07-12T16:00:00Z,-0.00140273,0.059740,605880615,298607071
2022-07-13T00:00:00Z,-0.00061970,0.061440,625921399,317129810
2022-07-13T08:00:00Z,-0.00084973,0.059220,1880639472,960885100
2022-07-13T16:00:00Z,-0.00080481,0.061880,874741370,455041987
2022-07-14T00:00:00Z,-0.00004135,0.060490,597150288,284215982
2022-07-14T08:00:00Z,-0.00051270,0.061050,910665660,459610826
2022-07-14T16:00:00Z,0,0.062420,975938760,482601126
2022-07-15T00:00:00Z,-0.00036790,0.063160,837787182,415123847
2022-07-15T08:00:00Z,-0.00068801,0.063050,974724256,483367231
2022-07-15T16:00:00Z,-0.00081350,0.062880,684454021,332070365
2022-07-16T00:00:00Z,-0.00024506,0.061820,416372771,192820338
2022-07-16T08:00:00Z,-0.00045151,0.063220,426448626,212108121
2022-07-16T16:00:00Z,0,0.064360,910886650,450164626
2022-07-17T00:00:00Z,-0.00110444,0.064630,532530931,263855084
2022-07-17T08:00:00Z,-0.00017900,0.063780,613795470,296789440
2022-07-17T16:00:00Z,0,0.063030,597329526,285398491
2022-07-18T00:00:00Z,-0.00032029,0.066110,1050694447,532229622
2022-07-18T08:00:00Z,-0.00088903,0.067890,1441923025,754166474
2022-07-18T16:00:00Z,-0.00113595,0.067530,1397543375,630095671
2022-07-19T00:00:00Z,-0.00019301,0.065940,1113705940,541965514
2022-07-19T08:00:00Z,-0.00039369,0.068250,1216291245,603148056
2022-07-19T16:00:00Z,-0.00013179,0.068990,1396128464,702159129
2022-07-20T00:00:00Z,0,0.075290,2582552994,1305193972
2022-07-20T08:00:00Z,-0.00082398,0.073770,3563224823,1738728370
2022-07-20T16:00:00Z,0,0.070120,3259313011,1554765305
2022-07-21T00:00:00Z,-0.00040424,0.068710,1778739695,865835679
2022-07-21T08:00:00Z,-0.00005743,0.068440,1253881552,599267150
2022-07-21T16:00:00Z,-0.00018510,0.069950,1052067161,521240896
2022-07-22T00:00:00Z,-0.00033872,0.069910,793612031,384033542
2022-07-22T08:00:00Z,-0.00056124,0.068510,1237293767,582635679
2022-07-22T16:00:00Z,-0.00057015,0.067390,851138290,397782283
2022-07-23T00:00:00Z,-0.00021002,0.068840,620028750,313058070
2022-07-23T08:00:00Z,-0.00052275,0.067440,952498065,441347500
2022-07-23T16:00:00Z,-0.00064028,0.067980,695054043,320663117
2022-07-24T00:00:00Z,-0.00068976,0.068560,587878141,295088007
2022-07-24T08:00:00Z,-0.00046817,0.068630,670887166,305022305
2022-07-24T16:00:00Z,-0.00020489,0.067520,527555845,243953549
2022-07-25T00:00:00Z,-0.00030776,0.065140,1166763673,520719263
2022-07-25T08:00:00Z,-0.00063340,0.064820,625030448,310603069
2022-07-25T16:00:00Z,-0.00109089,0.061870,862690704,394848442
2022-07-26T00:00:00Z,-0.00089109,0.061280,746002529,341985547
2022-07-26T08:00:00Z,-0.00020270,0.060210,724643723,332500901
2022-07-26T16:00:00Z,-0.00042135,0.062460,723463854,369130476
2022-07-27T00:00:00Z,-0.00072237,0.062710,590955380,282305625
2022-07-27T08:00:00Z,-0.00012327,0.062900,621365694,291005380
2022-07-27T16:00:00Z,0,0.067160,1481965714,767713159
2022-07-28T00:00:00Z,0,0.066510,670242448,331452129
2022-07-28T08:00:00Z,0,0.068110,1229104159,606359376
2022-07-28T16:00:00Z,-0.00008829,0.069100,1296107063,650062328
2022-07-29T00:00:00Z,0,0.070060,1194859346,573639518
2022-07-29T08:00:00Z,-0.00030149,0.069080,1492752155,706869583
2022-07-29T16:00:00Z,0.00025064,0.068800,947014201,441028597
2022-07-30T00:00:00Z,-0.00016063,0.069780,878443431,421035326
2022-07-30T08:00:00Z,-0.00006894,0.072400,2254710596,1099354979
2022-07-30T16:00:00Z,-0.00023351,0.069620,944951149,438190247
2022-07-31T00:00:00Z,0,0.070440,693491757,332476748
2022-07-31T08:00:00Z,0,0.070620,655970291,316279230
2022-07-31T16:00:00Z,-0.00039018,0.068050,1096723967,526449980
2022-08-01T00:00:00Z,-0.00020810,0.069470,806484005,404404648
2022-08-01T08:00:00Z,0,0.068980,854209658,399568458
2022-08-01T16:00:00Z,-0.00119067,0.068420,1137056359,547991675
2022-08-02T00:00:00Z,-0.00028243,0.066530,826023911,367325141
2022-08-02T08:00:00Z,-0.00038146,0.067290,835601648,402217642
2022-08-02T16:00:00Z,-0.00081423,0.066460,603248770,296231979
2022-08-03T00:00:00Z,-0.00038973,0.066960,601028823,276499167
2022-08-03T08:00:00Z,-0.00006669,0.067860,621192799,291529089
2022-08-03T16:00:00Z,-0.00047711,0.066160,529858981,244579000
2022-08-04T00:00:00Z,-0.00036852,0.066710,521586911,256303508
2022-08-04T08:00:00Z,-0.00000778,0.067000,587444094,285452098
2022-08-04T16:00:00Z,-0.00005464,0.067230,669235684,336423652
2022-08-05T00:00:00Z,0,0.069050,832076380,418508887
2022-08-05T08:00:00Z,-0.00057916,0.068550,1167108472,556040116
2022-08-05T16:00:00Z,0.00018954,0.069800,515300647,259325275
2022-08-06T00:00:00Z,0.00014732,0.069850,932124918,475684799
2022-08-06T08:00:00Z,0.00002496,0.069760,486930348,226677651
2022-08-06T16:00:00Z,0,0.068630,549182380,244088953
2022-08-07T00:00:00Z,0,0.068590,469324607,210146186
2022-08-07T08:00:00Z,-0.00059216,0.068880,402752134,195318514
2022-08-07T16:00:00Z,-0.00066380,0.068900,454972160,223004373
2022-08-08T00:00:00Z,0,0.070540,660003617,334049188
2022-08-08T08:00:00Z,-0.00048843,0.070320,1332835121,648168270
2022-08-08T16:00:00Z,-0.00040276,0.070080,793277851,378481951
2022-08-09T00:00:00Z,0,0.073190,1922860786,940204214
2022-08-09T08:00:00Z,-0.00059791,0.068470,2682728332,1199597855
2022-08-09T16:00:00Z,-0.00081758,0.068990,640145460,316040288
2022-08-10T00:00:00Z,-0.00024132,0.068130,894273773,417298134
2022-08-10T08:00:00Z,0,0.071110,1533632729,764903285
2022-08-10T16:00:00Z,-0.00009490,0.071260,739697294,352709879
2022-08-11T00:00:00Z,0.00000305,0.071310,1104585557,537472362
2022-08-11T08:00:00Z,-0.00009017,0.071490,2252804036,1068087035
2022-08-11T16:00:00Z,-0.00041502,0.070820,646198130,299630282
2022-08-12T00:00:00Z,-0.00008254,0.071020,618775218,290708657
2022-08-12T08:00:00Z,-0.00079148,0.070850,1046067218,481337921
2022-08-12T16:00:00Z,-0.00031407,0.072300,608017395,315208496
2022-08-13T00:00:00Z,-0.00017530,0.073350,1553470487,777571477
2022-08-13T08:00:00Z,-0.00026325,0.073240,838048412,396178540
2022-08-13T16:00:00Z,0,0.072900,1002984028,467910723
2022-08-14T00:00:00Z,-0.00003760,0.076860,3282944226,1658407271
2022-08-14T08:00:00Z,-0.00052110,0.080970,4960326688,2489939386
2022-08-14T16:00:00Z,0,0.081630,6493858927,3216667248
2022-08-15T00:00:00Z,-0.00040878,0.075980,3688870785,1713202603
2022-08-15T08:00:00Z,-0.00103411,0.077280,2332127767,1167471141
2022-08-15T16:00:00Z,0,0.076600,1760110525,848676091
2022-08-16T00:00:00Z,0,0.081780,3327358525,1688704938
2022-08-16T08:00:00Z,-0.00003128,0.084380,15003096435,7632104327
2022-08-16T16:00:00Z,-0.00104555,0.086720,5133357675,2605956416
2022-08-17T00:00:00Z,-0.00073079,0.084080,5059523095,2479582483
2022-08-17T08:00:00Z,-0.00008014,0.081270,4344307945,2127332499
2022-08-17T16:00:00Z,0.00024266,0.080190,2701774055,1343095409
2022-08-18T00:00:00Z,-0.00020532,0.081180,1889528641,956187280
2022-08-18T08:00:00Z,-0.00044442,0.081060,1831080563,888579558
2022-08-18T16:00:00Z,-0.00043026,0.074690,3052182970,1399003359
2022-08-19T00:00:00Z,-0.00103401,0.070350,4028324499,1915608171
2022-08-19T08:00:00Z,-0.00070315,0.069170,3466535351,1685126769
2022-08-19T16:00:00Z,-0.00084670,0.067710,2615830755,1276793083
2022-08-20T00:00:00Z,-0.00012534,0.070520,2041726820,1036950298
2022-08-20T08:00:00Z,-0.00042871,0.069470,1212872283,593674028
2022-08-20T16:00:00Z,-0.00101473,0.069290,2028188267,1000633560
2022-08-21T00:00:00Z,-0.00035509,0.068600,1200075001,580912647
2022-08-21T08:00:00Z,-0.00081387,0.069180,1535321957,747624158
2022-08-21T16:00:00Z,-0.00036341,0.069260,1449671838,719503639
2022-08-22T00:00:00Z,-0.00030999,0.066000,1668916728,759723960
2022-08-22T08:00:00Z,-0.00057327,0.067300,2777490949,1430175170
2022-08-22T16:00:00Z,-0.00031765,0.068380,1152151850,592087499
2022-08-23T00:00:00Z,-0.00034533,0.067990,1131631419,574148581
2022-08-23T08:00:00Z,-0.00013569,0.068580,1227685449,598318232
2022-08-23T16:00:00Z,-0.00048149,0.068810,785451572,377770409
2022-08-24T00:00:00Z,-0.00009381,0.067350,1099247793,516304368
2022-08-24T08:00:00Z,-0.00026669,0.068880,902639820,452584211
2022-08-24T16:00:00Z,-0.00036209,0.067860,1033634916,507762130
2022-08-25T00:00:00Z,-0.00059419,0.069190,895943367,435486726
2022-08-25T08:00:00Z,-0.00046750,0.068270,2604386574,1234340453
2022-08-25T16:00:00Z,-0.00090017,0.068920,880725843,433259455
2022-08-26T00:00:00Z,-0.00040887,0.067930,1071892771,505541406
2022-08-26T08:00:00Z,-0.00101460,0.065850,2899187008,1409487580
2022-08-26T16:00:00Z,-0.00079229,0.063460,1730405095,821167590
2022-08-27T00:00:00Z,-0.00064034,0.063770,1283985517,637716762
2022-08-27T08:00:00Z,-0.00103477,0.063020,919415239,453443473
2022-08-27T16:00:00Z,-0.00036004,0.063470,793746829,398817855
2022-08-28T00:00:00Z,-0.00032579,0.063760,637595325,314738470
2022-08-28T08:00:00Z,-0.00051500,0.063760,848293124,416546203
2022-08-28T16:00:00Z,-0.00077231,0.061720,1057987993,502294459
2022-08-29T00:00:00Z,-0.00035696,0.061760,1007271134,487206819
2022-08-29T08:00:00Z,-0.00004711,0.063450,1216427622,614605059
2022-08-29T16:00:00Z,-0.00043348,0.063800,717846894,351199904
2022-08-30T00:00:00Z,-0.00051117,0.063940,858510301,438136505
2022-08-30T08:00:00Z,-0.00088330,0.061610,1113982375,530971598
2022-08-30T16:00:00Z,-0.00044491,0.061490,1070312869,517494850
2022-08-31T00:00:00Z,-0.00034638,0.062560,1118524615,583299320
2022-08-31T08:00:00Z,-0.00011304,0.062140,1117769449,554661044
2022-08-31T16:00:00Z,-0.00106140,0.061290,726423514,348742454
2022-09-01T00:00:00Z,-0.00107705,0.060340,1021615566,472234703
2022-09-01T08:00:00Z,-0.00056041,0.061180,1296991525,652262876
2022-09-01T16:00:00Z,0,0.062360,774818374,391939449
2022-09-02T00:00:00Z,-0.00053067,0.061810,645812089,305899147
2022-09-02T08:00:00Z,-0.00041626,0.062470,1038949628,525409912
2022-09-02T16:00:00Z,-0.00076721,0.061600,797183034,379591169
2022-09-03T00:00:00Z,-0.00050245,0.061450,1152156292,593958538
2022-09-03T08:00:00Z,-0.00057259,0.062630,879237648,452122645
2022-09-03T16:00:00Z,-0.00026297,0.062680,625287580,315527257
2022-09-04T00:00:00Z,-0.00052972,0.062030,587358391,280999593
2022-09-04T08:00:00Z,-0.00015959,0.063210,1354259024,702007197
2022-09-04T16:00:00Z,-0.00060394,0.063200,564017137,272036998
2022-09-05T00:00:00Z,-0.00071824,0.061940,760920726,362667454
2022-09-05T08:00:00Z,-0.00052503,0.062280,943532051,465761951
2022-09-05T16:00:00Z,-0.00030294,0.062720,570682676,285854159
2022-09-06T00:00:00Z,-0.00028105,0.063310,1630371716,842737499
2022-09-06T08:00:00Z,-0.00101972,0.062620,892447648,440915322
2022-09-06T16:00:00Z,-0.00038744,0.058850,2053612063,950688796
2022-09-07T00:00:00Z,-0.00047832,0.059130,1126122843,553993042
2022-09-07T08:00:00Z,-0.00057418,0.059980,935151211,466155862
2022-09-07T16:00:00Z,-0.00055075,0.060940,837030506,408651229
2022-09-08T00:00:00Z,0,0.060460,635075005,308309690
2022-09-08T08:00:00Z,-0.00066961,0.060620,1039747542,552312617
2022-09-08T16:00:00Z,-0.00028630,0.060940,588898231,284526706
2022-09-09T00:00:00Z,0,0.062860,1372722507,704398532
2022-09-09T08:00:00Z,-0.00053190,0.063650,1572664210,790723073
2022-09-09T16:00:00Z,-0.00036143,0.063830,936085210,466940980
2022-09-10T00:00:00Z,0.00017823,0.063400,1108689045,558109523
2022-09-10T08:00:00Z,-0.00033289,0.063850,759792054,379053490
2022-09-10T16:00:00Z,-0.00050987,0.064660,806856750,405953629
2022-09-11T00:00:00Z,-0.00083706,0.063850,687620134,308248730
2022-09-11T08:00:00Z,-0.00009468,0.064180,676187568,348246305
2022-09-11T16:00:00Z,-0.00055858,0.063660,726927687,351601510
2022-09-12T00:00:00Z,-0.00025838,0.063860,1042675534,521378796
2022-09-12T08:00:00Z,-0.00086749,0.063400,1276061058,638841142
2022-09-12T16:00:00Z,0,0.063920,694305281,324733848
2022-09-13T00:00:00Z,-0.00050924,0.063660,799845389,370127525
2022-09-13T08:00:00Z,-0.00066491,0.060280,1733433425,813789263
2022-09-13T16:00:00Z,-0.00030364,0.059600,1285153606,636206772
2022-09-14T00:00:00Z,-0.00018863,0.060080,939262599,452427373
2022-09-14T08:00:00Z,-0.00060580,0.060880,1041728357,525640870
2022-09-14T16:00:00Z,-0.00027619,0.061130,723821362,347400712
2022-09-15T00:00:00Z,-0.00020952,0.060790,1084630082,505561527
2022-09-15T08:00:00Z,-0.00063302,0.058750,958222772,446678286
2022-09-15T16:00:00Z,-0.00078611,0.058560,632305425,281432374
2022-09-16T00:00:00Z,-0.00039226,0.059480,578461638,289211191
2022-09-16T08:00:00Z,-0.00060137,0.059630,703273379,356958169
2022-09-16T16:00:00Z,-0.00118584,0.060400,593770220,282136027
2022-09-17T00:00:00Z,-0.00065510,0.060470,382389342,180861677
2022-09-17T08:00:00Z,-0.00034891,0.062200,642028554,342445191
2022-09-17T16:00:00Z,-0.00090290,0.062150,590239671,301396474
2022-09-18T00:00:00Z,-0.00097758,0.061370,465722389,217726334
2022-09-18T08:00:00Z,0,0.060490,567256155,270578627
2022-09-18T16:00:00Z,-0.00102988,0.057400,1379741393,610303883
2022-09-19T00:00:00Z,-0.00039742,0.056490,1079161468,528874292
2022-09-19T08:00:00Z,-0.00066938,0.057510,787534728,373988637
2022-09-19T16:00:00Z,-0.00001711,0.058500,506774323,249700808
2022-09-20T00:00:00Z,-0.00029297,0.058470,481997381,235638817
2022-09-20T08:00:00Z,-0.00109376,0.060030,1137465915,578361585
2022-09-20T16:00:00Z,-0.00044362,0.058350,938805361,446030747
2022-09-21T00:00:00Z,-0.00014007,0.058450,906289207,457350290
2022-09-21T08:00:00Z,-0.00115391,0.058320,690598251,335990397
2022-09-21T16:00:00Z,-0.00104341,0.057110,2001179218,949136346
2022-09-22T00:00:00Z,-0.00004304,0.058470,620418501,328655682
2022-09-22T08:00:00Z,-0.00007211,0.059060,932140216,486914325
2022-09-22T16:00:00Z,-0.00037225,0.059560,776821297,392699039
2022-09-23T00:00:00Z,-0.00056373,0.060620,1383920973,710488648
2022-09-23T08:00:00Z,-0.00063199,0.061110,1864151141,911443310
2022-09-23T16:00:00Z,-0.00042183,0.063340,3502171131,1806107929
2022-09-24T00:00:00Z,-0.00000909,0.065400,5291538965,2697536954
2022-09-24T08:00:00Z,-0.00042761,0.066050,3534756553,1771213133
2022-09-24T16:00:00Z,-0.00096281,0.063040,1926740430,880497290
2022-09-25T00:00:00Z,-0.00089105,0.063060,1157714402,576684125
2022-09-25T08:00:00Z,-0.00034226,0.062190,1506767354,712894127
2022-09-25T16:00:00Z,-0.00046480,0.061130,1294757855,619765655
2022-09-26T00:00:00Z,-0.00001467,0.060730,1151085913,562374087
2022-09-26T08:00:00Z,-0.00057610,0.060990,1234008364,602165439
2022-09-26T16:00:00Z,-0.00051331,0.061100,746869008,368330663
2022-09-27T00:00:00Z,-0.00013172,0.062670,1152626197,602306427
2022-09-27T08:00:00Z,-0.00018390,0.061750,963793503,465388943
2022-09-27T16:00:00Z,-0.00057808,0.060440,1086027044,512763056
2022-09-28T00:00:00Z,-0.00038552,0.059520,993866034,473810410
2022-09-28T08:00:00Z,-0.00024182,0.060850,1008793372,523795372
2022-09-28T16:00:00Z,-0.00070875,0.060470,646139832,304898421
2022-09-29T00:00:00Z,-0.00026924,0.060090,597786647,272235218
2022-09-29T08:00:00Z,-0.00080604,0.060020,793515354,383832366
2022-09-29T16:00:00Z,-0.00025639,0.060850,640545424,318300568
2022-09-30T00:00:00Z,-0.00051175,0.060830,590202118,289936772
2022-09-30T08:00:00Z,-0.00032485,0.060830,1258170868,589773709
2022-09-30T16:00:00Z,-0.00032022,0.061650,1624590094,826308331
2022-10-01T00:00:00Z,0,0.061270,1547150997,784810208
2022-10-01T08:00:00Z,0,0.061400,960161567,466591853
2022-10-01T16:00:00Z,-0.00014307,0.060560,757710418,348869976
2022-10-02T00:00:00Z,-0.00042787,0.060560,422407074,211788605
2022-10-02T08:00:00Z,-0.00043654,0.059820,671363045,301567390
2022-10-02T16:00:00Z,-0.00058056,0.059230,807771438,383024419
2022-10-03T00:00:00Z,-0.00025501,0.059690,593957461,297315014
2022-10-03T08:00:00Z,-0.00000571,0.060010,761260179,374471424
2022-10-03T16:00:00Z,-0.00028791,0.060280,515690180,242931323
2022-10-04T00:00:00Z,-0.00084914,0.060690,499347953,229844633
2022-10-04T08:00:00Z,-0.00049933,0.060620,682299645,311755501
2022-10-04T16:00:00Z,-0.00038616,0.065810,8700529703,4496303774
2022-10-05T00:00:00Z,0,0.065200,3028649530,1506225936
2022-10-05T08:00:00Z,-0.00068204,0.063830,4034228724,1972112549
2022-10-05T16:00:00Z,-0.00057304,0.064730,2510992039,1295415723
2022-10-06T00:00:00Z,-0.00044095,0.065370,2001125896,1026302696
2022-10-06T08:00:00Z,-0.00102071,0.064160,1701821529,815573079
2022-10-06T16:00:00Z,-0.00037886,0.063430,1348468935,653345454
2022-10-07T00:00:00Z,-0.00025868,0.063200,695412900,350186972
2022-10-07T08:00:00Z,-0.00026371,0.062120,1216450599,570827292
2022-10-07T16:00:00Z,-0.00072427,0.062330,898208751,451971461
2022-10-08T00:00:00Z,-0.00041818,0.062320,443849482,222008901
2022-10-08T08:00:00Z,-0.00010279,0.062240,371612025,174636241
2022-10-08T16:00:00Z,-0.00089762,0.061590,508656505,233251685
2022-10-09T00:00:00Z,0,0.061680,381710054,186997138
2022-10-09T08:00:00Z,-0.00034049,0.062160,469587703,236074922
2022-10-09T16:00:00Z,-0.00049470,0.062090,474004926,219574923
2022-10-10T00:00:00Z,-0.00015357,0.061700,513068801,235633872
2022-10-10T08:00:00Z,-0.00011103,0.060660,1175738790,541258368
2022-10-10T16:00:00Z,-0.00095199,0.059340,864597797,386763607
2022-10-11T00:00:00Z,-0.00026265,0.059240,1089380530,491517086
2022-10-11T08:00:00Z,-0.00071956,0.060360,1047102345,520122843
2022-10-11T16:00:00Z,-0.00041153,0.060210,821075196,404115415
2022-10-12T00:00:00Z,-0.00060549,0.060260,957323306,485049960
2022-10-12T08:00:00Z,0,0.060020,775796296,374425816
2022-10-12T16:00:00Z,-0.00029222,0.059780,423662682,214587206
2022-10-13T00:00:00Z,-0.00077764,0.057590,1138409523,506504864
2022-10-13T08:00:00Z,-0.00052342,0.058260,2047278074,970525154
2022-10-13T16:00:00Z,-0.00063694,0.059580,1511935928,777437809
2022-10-14T00:00:00Z,-0.00035270,0.060060,857491660,411380297
2022-10-14T08:00:00Z,-0.00058766,0.059230,971676465,460803647
2022-10-14T16:00:00Z,-0.00042749,0.058600,556340695,260927592
2022-10-15T00:00:00Z,-0.00055890,0.058720,296713812,144285593
2022-10-15T08:00:00Z,-0.00061908,0.059090,778570047,392091438
2022-10-15T16:00:00Z,-0.00035996,0.058530,449794042,214264197
2022-10-16T00:00:00Z,-0.00002101,0.058990,348631735,182676640
2022-10-16T08:00:00Z,-0.00033099,0.058880,329074549,159460434
2022-10-16T16:00:00Z,-0.00047685,0.058860,516598841,241092885
2022-10-17T00:00:00Z,0.00000352,0.059340,416448162,209646066
2022-10-17T08:00:00Z,-0.00026514,0.059850,656161283,323121251
2022-10-17T16:00:00Z,-0.00008524,0.059940,445707805,218029981
2022-10-18T00:00:00Z,-0.00068936,0.059860,614692111,311651196
2022-10-18T08:00:00Z,-0.00072026,0.058860,688852823,318642477
2022-10-18T16:00:00Z,-0.00046231,0.059730,1739935801,880464358
2022-10-19T00:00:00Z,0,0.059470,833782707,393410468
2022-10-19T08:00:00Z,-0.00080943,0.059070,756041480,367371482
2022-10-19T16:00:00Z,-0.00042439,0.058620,2166697258,1052630197
2022-10-20T00:00:00Z,-0.00041234,0.059720,817119057,398259472
2022-10-20T08:00:00Z,-0.00048765,0.059870,727807019,358910944
2022-10-20T16:00:00Z,-0.00041460,0.059390,1048717827,518194665
2022-10-21T00:00:00Z,-0.00052654,0.058600,576969186,266020275
2022-10-21T08:00:00Z,-0.00050512,0.058960,1246203797,580662107
2022-10-21T16:00:00Z,-0.00017449,0.059310,499285728,264678007
2022-10-22T00:00:00Z,-0.00071872,0.059200,398847161,203835619
2022-10-22T08:00:00Z,-0.00035885,0.059560,398380139,209604097
2022-10-22T16:00:00Z,-0.00051498,0.059660,316545699,160484914
2022-10-23T00:00:00Z,-0.00029754,0.059310,323478054,157946487
2022-10-23T08:00:00Z,-0.00025384,0.059300,452014473,198751392
2022-10-23T16:00:00Z,-0.00014931,0.060350,688286917,378926353
2022-10-24T00:00:00Z,-0.00069229,0.059340,810524990,367983513
2022-10-24T08:00:00Z,-0.00035316,0.059160,852940765,403430123
2022-10-24T16:00:00Z,-0.00043287,0.059400,805879765,412078999
2022-10-25T00:00:00Z,-0.00061969,0.060010,1095007825,544126337
2022-10-25T08:00:00Z,-0.00052062,0.061090,1544948152,800106687
2022-10-25T16:00:00Z,-0.00061794,0.062990,3272413343,1652371723
2022-10-26T00:00:00Z,-0.00057594,0.065480,3363635725,1704965332
2022-10-26T08:00:00Z,-0.00018089,0.067830,6125349071,3046383459
2022-10-26T16:00:00Z,-0.00013178,0.072620,10763759077,5383987939
2022-10-27T00:00:00Z,0,0.077980,15522763641,7779045497
2022-10-27T08:00:00Z,-0.00046874,0.077660,15101015755,7428975867
2022-10-27T16:00:00Z,-0.00024149,0.076840,19786514080,9828554698
2022-10-28T00:00:00Z,-0.00014560,0.074060,10468458170,5066195800
2022-10-28T08:00:00Z,-0.00062968,0.085260,35173224250,17837995526
2022-10-28T16:00:00Z,-0.00091245,0.083810,15201832483,7591632481
2022-10-29T00:00:00Z,-0.00135933,0.092520,14169076791,7386886714
2022-10-29T08:00:00Z,-0.00021888,0.132210,56081107655,28743866841
2022-10-29T16:00:00Z,-0.00063412,0.121710,43397934171,21386112597
2022-10-30T00:00:00Z,-0.00003643,0.130260,23027152176,11349312440
2022-10-30T08:00:00Z,-0.00042847,0.112600,26175105259,12790116280
2022-10-30T16:00:00Z,-0.00023566,0.117680,14316357840,7222780480
2022-10-31T00:00:00Z,-0.00019253,0.117600,15973535559,7929932459
2022-10-31T08:00:00Z,-0.00053288,0.126770,22562167144,11296345295
2022-10-31T16:00:00Z,-0.00080961,0.126760,17765378915,8794905133
2022-11-01T00:00:00Z,-0.00074982,0.145410,25190552504,12733249869
2022-11-01T08:00:00Z,-0.00079995,0.138950,34055818211,16803676262
2022-11-01T16:00:00Z,-0.00013758,0.142000,13949396629,7045898660
2022-11-02T00:00:00Z,-0.00070948,0.137350,18882756014,9220186664
2022-11-02T08:00:00Z,-0.00050889,0.129880,12882382890,6244300254
2022-11-02T16:00:00Z,-0.00051500,0.127600,17862744300,8724362561
2022-11-03T00:00:00Z,-0.00070978,0.130850,7624274379,3838857621
2022-11-03T08:00:00Z,-0.00057865,0.131100,9674616402,4745935724
2022-11-03T16:00:00Z,-0.00092275,0.122500,6725546812,3146770121
2022-11-04T00:00:00Z,0,0.122830,9866902698,4845534841
2022-11-04T08:00:00Z,-0.00007266,0.122840,11894270705,5758775699
2022-11-04T16:00:00Z,-0.00017290,0.126030,5427331299,2727776457
2022-11-05T00:00:00Z,-0.00040076,0.131940,7552553134,3732952270
2022-11-05T08:00:00Z,-0.00079108,0.126510,5663870223,2674061857
2022-11-05T16:00:00Z,-0.00050676,0.124380,3488690244,1617742786
2022-11-06T00:00:00Z,-0.00042795,0.123760,2996658900,1456354815
2022-11-06T08:00:00Z,-0.00069305,0.124580,3816088088,1876559973
2022-11-06T16:00:00Z,-0.00078307,0.114660,5917921277,2653906665
2022-11-07T00:00:00Z,0,0.113240,4669262203,2248902033
2022-11-07T08:00:00Z,-0.00043936,0.116400,5221624350,2616935187
2022-11-07T16:00:00Z,-0.00047881,0.111160,5921446075,2849675040
2022-11-08T00:00:00Z,-0.00071106,0.102650,11651748704,5568965367
2022-11-08T08:00:00Z,-0.00032824,0.099330,8599518493,4126909506
2022-11-08T16:00:00Z,-0.00126059,0.088190,22309689127,10828025921
2022-11-09T00:00:00Z,0,0.086770,8099869782,3960776781
2022-11-09T08:00:00Z,0,0.083980,14755257527,7225012672
2022-11-09T16:00:00Z,0,0.074450,13834257882,6829061125
2022-11-10T00:00:00Z,0,0.082910,7990576635,3982653881
2022-11-10T08:00:00Z,-0.00063342,0.091270,10736643825,5390074212
2022-11-10T16:00:00Z,0,0.089720,6026080598,2942624036
2022-11-11T00:00:00Z,-0.00137040,0.087840,4709493881,2256144116
2022-11-11T08:00:00Z,-0.00067731,0.082910,6688709301,3256096950
2022-11-11T16:00:00Z,-0.00048557,0.085040,3227105930,1593711192
2022-11-12T00:00:00Z,0,0.087500,6082184379,3016787676
2022-11-12T08:00:00Z,-0.00038111,0.091710,14647673859,7259578393
2022-11-12T16:00:00Z,-0.00071221,0.088090,5800723616,2852650836
2022-11-13T00:00:00Z,-0.00029828,0.087540,5202711681,2528415249
2022-11-13T08:00:00Z,-0.00039245,0.086560,5321201743,2615342239
2022-11-13T16:00:00Z,-0.00006976,0.084920,3387981599,1654475724
2022-11-14T00:00:00Z,-0.00075705,0.087710,6992763147,3477268663
2022-11-14T08:00:00Z,-0.00065782,0.085510,7059328708,3449859344
2022-11-14T16:00:00Z,0,0.085910,3131516974,1545479215
2022-11-15T00:00:00Z,-0.00077453,0.087990,2715518292,1352927213
2022-11-15T08:00:00Z,-0.00059286,0.088330,3944680428,1936903159
2022-11-15T16:00:00Z,-0.00041938,0.087020,2456190997,1174338726
2022-11-16T00:00:00Z,0,0.088830,3662170901,1825791881
2022-11-16T08:00:00Z,-0.00111721,0.084210,5201956580,2427338404
2022-11-16T16:00:00Z,-0.00100543,0.085430,1964747375,962179185
2022-11-17T00:00:00Z,-0.00021889,0.085910,2604347821,1277356957
2022-11-17T08:00:00Z,-0.00076077,0.084010,3565934450,1713539718
2022-11-17T16:00:00Z,-0.00080882,0.084610,1751716111,861808912
2022-11-18T00:00:00Z,0.00002085,0.085220,2067255982,1056390669
2022-11-18T08:00:00Z,-0.00047910,0.084840,1920204399,943396903
2022-11-18T16:00:00Z,-0.00039914,0.084690,1346386264,654407169
2022-11-19T00:00:00Z,-0.00057104,0.083560,1392908136,668059170
2022-11-19T08:00:00Z,-0.00047840,0.084210,1293131447,638745185
2022-11-19T16:00:00Z,-0.00054806,0.084490,984304480,504859200
2022-11-20T00:00:00Z,-0.00030323,0.085130,1399613191,728005396
2022-11-20T08:00:00Z,-0.00063913,0.081970,2984112231,1364082214
2022-11-20T16:00:00Z,-0.00053666,0.077010,3464738331,1583875067
2022-11-21T00:00:00Z,0,0.075820,4313876593,2110501227
2022-11-21T08:00:00Z,-0.00057072,0.075960,3583840697,1813945044
2022-11-21T16:00:00Z,-0.00017447,0.074640,5370351095,2621318670
2022-11-22T00:00:00Z,-0.00036169,0.074530,3206476199,1623255335
2022-11-22T08:00:00Z,-0.00050528,0.078720,4824016544,2507263371
2022-11-22T16:00:00Z,-0.00019714,0.078720,1937114997,972795563
2022-11-23T00:00:00Z,-0.00098995,0.081740,3619005400,1835508848
2022-11-23T08:00:00Z,-0.00044855,0.080320,2934368863,1401600776
2022-11-23T16:00:00Z,-0.00028914,0.081930,1869840213,957159271
2022-11-24T00:00:00Z,-0.00004334,0.081990,2438536930,1222824475
2022-11-24T08:00:00Z,-0.00018547,0.081310,1557897667,756437559
2022-11-24T16:00:00Z,-0.00059092,0.081410,951914530,479124200
2022-11-25T00:00:00Z,-0.00034154,0.082260,2371684337,1179394022
2022-11-25T08:00:00Z,-0.00064096,0.088120,10492363515,5350133318
2022-11-25T16:00:00Z,-0.00002978,0.089430,4687217266,2370133593
2022-11-26T00:00:00Z,-0.00023006,0.092090,7059808424,3604212366
2022-11-26T08:00:00Z,-0.00067194,0.090940,5339585222,2634672341
2022-11-26T16:00:00Z,-0.00044656,0.088860,2720974528,1288361897
2022-11-27T00:00:00Z,0,0.096890,7124563108,3688682668
2022-11-27T08:00:00Z,-0.00058319,0.103160,16392047633,8183703790
2022-11-27T16:00:00Z,-0.00022483,0.098640,7852192290,3815702168
2022-11-28T00:00:00Z,-0.00058785,0.095540,10082196930,4881691004
2022-11-28T08:00:00Z,-0.00050724,0.093230,5828861684,2845116389
2022-11-28T16:00:00Z,-0.00066133,0.095070,7646416700,3846275504
2022-11-29T00:00:00Z,-0.00010444,0.102320,9360220143,4805758868
2022-11-29T08:00:00Z,-0.00060868,0.101550,9165291364,4516355249
2022-11-29T16:00:00Z,-0.00093461,0.101410,4649533417,2312802508
2022-11-30T00:00:00Z,-0.00096021,0.106160,8492988854,4295948154
2022-11-30T08:00:00Z,-0.00029646,0.104120,4728437682,2297108950
2022-11-30T16:00:00Z,-0.00000586,0.106710,7739221994,3855192129
2022-12-01T00:00:00Z,-0.00129138,0.102570,4844220481,2317953786
2022-12-01T08:00:00Z,-0.00066867,0.101870,6785710873,3326517017
2022-12-01T16:00:00Z,-0.00060284,0.101680,2688535651,1292394871
2022-12-02T00:00:00Z,-0.00105856,0.099300,4752439353,2260126304
2022-12-02T08:00:00Z,-0.00073647,0.098820,5180329390,2531636148
2022-12-02T16:00:00Z,-0.00044128,0.102020,3022878219,1526342748
2022-12-03T00:00:00Z,-0.00035895,0.098950,3472242131,1631119293
2022-12-03T08:00:00Z,-0.00051662,0.101580,4055962880,2064649401
2022-12-03T16:00:00Z,-0.00024354,0.099650,2995925045,1439767074
2022-12-04T00:00:00Z,-0.00009618,0.103430,4716323567,2423809906
2022-12-04T08:00:00Z,-0.00038923,0.103450,5231942533,2592986367
2022-12-04T16:00:00Z,-0.00119948,0.103980,2571904050,1301641710
2022-12-05T00:00:00Z,-0.00071108,0.103880,2913295170,1446531950
2022-12-05T08:00:00Z,-0.00076157,0.102930,8515148520,4118628543
2022-12-05T16:00:00Z,-0.00048342,0.101430,3093841499,1456928124
2022-12-06T00:00:00Z,-0.00054403,0.100870,2195116382,1049599395
2022-12-06T08:00:00Z,-0.00040074,0.099860,3176672185,1520588500
2022-12-06T16:00:00Z,-0.00076338,0.100120,2521328308,1221273992
2022-12-07T00:00:00Z,-0.00043406,0.095000,3790445461,1779909279
2022-12-07T08:00:00Z,-0.00075759,0.095980,2800610525,1345103911
2022-12-07T16:00:00Z,-0.00039657,0.095700,1787149571,889155662
2022-12-08T00:00:00Z,-0.00015755,0.096950,2261121431,1140165229
2022-12-08T08:00:00Z,-0.00057035,0.096910,2828419054,1402665610
2022-12-08T16:00:00Z,-0.00086580,0.098430,2282067796,1173026047
2022-12-09T00:00:00Z,-0.00066903,0.098150,1420311778,677569647
2022-12-09T08:00:00Z,-0.00061639,0.097210,2552378843,1261947082
2022-12-09T16:00:00Z,-0.00054697,0.096660,1357413887,657353298
2022-12-10T00:00:00Z,-0.00062201,0.096580,981314697,499539668
2022-12-10T08:00:00Z,-0.00065162,0.097180,1063402324,536519702
2022-12-10T16:00:00Z,-0.00046302,0.096270,940605740,476222383
2022-12-11T00:00:00Z,-0.00045228,0.096850,586425504,286934829
2022-12-11T08:00:00Z,-0.00073859,0.096210,824667832,375083457
2022-12-11T16:00:00Z,-0.00045975,0.092620,2392497782,1066541933
2022-12-12T00:00:00Z,-0.00044288,0.088000,5100611479,2370963924
2022-12-12T08:00:00Z,-0.00034489,0.088420,2891278311,1449721152
2022-12-12T16:00:00Z,-0.00068848,0.090220,2133021629,1052665827
2022-12-13T00:00:00Z,-0.00025779,0.088340,2913394707,1417964582
2022-12-13T08:00:00Z,-0.00036745,0.091970,5665048773,2851787734
2022-12-13T16:00:00Z,-0.00042275,0.091000,2988759868,1442709795
2022-12-14T00:00:00Z,-0.00060014,0.090960,1442480846,702318482
2022-12-14T08:00:00Z,-0.00060223,0.091640,2184467454,1107493634
2022-12-14T16:00:00Z,-0.00035358,0.088210,4260438954,2072110064
2022-12-15T00:00:00Z,-0.00018285,0.087580,1780015253,865351102
2022-12-15T08:00:00Z,-0.00009859,0.087240,1976943317,1005653494
2022-12-15T16:00:00Z,-0.00034256,0.084800,2520578161,1195335155
2022-12-16T00:00:00Z,-0.00096689,0.086450,1438988316,760310510
2022-12-16T08:00:00Z,-0.00034239,0.081580,4905382671,2346649133
2022-12-16T16:00:00Z,-0.00143973,0.075650,5332510238,2519318147
2022-12-17T00:00:00Z,0.00003676,0.077920,3489660202,1766363166
2022-12-17T08:00:00Z,-0.00037552,0.077630,2287207083,1134766963
2022-12-17T16:00:00Z,-0.00072018,0.079130,2091688147,1023552176
2022-12-18T00:00:00Z,-0.00083819,0.079180,1671569947,810623088
2022-12-18T08:00:00Z,-0.00090570,0.077800,1716056324,821407827
2022-12-18T16:00:00Z,-0.00050592,0.078430,1836128907,944138983
2022-12-19T00:00:00Z,-0.00051720,0.077540,2296570427,1110987817
2022-12-19T08:00:00Z,-0.00046975,0.076240,2730415685,1336750878
2022-12-19T16:00:00Z,-0.00073080,0.071300,6888882491,3252404290
2022-12-20T00:00:00Z,-0.00036435,0.074310,4155894938,2160099301
2022-12-20T08:00:00Z,-0.00101552,0.074550,3582506940,1800831897
2022-12-20T16:00:00Z,-0.00084661,0.074780,2172424974,1069754507
2022-12-21T00:00:00Z,-0.00083588,0.072530,3079195081,1480257325
2022-12-21T08:00:00Z,0,0.073330,2569391421,1272615161
2022-12-21T16:00:00Z,-0.00053644,0.073660,1436716113,734764177
2022-12-22T00:00:00Z,-0.00017846,0.073600,1237366719,611892274
2022-12-22T08:00:00Z,0.00000025,0.074530,6956333742,3505793917
2022-12-22T16:00:00Z,-0.00064437,0.076820,3819117388,1931437300
2022-12-23T00:00:00Z,-0.00015653,0.078450,3353169229,1706422949
2022-12-23T08:00:00Z,-0.00101414,0.077160,4080401192,1994650530
2022-12-23T16:00:00Z,-0.00083054,0.077150,1498326644,740792849
2022-12-24T00:00:00Z,0,0.077450,1159309705,592535507
2022-12-24T08:00:00Z,-0.00073470,0.077230,909407453,435603219
2022-12-24T16:00:00Z,-0.00122087,0.077470,1113602498,550006510
2022-12-25T00:00:00Z,-0.00032942,0.076850,923668054,427205584
2022-12-25T08:00:00Z,-0.00083088,0.074850,3332789571,1588278156
2022-12-25T16:00:00Z,-0.00087405,0.075950,3299447585,1631378676
2022-12-26T00:00:00Z,-0.00039279,0.075510,1466338065,706466974
2022-12-26T08:00:00Z,-0.00029979,0.075520,1414971505,715251318
2022-12-26T16:00:00Z,-0.00072688,0.075660,1489004311,722313709
2022-12-27T00:00:00Z,-0.00075092,0.074880,1354705989,651565595
2022-12-27T08:00:00Z,-0.00047981,0.074050,2250511085,1117159888
2022-12-27T16:00:00Z,-0.00030881,0.073680,1911494755,932961079
2022-12-28T00:00:00Z,-0.00073799,0.071000,4647864657,2179823907
2022-12-28T08:00:00Z,-0.00025681,0.071300,3325149110,1656579084
2022-12-28T16:00:00Z,-0.00098437,0.070340,2302447969,1089312704
2022-12-29T00:00:00Z,-0.00015811,0.070850,1830692194,957435205
2022-12-29T08:00:00Z,-0.00057981,0.071080,2096088937,1078719213
2022-12-29T16:00:00Z,-0.00093373,0.070890,2595868789,1272453888
2022-12-30T00:00:00Z,-0.00083520,0.067680,3458176889,1562603612
2022-12-30T08:00:00Z,-0.00032243,0.067630,3724579341,1825830643
2022-12-30T16:00:00Z,-0.00028238,0.068370,2050091775,1036140708
2022-12-31T00:00:00Z,-0.00094833,0.069130,1663400734,884600439
2022-12-31T08:00:00Z,-0.00032474,0.070600,3512809108,1794589778
2022-12-31T16:00:00Z,0.00024380,0.070210,1597718441,776986652
2023-01-01T00:00:00Z,-0.00042750,0.069430,1669731795,827418302
2023-01-01T08:00:00Z,-0.00090372,0.069720,1183208923,602301354
2023-01-01T16:00:00Z,-0.00053380,0.070200,1576299772,789522821
2023-01-02T00:00:00Z,-0.00077881,0.071780,3139763163,1618251052
2023-01-02T08:00:00Z,-0.00043978,0.072360,2562592226,1280275017
2023-01-02T16:00:00Z,-0.00063997,0.071350,1401501214,660709929
2023-01-03T00:00:00Z,-0.00052797,0.071930,1543614101,771838794
2023-01-03T08:00:00Z,0.00026420,0.070930,2234084331,1092636019
2023-01-03T16:00:00Z,-0.00039554,0.070460,2080337244,997335884
2023-01-04T00:00:00Z,-0.00004382,0.072570,3035860355,1563591740
2023-01-04T08:00:00Z,0.00030458,0.072380,2191589682,1092772049
2023-01-04T16:00:00Z,-0.00117622,0.073080,2757906816,1377084605
2023-01-05T00:00:00Z,0,0.073810,3559496199,1744400486
2023-01-05T08:00:00Z,-0.00036830,0.072380,2699529048,1295888265
2023-01-05T16:00:00Z,-0.00053281,0.071480,1810116506,813260700
2023-01-06T00:00:00Z,0.00006801,0.070970,1669644415,824107086
2023-01-06T08:00:00Z,-0.00033356,0.071410,3162926387,1535464439
2023-01-06T16:00:00Z,-0.00088994,0.072380,2172756773,1067531082
2023-01-07T00:00:00Z,0.00014647,0.072640,1077700141,543593125
2023-01-07T08:00:00Z,-0.00001252,0.072230,1147065917,565953180
2023-01-07T16:00:00Z,-0.00018231,0.072180,716858674,357993126
2023-01-08T00:00:00Z,0,0.071770,906146512,447789180
2023-01-08T08:00:00Z,-0.00003721,0.072420,1231151880,635607048
2023-01-08T16:00:00Z,0.00022280,0.073610,2389561706,1171218898
2023-01-09T00:00:00Z,0.00016110,0.074940,4078114116,2013029355
2023-01-09T08:00:00Z,0.00045193,0.078220,6050649935,3029128439
2023-01-09T16:00:00Z,-0.00029070,0.075660,4149574607,1934982802
2023-01-10T00:00:00Z,0.00027266,0.075750,2653419195,1273838684
2023-01-10T08:00:00Z,0.00060041,0.076660,3718402558,1840993709
2023-01-10T16:00:00Z,0.00028017,0.077850,2069357585,1018491452
2023-01-11T00:00:00Z,0.00007125,0.077060,1997597029,979245099
2023-01-11T08:00:00Z,-0.00037354,0.075090,2200488108,1026441333
2023-01-11T16:00:00Z,0,0.078140,2827697158,1406656331
2023-01-12T00:00:00Z,0.00085762,0.079170,3993289482,2020281187
2023-01-12T08:00:00Z,-0.00000525,0.077260,4341541042,2044439897
2023-01-12T16:00:00Z,0.00020831,0.080260,3786663478,1912372578
2023-01-13T00:00:00Z,0.00018642,0.080040,2205838125,1083068000
2023-01-13T08:00:00Z,-0.00008568,0.080390,3020755105,1470743444
2023-01-13T16:00:00Z,0.00004694,0.084530,4036365375,2075044513
2023-01-14T00:00:00Z,0.00100031,0.089150,6160133747,2997771857
2023-01-14T08:00:00Z,0.00105446,0.087020,6265836187,2988532043
2023-01-14T16:00:00Z,0.00101361,0.087320,2064826732,980708949
2023-01-15T00:00:00Z,0.00084555,0.084450,2424567112,1157582834
2023-01-15T08:00:00Z,0.00096330,0.085910,2287717122,1139205641
2023-01-15T16:00:00Z,0.00105608,0.086150,2414915849,1202800261
2023-01-16T00:00:00Z,0.00150728,0.086410,2728320833,1307765487
2023-01-16T08:00:00Z,0.00045375,0.083620,3272059127,1532988975
2023-01-16T16:00:00Z,0.00036449,0.083720,1846407458,903940940
2023-01-17T00:00:00Z,0.00069969,0.084240,1711649934,859983011
2023-01-17T08:00:00Z,-0.00001141,0.083620,2241350186,1049440754
2023-01-17T16:00:00Z,-0.00024353,0.082840,1600627898,775480900
2023-01-18T00:00:00Z,0,0.087110,5300968180,2630419608
2023-01-18T08:00:00Z,-0.00045499,0.084830,4913077726,2312451228
2023-01-18T16:00:00Z,-0.00036975,0.079980,5890446443,2773163633
2023-01-19T00:00:00Z,0,0.080920,1464206537,705227121
2023-01-19T08:00:00Z,-0.00037460,0.080970,2181305637,1057340321
2023-01-19T16:00:00Z,0,0.081600,1827976631,915762905
2023-01-20T00:00:00Z,0.00040297,0.080870,1489815250,704566113
2023-01-20T08:00:00Z,-0.00005068,0.081520,1228509272,603570909
2023-01-20T16:00:00Z,0.00052852,0.086230,4395066276,2270276051
2023-01-21T00:00:00Z,0.00009490,0.086880,2364222306,1150938912
2023-01-21T08:00:00Z,0,0.086330,4218047774,2014769271
2023-01-21T16:00:00Z,0.00099029,0.084720,2288002316,1047774118
2023-01-22T00:00:00Z,0.00023717,0.085640,1267173822,625016694
2023-01-22T08:00:00Z,0.00098540,0.086650,2523359039,1218452292
2023-01-22T16:00:00Z,0.00022938,0.088280,7020687562,3448787097
2023-01-23T00:00:00Z,0.00060455,0.089360,2810159855,1385270153
2023-01-23T08:00:00Z,0.00066347,0.088230,3828218714,1791374706
2023-01-23T16:00:00Z,0.00083944,0.088600,2135035422,1023480764
2023-01-24T00:00:00Z,0.00055010,0.089920,1981623554,988802177
2023-01-24T08:00:00Z,0.00062569,0.088670,2223007002,1044100585
2023-01-24T16:00:00Z,0.00001121,0.083900,3235542363,1459698158
2023-01-25T00:00:00Z,0,0.084770,2037588883,996363203
2023-01-25T08:00:00Z,-0.00048066,0.083810,2306297610,1086585939
2023-01-25T16:00:00Z,0.00073875,0.086590,3404103702,1677558747
2023-01-26T00:00:00Z,-0.00029524,0.086130,1672292300,797123510
2023-01-26T08:00:00Z,0,0.085760,2277577237,1094565450
2023-01-26T16:00:00Z,0,0.086380,1549050773,749717090
2023-01-27T00:00:00Z,0.00050458,0.085890,1410312471,676789378
2023-01-27T08:00:00Z,0.00005375,0.085650,1513537297,723238853
2023-01-27T16:00:00Z,0.00064264,0.087290,1910696329,933167075
2023-01-28T00:00:00Z,0.00091099,0.090130,4199832214,2104184037
2023-01-28T08:00:00Z,0.00039006,0.088540,2765973898,1255189926
2023-01-28T16:00:00Z,-0.00021933,0.087740,1108337506,527415094
2023-01-29T00:00:00Z,0.00014967,0.088610,1601437837,772053168
2023-01-29T08:00:00Z,0.00022339,0.089880,2237468825,1103799051
2023-01-29T16:00:00Z,0.00069249,0.090170,2069252170,978330543
2023-01-30T00:00:00Z,0.00089507,0.088390,1613309493,734258356
2023-01-30T08:00:00Z,0.00026382,0.086730,3006615153,1456196597
2023-01-30T16:00:00Z,-0.00024455,0.088310,6517998744,3183338624
2023-01-31T00:00:00Z,0.00076377,0.095150,8632638085,4312187866
2023-01-31T08:00:00Z,0.00048627,0.093250,6382214571,3026254206
2023-01-31T16:00:00Z,0.00074549,0.096170,7504122286,3792309964
2023-02-01T00:00:00Z,0.00035889,0.092510,3759810529,1748730876
2023-02-01T08:00:00Z,0.00016502,0.089540,3828882398,1754581049
2023-02-01T16:00:00Z,0.00082068,0.094120,6599536494,3186888817
2023-02-02T00:00:00Z,0.00133470,0.093180,2767778838,1339361251
2023-02-02T08:00:00Z,0.00052801,0.093170,2989719134,1346036136
2023-02-02T16:00:00Z,0.00070242,0.091020,3025272829,1418438695
2023-02-03T00:00:00Z,0.00111119,0.091370,1448580134,700011288
2023-02-03T08:00:00Z,0.00105410,0.092300,2486434595,1201916122
2023-02-03T16:00:00Z,0.00056056,0.093010,2345063283,1160801385
2023-02-04T00:00:00Z,0.00053595,0.093740,2942625992,1434617383
2023-02-04T08:00:00Z,0.00054658,0.094110,2367997370,1114159964
2023-02-04T16:00:00Z,0.00008015,0.095740,7402028563,3615768109
2023-02-05T00:00:00Z,0.00073845,0.095650,2462168029,1161285940
2023-02-05T08:00:00Z,0,0.091970,3956874322,1829400734
2023-02-05T16:00:00Z,-0.00005711,0.092040,2380272501,1162435028
2023-02-06T00:00:00Z,-0.00033003,0.093180,1539159570,751691781
2023-02-06T08:00:00Z,0.00062186,0.092400,1494268992,707229607
2023-02-06T16:00:00Z,-0.00061580,0.089540,2261278223,1041851383
2023-02-07T00:00:00Z,-0.00024523,0.090850,965190398,478693903
2023-02-07T08:00:00Z,0.00046075,0.090600,1363307183,641668320
2023-02-07T16:00:00Z,-0.00061332,0.092530,2619101054,1305713345
2023-02-08T00:00:00Z,-0.00005420,0.092160,1249834063,608690381
2023-02-08T08:00:00Z,0,0.090250,1942252802,929229014
2023-02-08T16:00:00Z,0,0.090170,2139519720,1003577778
2023-02-09T00:00:00Z,-0.00042861,0.087830,2948330465,1392663379
2023-02-09T08:00:00Z,0,0.087910,1653832671,823203106
2023-02-09T16:00:00Z,-0.00020792,0.081440,5669502575,2594042835
2023-02-10T00:00:00Z,-0.00014970,0.082330,1810354302,921058879
2023-02-10T08:00:00Z,0.00008757,0.081560,2159218154,1064453071
2023-02-10T16:00:00Z,-0.00092320,0.080800,2550767170,1249110333
2023-02-11T00:00:00Z,-0.00002312,0.081670,996077200,519394305
2023-02-11T08:00:00Z,-0.00055039,0.082130,922465101,452271967
2023-02-11T16:00:00Z,-0.00045903,0.082220,874333171,425652633
2023-02-12T00:00:00Z,-0.00072696,0.081680,546227267,268634993
2023-02-12T08:00:00Z,-0.00009179,0.084020,3631765947,1843386284
2023-02-12T16:00:00Z,-0.00027743,0.082110,1984391807,930055966
2023-02-13T00:00:00Z,-0.00017200,0.083900,4217911138,2113230139
2023-02-13T08:00:00Z,-0.00018280,0.080980,3747545361,1772796001
2023-02-13T16:00:00Z,-0.00083760,0.082020,2261519362,1087909162
2023-02-14T00:00:00Z,-0.00006440,0.081730,815995748,414837870
2023-02-14T08:00:00Z,0,0.082790,3445224475,1670850771
2023-02-14T16:00:00Z,0,0.083580,1630544209,822039561
2023-02-15T00:00:00Z,0,0.085940,5091335711,2540850335
2023-02-15T08:00:00Z,-0.00063986,0.085960,3082186437,1492908636
2023-02-15T16:00:00Z,-0.00045672,0.089250,3106129762,1583021636
2023-02-16T00:00:00Z,0.00151662,0.089080,2892546557,1401725396
2023-02-16T08:00:00Z,0.00051301,0.089180,2794320537,1360800510
2023-02-16T16:00:00Z,0.00039489,0.084900,5299521821,2510948107
2023-02-17T00:00:00Z,-0.00009339,0.086270,1604607000,790256013
2023-02-17T08:00:00Z,0,0.086970,1885033197,897426247
2023-02-17T16:00:00Z,0.00043237,0.087770,2311188607,1131809464
2023-02-18T00:00:00Z,0.00137373,0.087600,1110681365,527859674
2023-02-18T08:00:00Z,0.00019231,0.087810,1141406226,540967898
2023-02-18T16:00:00Z,0.00057021,0.088880,2595368456,1275252922
2023-02-19T00:00:00Z,0.00060462,0.088140,1214552586,578769209
2023-02-19T08:00:00Z,0.00109973,0.089280,1737885938,863772120
2023-02-19T16:00:00Z,0.00047003,0.087040,2845009918,1341417828
2023-02-20T00:00:00Z,0,0.088090,1404030663,679976809
2023-02-20T08:00:00Z,0.00082258,0.088310,1819757751,880986946
2023-02-20T16:00:00Z,0.00034140,0.088350,1098140980,529753424
2023-02-21T00:00:00Z,0.00069476,0.088080,1209474893,593601060
2023-02-21T08:00:00Z,0.00036336,0.086070,2507731790,1199409195
2023-02-21T16:00:00Z,0.00012140,0.085460,1884708967,876522571
2023-02-22T00:00:00Z,0,0.084350,1881686963,901239219
2023-02-22T08:00:00Z,-0.00001003,0.083220,6236131487,3125380301
2023-02-22T16:00:00Z,0.00015371,0.085500,1791207705,885519540
2023-02-23T00:00:00Z,0.00022155,0.085640,1321804383,643629041
2023-02-23T08:00:00Z,0.00034401,0.084800,2002854529,981290645
2023-02-23T16:00:00Z,-0.00013099,0.084230,1063379802,521020533
2023-02-24T00:00:00Z,0,0.084660,959383095,484980928
2023-02-24T08:00:00Z,-0.00066670,0.081750,2195964592,1021085296
2023-02-24T16:00:00Z,-0.00023551,0.080880,2530644093,1184429137
2023-02-25T00:00:00Z,-0.00027313,0.081600,876981736,452849363
2023-02-25T08:00:00Z,-0.00000669,0.081180,1048099892,504214046
2023-02-25T16:00:00Z,-0.00069813,0.080710,1610958006,778611399
2023-02-26T00:00:00Z,-0.00046960,0.081100,571355760,286212417
2023-02-26T08:00:00Z,-0.00027704,0.081480,634660910,311824498
2023-02-26T16:00:00Z,-0.00032625,0.082130,1087334463,521450878
2023-02-27T00:00:00Z,-0.00026476,0.081120,799806491,382368194
2023-02-27T08:00:00Z,-0.00025722,0.081360,1563417203,770550761
2023-02-27T16:00:00Z,-0.00011486,0.081340,1477471816,718924943
2023-02-28T00:00:00Z,-0.00091027,0.081120,1715869686,859826658
2023-02-28T08:00:00Z,0.00005532,0.081990,1195859842,591095741
2023-02-28T16:00:00Z,-0.00005693,0.080830,2015070528,973350025
2023-03-01T00:00:00Z,-0.00005074,0.082310,1051559831,520577506
2023-03-01T08:00:00Z,0,0.082000,1093641119,521340612
2023-03-01T16:00:00Z,-0.00057974,0.081900,874488652,434152577
2023-03-02T00:00:00Z,-0.00035810,0.080830,893042728,418519425
2023-03-02T08:00:00Z,0,0.080290,1169348452,561712525
2023-03-02T16:00:00Z,-0.00046694,0.080560,712789833,359280368
2023-03-03T00:00:00Z,-0.00031810,0.075690,3842986292,1741266194
2023-03-03T08:00:00Z,-0.00036485,0.076030,1294576828,625376083
2023-03-03T16:00:00Z,-0.00010592,0.076820,1069475805,522739936
2023-03-04T00:00:00Z,-0.00076097,0.076380,727384864,349073315
2023-03-04T08:00:00Z,-0.00060959,0.075700,552310927,265364332
2023-03-04T16:00:00Z,-0.00045313,0.074580,2044600967,982050486
2023-03-05T00:00:00Z,-0.00042858,0.075330,1231774956,623740756
2023-03-05T08:00:00Z,-0.00053808,0.075270,709324768,360087757
2023-03-05T16:00:00Z,-0.00043239,0.074710,812834373,392066174
2023-03-06T00:00:00Z,-0.00059279,0.073870,1272238052,618625378
2023-03-06T08:00:00Z,-0.00042543,0.074790,999162790,502595360
2023-03-06T16:00:00Z,-0.00035253,0.074760,769720116,383276947
2023-03-07T00:00:00Z,-0.00061475,0.074870,1368063724,675764219
2023-03-07T08:00:00Z,-0.00053392,0.073780,1787541294,856518388
2023-03-07T16:00:00Z,-0.00008232,0.074040,1101195186,545020822
2023-03-08T00:00:00Z,-0.00050319,0.072700,920304385,456888192
2023-03-08T08:00:00Z,-0.00060684,0.073560,1924044549,950854738
2023-03-08T16:00:00Z,-0.00005478,0.071080,1912850021,906088931
2023-03-09T00:00:00Z,-0.00022474,0.071510,1021742788,515623945
2023-03-09T08:00:00Z,-0.00052330,0.071760,1176487143,583695624
2023-03-09T16:00:00Z,-0.00068925,0.065900,5355414470,2426327533
2023-03-10T00:00:00Z,-0.00039522,0.065570,2067089458,1019437049
2023-03-10T08:00:00Z,-0.00058441,0.064940,3681204741,1773745917
2023-03-10T16:00:00Z,-0.00076794,0.065670,1400564633,688237330
2023-03-11T00:00:00Z,-0.00039621,0.063950,2934652602,1446947688
2023-03-11T08:00:00Z,-0.00033796,0.063860,1675342502,812656800
2023-03-11T16:00:00Z,-0.00059746,0.066010,1607327724,809651986
2023-03-12T00:00:00Z,-0.00035207,0.065850,1035666514,521754497
2023-03-12T08:00:00Z,-0.00080518,0.065440,781645642,391561357
2023-03-12T16:00:00Z,0.00016133,0.070500,3316220697,1702860249
2023-03-13T00:00:00Z,-0.00020481,0.070350,1824061420,906842438
2023-03-13T08:00:00Z,-0.00008313,0.072290,3854693145,1898724270
2023-03-13T16:00:00Z,-0.00038437,0.072760,1549768256,759309405
2023-03-14T00:00:00Z,-0.00042372,0.071870,1532712335,757890913
2023-03-14T08:00:00Z,0.00075820,0.077050,4392363989,2191603034
2023-03-14T16:00:00Z,0.00022237,0.074610,3040075956,1469224818
2023-03-15T00:00:00Z,0.00088290,0.075380,1509749266,752369826
2023-03-15T08:00:00Z,0.00039915,0.069590,3907514058,1861110692
2023-03-15T16:00:00Z,0,0.069600,2964424394,1437249079
2023-03-16T00:00:00Z,0.00011900,0.070490,1773832464,879107483
2023-03-16T08:00:00Z,-0.00047822,0.070890,2268296389,1090584364
2023-03-16T16:00:00Z,0,0.072530,2306924759,1198446562
2023-03-17T00:00:00Z,0.00017758,0.074660,2502079060,1275605576
2023-03-17T08:00:00Z,0.00046465,0.073660,2638734290,1293991897
2023-03-17T16:00:00Z,-0.00003470,0.076420,2200154550,1098280677
2023-03-18T00:00:00Z,0.00030936,0.077810,2660152492,1339084087
2023-03-18T08:00:00Z,0,0.074970,2884921797,1335174553
2023-03-18T16:00:00Z,0.00004013,0.072940,2799394969,1304593846
2023-03-19T00:00:00Z,-0.00007936,0.074030,1400643541,715464946
2023-03-19T08:00:00Z,-0.00077653,0.074950,1751473607,859417704
2023-03-19T16:00:00Z,0,0.074500,2264853419,1090471491
2023-03-20T00:00:00Z,0,0.074770,2260439451,1080290818
2023-03-20T08:00:00Z,-0.00073602,0.073330,1922251848,914135206
2023-03-20T16:00:00Z,-0.00019771,0.071330,2718495218,1256056519
2023-03-21T00:00:00Z,-0.00017800,0.071050,1272972134,625108542
2023-03-21T08:00:00Z,-0.00000832,0.074110,2918884599,1445233133
2023-03-21T16:00:00Z,-0.00024399,0.076600,4838877718,2408043666
2023-03-22T00:00:00Z,-0.00045049,0.075920,1904012237,929914296
2023-03-22T08:00:00Z,-0.00065022,0.077330,2864855020,1426542587
2023-03-22T16:00:00Z,-0.00020707,0.073820,4313956379,2031544366
2023-03-23T00:00:00Z,-0.00081705,0.075350,1230964708,611629830
2023-03-23T08:00:00Z,0,0.077950,5227702864,2595392919
2023-03-23T16:00:00Z,-0.00055576,0.077330,1962025846,1010920187
2023-03-24T00:00:00Z,-0.00022910,0.076490,966402002,460785409
2023-03-24T08:00:00Z,-0.00125932,0.074490,2537775475,1194338327
2023-03-24T16:00:00Z,-0.00066838,0.074480,1865566370,907885674
2023-03-25T00:00:00Z,-0.00059697,0.074740,1169821419,587745976
2023-03-25T08:00:00Z,-0.00079057,0.075150,964587650,470642433
2023-03-25T16:00:00Z,-0.00060906,0.073980,1237723842,549028464
2023-03-26T00:00:00Z,-0.00030837,0.074410,664136244,329225633
2023-03-26T08:00:00Z,-0.00023404,0.074020,1153761847,567138448
2023-03-26T16:00:00Z,-0.00072834,0.074310,1001743523,480912887
2023-03-27T00:00:00Z,-0.00012535,0.073320,885400009,428252616
2023-03-27T08:00:00Z,-0.00065012,0.072700,3501622567,1684655769
2023-03-27T16:00:00Z,-0.00060794,0.072840,1109339292,519650071
2023-03-28T00:00:00Z,-0.00025804,0.072340,1182806235,567499051
2023-03-28T08:00:00Z,0,0.072750,1174384591,578353467
2023-03-28T16:00:00Z,-0.00053978,0.073780,1211972838,642913900
2023-03-29T00:00:00Z,-0.00058023,0.076240,1533186980,788923383
2023-03-29T08:00:00Z,-0.00003012,0.075750,1843952353,901078144
2023-03-29T16:00:00Z,-0.00064807,0.075530,1060546939,545175411
2023-03-30T00:00:00Z,-0.00026632,0.075350,1913395357,941083457
2023-03-30T08:00:00Z,-0.00019498,0.074770,1021437295,484367403
2023-03-30T16:00:00Z,-0.00080851,0.074170,1333236886,570675016
2023-03-31T00:00:00Z,-0.00021663,0.074160,927709789,467077153
2023-03-31T08:00:00Z,-0.00070859,0.075590,1657963498,833808503
2023-03-31T16:00:00Z,-0.00017810,0.076900,1768985405,925139012
2023-04-01T00:00:00Z,-0.00041926,0.077040,1887809868,913279335
2023-04-01T08:00:00Z,-0.00031292,0.076850,958520386,456200524
2023-04-01T16:00:00Z,-0.00005770,0.081830,6720931723,3390311670
2023-04-02T00:00:00Z,-0.00090288,0.084110,5615088734,2842626052
2023-04-02T08:00:00Z,-0.00091552,0.078790,4859369090,2244331895
2023-04-02T16:00:00Z,-0.00083579,0.079000,2976993740,1420167624
2023-04-03T00:00:00Z,-0.00075271,0.078140,2141354677,1007640353
2023-04-03T08:00:00Z,-0.00048431,0.077040,2092846478,982311519
2023-04-03T16:00:00Z,-0.00073245,0.095960,47528182347,23561085896
2023-04-04T00:00:00Z,0.00017714,0.098360,15736563227,7918600672
2023-04-04T08:00:00Z,-0.00055828,0.096390,18030315487,8810055456
2023-04-04T16:00:00Z,0.00085280,0.095140,9543118028,4660594657
2023-04-05T00:00:00Z,-0.00031601,0.096810,6847128193,3354182900
2023-04-05T08:00:00Z,0.00031737,0.095480,7720363513,3781987718
2023-04-05T16:00:00Z,-0.00017282,0.092690,6635156007,3167043054
2023-04-06T00:00:00Z,-0.00027457,0.090880,4427836104,2131628643
2023-04-06T08:00:00Z,-0.00067197,0.090130,7082762529,3424679484
2023-04-06T16:00:00Z,-0.00033101,0.085390,9692957788,4682800322
2023-04-07T00:00:00Z,-0.00110281,0.082980,6402097733,2986237416
2023-04-07T08:00:00Z,-0.00120976,0.082370,4911311933,2423682019
2023-04-07T16:00:00Z,-0.00085880,0.082170,2648200188,1361809577
2023-04-08T00:00:00Z,-0.00001273,0.082980,2776257135,1353398905
2023-04-08T08:00:00Z,-0.00061118,0.083040,1635758826,804741991
2023-04-08T16:00:00Z,-0.00044652,0.081300,3003209606,1398239231
2023-04-09T00:00:00Z,-0.00047968,0.081450,1581262925,771074521
2023-04-09T08:00:00Z,-0.00101553,0.083190,2725885801,1384467979
2023-04-09T16:00:00Z,-0.00072675,0.083130,2304414918,1129801217
2023-04-10T00:00:00Z,0,0.082700,1479403807,692569930
2023-04-10T08:00:00Z,-0.00023716,0.083130,1337176303,642130546
2023-04-10T16:00:00Z,-0.00051111,0.084710,2981533425,1485385345
2023-04-11T00:00:00Z,-0.00096944,0.085270,2195031621,1061733129
2023-04-11T08:00:00Z,-0.00045821,0.084920,1779118362,860886539
2023-04-11T16:00:00Z,-0.00061524,0.084060,1750053290,824062706
2023-04-12T00:00:00Z,-0.00028310,0.082200,3246469561,1514401321
2023-04-12T08:00:00Z,-0.00001707,0.082250,2607645379,1250883911
2023-04-12T16:00:00Z,0,0.083430,2562495786,1314214917
2023-04-13T00:00:00Z,-0.00033504,0.083140,935133176,449568695
2023-04-13T08:00:00Z,-0.00019699,0.087240,6963868978,3556737791
2023-04-13T16:00:00Z,0,0.087310,2224610176,1089860426
2023-04-14T00:00:00Z,0.00059862,0.089590,5144299805,2515396694
2023-04-14T08:00:00Z,0,0.085730,4637023943,2184118378
2023-04-14T16:00:00Z,0.00011686,0.088690,3247553412,1676348828
2023-04-15T00:00:00Z,0,0.089250,1826759083,898473638
2023-04-15T08:00:00Z,0.00117242,0.088820,1802185264,859608034
2023-04-15T16:00:00Z,0.00012143,0.088910,1541422349,749641904
2023-04-16T00:00:00Z,0.00049206,0.090240,2221912532,1187034270
2023-04-16T08:00:00Z,0.00004511,0.089380,1817502169,872026354
2023-04-16T16:00:00Z,0,0.090450,2786081661,1382564029
2023-04-17T00:00:00Z,0.00001365,0.093140,4728224968,2342399342
2023-04-17T08:00:00Z,-0.00009202,0.089960,11114352140,5368186847
2023-04-17T16:00:00Z,0.00055270,0.091410,2950648215,1466068090
2023-04-18T00:00:00Z,0.00082984,0.092920,3812361677,1886539232
2023-04-18T08:00:00Z,0.00096076,0.093790,4373234388,2206643602
2023-04-18T16:00:00Z,0.00010750,0.094150,3077159986,1423558251
2023-04-19T00:00:00Z,0.00015144,0.092930,1741698787,817343732
2023-04-19T08:00:00Z,0,0.090850,8387809850,3951777880
2023-04-19T16:00:00Z,-0.00042413,0.087820,5026422030,2296585904
2023-04-20T00:00:00Z,-0.00050734,0.091500,7728000557,3919084875
2023-04-20T08:00:00Z,-0.00022716,0.086470,14261996046,6814960393
2023-04-20T16:00:00Z,-0.00041504,0.083860,7237528650,3450709405
2023-04-21T00:00:00Z,-0.00078785,0.084460,3157015344,1555270208
2023-04-21T08:00:00Z,0,0.083400,2650020429,1261715672
2023-04-21T16:00:00Z,-0.00020377,0.078370,6216296711,2720882613
2023-04-22T00:00:00Z,0,0.078770,1324784672,677332057
2023-04-22T08:00:00Z,-0.00012195,0.080250,1987973324,990287792
2023-04-22T16:00:00Z,-0.00026916,0.080250,1660967913,806251777
2023-04-23T00:00:00Z,-0.00069390,0.080420,1444847579,684458631
2023-04-23T08:00:00Z,-0.00014630,0.079240,1456323684,691118663
2023-04-23T16:00:00Z,-0.00019655,0.078730,2476103609,1161566973
2023-04-24T00:00:00Z,-0.00006341,0.078750,1892754861,969464599
2023-04-24T08:00:00Z,-0.00008346,0.078310,1833433689,881918644
2023-04-24T16:00:00Z,-0.00091546,0.078690,1725170655,828944845
2023-04-25T00:00:00Z,-0.00010467,0.078330,1108750338,556817656
2023-04-25T08:00:00Z,-0.00017542,0.078020,1537397108,789226059
2023-04-25T16:00:00Z,-0.00036066,0.079740,2014931484,995575957
2023-04-26T00:00:00Z,-0.00035752,0.079980,1130027973,591282096
2023-04-26T08:00:00Z,-0.00104331,0.082570,3447782564,1771736834
2023-04-26T16:00:00Z,-0.00092965,0.078530,5693745780,2657513364
2023-04-27T00:00:00Z,-0.00023416,0.079680,2810731129,1446225765
2023-04-27T08:00:00Z,-0.00051109,0.080080,2071869452,1026467569
2023-04-27T16:00:00Z,-0.00045068,0.080100,1441601764,729393591
2023-04-28T00:00:00Z,-0.00034880,0.080440,901645860,449035241
2023-04-28T08:00:00Z,-0.00044442,0.079860,1510045578,743783655
2023-04-28T16:00:00Z,-0.00034866,0.080290,946451508,450791371
2023-04-29T00:00:00Z,-0.00035978,0.080710,821462044,409234250
2023-04-29T08:00:00Z,0,0.080950,943709218,476319088
2023-04-29T16:00:00Z,-0.00030929,0.081530,1356554475,695795617
2023-04-30T00:00:00Z,-0.00067740,0.081110,660230838,327361210
2023-04-30T08:00:00Z,0.00000527,0.081190,1027371014,531581206
2023-04-30T16:00:00Z,-0.00053174,0.079470,1590847138,769303297
2023-05-01T00:00:00Z,-0.00009505,0.078840,1859420322,867536253
2023-05-01T08:00:00Z,-0.00025247,0.078290,994854949,479373953
2023-05-01T16:00:00Z,-0.00083867,0.078750,1318211632,647089149
2023-05-02T00:00:00Z,-0.00014387,0.078500,651134894,312604024
2023-05-02T08:00:00Z,-0.00023065,0.078630,1331210178,649544667
2023-05-02T16:00:00Z,-0.00069797,0.078710,880628917,430019210
2023-05-03T00:00:00Z,-0.00036189,0.078210,747757890,385894946
2023-05-03T08:00:00Z,-0.00106167,0.077650,1369652221,655902998
2023-05-03T16:00:00Z,-0.00013738,0.079580,2787331564,1456559619
2023-05-04T00:00:00Z,-0.00003983,0.079250,768041551,386377734
2023-05-04T08:00:00Z,-0.00075714,0.078140,1414004025,638807022
2023-05-04T16:00:00Z,-0.00004025,0.078330,1126159177,573986462
2023-05-05T00:00:00Z,0,0.078670,844991352,392959196
2023-05-05T08:00:00Z,0,0.078560,1844371780,856842721
2023-05-05T16:00:00Z,0.00014366,0.080160,2402781655,1337367909
2023-05-06T00:00:00Z,-0.00055728,0.078710,1230139542,540207422
2023-05-06T08:00:00Z,-0.00106552,0.076380,2326437616,925413752
2023-05-06T16:00:00Z,-0.00059538,0.076680,803814992,391990640
2023-05-07T00:00:00Z,-0.00100136,0.076930,737093124,366465362
2023-05-07T08:00:00Z,-0.00065564,0.077230,813259210,388340316
2023-05-07T16:00:00Z,-0.00002123,0.076480,953571954,459332344
2023-05-08T00:00:00Z,-0.00057582,0.074380,2143141289,950382875
2023-05-08T08:00:00Z,-0.00054377,0.074380,1084292850,518344770
2023-05-08T16:00:00Z,-0.00095206,0.072340,3263011584,1509379057
2023-05-09T00:00:00Z,-0.00109729,0.072750,1067982619,521004288
2023-05-09T08:00:00Z,0,0.072490,1229719037,600630659
2023-05-09T16:00:00Z,-0.00074711,0.073040,1077467697,545861098
2023-05-10T00:00:00Z,-0.00023842,0.072800,686230778,333219196
2023-05-10T08:00:00Z,-0.00004858,0.073900,1892256088,947302904
2023-05-10T16:00:00Z,-0.00054908,0.073080,3088162184,1528582136
2023-05-11T00:00:00Z,-0.00023666,0.072320,960521902,483937988
2023-05-11T08:00:00Z,-0.00080369,0.070790,2099854655,948310893
2023-05-11T16:00:00Z,-0.00006659,0.071900,3079959675,1529258859
2023-05-12T00:00:00Z,-0.00058735,0.070190,2237959162,1041759469
2023-05-12T08:00:00Z,-0.00114156,0.071020,2017689028,1088080931
2023-05-12T16:00:00Z,-0.00056210,0.072290,2150625817,1040909904
2023-05-13T00:00:00Z,0,0.071970,679689622,353641693
2023-05-13T08:00:00Z,-0.00062944,0.071560,797688932,389468861
2023-05-13T16:00:00Z,0,0.071640,642961641,320036208
2023-05-14T00:00:00Z,-0.00076556,0.072000,616308992,311369346
2023-05-14T08:00:00Z,-0.00050776,0.072410,661329274,316705457
2023-05-14T16:00:00Z,-0.00039092,0.071910,660003328,329716349
2023-05-15T00:00:00Z,0,0.073090,1716767088,874633210
2023-05-15T08:00:00Z,0,0.072560,749867693,358808704
2023-05-15T16:00:00Z,-0.00037259,0.071860,743727623,350982683
2023-05-16T00:00:00Z,-0.00036916,0.072170,1087623187,510231357
2023-05-16T08:00:00Z,-0.00017327,0.072020,801575460,398232346
2023-05-16T16:00:00Z,-0.00051583,0.072710,1051716394,582074248
2023-05-17T00:00:00Z,-0.00007443,0.072560,1180097036,554609319
2023-05-17T08:00:00Z,-0.00058946,0.073210,2659396700,1324926101
2023-05-17T16:00:00Z,-0.00021502,0.074790,2272202100,1127389181
2023-05-18T00:00:00Z,-0.00089077,0.074020,1179138400,574222993
2023-05-18T08:00:00Z,-0.00038339,0.073620,1787594975,888801533
2023-05-18T16:00:00Z,-0.00021732,0.073390,3113031688,1503752865
2023-05-19T00:00:00Z,-0.00061847,0.073610,1018505146,501774445
2023-05-19T08:00:00Z,-0.00062151,0.073590,1189186796,579391612
2023-05-19T16:00:00Z,-0.00050213,0.073460,662944230,336626229
2023-05-20T00:00:00Z,-0.00022889,0.073320,394301163,190622019
2023-05-20T08:00:00Z,-0.00029214,0.073360,406362241,195549534
2023-05-20T16:00:00Z,-0.00054250,0.073570,670531993,334804518
2023-05-21T00:00:00Z,-0.00018773,0.073610,424939420,218962384
2023-05-21T08:00:00Z,-0.00120251,0.072150,968221290,405217934
2023-05-21T16:00:00Z,-0.00074169,0.072070,830492487,346011556
2023-05-22T00:00:00Z,-0.00070571,0.071680,1122553963,507343816
2023-05-22T08:00:00Z,-0.00085053,0.072790,2062419187,1138761567
2023-05-22T16:00:00Z,-0.00041414,0.072870,693507287,380376912
2023-05-23T00:00:00Z,-0.00060021,0.073240,811961437,407620985
2023-05-23T08:00:00Z,0.00009209,0.072910,781257762,389630376
2023-05-23T16:00:00Z,-0.00052388,0.072840,585476948,284253062
2023-05-24T00:00:00Z,-0.00037614,0.071040,1773227235,756714271
2023-05-24T08:00:00Z,-0.00064400,0.070450,1638224862,752551585
2023-05-24T16:00:00Z,-0.00063791,0.070590,730187086,363039219
2023-05-25T00:00:00Z,0,0.070220,1198720278,573472193
2023-05-25T08:00:00Z,-0.00004816,0.069950,851261036,427079358
2023-05-25T16:00:00Z,-0.00057604,0.070850,867064726,443661067
2023-05-26T00:00:00Z,-0.00019706,0.070830,559791445,276811682
2023-05-26T08:00:00Z,-0.00038460,0.071090,829846200,412451737
2023-05-26T16:00:00Z,-0.00028650,0.070920,867055670,429718357
2023-05-27T00:00:00Z,0,0.071460,754767521,414090276
2023-05-27T08:00:00Z,-0.00009215,0.071260,536617604,248702861
2023-05-27T16:00:00Z,-0.00001587,0.072540,1413572254,795439602
2023-05-28T00:00:00Z,-0.00007254,0.072740,836831858,411928847
2023-05-28T08:00:00Z,-0.00017381,0.072540,1080411317,499839350
2023-05-28T16:00:00Z,0.00007658,0.073510,1093065753,543132456
2023-05-29T00:00:00Z,0,0.073190,957028466,465178644
2023-05-29T08:00:00Z,-0.00024334,0.072850,748047901,365399156
2023-05-29T16:00:00Z,0,0.073100,581465393,288645023
2023-05-30T00:00:00Z,-0.00065521,0.072370,891873777,440371670
2023-05-30T08:00:00Z,0,0.072400,1004757478,492798983
2023-05-30T16:00:00Z,-0.00100857,0.072270,554308800,261103282
2023-05-31T00:00:00Z,-0.00062288,0.071490,1164992121,562777614
2023-05-31T08:00:00Z,-0.00095503,0.071100,800421269,386657856
2023-05-31T16:00:00Z,-0.00038620,0.071610,445576152,213066913
2023-06-01T00:00:00Z,-0.00006944,0.071450,830264626,397323151
2023-06-01T08:00:00Z,0.00005117,0.071670,660505088,323883172
2023-06-01T16:00:00Z,-0.00013918,0.071390,794703572,382614047
2023-06-02T00:00:00Z,-0.00037966,0.072040,689657981,361792691
2023-06-02T08:00:00Z,-0.00016407,0.072210,897926770,443006780
2023-06-02T16:00:00Z,-0.00023524,0.072570,881677712,471498345
2023-06-03T00:00:00Z,-0.00013666,0.072530,402131541,198811524
2023-06-03T08:00:00Z,-0.00032446,0.072790,450911828,224127426
2023-06-03T16:00:00Z,0.00004839,0.072680,480166272,225725207
2023-06-04T00:00:00Z,-0.00027379,0.072870,376168798,186234567
2023-06-04T08:00:00Z,-0.00006434,0.072660,507594567,249695215
2023-06-04T16:00:00Z,0,0.072460,699805688,335449480
2023-06-05T00:00:00Z,-0.00015487,0.071720,1034261273,474250358
2023-06-05T08:00:00Z,0.00895406,0.068140,1520433184,662977845
2023-06-05T16:00:00Z,-0.00119986,0.066350,3685143944,1635022753
2023-06-06T00:00:00Z,-0.00101064,0.066460,742420995,299610473
2023-06-06T08:00:00Z,-0.00040929,0.068310,3537818871,1795886334
2023-06-06T16:00:00Z,-0.00090620,0.070210,3252400522,1741875254
2023-06-07T00:00:00Z,-0.00004254,0.069330,908522849,470290938
2023-06-07T08:00:00Z,-0.00066020,0.067110,2547811432,1100967185
2023-06-07T16:00:00Z,-0.00025293,0.067230,1063260225,521886519
2023-06-08T00:00:00Z,-0.00013408,0.067760,714864609,354895468
2023-06-08T08:00:00Z,-0.00069400,0.068020,1021955299,509968648
2023-06-08T16:00:00Z,-0.00035587,0.067910,515632964,248035748
2023-06-09T00:00:00Z,-0.00066389,0.067730,619059127,313367520
2023-06-09T08:00:00Z,-0.00028824,0.068830,2955053157,1583301437
2023-06-09T16:00:00Z,-0.00019394,0.069430,1421416584,673721903
2023-06-10T00:00:00Z,-0.00082569,0.060050,8958381756,4137758627
2023-06-10T08:00:00Z,-0.00065231,0.060150,2827911545,1233711729
2023-06-10T16:00:00Z,-0.00086353,0.061680,2829380354,1380418136
2023-06-11T00:00:00Z,-0.00018315,0.061840,1694848774,837060756
2023-06-11T08:00:00Z,-0.00055333,0.061230,1200768964,570834883
2023-06-11T16:00:00Z,-0.00062923,0.061470,1204036675,579714118
2023-06-12T00:00:00Z,-0.00016288,0.060540,1312088329,642663252
2023-06-12T08:00:00Z,-0.00150074,0.060890,1088077470,529363987
2023-06-12T16:00:00Z,-0.00128184,0.061390,1023576974,515344618
2023-06-13T00:00:00Z,-0.00031016,0.061810,943898479,465872685
2023-06-13T08:00:00Z,-0.00111324,0.060660,1938766793,941938028
2023-06-13T16:00:00Z,-0.00033303,0.061700,828444115,419915938
2023-06-14T00:00:00Z,-0.00034287,0.061670,512711343,264810402
2023-06-14T08:00:00Z,0.00003187,0.061770,564663702,288944358
2023-06-14T16:00:00Z,-0.00071395,0.060320,2964092366,1413265960
2023-06-15T00:00:00Z,-0.00028285,0.060180,884404861,432775312
2023-06-15T08:00:00Z,-0.00020037,0.060980,2128180060,1057845422
2023-06-15T16:00:00Z,-0.00070513,0.061500,1244368008,634962218
2023-06-16T00:00:00Z,-0.00018202,0.061650,700282475,339442603
2023-06-16T08:00:00Z,-0.00032538,0.061730,1497858264,749149036
2023-06-16T16:00:00Z,-0.00057781,0.062150,1254418786,639166848
2023-06-17T00:00:00Z,-0.00037173,0.062490,944658844,449435226
2023-06-17T08:00:00Z,-0.00078050,0.062180,772669344,375870463
2023-06-17T16:00:00Z,-0.00039449,0.062140,384239273,198476270
2023-06-18T00:00:00Z,-0.00043482,0.061750,715237165,352633779
2023-06-18T08:00:00Z,-0.00049991,0.062910,1906636630,964897215
2023-06-18T16:00:00Z,-0.00033440,0.062050,2018560238,974499698
2023-06-19T00:00:00Z,-0.00023818,0.061960,544421708,284224412
2023-06-19T08:00:00Z,-0.00048369,0.061890,732210373,341719470
2023-06-19T16:00:00Z,-0.00006581,0.062400,1111789074,566604315
2023-06-20T00:00:00Z,-0.00028493,0.062040,538072510,242723054
2023-06-20T08:00:00Z,-0.00006632,0.061380,967669181,446554216
2023-06-20T16:00:00Z,-0.00049731,0.063100,1600644241,803333909
2023-06-21T00:00:00Z,-0.00065550,0.064380,1737163833,886581855
2023-06-21T08:00:00Z,-0.00031509,0.064880,1808894361,882540463
2023-06-21T16:00:00Z,-0.00036699,0.065550,2655168547,1316873377
2023-06-22T00:00:00Z,0,0.068370,2523785732,1292891668
2023-06-22T08:00:00Z,0,0.066060,2696092207,1291519613
2023-06-22T16:00:00Z,-0.00090646,0.065530,1020721882,482283984
2023-06-23T00:00:00Z,-0.00005860,0.066510,657766856,331104144
2023-06-23T08:00:00Z,-0.00078609,0.067820,1522637288,745551240
2023-06-23T16:00:00Z,0.00002050,0.068220,2435671954,1257387575
2023-06-24T00:00:00Z,-0.00018088,0.067570,1517171271,761050402
2023-06-24T08:00:00Z,0,0.065790,1423004677,656279346
2023-06-24T16:00:00Z,-0.00033582,0.066650,737813820,360200924
2023-06-25T00:00:00Z,-0.00001597,0.067650,955236220,476720226
2023-06-25T08:00:00Z,-0.00055576,0.066920,1028245377,501336096
2023-06-25T16:00:00Z,0.00029206,0.066690,690739002,325949500
2023-06-26T00:00:00Z,-0.00046877,0.066020,1200448185,557917658
2023-06-26T08:00:00Z,-0.00106715,0.066080,842788748,408816831
2023-06-26T16:00:00Z,-0.00104608,0.064670,1679436413,746910795
2023-06-27T00:00:00Z,0.00013676,0.065290,1102735008,559080318
2023-06-27T08:00:00Z,-0.00030034,0.064710,1357835900,691998311
2023-06-27T16:00:00Z,-0.00014057,0.065530,641935343,325947931
2023-06-28T00:00:00Z,-0.00057396,0.064060,1492141050,704625597
2023-06-28T08:00:00Z,-0.00071401,0.064380,880794126,418240290
2023-06-28T16:00:00Z,-0.00071002,0.062510,2159838741,968897766
2023-06-29T00:00:00Z,-0.00051311,0.062850,702588952,325362477
2023-06-29T08:00:00Z,-0.00020034,0.063280,1080244291,544514714
2023-06-29T16:00:00Z,-0.00050144,0.063380,732407189,376480550
2023-06-30T00:00:00Z,-0.00044437,0.065300,1707503735,836512203
2023-06-30T08:00:00Z,-0.00070414,0.063980,3410247680,1634221230
2023-06-30T16:00:00Z,-0.00075023,0.066420,1906290856,999371510
2023-07-01T00:00:00Z,0.00004990,0.068060,4686918636,2373416207
2023-07-01T08:00:00Z,0.00001596,0.067730,1356757602,660105489
2023-07-01T16:00:00Z,-0.00005854,0.068500,1245032294,619318889
2023-07-02T00:00:00Z,-0.00063956,0.067250,1647072515,761894335
2023-07-02T08:00:00Z,0,0.066940,1266588591,622711571
2023-07-02T16:00:00Z,0.00022251,0.068020,2344675428,1200254805
2023-07-03T00:00:00Z,0.00019411,0.068150,1086412407,539373671
2023-07-03T08:00:00Z,0,0.068180,1148553919,552676968
2023-07-03T16:00:00Z,0.00019452,0.068430,1160183091,557776423
2023-07-04T00:00:00Z,-0.00017232,0.068040,1478285237,718870115
2023-07-04T08:00:00Z,0,0.070340,2983038597,1490593390
2023-07-04T16:00:00Z,-0.00020722,0.068880,3526512661,1682742674
2023-07-05T00:00:00Z,0.00032347,0.068860,886141608,436583904
2023-07-05T08:00:00Z,-0.00044673,0.066200,2729665032,1258068718
2023-07-05T16:00:00Z,-0.00025285,0.066950,747105237,350423546
2023-07-06T00:00:00Z,0,0.067710,1032966165,508658820
2023-07-06T08:00:00Z,-0.00060187,0.065760,2573969119,1156960088
2023-07-06T16:00:00Z,-0.00052283,0.064790,1032640757,493167792
2023-07-07T00:00:00Z,-0.00037865,0.065170,1127002406,553247718
2023-07-07T08:00:00Z,-0.00028877,0.065560,1197061990,579067690
2023-07-07T16:00:00Z,-0.00062910,0.065340,672901711,309091333
2023-07-08T00:00:00Z,-0.00048609,0.065230,638545864,302007894
2023-07-08T08:00:00Z,-0.00081687,0.065320,561147714,277341871
2023-07-08T16:00:00Z,-0.00072338,0.065680,882973342,438677259
2023-07-09T00:00:00Z,-0.00011690,0.065600,715917982,336705975
2023-07-09T08:00:00Z,-0.00004952,0.065620,780126952,378032702
2023-07-09T16:00:00Z,-0.00023202,0.065310,478962449,234881001
2023-07-10T00:00:00Z,-0.00023556,0.064460,1625086272,767844338
2023-07-10T08:00:00Z,-0.00056572,0.064760,955684361,462234316
2023-07-10T16:00:00Z,-0.00082730,0.065200,1863650398,954334985
2023-07-11T00:00:00Z,-0.00062658,0.065280,784242407,362842652
2023-07-11T08:00:00Z,-0.00018754,0.064740,936916024,443333955
2023-07-11T16:00:00Z,-0.00042328,0.065240,553656242,266794122
2023-07-12T00:00:00Z,-0.00063671,0.065390,552432833,279402550
2023-07-12T08:00:00Z,-0.00107965,0.064790,932734664,452409435
2023-07-12T16:00:00Z,-0.00059457,0.064980,1443358199,742644913
2023-07-13T00:00:00Z,0,0.064790,558883722,277271347
2023-07-13T08:00:00Z,-0.00439521,0.067470,1957784095,998233710
2023-07-13T16:00:00Z,0,0.070420,7525444778,3880170993
2023-07-14T00:00:00Z,0.00043240,0.070140,2938909817,1440779094
2023-07-14T08:00:00Z,0,0.072680,2758403546,1391945674
2023-07-14T16:00:00Z,-0.00044622,0.068450,4643358404,2136693829
2023-07-15T00:00:00Z,0,0.073150,5354477926,2712701903
2023-07-15T08:00:00Z,-0.00019832,0.072900,6850356954,3389273482
2023-07-15T16:00:00Z,0.00005437,0.071930,2749760529,1333055600
2023-07-16T00:00:00Z,-0.00023335,0.070900,2816001684,1327751649
2023-07-16T08:00:00Z,-0.00016355,0.071150,1848686983,910546937
2023-07-16T16:00:00Z,-0.00059583,0.069480,1992703970,930824102
2023-07-17T00:00:00Z,0,0.071060,2899880435,1474330514
2023-07-17T08:00:00Z,-0.00030717,0.069570,3055709851,1386406199
2023-07-17T16:00:00Z,0,0.069800,2007101752,976945020
2023-07-18T00:00:00Z,-0.00020183,0.068940,1241838705,606885176
2023-07-18T08:00:00Z,0.00012012,0.068410,1763400012,810639081
2023-07-18T16:00:00Z,0,0.068620,1253673911,624898046
2023-07-19T00:00:00Z,0.00017985,0.068940,1127421482,566038251
2023-07-19T08:00:00Z,-0.00115552,0.071240,3226918923,1678784467
2023-07-19T16:00:00Z,-0.00117212,0.070000,3303458815,1605114309
2023-07-20T00:00:00Z,-0.00071910,0.070660,1507440255,758197592
2023-07-20T08:00:00Z,-0.00056374,0.070590,6684644969,3257207226
2023-07-20T16:00:00Z,-0.00068579,0.070560,1606071283,750395851
2023-07-21T00:00:00Z,-0.00008674,0.071320,2969505166,1502867970
2023-07-21T08:00:00Z,-0.00042286,0.073980,7571765417,3851870317
2023-07-21T16:00:00Z,-0.00035783,0.073180,3295145764,1566284527
2023-07-22T00:00:00Z,-0.00092399,0.072510,1767741024,824359781
2023-07-22T08:00:00Z,-0.00065339,0.071630,2279637606,1063525689
2023-07-22T16:00:00Z,-0.00019643,0.070440,1479669771,685868283
2023-07-23T00:00:00Z,-0.00085578,0.071770,1533463196,782506886
2023-07-23T08:00:00Z,0.00011487,0.071990,1556160337,779888277
2023-07-23T16:00:00Z,-0.00047023,0.071760,1583787796,776576350
2023-07-24T00:00:00Z,0.00072009,0.076690,5729829859,2909875792
2023-07-24T08:00:00Z,-0.00086324,0.074190,20588562868,10148420658
2023-07-24T16:00:00Z,-0.00058995,0.074170,5455412301,2704542498
2023-07-25T00:00:00Z,-0.00068867,0.076750,11353661107,5774506437
2023-07-25T08:00:00Z,-0.00073227,0.077180,9650867641,4777730282
2023-07-25T16:00:00Z,-0.00010680,0.081830,18893191853,9626131358
2023-07-26T00:00:00Z,-0.00106396,0.080310,7744788032,3844337947
2023-07-26T08:00:00Z,-0.00052130,0.078730,6334886275,3028782415
2023-07-26T16:00:00Z,-0.00028056,0.077900,8570679090,4193297712
2023-07-27T00:00:00Z,-0.00082447,0.078700,3077494303,1547796772
2023-07-27T08:00:00Z,0.00001854,0.078690,4312719946,2140510569
2023-07-27T16:00:00Z,-0.00016784,0.077580,3644144475,1757910793
2023-07-28T00:00:00Z,-0.00069899,0.076220,2688281542,1270038233
2023-07-28T08:00:00Z,-0.00044066,0.077020,2887671564,1462337619
2023-07-28T16:00:00Z,-0.00021984,0.077140,1672270645,818055434
2023-07-29T00:00:00Z,0,0.077780,1747609634,867166801
2023-07-29T08:00:00Z,-0.00057424,0.077930,1685892666,823829300
2023-07-29T16:00:00Z,-0.00008319,0.080200,6252908381,3174452322
2023-07-30T00:00:00Z,-0.00040520,0.079840,2172230274,1081715152
2023-07-30T08:00:00Z,-0.00039281,0.079210,3047275731,1479919817
2023-07-30T16:00:00Z,-0.00077663,0.077980,4064525143,1891106065
2023-07-31T00:00:00Z,-0.00040166,0.078590,1695852480,854211525
2023-07-31T08:00:00Z,-0.00066540,0.078060,2946753806,1459497786
2023-07-31T16:00:00Z,-0.00046292,0.077800,3019007828,1450044089
2023-08-01T00:00:00Z,-0.00059442,0.076560,2642734845,1252799258
2023-08-01T08:00:00Z,-0.00070524,0.076790,2191420070,1052907864
2023-08-01T16:00:00Z,-0.00027543,0.078110,2454904759,1302085415
2023-08-02T00:00:00Z,-0.00020454,0.076710,1716458289,839004021
2023-08-02T08:00:00Z,-0.00070303,0.075330,3226542090,1506408789
2023-08-02T16:00:00Z,-0.00035349,0.074180,2694937074,1258296397
2023-08-03T00:00:00Z,-0.00036620,0.074020,1470059963,721126003
2023-08-03T08:00:00Z,-0.00024446,0.074160,2959460841,1434130633
2023-08-03T16:00:00Z,-0.00038478,0.073550,2478913784,1228158339
2023-08-04T00:00:00Z,-0.00057440,0.074350,1415310184,697412391
2023-08-04T08:00:00Z,-0.00049710,0.074470,1886003038,921760497
2023-08-04T16:00:00Z,-0.00038572,0.073420,2380234150,1130749519
2023-08-05T00:00:00Z,-0.00000334,0.075500,3206697558,1651247991
2023-08-05T08:00:00Z,-0.00009814,0.075210,4222758073,2094317667
2023-08-05T16:00:00Z,-0.00055738,0.075690,1801318894,877097970
2023-08-06T00:00:00Z,0,0.075210,1638025781,802766585
2023-08-06T08:00:00Z,0,0.074410,1946682848,919461846
2023-08-06T16:00:00Z,-0.00059549,0.074250,1694567366,858235151
2023-08-07T00:00:00Z,-0.00100762,0.074800,1680432353,839503004
2023-08-07T08:00:00Z,-0.00070907,0.073600,2116035549,1014041450
2023-08-07T16:00:00Z,0,0.073520,2532179742,1163961498
2023-08-08T00:00:00Z,-0.00036022,0.073520,1064597593,500322710
2023-08-08T08:00:00Z,-0.00070599,0.074530,1823991982,921020789
2023-08-08T16:00:00Z,0.00012875,0.074940,2151052291,1076759246
2023-08-09T00:00:00Z,-0.00013814,0.075600,1131762590,577954096
2023-08-09T08:00:00Z,-0.00008104,0.075040,1897300870,912717535
2023-08-09T16:00:00Z,-0.00030253,0.075390,1447735746,725280467
2023-08-10T00:00:00Z,-0.00033965,0.075390,1702546345,823676883
2023-08-10T08:00:00Z,-0.00016071,0.076180,2448885269,1227022251
2023-08-10T16:00:00Z,-0.00053005,0.075840,1918381585,964314096
2023-08-11T00:00:00Z,-0.00028862,0.075610,824584387,380685906
2023-08-11T08:00:00Z,0.00007831,0.075450,1476573932,708150703
2023-08-11T16:00:00Z,-0.00074692,0.075690,986856961,471368304
2023-08-12T00:00:00Z,-0.00088429,0.076340,1389864486,695802618
2023-08-12T08:00:00Z,-0.00038672,0.076670,2107259594,1071179143
2023-08-12T16:00:00Z,-0.00070842,0.076670,1100601065,536061692
2023-08-13T00:00:00Z,-0.00022805,0.076370,867387803,419404229
2023-08-13T08:00:00Z,0,0.075710,985198258,457111154
2023-08-13T16:00:00Z,-0.00056295,0.074730,1836539214,860175530
2023-08-14T00:00:00Z,-0.00066736,0.074930,1486767065,719413919
2023-08-14T08:00:00Z,-0.00075537,0.074930,1181261729,572667175
2023-08-14T16:00:00Z,-0.00003649,0.074660,4011741890,1984156227
2023-08-15T00:00:00Z,-0.00081877,0.074450,949821394,461100591
2023-08-15T08:00:00Z,-0.00038298,0.073640,1617323761,740228330
2023-08-15T16:00:00Z,-0.00095413,0.070850,3995354809,1727698381
2023-08-16T00:00:00Z,-0.00072533,0.070650,1195367104,581702060
2023-08-16T08:00:00Z,-0.00010034,0.069050,2270247259,1057679669
2023-08-16T16:00:00Z,-0.00010323,0.067150,3314828035,1596612668
2023-08-17T00:00:00Z,-0.00019715,0.067950,1597807959,790942436
2023-08-17T08:00:00Z,0.00031810,0.065450,2710609321,1299231924
2023-08-17T16:00:00Z,-0.00086568,0.060980,7389709382,3489745141
2023-08-18T00:00:00Z,-0.00037226,0.062380,3240377432,1532174437
2023-08-18T08:00:00Z,0.00009284,0.062530,2686845811,1314811855
2023-08-18T16:00:00Z,-0.00079558,0.063200,2459902411,1213552510
2023-08-19T00:00:00Z,-0.00004249,0.063440,1384811721,679610280
2023-08-19T08:00:00Z,-0.00073747,0.063910,1001531260,497253196
2023-08-19T16:00:00Z,-0.00081836,0.063750,1164679274,572840357
2023-08-20T00:00:00Z,0.00017418,0.064140,845710329,417279563
2023-08-20T08:00:00Z,-0.00006627,0.063690,1231869148,601206326
2023-08-20T16:00:00Z,-0.00015207,0.063790,743207455,376783243
2023-08-21T00:00:00Z,-0.00003060,0.063100,1124287709,536905897
2023-08-21T08:00:00Z,-0.00098938,0.061460,2659172008,1290703062
2023-08-21T16:00:00Z,-0.00027311,0.062480,1198851082,605899783
2023-08-22T00:00:00Z,-0.00087193,0.062980,1052110189,553833325
2023-08-22T08:00:00Z,-0.00044084,0.062270,1567457101,744109076
2023-08-22T16:00:00Z,-0.00044238,0.062550,2991204987,1482059967
2023-08-23T00:00:00Z,-0.00027764,0.063860,1786997532,907252752
2023-08-23T08:00:00Z,-0.00044746,0.063800,1765703039,878935753
2023-08-23T16:00:00Z,-0.00066624,0.063730,1682755736,814143494
2023-08-24T00:00:00Z,-0.00075968,0.063710,610884392,285500669
2023-08-24T08:00:00Z,-0.00016782,0.062530,1535750493,720100281
2023-08-24T16:00:00Z,-0.00073677,0.063030,1230350790,622342846
2023-08-25T00:00:00Z,-0.00013080,0.062160,1180492400,572373418
2023-08-25T08:00:00Z,-0.00059337,0.062280,1296393318,640567762
2023-08-25T16:00:00Z,-0.00109139,0.063080,731148595,373237092
2023-08-26T00:00:00Z,-0.00074989,0.063180,448373398,217551630
2023-08-26T08:00:00Z,-0.00048326,0.062960,423553401,203928940
2023-08-26T16:00:00Z,-0.00076657,0.062840,324696833,156880615
2023-08-27T00:00:00Z,-0.00047714,0.063270,589202108,297023876
2023-08-27T08:00:00Z,-0.00049212,0.063190,584359381,275766008
2023-08-27T16:00:00Z,-0.00059834,0.063130,519927002,265919091
2023-08-28T00:00:00Z,-0.00011499,0.062360,1077258576,511029351
2023-08-28T08:00:00Z,0,0.063240,1028095919,552194590
2023-08-28T16:00:00Z,0,0.063420,768388294,407026738
2023-08-29T00:00:00Z,-0.00041866,0.062960,613671976,310877995
2023-08-29T08:00:00Z,-0.00047192,0.066910,5680330088,2899099446
2023-08-29T16:00:00Z,-0.00017615,0.066360,2914996493,1407368572
2023-08-30T00:00:00Z,-0.00025930,0.065540,1173210174,562862838
2023-08-30T08:00:00Z,0,0.064900,1982903437,949239762
2023-08-30T16:00:00Z,-0.00076480,0.065830,770232102,376454255
2023-08-31T00:00:00Z,-0.00051974,0.066530,1151929159,605112684
2023-08-31T08:00:00Z,-0.00065464,0.065310,2492077354,1185552060
2023-08-31T16:00:00Z,0.00022587,0.063760,2974554879,1407490616
2023-09-01T00:00:00Z,0,0.063550,943859460,477665447
2023-09-01T08:00:00Z,-0.00077008,0.063350,1450449518,730442915
2023-09-01T16:00:00Z,-0.00011245,0.063840,1637881644,813235803
2023-09-02T00:00:00Z,-0.00086407,0.063390,772080761,337685061
2023-09-02T08:00:00Z,-0.00041729,0.063710,1578227051,816049737
2023-09-02T16:00:00Z,-0.00082667,0.063450,818789202,385675579
2023-09-03T00:00:00Z,-0.00044616,0.063640,457896188,221773954
2023-09-03T08:00:00Z,-0.00007641,0.063230,513448949,248631710
2023-09-03T16:00:00Z,-0.00052000,0.063130,633068174,295051453
2023-09-04T00:00:00Z,0.00001030,0.063230,796188092,398743146
2023-09-04T08:00:00Z,0.00010531,0.062870,914778913,440870901
2023-09-04T16:00:00Z,0.00004113,0.063230,760796344,360787652
2023-09-05T00:00:00Z,-0.00000752,0.064050,1506149216,782560227
2023-09-05T08:00:00Z,0,0.063970,1377895009,649416141
2023-09-05T16:00:00Z,-0.00065935,0.064000,735113553,356657074
2023-09-06T00:00:00Z,-0.00106048,0.063830,1152759623,571603642
2023-09-06T08:00:00Z,-0.00096311,0.063220,989390995,472070465
2023-09-06T16:00:00Z,-0.00047501,0.063600,1339379848,688820497
2023-09-07T00:00:00Z,-0.00001358,0.063330,733578088,372592585
2023-09-07T08:00:00Z,0,0.063130,752481855,371852222
2023-09-07T16:00:00Z,-0.00015151,0.063630,865370602,434663773
2023-09-08T00:00:00Z,0,0.063670,548812250,266727796
2023-09-08T08:00:00Z,-0.00027708,0.062870,1231002227,574571973
2023-09-08T16:00:00Z,0.00016334,0.063690,616005201,332801651
2023-09-09T00:00:00Z,-0.00095396,0.063410,545807817,247546364
2023-09-09T08:00:00Z,-0.00054621,0.063530,520206104,249798880
2023-09-09T16:00:00Z,-0.00065707,0.063350,266461763,119904017
2023-09-10T00:00:00Z,-0.00082100,0.062120,1778284538,770559300
2023-09-10T08:00:00Z,-0.00120428,0.061360,1012347259,453592907
2023-09-10T16:00:00Z,-0.00056857,0.061260,1211337391,590480952
2023-09-11T00:00:00Z,-0.00093324,0.061780,1098534032,544598837
2023-09-11T08:00:00Z,-0.00027359,0.060160,2756694637,1372015831
2023-09-11T16:00:00Z,-0.00115787,0.060440,1456059690,672902621
2023-09-12T00:00:00Z,-0.00011111,0.061040,1588142198,784758960
2023-09-12T08:00:00Z,-0.00059223,0.061480,1842289836,952625232
2023-09-12T16:00:00Z,-0.00020753,0.060860,1134403023,571090912
2023-09-13T00:00:00Z,-0.00029437,0.060780,1273322455,632327313
2023-09-13T08:00:00Z,-0.00024738,0.061210,1136356418,577423855
2023-09-13T16:00:00Z,-0.00023330,0.061210,934040105,467527483
2023-09-14T00:00:00Z,-0.00063491,0.061350,1270399481,609667994
2023-09-14T08:00:00Z,-0.00033512,0.061720,1416608284,701460232
2023-09-14T16:00:00Z,-0.00047810,0.062030,969880028,470082991
2023-09-15T00:00:00Z,-0.00013669,0.061810,655434931,303740185
2023-09-15T08:00:00Z,-0.00093524,0.061850,812607969,407779480
2023-09-15T16:00:00Z,0,0.062460,1156413522,584760776
2023-09-16T00:00:00Z,-0.00076728,0.062250,923803672,435686995
2023-09-16T08:00:00Z,-0.00019561,0.062110,786902477,371273976
2023-09-16T16:00:00Z,-0.00058710,0.062090,707337525,341436069
2023-09-17T00:00:00Z,-0.00047536,0.062170,1073122437,555198180
2023-09-17T08:00:00Z,-0.00076251,0.061960,670754157,318057419
2023-09-17T16:00:00Z,-0.00119886,0.061410,1114163110,509729819
2023-09-18T00:00:00Z,-0.00031965,0.061750,1289861725,652562957
2023-09-18T08:00:00Z,0,0.062350,1483055645,754619387
2023-09-18T16:00:00Z,-0.00018798,0.061950,1309858269,637193205
2023-09-19T00:00:00Z,-0.00003688,0.062130,879427573,420753645
2023-09-19T08:00:00Z,-0.00003718,0.063140,1726262458,889828714
2023-09-19T16:00:00Z,-0.00087442,0.062640,822611064,393899634
2023-09-20T00:00:00Z,-0.00067270,0.062300,886141617,414903101
2023-09-20T08:00:00Z,-0.00031622,0.062260,1008938854,490820986
2023-09-20T16:00:00Z,0,0.062590,1506799963,776257886
2023-09-21T00:00:00Z,-0.00056460,0.062540,1401284764,716832081
2023-09-21T08:00:00Z,-0.00013358,0.061610,2346916332,1130615394
2023-09-21T16:00:00Z,-0.00039671,0.061250,618682614,294951030
2023-09-22T00:00:00Z,-0.00036986,0.061710,1047057652,508893214
2023-09-22T08:00:00Z,-0.00015370,0.061410,747081811,361194143
2023-09-22T16:00:00Z,-0.00023666,0.061480,595314353,299857856
2023-09-23T00:00:00Z,-0.00061042,0.061560,524353579,262091806
2023-09-23T08:00:00Z,-0.00062681,0.061240,754093503,356678143
2023-09-23T16:00:00Z,-0.00032424,0.061470,541245768,274994699
2023-09-24T00:00:00Z,-0.00024888,0.061420,353425265,185824901
2023-09-24T08:00:00Z,-0.00014055,0.061470,286718436,147927703
2023-09-24T16:00:00Z,-0.00050291,0.060640,1101398446,496870312
2023-09-25T00:00:00Z,-0.00066546,0.060860,679744099,349301649
2023-09-25T08:00:00Z,0,0.060990,604382916,299153192
2023-09-25T16:00:00Z,-0.00075005,0.060900,494002416,253536662
2023-09-26T00:00:00Z,-0.00084053,0.060790,549897703,268979711
2023-09-26T08:00:00Z,-0.00045980,0.060470,984040328,468898824
2023-09-26T16:00:00Z,-0.00039747,0.060590,1206261085,592294615
2023-09-27T00:00:00Z,0,0.060560,517215626,257480602
2023-09-27T08:00:00Z,-0.00070797,0.060610,1788262760,910885666
2023-09-27T16:00:00Z,-0.00032710,0.060480,694591200,335876168
2023-09-28T00:00:00Z,-0.00042735,0.060760,868305471,426250269
2023-09-28T08:00:00Z,-0.00082405,0.061430,1624611793,862590046
2023-09-28T16:00:00Z,-0.00006598,0.061480,1313936113,661857558
2023-09-29T00:00:00Z,-0.00068719,0.062040,1120240036,580794546
2023-09-29T08:00:00Z,-0.00090508,0.061850,1982471425,970777136
2023-09-29T16:00:00Z,-0.00008077,0.062080,698892037,336921652
2023-09-30T00:00:00Z,-0.00078503,0.061730,476596707,228453425
2023-09-30T08:00:00Z,-0.00058857,0.061990,583210113,298342343
2023-09-30T16:00:00Z,-0.00098946,0.062030,1686152168,870402456
2023-10-01T00:00:00Z,-0.00039338,0.062110,405341291,201497509
2023-10-01T08:00:00Z,-0.00050851,0.062480,1132167887,561310307
2023-10-01T16:00:00Z,0.00014448,0.063170,2001335406,999201263
2023-10-02T00:00:00Z,-0.00054932,0.063450,1319256499,644610802
2023-10-02T08:00:00Z,0,0.062630,2299283634,1135299278
2023-10-02T16:00:00Z,-0.00091088,0.061960,2476362183,1192643137
2023-10-03T00:00:00Z,-0.00096366,0.061850,701062969,342494567
2023-10-03T08:00:00Z,-0.00033615,0.061430,1405190817,681884854
2023-10-03T16:00:00Z,-0.00085324,0.061320,960460659,455828695
2023-10-04T00:00:00Z,-0.00013085,0.061050,1569690837,728250847
2023-10-04T08:00:00Z,-0.00060188,0.060780,991122752,485494212
2023-10-04T16:00:00Z,-0.00074355,0.061410,721848771,355431043
2023-10-05T00:00:00Z,0,0.060940,618278340,283781361
2023-10-05T08:00:00Z,-0.00073710,0.060800,1261424865,637115638
2023-10-05T16:00:00Z,0,0.060830,759191409,382712537
2023-10-06T00:00:00Z,-0.00116687,0.061060,476695918,243815707
2023-10-06T08:00:00Z,-0.00082273,0.061250,1222941740,613133239
2023-10-06T16:00:00Z,-0.00085917,0.061320,669662404,337998221
2023-10-07T00:00:00Z,0.00011961,0.061350,578679551,280399764
2023-10-07T08:00:00Z,-0.00006985,0.061300,342696007,164307030
2023-10-07T16:00:00Z,-0.00057853,0.061400,316069589,157897636
2023-10-08T00:00:00Z,-0.00006932,0.061220,361336021,176442686
2023-10-08T08:00:00Z,-0.00017880,0.061100,590003575,280021029
2023-10-08T16:00:00Z,-0.00055517,0.060900,439849950,206969643
2023-10-09T00:00:00Z,-0.00073835,0.060290,978199905,437555680
2023-10-09T08:00:00Z,-0.00110002,0.058750,2848761512,1292938281
2023-10-09T16:00:00Z,0.00007090,0.058690,1511668353,743130483
2023-10-10T00:00:00Z,-0.00120635,0.059010,753880148,370944265
2023-10-10T08:00:00Z,-0.00054852,0.058600,976861585,481564270
2023-10-10T16:00:00Z,-0.00008299,0.059070,748182727,382617271
2023-10-11T00:00:00Z,-0.00006434,0.058740,1189712522,592853933
2023-10-11T08:00:00Z,-0.00036778,0.057990,1224956326,583628732
2023-10-11T16:00:00Z,-0.00004897,0.058470,840423331,416031537
2023-10-12T00:00:00Z,-0.00018110,0.058270,531304795,250927117
2023-10-12T08:00:00Z,-0.00057782,0.057840,1077820843,521102340
2023-10-12T16:00:00Z,-0.00027835,0.057850,757525616,372406826
2023-10-13T00:00:00Z,-0.00017586,0.057940,431766276,218856811
2023-10-13T08:00:00Z,-0.00032237,0.058260,1221326049,621386014
2023-10-13T16:00:00Z,-0.00012737,0.058360,1050197900,539454705
2023-10-14T00:00:00Z,-0.00058804,0.058420,340683141,166923758
2023-10-14T08:00:00Z,0.00004636,0.059470,1001358446,515064813
2023-10-14T16:00:00Z,-0.00034091,0.059830,583499452,311441106
2023-10-15T00:00:00Z,-0.00046832,0.059310,500106102,223753623
2023-10-15T08:00:00Z,-0.00067791,0.059310,555127309,282368001
2023-10-15T16:00:00Z,-0.00050140,0.059290,539374665,270260425
2023-10-16T00:00:00Z,-0.00072642,0.059980,1128573487,565189606
2023-10-16T08:00:00Z,-0.00014670,0.059670,3436214487,1711052337
2023-10-16T16:00:00Z,-0.00035582,0.059950,646234825,317829417
2023-10-17T00:00:00Z,-0.00082885,0.059840,689468545,336248109
2023-10-17T08:00:00Z,-0.00004563,0.059130,1465886074,701875406
2023-10-17T16:00:00Z,-0.00077759,0.058990,581546453,285381021
2023-10-18T00:00:00Z,0.00000767,0.058910,847011938,407903278
2023-10-18T08:00:00Z,-0.00071817,0.058520,799714991,394218651
2023-10-18T16:00:00Z,-0.00008589,0.058540,831394427,407108056
2023-10-19T00:00:00Z,-0.00023932,0.058170,1010855912,477485993
2023-10-19T08:00:00Z,-0.00024146,0.058400,721968413,364504557
2023-10-19T16:00:00Z,-0.00082218,0.058810,955630027,492105878
2023-10-20T00:00:00Z,-0.00121226,0.059350,1145199995,537414082
2023-10-20T08:00:00Z,-0.00053127,0.059860,1874032548,940546868
2023-10-20T16:00:00Z,0.00012835,0.059870,606998083,293678105
2023-10-21T00:00:00Z,-0.00087772,0.060390,614896952,313577600
2023-10-21T08:00:00Z,-0.00003443,0.061200,1186036151,587319403
2023-10-21T16:00:00Z,-0.00039552,0.061170,1293335959,634154995
2023-10-22T00:00:00Z,-0.00062892,0.060680,1489414473,699433005
2023-10-22T08:00:00Z,-0.00052097,0.060720,918733075,459500146
2023-10-22T16:00:00Z,0.00007818,0.061670,838313762,429384322
2023-10-23T00:00:00Z,-0.00012274,0.062520,2792381804,1425685217
2023-10-23T08:00:00Z,-0.00001559,0.064140,5481143585,2760587071
2023-10-23T16:00:00Z,0,0.067450,4713929729,2253983753
2023-10-24T00:00:00Z,-0.00017420,0.066520,5019781538,2412727088
2023-10-24T08:00:00Z,-0.00083397,0.065670,4966254285,2414622102
2023-10-24T16:00:00Z,-0.00002468,0.066610,2375396979,1169505743
2023-10-25T00:00:00Z,0.00029369,0.065230,1900877720,908542439
2023-10-25T08:00:00Z,0.00038371,0.067830,3497641648,1774031762
2023-10-25T16:00:00Z,-0.00007031,0.068360,4779321653,2356637404
2023-10-26T00:00:00Z,0.00079151,0.072580,4685160381,2309923757
2023-10-26T08:00:00Z,0.00063800,0.070640,9857956469,4760602492
2023-10-26T16:00:00Z,0,0.071890,2382760996,1155675943
2023-10-27T00:00:00Z,0.00115418,0.070110,2176073928,1042453162
2023-10-27T08:00:00Z,0.00061760,0.070480,2116918109,1002348951
2023-10-27T16:00:00Z,0.00081596,0.067790,2746740402,1258937743
2023-10-28T00:00:00Z,0.00107602,0.068760,1211238124,613781480
2023-10-28T08:00:00Z,0.00088485,0.069000,1921451219,957943199
2023-10-28T16:00:00Z,0.00067274,0.069030,871669234,435576946
2023-10-29T00:00:00Z,0.00021973,0.068550,1111483035,508695287
2023-10-29T08:00:00Z,0.00099441,0.069500,1141425542,576309348
2023-10-29T16:00:00Z,0.00053749,0.069390,928069696,452533773
2023-10-30T00:00:00Z,0.00007455,0.068630,1163696383,546800455
2023-10-30T08:00:00Z,0.00031080,0.069830,1958212961,945733543
2023-10-30T16:00:00Z,0.00120422,0.069630,1575491563,733136563
2023-10-31T00:00:00Z,0.00089803,0.068560,1263999465,584748423
2023-10-31T08:00:00Z,0.00030547,0.067250,4265309296,1989068305
2023-10-31T16:00:00Z,-0.00071764,0.068260,1378571426,679590824
2023-11-01T00:00:00Z,0.00013532,0.066850,1306333243,608230426
2023-11-01T08:00:00Z,-0.00025338,0.066160,2316555726,1096353124
2023-11-01T16:00:00Z,0.00103453,0.068970,2742616341,1373216352
2023-11-02T00:00:00Z,0.00033828,0.069770,1934439620,934874158
2023-11-02T08:00:00Z,0,0.067510,3298684237,1573041477
2023-11-02T16:00:00Z,-0.00009090,0.067930,1537659201,712056184
2023-11-03T00:00:00Z,0.00100504,0.067530,1049795849,515407599
2023-11-03T08:00:00Z,0.00088224,0.067770,1110505363,537065914
2023-11-03T16:00:00Z,0,0.068130,795600458,386837512
2023-11-04T00:00:00Z,0.00023830,0.068790,766334198,362128027
2023-11-04T08:00:00Z,0,0.068300,928167440,432977596
2023-11-04T16:00:00Z,0.00065494,0.069140,586601566,296454287
2023-11-05T00:00:00Z,0.00082064,0.069660,1186148226,591518513
2023-11-05T08:00:00Z,0.00071242,0.069930,2656228208,1281082153
2023-11-05T16:00:00Z,0.00033406,0.071110,1887764869,944283250
2023-11-06T00:00:00Z,0,0.071360,2030984439,982971314
2023-11-06T08:00:00Z,0.00106648,0.073880,3124291799,1528154034
2023-11-06T16:00:00Z,-0.00010179,0.076430,4496294018,2246672032
2023-11-07T00:00:00Z,0.00059263,0.075490,2850387604,1332744934
2023-11-07T08:00:00Z,0.00076687,0.072300,3765509907,1783106884
2023-11-07T16:00:00Z,-0.00000300,0.073410,2884839604,1448006318
2023-11-08T00:00:00Z,0,0.073730,1039253410,502915450
2023-11-08T08:00:00Z,0.00036341,0.074070,1781175927,879634800
2023-11-08T16:00:00Z,0.00114430,0.075400,3182490508,1562773710
2023-11-09T00:00:00Z,0.00029163,0.075860,2136879164,1032520003
2023-11-09T08:00:00Z,0.00127815,0.075750,3820440951,1835589179
2023-11-09T16:00:00Z,0.00057426,0.073580,6207635550,2866982938
2023-11-10T00:00:00Z,0.00188171,0.074430,1861025439,915138936
2023-11-10T08:00:00Z,0.00014223,0.073320,2055073684,987870324
2023-11-10T16:00:00Z,0.00095000,0.075470,1629886039,835523363
2023-11-11T00:00:00Z,0.00010319,0.078580,5531177545,2778144617
2023-11-11T08:00:00Z,0.00079453,0.080190,4883353935,2403823086
2023-11-11T16:00:00Z,0.00018726,0.078500,3367842528,1581443684
2023-11-12T00:00:00Z,0.00041421,0.079470,2924204132,1407255018
2023-11-12T08:00:00Z,0.00000896,0.078520,2278468391,1074126637
2023-11-12T16:00:00Z,0.00102980,0.078010,1475394231,683537043
2023-11-13T00:00:00Z,0.00080881,0.077240,2433020014,1160739743
2023-11-13T08:00:00Z,0.00058342,0.077120,3092864123,1460501922
2023-11-13T16:00:00Z,-0.00031407,0.074550,2880900888,1365910269
2023-11-14T00:00:00Z,0.00048484,0.075210,1626536363,771877942
2023-11-14T08:00:00Z,0.00103757,0.074060,3276771682,1574203800
2023-11-14T16:00:00Z,0.00079260,0.072470,2994095591,1360021730
2023-11-15T00:00:00Z,0.00056574,0.073630,1157785557,604185254
2023-11-15T08:00:00Z,0.00109945,0.074480,1941901180,937606428
2023-11-15T16:00:00Z,0.00090099,0.076290,2295855488,1159844055
2023-11-16T00:00:00Z,0.00039447,0.079470,2423124678,1234161606
2023-11-16T08:00:00Z,0.00057892,0.076940,9364870578,4484123451
2023-11-16T16:00:00Z,0.00003740,0.079490,7885727647,3851015968
2023-11-17T00:00:00Z,0.00109427,0.082710,5669845780,2857409389
2023-11-17T08:00:00Z,0.00092899,0.080080,14280006563,6949939367
2023-11-17T16:00:00Z,0,0.086450,7157121113,3642440313
2023-11-18T00:00:00Z,0.00050822,0.083580,5798002931,2779553961
2023-11-18T08:00:00Z,0.00083861,0.081030,10254257025,5033819844
2023-11-18T16:00:00Z,0.00074760,0.080320,3037528072,1490846471
2023-11-19T00:00:00Z,0,0.079350,3493230568,1655870643
2023-11-19T08:00:00Z,0.00085617,0.078430,2762176190,1331201167
2023-11-19T16:00:00Z,0.00075419,0.080500,2688750919,1318048772
2023-11-20T00:00:00Z,0.00048522,0.081060,1947056468,984216359
2023-11-20T08:00:00Z,0.00030606,0.080500,3711511365,1820185728
2023-11-20T16:00:00Z,0.00088876,0.077740,3575636517,1674128373
2023-11-21T00:00:00Z,0.00044846,0.076300,2193112705,983203821
2023-11-21T08:00:00Z,0.00028529,0.075940,3439907018,1646647312
2023-11-21T16:00:00Z,0.00019687,0.071760,4690871249,2134269497
2023-11-22T00:00:00Z,0,0.074240,1609533606,817759103
2023-11-22T08:00:00Z,-0.00038443,0.074220,1418996644,700095061
2023-11-22T16:00:00Z,0.00027265,0.075740,2153117918,1058205684
2023-11-23T00:00:00Z,0.00053047,0.075790,965084539,441189869
2023-11-23T08:00:00Z,0,0.075060,1455640440,710049602
2023-11-23T16:00:00Z,0.00034893,0.076200,862942064,436640583
2023-11-24T00:00:00Z,0,0.077720,1266583567,640331756
2023-11-24T08:00:00Z,0.00085640,0.077920,2101715560,1021765128
2023-11-24T16:00:00Z,-0.00055147,0.078160,1589120473,786877664
2023-11-25T00:00:00Z,0.00078783,0.078870,1318881975,629971806
2023-11-25T08:00:00Z,0.00048256,0.078390,964445289,463764894
2023-11-25T16:00:00Z,0.00100632,0.078950,854164249,446692266
2023-11-26T00:00:00Z,-0.00001857,0.078260,779562873,369031617
2023-11-26T08:00:00Z,0.00055212,0.077330,1394507459,647877463
2023-11-26T16:00:00Z,-0.00019791,0.078650,2141514205,1028110139
2023-11-27T00:00:00Z,0,0.080890,4388128494,2194307769
2023-11-27T08:00:00Z,-0.00038870,0.077200,3163963607,1477921729
2023-11-27T16:00:00Z,-0.00013142,0.078830,1645987007,812008052
2023-11-28T00:00:00Z,0.00008714,0.077300,1646911214,809471458
2023-11-28T08:00:00Z,0.00023238,0.080000,3330428686,1726025942
2023-11-28T16:00:00Z,0.00042696,0.080870,2785661999,1441968364
2023-11-29T00:00:00Z,0.00015151,0.080970,1671630811,849864357
2023-11-29T08:00:00Z,0.00008943,0.080280,4439731791,2214746424
2023-11-29T16:00:00Z,-0.00034430,0.080470,1641438759,815329408
2023-11-30T00:00:00Z,0,0.081650,1608068486,810951658
2023-11-30T08:00:00Z,0.00021604,0.082410,3281866798,1714126313
2023-11-30T16:00:00Z,-0.00008826,0.083470,2555707137,1330065325
2023-12-01T00:00:00Z,0,0.084240,2785278552,1414424426
2023-12-01T08:00:00Z,0,0.082980,2038032164,954614249
2023-12-01T16:00:00Z,0.00023998,0.083850,1612665796,796211716
2023-12-02T00:00:00Z,0.00046979,0.083810,1142945225,545563746
2023-12-02T08:00:00Z,0.00032584,0.084360,1097205486,554131912
2023-12-02T16:00:00Z,0.00059861,0.086230,2456369268,1285806901
2023-12-03T00:00:00Z,0.00053425,0.085460,1671642753,817805965
2023-12-03T08:00:00Z,0.00041852,0.084040,1561336744,714617280
2023-12-03T16:00:00Z,0.00069515,0.085740,2435407138,1240828949
2023-12-04T00:00:00Z,0.00141811,0.090620,4548554947,2318091204
2023-12-04T08:00:00Z,0.00022932,0.089390,5413182222,2594683668
2023-12-04T16:00:00Z,0.00086899,0.091970,2992117575,1523043405
2023-12-05T00:00:00Z,0.00106973,0.088490,2658133470,1194916558
2023-12-05T08:00:00Z,-0.00015867,0.089820,2256633820,1112442725
2023-12-05T16:00:00Z,0.00114504,0.094390,6135658951,3082425494
2023-12-06T00:00:00Z,-0.00064357,0.102720,9392529381,4662199317
2023-12-06T08:00:00Z,0.00039502,0.100840,9253544905,4536087709
2023-12-06T16:00:00Z,0.00052162,0.095000,4888589505,2264438900
2023-12-07T00:00:00Z,0.00111778,0.097700,2916032608,1468079111
2023-12-07T08:00:00Z,-0.00001426,0.096330,4401129282,2133435704
2023-12-07T16:00:00Z,0,0.095950,3680955535,1796872830
2023-12-08T00:00:00Z,0.00071516,0.097510,2104692324,1021237273
2023-12-08T08:00:00Z,0.00026783,0.097950,2511622226,1180850010
2023-12-08T16:00:00Z,0.00090592,0.101740,3604366878,1817733151
2023-12-09T00:00:00Z,0.00092418,0.104850,2526875110,1239197814
2023-12-09T08:00:00Z,0.00100677,0.101250,4053372075,1910464921
2023-12-09T16:00:00Z,0.00087420,0.098560,2190818743,1030732522
2023-12-10T00:00:00Z,0.00047676,0.100130,1448386811,730145801
2023-12-10T08:00:00Z,0.00019716,0.100790,2201611357,1074349266
2023-12-10T16:00:00Z,0.00075170,0.101970,1811682652,889942489
2023-12-11T00:00:00Z,0.00086528,0.097030,10002292441,4804239423
2023-12-11T08:00:00Z,0.00124028,0.095420,3383421169,1626052267
2023-12-11T16:00:00Z,-0.00036519,0.094130,3805283007,1837826043
2023-12-12T00:00:00Z,0,0.096880,2680379708,1334514671
2023-12-12T08:00:00Z,0.00119947,0.094140,2640622279,1281359690
2023-12-12T16:00:00Z,0.00033609,0.093850,2552838042,1232313009
2023-12-13T00:00:00Z,0.00033541,0.091590,2715117955,1301675197
2023-12-13T08:00:00Z,-0.00003240,0.093040,2090285710,999091740
2023-12-13T16:00:00Z,0.00093672,0.096470,2181058476,1091237974
2023-12-14T00:00:00Z,0.00069413,0.096400,1485331121,728162023
2023-12-14T08:00:00Z,0.00059667,0.095580,2503656917,1226416540
2023-12-14T16:00:00Z,0.00098917,0.098370,1968427699,985680492
2023-12-15T00:00:00Z,0.00125009,0.096030,1253558569,584419429
2023-12-15T08:00:00Z,0.00062827,0.094020,1886655939,887207007
2023-12-15T16:00:00Z,0.00086706,0.093050,1385054227,664156555
2023-12-16T00:00:00Z,0.00056857,0.093830,1210187520,602364475
2023-12-16T08:00:00Z,0.00071673,0.095080,1141439495,564543103
2023-12-16T16:00:00Z,-0.00010552,0.097150,2273747270,1145493183
2023-12-17T00:00:00Z,-0.00002736,0.093930,1740061933,784600849
2023-12-17T08:00:00Z,0.00041161,0.094650,1344645438,656309498
2023-12-17T16:00:00Z,0.00027363,0.092990,1524565743,756948400
2023-12-18T00:00:00Z,0.00092864,0.090940,1655829079,798255786
2023-12-18T08:00:00Z,0.00091257,0.089090,3784876349,1810619674
2023-12-18T16:00:00Z,0.00014056,0.092150,1381057023,692502736
2023-12-19T00:00:00Z,0.00041086,0.093200,1314761396,652107987
2023-12-19T08:00:00Z,0.00049696,0.091360,1619995165,805468835
2023-12-19T16:00:00Z,0,0.090250,1589499026,760681493
2023-12-20T00:00:00Z,0.00102788,0.090430,1372960803,673191909
2023-12-20T08:00:00Z,0.00108743,0.093030,2109722127,1093139645
2023-12-20T16:00:00Z,0.00139847,0.091580,2043254070,994359369
2023-12-21T00:00:00Z,0.00015912,0.091580,937545811,444702715
2023-12-21T08:00:00Z,0.00033812,0.091410,1649645696,786273824
2023-12-21T16:00:00Z,0.00123055,0.095090,5356244971,2670523290
2023-12-22T00:00:00Z,0.00135451,0.092680,2210040021,1055641015
2023-12-22T08:00:00Z,0.00052297,0.093880,1823947710,874725669
2023-12-22T16:00:00Z,0.00056091,0.095050,1460747827,739064225
2023-12-23T00:00:00Z,0.00041990,0.092640,1338847819,629206971
2023-12-23T08:00:00Z,0.00021342,0.093100,831335079,395692176
2023-12-23T16:00:00Z,0.00145720,0.093530,675289911,309152297
2023-12-24T00:00:00Z,0.00090251,0.093470,1390427757,680732098
2023-12-24T08:00:00Z,0.00102816,0.093820,1996617921,974113525
2023-12-24T16:00:00Z,0.00003048,0.091760,1611010567,733394681
2023-12-25T00:00:00Z,0.00125611,0.092670,1001648619,497611738
2023-12-25T08:00:00Z,0.00186800,0.093850,1330642276,655470381
2023-12-25T16:00:00Z,0.00148012,0.094450,1594157314,773834595
2023-12-26T00:00:00Z,0.00122397,0.092760,1649520674,780157266
2023-12-26T08:00:00Z,0.00079129,0.091610,1361668032,631934435
2023-12-26T16:00:00Z,0.00057878,0.091430,2490075069,1147660751
2023-12-27T00:00:00Z,0.00145419,0.091950,1280417501,626529562
2023-12-27T08:00:00Z,0.00076709,0.093360,1708294998,864663326
2023-12-27T16:00:00Z,0.00110705,0.093780,1161632689,573634873
2023-12-28T00:00:00Z,0.00108033,0.093550,1876579807,883847919
2023-12-28T08:00:00Z,0.00028743,0.091430,2081167546,1011448444
2023-12-28T16:00:00Z,0.00074683,0.091800,893622339,446141786
2023-12-29T00:00:00Z,0.00111765,0.091390,1361574363,630743264
2023-12-29T08:00:00Z,0.00047961,0.091660,1411640027,692705860
2023-12-29T16:00:00Z,0.00015242,0.091030,1767575469,811014888
2023-12-30T00:00:00Z,0.00054653,0.090550,794441027,385243709
2023-12-30T08:00:00Z,0.00020652,0.090890,860708594,406315500
2023-12-30T16:00:00Z,0.00042962,0.090070,572543160,287547613
2023-12-31T00:00:00Z,0.00132500,0.090570,552645375,270235616
2023-12-31T08:00:00Z,0.00058692,0.090190,584917510,295721548
2023-12-31T16:00:00Z,0.00082972,0.089570,888815945,423053013
2024-01-01T00:00:00Z,0.00143318,0.089720,723987324,348590254
2024-01-01T08:00:00Z,0.00138667,0.091140,631260778,322113774
2024-01-01T16:00:00Z,0.00022383,0.092090,849646861,430796289
2024-01-02T00:00:00Z,0.00040997,0.093550,1517256861,782264506
2024-01-02T08:00:00Z,0.00056008,0.091580,2169672181,1045615632
2024-01-02T16:00:00Z,0.00105367,0.091150,1113739281,542239087
2024-01-03T00:00:00Z,0.00032921,0.091710,766544316,367073573
2024-01-03T08:00:00Z,-0.00041631,0.082430,7292437110,3274319871
2024-01-03T16:00:00Z,-0.00068869,0.081970,2056323602,967293248
2024-01-04T00:00:00Z,-0.00027311,0.082260,1352662175,668602661
2024-01-04T08:00:00Z,-0.00029605,0.084040,2076288745,1029333032
2024-01-04T16:00:00Z,0.00028554,0.084000,1179061317,594550797
2024-01-05T00:00:00Z,-0.00073972,0.082810,2127788995,1033775243
2024-01-05T08:00:00Z,-0.00018526,0.081930,2184328826,1085043420
2024-01-05T16:00:00Z,0.00009905,0.082660,1975167929,965283663
2024-01-06T00:00:00Z,-0.00047389,0.080170,2257593797,1073698525
2024-01-06T08:00:00Z,0.00040161,0.081490,1135638911,574173063
2024-01-06T16:00:00Z,0.00014554,0.080580,850805173,458677005
2024-01-07T00:00:00Z,0.00019842,0.080730,993980229,510787495
2024-01-07T08:00:00Z,-0.00039035,0.079430,1196204150,597570133
2024-01-07T16:00:00Z,-0.00020983,0.078210,1834375037,881252137
2024-01-08T00:00:00Z,-0.00062641,0.077610,3376060990,1602074207
2024-01-08T08:00:00Z,0.00001202,0.079080,1765472659,889821853
2024-01-08T16:00:00Z,-0.00029965,0.081340,1611859882,805928012
2024-01-09T00:00:00Z,0.00069948,0.080490,1570030754,776788373
2024-01-09T08:00:00Z,-0.00025586,0.078250,2496392881,1192855522
2024-01-09T16:00:00Z,-0.00010585,0.079230,7703507105,3848866914
2024-01-10T00:00:00Z,0,0.078630,1390477872,678281332
2024-01-10T08:00:00Z,0,0.078350,2294054470,1117976314
2024-01-10T16:00:00Z,0.00046683,0.083090,3586357568,1760769490
2024-01-11T00:00:00Z,0.00029172,0.083820,2003825812,985822460
2024-01-11T08:00:00Z,0,0.084940,3958906717,1924838350
2024-01-11T16:00:00Z,-0.00003089,0.084570,1738943286,858663610
2024-01-12T00:00:00Z,0.00007175,0.084100,1251614991,620248651
2024-01-12T08:00:00Z,0.00044212,0.082720,1893549224,925975790
2024-01-12T16:00:00Z,0,0.080080,2819513480,1317675042
2024-01-13T00:00:00Z,0.00033900,0.080800,857410944,419509431
2024-01-13T08:00:00Z,-0.00000442,0.081200,1065041158,518287343
2024-01-13T16:00:00Z,0.00032107,0.080930,752393086,376264370
2024-01-14T00:00:00Z,-0.00054968,0.082520,1047712553,532131647
2024-01-14T08:00:00Z,-0.00023983,0.082020,2147520262,1046441691
2024-01-14T16:00:00Z,-0.00007088,0.080030,1524305327,732779184
2024-01-15T00:00:00Z,0.00043661,0.080910,817601566,381205973
2024-01-15T08:00:00Z,0.00056089,0.080310,1036211296,514189017
2024-01-15T16:00:00Z,0,0.081080,923155806,457899620
2024-01-16T00:00:00Z,0.00010074,0.080970,886354231,434760895
2024-01-16T08:00:00Z,0.00028056,0.081340,1702564828,823975153
2024-01-16T16:00:00Z,0,0.081360,699459244,350658428
2024-01-17T00:00:00Z,0.00017360,0.080430,672075929,316783663
2024-01-17T08:00:00Z,0.00027537,0.080080,1093538731,512903994
2024-01-17T16:00:00Z,0.00024138,0.080600,748458046,361041044
2024-01-18T00:00:00Z,-0.00050584,0.080730,606596353,287855875
2024-01-18T08:00:00Z,0.00018363,0.080100,889035229,401285180
2024-01-18T16:00:00Z,0,0.078090,2070742010,972999398
2024-01-19T00:00:00Z,-0.00043738,0.078130,974825546,479587025
2024-01-19T08:00:00Z,0.00043968,0.077450,1079630439,539892866
2024-01-19T16:00:00Z,0,0.078580,2052459965,1005229138
2024-01-20T00:00:00Z,0.00073329,0.079270,1042735447,531744260
2024-01-20T08:00:00Z,-0.00026069,0.079220,811055510,387102427
2024-01-20T16:00:00Z,0,0.087760,6207185754,3167494503
2024-01-21T00:00:00Z,0.00019032,0.085850,6233100113,3053242683
2024-01-21T08:00:00Z,0,0.087220,3224399911,1655276849
2024-01-21T16:00:00Z,0,0.085470,1752020604,823726299
2024-01-22T00:00:00Z,0.00019292,0.083390,2376758918,1147703062
2024-01-22T08:00:00Z,-0.00038923,0.084100,3076064098,1557972378
2024-01-22T16:00:00Z,0.00068208,0.080550,2688604156,1293244905
2024-01-23T00:00:00Z,0.00038947,0.079780,1460658017,692171197
2024-01-23T08:00:00Z,0.00005051,0.077530,3444512275,1661914713
2024-01-23T16:00:00Z,-0.00038577,0.078170,1149024131,565242519
2024-01-24T00:00:00Z,0,0.079550,1620074247,796628975
2024-01-24T08:00:00Z,0,0.079120,1579939441,756662058
2024-01-24T16:00:00Z,-0.00048234,0.079040,866015616,446544895
2024-01-25T00:00:00Z,-0.00006562,0.078190,966653835,465648410
2024-01-25T08:00:00Z,-0.00013870,0.077390,1324547017,644693715
2024-01-25T16:00:00Z,0,0.077930,685024540,335645638
2024-01-26T00:00:00Z,-0.00038191,0.077810,648131497,311257842
2024-01-26T08:00:00Z,-0.00044153,0.079460,1294806829,642028215
2024-01-26T16:00:00Z,0.00060791,0.079840,935010839,473246236
2024-01-27T00:00:00Z,-0.00021313,0.079360,555431800,272383940
2024-01-27T08:00:00Z,-0.00049929,0.079570,438922211,219375821
2024-01-27T16:00:00Z,-0.00005083,0.080100,846122613,436671374
2024-01-28T00:00:00Z,-0.00057045,0.080200,1013093235,467785456
2024-01-28T08:00:00Z,0.00036483,0.079630,881204570,421915791
2024-01-28T16:00:00Z,-0.00065464,0.078790,819839092,382507868
2024-01-29T00:00:00Z,0,0.078470,584943275,284036642
2024-01-29T08:00:00Z,-0.00062213,0.082170,3818267538,1901628407
2024-01-29T16:00:00Z,0,0.081350,1558798402,757881034
2024-01-30T00:00:00Z,0,0.081390,797057165,373153913
2024-01-30T08:00:00Z,0.00000244,0.081190,1349215991,682124078
2024-01-30T16:00:00Z,-0.00016732,0.079700,956175964,462963779
2024-01-31T00:00:00Z,-0.00002330,0.079750,744376653,354732273
2024-01-31T08:00:00Z,-0.00006056,0.079490,1123688295,515660797
2024-01-31T16:00:00Z,-0.00056883,0.078700,1027437359,483851362
2024-02-01T00:00:00Z,0.00019292,0.078830,887007924,417156364
2024-02-01T08:00:00Z,0.00018358,0.078940,580617527,279425524
2024-02-01T16:00:00Z,-0.00014316,0.079330,699957975,346131878
2024-02-02T00:00:00Z,-0.00028880,0.079770,608888372,285506634
2024-02-02T08:00:00Z,0,0.079370,708061058,338878742
2024-02-02T16:00:00Z,-0.00051637,0.079250,515396033,257146930
2024-02-03T00:00:00Z,-0.00052402,0.078980,309558681,145832590
2024-02-03T08:00:00Z,0,0.079040,391692981,191575659
2024-02-03T16:00:00Z,-0.00012106,0.078720,395899277,187706521
2024-02-04T00:00:00Z,-0.00055504,0.078630,405351985,188015962
2024-02-04T08:00:00Z,0,0.079100,460375609,222969802
2024-02-04T16:00:00Z,0.00022218,0.078280,923380984,427831606
2024-02-05T00:00:00Z,0.00044446,0.078750,829893279,396994736
2024-02-05T08:00:00Z,-0.00051914,0.078700,1217959661,614591951
2024-02-05T16:00:00Z,-0.00083365,0.078310,706881621,325333979
2024-02-06T00:00:00Z,-0.00035330,0.078450,364902165,174952869
2024-02-06T08:00:00Z,0.00027236,0.078570,673635936,340663292
2024-02-06T16:00:00Z,-0.00058979,0.078490,613095332,292100539
2024-02-07T00:00:00Z,0.00035325,0.078380,445554576,200031422
2024-02-07T08:00:00Z,0.00012430,0.078970,545313904,267079266
2024-02-07T16:00:00Z,-0.00027663,0.080130,963829790,510997479
2024-02-08T00:00:00Z,-0.00018033,0.079890,602824672,286638302
2024-02-08T08:00:00Z,-0.00055603,0.080670,917495094,462013006
2024-02-08T16:00:00Z,-0.00047253,0.079860,898392121,431441315
2024-02-09T00:00:00Z,0.00036168,0.081900,968882931,515026189
2024-02-09T08:00:00Z,0.00047417,0.081450,1537258615,747727438
2024-02-09T16:00:00Z,0.00007383,0.081570,901148158,456846705
2024-02-10T00:00:00Z,0.00040674,0.081260,591683498,294043208
2024-02-10T08:00:00Z,-0.00051232,0.081100,696690081,346091113
2024-02-10T16:00:00Z,0.00021395,0.081410,551379731,278466720
2024-02-11T00:00:00Z,0,0.082840,1139845959,597568811
2024-02-11T08:00:00Z,-0.00009427,0.081810,1100053544,536853653
2024-02-11T16:00:00Z,-0.00056051,0.081230,1058952752,503173437
2024-02-12T00:00:00Z,-0.00029037,0.080350,1068959076,522236339
2024-02-12T08:00:00Z,-0.00083897,0.081520,1047259855,500371468
2024-02-12T16:00:00Z,0.00024848,0.082290,1717510832,837734785
2024-02-13T00:00:00Z,0.00074729,0.082570,885327273,442957505
2024-02-13T08:00:00Z,0.00071527,0.081010,2208842922,1052150934
2024-02-13T16:00:00Z,0.00059698,0.081100,736075351,361256483
2024-02-14T00:00:00Z,0.00061443,0.081800,634644587,319219560
2024-02-14T08:00:00Z,0.00115433,0.083250,2598933146,1324525303
2024-02-14T16:00:00Z,0.00018937,0.085580,4128576407,2100606433
2024-02-15T00:00:00Z,0.00095053,0.085640,2626431357,1258893318
2024-02-15T08:00:00Z,0.00046923,0.085100,2200232076,1034225788
2024-02-15T16:00:00Z,0.00018859,0.085340,1552403236,768224184
2024-02-16T00:00:00Z,0.00107101,0.085190,1157591962,543870632
2024-02-16T08:00:00Z,0.00115886,0.085500,2524016487,1239124260
2024-02-16T16:00:00Z,0.00103479,0.085950,917789371,439182019
2024-02-17T00:00:00Z,-0.00010351,0.085220,833594844,400346158
2024-02-17T08:00:00Z,0.00110249,0.083030,1823763615,829947332
2024-02-17T16:00:00Z,0.00138555,0.083610,706688029,362184057
2024-02-18T00:00:00Z,0.00025956,0.083910,813122432,414231878
2024-02-18T08:00:00Z,0.00072951,0.083980,1002684628,485135621
2024-02-18T16:00:00Z,0.00017085,0.085230,1269156517,631095253
2024-02-19T00:00:00Z,0.00070658,0.086680,1235817305,600180737
2024-02-19T08:00:00Z,0.00030048,0.087600,1737186512,891566130
2024-02-19T16:00:00Z,0.00050946,0.089490,3058551890,1507317254
2024-02-20T00:00:00Z,0.00122513,0.087540,2438634006,1186391540
2024-02-20T08:00:00Z,0.00105518,0.084580,3190209009,1493679076
2024-02-20T16:00:00Z,0.00103385,0.086180,1480725819,726063693
2024-02-21T00:00:00Z,0.00090192,0.084300,1042299254,500144692
2024-02-21T08:00:00Z,0.00039325,0.083410,2006646734,926088053
2024-02-21T16:00:00Z,0.00046015,0.084620,1069322195,541388431
2024-02-22T00:00:00Z,0.00098643,0.085160,826713684,409540171
2024-02-22T08:00:00Z,0.00047265,0.084980,1276952967,625099250
2024-02-22T16:00:00Z,0.00158990,0.084170,876871266,413487733
2024-02-23T00:00:00Z,0,0.083660,631856873,295628237
2024-02-23T08:00:00Z,0,0.083830,1743633090,881777635
2024-02-23T16:00:00Z,0.00038828,0.084570,1311893122,619370497
2024-02-24T00:00:00Z,0.00029385,0.085140,895085611,421088200
2024-02-24T08:00:00Z,0.00026796,0.085810,990544163,503578453
2024-02-24T16:00:00Z,0,0.086220,735673928,376187540
2024-02-25T00:00:00Z,0.00088915,0.086040,671777130,319105326
2024-02-25T08:00:00Z,0.00026683,0.086370,1003954690,481026255
2024-02-25T16:00:00Z,0.00118592,0.086180,794657761,379441751
2024-02-26T00:00:00Z,0.00116937,0.085550,764856430,360059179
2024-02-26T08:00:00Z,0.00079456,0.086680,1320241580,648576860
2024-02-26T16:00:00Z,0.00064032,0.089330,2431999047,1275943574
2024-02-27T00:00:00Z,0.00085912,0.091880,2503997055,1245704558
2024-02-27T08:00:00Z,-0.00043848,0.096000,6404867216,3227548400
2024-02-27T16:00:00Z,0.00098063,0.097680,6529531084,3297510421
2024-02-28T00:00:00Z,0,0.096930,3063402082,1504292327
2024-02-28T08:00:00Z,0.00077027,0.100210,5788430061,2812071692
2024-02-28T16:00:00Z,0.00047569,0.115960,18412057326,9204792759
2024-02-29T00:00:00Z,0.00054078,0.128200,9176624863,4472354347
2024-02-29T08:00:00Z,0.00086540,0.134290,7657068015,3758957650
2024-02-29T16:00:00Z,0.00144648,0.117430,8003296704,3782071280
2024-03-01T00:00:00Z,0.00025222,0.118450,3865013736,1885186027
2024-03-01T08:00:00Z,0.00156492,0.124420,5123464398,2531008313
2024-03-01T16:00:00Z,0.00133102,0.139530,10055710120,5120994426
2024-03-02T00:00:00Z,0.00083896,0.146900,6190460216,3033804439
2024-03-02T08:00:00Z,0.00096271,0.137680,5937975528,2845519480
2024-03-02T16:00:00Z,0.00138526,0.142190,2983332223,1460749649
2024-03-03T00:00:00Z,-0.00041358,0.131360,4588968513,2116601552
2024-03-03T08:00:00Z,0.00044755,0.140390,4906671387,2437036260
2024-03-03T16:00:00Z,0.00013904,0.153650,6380919247,3210355938
2024-03-04T00:00:00Z,0,0.163890,6863793251,3471133480
2024-03-04T08:00:00Z,0.00274679,0.171980,6573864113,3197818194
2024-03-04T16:00:00Z,0.00139535,0.182180,10045419612,4897541240
2024-03-05T00:00:00Z,0.00127208,0.178340,10258913996,5064561629
2024-03-05T08:00:00Z,0.00141302,0.173040,6697200196,3222126821
2024-03-05T16:00:00Z,0.00009872,0.153020,17574293442,8308784657
2024-03-06T00:00:00Z,0.00035682,0.168070,6875689867,3352269005
2024-03-06T08:00:00Z,0.00037507,0.161290,6771619094,3253624412
2024-03-06T16:00:00Z,0.00133739,0.157970,3115983307,1545891131
2024-03-07T00:00:00Z,0.00061929,0.151230,4499912672,2230391428
2024-03-07T08:00:00Z,0.00027050,0.158890,4763064470,2332561576
2024-03-07T16:00:00Z,0.00154106,0.157810,3293521574,1630159463
2024-03-08T00:00:00Z,0.00017049,0.164870,4267217615,2103883791
2024-03-08T08:00:00Z,0.00011247,0.163590,6665491734,3275654082
2024-03-08T16:00:00Z,0.00003690,0.164670,4346571941,2144550512
2024-03-09T00:00:00Z,0.00088363,0.167890,2714906416,1309554957
2024-03-09T08:00:00Z,0.00103507,0.169990,2750395231,1346633634
2024-03-09T16:00:00Z,0.00105587,0.179010,5831382403,2947053180
2024-03-10T00:00:00Z,0.00092939,0.176250,2460428763,1238374556
2024-03-10T08:00:00Z,0.00055610,0.172410,3306652386,1541040439
2024-03-10T16:00:00Z,0.00108176,0.170070,2162197867,1021044454
2024-03-11T00:00:00Z,0.00135760,0.176420,3573366854,1756979537
2024-03-11T08:00:00Z,0.00060501,0.174460,3009523614,1443158791
2024-03-11T16:00:00Z,0.00220800,0.182360,2830458892,1453152956
2024-03-12T00:00:00Z,0.00077616,0.172570,2286557021,1047223951
2024-03-12T08:00:00Z,0.00058635,0.170170,2913855491,1371252183
2024-03-12T16:00:00Z,0.00092033,0.168270,4086622733,1950887172
2024-03-13T00:00:00Z,0.00060861,0.172480,2355489321,1179762906
2024-03-13T08:00:00Z,0.00083569,0.166890,2352188955,1090513132
2024-03-13T16:00:00Z,0.00029599,0.169110,1702997255,875358482
2024-03-14T00:00:00Z,0.00093526,0.186430,8695488413,4377427098
2024-03-14T08:00:00Z,0.00055813,0.172900,8493636619,4019576303
2024-03-14T16:00:00Z,0.00120232,0.177420,5624984147,2721979353
2024-03-15T00:00:00Z,0.00041255,0.167900,6024335785,2866872440
2024-03-15T08:00:00Z,0.00092937,0.162360,5866732423,2788386459
2024-03-15T16:00:00Z,0.00083673,0.163700,3367273559,1647660692
2024-03-16T00:00:00Z,0.00080390,0.163330,2022634550,983536049
2024-03-16T08:00:00Z,0.00049130,0.154030,3491111825,1718865563
2024-03-16T16:00:00Z,0.00062011,0.142610,6380281749,3066083296
2024-03-17T00:00:00Z,0.00012117,0.140980,3689838723,1846845528
2024-03-17T08:00:00Z,0.00048840,0.152930,3879052910,1952090241
2024-03-17T16:00:00Z,0.00031162,0.154390,3103655046,1586870837
2024-03-18T00:00:00Z,0.00042502,0.149520,2442635287,1165779309
2024-03-18T08:00:00Z,0.00069438,0.143810,3434206588,1634943704
2024-03-18T16:00:00Z,0.00098847,0.143620,2312855050,1162246990
2024-03-19T00:00:00Z,0.00057898,0.132840,5866228619,2825407473
2024-03-19T08:00:00Z,0.00093396,0.134310,5617346606,2785732415
2024-03-19T16:00:00Z,0.00018909,0.128870,3813183233,1909960315
2024-03-20T00:00:00Z,0.00031758,0.133460,4528227795,2215924967
2024-03-20T08:00:00Z,0.00140451,0.132410,3382264302,1718387525
2024-03-20T16:00:00Z,0.00078515,0.152230,7378354124,3748253365
2024-03-21T00:00:00Z,-0.00028754,0.153880,3347281857,1617286928
2024-03-21T08:00:00Z,0.00186595,0.157110,3357190013,1669835219
2024-03-21T16:00:00Z,0.00087834,0.155490,4556476332,2271366362
2024-03-22T00:00:00Z,0.00085435,0.163320,3738085928,1870050866
2024-03-22T08:00:00Z,0.00008518,0.149850,5455259963,2534978253
2024-03-22T16:00:00Z,0.00063460,0.153040,2643604407,1351486620
2024-03-23T00:00:00Z,0.00061174,0.161390,4317394708,2185860766
2024-03-23T08:00:00Z,0.00032879,0.166770,3777109697,1910098794
2024-03-23T16:00:00Z,0.00092248,0.162020,4014764116,1951698005
2024-03-24T00:00:00Z,0.00134216,0.174080,4701380279,2458776753
2024-03-24T08:00:00Z,0.00099525,0.175020,3340588717,1668897208
2024-03-24T16:00:00Z,0,0.176600,4192855724,2089733696
2024-03-25T00:00:00Z,0.00083849,0.171470,2517086908,1262923771
2024-03-25T08:00:00Z,0.00091909,0.183070,4799339635,2444098679
2024-03-25T16:00:00Z,0.00102233,0.175390,3198960719,1528378361
2024-03-26T00:00:00Z,0.00090368,0.179400,2233691601,1171701277
2024-03-26T08:00:00Z,0.00051093,0.178630,5754626277,2778190230
2024-03-26T16:00:00Z,0.00066819,0.182450,2760403354,1364697792
2024-03-27T00:00:00Z,0.00065125,0.183060,4219785869,2118618667
2024-03-27T08:00:00Z,0.00016724,0.187850,7068525236,3462348658
2024-03-27T16:00:00Z,0.00151414,0.190700,4782182938,2394131503
2024-03-28T00:00:00Z,0.00088554,0.200200,6465403927,3269689810
2024-03-28T08:00:00Z,0.00108977,0.217630,9999343289,5039758021
2024-03-28T16:00:00Z,0.00072769,0.220220,6045186250,3024271477
2024-03-29T00:00:00Z,0.00083475,0.209740,5282767950,2565384933
2024-03-29T08:00:00Z,0.00088942,0.208920,4281085379,2127368193
2024-03-29T16:00:00Z,0.00070900,0.213190,2727240747,1374953028
2024-03-30T00:00:00Z,0.00004421,0.206270,2973660344,1430679159
2024-03-30T08:00:00Z,0.00102447,0.203980,2260611832,1101688429
2024-03-30T16:00:00Z,0.00085392,0.199290,2885979794,1363519660
2024-03-31T00:00:00Z,0.00046288,0.207070,2105272838,1033114032
2024-03-31T08:00:00Z,0.00041305,0.212650,2214920944,1078107436
2024-03-31T16:00:00Z,0.00119799,0.220240,3376671091,1729294281
2024-04-01T00:00:00Z,0.00066561,0.207130,4401487469,2107412970
2024-04-01T08:00:00Z,0.00073913,0.199390,4578886093,2232225569
2024-04-01T16:00:00Z,0.00061077,0.205130,2420562281,1232014414
2024-04-02T00:00:00Z,0.00043543,0.186880,5052242456,2401856328
2024-04-02T08:00:00Z,0.00057370,0.181540,5796870606,2789043339
2024-04-02T16:00:00Z,0.00039891,0.182600,2826747407,1416810098
2024-04-03T00:00:00Z,0.00056638,0.184610,4392136286,2130913953
2024-04-03T08:00:00Z,0.00049931,0.179000,3931289646,1923425955
2024-04-03T16:00:00Z,0.00021044,0.175350,3019867217,1459070714
2024-04-04T00:00:00Z,0.00137625,0.179240,2655696767,1326601922
2024-04-04T08:00:00Z,0.00046745,0.183260,3027815919,1486166599
2024-04-04T16:00:00Z,0.00025423,0.180060,2890856156,1382960208
2024-04-05T00:00:00Z,0.00097948,0.174320,2138891407,1021629309
2024-04-05T08:00:00Z,0.00057169,0.176470,3350902887,1634708706
2024-04-05T16:00:00Z,0.00081338,0.177330,1622389650,806837739
2024-04-06T00:00:00Z,0.00079074,0.184550,2099679509,1075534696
2024-04-06T08:00:00Z,0.00107796,0.183430,2106923551,1018117423
2024-04-06T16:00:00Z,0.00014254,0.185850,1440061795,706284452
2024-04-07T00:00:00Z,0.00056495,0.195310,3716292212,1891616198
2024-04-07T08:00:00Z,0.00040889,0.200120,3524005082,1766603627
2024-04-07T16:00:00Z,0.00074265,0.199020,2347298157,1168402692
2024-04-08T00:00:00Z,0.00073480,0.206180,2899391020,1453562442
2024-04-08T08:00:00Z,0.00106507,0.203050,3228821421,1556015148
2024-04-08T16:00:00Z,0.00071668,0.202770,1559148746,780715659
2024-04-09T00:00:00Z,0.00106291,0.197400,2542948213,1217158280
2024-04-09T08:00:00Z,0.00088687,0.190230,3342373036,1606623486
2024-04-09T16:00:00Z,0.00084471,0.189270,1944045178,934599968
2024-04-10T00:00:00Z,0.00020902,0.190440,2241437148,1107337760
2024-04-10T08:00:00Z,0.00056050,0.193350,3836998689,1867967963
2024-04-10T16:00:00Z,0.00061573,0.199900,3873093104,1952810835
2024-04-11T00:00:00Z,0.00045611,0.201020,1891664937,920281340
2024-04-11T08:00:00Z,0.00011202,0.192660,4052137741,1921932113
2024-04-11T16:00:00Z,0.00060800,0.193930,2263883930,1107105956
2024-04-12T00:00:00Z,0.00062077,0.197980,2097311910,1047069106
2024-04-12T08:00:00Z,0.00024336,0.193400,3252282366,1578616392
2024-04-12T16:00:00Z,0.00010420,0.174060,9119589074,4229600943
2024-04-13T00:00:00Z,0.00011761,0.171290,3164712266,1520282728
2024-04-13T08:00:00Z,0.00032895,0.170660,2247031733,1098348667
2024-04-13T16:00:00Z,0,0.152560,14770921250,7012445388
2024-04-14T00:00:00Z,-0.00041191,0.158640,4532428740,2243851249
2024-04-14T08:00:00Z,0,0.151090,3955667863,1934037836
2024-04-14T16:00:00Z,-0.00080497,0.161970,5129390453,2555664285
2024-04-15T00:00:00Z,-0.00053488,0.165340,3369917956,1657363127
2024-04-15T08:00:00Z,-0.00013570,0.154390,3896751534,1898803808
2024-04-15T16:00:00Z,-0.00023512,0.161150,6762092184,3438575372
2024-04-16T00:00:00Z,-0.00051410,0.157230,3794264888,1848280750
2024-04-16T08:00:00Z,-0.00086704,0.147830,4675154256,2282149457
2024-04-16T16:00:00Z,-0.00010231,0.155940,2668823057,1326423517
2024-04-17T00:00:00Z,-0.00030636,0.154680,1766410757,893503453
2024-04-17T08:00:00Z,-0.00100401,0.145850,4088323845,1985300600
2024-04-17T16:00:00Z,-0.00059295,0.147470,2831503756,1420919634
2024-04-18T00:00:00Z,-0.00046392,0.142490,2548168190,1225339167
2024-04-18T08:00:00Z,-0.00013679,0.150500,4210599743,2088491828
2024-04-18T16:00:00Z,-0.00028435,0.152150,2217561782,1101643956
2024-04-19T00:00:00Z,0,0.151940,5242151769,2581492033
2024-04-19T08:00:00Z,-0.00045976,0.152520,2415066914,1177507113
2024-04-19T16:00:00Z,-0.00044146,0.156270,2478269171,1247385677
2024-04-20T00:00:00Z,-0.00078433,0.154430,2005523938,961957841
2024-04-20T08:00:00Z,-0.00003573,0.157900,1875674725,947997136
2024-04-20T16:00:00Z,-0.00038147,0.162510,3179425551,1567870341
2024-04-21T00:00:00Z,-0.00011078,0.163010,2110962936,1068777614
2024-04-21T08:00:00Z,-0.00030173,0.160130,1625224825,787842358
2024-04-21T16:00:00Z,-0.00065733,0.158150,2035374828,993358819
2024-04-22T00:00:00Z,-0.00013778,0.160420,2178429392,1062371568
2024-04-22T08:00:00Z,-0.00022177,0.158470,1755699486,845241108
2024-04-22T16:00:00Z,-0.00040236,0.161150,1486543973,755817675
2024-04-23T00:00:00Z,-0.00030063,0.157380,1290089845,620543044
2024-04-23T08:00:00Z,-0.00066322,0.161100,1797073701,905272784
2024-04-23T16:00:00Z,-0.00070368,0.159720,1152310224,545029754
2024-04-24T00:00:00Z,-0.00056687,0.161230,1966709942,971839547
2024-04-24T08:00:00Z,-0.00053959,0.152660,3323795109,1575687448
2024-04-24T16:00:00Z,-0.00012450,0.151300,2202355572,1100247918
2024-04-25T00:00:00Z,-0.00020622,0.150050,1528394351,742631991
2024-04-25T08:00:00Z,-0.00096316,0.151410,2039257397,1006240251
2024-04-25T16:00:00Z,-0.00052294,0.151230,1336359009,680697215
2024-04-26T00:00:00Z,-0.00088196,0.150110,1299811975,622602576
2024-04-26T08:00:00Z,-0.00087960,0.148120,1681138413,796959454
2024-04-26T16:00:00Z,-0.00035336,0.147920,886827835,436051064
2024-04-27T00:00:00Z,-0.00085579,0.145000,1889210114,881016683
2024-04-27T08:00:00Z,-0.00003447,0.145560,1122842830,558941945
2024-04-27T16:00:00Z,-0.00059011,0.147670,1133368541,560990867
2024-04-28T00:00:00Z,-0.00000146,0.150060,965823387,487674647
2024-04-28T08:00:00Z,-0.00035888,0.149880,879271845,444590060
2024-04-28T16:00:00Z,-0.00026309,0.146590,1041836722,468658143
2024-04-29T00:00:00Z,-0.00101654,0.141460,1883414545,861270899
2024-04-29T08:00:00Z,-0.00019200,0.143170,1927225618,961271813
2024-04-29T16:00:00Z,-0.00060764,0.143340,1444082937,712595576
2024-04-30T00:00:00Z,0,0.141990,1449135629,700244069
2024-04-30T08:00:00Z,-0.00064692,0.134290,3345869456,1589664231
2024-04-30T16:00:00Z,-0.00009597,0.133290,2610698296,1272350639
2024-05-01T00:00:00Z,-0.00017266,0.124620,3270519287,1574499102
2024-05-01T08:00:00Z,-0.00018991,0.120900,3544676482,1714270534
2024-05-01T16:00:00Z,-0.00050014,0.130140,4614899320,2287523631
2024-05-02T00:00:00Z,-0.00063319,0.126820,2069568413,1021771049
2024-05-02T08:00:00Z,-0.00039965,0.133370,3382315142,1710149011
2024-05-02T16:00:00Z,-0.00016920,0.131880,1522857806,723725180
2024-05-03T00:00:00Z,-0.00068206,0.132300,1691620560,832722194
2024-05-03T08:00:00Z,-0.00127518,0.138750,2489359062,1241345281
2024-05-03T16:00:00Z,-0.00091431,0.145970,2035435146,1084067095
2024-05-04T00:00:00Z,-0.00014039,0.150050,2658717757,1358769432
2024-05-04T08:00:00Z,-0.00081794,0.163210,7969952244,3961568483
2024-05-04T16:00:00Z,-0.00019806,0.160050,3004521395,1465125149
2024-05-05T00:00:00Z,-0.00073410,0.161610,3674501329,1827995834
2024-05-05T08:00:00Z,-0.00039931,0.161790,2409226953,1170752728
2024-05-05T16:00:00Z,-0.00061772,0.160890,1582718145,787269768
2024-05-06T00:00:00Z,-0.00010801,0.164150,2335156759,1202326176
2024-05-06T08:00:00Z,-0.00069014,0.158110,5243641755,2525480794
2024-05-06T16:00:00Z,-0.00002542,0.156420,1844292504,884756597
2024-05-07T00:00:00Z,-0.00051215,0.155930,1864961003,903687861
2024-05-07T08:00:00Z,-0.00068349,0.156320,2481010879,1213978823
2024-05-07T16:00:00Z,0.00010598,0.149970,1715911414,785690856
2024-05-08T00:00:00Z,0.00018545,0.147760,1507230033,727756761
2024-05-08T08:00:00Z,-0.00017740,0.148500,2437951051,1214591948
2024-05-08T16:00:00Z,-0.00062510,0.143110,1851437789,848746704
2024-05-09T00:00:00Z,-0.00053496,0.146000,1524201342,742193536
2024-05-09T08:00:00Z,-0.00088056,0.148800,2364638361,1215554255
2024-05-09T16:00:00Z,-0.00049121,0.152110,1741838885,879897119
2024-05-10T00:00:00Z,-0.00080776,0.152290,1299927650,649705771
2024-05-10T08:00:00Z,-0.00039062,0.144860,2289622825,1057775721
2024-05-10T16:00:00Z,0,0.143810,1863524323,868824032
2024-05-11T00:00:00Z,-0.00059434,0.144430,895252865,443352004
2024-05-11T08:00:00Z,-0.00018972,0.144470,1104691047,541274608
2024-05-11T16:00:00Z,-0.00026218,0.143000,641119927,312312433
2024-05-12T00:00:00Z,-0.00010787,0.140150,1232349799,540985366
2024-05-12T08:00:00Z,-0.00032531,0.143050,1394663513,737846088
2024-05-12T16:00:00Z,-0.00094450,0.141110,926268120,425023552
2024-05-13T00:00:00Z,-0.00103890,0.142670,2387692646,1146775479
2024-05-13T08:00:00Z,-0.00040913,0.152390,4760030312,2402227489
2024-05-13T16:00:00Z,-0.00050284,0.148560,3406555939,1694230015
2024-05-14T00:00:00Z,-0.00075955,0.152300,2703325054,1338551765
2024-05-14T08:00:00Z,-0.00037101,0.148120,4200123239,2105303022
2024-05-14T16:00:00Z,-0.00090553,0.145430,1746561972,837669625
2024-05-15T00:00:00Z,-0.00010752,0.149440,1267775755,659493910
2024-05-15T08:00:00Z,-0.00019049,0.151220,3384930122,1671578872
2024-05-15T16:00:00Z,-0.00060059,0.155270,2017360353,1006629670
2024-05-16T00:00:00Z,-0.00059678,0.156040,1701436676,864055406
2024-05-16T08:00:00Z,-0.00019912,0.151440,1919293471,919742025
2024-05-16T16:00:00Z,-0.00026368,0.149630,1023580319,484481022
2024-05-17T00:00:00Z,0,0.153680,1054346049,525759144
2024-05-17T08:00:00Z,-0.00000370,0.155550,1318687243,669259665
2024-05-17T16:00:00Z,-0.00020001,0.155490,1066571527,527625876
2024-05-18T00:00:00Z,-0.00084735,0.154500,886736172,422074082
2024-05-18T08:00:00Z,0,0.152820,1425375707,681250502
2024-05-18T16:00:00Z,0,0.152950,526479891,255008195
2024-05-19T00:00:00Z,0,0.153970,906432739,449286432
2024-05-19T08:00:00Z,-0.00054858,0.150320,1598519000,727730568
2024-05-19T16:00:00Z,-0.00008748,0.148990,849595099,390447547
2024-05-20T00:00:00Z,-0.00039654,0.150990,1361465286,694042150
2024-05-20T08:00:00Z,0.00028156,0.152290,1037903486,519367736
2024-05-20T16:00:00Z,0,0.165720,3698174336,1883433468
2024-05-21T00:00:00Z,0.00021817,0.164100,2015063194,961043069
2024-05-21T08:00:00Z,0.00076533,0.166320,3609348253,1852673598
2024-05-21T16:00:00Z,0.00073341,0.170350,2559808948,1250223648
2024-05-22T00:00:00Z,0,0.168170,2394815503,1180410639
2024-05-22T08:00:00Z,0.00041702,0.169810,2648096461,1311568125
2024-05-22T16:00:00Z,0.00066852,0.166370,1492927760,693563587
2024-05-23T00:00:00Z,0.00023671,0.167090,1040727250,522912501
2024-05-23T08:00:00Z,0.00039738,0.159540,3517107041,1647122137
2024-05-23T16:00:00Z,-0.00059803,0.159730,3195922976,1510725626
2024-05-24T00:00:00Z,0.00017567,0.158520,4706919667,2344914055
2024-05-24T08:00:00Z,0,0.166650,3976256404,1995069285
2024-05-24T16:00:00Z,0.00019979,0.163880,1568900271,773105507
2024-05-25T00:00:00Z,0.00012538,0.165590,1018899081,509895733
2024-05-25T08:00:00Z,0.00072436,0.167030,2107834730,1014687855
2024-05-25T16:00:00Z,0.00012272,0.174100,1480097334,779212775
2024-05-26T00:00:00Z,0.00053219,0.172730,1951786253,972578821
2024-05-26T08:00:00Z,0.00040865,0.167430,1848376627,877188549
2024-05-26T16:00:00Z,0.00056821,0.166250,904351137,436636157
2024-05-27T00:00:00Z,0.00094999,0.166000,977601562,487918240
2024-05-27T08:00:00Z,0.00050432,0.172580,2059906445,1040889631
2024-05-27T16:00:00Z,0.00082699,0.169190,1287855061,592854820
2024-05-28T00:00:00Z,0.00050644,0.163890,1744758583,797887683
2024-05-28T08:00:00Z,0.00040423,0.163990,2205037755,1046334980
2024-05-28T16:00:00Z,0.00037714,0.165110,1314956204,612420816
2024-05-29T00:00:00Z,0.00082843,0.166980,2090444213,1046108712
2024-05-29T08:00:00Z,0.00026594,0.163880,2176439339,1038220878
2024-05-29T16:00:00Z,0.00068276,0.163970,1355944535,658282476
2024-05-30T00:00:00Z,0.00066624,0.158470,1804304211,781035052
2024-05-30T08:00:00Z,0.00002369,0.164150,2464876132,1284375608
2024-05-30T16:00:00Z,0,0.159540,1669750176,766615909
2024-05-31T00:00:00Z,0.00032245,0.159910,862295566,414756401
2024-05-31T08:00:00Z,0.00046791,0.156710,1497037499,690102700
2024-05-31T16:00:00Z,0.00022294,0.159090,1372406853,637212963
2024-06-01T00:00:00Z,0.00012139,0.159140,476595242,237762299
2024-06-01T08:00:00Z,0.00045111,0.160190,682149669,348802892
2024-06-01T16:00:00Z,0.00107776,0.160430,505645904,248734602
2024-06-02T00:00:00Z,0.00079071,0.158820,600490621,284844480
2024-06-02T08:00:00Z,0.00054033,0.158840,831709651,399569779
2024-06-02T16:00:00Z,0.00034318,0.157180,924320340,439692567
2024-06-03T00:00:00Z,0.00090474,0.161670,1279344775,627945289
2024-06-03T08:00:00Z,0.00043262,0.161450,1602388562,769984643
2024-06-03T16:00:00Z,0.00039042,0.158410,738198392,364877248
2024-06-04T00:00:00Z,0.00078851,0.158350,835792725,394149726
2024-06-04T08:00:00Z,0.00038839,0.160390,867323099,433704520
2024-06-04T16:00:00Z,0.00117518,0.161480,839293057,435406889
2024-06-05T00:00:00Z,0.00018617,0.164120,1232626927,660398003
2024-06-05T08:00:00Z,0.00070482,0.163570,1077065584,512525382
2024-06-05T16:00:00Z,0.00067469,0.163410,605974632,295158704
2024-06-06T00:00:00Z,0.00019349,0.162230,570898936,275812935
2024-06-06T08:00:00Z,0.00104663,0.163130,1366511407,679974552
2024-06-06T16:00:00Z,0.00008284,0.160260,1088952902,506911788
2024-06-07T00:00:00Z,0.00027278,0.161100,586728931,280164539
2024-06-07T08:00:00Z,0.00083536,0.160110,1338281415,670291321
2024-06-07T16:00:00Z,0.00035028,0.148210,4253355372,1846168660
2024-06-08T00:00:00Z,0.00007303,0.148350,740630235,323523315
2024-06-08T08:00:00Z,0.00047070,0.146320,1167008509,553464756
2024-06-08T16:00:00Z,-0.00054318,0.145890,626262909,300141008
2024-06-09T00:00:00Z,-0.00048315,0.145690,635030403,313410881
2024-06-09T08:00:00Z,-0.00071108,0.146820,647587641,321267745
2024-06-09T16:00:00Z,0.00028618,0.146760,588205942,267543183
2024-06-10T00:00:00Z,-0.00005449,0.143370,770592289,361763443
2024-06-10T08:00:00Z,-0.00005198,0.147050,812374858,422101341
2024-06-10T16:00:00Z,0.00003757,0.144760,662128154,308540178
2024-06-11T00:00:00Z,0.00025607,0.141060,1616782544,740491144
2024-06-11T08:00:00Z,0.00015077,0.136770,1811156896,854472570
2024-06-11T16:00:00Z,-0.00014575,0.138010,1190362231,566660378
2024-06-12T00:00:00Z,-0.00040638,0.139980,937792625,479579962
2024-06-12T08:00:00Z,-0.00026546,0.149480,2756990101,1484090885
2024-06-12T16:00:00Z,-0.00037419,0.146240,1999544861,1027350218
2024-06-13T00:00:00Z,-0.00032560,0.143960,1055537092,527498860
2024-06-13T08:00:00Z,-0.00037968,0.141070,1724827031,860693703
2024-06-13T16:00:00Z,0.00010241,0.141110,734530122,366117371
2024-06-14T00:00:00Z,-0.00000286,0.142690,680709863,354326897
2024-06-14T08:00:00Z,-0.00036190,0.139380,1040403237,494062197
2024-06-14T16:00:00Z,-0.00037294,0.134880,2454536378,1010577031
2024-06-15T00:00:00Z,-0.00009592,0.136230,619132184,300448102
2024-06-15T08:00:00Z,-0.00059488,0.136830,634682464,320381125
2024-06-15T16:00:00Z,-0.00016774,0.136700,469330028,229042358
2024-06-16T00:00:00Z,0,0.136160,491219208,236582494
2024-06-16T08:00:00Z,-0.00024036,0.136900,485168431,247693231
2024-06-16T16:00:00Z,-0.00074578,0.137050,468949153,234062537
2024-06-17T00:00:00Z,-0.00007919,0.133750,895217527,420771660
2024-06-17T08:00:00Z,0,0.129490,2019296244,949472408
2024-06-17T16:00:00Z,-0.00086221,0.128690,2171384274,1004038749
2024-06-18T00:00:00Z,-0.00028403,0.122680,4104487565,1907193488
2024-06-18T08:00:00Z,0,0.119340,2260388603,1070187530
2024-06-18T16:00:00Z,-0.00018633,0.122160,1280188457,622601418
2024-06-19T00:00:00Z,-0.00045104,0.125390,1265370206,634084623
2024-06-19T08:00:00Z,-0.00029637,0.122100,1434319517,691928911
2024-06-19T16:00:00Z,-0.00011674,0.122420,753407477,383875458
2024-06-20T00:00:00Z,-0.00045684,0.125820,1040196460,523865770
2024-06-20T08:00:00Z,-0.00049894,0.122570,1633587953,814256830
2024-06-20T16:00:00Z,0,0.124470,818366527,415518802
2024-06-21T00:00:00Z,0,0.123420,773800531,354237760
2024-06-21T08:00:00Z,0.00001096,0.122730,1509245394,722558217
2024-06-21T16:00:00Z,0,0.124110,904440901,442092503
2024-06-22T00:00:00Z,-0.00027350,0.123960,478444929,235386240
2024-06-22T08:00:00Z,-0.00068288,0.125060,520758509,261939776
2024-06-22T16:00:00Z,-0.00084395,0.123680,535794639,254708702
2024-06-23T00:00:00Z,-0.00047466,0.124870,490440511,244701724
2024-06-23T08:00:00Z,-0.00021421,0.122660,712541703,330856027
2024-06-23T16:00:00Z,-0.00029006,0.122140,1606112392,801754300
2024-06-24T00:00:00Z,0,0.118450,1635219359,796118239
2024-06-24T08:00:00Z,0.00007224,0.116920,1979071059,968540174
2024-06-24T16:00:00Z,-0.00031041,0.118940,1489709998,732197809
2024-06-25T00:00:00Z,-0.00024512,0.121930,1642952221,807110525
2024-06-25T08:00:00Z,0,0.127020,1297499361,674811907
2024-06-25T16:00:00Z,-0.00024079,0.126110,987891078,491734630
2024-06-26T00:00:00Z,-0.00035316,0.125760,859906320,418919926
2024-06-26T08:00:00Z,-0.00053977,0.123790,869279951,428315201
2024-06-26T16:00:00Z,0.00026261,0.122740,883105607,421819993
2024-06-27T00:00:00Z,-0.00003523,0.121190,633452801,312459571
2024-06-27T08:00:00Z,0,0.123580,1416950567,722572680
2024-06-27T16:00:00Z,-0.00028713,0.127070,1095371260,562741879
2024-06-28T00:00:00Z,-0.00015485,0.125280,842835025,408418471
2024-06-28T08:00:00Z,-0.00019955,0.125510,1314458822,635293966
2024-06-28T16:00:00Z,-0.00047623,0.123010,998871866,453777024
2024-06-29T00:00:00Z,-0.00035214,0.123910,435068971,225465600
2024-06-29T08:00:00Z,-0.00057340,0.123660,368615414,187464013
2024-06-29T16:00:00Z,-0.00010260,0.121800,384544570,182019177
2024-06-30T00:00:00Z,-0.00013921,0.122570,598701504,294444386
2024-06-30T08:00:00Z,-0.00061318,0.122770,437729380,219885702
2024-06-30T16:00:00Z,0,0.124450,642178101,314353373
2024-07-01T00:00:00Z,0.00035522,0.126390,720173172,352730869
2024-07-01T08:00:00Z,0.00020074,0.124690,854287119,412140974
2024-07-01T16:00:00Z,-0.00036373,0.123450,620520060,306361909
2024-07-02T00:00:00Z,-0.00096222,0.122920,560344316,267066065
2024-07-02T08:00:00Z,-0.00004347,0.122790,678713092,335121869
2024-07-02T16:00:00Z,-0.00028634,0.125290,580062832,298695786
2024-07-03T00:00:00Z,-0.00000334,0.121500,907423449,409809330
2024-07-03T08:00:00Z,-0.00008305,0.118170,1580079265,736218704
2024-07-03T16:00:00Z,-0.00001240,0.118420,821613200,400798845
2024-07-04T00:00:00Z,0.00001652,0.112090,2347784291,1084593867
2024-07-04T08:00:00Z,-0.00071925,0.109730,3295575650,1587012274
2024-07-04T16:00:00Z,0.00049154,0.104970,1525707469,754012270
2024-07-05T00:00:00Z,-0.00113108,0.096360,6286135768,3016969390
2024-07-05T08:00:00Z,-0.00084250,0.103360,2590620935,1320887432
2024-07-05T16:00:00Z,-0.00086459,0.105370,1400105707,704429734
2024-07-06T00:00:00Z,-0.00079099,0.108050,1755210935,884954359
2024-07-06T08:00:00Z,-0.00012143,0.109160,1482198685,721607047
2024-07-06T16:00:00Z,-0.00060290,0.113370,1358881571,697365968
2024-07-07T00:00:00Z,-0.00061502,0.109940,1300134654,603453109
2024-07-07T08:00:00Z,-0.00082312,0.106730,1265843380,594000615
2024-07-07T16:00:00Z,-0.00073612,0.104090,943408525,467606190
2024-07-08T00:00:00Z,-0.00054666,0.104220,2186937135,1066395961
2024-07-08T08:00:00Z,-0.00123701,0.105420,2860976307,1413311787
2024-07-08T16:00:00Z,-0.00057969,0.107520,742361252,369554282
2024-07-09T00:00:00Z,-0.00024694,0.107910,902768204,445468250
2024-07-09T08:00:00Z,0.00003676,0.107770,1061094296,512874500
2024-07-09T16:00:00Z,-0.00088684,0.107510,566147702,283774730
2024-07-10T00:00:00Z,-0.00057886,0.109600,1003984557,494332725
2024-07-10T08:00:00Z,-0.00010725,0.109360,850606155,412821366
2024-07-10T16:00:00Z,-0.00045158,0.107940,611873325,294701026
2024-07-11T00:00:00Z,-0.00006863,0.108920,577477305,289962546
2024-07-11T08:00:00Z,-0.00042459,0.107260,1326561984,651998580
2024-07-11T16:00:00Z,-0.00077408,0.106560,581371802,274517508
2024-07-12T00:00:00Z,-0.00038194,0.106140,716583397,348333984
2024-07-12T08:00:00Z,-0.00027517,0.107260,654962708,321899573
2024-07-12T16:00:00Z,-0.00050636,0.107590,472852072,232625579
2024-07-13T00:00:00Z,-0.00047176,0.109270,435551123,215796753
2024-07-13T08:00:00Z,0.00001591,0.110710,749095985,388546121
2024-07-13T16:00:00Z,-0.00049235,0.112270,996098152,517322427
2024-07-14T00:00:00Z,-0.00041325,0.113500,1015417698,484460284
2024-07-14T08:00:00Z,-0.00079342,0.112690,652082798,307684349
2024-07-14T16:00:00Z,-0.00071186,0.115260,730894604,358965551
2024-07-15T00:00:00Z,0.00002729,0.118660,1067334732,527970450
2024-07-15T08:00:00Z,-0.00116612,0.118590,1354660982,705738869
2024-07-15T16:00:00Z,-0.00074954,0.124820,1408494423,714610327
2024-07-16T00:00:00Z,-0.00025004,0.120780,1766283484,860916639
2024-07-16T08:00:00Z,-0.00078362,0.125580,1401867957,673798456
2024-07-16T16:00:00Z,-0.00045133,0.124740,1099068613,530543443
2024-07-17T00:00:00Z,-0.00028244,0.125340,836432054,397232152
2024-07-17T08:00:00Z,-0.00083834,0.122840,1276399597,612068291
2024-07-17T16:00:00Z,-0.00038989,0.121720,971734181,489904200
2024-07-18T00:00:00Z,-0.00058381,0.121490,770401755,373819707
2024-07-18T08:00:00Z,-0.00020583,0.117920,1334324733,648984790
2024-07-18T16:00:00Z,0.00004338,0.119480,661147406,329007422
2024-07-19T00:00:00Z,-0.00034340,0.119130,711873677,356746506
2024-07-19T08:00:00Z,-0.00001849,0.123220,1056189588,533153950
2024-07-19T16:00:00Z,-0.00005280,0.125410,1052724081,525722569
2024-07-20T00:00:00Z,0.00003929,0.127410,1147518521,576965713
2024-07-20T08:00:00Z,0,0.134770,1982817578,1020635157
2024-07-20T16:00:00Z,0.00024581,0.134200,1799993433,875008316
2024-07-21T00:00:00Z,-0.00110320,0.130860,1066392504,498514580
2024-07-21T08:00:00Z,-0.00045053,0.131460,966187226,467123828
2024-07-21T16:00:00Z,-0.00001503,0.140250,4280039079,2171772213
2024-07-22T00:00:00Z,-0.00050152,0.136960,1784166163,838496738
2024-07-22T08:00:00Z,-0.00041476,0.139710,2324219303,1125146245
2024-07-22T16:00:00Z,-0.00049033,0.137700,1846295113,897194382
2024-07-23T00:00:00Z,-0.00031640,0.134460,1431162282,684519604
2024-07-23T08:00:00Z,-0.00077346,0.131830,2099820860,991256994
2024-07-23T16:00:00Z,0,0.130240,1268711897,626679307
2024-07-24T00:00:00Z,-0.00020280,0.132240,700971496,352509936
2024-07-24T08:00:00Z,-0.00046352,0.131540,1108103892,540437888
2024-07-24T16:00:00Z,-0.00082682,0.127860,1173918939,544125566
2024-07-25T00:00:00Z,-0.00069194,0.123570,1916416352,916802863
2024-07-25T08:00:00Z,0,0.124070,1229141455,590490988
2024-07-25T16:00:00Z,-0.00025430,0.125160,1239322367,615604187
2024-07-26T00:00:00Z,-0.00039477,0.129000,1032937190,522907961
2024-07-26T08:00:00Z,0.00007609,0.130140,889395077,425713638
2024-07-26T16:00:00Z,0.00010486,0.134160,1195971488,642546692
2024-07-27T00:00:00Z,-0.00075405,0.134150,616957415,299408334
2024-07-27T08:00:00Z,0.00001838,0.134510,1372415151,664415479
2024-07-27T16:00:00Z,0.00014970,0.131410,4425910027,2122839077
2024-07-28T00:00:00Z,-0.00027476,0.130450,1036744140,524598017
2024-07-28T08:00:00Z,-0.00104214,0.129400,808250346,396123385
2024-07-28T16:00:00Z,-0.00028916,0.129960,460834751,231901580
2024-07-29T00:00:00Z,0.00021765,0.134570,1386700175,703132465
2024-07-29T08:00:00Z,-0.00003368,0.129850,1533765221,709006441
2024-07-29T16:00:00Z,-0.00033957,0.128370,913802450,428131138
2024-07-30T00:00:00Z,-0.00032549,0.130040,794745379,404120853
2024-07-30T08:00:00Z,-0.00102212,0.127250,971053904,467500362
2024-07-30T16:00:00Z,-0.00087971,0.125420,1103226545,514047943
2024-07-31T00:00:00Z,-0.00111549,0.126010,756848175,364521526
2024-07-31T08:00:00Z,-0.00064962,0.126110,733632044,359430725
2024-07-31T16:00:00Z,0,0.121870,1250935451,586089224
2024-08-01T00:00:00Z,-0.00119159,0.120310,1221129619,575806678
2024-08-01T08:00:00Z,-0.00055391,0.115840,1374658383,636368171
2024-08-01T16:00:00Z,-0.00163342,0.118950,1936276695,944329086
2024-08-02T00:00:00Z,-0.00047981,0.116260,834235472,400524671
2024-08-02T08:00:00Z,-0.00130250,0.113200,1927533051,944800885
2024-08-02T16:00:00Z,-0.00104211,0.111490,1388894501,658325542
2024-08-03T00:00:00Z,0.00004520,0.113790,1220091937,609720988
2024-08-03T08:00:00Z,0.00000559,0.110540,980379172,476634183
2024-08-03T16:00:00Z,-0.00028538,0.108070,1923972222,945934274
2024-08-04T00:00:00Z,-0.00077604,0.106610,706904191,340734895
2024-08-04T08:00:00Z,0,0.103160,1355141905,641082565
2024-08-04T16:00:00Z,-0.00074804,0.103710,2461935884,1183829032
2024-08-05T00:00:00Z,-0.00121182,0.088730,8995755671,4247957294
2024-08-05T08:00:00Z,-0.00016900,0.095160,6671586787,3285902093
2024-08-05T16:00:00Z,-0.00054435,0.094300,2595280953,1272380692
2024-08-06T00:00:00Z,-0.00034524,0.099220,1912912734,930717495
2024-08-06T08:00:00Z,-0.00091440,0.097560,2407469451,1149013166
2024-08-06T16:00:00Z,-0.00055010,0.096380,1456915998,734967378
2024-08-07T00:00:00Z,-0.00061312,0.098770,1384575679,677657130
2024-08-07T08:00:00Z,-0.00013455,0.098050,2432838695,1180762942
2024-08-07T16:00:00Z,-0.00082755,0.095550,1959517153,964089009
2024-08-08T00:00:00Z,-0.00004844,0.099140,1516296414,733993141
2024-08-08T08:00:00Z,-0.00114435,0.103680,1930004978,981555340
2024-08-08T16:00:00Z,-0.00033847,0.107410,1642505932,850516038
2024-08-09T00:00:00Z,-0.00107774,0.104880,880001291,420607319
2024-08-09T08:00:00Z,-0.00040085,0.101620,1256454979,615840605
2024-08-09T16:00:00Z,-0.00016355,0.103780,726739534,359536626
2024-08-10T00:00:00Z,-0.00022348,0.104680,527237569,265872145
2024-08-10T08:00:00Z,-0.00102427,0.104210,454103013,219627548
2024-08-10T16:00:00Z,-0.00086119,0.105110,440198244,219269712
2024-08-11T00:00:00Z,-0.00037299,0.109730,1294537659,666435920
2024-08-11T08:00:00Z,-0.00023576,0.104580,1462126820,661606012
2024-08-11T16:00:00Z,-0.00071598,0.100530,1320856074,639997831
2024-08-12T00:00:00Z,-0.00056828,0.103040,924552820,468020134
2024-08-12T08:00:00Z,-0.00066550,0.107080,2395531246,1200795054
2024-08-12T16:00:00Z,-0.00000973,0.107840,1346422646,638367422
2024-08-13T00:00:00Z,-0.00012597,0.104590,1343851759,626988431
2024-08-13T08:00:00Z,-0.00000542,0.105100,825479386,392859907
2024-08-13T16:00:00Z,-0.00008457,0.106300,822124073,410614077
2024-08-14T00:00:00Z,0,0.105630,480172351,234750020
2024-08-14T08:00:00Z,-0.00105254,0.103150,1572647886,729840403
2024-08-14T16:00:00Z,-0.00079092,0.102350,449246604,210320258
2024-08-15T00:00:00Z,0,0.102550,573135863,295829132
2024-08-15T08:00:00Z,-0.00058527,0.104260,942753414,475841349
2024-08-15T16:00:00Z,-0.00062669,0.100130,1794978654,819614811
2024-08-16T00:00:00Z,-0.00043020,0.101670,732423254,358542409
2024-08-16T08:00:00Z,-0.00132960,0.098240,1137727238,551255783
2024-08-16T16:00:00Z,-0.00019449,0.100280,881843040,453528806
2024-08-17T00:00:00Z,0.00010092,0.101190,332158040,163734302
2024-08-17T08:00:00Z,-0.00075766,0.102040,566894681,294210873
2024-08-17T16:00:00Z,0,0.102710,461278717,230981985
2024-08-18T00:00:00Z,0,0.102200,426277563,193403386
2024-08-18T08:00:00Z,-0.00022235,0.103190,820352200,410372492
2024-08-18T16:00:00Z,-0.00030055,0.099980,547073500,255587146
2024-08-19T00:00:00Z,-0.00085037,0.099790,577625927,304949930
2024-08-19T08:00:00Z,-0.00009999,0.099810,905304797,446244241
2024-08-19T16:00:00Z,-0.00106058,0.101270,630862696,321093095
2024-08-20T00:00:00Z,-0.00024262,0.105460,2087406951,1099580411
2024-08-20T08:00:00Z,-0.00054306,0.102120,1524227416,704550835
2024-08-20T16:00:00Z,-0.00089428,0.102860,696250362,347369780
2024-08-21T00:00:00Z,-0.00103813,0.104570,540644706,248585900
2024-08-21T08:00:00Z,-0.00029600,0.103700,954645252,456950905
2024-08-21T16:00:00Z,-0.00055432,0.106120,917944822,467961804
2024-08-22T00:00:00Z,-0.00008968,0.105830,573632101,284028297
2024-08-22T08:00:00Z,-0.00037798,0.105120,660021731,306958219
2024-08-22T16:00:00Z,-0.00089972,0.105220,417707885,199541547
2024-08-23T00:00:00Z,-0.00080859,0.107170,507956892,255126826
2024-08-23T08:00:00Z,0,0.109850,2426180133,1291118119
2024-08-23T16:00:00Z,-0.00010233,0.112880,1844037819,899200793
2024-08-24T00:00:00Z,-0.00090972,0.112310,604395260,289865146
2024-08-24T08:00:00Z,-0.00032168,0.112080,1092913128,525855867
2024-08-24T16:00:00Z,-0.00041752,0.112500,1380263572,678238728
2024-08-25T00:00:00Z,-0.00040143,0.108340,1220444903,553254354
2024-08-25T08:00:00Z,-0.00032487,0.110170,780919294,397967155
2024-08-25T16:00:00Z,-0.00018049,0.109540,744846304,366530261
2024-08-26T00:00:00Z,-0.00073504,0.108660,733807393,351308064
2024-08-26T08:00:00Z,-0.00021282,0.106970,1097505847,514849012
2024-08-26T16:00:00Z,-0.00026683,0.105130,954310965,458847486
2024-08-27T00:00:00Z,0,0.105970,447152237,218221985
2024-08-27T08:00:00Z,-0.00015020,0.103880,954586901,425270070
2024-08-27T16:00:00Z,-0.00040144,0.098840,2006659369,910646103
2024-08-28T00:00:00Z,-0.00010948,0.098010,791256748,348605029
2024-08-28T08:00:00Z,-0.00099233,0.099450,1107481262,547654824
2024-08-28T16:00:00Z,-0.00003591,0.099560,1297414109,619848004
2024-08-29T00:00:00Z,-0.00031873,0.100560,448891732,209263366
2024-08-29T08:00:00Z,0.00017893,0.101940,637440054,328211263
2024-08-29T16:00:00Z,-0.00056108,0.100310,1001898597,497845702
2024-08-30T00:00:00Z,0.00004580,0.100700,554720861,259592363
2024-08-30T08:00:00Z,0,0.098400,1343239372,670673245
2024-08-30T16:00:00Z,-0.00030669,0.101750,1451301300,733790476
2024-08-31T00:00:00Z,-0.00049691,0.101060,747214534,384136925
2024-08-31T08:00:00Z,0,0.101610,351470495,180207330
2024-08-31T16:00:00Z,0.00012975,0.101240,425581358,207553152
2024-09-01T00:00:00Z,0,0.099660,558574990,241804708
2024-09-01T08:00:00Z,-0.00138798,0.098470,840624397,362660668
2024-09-01T16:00:00Z,-0.00061925,0.095020,1222000543,547992190
2024-09-02T00:00:00Z,-0.00007255,0.094460,707512952,335330599
2024-09-02T08:00:00Z,0,0.097310,1057551732,535939132
2024-09-02T16:00:00Z,0,0.099070,844319718,423765256
2024-09-03T00:00:00Z,-0.00000001,0.099540,645828027,315371685
2024-09-03T08:00:00Z,0.00019995,0.096870,1010686856,480384434
2024-09-03T16:00:00Z,-0.00063976,0.096740,725495115,364618422
2024-09-04T00:00:00Z,-0.00088506,0.096290,1779698265,851548201
2024-09-04T08:00:00Z,-0.00125309,0.098460,1309239905,650099511
2024-09-04T16:00:00Z,-0.00013984,0.097970,835770250,428745313
2024-09-05T00:00:00Z,0.00004854,0.097580,691139601,336731662
2024-09-05T08:00:00Z,-0.00062203,0.096830,1176476452,550060765
2024-09-05T16:00:00Z,-0.00084385,0.098370,908118342,452585048
2024-09-06T00:00:00Z,-0.00057013,0.097380,839241031,392750690
2024-09-06T08:00:00Z,-0.00031971,0.093640,2316088955,1095725784
2024-09-06T16:00:00Z,-0.00051640,0.092440,2555841897,1205330012
2024-09-07T00:00:00Z,-0.00068751,0.093940,752128507,364715392
2024-09-07T08:00:00Z,-0.00119009,0.095390,756322158,369097790
2024-09-07T16:00:00Z,-0.00036464,0.095340,727537372,375860682
2024-09-08T00:00:00Z,-0.00001589,0.095580,662084874,324015907
2024-09-08T08:00:00Z,-0.00058222,0.094320,688999829,333141554
2024-09-08T16:00:00Z,-0.00022341,0.096090,803226557,391498311
2024-09-09T00:00:00Z,-0.00052693,0.097100,1210185666,627605006
2024-09-09T08:00:00Z,-0.00045918,0.098850,1125000094,596358574
2024-09-09T16:00:00Z,-0.00023711,0.103750,2169598702,1153014184
2024-09-10T00:00:00Z,-0.00077228,0.103700,790062759,396055198
2024-09-10T08:00:00Z,-0.00024555,0.101580,1074973422,522364574
2024-09-10T16:00:00Z,-0.00083478,0.102740,692426787,361086643
2024-09-11T00:00:00Z,-0.00063456,0.100860,970875288,485620038
2024-09-11T08:00:00Z,-0.00044872,0.099920,1329662379,640487095
2024-09-11T16:00:00Z,-0.00070192,0.101250,853976341,406331524
2024-09-12T00:00:00Z,-0.00066735,0.102550,719801543,352048929
2024-09-12T08:00:00Z,-0.00017949,0.100650,863799009,414093188
2024-09-12T16:00:00Z,-0.00041025,0.102670,674606629,342975207
2024-09-13T00:00:00Z,-0.00044328,0.103390,813835152,425443281
2024-09-13T08:00:00Z,-0.00081450,0.107940,2122883861,1090086895
2024-09-13T16:00:00Z,0.00002985,0.106900,964232498,489524430
2024-09-14T00:00:00Z,-0.00014895,0.106630,658292687,324746595
2024-09-14T08:00:00Z,-0.00073223,0.105520,976037239,465438106
2024-09-14T16:00:00Z,-0.00073971,0.105340,486052774,254237701
2024-09-15T00:00:00Z,0.00006882,0.105700,494941643,234348716
2024-09-15T08:00:00Z,0.00043806,0.106160,660833847,337242195
2024-09-15T16:00:00Z,-0.00069533,0.102750,1014522542,463324070
2024-09-16T00:00:00Z,-0.00049413,0.102370,954527293,443722847
2024-09-16T08:00:00Z,-0.00071766,0.099860,990432571,443199257
2024-09-16T16:00:00Z,-0.00028443,0.099600,853051587,388426172
2024-09-17T00:00:00Z,-0.00077518,0.100800,555039954,268496124
2024-09-17T08:00:00Z,-0.00059291,0.102250,1227066341,600010172
2024-09-17T16:00:00Z,-0.00087356,0.101050,783207964,384123723
2024-09-18T00:00:00Z,-0.00037499,0.101530,565475471,267871085
2024-09-18T08:00:00Z,-0.00115980,0.099950,869165055,405593916
2024-09-18T16:00:00Z,-0.00035726,0.103810,1524470356,745786065
2024-09-19T00:00:00Z,0.00023425,0.104170,1003535723,491042558
2024-09-19T08:00:00Z,-0.00073905,0.104980,933993893,475230112
2024-09-19T16:00:00Z,-0.00032702,0.104970,1086491541,561915857
2024-09-20T00:00:00Z,-0.00036375,0.106620,1134754907,539703182
2024-09-20T08:00:00Z,-0.00008257,0.105120,1294332667,622567877
2024-09-20T16:00:00Z,-0.00061512,0.105480,533454143,251636931
2024-09-21T00:00:00Z,-0.00025874,0.105460,557756208,278955521
2024-09-21T08:00:00Z,-0.00034212,0.109250,1219203828,653235754
2024-09-21T16:00:00Z,0.00022527,0.109900,709018593,352512924
2024-09-22T00:00:00Z,0,0.107880,595922718,275347524
2024-09-22T08:00:00Z,-0.00045682,0.105630,928722769,433153255
2024-09-22T16:00:00Z,-0.00063329,0.106270,938131735,452828791
2024-09-23T00:00:00Z,0.00005871,0.107110,1215194207,601003722
2024-09-23T08:00:00Z,0,0.107190,984919521,484371242
2024-09-23T16:00:00Z,-0.00012321,0.108000,697645566,353207786
2024-09-24T00:00:00Z,-0.00014317,0.108180,939039584,460889951
2024-09-24T08:00:00Z,-0.00035109,0.107450,1420963197,697530891
2024-09-24T16:00:00Z,-0.00031845,0.109730,986635545,514731122
2024-09-25T00:00:00Z,-0.00051693,0.108950,992976395,489200194
2024-09-25T08:00:00Z,-0.00085284,0.108810,1051868585,506122580
2024-09-25T16:00:00Z,0.00004605,0.108430,1128696115,517112322
2024-09-26T00:00:00Z,-0.00040297,0.113420,2186319848,1182466189
2024-09-26T08:00:00Z,-0.00025493,0.116690,2560376232,1284674815
2024-09-26T16:00:00Z,-0.00080400,0.118130,2356728060,1173407962
2024-09-27T00:00:00Z,0,0.122850,2325463538,1149277798
2024-09-27T08:00:00Z,-0.00005288,0.126860,3138433738,1617237582
2024-09-27T16:00:00Z,0.00022061,0.123480,1375363323,663205769
2024-09-28T00:00:00Z,-0.00081312,0.121820,1582344380,740506534
2024-09-28T08:00:00Z,-0.00028124,0.130990,4194421912,2156785465
2024-09-28T16:00:00Z,-0.00081071,0.128050,1895407597,881705571
2024-09-29T00:00:00Z,-0.00060204,0.125920,1605868440,772913305
2024-09-29T08:00:00Z,0.00002946,0.126030,1566352711,774537895
2024-09-29T16:00:00Z,-0.00051547,0.124350,1263327531,626678697
2024-09-30T00:00:00Z,-0.00078226,0.122880,1663197350,808285749
2024-09-30T08:00:00Z,-0.00072206,0.117090,2124794428,930783114
2024-09-30T16:00:00Z,-0.00080249,0.114150,1684168461,770754184
2024-10-01T00:00:00Z,-0.00115416,0.118530,1278359348,638107502
2024-10-01T08:00:00Z,-0.00087699,0.110610,2713400869,1251333643
2024-10-01T16:00:00Z,-0.00069574,0.106790,3510363765,1702398012
2024-10-02T00:00:00Z,-0.00066235,0.108410,1087333456,522449635
2024-10-02T08:00:00Z,-0.00070276,0.106130,1884970633,914003690
2024-10-02T16:00:00Z,0,0.104590,1808571570,877698630
2024-10-03T00:00:00Z,-0.00065415,0.104600,885195734,428564773
2024-10-03T08:00:00Z,0.00007644,0.103970,2639541257,1251229269
2024-10-03T16:00:00Z,-0.00050933,0.105020,1111015493,550363319
2024-10-04T00:00:00Z,-0.00085025,0.107920,982328181,480116512
2024-10-04T08:00:00Z,-0.00067474,0.108180,1636621669,779951616
2024-10-04T16:00:00Z,-0.00044196,0.109180,838925331,411504778
2024-10-05T00:00:00Z,-0.00028615,0.108710,692823127,319682584
2024-10-05T08:00:00Z,0,0.109690,622692092,314041257
2024-10-05T16:00:00Z,-0.00087685,0.109370,791566043,381700507
2024-10-06T00:00:00Z,0.00003053,0.108920,446881980,215687035
2024-10-06T08:00:00Z,0.00013366,0.112100,1039510126,524121778
2024-10-06T16:00:00Z,0.00004794,0.111530,701461664,343302118
2024-10-07T00:00:00Z,-0.00047074,0.113610,1201919621,591954574
2024-10-07T08:00:00Z,0,0.111820,1597428764,748364769
2024-10-07T16:00:00Z,-0.00001233,0.108370,1430089086,677566157
2024-10-08T00:00:00Z,-0.00100029,0.107300,1099260835,525419020
2024-10-08T08:00:00Z,-0.00063956,0.106390,1187715781,571010198
2024-10-08T16:00:00Z,-0.00019811,0.107040,670557057,312192131
2024-10-09T00:00:00Z,0.00012137,0.108870,806179694,382212209
2024-10-09T08:00:00Z,-0.00080938,0.110570,1620812515,777990574
2024-10-09T16:00:00Z,0.00016288,0.107880,1181241026,550957337
2024-10-10T00:00:00Z,-0.00017742,0.107220,636804021,302919873
2024-10-10T08:00:00Z,-0.00022550,0.105350,1555590405,732179683
2024-10-10T16:00:00Z,-0.00050063,0.105960,1178694871,574915993
2024-10-11T00:00:00Z,-0.00077036,0.107690,847730891,392181026
2024-10-11T08:00:00Z,-0.00066037,0.109890,972240002,467261738
2024-10-11T16:00:00Z,-0.00065593,0.110750,988046591,485529340
2024-10-12T00:00:00Z,-0.00022737,0.111240,668444070,323404246
2024-10-12T08:00:00Z,-0.00094086,0.111320,785927278,387742994
2024-10-12T16:00:00Z,-0.00031285,0.111320,455433399,219101625
2024-10-13T00:00:00Z,0,0.111520,551144461,257231879
2024-10-13T08:00:00Z,-0.00026140,0.109490,1156398043,544847636
2024-10-13T16:00:00Z,-0.00013583,0.111360,745092650,378232819
2024-10-14T00:00:00Z,-0.00036010,0.112410,1492966909,747390574
2024-10-14T08:00:00Z,-0.00001022,0.115610,1511951458,731944214
2024-10-14T16:00:00Z,-0.00067983,0.116640,1347889925,659199498
2024-10-15T00:00:00Z,0.00038334,0.115850,1300659953,634004770
2024-10-15T08:00:00Z,-0.00041766,0.112860,3200032069,1503125136
2024-10-15T16:00:00Z,0,0.117470,1962431985,1011091823
2024-10-16T00:00:00Z,-0.00017026,0.120160,1983607883,1013004199
2024-10-16T08:00:00Z,-0.00056794,0.126160,6389633300,3242229589
2024-10-16T16:00:00Z,-0.00013852,0.125710,3368929050,1688265588
2024-10-17T00:00:00Z,0,0.122010,2251109436,1075173682
2024-10-17T08:00:00Z,-0.00060395,0.122720,2635593403,1302937991
2024-10-17T16:00:00Z,-0.00084154,0.129600,3765692785,1922769730
2024-10-18T00:00:00Z,-0.00054812,0.134700,4683887942,2393503029
2024-10-18T08:00:00Z,0,0.137610,3473036393,1754953470
2024-10-18T16:00:00Z,-0.00048883,0.137170,3284091061,1684214649
2024-10-19T00:00:00Z,-0.00041538,0.143980,3884548132,1960094976
2024-10-19T08:00:00Z,-0.00042703,0.143850,3516860010,1744922089
2024-10-19T16:00:00Z,-0.00062555,0.144020,2896813165,1419167447
2024-10-20T00:00:00Z,-0.00029600,0.142780,2168909134,1066330880
2024-10-20T08:00:00Z,-0.00069932,0.138330,2792964024,1307490186
2024-10-20T16:00:00Z,-0.00053750,0.142100,2045895077,1015784879
2024-10-21T00:00:00Z,-0.00033677,0.146160,4003513969,2023426682
2024-10-21T08:00:00Z,0,0.140770,3622465354,1756678161
2024-10-21T16:00:00Z,0.00006432,0.143630,2051752088,1041118581
2024-10-22T00:00:00Z,-0.00026526,0.144410,2790266754,1313921268
2024-10-22T08:00:00Z,-0.00029294,0.139370,3526430420,1696088408
2024-10-22T16:00:00Z,-0.00070228,0.139640,1987917818,944494244
2024-10-23T00:00:00Z,-0.00003041,0.139650,1846734247,928489532
2024-10-23T08:00:00Z,-0.00039545,0.139370,2891611888,1415018180
2024-10-23T16:00:00Z,-0.00005056,0.139980,2996824439,1491715328
2024-10-24T00:00:00Z,-0.00015828,0.138320,2174159695,1070911361
2024-10-24T08:00:00Z,-0.00045024,0.140560,2780633886,1361615510
2024-10-24T16:00:00Z,0,0.141880,1581120065,783669324
2024-10-25T00:00:00Z,-0.00058012,0.138060,1683624262,804596555
2024-10-25T08:00:00Z,-0.00086985,0.136330,2237911832,1096521168
2024-10-25T16:00:00Z,-0.00118665,0.131540,3707945648,1753200527
2024-10-26T00:00:00Z,0,0.134350,1620452838,794356171
2024-10-26T08:00:00Z,0.00008426,0.133460,1222285634,550122990
2024-10-26T16:00:00Z,0.00006668,0.137390,1286895029,643863699
2024-10-27T00:00:00Z,-0.00017489,0.138140,855554278,424081070
2024-10-27T08:00:00Z,-0.00005269,0.140990,1411565739,741569124
2024-10-27T16:00:00Z,0,0.144250,2517348600,1277371707
2024-10-28T00:00:00Z,0.00009747,0.143380,2871618261,1417767194
2024-10-28T08:00:00Z,0,0.147910,4835087338,2454886413
2024-10-28T16:00:00Z,0.00013825,0.161400,7005298561,3736227007
2024-10-29T00:00:00Z,-0.00026498,0.164720,5500906216,2768827154
2024-10-29T08:00:00Z,-0.00042339,0.172750,4450772733,2314282540
2024-10-29T16:00:00Z,-0.00009468,0.175870,7293224485,3629564245
2024-10-30T00:00:00Z,0.00019098,0.172670,3604820482,1720755088
2024-10-30T08:00:00Z,-0.00015887,0.165360,4470207059,2102277070
2024-10-30T16:00:00Z,0.00058520,0.168290,2021657559,1001953077
2024-10-31T00:00:00Z,0.00041286,0.172070,2199891713,1087499961
2024-10-31T08:00:00Z,0.00044654,0.166110,4351477181,2120470389
2024-10-31T16:00:00Z,0.00051044,0.161620,4495385794,2134280991
2024-11-01T00:00:00Z,0.00007978,0.156010,3520734663,1688922135
2024-11-01T08:00:00Z,0,0.159320,5698677802,2783657012
2024-11-01T16:00:00Z,-0.00027122,0.159130,3018083114,1512493608
2024-11-02T00:00:00Z,-0.00035584,0.161910,1912191669,945624561
2024-11-02T08:00:00Z,-0.00034499,0.156920,2562009895,1209769611
2024-11-02T16:00:00Z,-0.00002687,0.159520,1557560170,756244147
2024-11-03T00:00:00Z,-0.00026697,0.151810,4242825631,1984511137
2024-11-03T08:00:00Z,-0.00078527,0.145790,4878860015,2344503686
2024-11-03T16:00:00Z,-0.00030548,0.151290,4340154387,2169421313
2024-11-04T00:00:00Z,-0.00032460,0.150770,2719370963,1353889917
2024-11-04T08:00:00Z,-0.00086808,0.158110,5671940753,2827716346
2024-11-04T16:00:00Z,0,0.158170,5831628446,2900860310
2024-11-05T00:00:00Z,-0.00083123,0.167680,5651296617,2860658312
2024-11-05T08:00:00Z,-0.00054753,0.174580,8358940194,4226689975
2024-11-05T16:00:00Z,-0.00023906,0.169910,8200862089,3999508856
2024-11-06T00:00:00Z,0.00142233,0.199890,28146290055,14068058411
2024-11-06T08:00:00Z,-0.00007138,0.191690,14735427089,7256883027
2024-11-06T16:00:00Z,0,0.196460,6954635926,3436891072
2024-11-07T00:00:00Z,0.00079961,0.191680,6548937099,3154868947
2024-11-07T08:00:00Z,-0.00074769,0.194210,4823326884,2323367788
2024-11-07T16:00:00Z,0.00099361,0.193340,4330760662,2060617720
2024-11-08T00:00:00Z,0.00080721,0.199870,4760905536,2389138326
2024-11-08T08:00:00Z,0.00001380,0.197170,4360887237,2110103083
2024-11-08T16:00:00Z,0.00034496,0.202030,5635016158,2773508183
2024-11-09T00:00:00Z,0.00097958,0.209350,4105272910,2054433715
2024-11-09T08:00:00Z,0.00025840,0.205500,4128181227,1962615548
2024-11-09T16:00:00Z,0.00024013,0.219000,5240764125,2593517048
2024-11-10T00:00:00Z,0.00090040,0.226840,7180241393,3540035146
2024-11-10T08:00:00Z,0.00066320,0.247220,8881503886,4345530459
2024-11-10T16:00:00Z,0.00067863,0.277940,21593990207,10490760968
2024-11-11T00:00:00Z,-0.00006915,0.281650,12551060526,6009853187
2024-11-11T08:00:00Z,0.00048718,0.310050,12738588346,6215194685
2024-11-11T16:00:00Z,0.00196865,0.351840,17023782287,8407178893
2024-11-12T00:00:00Z,0.00062794,0.412040,21376552082,10523325241
2024-11-12T08:00:00Z,0.00108440,0.372170,34282176821,16569825210
2024-11-12T16:00:00Z,0.00067836,0.380200,12372078990,6028235577
2024-11-13T00:00:00Z,0.00101252,0.377660,16190932075,7951544469
2024-11-13T08:00:00Z,0.00112835,0.420430,14388733339,6991332328
2024-11-13T16:00:00Z,0.00003704,0.399030,10889115907,5276880398
2024-11-14T00:00:00Z,0.00066541,0.397940,5588263872,2732071967
2024-11-14T08:00:00Z,0.00163007,0.384180,10986555966,5113420487
2024-11-14T16:00:00Z,-0.00013087,0.362610,6593004279,3080905343
2024-11-15T00:00:00Z,0.00029941,0.366080,6315657733,3043900551
2024-11-15T08:00:00Z,-0.00071343,0.356660,6651469326,3297941748
2024-11-15T16:00:00Z,0.00139235,0.382030,5618463165,2830985085
2024-11-16T00:00:00Z,0.00027482,0.378860,4218212831,2040564363
2024-11-16T08:00:00Z,0.00040706,0.365870,4128182929,1956005110
2024-11-16T16:00:00Z,0.00041434,0.364350,2706127251,1274694895
2024-11-17T00:00:00Z,0.00073663,0.359260,5197688447,2453614337
2024-11-17T08:00:00Z,0.00061959,0.363570,4125853463,1999278887
2024-11-17T16:00:00Z,0.00109573,0.367370,2994210639,1440701048
2024-11-18T00:00:00Z,0.00067193,0.375440,3913555248,1996752056
2024-11-18T08:00:00Z,0.00074287,0.378100,5226784153,2537000427
2024-11-18T16:00:00Z,0.00088611,0.371440,4331246366,2067136584
2024-11-19T00:00:00Z,0.00047867,0.388560,4695595993,2347722503
2024-11-19T08:00:00Z,0.00054304,0.395070,6661575716,3253752089
2024-11-19T16:00:00Z,0.00020235,0.390800,8455192703,4181305085
2024-11-20T00:00:00Z,0.00016837,0.390040,3364820387,1546566346
2024-11-20T08:00:00Z,0.00104574,0.392970,4840012490,2329361124
2024-11-20T16:00:00Z,-0.00004529,0.377910,4823399930,2283065530
2024-11-21T00:00:00Z,0.00074494,0.385350,4159297695,1960423968
2024-11-21T08:00:00Z,0.00060340,0.380590,5004405054,2433037010
2024-11-21T16:00:00Z,0.00089808,0.387000,2704756194,1324443010
2024-11-22T00:00:00Z,0.00069203,0.391510,4833618730,2375431912
2024-11-22T08:00:00Z,0.00083086,0.403810,8191350422,4023908606
2024-11-22T16:00:00Z,0.00031219,0.413010,5856442093,2950520728
2024-11-23T00:00:00Z,0.00088763,0.461760,10883004760,5528254401
2024-11-23T08:00:00Z,0.00115632,0.455390,5571765449,2650094682
2024-11-23T16:00:00Z,0.00095189,0.430490,8477011518,4024529670
2024-11-24T00:00:00Z,0.00039354,0.438760,4110313288,1983309431
2024-11-24T08:00:00Z,0.00110872,0.402150,8018630606,3786438788
2024-11-24T16:00:00Z,0.00071782,0.430460,4361466200,2166334831
2024-11-25T00:00:00Z,0.00082833,0.428630,2581390697,1242287245
2024-11-25T08:00:00Z,0.00046438,0.414440,5693068155,2716692157
2024-11-25T16:00:00Z,0.00077851,0.392840,5388819276,2454484614
2024-11-26T00:00:00Z,0.00018837,0.398220,2778095878,1338152249
2024-11-26T08:00:00Z,0.00007923,0.379400,7671693814,3726826400
2024-11-26T16:00:00Z,0.00045675,0.387330,3654828708,1787897571
2024-11-27T00:00:00Z,0.00034322,0.397740,2994768052,1461117697
2024-11-27T08:00:00Z,0.00040119,0.401480,3687857635,1828722540
2024-11-27T16:00:00Z,0.00082390,0.401300,2515350990,1227962420
2024-11-28T00:00:00Z,0.00096351,0.403180,4018294302,1968365442
2024-11-28T08:00:00Z,0.00085181,0.392940,3001083376,1404068151
2024-11-28T16:00:00Z,0.00077071,0.401920,1395387055,680267714
2024-11-29T00:00:00Z,0.00057575,0.400690,1667513281,802318707
2024-11-29T08:00:00Z,0.00027516,0.418530,3398384660,1713990905
2024-11-29T16:00:00Z,0.00081495,0.426640,3649179837,1826318727
2024-11-30T00:00:00Z,0.00116489,0.431890,2643973045,1294832914
2024-11-30T08:00:00Z,0.00024280,0.422970,2586502914,1251041332
2024-11-30T16:00:00Z,0.00050167,0.421790,1499559168,721784415
2024-12-01T00:00:00Z,0.00081066,0.427430,3366204121,1626339657
2024-12-01T08:00:00Z,0.00091589,0.428650,2058471186,1000482083
2024-12-01T16:00:00Z,0.00121364,0.440920,4645057843,2283910200
2024-12-02T00:00:00Z,0.00059609,0.428840,6563387479,3210774220
2024-12-02T08:00:00Z,0.00033179,0.433750,6358912992,3069801181
2024-12-02T16:00:00Z,0.00071257,0.424970,3779903871,1800819679
2024-12-03T00:00:00Z,0.00064742,0.416960,2628649192,1283831142
2024-12-03T08:00:00Z,0.00141615,0.406380,5453659756,2524581687
2024-12-03T16:00:00Z,0.00053877,0.406700,2472357450,1163359910
2024-12-04T00:00:00Z,0.00104779,0.421120,2258477394,1128905883
2024-12-04T08:00:00Z,0.00090251,0.413370,2764496692,1319382227
2024-12-04T16:00:00Z,0.00167075,0.433180,4895187984,2388314962
2024-12-05T00:00:00Z,0.00097004,0.439970,9202175225,4521514509
2024-12-05T08:00:00Z,0.00027036,0.439300,5396052149,2564824161
2024-12-05T16:00:00Z,0.00050164,0.427180,4879745352,2279676802
2024-12-06T00:00:00Z,0.00108638,0.436970,2201823619,1078308701
2024-12-06T08:00:00Z,0.00092355,0.432780,3688890145,1765987891
2024-12-06T16:00:00Z,0.00067762,0.435050,1948380897,932146137
2024-12-07T00:00:00Z,0.00102016,0.448170,2795493303,1417171889
2024-12-07T08:00:00Z,0.00093634,0.453130,2930224832,1420315472
2024-12-07T16:00:00Z,0.00052149,0.453320,3748402107,1885855207
2024-12-08T00:00:00Z,0.00067638,0.465350,4766333773,2395013909
2024-12-08T08:00:00Z,0.00060650,0.461360,3935243885,1828554040
2024-12-08T16:00:00Z,0.00058107,0.466730,2094563401,1030571983
2024-12-09T00:00:00Z,0.00034830,0.446130,3431444817,1580104382
2024-12-09T08:00:00Z,0.00041938,0.434160,5712496335,2609481452
2024-12-09T16:00:00Z,-0.00008047,0.413930,8571735484,3920940740
2024-12-10T00:00:00Z,0.00012220,0.409100,5939536277,2733001404
2024-12-10T08:00:00Z,-0.00201365,0.372830,5592161968,2635467057
2024-12-10T16:00:00Z,-0.00056046,0.393720,5273935656,2593703403
2024-12-11T00:00:00Z,-0.00056403,0.386710,2896825517,1395062339
2024-12-11T08:00:00Z,-0.00003397,0.412880,3998302817,2044569783
2024-12-11T16:00:00Z,-0.00008970,0.414040,2611122204,1294609050
2024-12-12T00:00:00Z,-0.00014660,0.413810,2476261410,1174937779
2024-12-12T08:00:00Z,-0.00017207,0.414820,3039964248,1461907779
2024-12-12T16:00:00Z,-0.00027416,0.406000,2277093190,1082326883
2024-12-13T00:00:00Z,-0.00015243,0.404370,1527045842,747305700
2024-12-13T08:00:00Z,-0.00034929,0.402710,1922056001,949468051
2024-12-13T16:00:00Z,0.00000784,0.409010,1660602611,792521698
2024-12-14T00:00:00Z,-0.00010527,0.409270,1099189172,547292526
2024-12-14T08:00:00Z,-0.00036559,0.397060,1989333928,932439026
2024-12-14T16:00:00Z,-0.00065037,0.398050,2060476918,952961899
2024-12-15T00:00:00Z,-0.00041479,0.395780,1230129656,571243555
2024-12-15T08:00:00Z,-0.00029624,0.402840,1393258054,697933042
2024-12-15T16:00:00Z,-0.00023134,0.406420,1668012852,792026730
2024-12-16T00:00:00Z,-0.00013812,0.404290,1643337880,788739181
2024-12-16T08:00:00Z,-0.00013155,0.400140,2014729039,938473043
2024-12-16T16:00:00Z,-0.00026035,0.401850,2417433356,1134569995
2024-12-17T00:00:00Z,-0.00019596,0.397660,1578966423,759150798
2024-12-17T08:00:00Z,-0.00047720,0.398520,2520402395,1248637598
2024-12-17T16:00:00Z,-0.00064628,0.393930,1549561895,701776958
2024-12-18T00:00:00Z,-0.00057979,0.383660,2485715578,1144316207
2024-12-18T08:00:00Z,-0.00055347,0.384110,1689838822,833992603
2024-12-18T16:00:00Z,-0.00057307,0.358080,5433783174,2484774539
2024-12-19T00:00:00Z,-0.00034132,0.362830,4039244737,1862197293
2024-12-19T08:00:00Z,-0.00052590,0.351680,3205478779,1530331473
2024-12-19T16:00:00Z,-0.00032110,0.314160,10062355366,4719156713
2024-12-20T00:00:00Z,-0.00018517,0.316770,3603568625,1765438659
2024-12-20T08:00:00Z,-0.00095468,0.304490,13116751348,6264363375
2024-12-20T16:00:00Z,-0.00033334,0.317790,4241029790,2062550988
2024-12-21T00:00:00Z,-0.00104526,0.346100,4111161989,2025021738
2024-12-21T08:00:00Z,-0.00062855,0.326810,5533084748,2675233115
2024-12-21T16:00:00Z,-0.00052552,0.320270,3301167864,1594094788
2024-12-22T00:00:00Z,-0.00028850,0.312920,3410687760,1670312398
2024-12-22T08:00:00Z,-0.00055840,0.312780,3230447036,1594480000
2024-12-22T16:00:00Z,-0.00052201,0.312460,2770937459,1360501293
2024-12-23T00:00:00Z,-0.00043625,0.312410,3194264820,1598639267
2024-12-23T08:00:00Z,-0.00018144,0.305060,2635839606,1289125773
2024-12-23T16:00:00Z,-0.00022875,0.324810,2823241124,1421139099
2024-12-24T00:00:00Z,-0.00052629,0.321470,1373425688,672723051
2024-12-24T08:00:00Z,-0.00091840,0.336270,2267138460,1140286585
2024-12-24T16:00:00Z,-0.00040273,0.336960,1922433652,918352277
2024-12-25T00:00:00Z,-0.00056481,0.331340,1127722621,550017403
2024-12-25T08:00:00Z,-0.00031139,0.330450,1777379868,874266624
2024-12-25T16:00:00Z,-0.00051463,0.334200,1317574969,647667642
2024-12-26T00:00:00Z,-0.00057050,0.323550,1377327737,647988752
2024-12-26T08:00:00Z,-0.00062284,0.314290,2166562647,1042210102
2024-12-26T16:00:00Z,-0.00055298,0.312520,1465964737,704451567
2024-12-27T00:00:00Z,-0.00043977,0.311390,1393399145,676353690
2024-12-27T08:00:00Z,-0.00069756,0.311760,2308650033,1139128040
2024-12-27T16:00:00Z,-0.00007602,0.311760,1171609379,555191355
2024-12-28T00:00:00Z,-0.00041150,0.314870,872191469,441719198
2024-12-28T08:00:00Z,-0.00025408,0.318590,1025138677,513366787
2024-12-28T16:00:00Z,-0.00059447,0.324290,884453936,451840779
2024-12-29T00:00:00Z,-0.00033202,0.329220,842298934,416744014
2024-12-29T08:00:00Z,-0.00100803,0.319650,1123458052,510198231
2024-12-29T16:00:00Z,-0.00080629,0.314190,1336810245,657778101
2024-12-30T00:00:00Z,-0.00041948,0.320250,1362787953,667752703
2024-12-30T08:00:00Z,-0.00053254,0.310750,2029125821,991326906
2024-12-30T16:00:00Z,-0.00061027,0.313820,1943996322,964447325
2024-12-31T00:00:00Z,-0.00048137,0.312070,1009775027,503673981
2024-12-31T08:00:00Z,-0.00077321,0.327450,2047490664,1009847475
2024-12-31T16:00:00Z,-0.00064305,0.315820,1480868730,706597689
2025-01-01T00:00:00Z,-0.00036810,0.316650,763642135,390589726
2025-01-01T08:00:00Z,-0.00031658,0.320240,1153844520,556598082
2025-01-01T16:00:00Z,-0.00017431,0.325040,1137442635,569257695
2025-01-02T00:00:00Z,-0.00024477,0.334250,2052484338,1060652134
2025-01-02T08:00:00Z,-0.00038531,0.336890,2514446176,1211435823
2025-01-02T16:00:00Z,-0.00052144,0.338790,1002618323,496346124
2025-01-03T00:00:00Z,-0.00066814,0.336630,1084852545,529308034
2025-01-03T08:00:00Z,-0.00088541,0.365960,4094310011,2050184024
2025-01-03T16:00:00Z,-0.00024166,0.379810,3361901495,1660317337
2025-01-04T00:00:00Z,-0.00040505,0.387820,3059140764,1543235039
2025-01-04T08:00:00Z,-0.00055407,0.379210,2641289355,1275750655
2025-01-04T16:00:00Z,-0.00054670,0.394670,1916259478,957564085
2025-01-05T00:00:00Z,-0.00011215,0.389640,1350540381,669935120
2025-01-05T08:00:00Z,-0.00046622,0.383450,2157083130,1061948512
2025-01-05T16:00:00Z,-0.00019442,0.382190,961623341,481010847
2025-01-06T00:00:00Z,-0.00028770,0.382950,1903479467,905565016
2025-01-06T08:00:00Z,-0.00030514,0.389470,2162434292,1044124705
2025-01-06T16:00:00Z,-0.00025026,0.387670,1545324836,780087186
2025-01-07T00:00:00Z,-0.00017591,0.391560,1601498808,765541946
2025-01-07T08:00:00Z,-0.00098280,0.363770,4764013015,2255904247
2025-01-07T16:00:00Z,-0.00060396,0.347800,4285961477,2125830987
2025-01-08T00:00:00Z,-0.00039739,0.344300,3435690066,1666601042
2025-01-08T08:00:00Z,-0.00000385,0.346280,2518417359,1289053640
2025-01-08T16:00:00Z,-0.00070279,0.342060,3814685604,1814931808
2025-01-09T00:00:00Z,-0.00013812,0.331700,1648694025,782446243
2025-01-09T08:00:00Z,-0.00094242,0.332910,3469238209,1678236114
2025-01-09T16:00:00Z,-0.00074233,0.320710,2889253031,1415054115
2025-01-10T00:00:00Z,-0.00060104,0.335380,1642443725,828621141
2025-01-10T08:00:00Z,-0.00032180,0.328260,3125550779,1516600279
2025-01-10T16:00:00Z,-0.00065079,0.333640,1691963540,885194051
2025-01-11T00:00:00Z,-0.00030026,0.331660,718786767,324424371
2025-01-11T08:00:00Z,-0.00048483,0.334570,1020081479,512020617
2025-01-11T16:00:00Z,-0.00053579,0.341000,1393996098,713987967
2025-01-12T00:00:00Z,-0.00037645,0.339930,820268360,392934117
2025-01-12T08:00:00Z,-0.00054370,0.340320,1179839428,574671420
2025-01-12T16:00:00Z,-0.00046612,0.335730,969459412,454735562
2025-01-13T00:00:00Z,-0.00021735,0.328280,2134595918,1014969138
2025-01-13T08:00:00Z,-0.00110735,0.324460,4001135840,1909167375
2025-01-13T16:00:00Z,-0.00047203,0.337910,2115452095,1056737353
2025-01-14T00:00:00Z,-0.00029901,0.342600,1665923224,838175966
2025-01-14T08:00:00Z,-0.00062532,0.352860,2551297948,1292189212
2025-01-14T16:00:00Z,-0.00023615,0.355790,1789491321,877275263
2025-01-15T00:00:00Z,-0.00029656,0.360760,1765367813,875968655
2025-01-15T08:00:00Z,-0.00051562,0.370960,3952781518,1979267292
2025-01-15T16:00:00Z,-0.00062989,0.385090,1969783427,992791479
2025-01-16T00:00:00Z,-0.00023667,0.379630,1499539108,721890818
2025-01-16T08:00:00Z,0.00004613,0.381410,3928580199,1926170837
2025-01-16T16:00:00Z,-0.00030298,0.376320,2028225620,1003684033
2025-01-17T00:00:00Z,-0.00008929,0.395360,1862113652,978076584
2025-01-17T08:00:00Z,-0.00055631,0.412880,5131748811,2511984626
2025-01-17T16:00:00Z,-0.00067143,0.415120,2255532002,1087365916
2025-01-18T00:00:00Z,-0.00032301,0.395060,5788987170,2727057907
2025-01-18T08:00:00Z,-0.00131584,0.397420,3014995302,1501919361
2025-01-18T16:00:00Z,-0.00043027,0.396250,2871113677,1456461907
2025-01-19T00:00:00Z,-0.00008631,0.392360,3407315033,1742137270
2025-01-19T08:00:00Z,-0.00016613,0.388030,5663064321,2629241844
2025-01-19T16:00:00Z,-0.00027072,0.358220,4970740061,2306453316
2025-01-20T00:00:00Z,-0.00074255,0.376070,5087217447,2546436882
2025-01-20T08:00:00Z,-0.00025402,0.367620,3286005450,1603731885
2025-01-20T16:00:00Z,-0.00046177,0.354400,4716299343,2282246748
2025-01-21T00:00:00Z,-0.00070403,0.342250,2993281941,1454006325
2025-01-21T08:00:00Z,-0.00092406,0.379460,10257768527,5132950289
2025-01-21T16:00:00Z,-0.00044124,0.371660,2844924651,1343788663
2025-01-22T00:00:00Z,-0.00036906,0.364760,1310788081,632294657
2025-01-22T08:00:00Z,-0.00047979,0.360280,1925029477,918247207
2025-01-22T16:00:00Z,-0.00048375,0.362720,2357373120,1158409658
2025-01-23T00:00:00Z,-0.00069276,0.353790,1592019470,722569485
2025-01-23T08:00:00Z,-0.00046551,0.353860,2094935041,1034001846
2025-01-23T16:00:00Z,-0.00039122,0.351930,2607108687,1252905118
2025-01-24T00:00:00Z,-0.00037717,0.357400,1525438070,744526665
2025-01-24T08:00:00Z,-0.00012833,0.359870,1347978385,674680921
2025-01-24T16:00:00Z,-0.00044336,0.350650,1042140500,470522371
2025-01-25T00:00:00Z,-0.00033652,0.348370,892204655,451541268
2025-01-25T08:00:00Z,-0.00061885,0.356090,1405675337,750506164
2025-01-25T16:00:00Z,-0.00037320,0.353350,815698630,384177907
2025-01-26T00:00:00Z,-0.00054211,0.354490,576828245,288082311
2025-01-26T08:00:00Z,-0.00054972,0.350840,636852496,291156958
2025-01-26T16:00:00Z,-0.00077461,0.335790,1304439287,564400512
2025-01-27T00:00:00Z,-0.00044898,0.314960,3637722242,1647262306
2025-01-27T08:00:00Z,-0.00075639,0.326210,3107829915,1546269482
2025-01-27T16:00:00Z,-0.00058569,0.333770,1850251539,915497125
2025-01-28T00:00:00Z,-0.00044859,0.334160,1117286062,519155778
2025-01-28T08:00:00Z,-0.00043837,0.333000,1540567060,751480296
2025-01-28T16:00:00Z,-0.00062343,0.318530,1795435661,870917435
2025-01-29T00:00:00Z,-0.00033228,0.332190,954614288,477215145
2025-01-29T08:00:00Z,-0.00039316,0.324210,1219663371,596596521
2025-01-29T16:00:00Z,-0.00037783,0.323880,2187402762,1074669233
2025-01-30T00:00:00Z,-0.00020996,0.330920,798406495,386695861
2025-01-30T08:00:00Z,-0.00044770,0.336310,1058334307,546009831
2025-01-30T16:00:00Z,-0.00054815,0.331370,736301335,366925085
2025-01-31T00:00:00Z,-0.00056216,0.328010,625390060,298052568
2025-01-31T08:00:00Z,-0.00037903,0.339430,1795937894,905054318
2025-01-31T16:00:00Z,-0.00052275,0.328720,1627182598,802161239
2025-02-01T00:00:00Z,-0.00033030,0.325500,621355599,280001787
2025-02-01T08:00:00Z,-0.00037768,0.321900,917526459,459701508
2025-02-01T16:00:00Z,-0.00067516,0.307710,1851798265,840805163
2025-02-02T00:00:00Z,-0.00020496,0.300090,2384966591,1148133656
2025-02-02T08:00:00Z,-0.00051997,0.294480,2227575770,1057961507
2025-02-02T16:00:00Z,-0.00039582,0.267930,8262788479,4005989683
2025-02-03T00:00:00Z,-0.00041413,0.255660,11337534386,5355372763
2025-02-03T08:00:00Z,-0.00100318,0.268160,5845993423,2850480042
2025-02-03T16:00:00Z,-0.00051266,0.284690,4218707329,2051967636
2025-02-04T00:00:00Z,0,0.259690,3776739363,1847717301
2025-02-04T08:00:00Z,-0.00038147,0.268690,3398129332,1656006143
2025-02-04T16:00:00Z,-0.00082549,0.263310,3023849955,1518071689
2025-02-05T00:00:00Z,-0.00059366,0.265280,1268594834,623966763
2025-02-05T08:00:00Z,-0.00036720,0.263150,1468019976,710121656
2025-02-05T16:00:00Z,-0.00057172,0.256040,1786616367,872483767
2025-02-06T00:00:00Z,-0.00046068,0.263020,984423340,486085780
2025-02-06T08:00:00Z,-0.00043032,0.249100,1890091296,917766226
2025-02-06T16:00:00Z,-0.00076691,0.247730,1915018907,937301749
2025-02-07T00:00:00Z,-0.00035729,0.248790,1097663209,513110223
2025-02-07T08:00:00Z,-0.00004848,0.254420,2064434119,1044829174
2025-02-07T16:00:00Z,-0.00048885,0.246370,1745993683,869299770
2025-02-08T00:00:00Z,-0.00073489,0.247890,990118171,490563324
2025-02-08T08:00:00Z,-0.00024179,0.248530,802504000,399554680
2025-02-08T16:00:00Z,-0.00054176,0.252740,718033181,363995309
2025-02-09T00:00:00Z,-0.00008277,0.255840,782303920,385233846
2025-02-09T08:00:00Z,-0.00041180,0.253120,1031866033,506332853
2025-02-09T16:00:00Z,-0.00072469,0.248730,1358779778,661896188
2025-02-10T00:00:00Z,-0.00043466,0.250700,1651327595,804952013
2025-02-10T08:00:00Z,-0.00041789,0.251340,1224370260,620724981
2025-02-10T16:00:00Z,-0.00034510,0.255280,808698913,413400886
2025-02-11T00:00:00Z,-0.00031155,0.266350,1459864730,754908858
2025-02-11T08:00:00Z,-0.00041089,0.259010,1833272234,926247278
2025-02-11T16:00:00Z,-0.00064188,0.252920,1649365862,836916832
2025-02-12T00:00:00Z,-0.00053170,0.253350,1050567629,507789384
2025-02-12T08:00:00Z,-0.00045494,0.254320,2438570447,1203268390
2025-02-12T16:00:00Z,-0.00032770,0.264110,1851225783,930401233
2025-02-13T00:00:00Z,-0.00038864,0.258300,1204911874,564396703
2025-02-13T08:00:00Z,-0.00076677,0.257210,1271111200,649833652
2025-02-13T16:00:00Z,-0.00050874,0.262300,1431377719,723101879
2025-02-14T00:00:00Z,-0.00055181,0.263780,977553641,468491777
2025-02-14T08:00:00Z,-0.00073284,0.272090,2697866020,1411893036
2025-02-14T16:00:00Z,-0.00067430,0.271640,2397535758,1198257873
2025-02-15T00:00:00Z,-0.00074929,0.275100,1449214006,671363492
2025-02-15T08:00:00Z,-0.00041082,0.275200,1483090788,749416884
2025-02-15T16:00:00Z,-0.00042726,0.271610,953815951,463802441
2025-02-16T00:00:00Z,-0.00054894,0.269410,785690924,409798327
2025-02-16T08:00:00Z,-0.00045611,0.267540,1117176443,520558831
2025-02-16T16:00:00Z,-0.00047757,0.265450,812600688,392269497
2025-02-17T00:00:00Z,-0.00055843,0.259620,1206724048,552545125
2025-02-17T08:00:00Z,-0.00041944,0.260160,1459941620,737250222
2025-02-17T16:00:00Z,-0.00022255,0.258070,1364116763,648557442
2025-02-18T00:00:00Z,-0.00044119,0.250490,1286665297,619768565
2025-02-18T08:00:00Z,-0.00054998,0.246730,1514143445,739049362
2025-02-18T16:00:00Z,-0.00037700,0.251190,1417203514,706546296
2025-02-19T00:00:00Z,-0.00075799,0.253740,869120507,421446922
2025-02-19T08:00:00Z,-0.00039219,0.252240,1079568446,530459186
2025-02-19T16:00:00Z,-0.00077662,0.254670,874766366,443349432
2025-02-20T00:00:00Z,-0.00070077,0.254490,769701661,382683684
2025-02-20T08:00:00Z,-0.00039881,0.250850,1153343730,546816611
2025-02-20T16:00:00Z,-0.00053356,0.254580,979344750,494328492
2025-02-21T00:00:00Z,-0.00031313,0.253070,617721713,296461308
2025-02-21T08:00:00Z,-0.00006942,0.252230,2070770147,1037799412
2025-02-21T16:00:00Z,-0.00018295,0.239410,2568861830,1186804934
2025-02-22T00:00:00Z,-0.00052343,0.243760,907259990,444224321
2025-02-22T08:00:00Z,-0.00034947,0.245520,803371702,379234576
2025-02-22T16:00:00Z,-0.00055296,0.246430,633799901,313044726
2025-02-23T00:00:00Z,-0.00081003,0.246780,621855086,298710834
2025-02-23T08:00:00Z,-0.00054119,0.240620,759559378,351428565
2025-02-23T16:00:00Z,-0.00061415,0.242690,583485833,290421868
2025-02-24T00:00:00Z,-0.00024177,0.233130,1997984302,949710684
2025-02-24T08:00:00Z,-0.00049278,0.225370,2088450568,1010293884
2025-02-24T16:00:00Z,0,0.210370,3398385768,1604840180
2025-02-25T00:00:00Z,-0.00072779,0.203720,4655833702,2272586629
2025-02-25T08:00:00Z,-0.00077669,0.203410,4264882047,2118523561
2025-02-25T16:00:00Z,-0.00041750,0.211470,2467175164,1234486090
2025-02-26T00:00:00Z,-0.00085417,0.210020,1376084042,696722831
2025-02-26T08:00:00Z,-0.00031858,0.209830,2518401395,1243025545
2025-02-26T16:00:00Z,-0.00031198,0.203470,3307008205,1612876308
2025-02-27T00:00:00Z,-0.00058547,0.208610,1422009974,715515200
2025-02-27T08:00:00Z,-0.00075428,0.209030,1623100528,822159397
2025-02-27T16:00:00Z,-0.00072544,0.206780,1642818446,810300633
2025-02-28T00:00:00Z,-0.00044120,0.185270,5079131864,2452155094
2025-02-28T08:00:00Z,-0.00018936,0.197420,3374992364,1679145871
2025-02-28T16:00:00Z,-0.00062704,0.201760,1811231785,888028705
2025-03-01T00:00:00Z,-0.00036600,0.204080,1653107230,854180653
2025-03-01T08:00:00Z,-0.00073059,0.201990,1430252823,741444379
2025-03-01T16:00:00Z,-0.00052519,0.206630,1062641738,522852948
2025-03-02T00:00:00Z,-0.00055199,0.207030,996962398,485169530
2025-03-02T08:00:00Z,-0.00091222,0.210780,2861663382,1405990090
2025-03-02T16:00:00Z,-0.00027782,0.239180,5374635544,2686206738
2025-03-03T00:00:00Z,-0.00062184,0.222350,2495303943,1218078539
2025-03-03T08:00:00Z,-0.00048633,0.215100,2762573900,1397567870
2025-03-03T16:00:00Z,-0.00052996,0.199030,3913014486,1876109850
2025-03-04T00:00:00Z,-0.00040723,0.191930,2654606612,1306826705
2025-03-04T08:00:00Z,-0.00063057,0.192840,2695195511,1333851120
2025-03-04T16:00:00Z,-0.00037725,0.198980,2594479989,1288423235
2025-03-05T00:00:00Z,-0.00062003,0.199490,1370634949,679840305
2025-03-05T08:00:00Z,-0.00067464,0.199690,2001765111,996724270
2025-03-05T16:00:00Z,-0.00031221,0.204630,1024093278,528146263
2025-03-06T00:00:00Z,-0.00013078,0.208700,2300207176,1116553056
2025-03-06T08:00:00Z,-0.00028715,0.206620,2185118848,1073701946
2025-03-06T16:00:00Z,-0.00054053,0.201400,1697862212,852745730
2025-03-07T00:00:00Z,-0.00049349,0.200670,2167012334,1057021486
2025-03-07T08:00:00Z,-0.00026152,0.204860,1980779676,982617136
2025-03-07T16:00:00Z,-0.00055487,0.198290,2168372582,1065096979
2025-03-08T00:00:00Z,-0.00048534,0.196310,988589883,497322354
2025-03-08T08:00:00Z,-0.00055409,0.194540,996250029,489548022
2025-03-08T16:00:00Z,-0.00058060,0.192200,894048171,419148918
2025-03-09T00:00:00Z,-0.00032541,0.191330,848768531,394050451
2025-03-09T08:00:00Z,-0.00007502,0.177260,2396649601,1053179609
2025-03-09T16:00:00Z,-0.00042716,0.167990,4134011974,2021060936
2025-03-10T00:00:00Z,-0.00042829,0.173710,1921669828,964241407
2025-03-10T08:00:00Z,-0.00056806,0.167130,3701909638,1799871156
2025-03-10T16:00:00Z,-0.00018874,0.154010,3724373422,1809224560
2025-03-11T00:00:00Z,-0.00062500,0.158680,4182062281,2074605596
2025-03-11T08:00:00Z,-0.00072197,0.161080,3839387455,1905997311
2025-03-11T16:00:00Z,0.00022899,0.164500,2614235158,1291726135
2025-03-12T00:00:00Z,-0.00070594,0.165330,1966158887,980734382
2025-03-12T08:00:00Z,-0.00022984,0.165110,3489400236,1708816724
2025-03-12T16:00:00Z,-0.00058064,0.172310,1495425961,765793221
2025-03-13T00:00:00Z,-0.00054257,0.169680,1569561632,776101904
2025-03-13T08:00:00Z,-0.00027169,0.165930,2644777168,1253556014
2025-03-13T16:00:00Z,-0.00055280,0.165130,1633535129,826730794
2025-03-14T00:00:00Z,-0.00042970,0.168380,988327691,507746820
2025-03-14T08:00:00Z,-0.00042900,0.173340,1812080823,909256469
2025-03-14T16:00:00Z,-0.00025199,0.171850,1193301210,604238354
2025-03-15T00:00:00Z,-0.00057370,0.172040,835204804,405612295
2025-03-15T08:00:00Z,-0.00061137,0.176730,1016856148,515195465
2025-03-15T16:00:00Z,-0.00046705,0.175860,799828529,368264345
2025-03-16T00:00:00Z,-0.00031792,0.175440,855865440,433112846
2025-03-16T08:00:00Z,-0.00065903,0.168050,2009670618,988254448
2025-03-16T16:00:00Z,-0.00073271,0.168100,1538971127,759856646
2025-03-17T00:00:00Z,-0.00056494,0.172580,1565020141,813876697
2025-03-17T08:00:00Z,-0.00047396,0.172140,1483772262,731883870
2025-03-17T16:00:00Z,-0.00047925,0.173250,1169992498,590904292
2025-03-18T00:00:00Z,-0.00060004,0.167700,1685264941,804574216
2025-03-18T08:00:00Z,-0.00050001,0.163590,1512655717,714497899
2025-03-18T16:00:00Z,-0.00047133,0.167940,847619002,421434256
2025-03-19T00:00:00Z,-0.00035055,0.167170,753759038,369997256
2025-03-19T08:00:00Z,-0.00080822,0.173340,1720790008,891815073
2025-03-19T16:00:00Z,-0.00056828,0.177900,1981821301,1006219111
2025-03-20T00:00:00Z,-0.00073200,0.174080,1077026240,511119630
2025-03-20T08:00:00Z,-0.00060156,0.169630,1678854273,808641751
2025-03-20T16:00:00Z,-0.00047254,0.169380,1040049949,501756403
2025-03-21T00:00:00Z,-0.00049392,0.168360,836912552,398553889
2025-03-21T08:00:00Z,-0.00058722,0.165420,1206711247,563793501
2025-03-21T16:00:00Z,-0.00039289,0.167180,773534653,377594445
2025-03-22T00:00:00Z,-0.00045389,0.168840,524091995,248012869
2025-03-22T08:00:00Z,-0.00058966,0.167960,572872944,280732376
2025-03-22T16:00:00Z,-0.00047405,0.167290,570478610,293454441
2025-03-23T00:00:00Z,-0.00045202,0.169530,776818174,405737280
2025-03-23T08:00:00Z,-0.00058628,0.171940,862971756,457219405
2025-03-23T16:00:00Z,-0.00010988,0.172550,704045806,349913439
2025-03-24T00:00:00Z,-0.00058981,0.174830,1236665395,632952655
2025-03-24T08:00:00Z,-0.00015764,0.183380,2055564227,1069971643
2025-03-24T16:00:00Z,-0.00050628,0.182900,2082788834,1027001161
2025-03-25T00:00:00Z,-0.00019228,0.182940,1782665047,876873801
2025-03-25T08:00:00Z,-0.00056631,0.190670,2630096060,1322895362
2025-03-25T16:00:00Z,-0.00049036,0.190560,1953842705,975318803
2025-03-26T00:00:00Z,-0.00010428,0.201180,2350051110,1176826631
2025-03-26T08:00:00Z,-0.00052015,0.196110,3730380628,1804724180
2025-03-26T16:00:00Z,-0.00060064,0.194810,2630308688,1292019781
2025-03-27T00:00:00Z,-0.00044445,0.195950,1751221645,838381955
2025-03-27T08:00:00Z,-0.00053561,0.192000,2472372391,1208460279
2025-03-27T16:00:00Z,-0.00052094,0.190390,1435149471,707739741
2025-03-28T00:00:00Z,-0.00034388,0.181510,2094415893,972235959
2025-03-28T08:00:00Z,-0.00037766,0.179420,2535700887,1253025531
2025-03-28T16:00:00Z,-0.00042072,0.180130,1296951247,670810628
2025-03-29T00:00:00Z,-0.00032537,0.174670,1699599114,808184082
2025-03-29T08:00:00Z,-0.00051659,0.169760,2055374617,1003012670
2025-03-29T16:00:00Z,-0.00058505,0.169460,1649237455,799436863
2025-03-30T00:00:00Z,-0.00051429,0.170360,1265445414,623998890
2025-03-30T08:00:00Z,-0.00030764,0.168510,1171240124,578738623
2025-03-30T16:00:00Z,-0.00029524,0.166450,1445933566,699624724
2025-03-31T00:00:00Z,-0.00028873,0.163320,1935415027,954390422
2025-03-31T08:00:00Z,-0.00109139,0.166930,2845374336,1401662497
2025-03-31T16:00:00Z,-0.00038621,0.166580,1361051941,691695089
2025-04-01T00:00:00Z,-0.00048494,0.169530,1304150298,649192918
2025-04-01T08:00:00Z,-0.00028563,0.174870,2516506029,1285276747
2025-04-01T16:00:00Z,-0.00043206,0.173910,1051669436,528324581
2025-04-02T00:00:00Z,-0.00071877,0.169610,1444555700,706802225
2025-04-02T08:00:00Z,-0.00040379,0.176090,3104474907,1546116133
2025-04-02T16:00:00Z,-0.00044596,0.163760,3620207528,1770517132
2025-04-03T00:00:00Z,-0.00050608,0.164240,1474064184,695920867
2025-04-03T08:00:00Z,-0.00032955,0.158330,2757299780,1317230954
2025-04-03T16:00:00Z,-0.00058332,0.162220,1271149926,672632989
2025-04-04T00:00:00Z,-0.00052497,0.166230,1402488781,685518640
2025-04-04T08:00:00Z,-0.00020371,0.167480,4551994379,2217323197
2025-04-04T16:00:00Z,-0.00024779,0.171200,1861468905,963935192
2025-04-05T00:00:00Z,-0.00020954,0.169350,862593716,418520055
2025-04-05T08:00:00Z,-0.00043743,0.167150,1292370633,625572060
2025-04-05T16:00:00Z,-0.00068266,0.168870,556467221,284052964
2025-04-06T00:00:00Z,-0.00046107,0.164980,903992037,434327605
2025-04-06T08:00:00Z,-0.00071445,0.161690,1747906817,855164905
2025-04-06T16:00:00Z,-0.00058509,0.149150,4797916731,2268173122
2025-04-07T00:00:00Z,-0.00106004,0.132170,6246866566,3072807231
2025-04-07T08:00:00Z,-0.00040963,0.146940,8333164165,4165325498
2025-04-07T16:00:00Z,-0.00015992,0.149510,2936181467,1474309575
2025-04-08T00:00:00Z,-0.00062914,0.150680,1960381895,994373051
2025-04-08T08:00:00Z,-0.00016821,0.150770,3292598485,1651374704
2025-04-08T16:00:00Z,-0.00051535,0.142200,3651320322,1794687205
2025-04-09T00:00:00Z,-0.00091021,0.146750,3953790857,1974826019
2025-04-09T08:00:00Z,-0.00026210,0.146070,3857505868,1889315459
2025-04-09T16:00:00Z,-0.00015971,0.160280,4386842983,2202458129
2025-04-10T00:00:00Z,-0.00021880,0.156030,2271100114,1132068426
2025-04-10T08:00:00Z,-0.00050869,0.149500,2761848219,1333938325
2025-04-10T16:00:00Z,-0.00053515,0.153490,1729716468,850743282
2025-04-11T00:00:00Z,-0.00055409,0.157060,1264816150,624816582
2025-04-11T08:00:00Z,-0.00021219,0.158610,1902665524,957695309
2025-04-11T16:00:00Z,-0.00043736,0.159960,989443172,485436629
2025-04-12T00:00:00Z,-0.00024872,0.162890,1282834374,649201293
2025-04-12T08:00:00Z,-0.00018353,0.167390,1760765886,909383245
2025-04-12T16:00:00Z,-0.00037285,0.167570,1219577246,543288853
2025-04-13T00:00:00Z,-0.00021105,0.164030,1010356871,462580743
2025-04-13T08:00:00Z,-0.00047324,0.162230,1640663122,788313450
2025-04-13T16:00:00Z,-0.00026982,0.162520,2099327226,1030766407
2025-04-14T00:00:00Z,-0.00069349,0.164360,1668515526,793800439
2025-04-14T08:00:00Z,-0.00048426,0.160170,2019218131,983309116
2025-04-14T16:00:00Z,-0.00046904,0.158450,1275592877,594417262
2025-04-15T00:00:00Z,-0.00064082,0.159950,1095512090,531894436
2025-04-15T08:00:00Z,-0.00025050,0.155760,1982486560,953538394
2025-04-15T16:00:00Z,-0.00059709,0.153490,1030703439,493668792
2025-04-16T00:00:00Z,-0.00038312,0.152720,1203503425,599360177
2025-04-16T08:00:00Z,-0.00056744,0.155080,1772153253,939970822
2025-04-16T16:00:00Z,-0.00046183,0.154640,1888587535,934257057
2025-04-17T00:00:00Z,-0.00040144,0.156640,934033278,470030631
2025-04-17T08:00:00Z,-0.00058756,0.155170,1114974406,558820310
2025-04-17T16:00:00Z,-0.00042096,0.155790,1298809764,645517651
2025-04-18T00:00:00Z,-0.00048741,0.155070,806845583,416829094
2025-04-18T08:00:00Z,-0.00048822,0.156270,788744145,378238575
2025-04-18T16:00:00Z,-0.00047002,0.157530,815016685,405144319
2025-04-19T00:00:00Z,-0.00020546,0.159000,942355923,482987555
2025-04-19T08:00:00Z,-0.00035857,0.157740,776801308,383272234
2025-04-19T16:00:00Z,-0.00028714,0.157260,751494939,343543897
2025-04-20T00:00:00Z,-0.00043477,0.157010,876812668,402602428
2025-04-20T08:00:00Z,-0.00049037,0.152790,1418337148,616988765
2025-04-20T16:00:00Z,-0.00050507,0.155190,1192970434,606582990
2025-04-21T00:00:00Z,-0.00030839,0.161910,2003348414,999454266
2025-04-21T08:00:00Z,-0.00035857,0.160440,1869790747,914323439
2025-04-21T16:00:00Z,-0.00042735,0.159310,1602362205,804541532
2025-04-22T00:00:00Z,-0.00076947,0.163750,1768844644,865980490
2025-04-22T08:00:00Z,-0.00050959,0.171860,3109487508,1619811108
2025-04-22T16:00:00Z,-0.00012020,0.178570,2716881537,1340077465
2025-04-23T00:00:00Z,-0.00024897,0.182120,2542485890,1201061424
2025-04-23T08:00:00Z,-0.00062584,0.178380,3377110803,1599955972
2025-04-23T16:00:00Z,-0.00025679,0.178580,1535671351,756011849
2025-04-24T00:00:00Z,-0.00025533,0.172400,1856188809,873294980
2025-04-24T08:00:00Z,-0.00039220,0.178410,2572969145,1306408790
2025-04-24T16:00:00Z,-0.00011345,0.182460,1886166833,945534003
2025-04-25T00:00:00Z,-0.00037720,0.182400,1759816998,875597694
2025-04-25T08:00:00Z,-0.00049102,0.182630,3036363996,1484804012
2025-04-25T16:00:00Z,-0.00075352,0.181540,1470866037,710367705
2025-04-26T00:00:00Z,-0.00067423,0.185920,2521588110,1252668492
2025-04-26T08:00:00Z,-0.00079059,0.182350,1763671874,807859369
2025-04-26T16:00:00Z,-0.00036921,0.181820,771625826,394622312
2025-04-27T00:00:00Z,-0.00042162,0.180160,1546044920,738836508
2025-04-27T08:00:00Z,-0.00056150,0.180010,1578391090,773787966
2025-04-27T16:00:00Z,-0.00051011,0.179240,1000993008,468398551
2025-04-28T00:00:00Z,-0.00034548,0.181160,1919704440,907681558
2025-04-28T08:00:00Z,-0.00023352,0.175630,2283946633,1102873916
2025-04-28T16:00:00Z,-0.00032294,0.178980,1233041963,595989406
2025-04-29T00:00:00Z,-0.00030677,0.179630,1340667565,668789004
2025-04-29T08:00:00Z,-0.00061889,0.178020,1495922138,714930624
2025-04-29T16:00:00Z,-0.00070593,0.174530,1587596929,770759863
2025-04-30T00:00:00Z,-0.00065804,0.173360,981836590,438727679
2025-04-30T08:00:00Z,-0.00051718,0.169650,2590186271,1253088751
2025-04-30T16:00:00Z,-0.00052900,0.172170,1029591120,511278049
2025-05-01T00:00:00Z,-0.00063986,0.175230,821589043,414720311
2025-05-01T08:00:00Z,-0.00044692,0.180540,2110915380,1067942562
2025-05-01T16:00:00Z,-0.00042521,0.180570,1243332032,617434866
2025-05-02T00:00:00Z,-0.00029788,0.179270,1499840181,728264035
2025-05-02T08:00:00Z,-0.00043952,0.181380,1271228369,635397908
2025-05-02T16:00:00Z,-0.00046439,0.181420,1070554460,541132905
2025-05-03T00:00:00Z,-0.00052475,0.178830,881883767,402585117
2025-05-03T08:00:00Z,-0.00071337,0.178420,854800973,419163943
2025-05-03T16:00:00Z,-0.00046904,0.175550,966831163,454031371
2025-05-04T00:00:00Z,-0.00028123,0.175140,988427075,486989544
2025-05-04T08:00:00Z,-0.00050825,0.173620,1087225643,531066748
2025-05-04T16:00:00Z,-0.00078520,0.170400,1184373532,526640507
2025-05-05T00:00:00Z,-0.00037948,0.173480,1207211073,613913195
2025-05-05T08:00:00Z,-0.00019781,0.168890,1522615344,696995010
2025-05-05T16:00:00Z,-0.00054336,0.170500,1019947808,506115192
2025-05-06T00:00:00Z,-0.00063640,0.169280,1115027851,533492934
2025-05-06T08:00:00Z,-0.00030449,0.166590,2133838370,1062316285
2025-05-06T16:00:00Z,-0.00039381,0.172110,1581390916,792561942
2025-05-07T00:00:00Z,-0.00043487,0.173220,1276162139,632933505
2025-05-07T08:00:00Z,-0.00045831,0.170760,1020134723,510636281
2025-05-07T16:00:00Z,-0.00028216,0.171930,1701822660,830392141
2025-05-08T00:00:00Z,-0.00025437,0.181430,2466162606,1250824909
2025-05-08T08:00:00Z,0.00007553,0.189290,2832121128,1469964348
2025-05-08T16:00:00Z,0,0.198070,2556196219,1315724308
2025-05-09T00:00:00Z,-0.00016103,0.205770,3006132381,1510366447
2025-05-09T08:00:00Z,0,0.204190,4633634151,2168948675
2025-05-09T16:00:00Z,-0.00029226,0.205210,1381543757,671973692
2025-05-10T00:00:00Z,-0.00035358,0.224130,3498765191,1769051442
2025-05-10T08:00:00Z,-0.00009019,0.226920,3555779324,1712848701
2025-05-10T16:00:00Z,0.00080639,0.250570,4408838163,2204303583
2025-05-11T00:00:00Z,-0.00026282,0.230240,5942716486,2820954077
2025-05-11T08:00:00Z,-0.00048905,0.226850,3631848290,1738091498
2025-05-11T16:00:00Z,-0.00023085,0.231720,2424679426,1200920123
2025-05-12T00:00:00Z,0,0.243970,4972562164,2410017459
2025-05-12T08:00:00Z,-0.00046867,0.232270,5651951447,2713688342
2025-05-12T16:00:00Z,-0.00065448,0.230900,3308452570,1591920389
2025-05-13T00:00:00Z,-0.00043677,0.224010,2780214556,1333340213
2025-05-13T08:00:00Z,-0.00065085,0.232950,3088514938,1514293452
2025-05-13T16:00:00Z,-0.00053369,0.240680,2973288513,1466713342
2025-05-14T00:00:00Z,-0.00093516,0.237040,3074714619,1483958180
2025-05-14T08:00:00Z,-0.00056636,0.232910,3050832984,1434409982
2025-05-14T16:00:00Z,-0.00052919,0.232670,1322690492,651265991
2025-05-15T00:00:00Z,-0.00068988,0.223590,2614681472,1214195271
2025-05-15T08:00:00Z,-0.00081516,0.225080,3427306514,1684344523
2025-05-15T16:00:00Z,-0.00035576,0.219260,2651291104,1284602101
2025-05-16T00:00:00Z,-0.00035646,0.225710,1906906610,945073840
2025-05-16T08:00:00Z,-0.00047029,0.228860,2285548824,1140780102
2025-05-16T16:00:00Z,-0.00037237,0.221000,1611455443,786105949
2025-05-17T00:00:00Z,-0.00033212,0.217020,1816117598,870250790
2025-05-17T08:00:00Z,-0.00066356,0.214940,1522873467,713296336
2025-05-17T16:00:00Z,-0.00051625,0.214490,1565508453,766020048
2025-05-18T00:00:00Z,-0.00038129,0.221790,1241669488,608136743
2025-05-18T08:00:00Z,-0.00010193,0.236520,2472387696,1264528131
2025-05-18T16:00:00Z,-0.00120404,0.232960,3920170933,1934332269
2025-05-19T00:00:00Z,-0.00073382,0.217770,3121234185,1501681922
2025-05-19T08:00:00Z,-0.00071649,0.221120,2147571122,1015984001
2025-05-19T16:00:00Z,-0.00045207,0.224370,1710719968,817474952
2025-05-20T00:00:00Z,-0.00010266,0.222350,2145188279,1038376582
2025-05-20T08:00:00Z,-0.00078385,0.220490,1930620477,936859259
2025-05-20T16:00:00Z,-0.00035886,0.226170,2251879132,1118458425
2025-05-21T00:00:00Z,-0.00041948,0.226520,2467723534,1211121794
2025-05-21T08:00:00Z,-0.00036089,0.231790,2390250242,1186125407
2025-05-21T16:00:00Z,-0.00022302,0.233980,3831988190,1863253615
2025-05-22T00:00:00Z,-0.00036168,0.241010,3050021215,1454037867
2025-05-22T08:00:00Z,-0.00037214,0.241230,2443978456,1192922126
2025-05-22T16:00:00Z,-0.00048280,0.245470,1570219999,794897453
2025-05-23T00:00:00Z,-0.00049977,0.243390,3497591601,1708200849
2025-05-23T08:00:00Z,-0.00048480,0.234330,4518806024,2170877603
2025-05-23T16:00:00Z,-0.00018231,0.225050,2152655675,987315270
2025-05-24T00:00:00Z,-0.00052435,0.227220,1307399401,646651874
2025-05-24T08:00:00Z,-0.00053015,0.227590,1168512433,538861818
2025-05-24T16:00:00Z,-0.00082440,0.225010,817804141,396413542
2025-05-25T00:00:00Z,-0.00047048,0.221260,1464414604,731399167
2025-05-25T08:00:00Z,-0.00056157,0.218410,1619513442,789343696
2025-05-25T16:00:00Z,-0.00059221,0.224780,1081585793,554118884
2025-05-26T00:00:00Z,-0.00050882,0.229740,1366033903,694756429
2025-05-26T08:00:00Z,-0.00040008,0.226880,1586007617,802855382
2025-05-26T16:00:00Z,-0.00050356,0.225850,996634259,460015689
2025-05-27T00:00:00Z,-0.00054633,0.227690,1537792740,768666664
2025-05-27T08:00:00Z,-0.00055356,0.228570,2036148704,1007129308
2025-05-27T16:00:00Z,-0.00047594,0.225890,1372167171,639527792
2025-05-28T00:00:00Z,-0.00065509,0.222490,1146041615,525764808
2025-05-28T08:00:00Z,-0.00060425,0.218250,1621979305,769520709
2025-05-28T16:00:00Z,-0.00036426,0.220860,1029886321,513299680
2025-05-29T00:00:00Z,-0.00003807,0.224290,1827955877,872043296
2025-05-29T08:00:00Z,-0.00029765,0.219530,1726927020,825642240
2025-05-29T16:00:00Z,-0.00047098,0.214770,1821029638,859326397
2025-05-30T00:00:00Z,-0.00040596,0.204190,3163960674,1506743246
2025-05-30T08:00:00Z,-0.00058998,0.201960,2089638839,984883368
2025-05-30T16:00:00Z,-0.00041210,0.193480,2745697433,1264784085
2025-05-31T00:00:00Z,-0.00054251,0.189160,2924602679,1449245753
2025-05-31T08:00:00Z,-0.00045722,0.191670,2472507122,1294552735
2025-05-31T16:00:00Z,-0.00032268,0.192410,1034839331,481666424
2025-06-01T00:00:00Z,-0.00056704,0.189990,1330245713,658434701
2025-06-01T08:00:00Z,-0.00058737,0.191730,1498120504,755183364
2025-06-01T16:00:00Z,-0.00044853,0.193530,1358122101,668842533
2025-06-02T00:00:00Z,-0.00033645,0.191780,1226404598,614047407
2025-06-02T08:00:00Z,-0.00026949,0.191810,1780212944,867899340
2025-06-02T16:00:00Z,-0.00049144,0.194980,1547046724,777163453
2025-06-03T00:00:00Z,-0.00031069,0.195160,1676339196,835281248
2025-06-03T08:00:00Z,-0.00051037,0.197270,1685545692,860616045
2025-06-03T16:00:00Z,-0.00022152,0.193020,1273754299,598436098
2025-06-04T00:00:00Z,-0.00050421,0.195330,958857078,480529450
2025-06-04T08:00:00Z,-0.00056536,0.192730,1561312032,738825668
2025-06-04T16:00:00Z,-0.00047505,0.188000,1207017414,561358968
2025-06-05T00:00:00Z,-0.00028472,0.188410,976970418,461540391
2025-06-05T08:00:00Z,-0.00039292,0.189230,1608661557,805424740
2025-06-05T16:00:00Z,-0.00070708,0.170950,6344632182,2949860925
2025-06-06T00:00:00Z,-0.00027770,0.174730,2118025633,1100174281
2025-06-06T08:00:00Z,-0.00051097,0.181770,2678929807,1372027449
2025-06-06T16:00:00Z,-0.00046117,0.178690,1403600426,686692744
2025-06-07T00:00:00Z,-0.00033656,0.185230,1343249250,685898423
2025-06-07T08:00:00Z,-0.00044687,0.186580,1454539396,709798580
2025-06-07T16:00:00Z,-0.00060211,0.185020,1726129750,810890122
2025-06-08T00:00:00Z,-0.00034256,0.182920,792494390,375708349
2025-06-08T08:00:00Z,-0.00049289,0.183990,1575471594,781716010
2025-06-08T16:00:00Z,-0.00042909,0.184090,1117309616,552654529
2025-06-09T00:00:00Z,-0.00057099,0.181450,1257199349,608150512
2025-06-09T08:00:00Z,-0.00065037,0.184400,2256416036,1143726663
2025-06-09T16:00:00Z,-0.00023582,0.194820,2421140896,1296827567
2025-06-10T00:00:00Z,-0.00043549,0.190920,1680797256,791018629
2025-06-10T08:00:00Z,-0.00053987,0.190990,2961870955,1449995644
2025-06-10T16:00:00Z,-0.00051726,0.198380,1617013583,807026564
2025-06-11T00:00:00Z,-0.00041202,0.202390,2491892232,1270839011
2025-06-11T08:00:00Z,-0.00046834,0.203080,2560339223,1259033889
2025-06-11T16:00:00Z,-0.00049045,0.192840,2299943705,1054028430
2025-06-12T00:00:00Z,-0.00057471,0.189440,1558936746,776777457
2025-06-12T08:00:00Z,-0.00037532,0.185800,1982576543,924024875
2025-06-12T16:00:00Z,-0.00057354,0.181030,2547751782,1204825413
2025-06-13T00:00:00Z,-0.00070912,0.174280,4028470038,1947820219
2025-06-13T08:00:00Z,-0.00012072,0.177770,2334357393,1159061840
2025-06-13T16:00:00Z,-0.00046238,0.180320,1883484015,943672751
2025-06-14T00:00:00Z,-0.00053990,0.176510,1281287185,621309477
2025-06-14T08:00:00Z,-0.00025913,0.176660,972357950,485423108
2025-06-14T16:00:00Z,-0.00054320,0.178170,1190436001,598773513
2025-06-15T00:00:00Z,-0.00060553,0.175500,1000024095,483552569
2025-06-15T08:00:00Z,-0.00035910,0.175870,1703927948,789523279
2025-06-15T16:00:00Z,-0.00047793,0.175430,1317536796,640747267
2025-06-16T00:00:00Z,-0.00053892,0.178220,1629146825,810360987
2025-06-16T08:00:00Z,-0.00045757,0.177480,1636509511,828421199
2025-06-16T16:00:00Z,-0.00032012,0.172610,2141778082,1030975619
2025-06-17T00:00:00Z,-0.00032837,0.173740,2117035229,1050440873
2025-06-17T08:00:00Z,-0.00055346,0.167800,1905874807,887735829
2025-06-17T16:00:00Z,-0.00050229,0.169260,2313228442,1158282763
2025-06-18T00:00:00Z,-0.00021489,0.171120,938625431,485781947
2025-06-18T08:00:00Z,-0.00052355,0.168080,2168419251,1050161545
2025-06-18T16:00:00Z,-0.00056875,0.170570,1875632244,935592225
2025-06-19T00:00:00Z,-0.00050503,0.169900,871872026,428958930
2025-06-19T08:00:00Z,-0.00037249,0.168180,1194518963,597390283
2025-06-19T16:00:00Z,-0.00042524,0.170850,1098437967,563094175
2025-06-20T00:00:00Z,-0.00032897,0.170460,1135072943,538926621
2025-06-20T08:00:00Z,-0.00062789,0.165920,1949511715,914478396
2025-06-20T16:00:00Z,-0.00056683,0.162270,2795682628,1300669247
2025-06-21T00:00:00Z,-0.00043012,0.162770,620401206,312915396
2025-06-21T08:00:00Z,-0.00056470,0.160130,1269166869,573482686
2025-06-21T16:00:00Z,-0.00041376,0.154400,2415862945,1151547275
2025-06-22T00:00:00Z,-0.00042460,0.156230,2007770899,1004535294
2025-06-22T08:00:00Z,-0.00008133,0.146160,4152708863,2018357086
2025-06-22T16:00:00Z,-0.00074787,0.151180,3411574469,1689263228
2025-06-23T00:00:00Z,-0.00044078,0.153760,1490263342,722247164
2025-06-23T08:00:00Z,-0.00056325,0.152370,2677152038,1334878457
2025-06-23T16:00:00Z,-0.00043926,0.163710,4281829540,2216720229
2025-06-24T00:00:00Z,-0.00042172,0.163060,2070185791,956802630
2025-06-24T08:00:00Z,-0.00043096,0.163500,1897960979,933803808
2025-06-24T16:00:00Z,-0.00041213,0.165640,1223409973,622443791
2025-06-25T00:00:00Z,-0.00056154,0.166230,1140424070,557045266
2025-06-25T08:00:00Z,-0.00028887,0.162900,2166347037,1068365224
2025-06-25T16:00:00Z,-0.00038213,0.164510,1222971265,586534044
2025-06-26T00:00:00Z,-0.00050578,0.164780,1452325292,720133437
2025-06-26T08:00:00Z,-0.00035332,0.160010,2494011263,1192856982
2025-06-26T16:00:00Z,-0.00033816,0.159930,1344726490,682878268
2025-06-27T00:00:00Z,-0.00040806,0.160710,1099550810,561665256
2025-06-27T08:00:00Z,-0.00062062,0.161030,1445762158,693974553
2025-06-27T16:00:00Z,-0.00045593,0.160970,1541952843,766243914
2025-06-28T00:00:00Z,-0.00034665,0.163190,699326963,349252559
2025-06-28T08:00:00Z,-0.00051192,0.162870,792303797,395817106
2025-06-28T16:00:00Z,-0.00037711,0.163570,879661450,432730965
2025-06-29T00:00:00Z,-0.00027539,0.163870,565629997,273231135
2025-06-29T08:00:00Z,-0.00059566,0.163260,1013015516,491790904
2025-06-29T16:00:00Z,-0.00045336,0.169380,1688650563,890581763
2025-06-30T00:00:00Z,-0.00036186,0.165750,1512192243,716183619
2025-06-30T08:00:00Z,-0.00064700,0.164850,1905564354,929312181
2025-06-30T16:00:00Z,-0.00055673,0.165090,1380503158,725692932
2025-07-01T00:00:00Z,-0.00054624,0.162470,1300667551,604115703
2025-07-01T08:00:00Z,-0.00067641,0.159280,1993587226,949211425
2025-07-01T16:00:00Z,-0.00055651,0.157690,1217176995,565176429
2025-07-02T00:00:00Z,-0.00040947,0.160770,1226790987,653266859
2025-07-02T08:00:00Z,-0.00051185,0.165720,2010772351,1085026850
2025-07-02T16:00:00Z,-0.00016482,0.168660,3764806797,1923903302
2025-07-03T00:00:00Z,-0.00032435,0.174440,2164213239,1179740407
2025-07-03T08:00:00Z,-0.00023730,0.169560,3082685374,1471710731
2025-07-03T16:00:00Z,-0.00036441,0.171940,935950241,485956612
2025-07-04T00:00:00Z,-0.00044353,0.166550,1518331315,711368339
2025-07-04T08:00:00Z,-0.00057248,0.163070,2407160641,1168202760
2025-07-04T16:00:00Z,-0.00052540,0.162790,2034568265,960599173
2025-07-05T00:00:00Z,-0.00044205,0.164350,1013325335,495637493
2025-07-05T08:00:00Z,-0.00027086,0.162940,812026363,373403992
2025-07-05T16:00:00Z,-0.00062375,0.164130,677452167,346536164
2025-07-06T00:00:00Z,-0.00048391,0.163730,603215448,282482965
2025-07-06T08:00:00Z,-0.00049593,0.170110,3232822629,1674338101
2025-07-06T16:00:00Z,-0.00030494,0.171880,1837044762,941427158
2025-07-07T00:00:00Z,-0.00042944,0.173140,2304067720,1181712130
2025-07-07T08:00:00Z,-0.00003908,0.168460,2160998083,971087962
2025-07-07T16:00:00Z,-0.00065645,0.167820,1779089665,901032230
2025-07-08T00:00:00Z,-0.00055198,0.168690,1242660181,614492313
2025-07-08T08:00:00Z,-0.00029405,0.169190,2097319851,1034122589
2025-07-08T16:00:00Z,-0.00045804,0.170850,1049787180,542385280
2025-07-09T00:00:00Z,-0.00021285,0.171840,1447446836,688701421
2025-07-09T08:00:00Z,-0.00041303,0.172950,1963676746,1026610589
2025-07-09T16:00:00Z,-0.00016481,0.180510,3652513064,1916704430
2025-07-10T00:00:00Z,-0.00051547,0.181640,1332289572,637947005
2025-07-10T08:00:00Z,-0.00054294,0.180500,1538773708,731267715
2025-07-10T16:00:00Z,-0.00051373,0.195000,3731456363,1920910900
2025-07-11T00:00:00Z,-0.00020363,0.196410,3393077985,1664216769
2025-07-11T08:00:00Z,0,0.201230,4843188094,2383434215
2025-07-11T16:00:00Z,0,0.201030,4953147351,2435084804
2025-07-12T00:00:00Z,-0.00020966,0.201160,2211587011,1071949514
2025-07-12T08:00:00Z,-0.00006487,0.193080,3112541656,1487326147
2025-07-12T16:00:00Z,-0.00031160,0.197320,1459148119,763214400
2025-07-13T00:00:00Z,-0.00039389,0.199310,1338518592,705145426
2025-07-13T08:00:00Z,-0.00010747,0.200060,2588786789,1305726169
2025-07-13T16:00:00Z,-0.00045947,0.198430,1807140597,871178713
2025-07-14T00:00:00Z,-0.00019151,0.207620,3547825367,1746505387
2025-07-14T08:00:00Z,0.00014436,0.199260,3328223595,1494401861
2025-07-14T16:00:00Z,-0.00069888,0.197360,2023585277,1008336973
2025-07-15T00:00:00Z,-0.00045277,0.190670,3076651550,1382122819
2025-07-15T08:00:00Z,-0.00012535,0.192640,3312049319,1579303253
2025-07-15T16:00:00Z,0,0.199160,2639279011,1298630068
2025-07-16T00:00:00Z,-0.00020333,0.199060,1949353713,937692017
2025-07-16T08:00:00Z,-0.00000720,0.203240,3121617720,1541619218
2025-07-16T16:00:00Z,0,0.212700,4366282743,2211783601
2025-07-17T00:00:00Z,-0.00013029,0.212000,3560921364,1675533654
2025-07-17T08:00:00Z,-0.00014032,0.213820,3898027575,1836490767
2025-07-17T16:00:00Z,0.00011851,0.218260,4556439887,2276267437
2025-07-18T00:00:00Z,0.00132878,0.239270,7417532732,3756421019
2025-07-18T08:00:00Z,0.00074310,0.237230,8014429415,3913128858
2025-07-18T16:00:00Z,-0.00007344,0.235760,4577423602,2211738886
2025-07-19T00:00:00Z,0.00012981,0.253750,5895972045,2942224062
2025-07-19T08:00:00Z,-0.00042862,0.242330,5765590674,2699334849
2025-07-19T16:00:00Z,-0.00014649,0.241360,2344453199,1127445104
2025-07-20T00:00:00Z,-0.00034139,0.251390,4690717648,2346402851
2025-07-20T08:00:00Z,-0.00024762,0.254170,3107277471,1505328496
2025-07-20T16:00:00Z,0.00071016,0.273790,8961439891,4453138620
2025-07-21T00:00:00Z,0.00020867,0.273560,5009120260,2427991343
2025-07-21T08:00:00Z,-0.00013752,0.282320,6720704225,3253966562
2025-07-21T16:00:00Z,-0.00019409,0.271400,6566632091,3104701300
2025-07-22T00:00:00Z,0.00070809,0.266560,5986700448,2777512973
2025-07-22T08:00:00Z,0.00046590,0.266590,4271219101,2032879732
2025-07-22T16:00:00Z,0.00058825,0.271070,2696994707,1316748992
2025-07-23T00:00:00Z,0.00044715,0.260150,2362292571,1100760877
2025-07-23T08:00:00Z,0.00017977,0.249650,6437807348,2950473560
2025-07-23T16:00:00Z,-0.00002230,0.240720,5349828223,2521041382
2025-07-24T00:00:00Z,0.00006801,0.232920,6106282560,2958007946
2025-07-24T08:00:00Z,0,0.240000,4903852287,2443348019
2025-07-24T16:00:00Z,0.00006517,0.232080,2575113328,1229885965
2025-07-25T00:00:00Z,-0.00003392,0.225830,4115137902,1951824865
2025-07-25T08:00:00Z,-0.00031742,0.224260,3837522255,1897831478
2025-07-25T16:00:00Z,-0.00039767,0.236620,2065170604,1055035829
2025-07-26T00:00:00Z,-0.00005251,0.236880,1540566481,749096066
2025-07-26T08:00:00Z,-0.00004599,0.238660,1792183802,897900225
2025-07-26T16:00:00Z,-0.00032532,0.235370,1516383604,728042277
2025-07-27T00:00:00Z,-0.00048691,0.236880,1953359534,931243517
2025-07-27T08:00:00Z,-0.00053766,0.236650,2248262590,1084801679
2025-07-27T16:00:00Z,-0.00016015,0.240590,2683015749,1324953113
2025-07-28T00:00:00Z,-0.00042621,0.243190,3161213243,1577570567
2025-07-28T08:00:00Z,-0.00058116,0.232130,3361562799,1575280434
2025-07-28T16:00:00Z,0.00005939,0.226060,2520592951,1153813950
2025-07-29T00:00:00Z,-0.00026659,0.231710,2676450005,1360269354
2025-07-29T08:00:00Z,-0.00065802,0.222550,3087702892,1482933620
2025-07-29T16:00:00Z,-0.00046508,0.223810,2467281328,1213825527
2025-07-30T00:00:00Z,-0.00031099,0.221850,1556923154,740955735
2025-07-30T08:00:00Z,-0.00051616,0.221330,3927155142,1932131570
2025-07-30T16:00:00Z,-0.00010889,0.219880,3685244210,1789968731
2025-07-31T00:00:00Z,-0.00044086,0.223460,1327893505,682242721
2025-07-31T08:00:00Z,-0.00044257,0.217500,2910565655,1442823148
2025-07-31T16:00:00Z,-0.00023843,0.209660,3069129889,1504720991
2025-08-01T00:00:00Z,-0.00036466,0.205890,3351719412,1610013878
2025-08-01T08:00:00Z,-0.00033970,0.209530,3927751809,1990950047
2025-08-01T16:00:00Z,-0.00066492,0.200850,4659133522,2174757100
2025-08-02T00:00:00Z,-0.00038393,0.200080,2161796970,1053429868
2025-08-02T08:00:00Z,-0.00040609,0.194460,2433755135,1177904755
2025-08-02T16:00:00Z,-0.00031031,0.190930,3736078579,1764897983
2025-08-03T00:00:00Z,-0.00038982,0.196190,2092014649,1037633811
2025-08-03T08:00:00Z,-0.00038618,0.198840,1724044283,893705550
2025-08-03T16:00:00Z,-0.00053636,0.198660,1232464647,628331073
2025-08-04T00:00:00Z,-0.00055478,0.203010,2154682431,1097741730
2025-08-04T08:00:00Z,-0.00067944,0.203740,2437957123,1175493170
2025-08-04T16:00:00Z,-0.00034664,0.210310,2193920886,1103164129
2025-08-05T00:00:00Z,-0.00056397,0.201790,2144030315,945612363
2025-08-05T08:00:00Z,-0.00022438,0.198140,3357964584,1571228820
2025-08-05T16:00:00Z,-0.00077011,0.199710,1707571440,851380207
2025-08-06T00:00:00Z,-0.00046128,0.201260,1869422133,941931078
2025-08-06T08:00:00Z,-0.00063706,0.205140,2289886887,1136994575
2025-08-06T16:00:00Z,-0.00042047,0.205190,1246902252,595609880
2025-08-07T00:00:00Z,-0.00031727,0.205680,1181663652,567663217
2025-08-07T08:00:00Z,-0.00043356,0.214260,3147040391,1630396236
2025-08-07T16:00:00Z,-0.00043799,0.222160,2656257919,1293149840
2025-08-08T00:00:00Z,-0.00053450,0.224430,3027367689,1482533425
2025-08-08T08:00:00Z,-0.00050360,0.221160,3059227035,1468934091
2025-08-08T16:00:00Z,0,0.230320,2450446328,1255875158
2025-08-09T00:00:00Z,-0.00036832,0.235710,2195075485,1091234006
2025-08-09T08:00:00Z,-0.00059545,0.240650,3531398298,1743038714
2025-08-09T16:00:00Z,-0.00042613,0.239890,3163239198,1531739592
2025-08-10T00:00:00Z,-0.00021021,0.232350,2991406237,1367785442
2025-08-10T08:00:00Z,-0.00019653,0.232520,2831362078,1372960715
2025-08-10T16:00:00Z,-0.00051430,0.233770,1384471598,702533719
2025-08-11T00:00:00Z,-0.00032815,0.233330,2976526510,1442153480
2025-08-11T08:00:00Z,-0.00029940,0.231410,4433711761,2138052810
2025-08-11T16:00:00Z,-0.00057652,0.221980,2828177583,1320481403
2025-08-12T00:00:00Z,-0.00045820,0.225120,1845141913,931237826
2025-08-12T08:00:00Z,-0.00049613,0.229440,3674915680,1761693198
2025-08-12T16:00:00Z,-0.00040049,0.235710,2878597191,1421668423
2025-08-13T00:00:00Z,0.00010168,0.244840,4061713382,2022450321
2025-08-13T08:00:00Z,0,0.241180,5603620015,2708678527
2025-08-13T16:00:00Z,-0.00037963,0.244780,2194596270,1076175134
2025-08-14T00:00:00Z,0.00060744,0.245150,4682488635,2255985038
2025-08-14T08:00:00Z,-0.00053774,0.225300,7427862284,3399165039
2025-08-14T16:00:00Z,-0.00051103,0.223680,2840664703,1331135778
2025-08-15T00:00:00Z,-0.00055716,0.230480,2937046170,1446202997
2025-08-15T08:00:00Z,-0.00041135,0.222300,3786649267,1749272598
2025-08-15T16:00:00Z,-0.00040450,0.228750,3252570395,1692537089
2025-08-16T00:00:00Z,-0.00048046,0.233010,2318430570,1126616015
2025-08-16T08:00:00Z,-0.00051730,0.228480,2615313110,1232475145
2025-08-16T16:00:00Z,-0.00046610,0.231030,1025460715,506320849
2025-08-17T00:00:00Z,-0.00037304,0.232740,1898240127,901264166
2025-08-17T08:00:00Z,-0.00043409,0.241500,2339274360,1155518089
2025-08-17T16:00:00Z,-0.00042388,0.234470,2890268809,1376125778
2025-08-18T00:00:00Z,-0.00026155,0.221680,3554860851,1629907451
2025-08-18T08:00:00Z,-0.00048735,0.223460,2335258532,1150379597
2025-08-18T16:00:00Z,-0.00023450,0.222530,1823601965,878989023
2025-08-19T00:00:00Z,-0.00035517,0.217650,2990840849,1429806857
2025-08-19T08:00:00Z,-0.00061214,0.214320,3101980499,1509647301
2025-08-19T16:00:00Z,-0.00015723,0.209330,2410969396,1081845613
2025-08-20T00:00:00Z,-0.00042783,0.212520,1845364695,966503479
2025-08-20T08:00:00Z,-0.00027786,0.214980,3707946440,1771717450
2025-08-20T16:00:00Z,-0.00026518,0.221600,2387694240,1238877774
2025-08-21T00:00:00Z,-0.00034697,0.221330,1930915375,951782638
2025-08-21T08:00:00Z,-0.00034563,0.215400,2531976840,1234442442
2025-08-21T16:00:00Z,-0.00027489,0.214650,1357083592,654425521
2025-08-22T00:00:00Z,-0.00058733,0.217850,1490856184,729480995
2025-08-22T08:00:00Z,-0.00081101,0.230080,6716103272,3335178616
2025-08-22T16:00:00Z,-0.00015717,0.240500,3366867908,1747068605
2025-08-23T00:00:00Z,0.00001749,0.237190,3458457173,1740770466
2025-08-23T08:00:00Z,0,0.236390,2198514728,1096906315
2025-08-23T16:00:00Z,-0.00023532,0.236250,975309146,488018479
2025-08-24T00:00:00Z,-0.00036758,0.232150,1433948004,702956297
2025-08-24T08:00:00Z,-0.00041031,0.231130,1851584328,893662568
2025-08-24T16:00:00Z,-0.00022311,0.231750,4993541521,2437300956
2025-08-25T00:00:00Z,-0.00036759,0.220620,3084652588,1425037531
2025-08-25T08:00:00Z,-0.00033496,0.218400,3025419991,1387560394
2025-08-25T16:00:00Z,-0.00063868,0.209530,3800972693,1694302621
2025-08-26T00:00:00Z,-0.00062793,0.211140,1904019804,938126568
2025-08-26T08:00:00Z,-0.00057332,0.212570,2397857747,1133984396
2025-08-26T16:00:00Z,-0.00032054,0.218330,1635267270,828443235
2025-08-27T00:00:00Z,-0.00019286,0.218760,1730231272,820223036
2025-08-27T08:00:00Z,-0.00048440,0.221530,1753838463,885016801
2025-08-27T16:00:00Z,-0.00034091,0.218830,2674717325,1264559997
2025-08-28T00:00:00Z,-0.00033868,0.223900,1551678089,786774197
2025-08-28T08:00:00Z,-0.00041677,0.221120,1782527583,889266014
2025-08-28T16:00:00Z,-0.00020982,0.224300,1411065065,714778936
2025-08-29T00:00:00Z,-0.00037305,0.214540,2329703136,1064601066
2025-08-29T08:00:00Z,-0.00062204,0.213160,3386644713,1695524372
2025-08-29T16:00:00Z,-0.00047886,0.213800,1945030507,943407229
2025-08-30T00:00:00Z,-0.00028520,0.217190,1468579582,740619228
2025-08-30T08:00:00Z,-0.00028555,0.215910,1148941616,539805159
2025-08-30T16:00:00Z,-0.00040322,0.215850,502504195,250827599
2025-08-31T00:00:00Z,-0.00037150,0.217880,1278174530,641575826
2025-08-31T08:00:00Z,-0.00040513,0.218470,1110403189,546163449
2025-08-31T16:00:00Z,-0.00038691,0.213590,983939409,454701767
2025-09-01T00:00:00Z,-0.00008163,0.217900,2849190514,1473819562
2025-09-01T08:00:00Z,-0.00031317,0.213300,2532568054,1222330446
2025-09-01T16:00:00Z,-0.00048743,0.210630,2690191256,1315335857
2025-09-02T00:00:00Z,-0.00021602,0.212170,1813033440,890646411
2025-09-02T08:00:00Z,-0.00023419,0.209260,3034258661,1451423752
2025-09-02T16:00:00Z,-0.00039983,0.214810,1653264403,822840683
2025-09-03T00:00:00Z,-0.00037811,0.216000,1546613974,771796309
2025-09-03T08:00:00Z,-0.00051142,0.218790,1812112398,919720841
2025-09-03T16:00:00Z,-0.00040068,0.220220,1338472816,692993835
2025-09-04T00:00:00Z,-0.00070010,0.215140,1514710894,727433337
2025-09-04T08:00:00Z,-0.00050543,0.212200,1874497629,867860535
2025-09-04T16:00:00Z,-0.00045015,0.212300,1372357963,698682828
2025-09-05T00:00:00Z,-0.00040703,0.218000,1361319247,673186465
2025-09-05T08:00:00Z,-0.00060005,0.214090,3773722042,1853876109
2025-09-05T16:00:00Z,-0.00040190,0.217780,1557515690,799847964
2025-09-06T00:00:00Z,-0.00043045,0.215780,753595048,359437922
2025-09-06T08:00:00Z,-0.00044127,0.213770,988208796,465626957
2025-09-06T16:00:00Z,-0.00043311,0.215830,1094064187,511005328
2025-09-07T00:00:00Z,-0.00035360,0.217190,713407220,346934376
2025-09-07T08:00:00Z,-0.00051684,0.223570,2094227381,1080986407
2025-09-07T16:00:00Z,-0.00035291,0.228680,1916381176,983690004
2025-09-08T00:00:00Z,-0.00023596,0.232510,2960522245,1506239762
2025-09-08T08:00:00Z,0,0.238300,3328182047,1714434858
2025-09-08T16:00:00Z,-0.00036738,0.241570,2471534077,1251984131
2025-09-09T00:00:00Z,-0.00010661,0.240180,3464844905,1698118729
2025-09-09T08:00:00Z,-0.00033476,0.238170,5286463410,2549093283
2025-09-09T16:00:00Z,-0.00055452,0.240510,2033404656,1007108710
2025-09-10T00:00:00Z,-0.00045379,0.241250,1717276039,843166323
2025-09-10T08:00:00Z,-0.00042110,0.243590,2686784034,1337078267
2025-09-10T16:00:00Z,-0.00047638,0.245250,2482167007,1206104953
2025-09-11T00:00:00Z,-0.00040343,0.249590,2537312297,1246605597
2025-09-11T08:00:00Z,-0.00052752,0.246790,3555347103,1695755929
2025-09-11T16:00:00Z,-0.00039720,0.255910,2118773379,1057534651
2025-09-12T00:00:00Z,-0.00021568,0.260050,3151767718,1555844393
2025-09-12T08:00:00Z,-0.00039534,0.266260,2873426699,1449828326
2025-09-12T16:00:00Z,-0.00004338,0.275450,3691244892,1881801805
2025-09-13T00:00:00Z,-0.00033123,0.283030,3657246838,1777999586
2025-09-13T08:00:00Z,0.00018776,0.297010,8852244900,4382128765
2025-09-13T16:00:00Z,-0.00012310,0.289330,5357476228,2458431742
2025-09-14T00:00:00Z,-0.00008696,0.291650,4264282083,2007882242
2025-09-14T08:00:00Z,-0.00007037,0.273780,4840696223,2261499278
2025-09-14T16:00:00Z,-0.00029566,0.277850,2986101649,1555363247
2025-09-15T00:00:00Z,-0.00040545,0.268190,3876879999,1852087242
2025-09-15T08:00:00Z,-0.00037200,0.264050,5770858149,2761212222
2025-09-15T16:00:00Z,-0.00055175,0.268180,2096274423,1049922010
2025-09-16T00:00:00Z,-0.00025802,0.267560,2711313017,1350992407
2025-09-16T08:00:00Z,-0.00047015,0.266150,4175862002,1994900079
2025-09-16T16:00:00Z,-0.00047019,0.269840,2567964338,1214452379
2025-09-17T00:00:00Z,-0.00017168,0.268400,2189445738,1015271390
2025-09-17T08:00:00Z,-0.00044206,0.265290,2152086064,1046163568
2025-09-17T16:00:00Z,-0.00044463,0.282410,6757576690,3327864931
2025-09-18T00:00:00Z,-0.00050373,0.279720,3205169212,1475769731
2025-09-18T08:00:00Z,-0.00094877,0.286460,3678737087,1829286674
2025-09-18T16:00:00Z,-0.00052445,0.278380,2857012334,1348697668
2025-09-19T00:00:00Z,-0.00030844,0.275070,2836865675,1333710172
2025-09-19T08:00:00Z,-0.00060428,0.266480,3328900195,1526194898
2025-09-19T16:00:00Z,-0.00040477,0.265130,1768477436,854202826
2025-09-20T00:00:00Z,-0.00053525,0.266420,1355837324,673106776
2025-09-20T08:00:00Z,-0.00028677,0.268650,1497897522,756117206
2025-09-20T16:00:00Z,-0.00054957,0.267470,933541404,451734432
2025-09-21T00:00:00Z,-0.00033287,0.268090,945253475,442555304
2025-09-21T08:00:00Z,-0.00038845,0.265510,1466132066,660483963
2025-09-21T16:00:00Z,-0.00063878,0.260600,1687729668,811524721
2025-09-22T00:00:00Z,-0.00037824,0.237600,7492858372,3467703717
2025-09-22T08:00:00Z,-0.00055200,0.239400,3119466155,1513752397
2025-09-22T16:00:00Z,-0.00048534,0.241090,1742537014,870512139
2025-09-23T00:00:00Z,-0.00057845,0.241360,3060106324,1502701935
2025-09-23T08:00:00Z,-0.00018549,0.240590,2070020803,1000547218
2025-09-23T16:00:00Z,-0.00036355,0.236980,2291203789,1103715159
2025-09-24T00:00:00Z,-0.00030759,0.239430,3084912470,1450413170
2025-09-24T08:00:00Z,-0.00047585,0.245460,3335337571,1711418508
2025-09-24T16:00:00Z,-0.00052302,0.240970,2026101571,932981295
2025-09-25T00:00:00Z,-0.00040977,0.233150,3481678628,1605381779
2025-09-25T08:00:00Z,-0.00029246,0.230980,4316009608,2058727554
2025-09-25T16:00:00Z,-0.00052852,0.222810,4132873799,1959273611
2025-09-26T00:00:00Z,-0.00038354,0.226910,2196913249,1122641474
2025-09-26T08:00:00Z,-0.00027049,0.227170,3230321483,1585595001
2025-09-26T16:00:00Z,-0.00043026,0.232320,1834833360,932823419
2025-09-27T00:00:00Z,-0.00029976,0.231010,1176465893,548637409
2025-09-27T08:00:00Z,-0.00057002,0.230080,1224962072,595187124
2025-09-27T16:00:00Z,-0.00041432,0.230670,874170695,442085762
2025-09-28T00:00:00Z,-0.00058416,0.229080,993873487,490249256
2025-09-28T08:00:00Z,-0.00043523,0.229720,1597108615,754302589
2025-09-28T16:00:00Z,-0.00054561,0.237220,1635804155,856646712
2025-09-29T00:00:00Z,-0.00047933,0.232420,1622267504,766539088
2025-09-29T08:00:00Z,-0.00034652,0.233640,2995744107,1449179746
2025-09-29T16:00:00Z,-0.00045495,0.234690,2039099605,1014898943
2025-09-30T00:00:00Z,-0.00043945,0.231940,1699897791,825391822
2025-09-30T08:00:00Z,-0.00045250,0.227900,2182574287,998424252
2025-09-30T16:00:00Z,-0.00040318,0.232820,1663216864,780746144
2025-10-01T00:00:00Z,-0.00027109,0.233350,1255733292,627873850
2025-10-01T08:00:00Z,-0.00033214,0.245180,3559196280,1769685069
2025-10-01T16:00:00Z,0.00004407,0.248940,1735234064,858780425
2025-10-02T00:00:00Z,-0.00022210,0.255780,2805831353,1426525525
2025-10-02T08:00:00Z,-0.00078623,0.254820,3100125020,1501915094
2025-10-02T16:00:00Z,-0.00025135,0.261910,2450170719,1216330919
2025-10-03T00:00:00Z,-0.00029034,0.255300,2513187812,1125123905
2025-10-03T08:00:00Z,-0.00073059,0.260510,2400216344,1210832452
2025-10-03T16:00:00Z,-0.00021300,0.258110,3012064769,1486787029
2025-10-04T00:00:00Z,-0.00046378,0.253880,1980276476,907362169
2025-10-04T08:00:00Z,-0.00045006,0.247660,2322480848,1035573363
2025-10-04T16:00:00Z,-0.00052496,0.250700,971286519,488228591
2025-10-05T00:00:00Z,-0.00034828,0.263910,3204477632,1653693708
2025-10-05T08:00:00Z,-0.00047667,0.256230,3412739396,1611508924
2025-10-05T16:00:00Z,-0.00056523,0.252680,2003831329,991916186
2025-10-06T00:00:00Z,-0.00037201,0.254960,2385023389,1189729528
2025-10-06T08:00:00Z,-0.00010419,0.266800,4046782379,2023718525
2025-10-06T16:00:00Z,-0.00018603,0.266010,2814120085,1407031786
2025-10-07T00:00:00Z,-0.00034756,0.260270,2657324980,1280068344
2025-10-07T08:00:00Z,-0.00042392,0.251370,5177659601,2465524986
2025-10-07T16:00:00Z,-0.00034680,0.246710,2883919011,1306191261
2025-10-08T00:00:00Z,-0.00054490,0.246530,2382537163,1167816607
2025-10-08T08:00:00Z,-0.00021576,0.253160,3365869521,1666917755
2025-10-08T16:00:00Z,-0.00008015,0.255570,2681146319,1349839667
2025-10-09T00:00:00Z,-0.00052075,0.247180,2707154990,1253940134
2025-10-09T08:00:00Z,-0.00039158,0.244630,4352741674,2073222395
2025-10-09T16:00:00Z,-0.00021791,0.248430,2026976236,1006623345
2025-10-10T00:00:00Z,-0.00034820,0.247190,2361193119,1151980253
2025-10-10T08:00:00Z,-0.00070461,0.237730,4932271316,2389494815
2025-10-10T16:00:00Z,-0.00160394,0.193120,18488505569,8465663036
2025-10-11T00:00:00Z,0.00000383,0.191100,8642382223,4125282307
2025-10-11T08:00:00Z,-0.00063636,0.191940,5072692029,2378782304
2025-10-11T16:00:00Z,-0.00054119,0.185160,5138978090,2512282073
2025-10-12T00:00:00Z,-0.00040680,0.189700,3890864938,1955327105
2025-10-12T08:00:00Z,-0.00124144,0.204970,11757199477,5859796295
2025-10-12T16:00:00Z,-0.00068172,0.207040,6624832587,3292314409
2025-10-13T00:00:00Z,-0.00051020,0.209800,7931389334,3956171648
2025-10-13T08:00:00Z,-0.00084166,0.210020,13190880917,6530588985
2025-10-13T16:00:00Z,-0.00035825,0.213700,7422660976,3710584321
2025-10-14T00:00:00Z,-0.00033167,0.197730,14612430131,7213583298
2025-10-14T08:00:00Z,-0.00042893,0.203360,8116523256,3998794800
2025-10-14T16:00:00Z,-0.00011462,0.204260,3408115532,1627633722
2025-10-15T00:00:00Z,-0.00042886,0.204580,2100240021,1007774531
2025-10-15T08:00:00Z,-0.00027254,0.198600,4410639356,2139524436
2025-10-15T16:00:00Z,-0.00046428,0.196110,2875926036,1386022033
2025-10-16T00:00:00Z,-0.00043983,0.197280,1989659849,983572467
2025-10-16T08:00:00Z,-0.00078272,0.189300,5574425098,2648752957
2025-10-16T16:00:00Z,-0.00052668,0.188380,4123604434,2016066057
2025-10-17T00:00:00Z,-0.00037576,0.178510,3493653650,1635971524
2025-10-17T08:00:00Z,0,0.184790,5286142435,2593580594
2025-10-17T16:00:00Z,-0.00046344,0.184630,2022450653,1026431918
2025-10-18T00:00:00Z,-0.00038438,0.187770,1757349665,876218437
2025-10-18T08:00:00Z,-0.00043397,0.187550,1203062399,569812767
2025-10-18T16:00:00Z,-0.00054028,0.189510,1093229864,543087810
2025-10-19T00:00:00Z,-0.00049609,0.188690,1084470006,523433634
2025-10-19T08:00:00Z,-0.00038479,0.196420,3988728173,2078499158
2025-10-19T16:00:00Z,-0.00031737,0.195260,1325006303,631685938
2025-10-20T00:00:00Z,-0.00023270,0.201180,2576753570,1270813855
2025-10-20T08:00:00Z,-0.00062879,0.199190,2220095118,1086079519
2025-10-20T16:00:00Z,-0.00051948,0.199910,2237832478,1087274866
2025-10-21T00:00:00Z,-0.00068032,0.194160,2142572014,1010281189
2025-10-21T08:00:00Z,-0.00014858,0.204330,3212834533,1599693082
2025-10-21T16:00:00Z,-0.00032019,0.194180,3063808573,1431347767
2025-10-22T00:00:00Z,-0.00051081,0.191850,2288444745,1103684596
2025-10-22T08:00:00Z,-0.00021077,0.192060,3329221026,1708978642
2025-10-22T16:00:00Z,-0.00053427,0.189820,2762909295,1350626289
2025-10-23T00:00:00Z,-0.00035332,0.193930,1392686837,727987005
2025-10-23T08:00:00Z,-0.00045043,0.195430,2161811080,1085169661
2025-10-23T16:00:00Z,-0.00036414,0.194840,1398756932,697482716
2025-10-24T00:00:00Z,-0.00029633,0.196670,1484128853,753339227
2025-10-24T08:00:00Z,-0.00039289,0.194850,2335700929,1149393013
2025-10-24T16:00:00Z,-0.00031206,0.197660,977592375,499457552
2025-10-25T00:00:00Z,-0.00039671,0.197880,1258167078,680101975
2025-10-25T08:00:00Z,-0.00035424,0.196160,972962081,458571830
2025-10-25T16:00:00Z,-0.00057090,0.196400,742952500,368861536
2025-10-26T00:00:00Z,-0.00046870,0.196600,867910499,432134101
2025-10-26T08:00:00Z,-0.00040232,0.203010,2330058342,1181927029
2025-10-26T16:00:00Z,-0.00028445,0.205700,1638348708,837793599
2025-10-27T00:00:00Z,-0.00001656,0.206230,2084364990,1002710675
2025-10-27T08:00:00Z,-0.00049504,0.202910,2393070877,1091498151
2025-10-27T16:00:00Z,-0.00039072,0.200300,1664463739,799756282
2025-10-28T00:00:00Z,-0.00062818,0.200220,1730935481,877683278
2025-10-28T08:00:00Z,-0.00054939,0.199640,2259070539,1075887921
2025-10-28T16:00:00Z,-0.00053276,0.193510,3043361840,1416994499
2025-10-29T00:00:00Z,-0.00057599,0.194240,951873168,471148947
2025-10-29T08:00:00Z,-0.00058190,0.191010,2232459370,984803041
2025-10-29T16:00:00Z,-0.00030051,0.192280,4141757777,2041759220
2025-10-30T00:00:00Z,-0.00045704,0.192550,2478371450,1236919283
2025-10-30T08:00:00Z,-0.00026060,0.180570,3021582786,1367353587
2025-10-30T16:00:00Z,-0.00064888,0.182560,2785077854,1383777137
2025-10-31T00:00:00Z,-0.00037510,0.184410,1390994670,685850116
2025-10-31T08:00:00Z,-0.00040776,0.185890,1441507048,735241527
2025-10-31T16:00:00Z,-0.00042596,0.186350,1477401566,755507232
2025-11-01T00:00:00Z,-0.00057914,0.187000,655756504,314387897
2025-11-01T08:00:00Z,-0.00039714,0.187250,717075249,358665561
2025-11-01T16:00:00Z,-0.00054411,0.187260,528947103,270243459
2025-11-02T00:00:00Z,-0.00059993,0.188130,694161307,336219347
2025-11-02T08:00:00Z,-0.00061417,0.183350,1322872347,589504695
2025-11-02T16:00:00Z,-0.00059922,0.186290,962819906,480906445
2025-11-03T00:00:00Z,-0.00082620,0.173410,3562745111,1620752635
2025-11-03T08:00:00Z,-0.00081935,0.166930,4638208033,2277985535
2025-11-03T16:00:00Z,-0.00054928,0.167300,3032252867,1501324393
2025-11-04T00:00:00Z,-0.00063518,0.161920,3463368477,1687913868
2025-11-04T08:00:00Z,-0.00077519,0.163870,3562255079,1742974644
2025-11-04T16:00:00Z,-0.00094335,0.162170,7708637730,3835621893
2025-11-05T00:00:00Z,-0.00066092,0.164830,2906038135,1489549319
2025-11-05T08:00:00Z,-0.00082351,0.167200,2266349620,1192111988
2025-11-05T16:00:00Z,-0.00037603,0.167090,1370457203,697009457
2025-11-06T00:00:00Z,-0.00058692,0.163170,1319048591,630281318
2025-11-06T08:00:00Z,-0.00034332,0.159070,1997909676,945301674
2025-11-06T16:00:00Z,-0.00050890,0.161550,1824088802,905425276
2025-11-07T00:00:00Z,-0.00053883,0.166920,1300199824,658928867
2025-11-07T08:00:00Z,-0.00036640,0.168940,2881899655,1414304878
2025-11-07T16:00:00Z,-0.00037644,0.178730,3030641406,1603492607
2025-11-08T00:00:00Z,-0.00043469,0.180110,2217935203,1062283103
2025-11-08T08:00:00Z,-0.00036447,0.173890,2003113903,965758049
2025-11-08T16:00:00Z,-0.00046688,0.175970,1013757457,510705931
2025-11-09T00:00:00Z,-0.00045665,0.175110,1102247290,545884601
2025-11-09T08:00:00Z,-0.00040063,0.177990,2032520964,1016863516
2025-11-09T16:00:00Z,-0.00024350,0.179220,1325892787,643793739
2025-11-10T00:00:00Z,-0.00055408,0.181210,1728265992,825488253
2025-11-10T08:00:00Z,-0.00020793,0.179140,2292561374,1077882231
2025-11-10T16:00:00Z,-0.00045887,0.181700,1368441557,666361306
2025-11-11T00:00:00Z,-0.00078376,0.176290,2547619865,1245894395
2025-11-11T08:00:00Z,-0.00062291,0.176080,1719536655,844563403
2025-11-11T16:00:00Z,-0.00042684,0.171970,1682979043,837178319
2025-11-12T00:00:00Z,-0.00067384,0.171330,1020690194,480778337
2025-11-12T08:00:00Z,-0.00040700,0.171280,2461786165,1193542719
2025-11-12T16:00:00Z,-0.00042494,0.170080,2119163446,1080391391
2025-11-13T00:00:00Z,-0.00025576,0.175660,1765221936,924678651
2025-11-13T08:00:00Z,-0.00027367,0.172660,2062725795,987067937
2025-11-13T16:00:00Z,-0.00069060,0.163740,3441563667,1678426377
2025-11-14T00:00:00Z,-0.00053479,0.165000,2682299927,1309008672
2025-11-14T08:00:00Z,-0.00036403,0.162800,3451369320,1618176098
2025-11-14T16:00:00Z,-0.00031565,0.157560,2316383894,1106156378
2025-11-15T00:00:00Z,-0.00032555,0.162980,1191567478,630422044
2025-11-15T08:00:00Z,-0.00035741,0.163020,1156988198,566581355
2025-11-15T16:00:00Z,-0.00037578,0.163090,893579407,467869750
2025-11-16T00:00:00Z,-0.00043408,0.163990,1067671681,529778363
2025-11-16T08:00:00Z,-0.00021752,0.158520,1582063573,748623361
2025-11-16T16:00:00Z,-0.00048757,0.158510,3082153880,1500670869
2025-11-17T00:00:00Z,-0.00049727,0.161760,1593295398,820343731
2025-11-17T08:00:00Z,-0.00058342,0.158340,2893935285,1393415328
2025-11-17T16:00:00Z,-0.00062681,0.152050,3803702318,1862657037
2025-11-18T00:00:00Z,-0.00038216,0.155000,3070225085,1507623835
2025-11-18T08:00:00Z,-0.00084218,0.159150,2558594753,1306128839
2025-11-18T16:00:00Z,-0.00026543,0.161680,1526947054,821404512
2025-11-19T00:00:00Z,-0.00075035,0.158840,2136242691,1037759026
2025-11-19T08:00:00Z,-0.00038830,0.154420,2118621749,1028794858
2025-11-19T16:00:00Z,-0.00045278,0.154530,3448716016,1655041574
2025-11-20T00:00:00Z,-0.00024824,0.158190,1695494987,878204003
2025-11-20T08:00:00Z,-0.00038420,0.157320,2055275339,1024435329
2025-11-20T16:00:00Z,-0.00025712,0.148860,4695579533,2222854725
2025-11-21T00:00:00Z,-0.00087027,0.140240,4196694930,1821830141
2025-11-21T08:00:00Z,-0.00054646,0.137910,5735025848,2833322114
2025-11-21T16:00:00Z,-0.00043602,0.140220,3981798711,2029055070
2025-11-22T00:00:00Z,-0.00056746,0.139590,2211183004,1150673390
2025-11-22T08:00:00Z,-0.00022428,0.138110,3344087061,1682099271
2025-11-22T16:00:00Z,-0.00056507,0.140190,1126649204,592586126
2025-11-23T00:00:00Z,-0.00029359,0.142800,1552536968,771256850
2025-11-23T08:00:00Z,-0.00056813,0.147170,1616177414,831515145
2025-11-23T16:00:00Z,-0.00050982,0.144940,1451985327,707218897
2025-11-24T00:00:00Z,-0.00035531,0.146160,2493083221,1226299526
2025-11-24T08:00:00Z,-0.00042696,0.146740,2093179706,1010769401
2025-11-24T16:00:00Z,-0.00047231,0.151730,2129722278,1115120554
2025-11-25T00:00:00Z,-0.00042917,0.149200,1096941246,520588305
2025-11-25T08:00:00Z,-0.00045682,0.147900,2017612426,968196627
2025-11-25T16:00:00Z,-0.00032985,0.152950,1925588718,973624785
2025-11-26T00:00:00Z,-0.00025930,0.152310,1167009596,553094271
2025-11-26T08:00:00Z,-0.00021370,0.150610,1860399096,936984912
2025-11-26T16:00:00Z,-0.00044444,0.154670,2041462105,1068570119
2025-11-27T00:00:00Z,-0.00049174,0.154170,1021717431,503431241
2025-11-27T08:00:00Z,-0.00052905,0.153890,1143752195,574399813
2025-11-27T16:00:00Z,-0.00049370,0.152560,826642087,409018654
2025-11-28T00:00:00Z,-0.00050926,0.149760,1142882982,517888756
2025-11-28T08:00:00Z,-0.00029834,0.153690,2231555828,1116395106
2025-11-28T16:00:00Z,-0.00040678,0.150110,1679042042,787792267
2025-11-29T00:00:00Z,-0.00044020,0.148970,820022710,388201207
2025-11-29T08:00:00Z,-0.00044450,0.149400,697502351,339893312
2025-11-29T16:00:00Z,-0.00031892,0.148290,889586348,434209166
2025-11-30T00:00:00Z,-0.00050495,0.149170,588856215,296482517
2025-11-30T08:00:00Z,-0.00031438,0.149300,904144589,445600048
2025-11-30T16:00:00Z,-0.00090154,0.145900,1362989547,652517918
2025-12-01T00:00:00Z,-0.00060921,0.137640,3102367860,1472191868
2025-12-01T08:00:00Z,-0.00040898,0.133790,2420220670,1100466571
2025-12-01T16:00:00Z,-0.00065521,0.135360,1768138448,908734578
2025-12-02T00:00:00Z,-0.00058896,0.135540,861405339,461219796
2025-12-02T08:00:00Z,-0.00017999,0.146270,2907103562,1478353828
2025-12-02T16:00:00Z,-0.00055713,0.145700,1733599292,860321436
2025-12-03T00:00:00Z,-0.00023554,0.150450,1545918971,801566186
2025-12-03T08:00:00Z,-0.00022374,0.149100,1946441036,965418637
2025-12-03T16:00:00Z,-0.00036345,0.151590,1315354708,681207572
2025-12-04T00:00:00Z,-0.00048656,0.149810,1115086512,544537452
2025-12-04T08:00:00Z,0,0.150160,1379887419,716990069
2025-12-04T16:00:00Z,-0.00037889,0.147340,1442577051,703073154
2025-12-05T00:00:00Z,-0.00049613,0.147400,730166145,348163745
2025-12-05T08:00:00Z,-0.00013690,0.142450,1846359099,892480611
2025-12-05T16:00:00Z,-0.00079512,0.139470,1971453225,930593409
2025-12-06T00:00:00Z,-0.00034503,0.139210,634605767,322948975
2025-12-06T08:00:00Z,-0.00054513,0.139520,797189723,408931953
2025-12-06T16:00:00Z,-0.00045379,0.139700,622162668,314009188
2025-12-07T00:00:00Z,-0.00043532,0.139400,532444396,261324137
2025-12-07T08:00:00Z,-0.00057039,0.139250,1637174062,756270409
2025-12-07T16:00:00Z,-0.00065084,0.138620,1907783363,930632502
2025-12-08T00:00:00Z,-0.00036670,0.142140,980747435,516675010
2025-12-08T08:00:00Z,-0.00053236,0.142380,1805887857,866776868
2025-12-08T16:00:00Z,-0.00039169,0.142530,1269487882,643305533
2025-12-09T00:00:00Z,-0.00061843,0.140730,1070703244,544163819
2025-12-09T08:00:00Z,-0.00003004,0.146250,1764497886,882767062
2025-12-09T16:00:00Z,-0.00050602,0.147900,2635309934,1355444996
2025-12-10T00:00:00Z,-0.00062351,0.146620,925948907,469673909
2025-12-10T08:00:00Z,-0.00042677,0.145090,1298149781,648159982
2025-12-10T16:00:00Z,-0.00054787,0.143240,2847716049,1373051416
2025-12-11T00:00:00Z,-0.00049933,0.138030,2001909124,946229199
2025-12-11T08:00:00Z,-0.00066900,0.137030,1273716244,610625159
2025-12-11T16:00:00Z,-0.00019329,0.140280,1613359096,773556738
2025-12-12T00:00:00Z,-0.00055331,0.140540,897790327,450132306
2025-12-12T08:00:00Z,-0.00035771,0.135520,1459768052,660043622
2025-12-12T16:00:00Z,-0.00036879,0.136840,1464620602,692007365
2025-12-13T00:00:00Z,-0.00044074,0.137700,481872556,253541327
2025-12-13T08:00:00Z,-0.00041962,0.139420,802064307,398790115
2025-12-13T16:00:00Z,-0.00054549,0.138970,559300305,267588594
2025-12-14T00:00:00Z,-0.00037756,0.138180,462371516,232538662
2025-12-14T08:00:00Z,-0.00043442,0.135390,982671801,437924451
2025-12-14T16:00:00Z,-0.00051859,0.134000,1390722341,653904228
2025-12-15T00:00:00Z,-0.00047233,0.136260,1261999005,654235778
2025-12-15T08:00:00Z,-0.00101467,0.130640,2454382568,1122936106
2025-12-15T16:00:00Z,-0.00062404,0.129680,1970057984,912858489
2025-12-16T00:00:00Z,-0.00051843,0.128370,1186260071,573084118
2025-12-16T08:00:00Z,-0.00058956,0.132610,2083933957,1010652835
2025-12-16T16:00:00Z,-0.00066621,0.131710,806799694,422503168
2025-12-17T00:00:00Z,-0.00057759,0.130820,811820337,409800648
2025-12-17T08:00:00Z,-0.00073277,0.129870,2573827193,1275687676
2025-12-17T16:00:00Z,-0.00067378,0.126260,2455461643,1151126683
2025-12-18T00:00:00Z,-0.00057062,0.124770,1240571394,551473958
2025-12-18T08:00:00Z,-0.00041804,0.129470,2537277362,1237883386
2025-12-18T16:00:00Z,-0.00045764,0.122030,3299740411,1553824946
2025-12-19T00:00:00Z,-0.00040221,0.127890,2161450704,1107617809
2025-12-19T08:00:00Z,-0.00033576,0.129560,1712027807,830794747
2025-12-19T16:00:00Z,-0.00054044,0.132150,1588219852,812097490
2025-12-20T00:00:00Z,-0.00050980,0.131490,673940153,325268776
2025-12-20T08:00:00Z,-0.00038163,0.132050,759989848,383264886
2025-12-20T16:00:00Z,-0.00042704,0.131880,402441108,217107751
2025-12-21T00:00:00Z,-0.00041961,0.131300,531535327,258630464
2025-12-21T08:00:00Z,-0.00052908,0.129450,1482593248,761332501
2025-12-21T16:00:00Z,-0.00054502,0.131050,675262270,341861470
2025-12-22T00:00:00Z,-0.00059993,0.132020,1319892138,685251550
2025-12-22T08:00:00Z,-0.00027002,0.134340,1462179872,743208993
2025-12-22T16:00:00Z,-0.00068829,0.132490,1404752105,693092627
2025-12-23T00:00:00Z,-0.00030553,0.130400,1145150740,551933959
2025-12-23T08:00:00Z,-0.00070627,0.129410,1320171916,617836744
2025-12-23T16:00:00Z,-0.00045845,0.129230,1121855122,535348207
2025-12-24T00:00:00Z,-0.00049976,0.127030,1086523100,512606473
2025-12-24T08:00:00Z,-0.00046159,0.128310,995163700,500463310
2025-12-24T16:00:00Z,-0.00050467,0.128490,630925750,336792386
2025-12-25T00:00:00Z,-0.00048608,0.127880,421181463,211229890
2025-12-25T08:00:00Z,-0.00030591,0.127580,1246002031,584694433
2025-12-25T16:00:00Z,-0.00076013,0.123560,1141063465,515956355
2025-12-26T00:00:00Z,-0.00048701,0.125320,1566196456,801470416
2025-12-26T08:00:00Z,-0.00050929,0.122060,1818726339,841078630
2025-12-26T16:00:00Z,-0.00046936,0.122050,1110494114,522394930
2025-12-27T00:00:00Z,-0.00046114,0.122650,653159826,330280363
2025-12-27T08:00:00Z,-0.00055703,0.122970,756555269,373011347
2025-12-27T16:00:00Z,-0.00043738,0.124300,818320640,414711767
2025-12-28T00:00:00Z,-0.00051270,0.124100,491728445,251713083
2025-12-28T08:00:00Z,-0.00039651,0.124220,606250222,311456009
2025-12-28T16:00:00Z,-0.00033071,0.123880,760284743,341289917
2025-12-29T00:00:00Z,-0.00035549,0.127090,1773715700,896588920
2025-12-29T08:00:00Z,-0.00063982,0.124020,2106709263,1027017485
2025-12-29T16:00:00Z,-0.00056565,0.122800,1006014854,480649240
2025-12-30T00:00:00Z,-0.00046727,0.123650,785073376,387470145
2025-12-30T08:00:00Z,-0.00047574,0.124510,1599391970,764770550
2025-12-30T16:00:00Z,-0.00076705,0.123260,896773821,409632935
2025-12-31T00:00:00Z,-0.00048630,0.123310,541802365,259853946
2025-12-31T08:00:00Z,-0.00047278,0.121090,1483728037,643398800
2025-12-31T16:00:00Z,-0.00042039,0.117410,2487022230,1099581712
2026-01-01T00:00:00Z,-0.00066505,0.118370,739789724,390591345
2026-01-01T08:00:00Z,-0.00023874,0.124630,2676756303,1502050858
2026-01-01T16:00:00Z,-0.00019232,0.126790,2115868817,1087628562
2026-01-02T00:00:00Z,-0.00009506,0.127900,1602474585,843577763
2026-01-02T08:00:00Z,0,0.135240,5118005642,2753481550
2026-01-02T16:00:00Z,-0.00032498,0.141810,3919553186,1981877681
2026-01-03T00:00:00Z,-0.00018644,0.139960,1934768367,959567243
2026-01-03T08:00:00Z,-0.00026748,0.142200,1901888786,938223679
2026-01-03T16:00:00Z,-0.00029648,0.143070,1179062508,544560699
2026-01-04T00:00:00Z,-0.00042129,0.151420,3801039078,1977887754
2026-01-04T08:00:00Z,-0.00076468,0.151340,2657872785,1256685223
2026-01-04T16:00:00Z,-0.00070443,0.149440,1996009996,950430177
2026-01-05T00:00:00Z,-0.00046179,0.149920,2181156154,1149026425
2026-01-05T08:00:00Z,-0.00051773,0.148740,3194548186,1426418808
2026-01-05T16:00:00Z,-0.00053850,0.151650,2884120532,1490595509
2026-01-06T00:00:00Z,-0.00052016,0.149480,2415478845,1187142545
2026-01-06T08:00:00Z,-0.00039845,0.149900,2725902936,1287528759
2026-01-06T16:00:00Z,-0.00051182,0.150480,3722657549,1648492938
2026-01-07T00:00:00Z,-0.00047955,0.148980,1282582490,588054437
2026-01-07T08:00:00Z,-0.00048594,0.146050,3557910308,1743246345
2026-01-07T16:00:00Z,-0.00050737,0.146340,1299498428,624836298
2026-01-08T00:00:00Z,-0.00043704,0.143920,1876504035,898722676
2026-01-08T08:00:00Z,-0.00074927,0.141790,3264268355,1478126363
2026-01-08T16:00:00Z,-0.00041101,0.141890,1265632555,664606516
2026-01-09T00:00:00Z,-0.00059964,0.141900,836923147,388392194
2026-01-09T08:00:00Z,-0.00032874,0.142050,2436337807,1232403835
2026-01-09T16:00:00Z,-0.00041252,0.140650,1303579779,630272097
2026-01-10T00:00:00Z,-0.00053111,0.140310,477732684,230586956
2026-01-10T08:00:00Z,-0.00036764,0.139920,571756197,259774936
2026-01-10T16:00:00Z,-0.00046456,0.139580,410932984,197911907
2026-01-11T00:00:00Z,-0.00051689,0.139960,542071096,273801426
2026-01-11T08:00:00Z,-0.00060374,0.138080,1057765372,476856737
2026-01-11T16:00:00Z,-0.00041891,0.137940,1463533583,682709786
2026-01-12T00:00:00Z,-0.00062705,0.137850,1794094994,877273035
2026-01-12T08:00:00Z,-0.00035946,0.138400,1763501216,869004209
2026-01-12T16:00:00Z,-0.00062303,0.136530,1503107366,714181776
2026-01-13T00:00:00Z,-0.00035007,0.138580,1012214876,512513171
2026-01-13T08:00:00Z,-0.00041867,0.142040,1800132842,918796416
2026-01-13T16:00:00Z,-0.00028953,0.148210,2720050957,1345505133
2026-01-14T00:00:00Z,-0.00024169,0.148410,1535274098,760364860
2026-01-14T08:00:00Z,-0.00057298,0.148910,1688021988,859324609
2026-01-14T16:00:00Z,-0.00029002,0.147120,1692969914,873623270
2026-01-15T00:00:00Z,-0.00047879,0.144090,1424065824,684708656
2026-01-15T08:00:00Z,-0.00036577,0.142030,1697480577,820290865
2026-01-15T16:00:00Z,-0.00042497,0.139970,1409314168,644644632
2026-01-16T00:00:00Z,-0.00041809,0.139940,838927352,430327461
2026-01-16T08:00:00Z,-0.00062215,0.135950,1809492821,792933754
2026-01-16T16:00:00Z,-0.00060563,0.138040,1096194983,529020044
2026-01-17T00:00:00Z,-0.00044459,0.137240,519977906,227139509
2026-01-17T08:00:00Z,-0.00055934,0.139450,705688213,373760374
2026-01-17T16:00:00Z,-0.00042979,0.137810,668277673,309773095
2026-01-18T00:00:00Z,-0.00046417,0.137070,542848147,250617368
2026-01-18T08:00:00Z,-0.00035183,0.136500,729900241,351556333
2026-01-18T16:00:00Z,-0.00044841,0.131560,1671915157,741664211
2026-01-19T00:00:00Z,-0.00052419,0.127130,4155664073,1939262420
2026-01-19T08:00:00Z,-0.00060099,0.127750,1129485414,530373126
2026-01-19T16:00:00Z,-0.00048519,0.129090,1155840895,571907882
2026-01-20T00:00:00Z,-0.00042037,0.126710,1338586151,614014559
2026-01-20T08:00:00Z,-0.00020654,0.125130,2331082528,1150881420
2026-01-20T16:00:00Z,-0.00037680,0.123290,1603960755,734333826
2026-01-21T00:00:00Z,-0.00040982,0.124910,1348278436,692932741
2026-01-21T08:00:00Z,-0.00051531,0.126310,2220267352,1054520711
2026-01-21T16:00:00Z,-0.00062456,0.126440,3074063486,1506490140
2026-01-22T00:00:00Z,-0.00043410,0.126050,889509502,443059950
2026-01-22T08:00:00Z,-0.00047274,0.124220,1506578870,739306915
2026-01-22T16:00:00Z,-0.00051183,0.124310,948989711,450837190
2026-01-23T00:00:00Z,-0.00042902,0.125000,713590214,366144207
2026-01-23T08:00:00Z,-0.00044198,0.124640,1359736760,622034377
2026-01-23T16:00:00Z,-0.00052191,0.124700,1702826131,846201495
2026-01-24T00:00:00Z,-0.00070103,0.124120,379179015,176877752
2026-01-24T08:00:00Z,-0.00058559,0.123620,445679301,223740710
2026-01-24T16:00:00Z,-0.00051245,0.124150,437837530,217724065
2026-01-25T00:00:00Z,-0.00047591,0.122930,492885648,216105393
2026-01-25T08:00:00Z,-0.00053659,0.122220,863110888,409720490
2026-01-25T16:00:00Z,-0.00048598,0.119380,2694042237,1262189131
2026-01-26T00:00:00Z,-0.00036153,0.121680,1351843848,679901805
2026-01-26T08:00:00Z,-0.00053870,0.122190,1531704706,732427381
2026-01-26T16:00:00Z,-0.00059447,0.122280,1204698870,585271165
2026-01-27T00:00:00Z,-0.00049507,0.122110,685204970,325511455
2026-01-27T08:00:00Z,-0.00039861,0.122930,1031733959,543644147
2026-01-27T16:00:00Z,-0.00044263,0.126150,2291822945,1175974577
2026-01-28T00:00:00Z,-0.00038472,0.125480,912389183,445889098
2026-01-28T08:00:00Z,-0.00057590,0.124570,1590496433,803615884
2026-01-28T16:00:00Z,-0.00051502,0.124950,1204711342,605848522
2026-01-29T00:00:00Z,-0.00035936,0.121940,1181301214,517302592
2026-01-29T08:00:00Z,-0.00089627,0.116130,2701981421,1194858644
2026-01-29T16:00:00Z,-0.00057395,0.117200,2457248637,1175932384
2026-01-30T00:00:00Z,-0.00054928,0.114480,2560618017,1199907193
2026-01-30T08:00:00Z,-0.00039930,0.115990,1813558977,921301873
2026-01-30T16:00:00Z,-0.00048862,0.115770,2280810849,1102445105
2026-01-31T00:00:00Z,-0.00033151,0.112730,990625315,431655833
2026-01-31T08:00:00Z,-0.00072887,0.106700,3415535245,1579198117
2026-01-31T16:00:00Z,-0.00090026,0.104170,6026900735,2850466346
2026-02-01T00:00:00Z,-0.00053941,0.105730,1482316685,743345919
2026-02-01T08:00:00Z,-0.00099953,0.104050,2494692864,1237975540
2026-02-01T16:00:00Z,-0.00031484,0.104210,2919206445,1455106505
2026-02-02T00:00:00Z,-0.00054049,0.103050,4270780787,2096010180
2026-02-02T08:00:00Z,-0.00017785,0.109490,2764956940,1446045345
2026-02-02T16:00:00Z,-0.00055602,0.107850,1334199114,637930604
2026-02-03T00:00:00Z,-0.00080424,0.108190,1620579484,799920583
2026-02-03T08:00:00Z,-0.00045626,0.110120,2687113144,1321008593
2026-02-03T16:00:00Z,-0.00071963,0.105950,3976275068,1897223897
2026-02-04T00:00:00Z,-0.00031417,0.108410,1240571515,621853315
2026-02-04T08:00:00Z,-0.00062711,0.103390,2252433716,1049622422
2026-02-04T16:00:00Z,-0.00054573,0.103770,3127404704,1550489294
2026-02-05T00:00:00Z,-0.00045098,0.101110,2887725740,1404180860
2026-02-05T08:00:00Z,-0.00065247,0.094150,5362394204,2587776327
2026-02-05T16:00:00Z,-0.00030340,0.088410,8121198240,4114373748
2026-02-06T00:00:00Z,-0.00059212,0.090680,6748831893,3420300932
2026-02-06T08:00:00Z,-0.00067338,0.096370,3565243520,1866531601
2026-02-06T16:00:00Z,-0.00060190,0.098420,3535165670,1790512460
2026-02-07T00:00:00Z,-0.00058752,0.095780,2376182678,1120316312
2026-02-07T08:00:00Z,-0.00045685,0.096770,1643345235,827175919
2026-02-07T16:00:00Z,-0.00039204,0.098190,2209393568,1116663674
2026-02-08T00:00:00Z,-0.00049351,0.096810,754992899,338657412
2026-02-08T08:00:00Z,-0.00053682,0.097270,1801145516,911298036
2026-02-08T16:00:00Z,-0.00062332,0.096570,1501021231,735966267
2026-02-09T00:00:00Z,-0.00064720,0.095260,1195503699,555480548
2026-02-09T08:00:00Z,-0.00061515,0.095150,1960601832,966163922
2026-02-09T16:00:00Z,-0.00046692,0.096050,1282933460,653214611
2026-02-10T00:00:00Z,-0.00062493,0.093600,1176034969,531115874
2026-02-10T08:00:00Z,-0.00036973,0.092980,1484627709,679905879
2026-02-10T16:00:00Z,-0.00050754,0.092710,1025453806,535939174
2026-02-11T00:00:00Z,-0.00075136,0.090490,1247214098,594150158
2026-02-11T08:00:00Z,-0.00049845,0.088960,2332230621,1128530844
2026-02-11T16:00:00Z,-0.00061025,0.091070,1849251045,886194037
2026-02-12T00:00:00Z,-0.00038308,0.092870,996470269,483173310
2026-02-12T08:00:00Z,-0.00023022,0.093190,1476307557,758926797
2026-02-12T16:00:00Z,-0.00028325,0.092960,1967062564,930914847
2026-02-13T00:00:00Z,-0.00038722,0.093000,859979164,446692214
2026-02-13T08:00:00Z,-0.00039922,0.095280,1903284220,1008399830
2026-02-13T16:00:00Z,-0.00040596,0.096630,1452583032,733999137
2026-02-14T00:00:00Z,-0.00052533,0.096500,561279693,273601988
2026-02-14T08:00:00Z,-0.00039637,0.103950,2573040103,1358681343
2026-02-14T16:00:00Z,-0.00059205,0.110990,4119174972,2039134765
2026-02-15T00:00:00Z,-0.00039611,0.116020,4161714426,2127359679
2026-02-15T08:00:00Z,-0.00058388,0.107700,4259111523,2004949840
2026-02-15T16:00:00Z,-0.00066749,0.102610,2975345698,1408079344
2026-02-16T00:00:00Z,-0.00058897,0.101950,1862213930,990956069
2026-02-16T08:00:00Z,-0.00060498,0.099510,3388446039,1612839830
2026-02-16T16:00:00Z,-0.00060353,0.100970,1607782594,811540175
2026-02-17T00:00:00Z,-0.00041558,0.099720,1304893952,665027549
2026-02-17T08:00:00Z,-0.00035691,0.100450,2118288930,1088338378
2026-02-17T16:00:00Z,-0.00024999,0.100610,2222090042,1145309543
2026-02-18T00:00:00Z,-0.00047372,0.101370,906576664,467683300
2026-02-18T08:00:00Z,-0.00033070,0.101050,1896060540,923468523
2026-02-18T16:00:00Z,-0.00059393,0.098490,1826576866,834281245
2026-02-19T00:00:00Z,-0.00030503,0.098290,1320706165,625852901
2026-02-19T08:00:00Z,-0.00048542,0.096800,1888632141,932913516
2026-02-19T16:00:00Z,-0.00050090,0.098310,1507875770,794280837
2026-02-20T00:00:00Z,-0.00060599,0.098540,1072615933,557300193
2026-02-20T08:00:00Z,-0.00042756,0.100260,2856057734,1419815685
2026-02-20T16:00:00Z,-0.00068455,0.100040,2363986506,1211915843
2026-02-21T00:00:00Z,-0.00038838,0.100040,836709251,389520323
2026-02-21T08:00:00Z,-0.00059577,0.099960,1069856926,530550547
2026-02-21T16:00:00Z,-0.00058952,0.098360,942981729,415061370
2026-02-22T00:00:00Z,-0.00063913,0.097240,1015165936,441157970
2026-02-22T08:00:00Z,-0.00062911,0.095700,1322704258,597894903
2026-02-22T16:00:00Z,-0.00064311,0.095520,965656285,466258615
2026-02-23T00:00:00Z,-0.00054162,0.094820,2858700371,1377985702
2026-02-23T08:00:00Z,-0.00042889,0.094910,2311889889,1145320721
2026-02-23T16:00:00Z,-0.00050272,0.092630,2076610890,952020982
2026-02-24T00:00:00Z,-0.00039298,0.091200,1975961989,949649502
2026-02-24T08:00:00Z,-0.00058079,0.091720,1902485247,955578463
2026-02-24T16:00:00Z,-0.00051782,0.091330,1274925561,658435582
2026-02-25T00:00:00Z,-0.00052735,0.092780,2082557287,1027756957
2026-02-25T08:00:00Z,-0.00033851,0.101540,3581060137,1867829819
2026-02-25T16:00:00Z,-0.00000967,0.100910,3804801016,1798476794
2026-02-26T00:00:00Z,-0.00027928,0.099520,1720139596,864279887
2026-02-26T08:00:00Z,-0.00012357,0.098550,2286562840,1184692853
2026-02-26T16:00:00Z,-0.00051300,0.096940,1973742501,963083886
2026-02-27T00:00:00Z,-0.00052278,0.098370,1518404835,786809597
2026-02-27T08:00:00Z,-0.00051614,0.093960,2593201963,1286926650
2026-02-27T16:00:00Z,-0.00078086,0.093310,1572108356,777561767
2026-02-28T00:00:00Z,-0.00064151,0.089270,2892871397,1350551140
2026-02-28T08:00:00Z,-0.00053992,0.090740,3303142304,1585595753
2026-02-28T16:00:00Z,-0.00050820,0.094000,2198338340,1107225379
2026-03-01T00:00:00Z,-0.00042789,0.094800,2485858980,1229398270
2026-03-01T08:00:00Z,-0.00049380,0.093820,1997446451,991872036
2026-03-01T16:00:00Z,-0.00050433,0.091860,2597519707,1275617539
2026-03-02T00:00:00Z,-0.00068576,0.091690,1502450251,753869726
2026-03-02T08:00:00Z,-0.00037219,0.095630,2979084652,1473738259
2026-03-02T16:00:00Z,-0.00014081,0.093510,2390977195,1189883366
2026-03-03T00:00:00Z,-0.00053128,0.091290,1742752086,826485147
2026-03-03T08:00:00Z,-0.00073569,0.090140,3058169346,1477681889
2026-03-03T16:00:00Z,-0.00050087,0.089910,2728846774,1337475725
2026-03-04T00:00:00Z,-0.00045187,0.090080,1949063710,982339617
2026-03-04T08:00:00Z,-0.00077780,0.098990,5032782326,2540169304
2026-03-04T16:00:00Z,-0.00047550,0.098900,5319543997,2573879562
2026-03-05T00:00:00Z,-0.00044959,0.095640,2551343254,1234979048
2026-03-05T08:00:00Z,-0.00031565,0.094230,3389564850,1667014605
2026-03-05T16:00:00Z,-0.00040399,0.093530,1902749603,950081416
2026-03-06T00:00:00Z,-0.00078106,0.093920,1325684146,682552162
2026-03-06T08:00:00Z,-0.00078076,0.090180,3074702359,1430116856
2026-03-06T16:00:00Z,-0.00060117,0.091230,1632670784,826294362
2026-03-07T00:00:00Z,-0.00047018,0.090530,1158660844,564496548
2026-03-07T08:00:00Z,-0.00065027,0.089960,1249948744,573795273
2026-03-07T16:00:00Z,-0.00050725,0.089870,868773046,419907035
2026-03-08T00:00:00Z,-0.00055154,0.089260,1127121011,500720072
2026-03-08T08:00:00Z,-0.00065156,0.088640,2284836689,1079316365
2026-03-08T16:00:00Z,-0.00067029,0.089070,2200401869,1034483195
2026-03-09T00:00:00Z,-0.00053936,0.089940,2367635325,1195596971
2026-03-09T08:00:00Z,-0.00053523,0.091060,2354821660,1163569014
2026-03-09T16:00:00Z,-0.00061720,0.090420,1838472218,898465892
2026-03-10T00:00:00Z,-0.00035069,0.092270,1748281402,886990717
2026-03-10T08:00:00Z,0.00018396,0.099080,6023678032,3163240574
2026-03-10T16:00:00Z,-0.00064252,0.094460,3939329422,1938472591
2026-03-11T00:00:00Z,-0.00039016,0.091890,2491940127,1165167294
2026-03-11T08:00:00Z,-0.00068937,0.092310,3456900468,1708676058
2026-03-11T16:00:00Z,-0.00048321,0.092830,1666856649,817134543
2026-03-12T00:00:00Z,-0.00061982,0.092830,1296614380,636804980
2026-03-12T08:00:00Z,-0.00024887,0.094050,3569387348,1772023980
2026-03-12T16:00:00Z,-0.00047093,0.094690,1574456099,790926527
2026-03-13T00:00:00Z,-0.00038377,0.096450,2677013278,1352975298
2026-03-13T08:00:00Z,-0.00023150,0.097930,4950426521,2520264292
2026-03-13T16:00:00Z,-0.00059719,0.095910,2169055670,1090572269
2026-03-14T00:00:00Z,-0.00037117,0.094570,1566377393,735075372
2026-03-14T08:00:00Z,-0.00049584,0.094870,1532358570,781843547
2026-03-14T16:00:00Z,-0.00052829,0.095990,768810444,419555538
2026-03-15T00:00:00Z,-0.00048179,0.095560,1508337482,731643458
2026-03-15T08:00:00Z,-0.00051135,0.094930,1437454382,655509254
2026-03-15T16:00:00Z,-0.00049082,0.097340,1606846025,844307072
2026-03-16T00:00:00Z,-0.00023670,0.101990,3800278097,2030353436
2026-03-16T08:00:00Z,-0.00054837,0.100040,4646430074,2325165892
2026-03-16T16:00:00Z,-0.00056650,0.102990,1983188191,1042833955
2026-03-17T00:00:00Z,-0.00043435,0.100480,2934353838,1415534029
2026-03-17T08:00:00Z,-0.00066792,0.099600,2566332763,1202860074
2026-03-17T16:00:00Z,-0.00027033,0.100120,1195549192,596372312
2026-03-18T00:00:00Z,-0.00057572,0.099490,1516487288,745790604
2026-03-18T08:00:00Z,-0.00082155,0.094300,3370222972,1503471609
2026-03-18T16:00:00Z,-0.00064528,0.095200,2056998144,1015873134
2026-03-19T00:00:00Z,-0.00068037,0.094330,1550406444,724472610
2026-03-19T08:00:00Z,-0.00081401,0.092830,2252653265,1081627850
2026-03-19T16:00:00Z,-0.00052932,0.093490,1163084871,571088131
2026-03-20T00:00:00Z,-0.00068950,0.094020,1440821938,720759228
2026-03-20T08:00:00Z,-0.00050739,0.094170,1752093957,871263742
2026-03-20T16:00:00Z,-0.00046101,0.094130,1179653993,582063125
2026-03-21T00:00:00Z,-0.00037740,0.094320,875624878,385153021
2026-03-21T08:00:00Z,-0.00058059,0.094580,841384961,398379913
2026-03-21T16:00:00Z,0.00000000,0.091290,1428071202,648596506
2026-03-22T00:00:00Z,-0.00047265,0.091290,1951784052,926207830
2026-03-22T08:00:00Z,-0.00062275,0.091570,1218938873,596978610
2026-03-22T16:00:00Z,-0.00055469,0.090080,1543126900,681559754
2026-03-23T00:00:00Z,-0.00031645,0.090410,1241149898,620124087
2026-03-23T08:00:00Z,-0.00016644,0.093760,5162890598,2586970820
2026-03-23T16:00:00Z,-0.00084435,0.094080,1675236473,804417427
2026-03-24T00:00:00Z,-0.00038207,0.095200,1282567202,613959282
2026-03-24T08:00:00Z,-0.00056683,0.093300,2267815444,1111612402
2026-03-24T16:00:00Z,-0.00043637,0.095060,1295726653,621216134
2026-03-25T00:00:00Z,-0.00038034,0.096770,2115829529,1141383358
2026-03-25T08:00:00Z,-0.00035836,0.095920,2136211102,1107725045
2026-03-25T16:00:00Z,-0.00037026,0.096130,987314002,518336735
2026-03-26T00:00:00Z,-0.00057857,0.092690,1946457133,885114966
2026-03-26T08:00:00Z,-0.00050413,0.090900,2139051844,996256746
2026-03-26T16:00:00Z,-0.00052194,0.092010,1564183545,798568382
2026-03-27T00:00:00Z,-0.00064790,0.092170,809634324,391141141
2026-03-27T08:00:00Z,-0.00040225,0.090300,2566485529,1168141894
2026-03-27T16:00:00Z,-0.00063339,0.090050,905248133,434880906
2026-03-28T00:00:00Z,-0.00037707,0.091160,794616816,390117244
2026-03-28T08:00:00Z,-0.00025681,0.094000,2411849108,1254758351
2026-03-28T16:00:00Z,-0.00080672,0.090920,1791875226,809693220
2026-03-29T00:00:00Z,-0.00049484,0.091140,966911001,492207445
2026-03-29T08:00:00Z,-0.00051396,0.090110,1051056730,429243342
2026-03-29T16:00:00Z,-0.00056094,0.090400,1967804812,940722237
2026-03-30T00:00:00Z,-0.00026916,0.093300,2234757728,1100349818
2026-03-30T08:00:00Z,-0.00029146,0.092870,1951766140,931064219
2026-03-30T16:00:00Z,-0.00040012,0.090780,1623016062,764072085
2026-03-31T00:00:00Z,-0.00039022,0.091230,1685302921,802316826
2026-03-31T08:00:00Z,-0.00050720,0.090370,2399597162,1208563967
2026-03-31T16:00:00Z,-0.00044912,0.092280,1987368693,1010394126
2026-04-01T00:00:00Z,-0.00010725,0.093230,1721386522,870256695
2026-04-01T08:00:00Z,-0.00034333,0.093020,1902793563,953883274
2026-04-01T16:00:00Z,-0.00045377,0.092140,1259214738,628051506
2026-04-02T00:00:00Z,-0.00054356,0.090200,2849275592,1356801358
2026-04-02T08:00:00Z,-0.00051310,0.090290,1846599446,859165297
2026-04-02T16:00:00Z,-0.00061511,0.090350,885393745,449862257
2026-04-03T00:00:00Z,-0.00046815,0.091130,1318120220,707669534
2026-04-03T08:00:00Z,-0.00058450,0.091490,1458766991,755625240
2026-04-03T16:00:00Z,-0.00043421,0.091500,1010345885,481613480
2026-04-04T00:00:00Z,-0.00040600,0.091320,594709065,251164772
2026-04-04T08:00:00Z,-0.00036921,0.091710,1012050270,489348425
2026-04-04T16:00:00Z,-0.00025439,0.092020,1189410657,623728096
2026-04-05T00:00:00Z,-0.00050083,0.090030,1428497430,600219493
2026-04-05T08:00:00Z,-0.00026301,0.090620,1596629918,822990219
2026-04-05T16:00:00Z,-0.00030894,0.092350,1646976881,858039308
2026-04-06T00:00:00Z,-0.00035489,0.092050,2401085957,1095765176
2026-04-06T08:00:00Z,-0.00022382,0.092790,1602405097,790224947
2026-04-06T16:00:00Z,-0.00086667,0.090530,1801791314,913743080
2026-04-07T00:00:00Z,-0.00040374,0.090560,974327951,477121722
2026-04-07T08:00:00Z,-0.00043453,0.090350,1567823049,764311103
2026-04-07T16:00:00Z,-0.00043150,0.094910,3622806814,1775491284
2026-04-08T00:00:00Z,-0.00020375,0.094550,1689322377,833020446
2026-04-08T08:00:00Z,-0.00045166,0.093370,2833054731,1325307274
2026-04-08T16:00:00Z,-0.00042422,0.092350,1223257617,620628023
2026-04-09T00:00:00Z,-0.00048570,0.091340,1718621976,842019354
2026-04-09T08:00:00Z,-0.00051465,0.092860,1847335401,922516511
2026-04-09T16:00:00Z,-0.00030831,0.092550,2130268253,1040127135
2026-04-10T00:00:00Z,-0.00046517,0.092240,1151251385,535266784
2026-04-10T08:00:00Z,-0.00007845,0.093290,2312341655,1191417443
2026-04-10T16:00:00Z,-0.00044255,0.093650,1615374921,905223463
2026-04-11T00:00:00Z,-0.00038643,0.092830,1146470717,501675209
2026-04-11T08:00:00Z,-0.00049698,0.092700,1053560100,508935299
2026-04-11T16:00:00Z,-0.00051098,0.093030,1860468922,944543371
2026-04-12T00:00:00Z,-0.00067520,0.091320,2362223324,1175245115
2026-04-12T08:00:00Z,-0.00059460,0.090590,1211038990,470009550
2026-04-12T16:00:00Z,-0.00064440,0.090780,1169501233,651338619
2026-04-13T00:00:00Z,-0.00046428,0.090840,986446442,487143288
2026-04-13T08:00:00Z,-0.00040421,0.091670,1956024540,958740651
2026-04-13T16:00:00Z,-0.00047684,0.094090,2817665365,1394306138
2026-04-14T00:00:00Z,-0.00054888,0.093550,1726799935,782941082
2026-04-14T08:00:00Z,-0.00035276,0.095380,4746080127,2505004511
2026-04-14T16:00:00Z,-0.00059287,0.092900,2199460942,1073366414
2026-04-15T00:00:00Z,-0.00042942,0.092750,1295731519,598790924
2026-04-15T08:00:00Z,-0.00059421,0.093520,1373073865,675712936
2026-04-15T16:00:00Z,0.00000000,0.094850,2253832080,1139230766
2026-04-16T00:00:00Z,-0.00040645,0.096440,2554205454,1320933831
2026-04-16T08:00:00Z,-0.00054138,0.097250,3745561611,1899387580
2026-04-16T16:00:00Z,-0.00041789,0.099170,3639546832,1969984608
2026-04-17T00:00:00Z,-0.00057452,0.098010,2166534059,1004414657
2026-04-17T08:00:00Z,-0.00037603,0.100530,4702542438,2451881219
2026-04-17T16:00:00Z,-0.00112734,0.099360,2380499423,1140260421
2026-04-18T00:00:00Z,-0.00051052,0.098810,1372616966,619040013
2026-04-18T08:00:00Z,-0.00067070,0.095940,2849582070,1253955751
2026-04-18T16:00:00Z,-0.00062790,0.094730,1508757447,697202377
2026-04-19T00:00:00Z,-0.00064757,0.094080,1704460229,814072625
2026-04-19T08:00:00Z,-0.00016086,0.095560,2993838590,1540744537
2026-04-19T16:00:00Z,-0.00084675,0.092980,1809411516,786963593
2026-04-20T00:00:00Z,-0.00037354,0.094480,1445965518,697899892
2026-04-20T08:00:00Z,-0.00030828,0.094910,1664183228,822082210
2026-04-20T16:00:00Z,-0.00040480,0.095150,1105920007,534121634
2026-04-21T00:00:00Z,-0.00061693,0.095210,1169906688,545915309
2026-04-21T08:00:00Z,-0.00038393,0.094740,1334195636,613678032
2026-04-21T16:00:00Z,-0.00037415,0.095130,1136842601,549996843
2026-04-22T00:00:00Z,-0.00023011,0.097490,2413930525,1294607917
2026-04-22T08:00:00Z,-0.00054315,0.097830,2208401461,1098187660
2026-04-22T16:00:00Z,-0.00064264,0.095570,1321170481,551152794
2026-04-23T00:00:00Z,-0.00022120,0.095880,2656692931,1284026167
2026-04-23T08:00:00Z,-0.00017288,0.097330,1863920571,864213661
2026-04-23T16:00:00Z,-0.00037417,0.097090,1413556374,692524863
2026-04-24T00:00:00Z,-0.00027431,0.097780,1352668718,696566127
2026-04-24T08:00:00Z,-0.00025366,0.098060,2222066321,1188106327
2026-04-24T16:00:00Z,-0.00036179,0.098390,1281888457,706214378
2026-04-25T00:00:00Z,-0.00044849,0.098360,1087228913,521852846
2026-04-25T08:00:00Z,-0.00033288,0.098140,857946521,433846869
2026-04-25T16:00:00Z,-0.00031362,0.097960,738570728,374202365
2026-04-26T00:00:00Z,-0.00051230,0.098520,1008815235,507647262
2026-04-26T08:00:00Z,-0.00045320,0.098980,1149078207,605276049
2026-04-26T16:00:00Z,-0.00054257,0.099160,1162842289,632953486
2026-04-27T00:00:00Z,-0.00075788,0.097750,2472883743,1226562694
2026-04-27T08:00:00Z,-0.00043154,0.097170,2040404747,996541929
2026-04-27T16:00:00Z,-0.00040913,0.098890,1112344252,640293894
2026-04-28T00:00:00Z,-0.00036964,0.099610,2819451026,1448159668
2026-04-28T08:00:00Z,-0.00039427,0.099480,1855031424,889132666
2026-04-28T16:00:00Z,-0.00052541,0.099280,1148738534,590298923
2026-04-29T00:00:00Z,-0.00026259,0.104920,3751002434,2113868386
2026-04-29T08:00:00Z,-0.00029732,0.103340,9051898070,4388286204
2026-04-29T16:00:00Z,-0.00058356,0.104020,4527804305,2206672458
2026-04-30T00:00:00Z,-0.00051867,0.106950,5173536003,2587607142
2026-04-30T08:00:00Z,-0.00044864,0.107030,3064326029,1497434277
2026-04-30T16:00:00Z,-0.00043506,0.106450,1341130985,646536976
2026-05-01T00:00:00Z,-0.00050698,0.108180,2923003133,1467899416
2026-05-01T08:00:00Z,-0.00052592,0.109370,3319387991,1721454573
2026-05-01T16:00:00Z,-0.00045405,0.108450,1688474200,845220195
2026-05-02T00:00:00Z,-0.00044984,0.107860,1215092816,584734171
2026-05-02T08:00:00Z,-0.00022156,0.108950,1392862067,727783773
2026-05-02T16:00:00Z,-0.00047293,0.108440,1184677648,616501894
2026-05-03T00:00:00Z,-0.00044297,0.107860,1150341806,541968163
2026-05-03T08:00:00Z,-0.00033505,0.108430,1199556443,635649878
2026-05-03T16:00:00Z,-0.00054506,0.108220,1207943052,609336705
2026-05-04T00:00:00Z,-0.00049946,0.112260,4139017171,2121028221
2026-05-04T08:00:00Z,-0.00027806,0.110190,4267139348,2103204312
2026-05-04T16:00:00Z,-0.00044979,0.110050,1229539799,590187501
2026-05-05T00:00:00Z,-0.00032609,0.111390,1106678097,569306846
2026-05-05T08:00:00Z,-0.00046891,0.112340,1822073375,892723925
2026-05-05T16:00:00Z,-0.00061798,0.114780,2760831888,1413028947
2026-05-06T00:00:00Z,-0.00032448,0.115670,2572832577,1360359755
2026-05-06T08:00:00Z,-0.00064909,0.113000,4384348005,1917568670
2026-05-06T16:00:00Z,-0.00056691,0.112390,1163453100,549658127
2026-05-07T00:00:00Z,-0.00070305,0.111620,1971583577,897643362
2026-05-07T08:00:00Z,-0.00044273,0.107930,3209443888,1396885101
2026-05-07T16:00:00Z,-0.00074848,0.107780,1192228044,558544121
2026-05-08T00:00:00Z,-0.00075452,0.106250,1433341703,657411268
2026-05-08T08:00:00Z,-0.00043559,0.108030,1773756753,938613301
2026-05-08T16:00:00Z,-0.00048320,0.109470,1322267502,645747817
2026-05-09T00:00:00Z,-0.00041604,0.110160,1661752823,818087243
2026-05-09T08:00:00Z,-0.00055230,0.108550,1163797777,566734542
2026-05-09T16:00:00Z,-0.00052034,0.108690,735325455,364627508
2026-05-10T00:00:00Z,-0.00051910,0.108480,883055992,424079783
2026-05-10T08:00:00Z,-0.00054315,0.109070,1434271286,725924796
2026-05-10T16:00:00Z,-0.00022789,0.112420,4882504415,2436417733
2026-05-11T00:00:00Z,-0.00032587,0.109230,3067792138,1457758774
2026-05-11T08:00:00Z,-0.00032539,0.110880,2397378202,1214553531
2026-05-11T16:00:00Z,-0.00024104,0.111270,1969973547,1036859132
2026-05-12T00:00:00Z,-0.00044830,0.109830,2252260379,1042193010
2026-05-12T08:00:00Z,-0.00055198,0.108620,2057589582,955412677
2026-05-12T16:00:00Z,-0.00020373,0.110120,1318808659,687848090
2026-05-13T00:00:00Z,-0.00013682,0.112280,1622481903,815889912
2026-05-13T08:00:00Z,-0.00083399,0.109890,3414129534,1636803435
2026-05-13T16:00:00Z,-0.00062555,0.112610,2057691226,1045801101
2026-05-14T00:00:00Z,-0.00039259,0.113860,3133680738,1556107313
2026-05-14T08:00:00Z,-0.00119696,0.113870,4800268984,2155225951
2026-05-14T16:00:00Z,-0.00025783,0.115400,3404558125,1662874950
2026-05-15T00:00:00Z,-0.00045862,0.114810,2866379386,1342815930
2026-05-15T08:00:00Z,-0.00066284,0.111510,2937003108,1396534762
2026-05-15T16:00:00Z,-0.00046624,0.113300,1255793485,613417184
2026-05-16T00:00:00Z,-0.00064889,0.110040,1757230064,844701484
2026-05-16T08:00:00Z,-0.00043801,0.109640,1945201676,926485188
2026-05-16T16:00:00Z,-0.00043929,0.109330,598613571,265685450
2026-05-17T00:00:00Z,-0.00048478,0.110120,957229752,485351530
2026-05-17T08:00:00Z,-0.00049026,0.110380,1758431182,852946643
2026-05-17T16:00:00Z,-0.00053368,0.108910,2082042412,949915844
2026-05-18T00:00:00Z,-0.00059618,0.104240,2737461247,1274526897
2026-05-18T08:00:00Z,-0.00024185,0.103860,3123822980,1615429632
2026-05-18T16:00:00Z,-0.00036088,0.104720,1660647176,815621276
2026-05-19T00:00:00Z,-0.00044714,0.105130,1281653609,614295984
2026-05-19T08:00:00Z,-0.00041913,0.103550,1668735391,765826733
2026-05-19T16:00:00Z,-0.00044990,0.102930,663560000,313418421
2026-05-20T00:00:00Z,-0.00048258,0.103550,1286559602,634384718
2026-05-20T08:00:00Z,-0.00045883,0.104130,1396723358,717525914
2026-05-20T16:00:00Z,-0.00055871,0.103650,864902323,411043819
2026-05-21T00:00:00Z,-0.00032550,0.105590,1550847398,770898007
2026-05-21T08:00:00Z,-0.00043793,0.104650,1672599893,810097452
2026-05-21T16:00:00Z,-0.00055407,0.105620,1224211587,586265277
2026-05-22T00:00:00Z,-0.00051509,0.105540,737367481,371926940
2026-05-22T08:00:00Z,-0.00047130,0.106030,1330807605,667440460
2026-05-22T16:00:00Z,-0.00058157,0.102280,1996028712,904224450
2026-05-23T00:00:00Z,-0.00041172,0.098870,2135093730,956808062
2026-05-23T08:00:00Z,-0.00047290,0.101030,1850520630,931988803
2026-05-23T16:00:00Z,-0.00052421,0.103030,1637542917,816137658
2026-05-24T00:00:00Z,-0.00050491,0.102830,638815573,304184629
2026-05-24T08:00:00Z,-0.00051913,0.101900,1344673568,637414861
2026-05-24T16:00:00Z,-0.00050559,0.102220,858979197,416132581
2026-05-25T00:00:00Z,-0.00021120,0.102760,1053014684,489317542
2026-05-25T08:00:00Z,-0.00056832,0.102940,814734807,438016853
2026-05-25T16:00:00Z,-0.00062179,0.102080,726322833,333337736
2026-05-26T00:00:00Z,-0.00052795,0.101120,964853729,481391972
2026-05-26T08:00:00Z,-0.00065721,0.101990,1557382825,760187904
2026-05-26T16:00:00Z,-0.00056482,0.100990,1026819323,564913624
2026-05-27T00:00:00Z,-0.00044882,0.102120,862541617,435671673
2026-05-27T08:00:00Z,-0.00018053,0.102550,1659147050,791113606
2026-05-27T16:00:00Z,-0.00054845,0.100430,1377348622,656054825
2026-05-28T00:00:00Z,-0.00064475,0.098660,2063968227,951701926
2026-05-28T08:00:00Z,-0.00060431,0.098400,1426517329,696332571
2026-05-28T16:00:00Z,-0.00064665,0.099510,1185744607,594545050
2026-05-29T00:00:00Z,-0.00059483,0.099580,638906226,326006788
2026-05-29T08:00:00Z,-0.00049067,0.100350,1701115699,878962509
2026-05-29T16:00:00Z,-0.00057247,0.099650,1073089649,526111251
2026-05-30T00:00:00Z,-0.00047858,0.101230,1284287374,625759202
2026-05-30T08:00:00Z,-0.00035866,0.101290,621703739,320196876
2026-05-30T16:00:00Z,-0.00049030,0.100560,518324044,255423415
2026-05-31T00:00:00Z,-0.00044128,0.100540,702464169,336027438
2026-05-31T08:00:00Z,-0.00048845,0.099800,849925732,387817812
2026-05-31T16:00:00Z,-0.00009998,0.100380,965064574,481598711
2026-06-01T00:00:00Z,-0.00055312,0.099150,1486960615,718067302
2026-06-01T08:00:00Z,-0.00052342,0.098260,2082014945,950524510
2026-06-01T16:00:00Z,-0.00037877,0.101050,1459225664,730516671
2026-06-02T00:00:00Z,-0.00069792,0.099160,1691130560,801828077
2026-06-02T08:00:00Z,-0.00060919,0.094810,3133366976,1412253245
2026-06-02T16:00:00Z,-0.00040411,0.092720,2973166488,1419751030
2026-06-03T00:00:00Z,-0.00033925,0.094140,2055449294,991713940
2026-06-03T08:00:00Z,-0.00018436,0.092770,1404584793,663057778
2026-06-03T16:00:00Z,-0.00025179,0.091360,2054807877,1024228969
2026-06-04T00:00:00Z,-0.00059614,0.088710,3761071139,1748226472
2026-06-04T08:00:00Z,-0.00068907,0.089490,2748898975,1380417522
2026-06-04T16:00:00Z,-0.00037725,0.088510,1551491551,804235355
2026-06-05T00:00:00Z,0.00000000,0.084950,3647311729,1658009977
2026-06-05T08:00:00Z,-0.00059482,0.081500,3041486200,1451741523
2026-06-05T16:00:00Z,-0.00081918,0.081430,3721369910,1843926690
2026-06-06T00:00:00Z,-0.00044193,0.081470,2517479655,1272829968
2026-06-06T08:00:00Z,-0.00060610,0.081640,2555949473,1284526622
2026-06-06T16:00:00Z,-0.00065498,0.081860,1213459441,620061454
2026-06-07T00:00:00Z,-0.00057456,0.084900,1500379718,779098301
2026-06-07T08:00:00Z,-0.00033534,0.084600,1741635563,888649221
2026-06-07T16:00:00Z,-0.00064448,0.086220,1611764883,813398516
2026-06-08T00:00:00Z,-0.00050117,0.085620,1291723974,628977251
2026-06-08T08:00:00Z,-0.00046014,0.086930,1453362057,758741221
2026-06-08T16:00:00Z,-0.00044634,0.086290,962788641,460218693
2026-06-09T00:00:00Z,-0.00026819,0.086360,1547116568,745734151
2026-06-09T08:00:00Z,-0.00062901,0.084080,1727202981,822211066
2026-06-09T16:00:00Z,-0.00034519,0.084760,1487267943,755417602
2026-06-10T00:00:00Z,-0.00030424,0.084200,966005625,449003607
2026-06-10T08:00:00Z,-0.00052720,0.085080,2022780988,979640533
2026-06-10T16:00:00Z,-0.00049092,0.082900,1617017597,760301085
2026-06-11T00:00:00Z,-0.00028744,0.084820,1021368173,577662485
2026-06-11T08:00:00Z,-0.00021826,0.084910,1315908231,666684596
2026-06-11T16:00:00Z,-0.00027446,0.086030,1349301898,716513719
2026-06-12T00:00:00Z,-0.00036642,0.085900,2156836781,1067749987
2026-06-12T08:00:00Z,-0.00053006,0.087380,4922650757,2289166211
2026-06-12T16:00:00Z,-0.00052464,0.085940,1870772160,890179481
2026-06-13T00:00:00Z,-0.00039224,0.087030,1146715141,594249876
2026-06-13T08:00:00Z,-0.00038095,0.088310,1279832443,608055933
2026-06-13T16:00:00Z,-0.00079663,0.087830,1003944813,507402507
2026-06-14T00:00:00Z,-0.00057626,0.087130,649167149,298656798
2026-06-14T08:00:00Z,-0.00060190,0.086250,1143703935,541106215
2026-06-14T16:00:00Z,-0.00052118,0.088860,1432431176,737081171
2026-06-15T00:00:00Z,-0.00039404,0.088480,932475087,465442729
2026-06-15T08:00:00Z,-0.00030754,0.090650,2290047681,1176577065
2026-06-15T16:00:00Z,-0.00060876,0.088080,1612610452,780126175
2026-06-16T00:00:00Z,-0.00038872,0.087790,1244255575,576272964
2026-06-16T08:00:00Z,-0.00048667,0.087130,2010826933,970446533
2026-06-16T16:00:00Z,-0.00038336,0.087120,862190164,419895324
2026-06-17T00:00:00Z,-0.00050518,0.086850,843530905,383470691
2026-06-17T08:00:00Z,-0.00031020,0.087230,1338752700,604859534
2026-06-17T16:00:00Z,-0.00040306,0.085880,1851539032,859526801
2026-06-18T00:00:00Z,-0.00071794,0.084880,984111861,457196100
2026-06-18T08:00:00Z,-0.00102290,0.081940,1430316899,671103003
2026-06-18T16:00:00Z,-0.00051389,0.083480,891985306,443821036
2026-06-19T00:00:00Z,-0.00032885,0.082300,994077931,468245048
2026-06-19T08:00:00Z,-0.00035109,0.083180,776190458,380056167
2026-06-19T16:00:00Z,-0.00049444,0.083500,456548343,220868166
2026-06-20T00:00:00Z,-0.00049784,0.084050,680600473,360172863
2026-06-20T08:00:00Z,-0.00035829,0.083700,943127273,418314962
2026-06-20T16:00:00Z,-0.00056229,0.083660,564559105,284981885
2026-06-21T00:00:00Z,-0.00049656,0.083460,458469866,224977745
2026-06-21T08:00:00Z,-0.00044617,0.083400,754045170,360437143
2026-06-21T16:00:00Z,-0.00022947,0.082210,755786310,362404707
2026-06-22T00:00:00Z,-0.00029208,0.083480,806402254,423284158
2026-06-22T08:00:00Z,-0.00064719,0.083590,1210490140,610602109
2026-06-22T16:00:00Z,-0.00072745,0.082410,847574029,408697891
2026-06-23T00:00:00Z,-0.00055796,0.079950,1651040070,712233181
2026-06-23T08:00:00Z,-0.00039917,0.078790,1738346561,834843639
2026-06-23T16:00:00Z,-0.00076963,0.078820,722799456,384457696
2026-06-24T00:00:00Z,-0.00047941,0.078820,787155223,398336027
2026-06-24T08:00:00Z,-0.00049558,0.074730,2694567688,1233243145
2026-06-24T16:00:00Z,-0.00045176,0.076090,2354890025,1158383099
2026-06-25T00:00:00Z,-0.00041563,0.077310,931404058,489576393
2026-06-25T08:00:00Z,-0.00066755,0.073390,3023298110,1463912359
2026-06-25T16:00:00Z,-0.00051445,0.074880,1318515644,656376136
2026-06-26T00:00:00Z,-0.00066560,0.075060,1806132180,879017440
2026-06-26T08:00:00Z,-0.00042931,0.074950,1725927234,863751983
2026-06-26T16:00:00Z,-0.00048596,0.075740,994924120,483115747
2026-06-27T00:00:00Z,-0.00037638,0.075780,622454489,294275120
2026-06-27T08:00:00Z,-0.00063943,0.076190,798178304,420710305
2026-06-27T16:00:00Z,-0.00044537,0.074450,884556915,377490017
2026-06-28T00:00:00Z,-0.00026147,0.073730,757745674,362669607
2026-06-28T08:00:00Z,-0.00025863,0.073550,796935622,386983400
2026-06-28T16:00:00Z,-0.00028326,0.073160,1081168123,508623921
2026-06-29T00:00:00Z,-0.00032840,0.072750,1393304905,718702149
2026-06-29T08:00:00Z,-0.00024448,0.072790,2236339402,1063690699
2026-06-29T16:00:00Z,-0.00018932,0.073390,1102359986,553222275
2026-06-30T00:00:00Z,-0.00038406,0.072360,985973956,478392113
2026-06-30T08:00:00Z,-0.00032073,0.070690,2887094789,1285888209
2026-06-30T16:00:00Z,-0.00049399,0.072040,1333075637,718688531
2026-07-01T00:00:00Z,-0.00046738,0.071450,1410947240,714842834
2026-07-01T08:00:00Z,-0.00035904,0.073330,1632204896,798636141
2026-07-01T16:00:00Z,-0.00045597,0.072180,1078789277,507794612
2026-07-02T00:00:00Z,-0.00038332,0.072500,1052542138,537432631
2026-07-02T08:00:00Z,-0.00033718,0.074500,2329369189,1205171850
2026-07-02T16:00:00Z,-0.00024660,0.074150,721617597,362257015
2026-07-03T00:00:00Z,-0.00032389,0.075270,788826791,415651561
2026-07-03T08:00:00Z,-0.00018530,0.076320,1697068846,833973918
2026-07-03T16:00:00Z,-0.00017272,0.077510,1218873384,654850186
2026-07-04T00:00:00Z,-0.00033604,0.076900,1271756043,613154333
2026-07-04T08:00:00Z,-0.00022027,0.078540,1220704582,637702083
2026-07-04T16:00:00Z,-0.00050571,0.077620,1201868254,547802429
2026-07-05T00:00:00Z,-0.00064986,0.076130,1426719289,650662521
2026-07-05T08:00:00Z,-0.00041568,0.077130,1083533675,546208133
2026-07-05T16:00:00Z,-0.00014721,0.077850,1117428974,550469010
2026-07-06T00:00:00Z,-0.00060550,0.076880,1153117464,510752375
2026-07-06T08:00:00Z,-0.00011200,0.076220,2228612188,1041945160
2026-07-06T16:00:00Z,-0.00023830,0.076630,1218153847,622842635
2026-07-07T00:00:00Z,-0.00043370,0.074940,1258797184,592780618
2026-07-07T08:00:00Z,-0.00048329,0.075160,1486519311,739079259
2026-07-07T16:00:00Z,-0.00019457,0.074140,1015183015,482083150
2026-07-08T00:00:00Z,-0.00055203,0.072400,1459281704,666511913
2026-07-08T08:00:00Z,-0.00030886,0.071820,1579655230,753464390
2026-07-08T16:00:00Z,-0.00031661,0.072380,774976347,385338895
2026-07-09T00:00:00Z,-0.00040204,0.072770,887176272,436550171
2026-07-09T08:00:00Z,-0.00049012,0.072610,854200805,426154302
2026-07-09T16:00:00Z,-0.00034463,0.072870,719023494,350847096
2026-07-10T00:00:00Z,-0.00065778,0.073730,944610618,475090218
2026-07-10T08:00:00Z,-0.00041512,0.074030,1135317099,570416862
2026-07-10T16:00:00Z,-0.00030935,0.074080,613989591,315204627
2026-07-11T00:00:00Z,-0.00033490,0.074250,483588539,243992526
2026-07-11T08:00:00Z,-0.00027824,0.074490,212827894,106275299
2026-07-11T16:00:00Z,-0.00083265,0.073160,1288038023,533608880
2026-07-12T00:00:00Z,-0.00050161,0.072890,1116236278,544947938
2026-07-12T08:00:00Z,-0.00040695,0.073690,687654106,357729025
2026-07-12T16:00:00Z,-0.00044271,0.072690,622063724,302720776
2026-07-13T00:00:00Z,-0.00028650,0.072330,1419039717,666853594
2026-07-13T08:00:00Z,-0.00046687,0.072040,869894310,427176619
2026-07-13T16:00:00Z,-0.00045749,0.071940,1201767943,575605652
2026-07-14T00:00:00Z,-0.00050344,0.072150,796367595,396471993
2026-07-14T08:00:00Z,-0.00025729,0.074880,1775106569,943153777
2026-07-14T16:00:00Z,-0.00035388,0.074420,1310275239,646314891
2026-07-15T00:00:00Z,-0.00042188,0.073960,938528378,470086265
2026-07-15T08:00:00Z,-0.00039729,0.074590,1699411481,836085452
2026-07-15T16:00:00Z,-0.00037530,0.074050,974077535,451309784
2026-07-16T00:00:00Z,-0.00048412,0.073510,865891874,401876141
2026-07-16T08:00:00Z,-0.00020211,0.073590,1315165464,597641654
2026-07-16T16:00:00Z,-0.00061974,0.072310,874987604,415022443
2026-07-17T00:00:00Z,-0.00064645,0.071630,1050366144,495053372
2026-07-17T08:00:00Z,-0.00033808,0.072110,1245062335,590479295
2026-07-17T16:00:00Z,-0.00049079,0.072520,740325528,358073877
2026-07-18T00:00:00Z,-0.00047563,0.072270,430149820,219755844
2026-07-18T08:00:00Z,-0.00042564,0.072140,463025717,230293579
2026-07-18T16:00:00Z,-0.00051116,0.072490,385444644,212080081
2026-07-19T00:00:00Z,-0.00044380,0.072440,411608259,187740356
2026-07-19T08:00:00Z,-0.00033580,0.072430,568538665,274680750
2026-07-19T16:00:00Z,-0.00060282,0.072370,762908854,375023466
2026-07-20T00:00:00Z,-0.00044027,0.071820,1404130118,648823573
2026-07-20T08:00:00Z,-0.00043879,0.073340,1530586260,773126746
2026-07-20T16:00:00Z,-0.00042576,0.072140,1688148683,837642289
2026-07-21T00:00:00Z,-0.00021282,0.073320,1065380140,544061344
2026-07-21T08:00:00Z,-0.00014607,0.073460,1374058306,681121942
2026-07-21T16:00:00Z,-0.00047528,0.073350,686971646,315176993
2026-07-22T00:00:00Z,-0.00056391,0.072180,1365670072,682024262
2026-07-22T08:00:00Z,-0.00036714,0.073040,1078266737,513252209
2026-07-22T16:00:00Z,-0.00039092,0.072960,931061924,442065047
2026-07-23T00:00:00Z,-0.00057411,0.072170,823424035,377736806
2026-07-23T08:00:00Z,-0.00073760,0.069720,3486540048,1510046280
2026-07-23T16:00:00Z,-0.00058852,0.069160,1176768987,559611637
2026-07-24T00:00:00Z,-0.00059181,0.070010,1532187933,761910769
2026-07-24T08:00:00Z,-0.00040182,0.069170,2076142866,967239889
2026-07-24T16:00:00Z,-0.00053291,0.069530,978773577,473912617
2026-07-25T00:00:00Z,-0.00068212,0.069320,691058581,332838794
2026-07-25T08:00:00Z,-0.00023638,0.071180,1261209394,643013979
2026-07-25T16:00:00Z,-0.00037745,0.071700,2579551878,1240920159
2026-07-26T00:00:00Z,-0.00035953,0.073230,2234885286,1166629601
2026-07-26T08:00:00Z,-0.00011680,0.073060,1153407625,574801736
2026-07-26T16:00:00Z,-0.00037888,0.073360,1144687491,571571930
2026-07-27T00:00:00Z,-0.00054900,0.072830,1173281449,589685976
2026-07-27T08:00:00Z,-0.00055363,0.071320,1815861505,831360608
2026-07-27T16:00:00Z,-0.00085251,0.070310,1308666815,606461359
2026-07-28T00:00:00Z,-0.00043119,0.070100,1495359018,763349001
2026-07-28T08:00:00Z,-0.00054416,0.070770,1440817462,729117780
2026-07-28T16:00:00Z,-0.00050236,0.070840,1273226552,651164311
2026-07-29T00:00:00Z,-0.00023021,0.070970,1110597756,556475621
2026-07-29T08:00:00Z,-0.00058022,0.070150,903874147,428846782
2026-07-29T16:00:00Z,-0.00037900,0.070120,1686195681,751462723
2026-07-30T00:00:00Z,-0.00070446,0.069750,895398026,415475467
2026-07-30T08:00:00Z,-0.00040438,0.070530,1071209522,517592826
2026-07-30T16:00:00Z,-0.00051823,0.070550,727598309,344624432
2026-07-31T00:00:00Z,-0.00066149,0.069990,1113036677,528474691
2026-07-31T08:00:00Z,-0.00052264,0.069000,1803976144,823854610
2026-07-31T16:00:00Z,-0.00065517,0.069560,964658821,500206198
2026-08-01T00:00:00Z,-0.00069449,0.069830,758485033,384140064
2026-08-01T08:00:00Z,-0.00071286,0.070090,538393235,266455317
2026-08-01T16:00:00Z,-0.00044440,0.069100,1952499201,856713492
2026-08-02T00:00:00Z,-0.00031522,0.070390,1158160476,598669668
2026-08-02T08:00:00Z,-0.00024287,0.070280,799154140,389905839
2026-08-02T16:00:00Z,-0.00026178,0.070780,1093049377,628754513
2026-08-03T00:00:00Z,-0.00068985,0.069240,1222864629,499377274
2026-08-03T08:00:00Z,-0.00023187,0.070460,1453033244,722959822
2026-08-03T16:00:00Z,-0.00037509,0.070200,631675180,298197920
2026-08-04T00:00:00Z,-0.00032621,0.070250,735845661,399456369
2026-08-04T08:00:00Z,-0.00043746,0.070210,963268667,479741849
2026-08-04T16:00:00Z,-0.00043162,0.070030,677097222,327635463
2026-08-05T00:00:00Z,-0.00029680,0.069820,915800842,410327683
2026-08-05T08:00:00Z,-0.00069628,0.069660,1044007025,450846929
2026-08-05T16:00:00Z,-0.00051186,0.070010,954403386,494869918
2026-08-06T00:00:00Z,-0.00032845,0.069770,736180735,350742889
2026-08-06T08:00:00Z,-0.00061477,0.068980,1826558216,824651182
2026-08-06T16:00:00Z,-0.00042363,0.069060,712531579,323885710
2026-08-07T00:00:00Z,-0.00043284,0.069270,928501087,457023014
2026-08-07T08:00:00Z,-0.00054047,0.069920,1259192643,625214012
2026-08-07T16:00:00Z,-0.00052180,0.069610,638478498,312825303
2026-08-08T00:00:00Z,-0.00039581,0.070220,701318602,367102255
2026-08-08T08:00:00Z,-0.00041131,0.071140,1060896036,572381575
2026-08-08T16:00:00Z,-0.00020434,0.070400,832381700,388257915
2026-08-09T00:00:00Z,-0.00051801,0.070110,835854769,394878085
2026-08-09T08:00:00Z,-0.00012076,0.070670,606128053,311944100
2026-08-09T16:00:00Z,-0.00083355,0.069280,1129603795,481404769
2026-08-10T00:00:00Z,-0.00056074,0.069990,1059208978,521587326
2026-08-10T08:00:00Z,-0.00043060,0.069630,1133638422,503102910
2026-08-10T16:00:00Z,-0.00037095,0.069660,576543234,286231165
2026-08-11T00:00:00Z,-0.00031580,0.070100,756233251,385300970
2026-08-11T08:00:00Z,-0.00029023,0.070570,1787891932,877128638
2026-08-11T16:00:00Z,-0.00040029,0.071870,2104244639,1096635202
2026-08-12T00:00:00Z,-0.00027554,0.071670,1174330809,546103710
2026-08-12T08:00:00Z,-0.00041316,0.070790,2070770473,991227043
2026-08-12T16:00:00Z,-0.00059487,0.069650,1800033115,839853620
2026-08-13T00:00:00Z,-0.00047686,0.070550,1167541353,585734159
2026-08-13T08:00:00Z,-0.00075878,0.069690,1240141627,574993325
2026-08-13T16:00:00Z,-0.00050737,0.070140,755784726,359180301
2026-08-14T00:00:00Z,-0.00055298,0.069640,597475683,272544465
2026-08-14T08:00:00Z,-0.00048150,0.069860,954841834,469416148
2026-08-14T16:00:00Z,-0.00025411,0.070050,574638635,280684596
2026-08-15T00:00:00Z,-0.00045952,0.070030,588414658,275895418
2026-08-15T08:00:00Z,-0.00047685,0.070030,332264700,160542013
2026-08-15T16:00:00Z,-0.00039945,0.069580,472608053,223161647
2026-08-16T00:00:00Z,-0.00028268,0.069860,395599161,190154709
2026-08-16T08:00:00Z,-0.00044560,0.070020,341638101,164770486
2026-08-16T16:00:00Z,-0.00041008,0.069560,752960143,326717713
2026-08-17T00:00:00Z,-0.00041622,0.070280,908350256,470977748
2026-08-17T08:00:00Z,-0.00035286,0.070480,767172145,401853157
2026-08-17T16:00:00Z,-0.00053694,0.070370,597006108,291163220
2026-08-18T00:00:00Z,-0.00060380,0.069840,1036234881,499677433
2026-08-18T08:00:00Z,-0.00026014,0.070300,770331361,374074049
2026-08-18T16:00:00Z,-0.00024301,0.070230,712536527,356456125
2026-08-19T00:00:00Z,-0.00042197,0.069900,689708869,348844192
2026-08-19T08:00:00Z,-0.00025546,0.072480,3034704035,1506232533
2026-08-19T16:00:00Z,0.00012351,0.075030,3582007726,1872224258
2026-08-20T00:00:00Z,0.00000000,0.075310,1739505632,898956286
2026-08-20T08:00:00Z,0.00000000,0.080210,4071816762,2041259396
2026-08-20T16:00:00Z,-0.00022831,0.080440,3783601018,1831707971
2026-08-21T00:00:00Z,0.00021343,0.083450,3461384455,1737042430
2026-08-21T08:00:00Z,0.00045722,0.083830,4091954164,1903340480
2026-08-21T16:00:00Z,0.00000000,0.091570,5166638639,2600349769
2026-08-22T00:00:00Z,0.00017829,0.093080,8077041767,3827164112
2026-08-22T08:00:00Z,0.00006427,0.090350,4144040467,1908838255
2026-08-22T16:00:00Z,-0.00011675,0.091880,2935274039,1500209663
2026-08-23T00:00:00Z,0.00032423,0.090330,3478976025,1645981985
2026-08-23T08:00:00Z,0.00011875,0.092440,2821025136,1404913806
2026-08-23T16:00:00Z,0.00000522,0.093430,1562013792,786882249
2026-08-24T00:00:00Z,-0.00003204,0.091380,2083422465,994320767
2026-08-24T08:00:00Z,-0.00022457,0.091230,3432417932,1644775452
2026-08-24T16:00:00Z,-0.00010997,0.090100,2411617954,1208761914
2026-08-25T00:00:00Z,-0.00040003,0.090780,2331762345,1099357027
2026-08-25T08:00:00Z,-0.00017004,0.089170,2397211320,1125669389
2026-08-25T16:00:00Z,-0.00012282,0.085680,1938159251,880479112
2026-08-26T00:00:00Z,-0.00036319,0.086590,1136928070,602087072
2026-08-26T08:00:00Z,-0.00065783,0.084470,2127576568,982710850
2026-08-26T16:00:00Z,-0.00055901,0.087640,1534722973,799462550
2026-08-27T00:00:00Z,-0.00053177,0.087100,1166021124,619482532
2026-08-27T08:00:00Z,-0.00045926,0.088650,2737664090,1329354525
2026-08-27T16:00:00Z,-0.00048155,0.089100,1147074058,578013713
2026-08-28T00:00:00Z,-0.00036965,0.087480,1568482394,748703086
2026-08-28T08:00:00Z,-0.00060477,0.085840,2372194293,1081929643
2026-08-28T16:00:00Z,-0.00026896,0.085220,1694357541,802015828
2026-08-29T00:00:00Z,-0.00043891,0.084380,687681501,325096074
2026-08-29T08:00:00Z,-0.00045808,0.085110,808453943,403756733
2026-08-29T16:00:00Z,-0.00059474,0.085240,673586514,316774917
2026-08-30T00:00:00Z,-0.00068001,0.084580,685232746,337973500
2026-08-30T08:00:00Z,-0.00028290,0.085330,1034836573,534243475
2026-08-30T16:00:00Z,-0.00081096,0.081980,2850813480,1320976223
2026-08-31T00:00:00Z,-0.00043335,0.082690,1315826822,639719295
2026-08-31T08:00:00Z,-0.00040344,0.082790,1465062034,722768231
2026-08-31T16:00:00Z,-0.00033524,0.082810,994635356,477380518
2026-09-01T00:00:00Z,-0.00035107,0.083330,1031812372,497795338
2026-09-01T08:00:00Z,-0.00063981,0.082680,1480543474,722297808
2026-09-01T16:00:00Z,-0.00052559,0.081640,1588245502,710026792
2026-09-02T00:00:00Z,-0.00049867,0.081640,1222703613,628416171
2026-09-02T08:00:00Z,-0.00047187,0.081640,1739410071,837896467
2026-09-02T16:00:00Z,-0.00037675,0.081720,1232329409,626134666
2026-09-03T00:00:00Z,-0.00046674,0.082860,1843389537,953897585
2026-09-03T08:00:00Z,-0.00062612,0.089190,2991888527,1545783417
2026-09-03T16:00:00Z,-0.00007282,0.087790,2529557641,1279299158
2026-09-04T00:00:00Z,-0.00040919,0.086980,1573198433,757995896
2026-09-04T08:00:00Z,-0.00050853,0.084360,3178643305,1452718759
2026-09-04T16:00:00Z,-0.00049769,0.084750,965744308,433697223
2026-09-05T00:00:00Z,-0.00026646,0.085750,1310223644,726454749
2026-09-05T08:00:00Z,-0.00022834,0.087570,2018942746,991306092
2026-09-05T16:00:00Z,-0.00041341,0.089630,4581110031,2396767255
2026-09-06T00:00:00Z,-0.00046155,0.090810,2701241551,1302023080
2026-09-06T08:00:00Z,-0.00060877,0.088910,3050198585,1328951639
2026-09-06T16:00:00Z,-0.00031390,0.090870,1531120199,807381861
2026-09-07T00:00:00Z,-0.00062192,0.089360,2325845893,1114173020
2026-09-07T08:00:00Z,-0.00048806,0.088930,2400680468,1140305889
2026-09-07T16:00:00Z,-0.00044194,0.090470,1377369256,661019956
2026-09-08T00:00:00Z,-0.00046977,0.089250,2084269663,1037309134
2026-09-08T08:00:00Z,-0.00028256,0.090600,2764205245,1285380293
2026-09-08T16:00:00Z,-0.00038734,0.090010,1489409203,741974811
2026-09-09T00:00:00Z,-0.00049379,0.090840,1463777650,730594797
2026-09-09T08:00:00Z,-0.00071024,0.088880,2730727545,1338548503
2026-09-09T16:00:00Z,-0.00077814,0.086100,2410278875,1075090882
2026-09-10T00:00:00Z,-0.00053714,0.085310,1451531601,680160517
2026-09-10T08:00:00Z,-0.00059716,0.083680,2940197375,1284948629
2026-09-10T16:00:00Z,-0.00041188,0.082860,1411495828,657137757
2026-09-11T00:00:00Z,-0.00043655,0.083770,962640923,488620402
2026-09-11T08:00:00Z,-0.00045149,0.084950,3400957333,1701153376
2026-09-11T16:00:00Z,-0.00029774,0.084260,1373803732,681483916
2026-09-12T00:00:00Z,-0.00055820,0.084710,706526314,372407127
2026-09-12T08:00:00Z,-0.00038691,0.085070,772365605,398776993
2026-09-12T16:00:00Z,-0.00053182,0.084790,711384500,341196206
2026-09-13T00:00:00Z,-0.00044911,0.084130,839789082,386042033
2026-09-13T08:00:00Z,-0.00060749,0.083450,1221830078,589597964
2026-09-13T16:00:00Z,-0.00059193,0.082350,1351765975,657560528
2026-09-14T00:00:00Z,-0.00056730,0.084300,1317999379,668114560
2026-09-14T08:00:00Z,-0.00044957,0.084010,1686415703,865508575
2026-09-14T16:00:00Z,-0.00039939,0.083610,1364776468,661770862
2026-09-15T00:00:00Z,-0.00032801,0.082510,1265959924,593008408
2026-09-15T08:00:00Z,-0.00045688,0.081630,1952561974,868567570
2026-09-15T16:00:00Z,-0.00054900,0.080030,3127901656,1481903930
2026-09-16T00:00:00Z,-0.00059378,0.079640,1182393540,561391299
2026-09-16T08:00:00Z,-0.00051533,0.078990,1678046611,758738754
2026-09-16T16:00:00Z,-0.00031654,0.080880,2600118630,1395824459
2026-09-17T00:00:00Z,-0.00019230,0.081150,1054620050,497728605
2026-09-17T08:00:00Z,-0.00047609,0.081960,1983247175,973575262
2026-09-17T16:00:00Z,-0.00042976,0.081680,1006420847,477274210
2026-09-18T00:00:00Z,-0.00005060,0.084460,1794504951,951634442
2026-09-18T08:00:00Z,0.00010597,0.087480,3005843863,1523171645
2026-09-18T16:00:00Z,0.00000000,0.087450,1709106869,871945085
2026-09-19T00:00:00Z,0.00000000,0.086690,1648950065,771990540
2026-09-19T08:00:00Z,-0.00008779,0.088920,2091671499,1062847420
2026-09-19T16:00:00Z,0.00000000,0.087710,2559313089,1247929537
2026-09-20T00:00:00Z,-0.00031893,0.084850,1886770783,877346405
2026-09-20T08:00:00Z,-0.00044047,0.085780,1576472133,792363585
2026-09-20T16:00:00Z,-0.00050187,0.087250,1982521088,905207858
2026-09-21T00:00:00Z,0.00004894,0.089720,2375766035,1216603506
2026-09-21T08:00:00Z,-0.00010026,0.097300,6750204770,3470575279
2026-09-21T16:00:00Z,0.00000000,0.099860,5509581694,2763397411
2026-09-22T00:00:00Z,0.00013573,0.098840,5412314690,2622815184
2026-09-22T08:00:00Z,-0.00014394,0.099990,3958979506,1928977965
2026-09-22T16:00:00Z,-0.00010547,0.100400,2031824586,974659061
2026-09-23T00:00:00Z,-0.00030702,0.100850,3263124766,1565998394
2026-09-23T08:00:00Z,-0.00027084,0.092720,5367888409,2388937604
2026-09-23T16:00:00Z,-0.00046817,0.092670,2101850114,1005088122
2026-09-24T00:00:00Z,-0.00029149,0.094570,1632412745,786311866
2026-09-24T08:00:00Z,-0.00040376,0.095620,2978664001,1384731214
2026-09-24T16:00:00Z,-0.00041099,0.095730,2290440197,1143201467
2026-09-25T00:00:00Z,-0.00023634,0.095460,1454574697,716893865
2026-09-25T08:00:00Z,-0.00029037,0.097410,3399648048,1708507622
2026-09-25T16:00:00Z,-0.00040404,0.098930,1737057802,872274015
2026-09-26T00:00:00Z,-0.00056793,0.097890,1278256426,635073501
2026-09-26T08:00:00Z,-0.00026945,0.098630,1246996322,583021416
2026-09-26T16:00:00Z,-0.00068810,0.096670,1214242797,577752328
2026-09-27T00:00:00Z,-0.00050953,0.098080,1149362114,569979143
2026-09-27T08:00:00Z,-0.00037498,0.096870,2377281285,1125002885
2026-09-27T16:00:00Z,-0.00028701,0.096850,1377110442,640336108
2026-09-28T00:00:00Z,-0.00068788,0.092470,3202805864,1500421858
2026-09-28T08:00:00Z,-0.00034477,0.093300,2700244956,1203335817
2026-09-28T16:00:00Z,-0.00048030,0.093890,1662961741,817999850
2026-09-29T00:00:00Z,-0.00027714,0.095020,1709043108,842055747
2026-09-29T08:00:00Z,-0.00039827,0.093690,2145604891,1055961061
2026-09-29T16:00:00Z,-0.00040530,0.093850,1355575777,654504150
2026-09-30T00:00:00Z,-0.00032275,0.093740,1164646237,563514138
2026-09-30T08:00:00Z,-0.00051383,0.095340,3606413536,1833481481
2026-09-30T16:00:00Z,-0.00046774,0.094500,1201757176,570653515
2026-10-01T00:00:00Z,-0.00085593,0.094240,1207707563,582068133
2026-10-01T08:00:00Z,-0.00017568,0.094280,2029121210,991923019
2026-10-01T16:00:00Z,-0.00033344,0.094330,1301895432,640274100
2026-10-02T00:00:00Z,-0.00019219,0.096440,1911595152,933751241
2026-10-02T08:00:00Z,-0.00040970,0.095070,2614708694,1275350006
2026-10-02T16:00:00Z,-0.00039104,0.092890,2382730890,1095460691
2026-10-03T00:00:00Z,-0.00033619,0.092620,818278275,405633672
2026-10-03T08:00:00Z,-0.00029074,0.093080,746408545,375232251
2026-10-03T16:00:00Z,-0.00043624,0.092760,530637664,246807008
2026-10-04T00:00:00Z,-0.00028180,0.093420,579449822,289716701
2026-10-04T08:00:00Z,-0.00042985,0.094140,984536067,485647538
2026-10-04T16:00:00Z,-0.00020088,0.095900,2315844322,1249828533
