timestamp,premium,close,volume,taker_buy_volume
2022-01-01T00:00:00Z,0,0.20636,16600025,7946035
2022-01-01T08:00:00Z,-0.00029850,0.20961,29066232,14408352
2022-01-01T16:00:00Z,0,0.21272,20111828,9579471
2022-01-02T00:00:00Z,0,0.20823,14270085,6402728
2022-01-02T08:00:00Z,0,0.21561,20553025,10539092
2022-01-02T16:00:00Z,0,0.21199,23640793,10872218
2022-01-03T00:00:00Z,0,0.21114,27469803,13600842
2022-01-03T08:00:00Z,0,0.21040,26656215,13078643
2022-01-03T16:00:00Z,0.00013267,0.20544,28867799,13454507
2022-01-04T00:00:00Z,0.00022728,0.20382,34581884,17116714
2022-01-04T08:00:00Z,0.00033222,0.20625,34161639,16742253
2022-01-04T16:00:00Z,-0.00010815,0.19945,52845351,23463443
2022-01-05T00:00:00Z,0,0.21192,30287548,14897064
2022-01-05T08:00:00Z,0,0.21599,66354609,32545561
2022-01-05T16:00:00Z,-0.00029415,0.19031,93451384,42073733
2022-01-06T00:00:00Z,-0.00035826,0.18765,46168650,22374844
2022-01-06T08:00:00Z,0,0.18601,39417402,18961353
2022-01-06T16:00:00Z,-0.00005913,0.18697,27767568,13401954
2022-01-07T00:00:00Z,0,0.17599,49200021,22945070
2022-01-07T08:00:00Z,-0.00001710,0.17626,47778169,23664371
2022-01-07T16:00:00Z,0.00013057,0.17331,44424616,20209806
2022-01-08T00:00:00Z,0,0.17760,29051962,15619896
2022-01-08T08:00:00Z,0,0.17177,37537360,18266489
2022-01-08T16:00:00Z,0,0.16368,67832856,31968436
2022-01-09T00:00:00Z,0,0.16572,21668866,10873979
2022-01-09T08:00:00Z,0,0.16549,22793255,11578069
2022-01-09T16:00:00Z,0,0.16969,24410792,11876663
2022-01-10T00:00:00Z,0,0.17101,32341042,17048446
2022-01-10T08:00:00Z,0,0.15515,69836361,33568440
2022-01-10T16:00:00Z,0,0.15799,40623597,20363112
2022-01-11T00:00:00Z,0,0.15955,25617271,12297018
2022-01-11T08:00:00Z,0.00012519,0.15541,40039440,19046694
2022-01-11T16:00:00Z,0,0.16070,40383596,19758798
2022-01-12T00:00:00Z,0,0.16270,30711199,15750249
2022-01-12T08:00:00Z,0,0.16741,74533503,35188983
2022-01-12T16:00:00Z,0.00130855,0.16684,43682406,21938326
2022-01-13T00:00:00Z,0,0.16907,51352581,27138947
2022-01-13T08:00:00Z,-0.00116034,0.16491,100926900,47848004
2022-01-13T16:00:00Z,0,0.15680,143886706,70325859
2022-01-14T00:00:00Z,0,0.16351,64268548,31663511
2022-01-14T08:00:00Z,-0.00106189,0.17405,260274166,123910734
2022-01-14T16:00:00Z,-0.00251350,0.17501,239813137,110527424
2022-01-15T00:00:00Z,-0.00128200,0.17715,345010019,168501181
2022-01-15T08:00:00Z,0.00033493,0.17560,172347041,80333943
2022-01-15T16:00:00Z,-0.00000316,0.17176,83116382,42390561
2022-01-16T00:00:00Z,-0.00014038,0.17121,74293964,35748981
2022-01-16T08:00:00Z,0,0.16950,63374440,28068050
2022-01-16T16:00:00Z,0,0.16838,58815151,29919154
2022-01-17T00:00:00Z,0,0.16695,67030314,34872608
2022-01-17T08:00:00Z,0,0.16308,69544884,35898840
2022-01-17T16:00:00Z,-0.00049056,0.15946,92253056,41401320
2022-01-18T00:00:00Z,0,0.15791,62259622,29072784
2022-01-18T08:00:00Z,-0.00043505,0.15078,82014584,36247363
2022-01-18T16:00:00Z,-0.00022584,0.15401,53068499,24356478
2022-01-19T00:00:00Z,-0.00016305,0.14837,73946023,34830544
2022-01-19T08:00:00Z,0,0.15732,89425176,45533572
2022-01-19T16:00:00Z,0,0.15109,121487739,57963503
2022-01-20T00:00:00Z,-0.00000487,0.15429,40749318,22845143
2022-01-20T08:00:00Z,-0.00087001,0.16389,106988594,51508804
2022-01-20T16:00:00Z,-0.00068201,0.14830,186891942,89179629
2022-01-21T00:00:00Z,-0.00122326,0.13966,158875569,73665114
2022-01-21T08:00:00Z,0,0.13798,118498817,55353993
2022-01-21T16:00:00Z,-0.00171456,0.12037,208906804,96473098
2022-01-22T00:00:00Z,0,0.10464,132525034,63564243
2022-01-22T08:00:00Z,-0.00312367,0.10300,192155609,92627905
2022-01-22T16:00:00Z,-0.00206721,0.11303,199901887,98490569
2022-01-23T00:00:00Z,-0.00075357,0.11506,100895945,52530253
2022-01-23T08:00:00Z,0,0.11142,94936021,45739486
2022-01-23T16:00:00Z,-0.00019299,0.11343,90961348,49073300
2022-01-24T00:00:00Z,0,0.10392,64694410,30998997
2022-01-24T08:00:00Z,-0.00033879,0.10417,167417739,86044211
2022-01-24T16:00:00Z,0,0.11105,140937467,68779644
2022-01-25T00:00:00Z,0.00154713,0.10917,59977585,30043581
2022-01-25T08:00:00Z,0,0.11200,66130443,34110560
2022-01-25T16:00:00Z,0,0.11322,58697978,28954241
2022-01-26T00:00:00Z,-0.00015369,0.11852,53419015,26903412
2022-01-26T08:00:00Z,-0.00114961,0.13110,178450300,89217265
2022-01-26T16:00:00Z,-0.00046677,0.11822,220252341,110436886
2022-01-27T00:00:00Z,-0.00001020,0.11412,106890939,52562659
2022-01-27T08:00:00Z,-0.00012706,0.11670,92117743,49426984
2022-01-27T16:00:00Z,-0.00002806,0.11263,85376879,41871163
2022-01-28T00:00:00Z,-0.00068066,0.11329,55223116,26604916
2022-01-28T08:00:00Z,0,0.11275,46260432,22413253
2022-01-28T16:00:00Z,-0.00034238,0.11821,78035598,40523225
2022-01-29T00:00:00Z,-0.00012613,0.12152,37612397,18964703
2022-01-29T08:00:00Z,0,0.11867,39559938,18239077
2022-01-29T16:00:00Z,-0.00059624,0.11989,34172254,16959868
2022-01-30T00:00:00Z,0,0.12184,30255396,14456790
2022-01-30T08:00:00Z,0,0.11828,40462364,21187401
2022-01-30T16:00:00Z,-0.00031218,0.11522,45467299,22343039
2022-01-31T00:00:00Z,0,0.11049,38775677,18675716
2022-01-31T08:00:00Z,0,0.11250,48496788,24758596
2022-01-31T16:00:00Z,-0.00016388,0.11329,45075736,21631194
2022-02-01T00:00:00Z,0,0.11467,39912872,20005251
2022-02-01T08:00:00Z,0,0.11767,60646983,29613570
2022-02-01T16:00:00Z,-0.00006028,0.11593,48328826,23587856
2022-02-02T00:00:00Z,-0.00046895,0.11522,46966660,24412097
2022-02-02T08:00:00Z,-0.00060600,0.11338,40392141,18635364
2022-02-02T16:00:00Z,0,0.10902,65859054,31518099
2022-02-03T00:00:00Z,0,0.10825,40431080,20357864
2022-02-03T08:00:00Z,-0.00027373,0.11085,59159507,28915961
2022-02-03T16:00:00Z,0,0.11365,48850962,23318184
2022-02-04T00:00:00Z,0,0.11987,54152670,27309015
2022-02-04T08:00:00Z,0,0.12010,106470207,53301062
2022-02-04T16:00:00Z,0,0.12618,75461896,41204333
2022-02-05T00:00:00Z,0.00017854,0.13037,67034160,33097699
2022-02-05T08:00:00Z,-0.00074615,0.13557,62541353,32757211
2022-02-05T16:00:00Z,0,0.12920,55657569,23728278
2022-02-06T00:00:00Z,0.00030606,0.13059,32640027,15334896
2022-02-06T08:00:00Z,0,0.12783,45318087,20916759
2022-02-06T16:00:00Z,0,0.13085,41548131,19807130
2022-02-07T00:00:00Z,0,0.13515,45042405,22100310
2022-02-07T08:00:00Z,0,0.13682,40177937,17771397
2022-02-07T16:00:00Z,0,0.13816,49645221,24330125
2022-02-08T00:00:00Z,-0.00118940,0.14049,66652105,33094909
2022-02-08T08:00:00Z,0,0.13129,88657094,42859075
2022-02-08T16:00:00Z,0,0.13344,60716584,30310248
2022-02-09T00:00:00Z,0,0.13319,38607340,19563633
2022-02-09T08:00:00Z,0,0.13843,38214410,17906571
2022-02-09T16:00:00Z,0.00057018,0.14275,89188467,43524433
2022-02-10T00:00:00Z,-0.00119994,0.14341,67884352,33678429
2022-02-10T08:00:00Z,0,0.14430,112065259,56246792
2022-02-10T16:00:00Z,-0.00240985,0.14762,139047448,70022317
2022-02-11T00:00:00Z,-0.00208219,0.15499,276237671,134495607
2022-02-11T08:00:00Z,-0.00713519,0.17395,833008502,437896549
2022-02-11T16:00:00Z,-0.00024243,0.14886,939566415,481330481
2022-02-12T00:00:00Z,0,0.14448,263523672,131880542
2022-02-12T08:00:00Z,0,0.14121,164719330,85210884
2022-02-12T16:00:00Z,0,0.13920,177556155,80815125
2022-02-13T00:00:00Z,-0.00019414,0.13843,117939787,50381894
2022-02-13T08:00:00Z,-0.00101506,0.14779,185122989,90692633
2022-02-13T16:00:00Z,-0.00200756,0.14719,301788196,157179314
2022-02-14T00:00:00Z,-0.00106283,0.14414,399789557,207792809
2022-02-14T08:00:00Z,-0.00026007,0.14698,234857882,120932947
2022-02-14T16:00:00Z,-0.00021080,0.15709,483590281,252297562
2022-02-15T00:00:00Z,0,0.16321,252066596,133359697
2022-02-15T08:00:00Z,0,0.15906,157602269,80328226
2022-02-15T16:00:00Z,0,0.16215,94631140,48284428
2022-02-16T00:00:00Z,0,0.15843,97652133,44895344
2022-02-16T08:00:00Z,-0.00023893,0.15433,110510908,51838129
2022-02-16T16:00:00Z,0,0.15599,64487737,32120167
2022-02-17T00:00:00Z,0.00046950,0.15969,87813484,44800313
2022-02-17T08:00:00Z,0.00015143,0.15913,242226885,128136787
2022-02-17T16:00:00Z,-0.00094587,0.15656,348031813,176129807
2022-02-18T00:00:00Z,0,0.15051,225914758,107780935
2022-02-18T08:00:00Z,-0.00059025,0.14214,192172499,89049401
2022-02-18T16:00:00Z,-0.00226368,0.13608,228973926,111367091
2022-02-19T00:00:00Z,-0.00167407,0.14158,153299227,73809538
2022-02-19T08:00:00Z,-0.00068316,0.14656,196537366,98955292
2022-02-19T16:00:00Z,-0.00157635,0.14682,251594747,130636669
2022-02-20T00:00:00Z,-0.00010291,0.13587,264343837,131695028
2022-02-20T08:00:00Z,-0.00160153,0.13542,173744790,88126489
2022-02-20T16:00:00Z,-0.00067132,0.13411,112600791,57772347
2022-02-21T00:00:00Z,-0.00030281,0.14210,105946722,55207080
2022-02-21T08:00:00Z,-0.00130489,0.13400,140033914,65747168
2022-02-21T16:00:00Z,-0.00038998,0.12259,118716262,57497536
2022-02-22T00:00:00Z,-0.00018118,0.12543,104536430,54459750
2022-02-22T08:00:00Z,0,0.12982,126935317,66827774
2022-02-22T16:00:00Z,0.00010655,0.13181,108865678,58137957
2022-02-23T00:00:00Z,0,0.13115,73733862,36036517
2022-02-23T08:00:00Z,0,0.12982,90343208,43172391
2022-02-23T16:00:00Z,-0.00085102,0.12045,95842745,43716164
2022-02-24T00:00:00Z,0,0.10553,217775833,103323666
2022-02-24T08:00:00Z,-0.00085229,0.11230,168590134,84850155
2022-02-24T16:00:00Z,0,0.12037,145442901,75518048
2022-02-25T00:00:00Z,0,0.12630,114596428,59426446
2022-02-25T08:00:00Z,0,0.12745,146034104,72144762
2022-02-25T16:00:00Z,0,0.12900,68938935,35378679
2022-02-26T00:00:00Z,0,0.12825,50683698,24622595
2022-02-26T08:00:00Z,-0.00091209,0.12513,66143714,30246059
2022-02-26T16:00:00Z,0,0.12090,144008680,66534695
2022-02-27T00:00:00Z,-0.00089410,0.11691,118198777,52872438
2022-02-27T08:00:00Z,0,0.12032,123121373,57733109
2022-02-27T16:00:00Z,0,0.11482,89957940,48545549
2022-02-28T00:00:00Z,-0.00025660,0.12134,98910488,52721794
2022-02-28T08:00:00Z,-0.00112922,0.12660,121735197,62433228
2022-02-28T16:00:00Z,-0.00051090,0.13015,109282384,52204987
2022-03-01T00:00:00Z,0,0.13505,79781870,43131887
2022-03-01T08:00:00Z,0,0.13596,88065792,45082927
2022-03-01T16:00:00Z,0.00012252,0.13628,55259308,29669841
2022-03-02T00:00:00Z,0.00033884,0.13408,49355246,23656550
2022-03-02T08:00:00Z,-0.00018769,0.13451,121454041,58004015
2022-03-02T16:00:00Z,0,0.12973,80733895,37740723
2022-03-03T00:00:00Z,0,0.12739,60833661,30215125
2022-03-03T08:00:00Z,-0.00048287,0.12202,89518003,35909690
2022-03-03T16:00:00Z,-0.00010848,0.12202,70516012,35917664
2022-03-04T00:00:00Z,-0.00051812,0.11902,59116302,28291012
2022-03-04T08:00:00Z,-0.00014969,0.12128,94964595,48963731
2022-03-04T16:00:00Z,0,0.11682,57454008,27388650
2022-03-05T00:00:00Z,0,0.11625,54362019,23951590
2022-03-05T08:00:00Z,-0.00008881,0.11576,41680209,20406858
2022-03-05T16:00:00Z,0,0.11795,29050087,13541056
2022-03-06T00:00:00Z,-0.00092322,0.11684,53508527,27210821
2022-03-06T08:00:00Z,-0.00072632,0.11417,88661183,41432260
2022-03-06T16:00:00Z,-0.00011292,0.11133,42064372,20700960
2022-03-07T00:00:00Z,-0.00074248,0.11078,42236579,20734403
2022-03-07T08:00:00Z,0,0.11808,48535239,22614526
2022-03-07T16:00:00Z,-0.00056562,0.11044,66202031,30456361
2022-03-08T00:00:00Z,-0.00016214,0.11266,51145544,26502136
2022-03-08T08:00:00Z,-0.00123199,0.11288,42499336,19658646
2022-03-08T16:00:00Z,-0.00067598,0.11372,44917150,21780473
2022-03-09T00:00:00Z,0,0.12210,41219030,20151089
2022-03-09T08:00:00Z,-0.00035707,0.12460,58911366,30354576
2022-03-09T16:00:00Z,-0.00015691,0.12457,38778554,19881273
2022-03-10T00:00:00Z,-0.00008038,0.11714,74962065,37309142
2022-03-10T08:00:00Z,0,0.11717,66581444,32016801
2022-03-10T16:00:00Z,-0.00017958,0.11922,33135208,15157820
2022-03-11T00:00:00Z,0,0.11829,59407493,29837423
2022-03-11T08:00:00Z,-0.00125280,0.11787,45565728,22707141
2022-03-11T16:00:00Z,0,0.11439,35032186,16134254
2022-03-12T00:00:00Z,0,0.11725,23526583,11026027
2022-03-12T08:00:00Z,-0.00011444,0.11780,19523596,9015163
2022-03-12T16:00:00Z,0,0.11521,34124157,16268581
2022-03-13T00:00:00Z,-0.00041226,0.11770,31333046,16376761
2022-03-13T08:00:00Z,0,0.11760,30340858,15475345
2022-03-13T16:00:00Z,-0.00009557,0.11289,32884801,15110712
2022-03-14T00:00:00Z,-0.00101258,0.11732,27401125,12765452
2022-03-14T08:00:00Z,-0.00058103,0.11635,51729553,26248855
2022-03-14T16:00:00Z,-0.00100516,0.11864,42002207,20775976
2022-03-15T00:00:00Z,0,0.11497,36125585,18200180
2022-03-15T08:00:00Z,0,0.11781,36762485,16798889
2022-03-15T16:00:00Z,0,0.11956,41997945,21030761
2022-03-16T00:00:00Z,-0.00009253,0.12277,41252404,20664458
2022-03-16T08:00:00Z,0,0.12504,37774971,19714404
2022-03-16T16:00:00Z,0,0.12803,58752303,29204265
2022-03-17T00:00:00Z,0,0.12428,30319989,14919031
2022-03-17T08:00:00Z,0,0.12243,40289913,17850180
2022-03-17T16:00:00Z,0,0.11993,40484443,18843076
2022-03-18T00:00:00Z,0,0.11877,41960658,20141472
2022-03-18T08:00:00Z,-0.00043165,0.11885,40220744,19659201
2022-03-18T16:00:00Z,-0.00007037,0.12138,40636536,17945621
2022-03-19T00:00:00Z,0,0.12513,32062829,14307063
2022-03-19T08:00:00Z,0,0.13381,93335167,48212992
2022-03-19T16:00:00Z,0.00017564,0.13181,43158325,21936355
2022-03-20T00:00:00Z,0,0.12951,40048219,20092997
2022-03-20T08:00:00Z,0,0.12309,42879238,17324589
2022-03-20T16:00:00Z,0,0.12467,59853871,29241549
2022-03-21T00:00:00Z,0,0.12788,33268009,16621718
2022-03-21T08:00:00Z,-0.00101159,0.13546,87681367,45509281
2022-03-21T16:00:00Z,0,0.13250,97511406,46798580
2022-03-22T00:00:00Z,0,0.13478,73730846,36327403
2022-03-22T08:00:00Z,0,0.13463,113009772,51812807
2022-03-22T16:00:00Z,0,0.13496,46526448,24215769
2022-03-23T00:00:00Z,0,0.13707,49437129,23445239
2022-03-23T08:00:00Z,0,0.14182,62372368,29749355
2022-03-23T16:00:00Z,0,0.14251,38268799,17639009
2022-03-24T00:00:00Z,0,0.14133,29741016,12864176
2022-03-24T08:00:00Z,0,0.14336,49059808,23047222
2022-03-24T16:00:00Z,0,0.14323,25261325,12649494
2022-03-25T00:00:00Z,0,0.14176,25130246,11821491
2022-03-25T08:00:00Z,0,0.14257,165466043,80455510
2022-03-25T16:00:00Z,0,0.14005,67628348,31357861
2022-03-26T00:00:00Z,0,0.14481,29956083,14434875
2022-03-26T08:00:00Z,-0.00055001,0.15058,146519092,74069496
2022-03-26T16:00:00Z,0.00017472,0.17144,786329151,392022934
2022-03-27T00:00:00Z,0.00073744,0.16829,263944802,127176330
2022-03-27T08:00:00Z,0,0.16324,162983064,78233797
2022-03-27T16:00:00Z,0,0.16791,110394065,54903591
2022-03-28T00:00:00Z,0,0.17460,97242197,45088225
2022-03-28T08:00:00Z,0,0.17282,83422225,39917087
2022-03-28T16:00:00Z,0.00170734,0.17218,183330899,91672062
2022-03-29T00:00:00Z,0,0.18727,157956080,76926358
2022-03-29T08:00:00Z,0.00066431,0.21957,605385388,300910353
2022-03-29T16:00:00Z,-0.00010437,0.21275,453902411,220073159
2022-03-30T00:00:00Z,0,0.21972,303633403,147969194
2022-03-30T08:00:00Z,0.00017201,0.21927,274494089,130280478
2022-03-30T16:00:00Z,0,0.22263,96156625,47487542
2022-03-31T00:00:00Z,0.00037888,0.23435,117485346,60124623
2022-03-31T08:00:00Z,0,0.29322,1109321173,553449993
2022-03-31T16:00:00Z,0,0.24223,608748239,288070688
2022-04-01T00:00:00Z,0,0.28514,496441933,244175993
2022-04-01T08:00:00Z,0,0.28717,428708968,203612185
2022-04-01T16:00:00Z,0,0.30275,289817717,142128147
2022-04-02T00:00:00Z,0,0.28999,259031468,124192527
2022-04-02T08:00:00Z,0,0.27040,125059131,58236331
2022-04-02T16:00:00Z,0.00088412,0.27982,147396636,72616530
2022-04-03T00:00:00Z,0,0.27006,94466047,45711258
2022-04-03T08:00:00Z,0.00007338,0.26497,61548637,29659724
2022-04-03T16:00:00Z,0,0.26445,62713401,30270103
2022-04-04T00:00:00Z,0.00010932,0.25953,127524481,63196705
2022-04-04T08:00:00Z,0.00012732,0.25320,81696650,41176087
2022-04-04T16:00:00Z,0,0.26383,84534694,41532993
2022-04-05T00:00:00Z,0,0.26125,54535191,26148167
2022-04-05T08:00:00Z,0.00010382,0.27085,327312241,158586505
2022-04-05T16:00:00Z,0,0.24775,182440003,82354404
2022-04-06T00:00:00Z,-0.00009784,0.23798,124913787,57205488
2022-04-06T08:00:00Z,0,0.21575,153449875,74160439
2022-04-06T16:00:00Z,0,0.21013,152332003,73914144
2022-04-07T00:00:00Z,0,0.21926,86378261,42467538
2022-04-07T08:00:00Z,-0.00032517,0.21665,76722965,36779274
2022-04-07T16:00:00Z,0,0.22040,64310886,30876896
2022-04-08T00:00:00Z,0,0.21371,52907598,24478031
2022-04-08T08:00:00Z,-0.00108165,0.20931,102483884,50811626
2022-04-08T16:00:00Z,0,0.19806,66661187,31088414
2022-04-09T00:00:00Z,-0.00022964,0.20034,73075964,36651162
2022-04-09T08:00:00Z,0,0.19486,51331504,23492730
2022-04-09T16:00:00Z,0,0.20204,46916885,22645833
2022-04-10T00:00:00Z,-0.00125441,0.19943,46875615,21949434
2022-04-10T08:00:00Z,0,0.19810,44020931,20197190
2022-04-10T16:00:00Z,0,0.19401,155445273,74891472
2022-04-11T00:00:00Z,-0.00006892,0.19213,99004961,49775703
2022-04-11T08:00:00Z,0,0.17781,103086365,47952634
2022-04-11T16:00:00Z,0,0.17585,93603565,47607323
2022-04-12T00:00:00Z,0,0.18755,101202694,50506368
2022-04-12T08:00:00Z,0,0.19025,190013672,91502400
2022-04-12T16:00:00Z,0,0.18788,112116337,53881654
2022-04-13T00:00:00Z,0,0.19429,82401587,39159176
2022-04-13T08:00:00Z,0.00011434,0.20514,151250593,72016900
2022-04-13T16:00:00Z,-0.00061359,0.19974,145188168,67920348
2022-04-14T00:00:00Z,0,0.20198,122892097,57074311
2022-04-14T08:00:00Z,-0.00023116,0.19421,208930472,102532717
2022-04-14T16:00:00Z,-0.00005171,0.19444,110142408,52005114
2022-04-15T00:00:00Z,0,0.19781,64315026,29200106
2022-04-15T08:00:00Z,0,0.19419,127647270,60494279
2022-04-15T16:00:00Z,0,0.19434,40116326,19246174
2022-04-16T00:00:00Z,0,0.19094,29507838,13525105
2022-04-16T08:00:00Z,-0.00006622,0.18534,71569585,31591045
2022-04-16T16:00:00Z,0,0.18750,34756696,16576110
2022-04-17T00:00:00Z,0,0.19258,48337976,23825631
2022-04-17T08:00:00Z,0,0.19203,37931431,17367649
2022-04-17T16:00:00Z,-0.00075324,0.17947,67634171,30580605
2022-04-18T00:00:00Z,0,0.17457,57245309,26675175
2022-04-18T08:00:00Z,0,0.18193,42321185,21302745
2022-04-18T16:00:00Z,0,0.18673,51428067,24896285
2022-04-19T00:00:00Z,0,0.19007,55588278,27721192
2022-04-19T08:00:00Z,0,0.19550,51092062,23848905
2022-04-19T16:00:00Z,0,0.20159,98317259,49548892
2022-04-20T00:00:00Z,-0.00000805,0.20111,71695906,33452327
2022-04-20T08:00:00Z,0,0.20167,90103782,41399509
2022-04-20T16:00:00Z,0,0.19941,48739352,23919952
2022-04-21T00:00:00Z,-0.00056725,0.21360,74573337,37507065
2022-04-21T08:00:00Z,0,0.20820,127436119,60588492
2022-04-21T16:00:00Z,-0.00055604,0.18718,82028670,36042461
2022-04-22T00:00:00Z,-0.00028568,0.19057,53927880,25550428
2022-04-22T08:00:00Z,-0.00013220,0.18589,45316761,22579228
2022-04-22T16:00:00Z,0,0.18901,51752275,24504221
2022-04-23T00:00:00Z,-0.00021075,0.18578,36306607,17350097
2022-04-23T08:00:00Z,0,0.18481,25476484,11465851
2022-04-23T16:00:00Z,0,0.18173,41435485,18942820
2022-04-24T00:00:00Z,0,0.18606,34435201,18562201
2022-04-24T08:00:00Z,0,0.18081,44376839,20197171
2022-04-24T16:00:00Z,0,0.17879,39075239,18882676
2022-04-25T00:00:00Z,-0.00082174,0.16723,68449214,32334726
2022-04-25T08:00:00Z,0,0.17250,78308842,39146596
2022-04-25T16:00:00Z,0,0.17845,48980393,24439236
2022-04-26T00:00:00Z,0,0.17890,34292973,16036406
2022-04-26T08:00:00Z,0,0.16627,68150662,32113650
2022-04-26T16:00:00Z,0,0.15806,61672832,28550689
2022-04-27T00:00:00Z,-0.00022741,0.16452,49505890,24479868
2022-04-27T08:00:00Z,0,0.16311,72340724,35767845
2022-04-27T16:00:00Z,0,0.16106,39312599,17992559
2022-04-28T00:00:00Z,-0.00055660,0.17715,159773454,81341682
2022-04-28T08:00:00Z,-0.00143930,0.19660,1111858761,563355996
2022-04-28T16:00:00Z,0,0.19449,735286084,372018935
2022-04-29T00:00:00Z,-0.00018891,0.19377,664658470,340072862
2022-04-29T08:00:00Z,-0.00108699,0.17349,400856605,197363320
2022-04-29T16:00:00Z,-0.00109843,0.16667,165526807,80786428
2022-04-30T00:00:00Z,-0.00151992,0.16569,122632657,55767735
2022-04-30T08:00:00Z,-0.00030621,0.16592,183523829,92861938
2022-04-30T16:00:00Z,-0.00221955,0.14890,178365396,83673647
2022-05-01T00:00:00Z,0,0.14622,144967772,73373600
2022-05-01T08:00:00Z,-0.00090921,0.15137,78153253,39512810
2022-05-01T16:00:00Z,-0.00054137,0.15145,81457572,40402034
2022-05-02T00:00:00Z,-0.00059217,0.15027,74601701,35798397
2022-05-02T08:00:00Z,0,0.14623,95611579,49281826
2022-05-02T16:00:00Z,0,0.14450,62167356,30809161
2022-05-03T00:00:00Z,-0.00071642,0.15076,59339186,31859349
2022-05-03T08:00:00Z,0,0.14638,79466872,38147305
2022-05-03T16:00:00Z,0,0.14039,72797697,35784716
2022-05-04T00:00:00Z,0,0.14588,65268691,31057350
2022-05-04T08:00:00Z,-0.00065719,0.14573,81252590,38247749
2022-05-04T16:00:00Z,0,0.15932,74243069,36267824
2022-05-05T00:00:00Z,-0.00000223,0.15927,58688882,27943161
2022-05-05T08:00:00Z,0,0.13877,114187618,52260242
2022-05-05T16:00:00Z,0,0.14272,84366466,42164169
2022-05-06T00:00:00Z,0,0.13872,47030986,21327127
2022-05-06T08:00:00Z,-0.00030335,0.14383,101690378,50619206
2022-05-06T16:00:00Z,-0.00035125,0.14153,66063584,31412327
2022-05-07T00:00:00Z,-0.00014075,0.13890,62975400,29778558
2022-05-07T08:00:00Z,-0.00014727,0.13933,50633825,24312872
2022-05-07T16:00:00Z,0,0.13475,64226685,29625476
2022-05-08T00:00:00Z,-0.00160949,0.13448,60378636,29948239
2022-05-08T08:00:00Z,-0.00017408,0.13329,63541917,29326601
2022-05-08T16:00:00Z,0,0.12919,70844422,34362654
2022-05-09T00:00:00Z,-0.00085971,0.12536,56877899,27967424
2022-05-09T08:00:00Z,0,0.12071,105174487,52845320
2022-05-09T16:00:00Z,0,0.10426,375200685,181948342
2022-05-10T00:00:00Z,0,0.11673,536052773,269399161
2022-05-10T08:00:00Z,0.00040020,0.11946,141048680,71499950
2022-05-10T16:00:00Z,0,0.11403,114823673,56828675
2022-05-11T00:00:00Z,0,0.10561,125177497,61071719
2022-05-11T08:00:00Z,0,0.09403,273059097,136021180
2022-05-11T16:00:00Z,0,0.08333,213143535,107737519
2022-05-12T00:00:00Z,0,0.07099,300418462,149500723
2022-05-12T08:00:00Z,-0.00279848,0.07587,200246405,101310437
2022-05-12T16:00:00Z,0,0.07666,110642605,57625778
2022-05-13T00:00:00Z,0,0.08810,153255994,76023360
2022-05-13T08:00:00Z,0,0.08982,106139725,50561750
2022-05-13T16:00:00Z,0,0.08230,82298718,40524497
2022-05-14T00:00:00Z,0,0.08347,80453779,39303642
2022-05-14T08:00:00Z,0,0.07504,67661179,32727382
2022-05-14T16:00:00Z,0,0.08642,66204685,33007680
2022-05-15T00:00:00Z,0,0.08631,57399053,27939496
2022-05-15T08:00:00Z,0,0.08717,65784222,33499810
2022-05-15T16:00:00Z,0,0.09143,88428311,44166517
2022-05-16T00:00:00Z,-0.00235646,0.08118,91836166,44791930
2022-05-16T08:00:00Z,-0.00168294,0.08149,108513703,54149972
2022-05-16T16:00:00Z,-0.00006418,0.08088,72517709,35367358
2022-05-17T00:00:00Z,-0.00060638,0.08809,86384008,45210711
2022-05-17T08:00:00Z,-0.00144613,0.08641,118086950,57487276
2022-05-17T16:00:00Z,-0.00118824,0.09135,86889067,42385742
2022-05-18T00:00:00Z,-0.00043305,0.08713,90281093,42942758
2022-05-18T08:00:00Z,0,0.08050,125828118,61709840
2022-05-18T16:00:00Z,0,0.07840,98653834,48376253
2022-05-19T00:00:00Z,0,0.07932,91553273,45424596
2022-05-19T08:00:00Z,0,0.08627,122684664,62062310
2022-05-19T16:00:00Z,-0.00062248,0.08463,77486888,37437589
2022-05-20T00:00:00Z,0,0.08173,83697885,42315890
2022-05-20T08:00:00Z,-0.00015373,0.07754,102331871,48661646
2022-05-20T16:00:00Z,-0.00127327,0.07760,128888956,63988540
2022-05-21T00:00:00Z,-0.00039722,0.07980,107458020,53124844
2022-05-21T08:00:00Z,-0.00056658,0.08204,132116499,65939243
2022-05-21T16:00:00Z,-0.00069923,0.08075,108090404,54540979
2022-05-22T00:00:00Z,-0.00156933,0.08067,87429296,44004594
2022-05-22T08:00:00Z,-0.00132548,0.08229,197479769,100044903
2022-05-22T16:00:00Z,-0.00095204,0.08457,134428197,63004619
2022-05-23T00:00:00Z,-0.00066741,0.08740,120749549,60273617
2022-05-23T08:00:00Z,-0.00075533,0.08879,171825416,81863447
2022-05-23T16:00:00Z,-0.00105640,0.08021,140833699,66055661
2022-05-24T00:00:00Z,-0.00019286,0.08374,94915837,46308897
2022-05-24T08:00:00Z,-0.00111154,0.08174,136820368,65490445
2022-05-24T16:00:00Z,0,0.08335,84533640,41044760
2022-05-25T00:00:00Z,-0.00120998,0.08190,81480091,41263750
2022-05-25T08:00:00Z,-0.00000885,0.08540,210220888,105058496
2022-05-25T16:00:00Z,0,0.08275,104540552,50782712
2022-05-26T00:00:00Z,-0.00000272,0.07725,396518737,190754891
2022-05-26T08:00:00Z,-0.00174949,0.07073,745437281,363348071
2022-05-26T16:00:00Z,0,0.06677,359977409,168012783
2022-05-27T00:00:00Z,-0.00144900,0.06582,384955153,190124525
2022-05-27T08:00:00Z,0,0.06422,305084275,152691628
2022-05-27T16:00:00Z,0,0.06252,206723955,103090260
2022-05-28T00:00:00Z,-0.00027089,0.06130,234362147,118981076
2022-05-28T08:00:00Z,0,0.06223,273385779,130024745
2022-05-28T16:00:00Z,-0.00059801,0.06286,156363775,71821582
2022-05-29T00:00:00Z,0,0.05968,184314643,84708590
2022-05-29T08:00:00Z,-0.00069752,0.06369,197267469,93999992
2022-05-29T16:00:00Z,0,0.06631,137521076,68096569
2022-05-30T00:00:00Z,0,0.06987,163171752,83317196
2022-05-30T08:00:00Z,-0.00064007,0.06845,135792992,66156509
2022-05-30T16:00:00Z,-0.00094537,0.07043,163701057,82772253
2022-05-31T00:00:00Z,0,0.06974,166073842,78945400
2022-05-31T08:00:00Z,-0.00008402,0.06902,202491087,95619662
2022-05-31T16:00:00Z,0,0.07139,180514669,89343414
2022-06-01T00:00:00Z,0,0.07116,162157834,79511193
2022-06-01T08:00:00Z,-0.00047712,0.07054,1011669540,502329893
2022-06-01T16:00:00Z,-0.00076895,0.06675,391206652,190407351
2022-06-02T00:00:00Z,-0.00074466,0.06658,146480493,73811240
2022-06-02T08:00:00Z,-0.00107369,0.06685,184052874,85843560
2022-06-02T16:00:00Z,-0.00125999,0.06862,122581671,58419907
2022-06-03T00:00:00Z,-0.00146886,0.06760,103007629,49099262
2022-06-03T08:00:00Z,-0.00099244,0.06447,142347376,69150493
2022-06-03T16:00:00Z,-0.00022877,0.06527,75760412,37348100
2022-06-04T00:00:00Z,-0.00035855,0.06701,78192687,39808598
2022-06-04T08:00:00Z,-0.00065122,0.06821,110964552,52543709
2022-06-04T16:00:00Z,0,0.07040,620865041,315931340
2022-06-05T00:00:00Z,-0.00095080,0.06852,116104427,55449777
2022-06-05T08:00:00Z,0,0.06811,111814574,53789850
2022-06-05T16:00:00Z,-0.00006940,0.06793,108736833,52793037
2022-06-06T00:00:00Z,0,0.07067,148973004,72906661
2022-06-06T08:00:00Z,-0.00097465,0.06921,133137644,63963731
2022-06-06T16:00:00Z,0,0.06890,119012909,56821740
2022-06-07T00:00:00Z,-0.00093225,0.06732,146025899,71157312
2022-06-07T08:00:00Z,-0.00083359,0.06771,84542766,41185336
2022-06-07T16:00:00Z,0,0.06873,191363949,93114020
2022-06-08T00:00:00Z,-0.00097259,0.07015,141672764,69411960
2022-06-08T08:00:00Z,0,0.07020,122862964,58194355
2022-06-08T16:00:00Z,-0.00105686,0.06926,245609604,121013263
2022-06-09T00:00:00Z,-0.00233828,0.07435,250190035,125981967
2022-06-09T08:00:00Z,-0.00082043,0.07317,189032686,86602296
2022-06-09T16:00:00Z,-0.00011108,0.07343,172573976,78824620
2022-06-10T00:00:00Z,0,0.07206,90028978,40964146
2022-06-10T08:00:00Z,-0.00206796,0.06679,163919813,74507042
2022-06-10T16:00:00Z,-0.00038881,0.06492,105451471,50168287
2022-06-11T00:00:00Z,-0.00160403,0.06629,120253217,60201144
2022-06-11T08:00:00Z,-0.00160735,0.05753,257121222,118914837
2022-06-11T16:00:00Z,-0.00001603,0.05785,115420827,55819901
2022-06-12T00:00:00Z,0,0.05454,145971929,71496624
2022-06-12T08:00:00Z,-0.00173673,0.05668,120810883,61139963
2022-06-12T16:00:00Z,0,0.05166,86890571,41970018
2022-06-13T00:00:00Z,0,0.04681,160077340,79561641
2022-06-13T08:00:00Z,-0.00058464,0.04998,231475946,119580431
2022-06-13T16:00:00Z,0,0.05087,142653939,71621872
2022-06-14T00:00:00Z,-0.00074977,0.05262,139162866,67904596
2022-06-14T08:00:00Z,-0.00916707,0.06321,1505659825,772931429
2022-06-14T16:00:00Z,-0.00120735,0.05801,1352998183,672951983
2022-06-15T00:00:00Z,-0.00026425,0.05651,1317017215,667297584
2022-06-15T08:00:00Z,0,0.05565,609288420,303615041
2022-06-15T16:00:00Z,0,0.05986,329447812,160607324
2022-06-16T00:00:00Z,0,0.05667,173915230,87673339
2022-06-16T08:00:00Z,0,0.05451,195504677,97405706
2022-06-16T16:00:00Z,0,0.05260,119195357,59602533
2022-06-17T00:00:00Z,-0.00016993,0.05336,177916999,90100422
2022-06-17T08:00:00Z,-0.00138968,0.05227,178885138,86709185
2022-06-17T16:00:00Z,-0.00059672,0.05197,107367276,51447170
2022-06-18T00:00:00Z,-0.00054316,0.04701,168824021,74893384
2022-06-18T08:00:00Z,-0.00084075,0.04777,109673967,54771927
2022-06-18T16:00:00Z,0,0.04841,147364722,73197241
2022-06-19T00:00:00Z,-0.00136886,0.04726,108030175,51736269
2022-06-19T08:00:00Z,-0.00081109,0.05030,143613064,76058089
2022-06-19T16:00:00Z,0,0.05087,104044440,51008217
2022-06-20T00:00:00Z,-0.00105000,0.05060,93010604,46207425
2022-06-20T08:00:00Z,0,0.05276,130239882,63606746
2022-06-20T16:00:00Z,-0.00026265,0.05202,105034524,52897894
2022-06-21T00:00:00Z,0,0.05396,126999294,61784790
2022-06-21T08:00:00Z,0,0.05588,124377629,60238064
2022-06-21T16:00:00Z,0,0.05398,99387545,48619023
2022-06-22T00:00:00Z,-0.00087079,0.05131,82094716,37547665
2022-06-22T08:00:00Z,-0.00050612,0.05209,194080618,93413164
2022-06-22T16:00:00Z,0,0.05059,138355143,65305387
2022-06-23T00:00:00Z,0,0.05311,103438861,49646359
2022-06-23T08:00:00Z,-0.00084976,0.05323,112674627,55117629
2022-06-23T16:00:00Z,0,0.05550,208526124,102261041
2022-06-24T00:00:00Z,-0.00092681,0.05676,116103718,56799501
2022-06-24T08:00:00Z,-0.00171685,0.05634,159713732,76844952
2022-06-24T16:00:00Z,-0.00045436,0.05734,89483883,43212868
2022-06-25T00:00:00Z,0,0.06062,84286915,42039773
2022-06-25T08:00:00Z,0,0.05526,87062554,38931844
2022-06-25T16:00:00Z,-0.00090298,0.05869,68801566,33391241
2022-06-26T00:00:00Z,0,0.05926,83480179,42188218
2022-06-26T08:00:00Z,-0.00126919,0.05865,179117445,83299924
2022-06-26T16:00:00Z,0,0.05533,87344246,40276318
2022-06-27T00:00:00Z,0,0.05898,72415327,36456292
2022-06-27T08:00:00Z,0,0.05743,127708958,62641069
2022-06-27T16:00:00Z,0,0.05673,73110858,35643603
2022-06-28T00:00:00Z,0,0.05625,84451172,37625216
2022-06-28T08:00:00Z,-0.00111348,0.05470,94650201,43064518
2022-06-28T16:00:00Z,0,0.05278,78336921,35706258
2022-06-29T00:00:00Z,-0.00118590,0.05322,77012276,36940587
2022-06-29T08:00:00Z,-0.00111465,0.05158,90671678,44578197
2022-06-29T16:00:00Z,0,0.05047,80130470,37157033
2022-06-30T00:00:00Z,-0.00088044,0.04769,88026909,41352140
2022-06-30T08:00:00Z,0,0.04668,129753432,61638443
2022-06-30T16:00:00Z,0,0.04759,147432093,73129057
2022-07-01T00:00:00Z,-0.00060037,0.04510,167057551,81191929
2022-07-01T08:00:00Z,0,0.04515,270947420,134209044
2022-07-01T16:00:00Z,0,0.04579,210209919,104710220
2022-07-02T00:00:00Z,-0.00006834,0.04547,113218500,54094676
2022-07-02T08:00:00Z,-0.00030152,0.04400,185095227,84769273
2022-07-02T16:00:00Z,0,0.04511,131523166,62448258
2022-07-03T00:00:00Z,0,0.04456,109705127,50664987
2022-07-03T08:00:00Z,-0.00017234,0.04360,99244274,44920244
2022-07-03T16:00:00Z,0,0.04492,117471689,59345583
2022-07-04T00:00:00Z,-0.00128315,0.04422,95113157,45287691
2022-07-04T08:00:00Z,0,0.04631,131468140,62859505
2022-07-04T16:00:00Z,-0.00124798,0.04764,108828242,54173852
2022-07-05T00:00:00Z,-0.00062228,0.04741,80305749,37759437
2022-07-05T08:00:00Z,-0.00210449,0.04513,166783797,77352579
2022-07-05T16:00:00Z,0,0.04652,148565369,72143788
2022-07-06T00:00:00Z,0,0.04706,164595545,80091431
2022-07-06T08:00:00Z,-0.00117510,0.04677,117300833,57618032
2022-07-06T16:00:00Z,-0.00087615,0.04704,81339312,41270329
2022-07-07T00:00:00Z,0,0.04742,57415604,28538436
2022-07-07T08:00:00Z,0,0.04888,172871894,87153146
2022-07-07T16:00:00Z,0.00078423,0.04957,153379844,73773267
2022-07-08T00:00:00Z,0,0.04900,97126175,46752311
2022-07-08T08:00:00Z,0,0.04862,123994231,58519007
2022-07-08T16:00:00Z,0,0.04734,108836702,48562242
2022-07-09T00:00:00Z,-0.00000519,0.04970,100025447,48954008
2022-07-09T08:00:00Z,0,0.05003,227696566,109155167
2022-07-09T16:00:00Z,-0.00120491,0.04974,87253415,40737566
2022-07-10T00:00:00Z,0,0.04888,87760944,40140100
2022-07-10T08:00:00Z,-0.00002439,0.04646,98107140,42309013
2022-07-10T16:00:00Z,-0.00003689,0.04665,73222060,34031308
2022-07-11T00:00:00Z,-0.00120476,0.04489,111870685,52239139
2022-07-11T08:00:00Z,-0.00017221,0.04478,148101917,75814928
2022-07-11T16:00:00Z,0.00008640,0.04283,255431693,117733173
2022-07-12T00:00:00Z,-0.00004578,0.04316,129767241,60476434
2022-07-12T08:00:00Z,0,0.04311,90020792,42396147
2022-07-12T16:00:00Z,-0.00128156,0.04134,112554157,50894283
2022-07-13T00:00:00Z,0,0.04303,99798476,50282440
2022-07-13T08:00:00Z,0,0.04025,199337665,91519786
2022-07-13T16:00:00Z,-0.00207691,0.04281,98655952,48008877
2022-07-14T00:00:00Z,0,0.04246,155137968,77708939
2022-07-14T08:00:00Z,0,0.04355,124792960,58518004
2022-07-14T16:00:00Z,0,0.04432,122246540,55274149
2022-07-15T00:00:00Z,-0.00064042,0.04798,207890444,110485118
2022-07-15T08:00:00Z,0,0.04875,1156729829,568573952
2022-07-15T16:00:00Z,-0.00049738,0.04954,352253574,173403231
2022-07-16T00:00:00Z,-0.00094041,0.04825,436214377,220343030
2022-07-16T08:00:00Z,-0.00063665,0.05079,231731489,116206253
2022-07-16T16:00:00Z,0,0.05167,185363236,88243484
2022-07-17T00:00:00Z,-0.00001686,0.05259,158235129,82965236
2022-07-17T08:00:00Z,-0.00039953,0.05031,160016066,70823963
2022-07-17T16:00:00Z,0.00030352,0.05044,99010609,49617143
2022-07-18T00:00:00Z,0,0.05569,159475575,78861202
2022-07-18T08:00:00Z,0,0.05510,150516921,70926247
2022-07-18T16:00:00Z,0,0.05457,136012110,63152990
2022-07-19T00:00:00Z,0,0.05515,167999802,86023253
2022-07-19T08:00:00Z,0,0.05633,164891037,79871222
2022-07-19T16:00:00Z,0,0.05577,79234618,39200800
2022-07-20T00:00:00Z,0,0.05747,120999775,62217835
2022-07-20T08:00:00Z,-0.00060109,0.05959,235624595,115390006
2022-07-20T16:00:00Z,-0.00035734,0.05320,142942378,63153205
2022-07-21T00:00:00Z,0,0.05311,87251708,41918315
2022-07-21T08:00:00Z,0,0.05443,90129266,43091495
2022-07-21T16:00:00Z,-0.00010802,0.05544,80339415,39730795
2022-07-22T00:00:00Z,0,0.05734,82607470,42012082
2022-07-22T08:00:00Z,0,0.05512,98943905,46317685
2022-07-22T16:00:00Z,0,0.05388,89525761,41114322
2022-07-23T00:00:00Z,0,0.05514,44227754,21958460
2022-07-23T08:00:00Z,-0.00014841,0.05237,88409869,43601954
2022-07-23T16:00:00Z,-0.00004166,0.05303,68685617,35039254
2022-07-24T00:00:00Z,0,0.05403,55351695,27245257
2022-07-24T08:00:00Z,0,0.05406,65832148,29781120
2022-07-24T16:00:00Z,0,0.05306,49419246,22548547
2022-07-25T00:00:00Z,-0.00145165,0.05049,89735417,42242459
2022-07-25T08:00:00Z,-0.00080291,0.04996,90404094,42967941
2022-07-25T16:00:00Z,-0.00054304,0.04766,89449241,42657356
2022-07-26T00:00:00Z,-0.00104266,0.04652,77873356,38030961
2022-07-26T08:00:00Z,-0.00021031,0.04554,98637718,48647628
2022-07-26T16:00:00Z,-0.00053036,0.04659,81376318,42490258
2022-07-27T00:00:00Z,0,0.04760,76654014,39814866
2022-07-27T08:00:00Z,-0.00133767,0.04833,89791205,42894789
2022-07-27T16:00:00Z,-0.00079829,0.05204,174382779,87212005
2022-07-28T00:00:00Z,-0.00012501,0.05207,108209597,54678612
2022-07-28T08:00:00Z,-0.00039408,0.05391,118148557,57372912
2022-07-28T16:00:00Z,0,0.05460,83138945,40662188
2022-07-29T00:00:00Z,-0.00033756,0.05516,98706722,47011160
2022-07-29T08:00:00Z,0,0.05664,122403142,60042437
2022-07-29T16:00:00Z,0,0.05584,86044544,42264843
2022-07-30T00:00:00Z,0,0.05891,78297965,39122393
2022-07-30T08:00:00Z,0,0.06187,188000755,90420918
2022-07-30T16:00:00Z,0,0.05865,84264701,40155617
2022-07-31T00:00:00Z,0,0.06004,134387511,64444739
2022-07-31T08:00:00Z,0,0.06014,84174957,39037934
2022-07-31T16:00:00Z,-0.00044333,0.05864,107350709,51182898
2022-08-01T00:00:00Z,0,0.06227,121131614,62240635
2022-08-01T08:00:00Z,0,0.06153,165025645,78033955
2022-08-01T16:00:00Z,-0.00227114,0.06129,95194180,45435127
2022-08-02T00:00:00Z,0,0.05759,103172816,49930203
2022-08-02T08:00:00Z,0,0.05790,113102952,55799653
2022-08-02T16:00:00Z,-0.00046698,0.05801,71525286,35023321
2022-08-03T00:00:00Z,0.00100727,0.05854,67336971,34750185
2022-08-03T08:00:00Z,0,0.06035,78118729,37135315
2022-08-03T16:00:00Z,0,0.05851,60627690,27892724
2022-08-04T00:00:00Z,-0.00096603,0.06521,342700538,178817867
2022-08-04T08:00:00Z,-0.00064812,0.06258,312013536,149116623
2022-08-04T16:00:00Z,0,0.06295,124069321,61564562
2022-08-05T00:00:00Z,0,0.06433,88950989,42490900
2022-08-05T08:00:00Z,0,0.06543,121788369,61669699
2022-08-05T16:00:00Z,-0.00163847,0.06721,152114797,76115424
2022-08-06T00:00:00Z,0,0.06594,50569056,22454713
2022-08-06T08:00:00Z,0,0.06600,67829102,31486165
2022-08-06T16:00:00Z,0.00044431,0.06479,50833314,23673873
2022-08-07T00:00:00Z,0.00051905,0.06459,48724579,23916314
2022-08-07T08:00:00Z,0,0.06526,58342926,27551964
2022-08-07T16:00:00Z,0.00014624,0.06439,40093916,19615898
2022-08-08T00:00:00Z,0,0.06678,57699078,28388639
2022-08-08T08:00:00Z,-0.00026533,0.06750,127728093,62787613
2022-08-08T16:00:00Z,-0.00026347,0.06789,79892634,37251080
2022-08-09T00:00:00Z,0.00090510,0.07109,272811868,137607164
2022-08-09T08:00:00Z,-0.00000477,0.06320,201808394,92076517
2022-08-09T16:00:00Z,-0.00034692,0.06426,67226988,35425692
2022-08-10T00:00:00Z,0,0.06481,87160260,43257199
2022-08-10T08:00:00Z,0,0.06768,133522381,64899883
2022-08-10T16:00:00Z,0,0.06860,53697936,26450851
2022-08-11T00:00:00Z,0,0.07579,262061939,136182699
2022-08-11T08:00:00Z,0,0.07457,386074793,200229297
2022-08-11T16:00:00Z,0,0.07484,304619371,152131924
2022-08-12T00:00:00Z,0,0.07288,252440501,124226184
2022-08-12T08:00:00Z,-0.00027369,0.07222,150077258,67881890
2022-08-12T16:00:00Z,-0.00012388,0.07335,70445801,34589581
2022-08-13T00:00:00Z,-0.00059384,0.07229,66966978,28976645
2022-08-13T08:00:00Z,0,0.07065,65085269,30107055
2022-08-13T16:00:00Z,0,0.07144,49211594,25799352
2022-08-14T00:00:00Z,0,0.07178,62129006,29663281
2022-08-14T08:00:00Z,0,0.06954,74293776,31783747
2022-08-14T16:00:00Z,-0.00077904,0.06670,108307778,50087515
2022-08-15T00:00:00Z,-0.00042061,0.06677,104270335,52589026
2022-08-15T08:00:00Z,-0.00096523,0.06755,97571618,45974375
2022-08-15T16:00:00Z,0,0.06588,59345510,26732309
2022-08-16T00:00:00Z,0,0.06515,72456219,35049237
2022-08-16T08:00:00Z,-0.00040016,0.06461,70792521,31412740
2022-08-16T16:00:00Z,0,0.06405,61081356,30405510
2022-08-17T00:00:00Z,0,0.06398,84524136,39829799
2022-08-17T08:00:00Z,0,0.05997,130644789,60103626
2022-08-17T16:00:00Z,0,0.05984,71721555,35798797
2022-08-18T00:00:00Z,-0.00005378,0.06017,56926392,26849157
2022-08-18T08:00:00Z,-0.00073808,0.05913,95874580,46274069
2022-08-18T16:00:00Z,0,0.05433,172394236,76105144
2022-08-19T00:00:00Z,-0.00002810,0.05228,175059685,88389332
2022-08-19T08:00:00Z,-0.00063726,0.05223,133613073,66931255
2022-08-19T16:00:00Z,-0.00052477,0.05076,91300291,41876781
2022-08-20T00:00:00Z,-0.00053785,0.05221,68222743,34944901
2022-08-20T08:00:00Z,0,0.05089,139373403,68331888
2022-08-20T16:00:00Z,-0.00245691,0.05015,107902412,55642086
2022-08-21T00:00:00Z,0,0.05119,47492919,21070588
2022-08-21T08:00:00Z,-0.00059371,0.05091,50918885,22428247
2022-08-21T16:00:00Z,-0.00053678,0.05137,63281776,29429641
2022-08-22T00:00:00Z,0,0.04927,56708840,26013971
2022-08-22T08:00:00Z,-0.00024996,0.05000,81969035,39455436
2022-08-22T16:00:00Z,-0.00057776,0.05085,96560122,52137068
2022-08-23T00:00:00Z,-0.00054745,0.05075,67576185,32006993
2022-08-23T08:00:00Z,-0.00039414,0.05121,105654351,54104214
2022-08-23T16:00:00Z,0,0.05173,54353924,26154756
2022-08-24T00:00:00Z,0.00089219,0.05126,69450833,32743849
2022-08-24T08:00:00Z,-0.00053159,0.05274,79428644,37298729
2022-08-24T16:00:00Z,0,0.05183,104442731,49250315
2022-08-25T00:00:00Z,-0.00101136,0.05773,605643074,319044526
2022-08-25T08:00:00Z,0,0.05319,438285950,204534325
2022-08-25T16:00:00Z,-0.00091613,0.05300,82995512,40238395
2022-08-26T00:00:00Z,-0.00041390,0.05192,112612103,52152544
2022-08-26T08:00:00Z,-0.00015803,0.04979,175719204,81499800
2022-08-26T16:00:00Z,0,0.04707,97343671,43659803
2022-08-27T00:00:00Z,-0.00001245,0.04803,85556083,41749021
2022-08-27T08:00:00Z,-0.00140931,0.04736,61799255,30197153
2022-08-27T16:00:00Z,-0.00056335,0.04729,63382023,31586474
2022-08-28T00:00:00Z,0,0.04753,51270047,24535759
2022-08-28T08:00:00Z,-0.00052465,0.04750,63763324,31816991
2022-08-28T16:00:00Z,0,0.04547,69912520,33169424
2022-08-29T00:00:00Z,0,0.04671,76456546,38794528
2022-08-29T08:00:00Z,-0.00129387,0.04816,91641094,47863361
2022-08-29T16:00:00Z,-0.00006620,0.04913,52736070,26742526
2022-08-30T00:00:00Z,0,0.04999,60497108,29929980
2022-08-30T08:00:00Z,-0.00040552,0.04812,72694742,33250559
2022-08-30T16:00:00Z,0,0.04856,67977004,32404535
2022-08-31T00:00:00Z,-0.00089657,0.04967,66858363,32155081
2022-08-31T08:00:00Z,0,0.04924,70590640,34509842
2022-08-31T16:00:00Z,-0.00058426,0.04844,69197051,32829831
2022-09-01T00:00:00Z,0,0.04764,60242144,29343692
2022-09-01T08:00:00Z,-0.00071200,0.04700,79163697,37518247
2022-09-01T16:00:00Z,-0.00085056,0.04866,59027674,31969390
2022-09-02T00:00:00Z,-0.00144343,0.04876,46130463,22485966
2022-09-02T08:00:00Z,-0.00113986,0.04940,67468150,31891886
2022-09-02T16:00:00Z,0,0.04854,57881417,27967415
2022-09-03T00:00:00Z,0,0.04818,36632408,17508206
2022-09-03T08:00:00Z,0,0.04850,29206298,13933427
2022-09-03T16:00:00Z,0.00051041,0.04861,24657183,11622024
2022-09-04T00:00:00Z,0,0.04817,56196518,31881197
2022-09-04T08:00:00Z,0,0.04923,60836903,31063733
2022-09-04T16:00:00Z,-0.00072736,0.05069,89688094,46425012
2022-09-05T00:00:00Z,0,0.04930,277993631,140881944
2022-09-05T08:00:00Z,-0.00047451,0.04930,87777738,41234491
2022-09-05T16:00:00Z,0,0.04965,49077640,22273944
2022-09-06T00:00:00Z,0,0.05099,95378021,49808291
2022-09-06T08:00:00Z,0,0.04983,86213429,38990682
2022-09-06T16:00:00Z,-0.00055899,0.04512,137614204,63404043
2022-09-07T00:00:00Z,-0.00101216,0.04584,63361319,30707834
2022-09-07T08:00:00Z,-0.00093997,0.04624,60886832,29480111
2022-09-07T16:00:00Z,-0.00093872,0.04755,80421192,40809777
2022-09-08T00:00:00Z,0,0.04691,51044475,24565266
2022-09-08T08:00:00Z,-0.00136232,0.04740,70845922,33648369
2022-09-08T16:00:00Z,-0.00331873,0.04812,112342682,57228840
2022-09-09T00:00:00Z,0,0.05083,77127289,37732135
2022-09-09T08:00:00Z,0,0.05036,92985291,43796122
2022-09-09T16:00:00Z,0,0.05180,59233910,30245031
2022-09-10T00:00:00Z,0,0.05148,90914809,44427017
2022-09-10T08:00:00Z,0,0.05087,101462727,46213548
2022-09-10T16:00:00Z,0,0.05092,66564291,33090089
2022-09-11T00:00:00Z,0,0.05062,68452112,34002266
2022-09-11T08:00:00Z,0,0.05037,61179756,29162536
2022-09-11T16:00:00Z,-0.00102994,0.04999,82896786,38646732
2022-09-12T00:00:00Z,0,0.05050,101448266,52089202
2022-09-12T08:00:00Z,-0.00024961,0.04918,139930660,65916174
2022-09-12T16:00:00Z,0,0.04920,68413216,32335738
2022-09-13T00:00:00Z,-0.00003083,0.04800,95037093,48584965
2022-09-13T08:00:00Z,-0.00074382,0.04497,233667507,103687464
2022-09-13T16:00:00Z,-0.00007030,0.04412,93311456,42781748
2022-09-14T00:00:00Z,0,0.04369,82101878,37890890
2022-09-14T08:00:00Z,-0.00049594,0.04351,109054237,50990125
2022-09-14T16:00:00Z,-0.00078109,0.04297,98141277,47937541
2022-09-15T00:00:00Z,-0.00113514,0.04245,151481171,70146494
2022-09-15T08:00:00Z,0,0.04106,132918140,60132450
2022-09-15T16:00:00Z,0,0.04079,84717735,40752305
2022-09-16T00:00:00Z,-0.00027189,0.04088,120532166,58298159
2022-09-16T08:00:00Z,-0.00116591,0.04077,115483988,54141633
2022-09-16T16:00:00Z,-0.00150644,0.04106,97235196,48728189
2022-09-17T00:00:00Z,0,0.04143,56667047,27339057
2022-09-17T08:00:00Z,0,0.04171,70163454,32872822
2022-09-17T16:00:00Z,-0.00155287,0.04203,60051915,28276923
2022-09-18T00:00:00Z,-0.00004463,0.04241,125656011,61698205
2022-09-18T08:00:00Z,-0.00112393,0.04045,203650836,84616869
2022-09-18T16:00:00Z,0,0.03689,315671226,140526080
2022-09-19T00:00:00Z,0,0.03713,163185574,76122458
2022-09-19T08:00:00Z,0,0.03864,141720725,74962646
2022-09-19T16:00:00Z,-0.00199652,0.03915,120315477,58334785
2022-09-20T00:00:00Z,0,0.03846,119194101,53917553
2022-09-20T08:00:00Z,-0.00042849,0.03789,162524522,79332904
2022-09-20T16:00:00Z,0,0.03730,93625216,45356004
2022-09-21T00:00:00Z,0,0.03724,123960393,64831915
2022-09-21T08:00:00Z,0,0.03782,89106843,44431471
2022-09-21T16:00:00Z,-0.00217309,0.03697,222375264,109270533
2022-09-22T00:00:00Z,-0.00116621,0.03827,78531360,41843959
2022-09-22T08:00:00Z,0,0.03821,82117402,41031063
2022-09-22T16:00:00Z,0,0.03891,77896327,36855242
2022-09-23T00:00:00Z,-0.00000453,0.03870,88447610,44449549
2022-09-23T08:00:00Z,0,0.03794,103319091,48911049
2022-09-23T16:00:00Z,0,0.03881,65861386,32344283
2022-09-24T00:00:00Z,0,0.03889,54358991,28360924
2022-09-24T08:00:00Z,0,0.03907,50105036,25591835
2022-09-24T16:00:00Z,-0.00093647,0.03775,56662952,25140812
2022-09-25T00:00:00Z,-0.00107717,0.03839,34428091,16219166
2022-09-25T08:00:00Z,-0.00081471,0.03801,38765761,18834549
2022-09-25T16:00:00Z,-0.00152558,0.03714,74602537,34222353
2022-09-26T00:00:00Z,0,0.03721,111870201,62520919
2022-09-26T08:00:00Z,0,0.03824,100686030,51203962
2022-09-26T16:00:00Z,0,0.03870,147194263,72995887
2022-09-27T00:00:00Z,-0.00016894,0.04134,492489939,253144570
2022-09-27T08:00:00Z,0.00019262,0.04052,250871700,122250296
2022-09-27T16:00:00Z,-0.00039634,0.03841,180406597,85277145
2022-09-28T00:00:00Z,-0.00034349,0.03753,181777294,80587121
2022-09-28T08:00:00Z,0,0.03881,186116767,91631202
2022-09-28T16:00:00Z,0,0.03891,124839171,62496042
2022-09-29T00:00:00Z,0,0.03841,89794293,47254674
2022-09-29T08:00:00Z,0,0.03880,90966773,44801855
2022-09-29T16:00:00Z,-0.00111179,0.03921,103093394,51536266
2022-09-30T00:00:00Z,-0.00066884,0.03946,111831185,53956226
2022-09-30T08:00:00Z,0,0.03945,165778129,78139316
2022-09-30T16:00:00Z,-0.00056702,0.03917,64227618,34685206
2022-10-01T00:00:00Z,-0.00005703,0.03935,37897042,19529682
2022-10-01T08:00:00Z,0,0.03920,42694534,19527429
2022-10-01T16:00:00Z,0,0.03891,46702448,25658605
2022-10-02T00:00:00Z,-0.00149662,0.03860,34623669,15015556
2022-10-02T08:00:00Z,0,0.03810,65831716,28775819
2022-10-02T16:00:00Z,-0.00111051,0.03774,59365284,28633103
2022-10-03T00:00:00Z,-0.00002916,0.03802,67428512,34210605
2022-10-03T08:00:00Z,-0.00209211,0.03847,91431146,49635455
2022-10-03T16:00:00Z,-0.00170210,0.03881,50387189,24653661
2022-10-04T00:00:00Z,-0.00036522,0.04018,89948817,44035664
2022-10-04T08:00:00Z,0,0.03953,113715414,49600305
2022-10-04T16:00:00Z,0,0.03958,59542064,31009678
2022-10-05T00:00:00Z,0,0.03955,37182336,17272330
2022-10-05T08:00:00Z,0,0.03862,76129484,33597218
2022-10-05T16:00:00Z,0,0.03908,44158638,22315424
2022-10-06T00:00:00Z,0,0.03924,66903584,30779349
2022-10-06T08:00:00Z,0,0.03922,59653487,29121749
2022-10-06T16:00:00Z,0,0.03865,42109453,18605068
2022-10-07T00:00:00Z,-0.00014345,0.03886,29371013,14669680
2022-10-07T08:00:00Z,-0.00107085,0.03828,51696125,24953506
2022-10-07T16:00:00Z,0,0.03847,34894818,16124236
2022-10-08T00:00:00Z,-0.00021988,0.03857,35713553,18532016
2022-10-08T08:00:00Z,0,0.03883,27744000,12883996
2022-10-08T16:00:00Z,-0.00065477,0.03817,37945085,16655565
2022-10-09T00:00:00Z,0,0.03852,22642777,10407014
2022-10-09T08:00:00Z,-0.00075482,0.03857,22174075,11980277
2022-10-09T16:00:00Z,0,0.03858,27271027,13382172
2022-10-10T00:00:00Z,0,0.03859,66584243,29915595
2022-10-10T08:00:00Z,0,0.03815,73316713,36913686
2022-10-10T16:00:00Z,0,0.03686,69243085,31907687
2022-10-11T00:00:00Z,0,0.03650,83305327,38602730
2022-10-11T08:00:00Z,-0.00118106,0.03660,52858196,24434756
2022-10-11T16:00:00Z,0,0.03621,35886569,17291413
2022-10-12T00:00:00Z,0,0.03647,38439890,19533692
2022-10-12T08:00:00Z,0.00073358,0.03629,49323203,24269024
2022-10-12T16:00:00Z,0,0.03572,44172860,23029137
2022-10-13T00:00:00Z,-0.00038630,0.03350,126255142,56265848
2022-10-13T08:00:00Z,0,0.03402,175071589,79961949
2022-10-13T16:00:00Z,-0.00094730,0.03433,75295405,39923835
2022-10-14T00:00:00Z,-0.00027965,0.03500,69536758,37702530
2022-10-14T08:00:00Z,-0.00068771,0.03419,85975584,39110978
2022-10-14T16:00:00Z,-0.00062510,0.03373,70129719,34269659
2022-10-15T00:00:00Z,-0.00087025,0.03389,28306041,13995391
2022-10-15T08:00:00Z,-0.00123402,0.03412,41702129,19181492
2022-10-15T16:00:00Z,0,0.03409,36848514,17723176
2022-10-16T00:00:00Z,0,0.03494,56430857,27579554
2022-10-16T08:00:00Z,0,0.03494,61276715,27941300
2022-10-16T16:00:00Z,-0.00035650,0.03525,73979808,34367242
2022-10-17T00:00:00Z,-0.00110371,0.03561,49005112,24009192
2022-10-17T08:00:00Z,0,0.03606,76149413,34883866
2022-10-17T16:00:00Z,-0.00002311,0.03631,63380345,33820882
2022-10-18T00:00:00Z,0,0.03605,66046088,35084660
2022-10-18T08:00:00Z,-0.00111281,0.03489,110655264,50454254
2022-10-18T16:00:00Z,-0.00116785,0.03467,79183485,37172812
2022-10-19T00:00:00Z,-0.00109651,0.03410,63123710,28854438
2022-10-19T08:00:00Z,-0.00081463,0.03402,64821566,29211906
2022-10-19T16:00:00Z,0.00015382,0.03278,92227223,41982844
2022-10-20T00:00:00Z,-0.00016347,0.03324,87924390,44300800
2022-10-20T08:00:00Z,-0.00060974,0.03340,67088665,32868563
2022-10-20T16:00:00Z,-0.00057397,0.03257,89446337,43665083
2022-10-21T00:00:00Z,-0.00146262,0.03203,87121271,40419470
2022-10-21T08:00:00Z,-0.00014929,0.03274,152704389,73028794
2022-10-21T16:00:00Z,0,0.03329,59141950,30534216
2022-10-22T00:00:00Z,-0.00010279,0.03315,45202844,22450779
2022-10-22T08:00:00Z,0,0.03315,58253495,29209596
2022-10-22T16:00:00Z,0,0.03319,50289683,24429361
2022-10-23T00:00:00Z,-0.00000518,0.03313,50950936,26696470
2022-10-23T08:00:00Z,0,0.03297,65100426,28155674
2022-10-23T16:00:00Z,0.00005204,0.03441,103898248,52950505
2022-10-24T00:00:00Z,-0.00019170,0.03347,80678541,35605466
2022-10-24T08:00:00Z,0,0.03353,86057741,42813042
2022-10-24T16:00:00Z,0,0.03336,47124808,24151303
2022-10-25T00:00:00Z,-0.00171844,0.03343,54249021,28744805
2022-10-25T08:00:00Z,-0.00006275,0.03375,76243340,36361681
2022-10-25T16:00:00Z,-0.00139417,0.03412,127350392,59220494
2022-10-26T00:00:00Z,-0.00004015,0.03504,65144268,32835936
2022-10-26T08:00:00Z,0,0.03541,118965036,62563194
2022-10-26T16:00:00Z,-0.00102106,0.03546,60249198,29289364
2022-10-27T00:00:00Z,0,0.03813,252058123,128158875
2022-10-27T08:00:00Z,0.00006328,0.03722,345718205,170123460
2022-10-27T16:00:00Z,-0.00061028,0.03623,150357281,74512035
2022-10-28T00:00:00Z,0.00001000,0.03547,134570851,59509431
2022-10-28T08:00:00Z,0,0.03692,127327848,67976468
2022-10-28T16:00:00Z,-0.00132505,0.03758,89782097,43765356
2022-10-29T00:00:00Z,0,0.03823,85763430,41342927
2022-10-29T08:00:00Z,0,0.03817,80055675,38005505
2022-10-29T16:00:00Z,-0.00011635,0.03779,116340286,54520354
2022-10-30T00:00:00Z,0,0.03955,71310017,37230871
2022-10-30T08:00:00Z,-0.00031939,0.03771,100192667,48931373
2022-10-30T16:00:00Z,0,0.03754,81973696,42355999
2022-10-31T00:00:00Z,0,0.03763,76957507,39383262
2022-10-31T08:00:00Z,0,0.03735,93338005,42133550
2022-10-31T16:00:00Z,-0.00078337,0.03742,72592555,36388514
2022-11-01T00:00:00Z,0,0.03777,72828367,37892729
2022-11-01T08:00:00Z,-0.00026875,0.03697,159880257,79522719
2022-11-01T16:00:00Z,-0.00062369,0.03659,70939809,34558510
2022-11-02T00:00:00Z,-0.00007050,0.03625,93457029,43316775
2022-11-02T08:00:00Z,-0.00088958,0.03573,78103529,36723466
2022-11-02T16:00:00Z,0,0.03551,119968507,61496112
2022-11-03T00:00:00Z,0,0.03727,107566262,50271585
2022-11-03T08:00:00Z,0,0.03797,119657263,57760277
2022-11-03T16:00:00Z,0,0.04018,570146503,284817974
2022-11-04T00:00:00Z,0,0.04139,384738646,181381099
2022-11-04T08:00:00Z,0,0.04077,266237309,121849527
2022-11-04T16:00:00Z,-0.00113101,0.04275,137566497,69009509
2022-11-05T00:00:00Z,0,0.04435,157151118,75133748
2022-11-05T08:00:00Z,-0.00099697,0.04329,113725431,52546495
2022-11-05T16:00:00Z,0,0.04245,84979979,38094291
2022-11-06T00:00:00Z,0,0.04287,73285580,36248518
2022-11-06T08:00:00Z,0,0.04160,79361497,36425589
2022-11-06T16:00:00Z,-0.00111158,0.03958,114094626,51319884
2022-11-07T00:00:00Z,-0.00006748,0.03894,121866373,58964457
2022-11-07T08:00:00Z,0,0.04005,94553878,45344779
2022-11-07T16:00:00Z,-0.00092723,0.03962,105419236,50516251
2022-11-08T00:00:00Z,-0.00172623,0.03676,211880781,97673389
2022-11-08T08:00:00Z,0,0.03619,132548788,66302251
2022-11-08T16:00:00Z,0,0.03320,325363259,150314265
2022-11-09T00:00:00Z,0,0.03091,224993389,109028738
2022-11-09T08:00:00Z,-0.00058381,0.02750,286659907,143573510
2022-11-09T16:00:00Z,0,0.02467,366129862,183278953
2022-11-10T00:00:00Z,0,0.02703,282001544,136356270
2022-11-10T08:00:00Z,-0.00060564,0.02875,269567511,133144250
2022-11-10T16:00:00Z,-0.00066113,0.02876,225012181,121937293
2022-11-11T00:00:00Z,0,0.02815,153389276,74310280
2022-11-11T08:00:00Z,0,0.02705,155980679,72993331
2022-11-11T16:00:00Z,0,0.02838,95308536,49518015
2022-11-12T00:00:00Z,0,0.02666,97179932,45492949
2022-11-12T08:00:00Z,0,0.02695,81972605,41711989
2022-11-12T16:00:00Z,0,0.02652,64248677,30848210
2022-11-13T00:00:00Z,0,0.02625,58926871,28800717
2022-11-13T08:00:00Z,0.00099262,0.02754,450759859,222048827
2022-11-13T16:00:00Z,0,0.02760,166425056,83132131
2022-11-14T00:00:00Z,0,0.02826,259614786,129457416
2022-11-14T08:00:00Z,0,0.02885,315850542,155563100
2022-11-14T16:00:00Z,0,0.02842,136812960,64761400
2022-11-15T00:00:00Z,0,0.02947,90657514,46473043
2022-11-15T08:00:00Z,0,0.02958,110911201,53629588
2022-11-15T16:00:00Z,-0.00062893,0.02882,102983528,50006738
2022-11-16T00:00:00Z,0,0.02907,54955488,27204060
2022-11-16T08:00:00Z,0,0.02813,110884438,54413951
2022-11-16T16:00:00Z,-0.00055209,0.02832,58651647,27764899
2022-11-17T00:00:00Z,-0.00044034,0.02859,65864361,34892569
2022-11-17T08:00:00Z,-0.00018087,0.02676,320995773,153540101
2022-11-17T16:00:00Z,0,0.02629,150220417,72090990
2022-11-18T00:00:00Z,0,0.02687,124231401,58641645
2022-11-18T08:00:00Z,0,0.02632,141886426,56393997
2022-11-18T16:00:00Z,-0.00080886,0.02613,70252614,32957208
2022-11-19T00:00:00Z,-0.00005001,0.02568,54502010,25360480
2022-11-19T08:00:00Z,-0.00002773,0.02614,71298957,35053638
2022-11-19T16:00:00Z,0,0.02620,48721249,23448412
2022-11-20T00:00:00Z,-0.00030978,0.02638,52618284,26243095
2022-11-20T08:00:00Z,0,0.02599,109098998,51993852
2022-11-20T16:00:00Z,-0.00042930,0.02473,140410260,65427943
2022-11-21T00:00:00Z,0,0.02437,164774349,78968401
2022-11-21T08:00:00Z,-0.00026582,0.02466,82592941,38405753
2022-11-21T16:00:00Z,-0.00159347,0.02445,150233799,72770215
2022-11-22T00:00:00Z,-0.00090427,0.02413,70995918,34105719
2022-11-22T08:00:00Z,0,0.02498,155424903,75521855
2022-11-22T16:00:00Z,0,0.02524,64845555,34477557
2022-11-23T00:00:00Z,0,0.02588,77124007,38928763
2022-11-23T08:00:00Z,0,0.02553,102788574,49676328
2022-11-23T16:00:00Z,0,0.02607,73606941,32801735
2022-11-24T00:00:00Z,0,0.02680,171009351,88878288
2022-11-24T08:00:00Z,0,0.02650,116001457,50636086
2022-11-24T16:00:00Z,0,0.02622,67202746,32738203
2022-11-25T00:00:00Z,0.00086216,0.02575,77264532,33563916
2022-11-25T08:00:00Z,0,0.02610,73754933,36881589
2022-11-25T16:00:00Z,0,0.02632,43431646,23072889
2022-11-26T00:00:00Z,0,0.02654,112094835,53275426
2022-11-26T08:00:00Z,0,0.02648,58928328,29642606
2022-11-26T16:00:00Z,0,0.02661,41115541,20057286
2022-11-27T00:00:00Z,-0.00169529,0.02680,64719371,31597320
2022-11-27T08:00:00Z,0,0.02690,86031737,43566085
2022-11-27T16:00:00Z,-0.00140889,0.02617,71872903,33708351
2022-11-28T00:00:00Z,-0.00017556,0.02575,113169919,54579976
2022-11-28T08:00:00Z,0.00069686,0.02614,80811734,34430311
2022-11-28T16:00:00Z,-0.00162030,0.02658,69373648,34819819
2022-11-29T00:00:00Z,0.00048812,0.02752,107855542,49576501
2022-11-29T08:00:00Z,-0.00271049,0.02716,82808715,41240006
2022-11-29T16:00:00Z,0,0.02699,61139974,30019598
2022-11-30T00:00:00Z,0,0.02795,74191035,37400982
2022-11-30T08:00:00Z,0,0.02752,74277154,33557878
2022-11-30T16:00:00Z,-0.00280266,0.02785,94991079,46523613
2022-12-01T00:00:00Z,0,0.02728,53731136,25029561
2022-12-01T08:00:00Z,0,0.02745,82999845,44274064
2022-12-01T16:00:00Z,0.00020697,0.02743,44491809,22771570
2022-12-02T00:00:00Z,-0.00178099,0.02739,53859963,23574069
2022-12-02T08:00:00Z,-0.00023535,0.02776,67075665,32550709
2022-12-02T16:00:00Z,-0.00046139,0.02813,52935066,25497672
2022-12-03T00:00:00Z,0,0.02779,63356786,31594398
2022-12-03T08:00:00Z,0,0.02770,45541214,23090905
2022-12-03T16:00:00Z,0,0.02713,46877117,24106388
2022-12-04T00:00:00Z,-0.00221898,0.02740,35369360,18104963
2022-12-04T08:00:00Z,-0.00032889,0.02730,46008007,21740267
2022-12-04T16:00:00Z,-0.00274025,0.02754,56631044,25966570
2022-12-05T00:00:00Z,0,0.02803,54227737,25900788
2022-12-05T08:00:00Z,0.00044301,0.02742,51887672,22727481
2022-12-05T16:00:00Z,-0.00079936,0.02710,67874673,34840652
2022-12-06T00:00:00Z,0,0.02720,53851655,26940269
2022-12-06T08:00:00Z,-0.00099973,0.02761,90342266,42810311
2022-12-06T16:00:00Z,0,0.02744,49894465,25810571
2022-12-07T00:00:00Z,0,0.02605,88642760,39820808
2022-12-07T08:00:00Z,0,0.02628,54491640,28676043
2022-12-07T16:00:00Z,0,0.02593,41199796,20011455
2022-12-08T00:00:00Z,-0.00245736,0.02563,74380704,33120038
2022-12-08T08:00:00Z,-0.00067957,0.02550,158424170,76198808
2022-12-08T16:00:00Z,0,0.02578,98376794,49451999
2022-12-09T00:00:00Z,-0.00153986,0.02578,56073516,28446302
2022-12-09T08:00:00Z,-0.00031715,0.02588,131210992,64441467
2022-12-09T16:00:00Z,-0.00033494,0.02582,77168622,35900512
2022-12-10T00:00:00Z,-0.00185192,0.02575,34862592,13944514
2022-12-10T08:00:00Z,-0.00079178,0.02615,43090706,21937551
2022-12-10T16:00:00Z,0,0.02597,176924921,88999831
2022-12-11T00:00:00Z,0,0.02605,44069512,20068316
2022-12-11T08:00:00Z,0.00113846,0.02609,39593329,19765086
2022-12-11T16:00:00Z,-0.00151221,0.02553,64460365,30444794
2022-12-12T00:00:00Z,-0.00058281,0.02458,102172193,50890856
2022-12-12T08:00:00Z,-0.00007547,0.02422,66543233,32771333
2022-12-12T16:00:00Z,0.00112283,0.02475,78643297,40963730
2022-12-13T00:00:00Z,-0.00144778,0.02343,135025504,59199924
2022-12-13T08:00:00Z,-0.00205451,0.02423,188045680,97402213
2022-12-13T16:00:00Z,0.00062014,0.02466,85453171,41357819
2022-12-14T00:00:00Z,-0.00065758,0.02505,86577945,43518392
2022-12-14T08:00:00Z,0,0.02505,77675808,40369241
2022-12-14T16:00:00Z,0,0.02443,110351962,52115351
2022-12-15T00:00:00Z,0,0.02437,72853903,35173872
2022-12-15T08:00:00Z,0.00040568,0.02446,45543767,22291201
2022-12-15T16:00:00Z,0,0.02377,73769077,33267226
2022-12-16T00:00:00Z,-0.00020487,0.02389,48196875,25444437
2022-12-16T08:00:00Z,0,0.02263,193401983,87932195
2022-12-16T16:00:00Z,-0.00097159,0.02132,198657227,97536164
2022-12-17T00:00:00Z,0,0.02142,102077937,49466222
2022-12-17T08:00:00Z,0,0.02134,49006096,25413436
2022-12-17T16:00:00Z,0,0.02165,54897166,28493458
2022-12-18T00:00:00Z,-0.00007686,0.02156,40840576,20364046
2022-12-18T08:00:00Z,-0.00054418,0.02150,38753123,18624218
2022-12-18T16:00:00Z,-0.00019628,0.02157,110555965,53226455
2022-12-19T00:00:00Z,0,0.02162,56585001,27143427
2022-12-19T08:00:00Z,-0.00130436,0.02211,133560064,66760102
2022-12-19T16:00:00Z,0,0.02059,170732148,76280191
2022-12-20T00:00:00Z,-0.00031491,0.02177,109443360,56060693
2022-12-20T08:00:00Z,-0.00172491,0.02185,80654813,40520550
2022-12-20T16:00:00Z,-0.00142835,0.02200,63520224,32549460
2022-12-21T00:00:00Z,0,0.02193,66711228,33216598
2022-12-21T08:00:00Z,0,0.02170,83634250,39751481
2022-12-21T16:00:00Z,0,0.02153,64503439,26183663
2022-12-22T00:00:00Z,0,0.02155,50229858,25314331
2022-12-22T08:00:00Z,0,0.02165,101328279,55899438
2022-12-22T16:00:00Z,0,0.02204,101785270,53445406
2022-12-23T00:00:00Z,-0.00076634,0.02210,61409648,29745684
2022-12-23T08:00:00Z,0,0.02226,70780961,32784062
2022-12-23T16:00:00Z,0,0.02215,35973525,18083800
2022-12-24T00:00:00Z,-0.00003628,0.02213,30452557,14707652
2022-12-24T08:00:00Z,0,0.02230,34818840,17884946
2022-12-24T16:00:00Z,-0.00128528,0.02231,34623940,18066904
2022-12-25T00:00:00Z,0,0.02230,40142024,17652151
2022-12-25T08:00:00Z,0,0.02215,50293120,26853817
2022-12-25T16:00:00Z,0,0.02210,34698938,17433180
2022-12-26T00:00:00Z,0,0.02216,35338295,18636517
2022-12-26T08:00:00Z,0,0.02238,48805689,24069063
2022-12-26T16:00:00Z,-0.00078093,0.02251,38549365,18743321
2022-12-27T00:00:00Z,0,0.02264,50267984,23280608
2022-12-27T08:00:00Z,-0.00012522,0.02227,123601859,58981947
2022-12-27T16:00:00Z,0,0.02217,75287581,36719572
2022-12-28T00:00:00Z,-0.00035853,0.02147,92564576,44326884
2022-12-28T08:00:00Z,-0.00029382,0.02147,116339157,61273043
2022-12-28T16:00:00Z,0,0.02128,79013737,36537087
2022-12-29T00:00:00Z,0,0.02127,56916600,28111795
2022-12-29T08:00:00Z,0,0.02134,40466100,20530678
2022-12-29T16:00:00Z,0,0.02067,131177314,62669568
2022-12-30T00:00:00Z,-0.00072129,0.01995,119036398,55477272
2022-12-30T08:00:00Z,0,0.02005,149053306,80497434
2022-12-30T16:00:00Z,-0.00024673,0.01992,81323008,40800061
2022-12-31T00:00:00Z,0,0.01982,88225499,41382451
2022-12-31T08:00:00Z,0,0.01987,73908321,40564948
2022-12-31T16:00:00Z,-0.00039112,0.01987,44722976,21692662
2023-01-01T00:00:00Z,-0.00199647,0.02001,57925856,26736726
2023-01-01T08:00:00Z,0,0.02018,79935181,37836081
2023-01-01T16:00:00Z,0,0.02038,41611551,21308961
2023-01-02T00:00:00Z,-0.00040919,0.02067,71431635,36516494
2023-01-02T08:00:00Z,-0.00111187,0.02100,64944043,31907901
2023-01-02T16:00:00Z,0,0.02109,60980529,28059092
2023-01-03T00:00:00Z,0,0.02126,52450452,26832302
2023-01-03T08:00:00Z,0,0.02094,110220582,45918659
2023-01-03T16:00:00Z,-0.00204225,0.02136,96345814,49120413
2023-01-04T00:00:00Z,0,0.02240,120751209,58818189
2023-01-04T08:00:00Z,0,0.02228,111967137,49217316
2023-01-04T16:00:00Z,-0.00050939,0.02204,136487855,66350763
2023-01-05T00:00:00Z,0.00069606,0.02236,108519021,55336507
2023-01-05T08:00:00Z,-0.00006949,0.02212,111112817,52066006
2023-01-05T16:00:00Z,0.00113488,0.02227,82867449,41776650
2023-01-06T00:00:00Z,0,0.02172,83499431,40943826
2023-01-06T08:00:00Z,0,0.02245,107527066,56836131
2023-01-06T16:00:00Z,-0.00148358,0.02268,98885325,46355155
2023-01-07T00:00:00Z,0,0.02278,53309109,24237896
2023-01-07T08:00:00Z,0,0.02273,56654167,25655332
2023-01-07T16:00:00Z,-0.00089538,0.02271,46038753,25304786
2023-01-08T00:00:00Z,0,0.02281,73920470,38921726
2023-01-08T08:00:00Z,-0.00019335,0.02334,85461558,47979853
2023-01-08T16:00:00Z,0,0.02422,253539647,122084900
2023-01-09T00:00:00Z,0,0.02498,164633059,82829758
2023-01-09T08:00:00Z,-0.00094991,0.02523,171442894,82728259
2023-01-09T16:00:00Z,-0.00115250,0.02477,175848572,88780256
2023-01-10T00:00:00Z,0,0.02513,131496978,63613537
2023-01-10T08:00:00Z,0,0.02513,103651468,51646890
2023-01-10T16:00:00Z,0,0.02526,106198860,53918315
2023-01-11T00:00:00Z,0,0.02482,108062025,50300680
2023-01-11T08:00:00Z,-0.00102561,0.02414,92230301,43499653
2023-01-11T16:00:00Z,0,0.02575,106663747,53280072
2023-01-12T00:00:00Z,0,0.02565,142065186,69900537
2023-01-12T08:00:00Z,-0.00068048,0.02547,185847005,89410787
2023-01-12T16:00:00Z,0,0.02630,151999644,79089059
2023-01-13T00:00:00Z,0,0.02634,77567887,37309211
2023-01-13T08:00:00Z,0.00006855,0.02674,128092381,63454741
2023-01-13T16:00:00Z,0,0.02744,142987495,73584269
2023-01-14T00:00:00Z,0.00010349,0.02941,261967308,129722824
2023-01-14T08:00:00Z,0.00029152,0.02857,331789626,161487152
2023-01-14T16:00:00Z,0.00005747,0.02874,116293595,57101159
2023-01-15T00:00:00Z,0.00154182,0.02854,120379952,57827599
2023-01-15T08:00:00Z,0.00090740,0.02863,113275051,57663531
2023-01-15T16:00:00Z,0.00138972,0.02844,124456147,64147217
2023-01-16T00:00:00Z,0.00177795,0.02967,146979796,73893643
2023-01-16T08:00:00Z,0.00101263,0.02809,166178718,75877019
2023-01-16T16:00:00Z,0.00093549,0.02895,104424660,54875315
2023-01-17T00:00:00Z,0.00094777,0.02922,100729132,48748910
2023-01-17T08:00:00Z,0,0.02936,133092145,64653522
2023-01-17T16:00:00Z,-0.00022930,0.02917,86925939,40993701
2023-01-18T00:00:00Z,0,0.03002,86030345,41660796
2023-01-18T08:00:00Z,0.00103853,0.02845,142084986,64414882
2023-01-18T16:00:00Z,-0.00032227,0.02693,193802526,91539725
2023-01-19T00:00:00Z,0.00003478,0.02729,56510393,27773763
2023-01-19T08:00:00Z,-0.00167508,0.02685,79004040,39075945
2023-01-19T16:00:00Z,-0.00079709,0.02744,112874808,56926303
2023-01-20T00:00:00Z,0,0.02731,74792691,36727076
2023-01-20T08:00:00Z,0,0.02756,75559753,37760584
2023-01-20T16:00:00Z,0,0.03605,1075721952,539045820
2023-01-21T00:00:00Z,0.00146993,0.03586,1105455825,549216075
2023-01-21T08:00:00Z,0.00248285,0.03286,661086002,317122556
2023-01-21T16:00:00Z,-0.00048440,0.03389,445582023,214604669
2023-01-22T00:00:00Z,0,0.03405,206353993,100093726
2023-01-22T08:00:00Z,0.00120867,0.03520,239638380,122219481
2023-01-22T16:00:00Z,0.00076457,0.03411,260428463,120936296
2023-01-23T00:00:00Z,0.00015260,0.03539,154558681,80739275
2023-01-23T08:00:00Z,0,0.03596,198175551,95555040
2023-01-23T16:00:00Z,0,0.03566,134567126,64307209
2023-01-24T00:00:00Z,0.00035746,0.03557,99519871,47905873
2023-01-24T08:00:00Z,0.00062406,0.03714,179217279,90559401
2023-01-24T16:00:00Z,0.00043290,0.03611,240525147,113101240
2023-01-25T00:00:00Z,0.00121144,0.03516,214117826,102607809
2023-01-25T08:00:00Z,0,0.03371,160748854,77697946
2023-01-25T16:00:00Z,0,0.03473,159823251,80819874
2023-01-26T00:00:00Z,0.00043084,0.03590,121888986,57801476
2023-01-26T08:00:00Z,0,0.03767,389300104,188834592
2023-01-26T16:00:00Z,0,0.03694,158487700,74573471
2023-01-27T00:00:00Z,0,0.03707,100874192,49303722
2023-01-27T08:00:00Z,0,0.03647,110273116,52988984
2023-01-27T16:00:00Z,0.00179384,0.03685,79774322,38863834
2023-01-28T00:00:00Z,0.00056824,0.03665,49993410,24473139
2023-01-28T08:00:00Z,0.00055569,0.03621,61828988,29823162
2023-01-28T16:00:00Z,0,0.03581,43525370,21462566
2023-01-29T00:00:00Z,0,0.03557,95158121,46538959
2023-01-29T08:00:00Z,-0.00081725,0.03650,122145338,56668212
2023-01-29T16:00:00Z,0.00006600,0.03660,73988769,36087927
2023-01-30T00:00:00Z,0,0.03653,98207145,45637193
2023-01-30T08:00:00Z,-0.00005612,0.03491,557683245,253942051
2023-01-30T16:00:00Z,0.00004206,0.03430,161830413,76719738
2023-01-31T00:00:00Z,0.00188459,0.03398,147877932,68638255
2023-01-31T08:00:00Z,0,0.03451,121062295,69280606
2023-01-31T16:00:00Z,0.00027136,0.03458,94992615,44665224
2023-02-01T00:00:00Z,0,0.03448,77120523,36593757
2023-02-01T08:00:00Z,0,0.03350,98858166,50405146
2023-02-01T16:00:00Z,0.00034406,0.03711,180799400,88969867
2023-02-02T00:00:00Z,0.00232348,0.03705,130907422,64539485
2023-02-02T08:00:00Z,0.00023612,0.03837,122437259,63903670
2023-02-02T16:00:00Z,0.00266936,0.03791,236335338,112981378
2023-02-03T00:00:00Z,0.00050176,0.03752,73874277,32983102
2023-02-03T08:00:00Z,0,0.03863,94063436,47466762
2023-02-03T16:00:00Z,0.00212376,0.03911,77208202,36575080
2023-02-04T00:00:00Z,0.00075826,0.03967,99521141,50808218
2023-02-04T08:00:00Z,0.00084554,0.04014,65860026,31263805
2023-02-04T16:00:00Z,0,0.03956,44838090,21086184
2023-02-05T00:00:00Z,0,0.03910,57627125,28369097
2023-02-05T08:00:00Z,-0.00026478,0.03950,176219324,88108065
2023-02-05T16:00:00Z,0,0.03800,229475178,111333882
2023-02-06T00:00:00Z,0,0.03823,101572843,51195708
2023-02-06T08:00:00Z,0.00104565,0.03771,145852128,73167922
2023-02-06T16:00:00Z,0.00056538,0.03721,106112675,47584661
2023-02-07T00:00:00Z,0,0.03916,69350326,33198805
2023-02-07T08:00:00Z,0.00042486,0.04140,217910096,109396777
2023-02-07T16:00:00Z,0.00029196,0.04319,351957167,180140387
2023-02-08T00:00:00Z,0.00131546,0.04339,142105135,67503933
2023-02-08T08:00:00Z,0.00102508,0.04127,125294305,52654859
2023-02-08T16:00:00Z,0.00034211,0.04078,128691185,62081659
2023-02-09T00:00:00Z,0.00071930,0.03989,114777468,56653242
2023-02-09T08:00:00Z,0,0.04410,515340253,258188396
2023-02-09T16:00:00Z,0,0.03902,441133600,215682943
2023-02-10T00:00:00Z,-0.00019034,0.04056,349813731,175587587
2023-02-10T08:00:00Z,0,0.04832,2769316957,1399943012
2023-02-10T16:00:00Z,-0.00284699,0.05688,5979011822,3077818062
2023-02-11T00:00:00Z,0.00122079,0.05643,4340684148,2217629112
2023-02-11T08:00:00Z,0.00034350,0.05524,2293853410,1164176375
2023-02-11T16:00:00Z,-0.00086891,0.05652,947318650,492456583
2023-02-12T00:00:00Z,0,0.05791,1095528070,545569877
2023-02-12T08:00:00Z,-0.00037755,0.05416,837831634,406327124
2023-02-12T16:00:00Z,0.00018109,0.05636,500437589,246344764
2023-02-13T00:00:00Z,0.00147906,0.05592,666812101,335238252
2023-02-13T08:00:00Z,0,0.05167,1015161282,504536025
2023-02-13T16:00:00Z,-0.00043968,0.04999,612781946,305455389
2023-02-14T00:00:00Z,0.00141686,0.04887,392117512,191872796
2023-02-14T08:00:00Z,0.00094567,0.05272,730015212,360927375
2023-02-14T16:00:00Z,0.00060371,0.05173,330083124,160842910
2023-02-15T00:00:00Z,-0.00045113,0.05283,262863415,126584493
2023-02-15T08:00:00Z,-0.00076656,0.05246,397942196,196554600
2023-02-15T16:00:00Z,0,0.05802,1124756949,560348210
2023-02-16T00:00:00Z,0,0.05774,395901115,190277329
2023-02-16T08:00:00Z,-0.00037467,0.06008,934726622,457565845
2023-02-16T16:00:00Z,0,0.05264,474378965,209320015
2023-02-17T00:00:00Z,-0.00011163,0.05319,227882807,111632344
2023-02-17T08:00:00Z,-0.00039477,0.05353,265025418,128770274
2023-02-17T16:00:00Z,0,0.05361,356539490,161365366
2023-02-18T00:00:00Z,0.00063109,0.05824,324819714,163545592
2023-02-18T08:00:00Z,0.00145583,0.06178,1696225611,865126254
2023-02-18T16:00:00Z,-0.00104018,0.05948,639125395,315637131
2023-02-19T00:00:00Z,0,0.06027,376990174,189583741
2023-02-19T08:00:00Z,0.00081134,0.06110,498334812,245806065
2023-02-19T16:00:00Z,0.00003280,0.05907,399765276,198942310
2023-02-20T00:00:00Z,0.00134646,0.06378,456197493,228934432
2023-02-20T08:00:00Z,0.00055619,0.06187,509725120,243180746
2023-02-20T16:00:00Z,0,0.06095,172731530,81560974
2023-02-21T00:00:00Z,0,0.05913,189690669,91387107
2023-02-21T08:00:00Z,0.00058869,0.05606,308789952,143569202
2023-02-21T16:00:00Z,0.00117091,0.05640,193168000,96312833
2023-02-22T00:00:00Z,0.00049832,0.05389,204120065,92806156
2023-02-22T08:00:00Z,0.00060845,0.05224,194289300,94581823
2023-02-22T16:00:00Z,0,0.05446,186929664,95215319
2023-02-23T00:00:00Z,-0.00018982,0.05504,118693711,60240222
2023-02-23T08:00:00Z,0,0.05348,160945012,71225522
2023-02-23T16:00:00Z,0,0.05234,219682812,106146785
2023-02-24T00:00:00Z,0,0.05180,129412028,65486071
2023-02-24T08:00:00Z,0.00005284,0.04967,197314747,92751415
2023-02-24T16:00:00Z,0,0.04818,224730009,106031648
2023-02-25T00:00:00Z,0.00060476,0.04820,86857619,43250605
2023-02-25T08:00:00Z,0,0.04786,107710540,53690156
2023-02-25T16:00:00Z,0,0.04788,137347655,66722653
2023-02-26T00:00:00Z,0,0.04898,91864289,45350236
2023-02-26T08:00:00Z,0.00028087,0.04853,83227535,38386017
2023-02-26T16:00:00Z,0,0.04962,102886337,48690766
2023-02-27T00:00:00Z,-0.00022962,0.04850,64722561,31005221
2023-02-27T08:00:00Z,0,0.05009,153082621,73877540
2023-02-27T16:00:00Z,-0.00008858,0.04943,136956582,66996905
2023-02-28T00:00:00Z,-0.00008611,0.04779,93111775,48012217
2023-02-28T08:00:00Z,0.00066997,0.04946,124197228,62422557
2023-02-28T16:00:00Z,0,0.04727,103435703,48951341
2023-03-01T00:00:00Z,0,0.04944,124425562,60813181
2023-03-01T08:00:00Z,0.00003713,0.04984,84352786,43523793
2023-03-01T16:00:00Z,-0.00030897,0.04887,81233160,40422216
2023-03-02T00:00:00Z,0.00042901,0.04639,117992542,52842026
2023-03-02T08:00:00Z,0,0.04641,139848014,68424709
2023-03-02T16:00:00Z,0.00005689,0.04712,84446860,43173362
2023-03-03T00:00:00Z,0,0.04405,284987226,134134008
2023-03-03T08:00:00Z,-0.00001225,0.04337,119868948,60891077
2023-03-03T16:00:00Z,0,0.04343,151059621,70855288
2023-03-04T00:00:00Z,-0.00048427,0.04290,70710290,35327525
2023-03-04T08:00:00Z,-0.00052181,0.04162,74094292,34089943
2023-03-04T16:00:00Z,0.00022941,0.04067,114035677,54447842
2023-03-05T00:00:00Z,0.00048964,0.04134,103742568,50141071
2023-03-05T08:00:00Z,-0.00077740,0.04171,74331325,35334063
2023-03-05T16:00:00Z,-0.00034784,0.04097,85242809,41007278
2023-03-06T00:00:00Z,-0.00067340,0.04100,92831386,45512443
2023-03-06T08:00:00Z,0,0.04247,100854037,51420761
2023-03-06T16:00:00Z,-0.00053729,0.04248,95041283,47831443
2023-03-07T00:00:00Z,0.00059025,0.04249,160442601,80037386
2023-03-07T08:00:00Z,0,0.04094,185474611,87345755
2023-03-07T16:00:00Z,-0.00001663,0.04063,118070132,58272353
2023-03-08T00:00:00Z,-0.00000545,0.03901,102373191,49863401
2023-03-08T08:00:00Z,0,0.04022,146578756,72731049
2023-03-08T16:00:00Z,0.00033654,0.03884,130571397,63804643
2023-03-09T00:00:00Z,0,0.03815,88249484,41691428
2023-03-09T08:00:00Z,0,0.04000,122917703,61475815
2023-03-09T16:00:00Z,-0.00008871,0.03519,241427009,117641037
2023-03-10T00:00:00Z,-0.00020045,0.03610,199635363,97272727
2023-03-10T08:00:00Z,-0.00066597,0.03613,275550015,133022374
2023-03-10T16:00:00Z,0.00151722,0.03708,189198713,98641319
2023-03-11T00:00:00Z,-0.00094435,0.03551,234747879,115141865
2023-03-11T08:00:00Z,-0.00076565,0.03363,167611272,77389643
2023-03-11T16:00:00Z,0,0.03546,94936940,48556058
2023-03-12T00:00:00Z,-0.00102511,0.03533,65288378,32953477
2023-03-12T08:00:00Z,-0.00020008,0.03470,78738831,39421211
2023-03-12T16:00:00Z,0,0.03982,163714503,85813178
2023-03-13T00:00:00Z,-0.00050265,0.04030,145245752,72576567
2023-03-13T08:00:00Z,-0.00096589,0.04158,185318562,89888639
2023-03-13T16:00:00Z,0,0.04219,88991255,44631951
2023-03-14T00:00:00Z,-0.00082273,0.04209,87041319,42126270
2023-03-14T08:00:00Z,0.00053849,0.04540,212640179,104848177
2023-03-14T16:00:00Z,0,0.04474,294839833,135084400
2023-03-15T00:00:00Z,0,0.04581,113437227,56323979
2023-03-15T08:00:00Z,0,0.04188,240555861,112721737
2023-03-15T16:00:00Z,-0.00091265,0.04064,204558534,100395879
2023-03-16T00:00:00Z,-0.00029514,0.04197,172861458,87012463
2023-03-16T08:00:00Z,0,0.04144,169924114,84383136
2023-03-16T16:00:00Z,-0.00042088,0.04122,109179352,52871546
2023-03-17T00:00:00Z,-0.00025281,0.04232,90758242,44840323
2023-03-17T08:00:00Z,0,0.04101,134144191,63232249
2023-03-17T16:00:00Z,0.00003376,0.04405,136801647,68855183
2023-03-18T00:00:00Z,0,0.04629,177597825,87837410
2023-03-18T08:00:00Z,-0.00064569,0.04394,170814356,78379062
2023-03-18T16:00:00Z,0,0.04262,177078941,85711241
2023-03-19T00:00:00Z,0.00098016,0.04403,103306176,50971783
2023-03-19T08:00:00Z,0.00027912,0.04370,100155231,47732295
2023-03-19T16:00:00Z,-0.00001520,0.04442,132095061,67479046
2023-03-20T00:00:00Z,0,0.04361,195979372,92388082
2023-03-20T08:00:00Z,-0.00030799,0.04178,227306514,112471030
2023-03-20T16:00:00Z,-0.00031822,0.03930,274316338,136015181
2023-03-21T00:00:00Z,-0.00032903,0.03857,147296175,69955950
2023-03-21T08:00:00Z,-0.00124999,0.04072,182958265,90426384
2023-03-21T16:00:00Z,0,0.04115,136817420,69151557
2023-03-22T00:00:00Z,-0.00091462,0.04028,89444774,43833351
2023-03-22T08:00:00Z,0,0.04013,132783479,63355988
2023-03-22T16:00:00Z,-0.00069591,0.03791,286257069,139226702
2023-03-23T00:00:00Z,0,0.03898,93058093,45640223
2023-03-23T08:00:00Z,-0.00074509,0.03999,136726396,66693563
2023-03-23T16:00:00Z,0,0.04044,134056449,69394606
2023-03-24T00:00:00Z,-0.00047703,0.04273,531130487,272408797
2023-03-24T08:00:00Z,-0.00047627,0.04109,463522415,220344750
2023-03-24T16:00:00Z,0,0.04113,460116846,225964949
2023-03-25T00:00:00Z,-0.00037470,0.04149,328687527,157586894
2023-03-25T08:00:00Z,-0.00087995,0.04130,181605776,87716884
2023-03-25T16:00:00Z,-0.00039691,0.03938,127086949,61951071
2023-03-26T00:00:00Z,0,0.03964,110824369,58471565
2023-03-26T08:00:00Z,0,0.03988,142098253,69290862
2023-03-26T16:00:00Z,-0.00059322,0.04024,92332448,45389286
2023-03-27T00:00:00Z,0,0.03875,132991246,60929703
2023-03-27T08:00:00Z,0.00061888,0.03738,268711463,128261525
2023-03-27T16:00:00Z,0,0.03769,149311939,77561500
2023-03-28T00:00:00Z,-0.00045036,0.03716,118400206,53650507
2023-03-28T08:00:00Z,0,0.03781,131039367,65698869
2023-03-28T16:00:00Z,0,0.03836,159073400,77923220
2023-03-29T00:00:00Z,-0.00082535,0.03987,120922504,57544949
2023-03-29T08:00:00Z,-0.00007743,0.04034,160664755,77631181
2023-03-29T16:00:00Z,0,0.04141,172163503,86446313
2023-03-30T00:00:00Z,-0.00026276,0.04005,146435093,69937282
2023-03-30T08:00:00Z,0,0.03943,86414258,40450769
2023-03-30T16:00:00Z,-0.00077641,0.03963,80621465,40497266
2023-03-31T00:00:00Z,0,0.03932,65699862,31015163
2023-03-31T08:00:00Z,0,0.04081,110855749,56234574
2023-03-31T16:00:00Z,-0.00000693,0.04104,80186076,36035521
2023-04-01T00:00:00Z,-0.00036996,0.04066,66432051,31635278
2023-04-01T08:00:00Z,0,0.04116,72914913,40982397
2023-04-01T16:00:00Z,-0.00105803,0.04161,48705081,23789145
2023-04-02T00:00:00Z,0,0.04096,60415957,26398834
2023-04-02T08:00:00Z,-0.00038801,0.03895,88110071,38319689
2023-04-02T16:00:00Z,0,0.03944,63870004,32767436
2023-04-03T00:00:00Z,0.00004052,0.03890,67456069,31315232
2023-04-03T08:00:00Z,-0.00071551,0.03903,77222138,38449135
2023-04-03T16:00:00Z,0,0.03986,144143775,70977736
2023-04-04T00:00:00Z,0,0.03931,56251874,26683832
2023-04-04T08:00:00Z,0,0.04148,220397190,110691203
2023-04-04T16:00:00Z,0,0.04257,165524438,85095754
2023-04-05T00:00:00Z,-0.00073045,0.04267,150011724,68712364
2023-04-05T08:00:00Z,0,0.04170,94124875,44419336
2023-04-05T16:00:00Z,-0.00007855,0.04166,58939089,30277768
2023-04-06T00:00:00Z,0,0.04086,71004190,33605119
2023-04-06T08:00:00Z,-0.00009808,0.04099,73546769,36430619
2023-04-06T16:00:00Z,0,0.04113,66541205,33488696
2023-04-07T00:00:00Z,0,0.03982,66882517,30307685
2023-04-07T08:00:00Z,-0.00010392,0.04123,75276188,38515936
2023-04-07T16:00:00Z,-0.00002936,0.04100,57595219,27133403
2023-04-08T00:00:00Z,-0.00094783,0.04064,68238584,31617325
2023-04-08T08:00:00Z,0,0.04086,56599687,29968613
2023-04-08T16:00:00Z,0,0.04071,76527126,37641625
2023-04-09T00:00:00Z,-0.00041247,0.04070,106943831,53085508
2023-04-09T08:00:00Z,-0.00010221,0.04063,83404589,41458892
2023-04-09T16:00:00Z,-0.00001385,0.04190,96562701,48675008
2023-04-10T00:00:00Z,0,0.04136,69203074,31329317
2023-04-10T08:00:00Z,-0.00033221,0.04155,72062159,36918004
2023-04-10T16:00:00Z,0,0.04325,107623783,57444571
2023-04-11T00:00:00Z,0,0.04270,57241744,26756538
2023-04-11T08:00:00Z,0.00013119,0.04258,75462216,35342170
2023-04-11T16:00:00Z,-0.00004223,0.04203,93342322,44002839
2023-04-12T00:00:00Z,0,0.04031,183538629,83495582
2023-04-12T08:00:00Z,0,0.04114,140962031,71109048
2023-04-12T16:00:00Z,0,0.04167,107239846,54142551
2023-04-13T00:00:00Z,0,0.04172,73348580,37010876
2023-04-13T08:00:00Z,0,0.04381,176662233,85958162
2023-04-13T16:00:00Z,0,0.04404,91763501,42741672
2023-04-14T00:00:00Z,0.00018403,0.04424,120013531,56046184
2023-04-14T08:00:00Z,0.00039630,0.04358,150636808,70431647
2023-04-14T16:00:00Z,0.00148804,0.04509,105305728,54354289
2023-04-15T00:00:00Z,0.00007148,0.04472,64415496,30958847
2023-04-15T08:00:00Z,0.00079636,0.04447,49735119,24804739
2023-04-15T16:00:00Z,0.00046496,0.04442,54587699,26521423
2023-04-16T00:00:00Z,0.00079172,0.04515,69369961,34937815
2023-04-16T08:00:00Z,0.00035799,0.04610,134398080,70295653
2023-04-16T16:00:00Z,0.00017533,0.05062,1511197820,742476933
2023-04-17T00:00:00Z,0.00048848,0.04713,446513640,205306799
2023-04-17T08:00:00Z,0.00013437,0.04576,335949383,163354651
2023-04-17T16:00:00Z,0,0.04814,390217912,197186604
2023-04-18T00:00:00Z,0.00022608,0.04870,127858619,61018428
2023-04-18T08:00:00Z,0.00118735,0.04749,126541511,55798380
2023-04-18T16:00:00Z,0.00063342,0.04836,97474741,50534335
2023-04-19T00:00:00Z,0.00080125,0.04707,182336591,90354933
2023-04-19T08:00:00Z,0,0.04345,216959368,97539741
2023-04-19T16:00:00Z,0,0.04336,125687183,60299504
2023-04-20T00:00:00Z,-0.00054349,0.04329,103322224,48847615
2023-04-20T08:00:00Z,-0.00022573,0.04176,115033390,52439509
2023-04-20T16:00:00Z,0,0.04075,135607594,62674250
2023-04-21T00:00:00Z,0,0.04127,77384838,39430464
2023-04-21T08:00:00Z,0,0.04057,101154352,52448809
2023-04-21T16:00:00Z,-0.00001045,0.03878,117057380,53751162
2023-04-22T00:00:00Z,-0.00050320,0.03857,54805050,28023893
2023-04-22T08:00:00Z,0,0.03913,67868890,34506520
2023-04-22T16:00:00Z,-0.00037813,0.03954,50394830,24807651
2023-04-23T00:00:00Z,-0.00052493,0.03945,63517869,30341820
2023-04-23T08:00:00Z,0.00024814,0.03877,73499768,36028384
2023-04-23T16:00:00Z,-0.00066008,0.03883,77846845,37913132
2023-04-24T00:00:00Z,0.00165039,0.03882,94007160,45338373
2023-04-24T08:00:00Z,-0.00033969,0.03902,115363779,55879324
2023-04-24T16:00:00Z,0,0.03903,87893800,42478321
2023-04-25T00:00:00Z,-0.00054112,0.03776,75000479,35212760
2023-04-25T08:00:00Z,-0.00018226,0.03764,77873572,39549446
2023-04-25T16:00:00Z,0,0.04010,90957661,45265841
2023-04-26T00:00:00Z,0,0.04006,386129573,192161501
2023-04-26T08:00:00Z,-0.00104133,0.04169,243665305,126594546
2023-04-26T16:00:00Z,0,0.03933,183105995,90169132
2023-04-27T00:00:00Z,0,0.03992,699627956,355930406
2023-04-27T08:00:00Z,-0.00043665,0.03931,312432871,163797536
2023-04-27T16:00:00Z,0,0.04011,104709732,55143525
2023-04-28T00:00:00Z,0,0.03966,89647633,44177348
2023-04-28T08:00:00Z,-0.00067921,0.03860,80644773,38089904
2023-04-28T16:00:00Z,-0.00036436,0.03895,47718973,25608515
2023-04-29T00:00:00Z,-0.00047986,0.03911,34433318,16844932
2023-04-29T08:00:00Z,-0.00092224,0.03937,49910577,26086515
2023-04-29T16:00:00Z,-0.00023973,0.03946,44098255,20148441
2023-04-30T00:00:00Z,0,0.03843,51610557,22047432
2023-04-30T08:00:00Z,-0.00111039,0.03886,78553627,36513403
2023-04-30T16:00:00Z,-0.00026060,0.03789,71619125,36394539
2023-05-01T00:00:00Z,-0.00056647,0.03759,85937150,39263096
2023-05-01T08:00:00Z,-0.00100585,0.03710,54479654,26273369
2023-05-01T16:00:00Z,-0.00038470,0.03678,75018799,36885558
2023-05-02T00:00:00Z,0,0.03710,68401672,34752912
2023-05-02T08:00:00Z,0,0.03718,61048971,28517689
2023-05-02T16:00:00Z,0,0.03750,46670058,23585893
2023-05-03T00:00:00Z,-0.00044384,0.03664,37218186,16373688
2023-05-03T08:00:00Z,-0.00003247,0.03634,58716980,30886768
2023-05-03T16:00:00Z,-0.00010130,0.03815,74584846,35743170
2023-05-04T00:00:00Z,0,0.03780,34663908,17807347
2023-05-04T08:00:00Z,-0.00106548,0.03724,50516977,24822290
2023-05-04T16:00:00Z,0.00000899,0.03742,40972984,18077790
2023-05-05T00:00:00Z,-0.00090114,0.03702,56459599,26238167
2023-05-05T08:00:00Z,0,0.03758,92005361,44507019
2023-05-05T16:00:00Z,-0.00006516,0.03820,86672927,45129315
2023-05-06T00:00:00Z,0,0.03695,54804222,22844977
2023-05-06T08:00:00Z,-0.00005616,0.03515,90230510,41509455
2023-05-06T16:00:00Z,-0.00033671,0.03553,46161202,24389014
2023-05-07T00:00:00Z,-0.00097088,0.03537,44343508,20903013
2023-05-07T08:00:00Z,-0.00017121,0.03509,48575005,25238093
2023-05-07T16:00:00Z,0,0.03420,105390643,44755479
2023-05-08T00:00:00Z,0,0.03246,140448228,65007386
2023-05-08T08:00:00Z,-0.00057208,0.03283,62769599,32917823
2023-05-08T16:00:00Z,0,0.03186,106459894,51573775
2023-05-09T00:00:00Z,-0.00075962,0.03197,41015953,19181093
2023-05-09T08:00:00Z,0,0.03173,43181436,22771887
2023-05-09T16:00:00Z,0,0.03180,33424312,17446506
2023-05-10T00:00:00Z,0,0.03153,30525125,14633822
2023-05-10T08:00:00Z,0,0.03239,72315230,37115995
2023-05-10T16:00:00Z,-0.00017177,0.03237,114448225,55403721
2023-05-11T00:00:00Z,-0.00036843,0.03133,54438442,25491307
2023-05-11T08:00:00Z,0,0.03066,93949237,47727974
2023-05-11T16:00:00Z,-0.00069405,0.03052,78823716,36609326
2023-05-12T00:00:00Z,0,0.03022,54354643,27299243
2023-05-12T08:00:00Z,-0.00046069,0.03023,58956721,29229615
2023-05-12T16:00:00Z,0,0.03145,69929271,34085068
2023-05-13T00:00:00Z,0,0.03129,41491163,20201854
2023-05-13T08:00:00Z,-0.00061190,0.03089,37262347,16915642
2023-05-13T16:00:00Z,-0.00054550,0.03109,41594866,21037669
2023-05-14T00:00:00Z,0,0.03146,47552823,23481236
2023-05-14T08:00:00Z,0,0.03191,42211548,21992766
2023-05-14T16:00:00Z,-0.00121632,0.03180,47336334,23843596
2023-05-15T00:00:00Z,-0.00008816,0.03223,71345606,34588089
2023-05-15T08:00:00Z,-0.00091525,0.03261,81301432,43206460
2023-05-15T16:00:00Z,-0.00150562,0.03209,55448494,24576906
2023-05-16T00:00:00Z,0,0.03253,69031856,32532643
2023-05-16T08:00:00Z,0,0.03194,47101397,23673769
2023-05-16T16:00:00Z,-0.00041502,0.03230,50069779,25979210
2023-05-17T00:00:00Z,0,0.03204,56708108,28082334
2023-05-17T08:00:00Z,-0.00058142,0.03212,75364500,40402168
2023-05-17T16:00:00Z,0,0.03322,67628981,32932665
2023-05-18T00:00:00Z,0,0.03277,37869995,19157743
2023-05-18T08:00:00Z,-0.00056796,0.03222,58072690,28527651
2023-05-18T16:00:00Z,-0.00172584,0.03222,62506428,32304392
2023-05-19T00:00:00Z,-0.00129956,0.03223,42310119,20740435
2023-05-19T08:00:00Z,-0.00063449,0.03237,43709550,18886740
2023-05-19T16:00:00Z,0,0.03292,55697586,29027335
2023-05-20T00:00:00Z,-0.00083818,0.03233,34375447,15203002
2023-05-20T08:00:00Z,0,0.03301,60863297,32938024
2023-05-20T16:00:00Z,-0.00064577,0.03300,43879878,19627046
2023-05-21T00:00:00Z,-0.00105386,0.03272,29689435,12962986
2023-05-21T08:00:00Z,-0.00105967,0.03229,55074621,26877289
2023-05-21T16:00:00Z,-0.00107081,0.03220,57813262,27069187
2023-05-22T00:00:00Z,-0.00115958,0.03197,72411042,35092362
2023-05-22T08:00:00Z,-0.00016669,0.03208,48257313,21250835
2023-05-22T16:00:00Z,0.00003057,0.03209,23948180,12298983
2023-05-23T00:00:00Z,0,0.03293,84021215,42997974
2023-05-23T08:00:00Z,-0.00035937,0.03315,52671538,22772814
2023-05-23T16:00:00Z,-0.00088694,0.03315,37190991,18147555
2023-05-24T00:00:00Z,-0.00091195,0.03219,100141280,47452704
2023-05-24T08:00:00Z,-0.00028536,0.03170,95555002,45632730
2023-05-24T16:00:00Z,-0.00105400,0.03211,57897453,28259135
2023-05-25T00:00:00Z,-0.00038637,0.03168,52047393,23825087
2023-05-25T08:00:00Z,-0.00047208,0.03191,52512891,28957973
2023-05-25T16:00:00Z,0,0.03193,50954357,25716869
2023-05-26T00:00:00Z,0,0.03159,58426499,28868061
2023-05-26T08:00:00Z,-0.00028217,0.03172,50132880,25045754
2023-05-26T16:00:00Z,-0.00056882,0.03153,32209926,16203531
2023-05-27T00:00:00Z,-0.00019396,0.03145,41335530,20021302
2023-05-27T08:00:00Z,0.00111532,0.03157,42669019,22406601
2023-05-27T16:00:00Z,-0.00041661,0.03170,35915548,17225642
2023-05-28T00:00:00Z,0.00004297,0.03217,53974763,26615532
2023-05-28T08:00:00Z,0,0.03220,32174262,15110976
2023-05-28T16:00:00Z,-0.00020640,0.03293,76267457,38566924
2023-05-29T00:00:00Z,0,0.03302,57174001,27857104
2023-05-29T08:00:00Z,0,0.03282,57783513,27389220
2023-05-29T16:00:00Z,-0.00024806,0.03281,63435112,27708438
2023-05-30T00:00:00Z,-0.00022949,0.03279,41214434,18942094
2023-05-30T08:00:00Z,0,0.03355,99940951,50086828
2023-05-30T16:00:00Z,0,0.03364,48020150,23413244
2023-05-31T00:00:00Z,0,0.03356,109900673,51584125
2023-05-31T08:00:00Z,-0.00028767,0.03226,82249848,37860739
2023-05-31T16:00:00Z,-0.00021303,0.03275,35571855,19272019
2023-06-01T00:00:00Z,-0.00041045,0.03236,41318223,19576120
2023-06-01T08:00:00Z,0,0.03286,59631969,28459410
2023-06-01T16:00:00Z,0.00093345,0.03296,53674131,25939041
2023-06-02T00:00:00Z,0,0.03391,77092729,40739453
2023-06-02T08:00:00Z,0,0.03473,117193072,60983028
2023-06-02T16:00:00Z,-0.00037307,0.03478,139058730,70052498
2023-06-03T00:00:00Z,-0.00059174,0.03435,91300643,43063328
2023-06-03T08:00:00Z,0,0.03431,58120037,27200607
2023-06-03T16:00:00Z,0.00076120,0.03402,50342943,25282613
2023-06-04T00:00:00Z,-0.00004485,0.03441,45512049,23505073
2023-06-04T08:00:00Z,0,0.03433,68274279,35041202
2023-06-04T16:00:00Z,0,0.03391,49008985,22784150
2023-06-05T00:00:00Z,-0.00006999,0.03296,101748010,44474837
2023-06-05T08:00:00Z,0.00228439,0.02963,160671040,68804320
2023-06-05T16:00:00Z,-0.00019342,0.02965,298278802,147287756
2023-06-06T00:00:00Z,-0.00110353,0.03006,93793404,48890026
2023-06-06T08:00:00Z,0.00086308,0.03051,138647328,71534228
2023-06-06T16:00:00Z,-0.00120765,0.03166,158520390,84519642
2023-06-07T00:00:00Z,-0.00002846,0.03068,64740975,28425498
2023-06-07T08:00:00Z,-0.00033934,0.03023,120053028,63222913
2023-06-07T16:00:00Z,-0.00046353,0.02983,76349062,35284250
2023-06-08T00:00:00Z,-0.00158169,0.02945,62072715,28769334
2023-06-08T08:00:00Z,0,0.02981,86716406,43886730
2023-06-08T16:00:00Z,0.00006054,0.02938,63310531,30385919
2023-06-09T00:00:00Z,0,0.02901,55727102,27542255
2023-06-09T08:00:00Z,0.00085083,0.02953,1340593694,648800553
2023-06-09T16:00:00Z,0,0.02866,258387363,117010792
2023-06-10T00:00:00Z,0,0.02363,578081079,285194874
2023-06-10T08:00:00Z,0,0.02390,222995042,119616745
2023-06-10T16:00:00Z,-0.00100303,0.02387,186886179,92413638
2023-06-11T00:00:00Z,-0.00006295,0.02410,106173565,57300032
2023-06-11T08:00:00Z,-0.00054989,0.02419,98957743,52537382
2023-06-11T16:00:00Z,0.00015208,0.02487,138154751,69787707
2023-06-12T00:00:00Z,-0.00260957,0.02427,131017827,64453633
2023-06-12T08:00:00Z,-0.00215170,0.02518,132283623,64073079
2023-06-12T16:00:00Z,0,0.02547,119273277,56925767
2023-06-13T00:00:00Z,-0.00305419,0.02565,94225492,47945166
2023-06-13T08:00:00Z,-0.00058387,0.02515,158549492,74278842
2023-06-13T16:00:00Z,0,0.02501,101016760,52741661
2023-06-14T00:00:00Z,0,0.02460,68104480,33422994
2023-06-14T08:00:00Z,-0.00014840,0.02507,68740403,34958291
2023-06-14T16:00:00Z,-0.00060048,0.02384,172347932,84645750
2023-06-15T00:00:00Z,0.00021289,0.02414,71474515,36576739
2023-06-15T08:00:00Z,-0.00016026,0.02366,74870103,35916341
2023-06-15T16:00:00Z,-0.00022624,0.02420,85162844,41490415
2023-06-16T00:00:00Z,-0.00079710,0.02398,65974667,29323525
2023-06-16T08:00:00Z,0,0.02406,91378707,44779582
2023-06-16T16:00:00Z,-0.00131233,0.02459,110422477,53899840
2023-06-17T00:00:00Z,0,0.02538,76923479,40017236
2023-06-17T08:00:00Z,-0.00009969,0.02515,51515159,23945116
2023-06-17T16:00:00Z,-0.00062831,0.02544,43335042,21810508
2023-06-18T00:00:00Z,-0.00135094,0.02515,53127255,24356026
2023-06-18T08:00:00Z,-0.00025147,0.02515,43142554,19417932
2023-06-18T16:00:00Z,0.00031930,0.02457,69654129,33018976
2023-06-19T00:00:00Z,-0.00022312,0.02427,48957772,22100689
2023-06-19T08:00:00Z,-0.00036887,0.02416,63020854,33201130
2023-06-19T16:00:00Z,0.00022576,0.02437,77338017,38616364
2023-06-20T00:00:00Z,0,0.02409,53366727,26175895
2023-06-20T08:00:00Z,-0.00241332,0.02382,56036670,25658026
2023-06-20T16:00:00Z,0,0.02534,166690823,83007282
2023-06-21T00:00:00Z,-0.00083475,0.02611,116694904,58171219
2023-06-21T08:00:00Z,-0.00053172,0.02627,115772203,56839062
2023-06-21T16:00:00Z,0,0.02691,177430140,87608350
2023-06-22T00:00:00Z,0,0.02724,165372472,79828447
2023-06-22T08:00:00Z,-0.00043246,0.02642,211298159,105979966
2023-06-22T16:00:00Z,0,0.02657,132150649,70752565
2023-06-23T00:00:00Z,0,0.02703,100134020,47083078
2023-06-23T08:00:00Z,0,0.02801,136228171,70372881
2023-06-23T16:00:00Z,0.00049221,0.02776,238495909,116052336
2023-06-24T00:00:00Z,0,0.02773,152603692,77317563
2023-06-24T08:00:00Z,-0.00055362,0.02719,184110489,84508238
2023-06-24T16:00:00Z,0,0.02754,115286773,61190330
2023-06-25T00:00:00Z,0.00026693,0.02878,156430169,79097424
2023-06-25T08:00:00Z,-0.00012850,0.02844,102376469,49075903
2023-06-25T16:00:00Z,-0.00037198,0.02822,83546065,39752739
2023-06-26T00:00:00Z,-0.00014309,0.02803,109657383,51752070
2023-06-26T08:00:00Z,-0.00055603,0.02844,65865798,34227243
2023-06-26T16:00:00Z,0.00035340,0.02779,90928248,42685607
2023-06-27T00:00:00Z,0,0.02806,52164123,24270174
2023-06-27T08:00:00Z,-0.00014670,0.02801,82219511,41415818
2023-06-27T16:00:00Z,0,0.02854,63508392,28784825
2023-06-28T00:00:00Z,0,0.02719,101042917,47730921
2023-06-28T08:00:00Z,0.00003014,0.02722,91068857,43892077
2023-06-28T16:00:00Z,0,0.02605,152503963,69604971
2023-06-29T00:00:00Z,-0.00006088,0.02631,194550594,90035140
2023-06-29T08:00:00Z,-0.00065876,0.02599,129273279,62576978
2023-06-29T16:00:00Z,-0.00202375,0.02593,104466443,52865282
2023-06-30T00:00:00Z,-0.00057981,0.02734,178674400,89760024
2023-06-30T08:00:00Z,0,0.02675,257571772,127058293
2023-06-30T16:00:00Z,0,0.02812,166123620,81490144
2023-07-01T00:00:00Z,0,0.02813,118656955,55698204
2023-07-01T08:00:00Z,0.00013417,0.02785,73964729,34902750
2023-07-01T16:00:00Z,0,0.02815,60141952,29644128
2023-07-02T00:00:00Z,-0.00066952,0.02753,75094544,36049825
2023-07-02T08:00:00Z,0,0.02795,63222510,32651168
2023-07-02T16:00:00Z,0.00000503,0.02812,112400052,51332525
2023-07-03T00:00:00Z,0.00011647,0.02890,75475224,40536953
2023-07-03T08:00:00Z,0,0.02937,105986097,54897579
2023-07-03T16:00:00Z,0.00199665,0.02925,73586062,35349206
2023-07-04T00:00:00Z,0,0.02920,242065353,120140666
2023-07-04T08:00:00Z,0,0.02896,113166321,53776583
2023-07-04T16:00:00Z,0.00117540,0.02919,131193279,64969433
2023-07-05T00:00:00Z,0.00048240,0.02941,87739828,40239386
2023-07-05T08:00:00Z,-0.00184928,0.02776,276937566,138337288
2023-07-05T16:00:00Z,0,0.02820,100784868,47694249
2023-07-06T00:00:00Z,-0.00066088,0.02893,90879838,46307540
2023-07-06T08:00:00Z,0,0.02839,227428435,110790683
2023-07-06T16:00:00Z,0,0.02712,177886171,84174189
2023-07-07T00:00:00Z,-0.00094297,0.02708,112117235,56922077
2023-07-07T08:00:00Z,-0.00048752,0.02755,94770494,49199414
2023-07-07T16:00:00Z,-0.00093960,0.02750,57121074,26849497
2023-07-08T00:00:00Z,0,0.02751,98765455,47855534
2023-07-08T08:00:00Z,0,0.02753,59881929,30031432
2023-07-08T16:00:00Z,-0.00026795,0.02774,50008246,25859426
2023-07-09T00:00:00Z,0,0.02753,51876388,25970899
2023-07-09T08:00:00Z,0,0.02754,47735304,23722101
2023-07-09T16:00:00Z,-0.00005446,0.02718,51888096,26799936
2023-07-10T00:00:00Z,-0.00063349,0.02636,115817704,55789075
2023-07-10T08:00:00Z,0,0.02730,113342715,58932107
2023-07-10T16:00:00Z,0,0.02762,111359715,55536085
2023-07-11T00:00:00Z,-0.00041939,0.02810,55374326,27559351
2023-07-11T08:00:00Z,-0.00011332,0.02760,99161768,47163189
2023-07-11T16:00:00Z,0,0.02768,54997875,28939793
2023-07-12T00:00:00Z,0,0.02803,49334388,24255893
2023-07-12T08:00:00Z,0,0.02752,76704891,37562908
2023-07-12T16:00:00Z,0,0.02745,93315408,46036242
2023-07-13T00:00:00Z,0,0.02725,41986080,20877110
2023-07-13T08:00:00Z,0.00060239,0.02890,99495009,48582303
2023-07-13T16:00:00Z,0,0.02970,209329792,98550994
2023-07-14T00:00:00Z,-0.00060289,0.02936,97017399,48042026
2023-07-14T08:00:00Z,0.00139269,0.03000,77888805,40437377
2023-07-14T16:00:00Z,0,0.02865,223462136,106034238
2023-07-15T00:00:00Z,0.00082830,0.02934,49686443,24865807
2023-07-15T08:00:00Z,0,0.02926,76559899,41934287
2023-07-15T16:00:00Z,0.00085650,0.02934,58526267,28629506
2023-07-16T00:00:00Z,0,0.02890,53001684,24081004
2023-07-16T08:00:00Z,0,0.02927,40631370,20410693
2023-07-16T16:00:00Z,-0.00012914,0.02845,56888331,26831229
2023-07-17T00:00:00Z,0.00066367,0.02955,72968582,37996811
2023-07-17T08:00:00Z,0,0.02934,133223381,67987957
2023-07-17T16:00:00Z,0,0.02966,125061194,63172787
2023-07-18T00:00:00Z,0,0.02935,84740136,40934853
2023-07-18T08:00:00Z,-0.00018834,0.02899,122045017,59618935
2023-07-18T16:00:00Z,0,0.02869,72500667,34829554
2023-07-19T00:00:00Z,-0.00075803,0.02914,68497749,33449708
2023-07-19T08:00:00Z,0.00023264,0.02904,71183809,35023411
2023-07-19T16:00:00Z,0.00008719,0.02889,69741389,34561639
2023-07-20T00:00:00Z,0,0.02950,151331739,77213230
2023-07-20T08:00:00Z,0.00001623,0.02910,158561227,75102020
2023-07-20T16:00:00Z,0,0.02920,60910715,30759575
2023-07-21T00:00:00Z,0,0.02886,52566150,26138933
2023-07-21T08:00:00Z,0,0.02930,93497527,49474009
2023-07-21T16:00:00Z,0,0.02931,41662424,18611572
2023-07-22T00:00:00Z,0.00003323,0.02921,35216147,15453280
2023-07-22T08:00:00Z,0,0.02882,43049527,20007198
2023-07-22T16:00:00Z,0,0.02829,57022816,25024148
2023-07-23T00:00:00Z,-0.00036239,0.02855,56747794,27486193
2023-07-23T08:00:00Z,0,0.02858,62270597,33476089
2023-07-23T16:00:00Z,0,0.02837,46068081,22021170
2023-07-24T00:00:00Z,-0.00063351,0.02811,65026288,34297965
2023-07-24T08:00:00Z,0,0.02690,135708079,68294116
2023-07-24T16:00:00Z,-0.00078967,0.02642,50633764,23034819
2023-07-25T00:00:00Z,0,0.02584,60046474,29495805
2023-07-25T08:00:00Z,-0.00031868,0.02589,68047215,34742091
2023-07-25T16:00:00Z,-0.00019158,0.02557,76570694,36507950
2023-07-26T00:00:00Z,-0.00097518,0.02552,88575648,42495468
2023-07-26T08:00:00Z,0,0.02605,70931224,38412467
2023-07-26T16:00:00Z,-0.00017109,0.02616,127498119,62554005
2023-07-27T00:00:00Z,0.00188211,0.02676,133376733,70003902
2023-07-27T08:00:00Z,0.00071478,0.02634,113944898,53894994
2023-07-27T16:00:00Z,0,0.02690,70105991,37393755
2023-07-28T00:00:00Z,-0.00009399,0.02713,94747598,45339558
2023-07-28T08:00:00Z,0,0.02708,176883899,86586010
2023-07-28T16:00:00Z,0,0.02708,70317060,31342742
2023-07-29T00:00:00Z,-0.00041209,0.02762,86315240,45932634
2023-07-29T08:00:00Z,-0.00015846,0.02722,68252820,38091314
2023-07-29T16:00:00Z,0.00016897,0.02745,63948678,30831682
2023-07-30T00:00:00Z,-0.00139534,0.02726,86390810,45357561
2023-07-30T08:00:00Z,-0.00088626,0.02737,56934888,27272471
2023-07-30T16:00:00Z,0.00175587,0.02747,102438964,49369513
2023-07-31T00:00:00Z,0,0.02794,85583489,45973363
2023-07-31T08:00:00Z,0,0.02731,130286217,65100901
2023-07-31T16:00:00Z,0.00031321,0.02734,109561327,52212593
2023-08-01T00:00:00Z,-0.00018444,0.02685,100135451,46326652
2023-08-01T08:00:00Z,0,0.02745,82538540,43217906
2023-08-01T16:00:00Z,0,0.02841,66872095,34188708
2023-08-02T00:00:00Z,0,0.02794,136208053,70086857
2023-08-02T08:00:00Z,0,0.02799,102963948,50082100
2023-08-02T16:00:00Z,-0.00106379,0.02759,88534034,40997367
2023-08-03T00:00:00Z,0,0.02760,60449209,29553439
2023-08-03T08:00:00Z,-0.00089658,0.02789,67543397,34840184
2023-08-03T16:00:00Z,-0.00073707,0.02754,75675197,37125272
2023-08-04T00:00:00Z,-0.00066186,0.02739,73694801,36328296
2023-08-04T08:00:00Z,-0.00021225,0.02708,57728365,29413666
2023-08-04T16:00:00Z,-0.00095080,0.02664,88147142,39793694
2023-08-05T00:00:00Z,-0.00072366,0.02631,69851653,32030965
2023-08-05T08:00:00Z,0,0.02637,66034351,35107902
2023-08-05T16:00:00Z,-0.00076081,0.02650,39460045,18986755
2023-08-06T00:00:00Z,-0.00221420,0.02651,58226131,30737428
2023-08-06T08:00:00Z,0,0.02705,304663102,148989985
2023-08-06T16:00:00Z,-0.00032987,0.02699,55680986,24197450
2023-08-07T00:00:00Z,0.00025834,0.02727,62383192,27140639
2023-08-07T08:00:00Z,0,0.02741,105245856,56013410
2023-08-07T16:00:00Z,0,0.02770,108712804,55482125
2023-08-08T00:00:00Z,0.00022557,0.02798,129063974,66048857
2023-08-08T08:00:00Z,0,0.02840,170034976,81553995
2023-08-08T16:00:00Z,0.00047385,0.02817,104443415,47654626
2023-08-09T00:00:00Z,0,0.02819,59982380,28433938
2023-08-09T08:00:00Z,0,0.02805,58024285,27877008
2023-08-09T16:00:00Z,0.00042290,0.02823,52831199,25949386
2023-08-10T00:00:00Z,-0.00040415,0.02789,41163775,20550784
2023-08-10T08:00:00Z,0,0.02749,60842155,29056188
2023-08-10T16:00:00Z,-0.00002747,0.02752,35762639,18567730
2023-08-11T00:00:00Z,-0.00051016,0.02784,39614147,18942072
2023-08-11T08:00:00Z,-0.00009230,0.02764,39263463,19395888
2023-08-11T16:00:00Z,0.00050272,0.02762,27939403,13843006
2023-08-12T00:00:00Z,-0.00014583,0.02795,20971001,10879007
2023-08-12T08:00:00Z,0,0.02829,45090784,21115798
2023-08-12T16:00:00Z,0,0.02834,31074771,14823063
2023-08-13T00:00:00Z,0,0.02853,44503707,22872436
2023-08-13T08:00:00Z,0.00049733,0.02859,45521516,22045097
2023-08-13T16:00:00Z,0,0.02763,93042838,38965666
2023-08-14T00:00:00Z,0.00123741,0.02818,56729828,31252427
2023-08-14T08:00:00Z,-0.00031016,0.02803,64619191,31557425
2023-08-14T16:00:00Z,0,0.02767,53501109,25618980
2023-08-15T00:00:00Z,-0.00050920,0.02723,42271833,18378750
2023-08-15T08:00:00Z,-0.00031110,0.02711,40749560,18884914
2023-08-15T16:00:00Z,-0.00007613,0.02604,159588283,71558903
2023-08-16T00:00:00Z,-0.00104050,0.02487,74646933,32289056
2023-08-16T08:00:00Z,-0.00093568,0.02430,128415177,65117795
2023-08-16T16:00:00Z,0.00032449,0.02403,215740075,104598676
2023-08-17T00:00:00Z,0,0.02421,85627534,43126485
2023-08-17T08:00:00Z,0,0.02331,132167587,59693562
2023-08-17T16:00:00Z,-0.00152055,0.02154,332280891,165702016
2023-08-18T00:00:00Z,-0.00041701,0.02167,169005000,84008410
2023-08-18T08:00:00Z,0,0.02139,137513118,65270606
2023-08-18T16:00:00Z,0.00121373,0.02189,112299047,59008118
2023-08-19T00:00:00Z,0,0.02211,64109539,33675240
2023-08-19T08:00:00Z,0,0.02202,77514591,32868085
2023-08-19T16:00:00Z,-0.00048086,0.02183,78386832,36713953
2023-08-20T00:00:00Z,0.00084599,0.02210,55427328,31184195
2023-08-20T08:00:00Z,0,0.02210,59218727,30589043
2023-08-20T16:00:00Z,0,0.02223,98963326,51015243
2023-08-21T00:00:00Z,0,0.02170,68909102,29049567
2023-08-21T08:00:00Z,-0.00173137,0.02124,148232359,71778316
2023-08-21T16:00:00Z,-0.00005908,0.02188,73011350,39769082
2023-08-22T00:00:00Z,-0.00033202,0.02196,49001518,23355965
2023-08-22T08:00:00Z,0,0.02129,72361665,32514413
2023-08-22T16:00:00Z,0,0.02170,182027255,91210298
2023-08-23T00:00:00Z,-0.00040238,0.02194,101045728,54023857
2023-08-23T08:00:00Z,-0.00079631,0.02213,84151264,40601757
2023-08-23T16:00:00Z,0,0.02217,98551677,45719632
2023-08-24T00:00:00Z,-0.00050562,0.02188,68594073,31908351
2023-08-24T08:00:00Z,0,0.02179,100388877,51106836
2023-08-24T16:00:00Z,-0.00000072,0.02155,135720607,59919017
2023-08-25T00:00:00Z,0.00060639,0.02120,86865582,41619516
2023-08-25T08:00:00Z,0,0.02157,92701369,49854185
2023-08-25T16:00:00Z,0.00037588,0.02212,134744888,73345675
2023-08-26T00:00:00Z,0,0.02185,94907890,42908015
2023-08-26T08:00:00Z,0.00114499,0.02177,69913184,30812522
2023-08-26T16:00:00Z,-0.00111618,0.02182,61890879,34340116
2023-08-27T00:00:00Z,0,0.02211,36505464,18623995
2023-08-27T08:00:00Z,-0.00007439,0.02210,65256715,32792335
2023-08-27T16:00:00Z,0.00134470,0.02209,34840400,15579292
2023-08-28T00:00:00Z,-0.00044128,0.02165,75498271,33366713
2023-08-28T08:00:00Z,0,0.02216,94519907,49277854
2023-08-28T16:00:00Z,-0.00045962,0.02194,35320013,17332423
2023-08-29T00:00:00Z,-0.00082887,0.02106,61223500,29872694
2023-08-29T08:00:00Z,-0.00007355,0.02209,588713912,300314902
2023-08-29T16:00:00Z,0,0.02274,281873177,139218111
2023-08-30T00:00:00Z,0,0.02255,85984522,40584002
2023-08-30T08:00:00Z,-0.00010057,0.02201,121464017,56946959
2023-08-30T16:00:00Z,0.00033045,0.02221,43599941,21702360
2023-08-31T00:00:00Z,0,0.02232,60314398,29483317
2023-08-31T08:00:00Z,-0.00049494,0.02204,141234841,68846583
2023-08-31T16:00:00Z,0,0.02167,150657017,72638254
2023-09-01T00:00:00Z,0.00120779,0.02147,58321294,27467208
2023-09-01T08:00:00Z,0.00130641,0.02121,81437918,39312971
2023-09-01T16:00:00Z,-0.00143744,0.02095,126542608,59304161
2023-09-02T00:00:00Z,0.00066927,0.02087,78615370,41953998
2023-09-02T08:00:00Z,0.00054772,0.02069,147280877,69755372
2023-09-02T16:00:00Z,-0.00007105,0.02047,64446573,31295780
2023-09-03T00:00:00Z,-0.00129041,0.02062,56058803,27945966
2023-09-03T08:00:00Z,-0.00063776,0.02005,125846149,61583093
2023-09-03T16:00:00Z,-0.00050855,0.02028,79951969,35589226
2023-09-04T00:00:00Z,0.00027708,0.02099,98471692,47317067
2023-09-04T08:00:00Z,-0.00016875,0.02060,123762535,62405434
2023-09-04T16:00:00Z,0,0.02072,80554993,37526815
2023-09-05T00:00:00Z,0.00025878,0.02080,73890565,35456706
2023-09-05T08:00:00Z,-0.00001767,0.02136,88992153,45231547
2023-09-05T16:00:00Z,0.00014593,0.02166,112012158,60984663
2023-09-06T00:00:00Z,-0.00179163,0.02139,71988432,31286915
2023-09-06T08:00:00Z,0,0.02160,74082993,38371832
2023-09-06T16:00:00Z,-0.00083058,0.02181,75720939,37493453
2023-09-07T00:00:00Z,0,0.02168,38607470,19643860
2023-09-07T08:00:00Z,0,0.02209,49713859,25006836
2023-09-07T16:00:00Z,0.00018242,0.02253,81040824,40442086
2023-09-08T00:00:00Z,0,0.02327,122950821,69867442
2023-09-08T08:00:00Z,0.00012208,0.02272,161722017,75528341
2023-09-08T16:00:00Z,-0.00032379,0.02307,78881981,42918099
2023-09-09T00:00:00Z,-0.00117858,0.02334,93799062,45356303
2023-09-09T08:00:00Z,-0.00044158,0.02297,95380771,43151544
2023-09-09T16:00:00Z,-0.00220583,0.02307,61342412,29644129
2023-09-10T00:00:00Z,0,0.02289,174591886,84012531
2023-09-10T08:00:00Z,0,0.02277,93161769,46448730
2023-09-10T16:00:00Z,-0.00075130,0.02295,96948483,47773421
2023-09-11T00:00:00Z,0,0.02302,116801388,58864228
2023-09-11T08:00:00Z,0,0.02162,205430492,94996465
2023-09-11T16:00:00Z,0,0.02167,96775581,50330031
2023-09-12T00:00:00Z,-0.00159386,0.02201,68440444,34461401
2023-09-12T08:00:00Z,0.00003307,0.02260,89992547,47391970
2023-09-12T16:00:00Z,0,0.02201,78077669,34331863
2023-09-13T00:00:00Z,-0.00092715,0.02274,90924539,47151874
2023-09-13T08:00:00Z,0.00051462,0.02368,200560556,100081578
2023-09-13T16:00:00Z,0,0.02359,98019977,49304905
2023-09-14T00:00:00Z,0,0.02358,114196821,52807174
2023-09-14T08:00:00Z,-0.00053638,0.02314,83416262,42182392
2023-09-14T16:00:00Z,0,0.02308,59102761,30626892
2023-09-15T00:00:00Z,-0.00172030,0.02286,63880174,29884474
2023-09-15T08:00:00Z,0,0.02324,91913861,46454539
2023-09-15T16:00:00Z,0,0.02401,87555441,44327418
2023-09-16T00:00:00Z,0.00091371,0.02462,85573006,40371394
2023-09-16T08:00:00Z,-0.00128792,0.02408,71807580,30936732
2023-09-16T16:00:00Z,-0.00025215,0.02410,63713994,30974124
2023-09-17T00:00:00Z,-0.00169487,0.02376,54164236,26438009
2023-09-17T08:00:00Z,0,0.02361,64956166,27137973
2023-09-17T16:00:00Z,-0.00005872,0.02328,93381999,50514734
2023-09-18T00:00:00Z,-0.00087319,0.02337,69342629,32087043
2023-09-18T08:00:00Z,-0.00065470,0.02362,53736230,27024415
2023-09-18T16:00:00Z,-0.00007314,0.02240,132945097,63730733
2023-09-19T00:00:00Z,-0.00132432,0.02263,166971915,77565751
2023-09-19T08:00:00Z,-0.00081715,0.02293,455624513,223388924
2023-09-19T16:00:00Z,-0.00103183,0.02274,173187452,81935655
2023-09-20T00:00:00Z,-0.00188178,0.02258,127227482,57099819
2023-09-20T08:00:00Z,-0.00271599,0.02253,89701830,43530482
2023-09-20T16:00:00Z,0,0.02293,106089365,52064149
2023-09-21T00:00:00Z,-0.00049232,0.02291,86184505,40468592
2023-09-21T08:00:00Z,-0.00244703,0.02260,101749365,46551621
2023-09-21T16:00:00Z,0,0.02253,49288308,24905083
2023-09-22T00:00:00Z,0,0.02257,52790373,25548037
2023-09-22T08:00:00Z,-0.00182374,0.02238,47264088,23181977
2023-09-22T16:00:00Z,-0.00241018,0.02221,80372977,37262341
2023-09-23T00:00:00Z,-0.00120748,0.02222,87165703,41867874
2023-09-23T08:00:00Z,-0.00051673,0.02174,91398300,42576711
2023-09-23T16:00:00Z,-0.00174890,0.02182,55952607,29578457
2023-09-24T00:00:00Z,-0.00007308,0.02177,52974079,27449169
2023-09-24T08:00:00Z,-0.00072199,0.02176,44643919,22599075
2023-09-24T16:00:00Z,-0.00040892,0.02138,67967581,32480456
2023-09-25T00:00:00Z,0,0.02181,72532917,35582208
2023-09-25T08:00:00Z,-0.00026499,0.02184,54735414,26040895
2023-09-25T16:00:00Z,0,0.02178,28289795,13746855
2023-09-26T00:00:00Z,-0.00209761,0.02183,36063741,17381889
2023-09-26T08:00:00Z,0,0.02175,39219685,19480468
2023-09-26T16:00:00Z,0,0.02188,43926016,21605066
2023-09-27T00:00:00Z,-0.00092808,0.02174,46953060,22442002
2023-09-27T08:00:00Z,-0.00105392,0.02159,142277936,65070722
2023-09-27T16:00:00Z,-0.00060982,0.02160,54298851,26637168
2023-09-28T00:00:00Z,-0.00211760,0.02174,41741258,19420947
2023-09-28T08:00:00Z,-0.00009219,0.02221,49496576,24691580
2023-09-28T16:00:00Z,0,0.02186,106924310,50089743
2023-09-29T00:00:00Z,0,0.02225,55686305,28505749
2023-09-29T08:00:00Z,-0.00095436,0.02198,81216454,37463765
2023-09-29T16:00:00Z,-0.00085910,0.02220,84609847,41889137
2023-09-30T00:00:00Z,0.00096162,0.02219,38078879,17543164
2023-09-30T08:00:00Z,0,0.02243,40320273,20426401
2023-09-30T16:00:00Z,0.00007178,0.02220,30882533,15311168
2023-10-01T00:00:00Z,0,0.02268,38830992,19099044
2023-10-01T08:00:00Z,0.00014642,0.02289,56774072,26357572
2023-10-01T16:00:00Z,0.00020348,0.02336,87123675,44365242
2023-10-02T00:00:00Z,0,0.02334,64670449,32594955
2023-10-02T08:00:00Z,0,0.02249,77631248,34948369
2023-10-02T16:00:00Z,0,0.02213,85628632,41855775
2023-10-03T00:00:00Z,-0.00126009,0.02197,78708233,38472045
2023-10-03T08:00:00Z,0.00000515,0.02144,92627022,42119098
2023-10-03T16:00:00Z,-0.00035221,0.02151,53962520,27710178
2023-10-04T00:00:00Z,0.00036606,0.02130,109170463,49635753
2023-10-04T08:00:00Z,-0.00147765,0.02110,44877237,22782423
2023-10-04T16:00:00Z,0,0.02133,48943006,22228694
2023-10-05T00:00:00Z,-0.00019914,0.02121,32956819,16927349
2023-10-05T08:00:00Z,0,0.02104,52910164,25576971
2023-10-05T16:00:00Z,0,0.02094,43488480,20077746
2023-10-06T00:00:00Z,0,0.02139,32752111,14706519
2023-10-06T08:00:00Z,-0.00000806,0.02176,77087550,37723495
2023-10-06T16:00:00Z,-0.00040942,0.02182,51564215,27236770
2023-10-07T00:00:00Z,-0.00149633,0.02164,29722487,14923341
2023-10-07T08:00:00Z,-0.00146527,0.02170,29532553,14847912
2023-10-07T16:00:00Z,0,0.02152,38113914,17615753
2023-10-08T00:00:00Z,-0.00242085,0.02151,39477084,21490121
2023-10-08T08:00:00Z,0,0.02159,41044031,19866597
2023-10-08T16:00:00Z,-0.00016532,0.02180,45174758,22096220
2023-10-09T00:00:00Z,-0.00184131,0.02188,67386080,33681529
2023-10-09T08:00:00Z,-0.00112636,0.02091,129735866,61536964
2023-10-09T16:00:00Z,0,0.02108,102005560,50332934
2023-10-10T00:00:00Z,-0.00020051,0.02108,29971258,13970898
2023-10-10T08:00:00Z,-0.00149182,0.02089,43015030,20398633
2023-10-10T16:00:00Z,0,0.02097,44070170,20997798
2023-10-11T00:00:00Z,-0.00144206,0.02070,52508218,26187964
2023-10-11T08:00:00Z,0,0.02041,38089091,18679354
2023-10-11T16:00:00Z,-0.00002229,0.02040,47751906,22565328
2023-10-12T00:00:00Z,-0.00018555,0.02001,82083140,42097535
2023-10-12T08:00:00Z,0,0.02037,88530535,44670535
2023-10-12T16:00:00Z,-0.00254895,0.02059,51430411,25000054
2023-10-13T00:00:00Z,0.00042499,0.02090,79065995,36056199
2023-10-13T08:00:00Z,0,0.02080,51761947,25140185
2023-10-13T16:00:00Z,-0.00002612,0.02084,54450270,26766042
2023-10-14T00:00:00Z,-0.00028344,0.02145,55360435,28321061
2023-10-14T08:00:00Z,0.00057480,0.02151,66614165,28850250
2023-10-14T16:00:00Z,-0.00181766,0.02110,45206008,21091957
2023-10-15T00:00:00Z,0.00039545,0.02167,68801445,35690216
2023-10-15T08:00:00Z,-0.00027873,0.02177,48231477,25478512
2023-10-15T16:00:00Z,-0.00111989,0.02157,50975894,23239937
2023-10-16T00:00:00Z,-0.00114922,0.02213,78765632,41155070
2023-10-16T08:00:00Z,-0.00114173,0.02145,135903706,66565224
2023-10-16T16:00:00Z,0,0.02173,45647240,24038374
2023-10-17T00:00:00Z,-0.00072405,0.02170,32313041,15579118
2023-10-17T08:00:00Z,-0.00032621,0.02042,110008738,51498673
2023-10-17T16:00:00Z,0,0.02083,110425108,56291571
2023-10-18T00:00:00Z,0.00004937,0.02125,143772880,65511090
2023-10-18T08:00:00Z,0,0.02077,72467946,31169601
2023-10-18T16:00:00Z,-0.00102501,0.02062,63459124,32228853
2023-10-19T00:00:00Z,-0.00154144,0.02044,56565429,27815504
2023-10-19T08:00:00Z,-0.00183828,0.01955,124066632,67148385
2023-10-19T16:00:00Z,-0.00067208,0.01998,98013359,52216942
2023-10-20T00:00:00Z,0,0.02017,78146945,37373090
2023-10-20T08:00:00Z,0.00037065,0.02059,101616576,48368131
2023-10-20T16:00:00Z,-0.00023781,0.02053,37935759,16655529
2023-10-21T00:00:00Z,-0.00125264,0.02133,75719469,41331363
2023-10-21T08:00:00Z,0,0.02169,125215197,59393935
2023-10-21T16:00:00Z,0,0.02156,73356941,37292613
2023-10-22T00:00:00Z,-0.00082814,0.02137,54598921,25228080
2023-10-22T08:00:00Z,0.00008715,0.02083,102357215,50125080
2023-10-22T16:00:00Z,0,0.02192,117592554,62326166
2023-10-23T00:00:00Z,0,0.02168,149942996,65387532
2023-10-23T08:00:00Z,-0.00064562,0.02217,153099698,70858552
2023-10-23T16:00:00Z,0,0.02308,167195302,84178148
2023-10-24T00:00:00Z,0.00163909,0.02338,126275081,63614466
2023-10-24T08:00:00Z,0,0.02326,164120239,79195651
2023-10-24T16:00:00Z,-0.00028655,0.02390,116527402,59391836
2023-10-25T00:00:00Z,0,0.02352,64572710,29626368
2023-10-25T08:00:00Z,0,0.02450,79763167,40593156
2023-10-25T16:00:00Z,0,0.02415,83086985,41051998
2023-10-26T00:00:00Z,0.00177164,0.02516,70479808,36152764
2023-10-26T08:00:00Z,0.00085080,0.02376,136947628,63540515
2023-10-26T16:00:00Z,0,0.02417,54889670,26751596
2023-10-27T00:00:00Z,0,0.02381,41063397,20519291
2023-10-27T08:00:00Z,0,0.02414,73386579,34888818
2023-10-27T16:00:00Z,-0.00082024,0.02355,64315331,31772719
2023-10-28T00:00:00Z,0.00010292,0.02426,30526658,15298397
2023-10-28T08:00:00Z,0.00060429,0.02412,49773922,22268961
2023-10-28T16:00:00Z,0,0.02425,36727211,20083398
2023-10-29T00:00:00Z,0.00107369,0.02437,45023396,21263980
2023-10-29T08:00:00Z,0,0.02438,36676394,18281038
2023-10-29T16:00:00Z,0,0.02440,48240445,24880210
2023-10-30T00:00:00Z,0,0.02424,50052636,24338504
2023-10-30T08:00:00Z,0,0.02599,423003641,209824139
2023-10-30T16:00:00Z,0.00000058,0.02597,305786518,144498394
2023-10-31T00:00:00Z,0,0.02608,236780505,113058603
2023-10-31T08:00:00Z,0,0.02504,335077875,157051864
2023-10-31T16:00:00Z,0.00081569,0.02550,175971802,90956620
2023-11-01T00:00:00Z,0.00011509,0.02521,88651588,42484933
2023-11-01T08:00:00Z,0.00090214,0.02496,117522700,55820082
2023-11-01T16:00:00Z,0.00081951,0.02664,118577965,58044967
2023-11-02T00:00:00Z,0.00035943,0.02619,78526509,38037337
2023-11-02T08:00:00Z,0,0.02523,89149858,42364322
2023-11-02T16:00:00Z,0,0.02586,58814729,30940889
2023-11-03T00:00:00Z,-0.00057873,0.02557,66743712,31929286
2023-11-03T08:00:00Z,0.00123013,0.02603,70924634,36002800
2023-11-03T16:00:00Z,0.00083793,0.02666,65381277,32556772
2023-11-04T00:00:00Z,0.00077463,0.02666,37092005,17855189
2023-11-04T08:00:00Z,0,0.02773,247826902,122014073
2023-11-04T16:00:00Z,0.00138321,0.02781,82809435,40840930
2023-11-05T00:00:00Z,-0.00084994,0.02886,81246238,40839524
2023-11-05T08:00:00Z,0,0.02786,92524774,40491993
2023-11-05T16:00:00Z,0,0.02802,56316245,27297447
2023-11-06T00:00:00Z,0,0.02811,66987672,33286052
2023-11-06T08:00:00Z,-0.00006585,0.02821,65395355,31595218
2023-11-06T16:00:00Z,0.00065881,0.02870,65350690,31373220
2023-11-07T00:00:00Z,0.00113025,0.02838,72704412,31629523
2023-11-07T08:00:00Z,0.00079102,0.02675,90203396,42287649
2023-11-07T16:00:00Z,0,0.02752,113631621,52883893
2023-11-08T00:00:00Z,0,0.02784,41938590,21033542
2023-11-08T08:00:00Z,0,0.02955,471171572,227246896
2023-11-08T16:00:00Z,0,0.02955,101006626,48280698
2023-11-09T00:00:00Z,0,0.02970,111055879,54917169
2023-11-09T08:00:00Z,0,0.03045,172823120,84108557
2023-11-09T16:00:00Z,0.00090302,0.02886,309120307,145529108
2023-11-10T00:00:00Z,0.00237304,0.02873,110206774,50975062
2023-11-10T08:00:00Z,0.00035168,0.02809,116371097,55317972
2023-11-10T16:00:00Z,0.00203948,0.03003,126150730,61148884
2023-11-11T00:00:00Z,0.00213084,0.02957,92826481,44509126
2023-11-11T08:00:00Z,0.00090464,0.03054,61400126,31801554
2023-11-11T16:00:00Z,0.00041035,0.03090,116374094,55648814
2023-11-12T00:00:00Z,0.00030528,0.03169,128824724,64274737
2023-11-12T08:00:00Z,0.00057965,0.03096,120044702,59946560
2023-11-12T16:00:00Z,0.00090284,0.03134,138299666,74192861
2023-11-13T00:00:00Z,0,0.03087,109490843,54595758
2023-11-13T08:00:00Z,0.00091908,0.03080,120937145,60348670
2023-11-13T16:00:00Z,-0.00020109,0.02906,115881815,57102975
2023-11-14T00:00:00Z,0.00046664,0.02935,74748007,38534148
2023-11-14T08:00:00Z,0.00019177,0.02859,100788733,49195661
2023-11-14T16:00:00Z,0,0.02821,111098899,52742562
2023-11-15T00:00:00Z,0.00067778,0.02941,50877248,27812776
2023-11-15T08:00:00Z,0.00071490,0.02999,71027678,33731911
2023-11-15T16:00:00Z,0,0.03178,149468249,73472751
2023-11-16T00:00:00Z,0.00099189,0.03365,154657410,78082926
2023-11-16T08:00:00Z,0.00028107,0.03242,241674133,113265131
2023-11-16T16:00:00Z,0.00116313,0.03161,280301796,129997841
2023-11-17T00:00:00Z,0.00071765,0.03123,134657775,66868844
2023-11-17T08:00:00Z,0,0.03004,196936123,98015917
2023-11-17T16:00:00Z,0,0.03284,265459009,135071921
2023-11-18T00:00:00Z,0.00080562,0.03105,167802427,81044783
2023-11-18T08:00:00Z,0,0.03071,148496259,73502037
2023-11-18T16:00:00Z,0,0.03215,145791685,72075415
2023-11-19T00:00:00Z,0,0.03469,335030333,166901131
2023-11-19T08:00:00Z,0.00103868,0.03607,488973920,245387541
2023-11-19T16:00:00Z,0.00192807,0.04319,3219794146,1650325918
2023-11-20T00:00:00Z,-0.00036528,0.04390,2885626071,1468573103
2023-11-20T08:00:00Z,-0.00116097,0.05233,5863607815,3017885781
2023-11-20T16:00:00Z,-0.00094340,0.05793,10277753881,5280352950
2023-11-21T00:00:00Z,-0.00925734,0.06133,4483071872,2282681368
2023-11-21T08:00:00Z,0.00307188,0.05295,9437681176,4742157812
2023-11-21T16:00:00Z,0,0.05148,2700684553,1346576728
2023-11-22T00:00:00Z,0.00083800,0.05761,2859085192,1455356837
2023-11-22T08:00:00Z,0,0.05613,3457528047,1709364845
2023-11-22T16:00:00Z,0,0.05301,2136972599,1062186471
2023-11-23T00:00:00Z,0,0.05162,1390857818,706151794
2023-11-23T08:00:00Z,0,0.05251,1496283802,737828290
2023-11-23T16:00:00Z,-0.00083667,0.05157,808729682,392821007
2023-11-24T00:00:00Z,0.00052499,0.05129,810359383,402259622
2023-11-24T08:00:00Z,-0.00053817,0.05019,1068919136,514305250
2023-11-24T16:00:00Z,-0.00036025,0.04913,576129143,274466758
2023-11-25T00:00:00Z,-0.00045504,0.04937,338677353,166394807
2023-11-25T08:00:00Z,-0.00010656,0.04833,411570835,190682395
2023-11-25T16:00:00Z,-0.00036792,0.04766,449489475,213168552
2023-11-26T00:00:00Z,0.00118292,0.04720,327726005,160839326
2023-11-26T08:00:00Z,0.00089199,0.04599,324743400,150069649
2023-11-26T16:00:00Z,0.00033433,0.04582,411040640,201779802
2023-11-27T00:00:00Z,0,0.04547,402487751,198096198
2023-11-27T08:00:00Z,0.00008868,0.04368,344739936,161907382
2023-11-27T16:00:00Z,0.00040808,0.04447,263586285,130068743
2023-11-28T00:00:00Z,-0.00026675,0.04213,317027951,149395181
2023-11-28T08:00:00Z,0,0.04349,278596774,135686699
2023-11-28T16:00:00Z,0.00130523,0.04363,218324238,105047884
2023-11-29T00:00:00Z,0.00120320,0.04333,176032352,84512934
2023-11-29T08:00:00Z,0,0.04238,287022857,143406636
2023-11-29T16:00:00Z,0,0.04246,280306094,144571693
2023-11-30T00:00:00Z,-0.00066904,0.04211,166330926,79677157
2023-11-30T08:00:00Z,0.00173216,0.04178,246356771,114378068
2023-11-30T16:00:00Z,0,0.04247,152956137,79431009
2023-12-01T00:00:00Z,0.00017477,0.04299,230102826,112859722
2023-12-01T08:00:00Z,-0.00073952,0.04283,196841000,95671366
2023-12-01T16:00:00Z,0.00040097,0.04291,102498561,50759923
2023-12-02T00:00:00Z,0,0.04328,158190002,82589802
2023-12-02T08:00:00Z,0,0.04402,220270524,112003770
2023-12-02T16:00:00Z,-0.00010409,0.04489,182010270,89285316
2023-12-03T00:00:00Z,0.00052046,0.04344,152322481,66212516
2023-12-03T08:00:00Z,0.00024878,0.04292,196490938,94443411
2023-12-03T16:00:00Z,0,0.04360,129896788,63965333
2023-12-04T00:00:00Z,0,0.04623,446097339,220177064
2023-12-04T08:00:00Z,0.00156700,0.04376,567278759,279728742
2023-12-04T16:00:00Z,0,0.04265,339010630,163393825
2023-12-05T00:00:00Z,0,0.04226,238945774,117702492
2023-12-05T08:00:00Z,0.00020480,0.04286,222138700,110369484
2023-12-05T16:00:00Z,0.00255284,0.04320,229606364,105073523
2023-12-06T00:00:00Z,0,0.04171,208798226,100560087
2023-12-06T08:00:00Z,0,0.04056,236832602,111167609
2023-12-06T16:00:00Z,0,0.04019,152401495,75546290
2023-12-07T00:00:00Z,0.00104824,0.04236,241818495,122031897
2023-12-07T08:00:00Z,0,0.04416,567593671,272863187
2023-12-07T16:00:00Z,-0.00070272,0.04572,856374299,420802236
2023-12-08T00:00:00Z,0,0.04450,354660586,163119710
2023-12-08T08:00:00Z,-0.00005367,0.04444,223265747,109876597
2023-12-08T16:00:00Z,0.00066820,0.04472,177314351,88980906
2023-12-09T00:00:00Z,0.00101150,0.04585,129928451,64171182
2023-12-09T08:00:00Z,0.00124616,0.04522,216002627,100514011
2023-12-09T16:00:00Z,0.00195374,0.04531,207588747,103888513
2023-12-10T00:00:00Z,0,0.04511,155707564,75257047
2023-12-10T08:00:00Z,0,0.04422,162566854,79604267
2023-12-10T16:00:00Z,0.00012954,0.04417,91539452,46251220
2023-12-11T00:00:00Z,0.00104207,0.04148,432517229,203538910
2023-12-11T08:00:00Z,0.00075769,0.04197,197214336,94400413
2023-12-11T16:00:00Z,-0.00074747,0.04218,184050079,89892535
2023-12-12T00:00:00Z,0.00001144,0.04273,129621901,65765625
2023-12-12T08:00:00Z,0.00048608,0.04212,131582863,64113326
2023-12-12T16:00:00Z,0.00056771,0.04299,150184703,73121607
2023-12-13T00:00:00Z,-0.00007256,0.04145,175424076,82882229
2023-12-13T08:00:00Z,0,0.04218,111711342,56124838
2023-12-13T16:00:00Z,0.00070875,0.04285,113741388,54629716
2023-12-14T00:00:00Z,0.00115045,0.04335,100467479,52985725
2023-12-14T08:00:00Z,0.00089407,0.04506,416455895,210602958
2023-12-14T16:00:00Z,0.00064143,0.04486,136633700,66377087
2023-12-15T00:00:00Z,0,0.04294,116122445,53822444
2023-12-15T08:00:00Z,0.00045231,0.04227,119608751,58260516
2023-12-15T16:00:00Z,0,0.04176,98195959,48108945
2023-12-16T00:00:00Z,0.00152484,0.04289,95020232,46208927
2023-12-16T08:00:00Z,0,0.04390,94093739,47265165
2023-12-16T16:00:00Z,0.00142169,0.04407,120516301,57042919
2023-12-17T00:00:00Z,0.00035278,0.04309,118919992,60331118
2023-12-17T08:00:00Z,0.00060998,0.04439,102234507,51590748
2023-12-17T16:00:00Z,0.00012206,0.04301,117201935,57222937
2023-12-18T00:00:00Z,0.00049822,0.04080,129189026,62825227
2023-12-18T08:00:00Z,0,0.04044,153625073,72987345
2023-12-18T16:00:00Z,0,0.04300,113805750,54749589
2023-12-19T00:00:00Z,0.00138377,0.04640,278840737,140459168
2023-12-19T08:00:00Z,0.00155579,0.04701,363059041,181805741
2023-12-19T16:00:00Z,0.00002710,0.04745,391607912,196566882
2023-12-20T00:00:00Z,0.00121173,0.04621,247563406,114198112
2023-12-20T08:00:00Z,0.00089006,0.05076,339597345,172176400
2023-12-20T16:00:00Z,0.00032199,0.04936,274463295,132949897
2023-12-21T00:00:00Z,0.00170900,0.04758,174915714,83038127
2023-12-21T08:00:00Z,0.00045596,0.04915,272805219,128187024
2023-12-21T16:00:00Z,0.00020114,0.05152,283730666,146289574
2023-12-22T00:00:00Z,0,0.05284,393674078,192399519
2023-12-22T08:00:00Z,0,0.05417,267792990,129849857
2023-12-22T16:00:00Z,0.00006745,0.05665,412724479,204560078
2023-12-23T00:00:00Z,0.00009999,0.05488,205173370,99202925
2023-12-23T08:00:00Z,0.00185616,0.05520,305243334,153005644
2023-12-23T16:00:00Z,0.00076174,0.05438,136474301,67376965
2023-12-24T00:00:00Z,0,0.05342,178844183,85564039
2023-12-24T08:00:00Z,0,0.05425,164884008,78241361
2023-12-24T16:00:00Z,0,0.05217,147949608,68884723
2023-12-25T00:00:00Z,0.00061423,0.05420,175203435,81940078
2023-12-25T08:00:00Z,0.00050048,0.05532,140984690,69084715
2023-12-25T16:00:00Z,0.00057758,0.05742,188052986,89950206
2023-12-26T00:00:00Z,-0.00101709,0.06130,324578442,168352006
2023-12-26T08:00:00Z,-0.00068052,0.06851,1876792791,921215699
2023-12-26T16:00:00Z,0,0.06568,705208372,349241816
2023-12-27T00:00:00Z,0.00109559,0.06177,352548167,169130408
2023-12-27T08:00:00Z,-0.00109248,0.06767,300564815,154018727
2023-12-27T16:00:00Z,0,0.08161,1690298018,845744624
2023-12-28T00:00:00Z,0.00176143,0.08317,1003168066,508134156
2023-12-28T08:00:00Z,0.00040223,0.08378,1949011318,987126861
2023-12-28T16:00:00Z,0.00118987,0.07900,926572701,463973634
2023-12-29T00:00:00Z,0.00177472,0.07724,441883389,223723064
2023-12-29T08:00:00Z,0,0.07581,327243845,164702257
2023-12-29T16:00:00Z,0.00154736,0.07388,260261134,128092718
2023-12-30T00:00:00Z,0.00182933,0.07254,173586671,88533611
2023-12-30T08:00:00Z,0.00004782,0.07274,202421647,99951517
2023-12-30T16:00:00Z,0.00040167,0.07009,146556998,69609804
2023-12-31T00:00:00Z,0,0.07081,143808215,72621304
2023-12-31T08:00:00Z,0.00038312,0.06959,149486986,71518652
2023-12-31T16:00:00Z,0.00097702,0.06819,155205426,71264134
2024-01-01T00:00:00Z,0.00137066,0.06766,158076925,76196309
2024-01-01T08:00:00Z,0.00024572,0.06786,92666492,44989053
2024-01-01T16:00:00Z,0.00020065,0.07042,195073927,100452909
2024-01-02T00:00:00Z,0.00081213,0.08311,722949387,361698436
2024-01-02T08:00:00Z,0.00029681,0.09135,1603946406,824296431
2024-01-02T16:00:00Z,0.00066838,0.08510,1634711851,841394026
2024-01-03T00:00:00Z,0,0.09057,511888541,266874588
2024-01-03T08:00:00Z,0.00054031,0.09404,1893935883,928244540
2024-01-03T16:00:00Z,0.00136842,0.09466,671297868,332623719
2024-01-04T00:00:00Z,-0.00025000,0.09502,423569595,208669180
2024-01-04T08:00:00Z,0,0.09109,385285734,187557418
2024-01-04T16:00:00Z,0,0.09764,335097527,169003039
2024-01-05T00:00:00Z,0.00045033,0.09069,405099157,197707074
2024-01-05T08:00:00Z,0,0.08361,362863952,173741751
2024-01-05T16:00:00Z,-0.00158981,0.08674,240098046,123272531
2024-01-06T00:00:00Z,0.00003267,0.07886,235692009,112241482
2024-01-06T08:00:00Z,-0.00067754,0.08522,325553450,165669831
2024-01-06T16:00:00Z,0,0.08068,161995783,75949736
2024-01-07T00:00:00Z,-0.00001486,0.08140,136269016,68144569
2024-01-07T08:00:00Z,-0.00013073,0.08142,162056886,77705937
2024-01-07T16:00:00Z,0.00068511,0.07466,179920841,83549874
2024-01-08T00:00:00Z,0,0.07485,203091961,99751451
2024-01-08T08:00:00Z,0,0.07754,251944466,126941569
2024-01-08T16:00:00Z,0,0.07917,163548144,78529866
2024-01-09T00:00:00Z,-0.00145316,0.07784,116502566,56631531
2024-01-09T08:00:00Z,-0.00030008,0.07342,128852485,62029575
2024-01-09T16:00:00Z,0,0.07678,215302380,107074788
2024-01-10T00:00:00Z,0,0.08756,355583529,179406518
2024-01-10T08:00:00Z,-0.00028353,0.09150,970132167,492035008
2024-01-10T16:00:00Z,0.00058271,0.09945,838325802,428079596
2024-01-11T00:00:00Z,0,0.10369,625229991,312659059
2024-01-11T08:00:00Z,0.00062317,0.09222,504327690,239837198
2024-01-11T16:00:00Z,0,0.09126,220126121,111855391
2024-01-12T00:00:00Z,-0.00124711,0.09250,201170715,102704638
2024-01-12T08:00:00Z,0.00165305,0.09361,321788276,156835054
2024-01-12T16:00:00Z,0,0.08864,258181354,125155366
2024-01-13T00:00:00Z,0.00064964,0.08839,135435239,66659409
2024-01-13T08:00:00Z,-0.00104515,0.08816,87346313,42003221
2024-01-13T16:00:00Z,0,0.08974,91929801,46117537
2024-01-14T00:00:00Z,0,0.08923,95965262,47051407
2024-01-14T08:00:00Z,0,0.08914,74053599,36295917
2024-01-14T16:00:00Z,0.00013535,0.08484,101192216,47593930
2024-01-15T00:00:00Z,0.00028161,0.08741,78369839,37819657
2024-01-15T08:00:00Z,0.00038067,0.08433,77663041,35666083
2024-01-15T16:00:00Z,0,0.08613,65669979,32991796
2024-01-16T00:00:00Z,-0.00031920,0.08576,80324150,39752063
2024-01-16T08:00:00Z,0,0.08580,84651284,41982839
2024-01-16T16:00:00Z,0,0.08658,55000316,25969711
2024-01-17T00:00:00Z,0,0.08441,69001996,33964752
2024-01-17T08:00:00Z,0.00102057,0.08364,73954361,36739564
2024-01-17T16:00:00Z,-0.00008635,0.08311,66840953,30901696
2024-01-18T00:00:00Z,0.00029247,0.08406,59952651,28039292
2024-01-18T08:00:00Z,0,0.08121,86375504,41719589
2024-01-18T16:00:00Z,0,0.07852,113457939,52996736
2024-01-19T00:00:00Z,0.00028253,0.07790,87229577,41014913
2024-01-19T08:00:00Z,0.00025642,0.07562,51526072,25327822
2024-01-19T16:00:00Z,0,0.07720,111281394,53624841
2024-01-20T00:00:00Z,0,0.07568,39145360,18859658
2024-01-20T08:00:00Z,0,0.07500,43747666,23182160
2024-01-20T16:00:00Z,0.00088428,0.07536,44098328,21557619
2024-01-21T00:00:00Z,0,0.07577,48698599,24168586
2024-01-21T08:00:00Z,-0.00203948,0.07619,47249033,23645099
2024-01-21T16:00:00Z,0.00109766,0.07470,53744505,25775929
2024-01-22T00:00:00Z,0,0.07236,103779508,49225433
2024-01-22T08:00:00Z,0.00016895,0.07038,109554889,52485334
2024-01-22T16:00:00Z,0.00094932,0.06844,97432793,47567716
2024-01-23T00:00:00Z,0.00030797,0.06800,50176151,25436451
2024-01-23T08:00:00Z,0,0.06596,122707080,58534743
2024-01-23T16:00:00Z,0,0.06786,75689473,40288145
2024-01-24T00:00:00Z,0,0.06765,46619510,22541395
2024-01-24T08:00:00Z,0,0.06903,79340149,40759304
2024-01-24T16:00:00Z,0.00027125,0.07950,867008821,439042447
2024-01-25T00:00:00Z,-0.00083594,0.07395,267169500,131317428
2024-01-25T08:00:00Z,-0.00111526,0.07034,385404992,187797995
2024-01-25T16:00:00Z,0,0.07179,183717110,94221350
2024-01-26T00:00:00Z,-0.00013014,0.07246,91852464,43184011
2024-01-26T08:00:00Z,0.00002841,0.07663,133446266,68399131
2024-01-26T16:00:00Z,0,0.07765,116864239,55768880
2024-01-27T00:00:00Z,0.00098638,0.07654,184387899,83940688
2024-01-27T08:00:00Z,-0.00016362,0.07615,75740915,35707997
2024-01-27T16:00:00Z,0,0.07641,70162699,35201125
2024-01-28T00:00:00Z,0,0.07653,63717529,32099673
2024-01-28T08:00:00Z,0.00073182,0.07611,46172507,22154886
2024-01-28T16:00:00Z,-0.00007659,0.07452,47760466,21812624
2024-01-29T00:00:00Z,0,0.07580,45896424,22785478
2024-01-29T08:00:00Z,0,0.07651,44975962,22203594
2024-01-29T16:00:00Z,0,0.07694,53730955,26575309
2024-01-30T00:00:00Z,-0.00046674,0.07551,41302215,19989798
2024-01-30T08:00:00Z,0,0.07692,75120360,38891547
2024-01-30T16:00:00Z,0.00045578,0.07555,55107530,27761827
2024-01-31T00:00:00Z,0,0.07552,46297679,22205405
2024-01-31T08:00:00Z,0.00053510,0.07383,63657319,30868827
2024-01-31T16:00:00Z,0,0.07224,61582460,30807897
2024-02-01T00:00:00Z,-0.00049198,0.07190,47683330,23911645
2024-02-01T08:00:00Z,-0.00030205,0.07231,47503487,24407992
2024-02-01T16:00:00Z,0.00023483,0.07239,34820074,17454732
2024-02-02T00:00:00Z,0,0.07332,33743917,16599866
2024-02-02T08:00:00Z,0.00025882,0.07382,44617920,22190620
2024-02-02T16:00:00Z,0,0.07295,44317569,22054629
2024-02-03T00:00:00Z,0,0.07201,38458385,19539239
2024-02-03T08:00:00Z,0,0.07223,44648070,22055216
2024-02-03T16:00:00Z,-0.00006424,0.07196,58589935,28871481
2024-02-04T00:00:00Z,0.00100522,0.07117,65896882,31007690
2024-02-04T08:00:00Z,0,0.07162,34408974,17592862
2024-02-04T16:00:00Z,0,0.07059,47769546,22871952
2024-02-05T00:00:00Z,0,0.07157,41007450,20184824
2024-02-05T08:00:00Z,0.00060641,0.07051,41368557,21757524
2024-02-05T16:00:00Z,0.00192086,0.07114,33933292,17547986
2024-02-06T00:00:00Z,0,0.07129,24080652,12068499
2024-02-06T08:00:00Z,0,0.07090,33357647,16051685
2024-02-06T16:00:00Z,0,0.07148,39478846,20413800
2024-02-07T00:00:00Z,0.00008625,0.07391,61812435,31753961
2024-02-07T08:00:00Z,0,0.07309,138677726,66387087
2024-02-07T16:00:00Z,0,0.07378,62857526,28716499
2024-02-08T00:00:00Z,0,0.07294,38995837,18179321
2024-02-08T08:00:00Z,-0.00040693,0.07339,43565940,21635015
2024-02-08T16:00:00Z,0,0.07282,43270130,22763286
2024-02-09T00:00:00Z,-0.00100404,0.07649,43576880,21548398
2024-02-09T08:00:00Z,0.00017368,0.07914,256087259,125304161
2024-02-09T16:00:00Z,0,0.07897,93860743,45050171
2024-02-10T00:00:00Z,0,0.07796,42736046,20382397
2024-02-10T08:00:00Z,0.00003403,0.07727,40429343,17864709
2024-02-10T16:00:00Z,0,0.07988,63147339,33018573
2024-02-11T00:00:00Z,0.00007891,0.07883,49446631,21369022
2024-02-11T08:00:00Z,0,0.07746,50043836,23786915
2024-02-11T16:00:00Z,0.00018442,0.07706,47803799,26082341
2024-02-12T00:00:00Z,0,0.07845,49006108,23953259
2024-02-12T08:00:00Z,-0.00000914,0.07936,54133085,26691528
2024-02-12T16:00:00Z,0,0.08045,70075381,32850887
2024-02-13T00:00:00Z,0.00035637,0.07996,27436528,14056254
2024-02-13T08:00:00Z,0,0.08243,136955785,68285623
2024-02-13T16:00:00Z,0.00176542,0.08152,172743505,82356403
2024-02-14T00:00:00Z,0,0.08284,58518153,29581814
2024-02-14T08:00:00Z,0.00039944,0.08545,119758108,54083853
2024-02-14T16:00:00Z,0.00028881,0.08628,70878044,36874608
2024-02-15T00:00:00Z,0.00048079,0.09485,208009349,103733404
2024-02-15T08:00:00Z,0.00139967,0.09334,285011092,137043758
2024-02-15T16:00:00Z,0.00036816,0.09297,256523369,125026755
2024-02-16T00:00:00Z,0.00041047,0.10062,278041002,140853454
2024-02-16T08:00:00Z,0.00088205,0.09288,211864900,103723629
2024-02-16T16:00:00Z,0.00115670,0.09140,81977386,42277829
2024-02-17T00:00:00Z,0.00074530,0.09132,35825674,18499023
2024-02-17T08:00:00Z,0.00089299,0.08790,92606752,41352919
2024-02-17T16:00:00Z,0.00051338,0.09243,56413566,28943936
2024-02-18T00:00:00Z,0.00256201,0.09143,41656222,19822244
2024-02-18T08:00:00Z,0.00182974,0.09302,31482632,15869322
2024-02-18T16:00:00Z,0.00104871,0.09283,41504283,19706910
2024-02-19T00:00:00Z,0,0.09389,45922736,22247880
2024-02-19T08:00:00Z,0.00147295,0.09315,60242273,29814468
2024-02-19T16:00:00Z,0.00094138,0.09304,43558949,21152230
2024-02-20T00:00:00Z,0.00010587,0.09263,44144392,20890142
2024-02-20T08:00:00Z,0.00153706,0.08700,90651355,43502006
2024-02-20T16:00:00Z,0.00054338,0.08947,59482660,30983155
2024-02-21T00:00:00Z,0.00118197,0.08524,45914060,23743441
2024-02-21T08:00:00Z,0.00204979,0.08386,69924346,34898477
2024-02-21T16:00:00Z,0.00113152,0.08595,42621436,21639073
2024-02-22T00:00:00Z,0,0.08761,32266206,16791258
2024-02-22T08:00:00Z,0.00188151,0.08704,44259062,21228783
2024-02-22T16:00:00Z,0,0.08511,44975960,21976871
2024-02-23T00:00:00Z,0.00082122,0.08346,39452820,20376190
2024-02-23T08:00:00Z,0.00114665,0.08705,75975251,36511126
2024-02-23T16:00:00Z,0.00050074,0.08593,56952374,27681700
2024-02-24T00:00:00Z,0.00065528,0.08555,37993533,19425400
2024-02-24T08:00:00Z,0.00072009,0.08612,41122480,20484692
2024-02-24T16:00:00Z,0.00005125,0.08795,44739639,23238823
2024-02-25T00:00:00Z,0.00132953,0.08642,42887828,19193292
2024-02-25T08:00:00Z,0.00091590,0.08637,27296027,13357936
2024-02-25T16:00:00Z,0,0.08653,20316584,9522119
2024-02-26T00:00:00Z,0.00067608,0.08884,64620663,32389830
2024-02-26T08:00:00Z,0.00194360,0.08983,66846325,32034862
2024-02-26T16:00:00Z,0,0.09101,49370576,23577902
2024-02-27T00:00:00Z,0.00170134,0.09292,59917992,29223013
2024-02-27T08:00:00Z,0.00073436,0.09430,116319831,54608965
2024-02-27T16:00:00Z,0.00061525,0.09283,58658329,28523664
2024-02-28T00:00:00Z,0.00004716,0.09384,47785038,26393751
2024-02-28T08:00:00Z,0.00150653,0.09470,98850154,47949671
2024-02-28T16:00:00Z,0.00068232,0.09491,137887453,66774224
2024-02-29T00:00:00Z,0.00025586,0.10350,213257763,106323818
2024-02-29T08:00:00Z,0.00102112,0.10214,165339384,81641293
2024-02-29T16:00:00Z,0.00110577,0.09716,114190790,56337116
2024-03-01T00:00:00Z,0,0.09960,56213409,27375096
2024-03-01T08:00:00Z,0.00161304,0.10048,54575556,26406033
2024-03-01T16:00:00Z,0,0.11028,169744715,83098349
2024-03-02T00:00:00Z,0.00304223,0.10803,68639629,33698305
2024-03-02T08:00:00Z,0.00023502,0.10803,77600224,38339818
2024-03-02T16:00:00Z,0.00226945,0.10931,218417076,112334413
2024-03-03T00:00:00Z,0,0.10345,99591571,46652107
2024-03-03T08:00:00Z,0.00138524,0.10922,88712907,43706270
2024-03-03T16:00:00Z,0.00038602,0.11173,54908574,28052277
2024-03-04T00:00:00Z,0.00044981,0.11219,59834422,29441928
2024-03-04T08:00:00Z,0.00169743,0.11980,98504228,49991604
2024-03-04T16:00:00Z,0.00234320,0.11375,130674184,62039241
2024-03-05T00:00:00Z,0.00003661,0.11187,79945656,39723603
2024-03-05T08:00:00Z,0.00019796,0.10878,84428057,40631077
2024-03-05T16:00:00Z,0,0.09941,231342210,112138249
2024-03-06T00:00:00Z,0.00062535,0.10495,63974076,31507762
2024-03-06T08:00:00Z,0.00118358,0.10061,69579404,32332563
2024-03-06T16:00:00Z,0.00075392,0.10430,46017939,23280416
2024-03-07T00:00:00Z,0.00042767,0.10378,55460193,25979855
2024-03-07T08:00:00Z,0.00085306,0.10342,69672455,35182959
2024-03-07T16:00:00Z,0.00018799,0.10463,49626871,25692747
2024-03-08T00:00:00Z,0,0.10232,60294986,28973833
2024-03-08T08:00:00Z,0,0.09860,73774980,34366423
2024-03-08T16:00:00Z,0.00067076,0.10027,77754498,39146690
2024-03-09T00:00:00Z,0,0.10307,36459761,17782383
2024-03-09T08:00:00Z,0.00310241,0.10362,36649016,18427534
2024-03-09T16:00:00Z,0.00230254,0.10191,30261570,14140604
2024-03-10T00:00:00Z,0.00081906,0.10419,37754873,19504170
2024-03-10T08:00:00Z,0.00134967,0.10017,62976821,29631070
2024-03-10T16:00:00Z,0.00134395,0.10312,47290525,23867649
2024-03-11T00:00:00Z,0.00173320,0.10455,91364432,43270815
2024-03-11T08:00:00Z,0.00086686,0.10126,87349376,43055102
2024-03-11T16:00:00Z,0.00183548,0.10546,59644061,30454952
2024-03-12T00:00:00Z,0.00020771,0.10092,83513993,40242950
2024-03-12T08:00:00Z,0.00210369,0.10304,87311830,42800808
2024-03-12T16:00:00Z,0.00045031,0.10445,103608498,49175242
2024-03-13T00:00:00Z,0.00029668,0.10772,58453281,28812177
2024-03-13T08:00:00Z,0.00029688,0.10982,222305441,103448319
2024-03-13T16:00:00Z,0.00146982,0.11828,236022055,117556624
2024-03-14T00:00:00Z,0.00092854,0.11268,130375634,62890346
2024-03-14T08:00:00Z,0.00093534,0.10794,108806034,52879808
2024-03-14T16:00:00Z,0.00045683,0.11133,102538053,51011441
2024-03-15T00:00:00Z,0,0.10599,128723473,64965247
2024-03-15T08:00:00Z,0.00041929,0.09907,114637015,55013812
2024-03-15T16:00:00Z,0.00083972,0.10301,89934034,44250247
2024-03-16T00:00:00Z,0.00042974,0.10285,49853327,24292334
2024-03-16T08:00:00Z,0.00060679,0.09542,82191139,39423819
2024-03-16T16:00:00Z,0.00066108,0.08990,103168907,49885024
2024-03-17T00:00:00Z,0,0.08851,72921004,35961816
2024-03-17T08:00:00Z,0.00026057,0.09209,71342899,35345275
2024-03-17T16:00:00Z,0,0.09075,56569103,29780769
2024-03-18T00:00:00Z,0,0.09055,45290871,22775493
2024-03-18T08:00:00Z,0.00247748,0.08544,81952127,38316358
2024-03-18T16:00:00Z,0,0.08459,56397182,28358822
2024-03-19T00:00:00Z,0.00218680,0.07866,139792085,68688271
2024-03-19T08:00:00Z,-0.00022148,0.08231,123821223,62621046
2024-03-19T16:00:00Z,0,0.08772,157193676,76275210
2024-03-20T00:00:00Z,-0.00199338,0.09499,385280182,188823097
2024-03-20T08:00:00Z,-0.00269624,0.10348,753006833,379276133
2024-03-20T16:00:00Z,0,0.10059,396238486,194056477
2024-03-21T00:00:00Z,0.00015646,0.10086,137312039,66349345
2024-03-21T08:00:00Z,0.00036580,0.09846,129110028,64765755
2024-03-21T16:00:00Z,0.00248043,0.09876,99397349,49249186
2024-03-22T00:00:00Z,0,0.10438,76890670,37887747
2024-03-22T08:00:00Z,0,0.09766,109629290,54312217
2024-03-22T16:00:00Z,0,0.09948,100966586,51945863
2024-03-23T00:00:00Z,0,0.09829,53231665,26059377
2024-03-23T08:00:00Z,0.00023407,0.10006,65097892,31902530
2024-03-23T16:00:00Z,0.00014716,0.09869,46892745,23748105
2024-03-24T00:00:00Z,0.00149342,0.10027,45355255,21420796
2024-03-24T08:00:00Z,0,0.11279,349141596,174957554
2024-03-24T16:00:00Z,0.00079012,0.10703,213496945,103429021
2024-03-25T00:00:00Z,0.00055570,0.10779,86174559,41778977
2024-03-25T08:00:00Z,0.00061088,0.11107,81131748,41922305
2024-03-25T16:00:00Z,0.00236613,0.11757,129935099,59379205
2024-03-26T00:00:00Z,0.00144564,0.12045,188389850,96845131
2024-03-26T08:00:00Z,0.00149351,0.11831,103057179,50439575
2024-03-26T16:00:00Z,0,0.11944,89752682,43887259
2024-03-27T00:00:00Z,0.00285566,0.11970,56502344,27069294
2024-03-27T08:00:00Z,0,0.11847,141298561,70950651
2024-03-27T16:00:00Z,0.00131759,0.11680,53413250,25896894
2024-03-28T00:00:00Z,0.00049119,0.12164,63293574,31269314
2024-03-28T08:00:00Z,0.00143544,0.12069,55269204,26369696
2024-03-28T16:00:00Z,0.00120496,0.11520,47496852,22608078
2024-03-29T00:00:00Z,0,0.11978,90871579,45641311
2024-03-29T08:00:00Z,0.00055277,0.12632,257742135,130334812
2024-03-29T16:00:00Z,0.00073626,0.12516,95156037,48382446
2024-03-30T00:00:00Z,0.00008050,0.12295,232073617,115585894
2024-03-30T08:00:00Z,0.00114178,0.12073,66730833,33057510
2024-03-30T16:00:00Z,0.00058060,0.11838,56032177,26592696
2024-03-31T00:00:00Z,0.00026889,0.11873,39331050,20273136
2024-03-31T08:00:00Z,0.00062607,0.11943,37078204,18758425
2024-03-31T16:00:00Z,0.00232765,0.11997,27869682,12865528
2024-04-01T00:00:00Z,0.00079627,0.12092,75515179,36886258
2024-04-01T08:00:00Z,0.00194900,0.11532,66707430,32289836
2024-04-01T16:00:00Z,0,0.11841,55562049,28270412
2024-04-02T00:00:00Z,0.00103597,0.11067,86056010,40299075
2024-04-02T08:00:00Z,0.00049360,0.10849,75019676,33195395
2024-04-02T16:00:00Z,0.00195403,0.11382,51856686,25519945
2024-04-03T00:00:00Z,-0.00072988,0.12379,130412832,64447358
2024-04-03T08:00:00Z,0,0.11504,156196327,75764478
2024-04-03T16:00:00Z,0.00002521,0.11084,90316764,42460817
2024-04-04T00:00:00Z,0,0.11289,56090759,26658695
2024-04-04T08:00:00Z,0.00107229,0.12338,121791121,59311534
2024-04-04T16:00:00Z,0.00065059,0.12500,114912484,57513750
2024-04-05T00:00:00Z,0.00047488,0.11860,112188794,54158970
2024-04-05T08:00:00Z,-0.00012631,0.12369,91048152,46487243
2024-04-05T16:00:00Z,0.00021303,0.11939,126944442,61100882
2024-04-06T00:00:00Z,-0.00059446,0.11827,80031792,41485416
2024-04-06T08:00:00Z,0,0.11670,39612614,19506284
2024-04-06T16:00:00Z,-0.00066222,0.11578,46622477,22786312
2024-04-07T00:00:00Z,-0.00006540,0.11601,26144852,12639349
2024-04-07T08:00:00Z,0,0.11606,33089740,17105203
2024-04-07T16:00:00Z,-0.00053066,0.11801,38418627,17853396
2024-04-08T00:00:00Z,0,0.11895,42515101,20039383
2024-04-08T08:00:00Z,0.00004842,0.12040,46393144,22494141
2024-04-08T16:00:00Z,0.00047424,0.12008,23420221,10409529
2024-04-09T00:00:00Z,0,0.11573,36069733,17250958
2024-04-09T08:00:00Z,0.00114310,0.11537,46269514,22240347
2024-04-09T16:00:00Z,0.00011849,0.12120,61126817,29021426
2024-04-10T00:00:00Z,0,0.11475,84407971,43076685
2024-04-10T08:00:00Z,0.00034615,0.11533,65314376,30934575
2024-04-10T16:00:00Z,0,0.11708,31994292,16080209
2024-04-11T00:00:00Z,0.00144455,0.12043,37182349,17150196
2024-04-11T08:00:00Z,0.00102277,0.11512,50864427,25542393
2024-04-11T16:00:00Z,0.00032797,0.11458,24675789,12064008
2024-04-12T00:00:00Z,0,0.11311,35751247,16842972
2024-04-12T08:00:00Z,0,0.10881,40503532,19448193
2024-04-12T16:00:00Z,-0.00062424,0.09939,167548606,76029140
2024-04-13T00:00:00Z,-0.00129916,0.09890,43312854,22203197
2024-04-13T08:00:00Z,-0.00092604,0.09923,35711083,16896262
2024-04-13T16:00:00Z,0,0.08682,184118115,90932556
2024-04-14T00:00:00Z,0,0.09138,86455706,44329599
2024-04-14T08:00:00Z,0.00091189,0.08901,70297435,34284406
2024-04-14T16:00:00Z,0,0.09342,73979442,37387143
2024-04-15T00:00:00Z,-0.00021714,0.10024,59597562,29461896
2024-04-15T08:00:00Z,0.00016365,0.09651,93381042,46613167
2024-04-15T16:00:00Z,0,0.09213,85228889,45015916
2024-04-16T00:00:00Z,0,0.09695,59588006,29811073
2024-04-16T08:00:00Z,-0.00174957,0.09110,66734391,31503840
2024-04-16T16:00:00Z,-0.00094063,0.09546,58908012,29360967
2024-04-17T00:00:00Z,-0.00043635,0.09414,195996567,96952779
2024-04-17T08:00:00Z,-0.00093045,0.08860,125600273,64437114
2024-04-17T16:00:00Z,0,0.09377,87275884,44883928
2024-04-18T00:00:00Z,-0.00124758,0.08864,80714210,39297168
2024-04-18T08:00:00Z,0,0.09512,87700891,44718410
2024-04-18T16:00:00Z,0,0.09132,48606261,23075700
2024-04-19T00:00:00Z,-0.00006283,0.09174,94437076,48496376
2024-04-19T08:00:00Z,0.00037810,0.09491,73174004,35355451
2024-04-19T16:00:00Z,-0.00032698,0.09180,40953224,20052857
2024-04-20T00:00:00Z,-0.00129231,0.09173,35374091,19015728
2024-04-20T08:00:00Z,0,0.09425,40844842,18754815
2024-04-20T16:00:00Z,0,0.09774,47065405,23369887
2024-04-21T00:00:00Z,0,0.09816,37535776,18909396
2024-04-21T08:00:00Z,0.00037600,0.09620,39909930,18919699
2024-04-21T16:00:00Z,0,0.09648,36089182,18641545
2024-04-22T00:00:00Z,-0.00040268,0.09852,45889492,23566794
2024-04-22T08:00:00Z,0.00002755,0.09936,34476077,17153795
2024-04-22T16:00:00Z,-0.00068767,0.10022,32437385,15481946
2024-04-23T00:00:00Z,0,0.09860,27360361,12589571
2024-04-23T08:00:00Z,0,0.09961,28077999,14480966
2024-04-23T16:00:00Z,0,0.10002,110548558,56000462
2024-04-24T00:00:00Z,-0.00000638,0.10258,42366116,21315973
2024-04-24T08:00:00Z,-0.00119669,0.09822,39860116,19601867
2024-04-24T16:00:00Z,0,0.09573,44941063,21258525
2024-04-25T00:00:00Z,-0.00031188,0.09345,29201149,15891929
2024-04-25T08:00:00Z,0,0.09499,29660236,15154779
2024-04-25T16:00:00Z,-0.00051672,0.09370,32806444,17081430
2024-04-26T00:00:00Z,0,0.09068,31585433,15794814
2024-04-26T08:00:00Z,-0.00174055,0.08995,40340304,19879549
2024-04-26T16:00:00Z,-0.00069249,0.08928,26453772,13688312
2024-04-27T00:00:00Z,-0.00123907,0.08697,38079195,17934072
2024-04-27T08:00:00Z,-0.00014347,0.08575,29173210,15704514
2024-04-27T16:00:00Z,-0.00072460,0.08786,26164373,13097576
2024-04-28T00:00:00Z,-0.00028272,0.09058,27228984,12867199
2024-04-28T08:00:00Z,-0.00078763,0.08778,33201640,16898405
2024-04-28T16:00:00Z,-0.00001379,0.08572,23456205,11560669
2024-04-29T00:00:00Z,-0.00076662,0.08450,35970248,17649821
2024-04-29T08:00:00Z,0,0.08452,31765936,15451185
2024-04-29T16:00:00Z,-0.00170632,0.08493,30295440,16323354
2024-04-30T00:00:00Z,-0.00055929,0.08329,27260728,13725538
2024-04-30T08:00:00Z,0,0.07366,233612338,112926968
2024-04-30T16:00:00Z,0,0.07569,106486364,55042430
2024-05-01T00:00:00Z,0.00001684,0.07334,87290129,41185394
2024-05-01T08:00:00Z,0,0.07436,114042663,57248562
2024-05-01T16:00:00Z,-0.00171747,0.07591,112511381,55364101
2024-05-02T00:00:00Z,-0.00173100,0.07396,50047804,26042941
2024-05-02T08:00:00Z,-0.00144929,0.07583,80037100,39250064
2024-05-02T16:00:00Z,-0.00033495,0.07447,56230111,26258075
2024-05-03T00:00:00Z,0,0.07405,39421569,19495665
2024-05-03T08:00:00Z,-0.00006096,0.07691,54778392,26634034
2024-05-03T16:00:00Z,0,0.07840,41827430,20804335
2024-05-04T00:00:00Z,-0.00046081,0.07782,24382381,11564320
2024-05-04T08:00:00Z,0,0.07943,37741792,20349961
2024-05-04T16:00:00Z,0,0.07867,27557743,12883800
2024-05-05T00:00:00Z,0,0.07777,33655422,16748341
2024-05-05T08:00:00Z,0,0.08054,25822111,13407281
2024-05-05T16:00:00Z,-0.00036826,0.07973,23691204,10768243
2024-05-06T00:00:00Z,0,0.08039,23215220,11227133
2024-05-06T08:00:00Z,-0.00011041,0.07846,46476181,22576594
2024-05-06T16:00:00Z,0,0.07617,25802181,12201116
2024-05-07T00:00:00Z,-0.00047235,0.07572,29001175,15073324
2024-05-07T08:00:00Z,-0.00101094,0.07744,25941291,12615093
2024-05-07T16:00:00Z,-0.00201076,0.07395,28543806,13062579
2024-05-08T00:00:00Z,0,0.07160,34638785,17577729
2024-05-08T08:00:00Z,0,0.07183,42911373,21856050
2024-05-08T16:00:00Z,-0.00194233,0.07072,41651766,19313182
2024-05-09T00:00:00Z,0,0.07067,32702411,15411716
2024-05-09T08:00:00Z,0.00013425,0.07233,40499152,20307046
2024-05-09T16:00:00Z,-0.00162260,0.07283,26048444,13054412
2024-05-10T00:00:00Z,-0.00268002,0.07564,46776610,23053625
2024-05-10T08:00:00Z,-0.00027804,0.07136,64414248,30767995
2024-05-10T16:00:00Z,-0.00082216,0.07176,51674061,23593998
2024-05-11T00:00:00Z,-0.00095014,0.07212,22600240,10951668
2024-05-11T08:00:00Z,0,0.07272,24871165,13158721
2024-05-11T16:00:00Z,-0.00008630,0.07064,21289588,10939761
2024-05-12T00:00:00Z,-0.00107422,0.07007,18909384,9063162
2024-05-12T08:00:00Z,-0.00010779,0.07090,24975019,11431332
2024-05-12T16:00:00Z,0,0.06953,21617505,10239001
2024-05-13T00:00:00Z,0,0.07057,48266661,22796313
2024-05-13T08:00:00Z,-0.00025950,0.07062,39689629,18711452
2024-05-13T16:00:00Z,-0.00028714,0.06955,48272867,23959613
2024-05-14T00:00:00Z,0,0.06962,34639483,17147366
2024-05-14T08:00:00Z,0,0.06876,39169310,19023190
2024-05-14T16:00:00Z,0,0.06699,28155161,13779339
2024-05-15T00:00:00Z,-0.00040550,0.06822,17724370,9105728
2024-05-15T08:00:00Z,-0.00121011,0.07136,48817912,24143672
2024-05-15T16:00:00Z,-0.00059011,0.07192,27042277,13537068
2024-05-16T00:00:00Z,-0.00003678,0.07360,32825054,16402282
2024-05-16T08:00:00Z,0.00027659,0.07170,36425518,17146940
2024-05-16T16:00:00Z,0.00058421,0.07154,21708628,10716857
2024-05-17T00:00:00Z,-0.00066620,0.07337,17318240,8969550
2024-05-17T08:00:00Z,0,0.07472,37251247,18000674
2024-05-17T16:00:00Z,-0.00039686,0.07400,22325023,11139664
2024-05-18T00:00:00Z,0,0.07458,15052662,7355378
2024-05-18T08:00:00Z,0.00013367,0.07509,22896860,11042404
2024-05-18T16:00:00Z,0,0.07507,13771394,6462458
2024-05-19T00:00:00Z,-0.00062163,0.07427,14465652,7147957
2024-05-19T08:00:00Z,0,0.07231,22629933,11433788
2024-05-19T16:00:00Z,-0.00028981,0.07130,17372209,8505611
2024-05-20T00:00:00Z,0,0.07302,37049428,18118218
2024-05-20T08:00:00Z,0,0.07361,18585558,9549679
2024-05-20T16:00:00Z,0,0.08180,63555306,32212027
2024-05-21T00:00:00Z,0,0.08240,51511053,25646999
2024-05-21T08:00:00Z,0,0.08778,110471454,52321715
2024-05-21T16:00:00Z,-0.00022713,0.09134,511582269,261497211
2024-05-22T00:00:00Z,0.00015949,0.09404,163017319,80665962
2024-05-22T08:00:00Z,-0.00032180,0.08991,123221514,59422886
2024-05-22T16:00:00Z,0,0.08931,66208997,36074383
2024-05-23T00:00:00Z,0,0.08851,35047088,17826409
2024-05-23T08:00:00Z,0.00059994,0.08773,74016388,35392319
2024-05-23T16:00:00Z,0.00035647,0.09091,82732161,42853052
2024-05-24T00:00:00Z,0,0.08853,49833048,22681065
2024-05-24T08:00:00Z,0,0.08760,43514745,22361569
2024-05-24T16:00:00Z,0.00099506,0.08902,30113160,15247425
2024-05-25T00:00:00Z,0.00187936,0.09156,28900765,14199884
2024-05-25T08:00:00Z,0,0.09001,24402495,11252676
2024-05-25T16:00:00Z,0.00044536,0.08980,15886160,7354742
2024-05-26T00:00:00Z,0,0.08922,17200073,8675717
2024-05-26T08:00:00Z,0.00058864,0.08968,34783486,16371295
2024-05-26T16:00:00Z,-0.00013607,0.08861,23424919,11558747
2024-05-27T00:00:00Z,0.00036153,0.08744,19825541,10179292
2024-05-27T08:00:00Z,0.00012080,0.08980,27476615,14634937
2024-05-27T16:00:00Z,0,0.08841,24181650,11972403
2024-05-28T00:00:00Z,0,0.08552,30520071,14456730
2024-05-28T08:00:00Z,0.00030381,0.08463,31121807,16102286
2024-05-28T16:00:00Z,0.00025729,0.08459,28103322,14473930
2024-05-29T00:00:00Z,0,0.08523,25554823,12782338
2024-05-29T08:00:00Z,-0.00205671,0.08514,39554367,19632695
2024-05-29T16:00:00Z,0,0.08404,22687123,11205143
2024-05-30T00:00:00Z,0.00086662,0.08180,23265120,10577997
2024-05-30T08:00:00Z,0.00157649,0.08483,29724185,15014472
2024-05-30T16:00:00Z,0.00027152,0.08185,28742358,13847958
2024-05-31T00:00:00Z,0.00090896,0.08153,28914719,14880861
2024-05-31T08:00:00Z,0,0.07938,41490345,19349084
2024-05-31T16:00:00Z,-0.00037277,0.08000,25408125,12377014
2024-06-01T00:00:00Z,0,0.07999,17156279,7899505
2024-06-01T08:00:00Z,0,0.07952,14139468,6960804
2024-06-01T16:00:00Z,0,0.07911,12574440,6391140
2024-06-02T00:00:00Z,0,0.07862,18917223,9335211
2024-06-02T08:00:00Z,0.00000235,0.08131,39750903,18954726
2024-06-02T16:00:00Z,0.00102691,0.07830,41248965,19021099
2024-06-03T00:00:00Z,0,0.07919,39989574,18750359
2024-06-03T08:00:00Z,0,0.07899,33241409,16540506
2024-06-03T16:00:00Z,0.00134541,0.07682,26998417,11927948
2024-06-04T00:00:00Z,0.00018713,0.07704,31474658,14901413
2024-06-04T08:00:00Z,0.00031260,0.07808,35656124,16780776
2024-06-04T16:00:00Z,0,0.07327,165505365,81508255
2024-06-05T00:00:00Z,-0.00005170,0.07569,72212921,34900547
2024-06-05T08:00:00Z,0.00083683,0.07522,55672484,26517712
2024-06-05T16:00:00Z,0.00077669,0.07836,113475831,55752393
2024-06-06T00:00:00Z,0.00064600,0.07618,49715296,24120731
2024-06-06T08:00:00Z,0,0.07534,28233908,15294484
2024-06-06T16:00:00Z,0.00090862,0.07468,31647795,14533828
2024-06-07T00:00:00Z,0.00146861,0.07378,26478124,12878406
2024-06-07T08:00:00Z,0.00005393,0.07400,35709594,17237961
2024-06-07T16:00:00Z,0.00063196,0.06916,132298858,60106241
2024-06-08T00:00:00Z,0,0.06949,20057227,9331872
2024-06-08T08:00:00Z,-0.00003899,0.06723,40125032,19259932
2024-06-08T16:00:00Z,0,0.06604,35693548,17349435
2024-06-09T00:00:00Z,0,0.06559,21354980,10189386
2024-06-09T08:00:00Z,0,0.06625,19889056,10274888
2024-06-09T16:00:00Z,0,0.06608,15082443,6710737
2024-06-10T00:00:00Z,0,0.06324,23030309,11170567
2024-06-10T08:00:00Z,0,0.06596,25869307,13302430
2024-06-10T16:00:00Z,0,0.06383,28551772,14620481
2024-06-11T00:00:00Z,0.00266800,0.06318,37193822,18212319
2024-06-11T08:00:00Z,0,0.06101,41453519,19138245
2024-06-11T16:00:00Z,0.00002814,0.06087,33108102,16579751
2024-06-12T00:00:00Z,0.00133706,0.06182,20526162,10090668
2024-06-12T08:00:00Z,0,0.06486,39463903,20667154
2024-06-12T16:00:00Z,0.00005252,0.06492,36676204,16894107
2024-06-13T00:00:00Z,0,0.06527,41605953,20030809
2024-06-13T08:00:00Z,0,0.06674,456892805,232528652
2024-06-13T16:00:00Z,-0.00094931,0.06612,383810534,189618858
2024-06-14T00:00:00Z,-0.00033644,0.06415,121096562,57218070
2024-06-14T08:00:00Z,0,0.06117,101271769,45958281
2024-06-14T16:00:00Z,0,0.06313,106073565,52861740
2024-06-15T00:00:00Z,0,0.06532,63044917,31109284
2024-06-15T08:00:00Z,-0.00070953,0.06334,42291898,19562457
2024-06-15T16:00:00Z,-0.00030444,0.06341,29086665,15462983
2024-06-16T00:00:00Z,0,0.06296,21662655,10025928
2024-06-16T08:00:00Z,0,0.06283,20187392,9288280
2024-06-16T16:00:00Z,0,0.06260,23439035,11779960
2024-06-17T00:00:00Z,-0.00080844,0.05986,35878111,17005389
2024-06-17T08:00:00Z,-0.00105035,0.05887,47418645,22757078
2024-06-17T16:00:00Z,-0.00053604,0.05891,49302552,23739143
2024-06-18T00:00:00Z,-0.00029201,0.05557,127157820,62092193
2024-06-18T08:00:00Z,0,0.05278,75112781,37605365
2024-06-18T16:00:00Z,-0.00069318,0.05377,56673239,26950102
2024-06-19T00:00:00Z,-0.00051816,0.05535,31817103,14414882
2024-06-19T08:00:00Z,-0.00006761,0.05350,33030745,16413991
2024-06-19T16:00:00Z,-0.00001778,0.05534,35074104,18081574
2024-06-20T00:00:00Z,0.00219693,0.05719,36951053,17480428
2024-06-20T08:00:00Z,-0.00286569,0.05428,36525996,18739688
2024-06-20T16:00:00Z,0,0.05474,27748862,14027299
2024-06-21T00:00:00Z,-0.00025461,0.05458,28224744,13078509
2024-06-21T08:00:00Z,0,0.05460,44904013,21747565
2024-06-21T16:00:00Z,0,0.05384,30104916,15286820
2024-06-22T00:00:00Z,-0.00011423,0.05191,29501522,14525005
2024-06-22T08:00:00Z,0,0.05269,22466998,11745083
2024-06-22T16:00:00Z,-0.00081921,0.05285,35052623,16408537
2024-06-23T00:00:00Z,-0.00024431,0.05428,23881217,12802914
2024-06-23T08:00:00Z,0.00006685,0.05287,27656262,13385726
2024-06-23T16:00:00Z,0,0.05202,34660914,16700824
2024-06-24T00:00:00Z,-0.00192468,0.05019,41570386,20053523
2024-06-24T08:00:00Z,0,0.04953,83515047,40738936
2024-06-24T16:00:00Z,0,0.05182,47122636,24234206
2024-06-25T00:00:00Z,-0.00198028,0.05167,41681014,19429487
2024-06-25T08:00:00Z,-0.00153585,0.05336,33688700,16992184
2024-06-25T16:00:00Z,0.00138745,0.05309,26350721,12522571
2024-06-26T00:00:00Z,0.00048230,0.05257,22952902,10704918
2024-06-26T08:00:00Z,0,0.05219,21658044,11375297
2024-06-26T16:00:00Z,-0.00017378,0.05136,22516096,10637558
2024-06-27T00:00:00Z,0,0.05098,23119643,11067248
2024-06-27T08:00:00Z,-0.00009911,0.05287,38555480,17738635
2024-06-27T16:00:00Z,-0.00071804,0.05291,20104550,9329103
2024-06-28T00:00:00Z,0,0.05256,17794045,8554032
2024-06-28T08:00:00Z,-0.00163432,0.05254,25427876,12830055
2024-06-28T16:00:00Z,0,0.05066,25080976,12107951
2024-06-29T00:00:00Z,-0.00062078,0.05029,27242829,12071326
2024-06-29T08:00:00Z,0,0.05012,16816545,8469960
2024-06-29T16:00:00Z,0,0.04880,21628715,10950096
2024-06-30T00:00:00Z,-0.00072047,0.04949,24275296,12302137
2024-06-30T08:00:00Z,0,0.05003,15845938,8055079
2024-06-30T16:00:00Z,-0.00012797,0.05120,22732759,11510408
2024-07-01T00:00:00Z,0,0.05153,23425322,11911935
2024-07-01T08:00:00Z,0.00039319,0.05044,20988930,10155689
2024-07-01T16:00:00Z,0,0.05030,15978052,7736565
2024-07-02T00:00:00Z,0,0.04990,13212481,5866517
2024-07-02T08:00:00Z,0,0.04915,19885370,9758892
2024-07-02T16:00:00Z,0,0.04959,16769754,8255750
2024-07-03T00:00:00Z,0,0.04856,21866181,10123985
2024-07-03T08:00:00Z,0,0.04782,31348478,16547948
2024-07-03T16:00:00Z,0,0.04664,24027226,11672994
2024-07-04T00:00:00Z,0,0.04431,49337841,23225474
2024-07-04T08:00:00Z,0,0.04346,43755280,21879811
2024-07-04T16:00:00Z,0,0.04126,37228441,17245914
2024-07-05T00:00:00Z,0,0.03772,150598497,70628715
2024-07-05T08:00:00Z,0.00126483,0.03698,129311794,60019097
2024-07-05T16:00:00Z,-0.00033745,0.03887,140144800,71980482
2024-07-06T00:00:00Z,-0.00113777,0.04010,96477194,43883233
2024-07-06T08:00:00Z,-0.00032727,0.04126,59592777,30245432
2024-07-06T16:00:00Z,0,0.04143,69642251,31685878
2024-07-07T00:00:00Z,0,0.04081,39984859,20025640
2024-07-07T08:00:00Z,0,0.04034,42545556,21162604
2024-07-07T16:00:00Z,0,0.03999,35605993,17931282
2024-07-08T00:00:00Z,-0.00003021,0.04089,63735796,30305237
2024-07-08T08:00:00Z,-0.00035173,0.04169,96883515,47363549
2024-07-08T16:00:00Z,-0.00036110,0.04192,37332803,19206425
2024-07-09T00:00:00Z,-0.00129874,0.04249,40828155,21586605
2024-07-09T08:00:00Z,0,0.04266,31864449,15507689
2024-07-09T16:00:00Z,0,0.04309,23981493,11310914
2024-07-10T00:00:00Z,0,0.04385,25253807,12107993
2024-07-10T08:00:00Z,0,0.04268,22564731,10438185
2024-07-10T16:00:00Z,-0.00026819,0.04262,17358298,8394113
2024-07-11T00:00:00Z,0,0.04262,18439419,8724971
2024-07-11T08:00:00Z,0,0.04310,39738996,18772900
2024-07-11T16:00:00Z,0,0.04222,30947097,15460957
2024-07-12T00:00:00Z,-0.00038456,0.04222,21678347,10947878
2024-07-12T08:00:00Z,-0.00000297,0.04277,22643744,11223640
2024-07-12T16:00:00Z,0.00023301,0.04270,13854353,6918038
2024-07-13T00:00:00Z,0,0.04338,14998846,7729215
2024-07-13T08:00:00Z,-0.00020558,0.04313,11986160,5932783
2024-07-13T16:00:00Z,-0.00027590,0.04301,18309722,9241766
2024-07-14T00:00:00Z,-0.00069239,0.04384,20000529,9938126
2024-07-14T08:00:00Z,0,0.04390,13553124,6569257
2024-07-14T16:00:00Z,0,0.04549,19179651,10294441
2024-07-15T00:00:00Z,-0.00039400,0.04611,31818417,16539153
2024-07-15T08:00:00Z,0,0.04565,28675301,13983168
2024-07-15T16:00:00Z,0,0.04836,28526446,15097518
2024-07-16T00:00:00Z,-0.00022901,0.04632,30297085,13967898
2024-07-16T08:00:00Z,0,0.04806,24273454,11888898
2024-07-16T16:00:00Z,0,0.04822,26501705,12403159
2024-07-17T00:00:00Z,-0.00027311,0.04961,22069317,11653367
2024-07-17T08:00:00Z,0,0.04808,34554665,15376900
2024-07-17T16:00:00Z,0,0.04822,25625362,13502997
2024-07-18T00:00:00Z,-0.00049108,0.04838,17456552,8398375
2024-07-18T08:00:00Z,-0.00260001,0.04745,18389495,9569615
2024-07-18T16:00:00Z,0,0.04772,32100555,16049460
2024-07-19T00:00:00Z,0,0.04701,14895197,7573252
2024-07-19T08:00:00Z,-0.00101037,0.04831,25920850,13355145
2024-07-19T16:00:00Z,0,0.05064,105295649,54142623
2024-07-20T00:00:00Z,-0.00105483,0.05063,35360227,17092676
2024-07-20T08:00:00Z,-0.00002116,0.05134,49416873,24969580
2024-07-20T16:00:00Z,-0.00097056,0.05247,57971535,27913392
2024-07-21T00:00:00Z,-0.00043849,0.05142,22352169,10255213
2024-07-21T08:00:00Z,-0.00033153,0.05200,21734797,11457144
2024-07-21T16:00:00Z,0,0.05266,41891212,19712396
2024-07-22T00:00:00Z,0,0.05068,28265680,13027554
2024-07-22T08:00:00Z,-0.00023126,0.05069,23963192,11645096
2024-07-22T16:00:00Z,-0.00041328,0.04923,25059454,11948932
2024-07-23T00:00:00Z,0,0.04837,24699479,11011335
2024-07-23T08:00:00Z,-0.00066835,0.04918,30243491,15624854
2024-07-23T16:00:00Z,0,0.04815,30192358,14566980
2024-07-24T00:00:00Z,0,0.04814,17094844,8742114
2024-07-24T08:00:00Z,-0.00178335,0.04687,23299692,10888783
2024-07-24T16:00:00Z,0,0.04535,41563282,17711226
2024-07-25T00:00:00Z,-0.00113819,0.04479,40278523,20864530
2024-07-25T08:00:00Z,-0.00100506,0.04458,26201376,12530010
2024-07-25T16:00:00Z,-0.00054457,0.04534,24331489,11400484
2024-07-26T00:00:00Z,0,0.04749,29798986,15603465
2024-07-26T08:00:00Z,-0.00024169,0.04717,27452842,13599282
2024-07-26T16:00:00Z,0,0.04860,27395734,13766974
2024-07-27T00:00:00Z,-0.00023341,0.04837,15241667,6993553
2024-07-27T08:00:00Z,0,0.05272,365856967,188378715
2024-07-27T16:00:00Z,-0.00010661,0.05156,307505984,149463330
2024-07-28T00:00:00Z,-0.00003614,0.05043,87834294,44304466
2024-07-28T08:00:00Z,-0.00107713,0.05235,347846581,177087367
2024-07-28T16:00:00Z,0,0.05051,95409062,41830077
2024-07-29T00:00:00Z,0,0.05170,63346646,30918672
2024-07-29T08:00:00Z,0,0.05098,51269345,26376410
2024-07-29T16:00:00Z,0,0.04990,54047500,23481262
2024-07-30T00:00:00Z,-0.00001025,0.05060,30433377,14764172
2024-07-30T08:00:00Z,0.00069369,0.05087,27714247,12997996
2024-07-30T16:00:00Z,-0.00135978,0.05238,139301005,72788135
2024-07-31T00:00:00Z,0,0.05350,264864713,128790447
2024-07-31T08:00:00Z,-0.00039502,0.05098,113772042,55400708
2024-07-31T16:00:00Z,-0.00103977,0.04898,93219288,42639733
2024-08-01T00:00:00Z,-0.00008069,0.04855,51804563,24108609
2024-08-01T08:00:00Z,-0.00053513,0.04814,80958727,41798901
2024-08-01T16:00:00Z,-0.00094886,0.05542,343018465,169019611
2024-08-02T00:00:00Z,-0.00040011,0.05288,320417633,164269825
2024-08-02T08:00:00Z,0,0.05024,264848438,126583432
2024-08-02T16:00:00Z,0,0.04892,101853055,50351033
2024-08-03T00:00:00Z,0.00109052,0.05074,208947313,106942256
2024-08-03T08:00:00Z,-0.00050659,0.04502,236644413,114184224
2024-08-03T16:00:00Z,-0.00089326,0.04350,750924236,371921268
2024-08-04T00:00:00Z,0,0.04186,129227396,63320487
2024-08-04T08:00:00Z,-0.00022869,0.04162,344295567,172013561
2024-08-04T16:00:00Z,0,0.04066,259054722,131802882
2024-08-05T00:00:00Z,-0.00035979,0.03474,508739472,245199986
2024-08-05T08:00:00Z,-0.00055529,0.03255,662553157,329864331
2024-08-05T16:00:00Z,0,0.03262,407995597,198736306
2024-08-06T00:00:00Z,-0.00090726,0.03613,404073392,197433231
2024-08-06T08:00:00Z,-0.00173704,0.03556,246515113,117583713
2024-08-06T16:00:00Z,0.00071766,0.03472,145585174,69776165
2024-08-07T00:00:00Z,-0.00012758,0.03537,128796144,63038242
2024-08-07T08:00:00Z,0.00008872,0.03320,140989245,66518313
2024-08-07T16:00:00Z,0,0.03202,130870370,67397108
2024-08-08T00:00:00Z,-0.00125568,0.03319,82288897,41920846
2024-08-08T08:00:00Z,-0.00071609,0.03409,101635831,50506971
2024-08-08T16:00:00Z,-0.00058500,0.03547,114783786,59781029
2024-08-09T00:00:00Z,0,0.03507,117295433,59438329
2024-08-09T08:00:00Z,-0.00042478,0.03415,98534024,47407688
2024-08-09T16:00:00Z,0,0.03462,59780735,29932585
2024-08-10T00:00:00Z,-0.00016150,0.03474,64034354,31477292
2024-08-10T08:00:00Z,-0.00063345,0.03404,51276131,23973863
2024-08-10T16:00:00Z,-0.00029829,0.03480,61229534,33646729
2024-08-11T00:00:00Z,-0.00001685,0.03551,79058912,38310462
2024-08-11T08:00:00Z,0,0.03450,154332463,74544675
2024-08-11T16:00:00Z,-0.00006801,0.03273,113684314,54006171
2024-08-12T00:00:00Z,0,0.03343,77692380,38617727
2024-08-12T08:00:00Z,0,0.03477,128548336,63975194
2024-08-12T16:00:00Z,0,0.03468,70521779,37964116
2024-08-13T00:00:00Z,-0.00183216,0.03421,41651186,20466969
2024-08-13T08:00:00Z,-0.00018432,0.03377,33682787,16451734
2024-08-13T16:00:00Z,0,0.03456,49716632,24878411
2024-08-14T00:00:00Z,0,0.03386,32647062,16035677
2024-08-14T08:00:00Z,-0.00106891,0.03431,108477112,53571787
2024-08-14T16:00:00Z,-0.00046286,0.03374,36083038,17009601
2024-08-15T00:00:00Z,-0.00066274,0.03322,56292557,28051683
2024-08-15T08:00:00Z,-0.00110476,0.03396,68887049,37233462
2024-08-15T16:00:00Z,-0.00081279,0.03226,69776460,34633991
2024-08-16T00:00:00Z,-0.00094217,0.03259,36463826,18224188
2024-08-16T08:00:00Z,0,0.03089,69627135,33697144
2024-08-16T16:00:00Z,-0.00067909,0.03209,51827648,25187813
2024-08-17T00:00:00Z,0,0.03225,27041714,12170882
2024-08-17T08:00:00Z,-0.00003705,0.03301,59232425,29065133
2024-08-17T16:00:00Z,0,0.03335,34794422,17411875
2024-08-18T00:00:00Z,-0.00073766,0.03283,22458731,11340666
2024-08-18T08:00:00Z,-0.00034092,0.03449,114675208,60068464
2024-08-18T16:00:00Z,-0.00004502,0.03371,34661738,16441956
2024-08-19T00:00:00Z,-0.00037729,0.03389,29116808,13890850
2024-08-19T08:00:00Z,-0.00083069,0.03393,53430670,26657522
2024-08-19T16:00:00Z,-0.00034904,0.03496,91506581,46495260
2024-08-20T00:00:00Z,-0.00002866,0.03476,53759899,24864586
2024-08-20T08:00:00Z,0,0.03382,55011726,25718897
2024-08-20T16:00:00Z,-0.00190335,0.03445,28438783,13451177
2024-08-21T00:00:00Z,-0.00013781,0.03466,23048658,11660878
2024-08-21T08:00:00Z,-0.00096251,0.03410,37664716,19448628
2024-08-21T16:00:00Z,-0.00065275,0.03531,63188811,31862100
2024-08-22T00:00:00Z,0,0.03533,22689401,10423513
2024-08-22T08:00:00Z,0,0.03530,52118276,25227635
2024-08-22T16:00:00Z,0,0.03573,26296509,13228572
2024-08-23T00:00:00Z,-0.00159468,0.03642,50299405,22273283
2024-08-23T08:00:00Z,-0.00023654,0.03611,90510380,41907301
2024-08-23T16:00:00Z,0,0.03780,90213921,44286965
2024-08-24T00:00:00Z,0,0.03849,51521122,27079043
2024-08-24T08:00:00Z,0,0.03891,85078956,40915290
2024-08-24T16:00:00Z,-0.00054740,0.03872,99656152,46003132
2024-08-25T00:00:00Z,0,0.03707,56995484,26394174
2024-08-25T08:00:00Z,0,0.03775,34617439,17496490
2024-08-25T16:00:00Z,0,0.03765,32017589,15980709
2024-08-26T00:00:00Z,-0.00076793,0.03701,46262197,20630005
2024-08-26T08:00:00Z,-0.00217082,0.03611,53203389,26075834
2024-08-26T16:00:00Z,0,0.03506,53615347,24528690
2024-08-27T00:00:00Z,-0.00053280,0.03497,31383310,13968894
2024-08-27T08:00:00Z,-0.00085774,0.03417,50764916,25032720
2024-08-27T16:00:00Z,-0.00067119,0.03254,84182461,40630212
2024-08-28T00:00:00Z,-0.00059731,0.03193,38126797,17931128
2024-08-28T08:00:00Z,0,0.03218,52565664,26030214
2024-08-28T16:00:00Z,-0.00025793,0.03168,70432680,36596923
2024-08-29T00:00:00Z,-0.00056134,0.03203,23933123,11764647
2024-08-29T08:00:00Z,-0.00010351,0.03268,31590607,15954125
2024-08-29T16:00:00Z,0,0.03146,45042629,20666771
2024-08-30T00:00:00Z,-0.00043215,0.03161,28083833,13842225
2024-08-30T08:00:00Z,0,0.03012,45656563,20887006
2024-08-30T16:00:00Z,-0.00092037,0.03150,54142193,27394066
2024-08-31T00:00:00Z,-0.00045925,0.03150,18724902,9938341
2024-08-31T08:00:00Z,0,0.03127,18212328,8496147
2024-08-31T16:00:00Z,-0.00122441,0.03089,14577991,6882935
2024-09-01T00:00:00Z,0.00039993,0.03090,19459519,9407902
2024-09-01T08:00:00Z,0,0.03055,29184059,13741475
2024-09-01T16:00:00Z,-0.00115347,0.02974,57792195,29588534
2024-09-02T00:00:00Z,0,0.02956,41335150,20128294
2024-09-02T08:00:00Z,-0.00134523,0.03074,51158262,27747588
2024-09-02T16:00:00Z,0,0.03208,195030157,97170772
2024-09-03T00:00:00Z,-0.00045272,0.03194,53020025,25653374
2024-09-03T08:00:00Z,0,0.03063,58864408,29689805
2024-09-03T16:00:00Z,0,0.03088,37783359,18537393
2024-09-04T00:00:00Z,0,0.03073,57968250,27771850
2024-09-04T08:00:00Z,-0.00003828,0.03117,48815307,23891951
2024-09-04T16:00:00Z,-0.00085739,0.03137,43537529,21792826
2024-09-05T00:00:00Z,0,0.03087,28038143,13741530
2024-09-05T08:00:00Z,-0.00030289,0.03006,36864823,18152705
2024-09-05T16:00:00Z,-0.00034638,0.03005,38990716,18811091
2024-09-06T00:00:00Z,0,0.02966,25677198,12409526
2024-09-06T08:00:00Z,-0.00030391,0.02988,63619701,31513520
2024-09-06T16:00:00Z,0,0.02925,78782812,37671492
2024-09-07T00:00:00Z,-0.00068456,0.02968,32980574,17427323
2024-09-07T08:00:00Z,-0.00029114,0.02981,26526199,13092447
2024-09-07T16:00:00Z,0,0.02936,33392548,15611209
2024-09-08T00:00:00Z,0,0.03008,21500644,11408316
2024-09-08T08:00:00Z,-0.00103456,0.02948,31211432,14905206
2024-09-08T16:00:00Z,0,0.02996,32319859,16255668
2024-09-09T00:00:00Z,0,0.03047,27703295,13850546
2024-09-09T08:00:00Z,0,0.03044,44123224,20285747
2024-09-09T16:00:00Z,0,0.03159,50589931,25127294
2024-09-10T00:00:00Z,0,0.03153,29116113,13746412
2024-09-10T08:00:00Z,-0.00101785,0.03155,34478958,17323850
2024-09-10T16:00:00Z,0,0.03191,30768155,14914271
2024-09-11T00:00:00Z,0,0.03141,28813845,14027730
2024-09-11T08:00:00Z,0,0.03119,43340756,19888153
2024-09-11T16:00:00Z,0,0.03153,37330478,18104374
2024-09-12T00:00:00Z,-0.00014309,0.03346,137426720,68891506
2024-09-12T08:00:00Z,0,0.03236,90395286,42457463
2024-09-12T16:00:00Z,0,0.03348,50257550,25204571
2024-09-13T00:00:00Z,0,0.03282,28030484,12874352
2024-09-13T08:00:00Z,-0.00066525,0.03339,40823346,20406154
2024-09-13T16:00:00Z,0,0.03348,47517904,23506888
2024-09-14T00:00:00Z,0,0.03327,17355790,8540549
2024-09-14T08:00:00Z,0,0.03343,21878048,10429593
2024-09-14T16:00:00Z,0,0.03356,28699731,14243090
2024-09-15T00:00:00Z,0.00028451,0.03382,20674597,10425099
2024-09-15T08:00:00Z,0,0.03372,24596200,11355658
2024-09-15T16:00:00Z,-0.00045416,0.03214,45392704,20839548
2024-09-16T00:00:00Z,-0.00039353,0.03195,40138908,21251916
2024-09-16T08:00:00Z,-0.00078025,0.03118,28625237,13513638
2024-09-16T16:00:00Z,-0.00062113,0.03064,26962591,12058756
2024-09-17T00:00:00Z,0,0.03127,23579406,11854322
2024-09-17T08:00:00Z,0,0.03223,56111689,26905510
2024-09-17T16:00:00Z,0,0.03244,48831052,24397093
2024-09-18T00:00:00Z,0,0.03274,30287593,14300825
2024-09-18T08:00:00Z,-0.00052493,0.03160,27742958,12496991
2024-09-18T16:00:00Z,0,0.03322,63587028,29354626
2024-09-19T00:00:00Z,-0.00084895,0.03519,102047353,53365926
2024-09-19T08:00:00Z,-0.00014279,0.03490,49743687,21888738
2024-09-19T16:00:00Z,0,0.03500,46480549,21417915
2024-09-20T00:00:00Z,0,0.03574,54271515,27169455
2024-09-20T08:00:00Z,-0.00039348,0.03471,44243704,19978160
2024-09-20T16:00:00Z,0,0.03481,34032762,18027699
2024-09-21T00:00:00Z,0,0.03507,28075866,15485438
2024-09-21T08:00:00Z,-0.00060109,0.03534,32035199,16056165
2024-09-21T16:00:00Z,-0.00016940,0.03670,124017850,61394739
2024-09-22T00:00:00Z,0,0.03530,35886076,14113010
2024-09-22T08:00:00Z,0,0.03457,32590986,15870836
2024-09-22T16:00:00Z,0,0.03511,34317824,16260707
2024-09-23T00:00:00Z,-0.00141959,0.03569,38648823,19937359
2024-09-23T08:00:00Z,0,0.03533,55629967,26951219
2024-09-23T16:00:00Z,0.00069685,0.03555,41991209,21214559
2024-09-24T00:00:00Z,0,0.03577,37503490,19176680
2024-09-24T08:00:00Z,0.00012067,0.03528,66258020,32721530
2024-09-24T16:00:00Z,-0.00061915,0.03815,82911564,40433681
2024-09-25T00:00:00Z,0,0.03759,77732944,35810352
2024-09-25T08:00:00Z,0,0.03787,41418729,21881700
2024-09-25T16:00:00Z,0,0.03722,52640009,25319402
2024-09-26T00:00:00Z,0,0.03826,26554431,13949640
2024-09-26T08:00:00Z,0,0.03895,43888165,22137879
2024-09-26T16:00:00Z,0,0.03884,26618726,12491156
2024-09-27T00:00:00Z,0,0.03964,34226285,16412016
2024-09-27T08:00:00Z,0,0.04244,138959481,67137880
2024-09-27T16:00:00Z,0,0.04531,588551999,293756133
2024-09-28T00:00:00Z,-0.00039497,0.04412,256741962,126581118
2024-09-28T08:00:00Z,-0.00018016,0.04347,172469959,88518519
2024-09-28T16:00:00Z,-0.00042297,0.04307,71214991,35293634
2024-09-29T00:00:00Z,0,0.04215,52034320,23785158
2024-09-29T08:00:00Z,-0.00039304,0.04308,56585196,27681655
2024-09-29T16:00:00Z,0,0.04309,49685451,22940421
2024-09-30T00:00:00Z,0,0.04225,48955586,24223877
2024-09-30T08:00:00Z,-0.00099015,0.04037,51838106,26366599
2024-09-30T16:00:00Z,0,0.03962,47012678,23694139
2024-10-01T00:00:00Z,-0.00016698,0.04116,48732371,27304648
2024-10-01T08:00:00Z,-0.00051584,0.03823,102953568,49533222
2024-10-01T16:00:00Z,-0.00090578,0.03591,104928025,48957428
2024-10-02T00:00:00Z,0,0.03723,47482436,22634526
2024-10-02T08:00:00Z,-0.00030726,0.03647,63486196,32094891
2024-10-02T16:00:00Z,-0.00054859,0.03493,68579320,31848529
2024-10-03T00:00:00Z,-0.00164692,0.03442,30978042,14965210
2024-10-03T08:00:00Z,0,0.03536,136451042,67058487
2024-10-03T16:00:00Z,0,0.03479,53890212,24564685
2024-10-04T00:00:00Z,-0.00031461,0.03479,39348445,21026127
2024-10-04T08:00:00Z,0,0.03607,79120555,41774964
2024-10-04T16:00:00Z,0,0.03785,77846030,36965610
2024-10-05T00:00:00Z,-0.00028911,0.03681,34882092,16648274
2024-10-05T08:00:00Z,0,0.03684,46592893,25601168
2024-10-05T16:00:00Z,0,0.03668,30530339,13853224
2024-10-06T00:00:00Z,-0.00013156,0.03667,30138568,15597257
2024-10-06T08:00:00Z,-0.00104831,0.03777,28383676,13969124
2024-10-06T16:00:00Z,0,0.03787,30449998,14768568
2024-10-07T00:00:00Z,0,0.03795,89835326,36394123
2024-10-07T08:00:00Z,0,0.03791,45941503,23548404
2024-10-07T16:00:00Z,0,0.03668,39319227,17934090
2024-10-08T00:00:00Z,-0.00003746,0.03611,28261644,13495424
2024-10-08T08:00:00Z,0,0.03530,49548810,23601386
2024-10-08T16:00:00Z,0,0.03565,24377979,12011961
2024-10-09T00:00:00Z,0,0.03542,33094267,16048946
2024-10-09T08:00:00Z,-0.00037171,0.03464,58892039,28295089
2024-10-09T16:00:00Z,0,0.03355,55693039,26094734
2024-10-10T00:00:00Z,-0.00018860,0.03391,25648636,13578403
2024-10-10T08:00:00Z,0,0.03341,33052052,15618352
2024-10-10T16:00:00Z,0,0.03353,33293533,16490938
2024-10-11T00:00:00Z,-0.00084385,0.03423,26586494,14528348
2024-10-11T08:00:00Z,-0.00004430,0.03561,75242408,39655284
2024-10-11T16:00:00Z,0,0.03572,35437004,16654291
2024-10-12T00:00:00Z,0,0.03647,22739850,11551231
2024-10-12T08:00:00Z,0,0.03624,22422230,11289714
2024-10-12T16:00:00Z,0,0.03647,15251513,7346334
2024-10-13T00:00:00Z,0,0.03608,18718425,8541204
2024-10-13T08:00:00Z,-0.00034222,0.03498,56303823,27935842
2024-10-13T16:00:00Z,0.00021001,0.03625,36824448,20069069
2024-10-14T00:00:00Z,0,0.03811,57690100,29909870
2024-10-14T08:00:00Z,0,0.03973,83029001,40920990
2024-10-14T16:00:00Z,0,0.03890,46859830,22649058
2024-10-15T00:00:00Z,0,0.03937,30054361,15051744
2024-10-15T08:00:00Z,0,0.03903,88412801,42438522
2024-10-15T16:00:00Z,0,0.03893,41050552,19731351
2024-10-16T00:00:00Z,0,0.03780,33877826,16483188
2024-10-16T08:00:00Z,-0.00008670,0.03707,58347654,26159474
2024-10-16T16:00:00Z,-0.00037008,0.03815,31781696,15028932
2024-10-17T00:00:00Z,-0.00011911,0.03707,27008486,12555312
2024-10-17T08:00:00Z,0,0.03688,34805669,17451737
2024-10-17T16:00:00Z,0,0.03701,33026951,15939550
2024-10-18T00:00:00Z,0,0.03773,26239326,13343496
2024-10-18T08:00:00Z,-0.00035566,0.03979,162287299,81255424
2024-10-18T16:00:00Z,-0.00024465,0.04047,597248296,293700703
2024-10-19T00:00:00Z,-0.00018565,0.04109,147652219,75613870
2024-10-19T08:00:00Z,-0.00016161,0.04057,97936131,47245256
2024-10-19T16:00:00Z,0,0.04009,56610346,26887134
2024-10-20T00:00:00Z,0,0.04126,51029776,26486355
2024-10-20T08:00:00Z,0,0.04166,79852325,38901017
2024-10-20T16:00:00Z,0,0.04401,141368585,70218359
2024-10-21T00:00:00Z,0,0.04202,55251318,24204926
2024-10-21T08:00:00Z,0.00012264,0.04038,69532820,32470109
2024-10-21T16:00:00Z,0,0.04076,58471167,28715287
2024-10-22T00:00:00Z,0,0.04106,56652869,28369419
2024-10-22T08:00:00Z,-0.00149447,0.04018,46977242,20848428
2024-10-22T16:00:00Z,0,0.04041,25440080,12084905
2024-10-23T00:00:00Z,0,0.03913,32409610,13509831
2024-10-23T08:00:00Z,0,0.03765,53178588,24380397
2024-10-23T16:00:00Z,-0.00011724,0.03823,62192142,29673421
2024-10-24T00:00:00Z,0,0.03842,27648797,13644496
2024-10-24T08:00:00Z,0,0.03876,30033208,13527473
2024-10-24T16:00:00Z,0.00018977,0.03860,76769792,39626824
2024-10-25T00:00:00Z,0,0.03763,30658833,14073050
2024-10-25T08:00:00Z,0,0.03702,30923595,14336738
2024-10-25T16:00:00Z,-0.00000852,0.03452,98322010,44468580
2024-10-26T00:00:00Z,-0.00003556,0.03505,27783590,14239070
2024-10-26T08:00:00Z,0,0.03355,42773399,19688356
2024-10-26T16:00:00Z,0,0.03484,38672483,21926397
2024-10-27T00:00:00Z,-0.00014208,0.03461,24140333,11374361
2024-10-27T08:00:00Z,0,0.03490,32044033,15576158
2024-10-27T16:00:00Z,-0.00080077,0.03527,22947733,11458443
2024-10-28T00:00:00Z,-0.00025270,0.03513,31585404,15027424
2024-10-28T08:00:00Z,-0.00067954,0.03441,39310884,19691334
2024-10-28T16:00:00Z,0,0.03487,43224712,19304131
2024-10-29T00:00:00Z,0,0.03728,76368050,38049720
2024-10-29T08:00:00Z,0,0.03759,80325671,38302333
2024-10-29T16:00:00Z,0,0.03804,103695321,50824258
2024-10-30T00:00:00Z,-0.00029683,0.03760,55149000,26298377
2024-10-30T08:00:00Z,-0.00051882,0.03704,47659584,21372309
2024-10-30T16:00:00Z,-0.00007612,0.03677,23367727,11590836
2024-10-31T00:00:00Z,0,0.03614,17739807,7914668
2024-10-31T08:00:00Z,-0.00016587,0.03544,35468869,18089989
2024-10-31T16:00:00Z,-0.00008728,0.03473,42920781,21967803
2024-11-01T00:00:00Z,-0.00011027,0.03389,19060947,9158414
2024-11-01T08:00:00Z,-0.00003964,0.03423,40720273,20382955
2024-11-01T16:00:00Z,-0.00063045,0.03411,31315835,13695920
2024-11-02T00:00:00Z,0,0.03382,17169684,8660687
2024-11-02T08:00:00Z,0,0.03331,34130896,16893207
2024-11-02T16:00:00Z,0,0.03294,20331329,9255927
2024-11-03T00:00:00Z,0,0.03261,31632397,14356312
2024-11-03T08:00:00Z,0,0.03153,36376757,16933150
2024-11-03T16:00:00Z,-0.00013038,0.03186,26312495,12953442
2024-11-04T00:00:00Z,0,0.03136,33608517,17586737
2024-11-04T08:00:00Z,0,0.03118,30699978,15690797
2024-11-04T16:00:00Z,-0.00027081,0.03055,45608759,21820813
2024-11-05T00:00:00Z,-0.00030180,0.03150,25748218,13506111
2024-11-05T08:00:00Z,0,0.03242,37981761,19282885
2024-11-05T16:00:00Z,-0.00018179,0.03256,34332028,16100088
2024-11-06T00:00:00Z,0,0.03541,69002741,33782788
2024-11-06T08:00:00Z,0,0.03579,50372669,24066359
2024-11-06T16:00:00Z,0,0.03796,84701682,43038092
2024-11-07T00:00:00Z,0.00003442,0.03897,96971228,45902563
2024-11-07T08:00:00Z,0,0.03909,135320802,62893104
2024-11-07T16:00:00Z,0.00052602,0.03860,84957306,41043605
2024-11-08T00:00:00Z,0,0.03878,31930294,15166808
2024-11-08T08:00:00Z,0,0.03864,67556512,32156683
2024-11-08T16:00:00Z,0,0.03860,106157291,47330496
2024-11-09T00:00:00Z,0.00009355,0.03900,48965879,23587954
2024-11-09T08:00:00Z,0,0.03906,45139850,19965825
2024-11-09T16:00:00Z,0,0.04025,105168924,49203320
2024-11-10T00:00:00Z,0.00065739,0.04075,48953425,23692454
2024-11-10T08:00:00Z,0.00033795,0.04285,71066823,34368229
2024-11-10T16:00:00Z,0.00149645,0.04185,100244503,47562643
2024-11-11T00:00:00Z,0.00034267,0.04142,57347960,27663193
2024-11-11T08:00:00Z,0.00125864,0.04166,64586578,31557995
2024-11-11T16:00:00Z,0.00109535,0.04371,70505848,35466858
2024-11-12T00:00:00Z,0.00175757,0.04388,73007104,34279773
2024-11-12T08:00:00Z,0.00045701,0.03970,165594753,80588667
2024-11-12T16:00:00Z,0.00044932,0.04212,82608638,41643848
2024-11-13T00:00:00Z,0,0.03832,125446167,61030776
2024-11-13T08:00:00Z,0.00140383,0.04057,88159976,45485309
2024-11-13T16:00:00Z,0.00002081,0.03928,119135000,58883935
2024-11-14T00:00:00Z,0,0.04110,76182345,39839638
2024-11-14T08:00:00Z,0,0.03801,100043885,47236296
2024-11-14T16:00:00Z,0.00117711,0.03843,82571532,39586877
2024-11-15T00:00:00Z,0,0.03741,105078285,48491726
2024-11-15T08:00:00Z,0.00034437,0.03671,71756691,35210932
2024-11-15T16:00:00Z,0.00059133,0.03957,69064667,37005745
2024-11-16T00:00:00Z,0.00043449,0.04120,79308101,41884456
2024-11-16T08:00:00Z,0.00101026,0.04076,57088486,25538275
2024-11-16T16:00:00Z,0.00045999,0.04264,81553978,40912408
2024-11-17T00:00:00Z,0.00016234,0.04372,87703998,42136823
2024-11-17T08:00:00Z,0.00096362,0.04474,453557304,219106688
2024-11-17T16:00:00Z,0.00095334,0.04130,191034810,79798600
2024-11-18T00:00:00Z,0.00040902,0.04534,188813581,88013678
2024-11-18T08:00:00Z,0.00065838,0.04720,154149441,75141572
2024-11-18T16:00:00Z,0.00029227,0.04836,245126701,116049624
2024-11-19T00:00:00Z,0.00121992,0.04862,130574010,64303049
2024-11-19T08:00:00Z,0.00086055,0.04987,997588695,488159180
2024-11-19T16:00:00Z,0,0.04841,227652704,104945352
2024-11-20T00:00:00Z,0,0.04639,132013513,63565011
2024-11-20T08:00:00Z,0.00121449,0.04750,123010077,63936352
2024-11-20T16:00:00Z,-0.00005952,0.04560,194602666,93159233
2024-11-21T00:00:00Z,0,0.04684,218702068,108902262
2024-11-21T08:00:00Z,0,0.05162,566528265,279906435
2024-11-21T16:00:00Z,0.00036153,0.05210,218386823,110975679
2024-11-22T00:00:00Z,0.00038014,0.05122,84547164,39976242
2024-11-22T08:00:00Z,0.00033804,0.05220,132591565,59794048
2024-11-22T16:00:00Z,0.00101023,0.05417,127378719,62124405
2024-11-23T00:00:00Z,0.00080058,0.05348,139685566,66789081
2024-11-23T08:00:00Z,0.00070425,0.05792,144139674,72820192
2024-11-23T16:00:00Z,0,0.05909,223321829,109953846
2024-11-24T00:00:00Z,0,0.06304,277222344,131905641
2024-11-24T08:00:00Z,0.00049715,0.05750,306366926,146519368
2024-11-24T16:00:00Z,0.00049768,0.06194,172499322,87583676
2024-11-25T00:00:00Z,0.00050140,0.05945,91895051,45812726
2024-11-25T08:00:00Z,0.00023773,0.05974,167658038,83538042
2024-11-25T16:00:00Z,0.00083867,0.05855,123764602,58146871
2024-11-26T00:00:00Z,0,0.05859,68146299,32986107
2024-11-26T08:00:00Z,0,0.05458,193273255,94787415
2024-11-26T16:00:00Z,0.00054665,0.05800,178779820,87974168
2024-11-27T00:00:00Z,0.00029799,0.06056,62739814,31476244
2024-11-27T08:00:00Z,-0.00048277,0.06671,1892730972,958883956
2024-11-27T16:00:00Z,-0.00142764,0.06622,485123232,252709537
2024-11-28T00:00:00Z,-0.00185871,0.07040,784193039,382839101
2024-11-28T08:00:00Z,-0.00063043,0.07241,587157109,289181256
2024-11-28T16:00:00Z,-0.00191522,0.07293,666330998,326993214
2024-11-29T00:00:00Z,-0.00111885,0.07186,230781722,109465507
2024-11-29T08:00:00Z,-0.00088745,0.07398,187173975,88660346
2024-11-29T16:00:00Z,0,0.07972,472959792,233526085
2024-11-30T00:00:00Z,0.00026520,0.07825,233239602,113226828
2024-11-30T08:00:00Z,0,0.08085,136387611,69437081
2024-11-30T16:00:00Z,0.00038416,0.08027,147181727,68436821
2024-12-01T00:00:00Z,0.00005744,0.07854,126835839,62537093
2024-12-01T08:00:00Z,0.00137224,0.07837,89167889,44768401
2024-12-01T16:00:00Z,0.00089293,0.07922,90766720,45127102
2024-12-02T00:00:00Z,0,0.07475,172471618,81882809
2024-12-02T08:00:00Z,0.00061467,0.07530,193087630,95609402
2024-12-02T16:00:00Z,0.00111690,0.07649,89835211,43394146
2024-12-03T00:00:00Z,0.00057815,0.07740,114208557,54788974
2024-12-03T08:00:00Z,0.00147760,0.07539,166340450,80330935
2024-12-03T16:00:00Z,0.00038536,0.07907,100274132,50289786
2024-12-04T00:00:00Z,0.00091340,0.08056,90678958,44745765
2024-12-04T08:00:00Z,0.00173926,0.08345,158525838,76667124
2024-12-04T16:00:00Z,0.00007915,0.07920,137651806,65588874
2024-12-05T00:00:00Z,0.00122492,0.07854,117106431,56863068
2024-12-05T08:00:00Z,0.00110352,0.07923,144682317,72829642
2024-12-05T16:00:00Z,0,0.08009,160315543,75686708
2024-12-06T00:00:00Z,0.00158013,0.08097,79048288,38581802
2024-12-06T08:00:00Z,0.00092839,0.07904,145003024,69666726
2024-12-06T16:00:00Z,0.00096725,0.07957,78527877,36817210
2024-12-07T00:00:00Z,0.00100306,0.07960,49700191,23686796
2024-12-07T08:00:00Z,0.00111203,0.08020,64909419,32208322
2024-12-07T16:00:00Z,0.00081902,0.07903,46234330,23273132
2024-12-08T00:00:00Z,0.00065026,0.07878,60975122,28157588
2024-12-08T08:00:00Z,0.00012367,0.08021,77107795,36120084
2024-12-08T16:00:00Z,0.00089330,0.07956,57463507,29418710
2024-12-09T00:00:00Z,0.00029617,0.07402,70872200,32863801
2024-12-09T08:00:00Z,0,0.07154,131550612,62849691
2024-12-09T16:00:00Z,-0.00073718,0.06537,279110012,126062053
2024-12-10T00:00:00Z,0.00066716,0.06521,118385198,57682025
2024-12-10T08:00:00Z,0,0.05921,116193821,55798954
2024-12-10T16:00:00Z,0,0.06322,139997915,69541625
2024-12-11T00:00:00Z,0,0.06249,58897836,29349207
2024-12-11T08:00:00Z,0,0.06811,76205903,36413586
2024-12-11T16:00:00Z,0,0.06847,50004835,23349986
2024-12-12T00:00:00Z,0,0.07051,52634601,24266622
2024-12-12T08:00:00Z,0,0.06960,94069008,47808699
2024-12-12T16:00:00Z,0,0.06873,98402620,49107912
2024-12-13T00:00:00Z,0,0.06732,59478049,27819478
2024-12-13T08:00:00Z,0,0.06703,61283902,29602419
2024-12-13T16:00:00Z,0,0.06951,73201776,37899236
2024-12-14T00:00:00Z,0,0.06830,60156702,28804149
2024-12-14T08:00:00Z,0,0.06514,86067327,35433851
2024-12-14T16:00:00Z,-0.00003397,0.06512,42155322,20195491
2024-12-15T00:00:00Z,0,0.06345,37791435,16954760
2024-12-15T08:00:00Z,0,0.06688,46166766,22945550
2024-12-15T16:00:00Z,0.00009046,0.06715,58244452,27044334
2024-12-16T00:00:00Z,0,0.06504,55203839,25695703
2024-12-16T08:00:00Z,0,0.06447,74678630,37424149
2024-12-16T16:00:00Z,0,0.06474,66723498,30515101
2024-12-17T00:00:00Z,0,0.06289,44518797,21628847
2024-12-17T08:00:00Z,0,0.06122,79297126,38692313
2024-12-17T16:00:00Z,0.00082287,0.05953,90739194,44396903
2024-12-18T00:00:00Z,0,0.05817,78928896,37913544
2024-12-18T08:00:00Z,0,0.05698,68092888,34229726
2024-12-18T16:00:00Z,-0.00074245,0.05230,182661489,87935960
2024-12-19T00:00:00Z,-0.00071983,0.05306,117851876,58669094
2024-12-19T08:00:00Z,0,0.05101,75124441,36182683
2024-12-19T16:00:00Z,-0.00104408,0.04823,163549084,77537190
2024-12-20T00:00:00Z,0,0.04855,73160204,36183540
2024-12-20T08:00:00Z,0,0.04787,205921614,105231858
2024-12-20T16:00:00Z,-0.00015558,0.04972,77822333,39612232
2024-12-21T00:00:00Z,-0.00013485,0.05275,48760944,26065576
2024-12-21T08:00:00Z,0,0.04866,65948170,30968215
2024-12-21T16:00:00Z,0,0.04704,82650156,37864993
2024-12-22T00:00:00Z,0,0.04719,46360191,23065053
2024-12-22T08:00:00Z,-0.00010942,0.04734,62363655,29965831
2024-12-22T16:00:00Z,-0.00010005,0.04748,59010865,28962040
2024-12-23T00:00:00Z,0,0.04782,55695576,26683093
2024-12-23T08:00:00Z,0,0.04668,68972146,33571293
2024-12-23T16:00:00Z,0,0.05084,83149626,42203398
2024-12-24T00:00:00Z,-0.00060799,0.05030,28548385,14227031
2024-12-24T08:00:00Z,0,0.05323,45330143,21972434
2024-12-24T16:00:00Z,-0.00099651,0.05277,37947716,18559136
2024-12-25T00:00:00Z,0,0.05285,36506499,17364845
2024-12-25T08:00:00Z,0,0.05229,62369734,29305566
2024-12-25T16:00:00Z,-0.00030492,0.05225,42601910,19610210
2024-12-26T00:00:00Z,-0.00005808,0.05010,35855636,16114164
2024-12-26T08:00:00Z,-0.00110434,0.04945,49422245,24202111
2024-12-26T16:00:00Z,-0.00105031,0.04908,32877607,15533436
2024-12-27T00:00:00Z,-0.00001978,0.04917,52562700,27098355
2024-12-27T08:00:00Z,0,0.04920,58148386,26753269
2024-12-27T16:00:00Z,0,0.04933,39754588,20647698
2024-12-28T00:00:00Z,-0.00123510,0.04912,26538381,12721388
2024-12-28T08:00:00Z,0,0.05048,49820115,23634232
2024-12-28T16:00:00Z,-0.00057251,0.05203,59992711,32235428
2024-12-29T00:00:00Z,0,0.05182,50295440,24698364
2024-12-29T08:00:00Z,-0.00093650,0.05046,39080628,18034512
2024-12-29T16:00:00Z,-0.00157069,0.04866,44576297,20017170
2024-12-30T00:00:00Z,0,0.05034,44480208,22144705
2024-12-30T08:00:00Z,0,0.04753,56698660,27336903
2024-12-30T16:00:00Z,0,0.04858,62628296,30786314
2024-12-31T00:00:00Z,-0.00004248,0.04775,46518340,24552758
2024-12-31T08:00:00Z,0,0.04950,44408950,20967797
2024-12-31T16:00:00Z,-0.00018501,0.04752,34909669,17141266
2025-01-01T00:00:00Z,0,0.04714,22784939,11967536
2025-01-01T08:00:00Z,0.00051571,0.04781,35505553,18151817
2025-01-01T16:00:00Z,0,0.04922,30655076,14846086
2025-01-02T00:00:00Z,0,0.04975,30991749,14761969
2025-01-02T08:00:00Z,0,0.05019,56028577,29373875
2025-01-02T16:00:00Z,0.00011556,0.05003,40505181,20075932
2025-01-03T00:00:00Z,0,0.04908,33345381,16356991
2025-01-03T08:00:00Z,0,0.05238,58713164,26527998
2025-01-03T16:00:00Z,0.00056510,0.05429,71291089,35615910
2025-01-04T00:00:00Z,0,0.05451,41686585,19852446
2025-01-04T08:00:00Z,0,0.05341,47692588,21581925
2025-01-04T16:00:00Z,0,0.05351,31767393,14711021
2025-01-05T00:00:00Z,0,0.05383,34246666,16901470
2025-01-05T08:00:00Z,0,0.05296,33512781,15899157
2025-01-05T16:00:00Z,0,0.05474,57201204,29626657
2025-01-06T00:00:00Z,0,0.05467,53669451,25771783
2025-01-06T08:00:00Z,0.00085900,0.05596,57425928,26998461
2025-01-06T16:00:00Z,0,0.05411,57945387,27437561
2025-01-07T00:00:00Z,0,0.05344,30109253,16305211
2025-01-07T08:00:00Z,-0.00053664,0.04953,106290976,47135799
2025-01-07T16:00:00Z,-0.00048488,0.04746,75849924,36093152
2025-01-08T00:00:00Z,-0.00070104,0.04552,53262184,22370673
2025-01-08T08:00:00Z,0,0.04538,38416699,19954495
2025-01-08T16:00:00Z,-0.00001654,0.04450,83348646,40309313
2025-01-09T00:00:00Z,0,0.04339,55382047,28923767
2025-01-09T08:00:00Z,0,0.04499,59575171,30052722
2025-01-09T16:00:00Z,0,0.04378,46754784,21769765
2025-01-10T00:00:00Z,0,0.04463,24963753,11645071
2025-01-10T08:00:00Z,-0.00020199,0.04361,74908739,35899396
2025-01-10T16:00:00Z,0,0.04408,43123012,21357397
2025-01-11T00:00:00Z,0,0.04358,19021599,9070662
2025-01-11T08:00:00Z,0,0.04335,25023514,13074696
2025-01-11T16:00:00Z,0,0.04383,45939166,21707519
2025-01-12T00:00:00Z,0,0.04340,19765134,9689612
2025-01-12T08:00:00Z,0,0.04388,31945112,16629084
2025-01-12T16:00:00Z,-0.00031857,0.04323,50458144,24802452
2025-01-13T00:00:00Z,0,0.04175,56441040,26353055
2025-01-13T08:00:00Z,-0.00141340,0.04064,103985822,50291612
2025-01-13T16:00:00Z,0,0.04216,52577763,26226766
2025-01-14T00:00:00Z,0,0.04238,21840293,10587384
2025-01-14T08:00:00Z,-0.00189812,0.04337,47391812,23200718
2025-01-14T16:00:00Z,0,0.04358,32962234,16330734
2025-01-15T00:00:00Z,0,0.04309,39388411,19449778
2025-01-15T08:00:00Z,0,0.04500,69657017,36070588
2025-01-15T16:00:00Z,0,0.04666,54521328,28038777
2025-01-16T00:00:00Z,0,0.04657,30175114,15298521
2025-01-16T08:00:00Z,0,0.04652,93080306,46089744
2025-01-16T16:00:00Z,0,0.04566,84871518,40801731
2025-01-17T00:00:00Z,-0.00043200,0.04880,66764306,33235909
2025-01-17T08:00:00Z,0,0.04925,115337509,52576980
2025-01-17T16:00:00Z,0,0.05059,101008442,49702826
2025-01-18T00:00:00Z,0,0.04770,130130573,61503750
2025-01-18T08:00:00Z,-0.00122989,0.04778,109937148,55287700
2025-01-18T16:00:00Z,-0.00002556,0.04798,81246250,40170661
2025-01-19T00:00:00Z,-0.00027539,0.04594,63902603,29647156
2025-01-19T08:00:00Z,-0.00019874,0.04586,179727764,88322955
2025-01-19T16:00:00Z,0,0.04219,160644145,75758337
2025-01-20T00:00:00Z,0,0.04409,187924682,94025013
2025-01-20T08:00:00Z,0,0.04255,124024294,59216615
2025-01-20T16:00:00Z,0,0.04143,155213421,74792112
2025-01-21T00:00:00Z,0,0.04082,108330244,55218132
2025-01-21T08:00:00Z,0,0.04195,111940282,54822693
2025-01-21T16:00:00Z,0,0.04305,73861939,37973901
2025-01-22T00:00:00Z,0,0.04308,51749984,25215862
2025-01-22T08:00:00Z,0,0.04248,49810472,25154887
2025-01-22T16:00:00Z,0,0.04177,58417797,28442313
2025-01-23T00:00:00Z,0,0.04120,43604324,21989289
2025-01-23T08:00:00Z,0,0.04158,68809068,33534855
2025-01-23T16:00:00Z,0,0.04166,108723819,53171919
2025-01-24T00:00:00Z,0,0.04166,71780369,33212031
2025-01-24T08:00:00Z,0,0.04165,65429047,32491885
2025-01-24T16:00:00Z,-0.00060824,0.04087,71563230,37243971
2025-01-25T00:00:00Z,0,0.04105,53314272,24599682
2025-01-25T08:00:00Z,-0.00054157,0.04461,303943595,155062266
2025-01-25T16:00:00Z,-0.00032086,0.04320,333911025,165032713
2025-01-26T00:00:00Z,-0.00033622,0.04548,257295235,129763148
2025-01-26T08:00:00Z,-0.00126085,0.05164,3522298817,1831677902
2025-01-26T16:00:00Z,-0.00278318,0.05162,2549278068,1275286253
2025-01-27T00:00:00Z,-0.00059853,0.04568,1173315460,583209521
2025-01-27T08:00:00Z,0.00012643,0.04883,743083997,380922524
2025-01-27T16:00:00Z,-0.00142319,0.05666,1228243292,603333684
2025-01-28T00:00:00Z,-0.00110460,0.05419,1416496009,689693821
2025-01-28T08:00:00Z,-0.00065777,0.05169,666990691,335834217
2025-01-28T16:00:00Z,-0.00063273,0.04896,605801720,292228232
2025-01-29T00:00:00Z,0.00006958,0.05700,774664273,388236477
2025-01-29T08:00:00Z,0,0.05604,1203962777,604756755
2025-01-29T16:00:00Z,0,0.06126,1982069957,1003122521
2025-01-30T00:00:00Z,0,0.06054,1072702016,532738583
2025-01-30T08:00:00Z,0,0.05987,698929823,349449271
2025-01-30T16:00:00Z,-0.00015886,0.05890,394053733,196585359
2025-01-31T00:00:00Z,-0.00018172,0.05734,339122677,169111428
2025-01-31T08:00:00Z,-0.00025303,0.05616,290288496,141265923
2025-01-31T16:00:00Z,-0.00075776,0.05366,275301565,139864559
2025-02-01T00:00:00Z,0,0.05483,195125663,102535877
2025-02-01T08:00:00Z,-0.00036079,0.05282,227676602,112581703
2025-02-01T16:00:00Z,-0.00046747,0.05005,201721822,96331858
2025-02-02T00:00:00Z,-0.00042985,0.04891,228025076,111056381
2025-02-02T08:00:00Z,0,0.04671,187536869,88305612
2025-02-02T16:00:00Z,-0.00060203,0.04344,494114622,246055876
2025-02-03T00:00:00Z,-0.00000222,0.04022,712364006,337275976
2025-02-03T08:00:00Z,-0.00044859,0.04163,505080638,247370988
2025-02-03T16:00:00Z,-0.00025743,0.04382,276776023,136538087
2025-02-04T00:00:00Z,0,0.03892,247142327,123127160
2025-02-04T08:00:00Z,-0.00089031,0.04197,218795702,109026222
2025-02-04T16:00:00Z,-0.00177737,0.04135,199882599,98854207
2025-02-05T00:00:00Z,-0.00003936,0.04066,115074721,56880788
2025-02-05T08:00:00Z,-0.00172874,0.04070,143017952,70364013
2025-02-05T16:00:00Z,-0.00013013,0.03990,146984720,74330025
2025-02-06T00:00:00Z,-0.00078052,0.03975,87830862,41174741
2025-02-06T08:00:00Z,-0.00035927,0.03765,162137382,79610749
2025-02-06T16:00:00Z,-0.00081904,0.03757,114842948,58920238
2025-02-07T00:00:00Z,-0.00010017,0.03781,89240387,40645014
2025-02-07T08:00:00Z,-0.00005532,0.03911,195076048,99210784
2025-02-07T16:00:00Z,0,0.03698,141215380,73256279
2025-02-08T00:00:00Z,-0.00118923,0.03749,68822210,32008280
2025-02-08T08:00:00Z,0,0.03774,73109388,34983955
2025-02-08T16:00:00Z,0,0.03922,75355745,36413896
2025-02-09T00:00:00Z,-0.00029868,0.03956,62558933,32635778
2025-02-09T08:00:00Z,-0.00000984,0.03891,62495950,31044192
2025-02-09T16:00:00Z,-0.00132071,0.03829,64925182,31749455
2025-02-10T00:00:00Z,-0.00009980,0.03877,82773541,40383261
2025-02-10T08:00:00Z,0,0.03909,68442729,33277696
2025-02-10T16:00:00Z,0,0.03917,65524484,34806256
2025-02-11T00:00:00Z,0,0.04022,81140821,40000231
2025-02-11T08:00:00Z,-0.00000758,0.03864,72277271,35133516
2025-02-11T16:00:00Z,-0.00057507,0.03772,60057953,29605360
2025-02-12T00:00:00Z,-0.00065857,0.03683,77401993,37635659
2025-02-12T08:00:00Z,0,0.03654,130834159,63685394
2025-02-12T16:00:00Z,0.00026630,0.03918,100389027,48479383
2025-02-13T00:00:00Z,-0.00003467,0.03763,71518732,32493280
2025-02-13T08:00:00Z,-0.00003670,0.03666,78339694,40627447
2025-02-13T16:00:00Z,-0.00049224,0.03675,94866967,50297052
2025-02-14T00:00:00Z,-0.00060833,0.03709,42876019,20512975
2025-02-14T08:00:00Z,0,0.03782,70860559,33167319
2025-02-14T16:00:00Z,-0.00016381,0.03777,81752395,41924343
2025-02-15T00:00:00Z,-0.00060541,0.03731,51177052,27427296
2025-02-15T08:00:00Z,-0.00031829,0.03626,37851025,18760164
2025-02-15T16:00:00Z,-0.00021314,0.03625,38438660,18309607
2025-02-16T00:00:00Z,0,0.03576,50033005,21995137
2025-02-16T08:00:00Z,-0.00145372,0.03670,101917013,53588326
2025-02-16T16:00:00Z,0,0.03619,110809609,53196315
2025-02-17T00:00:00Z,-0.00029128,0.03571,69732602,33242141
2025-02-17T08:00:00Z,-0.00032684,0.03561,71805133,35970855
2025-02-17T16:00:00Z,-0.00010125,0.03482,151804554,77654646
2025-02-18T00:00:00Z,-0.00038936,0.03324,137420052,64096668
2025-02-18T08:00:00Z,-0.00068031,0.03273,140370000,71074201
2025-02-18T16:00:00Z,-0.00123284,0.03338,98930535,46332217
2025-02-19T00:00:00Z,-0.00146649,0.03378,95063327,47897136
2025-02-19T08:00:00Z,0,0.03331,79326293,35994931
2025-02-19T16:00:00Z,-0.00020359,0.03375,68764364,34604920
2025-02-20T00:00:00Z,-0.00063503,0.03439,99690643,53027827
2025-02-20T08:00:00Z,0,0.03437,78300160,35989829
2025-02-20T16:00:00Z,0,0.03608,97835704,48275619
2025-02-21T00:00:00Z,-0.00054090,0.03670,82109409,39673970
2025-02-21T08:00:00Z,0,0.03649,124821262,61015125
2025-02-21T16:00:00Z,0,0.03508,115332477,63400981
2025-02-22T00:00:00Z,-0.00103357,0.03527,63302719,30534090
2025-02-22T08:00:00Z,-0.00016920,0.03741,76254785,39080810
2025-02-22T16:00:00Z,-0.00003619,0.03708,80222071,39923780
2025-02-23T00:00:00Z,-0.00119965,0.03736,52655059,26678089
2025-02-23T08:00:00Z,-0.00070702,0.03556,61976451,27917968
2025-02-23T16:00:00Z,-0.00110654,0.03575,42774686,22651058
2025-02-24T00:00:00Z,-0.00046165,0.03481,85401475,43187903
2025-02-24T08:00:00Z,0,0.03350,74945120,34241737
2025-02-24T16:00:00Z,0,0.03235,147580230,76620222
2025-02-25T00:00:00Z,-0.00065058,0.03090,181628927,89379335
2025-02-25T08:00:00Z,-0.00153150,0.03189,144414875,72767659
2025-02-25T16:00:00Z,-0.00083650,0.03265,81470082,41694653
2025-02-26T00:00:00Z,-0.00094271,0.03334,51223601,25226203
2025-02-26T08:00:00Z,0,0.03328,81458875,38884483
2025-02-26T16:00:00Z,0,0.03292,113250091,56073837
2025-02-27T00:00:00Z,-0.00147344,0.03352,53509835,26935577
2025-02-27T08:00:00Z,-0.00066079,0.03310,64404122,32184113
2025-02-27T16:00:00Z,-0.00053749,0.03334,68736375,34434840
2025-02-28T00:00:00Z,0,0.03086,148001284,72259557
2025-02-28T08:00:00Z,0,0.03254,79699028,39887598
2025-02-28T16:00:00Z,0,0.03240,41014930,20632469
2025-03-01T00:00:00Z,-0.00038718,0.03147,63143107,29018723
2025-03-01T08:00:00Z,-0.00104724,0.03106,58647741,29793750
2025-03-01T16:00:00Z,-0.00024827,0.03174,40324898,19827941
2025-03-02T00:00:00Z,-0.00024558,0.03125,27703389,12842605
2025-03-02T08:00:00Z,-0.00038486,0.03241,69154161,33963185
2025-03-02T16:00:00Z,0.00003630,0.03444,134781477,66198709
2025-03-03T00:00:00Z,-0.00015944,0.03249,60702098,29009436
2025-03-03T08:00:00Z,-0.00068190,0.03151,78012886,39651717
2025-03-03T16:00:00Z,-0.00124608,0.02905,182690387,84847566
2025-03-04T00:00:00Z,-0.00042373,0.02815,161161086,77601607
2025-03-04T08:00:00Z,0,0.02795,141146550,69422099
2025-03-04T16:00:00Z,-0.00053814,0.02884,123341636,61601902
2025-03-05T00:00:00Z,-0.00069384,0.02891,46259313,22108757
2025-03-05T08:00:00Z,-0.00056806,0.02856,67129356,32279506
2025-03-05T16:00:00Z,-0.00155512,0.02951,75377534,37998305
2025-03-06T00:00:00Z,-0.00038627,0.02980,59647300,29599171
2025-03-06T08:00:00Z,0.00042418,0.02961,46108474,23649552
2025-03-06T16:00:00Z,-0.00028021,0.02904,66270504,32664986
2025-03-07T00:00:00Z,0,0.02845,111738588,54469367
2025-03-07T08:00:00Z,-0.00091667,0.02903,63258978,32252390
2025-03-07T16:00:00Z,-0.00028327,0.02821,77302099,36916700
2025-03-08T00:00:00Z,0,0.02780,33934650,15936831
2025-03-08T08:00:00Z,-0.00012488,0.02773,37924124,19525919
2025-03-08T16:00:00Z,0,0.02784,58643720,29452514
2025-03-09T00:00:00Z,0,0.02766,27334453,13175693
2025-03-09T08:00:00Z,0,0.02590,52476619,24542651
2025-03-09T16:00:00Z,0,0.02496,114835715,54518467
2025-03-10T00:00:00Z,0,0.02600,64211554,32833850
2025-03-10T08:00:00Z,-0.00014242,0.02609,114765847,54672146
2025-03-10T16:00:00Z,-0.00067852,0.02418,146473335,73255240
2025-03-11T00:00:00Z,-0.00061872,0.02508,155735781,77359568
2025-03-11T08:00:00Z,-0.00043775,0.02524,86136790,42953669
2025-03-11T16:00:00Z,0,0.02512,54589323,26897074
2025-03-12T00:00:00Z,-0.00007375,0.02520,56505932,27817893
2025-03-12T08:00:00Z,-0.00069775,0.02609,115260698,61269971
2025-03-12T16:00:00Z,-0.00106353,0.02647,68869442,34839490
2025-03-13T00:00:00Z,-0.00074653,0.02604,52821459,26191676
2025-03-13T08:00:00Z,0,0.02607,73812282,37362886
2025-03-13T16:00:00Z,-0.00071450,0.02559,79323760,39752924
2025-03-14T00:00:00Z,0,0.02614,42907171,21959923
2025-03-14T08:00:00Z,0,0.02708,66774052,32988821
2025-03-14T16:00:00Z,0,0.02661,42544283,22847890
2025-03-15T00:00:00Z,-0.00026486,0.02660,34122666,17527385
2025-03-15T08:00:00Z,0,0.02699,25476886,12694868
2025-03-15T16:00:00Z,-0.00076577,0.02854,203388450,101449034
2025-03-16T00:00:00Z,0,0.02832,57039561,27337591
2025-03-16T08:00:00Z,-0.00067902,0.02683,82280478,36975618
2025-03-16T16:00:00Z,-0.00086150,0.02629,64651827,32545962
2025-03-17T00:00:00Z,-0.00015639,0.02710,63826262,32549557
2025-03-17T08:00:00Z,-0.00007851,0.02723,113062093,54915555
2025-03-17T16:00:00Z,0,0.02773,40919236,20889268
2025-03-18T00:00:00Z,-0.00005294,0.02686,53727125,25811904
2025-03-18T08:00:00Z,0,0.02643,66276794,34520297
2025-03-18T16:00:00Z,-0.00011696,0.02721,47132910,24395170
2025-03-19T00:00:00Z,0,0.02753,51039802,25401259
2025-03-19T08:00:00Z,-0.00019666,0.02830,70391999,33123236
2025-03-19T16:00:00Z,0,0.02926,125899501,57972292
2025-03-20T00:00:00Z,-0.00076913,0.02830,47522883,25705198
2025-03-20T08:00:00Z,-0.00059887,0.02788,68146492,34311860
2025-03-20T16:00:00Z,-0.00052302,0.02755,37680244,18731304
2025-03-21T00:00:00Z,-0.00014185,0.02720,65044239,33954466
2025-03-21T08:00:00Z,-0.00065849,0.02737,58198869,28392719
2025-03-21T16:00:00Z,-0.00047022,0.02763,44301677,21372134
2025-03-22T00:00:00Z,-0.00031835,0.02782,47642113,23659941
2025-03-22T08:00:00Z,-0.00147341,0.02837,40519562,21242274
2025-03-22T16:00:00Z,-0.00014948,0.02763,51219033,25503376
2025-03-23T00:00:00Z,-0.00061631,0.02784,31028045,15679054
2025-03-23T08:00:00Z,-0.00050196,0.02773,44127881,21761800
2025-03-23T16:00:00Z,0,0.02756,44779059,21707868
2025-03-24T00:00:00Z,-0.00027385,0.02803,62801468,30402283
2025-03-24T08:00:00Z,0,0.02891,73359527,36409240
2025-03-24T16:00:00Z,-0.00021828,0.02880,54715846,26059435
2025-03-25T00:00:00Z,-0.00026779,0.02870,75298347,39014359
2025-03-25T08:00:00Z,-0.00017221,0.02868,49946666,24816186
2025-03-25T16:00:00Z,-0.00036424,0.02860,42555961,23453707
2025-03-26T00:00:00Z,-0.00029446,0.02848,47055058,24259595
2025-03-26T08:00:00Z,-0.00033693,0.02764,86966047,44149896
2025-03-26T16:00:00Z,0,0.02681,78723118,37373653
2025-03-27T00:00:00Z,-0.00031139,0.02669,49960003,25148046
2025-03-27T08:00:00Z,-0.00018890,0.02618,86101386,41638943
2025-03-27T16:00:00Z,-0.00035927,0.02617,66475149,31371907
2025-03-28T00:00:00Z,-0.00032255,0.02464,70905403,32446290
2025-03-28T08:00:00Z,-0.00095672,0.02443,73094666,34424959
2025-03-28T16:00:00Z,-0.00010702,0.02457,49300765,23979266
2025-03-29T00:00:00Z,-0.00102515,0.02374,41924415,19528185
2025-03-29T08:00:00Z,-0.00067570,0.02346,54418920,26789736
2025-03-29T16:00:00Z,-0.00038808,0.02320,48448048,24165174
2025-03-30T00:00:00Z,-0.00096961,0.02335,47305128,23311661
2025-03-30T08:00:00Z,-0.00007346,0.02315,42790056,21995564
2025-03-30T16:00:00Z,0,0.02295,43204415,20802580
2025-03-31T00:00:00Z,0,0.02262,51452343,25818522
2025-03-31T08:00:00Z,-0.00020689,0.02271,89539323,45177283
2025-03-31T16:00:00Z,-0.00131466,0.02233,43069172,22467533
2025-04-01T00:00:00Z,-0.00054620,0.02293,53093539,27159198
2025-04-01T08:00:00Z,-0.00025834,0.02311,123950645,59919743
2025-04-01T16:00:00Z,-0.00066076,0.02269,72440660,35497450
2025-04-02T00:00:00Z,-0.00063041,0.02153,127221774,60342528
2025-04-02T08:00:00Z,-0.00039086,0.02229,61806313,30721152
2025-04-02T16:00:00Z,0,0.02056,140413555,65566357
2025-04-03T00:00:00Z,-0.00007039,0.02064,54203920,25363940
2025-04-03T08:00:00Z,-0.00005096,0.02021,105721326,52710953
2025-04-03T16:00:00Z,-0.00091886,0.02096,48846525,23178428
2025-04-04T00:00:00Z,-0.00070180,0.02083,42017756,20567013
2025-04-04T08:00:00Z,-0.00021158,0.02038,78681695,39006911
2025-04-04T16:00:00Z,0,0.02088,127010795,66328973
2025-04-05T00:00:00Z,-0.00026891,0.02105,43981538,22324039
2025-04-05T08:00:00Z,0,0.02039,41494222,19927512
2025-04-05T16:00:00Z,-0.00048341,0.02035,54969020,25770655
2025-04-06T00:00:00Z,-0.00068918,0.02010,34738802,17777203
2025-04-06T08:00:00Z,-0.00024882,0.01933,54281612,24901861
2025-04-06T16:00:00Z,0,0.01825,171743076,85105288
2025-04-07T00:00:00Z,-0.00001912,0.01715,205139106,103735032
2025-04-07T08:00:00Z,0,0.01844,192418588,97287830
2025-04-07T16:00:00Z,-0.00018143,0.01883,87444356,43403717
2025-04-08T00:00:00Z,-0.00033993,0.01865,52931061,26293210
2025-04-08T08:00:00Z,0,0.01859,51159376,24156476
2025-04-08T16:00:00Z,-0.00021643,0.01811,64056654,30548319
2025-04-09T00:00:00Z,-0.00047227,0.01876,76666970,37853978
2025-04-09T08:00:00Z,-0.00020770,0.01882,67696801,33947378
2025-04-09T16:00:00Z,0,0.01992,120663737,60751747
2025-04-10T00:00:00Z,-0.00025984,0.01937,55268717,30685105
2025-04-10T08:00:00Z,-0.00007841,0.01838,93746024,48893958
2025-04-10T16:00:00Z,0,0.01878,57713842,29616219
2025-04-11T00:00:00Z,-0.00001456,0.01935,38449371,18469092
2025-04-11T08:00:00Z,-0.00083920,0.01955,49785590,26214100
2025-04-11T16:00:00Z,-0.00046237,0.01991,91585235,48649983
2025-04-12T00:00:00Z,0,0.02017,42284666,19862293
2025-04-12T08:00:00Z,-0.00028296,0.02065,57878275,30185775
2025-04-12T16:00:00Z,0,0.02070,57658049,28431267
2025-04-13T00:00:00Z,0,0.02014,52920262,24209083
2025-04-13T08:00:00Z,0,0.02018,40889306,22501145
2025-04-13T16:00:00Z,0,0.01969,80813028,36293189
2025-04-14T00:00:00Z,0,0.01989,44648964,22363537
2025-04-14T08:00:00Z,0,0.02019,229354349,109371744
2025-04-14T16:00:00Z,0,0.02027,75153963,38523995
2025-04-15T00:00:00Z,0,0.02016,65655578,33566961
2025-04-15T08:00:00Z,0.00034212,0.01996,80206493,40002688
2025-04-15T16:00:00Z,-0.00012159,0.01929,56851423,25995608
2025-04-16T00:00:00Z,-0.00013221,0.01915,47684024,23445562
2025-04-16T08:00:00Z,-0.00155869,0.01927,53004403,27157385
2025-04-16T16:00:00Z,-0.00051866,0.01911,66123772,31763178
2025-04-17T00:00:00Z,-0.00033154,0.01925,29571259,15566571
2025-04-17T08:00:00Z,0,0.01913,41243515,20452202
2025-04-17T16:00:00Z,-0.00012782,0.01926,37471278,18439594
2025-04-18T00:00:00Z,0,0.01975,37005683,20059318
2025-04-18T08:00:00Z,0,0.01964,51395823,27384938
2025-04-18T16:00:00Z,-0.00070304,0.01967,83005268,41111435
2025-04-19T00:00:00Z,0,0.02030,37369668,18575566
2025-04-19T08:00:00Z,-0.00031888,0.02043,34528026,17828671
2025-04-19T16:00:00Z,-0.00034067,0.02052,98531205,47110900
2025-04-20T00:00:00Z,0,0.02089,82436438,42073437
2025-04-20T08:00:00Z,-0.00111744,0.02113,75623648,41339386
2025-04-20T16:00:00Z,0,0.02133,118616028,55616528
2025-04-21T00:00:00Z,-0.00640300,0.02526,357889549,180209101
2025-04-21T08:00:00Z,0.00344971,0.02458,3241959757,1572069744
2025-04-21T16:00:00Z,-0.00149770,0.02250,715694186,332391815
2025-04-22T00:00:00Z,-0.00041319,0.02233,220271557,111245076
2025-04-22T08:00:00Z,-0.00001522,0.02316,287867374,133587470
2025-04-22T16:00:00Z,-0.00081737,0.02458,341766646,163428809
2025-04-23T00:00:00Z,0,0.02402,131651518,61058635
2025-04-23T08:00:00Z,-0.00039684,0.02364,151053076,68301868
2025-04-23T16:00:00Z,-0.00050323,0.02404,83219888,41584988
2025-04-24T00:00:00Z,-0.00266500,0.02381,138652592,71187325
2025-04-24T08:00:00Z,0,0.02436,164282469,77683572
2025-04-24T16:00:00Z,0,0.02437,65740587,34487937
2025-04-25T00:00:00Z,0,0.02461,92052916,43997461
2025-04-25T08:00:00Z,0,0.02464,110244506,54790596
2025-04-25T16:00:00Z,-0.00089644,0.02445,66024265,31527780
2025-04-26T00:00:00Z,-0.00161167,0.02501,97963361,49225046
2025-04-26T08:00:00Z,-0.00042591,0.02520,82519287,40342562
2025-04-26T16:00:00Z,-0.00010665,0.02521,46950880,23404773
2025-04-27T00:00:00Z,0,0.02406,81920753,36896388
2025-04-27T08:00:00Z,-0.00010863,0.02348,63820590,30463693
2025-04-27T16:00:00Z,-0.00033534,0.02315,83705377,41954843
2025-04-28T00:00:00Z,0,0.02377,77561442,37438945
2025-04-28T08:00:00Z,0,0.02285,87194248,39727861
2025-04-28T16:00:00Z,0,0.02335,46884111,23231806
2025-04-29T00:00:00Z,0,0.02381,49845239,24547611
2025-04-29T08:00:00Z,-0.00041107,0.02317,76625118,35902205
2025-04-29T16:00:00Z,0,0.02294,41217920,21164985
2025-04-30T00:00:00Z,0,0.02274,33051711,14436379
2025-04-30T08:00:00Z,0,0.02314,80657300,40882882
2025-04-30T16:00:00Z,0,0.02337,35927868,17721736
2025-05-01T00:00:00Z,0,0.02368,35001221,18535453
2025-05-01T08:00:00Z,-0.00015009,0.02382,50865617,24014937
2025-05-01T16:00:00Z,0,0.02391,30464086,15322192
2025-05-02T00:00:00Z,0,0.02369,33409696,16585108
2025-05-02T08:00:00Z,-0.00027049,0.02362,38622719,18602938
2025-05-02T16:00:00Z,-0.00049869,0.02339,23572656,11087400
2025-05-03T00:00:00Z,-0.00030914,0.02313,28697459,13255719
2025-05-03T08:00:00Z,-0.00191995,0.02233,59985737,26301411
2025-05-03T16:00:00Z,-0.00060951,0.02156,60349758,29402501
2025-05-04T00:00:00Z,0,0.02125,60200914,26395589
2025-05-04T08:00:00Z,-0.00087736,0.02121,48256899,23062010
2025-05-04T16:00:00Z,-0.00038207,0.02104,35591810,16243221
2025-05-05T00:00:00Z,0,0.02169,46738569,26013905
2025-05-05T08:00:00Z,0,0.02091,92765690,39174712
2025-05-05T16:00:00Z,-0.00032235,0.02090,45781024,21849731
2025-05-06T00:00:00Z,-0.00073127,0.02070,37051794,19913337
2025-05-06T08:00:00Z,-0.00066970,0.02003,81820365,38692036
2025-05-06T16:00:00Z,0,0.02066,54596610,26398233
2025-05-07T00:00:00Z,-0.00045337,0.02071,45553979,22804455
2025-05-07T08:00:00Z,-0.00117815,0.02029,56637837,31984519
2025-05-07T16:00:00Z,0,0.02064,53401053,26683917
2025-05-08T00:00:00Z,0,0.02159,79965621,40627518
2025-05-08T08:00:00Z,-0.00014806,0.02245,66992472,34823871
2025-05-08T16:00:00Z,0,0.02361,99086086,49737593
2025-05-09T00:00:00Z,0,0.02470,77366766,39307901
2025-05-09T08:00:00Z,0,0.02500,130457411,62067577
2025-05-09T16:00:00Z,0,0.02545,50707757,26118113
2025-05-10T00:00:00Z,0,0.02645,88649148,46591413
2025-05-10T08:00:00Z,0,0.02578,73576920,37051500
2025-05-10T16:00:00Z,0,0.02765,62914072,31162106
2025-05-11T00:00:00Z,-0.00025671,0.02666,116692737,58216669
2025-05-11T08:00:00Z,0,0.02664,77284783,37208083
2025-05-11T16:00:00Z,0,0.02707,59100349,25915840
2025-05-12T00:00:00Z,0,0.02770,85420219,42606909
2025-05-12T08:00:00Z,0,0.02723,97696586,47243266
2025-05-12T16:00:00Z,-0.00048679,0.02732,78649346,37082240
2025-05-13T00:00:00Z,0,0.02609,90966600,43711431
2025-05-13T08:00:00Z,0,0.02708,97827429,53534197
2025-05-13T16:00:00Z,0,0.02798,88655544,47336958
2025-05-14T00:00:00Z,0,0.02767,40576759,20221464
2025-05-14T08:00:00Z,0,0.02673,71067152,33668931
2025-05-14T16:00:00Z,0,0.02660,40021829,19646538
2025-05-15T00:00:00Z,-0.00013858,0.02488,57803532,23675759
2025-05-15T08:00:00Z,0,0.02545,76152992,34801823
2025-05-15T16:00:00Z,0,0.02475,73535056,35894273
2025-05-16T00:00:00Z,0,0.02522,40490171,21512415
2025-05-16T08:00:00Z,0,0.02478,61524862,30935064
2025-05-16T16:00:00Z,-0.00032562,0.02421,42475139,18239901
2025-05-17T00:00:00Z,0,0.02329,60807393,29154442
2025-05-17T08:00:00Z,-0.00179275,0.02321,92679548,46337843
2025-05-17T16:00:00Z,0,0.02320,44806464,20991806
2025-05-18T00:00:00Z,0,0.02399,44088796,19930927
2025-05-18T08:00:00Z,-0.00002877,0.02488,59842973,32808298
2025-05-18T16:00:00Z,-0.00030929,0.02445,58964961,28105389
2025-05-19T00:00:00Z,-0.00052136,0.02291,50144014,23900714
2025-05-19T08:00:00Z,-0.00027691,0.02336,41799093,21465667
2025-05-19T16:00:00Z,-0.00146916,0.02368,44697314,20606650
2025-05-20T00:00:00Z,0,0.02371,48603658,22731424
2025-05-20T08:00:00Z,0,0.02365,45577928,22373048
2025-05-20T16:00:00Z,0,0.02388,58172450,31116092
2025-05-21T00:00:00Z,-0.00013683,0.02371,52313261,26318254
2025-05-21T08:00:00Z,0,0.02393,35344617,17183254
2025-05-21T16:00:00Z,-0.00000412,0.02418,70519617,35455498
2025-05-22T00:00:00Z,0,0.02523,48804779,25596887
2025-05-22T08:00:00Z,-0.00060162,0.02643,89555043,43487829
2025-05-22T16:00:00Z,0,0.02633,39723882,19461060
2025-05-23T00:00:00Z,-0.00094292,0.02602,43867819,24041785
2025-05-23T08:00:00Z,-0.00088837,0.02505,99209022,49707564
2025-05-23T16:00:00Z,-0.00021158,0.02381,57244774,24882540
2025-05-24T00:00:00Z,-0.00063203,0.02394,31907763,14514156
2025-05-24T08:00:00Z,-0.00029296,0.02421,54793950,25514743
2025-05-24T16:00:00Z,-0.00026201,0.02358,28068226,12345699
2025-05-25T00:00:00Z,-0.00067060,0.02303,30045924,14467902
2025-05-25T08:00:00Z,-0.00072510,0.02288,40017611,20275486
2025-05-25T16:00:00Z,0,0.02380,47561552,25611432
2025-05-26T00:00:00Z,0,0.02451,44835730,23762652
2025-05-26T08:00:00Z,0,0.02454,78165015,36414694
2025-05-26T16:00:00Z,-0.00024514,0.02416,35671917,17374081
2025-05-27T00:00:00Z,0,0.02460,47480743,24357668
2025-05-27T08:00:00Z,-0.00003765,0.02505,81429346,40700230
2025-05-27T16:00:00Z,-0.00047313,0.02483,38056345,18363844
2025-05-28T00:00:00Z,-0.00033040,0.02448,43775865,21963388
2025-05-28T08:00:00Z,-0.00032475,0.02396,49257855,24367622
2025-05-28T16:00:00Z,0,0.02444,43287152,21147684
2025-05-29T00:00:00Z,0,0.02437,50195753,24107463
2025-05-29T08:00:00Z,-0.00085536,0.02376,43913580,21542303
2025-05-29T16:00:00Z,-0.00018682,0.02338,47263106,22512714
2025-05-30T00:00:00Z,-0.00092739,0.02237,82691278,37668005
2025-05-30T08:00:00Z,-0.00079997,0.02210,59014965,30867891
2025-05-30T16:00:00Z,-0.00030254,0.02066,112855785,51206981
2025-05-31T00:00:00Z,-0.00013797,0.02088,79933356,43311477
2025-05-31T08:00:00Z,-0.00108100,0.02080,35302613,17617645
2025-05-31T16:00:00Z,-0.00014897,0.02101,43208531,21666918
2025-06-01T00:00:00Z,0,0.02097,25876737,13915322
2025-06-01T08:00:00Z,-0.00035453,0.02117,72174442,38972120
2025-06-01T16:00:00Z,-0.00036250,0.02174,44527084,25472403
2025-06-02T00:00:00Z,0,0.02170,42501309,20608196
2025-06-02T08:00:00Z,-0.00017983,0.02160,32002837,16687280
2025-06-02T16:00:00Z,-0.00018518,0.02217,33953147,18429221
2025-06-03T00:00:00Z,-0.00093746,0.02226,29045574,14142408
2025-06-03T08:00:00Z,0,0.02233,26651343,14061647
2025-06-03T16:00:00Z,0,0.02200,28306878,13667548
2025-06-04T00:00:00Z,-0.00031446,0.02208,29429425,15441898
2025-06-04T08:00:00Z,0,0.02190,31491277,14843401
2025-06-04T16:00:00Z,-0.00055987,0.02127,37428522,15077944
2025-06-05T00:00:00Z,-0.00011195,0.02152,39580308,20225111
2025-06-05T08:00:00Z,-0.00075126,0.02111,41958378,18933442
2025-06-05T16:00:00Z,-0.00132679,0.02023,80151572,39313805
2025-06-06T00:00:00Z,0,0.02045,31877444,15362562
2025-06-06T08:00:00Z,0,0.02085,56213400,28266536
2025-06-06T16:00:00Z,0,0.02021,43452976,20179290
2025-06-07T00:00:00Z,0,0.02113,36375230,21914372
2025-06-07T08:00:00Z,0,0.02122,27324208,15670747
2025-06-07T16:00:00Z,0,0.02118,17424575,9235170
2025-06-08T00:00:00Z,-0.00011064,0.02084,22701747,10266701
2025-06-08T08:00:00Z,-0.00041512,0.02113,23702482,12100647
2025-06-08T16:00:00Z,-0.00012194,0.02096,21597728,10624274
2025-06-09T00:00:00Z,0,0.02087,27339676,14377713
2025-06-09T08:00:00Z,-0.00079116,0.02159,38137205,20308414
2025-06-09T16:00:00Z,-0.00001416,0.02227,40916962,20483785
2025-06-10T00:00:00Z,-0.00002049,0.02223,41788483,19663242
2025-06-10T08:00:00Z,0,0.02246,64961385,33444434
2025-06-10T16:00:00Z,0,0.02317,42680921,21793587
2025-06-11T00:00:00Z,-0.00102104,0.02290,46807917,24350840
2025-06-11T08:00:00Z,-0.00009291,0.02307,53076614,28286646
2025-06-11T16:00:00Z,-0.00068111,0.02188,34841529,14871972
2025-06-12T00:00:00Z,-0.00081939,0.02119,37488563,17716026
2025-06-12T08:00:00Z,0,0.02077,41222243,21295495
2025-06-12T16:00:00Z,-0.00133860,0.02012,56028266,25525794
2025-06-13T00:00:00Z,-0.00071750,0.01880,101797208,43157527
2025-06-13T08:00:00Z,0,0.01916,53755158,27376496
2025-06-13T16:00:00Z,-0.00008479,0.01953,35613133,17569397
2025-06-14T00:00:00Z,-0.00090294,0.01950,22065083,10677567
2025-06-14T08:00:00Z,0,0.01918,19913323,11024906
2025-06-14T16:00:00Z,-0.00062741,0.01920,19881124,10303596
2025-06-15T00:00:00Z,-0.00029086,0.01919,23715570,11368381
2025-06-15T08:00:00Z,0,0.01932,21455730,10255342
2025-06-15T16:00:00Z,-0.00017767,0.01942,22451307,11355010
2025-06-16T00:00:00Z,-0.00035282,0.02000,26745627,14844065
2025-06-16T08:00:00Z,0,0.02036,59015940,29708249
2025-06-16T16:00:00Z,0,0.01955,76708788,36274692
2025-06-17T00:00:00Z,-0.00036193,0.01956,42361158,22522867
2025-06-17T08:00:00Z,0,0.01871,39477307,18516938
2025-06-17T16:00:00Z,-0.00094746,0.01874,45643699,23446769
2025-06-18T00:00:00Z,0,0.01885,28298420,14394550
2025-06-18T08:00:00Z,-0.00135542,0.01855,51674456,26215604
2025-06-18T16:00:00Z,0,0.01866,43959200,21745981
2025-06-19T00:00:00Z,-0.00037577,0.01842,19036574,11359211
2025-06-19T08:00:00Z,0,0.01825,19987983,10113215
2025-06-19T16:00:00Z,-0.00011016,0.01848,30279103,16558752
2025-06-20T00:00:00Z,0,0.01879,18994154,9299370
2025-06-20T08:00:00Z,-0.00092932,0.01827,24701865,11068517
2025-06-20T16:00:00Z,0,0.01792,54936942,27152113
2025-06-21T00:00:00Z,-0.00033053,0.01830,15406961,8801332
2025-06-21T08:00:00Z,0,0.01783,15443219,6685352
2025-06-21T16:00:00Z,0,0.01699,111671243,50513745
2025-06-22T00:00:00Z,-0.00000843,0.01696,31549247,17182025
2025-06-22T08:00:00Z,0,0.01619,69133297,34882864
2025-06-22T16:00:00Z,0,0.01661,45481447,21676783
2025-06-23T00:00:00Z,-0.00025890,0.01700,27895262,12415755
2025-06-23T08:00:00Z,-0.00034966,0.01702,30943685,15825717
2025-06-23T16:00:00Z,-0.00022077,0.01840,84155543,43509144
2025-06-24T00:00:00Z,0,0.01861,36146657,16144891
2025-06-24T08:00:00Z,-0.00000270,0.01855,28421963,13929720
2025-06-24T16:00:00Z,-0.00019617,0.01902,56244191,30232255
2025-06-25T00:00:00Z,-0.00012288,0.01877,27448048,13187504
2025-06-25T08:00:00Z,0,0.01846,35110639,18240159
2025-06-25T16:00:00Z,-0.00027156,0.01843,36087013,15108183
2025-06-26T00:00:00Z,0,0.01875,29940962,14699176
2025-06-26T08:00:00Z,-0.00012815,0.01782,57578981,28130249
2025-06-26T16:00:00Z,0,0.01774,33854575,17135590
2025-06-27T00:00:00Z,-0.00040554,0.01770,33319826,16812084
2025-06-27T08:00:00Z,0,0.01781,51118954,27552630
2025-06-27T16:00:00Z,0,0.01777,26581975,13914494
2025-06-28T00:00:00Z,-0.00027348,0.01769,18139631,8960671
2025-06-28T08:00:00Z,0,0.01806,18478026,8889431
2025-06-28T16:00:00Z,0,0.01821,27876510,13550144
2025-06-29T00:00:00Z,0,0.01829,22463100,11824497
2025-06-29T08:00:00Z,0,0.01802,49093808,24288765
2025-06-29T16:00:00Z,0,0.01919,49817513,27952465
2025-06-30T00:00:00Z,0,0.01897,26310587,13017151
2025-06-30T08:00:00Z,-0.00076664,0.01851,39555735,17800535
2025-06-30T16:00:00Z,0,0.01854,37976480,19272838
2025-07-01T00:00:00Z,-0.00060404,0.01805,30490413,15082761
2025-07-01T08:00:00Z,-0.00011846,0.01780,39598597,19228669
2025-07-01T16:00:00Z,0,0.01744,44628843,23770299
2025-07-02T00:00:00Z,-0.00039794,0.01789,41541682,23405341
2025-07-02T08:00:00Z,0,0.01814,36681079,18419327
2025-07-02T16:00:00Z,0,0.01835,54065810,27131496
2025-07-03T00:00:00Z,0,0.01867,57448961,33047735
2025-07-03T08:00:00Z,0,0.01804,75516956,34330300
2025-07-03T16:00:00Z,0,0.01831,39964104,20413209
2025-07-04T00:00:00Z,-0.00094277,0.01749,55214542,24999742
2025-07-04T08:00:00Z,-0.00065569,0.01712,81206620,33649051
2025-07-04T16:00:00Z,-0.00152791,0.01712,35598387,17198298
2025-07-05T00:00:00Z,0,0.01732,34939485,18120442
2025-07-05T08:00:00Z,-0.00014853,0.01670,95565949,45377864
2025-07-05T16:00:00Z,0,0.01672,41232555,20316482
2025-07-06T00:00:00Z,-0.00148970,0.01646,29395251,13031308
2025-07-06T08:00:00Z,0,0.01671,36728641,19930084
2025-07-06T16:00:00Z,0,0.01680,28325762,14464283
2025-07-07T00:00:00Z,0,0.01695,33987685,18437032
2025-07-07T08:00:00Z,-0.00125620,0.01669,35061037,16976066
2025-07-07T16:00:00Z,-0.00015262,0.01668,37697995,19754547
2025-07-08T00:00:00Z,-0.00030810,0.01666,25526805,13076497
2025-07-08T08:00:00Z,-0.00054277,0.01685,44605846,21034323
2025-07-08T16:00:00Z,-0.00065567,0.01713,36025432,17691997
2025-07-09T00:00:00Z,0.00003271,0.01737,29588376,15672648
2025-07-09T08:00:00Z,-0.00002844,0.01741,39789400,18310104
2025-07-09T16:00:00Z,0,0.01792,49451833,23242981
2025-07-10T00:00:00Z,-0.00004875,0.01830,40517523,20638034
2025-07-10T08:00:00Z,0,0.01833,58718770,27491409
2025-07-10T16:00:00Z,0.00002271,0.02133,1003845200,499908099
2025-07-11T00:00:00Z,0,0.02048,289588802,141993630
2025-07-11T08:00:00Z,0,0.02058,157449360,77266928
2025-07-11T16:00:00Z,0,0.02044,101798955,47252340
2025-07-12T00:00:00Z,0,0.02075,65570694,31660475
2025-07-12T08:00:00Z,0,0.01991,86224799,39665521
2025-07-12T16:00:00Z,0,0.02023,33651629,14446024
2025-07-13T00:00:00Z,0,0.02072,32279628,17928173
2025-07-13T08:00:00Z,-0.00038092,0.02135,70298681,34988616
2025-07-13T16:00:00Z,0,0.02114,110902820,55209655
2025-07-14T00:00:00Z,0,0.02201,53595921,26652758
2025-07-14T08:00:00Z,0,0.02134,92778353,42701027
2025-07-14T16:00:00Z,-0.00017258,0.02443,1428243293,737949069
2025-07-15T00:00:00Z,-0.00340174,0.02366,619948692,305464081
2025-07-15T08:00:00Z,0.00123776,0.02353,1168834877,584341813
2025-07-15T16:00:00Z,-0.00112374,0.02384,380040333,174742843
2025-07-16T00:00:00Z,-0.00163738,0.02414,156609563,69543742
2025-07-16T08:00:00Z,0,0.02389,244117393,116755871
2025-07-16T16:00:00Z,0,0.02374,163582297,76579477
2025-07-17T00:00:00Z,0,0.02380,116740416,54018682
2025-07-17T08:00:00Z,0,0.02364,111364905,53114665
2025-07-17T16:00:00Z,0,0.02372,139741138,68290390
2025-07-18T00:00:00Z,0.00038532,0.02442,131442541,65536823
2025-07-18T08:00:00Z,0,0.02333,97393174,48250413
2025-07-18T16:00:00Z,0.00024775,0.02289,87053334,42139498
2025-07-19T00:00:00Z,0,0.02311,59475736,31852702
2025-07-19T08:00:00Z,-0.00002764,0.02296,62925357,31661020
2025-07-19T16:00:00Z,0,0.02371,74497181,39357048
2025-07-20T00:00:00Z,0,0.02369,86272190,39011171
2025-07-20T08:00:00Z,0.00075024,0.02434,86429790,40126122
2025-07-20T16:00:00Z,0,0.02533,590775909,297577970
2025-07-21T00:00:00Z,0,0.02510,169133501,83470353
2025-07-21T08:00:00Z,0.00019691,0.02454,179814701,84986926
2025-07-21T16:00:00Z,0.00079853,0.02465,181866609,89038818
2025-07-22T00:00:00Z,0.00079230,0.02367,115758249,53472821
2025-07-22T08:00:00Z,0,0.02376,103046644,53850443
2025-07-22T16:00:00Z,0,0.02383,67771252,35349812
2025-07-23T00:00:00Z,0,0.02402,119966903,61131464
2025-07-23T08:00:00Z,0,0.02292,160725844,75387198
2025-07-23T16:00:00Z,0,0.02245,122942974,53915923
2025-07-24T00:00:00Z,0,0.02164,169026371,85561098
2025-07-24T08:00:00Z,0,0.02232,146024249,65577278
2025-07-24T16:00:00Z,0,0.02154,94408920,44660740
2025-07-25T00:00:00Z,0,0.02142,87461266,40443270
2025-07-25T08:00:00Z,-0.00036319,0.02175,176703018,92626609
2025-07-25T16:00:00Z,0,0.02251,40256001,18980770
2025-07-26T00:00:00Z,0,0.02238,32884652,13963582
2025-07-26T08:00:00Z,0,0.02230,38842867,16068759
2025-07-26T16:00:00Z,0,0.02224,33757019,18288139
2025-07-27T00:00:00Z,0,0.02276,49097822,27860872
2025-07-27T08:00:00Z,0,0.02270,64972661,35680293
2025-07-27T16:00:00Z,0,0.02313,44900589,23033457
2025-07-28T00:00:00Z,0,0.02336,75975136,38589135
2025-07-28T08:00:00Z,0,0.02238,57560305,28395675
2025-07-28T16:00:00Z,0,0.02140,155237672,72476925
2025-07-29T00:00:00Z,0,0.02193,74179535,36286925
2025-07-29T08:00:00Z,-0.00029107,0.02118,106033117,55841674
2025-07-29T16:00:00Z,0,0.02114,61651854,28898192
2025-07-30T00:00:00Z,0,0.02073,55548719,24743114
2025-07-30T08:00:00Z,-0.00003420,0.02070,50175754,22502928
2025-07-30T16:00:00Z,0,0.02094,71329373,34961897
2025-07-31T00:00:00Z,0,0.02146,35015672,15661828
2025-07-31T08:00:00Z,0,0.02073,53513090,26996192
2025-07-31T16:00:00Z,-0.00039779,0.01982,67858418,33760378
2025-08-01T00:00:00Z,0,0.01964,83738070,43099445
2025-08-01T08:00:00Z,0,0.01961,89411191,45942819
2025-08-01T16:00:00Z,-0.00027030,0.01928,87588949,43108464
2025-08-02T00:00:00Z,0,0.01942,39841840,18528069
2025-08-02T08:00:00Z,0,0.01881,52827290,25361100
2025-08-02T16:00:00Z,0,0.01870,47290325,23189612
2025-08-03T00:00:00Z,-0.00001628,0.01922,41770468,20979213
2025-08-03T08:00:00Z,0,0.01968,92501234,45432009
2025-08-03T16:00:00Z,-0.00006452,0.01971,43070624,22165096
2025-08-04T00:00:00Z,-0.00118975,0.01996,45132718,22825475
2025-08-04T08:00:00Z,0,0.02022,55688244,26445084
2025-08-04T16:00:00Z,0,0.02045,41294359,21178029
2025-08-05T00:00:00Z,0,0.01973,53791564,26183301
2025-08-05T08:00:00Z,0,0.01947,56994819,26546727
2025-08-05T16:00:00Z,0,0.01960,35313133,17900183
2025-08-06T00:00:00Z,0,0.01959,41367092,19136820
2025-08-06T08:00:00Z,-0.00022198,0.01989,53787759,27548860
2025-08-06T16:00:00Z,0,0.01972,40085408,22420773
2025-08-07T00:00:00Z,-0.00002602,0.01957,27969936,15657756
2025-08-07T08:00:00Z,0,0.02009,86532367,46370671
2025-08-07T16:00:00Z,0,0.02043,40276530,19958452
2025-08-08T00:00:00Z,0,0.02066,50975933,25090635
2025-08-08T08:00:00Z,0,0.02053,42506970,17629553
2025-08-08T16:00:00Z,0,0.02095,40447541,19403351
2025-08-09T00:00:00Z,0,0.02159,30835005,16971495
2025-08-09T08:00:00Z,0,0.02177,55200083,27630614
2025-08-09T16:00:00Z,0,0.02172,30005773,14256311
2025-08-10T00:00:00Z,0,0.02165,141192721,69806510
2025-08-10T08:00:00Z,0,0.02174,96489044,47661684
2025-08-10T16:00:00Z,0,0.02188,40094831,18139052
2025-08-11T00:00:00Z,0,0.02152,81242200,33531979
2025-08-11T08:00:00Z,0,0.02095,87386992,35720178
2025-08-11T16:00:00Z,-0.00019503,0.02033,68756014,31040038
2025-08-12T00:00:00Z,0,0.02067,52387854,27217241
2025-08-12T08:00:00Z,0,0.02138,84469828,40321429
2025-08-12T16:00:00Z,-0.00049394,0.02294,412918113,212184892
2025-08-13T00:00:00Z,-0.01225323,0.02905,5701731186,2908224179
2025-08-13T08:00:00Z,-0.00058421,0.02808,10139062215,5062656389
2025-08-13T16:00:00Z,-0.00449223,0.02919,3313034847,1681055497
2025-08-14T00:00:00Z,0.00020834,0.03987,9662349238,4910635152
2025-08-14T08:00:00Z,-0.00621349,0.04883,16733746300,8485989837
2025-08-14T16:00:00Z,-0.00281608,0.04936,9176785638,4638903226
2025-08-15T00:00:00Z,0.00002076,0.04530,7287787645,3641669087
2025-08-15T08:00:00Z,-0.00091215,0.04080,5388100404,2675111569
2025-08-15T16:00:00Z,-0.00130561,0.03769,3448550941,1759211678
2025-08-16T00:00:00Z,-0.00047597,0.03484,2310220409,1145041699
2025-08-16T08:00:00Z,-0.00068418,0.03494,2547064134,1287809223
2025-08-16T16:00:00Z,-0.00408725,0.04019,2276807407,1220160528
2025-08-17T00:00:00Z,-0.00098436,0.03526,2056729918,1002930982
2025-08-17T08:00:00Z,-0.00015662,0.03648,1492195517,739703854
2025-08-17T16:00:00Z,0.00011643,0.03850,3675590732,1827375590
2025-08-18T00:00:00Z,-0.00041855,0.03496,2031652122,983694260
2025-08-18T08:00:00Z,0,0.03550,2208265662,1092271687
2025-08-18T16:00:00Z,-0.00118810,0.03486,815722926,404939213
2025-08-19T00:00:00Z,-0.00021266,0.03242,1262278847,631207234
2025-08-19T08:00:00Z,-0.00035942,0.03172,986056497,483879214
2025-08-19T16:00:00Z,-0.00012385,0.03065,671795724,322737480
2025-08-20T00:00:00Z,-0.00040519,0.03002,657859125,327163481
2025-08-20T08:00:00Z,-0.00010479,0.03086,959408514,496228564
2025-08-20T16:00:00Z,-0.00067600,0.03086,607215298,316577095
2025-08-21T00:00:00Z,-0.00051739,0.02982,475948637,229054454
2025-08-21T08:00:00Z,-0.00396194,0.03038,1644992454,845331738
2025-08-21T16:00:00Z,-0.00302447,0.03448,3683362475,1871776646
2025-08-22T00:00:00Z,-0.00166265,0.03290,1758505417,850042372
2025-08-22T08:00:00Z,-0.00095573,0.03845,4545120391,2279323721
2025-08-22T16:00:00Z,-0.00069618,0.03703,1643617990,786642744
2025-08-23T00:00:00Z,0,0.03471,723527215,327819709
2025-08-23T08:00:00Z,-0.00105909,0.03519,588513004,307340263
2025-08-23T16:00:00Z,-0.00005395,0.03425,596350512,296763586
2025-08-24T00:00:00Z,-0.00009631,0.03285,396830681,182996814
2025-08-24T08:00:00Z,0,0.03255,494712273,261713979
2025-08-24T16:00:00Z,0,0.03198,609341088,284978068
2025-08-25T00:00:00Z,0.00017343,0.03068,336989960,152661797
2025-08-25T08:00:00Z,-0.00113141,0.03056,345478051,181273824
2025-08-25T16:00:00Z,-0.00009804,0.02917,428147636,196096379
2025-08-26T00:00:00Z,-0.00049450,0.02868,287131118,144608190
2025-08-26T08:00:00Z,-0.00063211,0.02877,286439699,145757444
2025-08-26T16:00:00Z,-0.00146808,0.02933,653006824,346832127
2025-08-27T00:00:00Z,-0.00007671,0.02792,449423732,192132755
2025-08-27T08:00:00Z,0,0.02806,313247351,163790174
2025-08-27T16:00:00Z,0,0.02803,362565431,179662486
2025-08-28T00:00:00Z,-0.00114179,0.02831,222748279,110702734
2025-08-28T08:00:00Z,-0.00041898,0.02797,301130528,137032451
2025-08-28T16:00:00Z,-0.00038155,0.02808,182928435,84753467
2025-08-29T00:00:00Z,0,0.02680,240719093,100426954
2025-08-29T08:00:00Z,-0.00003133,0.02615,290510414,142120366
2025-08-29T16:00:00Z,-0.00126642,0.02623,197851667,102752904
2025-08-30T00:00:00Z,-0.00011289,0.02684,161381311,79228974
2025-08-30T08:00:00Z,-0.00458312,0.03446,8602087352,4326831257
2025-08-30T16:00:00Z,-0.00265584,0.03208,4013973256,2016093994
2025-08-31T00:00:00Z,-0.00926134,0.03346,3108080126,1582296632
2025-08-31T08:00:00Z,-0.00499091,0.03213,2671736269,1330187883
2025-08-31T16:00:00Z,-0.00190055,0.03107,1459888307,725649049
2025-09-01T00:00:00Z,-0.00053804,0.03033,843155465,403323985
2025-09-01T08:00:00Z,-0.00454246,0.03115,1612017533,803112282
2025-09-01T16:00:00Z,-0.00255054,0.02961,657006742,302732499
2025-09-02T00:00:00Z,-0.00668886,0.03076,580592099,292484954
2025-09-02T08:00:00Z,-0.00638963,0.02916,704133178,328919726
2025-09-02T16:00:00Z,-0.00148211,0.03017,419427277,218727943
2025-09-03T00:00:00Z,-0.00153753,0.02934,312893060,159730391
2025-09-03T08:00:00Z,-0.00191369,0.03010,729680926,360886006
2025-09-03T16:00:00Z,-0.00146158,0.02968,366068581,176767604
2025-09-04T00:00:00Z,-0.00176546,0.02905,262240427,131251955
2025-09-04T08:00:00Z,-0.00162751,0.02869,757455435,368688140
2025-09-04T16:00:00Z,-0.00219972,0.02927,486022197,248600489
2025-09-05T00:00:00Z,-0.00281133,0.02980,230320485,108998306
2025-09-05T08:00:00Z,-0.00237728,0.02899,337299147,150986424
2025-09-05T16:00:00Z,-0.00287240,0.02919,174740659,81954021
2025-09-06T00:00:00Z,-0.00101409,0.02881,140267577,68801264
2025-09-06T08:00:00Z,-0.00065979,0.02856,190122836,96639699
2025-09-06T16:00:00Z,-0.00069058,0.02827,187189590,82770401
2025-09-07T00:00:00Z,-0.00100049,0.02854,160597337,75333155
2025-09-07T08:00:00Z,-0.00039768,0.02923,365054693,181767469
2025-09-07T16:00:00Z,-0.00076270,0.02926,378109373,177389859
2025-09-08T00:00:00Z,-0.00062925,0.02918,196106629,80943761
2025-09-08T08:00:00Z,-0.00082144,0.02933,505673522,252855541
2025-09-08T16:00:00Z,-0.00165611,0.02891,247607332,130339385
2025-09-09T00:00:00Z,-0.00023617,0.02958,273796869,129883898
2025-09-09T08:00:00Z,-0.00170827,0.02880,301753974,128929838
2025-09-09T16:00:00Z,-0.00049801,0.02869,163440725,80148145
2025-09-10T00:00:00Z,-0.00096710,0.02876,185840201,89132808
2025-09-10T08:00:00Z,-0.00159329,0.02857,170432023,81015965
2025-09-10T16:00:00Z,-0.00136585,0.02846,218475499,110228214
2025-09-11T00:00:00Z,-0.00079085,0.02858,141881628,66017898
2025-09-11T08:00:00Z,-0.00031121,0.02795,195345834,88852425
2025-09-11T16:00:00Z,-0.00038055,0.02889,189589251,96798620
2025-09-12T00:00:00Z,-0.00011622,0.02843,132865645,53694188
2025-09-12T08:00:00Z,-0.00095531,0.02857,145412340,68497615
2025-09-12T16:00:00Z,-0.00033572,0.02902,340528274,165777948
2025-09-13T00:00:00Z,-0.00051157,0.02895,117589846,55569180
2025-09-13T08:00:00Z,-0.00016487,0.02945,316738958,148336836
2025-09-13T16:00:00Z,-0.00083921,0.02962,159638596,69940893
2025-09-14T00:00:00Z,-0.00017501,0.02907,146947018,70666006
2025-09-14T08:00:00Z,-0.00094244,0.02778,273405496,123162245
2025-09-14T16:00:00Z,-0.00160480,0.02770,142657178,68122045
2025-09-15T00:00:00Z,-0.00122105,0.02737,204153661,96415081
2025-09-15T08:00:00Z,-0.00057600,0.02806,308888880,161900344
2025-09-15T16:00:00Z,-0.00246897,0.02803,464707928,246022841
2025-09-16T00:00:00Z,-0.00025929,0.02736,203318353,99072369
2025-09-16T08:00:00Z,-0.00033520,0.02772,208532196,93730999
2025-09-16T16:00:00Z,-0.00184664,0.02750,103054809,47204052
2025-09-17T00:00:00Z,-0.00052613,0.02745,132070249,59768901
2025-09-17T08:00:00Z,-0.00148655,0.02673,164415930,72717589
2025-09-17T16:00:00Z,-0.00094824,0.02778,251038946,122552795
2025-09-18T00:00:00Z,-0.00025778,0.02749,133416803,62434364
2025-09-18T08:00:00Z,-0.00043951,0.02782,116350989,57189261
2025-09-18T16:00:00Z,-0.00082566,0.02773,88312601,46977995
2025-09-19T00:00:00Z,-0.00088788,0.02723,113577181,50283777
2025-09-19T08:00:00Z,-0.00047343,0.02688,149239956,76526452
2025-09-19T16:00:00Z,-0.00082872,0.02659,78530953,35856244
2025-09-20T00:00:00Z,0,0.02715,88763809,42926371
2025-09-20T08:00:00Z,-0.00504990,0.02940,2095886497,1044869409
2025-09-20T16:00:00Z,-0.00432018,0.02877,540010380,257209256
2025-09-21T00:00:00Z,-0.00043763,0.02785,297127213,145184529
2025-09-21T08:00:00Z,-0.00214895,0.02719,252899292,117257251
2025-09-21T16:00:00Z,-0.00265251,0.02678,149237022,66844937
2025-09-22T00:00:00Z,-0.00050553,0.02471,588600053,268042774
2025-09-22T08:00:00Z,-0.00212055,0.02455,263883883,115513638
2025-09-22T16:00:00Z,-0.00057189,0.02458,117500586,57356676
2025-09-23T00:00:00Z,-0.00055289,0.02461,158630107,83726900
2025-09-23T08:00:00Z,-0.00177845,0.02454,134766252,63764453
2025-09-23T16:00:00Z,-0.00117632,0.02402,149445257,65564870
2025-09-24T00:00:00Z,-0.00063002,0.02451,156956194,71766812
2025-09-24T08:00:00Z,-0.00027503,0.02453,95494796,43268880
2025-09-24T16:00:00Z,-0.00074813,0.02421,63436717,28976364
2025-09-25T00:00:00Z,-0.00140133,0.02342,133602663,64417394
2025-09-25T08:00:00Z,0,0.02324,141938576,69797454
2025-09-25T16:00:00Z,0,0.02237,234263682,109710653
2025-09-26T00:00:00Z,0,0.02265,99594265,47839072
2025-09-26T08:00:00Z,0,0.02254,134357222,63263010
2025-09-26T16:00:00Z,0,0.02294,97066734,43666222
2025-09-27T00:00:00Z,-0.00204864,0.02300,59799502,29253249
2025-09-27T08:00:00Z,-0.01233405,0.02546,1393300306,699311595
2025-09-27T16:00:00Z,0,0.02458,1433009537,697396566
2025-09-28T00:00:00Z,-0.00876351,0.02528,1765811596,905744433
2025-09-28T08:00:00Z,0.00094402,0.02643,2259457457,1132393501
2025-09-28T16:00:00Z,-0.00407598,0.02728,844252159,398659759
2025-09-29T00:00:00Z,-0.00122747,0.02592,665407947,339053750
2025-09-29T08:00:00Z,-0.00044461,0.02564,644010753,325489505
2025-09-29T16:00:00Z,-0.00031279,0.02521,298998851,128563803
2025-09-30T00:00:00Z,-0.00031663,0.02457,252226177,117878035
2025-09-30T08:00:00Z,0,0.02422,228070249,105621036
2025-09-30T16:00:00Z,0,0.02456,177914584,89172565
2025-10-01T00:00:00Z,-0.00115561,0.02424,141328018,65098771
2025-10-01T08:00:00Z,0,0.02520,232207123,106104890
2025-10-01T16:00:00Z,0,0.02527,138309194,67301230
2025-10-02T00:00:00Z,0,0.02553,96614413,44695373
2025-10-02T08:00:00Z,0,0.02513,148728371,63411839
2025-10-02T16:00:00Z,0,0.02553,156771491,79280661
2025-10-03T00:00:00Z,0,0.02510,105121058,49074472
2025-10-03T08:00:00Z,0.00020056,0.02557,114023106,55145663
2025-10-03T16:00:00Z,0,0.02539,162208765,73605119
2025-10-04T00:00:00Z,0,0.02506,90276027,43456882
2025-10-04T08:00:00Z,-0.00063526,0.02440,118415721,56259740
2025-10-04T16:00:00Z,-0.00112270,0.02464,70280992,32156259
2025-10-05T00:00:00Z,0,0.02538,117863420,57201784
2025-10-05T08:00:00Z,-0.00016690,0.02478,118241020,60516603
2025-10-05T16:00:00Z,-0.00033407,0.02417,93837056,48479618
2025-10-06T00:00:00Z,-0.00010609,0.02451,87998798,41690032
2025-10-06T08:00:00Z,0,0.02517,110761297,49881468
2025-10-06T16:00:00Z,0,0.02489,127317938,64568642
2025-10-07T00:00:00Z,-0.00015884,0.02462,107673713,55074288
2025-10-07T08:00:00Z,-0.00206406,0.02375,202839226,101992154
2025-10-07T16:00:00Z,-0.00080822,0.02359,128149322,64794885
2025-10-08T00:00:00Z,0,0.02361,86595176,45184076
2025-10-08T08:00:00Z,0,0.02395,103992380,53349479
2025-10-08T16:00:00Z,0,0.02445,202628495,89471946
2025-10-09T00:00:00Z,-0.00073288,0.02407,101195103,51535274
2025-10-09T08:00:00Z,-0.00056126,0.02327,141946620,67856362
2025-10-09T16:00:00Z,0,0.02347,98217166,45334817
2025-10-10T00:00:00Z,0,0.02323,83424665,40748616
2025-10-10T08:00:00Z,-0.00032314,0.02259,190315432,91494487
2025-10-10T16:00:00Z,-0.00887748,0.01631,1506070894,683746578
2025-10-11T00:00:00Z,0,0.01728,423708986,204600434
2025-10-11T08:00:00Z,-0.00162943,0.01807,261231905,134860296
2025-10-11T16:00:00Z,-0.00267236,0.01916,1465091527,729893317
2025-10-12T00:00:00Z,-0.01681318,0.02097,1366640634,669999122
2025-10-12T08:00:00Z,0.00054735,0.02322,2308559103,1150707295
2025-10-12T16:00:00Z,-0.00247491,0.02095,818276778,395222437
2025-10-13T00:00:00Z,-0.00051745,0.02107,262117801,134969120
2025-10-13T08:00:00Z,-0.00134930,0.02103,344049783,162394228
2025-10-13T16:00:00Z,-0.00889659,0.02127,282279896,150691775
2025-10-14T00:00:00Z,-0.00024521,0.01977,290310673,136124654
2025-10-14T08:00:00Z,0,0.02072,300429663,158614413
2025-10-14T16:00:00Z,-0.00149202,0.02231,744760100,380522583
2025-10-15T00:00:00Z,-0.00469807,0.02194,782729603,369505148
2025-10-15T08:00:00Z,0,0.02111,324788025,156407222
2025-10-15T16:00:00Z,-0.00150083,0.02030,160194788,77371595
2025-10-16T00:00:00Z,-0.00169201,0.02111,224219191,116483085
2025-10-16T08:00:00Z,-0.00016570,0.02064,455972923,214088157
2025-10-16T16:00:00Z,-0.00092327,0.01998,249490861,117392496
2025-10-17T00:00:00Z,-0.00101101,0.01883,160326142,71578666
2025-10-17T08:00:00Z,-0.00144425,0.01963,235576677,109564196
2025-10-17T16:00:00Z,-0.00064443,0.01926,129232353,65555522
2025-10-18T00:00:00Z,-0.00119430,0.01961,76454359,40033965
2025-10-18T08:00:00Z,-0.00047673,0.01949,79279757,35188226
2025-10-18T16:00:00Z,-0.00096844,0.01948,44346298,21244369
2025-10-19T00:00:00Z,-0.00116366,0.01936,59059654,27000069
2025-10-19T08:00:00Z,-0.00251468,0.01970,163998546,73999001
2025-10-19T16:00:00Z,-0.00060194,0.01950,72495807,32123689
2025-10-20T00:00:00Z,0,0.01989,85479561,44010221
2025-10-20T08:00:00Z,-0.00142844,0.01938,101260340,51046390
2025-10-20T16:00:00Z,-0.00197017,0.01923,79978366,36604775
2025-10-21T00:00:00Z,-0.00015337,0.01884,72365088,34773214
2025-10-21T08:00:00Z,-0.00014481,0.01978,154149019,73772805
2025-10-21T16:00:00Z,-0.00030545,0.01856,98732855,44861475
2025-10-22T00:00:00Z,0,0.01861,62600765,34802119
2025-10-22T08:00:00Z,-0.00036377,0.01870,89848460,46140256
2025-10-22T16:00:00Z,-0.00091553,0.01829,94262989,45705070
2025-10-23T00:00:00Z,-0.00100073,0.01849,46182912,23551234
2025-10-23T08:00:00Z,-0.00126785,0.01824,85255398,43590396
2025-10-23T16:00:00Z,-0.00054434,0.01817,71628636,37443956
2025-10-24T00:00:00Z,0,0.01841,71761484,32629710
2025-10-24T08:00:00Z,0,0.01810,85249075,37702818
2025-10-24T16:00:00Z,-0.00004520,0.01844,52990512,24739532
2025-10-25T00:00:00Z,0,0.01823,34512917,16718636
2025-10-25T08:00:00Z,-0.00051109,0.01835,45446006,22704913
2025-10-25T16:00:00Z,0,0.01833,30625780,16129779
2025-10-26T00:00:00Z,0,0.01842,30966636,15382097
2025-10-26T08:00:00Z,-0.00037800,0.01876,73455649,34220380
2025-10-26T16:00:00Z,0,0.01888,49081159,19858313
2025-10-27T00:00:00Z,0,0.01899,80338254,42346168
2025-10-27T08:00:00Z,-0.00110973,0.01851,92955752,48733983
2025-10-27T16:00:00Z,-0.00793071,0.01985,1408233527,714786178
2025-10-28T00:00:00Z,0,0.01929,719687775,347966371
2025-10-28T08:00:00Z,-0.00097342,0.01918,320777619,150607221
2025-10-28T16:00:00Z,-0.00199515,0.01916,362306276,179466901
2025-10-29T00:00:00Z,-0.00050386,0.01902,98436644,46191681
2025-10-29T08:00:00Z,-0.00251222,0.01867,81983353,38656875
2025-10-29T16:00:00Z,-0.00149677,0.01874,183759765,88112877
2025-10-30T00:00:00Z,-0.00168260,0.01901,120389808,61136180
2025-10-30T08:00:00Z,-0.00224976,0.01807,164452341,82378735
2025-10-30T16:00:00Z,-0.00043633,0.01823,133941009,65782156
2025-10-31T00:00:00Z,-0.00025669,0.01837,76484819,33340831
2025-10-31T08:00:00Z,-0.00045900,0.01804,96447764,45511702
2025-10-31T16:00:00Z,-0.00103374,0.01786,92799439,49840498
2025-11-01T00:00:00Z,-0.00159977,0.01818,50851799,23899217
2025-11-01T08:00:00Z,0,0.01802,79806531,37397848
2025-11-01T16:00:00Z,-0.00018936,0.01802,59437099,30384043
2025-11-02T00:00:00Z,-0.00178038,0.01875,114269663,57483211
2025-11-02T08:00:00Z,-0.00310709,0.01767,105561840,45062618
2025-11-02T16:00:00Z,-0.00060595,0.01805,74676044,39393711
2025-11-03T00:00:00Z,-0.00186212,0.01725,132732922,63120656
2025-11-03T08:00:00Z,-0.00132273,0.01585,198167901,94666898
2025-11-03T16:00:00Z,-0.00134426,0.01602,237504526,120445059
2025-11-04T00:00:00Z,0,0.01561,169650595,80838326
2025-11-04T08:00:00Z,-0.00047208,0.01594,115969024,58299507
2025-11-04T16:00:00Z,-0.00233245,0.01550,220525779,106348666
2025-11-05T00:00:00Z,0,0.01566,89689980,43845630
2025-11-05T08:00:00Z,-0.00191713,0.01608,84837280,46083710
2025-11-05T16:00:00Z,-0.00226211,0.01583,77356358,36740692
2025-11-06T00:00:00Z,-0.00024206,0.01568,71591850,35371931
2025-11-06T08:00:00Z,0,0.01544,99589029,45533654
2025-11-06T16:00:00Z,-0.00070210,0.01565,70650735,34341498
2025-11-07T00:00:00Z,-0.00104706,0.01642,79177341,41081661
2025-11-07T08:00:00Z,-0.00064327,0.01636,118389029,54920165
2025-11-07T16:00:00Z,0,0.01783,386932249,192373406
2025-11-08T00:00:00Z,0,0.01785,119394328,57235053
2025-11-08T08:00:00Z,0,0.01715,130783603,59232326
2025-11-08T16:00:00Z,0,0.01775,75031195,36523092
2025-11-09T00:00:00Z,0,0.01732,54761267,26223092
2025-11-09T08:00:00Z,0,0.01761,82315412,42529202
2025-11-09T16:00:00Z,0,0.01738,56217950,26926411
2025-11-10T00:00:00Z,0,0.01778,61998375,33501263
2025-11-10T08:00:00Z,0,0.01818,134005453,64402982
2025-11-10T16:00:00Z,-0.00182215,0.01815,771352585,376476873
2025-11-11T00:00:00Z,-0.00015305,0.01720,153325642,73251853
2025-11-11T08:00:00Z,-0.00094215,0.01727,93380358,47277435
2025-11-11T16:00:00Z,-0.00040214,0.01679,106603379,52108048
2025-11-12T00:00:00Z,-0.00027502,0.01688,72991597,37267765
2025-11-12T08:00:00Z,0,0.01667,105681322,54794069
2025-11-12T16:00:00Z,-0.00082294,0.01658,83590245,40054793
2025-11-13T00:00:00Z,0,0.01677,62919027,32080168
2025-11-13T08:00:00Z,0,0.01706,152920745,71709451
2025-11-13T16:00:00Z,-0.00069498,0.01674,453150201,213807965
2025-11-14T00:00:00Z,-0.00112858,0.01575,266911986,120183765
2025-11-14T08:00:00Z,0,0.01592,160347448,82624548
2025-11-14T16:00:00Z,0,0.01539,130566659,67104304
2025-11-15T00:00:00Z,-0.00052627,0.01563,71638520,35641007
2025-11-15T08:00:00Z,0,0.01572,87923691,40927923
2025-11-15T16:00:00Z,-0.00084595,0.01581,242396250,116462660
2025-11-16T00:00:00Z,0,0.01575,68962502,33603705
2025-11-16T08:00:00Z,0,0.01505,92737620,48072877
2025-11-16T16:00:00Z,-0.00098273,0.01511,167671653,84671109
2025-11-17T00:00:00Z,-0.00046379,0.01567,150547056,70912524
2025-11-17T08:00:00Z,0,0.01576,352843913,170761053
2025-11-17T16:00:00Z,-0.00051087,0.01514,152132072,71267894
2025-11-18T00:00:00Z,-0.00093919,0.01514,98660640,48986908
2025-11-18T08:00:00Z,-0.00098163,0.01565,92995644,47615644
2025-11-18T16:00:00Z,0,0.01546,66025166,31386551
2025-11-19T00:00:00Z,0,0.01546,59012773,31424603
2025-11-19T08:00:00Z,-0.00047803,0.01493,61334606,29779072
2025-11-19T16:00:00Z,0,0.01513,103544960,48536133
2025-11-20T00:00:00Z,0,0.01535,40793652,18327595
2025-11-20T08:00:00Z,-0.00015059,0.01515,104718265,55328598
2025-11-20T16:00:00Z,-0.00041080,0.01423,191030950,91680031
2025-11-21T00:00:00Z,-0.00028667,0.01358,147634160,69033801
2025-11-21T08:00:00Z,-0.00047543,0.01373,166533754,80471484
2025-11-21T16:00:00Z,-0.00194479,0.01431,564467188,285494074
2025-11-22T00:00:00Z,-0.00112698,0.01382,146544088,73242587
2025-11-22T08:00:00Z,-0.00011742,0.01355,98121456,52470141
2025-11-22T16:00:00Z,-0.00049230,0.01350,60460878,31668627
2025-11-23T00:00:00Z,-0.00055250,0.01368,56341293,29402517
2025-11-23T08:00:00Z,0,0.01388,95409673,47296467
2025-11-23T16:00:00Z,-0.00106044,0.01373,61232131,26682115
2025-11-24T00:00:00Z,-0.00015872,0.01380,75923614,36296185
2025-11-24T08:00:00Z,0,0.01375,147869931,79283392
2025-11-24T16:00:00Z,0,0.01396,90857062,50224961
2025-11-25T00:00:00Z,-0.00066306,0.01383,59159148,29892229
2025-11-25T08:00:00Z,-0.00089694,0.01374,55402422,25979841
2025-11-25T16:00:00Z,0,0.01396,58266401,27178205
2025-11-26T00:00:00Z,0,0.01389,45303132,25165780
2025-11-26T08:00:00Z,0,0.01372,62469898,27498902
2025-11-26T16:00:00Z,0,0.01402,97076737,49769179
2025-11-27T00:00:00Z,-0.00057687,0.01397,41759646,24272866
2025-11-27T08:00:00Z,0,0.01400,38453411,17641102
2025-11-27T16:00:00Z,0,0.01380,47318111,23738030
2025-11-28T00:00:00Z,-0.00124237,0.01356,49271698,22722931
2025-11-28T08:00:00Z,0,0.01394,63828210,28486872
2025-11-28T16:00:00Z,-0.00091338,0.01355,63750811,28048982
2025-11-29T00:00:00Z,-0.01341044,0.01521,1672282337,843821640
2025-11-29T08:00:00Z,-0.00051359,0.01589,4352986620,2159731723
2025-11-29T16:00:00Z,-0.00457259,0.01427,1628534276,771867008
2025-11-30T00:00:00Z,-0.00362783,0.01387,464336384,222504798
2025-11-30T08:00:00Z,-0.00329310,0.01376,390258650,186093352
2025-11-30T16:00:00Z,-0.00116430,0.01359,220264466,107877183
2025-12-01T00:00:00Z,-0.00212729,0.01254,415224938,181266275
2025-12-01T08:00:00Z,0,0.01258,251987853,120562323
2025-12-01T16:00:00Z,-0.00112419,0.01285,111220386,53383896
2025-12-02T00:00:00Z,-0.00120220,0.01282,207735969,98732734
2025-12-02T08:00:00Z,-0.00198454,0.01337,184297385,93442523
2025-12-02T16:00:00Z,-0.00010910,0.01310,109593912,54265358
2025-12-03T00:00:00Z,-0.00074079,0.01336,94857090,47842241
2025-12-03T08:00:00Z,0,0.01330,84623118,37416614
2025-12-03T16:00:00Z,-0.00062470,0.01335,69540299,36145607
2025-12-04T00:00:00Z,0,0.01331,63456541,29219485
2025-12-04T08:00:00Z,-0.00083217,0.01322,72224744,30513489
2025-12-04T16:00:00Z,-0.00106074,0.01294,73470818,31452848
2025-12-05T00:00:00Z,0,0.01300,54580221,26266259
2025-12-05T08:00:00Z,0,0.01267,92800136,46479272
2025-12-05T16:00:00Z,-0.00134713,0.01270,96274414,48299791
2025-12-06T00:00:00Z,-0.00024538,0.01267,37602750,20412364
2025-12-06T08:00:00Z,-0.00106617,0.01266,54451355,26834776
2025-12-06T16:00:00Z,-0.00023094,0.01275,120065343,58610662
2025-12-07T00:00:00Z,0,0.01265,33657481,17504898
2025-12-07T08:00:00Z,0,0.01255,76824552,32756513
2025-12-07T16:00:00Z,-0.00045065,0.01242,84251358,42256441
2025-12-08T00:00:00Z,-0.00041088,0.01263,48133959,25395894
2025-12-08T08:00:00Z,-0.00007798,0.01236,169924984,88519636
2025-12-08T16:00:00Z,-0.00111491,0.01246,140332016,65772063
2025-12-09T00:00:00Z,-0.00101922,0.01240,52842518,21080299
2025-12-09T08:00:00Z,0,0.01264,94345476,52870339
2025-12-09T16:00:00Z,0,0.01259,124065568,61555282
2025-12-10T00:00:00Z,0,0.01243,53304298,27118602
2025-12-10T08:00:00Z,0,0.01234,52642091,25286530
2025-12-10T16:00:00Z,0,0.01230,103794787,49476464
2025-12-11T00:00:00Z,-0.00085681,0.01203,83652593,36315633
2025-12-11T08:00:00Z,-0.00011072,0.01193,56227012,28031288
2025-12-11T16:00:00Z,0,0.01194,68611023,34409579
2025-12-12T00:00:00Z,-0.00029528,0.01180,60883919,29652045
2025-12-12T08:00:00Z,0,0.01129,95938784,40271345
2025-12-12T16:00:00Z,0,0.01171,96514447,52097954
2025-12-13T00:00:00Z,-0.00101704,0.01177,38345207,20059288
2025-12-13T08:00:00Z,-0.00019628,0.01182,143686936,70332843
2025-12-13T16:00:00Z,-0.00092208,0.01175,43585622,20873472
2025-12-14T00:00:00Z,-0.00024897,0.01161,26201487,12827092
2025-12-14T08:00:00Z,-0.00050150,0.01135,46745561,24232034
2025-12-14T16:00:00Z,-0.00034521,0.01124,54067609,25303351
2025-12-15T00:00:00Z,0,0.01142,50856754,25753060
2025-12-15T08:00:00Z,-0.00085900,0.01087,89100952,42116136
2025-12-15T16:00:00Z,0,0.01087,73099288,37661575
2025-12-16T00:00:00Z,0,0.01072,55745437,26564470
2025-12-16T08:00:00Z,-0.00143624,0.01111,102186730,51607970
2025-12-16T16:00:00Z,-0.00014614,0.01076,69813033,32551681
2025-12-17T00:00:00Z,0,0.01056,59732768,25767409
2025-12-17T08:00:00Z,-0.00165454,0.01043,107303178,51591279
2025-12-17T16:00:00Z,0,0.01033,107408004,48944496
2025-12-18T00:00:00Z,0,0.01013,52879815,25637392
2025-12-18T08:00:00Z,-0.00069116,0.01045,105283754,56245956
2025-12-18T16:00:00Z,0,0.00984,152905279,72908486
2025-12-19T00:00:00Z,0,0.01019,86800166,45520909
2025-12-19T08:00:00Z,-0.00016210,0.01027,60313231,34549260
2025-12-19T16:00:00Z,0,0.01054,86526380,44356759
2025-12-20T00:00:00Z,0,0.01060,24549624,13558470
2025-12-20T08:00:00Z,0,0.01046,27283101,12495987
2025-12-20T16:00:00Z,-0.00040563,0.01046,20936880,10903232
2025-12-21T00:00:00Z,-0.00022349,0.01046,38786106,21667224
2025-12-21T08:00:00Z,0,0.01015,84743896,41145258
2025-12-21T16:00:00Z,-0.00003334,0.01007,50943116,24738223
2025-12-22T00:00:00Z,-0.00025301,0.01035,83738022,43492439
2025-12-22T08:00:00Z,-0.00033143,0.01041,54135160,23657035
2025-12-22T16:00:00Z,-0.00011838,0.01024,48167231,21838181
2025-12-23T00:00:00Z,0,0.01006,39854208,22667573
2025-12-23T08:00:00Z,0,0.01002,42356465,21704755
2025-12-23T16:00:00Z,-0.00011332,0.01026,59496499,29126558
2025-12-24T00:00:00Z,-0.00128802,0.00998,43884485,20506769
2025-12-24T08:00:00Z,0,0.00998,35293794,16260192
2025-12-24T16:00:00Z,0,0.01008,31585055,17016860
2025-12-25T00:00:00Z,0,0.01020,31620019,18224558
2025-12-25T08:00:00Z,-0.00003949,0.01014,33042785,15722656
2025-12-25T16:00:00Z,-0.00023478,0.00985,47349190,21886715
2025-12-26T00:00:00Z,0,0.01008,39873578,19544576
2025-12-26T08:00:00Z,-0.00131937,0.01010,76243369,37959839
2025-12-26T16:00:00Z,-0.00014815,0.01008,37493343,20144206
2025-12-27T00:00:00Z,-0.00091479,0.01013,20322507,10908992
2025-12-27T08:00:00Z,-0.00078863,0.01020,46038267,25126195
2025-12-27T16:00:00Z,0,0.01038,38035587,19321986
2025-12-28T00:00:00Z,-0.00045093,0.01045,48144677,23368035
2025-12-28T08:00:00Z,0,0.01029,36914013,17736983
2025-12-28T16:00:00Z,-0.00098370,0.01017,46821318,20752077
2025-12-29T00:00:00Z,-0.00082285,0.01028,58882891,26747993
2025-12-29T08:00:00Z,-0.00056557,0.00990,99967250,49132432
2025-12-29T16:00:00Z,0,0.00980,42840123,19532486
2025-12-30T00:00:00Z,-0.00050318,0.00983,53341107,24973034
2025-12-30T08:00:00Z,0,0.00986,50558280,25477871
2025-12-30T16:00:00Z,0,0.00977,31976326,16830010
2025-12-31T00:00:00Z,0,0.00973,33654709,15518306
2025-12-31T08:00:00Z,0,0.00975,50290825,23686330
2025-12-31T16:00:00Z,-0.00089844,0.00967,106024063,53841847
2026-01-01T00:00:00Z,-0.01427743,0.01075,257400910,128305212
2026-01-01T08:00:00Z,-0.00080192,0.01018,389491305,181939221
2026-01-01T16:00:00Z,0,0.01020,79194352,43810562
2026-01-02T00:00:00Z,0,0.01031,80707943,41518997
2026-01-02T08:00:00Z,0,0.01041,125469182,58357218
2026-01-02T16:00:00Z,0,0.01067,85405505,42560236
2026-01-03T00:00:00Z,0,0.01047,84849384,38903773
2026-01-03T08:00:00Z,-0.00052571,0.01049,47927519,23445465
2026-01-03T16:00:00Z,0,0.01072,45175609,24386209
2026-01-04T00:00:00Z,-0.00074102,0.01073,59499898,26024806
2026-01-04T08:00:00Z,0,0.01101,88208603,45938194
2026-01-04T16:00:00Z,0,0.01097,94954535,46018952
2026-01-05T00:00:00Z,0,0.01090,70427719,33673615
2026-01-05T08:00:00Z,0,0.01107,76773061,36893864
2026-01-05T16:00:00Z,0,0.01131,112852184,49724226
2026-01-06T00:00:00Z,0,0.01115,74109720,36229392
2026-01-06T08:00:00Z,0,0.01143,114925512,54733421
2026-01-06T16:00:00Z,-0.00045949,0.01147,142828622,69112836
2026-01-07T00:00:00Z,0,0.01140,54128419,26051774
2026-01-07T08:00:00Z,-0.00088415,0.01093,75445609,37041545
2026-01-07T16:00:00Z,0,0.01099,68375288,34843231
2026-01-08T00:00:00Z,-0.00034741,0.01097,60554043,28470444
2026-01-08T08:00:00Z,0,0.01088,82552554,39002585
2026-01-08T16:00:00Z,0,0.01081,59064790,29895598
2026-01-09T00:00:00Z,-0.00014728,0.01076,44572966,22347647
2026-01-09T08:00:00Z,0,0.01072,72616924,37577747
2026-01-09T16:00:00Z,0,0.01069,61754930,32974049
2026-01-10T00:00:00Z,0,0.01050,42559396,20398623
2026-01-10T08:00:00Z,0,0.01054,32343301,17556547
2026-01-10T16:00:00Z,-0.00028198,0.01042,33981821,15363236
2026-01-11T00:00:00Z,0,0.01055,49918050,26349149
2026-01-11T08:00:00Z,0,0.01040,31697783,16135233
2026-01-11T16:00:00Z,0,0.01028,50789196,21005539
2026-01-12T00:00:00Z,-0.00085752,0.01020,59038518,29758012
2026-01-12T08:00:00Z,0,0.01026,54769191,24452494
2026-01-12T16:00:00Z,-0.00094475,0.01012,54614582,28471882
2026-01-13T00:00:00Z,0,0.01019,32160875,16929059
2026-01-13T08:00:00Z,0,0.01065,59735250,28826526
2026-01-13T16:00:00Z,0,0.01091,89806235,42314323
2026-01-14T00:00:00Z,0,0.01088,50382001,24165844
2026-01-14T08:00:00Z,0,0.01113,67214920,34755425
2026-01-14T16:00:00Z,0,0.01083,60612378,28833754
2026-01-15T00:00:00Z,0,0.01079,58744652,29359549
2026-01-15T08:00:00Z,0,0.01046,51931350,24902673
2026-01-15T16:00:00Z,-0.00001311,0.01039,68802760,34524432
2026-01-16T00:00:00Z,0,0.01046,43416139,20245775
2026-01-16T08:00:00Z,-0.00061001,0.01032,60791387,30163897
2026-01-16T16:00:00Z,0,0.01069,106792699,54655130
2026-01-17T00:00:00Z,-0.00113854,0.01074,30793913,17371745
2026-01-17T08:00:00Z,0,0.01090,83720827,45401064
2026-01-17T16:00:00Z,0,0.01069,48966603,23026180
2026-01-18T00:00:00Z,-0.00058956,0.01056,58695552,25844083
2026-01-18T08:00:00Z,0,0.01103,380601120,190398279
2026-01-18T16:00:00Z,-0.00259366,0.01089,1232077858,615009288
2026-01-19T00:00:00Z,-0.00033166,0.01017,520997661,207711796
2026-01-19T08:00:00Z,0,0.01007,125667779,59947797
2026-01-19T16:00:00Z,-0.00107572,0.01009,122037223,63083007
2026-01-20T00:00:00Z,-0.00033720,0.00976,117812223,58666408
2026-01-20T08:00:00Z,0,0.00988,167817767,90676213
2026-01-20T16:00:00Z,-0.00028213,0.00948,132045097,59061920
2026-01-21T00:00:00Z,0,0.00965,67099707,32436948
2026-01-21T08:00:00Z,0,0.00973,101728698,48809968
2026-01-21T16:00:00Z,0,0.00964,159157911,78722445
2026-01-22T00:00:00Z,0,0.00981,54752532,29974425
2026-01-22T08:00:00Z,0,0.01004,234644453,119783943
2026-01-22T16:00:00Z,-0.00174725,0.01051,1822358763,919306652
2026-01-23T00:00:00Z,0,0.01062,426753016,212670296
2026-01-23T08:00:00Z,-0.00246655,0.01040,568473397,280899127
2026-01-23T16:00:00Z,-0.00393183,0.01067,207944316,102978444
2026-01-24T00:00:00Z,-0.00014281,0.01046,217562537,93280916
2026-01-24T08:00:00Z,-0.00195909,0.01021,91437507,39005949
2026-01-24T16:00:00Z,-0.00052314,0.01022,71314109,37384268
2026-01-25T00:00:00Z,0,0.01019,55673074,26743762
2026-01-25T08:00:00Z,0,0.00999,86195133,38368793
2026-01-25T16:00:00Z,0,0.00958,171484830,80923727
2026-01-26T00:00:00Z,-0.00052952,0.00976,69543137,35949933
2026-01-26T08:00:00Z,0,0.00967,61854064,29019779
2026-01-26T16:00:00Z,-0.00011217,0.00967,69006945,33366821
2026-01-27T00:00:00Z,0,0.00965,31867905,12853382
2026-01-27T08:00:00Z,0,0.00951,52456221,26846427
2026-01-27T16:00:00Z,0,0.00984,103540649,51753279
2026-01-28T00:00:00Z,0,0.00968,55230305,26781572
2026-01-28T08:00:00Z,0,0.00956,60121784,28771058
2026-01-28T16:00:00Z,0,0.00947,63142767,31388978
2026-01-29T00:00:00Z,0,0.00930,64112935,29960904
2026-01-29T08:00:00Z,0,0.00903,133878905,65615765
2026-01-29T16:00:00Z,0,0.00908,86455340,43455144
2026-01-30T00:00:00Z,-0.00018940,0.00905,110318674,58977912
2026-01-30T08:00:00Z,-0.00009271,0.00916,104180876,54471249
2026-01-30T16:00:00Z,0,0.00927,134671097,69393814
2026-01-31T00:00:00Z,0,0.00889,64620840,31948840
2026-01-31T08:00:00Z,-0.00119653,0.00823,152597935,71372697
2026-01-31T16:00:00Z,-0.00005677,0.00799,444543267,218085044
2026-02-01T00:00:00Z,0,0.00803,53421342,25964047
2026-02-01T08:00:00Z,-0.00211779,0.00765,92521994,47641475
2026-02-01T16:00:00Z,0,0.00766,114407916,60961651
2026-02-02T00:00:00Z,0,0.00741,215697951,106885497
2026-02-02T08:00:00Z,0,0.00777,129468705,70774778
2026-02-02T16:00:00Z,-0.00029797,0.00776,78066783,39910629
2026-02-03T00:00:00Z,-0.00029902,0.00785,80634242,41143301
2026-02-03T08:00:00Z,-0.00045183,0.00774,283671136,140572641
2026-02-03T16:00:00Z,0,0.00733,185003945,93689682
2026-02-04T00:00:00Z,-0.00003101,0.00743,66718190,36655952
2026-02-04T08:00:00Z,-0.00046939,0.00710,119040215,61901970
2026-02-04T16:00:00Z,-0.00016544,0.00736,202050506,103786490
2026-02-05T00:00:00Z,0,0.00707,117387940,58626275
2026-02-05T08:00:00Z,0,0.00656,265332938,126025160
2026-02-05T16:00:00Z,0,0.00606,482379368,243839005
2026-02-06T00:00:00Z,0,0.00646,443229121,221860243
2026-02-06T08:00:00Z,0,0.00696,193369220,95810479
2026-02-06T16:00:00Z,0,0.00699,140217224,71126110
2026-02-07T00:00:00Z,-0.00034376,0.00673,96346080,46418132
2026-02-07T08:00:00Z,0,0.00676,83017849,43253631
2026-02-07T16:00:00Z,0,0.00682,94330062,45646883
2026-02-08T00:00:00Z,0,0.00665,55627607,30373435
2026-02-08T08:00:00Z,0,0.00665,73259284,33029595
2026-02-08T16:00:00Z,0,0.00657,81240656,38813242
2026-02-09T00:00:00Z,0,0.00665,65152846,33250190
2026-02-09T08:00:00Z,0,0.00655,83375754,42443261
2026-02-09T16:00:00Z,0,0.00661,67557779,37108297
2026-02-10T00:00:00Z,-0.00167400,0.00650,53345818,25459098
2026-02-10T08:00:00Z,-0.00061526,0.00641,69091386,35524652
2026-02-10T16:00:00Z,-0.00058214,0.00628,57282715,31258010
2026-02-11T00:00:00Z,-0.00186105,0.00612,97651949,48949558
2026-02-11T08:00:00Z,-0.00047037,0.00614,94773603,47551438
2026-02-11T16:00:00Z,0,0.00630,80170063,44314131
2026-02-12T00:00:00Z,0,0.00642,45743438,26036310
2026-02-12T08:00:00Z,0,0.00654,1733254454,838781910
2026-02-12T16:00:00Z,-0.00215759,0.00640,245600966,104705313
2026-02-13T00:00:00Z,0,0.00626,157313000,84992102
2026-02-13T08:00:00Z,-0.00175734,0.00638,124690851,68388234
2026-02-13T16:00:00Z,-0.00451216,0.00687,383656814,185266147
2026-02-14T00:00:00Z,-0.00085932,0.00698,1187433882,575541166
2026-02-14T08:00:00Z,-0.00023685,0.00707,293005375,137052428
2026-02-14T16:00:00Z,-0.00264880,0.00718,171823127,86328510
2026-02-15T00:00:00Z,-0.00172467,0.00721,119472149,56366951
2026-02-15T08:00:00Z,-0.00024761,0.00675,148049301,73572047
2026-02-15T16:00:00Z,-0.00319769,0.00699,146086808,80590595
2026-02-16T00:00:00Z,-0.00044444,0.00703,535065570,259849085
2026-02-16T08:00:00Z,-0.00027375,0.00709,547000654,267268160
2026-02-16T16:00:00Z,-0.00051181,0.00713,490367000,250346424
2026-02-17T00:00:00Z,-0.00208130,0.00709,73700941,32854427
2026-02-17T08:00:00Z,0,0.00695,123391061,63579394
2026-02-17T16:00:00Z,0,0.00697,95950740,55124127
2026-02-18T00:00:00Z,-0.00124939,0.00703,42389299,21084446
2026-02-18T08:00:00Z,0,0.00687,82000808,44994594
2026-02-18T16:00:00Z,0,0.00675,106417349,54613086
2026-02-19T00:00:00Z,-0.00084641,0.00673,38963939,18739096
2026-02-19T08:00:00Z,0,0.00655,74213913,35854232
2026-02-19T16:00:00Z,0,0.00666,67166032,30773927
2026-02-20T00:00:00Z,0,0.00665,52917005,29129120
2026-02-20T08:00:00Z,0,0.00673,89712555,47112019
2026-02-20T16:00:00Z,-0.00116992,0.00680,74153067,34918505
2026-02-21T00:00:00Z,-0.00008442,0.00698,50067639,22728872
2026-02-21T08:00:00Z,-0.00012653,0.00691,348757260,168798051
2026-02-21T16:00:00Z,-0.00067700,0.00674,81560376,40125773
2026-02-22T00:00:00Z,-0.00088550,0.00667,51568928,27187212
2026-02-22T08:00:00Z,-0.00210858,0.00654,51867671,25544980
2026-02-22T16:00:00Z,0,0.00656,37397800,18417690
2026-02-23T00:00:00Z,-0.00063797,0.00657,150579862,66925864
2026-02-23T08:00:00Z,0,0.00650,61826773,30470965
2026-02-23T16:00:00Z,0,0.00639,62429630,30692440
2026-02-24T00:00:00Z,-0.00047215,0.00646,71427128,39275252
2026-02-24T08:00:00Z,0,0.00642,60827038,29449926
2026-02-24T16:00:00Z,0,0.00631,57610746,31979225
2026-02-25T00:00:00Z,0,0.00636,65738939,34244377
2026-02-25T08:00:00Z,0,0.00671,98397947,49369130
2026-02-25T16:00:00Z,0,0.00665,206936891,102132541
2026-02-26T00:00:00Z,-0.00009497,0.00667,89062604,42141599
2026-02-26T08:00:00Z,0,0.00659,69692861,34538125
2026-02-26T16:00:00Z,0,0.00663,439282854,219088417
2026-02-27T00:00:00Z,0,0.00675,179763133,81252878
2026-02-27T08:00:00Z,-0.00522287,0.00705,231247989,116822581
2026-02-27T16:00:00Z,-0.00074848,0.00686,258186304,123091899
2026-02-28T00:00:00Z,-0.00190642,0.00641,469012897,220111812
2026-02-28T08:00:00Z,-0.00024096,0.00627,139984117,67540046
2026-02-28T16:00:00Z,0,0.00665,130490810,67835951
2026-03-01T00:00:00Z,0,0.00663,108942644,55766172
2026-03-01T08:00:00Z,-0.00068020,0.00654,157077709,79618363
2026-03-01T16:00:00Z,-0.00054130,0.00646,94833468,45712447
2026-03-02T00:00:00Z,0.00000000,0.00645,61302128,30453906
2026-03-02T08:00:00Z,-0.00143100,0.00660,93410296,45977188
2026-03-02T16:00:00Z,0.00000000,0.00652,100710267,53847153
2026-03-03T00:00:00Z,0.00000000,0.00665,85203152,44504619
2026-03-03T08:00:00Z,-0.00029010,0.00651,169782853,84253231
2026-03-03T16:00:00Z,0.00000000,0.00660,265114955,137319201
2026-03-04T00:00:00Z,0.00000000,0.00674,192357516,94331926
2026-03-04T08:00:00Z,0.00000000,0.00700,151714951,74630830
2026-03-04T16:00:00Z,0.00000000,0.00679,82506915,43411488
2026-03-05T00:00:00Z,0.00000000,0.00663,73510379,40336007
2026-03-05T08:00:00Z,0.00000000,0.00662,65026139,36552687
2026-03-05T16:00:00Z,0.00000000,0.00666,100372145,47826957
2026-03-06T00:00:00Z,0.00000000,0.00669,91790246,44489477
2026-03-06T08:00:00Z,-0.00045935,0.00643,108713774,52459602
2026-03-06T16:00:00Z,0.00000000,0.00641,57105449,28449950
2026-03-07T00:00:00Z,0.00000000,0.00631,41291884,19732444
2026-03-07T08:00:00Z,0.00000000,0.00630,44599369,26435073
2026-03-07T16:00:00Z,0.00000000,0.00626,37878337,18447106
2026-03-08T00:00:00Z,-0.00086354,0.00633,44418894,19277944
2026-03-08T08:00:00Z,0.00000000,0.00637,74622713,38259163
2026-03-08T16:00:00Z,-0.00119194,0.00653,1043321031,527626487
2026-03-09T00:00:00Z,-0.00254725,0.00655,177641122,91398745
2026-03-09T08:00:00Z,-0.00081439,0.00674,111580929,57500812
2026-03-09T16:00:00Z,0.00000000,0.00658,80821984,34505262
2026-03-10T00:00:00Z,0.00000000,0.00671,66176723,31260557
2026-03-10T08:00:00Z,0.00000000,0.00671,92361262,49723420
2026-03-10T16:00:00Z,0.00000000,0.00661,64479703,29672932
2026-03-11T00:00:00Z,0.00000000,0.00661,66067505,33230507
2026-03-11T08:00:00Z,0.00000000,0.00665,104909774,54771254
2026-03-11T16:00:00Z,0.00000000,0.00661,52202320,26908816
2026-03-12T00:00:00Z,0.00000000,0.00657,68504499,33785624
2026-03-12T08:00:00Z,0.00000000,0.00651,59693966,27713640
2026-03-12T16:00:00Z,0.00000000,0.00664,82863468,39536094
2026-03-13T00:00:00Z,-0.00082512,0.00665,55626785,26513844
2026-03-13T08:00:00Z,0.00000000,0.00662,91692385,39014059
2026-03-13T16:00:00Z,0.00000000,0.00650,87832405,45221317
2026-03-14T00:00:00Z,0.00000000,0.00639,50023255,26300663
2026-03-14T08:00:00Z,0.00000000,0.00643,36104357,18171869
2026-03-14T16:00:00Z,0.00000000,0.00645,105964448,49071534
2026-03-15T00:00:00Z,0.00000000,0.00648,59713952,29777295
2026-03-15T08:00:00Z,0.00000000,0.00654,29693828,15894574
2026-03-15T16:00:00Z,0.00000000,0.00664,174322400,86793933
2026-03-16T00:00:00Z,0.00000000,0.00683,113584513,52386242
2026-03-16T08:00:00Z,0.00000000,0.00669,69788433,33860015
2026-03-16T16:00:00Z,-0.00195036,0.00690,53275146,31390855
2026-03-17T00:00:00Z,0.00000000,0.00699,146543177,74075818
2026-03-17T08:00:00Z,0.00000000,0.00696,212815263,101502674
2026-03-17T16:00:00Z,0.00000000,0.00692,65597405,34599365
2026-03-18T00:00:00Z,0.00000000,0.00696,84217079,42473593
2026-03-18T08:00:00Z,0.00000000,0.00658,128283580,61740609
2026-03-18T16:00:00Z,0.00000000,0.00663,47358278,23963188
2026-03-19T00:00:00Z,0.00000000,0.00651,68186211,33267980
2026-03-19T08:00:00Z,0.00000000,0.00646,70797985,32600828
2026-03-19T16:00:00Z,0.00000000,0.00646,42592495,20854813
2026-03-20T00:00:00Z,0.00000000,0.00654,64614883,31966064
2026-03-20T08:00:00Z,0.00000000,0.00653,45641874,23991663
2026-03-20T16:00:00Z,0.00000000,0.00650,58677517,32220482
2026-03-21T00:00:00Z,0.00000000,0.00645,19983636,10402113
2026-03-21T08:00:00Z,0.00000000,0.00643,46919028,21907628
2026-03-21T16:00:00Z,-0.00020531,0.00623,70947781,34855193
2026-03-22T00:00:00Z,-0.00047504,0.00628,71456276,33751880
2026-03-22T08:00:00Z,0.00000000,0.00625,43538920,23415084
2026-03-22T16:00:00Z,0.00000000,0.00615,52111740,24134028
2026-03-23T00:00:00Z,-0.00042036,0.00620,53993106,27897877
2026-03-23T08:00:00Z,-0.00058263,0.00629,93808806,47908742
2026-03-23T16:00:00Z,0.00000000,0.00625,44614771,22676810
2026-03-24T00:00:00Z,-0.00110861,0.00632,39687945,18912890
2026-03-24T08:00:00Z,0.00000000,0.00626,48709909,24810861
2026-03-24T16:00:00Z,0.00000000,0.00642,148760016,72398512
2026-03-25T00:00:00Z,-0.00088041,0.00641,86427622,39227499
2026-03-25T08:00:00Z,-0.00034387,0.00645,54807853,27593816
2026-03-25T16:00:00Z,0.00000000,0.00646,61746136,32234859
2026-03-26T00:00:00Z,0.00000000,0.00622,64677478,30984893
2026-03-26T08:00:00Z,-0.00033832,0.00618,82465893,40384577
2026-03-26T16:00:00Z,-0.00025715,0.00616,79887629,35790458
2026-03-27T00:00:00Z,0.00000000,0.00625,100647070,56365277
2026-03-27T08:00:00Z,-0.00082192,0.00588,207980127,92664470
2026-03-27T16:00:00Z,-0.00141615,0.00581,43788704,21874727
2026-03-28T00:00:00Z,0.00000000,0.00576,48395329,22943041
2026-03-28T08:00:00Z,-0.00040104,0.00576,51901901,23972659
2026-03-28T16:00:00Z,0.00000000,0.00578,38910401,17450650
2026-03-29T00:00:00Z,0.00000000,0.00586,74088915,35777502
2026-03-29T08:00:00Z,0.00000000,0.00570,78172335,33813079
2026-03-29T16:00:00Z,0.00000000,0.00570,58782080,31035328
2026-03-30T00:00:00Z,0.00000000,0.00592,51659730,30637021
2026-03-30T08:00:00Z,0.00000000,0.00593,59211629,29545690
2026-03-30T16:00:00Z,0.00000000,0.00579,44473440,21915719
2026-03-31T00:00:00Z,-0.03476649,0.00689,1225831008,605529587
2026-03-31T08:00:00Z,0.00000000,0.00684,3105687031,1550250002
2026-03-31T16:00:00Z,-0.00790063,0.00718,1930487336,983389682
2026-04-01T00:00:00Z,0.00000000,0.00697,1271760510,629650857
2026-04-01T08:00:00Z,0.00000000,0.00707,796719020,388339859
2026-04-01T16:00:00Z,-0.00010652,0.00712,485100881,241009799
2026-04-02T00:00:00Z,-0.00001977,0.00691,495445936,230904838
2026-04-02T08:00:00Z,0.00000000,0.00678,370506335,184917162
2026-04-02T16:00:00Z,-0.00101660,0.00670,217115100,106500845
2026-04-03T00:00:00Z,0.00000000,0.00686,138048778,73462504
2026-04-03T08:00:00Z,0.00000000,0.00656,177310879,86041743
2026-04-03T16:00:00Z,0.00000000,0.00662,101798483,55197887
2026-04-04T00:00:00Z,0.00000000,0.00662,71303903,35522423
2026-04-04T08:00:00Z,0.00000000,0.00651,109739759,57212740
2026-04-04T16:00:00Z,0.00000000,0.00634,99687982,42248477
2026-04-05T00:00:00Z,-0.00035856,0.00624,93323215,45742708
2026-04-05T08:00:00Z,0.00000000,0.00620,116816687,57236203
2026-04-05T16:00:00Z,0.00000000,0.00637,74803039,39723335
2026-04-06T00:00:00Z,0.00000000,0.00622,85132624,40065611
2026-04-06T08:00:00Z,-0.00093514,0.00634,88228493,41870703
2026-04-06T16:00:00Z,0.00000000,0.00617,75566408,35045697
2026-04-07T00:00:00Z,-0.00148135,0.00625,72118288,39590974
2026-04-07T08:00:00Z,-0.00296303,0.00641,188256787,98526970
2026-04-07T16:00:00Z,0.00000000,0.00651,1212605007,592295255
2026-04-08T00:00:00Z,-0.00096029,0.00638,168161851,79401760
2026-04-08T08:00:00Z,0.00000000,0.00651,142235019,71284775
2026-04-08T16:00:00Z,0.00000000,0.00634,154600301,70582407
2026-04-09T00:00:00Z,0.00000000,0.00630,128359617,64731136
2026-04-09T08:00:00Z,-0.00007368,0.00652,552084536,287635047
2026-04-09T16:00:00Z,0.00000000,0.00655,119867931,68383888
2026-04-10T00:00:00Z,0.00000000,0.00645,119263653,57248025
2026-04-10T08:00:00Z,0.00000000,0.00647,112512883,58784097
2026-04-10T16:00:00Z,0.00000000,0.00648,70771505,33688744
2026-04-11T00:00:00Z,0.00000000,0.00635,70687640,35978488
2026-04-11T08:00:00Z,0.00000000,0.00640,54943297,28331890
2026-04-11T16:00:00Z,0.00000000,0.00640,59207742,27584255
2026-04-12T00:00:00Z,0.00000000,0.00625,72135465,36747187
2026-04-12T08:00:00Z,0.00000000,0.00625,90392345,50189833
2026-04-12T16:00:00Z,-0.00180987,0.00622,59212306,31031856
2026-04-13T00:00:00Z,-0.00130666,0.00622,48019630,23818780
2026-04-13T08:00:00Z,0.00000000,0.00624,49416560,23429281
2026-04-13T16:00:00Z,0.00000000,0.00651,115072179,61204976
2026-04-14T00:00:00Z,0.00000000,0.00642,95216363,47989778
2026-04-14T08:00:00Z,-0.00256072,0.00634,69492589,31579004
2026-04-14T16:00:00Z,0.00000000,0.00625,66153714,36596457
2026-04-15T00:00:00Z,0.00000000,0.00620,51175704,25803247
2026-04-15T08:00:00Z,-0.00000064,0.00626,64289623,29220551
2026-04-15T16:00:00Z,0.00000000,0.00632,77221582,36056401
2026-04-16T00:00:00Z,0.00000000,0.00646,83232372,41978008
2026-04-16T08:00:00Z,0.00000000,0.00654,111394946,62077728
2026-04-16T16:00:00Z,0.00000000,0.00684,381736576,198008738
2026-04-17T00:00:00Z,0.00000000,0.00692,216726326,104872886
2026-04-17T08:00:00Z,-0.00647663,0.00905,3148014851,1591416804
2026-04-17T16:00:00Z,-0.00180206,0.00771,2878030969,1386813886
2026-04-18T00:00:00Z,0.00000000,0.00741,677036372,313543656
2026-04-18T08:00:00Z,-0.00662327,0.00731,704330149,354856220
2026-04-18T16:00:00Z,-0.00271124,0.00689,315715766,135298577
2026-04-19T00:00:00Z,0.00000000,0.00694,188954449,93111660
2026-04-19T08:00:00Z,0.00000000,0.00696,337290079,161801508
2026-04-19T16:00:00Z,-0.00061473,0.00677,176273027,86035840
2026-04-20T00:00:00Z,-0.00014176,0.00681,140224476,61730882
2026-04-20T08:00:00Z,-0.00003568,0.00712,326693043,165555077
2026-04-20T16:00:00Z,0.00000000,0.00710,134473335,65027431
2026-04-21T00:00:00Z,-0.00078282,0.00710,70998164,34503326
2026-04-21T08:00:00Z,-0.00008089,0.00705,97623338,47689238
2026-04-21T16:00:00Z,0.00000000,0.00707,96002118,48166098
2026-04-22T00:00:00Z,0.00000000,0.00722,62256186,34647884
2026-04-22T08:00:00Z,-0.00104597,0.00721,91636800,52467705
2026-04-22T16:00:00Z,-0.00008120,0.00701,71706963,33065694
2026-04-23T00:00:00Z,0.00000000,0.00694,56778027,27706655
2026-04-23T08:00:00Z,0.00000000,0.00706,107644180,57065673
2026-04-23T16:00:00Z,0.00000000,0.00707,57810734,29506466
2026-04-24T00:00:00Z,0.00000000,0.00697,44232320,21901169
2026-04-24T08:00:00Z,0.00000000,0.00718,189030751,86995767
2026-04-24T16:00:00Z,-0.00054313,0.00716,138221893,77600390
2026-04-25T00:00:00Z,0.00000000,0.00729,57910771,34016500
2026-04-25T08:00:00Z,-0.00501233,0.00738,457083645,225256515
2026-04-25T16:00:00Z,0.00000000,0.00714,215413061,105121744
2026-04-26T00:00:00Z,0.00000000,0.00720,99767960,51213645
2026-04-26T08:00:00Z,0.00000000,0.00728,141637852,70853506
2026-04-26T16:00:00Z,-0.00026738,0.00726,69519294,37305771
2026-04-27T00:00:00Z,-0.00026564,0.00702,90760512,44680279
2026-04-27T08:00:00Z,0.00000000,0.00698,92271311,46343966
2026-04-27T16:00:00Z,0.00000000,0.00702,58961843,27326701
2026-04-28T00:00:00Z,0.00000000,0.00696,84177564,41713097
2026-04-28T08:00:00Z,0.00000000,0.00684,124921574,59471152
2026-04-28T16:00:00Z,0.00000000,0.00683,62563736,30766282
2026-04-29T00:00:00Z,0.00000000,0.00690,72525259,34818177
2026-04-29T08:00:00Z,0.00000000,0.00676,118021830,55380456
2026-04-29T16:00:00Z,0.00000000,0.00673,106302849,50943019
2026-04-30T00:00:00Z,0.00000000,0.00670,78286881,41949919
2026-04-30T08:00:00Z,0.00000000,0.00666,72311875,36065453
2026-04-30T16:00:00Z,0.00000000,0.00658,69714511,32149661
2026-05-01T00:00:00Z,0.00000000,0.00663,70130058,35085648
2026-05-01T08:00:00Z,0.00000000,0.00672,73418742,34913498
2026-05-01T16:00:00Z,0.00000000,0.00667,52817233,25197714
2026-05-02T00:00:00Z,0.00000000,0.00686,108913388,54958141
2026-05-02T08:00:00Z,0.00000000,0.00683,180831166,87913142
2026-05-02T16:00:00Z,-0.00001288,0.00688,88864552,46066514
2026-05-03T00:00:00Z,0.00000000,0.00691,78749737,40638446
2026-05-03T08:00:00Z,0.00000000,0.00681,82247337,42733850
2026-05-03T16:00:00Z,-0.00145427,0.00680,58608806,28507276
2026-05-04T00:00:00Z,0.00000000,0.00690,89283638,46935940
2026-05-04T08:00:00Z,0.00000000,0.00690,116495828,56249792
2026-05-04T16:00:00Z,0.00000000,0.00684,57490391,27760448
2026-05-05T00:00:00Z,0.00000000,0.00693,46821772,24004220
2026-05-05T08:00:00Z,-0.00017225,0.00689,86054112,39914804
2026-05-05T16:00:00Z,0.00000000,0.00695,59560976,31160080
2026-05-06T00:00:00Z,0.00000000,0.00713,98673175,49131491
2026-05-06T08:00:00Z,0.00000000,0.00716,107628359,51666715
2026-05-06T16:00:00Z,0.00000000,0.00717,97524099,51155207
2026-05-07T00:00:00Z,0.00000000,0.00718,76032245,38972092
2026-05-07T08:00:00Z,0.00000000,0.00705,89116604,45549051
2026-05-07T16:00:00Z,0.00000000,0.00718,82398731,40816270
2026-05-08T00:00:00Z,0.00000000,0.00727,99625919,46430276
2026-05-08T08:00:00Z,0.00000000,0.00731,189753049,91305850
2026-05-08T16:00:00Z,0.00000000,0.00744,80031560,42323879
2026-05-09T00:00:00Z,0.00000000,0.00744,63835380,32523141
2026-05-09T08:00:00Z,0.00000000,0.00733,70023903,33210284
2026-05-09T16:00:00Z,0.00090090,0.00740,41030038,19569143
2026-05-10T00:00:00Z,0.00000000,0.00739,62341098,33753687
2026-05-10T08:00:00Z,0.00000000,0.00744,111676747,58731696
2026-05-10T16:00:00Z,0.00000000,0.00746,228021477,111288626
2026-05-11T00:00:00Z,0.00000000,0.00733,79158586,40964292
2026-05-11T08:00:00Z,0.00000000,0.00729,90610484,48523977
2026-05-11T16:00:00Z,0.00000000,0.00735,57267938,28317038
2026-05-12T00:00:00Z,0.00000000,0.00733,64512921,31632830
2026-05-12T08:00:00Z,-0.00055837,0.00708,107109796,47469232
2026-05-12T16:00:00Z,0.00000000,0.00715,55910886,29895755
2026-05-13T00:00:00Z,0.00000000,0.00733,76994443,43363555
2026-05-13T08:00:00Z,-0.00177385,0.00682,254078462,115842018
2026-05-13T16:00:00Z,0.00000000,0.00684,71535262,33883156
2026-05-14T00:00:00Z,0.00000000,0.00680,74046425,33779846
2026-05-14T08:00:00Z,0.00000000,0.00709,87560297,39981589
2026-05-14T16:00:00Z,0.00000000,0.00699,88682927,44427124
2026-05-15T00:00:00Z,0.00000000,0.00691,79666649,43034515
2026-05-15T08:00:00Z,0.00000000,0.00653,144979917,65111042
2026-05-15T16:00:00Z,-0.00160593,0.00655,80054843,35687091
2026-05-16T00:00:00Z,-0.00059765,0.00633,80436009,36974790
2026-05-16T08:00:00Z,0.00000000,0.00636,75645992,35720372
2026-05-16T16:00:00Z,0.00000000,0.00634,42064610,19022012
2026-05-17T00:00:00Z,0.00000000,0.00634,45074313,21321796
2026-05-17T08:00:00Z,0.00000000,0.00629,48842549,24393421
2026-05-17T16:00:00Z,0.00000000,0.00611,126239709,54838312
2026-05-18T00:00:00Z,0.00000000,0.00610,107148549,49058147
2026-05-18T08:00:00Z,-0.00066238,0.00604,104023468,47950789
2026-05-18T16:00:00Z,0.00000000,0.00618,73176731,38798779
2026-05-19T00:00:00Z,-0.00159201,0.00616,59445066,30161438
2026-05-19T08:00:00Z,-0.00058023,0.00603,69544506,32652940
2026-05-19T16:00:00Z,0.00000000,0.00602,62538202,32177613
2026-05-20T00:00:00Z,-0.00018433,0.00610,40939470,20900464
2026-05-20T08:00:00Z,0.00000000,0.00618,70658107,35248641
2026-05-20T16:00:00Z,0.00000000,0.00610,57502708,28977052
2026-05-21T00:00:00Z,0.00000000,0.00620,48053203,27919376
2026-05-21T08:00:00Z,0.00000000,0.00615,78377258,35646809
2026-05-21T16:00:00Z,0.00000000,0.00625,49145597,21399137
2026-05-22T00:00:00Z,0.00000000,0.00627,39285654,20894085
2026-05-22T08:00:00Z,-0.00030940,0.00624,72166154,34548467
2026-05-22T16:00:00Z,-0.00106598,0.00601,171235005,78582485
2026-05-23T00:00:00Z,0.00000000,0.00591,92253717,41123827
2026-05-23T08:00:00Z,-0.00045399,0.00609,57839985,28338774
2026-05-23T16:00:00Z,0.00000000,0.00630,102427377,57181479
2026-05-24T00:00:00Z,0.00000000,0.00622,34872627,16864836
2026-05-24T08:00:00Z,-0.00048528,0.00611,49302203,25663278
2026-05-24T16:00:00Z,-0.00026555,0.00614,42854600,21541078
2026-05-25T00:00:00Z,0.00000000,0.00616,42476865,24723671
2026-05-25T08:00:00Z,0.00000000,0.00619,53356186,27024545
2026-05-25T16:00:00Z,-0.00364767,0.00621,122248730,63760940
2026-05-26T00:00:00Z,0.00000000,0.00604,96627006,47362942
2026-05-26T08:00:00Z,0.00000000,0.00610,97091591,47522040
2026-05-26T16:00:00Z,0.00000000,0.00595,68436372,31107675
2026-05-27T00:00:00Z,0.00000000,0.00597,55557210,24399255
2026-05-27T08:00:00Z,0.00000000,0.00601,74107370,35860745
2026-05-27T16:00:00Z,-0.00014585,0.00576,133765338,54216996
2026-05-28T00:00:00Z,0.00000000,0.00562,119558752,55705500
2026-05-28T08:00:00Z,0.00000000,0.00559,86472468,42594150
2026-05-28T16:00:00Z,0.00000000,0.00566,48587059,26085040
2026-05-29T00:00:00Z,0.00000000,0.00568,51031567,27264641
2026-05-29T08:00:00Z,0.00000000,0.00577,132205884,65332568
2026-05-29T16:00:00Z,0.00000000,0.00573,69165487,35539548
2026-05-30T00:00:00Z,0.00000000,0.00584,70291607,34897733
2026-05-30T08:00:00Z,0.00000000,0.00583,54936213,25675232
2026-05-30T16:00:00Z,0.00000000,0.00577,50519992,23727438
2026-05-31T00:00:00Z,0.00000000,0.00580,31347075,17807351
2026-05-31T08:00:00Z,0.00000000,0.00572,45968004,21663139
2026-05-31T16:00:00Z,0.00000000,0.00581,55822095,30730095
2026-06-01T00:00:00Z,0.00000000,0.00569,79111341,42399243
2026-06-01T08:00:00Z,0.00000000,0.00562,99551549,47189145
2026-06-01T16:00:00Z,0.00000000,0.00574,76289109,40692597
2026-06-02T00:00:00Z,-0.00035991,0.00564,62074349,28580021
2026-06-02T08:00:00Z,0.00000000,0.00539,139906697,65085440
2026-06-02T16:00:00Z,0.00000000,0.00527,151756682,71630865
2026-06-03T00:00:00Z,0.00000000,0.00549,88385468,41912592
2026-06-03T08:00:00Z,0.00000000,0.00541,67543362,34383434
2026-06-03T16:00:00Z,0.00000000,0.00526,135495426,67104207
2026-06-04T00:00:00Z,-0.00068683,0.00496,239091963,117934583
2026-06-04T08:00:00Z,0.00000000,0.00504,239448438,118990641
2026-06-04T16:00:00Z,0.00000000,0.00487,137109100,73922955
2026-06-05T00:00:00Z,0.00000000,0.00460,251374360,118764828
2026-06-05T08:00:00Z,-0.00045098,0.00442,535712549,261442122
2026-06-05T16:00:00Z,0.00000000,0.00442,306680440,144346752
2026-06-06T00:00:00Z,0.00000000,0.00431,181429039,93616811
2026-06-06T08:00:00Z,0.00000000,0.00430,118895636,58323831
2026-06-06T16:00:00Z,0.00000000,0.00431,212471193,105871027
2026-06-07T00:00:00Z,0.00000000,0.00447,112824215,57481060
2026-06-07T08:00:00Z,0.00000000,0.00444,117897113,54978543
2026-06-07T16:00:00Z,0.00000000,0.00453,113888528,56971237
2026-06-08T00:00:00Z,0.00000000,0.00446,99864601,52062685
2026-06-08T08:00:00Z,0.00000000,0.00453,153172268,77862552
2026-06-08T16:00:00Z,0.00000000,0.00447,89785615,45440336
2026-06-09T00:00:00Z,0.00000000,0.00438,104666077,50983196
2026-06-09T08:00:00Z,0.00000000,0.00425,88394257,42556269
2026-06-09T16:00:00Z,0.00000000,0.00428,98904898,50615354
2026-06-10T00:00:00Z,0.00000000,0.00426,66005841,36271369
2026-06-10T08:00:00Z,0.00000000,0.00432,125620082,60522691
2026-06-10T16:00:00Z,0.00000000,0.00416,97073799,52254516
2026-06-11T00:00:00Z,0.00000000,0.00424,64502700,34477147
2026-06-11T08:00:00Z,0.00000000,0.00420,114560002,54830542
2026-06-11T16:00:00Z,0.00000000,0.00426,146339840,69519042
2026-06-12T00:00:00Z,0.00000000,0.0041920,89479832,45294365
2026-06-12T08:00:00Z,-0.00111487,0.0042470,162653270,84268892
2026-06-12T16:00:00Z,0.00156133,0.0042560,107383059,55264455
2026-06-13T00:00:00Z,0.00000000,0.0042650,91602033,44971403
2026-06-13T08:00:00Z,0.00000000,0.0043210,209787789,105756970
2026-06-13T16:00:00Z,0.00000000,0.0043210,141603834,77428355
2026-06-14T00:00:00Z,0.00000000,0.0042310,119478402,55762847
2026-06-14T08:00:00Z,0.00000000,0.0041540,107924034,55367373
2026-06-14T16:00:00Z,0.00000000,0.0044800,169100373,88608454
2026-06-15T00:00:00Z,0.00000000,0.0044260,184359730,91746063
2026-06-15T08:00:00Z,0.00000000,0.0045730,111688745,53884527
2026-06-15T16:00:00Z,0.00000000,0.0044330,186060089,88442636
2026-06-16T00:00:00Z,0.00000000,0.0043740,124472625,62111841
2026-06-16T08:00:00Z,0.00000000,0.0043210,161372626,80889534
2026-06-16T16:00:00Z,0.00000000,0.0043290,84493774,44165153
2026-06-17T00:00:00Z,0.00000000,0.0043460,106775774,60778145
2026-06-17T08:00:00Z,0.00000000,0.0043930,290127500,143297340
2026-06-17T16:00:00Z,0.00000000,0.0042540,423928198,194573478
2026-06-18T00:00:00Z,-0.00379024,0.0042060,130057191,58260712
2026-06-18T08:00:00Z,0.00000000,0.0040040,176355777,77083396
2026-06-18T16:00:00Z,0.00000000,0.0040910,184157495,91638654
2026-06-19T00:00:00Z,0.00000000,0.0040020,100878049,44683446
2026-06-19T08:00:00Z,0.00000000,0.0040350,122424721,55982431
2026-06-19T16:00:00Z,0.00000000,0.0039580,99503929,49616699
2026-06-20T00:00:00Z,-0.00138807,0.0040130,104154021,51747787
2026-06-20T08:00:00Z,0.00000000,0.0041010,127480371,66020877
2026-06-20T16:00:00Z,0.00000000,0.0041790,188744362,96956907
2026-06-21T00:00:00Z,-0.00091526,0.0041160,139525712,67342673
2026-06-21T08:00:00Z,0.00000000,0.0041100,71524761,31235771
2026-06-21T16:00:00Z,-0.00327805,0.0040040,79102807,35020226
2026-06-22T00:00:00Z,0.00000000,0.0040530,85792239,41914866
2026-06-22T08:00:00Z,0.00000000,0.0040340,99666455,49427751
2026-06-22T16:00:00Z,-0.00125163,0.0039520,116027925,46382272
2026-06-23T00:00:00Z,0.00000000,0.0039030,114645566,57109246
2026-06-23T08:00:00Z,0.00000000,0.0038350,200907585,90629177
2026-06-23T16:00:00Z,0.00000000,0.0038450,56548361,26830855
2026-06-24T00:00:00Z,0.00000000,0.0038300,53361013,25398955
2026-06-24T08:00:00Z,-0.00046140,0.0036510,144357571,72136868
2026-06-24T16:00:00Z,0.00000000,0.0036540,157223968,69638723
2026-06-25T00:00:00Z,0.00000000,0.0036430,80792729,40329835
2026-06-25T08:00:00Z,-0.00011239,0.0035210,173632882,79321860
2026-06-25T16:00:00Z,0.00000000,0.0035140,94124197,44630146
2026-06-26T00:00:00Z,0.00000000,0.0035600,102024568,57594057
2026-06-26T08:00:00Z,-0.00048101,0.0035490,118297878,56292184
2026-06-26T16:00:00Z,-0.00041919,0.0035320,106928501,51088667
2026-06-27T00:00:00Z,0.00000000,0.0035190,80293768,35556529
2026-06-27T08:00:00Z,-0.00012533,0.0035400,70243665,38237629
2026-06-27T16:00:00Z,-0.00100979,0.0034640,95071629,38946969
2026-06-28T00:00:00Z,0.00000000,0.0035080,81817410,42398851
2026-06-28T08:00:00Z,0.00000000,0.0035000,73373595,35816332
2026-06-28T16:00:00Z,-0.00092602,0.0034790,64766126,31088586
2026-06-29T00:00:00Z,0.00000000,0.0035660,160169997,86965441
2026-06-29T08:00:00Z,0.00000000,0.0035810,198631437,100202398
2026-06-29T16:00:00Z,0.00000000,0.0035000,102156208,47390919
2026-06-30T00:00:00Z,0.00000000,0.0036580,171111836,88504948
2026-06-30T08:00:00Z,0.00000000,0.0034680,194949762,89775722
2026-06-30T16:00:00Z,0.00000000,0.0034530,66397712,32828424
2026-07-01T00:00:00Z,0.00000000,0.0034080,117384011,54703570
2026-07-01T08:00:00Z,0.00000000,0.0035190,150597452,68339179
2026-07-01T16:00:00Z,0.00000000,0.0035430,98442625,48291980
2026-07-02T00:00:00Z,0.00000000,0.0035430,86770472,40157236
2026-07-02T08:00:00Z,0.00000000,0.0035780,91469310,44602569
2026-07-02T16:00:00Z,0.00000000,0.0035500,66913011,32616040
2026-07-03T00:00:00Z,0.00000000,0.0036320,59317552,30550508
2026-07-03T08:00:00Z,-0.00134322,0.0036200,71337430,31604232
2026-07-03T16:00:00Z,0.00000000,0.0036460,72668342,34746702
2026-07-04T00:00:00Z,0.00043650,0.0035810,92031937,48482973
2026-07-04T08:00:00Z,0.00000000,0.0036730,533433114,264755520
2026-07-04T16:00:00Z,0.00000000,0.0036530,103603786,46903372
2026-07-05T00:00:00Z,0.00000000,0.0036380,107554601,48144516
2026-07-05T08:00:00Z,-0.00009610,0.0035920,101241844,51369208
2026-07-05T16:00:00Z,0.00000000,0.0036650,78870037,38973877
2026-07-06T00:00:00Z,0.00000000,0.0035770,99769827,51215526
2026-07-06T08:00:00Z,0.00000000,0.0036450,117610119,61157052
2026-07-06T16:00:00Z,0.00000000,0.0036100,83370832,39200443
2026-07-07T00:00:00Z,0.00000000,0.0035370,59082184,31019199
2026-07-07T08:00:00Z,0.00000000,0.0036270,96554146,50618082
2026-07-07T16:00:00Z,-0.00263408,0.0035230,81917675,36286126
2026-07-08T00:00:00Z,0.00000000,0.0034690,103834742,45423613
2026-07-08T08:00:00Z,0.00000000,0.0034130,130250122,62332915
2026-07-08T16:00:00Z,0.00000000,0.0034850,68851374,31968765
2026-07-09T00:00:00Z,0.00000000,0.0035060,51325131,24952093
2026-07-09T08:00:00Z,0.00000000,0.0035610,63580573,30139354
2026-07-09T16:00:00Z,-0.02177108,0.0041330,3651558917,1868498320
2026-07-10T00:00:00Z,-0.00984331,0.0057860,22286617165,11287971339
2026-07-10T08:00:00Z,-0.00410761,0.0053780,49861790397,25037211006
2026-07-10T16:00:00Z,-0.00183652,0.0048720,22623392134,11406821622
2026-07-11T00:00:00Z,0.00006318,0.0052200,22506177577,11495369913
2026-07-11T08:00:00Z,0.00000000,0.0049180,4271532313,2079720130
