timestamp,symbol,rate,mark_price,spot_price
2024-04-02T16:00:00Z,ENAUSDT,0.0001,0.689,0.689
2024-04-03T00:00:00Z,ENAUSDT,0.0001,0.7752,0.7752
2024-04-03T08:00:00Z,ENAUSDT,0.0001,0.9224,0.9224
2024-04-03T16:00:00Z,ENAUSDT,-0.00062828312464454,1.1888,1.1888
2024-04-04T00:00:00Z,ENAUSDT,0.0001,1.137,1.137
2024-04-04T08:00:00Z,ENAUSDT,0.0001,1.0069,1.0069
2024-04-04T16:00:00Z,ENAUSDT,0.0001,1.0401,1.0401
2024-04-05T00:00:00Z,ENAUSDT,0.0001,0.9739,0.9739
2024-04-05T08:00:00Z,ENAUSDT,0.0001,0.9049,0.9049
2024-04-05T16:00:00Z,ENAUSDT,0.0001,0.9627,0.9627
2024-04-06T00:00:00Z,ENAUSDT,0.0001,1.0146,1.0146
2024-04-06T08:00:00Z,ENAUSDT,0.0001,1.1261,1.1261
2024-04-06T16:00:00Z,ENAUSDT,0.0001,1.1547,1.1547
2024-04-07T00:00:00Z,ENAUSDT,0.0001,1.0928,1.0928
2024-04-07T08:00:00Z,ENAUSDT,0.0001,1.208,1.208
2024-04-07T16:00:00Z,ENAUSDT,0.0001,1.2543,1.2543
2024-04-08T00:00:00Z,ENAUSDT,0.00086360540243871,1.1937,1.1937
2024-04-08T08:00:00Z,ENAUSDT,0.0007249384367061,1.123,1.123
2024-04-08T16:00:00Z,ENAUSDT,0.000426160579610628,1.2447,1.2447
2024-04-09T00:00:00Z,ENAUSDT,0.000671220661620996,1.3008,1.3008
2024-04-09T08:00:00Z,ENAUSDT,0.0001,1.2961,1.2961
2024-04-09T16:00:00Z,ENAUSDT,0.000541480829450901,1.2501,1.2501
2024-04-10T00:00:00Z,ENAUSDT,0.0001,1.245,1.245
2024-04-10T08:00:00Z,ENAUSDT,0.0001,1.3816,1.3816
2024-04-10T16:00:00Z,ENAUSDT,0.0001,1.4362,1.4362
2024-04-11T00:00:00Z,ENAUSDT,0.0001,1.4601,1.4601
2024-04-11T08:00:00Z,ENAUSDT,0.0001,1.4071,1.4071
2024-04-11T16:00:00Z,ENAUSDT,0.0001,1.4291,1.4291
2024-04-12T00:00:00Z,ENAUSDT,0.0001,1.3728,1.3728
2024-04-12T08:00:00Z,ENAUSDT,0.0001,1.4613,1.4613
2024-04-12T16:00:00Z,ENAUSDT,0.000391924305461311,1.2663,1.2663
2024-04-13T00:00:00Z,ENAUSDT,0.0001,1.2713,1.2713
2024-04-13T08:00:00Z,ENAUSDT,0.0001,1.2727,1.2727
2024-04-13T16:00:00Z,ENAUSDT,0.0001,1.1532,1.1532
2024-04-14T00:00:00Z,ENAUSDT,0.0001,1.047,1.047
2024-04-14T08:00:00Z,ENAUSDT,0.0001,1.1516,1.1516
2024-04-14T16:00:00Z,ENAUSDT,0.0001,1.1044,1.1044
2024-04-15T00:00:00Z,ENAUSDT,0.0001,1.2038,1.2038
2024-04-15T08:00:00Z,ENAUSDT,-0.000368520054998058,1.1677,1.1677
2024-04-15T16:00:00Z,ENAUSDT,0.0001,1.1633,1.1633
2024-04-16T00:00:00Z,ENAUSDT,0.0001,1.0556,1.0556
2024-04-16T08:00:00Z,ENAUSDT,0.0001,1.049,1.049
2024-04-16T16:00:00Z,ENAUSDT,0.0001,0.9125,0.9125
2024-04-17T00:00:00Z,ENAUSDT,-0.000243896053733653,0.9784,0.9784
2024-04-17T08:00:00Z,ENAUSDT,-0.000604823714599721,1.0023,1.0023
2024-04-17T16:00:00Z,ENAUSDT,0.0001,0.926,0.926
2024-04-18T00:00:00Z,ENAUSDT,0.0001,0.9229,0.9229
2024-04-18T08:00:00Z,ENAUSDT,0.0001,0.8395,0.8395
2024-04-18T16:00:00Z,ENAUSDT,0.0001,0.9177,0.9177
2024-04-19T00:00:00Z,ENAUSDT,0.0001,0.911,0.911
2024-04-19T08:00:00Z,ENAUSDT,0.0001,0.9362,0.9362
2024-04-19T16:00:00Z,ENAUSDT,0.0001,1.0081,1.0081
2024-04-20T00:00:00Z,ENAUSDT,0.0001,0.9689,0.9689
2024-04-20T08:00:00Z,ENAUSDT,0.0001,1.0045,1.0045
2024-04-20T16:00:00Z,ENAUSDT,0.0001,1.0085,1.0085
2024-04-21T00:00:00Z,ENAUSDT,0.0001,1.082,1.082
2024-04-21T08:00:00Z,ENAUSDT,0.0001,1.0872,1.0872
2024-04-21T16:00:00Z,ENAUSDT,0.0001,1.0659,1.0659
2024-04-22T00:00:00Z,ENAUSDT,0.0001,1.0503,1.0503
2024-04-22T08:00:00Z,ENAUSDT,0.0001,1.0628,1.0628
2024-04-22T16:00:00Z,ENAUSDT,0.0001,1.0443,1.0443
2024-04-23T00:00:00Z,ENAUSDT,0.0001,1.0471,1.0471
2024-04-23T08:00:00Z,ENAUSDT,0.0001,0.9765,0.9765
2024-04-23T16:00:00Z,ENAUSDT,0.0001,0.981,0.981
2024-04-24T00:00:00Z,ENAUSDT,0.0001,0.9376,0.9376
2024-04-24T08:00:00Z,ENAUSDT,0.0001,0.9553,0.9553
2024-04-24T16:00:00Z,ENAUSDT,0.0001,0.8924,0.8924
2024-04-25T00:00:00Z,ENAUSDT,0.0001,0.8728,0.8728
2024-04-25T08:00:00Z,ENAUSDT,0.0001,0.8463,0.8463
2024-04-25T16:00:00Z,ENAUSDT,0.0001,0.8974,0.8974
2024-04-26T00:00:00Z,ENAUSDT,0.0001,0.8706,0.8706
2024-04-26T08:00:00Z,ENAUSDT,0.0001,0.8352,0.8352
2024-04-26T16:00:00Z,ENAUSDT,0.0001,0.8268,0.8268
2024-04-27T00:00:00Z,ENAUSDT,0.0001,0.8237,0.8237
2024-04-27T08:00:00Z,ENAUSDT,0.0001,0.8153,0.8153
2024-04-27T16:00:00Z,ENAUSDT,0.0001,0.8083,0.8083
2024-04-28T00:00:00Z,ENAUSDT,0.0001,0.8397,0.8397
2024-04-28T08:00:00Z,ENAUSDT,0.0001,0.8553,0.8553
2024-04-28T16:00:00Z,ENAUSDT,0.0001,0.8586,0.8586
2024-04-29T00:00:00Z,ENAUSDT,0.0001,0.8478,0.8478
2024-04-29T08:00:00Z,ENAUSDT,0.0001,0.7905,0.7905
2024-04-29T16:00:00Z,ENAUSDT,0.0001,0.8904,0.8904
2024-04-30T00:00:00Z,ENAUSDT,0.0001,0.9272,0.9272
2024-04-30T08:00:00Z,ENAUSDT,0.0001,0.888,0.888
2024-04-30T16:00:00Z,ENAUSDT,0.0001,0.8141,0.8141
2024-05-01T00:00:00Z,ENAUSDT,0.0001,0.8118,0.8118
2024-05-01T08:00:00Z,ENAUSDT,0.0001,0.7539,0.7539
2024-05-01T16:00:00Z,ENAUSDT,0.0001,0.778,0.778
2024-05-02T00:00:00Z,ENAUSDT,0.0001,0.7986,0.7986
2024-05-02T08:00:00Z,ENAUSDT,0.0001,0.7871,0.7871
2024-05-02T16:00:00Z,ENAUSDT,0.0001,0.8157,0.8157
2024-05-03T00:00:00Z,ENAUSDT,0.0001,0.7975,0.7975
2024-05-03T08:00:00Z,ENAUSDT,0.0001,0.7921,0.7921
2024-05-03T16:00:00Z,ENAUSDT,0.0001,0.8432,0.8432
2024-05-04T00:00:00Z,ENAUSDT,0.0001,0.8515,0.8515
2024-05-04T08:00:00Z,ENAUSDT,0.0001,0.8373,0.8373
2024-05-04T16:00:00Z,ENAUSDT,0.0001,0.836,0.836
2024-05-05T00:00:00Z,ENAUSDT,0.0001,0.829,0.829
2024-05-05T08:00:00Z,ENAUSDT,0.0001,0.8011,0.8011
2024-05-05T16:00:00Z,ENAUSDT,0.0001,0.819,0.819
2024-05-06T00:00:00Z,ENAUSDT,0.0001,0.8121,0.8121
2024-05-06T08:00:00Z,ENAUSDT,0.0001,0.9105,0.9105
2024-05-06T16:00:00Z,ENAUSDT,0.0001,0.8779,0.8779
2024-05-07T00:00:00Z,ENAUSDT,0.0001,0.8925,0.8925
2024-05-07T08:00:00Z,ENAUSDT,0.0001,0.8848,0.8848
2024-05-07T16:00:00Z,ENAUSDT,0.0001,0.9673,0.9673
2024-05-08T00:00:00Z,ENAUSDT,0.0001,0.9168,0.9168
2024-05-08T08:00:00Z,ENAUSDT,0.0001,0.8975,0.8975
2024-05-08T16:00:00Z,ENAUSDT,0.0001,0.8933,0.8933
2024-05-09T00:00:00Z,ENAUSDT,0.0001,0.8723,0.8723
2024-05-09T08:00:00Z,ENAUSDT,0.0001,0.872,0.872
2024-05-09T16:00:00Z,ENAUSDT,0.0001,0.8806,0.8806
2024-05-10T00:00:00Z,ENAUSDT,0.0001,0.8925,0.8925
2024-05-10T08:00:00Z,ENAUSDT,0.0001,0.8925,0.8925
2024-05-10T16:00:00Z,ENAUSDT,0.0001,0.8558,0.8558
2024-05-11T00:00:00Z,ENAUSDT,0.0001,0.848,0.848
2024-05-11T08:00:00Z,ENAUSDT,0.0001,0.8592,0.8592
2024-05-11T16:00:00Z,ENAUSDT,0.0001,0.865,0.865
2024-05-12T00:00:00Z,ENAUSDT,0.0001,0.8397,0.8397
2024-05-12T08:00:00Z,ENAUSDT,0.0001,0.8384,0.8384
2024-05-12T16:00:00Z,ENAUSDT,0.0001,0.8439,0.8439
2024-05-13T00:00:00Z,ENAUSDT,0.0001,0.8303,0.8303
2024-05-13T08:00:00Z,ENAUSDT,0.0001,0.8221,0.8221
2024-05-13T16:00:00Z,ENAUSDT,0.0001,0.7806,0.7806
2024-05-14T00:00:00Z,ENAUSDT,0.0001,0.7666,0.7666
2024-05-14T08:00:00Z,ENAUSDT,0.0001,0.7551,0.7551
2024-05-14T16:00:00Z,ENAUSDT,0.0001,0.6958,0.6958
2024-05-15T00:00:00Z,ENAUSDT,0.0001,0.6927,0.6927
2024-05-15T08:00:00Z,ENAUSDT,0.0001,0.7002,0.7002
2024-05-15T16:00:00Z,ENAUSDT,0.0001,0.7181,0.7181
2024-05-16T00:00:00Z,ENAUSDT,0.0001,0.734,0.734
2024-05-16T08:00:00Z,ENAUSDT,0.0001,0.7283,0.7283
2024-05-16T16:00:00Z,ENAUSDT,0.0001,0.6622,0.6622
2024-05-17T00:00:00Z,ENAUSDT,0.0001,0.6707,0.6707
2024-05-17T08:00:00Z,ENAUSDT,0.0001,0.7121,0.7121
2024-05-17T16:00:00Z,ENAUSDT,0.0001,0.7431,0.7431
2024-05-18T00:00:00Z,ENAUSDT,0.0001,0.7187,0.7187
2024-05-18T08:00:00Z,ENAUSDT,0.0001,0.7294,0.7294
2024-05-18T16:00:00Z,ENAUSDT,-0.000593737472088803,0.7577,0.7577
2024-05-19T00:00:00Z,ENAUSDT,0.0001,0.7528,0.7528
2024-05-19T08:00:00Z,ENAUSDT,-0.000176409042962828,0.7361,0.7361
2024-05-19T16:00:00Z,ENAUSDT,0.0001,0.7164,0.7164
2024-05-20T00:00:00Z,ENAUSDT,0.0001,0.7122,0.7122
2024-05-20T08:00:00Z,ENAUSDT,0.0001,0.7105,0.7105
2024-05-20T16:00:00Z,ENAUSDT,0.0001,0.7296,0.7296
2024-05-21T00:00:00Z,ENAUSDT,0.0001,0.8319,0.8319
2024-05-21T08:00:00Z,ENAUSDT,0.0001,0.851,0.851
2024-05-21T16:00:00Z,ENAUSDT,0.0001,0.861,0.861
2024-05-22T00:00:00Z,ENAUSDT,0.0001,0.8851,0.8851
2024-05-22T08:00:00Z,ENAUSDT,0.0001,0.8482,0.8482
2024-05-22T16:00:00Z,ENAUSDT,-0.000187962385270488,0.8478,0.8478
2024-05-23T00:00:00Z,ENAUSDT,0.0001,0.8514,0.8514
2024-05-23T08:00:00Z,ENAUSDT,0.0001,0.8436,0.8436
2024-05-23T16:00:00Z,ENAUSDT,-0.000504642335812964,0.8612,0.8612
2024-05-24T00:00:00Z,ENAUSDT,-0.000958600422853287,0.8656,0.8656
2024-05-24T08:00:00Z,ENAUSDT,0.0001,0.8387,0.8387
2024-05-24T16:00:00Z,ENAUSDT,-0.001668617578195825,0.8774,0.8774
2024-05-25T00:00:00Z,ENAUSDT,0.0001,0.8498,0.8498
2024-05-25T08:00:00Z,ENAUSDT,0.0001,0.9282,0.9282
2024-05-25T16:00:00Z,ENAUSDT,0.0001,0.9312,0.9312
2024-05-26T00:00:00Z,ENAUSDT,0.0001,0.9098,0.9098
2024-05-26T08:00:00Z,ENAUSDT,0.0001,0.9133,0.9133
2024-05-26T16:00:00Z,ENAUSDT,0.0001,0.9542,0.9542
2024-05-27T00:00:00Z,ENAUSDT,-0.00072855507619527,0.9166,0.9166
2024-05-27T08:00:00Z,ENAUSDT,-0.000490707218582554,0.917,0.917
2024-05-27T16:00:00Z,ENAUSDT,-0.000664148208168624,0.9153,0.9153
2024-05-28T00:00:00Z,ENAUSDT,-0.000549902077406249,0.9181,0.9181
2024-05-28T08:00:00Z,ENAUSDT,0.0001,0.8935,0.8935
2024-05-28T16:00:00Z,ENAUSDT,0.0001,0.8999,0.8999
2024-05-29T00:00:00Z,ENAUSDT,0.0001,0.8945,0.8945
2024-05-29T08:00:00Z,ENAUSDT,0.0001,0.8867,0.8867
2024-05-29T16:00:00Z,ENAUSDT,0.0001,0.841,0.841
2024-05-30T00:00:00Z,ENAUSDT,0.0001,0.836,0.836
2024-05-30T08:00:00Z,ENAUSDT,0.0001,0.8174,0.8174
2024-05-30T16:00:00Z,ENAUSDT,-0.001483525095304015,0.8753,0.8753
2024-05-31T00:00:00Z,ENAUSDT,0.0001,0.8699,0.8699
2024-05-31T08:00:00Z,ENAUSDT,0.000081487454793182,0.8614,0.8614
2024-05-31T16:00:00Z,ENAUSDT,0.0001,0.8732,0.8732
2024-06-01T00:00:00Z,ENAUSDT,0.0001,0.8785,0.8785
2024-06-01T08:00:00Z,ENAUSDT,0.0001,0.8885,0.8885
2024-06-01T16:00:00Z,ENAUSDT,0.0001,0.9152,0.9152
2024-06-02T00:00:00Z,ENAUSDT,0.0001,0.9102,0.9102
2024-06-02T08:00:00Z,ENAUSDT,0.0001,0.8973,0.8973
2024-06-02T16:00:00Z,ENAUSDT,0.0001,0.9114,0.9114
2024-06-03T00:00:00Z,ENAUSDT,0.0001,0.9202,0.9202
2024-06-03T08:00:00Z,ENAUSDT,0.0001,0.9503,0.9503
2024-06-03T16:00:00Z,ENAUSDT,0.0001,0.9655,0.9655
2024-06-04T00:00:00Z,ENAUSDT,-0.00249836962518117,1.0182,1.0182
2024-06-04T08:00:00Z,ENAUSDT,0.0001,0.9727,0.9727
2024-06-04T16:00:00Z,ENAUSDT,0.0001,0.9747,0.9747
2024-06-05T00:00:00Z,ENAUSDT,0.0001,0.9779,0.9779
2024-06-05T08:00:00Z,ENAUSDT,0.0001,0.9639,0.9639
2024-06-05T16:00:00Z,ENAUSDT,0.0001,0.962,0.962
2024-06-06T00:00:00Z,ENAUSDT,0.0001,0.9783,0.9783
2024-06-06T08:00:00Z,ENAUSDT,0.0001,0.9727,0.9727
2024-06-06T16:00:00Z,ENAUSDT,0.0001,0.9755,0.9755
2024-06-07T00:00:00Z,ENAUSDT,0.0001,0.9507,0.9507
2024-06-07T08:00:00Z,ENAUSDT,0.0001,0.9577,0.9577
2024-06-07T16:00:00Z,ENAUSDT,0.0001,0.9366,0.9366
2024-06-08T00:00:00Z,ENAUSDT,-0.002551675179869744,0.8831,0.8831
2024-06-08T08:00:00Z,ENAUSDT,0.0001,0.8605,0.8605
2024-06-08T16:00:00Z,ENAUSDT,-0.000656749720557631,0.8439,0.8439
2024-06-09T00:00:00Z,ENAUSDT,-0.000484086076488626,0.8288,0.8288
2024-06-09T08:00:00Z,ENAUSDT,0.0001,0.8172,0.8172
2024-06-09T16:00:00Z,ENAUSDT,0.0001,0.825,0.825
2024-06-10T00:00:00Z,ENAUSDT,-0.000024819609136713,0.8286,0.8286
2024-06-10T08:00:00Z,ENAUSDT,0.000068304576287822,0.7874,0.7874
2024-06-10T16:00:00Z,ENAUSDT,0.0001,0.817,0.817
2024-06-11T00:00:00Z,ENAUSDT,0.0001,0.77,0.77
2024-06-11T08:00:00Z,ENAUSDT,0.0001,0.7369,0.7369
2024-06-11T16:00:00Z,ENAUSDT,0.000079581434073319,0.7137,0.7137
2024-06-12T00:00:00Z,ENAUSDT,0.0001,0.7096,0.7096
2024-06-12T08:00:00Z,ENAUSDT,0.0001,0.7178,0.7178
2024-06-12T16:00:00Z,ENAUSDT,0.000000119098539472,0.7562,0.7562
2024-06-13T00:00:00Z,ENAUSDT,0.0001,0.7292,0.7292
2024-06-13T08:00:00Z,ENAUSDT,0.0001,0.7053,0.7053
2024-06-13T16:00:00Z,ENAUSDT,0.0001,0.6895,0.6895
2024-06-14T00:00:00Z,ENAUSDT,0.0001,0.6955,0.6955
2024-06-14T08:00:00Z,ENAUSDT,0.0001,0.7172,0.7172
2024-06-14T16:00:00Z,ENAUSDT,-0.00046853609771814,0.695,0.695
2024-06-15T00:00:00Z,ENAUSDT,-0.000068477083756047,0.7083,0.7083
2024-06-15T08:00:00Z,ENAUSDT,0.0001,0.7225,0.7225
2024-06-15T16:00:00Z,ENAUSDT,0.0001,0.7391,0.7391
2024-06-16T00:00:00Z,ENAUSDT,0.000078424658125598,0.7464,0.7464
2024-06-16T08:00:00Z,ENAUSDT,0.0001,0.7348,0.7348
2024-06-16T16:00:00Z,ENAUSDT,-0.000372578633473908,0.7556,0.7556
2024-06-17T00:00:00Z,ENAUSDT,-0.000169059076713305,0.7638,0.7638
2024-06-17T08:00:00Z,ENAUSDT,0.0001,0.7057,0.7057
2024-06-17T16:00:00Z,ENAUSDT,0.0001,0.6859,0.6859
2024-06-18T00:00:00Z,ENAUSDT,-0.000127330716032352,0.6738,0.6738
2024-06-18T08:00:00Z,ENAUSDT,-0.001681381794425194,0.6063,0.6063
2024-06-18T16:00:00Z,ENAUSDT,-0.00095758935686056,0.6024,0.6024
2024-06-19T00:00:00Z,ENAUSDT,-0.001247321926391278,0.6272,0.6272
2024-06-19T08:00:00Z,ENAUSDT,-0.000056355103540002,0.6537,0.6537
2024-06-19T16:00:00Z,ENAUSDT,-0.000344617913471541,0.627,0.627
2024-06-20T00:00:00Z,ENAUSDT,-0.000544099890744569,0.6312,0.6312
2024-06-20T08:00:00Z,ENAUSDT,-0.000299325161512142,0.6536,0.6536
2024-06-20T16:00:00Z,ENAUSDT,0.000014947608934077,0.613,0.613
2024-06-21T00:00:00Z,ENAUSDT,0.000092010580087019,0.6119,0.6119
2024-06-21T08:00:00Z,ENAUSDT,-0.000029594511081614,0.6117,0.6117
2024-06-21T16:00:00Z,ENAUSDT,0.0001,0.6074,0.6074
2024-06-22T00:00:00Z,ENAUSDT,0.000031550408799134,0.5983,0.5983
2024-06-22T08:00:00Z,ENAUSDT,0.0001,0.5946,0.5946
2024-06-22T16:00:00Z,ENAUSDT,0.000092454055962601,0.6023,0.6023
2024-06-23T00:00:00Z,ENAUSDT,0.00008513467859263,0.6005,0.6005
2024-06-23T08:00:00Z,ENAUSDT,0.0001,0.6036,0.6036
2024-06-23T16:00:00Z,ENAUSDT,0.000033748874108634,0.5829,0.5829
2024-06-24T00:00:00Z,ENAUSDT,-0.000024241205522594,0.567,0.567
2024-06-24T08:00:00Z,ENAUSDT,-0.000003798615261583,0.5468,0.5468
2024-06-24T16:00:00Z,ENAUSDT,0.000024946222348246,0.5406,0.5406
2024-06-25T00:00:00Z,ENAUSDT,0.000075556680693753,0.5574,0.5574
2024-06-25T08:00:00Z,ENAUSDT,0.000015914840443978,0.5543,0.5543
2024-06-25T16:00:00Z,ENAUSDT,-0.000083657546928714,0.5836,0.5836
2024-06-26T00:00:00Z,ENAUSDT,0.000049811450773725,0.5708,0.5708
2024-06-26T08:00:00Z,ENAUSDT,-0.000818475286064268,0.5834,0.5834
2024-06-26T16:00:00Z,ENAUSDT,-0.000154687739680784,0.5534,0.5534
2024-06-27T00:00:00Z,ENAUSDT,-0.001007879189696828,0.5563,0.5563
2024-06-27T08:00:00Z,ENAUSDT,-0.000056821953898554,0.5468,0.5468
2024-06-27T16:00:00Z,ENAUSDT,-0.000025851686315373,0.5716,0.5716
2024-06-28T00:00:00Z,ENAUSDT,-0.000061053404932208,0.559,0.559
2024-06-28T08:00:00Z,ENAUSDT,0.000031409921485328,0.5633,0.5633
2024-06-28T16:00:00Z,ENAUSDT,0.000060920666248788,0.5379,0.5379
2024-06-29T00:00:00Z,ENAUSDT,-0.000540740235181166,0.5106,0.5106
2024-06-29T08:00:00Z,ENAUSDT,-0.000310678442323482,0.5148,0.5148
2024-06-29T16:00:00Z,ENAUSDT,-0.000833464257515552,0.5145,0.5145
2024-06-30T00:00:00Z,ENAUSDT,-0.000385165629413398,0.4874,0.4874
2024-06-30T08:00:00Z,ENAUSDT,-0.000431186562399535,0.5006,0.5006
2024-06-30T16:00:00Z,ENAUSDT,-0.000582625023569718,0.5103,0.5103
2024-07-01T00:00:00Z,ENAUSDT,-0.000880748443747402,0.5316,0.5316
2024-07-01T08:00:00Z,ENAUSDT,-0.000714321642536024,0.5333,0.5333
2024-07-01T16:00:00Z,ENAUSDT,-0.000070599998548613,0.5126,0.5126
2024-07-02T00:00:00Z,ENAUSDT,-0.000158960289137307,0.504,0.504
2024-07-02T08:00:00Z,ENAUSDT,-0.000290483784219441,0.5016,0.5016
2024-07-02T16:00:00Z,ENAUSDT,-0.000843484673102721,0.5034,0.5034
2024-07-03T00:00:00Z,ENAUSDT,-0.000271580612378352,0.5115,0.5115
2024-07-03T08:00:00Z,ENAUSDT,-0.000080556469823983,0.4797,0.4797
2024-07-03T16:00:00Z,ENAUSDT,0.0001,0.4666,0.4666
2024-07-04T00:00:00Z,ENAUSDT,-0.000041928330381982,0.4598,0.4598
2024-07-04T08:00:00Z,ENAUSDT,0.000072255472854675,0.4417,0.4417
2024-07-04T16:00:00Z,ENAUSDT,0.0001,0.4421,0.4421
2024-07-05T00:00:00Z,ENAUSDT,0.0001,0.4053,0.4053
2024-07-05T08:00:00Z,ENAUSDT,-0.000065135132365989,0.3669,0.3669
2024-07-05T16:00:00Z,ENAUSDT,-0.000815979421629137,0.372,0.372
2024-07-06T00:00:00Z,ENAUSDT,-0.001388871225393186,0.3765,0.3765
2024-07-06T08:00:00Z,ENAUSDT,-0.000909002782533095,0.3787,0.3787
2024-07-06T16:00:00Z,ENAUSDT,-0.001075598851095433,0.3838,0.3838
2024-07-07T00:00:00Z,ENAUSDT,-0.000021175038293607,0.4118,0.4118
2024-07-07T08:00:00Z,ENAUSDT,0.000070801764414788,0.4032,0.4032
2024-07-07T16:00:00Z,ENAUSDT,-0.000130401709030772,0.3931,0.3931
2024-07-08T00:00:00Z,ENAUSDT,-0.0000307472603197,0.3769,0.3769
2024-07-08T08:00:00Z,ENAUSDT,0.0001,0.3658,0.3658
2024-07-08T16:00:00Z,ENAUSDT,0.0001,0.3918,0.3918
2024-07-09T00:00:00Z,ENAUSDT,0.000085420484626533,0.4025,0.4025
2024-07-09T08:00:00Z,ENAUSDT,0.0001,0.4054,0.4054
2024-07-09T16:00:00Z,ENAUSDT,-0.000284215126815891,0.4066,0.4066
2024-07-10T00:00:00Z,ENAUSDT,-0.000187898280231656,0.4214,0.4214
2024-07-10T08:00:00Z,ENAUSDT,-0.000151224249818349,0.4284,0.4284
2024-07-10T16:00:00Z,ENAUSDT,0.0001,0.4197,0.4197
2024-07-11T00:00:00Z,ENAUSDT,0.000014441895054331,0.4143,0.4143
2024-07-11T08:00:00Z,ENAUSDT,0.0001,0.4173,0.4173
2024-07-11T16:00:00Z,ENAUSDT,-0.000081299287060552,0.4025,0.4025
2024-07-12T00:00:00Z,ENAUSDT,-0.000141352930140715,0.3928,0.3928
2024-07-12T08:00:00Z,ENAUSDT,0.0001,0.3842,0.3842
2024-07-12T16:00:00Z,ENAUSDT,-0.000209939204918006,0.3966,0.3966
2024-07-13T00:00:00Z,ENAUSDT,-0.000041718751878619,0.396,0.396
2024-07-13T08:00:00Z,ENAUSDT,-0.000117289619618553,0.403,0.403
2024-07-13T16:00:00Z,ENAUSDT,-0.000245973584397073,0.3923,0.3923
2024-07-14T00:00:00Z,ENAUSDT,-0.000118786042378098,0.399,0.399
2024-07-14T08:00:00Z,ENAUSDT,-0.000099559702241684,0.392,0.392
2024-07-14T16:00:00Z,ENAUSDT,-0.000247434817684419,0.3842,0.3842
2024-07-15T00:00:00Z,ENAUSDT,-0.000288682979146689,0.3992,0.3992
2024-07-15T08:00:00Z,ENAUSDT,0.0001,0.427,0.427
2024-07-15T16:00:00Z,ENAUSDT,0.0001,0.4289,0.4289
2024-07-16T00:00:00Z,ENAUSDT,-0.000258575190873506,0.4786,0.4786
2024-07-16T08:00:00Z,ENAUSDT,-0.000124214086756439,0.4545,0.4545
2024-07-16T16:00:00Z,ENAUSDT,0.0001,0.4674,0.4674
2024-07-17T00:00:00Z,ENAUSDT,0.0001,0.4629,0.4629
2024-07-17T08:00:00Z,ENAUSDT,0.0001,0.4826,0.4826
2024-07-17T16:00:00Z,ENAUSDT,0.0001,0.4655,0.4655
2024-07-18T00:00:00Z,ENAUSDT,0.0001,0.4572,0.4572
2024-07-18T08:00:00Z,ENAUSDT,0.0001,0.4657,0.4657
2024-07-18T16:00:00Z,ENAUSDT,0.0001,0.4569,0.4569
2024-07-19T00:00:00Z,ENAUSDT,0.0001,0.4867,0.4867
2024-07-19T08:00:00Z,ENAUSDT,-0.000169645282396797,0.4651,0.4651
2024-07-19T16:00:00Z,ENAUSDT,-0.000304893692991092,0.4805,0.4805
2024-07-20T00:00:00Z,ENAUSDT,-0.000323852270630255,0.4859,0.4859
2024-07-20T08:00:00Z,ENAUSDT,-0.000082327044333332,0.5046,0.5046
2024-07-20T16:00:00Z,ENAUSDT,0.0001,0.4992,0.4992
2024-07-21T00:00:00Z,ENAUSDT,0.0001,0.5003,0.5003
2024-07-21T08:00:00Z,ENAUSDT,0.000070371143282184,0.4801,0.4801
2024-07-21T16:00:00Z,ENAUSDT,-0.000132160856693794,0.4731,0.4731
2024-07-22T00:00:00Z,ENAUSDT,-0.000547091115414307,0.4904,0.4904
2024-07-22T08:00:00Z,ENAUSDT,-0.000010217125549294,0.4606,0.4606
2024-07-22T16:00:00Z,ENAUSDT,-0.000348937916113064,0.4512,0.4512
2024-07-23T00:00:00Z,ENAUSDT,0.000086545797202868,0.4326,0.4326
2024-07-23T08:00:00Z,ENAUSDT,-0.000220352682399294,0.4314,0.4314
2024-07-23T16:00:00Z,ENAUSDT,0.0001,0.4327,0.4327
2024-07-24T00:00:00Z,ENAUSDT,-0.000264278877322512,0.4544,0.4544
2024-07-24T08:00:00Z,ENAUSDT,-0.001462843963686745,0.4795,0.4795
2024-07-24T16:00:00Z,ENAUSDT,0.0001,0.4766,0.4766
2024-07-25T00:00:00Z,ENAUSDT,0.000064873922542554,0.4533,0.4533
2024-07-25T08:00:00Z,ENAUSDT,0.000056945442916064,0.4268,0.4268
2024-07-25T16:00:00Z,ENAUSDT,0.000072392585321275,0.4429,0.4429
2024-07-26T00:00:00Z,ENAUSDT,0.0001,0.4275,0.4275
2024-07-26T08:00:00Z,ENAUSDT,0.0001,0.4451,0.4451
2024-07-26T16:00:00Z,ENAUSDT,0.0001,0.4488,0.4488
2024-07-27T00:00:00Z,ENAUSDT,0.0001,0.463,0.463
2024-07-27T08:00:00Z,ENAUSDT,0.0001,0.4554,0.4554
2024-07-27T16:00:00Z,ENAUSDT,0.0000867832321869,0.4522,0.4522
2024-07-28T00:00:00Z,ENAUSDT,0.0001,0.4672,0.4672
2024-07-28T08:00:00Z,ENAUSDT,-0.00012363247404543,0.4518,0.4518
2024-07-28T16:00:00Z,ENAUSDT,-0.000102351508444148,0.4488,0.4488
2024-07-29T00:00:00Z,ENAUSDT,-0.000097807449720449,0.447,0.447
2024-07-29T08:00:00Z,ENAUSDT,0.0001,0.4668,0.4668
2024-07-29T16:00:00Z,ENAUSDT,-0.000046284031517842,0.4432,0.4432
2024-07-30T00:00:00Z,ENAUSDT,0.000008846995825492,0.439,0.439
2024-07-30T08:00:00Z,ENAUSDT,0.0001,0.4435,0.4435
2024-07-30T16:00:00Z,ENAUSDT,0.000039236421457606,0.4356,0.4356
2024-07-31T00:00:00Z,ENAUSDT,-0.00031534199379659,0.4107,0.4107
2024-07-31T08:00:00Z,ENAUSDT,-0.000273870064448916,0.4098,0.4098
2024-07-31T16:00:00Z,ENAUSDT,-0.000565628800739033,0.4065,0.4065
2024-08-01T00:00:00Z,ENAUSDT,-0.001084508717750409,0.3972,0.3972
2024-08-01T08:00:00Z,ENAUSDT,-0.001026237299367196,0.3953,0.3953
2024-08-01T16:00:00Z,ENAUSDT,-0.000597881801342237,0.3857,0.3857
2024-08-02T00:00:00Z,ENAUSDT,-0.000173142960603889,0.395,0.395
2024-08-02T08:00:00Z,ENAUSDT,-0.000108491497723701,0.3779,0.3779
2024-08-02T16:00:00Z,ENAUSDT,-0.000238864391709515,0.366,0.366
2024-08-03T00:00:00Z,ENAUSDT,-0.000204315108360656,0.3508,0.3508
2024-08-03T08:00:00Z,ENAUSDT,-0.000054690366060287,0.3496,0.3496
2024-08-03T16:00:00Z,ENAUSDT,-0.000211443924954312,0.3363,0.3363
2024-08-04T00:00:00Z,ENAUSDT,0.0001,0.3124,0.3124
2024-08-04T08:00:00Z,ENAUSDT,0.0001,0.3176,0.3176
2024-08-04T16:00:00Z,ENAUSDT,0.0001,0.2953,0.2953
2024-08-05T00:00:00Z,ENAUSDT,0.0001,0.2911,0.2911
2024-08-05T08:00:00Z,ENAUSDT,0.0001,0.2503,0.2503
2024-08-05T16:00:00Z,ENAUSDT,0.0001,0.2695,0.2695
2024-08-06T00:00:00Z,ENAUSDT,0.0001,0.2596,0.2596
2024-08-06T08:00:00Z,ENAUSDT,-0.000724479215611228,0.28,0.28
2024-08-06T16:00:00Z,ENAUSDT,-0.000192793344606851,0.2785,0.2785
2024-08-07T00:00:00Z,ENAUSDT,-0.000021690377480315,0.2748,0.2748
2024-08-07T08:00:00Z,ENAUSDT,0.0001,0.2789,0.2789
2024-08-07T16:00:00Z,ENAUSDT,-0.000232382084691356,0.2702,0.2702
2024-08-08T00:00:00Z,ENAUSDT,0.0001,0.2609,0.2609
2024-08-08T08:00:00Z,ENAUSDT,0.0001,0.276,0.276
2024-08-08T16:00:00Z,ENAUSDT,-0.000171262054913482,0.2866,0.2866
2024-08-09T00:00:00Z,ENAUSDT,-0.000215677005695203,0.3112,0.3112
2024-08-09T08:00:00Z,ENAUSDT,-0.000550937080530692,0.3082,0.3082
2024-08-09T16:00:00Z,ENAUSDT,-0.000014824792377952,0.3003,0.3003
2024-08-10T00:00:00Z,ENAUSDT,-0.00007848515017087,0.3102,0.3102
2024-08-10T08:00:00Z,ENAUSDT,-0.000024461772556792,0.3086,0.3086
2024-08-10T16:00:00Z,ENAUSDT,0.000013510687259058,0.3042,0.3042
2024-08-11T00:00:00Z,ENAUSDT,-0.000211565358371899,0.3187,0.3187
2024-08-11T08:00:00Z,ENAUSDT,-0.000522536352867547,0.3243,0.3243
2024-08-11T16:00:00Z,ENAUSDT,-0.000299819505137796,0.3016,0.3016
2024-08-12T00:00:00Z,ENAUSDT,-0.000418783937597374,0.2929,0.2929
2024-08-12T08:00:00Z,ENAUSDT,-0.000043462046252783,0.2999,0.2999
2024-08-12T16:00:00Z,ENAUSDT,0.000055078551487013,0.3337,0.3337
2024-08-13T00:00:00Z,ENAUSDT,-0.000202275579889879,0.3282,0.3282
2024-08-13T08:00:00Z,ENAUSDT,0.0001,0.3149,0.3149
2024-08-13T16:00:00Z,ENAUSDT,-0.000227796629645778,0.331,0.331
2024-08-14T00:00:00Z,ENAUSDT,0.0001,0.3395,0.3395
2024-08-14T08:00:00Z,ENAUSDT,0.0001,0.3339,0.3339
2024-08-14T16:00:00Z,ENAUSDT,0.0001,0.3279,0.3279
2024-08-15T00:00:00Z,ENAUSDT,0.000054903075434038,0.324,0.324
2024-08-15T08:00:00Z,ENAUSDT,0.000036985235268078,0.3137,0.3137
2024-08-15T16:00:00Z,ENAUSDT,-0.000079997190834234,0.3217,0.3217
2024-08-16T00:00:00Z,ENAUSDT,-0.000064328159245232,0.3035,0.3035
2024-08-16T08:00:00Z,ENAUSDT,0.000068902495266392,0.3007,0.3007
2024-08-16T16:00:00Z,ENAUSDT,-0.000198631000350601,0.2899,0.2899
2024-08-17T00:00:00Z,ENAUSDT,-0.000262054304092832,0.2987,0.2987
2024-08-17T08:00:00Z,ENAUSDT,0.000046389174311175,0.2963,0.2963
2024-08-17T16:00:00Z,ENAUSDT,-0.000147952516383627,0.3004,0.3004
2024-08-18T00:00:00Z,ENAUSDT,-0.000576667764616277,0.2976,0.2976
2024-08-18T08:00:00Z,ENAUSDT,-0.000511283548004,0.2905,0.2905
2024-08-18T16:00:00Z,ENAUSDT,-0.000274289161045546,0.3006,0.3006
2024-08-19T00:00:00Z,ENAUSDT,-0.000336852212248498,0.2899,0.2899
2024-08-19T08:00:00Z,ENAUSDT,-0.000564183459533718,0.2846,0.2846
2024-08-19T16:00:00Z,ENAUSDT,-0.000242352853551862,0.2776,0.2776
2024-08-20T00:00:00Z,ENAUSDT,-0.000597645449467572,0.2873,0.2873
2024-08-20T08:00:00Z,ENAUSDT,-0.000450198259708392,0.3017,0.3017
2024-08-20T16:00:00Z,ENAUSDT,-0.000319181907495035,0.2855,0.2855
2024-08-21T00:00:00Z,ENAUSDT,-0.000297188923917035,0.2931,0.2931
2024-08-21T08:00:00Z,ENAUSDT,-0.000068769299989731,0.2969,0.2969
2024-08-21T16:00:00Z,ENAUSDT,-0.000116103395510328,0.2877,0.2877
2024-08-22T00:00:00Z,ENAUSDT,-0.000108129992074271,0.3027,0.3027
2024-08-22T08:00:00Z,ENAUSDT,-0.00019565291251919,0.3066,0.3066
2024-08-22T16:00:00Z,ENAUSDT,0.000096299846756025,0.2998,0.2998
2024-08-23T00:00:00Z,ENAUSDT,-0.000030520615827553,0.3039,0.3039
2024-08-23T08:00:00Z,ENAUSDT,0.000090086336359582,0.3186,0.3186
2024-08-23T16:00:00Z,ENAUSDT,-0.000041152634369153,0.3349,0.3349
2024-08-24T00:00:00Z,ENAUSDT,0.0001,0.3598,0.3598
2024-08-24T08:00:00Z,ENAUSDT,0.0001,0.3654,0.3654
2024-08-24T16:00:00Z,ENAUSDT,0.0001,0.3728,0.3728
2024-08-25T00:00:00Z,ENAUSDT,0.0001,0.3686,0.3686
2024-08-25T08:00:00Z,ENAUSDT,0.0001,0.353,0.353
2024-08-25T16:00:00Z,ENAUSDT,0.0001,0.356,0.356
2024-08-26T00:00:00Z,ENAUSDT,0.0001,0.3484,0.3484
2024-08-26T08:00:00Z,ENAUSDT,0.0001,0.3363,0.3363
2024-08-26T16:00:00Z,ENAUSDT,0.0001,0.3247,0.3247
2024-08-27T00:00:00Z,ENAUSDT,0.0001,0.3117,0.3117
2024-08-27T08:00:00Z,ENAUSDT,0.0001,0.3063,0.3063
2024-08-27T16:00:00Z,ENAUSDT,0.0001,0.2929,0.2929
2024-08-28T00:00:00Z,ENAUSDT,-0.000148604558661779,0.2711,0.2711
2024-08-28T08:00:00Z,ENAUSDT,-0.000567451256922659,0.2656,0.2656
2024-08-28T16:00:00Z,ENAUSDT,-0.000170688443899905,0.2594,0.2594
2024-08-29T00:00:00Z,ENAUSDT,-0.000292842659451261,0.2539,0.2539
2024-08-29T08:00:00Z,ENAUSDT,0.0001,0.2518,0.2518
2024-08-29T16:00:00Z,ENAUSDT,0.0001,0.2553,0.2553
2024-08-30T00:00:00Z,ENAUSDT,0.0001,0.2412,0.2412
2024-08-30T08:00:00Z,ENAUSDT,0.0001,0.2424,0.2424
2024-08-30T16:00:00Z,ENAUSDT,0.0001,0.2265,0.2265
2024-08-31T00:00:00Z,ENAUSDT,0.0001,0.2412,0.2412
2024-08-31T08:00:00Z,ENAUSDT,0.0001,0.242,0.242
2024-08-31T16:00:00Z,ENAUSDT,0.0001,0.2404,0.2404
2024-09-01T00:00:00Z,ENAUSDT,0.0001,0.2371,0.2371
2024-09-01T08:00:00Z,ENAUSDT,0.0001,0.24,0.24
2024-09-01T16:00:00Z,ENAUSDT,0.0001,0.2342,0.2342
2024-09-02T00:00:00Z,ENAUSDT,0.0001,0.2216,0.2216
2024-09-02T08:00:00Z,ENAUSDT,0.0001,0.2198,0.2198
2024-09-02T16:00:00Z,ENAUSDT,0.0001,0.2342,0.2342
2024-09-03T00:00:00Z,ENAUSDT,0.0001,0.2385,0.2385
2024-09-03T08:00:00Z,ENAUSDT,0.0001,0.2375,0.2375
2024-09-03T16:00:00Z,ENAUSDT,0.0001,0.2211,0.2211
2024-09-04T00:00:00Z,ENAUSDT,0.0001,0.219,0.219
2024-09-04T08:00:00Z,ENAUSDT,0.0001,0.2154,0.2154
2024-09-04T16:00:00Z,ENAUSDT,0.0001,0.2224,0.2224
2024-09-05T00:00:00Z,ENAUSDT,0.0001,0.221,0.221
2024-09-05T08:00:00Z,ENAUSDT,0.0001,0.2139,0.2139
2024-09-05T16:00:00Z,ENAUSDT,0.0001,0.2096,0.2096
2024-09-06T00:00:00Z,ENAUSDT,0.0001,0.2071,0.2071
2024-09-06T08:00:00Z,ENAUSDT,0.0001,0.2073,0.2073
2024-09-06T16:00:00Z,ENAUSDT,0.0001,0.2113,0.2113
2024-09-07T00:00:00Z,ENAUSDT,0.0001,0.2041,0.2041
2024-09-07T08:00:00Z,ENAUSDT,0.0001,0.2103,0.2103
2024-09-07T16:00:00Z,ENAUSDT,0.0001,0.211,0.211
2024-09-08T00:00:00Z,ENAUSDT,0.0001,0.2106,0.2106
2024-09-08T08:00:00Z,ENAUSDT,0.0001,0.215,0.215
2024-09-08T16:00:00Z,ENAUSDT,0.0001,0.2118,0.2118
2024-09-09T00:00:00Z,ENAUSDT,0.0001,0.2198,0.2198
2024-09-09T08:00:00Z,ENAUSDT,0.0001,0.2192,0.2192
2024-09-09T16:00:00Z,ENAUSDT,0.0001,0.2261,0.2261
2024-09-10T00:00:00Z,ENAUSDT,0.0001,0.2342,0.2342
2024-09-10T08:00:00Z,ENAUSDT,0.0001,0.229,0.229
2024-09-10T16:00:00Z,ENAUSDT,0.0001,0.2305,0.2305
2024-09-11T00:00:00Z,ENAUSDT,0.0001,0.228,0.228
2024-09-11T08:00:00Z,ENAUSDT,0.0001,0.2223,0.2223
2024-09-11T16:00:00Z,ENAUSDT,0.0001,0.209,0.209
2024-09-12T00:00:00Z,ENAUSDT,0.0001,0.2112,0.2112
2024-09-12T08:00:00Z,ENAUSDT,0.0001,0.2093,0.2093
2024-09-12T16:00:00Z,ENAUSDT,0.0001,0.2029,0.2029
2024-09-13T00:00:00Z,ENAUSDT,0.0001,0.2117,0.2117
2024-09-13T08:00:00Z,ENAUSDT,0.0001,0.2087,0.2087
2024-09-13T16:00:00Z,ENAUSDT,0.0001,0.214,0.214
2024-09-14T00:00:00Z,ENAUSDT,0.0001,0.2195,0.2195
2024-09-14T08:00:00Z,ENAUSDT,0.0001,0.2227,0.2227
2024-09-14T16:00:00Z,ENAUSDT,0.0001,0.2219,0.2219
2024-09-15T00:00:00Z,ENAUSDT,0.0001,0.222,0.222
2024-09-15T08:00:00Z,ENAUSDT,0.0001,0.2263,0.2263
2024-09-15T16:00:00Z,ENAUSDT,0.0001,0.2252,0.2252
2024-09-16T00:00:00Z,ENAUSDT,0.0001,0.2117,0.2117
2024-09-16T08:00:00Z,ENAUSDT,0.0001,0.213,0.213
2024-09-16T16:00:00Z,ENAUSDT,0.0001,0.212,0.212
2024-09-17T00:00:00Z,ENAUSDT,0.0001,0.2092,0.2092
2024-09-17T08:00:00Z,ENAUSDT,0.0001,0.2149,0.2149
2024-09-17T16:00:00Z,ENAUSDT,0.0001,0.2297,0.2297
2024-09-18T00:00:00Z,ENAUSDT,0.0001,0.2278,0.2278
2024-09-18T08:00:00Z,ENAUSDT,0.0001,0.2322,0.2322
2024-09-18T16:00:00Z,ENAUSDT,0.0001,0.2185,0.2185
2024-09-19T00:00:00Z,ENAUSDT,0.0001,0.2423,0.2423
2024-09-19T08:00:00Z,ENAUSDT,0.0001,0.2508,0.2508
2024-09-19T16:00:00Z,ENAUSDT,0.0001,0.248,0.248
2024-09-20T00:00:00Z,ENAUSDT,0.0001,0.2481,0.2481
2024-09-20T08:00:00Z,ENAUSDT,0.0001,0.2597,0.2597
2024-09-20T16:00:00Z,ENAUSDT,0.0001,0.262,0.262
2024-09-21T00:00:00Z,ENAUSDT,0.0001,0.2597,0.2597
2024-09-21T08:00:00Z,ENAUSDT,0.0001,0.2596,0.2596
2024-09-21T16:00:00Z,ENAUSDT,0.000014290427023174,0.268,0.268
2024-09-22T00:00:00Z,ENAUSDT,0.000045031197581195,0.2876,0.2876
2024-09-22T08:00:00Z,ENAUSDT,0.0001,0.2723,0.2723
2024-09-22T16:00:00Z,ENAUSDT,0.0001,0.2655,0.2655
2024-09-23T00:00:00Z,ENAUSDT,0.0001,0.274,0.274
2024-09-23T08:00:00Z,ENAUSDT,0.0001,0.2778,0.2778
2024-09-23T16:00:00Z,ENAUSDT,0.0001,0.2816,0.2816
2024-09-24T00:00:00Z,ENAUSDT,0.0001,0.2807,0.2807
2024-09-24T08:00:00Z,ENAUSDT,0.0001,0.3026,0.3026
2024-09-24T16:00:00Z,ENAUSDT,0.0001,0.305,0.305
2024-09-25T00:00:00Z,ENAUSDT,0.0001,0.3219,0.3219
2024-09-25T08:00:00Z,ENAUSDT,0.0001,0.3115,0.3115
2024-09-25T16:00:00Z,ENAUSDT,0.0001,0.3091,0.3091
2024-09-26T00:00:00Z,ENAUSDT,0.0001,0.3123,0.3123
2024-09-26T08:00:00Z,ENAUSDT,-0.000168372646825007,0.3206,0.3206
2024-09-26T16:00:00Z,ENAUSDT,-0.000065266155603944,0.3606,0.3606
2024-09-27T00:00:00Z,ENAUSDT,0.0001,0.3637,0.3637
2024-09-27T08:00:00Z,ENAUSDT,0.0001,0.3551,0.3551
2024-09-27T16:00:00Z,ENAUSDT,0.0001,0.3517,0.3517
2024-09-28T00:00:00Z,ENAUSDT,0.0001,0.3596,0.3596
2024-09-28T08:00:00Z,ENAUSDT,0.0001,0.3537,0.3537
2024-09-28T16:00:00Z,ENAUSDT,0.0001,0.3568,0.3568
2024-09-29T00:00:00Z,ENAUSDT,0.0001,0.3685,0.3685
2024-09-29T08:00:00Z,ENAUSDT,0.0001,0.3549,0.3549
2024-09-29T16:00:00Z,ENAUSDT,0.0001,0.3669,0.3669
2024-09-30T00:00:00Z,ENAUSDT,0.0001,0.3882,0.3882
2024-09-30T08:00:00Z,ENAUSDT,0.0001,0.4155,0.4155
2024-09-30T16:00:00Z,ENAUSDT,0.0001,0.3814,0.3814
2024-10-01T00:00:00Z,ENAUSDT,0.0001,0.367,0.367
2024-10-01T08:00:00Z,ENAUSDT,0.0001,0.3818,0.3818
2024-10-01T16:00:00Z,ENAUSDT,0.0001,0.3695,0.3695
2024-10-02T00:00:00Z,ENAUSDT,0.0001,0.3532,0.3532
2024-10-02T08:00:00Z,ENAUSDT,0.0001,0.37,0.37
2024-10-02T16:00:00Z,ENAUSDT,0.0001,0.3443,0.3443
2024-10-03T00:00:00Z,ENAUSDT,0.0001,0.3196,0.3196
2024-10-03T08:00:00Z,ENAUSDT,0.0001,0.3019,0.3019
2024-10-03T16:00:00Z,ENAUSDT,0.0001,0.2917,0.2917
2024-10-04T00:00:00Z,ENAUSDT,-0.000297939279007583,0.2784,0.2784
2024-10-04T08:00:00Z,ENAUSDT,-0.000099038979919095,0.2881,0.2881
2024-10-04T16:00:00Z,ENAUSDT,0.0001,0.2917,0.2917
2024-10-05T00:00:00Z,ENAUSDT,-0.000409342177253429,0.309,0.309
2024-10-05T08:00:00Z,ENAUSDT,-0.000327622165173863,0.2995,0.2995
2024-10-05T16:00:00Z,ENAUSDT,-0.000090248856300049,0.2912,0.2912
2024-10-06T00:00:00Z,ENAUSDT,-0.000392178978654514,0.2857,0.2857
2024-10-06T08:00:00Z,ENAUSDT,-0.000361584309903168,0.284,0.284
2024-10-06T16:00:00Z,ENAUSDT,-0.000088303421828143,0.2918,0.2918
2024-10-07T00:00:00Z,ENAUSDT,0.0001,0.2935,0.2935
2024-10-07T08:00:00Z,ENAUSDT,-0.000409695407452416,0.2954,0.2954
2024-10-07T16:00:00Z,ENAUSDT,-0.000202006943519052,0.2985,0.2985
2024-10-08T00:00:00Z,ENAUSDT,-0.00017874864231882,0.2837,0.2837
2024-10-08T08:00:00Z,ENAUSDT,0.0001,0.2803,0.2803
2024-10-08T16:00:00Z,ENAUSDT,-0.000145044399400279,0.2725,0.2725
2024-10-09T00:00:00Z,ENAUSDT,-0.000780247548516846,0.2818,0.2818
2024-10-09T08:00:00Z,ENAUSDT,-0.000853087747909978,0.2814,0.2814
2024-10-09T16:00:00Z,ENAUSDT,-0.000359024079549026,0.2828,0.2828
2024-10-10T00:00:00Z,ENAUSDT,-0.001378287712854245,0.2662,0.2662
2024-10-10T08:00:00Z,ENAUSDT,-0.000412942299686625,0.274,0.274
2024-10-10T16:00:00Z,ENAUSDT,-0.000582267578682885,0.2703,0.2703
2024-10-11T00:00:00Z,ENAUSDT,-0.000218467210032962,0.2703,0.2703
2024-10-11T08:00:00Z,ENAUSDT,0.000084717064326311,0.2694,0.2694
2024-10-11T16:00:00Z,ENAUSDT,-0.00019358215960674,0.3248,0.3248
2024-10-12T00:00:00Z,ENAUSDT,-0.000005173110268852,0.3427,0.3427
2024-10-12T08:00:00Z,ENAUSDT,-0.000030997528421716,0.3341,0.3341
2024-10-12T16:00:00Z,ENAUSDT,0.0001,0.331,0.331
2024-10-13T00:00:00Z,ENAUSDT,0.0001,0.3289,0.3289
2024-10-13T08:00:00Z,ENAUSDT,0.000071307555061126,0.3336,0.3336
2024-10-13T16:00:00Z,ENAUSDT,-0.000121085925730429,0.3451,0.3451
2024-10-14T00:00:00Z,ENAUSDT,0.000065382876160575,0.3561,0.3561
2024-10-14T08:00:00Z,ENAUSDT,-0.00034474241343049,0.3973,0.3973
2024-10-14T16:00:00Z,ENAUSDT,-0.00001911430032534,0.4217,0.4217
2024-10-15T00:00:00Z,ENAUSDT,0.000028879778828199,0.4088,0.4088
2024-10-15T08:00:00Z,ENAUSDT,-0.000508173103744923,0.4449,0.4449
2024-10-15T16:00:00Z,ENAUSDT,-0.000603638250173333,0.4287,0.4287
2024-10-16T00:00:00Z,ENAUSDT,-0.000309925739765648,0.4271,0.4271
2024-10-16T08:00:00Z,ENAUSDT,-0.000373675382693551,0.4185,0.4185
2024-10-16T16:00:00Z,ENAUSDT,0.0001,0.3881,0.3881
2024-10-17T00:00:00Z,ENAUSDT,0.0001,0.3975,0.3975
2024-10-17T08:00:00Z,ENAUSDT,0.0001,0.4013,0.4013
2024-10-17T16:00:00Z,ENAUSDT,0.0001,0.4005,0.4005
2024-10-18T00:00:00Z,ENAUSDT,-0.000177147833404699,0.3748,0.3748
2024-10-18T08:00:00Z,ENAUSDT,-0.001049581421551821,0.3966,0.3966
2024-10-18T16:00:00Z,ENAUSDT,-0.000820003474430394,0.4329,0.4329
2024-10-19T00:00:00Z,ENAUSDT,-0.001095892210239706,0.4127,0.4127
2024-10-19T08:00:00Z,ENAUSDT,-0.00050456063058941,0.4112,0.4112
2024-10-19T16:00:00Z,ENAUSDT,0.000051016289275167,0.3971,0.3971
2024-10-20T00:00:00Z,ENAUSDT,0.000096025220269643,0.4004,0.4004
2024-10-20T08:00:00Z,ENAUSDT,0.000019344257418844,0.3977,0.3977
2024-10-20T16:00:00Z,ENAUSDT,-0.000099473347820889,0.4056,0.4056
2024-10-21T00:00:00Z,ENAUSDT,0.0001,0.4114,0.4114
2024-10-21T08:00:00Z,ENAUSDT,-0.000562988454586324,0.4025,0.4025
2024-10-21T16:00:00Z,ENAUSDT,0.000081709030782547,0.394,0.394
2024-10-22T00:00:00Z,ENAUSDT,-0.000087968056596258,0.3901,0.3901
2024-10-22T08:00:00Z,ENAUSDT,0.0001,0.3877,0.3877
2024-10-22T16:00:00Z,ENAUSDT,0.0001,0.3841,0.3841
2024-10-23T00:00:00Z,ENAUSDT,0.0001,0.3863,0.3863
2024-10-23T08:00:00Z,ENAUSDT,0.0001,0.3716,0.3716
2024-10-23T16:00:00Z,ENAUSDT,0.0001,0.3694,0.3694
2024-10-24T00:00:00Z,ENAUSDT,0.0001,0.3691,0.3691
2024-10-24T08:00:00Z,ENAUSDT,0.0001,0.373,0.373
2024-10-24T16:00:00Z,ENAUSDT,0.0001,0.3923,0.3923
2024-10-25T00:00:00Z,ENAUSDT,0.0001,0.3906,0.3906
2024-10-25T08:00:00Z,ENAUSDT,0.0001,0.3701,0.3701
2024-10-25T16:00:00Z,ENAUSDT,0.0001,0.3742,0.3742
2024-10-26T00:00:00Z,ENAUSDT,-0.000278510547794774,0.3483,0.3483
2024-10-26T08:00:00Z,ENAUSDT,-0.000123909316973536,0.3522,0.3522
2024-10-26T16:00:00Z,ENAUSDT,0.000026311089545903,0.3472,0.3472
2024-10-27T00:00:00Z,ENAUSDT,0.0001,0.3571,0.3571
2024-10-27T08:00:00Z,ENAUSDT,0.0001,0.3518,0.3518
2024-10-27T16:00:00Z,ENAUSDT,0.0001,0.3538,0.3538
2024-10-28T00:00:00Z,ENAUSDT,-0.000203090549110158,0.3614,0.3614
2024-10-28T08:00:00Z,ENAUSDT,-0.000013138032412539,0.3347,0.3347
2024-10-28T16:00:00Z,ENAUSDT,-0.00037087264960834,0.3309,0.3309
2024-10-29T00:00:00Z,ENAUSDT,-0.000229710710558874,0.3705,0.3705
2024-10-29T08:00:00Z,ENAUSDT,-0.000389695887076122,0.3842,0.3842
2024-10-29T16:00:00Z,ENAUSDT,-0.000115660282731655,0.3792,0.3792
2024-10-30T00:00:00Z,ENAUSDT,-0.000084808621902069,0.3798,0.3798
2024-10-30T08:00:00Z,ENAUSDT,-0.000456167391064085,0.3873,0.3873
2024-10-30T16:00:00Z,ENAUSDT,-0.000195266633404627,0.3723,0.3723
2024-10-31T00:00:00Z,ENAUSDT,-0.00035241351120157,0.3607,0.3607
2024-10-31T08:00:00Z,ENAUSDT,0.00003378625161182,0.3562,0.3562
2024-10-31T16:00:00Z,ENAUSDT,0.0001,0.3569,0.3569
2024-11-01T00:00:00Z,ENAUSDT,-0.000982274895415134,0.3619,0.3619
2024-11-01T08:00:00Z,ENAUSDT,-0.000589600957058814,0.35,0.35
2024-11-01T16:00:00Z,ENAUSDT,-0.000242032402239989,0.3685,0.3685
2024-11-02T00:00:00Z,ENAUSDT,-0.000627514398909172,0.3676,0.3676
2024-11-02T08:00:00Z,ENAUSDT,-0.000499293280570197,0.3659,0.3659
2024-11-02T16:00:00Z,ENAUSDT,-0.000602955841410602,0.3541,0.3541
2024-11-03T00:00:00Z,ENAUSDT,-0.00076946217836206,0.3611,0.3611
2024-11-03T08:00:00Z,ENAUSDT,-0.001236693373576776,0.3517,0.3517
2024-11-03T16:00:00Z,ENAUSDT,-0.000255971533160721,0.3237,0.3237
2024-11-04T00:00:00Z,ENAUSDT,-0.000153903472987357,0.3363,0.3363
2024-11-04T08:00:00Z,ENAUSDT,-0.000076295374300407,0.3403,0.3403
2024-11-04T16:00:00Z,ENAUSDT,-0.000528494457598396,0.3485,0.3485
2024-11-05T00:00:00Z,ENAUSDT,-0.000294877700834187,0.3292,0.3292
2024-11-05T08:00:00Z,ENAUSDT,0.000039274129785677,0.3444,0.3444
2024-11-05T16:00:00Z,ENAUSDT,0.0001,0.358,0.358
2024-11-06T00:00:00Z,ENAUSDT,0.000060284436945969,0.3507,0.3507
2024-11-06T08:00:00Z,ENAUSDT,0.0001,0.4014,0.4014
2024-11-06T16:00:00Z,ENAUSDT,0.0001,0.4224,0.4224
2024-11-07T00:00:00Z,ENAUSDT,0.0001,0.4843,0.4843
2024-11-07T08:00:00Z,ENAUSDT,-0.000277375414817809,0.5368,0.5368
2024-11-07T16:00:00Z,ENAUSDT,0.0001,0.5105,0.5105
2024-11-08T00:00:00Z,ENAUSDT,0.0001,0.5074,0.5074
2024-11-08T08:00:00Z,ENAUSDT,0.0001,0.4845,0.4845
2024-11-08T16:00:00Z,ENAUSDT,0.0001,0.4964,0.4964
2024-11-09T00:00:00Z,ENAUSDT,-0.000491993811233092,0.495,0.495
2024-11-09T08:00:00Z,ENAUSDT,0.0001,0.5031,0.5031
2024-11-09T16:00:00Z,ENAUSDT,-0.0000088285056382,0.5082,0.5082
2024-11-10T00:00:00Z,ENAUSDT,0.0001,0.5471,0.5471
2024-11-10T08:00:00Z,ENAUSDT,-0.000115162636144316,0.5565,0.5565
2024-11-10T16:00:00Z,ENAUSDT,0.000051633952801363,0.5482,0.5482
2024-11-11T00:00:00Z,ENAUSDT,0.0001,0.5542,0.5542
2024-11-11T08:00:00Z,ENAUSDT,0.0001,0.5645,0.5645
2024-11-11T16:00:00Z,ENAUSDT,0.0001,0.6305,0.6305
2024-11-12T00:00:00Z,ENAUSDT,0.0001,0.6346,0.6346
2024-11-12T08:00:00Z,ENAUSDT,0.0001,0.6176,0.6176
2024-11-12T16:00:00Z,ENAUSDT,0.0001,0.5989,0.5989
2024-11-13T00:00:00Z,ENAUSDT,0.0001,0.5931,0.5931
2024-11-13T08:00:00Z,ENAUSDT,0.0001,0.5475,0.5475
2024-11-13T16:00:00Z,ENAUSDT,0.0001,0.6179,0.6179
2024-11-14T00:00:00Z,ENAUSDT,0.0001,0.5904,0.5904
2024-11-14T08:00:00Z,ENAUSDT,0.0001,0.5718,0.5718
2024-11-14T16:00:00Z,ENAUSDT,0.0001,0.54,0.54
2024-11-15T00:00:00Z,ENAUSDT,0.0001,0.539,0.539
2024-11-15T08:00:00Z,ENAUSDT,0.0001,0.5478,0.5478
2024-11-15T16:00:00Z,ENAUSDT,0.0001,0.5384,0.5384
2024-11-16T00:00:00Z,ENAUSDT,0.0001,0.536,0.536
2024-11-16T08:00:00Z,ENAUSDT,0.0001,0.5505,0.5505
2024-11-16T16:00:00Z,ENAUSDT,0.0001,0.5275,0.5275
2024-11-17T00:00:00Z,ENAUSDT,0.0001,0.5539,0.5539
2024-11-17T08:00:00Z,ENAUSDT,0.0001,0.5963,0.5963
2024-11-17T16:00:00Z,ENAUSDT,0.0001,0.5629,0.5629
2024-11-18T00:00:00Z,ENAUSDT,0.0001,0.5519,0.5519
2024-11-18T08:00:00Z,ENAUSDT,0.0001,0.5651,0.5651
2024-11-18T16:00:00Z,ENAUSDT,0.0001,0.6254,0.6254
2024-11-19T00:00:00Z,ENAUSDT,0.0001,0.5805,0.5805
2024-11-19T08:00:00Z,ENAUSDT,0.0001,0.5606,0.5606
2024-11-19T16:00:00Z,ENAUSDT,0.0001,0.5541,0.5541
2024-11-20T00:00:00Z,ENAUSDT,0.0001,0.535,0.535
2024-11-20T08:00:00Z,ENAUSDT,0.0001,0.5311,0.5311
2024-11-20T16:00:00Z,ENAUSDT,0.0001,0.542,0.542
2024-11-21T00:00:00Z,ENAUSDT,0.0001,0.5161,0.5161
2024-11-21T08:00:00Z,ENAUSDT,0.0001,0.5253,0.5253
2024-11-21T16:00:00Z,ENAUSDT,0.0001,0.58,0.58
2024-11-22T00:00:00Z,ENAUSDT,0.0001,0.5917,0.5917
2024-11-22T08:00:00Z,ENAUSDT,0.0001,0.5911,0.5911
2024-11-22T16:00:00Z,ENAUSDT,0.0001,0.5898,0.5898
2024-11-23T00:00:00Z,ENAUSDT,0.0001,0.5967,0.5967
2024-11-23T08:00:00Z,ENAUSDT,0.0001,0.6469,0.6469
2024-11-23T16:00:00Z,ENAUSDT,0.0001,0.6643,0.6643
2024-11-24T00:00:00Z,ENAUSDT,0.0001,0.669,0.669
2024-11-24T08:00:00Z,ENAUSDT,0.0001,0.6435,0.6435
2024-11-24T16:00:00Z,ENAUSDT,0.0001,0.6129,0.6129
2024-11-25T00:00:00Z,ENAUSDT,0.0001,0.6804,0.6804
2024-11-25T08:00:00Z,ENAUSDT,0.0001,0.6535,0.6535
2024-11-25T16:00:00Z,ENAUSDT,0.0001,0.6588,0.6588
2024-11-26T00:00:00Z,ENAUSDT,0.0001,0.6328,0.6328
2024-11-26T08:00:00Z,ENAUSDT,0.0001,0.6029,0.6029
2024-11-26T16:00:00Z,ENAUSDT,0.0001,0.5962,0.5962
2024-11-27T00:00:00Z,ENAUSDT,0.0001,0.6003,0.6003
2024-11-27T08:00:00Z,ENAUSDT,0.0001,0.6312,0.6312
2024-11-27T16:00:00Z,ENAUSDT,0.0001,0.6656,0.6656
2024-11-28T00:00:00Z,ENAUSDT,0.0001,0.7088,0.7088
2024-11-28T08:00:00Z,ENAUSDT,0.0001,0.7097,0.7097
2024-11-28T16:00:00Z,ENAUSDT,0.0001,0.6919,0.6919
2024-11-29T00:00:00Z,ENAUSDT,0.0001,0.7079,0.7079
2024-11-29T08:00:00Z,ENAUSDT,0.0001,0.6955,0.6955
2024-11-29T16:00:00Z,ENAUSDT,0.0001,0.7231,0.7231
2024-11-30T00:00:00Z,ENAUSDT,0.0001,0.7897,0.7897
2024-11-30T08:00:00Z,ENAUSDT,0.0001,0.8152,0.8152
2024-11-30T16:00:00Z,ENAUSDT,0.0001,0.7776,0.7776
2024-12-01T00:00:00Z,ENAUSDT,0.0001,0.8433,0.8433
2024-12-01T08:00:00Z,ENAUSDT,0.0001,0.8339,0.8339
2024-12-01T16:00:00Z,ENAUSDT,0.0001,0.8272,0.8272
2024-12-02T00:00:00Z,ENAUSDT,0.0001,0.825,0.825
2024-12-02T08:00:00Z,ENAUSDT,0.0001,0.831,0.831
2024-12-02T16:00:00Z,ENAUSDT,0.0001,0.8572,0.8572
2024-12-03T00:00:00Z,ENAUSDT,0.0001,0.839,0.839
2024-12-03T08:00:00Z,ENAUSDT,0.0001,0.8254,0.8254
2024-12-03T16:00:00Z,ENAUSDT,0.0001,0.8094,0.8094
2024-12-04T00:00:00Z,ENAUSDT,0.0001,0.8089,0.8089
2024-12-04T08:00:00Z,ENAUSDT,0.0001,0.8551,0.8551
2024-12-04T16:00:00Z,ENAUSDT,0.0001,0.9274,0.9274
2024-12-05T00:00:00Z,ENAUSDT,0.0001,0.9056,0.9056
2024-12-05T08:00:00Z,ENAUSDT,0.0001,0.9492,0.9492
2024-12-05T16:00:00Z,ENAUSDT,0.0001,0.9229,0.9229
2024-12-06T00:00:00Z,ENAUSDT,0.0001,0.9595,0.9595
2024-12-06T08:00:00Z,ENAUSDT,0.0001,1.0362,1.0362
2024-12-06T16:00:00Z,ENAUSDT,0.0001,1.0249,1.0249
2024-12-07T00:00:00Z,ENAUSDT,0.0001,1.0524,1.0524
2024-12-07T08:00:00Z,ENAUSDT,0.0001,1.1187,1.1187
2024-12-07T16:00:00Z,ENAUSDT,0.0001,1.0511,1.0511
2024-12-08T00:00:00Z,ENAUSDT,0.0001,1.0505,1.0505
2024-12-08T08:00:00Z,ENAUSDT,0.0001,1.0332,1.0332
2024-12-08T16:00:00Z,ENAUSDT,0.0001,1.0095,1.0095
2024-12-09T00:00:00Z,ENAUSDT,0.0001,1.0285,1.0285
2024-12-09T08:00:00Z,ENAUSDT,0.0001,0.9656,0.9656
2024-12-09T16:00:00Z,ENAUSDT,0.0001,0.9672,0.9672
2024-12-10T00:00:00Z,ENAUSDT,0.0001,1.0032,1.0032
2024-12-10T08:00:00Z,ENAUSDT,0.0001,0.9811,0.9811
2024-12-10T16:00:00Z,ENAUSDT,0.0001,0.8989,0.8989
2024-12-11T00:00:00Z,ENAUSDT,0.0001,0.9012,0.9012
2024-12-11T08:00:00Z,ENAUSDT,0.0001,0.9118,0.9118
2024-12-11T16:00:00Z,ENAUSDT,0.0001,0.9997,0.9997
2024-12-12T00:00:00Z,ENAUSDT,0.0001,1.0435,1.0435
2024-12-12T08:00:00Z,ENAUSDT,0.0001,1.1033,1.1033
2024-12-12T16:00:00Z,ENAUSDT,0.0001,1.0887,1.0887
2024-12-13T00:00:00Z,ENAUSDT,0.0001,1.0395,1.0395
2024-12-13T08:00:00Z,ENAUSDT,0.0001,1.0311,1.0311
2024-12-13T16:00:00Z,ENAUSDT,0.0001,0.9906,0.9906
2024-12-14T00:00:00Z,ENAUSDT,0.0001,0.9948,0.9948
2024-12-14T08:00:00Z,ENAUSDT,0.0001,0.9999,0.9999
2024-12-14T16:00:00Z,ENAUSDT,0.0001,0.9865,0.9865
2024-12-15T00:00:00Z,ENAUSDT,0.0001,1.131,1.131
2024-12-15T08:00:00Z,ENAUSDT,0.0001,1.132,1.132
2024-12-15T16:00:00Z,ENAUSDT,0.000026606119833333,1.2083,1.2083
2024-12-16T00:00:00Z,ENAUSDT,-0.000305186236488112,1.2499,1.2499
2024-12-16T08:00:00Z,ENAUSDT,-0.000177559828177015,1.2428,1.2428
2024-12-16T16:00:00Z,ENAUSDT,-0.000038040403591222,1.1974,1.1974
2024-12-17T00:00:00Z,ENAUSDT,0.0001,1.1812,1.1812
2024-12-17T08:00:00Z,ENAUSDT,0.0001,1.1714,1.1714
2024-12-17T16:00:00Z,ENAUSDT,0.0001,1.125,1.125
2024-12-18T00:00:00Z,ENAUSDT,0.0001,1.113,1.113
2024-12-18T08:00:00Z,ENAUSDT,0.0001,1.0663,1.0663
2024-12-18T16:00:00Z,ENAUSDT,0.0001,1.0536,1.0536
2024-12-19T00:00:00Z,ENAUSDT,-0.000670983272887581,1.0715,1.0715
2024-12-19T08:00:00Z,ENAUSDT,-0.000999988310162951,1.1635,1.1635
2024-12-19T16:00:00Z,ENAUSDT,-0.000667436067403184,1.0381,1.0381
2024-12-20T00:00:00Z,ENAUSDT,-0.000389866995090025,0.9544,0.9544
2024-12-20T08:00:00Z,ENAUSDT,-0.000321596254094461,0.8864,0.8864
2024-12-20T16:00:00Z,ENAUSDT,-0.001152707271865567,1.001,1.001
2024-12-21T00:00:00Z,ENAUSDT,-0.004058713478725165,1.1776,1.1776
2024-12-21T08:00:00Z,ENAUSDT,-0.000542803244019389,1.1848,1.1848
2024-12-21T16:00:00Z,ENAUSDT,-0.000312281336802031,1.0723,1.0723
2024-12-22T00:00:00Z,ENAUSDT,-0.000118393023892346,1.007,1.007
2024-12-22T08:00:00Z,ENAUSDT,-0.001279802227493731,1.0243,1.0243
2024-12-22T16:00:00Z,ENAUSDT,-0.001394323114535321,1.0196,1.0196
2024-12-23T00:00:00Z,ENAUSDT,-0.000689916732866867,1.0265,1.0265
2024-12-23T08:00:00Z,ENAUSDT,-0.001086821424548082,1.0322,1.0322
2024-12-23T16:00:00Z,ENAUSDT,-0.000544378396150033,0.9936,0.9936
2024-12-24T00:00:00Z,ENAUSDT,-0.00016867073950449,1.0765,1.0765
2024-12-24T08:00:00Z,ENAUSDT,-0.00035513436186271,1.0329,1.0329
2024-12-24T16:00:00Z,ENAUSDT,-0.000440623338518158,1.0775,1.0775
2024-12-25T00:00:00Z,ENAUSDT,0.000062117122165522,1.0521,1.0521
2024-12-25T08:00:00Z,ENAUSDT,-0.000131750911800408,1.0269,1.0269
2024-12-25T16:00:00Z,ENAUSDT,-0.000262685857859807,1.0287,1.0287
2024-12-26T00:00:00Z,ENAUSDT,-0.000497554661508876,1.0261,1.0261
2024-12-26T08:00:00Z,ENAUSDT,0.0001,0.9809,0.9809
2024-12-26T16:00:00Z,ENAUSDT,0.0001,0.9333,0.9333
2024-12-27T00:00:00Z,ENAUSDT,0.0001,0.9266,0.9266
2024-12-27T08:00:00Z,ENAUSDT,0.0001,0.9373,0.9373
2024-12-27T16:00:00Z,ENAUSDT,0.0001,0.9223,0.9223
2024-12-28T00:00:00Z,ENAUSDT,0.0001,0.906,0.906
2024-12-28T08:00:00Z,ENAUSDT,0.0001,0.8831,0.8831
2024-12-28T16:00:00Z,ENAUSDT,0.0001,0.9161,0.9161
2024-12-29T00:00:00Z,ENAUSDT,0.0001,0.9477,0.9477
2024-12-29T08:00:00Z,ENAUSDT,0.0001,0.9715,0.9715
2024-12-29T16:00:00Z,ENAUSDT,0.0001,0.9464,0.9464
2024-12-30T00:00:00Z,ENAUSDT,0.0001,0.9416,0.9416
2024-12-30T08:00:00Z,ENAUSDT,0.0001,1.0076,1.0076
2024-12-30T16:00:00Z,ENAUSDT,0.0001,0.9486,0.9486
2024-12-31T00:00:00Z,ENAUSDT,0.0001,0.9532,0.9532
2024-12-31T08:00:00Z,ENAUSDT,0.0001,0.9266,0.9266
2024-12-31T16:00:00Z,ENAUSDT,0.0001,0.9394,0.9394
2025-01-01T00:00:00Z,ENAUSDT,0.0001,0.9089,0.9089
2025-01-01T08:00:00Z,ENAUSDT,0.0001,0.9174,0.9174
2025-01-01T16:00:00Z,ENAUSDT,0.0001,0.939,0.939
2025-01-02T00:00:00Z,ENAUSDT,0.0001,0.96,0.96
2025-01-02T08:00:00Z,ENAUSDT,0.0001,1.0132,1.0132
2025-01-02T16:00:00Z,ENAUSDT,0.0001,1.0494,1.0494
2025-01-03T00:00:00Z,ENAUSDT,0.0001,1.0327,1.0327
2025-01-03T08:00:00Z,ENAUSDT,0.0001,1.0243,1.0243
2025-01-03T16:00:00Z,ENAUSDT,0.0001,1.1969,1.1969
2025-01-04T00:00:00Z,ENAUSDT,0.0001,1.2161,1.2161
2025-01-04T08:00:00Z,ENAUSDT,0.0001,1.1873,1.1873
2025-01-04T16:00:00Z,ENAUSDT,0.0001,1.2662,1.2662
2025-01-05T00:00:00Z,ENAUSDT,0.0001,1.2327,1.2327
2025-01-05T08:00:00Z,ENAUSDT,0.0001,1.2073,1.2073
2025-01-05T16:00:00Z,ENAUSDT,0.0001,1.2809,1.2809
2025-01-06T00:00:00Z,ENAUSDT,0.0001,1.2606,1.2606
2025-01-06T08:00:00Z,ENAUSDT,0.0001,1.2126,1.2126
2025-01-06T16:00:00Z,ENAUSDT,0.0001,1.2297,1.2297
2025-01-07T00:00:00Z,ENAUSDT,0.0001,1.1712,1.1712
2025-01-07T08:00:00Z,ENAUSDT,0.0001,1.1578,1.1578
2025-01-07T16:00:00Z,ENAUSDT,0.0001,1.109,1.109
2025-01-08T00:00:00Z,ENAUSDT,0.0001,1.0372,1.0372
2025-01-08T08:00:00Z,ENAUSDT,0.0001,0.9854,0.9854
2025-01-08T16:00:00Z,ENAUSDT,0.0001,0.9593,0.9593
2025-01-09T00:00:00Z,ENAUSDT,-0.000363667980640976,0.9743,0.9743
2025-01-09T08:00:00Z,ENAUSDT,0.0001,0.9071,0.9071
2025-01-09T16:00:00Z,ENAUSDT,0.0001,0.9348,0.9348
2025-01-10T00:00:00Z,ENAUSDT,0.0001,0.9009,0.9009
2025-01-10T08:00:00Z,ENAUSDT,-0.000074885512039863,0.9493,0.9493
2025-01-10T16:00:00Z,ENAUSDT,0.0001,0.906,0.906
2025-01-11T00:00:00Z,ENAUSDT,0.0001,0.911,0.911
2025-01-11T08:00:00Z,ENAUSDT,0.0001,0.8871,0.8871
2025-01-11T16:00:00Z,ENAUSDT,0.0001,0.8937,0.8937
2025-01-12T00:00:00Z,ENAUSDT,0.0001,0.9085,0.9085
2025-01-12T08:00:00Z,ENAUSDT,0.0001,0.8932,0.8932
2025-01-12T16:00:00Z,ENAUSDT,0.0001,0.9165,0.9165
2025-01-13T00:00:00Z,ENAUSDT,0.0001,0.8773,0.8773
2025-01-13T08:00:00Z,ENAUSDT,0.0001,0.8127,0.8127
2025-01-13T16:00:00Z,ENAUSDT,0.0001,0.8121,0.8121
2025-01-14T00:00:00Z,ENAUSDT,0.0001,0.8,0.8
2025-01-14T08:00:00Z,ENAUSDT,0.0001,0.8028,0.8028
2025-01-14T16:00:00Z,ENAUSDT,0.0001,0.8348,0.8348
2025-01-15T00:00:00Z,ENAUSDT,0.0001,0.8358,0.8358
2025-01-15T08:00:00Z,ENAUSDT,0.0001,0.8203,0.8203
2025-01-15T16:00:00Z,ENAUSDT,0.0001,0.8905,0.8905
2025-01-16T00:00:00Z,ENAUSDT,0.0001,0.9427,0.9427
2025-01-16T08:00:00Z,ENAUSDT,0.0001,0.9071,0.9071
2025-01-16T16:00:00Z,ENAUSDT,0.0001,0.9094,0.9094
2025-01-17T00:00:00Z,ENAUSDT,0.0001,0.9109,0.9109
2025-01-17T08:00:00Z,ENAUSDT,0.0001,0.9279,0.9279
2025-01-17T16:00:00Z,ENAUSDT,0.0001,0.956,0.956
2025-01-18T00:00:00Z,ENAUSDT,0.0001,0.9634,0.9634
2025-01-18T08:00:00Z,ENAUSDT,0.0001,0.868,0.868
2025-01-18T16:00:00Z,ENAUSDT,0.0001,0.8832,0.8832
2025-01-19T00:00:00Z,ENAUSDT,-0.000043380793426693,0.8828,0.8828
2025-01-19T08:00:00Z,ENAUSDT,0.0001,0.8757,0.8757
2025-01-19T16:00:00Z,ENAUSDT,0.0001,0.9121,0.9121
2025-01-20T00:00:00Z,ENAUSDT,0.0001,0.846,0.846
2025-01-20T08:00:00Z,ENAUSDT,0.0001,0.9183,0.9183
2025-01-20T16:00:00Z,ENAUSDT,0.0001,0.9423,0.9423
2025-01-21T00:00:00Z,ENAUSDT,-0.000282534605856952,0.8768,0.8768
2025-01-21T08:00:00Z,ENAUSDT,-0.000436048150495851,0.8635,0.8635
2025-01-21T16:00:00Z,ENAUSDT,0.0001,0.871,0.871
2025-01-22T00:00:00Z,ENAUSDT,0.0001,0.9333,0.9333
2025-01-22T08:00:00Z,ENAUSDT,0.0001,0.9303,0.9303
2025-01-22T16:00:00Z,ENAUSDT,0.0001,0.8879,0.8879
2025-01-23T00:00:00Z,ENAUSDT,0.000044888712216126,0.8535,0.8535
2025-01-23T08:00:00Z,ENAUSDT,-0.000362071879524534,0.8444,0.8444
2025-01-23T16:00:00Z,ENAUSDT,0.0001,0.8444,0.8444
2025-01-24T00:00:00Z,ENAUSDT,-0.0000812539477922,0.85,0.85
2025-01-24T08:00:00Z,ENAUSDT,0.0001,0.8974,0.8974
2025-01-24T16:00:00Z,ENAUSDT,0.0001,0.8904,0.8904
2025-01-25T00:00:00Z,ENAUSDT,0.0001,0.8432,0.8432
2025-01-25T08:00:00Z,ENAUSDT,0.0001,0.8325,0.8325
2025-01-25T16:00:00Z,ENAUSDT,0.0001,0.8625,0.8625
2025-01-26T00:00:00Z,ENAUSDT,0.0001,0.855,0.855
2025-01-26T08:00:00Z,ENAUSDT,0.0001,0.852,0.852
2025-01-26T16:00:00Z,ENAUSDT,-0.000026397158187311,0.8297,0.8297
2025-01-27T00:00:00Z,ENAUSDT,-0.000182894875521753,0.7735,0.7735
2025-01-27T08:00:00Z,ENAUSDT,0.000051929068153131,0.7219,0.7219
2025-01-27T16:00:00Z,ENAUSDT,-0.000345627607364463,0.7438,0.7438
2025-01-28T00:00:00Z,ENAUSDT,0.0001,0.7508,0.7508
2025-01-28T08:00:00Z,ENAUSDT,0.000071600271310524,0.7337,0.7337
2025-01-28T16:00:00Z,ENAUSDT,0.0001,0.7249,0.7249
2025-01-29T00:00:00Z,ENAUSDT,0.0001,0.6565,0.6565
2025-01-29T08:00:00Z,ENAUSDT,0.0001,0.7058,0.7058
2025-01-29T16:00:00Z,ENAUSDT,0.0001,0.6789,0.6789
2025-01-30T00:00:00Z,ENAUSDT,0.0001,0.6827,0.6827
2025-01-30T08:00:00Z,ENAUSDT,0.0001,0.7327,0.7327
2025-01-30T16:00:00Z,ENAUSDT,0.0001,0.7731,0.7731
2025-01-31T00:00:00Z,ENAUSDT,0.0001,0.7598,0.7598
2025-01-31T08:00:00Z,ENAUSDT,0.0001,0.7822,0.7822
2025-01-31T16:00:00Z,ENAUSDT,0.0001,0.8145,0.8145
2025-02-01T00:00:00Z,ENAUSDT,0.0001,0.7623,0.7623
2025-02-01T08:00:00Z,ENAUSDT,0.0001,0.751,0.751
2025-02-01T16:00:00Z,ENAUSDT,0.0001,0.72,0.72
2025-02-02T00:00:00Z,ENAUSDT,0.0001,0.6737,0.6737
2025-02-02T08:00:00Z,ENAUSDT,0.000071225908381646,0.6639,0.6639
2025-02-02T16:00:00Z,ENAUSDT,0.0001,0.6474,0.6474
2025-02-03T00:00:00Z,ENAUSDT,0.0001,0.5765,0.5765
2025-02-03T08:00:00Z,ENAUSDT,0.0001,0.6019,0.6019
2025-02-03T16:00:00Z,ENAUSDT,0.0001,0.645,0.645
2025-02-04T00:00:00Z,ENAUSDT,-0.000365906848944453,0.6765,0.6765
2025-02-04T08:00:00Z,ENAUSDT,0.0001,0.6048,0.6048
2025-02-04T16:00:00Z,ENAUSDT,0.000072449430966925,0.649,0.649
2025-02-05T00:00:00Z,ENAUSDT,0.0001,0.6061,0.6061
2025-02-05T08:00:00Z,ENAUSDT,0.0001,0.586,0.586
2025-02-05T16:00:00Z,ENAUSDT,0.0001,0.577,0.577
2025-02-06T00:00:00Z,ENAUSDT,0.0001,0.5478,0.5478
2025-02-06T08:00:00Z,ENAUSDT,0.0001,0.548,0.548
2025-02-06T16:00:00Z,ENAUSDT,0.0001,0.5079,0.5079
2025-02-07T00:00:00Z,ENAUSDT,0.000079743331787127,0.4709,0.4709
2025-02-07T08:00:00Z,ENAUSDT,-0.000274895334989761,0.4868,0.4868
2025-02-07T12:00:00Z,ENAUSDT,-0.001112138941448026,0.5288,0.5288
2025-02-07T16:00:00Z,ENAUSDT,-0.000198588063600874,0.5138,0.5138
2025-02-07T20:00:00Z,ENAUSDT,-0.000227207020820198,0.5095,0.5095
2025-02-08T00:00:00Z,ENAUSDT,-0.000132306270308144,0.4913,0.4913
2025-02-08T04:00:00Z,ENAUSDT,-0.000207327648932986,0.4803,0.4803
2025-02-08T08:00:00Z,ENAUSDT,-0.000523497631642816,0.5001,0.5001
2025-02-08T12:00:00Z,ENAUSDT,-0.000758487841277938,0.4987,0.4987
2025-02-08T16:00:00Z,ENAUSDT,-0.000786502217739462,0.5033,0.5033
2025-02-08T20:00:00Z,ENAUSDT,-0.00043961468311528,0.5281,0.5281
2025-02-09T00:00:00Z,ENAUSDT,-0.000253247743339284,0.5224,0.5224
2025-02-09T04:00:00Z,ENAUSDT,-0.000255421538869676,0.5353,0.5353
2025-02-09T08:00:00Z,ENAUSDT,-0.000421623620462843,0.5077,0.5077
2025-02-09T12:00:00Z,ENAUSDT,-0.000289530401770678,0.4975,0.4975
2025-02-09T16:00:00Z,ENAUSDT,-0.000354285231579394,0.4904,0.4904
2025-02-09T20:00:00Z,ENAUSDT,-0.00076185075440146,0.4766,0.4766
2025-02-10T00:00:00Z,ENAUSDT,-0.000343454506489168,0.4772,0.4772
2025-02-10T04:00:00Z,ENAUSDT,-0.000396576052895806,0.4878,0.4878
2025-02-10T08:00:00Z,ENAUSDT,-0.00029468819220348,0.4813,0.4813
2025-02-10T12:00:00Z,ENAUSDT,-0.000561031889706918,0.485,0.485
2025-02-10T16:00:00Z,ENAUSDT,-0.000383453439479688,0.4849,0.4849
2025-02-10T20:00:00Z,ENAUSDT,-0.000461625693149788,0.4836,0.4836
2025-02-11T00:00:00Z,ENAUSDT,-0.000496687274187022,0.4766,0.4766
2025-02-11T04:00:00Z,ENAUSDT,-0.000268586888072076,0.4752,0.4752
2025-02-11T08:00:00Z,ENAUSDT,-0.000014625037699428,0.493,0.493
2025-02-11T12:00:00Z,ENAUSDT,-0.000219843790817034,0.4855,0.4855
2025-02-11T16:00:00Z,ENAUSDT,-0.000180469763086861,0.4579,0.4579
2025-02-11T20:00:00Z,ENAUSDT,-0.000054506985526452,0.4395,0.4395
2025-02-12T00:00:00Z,ENAUSDT,-0.00026757579900675,0.4412,0.4412
2025-02-12T04:00:00Z,ENAUSDT,0.00005,0.4295,0.4295
2025-02-12T08:00:00Z,ENAUSDT,0.00005,0.4316,0.4316
2025-02-12T12:00:00Z,ENAUSDT,0.00005,0.4304,0.4304
2025-02-12T16:00:00Z,ENAUSDT,0.00005,0.4157,0.4157
2025-02-12T20:00:00Z,ENAUSDT,0.00005,0.4296,0.4296
2025-02-13T00:00:00Z,ENAUSDT,0.00005,0.4505,0.4505
2025-02-13T04:00:00Z,ENAUSDT,-0.000838569932472089,0.4634,0.4634
2025-02-13T08:00:00Z,ENAUSDT,-0.000308000115046873,0.4529,0.4529
2025-02-13T12:00:00Z,ENAUSDT,-0.000332824202604322,0.4515,0.4515
2025-02-13T16:00:00Z,ENAUSDT,-0.000076645860971824,0.4545,0.4545
2025-02-13T20:00:00Z,ENAUSDT,-0.000002455782144259,0.4412,0.4412
2025-02-14T00:00:00Z,ENAUSDT,-0.0001315184932422,0.449,0.449
2025-02-14T04:00:00Z,ENAUSDT,-0.00005341916895119,0.4544,0.4544
2025-02-14T08:00:00Z,ENAUSDT,0.00005,0.4595,0.4595
2025-02-14T12:00:00Z,ENAUSDT,-0.000261339745285731,0.4685,0.4685
2025-02-14T16:00:00Z,ENAUSDT,-0.000167772419704364,0.4757,0.4757
2025-02-14T20:00:00Z,ENAUSDT,-0.000197131771131616,0.4903,0.4903
2025-02-15T00:00:00Z,ENAUSDT,-0.000049501203267012,0.4835,0.4835
2025-02-15T04:00:00Z,ENAUSDT,-0.000084350002887589,0.4842,0.4842
2025-02-15T08:00:00Z,ENAUSDT,-0.000110890233066952,0.4796,0.4796
2025-02-15T12:00:00Z,ENAUSDT,-0.000014205871913944,0.4625,0.4625
2025-02-15T16:00:00Z,ENAUSDT,-0.000280267904211696,0.4582,0.4582
2025-02-15T20:00:00Z,ENAUSDT,0.000019589603633015,0.4542,0.4542
2025-02-16T00:00:00Z,ENAUSDT,0.0000370628783705,0.455,0.455
2025-02-16T04:00:00Z,ENAUSDT,0.000003301286032039,0.4496,0.4496
2025-02-16T08:00:00Z,ENAUSDT,0.00005,0.4477,0.4477
2025-02-16T12:00:00Z,ENAUSDT,0.000011555741836564,0.463,0.463
2025-02-16T16:00:00Z,ENAUSDT,0.00005,0.454,0.454
2025-02-16T20:00:00Z,ENAUSDT,0.00005,0.448,0.448
2025-02-17T00:00:00Z,ENAUSDT,0.00005,0.4481,0.4481
2025-02-17T04:00:00Z,ENAUSDT,-0.000043696307059205,0.4536,0.4536
2025-02-17T08:00:00Z,ENAUSDT,0.00005,0.4369,0.4369
2025-02-17T12:00:00Z,ENAUSDT,0.00005,0.4703,0.4703
2025-02-17T16:00:00Z,ENAUSDT,0.00005,0.4584,0.4584
2025-02-17T20:00:00Z,ENAUSDT,-0.000247462961015262,0.4467,0.4467
2025-02-18T00:00:00Z,ENAUSDT,-0.000085023721977622,0.4539,0.4539
2025-02-18T04:00:00Z,ENAUSDT,-0.000112601611670504,0.4639,0.4639
2025-02-18T08:00:00Z,ENAUSDT,-0.000288097027036413,0.4292,0.4292
2025-02-18T12:00:00Z,ENAUSDT,-0.000491956365356236,0.4263,0.4263
2025-02-18T16:00:00Z,ENAUSDT,-0.000299788548732141,0.4124,0.4124
2025-02-18T20:00:00Z,ENAUSDT,-0.000753423694743453,0.4107,0.4107
2025-02-19T00:00:00Z,ENAUSDT,-0.000734524910159483,0.4218,0.4218
2025-02-19T04:00:00Z,ENAUSDT,-0.000184724367896895,0.4193,0.4193
2025-02-19T08:00:00Z,ENAUSDT,-0.000110045021505349,0.4222,0.4222
2025-02-19T12:00:00Z,ENAUSDT,-0.000062523745769285,0.4273,0.4273
2025-02-19T16:00:00Z,ENAUSDT,0.00005,0.3997,0.3997
2025-02-19T20:00:00Z,ENAUSDT,-0.00008253977568968,0.3988,0.3988
2025-02-20T00:00:00Z,ENAUSDT,-0.000115831861434601,0.3956,0.3956
2025-02-20T04:00:00Z,ENAUSDT,-0.000302594609484588,0.4073,0.4073
2025-02-20T08:00:00Z,ENAUSDT,0.000040221129663533,0.4011,0.4011
2025-02-20T12:00:00Z,ENAUSDT,0.00005,0.4061,0.4061
2025-02-20T16:00:00Z,ENAUSDT,0.00005,0.3981,0.3981
2025-02-20T20:00:00Z,ENAUSDT,0.00005,0.4164,0.4164
2025-02-21T00:00:00Z,ENAUSDT,0.00005,0.4192,0.4192
2025-02-21T04:00:00Z,ENAUSDT,0.00005,0.4084,0.4084
2025-02-21T08:00:00Z,ENAUSDT,0.00005,0.4151,0.4151
2025-02-21T12:00:00Z,ENAUSDT,0.000036008770935182,0.4298,0.4298
2025-02-21T16:00:00Z,ENAUSDT,0.00005,0.4189,0.4189
2025-02-21T20:00:00Z,ENAUSDT,-0.002026703193050615,0.4282,0.4282
2025-02-22T00:00:00Z,ENAUSDT,-0.004056290238215714,0.4594,0.4594
2025-02-22T04:00:00Z,ENAUSDT,-0.001802404957823015,0.4524,0.4524
2025-02-22T08:00:00Z,ENAUSDT,-0.000398380178723176,0.4473,0.4473
2025-02-22T12:00:00Z,ENAUSDT,-0.000187272936030833,0.4478,0.4478
2025-02-22T16:00:00Z,ENAUSDT,0.00005,0.4482,0.4482
2025-02-22T20:00:00Z,ENAUSDT,0.00005,0.4559,0.4559
2025-02-23T00:00:00Z,ENAUSDT,0.00005,0.4469,0.4469
2025-02-23T04:00:00Z,ENAUSDT,0.00005,0.4358,0.4358
2025-02-23T08:00:00Z,ENAUSDT,-0.000291574483371315,0.4617,0.4617
2025-02-23T12:00:00Z,ENAUSDT,-0.000116984108066985,0.4499,0.4499
2025-02-23T16:00:00Z,ENAUSDT,-0.000342455467859368,0.4466,0.4466
2025-02-23T20:00:00Z,ENAUSDT,-0.000334162504029462,0.4413,0.4413
2025-02-24T00:00:00Z,ENAUSDT,-0.000046992676213295,0.441,0.441
2025-02-24T04:00:00Z,ENAUSDT,-0.000341017502632582,0.413,0.413
2025-02-24T08:00:00Z,ENAUSDT,-0.000214279520055815,0.4094,0.4094
2025-02-24T12:00:00Z,ENAUSDT,-0.000137469439389846,0.4188,0.4188
2025-02-24T16:00:00Z,ENAUSDT,-0.000178255219406389,0.4085,0.4085
2025-02-24T20:00:00Z,ENAUSDT,-0.000258079034536561,0.3918,0.3918
2025-02-25T00:00:00Z,ENAUSDT,0.000017458253084265,0.3738,0.3738
2025-02-25T04:00:00Z,ENAUSDT,-0.000557885983117339,0.375,0.375
2025-02-25T08:00:00Z,ENAUSDT,-0.000527314709640092,0.3857,0.3857
2025-02-25T12:00:00Z,ENAUSDT,-0.001147015415786007,0.4065,0.4065
2025-02-25T16:00:00Z,ENAUSDT,-0.000977119638518396,0.4119,0.4119
2025-02-25T20:00:00Z,ENAUSDT,-0.000465661872376251,0.4106,0.4106
2025-02-26T00:00:00Z,ENAUSDT,-0.000456706310274623,0.4063,0.4063
2025-02-26T04:00:00Z,ENAUSDT,0.00005,0.4175,0.4175
2025-02-26T08:00:00Z,ENAUSDT,-0.000324698218260482,0.409,0.409
2025-02-26T12:00:00Z,ENAUSDT,-0.00024714476060442,0.4037,0.4037
2025-02-26T16:00:00Z,ENAUSDT,0.00005,0.4278,0.4278
2025-02-26T20:00:00Z,ENAUSDT,0.00005,0.4055,0.4055
2025-02-27T00:00:00Z,ENAUSDT,0.00005,0.428,0.428
2025-02-27T04:00:00Z,ENAUSDT,0.00005,0.4326,0.4326
2025-02-27T08:00:00Z,ENAUSDT,0.00005,0.4302,0.4302
2025-02-27T12:00:00Z,ENAUSDT,0.00005,0.4308,0.4308
2025-02-27T16:00:00Z,ENAUSDT,0.00005,0.4237,0.4237
2025-02-27T20:00:00Z,ENAUSDT,0.00005,0.4234,0.4234
2025-02-28T00:00:00Z,ENAUSDT,0.00005,0.4166,0.4166
2025-02-28T04:00:00Z,ENAUSDT,0.00005,0.386,0.386
2025-02-28T08:00:00Z,ENAUSDT,0.000031937536201653,0.3873,0.3873
2025-02-28T12:00:00Z,ENAUSDT,0.00005,0.3886,0.3886
2025-02-28T16:00:00Z,ENAUSDT,0.00005,0.4141,0.4141
2025-02-28T20:00:00Z,ENAUSDT,0.00005,0.4212,0.4212
2025-03-01T00:00:00Z,ENAUSDT,0.00005,0.413,0.413
2025-03-01T04:00:00Z,ENAUSDT,0.00005,0.413,0.413
2025-03-01T08:00:00Z,ENAUSDT,0.00005,0.4118,0.4118
2025-03-01T12:00:00Z,ENAUSDT,0.00005,0.3995,0.3995
2025-03-01T16:00:00Z,ENAUSDT,0.00005,0.392,0.392
2025-03-01T20:00:00Z,ENAUSDT,0.00005,0.394,0.394
2025-03-02T00:00:00Z,ENAUSDT,0.00005,0.3997,0.3997
2025-03-02T04:00:00Z,ENAUSDT,0.00005,0.3962,0.3962
2025-03-02T08:00:00Z,ENAUSDT,0.00005,0.3934,0.3934
2025-03-02T12:00:00Z,ENAUSDT,0.00005,0.4005,0.4005
2025-03-02T16:00:00Z,ENAUSDT,0.00005,0.399,0.399
2025-03-02T20:00:00Z,ENAUSDT,0.00005,0.4657,0.4657
2025-03-03T00:00:00Z,ENAUSDT,0.00005,0.4767,0.4767
2025-03-03T04:00:00Z,ENAUSDT,0.00005,0.443,0.443
2025-03-03T08:00:00Z,ENAUSDT,0.00005,0.4265,0.4265
2025-03-03T12:00:00Z,ENAUSDT,0.00005,0.413,0.413
2025-03-03T16:00:00Z,ENAUSDT,0.00005,0.4008,0.4008
2025-03-03T20:00:00Z,ENAUSDT,0.00005,0.3632,0.3632
2025-03-04T00:00:00Z,ENAUSDT,0.00005,0.3625,0.3625
2025-03-04T04:00:00Z,ENAUSDT,0.000007516781056491,0.3465,0.3465
2025-03-04T08:00:00Z,ENAUSDT,-0.001023670781534939,0.3468,0.3468
2025-03-04T12:00:00Z,ENAUSDT,-0.00074855038892726,0.3416,0.3416
2025-03-04T16:00:00Z,ENAUSDT,-0.000332105400191198,0.3442,0.3442
2025-03-04T20:00:00Z,ENAUSDT,-0.000876433367603121,0.3665,0.3665
2025-03-05T00:00:00Z,ENAUSDT,-0.000383683039768479,0.3821,0.3821
2025-03-05T04:00:00Z,ENAUSDT,0.00005,0.3603,0.3603
2025-03-05T08:00:00Z,ENAUSDT,0.00005,0.3791,0.3791
2025-03-05T12:00:00Z,ENAUSDT,0.00005,0.3818,0.3818
2025-03-05T16:00:00Z,ENAUSDT,0.00005,0.3662,0.3662
2025-03-05T20:00:00Z,ENAUSDT,0.00005,0.366,0.366
2025-03-06T00:00:00Z,ENAUSDT,0.00005,0.3427,0.3427
2025-03-06T04:00:00Z,ENAUSDT,0.00005,0.3879,0.3879
2025-03-06T08:00:00Z,ENAUSDT,0.00005,0.4015,0.4015
2025-03-06T12:00:00Z,ENAUSDT,0.00005,0.4088,0.4088
2025-03-06T16:00:00Z,ENAUSDT,0.00005,0.4004,0.4004
2025-03-06T20:00:00Z,ENAUSDT,0.00005,0.378,0.378
2025-03-07T00:00:00Z,ENAUSDT,0.00005,0.3647,0.3647
2025-03-07T04:00:00Z,ENAUSDT,0.00005,0.3752,0.3752
2025-03-07T08:00:00Z,ENAUSDT,0.00005,0.3818,0.3818
2025-03-07T12:00:00Z,ENAUSDT,0.00005,0.4129,0.4129
2025-03-07T16:00:00Z,ENAUSDT,0.00005,0.4307,0.4307
2025-03-07T20:00:00Z,ENAUSDT,0.00005,0.4398,0.4398
2025-03-08T00:00:00Z,ENAUSDT,0.00005,0.4275,0.4275
2025-03-08T04:00:00Z,ENAUSDT,0.00005,0.4381,0.4381
2025-03-08T08:00:00Z,ENAUSDT,0.00005,0.4392,0.4392
2025-03-08T12:00:00Z,ENAUSDT,0.00005,0.4346,0.4346
2025-03-08T16:00:00Z,ENAUSDT,0.00005,0.4545,0.4545
2025-03-08T20:00:00Z,ENAUSDT,0.00005,0.4469,0.4469
2025-03-09T00:00:00Z,ENAUSDT,0.00005,0.4416,0.4416
2025-03-09T04:00:00Z,ENAUSDT,0.00005,0.437,0.437
2025-03-09T08:00:00Z,ENAUSDT,0.00005,0.4343,0.4343
2025-03-09T12:00:00Z,ENAUSDT,0.00005,0.4286,0.4286
2025-03-09T16:00:00Z,ENAUSDT,0.00005,0.4109,0.4109
2025-03-09T20:00:00Z,ENAUSDT,0.00005,0.4269,0.4269
2025-03-10T00:00:00Z,ENAUSDT,0.00005,0.4188,0.4188
2025-03-10T04:00:00Z,ENAUSDT,0.00005,0.4373,0.4373
2025-03-10T08:00:00Z,ENAUSDT,0.00005,0.4602,0.4602
2025-03-10T12:00:00Z,ENAUSDT,0.00005,0.4542,0.4542
2025-03-10T16:00:00Z,ENAUSDT,0.00005,0.4197,0.4197
2025-03-10T20:00:00Z,ENAUSDT,0.00005,0.4155,0.4155
2025-03-11T00:00:00Z,ENAUSDT,0.00005,0.4123,0.4123
2025-03-11T04:00:00Z,ENAUSDT,0.00005,0.4029,0.4029
2025-03-11T08:00:00Z,ENAUSDT,0.00005,0.4151,0.4151
2025-03-11T12:00:00Z,ENAUSDT,0.00005,0.4065,0.4065
2025-03-11T16:00:00Z,ENAUSDT,0.00005,0.3867,0.3867
2025-03-11T20:00:00Z,ENAUSDT,0.00005,0.4037,0.4037
2025-03-12T00:00:00Z,ENAUSDT,0.00005,0.3897,0.3897
2025-03-12T04:00:00Z,ENAUSDT,0.00005,0.3722,0.3722
2025-03-12T08:00:00Z,ENAUSDT,0.00005,0.3742,0.3742
2025-03-12T12:00:00Z,ENAUSDT,0.00005,0.3747,0.3747
2025-03-12T16:00:00Z,ENAUSDT,0.00005,0.3619,0.3619
2025-03-12T20:00:00Z,ENAUSDT,0.00005,0.3664,0.3664
2025-03-13T00:00:00Z,ENAUSDT,0.00005,0.3697,0.3697
2025-03-13T04:00:00Z,ENAUSDT,0.00005,0.3671,0.3671
2025-03-13T08:00:00Z,ENAUSDT,0.00005,0.3571,0.3571
2025-03-13T12:00:00Z,ENAUSDT,0.00005,0.3716,0.3716
2025-03-13T16:00:00Z,ENAUSDT,0.00005,0.3487,0.3487
2025-03-13T20:00:00Z,ENAUSDT,0.00005,0.3371,0.3371
2025-03-14T00:00:00Z,ENAUSDT,0.00005,0.3389,0.3389
2025-03-14T04:00:00Z,ENAUSDT,0.00005,0.3342,0.3342
2025-03-14T08:00:00Z,ENAUSDT,0.00005,0.3416,0.3416
2025-03-14T12:00:00Z,ENAUSDT,0.00005,0.348,0.348
2025-03-14T16:00:00Z,ENAUSDT,0.00005,0.3545,0.3545
2025-03-14T20:00:00Z,ENAUSDT,0.00005,0.3567,0.3567
2025-03-15T00:00:00Z,ENAUSDT,0.00005,0.3491,0.3491
2025-03-15T04:00:00Z,ENAUSDT,0.00005,0.3614,0.3614
2025-03-15T08:00:00Z,ENAUSDT,0.00005,0.3578,0.3578
2025-03-15T12:00:00Z,ENAUSDT,0.00005,0.3748,0.3748
2025-03-15T16:00:00Z,ENAUSDT,0.00005,0.3691,0.3691
2025-03-15T20:00:00Z,ENAUSDT,0.00005,0.3684,0.3684
2025-03-16T00:00:00Z,ENAUSDT,0.00005,0.371,0.371
2025-03-16T04:00:00Z,ENAUSDT,0.00005,0.371,0.371
2025-03-16T08:00:00Z,ENAUSDT,0.00005,0.3663,0.3663
2025-03-16T12:00:00Z,ENAUSDT,0.00005,0.3543,0.3543
2025-03-16T16:00:00Z,ENAUSDT,0.00005,0.3587,0.3587
2025-03-16T20:00:00Z,ENAUSDT,0.00005,0.358,0.358
2025-03-17T00:00:00Z,ENAUSDT,0.00005,0.3578,0.3578
2025-03-17T04:00:00Z,ENAUSDT,0.00005,0.3657,0.3657
2025-03-17T08:00:00Z,ENAUSDT,0.00005,0.3698,0.3698
2025-03-17T12:00:00Z,ENAUSDT,0.00005,0.3718,0.3718
2025-03-17T16:00:00Z,ENAUSDT,0.00005,0.3687,0.3687
2025-03-17T20:00:00Z,ENAUSDT,0.00005,0.3823,0.3823
2025-03-18T00:00:00Z,ENAUSDT,0.00005,0.3767,0.3767
2025-03-18T04:00:00Z,ENAUSDT,0.00005,0.3673,0.3673
2025-03-18T08:00:00Z,ENAUSDT,0.00005,0.3682,0.3682
2025-03-18T12:00:00Z,ENAUSDT,0.00005,0.3584,0.3584
2025-03-18T16:00:00Z,ENAUSDT,0.00005,0.3578,0.3578
2025-03-18T20:00:00Z,ENAUSDT,0.00005,0.3637,0.3637
2025-03-19T00:00:00Z,ENAUSDT,0.00005,0.3676,0.3676
2025-03-19T04:00:00Z,ENAUSDT,0.00005,0.3746,0.3746
2025-03-19T08:00:00Z,ENAUSDT,0.00005,0.3654,0.3654
2025-03-19T12:00:00Z,ENAUSDT,0.00005,0.3914,0.3914
2025-03-19T16:00:00Z,ENAUSDT,0.00005,0.3934,0.3934
2025-03-19T20:00:00Z,ENAUSDT,0.00005,0.389,0.389
2025-03-20T00:00:00Z,ENAUSDT,0.00005,0.3935,0.3935
2025-03-20T04:00:00Z,ENAUSDT,0.00005,0.385,0.385
2025-03-20T08:00:00Z,ENAUSDT,0.00005,0.385,0.385
2025-03-20T12:00:00Z,ENAUSDT,0.00005,0.3888,0.3888
2025-03-20T16:00:00Z,ENAUSDT,0.00005,0.3825,0.3825
2025-03-20T20:00:00Z,ENAUSDT,0.00005,0.3799,0.3799
2025-03-21T00:00:00Z,ENAUSDT,0.00005,0.3835,0.3835
2025-03-21T04:00:00Z,ENAUSDT,0.00005,0.3741,0.3741
2025-03-21T08:00:00Z,ENAUSDT,0.00005,0.3704,0.3704
2025-03-21T12:00:00Z,ENAUSDT,0.00005,0.3648,0.3648
2025-03-21T16:00:00Z,ENAUSDT,0.00005,0.3582,0.3582
2025-03-21T20:00:00Z,ENAUSDT,0.00005,0.3593,0.3593
2025-03-22T00:00:00Z,ENAUSDT,0.00005,0.35,0.35
2025-03-22T04:00:00Z,ENAUSDT,0.00005,0.352,0.352
2025-03-22T08:00:00Z,ENAUSDT,0.00005,0.3576,0.3576
2025-03-22T12:00:00Z,ENAUSDT,0.00005,0.3567,0.3567
2025-03-22T16:00:00Z,ENAUSDT,0.00005,0.3556,0.3556
2025-03-22T20:00:00Z,ENAUSDT,0.00005,0.3577,0.3577
2025-03-23T00:00:00Z,ENAUSDT,0.00005,0.3544,0.3544
2025-03-23T04:00:00Z,ENAUSDT,0.00005,0.3614,0.3614
2025-03-23T08:00:00Z,ENAUSDT,0.00005,0.3612,0.3612
2025-03-23T12:00:00Z,ENAUSDT,0.00005,0.367,0.367
2025-03-23T16:00:00Z,ENAUSDT,0.00005,0.371,0.371
2025-03-23T20:00:00Z,ENAUSDT,0.00005,0.3678,0.3678
2025-03-24T00:00:00Z,ENAUSDT,0.00005,0.37,0.37
2025-03-24T04:00:00Z,ENAUSDT,0.00005,0.3915,0.3915
2025-03-24T08:00:00Z,ENAUSDT,0.00005,0.3881,0.3881
2025-03-24T12:00:00Z,ENAUSDT,0.00005,0.3961,0.3961
2025-03-24T16:00:00Z,ENAUSDT,0.00005,0.399,0.399
2025-03-24T20:00:00Z,ENAUSDT,0.00005,0.4011,0.4011
2025-03-25T00:00:00Z,ENAUSDT,0.00005,0.4084,0.4084
2025-03-25T04:00:00Z,ENAUSDT,0.00005,0.3956,0.3956
2025-03-25T08:00:00Z,ENAUSDT,0.00005,0.4015,0.4015
2025-03-25T12:00:00Z,ENAUSDT,0.00005,0.4274,0.4274
2025-03-25T16:00:00Z,ENAUSDT,0.00005,0.4345,0.4345
2025-03-25T20:00:00Z,ENAUSDT,0.00005,0.418,0.418
2025-03-26T00:00:00Z,ENAUSDT,0.00005,0.4239,0.4239
2025-03-26T04:00:00Z,ENAUSDT,0.00005,0.4134,0.4134
2025-03-26T08:00:00Z,ENAUSDT,0.00005,0.4301,0.4301
2025-03-26T12:00:00Z,ENAUSDT,0.00005,0.4279,0.4279
2025-03-26T16:00:00Z,ENAUSDT,0.00005,0.4171,0.4171
2025-03-26T20:00:00Z,ENAUSDT,0.00005,0.4085,0.4085
2025-03-27T00:00:00Z,ENAUSDT,0.00005,0.409,0.409
2025-03-27T04:00:00Z,ENAUSDT,0.00005,0.4338,0.4338
2025-03-27T08:00:00Z,ENAUSDT,0.00005,0.4315,0.4315
2025-03-27T12:00:00Z,ENAUSDT,0.00005,0.4294,0.4294
2025-03-27T16:00:00Z,ENAUSDT,0.00005,0.42,0.42
2025-03-27T20:00:00Z,ENAUSDT,0.00005,0.4275,0.4275
2025-03-28T00:00:00Z,ENAUSDT,0.00005,0.4298,0.4298
2025-03-28T04:00:00Z,ENAUSDT,0.00005,0.4154,0.4154
2025-03-28T08:00:00Z,ENAUSDT,0.00005,0.3931,0.3931
2025-03-28T12:00:00Z,ENAUSDT,0.00005,0.3899,0.3899
2025-03-28T16:00:00Z,ENAUSDT,0.00005,0.3888,0.3888
2025-03-28T20:00:00Z,ENAUSDT,0.00005,0.3858,0.3858
2025-03-29T00:00:00Z,ENAUSDT,0.00005,0.3851,0.3851
2025-03-29T04:00:00Z,ENAUSDT,0.00005,0.3931,0.3931
2025-03-29T08:00:00Z,ENAUSDT,0.00005,0.3767,0.3767
2025-03-29T12:00:00Z,ENAUSDT,0.00005,0.3715,0.3715
2025-03-29T16:00:00Z,ENAUSDT,0.00005,0.3732,0.3732
2025-03-29T20:00:00Z,ENAUSDT,0.00005,0.3704,0.3704
2025-03-30T00:00:00Z,ENAUSDT,0.00005,0.3639,0.3639
2025-03-30T04:00:00Z,ENAUSDT,0.00005,0.3622,0.3622
2025-03-30T08:00:00Z,ENAUSDT,0.00005,0.3606,0.3606
2025-03-30T12:00:00Z,ENAUSDT,0.00005,0.3702,0.3702
2025-03-30T16:00:00Z,ENAUSDT,0.00005,0.3701,0.3701
2025-03-30T20:00:00Z,ENAUSDT,0.00005,0.372,0.372
2025-03-31T00:00:00Z,ENAUSDT,0.00005,0.3694,0.3694
2025-03-31T04:00:00Z,ENAUSDT,0.00005,0.3532,0.3532
2025-03-31T08:00:00Z,ENAUSDT,0.00005,0.3513,0.3513
2025-03-31T12:00:00Z,ENAUSDT,0.00005,0.3508,0.3508
2025-03-31T16:00:00Z,ENAUSDT,0.00005,0.3585,0.3585
2025-03-31T20:00:00Z,ENAUSDT,0.00005,0.3509,0.3509
2025-04-01T00:00:00Z,ENAUSDT,0.00005,0.343,0.343
2025-04-01T04:00:00Z,ENAUSDT,0.00005,0.348,0.348
2025-04-01T08:00:00Z,ENAUSDT,0.00005,0.3493,0.3493
2025-04-01T12:00:00Z,ENAUSDT,0.00005,0.3539,0.3539
2025-04-01T16:00:00Z,ENAUSDT,0.00005,0.3702,0.3702
2025-04-01T20:00:00Z,ENAUSDT,0.00005,0.3686,0.3686
2025-04-02T00:00:00Z,ENAUSDT,0.00005,0.3686,0.3686
2025-04-02T04:00:00Z,ENAUSDT,0.00005,0.362,0.362
2025-04-02T08:00:00Z,ENAUSDT,0.00005,0.3528,0.3528
2025-04-02T12:00:00Z,ENAUSDT,0.00005,0.3535,0.3535
2025-04-02T16:00:00Z,ENAUSDT,0.00005,0.3723,0.3723
2025-04-02T20:00:00Z,ENAUSDT,0.00005,0.3651,0.3651
2025-04-03T00:00:00Z,ENAUSDT,0.00005,0.3302,0.3302
2025-04-03T04:00:00Z,ENAUSDT,0.00005,0.3368,0.3368
2025-04-03T08:00:00Z,ENAUSDT,0.00005,0.3202,0.3202
2025-04-03T12:00:00Z,ENAUSDT,0.00005,0.3069,0.3069
2025-04-03T16:00:00Z,ENAUSDT,0.00005,0.3054,0.3054
2025-04-03T20:00:00Z,ENAUSDT,0.00005,0.3076,0.3076
2025-04-04T00:00:00Z,ENAUSDT,0.00005,0.3147,0.3147
2025-04-04T04:00:00Z,ENAUSDT,0.00005,0.313,0.313
2025-04-04T08:00:00Z,ENAUSDT,0.00005,0.3182,0.3182
2025-04-04T12:00:00Z,ENAUSDT,0.00005,0.2947,0.2947
2025-04-04T16:00:00Z,ENAUSDT,0.00005,0.305,0.305
2025-04-04T20:00:00Z,ENAUSDT,0.00005,0.3111,0.3111
2025-04-05T00:00:00Z,ENAUSDT,0.00005,0.3184,0.3184
2025-04-05T04:00:00Z,ENAUSDT,0.00005,0.3248,0.3248
2025-04-05T08:00:00Z,ENAUSDT,0.00005,0.3221,0.3221
2025-04-05T12:00:00Z,ENAUSDT,0.00005,0.3253,0.3253
2025-04-05T16:00:00Z,ENAUSDT,0.00005,0.3165,0.3165
2025-04-05T20:00:00Z,ENAUSDT,0.00005,0.3174,0.3174
2025-04-06T00:00:00Z,ENAUSDT,0.00005,0.3195,0.3195
2025-04-06T04:00:00Z,ENAUSDT,0.00005,0.3152,0.3152
2025-04-06T08:00:00Z,ENAUSDT,0.00005,0.3103,0.3103
2025-04-06T12:00:00Z,ENAUSDT,0.00005,0.3069,0.3069
2025-04-06T16:00:00Z,ENAUSDT,0.00005,0.292,0.292
2025-04-06T20:00:00Z,ENAUSDT,0.00005,0.2825,0.2825
2025-04-07T00:00:00Z,ENAUSDT,0.00005,0.2761,0.2761
2025-04-07T04:00:00Z,ENAUSDT,0.00005,0.2653,0.2653
2025-04-07T08:00:00Z,ENAUSDT,0.00005,0.2649,0.2649
2025-04-07T12:00:00Z,ENAUSDT,0.000017852749117466,0.2709,0.2709
2025-04-07T16:00:00Z,ENAUSDT,0.00005,0.2897,0.2897
2025-04-07T20:00:00Z,ENAUSDT,0.00005,0.2878,0.2878
2025-04-08T00:00:00Z,ENAUSDT,0.00005,0.2919,0.2919
2025-04-08T04:00:00Z,ENAUSDT,0.00005,0.2958,0.2958
2025-04-08T08:00:00Z,ENAUSDT,0.00005,0.2954,0.2954
2025-04-08T12:00:00Z,ENAUSDT,0.00005,0.3055,0.3055
2025-04-08T16:00:00Z,ENAUSDT,0.00005,0.2955,0.2955
2025-04-08T20:00:00Z,ENAUSDT,0.00005,0.2783,0.2783
2025-04-09T00:00:00Z,ENAUSDT,0.00005,0.2754,0.2754
2025-04-09T04:00:00Z,ENAUSDT,0.00005,0.268,0.268
2025-04-09T08:00:00Z,ENAUSDT,0.00005,0.2892,0.2892
2025-04-09T12:00:00Z,ENAUSDT,0.00005,0.2808,0.2808
2025-04-09T16:00:00Z,ENAUSDT,0.00005,0.2839,0.2839
2025-04-09T20:00:00Z,ENAUSDT,0.00005,0.3211,0.3211
2025-04-10T00:00:00Z,ENAUSDT,0.00005,0.3154,0.3154
2025-04-10T04:00:00Z,ENAUSDT,0.00005,0.304,0.304
2025-04-10T08:00:00Z,ENAUSDT,0.00005,0.3044,0.3044
2025-04-10T12:00:00Z,ENAUSDT,0.00005,0.2973,0.2973
2025-04-10T16:00:00Z,ENAUSDT,0.00005,0.3002,0.3002
2025-04-10T20:00:00Z,ENAUSDT,0.00005,0.2979,0.2979
2025-04-11T00:00:00Z,ENAUSDT,0.00005,0.3018,0.3018
2025-04-11T04:00:00Z,ENAUSDT,0.00005,0.3113,0.3113
2025-04-11T08:00:00Z,ENAUSDT,0.00005,0.314,0.314
2025-04-11T12:00:00Z,ENAUSDT,0.00005,0.3138,0.3138
2025-04-11T16:00:00Z,ENAUSDT,0.00005,0.3174,0.3174
2025-04-11T20:00:00Z,ENAUSDT,0.00005,0.3157,0.3157
2025-04-12T00:00:00Z,ENAUSDT,0.00005,0.3154,0.3154
2025-04-12T04:00:00Z,ENAUSDT,0.00005,0.3083,0.3083
2025-04-12T08:00:00Z,ENAUSDT,0.00005,0.3126,0.3126
2025-04-12T12:00:00Z,ENAUSDT,0.00005,0.311,0.311
2025-04-12T16:00:00Z,ENAUSDT,0.00005,0.3309,0.3309
2025-04-12T20:00:00Z,ENAUSDT,0.00005,0.3387,0.3387
2025-04-13T00:00:00Z,ENAUSDT,0.00005,0.3411,0.3411
2025-04-13T04:00:00Z,ENAUSDT,0.00005,0.3349,0.3349
2025-04-13T08:00:00Z,ENAUSDT,0.00005,0.3267,0.3267
2025-04-13T12:00:00Z,ENAUSDT,0.00005,0.3323,0.3323
2025-04-13T16:00:00Z,ENAUSDT,0.00005,0.318,0.318
2025-04-13T20:00:00Z,ENAUSDT,0.00005,0.3179,0.3179
2025-04-14T00:00:00Z,ENAUSDT,0.00005,0.3073,0.3073
2025-04-14T04:00:00Z,ENAUSDT,0.00005,0.3087,0.3087
2025-04-14T08:00:00Z,ENAUSDT,0.00005,0.3092,0.3092
2025-04-14T12:00:00Z,ENAUSDT,0.00005,0.319,0.319
2025-04-14T16:00:00Z,ENAUSDT,0.00005,0.2983,0.2983
2025-04-14T20:00:00Z,ENAUSDT,0.00005,0.2984,0.2984
2025-04-15T00:00:00Z,ENAUSDT,0.00005,0.296,0.296
2025-04-15T04:00:00Z,ENAUSDT,0.00005,0.2958,0.2958
2025-04-15T08:00:00Z,ENAUSDT,0.00005,0.2993,0.2993
2025-04-15T12:00:00Z,ENAUSDT,0.00005,0.2973,0.2973
2025-04-15T16:00:00Z,ENAUSDT,0.00005,0.2851,0.2851
2025-04-15T20:00:00Z,ENAUSDT,0.00005,0.2789,0.2789
2025-04-16T00:00:00Z,ENAUSDT,0.00005,0.2732,0.2732
2025-04-16T04:00:00Z,ENAUSDT,0.00005,0.2741,0.2741
2025-04-16T08:00:00Z,ENAUSDT,0.00005,0.2693,0.2693
2025-04-16T12:00:00Z,ENAUSDT,0.00005,0.2703,0.2703
2025-04-16T16:00:00Z,ENAUSDT,0.00005,0.2726,0.2726
2025-04-16T20:00:00Z,ENAUSDT,0.00005,0.2734,0.2734
2025-04-17T00:00:00Z,ENAUSDT,0.00005,0.2698,0.2698
2025-04-17T04:00:00Z,ENAUSDT,0.00005,0.2719,0.2719
2025-04-17T08:00:00Z,ENAUSDT,0.00005,0.277,0.277
2025-04-17T12:00:00Z,ENAUSDT,0.00005,0.2732,0.2732
2025-04-17T16:00:00Z,ENAUSDT,0.00005,0.2702,0.2702
2025-04-17T20:00:00Z,ENAUSDT,0.00005,0.2746,0.2746
2025-04-18T00:00:00Z,ENAUSDT,0.00005,0.2765,0.2765
2025-04-18T04:00:00Z,ENAUSDT,0.00005,0.2778,0.2778
2025-04-18T08:00:00Z,ENAUSDT,0.00005,0.2836,0.2836
2025-04-18T12:00:00Z,ENAUSDT,0.00005,0.2828,0.2828
2025-04-18T16:00:00Z,ENAUSDT,0.00005,0.2788,0.2788
2025-04-18T20:00:00Z,ENAUSDT,0.00005,0.2813,0.2813
2025-04-19T00:00:00Z,ENAUSDT,0.00005,0.2814,0.2814
2025-04-19T04:00:00Z,ENAUSDT,0.00005,0.2884,0.2884
2025-04-19T08:00:00Z,ENAUSDT,0.00005,0.2834,0.2834
2025-04-19T12:00:00Z,ENAUSDT,0.00005,0.2795,0.2795
2025-04-19T16:00:00Z,ENAUSDT,0.00005,0.2824,0.2824
2025-04-19T20:00:00Z,ENAUSDT,0.00005,0.2835,0.2835
2025-04-20T00:00:00Z,ENAUSDT,0.00005,0.2846,0.2846
2025-04-20T04:00:00Z,ENAUSDT,0.00005,0.2872,0.2872
2025-04-20T08:00:00Z,ENAUSDT,0.00005,0.282,0.282
2025-04-20T12:00:00Z,ENAUSDT,0.00005,0.2755,0.2755
2025-04-20T16:00:00Z,ENAUSDT,0.00005,0.2797,0.2797
2025-04-20T20:00:00Z,ENAUSDT,0.00005,0.2873,0.2873
2025-04-21T00:00:00Z,ENAUSDT,0.00005,0.2856,0.2856
2025-04-21T04:00:00Z,ENAUSDT,0.00005,0.2926,0.2926
2025-04-21T08:00:00Z,ENAUSDT,0.00005,0.301,0.301
2025-04-21T12:00:00Z,ENAUSDT,0.00005,0.2985,0.2985
2025-04-21T16:00:00Z,ENAUSDT,0.00005,0.2999,0.2999
2025-04-21T20:00:00Z,ENAUSDT,0.00005,0.2895,0.2895
2025-04-22T00:00:00Z,ENAUSDT,0.00005,0.2867,0.2867
2025-04-22T04:00:00Z,ENAUSDT,0.00005,0.286,0.286
2025-04-22T08:00:00Z,ENAUSDT,0.00005,0.2927,0.2927
2025-04-22T12:00:00Z,ENAUSDT,0.00005,0.2969,0.2969
2025-04-22T16:00:00Z,ENAUSDT,0.00005,0.3114,0.3114
2025-04-22T20:00:00Z,ENAUSDT,0.00005,0.3088,0.3088
2025-04-23T00:00:00Z,ENAUSDT,0.00005,0.3217,0.3217
2025-04-23T04:00:00Z,ENAUSDT,0.00005,0.3424,0.3424
2025-04-23T08:00:00Z,ENAUSDT,0.00005,0.3366,0.3366
2025-04-23T12:00:00Z,ENAUSDT,0.00005,0.3458,0.3458
2025-04-23T16:00:00Z,ENAUSDT,0.00005,0.3462,0.3462
2025-04-23T20:00:00Z,ENAUSDT,-0.000140623352368097,0.3317,0.3317
2025-04-24T00:00:00Z,ENAUSDT,0.00005,0.3395,0.3395
2025-04-24T04:00:00Z,ENAUSDT,0.000049737946570467,0.326,0.326
2025-04-24T08:00:00Z,ENAUSDT,0.00005,0.3282,0.3282
2025-04-24T12:00:00Z,ENAUSDT,0.00005,0.3401,0.3401
2025-04-24T16:00:00Z,ENAUSDT,0.000041574518777362,0.355,0.355
2025-04-24T20:00:00Z,ENAUSDT,-0.000173685398978136,0.3538,0.3538
2025-04-25T00:00:00Z,ENAUSDT,-0.000196360977484011,0.3558,0.3558
2025-04-25T04:00:00Z,ENAUSDT,0.00005,0.3538,0.3538
2025-04-25T08:00:00Z,ENAUSDT,0.00005,0.3698,0.3698
2025-04-25T12:00:00Z,ENAUSDT,-0.000234692256058348,0.3662,0.3662
2025-04-25T16:00:00Z,ENAUSDT,0.000036162158107678,0.366,0.366
2025-04-25T20:00:00Z,ENAUSDT,-0.000060540861086265,0.3603,0.3603
2025-04-26T00:00:00Z,ENAUSDT,-0.00009448893013877,0.3637,0.3637
2025-04-26T04:00:00Z,ENAUSDT,0.00005,0.3692,0.3692
2025-04-26T08:00:00Z,ENAUSDT,0.000039341846810402,0.3678,0.3678
2025-04-26T12:00:00Z,ENAUSDT,0.000003125737766483,0.3578,0.3578
2025-04-26T16:00:00Z,ENAUSDT,0.00005,0.3595,0.3595
2025-04-26T20:00:00Z,ENAUSDT,0.00005,0.3615,0.3615
2025-04-27T00:00:00Z,ENAUSDT,0.00005,0.3648,0.3648
2025-04-27T04:00:00Z,ENAUSDT,0.00005,0.3548,0.3548
2025-04-27T08:00:00Z,ENAUSDT,0.00005,0.3504,0.3504
2025-04-27T12:00:00Z,ENAUSDT,0.00005,0.3526,0.3526
2025-04-27T16:00:00Z,ENAUSDT,0.00005,0.3487,0.3487
2025-04-27T20:00:00Z,ENAUSDT,0.00005,0.3512,0.3512
2025-04-28T00:00:00Z,ENAUSDT,0.00005,0.3438,0.3438
2025-04-28T04:00:00Z,ENAUSDT,0.00005,0.3432,0.3432
2025-04-28T08:00:00Z,ENAUSDT,0.00005,0.3573,0.3573
2025-04-28T12:00:00Z,ENAUSDT,0.00005,0.354,0.354
2025-04-28T16:00:00Z,ENAUSDT,0.00005,0.3315,0.3315
2025-04-28T20:00:00Z,ENAUSDT,-0.000053718236298065,0.3397,0.3397
2025-04-29T00:00:00Z,ENAUSDT,0.00005,0.3343,0.3343
2025-04-29T04:00:00Z,ENAUSDT,0.00005,0.3353,0.3353
2025-04-29T08:00:00Z,ENAUSDT,0.00005,0.3385,0.3385
2025-04-29T12:00:00Z,ENAUSDT,0.00005,0.3267,0.3267
2025-04-29T16:00:00Z,ENAUSDT,0.00005,0.3246,0.3246
2025-04-29T20:00:00Z,ENAUSDT,0.00005,0.3239,0.3239
2025-04-30T00:00:00Z,ENAUSDT,-0.000172468206884784,0.3102,0.3102
2025-04-30T04:00:00Z,ENAUSDT,0.00005,0.3165,0.3165
2025-04-30T08:00:00Z,ENAUSDT,0.00005,0.3139,0.3139
2025-04-30T12:00:00Z,ENAUSDT,0.00005,0.3198,0.3198
2025-04-30T16:00:00Z,ENAUSDT,0.00005,0.312,0.312
2025-04-30T20:00:00Z,ENAUSDT,0.00005,0.315,0.315
2025-05-01T00:00:00Z,ENAUSDT,0.00005,0.3192,0.3192
2025-05-01T04:00:00Z,ENAUSDT,0.00005,0.3186,0.3186
2025-05-01T08:00:00Z,ENAUSDT,0.00005,0.3181,0.3181
2025-05-01T12:00:00Z,ENAUSDT,0.00005,0.3324,0.3324
2025-05-01T16:00:00Z,ENAUSDT,-0.000058458521859859,0.3292,0.3292
2025-05-01T20:00:00Z,ENAUSDT,0.000035085166874999,0.3231,0.3231
2025-05-02T00:00:00Z,ENAUSDT,-0.000154596405634738,0.3219,0.3219
2025-05-02T04:00:00Z,ENAUSDT,-0.000073736127927843,0.3164,0.3164
2025-05-02T08:00:00Z,ENAUSDT,-0.000309748840890006,0.3086,0.3086
2025-05-02T12:00:00Z,ENAUSDT,-0.000141899964964378,0.307,0.307
2025-05-02T16:00:00Z,ENAUSDT,0.000033907231822475,0.309,0.309
2025-05-02T20:00:00Z,ENAUSDT,0.00005,0.3084,0.3084
2025-05-03T00:00:00Z,ENAUSDT,0.00005,0.3065,0.3065
2025-05-03T04:00:00Z,ENAUSDT,0.00005,0.3048,0.3048
2025-05-03T08:00:00Z,ENAUSDT,0.00005,0.2992,0.2992
2025-05-03T12:00:00Z,ENAUSDT,0.00005,0.2943,0.2943
2025-05-03T16:00:00Z,ENAUSDT,-0.000047517134186185,0.2965,0.2965
2025-05-03T20:00:00Z,ENAUSDT,-0.000008271689775606,0.2956,0.2956
2025-05-04T00:00:00Z,ENAUSDT,-0.000050918148987478,0.2909,0.2909
2025-05-04T04:00:00Z,ENAUSDT,0.00000858017310898,0.2915,0.2915
2025-05-04T08:00:00Z,ENAUSDT,-0.000043073242922616,0.2928,0.2928
2025-05-04T12:00:00Z,ENAUSDT,-0.000073727713553303,0.2902,0.2902
2025-05-04T16:00:00Z,ENAUSDT,-0.000119653611453444,0.2896,0.2896
2025-05-04T20:00:00Z,ENAUSDT,0.000005930008614506,0.2876,0.2876
2025-05-05T00:00:00Z,ENAUSDT,-0.000169770166777862,0.2858,0.2858
2025-05-05T04:00:00Z,ENAUSDT,-0.000207248965695097,0.2876,0.2876
2025-05-05T08:00:00Z,ENAUSDT,-0.000109240268706815,0.292,0.292
2025-05-05T12:00:00Z,ENAUSDT,-0.000213563752416078,0.2801,0.2801
2025-05-05T16:00:00Z,ENAUSDT,-0.000138968142672896,0.2767,0.2767
2025-05-05T20:00:00Z,ENAUSDT,-0.000379867993675911,0.2773,0.2773
2025-05-06T00:00:00Z,ENAUSDT,-0.000179276827043177,0.2617,0.2617
2025-05-06T04:00:00Z,ENAUSDT,0.000004870866820367,0.2668,0.2668
2025-05-06T08:00:00Z,ENAUSDT,0.00005,0.2668,0.2668
2025-05-06T12:00:00Z,ENAUSDT,0.00005,0.2603,0.2603
2025-05-06T16:00:00Z,ENAUSDT,0.00005,0.2588,0.2588
2025-05-06T20:00:00Z,ENAUSDT,0.00005,0.263,0.263
2025-05-07T00:00:00Z,ENAUSDT,0.00005,0.2699,0.2699
2025-05-07T04:00:00Z,ENAUSDT,0.00005,0.27,0.27
2025-05-07T08:00:00Z,ENAUSDT,0.00005,0.2714,0.2714
2025-05-07T12:00:00Z,ENAUSDT,0.000041317220725695,0.2699,0.2699
2025-05-07T16:00:00Z,ENAUSDT,0.00005,0.2649,0.2649
2025-05-07T20:00:00Z,ENAUSDT,0.00005,0.2642,0.2642
2025-05-08T00:00:00Z,ENAUSDT,0.00005,0.2671,0.2671
2025-05-08T04:00:00Z,ENAUSDT,0.00005,0.2842,0.2842
2025-05-08T08:00:00Z,ENAUSDT,-0.000018721726183053,0.2983,0.2983
2025-05-08T12:00:00Z,ENAUSDT,0.00005,0.3053,0.3053
2025-05-08T16:00:00Z,ENAUSDT,0.00005,0.3121,0.3121
2025-05-08T20:00:00Z,ENAUSDT,0.00005,0.3247,0.3247
2025-05-09T00:00:00Z,ENAUSDT,0.00005,0.3404,0.3404
2025-05-09T04:00:00Z,ENAUSDT,0.00005,0.3381,0.3381
2025-05-09T08:00:00Z,ENAUSDT,0.00005,0.3736,0.3736
2025-05-09T12:00:00Z,ENAUSDT,0.00005,0.3746,0.3746
2025-05-09T16:00:00Z,ENAUSDT,0.00005,0.365,0.365
2025-05-09T20:00:00Z,ENAUSDT,0.00005,0.3634,0.3634
2025-05-10T00:00:00Z,ENAUSDT,0.00005,0.3682,0.3682
2025-05-10T04:00:00Z,ENAUSDT,0.00005,0.3699,0.3699
2025-05-10T08:00:00Z,ENAUSDT,0.00005,0.3797,0.3797
2025-05-10T12:00:00Z,ENAUSDT,0.00005,0.3697,0.3697
2025-05-10T16:00:00Z,ENAUSDT,0.00005,0.3802,0.3802
2025-05-10T20:00:00Z,ENAUSDT,0.00005,0.3909,0.3909
2025-05-11T00:00:00Z,ENAUSDT,0.00005,0.417,0.417
2025-05-11T04:00:00Z,ENAUSDT,0.00005,0.4152,0.4152
2025-05-11T08:00:00Z,ENAUSDT,0.00005,0.3913,0.3913
2025-05-11T12:00:00Z,ENAUSDT,0.000047301910974526,0.4133,0.4133
2025-05-11T16:00:00Z,ENAUSDT,0.00005,0.4018,0.4018
2025-05-11T20:00:00Z,ENAUSDT,0.00005,0.4051,0.4051
2025-05-12T00:00:00Z,ENAUSDT,0.00005,0.4076,0.4076
2025-05-12T04:00:00Z,ENAUSDT,0.00005,0.4146,0.4146
2025-05-12T08:00:00Z,ENAUSDT,0.00005,0.4216,0.4216
2025-05-12T12:00:00Z,ENAUSDT,0.00005,0.4055,0.4055
2025-05-12T16:00:00Z,ENAUSDT,0.00005,0.3977,0.3977
2025-05-12T20:00:00Z,ENAUSDT,0.00005,0.3838,0.3838
2025-05-13T00:00:00Z,ENAUSDT,0.00005,0.3857,0.3857
2025-05-13T04:00:00Z,ENAUSDT,0.00005,0.3591,0.3591
2025-05-13T08:00:00Z,ENAUSDT,0.000042140686027706,0.3748,0.3748
2025-05-13T12:00:00Z,ENAUSDT,-0.000055769646666282,0.383,0.383
2025-05-13T16:00:00Z,ENAUSDT,0.00005,0.394,0.394
2025-05-13T20:00:00Z,ENAUSDT,0.00005,0.4435,0.4435
2025-05-14T00:00:00Z,ENAUSDT,0.00005,0.4553,0.4553
2025-05-14T04:00:00Z,ENAUSDT,0.00005,0.4307,0.4307
2025-05-14T08:00:00Z,ENAUSDT,0.00005,0.4284,0.4284
2025-05-14T12:00:00Z,ENAUSDT,0.00005,0.4238,0.4238
2025-05-14T16:00:00Z,ENAUSDT,0.00005,0.4077,0.4077
2025-05-14T20:00:00Z,ENAUSDT,0.00005,0.4084,0.4084
2025-05-15T00:00:00Z,ENAUSDT,0.00005,0.4077,0.4077
2025-05-15T04:00:00Z,ENAUSDT,0.00005,0.3863,0.3863
2025-05-15T08:00:00Z,ENAUSDT,0.00005,0.368,0.368
2025-05-15T12:00:00Z,ENAUSDT,-0.000024607914112478,0.375,0.375
2025-05-15T16:00:00Z,ENAUSDT,-0.000295499719839541,0.3831,0.3831
2025-05-15T20:00:00Z,ENAUSDT,0.00005,0.3738,0.3738
2025-05-16T00:00:00Z,ENAUSDT,0.000020820291755146,0.3664,0.3664
2025-05-16T04:00:00Z,ENAUSDT,0.00005,0.379,0.379
2025-05-16T08:00:00Z,ENAUSDT,0.00005,0.3793,0.3793
2025-05-16T12:00:00Z,ENAUSDT,0.00005,0.3846,0.3846
2025-05-16T16:00:00Z,ENAUSDT,0.00005,0.3825,0.3825
2025-05-16T20:00:00Z,ENAUSDT,0.00000979442983462,0.3884,0.3884
2025-05-17T00:00:00Z,ENAUSDT,0.00005,0.3783,0.3783
2025-05-17T04:00:00Z,ENAUSDT,0.00005,0.3886,0.3886
2025-05-17T08:00:00Z,ENAUSDT,0.00005,0.3778,0.3778
2025-05-17T12:00:00Z,ENAUSDT,0.00005,0.3629,0.3629
2025-05-17T16:00:00Z,ENAUSDT,0.00005,0.359,0.359
2025-05-17T20:00:00Z,ENAUSDT,0.00005,0.3507,0.3507
2025-05-18T00:00:00Z,ENAUSDT,0.00005,0.3495,0.3495
2025-05-18T04:00:00Z,ENAUSDT,0.00005,0.3609,0.3609
2025-05-18T08:00:00Z,ENAUSDT,0.00005,0.3839,0.3839
2025-05-18T12:00:00Z,ENAUSDT,0.00005,0.3747,0.3747
2025-05-18T16:00:00Z,ENAUSDT,0.00005,0.4044,0.4044
2025-05-18T20:00:00Z,ENAUSDT,0.00005,0.3676,0.3676
2025-05-19T00:00:00Z,ENAUSDT,-0.000057408801537453,0.3905,0.3905
2025-05-19T04:00:00Z,ENAUSDT,0.00005,0.3634,0.3634
2025-05-19T08:00:00Z,ENAUSDT,-0.000053806917211359,0.3538,0.3538
2025-05-19T12:00:00Z,ENAUSDT,-0.000000404641170048,0.3515,0.3515
2025-05-19T16:00:00Z,ENAUSDT,0.00005,0.36,0.36
2025-05-19T20:00:00Z,ENAUSDT,0.00005,0.365,0.365
2025-05-20T00:00:00Z,ENAUSDT,0.00005,0.37,0.37
2025-05-20T04:00:00Z,ENAUSDT,0.00005,0.3851,0.3851
2025-05-20T08:00:00Z,ENAUSDT,0.00005,0.3737,0.3737
2025-05-20T12:00:00Z,ENAUSDT,0.00005,0.37,0.37
2025-05-20T16:00:00Z,ENAUSDT,0.00005,0.3706,0.3706
2025-05-20T20:00:00Z,ENAUSDT,0.00005,0.3725,0.3725
2025-05-21T00:00:00Z,ENAUSDT,0.00005,0.3775,0.3775
2025-05-21T04:00:00Z,ENAUSDT,0.00005,0.3852,0.3852
2025-05-21T08:00:00Z,ENAUSDT,0.00005,0.3844,0.3844
2025-05-21T12:00:00Z,ENAUSDT,0.00005,0.3904,0.3904
2025-05-21T16:00:00Z,ENAUSDT,0.00005,0.4018,0.4018
2025-05-21T20:00:00Z,ENAUSDT,0.00005,0.3987,0.3987
2025-05-22T00:00:00Z,ENAUSDT,0.00005,0.3958,0.3958
2025-05-22T04:00:00Z,ENAUSDT,0.00005,0.4063,0.4063
2025-05-22T08:00:00Z,ENAUSDT,0.00005,0.4107,0.4107
2025-05-22T12:00:00Z,ENAUSDT,0.00005,0.4066,0.4066
2025-05-22T16:00:00Z,ENAUSDT,0.00005,0.4102,0.4102
2025-05-22T20:00:00Z,ENAUSDT,0.00005,0.4124,0.4124
2025-05-23T00:00:00Z,ENAUSDT,0.00005,0.4144,0.4144
2025-05-23T04:00:00Z,ENAUSDT,0.00005,0.4417,0.4417
2025-05-23T08:00:00Z,ENAUSDT,0.00005,0.4177,0.4177
2025-05-23T12:00:00Z,ENAUSDT,0.00005,0.398,0.398
2025-05-23T16:00:00Z,ENAUSDT,0.00005,0.3947,0.3947
2025-05-23T20:00:00Z,ENAUSDT,0.00005,0.3904,0.3904
2025-05-24T00:00:00Z,ENAUSDT,0.00005,0.37,0.37
2025-05-24T04:00:00Z,ENAUSDT,0.00005,0.3735,0.3735
2025-05-24T08:00:00Z,ENAUSDT,0.00005,0.368,0.368
2025-05-24T12:00:00Z,ENAUSDT,0.00005,0.3759,0.3759
2025-05-24T16:00:00Z,ENAUSDT,0.00005,0.371,0.371
2025-05-24T20:00:00Z,ENAUSDT,0.00005,0.3682,0.3682
2025-05-25T00:00:00Z,ENAUSDT,0.00005,0.3676,0.3676
2025-05-25T04:00:00Z,ENAUSDT,0.00005,0.3714,0.3714
2025-05-25T08:00:00Z,ENAUSDT,0.00005,0.3615,0.3615
2025-05-25T12:00:00Z,ENAUSDT,0.00005,0.3587,0.3587
2025-05-25T16:00:00Z,ENAUSDT,0.00005,0.3557,0.3557
2025-05-25T20:00:00Z,ENAUSDT,0.00005,0.363,0.363
2025-05-26T00:00:00Z,ENAUSDT,0.00005,0.3781,0.3781
2025-05-26T04:00:00Z,ENAUSDT,0.00005,0.3815,0.3815
2025-05-26T08:00:00Z,ENAUSDT,0.00005,0.3926,0.3926
2025-05-26T12:00:00Z,ENAUSDT,0.00005,0.3841,0.3841
2025-05-26T16:00:00Z,ENAUSDT,0.00005,0.3825,0.3825
2025-05-26T20:00:00Z,ENAUSDT,0.00005,0.377,0.377
2025-05-27T00:00:00Z,ENAUSDT,0.00005,0.3862,0.3862
2025-05-27T04:00:00Z,ENAUSDT,0.00005,0.3775,0.3775
2025-05-27T08:00:00Z,ENAUSDT,0.00005,0.3929,0.3929
2025-05-27T12:00:00Z,ENAUSDT,0.00005,0.4004,0.4004
2025-05-27T16:00:00Z,ENAUSDT,0.00005,0.4035,0.4035
2025-05-27T20:00:00Z,ENAUSDT,0.00005,0.4005,0.4005
2025-05-28T00:00:00Z,ENAUSDT,0.00005,0.3968,0.3968
2025-05-28T04:00:00Z,ENAUSDT,0.00005,0.3997,0.3997
2025-05-28T08:00:00Z,ENAUSDT,0.00005,0.3954,0.3954
2025-05-28T12:00:00Z,ENAUSDT,0.00005,0.4015,0.4015
2025-05-28T16:00:00Z,ENAUSDT,0.00005,0.378,0.378
2025-05-28T20:00:00Z,ENAUSDT,0.00005,0.3738,0.3738
2025-05-29T00:00:00Z,ENAUSDT,0.00005,0.3896,0.3896
2025-05-29T04:00:00Z,ENAUSDT,0.00005,0.4014,0.4014
2025-05-29T08:00:00Z,ENAUSDT,0.00005,0.3906,0.3906
2025-05-29T12:00:00Z,ENAUSDT,0.00005,0.3913,0.3913
2025-05-29T16:00:00Z,ENAUSDT,0.00005,0.3827,0.3827
2025-05-29T20:00:00Z,ENAUSDT,0.00005,0.3769,0.3769
2025-05-30T00:00:00Z,ENAUSDT,0.00005,0.3731,0.3731
2025-05-30T04:00:00Z,ENAUSDT,0.00005,0.3599,0.3599
2025-05-30T08:00:00Z,ENAUSDT,0.000028920598500768,0.3505,0.3505
2025-05-30T12:00:00Z,ENAUSDT,0.00005,0.3488,0.3488
2025-05-30T16:00:00Z,ENAUSDT,0.00005,0.3334,0.3334
2025-05-30T20:00:00Z,ENAUSDT,0.00005,0.3215,0.3215
2025-05-31T00:00:00Z,ENAUSDT,0.00005,0.301,0.301
2025-05-31T04:00:00Z,ENAUSDT,0.00005,0.2959,0.2959
2025-05-31T08:00:00Z,ENAUSDT,0.00005,0.3046,0.3046
2025-05-31T12:00:00Z,ENAUSDT,0.00005,0.2984,0.2984
2025-05-31T16:00:00Z,ENAUSDT,0.00005,0.2989,0.2989
2025-05-31T20:00:00Z,ENAUSDT,0.00005,0.3068,0.3068
2025-06-01T00:00:00Z,ENAUSDT,0.00005,0.3054,0.3054
2025-06-01T04:00:00Z,ENAUSDT,0.00005,0.3061,0.3061
2025-06-01T08:00:00Z,ENAUSDT,0.00005,0.3097,0.3097
2025-06-01T12:00:00Z,ENAUSDT,0.00005,0.3064,0.3064
2025-06-01T16:00:00Z,ENAUSDT,0.00005,0.311,0.311
2025-06-01T20:00:00Z,ENAUSDT,0.00005,0.3106,0.3106
2025-06-02T00:00:00Z,ENAUSDT,0.00005,0.3127,0.3127
2025-06-02T04:00:00Z,ENAUSDT,0.00005,0.3061,0.3061
2025-06-02T08:00:00Z,ENAUSDT,0.00005,0.3096,0.3096
2025-06-02T12:00:00Z,ENAUSDT,0.00005,0.3045,0.3045
2025-06-02T16:00:00Z,ENAUSDT,0.00005,0.3118,0.3118
2025-06-02T20:00:00Z,ENAUSDT,0.00005,0.306,0.306
2025-06-03T00:00:00Z,ENAUSDT,0.00005,0.3224,0.3224
2025-06-03T04:00:00Z,ENAUSDT,0.00005,0.3291,0.3291
2025-06-03T08:00:00Z,ENAUSDT,0.00005,0.3387,0.3387
2025-06-03T12:00:00Z,ENAUSDT,0.00005,0.341,0.341
2025-06-03T16:00:00Z,ENAUSDT,0.00005,0.3421,0.3421
2025-06-03T20:00:00Z,ENAUSDT,0.00005,0.341,0.341
2025-06-04T00:00:00Z,ENAUSDT,0.00005,0.337,0.337
2025-06-04T04:00:00Z,ENAUSDT,0.00005,0.3461,0.3461
2025-06-04T08:00:00Z,ENAUSDT,0.00005,0.3413,0.3413
2025-06-04T12:00:00Z,ENAUSDT,0.00005,0.3334,0.3334
2025-06-04T16:00:00Z,ENAUSDT,0.00005,0.3442,0.3442
2025-06-04T20:00:00Z,ENAUSDT,0.00005,0.3224,0.3224
2025-06-05T00:00:00Z,ENAUSDT,0.00005,0.3136,0.3136
2025-06-05T04:00:00Z,ENAUSDT,0.00005,0.3162,0.3162
2025-06-05T08:00:00Z,ENAUSDT,0.00005,0.3146,0.3146
2025-06-05T12:00:00Z,ENAUSDT,0.00005,0.3096,0.3096
2025-06-05T16:00:00Z,ENAUSDT,0.00005,0.3099,0.3099
2025-06-05T20:00:00Z,ENAUSDT,0.00005,0.3001,0.3001
2025-06-06T00:00:00Z,ENAUSDT,0.00005,0.2843,0.2843
2025-06-06T04:00:00Z,ENAUSDT,-0.000047407049336892,0.2933,0.2933
2025-06-06T08:00:00Z,ENAUSDT,0.00005,0.2928,0.2928
2025-06-06T12:00:00Z,ENAUSDT,0.00005,0.2954,0.2954
2025-06-06T16:00:00Z,ENAUSDT,0.00005,0.3023,0.3023
2025-06-06T20:00:00Z,ENAUSDT,0.00005,0.2949,0.2949
2025-06-07T00:00:00Z,ENAUSDT,0.00005,0.2977,0.2977
2025-06-07T04:00:00Z,ENAUSDT,0.00005,0.3057,0.3057
2025-06-07T08:00:00Z,ENAUSDT,0.00005,0.3096,0.3096
2025-06-07T12:00:00Z,ENAUSDT,0.00005,0.3196,0.3196
2025-06-07T16:00:00Z,ENAUSDT,0.00005,0.3324,0.3324
2025-06-07T20:00:00Z,ENAUSDT,0.00005,0.3251,0.3251
2025-06-08T00:00:00Z,ENAUSDT,0.00005,0.3211,0.3211
2025-06-08T04:00:00Z,ENAUSDT,0.00005,0.3175,0.3175
2025-06-08T08:00:00Z,ENAUSDT,0.00005,0.3167,0.3167
2025-06-08T12:00:00Z,ENAUSDT,0.00005,0.3145,0.3145
2025-06-08T16:00:00Z,ENAUSDT,0.00005,0.3142,0.3142
2025-06-08T20:00:00Z,ENAUSDT,0.00005,0.3194,0.3194
2025-06-09T00:00:00Z,ENAUSDT,0.00005,0.3168,0.3168
2025-06-09T04:00:00Z,ENAUSDT,0.00005,0.3206,0.3206
2025-06-09T08:00:00Z,ENAUSDT,0.00005,0.3196,0.3196
2025-06-09T12:00:00Z,ENAUSDT,0.00005,0.3279,0.3279
2025-06-09T16:00:00Z,ENAUSDT,0.00005,0.3244,0.3244
2025-06-09T20:00:00Z,ENAUSDT,0.00005,0.3275,0.3275
2025-06-10T00:00:00Z,ENAUSDT,0.00005,0.3427,0.3427
2025-06-10T04:00:00Z,ENAUSDT,0.00005,0.3471,0.3471
2025-06-10T08:00:00Z,ENAUSDT,0.00005,0.3393,0.3393
2025-06-10T12:00:00Z,ENAUSDT,0.00005,0.3679,0.3679
2025-06-10T16:00:00Z,ENAUSDT,0.00005,0.3567,0.3567
2025-06-10T20:00:00Z,ENAUSDT,0.00005,0.3578,0.3578
2025-06-11T00:00:00Z,ENAUSDT,0.00005,0.3705,0.3705
2025-06-11T04:00:00Z,ENAUSDT,0.00005,0.3582,0.3582
2025-06-11T08:00:00Z,ENAUSDT,0.00005,0.3601,0.3601
2025-06-11T12:00:00Z,ENAUSDT,0.00005,0.3524,0.3524
2025-06-11T16:00:00Z,ENAUSDT,0.00005,0.3739,0.3739
2025-06-11T20:00:00Z,ENAUSDT,0.00005,0.355,0.355
2025-06-12T00:00:00Z,ENAUSDT,0.00005,0.3455,0.3455
2025-06-12T04:00:00Z,ENAUSDT,0.00005,0.3417,0.3417
2025-06-12T08:00:00Z,ENAUSDT,0.00005,0.3304,0.3304
2025-06-12T12:00:00Z,ENAUSDT,0.00005,0.3266,0.3266
2025-06-12T16:00:00Z,ENAUSDT,0.00005,0.3241,0.3241
2025-06-12T20:00:00Z,ENAUSDT,0.00005,0.3187,0.3187
2025-06-13T00:00:00Z,ENAUSDT,0.00005,0.3115,0.3115
2025-06-13T04:00:00Z,ENAUSDT,0.00005,0.287,0.287
2025-06-13T08:00:00Z,ENAUSDT,0.00005,0.2945,0.2945
2025-06-13T12:00:00Z,ENAUSDT,0.00005,0.2934,0.2934
2025-06-13T16:00:00Z,ENAUSDT,0.00005,0.2946,0.2946
2025-06-13T20:00:00Z,ENAUSDT,0.00005,0.2905,0.2905
2025-06-14T00:00:00Z,ENAUSDT,0.00005,0.3,0.3
2025-06-14T04:00:00Z,ENAUSDT,0.00005,0.2982,0.2982
2025-06-14T08:00:00Z,ENAUSDT,0.00005,0.2967,0.2967
2025-06-14T12:00:00Z,ENAUSDT,0.00005,0.2961,0.2961
2025-06-14T16:00:00Z,ENAUSDT,0.00005,0.2917,0.2917
2025-06-14T20:00:00Z,ENAUSDT,0.00005,0.2897,0.2897
2025-06-15T00:00:00Z,ENAUSDT,0.00005,0.2928,0.2928
2025-06-15T04:00:00Z,ENAUSDT,0.00005,0.2952,0.2952
2025-06-15T08:00:00Z,ENAUSDT,0.00005,0.2965,0.2965
2025-06-15T12:00:00Z,ENAUSDT,0.00005,0.2966,0.2966
2025-06-15T16:00:00Z,ENAUSDT,0.00005,0.2999,0.2999
2025-06-15T20:00:00Z,ENAUSDT,0.00005,0.2987,0.2987
2025-06-16T00:00:00Z,ENAUSDT,0.00005,0.3029,0.3029
2025-06-16T04:00:00Z,ENAUSDT,0.00005,0.3047,0.3047
2025-06-16T08:00:00Z,ENAUSDT,0.00005,0.3109,0.3109
2025-06-16T12:00:00Z,ENAUSDT,0.00005,0.3093,0.3093
2025-06-16T16:00:00Z,ENAUSDT,0.00005,0.3111,0.3111
2025-06-16T20:00:00Z,ENAUSDT,0.00005,0.3121,0.3121
2025-06-17T00:00:00Z,ENAUSDT,0.00005,0.2942,0.2942
2025-06-17T04:00:00Z,ENAUSDT,0.00005,0.2983,0.2983
2025-06-17T08:00:00Z,ENAUSDT,0.00005,0.2926,0.2926
2025-06-17T12:00:00Z,ENAUSDT,0.00005,0.287,0.287
2025-06-17T16:00:00Z,ENAUSDT,0.00005,0.2815,0.2815
2025-06-17T20:00:00Z,ENAUSDT,0.00005,0.2872,0.2872
2025-06-18T00:00:00Z,ENAUSDT,0.00005,0.2806,0.2806
2025-06-18T04:00:00Z,ENAUSDT,0.00005,0.2802,0.2802
2025-06-18T08:00:00Z,ENAUSDT,0.00005,0.2814,0.2814
2025-06-18T12:00:00Z,ENAUSDT,0.00005,0.2738,0.2738
2025-06-18T16:00:00Z,ENAUSDT,0.00005,0.2778,0.2778
2025-06-18T20:00:00Z,ENAUSDT,0.00005,0.2768,0.2768
2025-06-19T00:00:00Z,ENAUSDT,0.00005,0.2861,0.2861
2025-06-19T04:00:00Z,ENAUSDT,0.00005,0.2865,0.2865
2025-06-19T08:00:00Z,ENAUSDT,0.00005,0.2862,0.2862
2025-06-19T12:00:00Z,ENAUSDT,0.00005,0.2862,0.2862
2025-06-19T16:00:00Z,ENAUSDT,0.00005,0.2819,0.2819
2025-06-19T20:00:00Z,ENAUSDT,0.00005,0.2823,0.2823
2025-06-20T00:00:00Z,ENAUSDT,0.00005,0.2828,0.2828
2025-06-20T04:00:00Z,ENAUSDT,0.00005,0.282,0.282
2025-06-20T08:00:00Z,ENAUSDT,0.00005,0.2894,0.2894
2025-06-20T12:00:00Z,ENAUSDT,0.00005,0.2888,0.2888
2025-06-20T16:00:00Z,ENAUSDT,0.00005,0.2799,0.2799
2025-06-20T20:00:00Z,ENAUSDT,0.00005,0.27,0.27
2025-06-21T00:00:00Z,ENAUSDT,0.00005,0.2656,0.2656
2025-06-21T04:00:00Z,ENAUSDT,0.00005,0.2688,0.2688
2025-06-21T08:00:00Z,ENAUSDT,0.00005,0.2681,0.2681
2025-06-21T12:00:00Z,ENAUSDT,0.00005,0.2682,0.2682
2025-06-21T16:00:00Z,ENAUSDT,0.00005,0.2636,0.2636
2025-06-21T20:00:00Z,ENAUSDT,0.00005,0.254,0.254
2025-06-22T00:00:00Z,ENAUSDT,0.00005,0.2502,0.2502
2025-06-22T04:00:00Z,ENAUSDT,0.00005,0.2458,0.2458
2025-06-22T08:00:00Z,ENAUSDT,0.00005,0.2481,0.2481
2025-06-22T12:00:00Z,ENAUSDT,0.00005,0.2441,0.2441
2025-06-22T16:00:00Z,ENAUSDT,0.00005,0.2308,0.2308
2025-06-22T20:00:00Z,ENAUSDT,0.00005,0.2286,0.2286
2025-06-23T00:00:00Z,ENAUSDT,0.00005,0.2381,0.2381
2025-06-23T04:00:00Z,ENAUSDT,0.00005,0.241,0.241
2025-06-23T08:00:00Z,ENAUSDT,0.00005,0.2446,0.2446
2025-06-23T12:00:00Z,ENAUSDT,0.00005,0.2412,0.2412
2025-06-23T16:00:00Z,ENAUSDT,0.00005,0.238,0.238
2025-06-23T20:00:00Z,ENAUSDT,0.00005,0.2524,0.2524
2025-06-24T00:00:00Z,ENAUSDT,0.00005,0.2694,0.2694
2025-06-24T04:00:00Z,ENAUSDT,0.00005,0.269,0.269
2025-06-24T08:00:00Z,ENAUSDT,0.00005,0.2687,0.2687
2025-06-24T12:00:00Z,ENAUSDT,0.00005,0.2684,0.2684
2025-06-24T16:00:00Z,ENAUSDT,0.00005,0.2697,0.2697
2025-06-24T20:00:00Z,ENAUSDT,0.00005,0.265,0.265
2025-06-25T00:00:00Z,ENAUSDT,0.00005,0.2691,0.2691
2025-06-25T04:00:00Z,ENAUSDT,0.00005,0.2694,0.2694
2025-06-25T08:00:00Z,ENAUSDT,0.00005,0.2688,0.2688
2025-06-25T12:00:00Z,ENAUSDT,0.00005,0.2676,0.2676
2025-06-25T16:00:00Z,ENAUSDT,0.00005,0.2608,0.2608
2025-06-25T20:00:00Z,ENAUSDT,0.00005,0.2611,0.2611
2025-06-26T00:00:00Z,ENAUSDT,0.00005,0.2577,0.2577
2025-06-26T04:00:00Z,ENAUSDT,0.00005,0.2642,0.2642
2025-06-26T08:00:00Z,ENAUSDT,0.00005,0.2647,0.2647
2025-06-26T12:00:00Z,ENAUSDT,0.00005,0.2563,0.2563
2025-06-26T16:00:00Z,ENAUSDT,0.00005,0.2505,0.2505
2025-06-26T20:00:00Z,ENAUSDT,0.00005,0.2506,0.2506
2025-06-27T00:00:00Z,ENAUSDT,0.00005,0.2498,0.2498
2025-06-27T04:00:00Z,ENAUSDT,0.00005,0.2513,0.2513
2025-06-27T08:00:00Z,ENAUSDT,0.00005,0.2506,0.2506
2025-06-27T12:00:00Z,ENAUSDT,0.00005,0.2507,0.2507
2025-06-27T16:00:00Z,ENAUSDT,0.00005,0.2535,0.2535
2025-06-27T20:00:00Z,ENAUSDT,0.00005,0.2481,0.2481
2025-06-28T00:00:00Z,ENAUSDT,0.00005,0.2538,0.2538
2025-06-28T04:00:00Z,ENAUSDT,0.00005,0.2528,0.2528
2025-06-28T08:00:00Z,ENAUSDT,0.00005,0.256,0.256
2025-06-28T12:00:00Z,ENAUSDT,0.00005,0.2578,0.2578
2025-06-28T16:00:00Z,ENAUSDT,0.00005,0.2623,0.2623
2025-06-28T20:00:00Z,ENAUSDT,0.00005,0.2637,0.2637
2025-06-29T00:00:00Z,ENAUSDT,0.00005,0.2651,0.2651
2025-06-29T04:00:00Z,ENAUSDT,0.00005,0.261,0.261
2025-06-29T08:00:00Z,ENAUSDT,0.00005,0.2648,0.2648
2025-06-29T12:00:00Z,ENAUSDT,0.00005,0.2665,0.2665
2025-06-29T16:00:00Z,ENAUSDT,0.00005,0.2645,0.2645
2025-06-29T20:00:00Z,ENAUSDT,0.00005,0.2684,0.2684
2025-06-30T00:00:00Z,ENAUSDT,0.00005,0.2785,0.2785
2025-06-30T04:00:00Z,ENAUSDT,0.00005,0.2708,0.2708
2025-06-30T08:00:00Z,ENAUSDT,0.00005,0.2716,0.2716
2025-06-30T12:00:00Z,ENAUSDT,0.00005,0.2668,0.2668
2025-06-30T16:00:00Z,ENAUSDT,0.00005,0.2681,0.2681
2025-06-30T20:00:00Z,ENAUSDT,0.00005,0.2742,0.2742
2025-07-01T00:00:00Z,ENAUSDT,0.00005,0.2664,0.2664
2025-07-01T04:00:00Z,ENAUSDT,0.00005,0.2649,0.2649
2025-07-01T08:00:00Z,ENAUSDT,0.00005,0.2628,0.2628
2025-07-01T12:00:00Z,ENAUSDT,0.00005,0.2581,0.2581
2025-07-01T16:00:00Z,ENAUSDT,0.00005,0.256,0.256
2025-07-01T20:00:00Z,ENAUSDT,0.00005,0.2524,0.2524
2025-07-02T00:00:00Z,ENAUSDT,0.00005,0.2524,0.2524
2025-07-02T04:00:00Z,ENAUSDT,0.00005,0.2538,0.2538
2025-07-02T08:00:00Z,ENAUSDT,0.00005,0.2597,0.2597
2025-07-02T12:00:00Z,ENAUSDT,0.00005,0.2597,0.2597
2025-07-02T16:00:00Z,ENAUSDT,0.00005,0.2667,0.2667
2025-07-02T20:00:00Z,ENAUSDT,0.00005,0.2786,0.2786
2025-07-03T00:00:00Z,ENAUSDT,0.00005,0.2764,0.2764
2025-07-03T04:00:00Z,ENAUSDT,0.00005,0.2779,0.2779
2025-07-03T08:00:00Z,ENAUSDT,0.00005,0.2867,0.2867
2025-07-03T12:00:00Z,ENAUSDT,0.00005,0.2792,0.2792
2025-07-03T16:00:00Z,ENAUSDT,0.00005,0.2708,0.2708
2025-07-03T20:00:00Z,ENAUSDT,0.00005,0.2741,0.2741
2025-07-04T00:00:00Z,ENAUSDT,0.00005,0.2763,0.2763
2025-07-04T04:00:00Z,ENAUSDT,0.00005,0.2723,0.2723
2025-07-04T08:00:00Z,ENAUSDT,0.00005,0.2637,0.2637
2025-07-04T12:00:00Z,ENAUSDT,0.00005,0.262,0.262
2025-07-04T16:00:00Z,ENAUSDT,0.00005,0.253,0.253
2025-07-04T20:00:00Z,ENAUSDT,0.00005,0.2488,0.2488
2025-07-05T00:00:00Z,ENAUSDT,0.00005,0.2532,0.2532
2025-07-05T04:00:00Z,ENAUSDT,0.00005,0.2546,0.2546
2025-07-05T08:00:00Z,ENAUSDT,0.00005,0.2548,0.2548
2025-07-05T12:00:00Z,ENAUSDT,0.00005,0.2542,0.2542
2025-07-05T16:00:00Z,ENAUSDT,0.00005,0.2541,0.2541
2025-07-05T20:00:00Z,ENAUSDT,0.00005,0.2524,0.2524
2025-07-06T00:00:00Z,ENAUSDT,0.00005,0.2552,0.2552
2025-07-06T04:00:00Z,ENAUSDT,0.00005,0.2542,0.2542
2025-07-06T08:00:00Z,ENAUSDT,0.00005,0.2543,0.2543
2025-07-06T12:00:00Z,ENAUSDT,0.00005,0.2551,0.2551
2025-07-06T16:00:00Z,ENAUSDT,0.00005,0.2603,0.2603
2025-07-06T20:00:00Z,ENAUSDT,0.00005,0.2599,0.2599
2025-07-07T00:00:00Z,ENAUSDT,0.00005,0.2622,0.2622
2025-07-07T04:00:00Z,ENAUSDT,0.00005,0.2664,0.2664
2025-07-07T08:00:00Z,ENAUSDT,0.00005,0.2663,0.2663
2025-07-07T12:00:00Z,ENAUSDT,0.00005,0.2621,0.2621
2025-07-07T16:00:00Z,ENAUSDT,0.00005,0.2587,0.2587
2025-07-07T20:00:00Z,ENAUSDT,0.00005,0.2581,0.2581
2025-07-08T00:00:00Z,ENAUSDT,0.00005,0.2562,0.2562
2025-07-08T04:00:00Z,ENAUSDT,0.00005,0.2538,0.2538
2025-07-08T08:00:00Z,ENAUSDT,0.00005,0.2551,0.2551
2025-07-08T12:00:00Z,ENAUSDT,0.00005,0.2592,0.2592
2025-07-08T16:00:00Z,ENAUSDT,0.00005,0.2542,0.2542
2025-07-08T20:00:00Z,ENAUSDT,0.00005,0.2638,0.2638
2025-07-09T00:00:00Z,ENAUSDT,0.00005,0.2661,0.2661
2025-07-09T04:00:00Z,ENAUSDT,0.00005,0.262,0.262
2025-07-09T08:00:00Z,ENAUSDT,0.00005,0.2662,0.2662
2025-07-09T12:00:00Z,ENAUSDT,0.00005,0.2694,0.2694
2025-07-09T16:00:00Z,ENAUSDT,0.00005,0.2692,0.2692
2025-07-09T20:00:00Z,ENAUSDT,0.00005,0.2836,0.2836
2025-07-10T00:00:00Z,ENAUSDT,0.00005,0.288,0.288
2025-07-10T04:00:00Z,ENAUSDT,0.00005,0.2887,0.2887
2025-07-10T08:00:00Z,ENAUSDT,0.00005,0.2913,0.2913
2025-07-10T12:00:00Z,ENAUSDT,0.00005,0.2877,0.2877
2025-07-10T16:00:00Z,ENAUSDT,0.00005,0.2911,0.2911
2025-07-10T20:00:00Z,ENAUSDT,0.00005,0.302,0.302
2025-07-11T00:00:00Z,ENAUSDT,0.00005,0.3179,0.3179
2025-07-11T04:00:00Z,ENAUSDT,0.00005,0.3274,0.3274
2025-07-11T08:00:00Z,ENAUSDT,0.00005,0.3461,0.3461
2025-07-11T12:00:00Z,ENAUSDT,0.00005,0.3557,0.3557
2025-07-11T16:00:00Z,ENAUSDT,0.00005,0.3413,0.3413
2025-07-11T20:00:00Z,ENAUSDT,0.00005,0.3503,0.3503
2025-07-12T00:00:00Z,ENAUSDT,0.00005,0.338,0.338
2025-07-12T04:00:00Z,ENAUSDT,0.00005,0.3363,0.3363
2025-07-12T08:00:00Z,ENAUSDT,0.00005,0.3347,0.3347
2025-07-12T12:00:00Z,ENAUSDT,0.00005,0.3341,0.3341
2025-07-12T16:00:00Z,ENAUSDT,0.00005,0.3154,0.3154
2025-07-12T20:00:00Z,ENAUSDT,0.00005,0.3239,0.3239
2025-07-13T00:00:00Z,ENAUSDT,0.00005,0.3228,0.3228
2025-07-13T04:00:00Z,ENAUSDT,0.00005,0.3245,0.3245
2025-07-13T08:00:00Z,ENAUSDT,0.00005,0.3342,0.3342
2025-07-13T12:00:00Z,ENAUSDT,0.00005,0.3361,0.3361
2025-07-13T16:00:00Z,ENAUSDT,0.00005,0.3441,0.3441
2025-07-13T20:00:00Z,ENAUSDT,0.00005,0.3453,0.3453
2025-07-14T00:00:00Z,ENAUSDT,0.00005,0.343,0.343
2025-07-14T04:00:00Z,ENAUSDT,0.00005,0.3539,0.3539
2025-07-14T08:00:00Z,ENAUSDT,0.00005,0.3526,0.3526
2025-07-14T12:00:00Z,ENAUSDT,0.00005,0.3533,0.3533
2025-07-14T16:00:00Z,ENAUSDT,0.00005,0.342,0.342
2025-07-14T20:00:00Z,ENAUSDT,0.00005,0.3358,0.3358
2025-07-15T00:00:00Z,ENAUSDT,0.00005,0.3365,0.3365
2025-07-15T04:00:00Z,ENAUSDT,0.00005,0.3252,0.3252
2025-07-15T08:00:00Z,ENAUSDT,0.00005,0.3298,0.3298
2025-07-15T12:00:00Z,ENAUSDT,0.00005,0.3373,0.3373
2025-07-15T16:00:00Z,ENAUSDT,0.00005,0.347,0.347
2025-07-15T20:00:00Z,ENAUSDT,0.00005,0.3441,0.3441
2025-07-16T00:00:00Z,ENAUSDT,0.00005,0.3612,0.3612
2025-07-16T04:00:00Z,ENAUSDT,0.00005,0.3518,0.3518
2025-07-16T08:00:00Z,ENAUSDT,0.00005,0.3614,0.3614
2025-07-16T12:00:00Z,ENAUSDT,0.00005,0.3643,0.3643
2025-07-16T16:00:00Z,ENAUSDT,0.00005,0.3665,0.3665
2025-07-16T20:00:00Z,ENAUSDT,0.00005,0.3745,0.3745
2025-07-17T00:00:00Z,ENAUSDT,0.00005,0.3722,0.3722
2025-07-17T04:00:00Z,ENAUSDT,0.00005,0.3619,0.3619
2025-07-17T08:00:00Z,ENAUSDT,0.00005,0.3757,0.3757
2025-07-17T12:00:00Z,ENAUSDT,0.00005,0.3808,0.3808
2025-07-17T16:00:00Z,ENAUSDT,0.00005,0.3789,0.3789
2025-07-17T20:00:00Z,ENAUSDT,0.00005,0.3664,0.3664
2025-07-18T00:00:00Z,ENAUSDT,0.00005,0.379,0.379
2025-07-18T04:00:00Z,ENAUSDT,0.00005,0.3944,0.3944
2025-07-18T08:00:00Z,ENAUSDT,0.00005,0.3999,0.3999
2025-07-18T12:00:00Z,ENAUSDT,0.00005,0.4006,0.4006
2025-07-18T16:00:00Z,ENAUSDT,0.00005,0.3889,0.3889
2025-07-18T20:00:00Z,ENAUSDT,0.00005,0.3895,0.3895
2025-07-19T00:00:00Z,ENAUSDT,0.00005,0.3903,0.3903
2025-07-19T04:00:00Z,ENAUSDT,0.00005,0.4004,0.4004
2025-07-19T08:00:00Z,ENAUSDT,0.00005,0.3975,0.3975
2025-07-19T12:00:00Z,ENAUSDT,0.00005,0.3962,0.3962
2025-07-19T16:00:00Z,ENAUSDT,0.00005,0.4067,0.4067
2025-07-19T20:00:00Z,ENAUSDT,0.00005,0.4125,0.4125
2025-07-20T00:00:00Z,ENAUSDT,0.00005,0.4339,0.4339
2025-07-20T04:00:00Z,ENAUSDT,0.00005,0.4546,0.4546
2025-07-20T08:00:00Z,ENAUSDT,0.00005,0.4589,0.4589
2025-07-20T12:00:00Z,ENAUSDT,0.00005,0.4963,0.4963
2025-07-20T16:00:00Z,ENAUSDT,0.00005,0.5181,0.5181
2025-07-20T20:00:00Z,ENAUSDT,0.00005,0.5039,0.5039
2025-07-21T00:00:00Z,ENAUSDT,0.00005,0.4918,0.4918
2025-07-21T04:00:00Z,ENAUSDT,0.00005,0.4957,0.4957
2025-07-21T08:00:00Z,ENAUSDT,0.00005,0.5017,0.5017
2025-07-21T12:00:00Z,ENAUSDT,0.00005,0.5024,0.5024
2025-07-21T16:00:00Z,ENAUSDT,0.00005,0.5306,0.5306
2025-07-21T20:00:00Z,ENAUSDT,0.00005,0.5228,0.5228
2025-07-22T00:00:00Z,ENAUSDT,0.00005,0.5172,0.5172
2025-07-22T04:00:00Z,ENAUSDT,0.00005,0.5115,0.5115
2025-07-22T08:00:00Z,ENAUSDT,0.00005,0.4948,0.4948
2025-07-22T12:00:00Z,ENAUSDT,0.00005,0.5043,0.5043
2025-07-22T16:00:00Z,ENAUSDT,0.00005,0.5099,0.5099
2025-07-22T20:00:00Z,ENAUSDT,0.00005,0.4953,0.4953
2025-07-23T00:00:00Z,ENAUSDT,0.00005,0.5093,0.5093
2025-07-23T04:00:00Z,ENAUSDT,0.00005,0.486,0.486
2025-07-23T08:00:00Z,ENAUSDT,0.00005,0.4771,0.4771
2025-07-23T12:00:00Z,ENAUSDT,0.00005,0.4679,0.4679
2025-07-23T16:00:00Z,ENAUSDT,0.00005,0.468,0.468
2025-07-23T20:00:00Z,ENAUSDT,0.00005,0.468,0.468
2025-07-24T00:00:00Z,ENAUSDT,0.00005,0.4593,0.4593
2025-07-24T04:00:00Z,ENAUSDT,0.00005,0.4759,0.4759
2025-07-24T08:00:00Z,ENAUSDT,0.00005,0.447,0.447
2025-07-24T12:00:00Z,ENAUSDT,0.00005,0.4768,0.4768
2025-07-24T16:00:00Z,ENAUSDT,0.00005,0.4937,0.4937
2025-07-24T20:00:00Z,ENAUSDT,0.00005,0.4943,0.4943
2025-07-25T00:00:00Z,ENAUSDT,0.00005,0.4703,0.4703
2025-07-25T04:00:00Z,ENAUSDT,0.00005,0.491,0.491
2025-07-25T08:00:00Z,ENAUSDT,0.00005,0.5052,0.5052
2025-07-25T12:00:00Z,ENAUSDT,0.00005,0.5679,0.5679
2025-07-25T16:00:00Z,ENAUSDT,0.00005,0.5651,0.5651
2025-07-25T20:00:00Z,ENAUSDT,0.00005,0.5385,0.5385
2025-07-26T00:00:00Z,ENAUSDT,0.00005,0.6035,0.6035
2025-07-26T04:00:00Z,ENAUSDT,0.00005,0.5856,0.5856
2025-07-26T08:00:00Z,ENAUSDT,0.00005,0.5914,0.5914
2025-07-26T12:00:00Z,ENAUSDT,0.00005,0.5755,0.5755
2025-07-26T16:00:00Z,ENAUSDT,0.00005,0.5629,0.5629
2025-07-26T20:00:00Z,ENAUSDT,0.00005,0.5925,0.5925
2025-07-27T00:00:00Z,ENAUSDT,0.00005,0.6184,0.6184
2025-07-27T04:00:00Z,ENAUSDT,0.00005,0.6126,0.6126
2025-07-27T08:00:00Z,ENAUSDT,0.00005,0.6126,0.6126
2025-07-27T12:00:00Z,ENAUSDT,0.00005,0.6124,0.6124
2025-07-27T16:00:00Z,ENAUSDT,0.00005,0.6455,0.6455
2025-07-27T20:00:00Z,ENAUSDT,0.00005,0.6672,0.6672
2025-07-28T00:00:00Z,ENAUSDT,0.00005,0.6702,0.6702
2025-07-28T04:00:00Z,ENAUSDT,0.00005,0.6706,0.6706
2025-07-28T08:00:00Z,ENAUSDT,0.00005,0.681,0.681
2025-07-28T12:00:00Z,ENAUSDT,0.00005,0.6681,0.6681
2025-07-28T16:00:00Z,ENAUSDT,0.00005,0.6575,0.6575
2025-07-28T20:00:00Z,ENAUSDT,0.00005,0.6398,0.6398
2025-07-29T00:00:00Z,ENAUSDT,0.00005,0.634,0.634
2025-07-29T04:00:00Z,ENAUSDT,0.00005,0.623,0.623
2025-07-29T08:00:00Z,ENAUSDT,0.00005,0.6409,0.6409
2025-07-29T12:00:00Z,ENAUSDT,0.00005,0.6122,0.6122
2025-07-29T16:00:00Z,ENAUSDT,0.00005,0.5838,0.5838
2025-07-29T20:00:00Z,ENAUSDT,0.00005,0.5702,0.5702
2025-07-30T00:00:00Z,ENAUSDT,0.00005,0.5718,0.5718
2025-07-30T04:00:00Z,ENAUSDT,0.00005,0.5763,0.5763
2025-07-30T08:00:00Z,ENAUSDT,0.00005,0.5804,0.5804
2025-07-30T12:00:00Z,ENAUSDT,0.00005,0.5588,0.5588
2025-07-30T16:00:00Z,ENAUSDT,0.00005,0.5449,0.5449
2025-07-30T20:00:00Z,ENAUSDT,0.00005,0.5941,0.5941
2025-07-31T00:00:00Z,ENAUSDT,0.00005,0.6078,0.6078
2025-07-31T04:00:00Z,ENAUSDT,0.00005,0.6348,0.6348
2025-07-31T08:00:00Z,ENAUSDT,0.00005,0.6583,0.6583
2025-07-31T12:00:00Z,ENAUSDT,0.00005,0.671,0.671
2025-07-31T16:00:00Z,ENAUSDT,0.00005,0.6122,0.6122
2025-07-31T20:00:00Z,ENAUSDT,0.00005,0.5876,0.5876
2025-08-01T00:00:00Z,ENAUSDT,0.00005,0.5693,0.5693
2025-08-01T04:00:00Z,ENAUSDT,0.00005,0.5914,0.5914
2025-08-01T08:00:00Z,ENAUSDT,0.00005,0.5928,0.5928
2025-08-01T12:00:00Z,ENAUSDT,0.00005,0.6005,0.6005
2025-08-01T16:00:00Z,ENAUSDT,0.00005,0.5945,0.5945
2025-08-01T20:00:00Z,ENAUSDT,0.00005,0.5936,0.5936
2025-08-02T00:00:00Z,ENAUSDT,-0.000372140074002207,0.5782,0.5782
2025-08-02T04:00:00Z,ENAUSDT,0.00005,0.581,0.581
2025-08-02T08:00:00Z,ENAUSDT,0.00005,0.5514,0.5514
2025-08-02T12:00:00Z,ENAUSDT,0.00005,0.5386,0.5386
2025-08-02T16:00:00Z,ENAUSDT,0.00005,0.5372,0.5372
2025-08-02T20:00:00Z,ENAUSDT,-0.000329475577996787,0.5308,0.5308
2025-08-03T00:00:00Z,ENAUSDT,-0.000417900452335918,0.5213,0.5213
2025-08-03T04:00:00Z,ENAUSDT,-0.000156562363763346,0.5336,0.5336
2025-08-03T08:00:00Z,ENAUSDT,0.00005,0.5496,0.5496
2025-08-03T12:00:00Z,ENAUSDT,0.000005871281334409,0.56,0.56
2025-08-03T16:00:00Z,ENAUSDT,-0.00017644932627528,0.5786,0.5786
2025-08-03T20:00:00Z,ENAUSDT,-0.000439383423834589,0.5913,0.5913
2025-08-04T00:00:00Z,ENAUSDT,-0.000401132674931194,0.5931,0.5931
2025-08-04T04:00:00Z,ENAUSDT,-0.000200056812020998,0.6155,0.6155
2025-08-04T08:00:00Z,ENAUSDT,0.00005,0.6211,0.6211
2025-08-04T12:00:00Z,ENAUSDT,0.00005,0.6103,0.6103
2025-08-04T16:00:00Z,ENAUSDT,-0.000514551868914986,0.6195,0.6195
2025-08-04T20:00:00Z,ENAUSDT,0.00005,0.5991,0.5991
2025-08-05T00:00:00Z,ENAUSDT,0.00005,0.6016,0.6016
2025-08-05T04:00:00Z,ENAUSDT,0.00005,0.5867,0.5867
2025-08-05T08:00:00Z,ENAUSDT,0.00005,0.5793,0.5793
2025-08-05T12:00:00Z,ENAUSDT,0.000008012040944628,0.5892,0.5892
2025-08-05T16:00:00Z,ENAUSDT,0.00005,0.5765,0.5765
2025-08-05T20:00:00Z,ENAUSDT,0.00005,0.5746,0.5746
2025-08-06T00:00:00Z,ENAUSDT,0.00005,0.578,0.578
2025-08-06T04:00:00Z,ENAUSDT,0.00005,0.5592,0.5592
2025-08-06T08:00:00Z,ENAUSDT,0.00005,0.5848,0.5848
2025-08-06T12:00:00Z,ENAUSDT,-0.000029891694062183,0.5682,0.5682
2025-08-06T16:00:00Z,ENAUSDT,0.00005,0.5917,0.5917
2025-08-06T20:00:00Z,ENAUSDT,0.00005,0.5971,0.5971
2025-08-07T00:00:00Z,ENAUSDT,0.00005,0.6005,0.6005
2025-08-07T04:00:00Z,ENAUSDT,-0.000021341219262645,0.5972,0.5972
2025-08-07T08:00:00Z,ENAUSDT,-0.000001264541232905,0.5996,0.5996
2025-08-07T12:00:00Z,ENAUSDT,-0.000357421867027439,0.6316,0.6316
2025-08-07T16:00:00Z,ENAUSDT,0.000033195184695466,0.6182,0.6182
2025-08-07T20:00:00Z,ENAUSDT,0.00005,0.64,0.64
2025-08-08T00:00:00Z,ENAUSDT,0.00005,0.6361,0.6361
2025-08-08T04:00:00Z,ENAUSDT,-0.000023594651035797,0.6328,0.6328
2025-08-08T08:00:00Z,ENAUSDT,-0.000238770716045006,0.6223,0.6223
2025-08-08T12:00:00Z,ENAUSDT,-0.000280169823587685,0.6196,0.6196
2025-08-08T16:00:00Z,ENAUSDT,-0.000186923227008426,0.6211,0.6211
2025-08-08T20:00:00Z,ENAUSDT,0.00005,0.6606,0.6606
2025-08-09T00:00:00Z,ENAUSDT,0.00005,0.6442,0.6442
2025-08-09T04:00:00Z,ENAUSDT,0.00005,0.6529,0.6529
2025-08-09T08:00:00Z,ENAUSDT,0.00005,0.7198,0.7198
2025-08-09T12:00:00Z,ENAUSDT,0.00005,0.7331,0.7331
2025-08-09T16:00:00Z,ENAUSDT,0.00005,0.7344,0.7344
2025-08-09T20:00:00Z,ENAUSDT,0.00005,0.7557,0.7557
2025-08-10T00:00:00Z,ENAUSDT,0.00005,0.7364,0.7364
2025-08-10T04:00:00Z,ENAUSDT,0.00005,0.7452,0.7452
2025-08-10T08:00:00Z,ENAUSDT,0.00005,0.7351,0.7351
2025-08-10T12:00:00Z,ENAUSDT,0.00005,0.7419,0.7419
2025-08-10T16:00:00Z,ENAUSDT,0.00005,0.7928,0.7928
2025-08-10T20:00:00Z,ENAUSDT,0.00005,0.7777,0.7777
2025-08-11T00:00:00Z,ENAUSDT,0.00005,0.7954,0.7954
2025-08-11T04:00:00Z,ENAUSDT,0.00005,0.8358,0.8358
2025-08-11T08:00:00Z,ENAUSDT,0.00005,0.8259,0.8259
2025-08-11T12:00:00Z,ENAUSDT,0.00005,0.7907,0.7907
2025-08-11T16:00:00Z,ENAUSDT,0.00005,0.8161,0.8161
2025-08-11T20:00:00Z,ENAUSDT,0.00005,0.792,0.792
2025-08-12T00:00:00Z,ENAUSDT,0.00005,0.7945,0.7945
2025-08-12T04:00:00Z,ENAUSDT,0.00005,0.8142,0.8142
2025-08-12T08:00:00Z,ENAUSDT,0.00005,0.7948,0.7948
2025-08-12T12:00:00Z,ENAUSDT,0.00005,0.7767,0.7767
2025-08-12T16:00:00Z,ENAUSDT,0.00005,0.8156,0.8156
2025-08-12T20:00:00Z,ENAUSDT,0.00005,0.8107,0.8107
2025-08-13T00:00:00Z,ENAUSDT,0.00005,0.8087,0.8087
2025-08-13T04:00:00Z,ENAUSDT,0.00005,0.7934,0.7934
2025-08-13T08:00:00Z,ENAUSDT,0.00005,0.7924,0.7924
2025-08-13T12:00:00Z,ENAUSDT,0.00005,0.7985,0.7985
2025-08-13T16:00:00Z,ENAUSDT,0.00005,0.7746,0.7746
2025-08-13T20:00:00Z,ENAUSDT,0.00005,0.7831,0.7831
2025-08-14T00:00:00Z,ENAUSDT,0.00005,0.7761,0.7761
2025-08-14T04:00:00Z,ENAUSDT,0.00005,0.7749,0.7749
2025-08-14T08:00:00Z,ENAUSDT,0.00005,0.735,0.735
2025-08-14T12:00:00Z,ENAUSDT,0.00005,0.7292,0.7292
2025-08-14T16:00:00Z,ENAUSDT,0.00005,0.7406,0.7406
2025-08-14T20:00:00Z,ENAUSDT,0.00005,0.7329,0.7329
2025-08-15T00:00:00Z,ENAUSDT,0.00005,0.7163,0.7163
2025-08-15T04:00:00Z,ENAUSDT,0.00005,0.7237,0.7237
2025-08-15T08:00:00Z,ENAUSDT,0.00005,0.7383,0.7383
2025-08-15T12:00:00Z,ENAUSDT,0.00005,0.7195,0.7195
2025-08-15T16:00:00Z,ENAUSDT,0.00005,0.6903,0.6903
2025-08-15T20:00:00Z,ENAUSDT,0.00005,0.7026,0.7026
2025-08-16T00:00:00Z,ENAUSDT,0.00005,0.7186,0.7186
2025-08-16T04:00:00Z,ENAUSDT,0.00005,0.7314,0.7314
2025-08-16T08:00:00Z,ENAUSDT,0.00005,0.7336,0.7336
2025-08-16T12:00:00Z,ENAUSDT,0.00005,0.707,0.707
2025-08-16T16:00:00Z,ENAUSDT,0.00005,0.7228,0.7228
2025-08-16T20:00:00Z,ENAUSDT,0.00005,0.723,0.723
2025-08-17T00:00:00Z,ENAUSDT,0.00005,0.7329,0.7329
2025-08-17T04:00:00Z,ENAUSDT,0.00005,0.7426,0.7426
2025-08-17T08:00:00Z,ENAUSDT,0.00005,0.7225,0.7225
2025-08-17T12:00:00Z,ENAUSDT,0.00005,0.7232,0.7232
2025-08-17T16:00:00Z,ENAUSDT,0.00005,0.7233,0.7233
2025-08-17T20:00:00Z,ENAUSDT,0.00005,0.7116,0.7116
2025-08-18T00:00:00Z,ENAUSDT,0.00005,0.7096,0.7096
2025-08-18T04:00:00Z,ENAUSDT,0.00005,0.6832,0.6832
2025-08-18T08:00:00Z,ENAUSDT,0.00005,0.681,0.681
2025-08-18T12:00:00Z,ENAUSDT,0.00005,0.6738,0.6738
2025-08-18T16:00:00Z,ENAUSDT,0.00005,0.6832,0.6832
2025-08-18T20:00:00Z,ENAUSDT,0.00005,0.6813,0.6813
2025-08-19T00:00:00Z,ENAUSDT,0.00005,0.6767,0.6767
2025-08-19T04:00:00Z,ENAUSDT,0.00005,0.66,0.66
2025-08-19T08:00:00Z,ENAUSDT,0.00005,0.6527,0.6527
2025-08-19T12:00:00Z,ENAUSDT,0.00005,0.6634,0.6634
2025-08-19T16:00:00Z,ENAUSDT,0.00005,0.6379,0.6379
2025-08-19T20:00:00Z,ENAUSDT,0.00005,0.6345,0.6345
2025-08-20T00:00:00Z,ENAUSDT,0.00005,0.637,0.637
2025-08-20T04:00:00Z,ENAUSDT,0.00005,0.6433,0.6433
2025-08-20T08:00:00Z,ENAUSDT,0.00005,0.6493,0.6493
2025-08-20T12:00:00Z,ENAUSDT,0.00005,0.6412,0.6412
2025-08-20T16:00:00Z,ENAUSDT,0.00005,0.6471,0.6471
2025-08-20T20:00:00Z,ENAUSDT,0.00005,0.6567,0.6567
2025-08-21T00:00:00Z,ENAUSDT,0.00005,0.6575,0.6575
2025-08-21T04:00:00Z,ENAUSDT,0.00005,0.6494,0.6494
2025-08-21T08:00:00Z,ENAUSDT,0.00005,0.6437,0.6437
2025-08-21T12:00:00Z,ENAUSDT,0.00005,0.6349,0.6349
2025-08-21T16:00:00Z,ENAUSDT,0.00005,0.6238,0.6238
2025-08-21T20:00:00Z,ENAUSDT,0.00005,0.6243,0.6243
2025-08-22T00:00:00Z,ENAUSDT,0.00005,0.6287,0.6287
2025-08-22T04:00:00Z,ENAUSDT,0.00005,0.6478,0.6478
2025-08-22T08:00:00Z,ENAUSDT,0.00005,0.6613,0.6613
2025-08-22T12:00:00Z,ENAUSDT,0.00005,0.6383,0.6383
2025-08-22T16:00:00Z,ENAUSDT,0.00005,0.7247,0.7247
2025-08-22T20:00:00Z,ENAUSDT,0.00005,0.7409,0.7409
2025-08-23T00:00:00Z,ENAUSDT,0.00005,0.7528,0.7528
2025-08-23T04:00:00Z,ENAUSDT,0.00005,0.7524,0.7524
2025-08-23T08:00:00Z,ENAUSDT,0.00005,0.7361,0.7361
2025-08-23T12:00:00Z,ENAUSDT,0.00005,0.7449,0.7449
2025-08-23T16:00:00Z,ENAUSDT,0.00005,0.7375,0.7375
2025-08-23T20:00:00Z,ENAUSDT,0.00005,0.746,0.746
2025-08-24T00:00:00Z,ENAUSDT,0.00005,0.7413,0.7413
2025-08-24T04:00:00Z,ENAUSDT,0.00005,0.7198,0.7198
2025-08-24T08:00:00Z,ENAUSDT,0.00005,0.7073,0.7073
2025-08-24T12:00:00Z,ENAUSDT,0.00005,0.6951,0.6951
2025-08-24T16:00:00Z,ENAUSDT,0.00005,0.6946,0.6946
2025-08-24T20:00:00Z,ENAUSDT,0.00005,0.7022,0.7022
2025-08-25T00:00:00Z,ENAUSDT,0.00005,0.6946,0.6946
2025-08-25T04:00:00Z,ENAUSDT,0.00005,0.6802,0.6802
2025-08-25T08:00:00Z,ENAUSDT,0.00005,0.6487,0.6487
2025-08-25T12:00:00Z,ENAUSDT,0.00005,0.6425,0.6425
2025-08-25T16:00:00Z,ENAUSDT,0.00005,0.6503,0.6503
2025-08-25T20:00:00Z,ENAUSDT,0.00005,0.6322,0.6322
2025-08-26T00:00:00Z,ENAUSDT,0.00005,0.6215,0.6215
2025-08-26T04:00:00Z,ENAUSDT,0.00005,0.6271,0.6271
2025-08-26T08:00:00Z,ENAUSDT,0.00005,0.6274,0.6274
2025-08-26T12:00:00Z,ENAUSDT,0.00005,0.6254,0.6254
2025-08-26T16:00:00Z,ENAUSDT,0.00005,0.6259,0.6259
2025-08-26T20:00:00Z,ENAUSDT,0.00005,0.6368,0.6368
2025-08-27T00:00:00Z,ENAUSDT,0.00005,0.6284,0.6284
2025-08-27T04:00:00Z,ENAUSDT,0.00005,0.6262,0.6262
2025-08-27T08:00:00Z,ENAUSDT,0.00005,0.619,0.619
2025-08-27T12:00:00Z,ENAUSDT,0.00005,0.6139,0.6139
2025-08-27T16:00:00Z,ENAUSDT,0.00005,0.6227,0.6227
2025-08-27T20:00:00Z,ENAUSDT,0.00005,0.6158,0.6158
2025-08-28T00:00:00Z,ENAUSDT,0.00005,0.6095,0.6095
2025-08-28T04:00:00Z,ENAUSDT,0.00005,0.6235,0.6235
2025-08-28T08:00:00Z,ENAUSDT,0.00005,0.643,0.643
2025-08-28T12:00:00Z,ENAUSDT,0.00005,0.6536,0.6536
2025-08-28T16:00:00Z,ENAUSDT,0.00005,0.6567,0.6567
2025-08-28T20:00:00Z,ENAUSDT,0.00005,0.6541,0.6541
2025-08-29T00:00:00Z,ENAUSDT,0.00005,0.6766,0.6766
2025-08-29T04:00:00Z,ENAUSDT,0.00005,0.6677,0.6677
2025-08-29T08:00:00Z,ENAUSDT,0.00005,0.6465,0.6465
2025-08-29T12:00:00Z,ENAUSDT,0.00005,0.6467,0.6467
2025-08-29T16:00:00Z,ENAUSDT,0.00005,0.6503,0.6503
2025-08-29T20:00:00Z,ENAUSDT,0.00005,0.6378,0.6378
2025-08-30T00:00:00Z,ENAUSDT,0.00005,0.6415,0.6415
2025-08-30T04:00:00Z,ENAUSDT,0.00005,0.6547,0.6547
2025-08-30T08:00:00Z,ENAUSDT,0.00005,0.677,0.677
2025-08-30T12:00:00Z,ENAUSDT,0.00005,0.6708,0.6708
2025-08-30T16:00:00Z,ENAUSDT,0.00005,0.6596,0.6596
2025-08-30T20:00:00Z,ENAUSDT,0.00005,0.6521,0.6521
2025-08-31T00:00:00Z,ENAUSDT,0.00005,0.6543,0.6543
2025-08-31T04:00:00Z,ENAUSDT,0.00005,0.6804,0.6804
2025-08-31T08:00:00Z,ENAUSDT,0.00005,0.6777,0.6777
2025-08-31T12:00:00Z,ENAUSDT,0.00005,0.6684,0.6684
2025-08-31T16:00:00Z,ENAUSDT,0.00005,0.6599,0.6599
2025-08-31T20:00:00Z,ENAUSDT,0.00005,0.6634,0.6634
2025-09-01T00:00:00Z,ENAUSDT,0.00005,0.6397,0.6397
2025-09-01T04:00:00Z,ENAUSDT,0.00005,0.6351,0.6351
2025-09-01T08:00:00Z,ENAUSDT,0.00005,0.6454,0.6454
2025-09-01T12:00:00Z,ENAUSDT,0.00005,0.6328,0.6328
2025-09-01T16:00:00Z,ENAUSDT,0.00005,0.6284,0.6284
2025-09-01T20:00:00Z,ENAUSDT,0.00005,0.6295,0.6295
2025-09-02T00:00:00Z,ENAUSDT,0.00005,0.6289,0.6289
2025-09-02T04:00:00Z,ENAUSDT,0.00005,0.6794,0.6794
2025-09-02T08:00:00Z,ENAUSDT,0.00005,0.6848,0.6848
2025-09-02T12:00:00Z,ENAUSDT,0.00005,0.6898,0.6898
2025-09-02T16:00:00Z,ENAUSDT,0.00005,0.6729,0.6729
2025-09-02T20:00:00Z,ENAUSDT,0.00005,0.6698,0.6698
2025-09-03T00:00:00Z,ENAUSDT,0.00005,0.6873,0.6873
2025-09-03T04:00:00Z,ENAUSDT,0.00005,0.6949,0.6949
2025-09-03T08:00:00Z,ENAUSDT,0.00005,0.6909,0.6909
2025-09-03T12:00:00Z,ENAUSDT,0.00005,0.7172,0.7172
2025-09-03T16:00:00Z,ENAUSDT,0.00005,0.7281,0.7281
2025-09-03T20:00:00Z,ENAUSDT,0.00005,0.734,0.734
2025-09-04T00:00:00Z,ENAUSDT,0.00005,0.7299,0.7299
2025-09-04T04:00:00Z,ENAUSDT,0.00005,0.71,0.71
2025-09-04T08:00:00Z,ENAUSDT,0.00005,0.7063,0.7063
2025-09-04T12:00:00Z,ENAUSDT,0.00005,0.6969,0.6969
2025-09-04T16:00:00Z,ENAUSDT,0.00005,0.6758,0.6758
2025-09-04T20:00:00Z,ENAUSDT,0.00005,0.6409,0.6409
2025-09-05T00:00:00Z,ENAUSDT,0.00005,0.6467,0.6467
2025-09-05T04:00:00Z,ENAUSDT,0.00005,0.6534,0.6534
2025-09-05T08:00:00Z,ENAUSDT,0.00005,0.674,0.674
2025-09-05T12:00:00Z,ENAUSDT,0.00005,0.6706,0.6706
2025-09-05T16:00:00Z,ENAUSDT,0.00005,0.6585,0.6585
2025-09-05T20:00:00Z,ENAUSDT,0.00005,0.6786,0.6786
2025-09-06T00:00:00Z,ENAUSDT,0.00005,0.7314,0.7314
2025-09-06T04:00:00Z,ENAUSDT,0.00005,0.749,0.749
2025-09-06T08:00:00Z,ENAUSDT,0.00005,0.7494,0.7494
2025-09-06T12:00:00Z,ENAUSDT,0.00005,0.7522,0.7522
2025-09-06T16:00:00Z,ENAUSDT,0.00005,0.7249,0.7249
2025-09-06T20:00:00Z,ENAUSDT,0.00005,0.7287,0.7287
2025-09-07T00:00:00Z,ENAUSDT,0.00005,0.7372,0.7372
2025-09-07T04:00:00Z,ENAUSDT,0.00005,0.7421,0.7421
2025-09-07T08:00:00Z,ENAUSDT,0.00005,0.73,0.73
2025-09-07T12:00:00Z,ENAUSDT,0.00005,0.7444,0.7444
2025-09-07T16:00:00Z,ENAUSDT,0.00005,0.7492,0.7492
2025-09-07T20:00:00Z,ENAUSDT,0.00005,0.7421,0.7421
2025-09-08T00:00:00Z,ENAUSDT,0.00005,0.7361,0.7361
2025-09-08T04:00:00Z,ENAUSDT,0.00005,0.7668,0.7668
2025-09-08T08:00:00Z,ENAUSDT,0.00005,0.7604,0.7604
2025-09-08T12:00:00Z,ENAUSDT,0.00005,0.7793,0.7793
2025-09-08T16:00:00Z,ENAUSDT,0.00005,0.7776,0.7776
2025-09-08T20:00:00Z,ENAUSDT,0.00005,0.7705,0.7705
2025-09-09T00:00:00Z,ENAUSDT,0.00005,0.7809,0.7809
2025-09-09T04:00:00Z,ENAUSDT,0.00005,0.7953,0.7953
2025-09-09T08:00:00Z,ENAUSDT,0.00005,0.8433,0.8433
2025-09-09T12:00:00Z,ENAUSDT,0.00005,0.8358,0.8358
2025-09-09T16:00:00Z,ENAUSDT,0.00005,0.7912,0.7912
2025-09-09T20:00:00Z,ENAUSDT,0.00005,0.8281,0.8281
2025-09-10T00:00:00Z,ENAUSDT,0.00005,0.8069,0.8069
2025-09-10T04:00:00Z,ENAUSDT,0.00005,0.821,0.821
2025-09-10T08:00:00Z,ENAUSDT,0.00005,0.8074,0.8074
2025-09-10T12:00:00Z,ENAUSDT,0.00005,0.8044,0.8044
2025-09-10T16:00:00Z,ENAUSDT,0.00005,0.794,0.794
2025-09-10T20:00:00Z,ENAUSDT,0.00005,0.7756,0.7756
2025-09-11T00:00:00Z,ENAUSDT,0.00005,0.7782,0.7782
2025-09-11T04:00:00Z,ENAUSDT,0.00005,0.7966,0.7966
2025-09-11T08:00:00Z,ENAUSDT,0.00005,0.7824,0.7824
2025-09-11T12:00:00Z,ENAUSDT,0.00005,0.7675,0.7675
2025-09-11T16:00:00Z,ENAUSDT,0.00005,0.7564,0.7564
2025-09-11T20:00:00Z,ENAUSDT,0.00005,0.764,0.764
2025-09-12T00:00:00Z,ENAUSDT,0.00005,0.7792,0.7792
2025-09-12T04:00:00Z,ENAUSDT,0.00005,0.7703,0.7703
2025-09-12T08:00:00Z,ENAUSDT,0.00005,0.771,0.771
2025-09-12T12:00:00Z,ENAUSDT,0.00005,0.7523,0.7523
2025-09-12T16:00:00Z,ENAUSDT,0.00005,0.7522,0.7522
2025-09-12T20:00:00Z,ENAUSDT,0.00005,0.7834,0.7834
2025-09-13T00:00:00Z,ENAUSDT,0.00005,0.7778,0.7778
2025-09-13T04:00:00Z,ENAUSDT,0.00005,0.7765,0.7765
2025-09-13T08:00:00Z,ENAUSDT,0.00005,0.7617,0.7617
2025-09-13T12:00:00Z,ENAUSDT,0.00005,0.7739,0.7739
2025-09-13T16:00:00Z,ENAUSDT,0.00005,0.7607,0.7607
2025-09-13T20:00:00Z,ENAUSDT,0.00005,0.7672,0.7672
2025-09-14T00:00:00Z,ENAUSDT,0.00005,0.7625,0.7625
2025-09-14T04:00:00Z,ENAUSDT,0.00005,0.744,0.744
2025-09-14T08:00:00Z,ENAUSDT,0.00005,0.7482,0.7482
2025-09-14T12:00:00Z,ENAUSDT,0.00005,0.7396,0.7396
2025-09-14T16:00:00Z,ENAUSDT,0.00005,0.737,0.737
2025-09-14T20:00:00Z,ENAUSDT,0.00005,0.7439,0.7439
2025-09-15T00:00:00Z,ENAUSDT,0.00005,0.7425,0.7425
2025-09-15T04:00:00Z,ENAUSDT,0.00005,0.7696,0.7696
2025-09-15T08:00:00Z,ENAUSDT,0.00005,0.7443,0.7443
2025-09-15T12:00:00Z,ENAUSDT,0.00005,0.7261,0.7261
2025-09-15T16:00:00Z,ENAUSDT,0.00005,0.7028,0.7028
2025-09-15T20:00:00Z,ENAUSDT,0.00005,0.7096,0.7096
2025-09-16T00:00:00Z,ENAUSDT,0.00005,0.7017,0.7017
2025-09-16T04:00:00Z,ENAUSDT,0.00005,0.6932,0.6932
2025-09-16T08:00:00Z,ENAUSDT,0.00005,0.6993,0.6993
2025-09-16T12:00:00Z,ENAUSDT,0.00005,0.7033,0.7033
2025-09-16T16:00:00Z,ENAUSDT,0.00005,0.7117,0.7117
2025-09-16T20:00:00Z,ENAUSDT,0.00005,0.7006,0.7006
2025-09-17T00:00:00Z,ENAUSDT,0.00005,0.6977,0.6977
2025-09-17T04:00:00Z,ENAUSDT,0.00005,0.6869,0.6869
2025-09-17T08:00:00Z,ENAUSDT,0.00005,0.6827,0.6827
2025-09-17T12:00:00Z,ENAUSDT,0.00005,0.6881,0.6881
2025-09-17T16:00:00Z,ENAUSDT,0.00005,0.6889,0.6889
2025-09-17T20:00:00Z,ENAUSDT,0.00005,0.7103,0.7103
2025-09-18T00:00:00Z,ENAUSDT,0.00005,0.7096,0.7096
2025-09-18T04:00:00Z,ENAUSDT,0.00005,0.7081,0.7081
2025-09-18T08:00:00Z,ENAUSDT,0.00005,0.6991,0.6991
2025-09-18T12:00:00Z,ENAUSDT,0.00005,0.699,0.699
2025-09-18T16:00:00Z,ENAUSDT,0.00005,0.7,0.7
2025-09-18T20:00:00Z,ENAUSDT,0.00005,0.6962,0.6962
2025-09-19T00:00:00Z,ENAUSDT,0.00005,0.6981,0.6981
2025-09-19T04:00:00Z,ENAUSDT,0.00005,0.6832,0.6832
2025-09-19T08:00:00Z,ENAUSDT,0.00005,0.6748,0.6748
2025-09-19T12:00:00Z,ENAUSDT,0.00005,0.6583,0.6583
2025-09-19T16:00:00Z,ENAUSDT,0.00005,0.6686,0.6686
2025-09-19T20:00:00Z,ENAUSDT,0.00005,0.6664,0.6664
2025-09-20T00:00:00Z,ENAUSDT,0.00005,0.6721,0.6721
2025-09-20T04:00:00Z,ENAUSDT,0.00005,0.6631,0.6631
2025-09-20T08:00:00Z,ENAUSDT,0.00005,0.6797,0.6797
2025-09-20T12:00:00Z,ENAUSDT,0.00005,0.6653,0.6653
2025-09-20T16:00:00Z,ENAUSDT,0.00005,0.6742,0.6742
2025-09-20T20:00:00Z,ENAUSDT,0.00005,0.6642,0.6642
2025-09-21T00:00:00Z,ENAUSDT,0.00005,0.665,0.665
2025-09-21T04:00:00Z,ENAUSDT,0.00005,0.6745,0.6745
2025-09-21T08:00:00Z,ENAUSDT,0.00005,0.665,0.665
2025-09-21T12:00:00Z,ENAUSDT,0.00005,0.6564,0.6564
2025-09-21T16:00:00Z,ENAUSDT,0.00005,0.6548,0.6548
2025-09-21T20:00:00Z,ENAUSDT,0.00005,0.6488,0.6488
2025-09-22T00:00:00Z,ENAUSDT,0.00005,0.641,0.641
2025-09-22T04:00:00Z,ENAUSDT,0.00005,0.6283,0.6283
2025-09-22T08:00:00Z,ENAUSDT,-0.00012077429561195,0.6013,0.6013
2025-09-22T12:00:00Z,ENAUSDT,0.000044216246321796,0.5968,0.5968
2025-09-22T16:00:00Z,ENAUSDT,-0.000035762084207318,0.5899,0.5899
2025-09-22T20:00:00Z,ENAUSDT,0.00005,0.5837,0.5837
2025-09-23T00:00:00Z,ENAUSDT,0.00005,0.5988,0.5988
2025-09-23T04:00:00Z,ENAUSDT,0.00005,0.5978,0.5978
2025-09-23T08:00:00Z,ENAUSDT,0.00005,0.6071,0.6071
2025-09-23T12:00:00Z,ENAUSDT,0.00005,0.6142,0.6142
2025-09-23T16:00:00Z,ENAUSDT,0.00005,0.6128,0.6128
2025-09-23T20:00:00Z,ENAUSDT,0.00005,0.6,0.6
2025-09-24T00:00:00Z,ENAUSDT,0.00005,0.6027,0.6027
2025-09-24T04:00:00Z,ENAUSDT,0.00005,0.5984,0.5984
2025-09-24T08:00:00Z,ENAUSDT,0.00005,0.6031,0.6031
2025-09-24T12:00:00Z,ENAUSDT,0.00005,0.6067,0.6067
2025-09-24T16:00:00Z,ENAUSDT,0.00005,0.5977,0.5977
2025-09-24T20:00:00Z,ENAUSDT,0.00005,0.5989,0.5989
2025-09-25T00:00:00Z,ENAUSDT,0.000043007135290057,0.5936,0.5936
2025-09-25T04:00:00Z,ENAUSDT,0.00005,0.5944,0.5944
2025-09-25T08:00:00Z,ENAUSDT,0.00005,0.5791,0.5791
2025-09-25T12:00:00Z,ENAUSDT,0.00005,0.5705,0.5705
2025-09-25T16:00:00Z,ENAUSDT,0.00005,0.575,0.575
2025-09-25T20:00:00Z,ENAUSDT,0.00005,0.5746,0.5746
2025-09-26T00:00:00Z,ENAUSDT,0.00005,0.5666,0.5666
2025-09-26T04:00:00Z,ENAUSDT,0.00005,0.5794,0.5794
2025-09-26T08:00:00Z,ENAUSDT,0.00005,0.5817,0.5817
2025-09-26T12:00:00Z,ENAUSDT,0.00005,0.5685,0.5685
2025-09-26T16:00:00Z,ENAUSDT,0.00005,0.5774,0.5774
2025-09-26T20:00:00Z,ENAUSDT,0.00005,0.5872,0.5872
2025-09-27T00:00:00Z,ENAUSDT,0.00005,0.5968,0.5968
2025-09-27T04:00:00Z,ENAUSDT,0.00005,0.5896,0.5896
2025-09-27T08:00:00Z,ENAUSDT,0.00005,0.5845,0.5845
2025-09-27T12:00:00Z,ENAUSDT,0.00005,0.5789,0.5789
2025-09-27T16:00:00Z,ENAUSDT,0.00005,0.5786,0.5786
2025-09-27T20:00:00Z,ENAUSDT,0.00005,0.576,0.576
2025-09-28T00:00:00Z,ENAUSDT,0.00005,0.5777,0.5777
2025-09-28T04:00:00Z,ENAUSDT,0.00005,0.5708,0.5708
2025-09-28T08:00:00Z,ENAUSDT,0.00005,0.567,0.567
2025-09-28T12:00:00Z,ENAUSDT,0.00005,0.5633,0.5633
2025-09-28T16:00:00Z,ENAUSDT,0.00005,0.5716,0.5716
2025-09-28T20:00:00Z,ENAUSDT,0.00005,0.5883,0.5883
2025-09-29T00:00:00Z,ENAUSDT,0.00005,0.5992,0.5992
2025-09-29T04:00:00Z,ENAUSDT,0.00005,0.5896,0.5896
2025-09-29T08:00:00Z,ENAUSDT,0.00005,0.579,0.579
2025-09-29T12:00:00Z,ENAUSDT,0.00005,0.5665,0.5665
2025-09-29T16:00:00Z,ENAUSDT,0.00005,0.5685,0.5685
2025-09-29T20:00:00Z,ENAUSDT,0.00005,0.567,0.567
2025-09-30T00:00:00Z,ENAUSDT,0.00005,0.5641,0.5641
2025-09-30T04:00:00Z,ENAUSDT,0.00005,0.5567,0.5567
2025-09-30T08:00:00Z,ENAUSDT,0.00005,0.5445,0.5445
2025-09-30T12:00:00Z,ENAUSDT,0.00005,0.5474,0.5474
2025-09-30T16:00:00Z,ENAUSDT,0.00005,0.5454,0.5454
2025-09-30T20:00:00Z,ENAUSDT,0.00005,0.5581,0.5581
2025-10-01T00:00:00Z,ENAUSDT,0.00005,0.5584,0.5584
2025-10-01T04:00:00Z,ENAUSDT,0.00005,0.5602,0.5602
2025-10-01T08:00:00Z,ENAUSDT,0.00005,0.5636,0.5636
2025-10-01T12:00:00Z,ENAUSDT,0.00005,0.5908,0.5908
2025-10-01T16:00:00Z,ENAUSDT,0.00005,0.5826,0.5826
2025-10-01T20:00:00Z,ENAUSDT,0.00005,0.5804,0.5804
2025-10-02T00:00:00Z,ENAUSDT,0.00005,0.5805,0.5805
2025-10-02T04:00:00Z,ENAUSDT,0.00005,0.5934,0.5934
2025-10-02T08:00:00Z,ENAUSDT,0.00005,0.6003,0.6003
2025-10-02T12:00:00Z,ENAUSDT,0.00005,0.6274,0.6274
2025-10-02T16:00:00Z,ENAUSDT,0.00005,0.6237,0.6237
2025-10-02T20:00:00Z,ENAUSDT,0.00005,0.6434,0.6434
2025-10-03T00:00:00Z,ENAUSDT,0.00005,0.631,0.631
2025-10-03T04:00:00Z,ENAUSDT,0.00005,0.6146,0.6146
2025-10-03T08:00:00Z,ENAUSDT,0.00005,0.608,0.608
2025-10-03T12:00:00Z,ENAUSDT,0.00005,0.61,0.61
2025-10-03T16:00:00Z,ENAUSDT,0.00005,0.6247,0.6247
2025-10-03T20:00:00Z,ENAUSDT,0.00005,0.6162,0.6162
2025-10-04T00:00:00Z,ENAUSDT,0.00005,0.6162,0.6162
2025-10-04T04:00:00Z,ENAUSDT,0.00005,0.6073,0.6073
2025-10-04T08:00:00Z,ENAUSDT,0.00005,0.6121,0.6121
2025-10-04T12:00:00Z,ENAUSDT,0.00005,0.5955,0.5955
2025-10-04T16:00:00Z,ENAUSDT,0.00005,0.5817,0.5817
2025-10-04T20:00:00Z,ENAUSDT,0.00005,0.5858,0.5858
2025-10-05T00:00:00Z,ENAUSDT,0.00005,0.5889,0.5889
2025-10-05T04:00:00Z,ENAUSDT,0.00005,0.6115,0.6115
2025-10-05T08:00:00Z,ENAUSDT,0.00005,0.6282,0.6282
2025-10-05T12:00:00Z,ENAUSDT,0.00005,0.6085,0.6085
2025-10-05T16:00:00Z,ENAUSDT,0.00005,0.6035,0.6035
2025-10-05T20:00:00Z,ENAUSDT,0.00005,0.5836,0.5836
2025-10-06T00:00:00Z,ENAUSDT,0.00005,0.584,0.584
2025-10-06T04:00:00Z,ENAUSDT,0.00005,0.5798,0.5798
2025-10-06T08:00:00Z,ENAUSDT,0.00005,0.5721,0.5721
2025-10-06T12:00:00Z,ENAUSDT,0.00005,0.5821,0.5821
2025-10-06T16:00:00Z,ENAUSDT,0.00005,0.591,0.591
2025-10-06T20:00:00Z,ENAUSDT,0.00005,0.6045,0.6045
2025-10-07T00:00:00Z,ENAUSDT,0.00005,0.6033,0.6033
2025-10-07T04:00:00Z,ENAUSDT,0.00005,0.6003,0.6003
2025-10-07T08:00:00Z,ENAUSDT,0.00005,0.5914,0.5914
2025-10-07T12:00:00Z,ENAUSDT,0.00005,0.5954,0.5954
2025-10-07T16:00:00Z,ENAUSDT,0.00005,0.5611,0.5611
2025-10-07T20:00:00Z,ENAUSDT,0.00005,0.5538,0.5538
2025-10-08T00:00:00Z,ENAUSDT,0.00005,0.5444,0.5444
2025-10-08T04:00:00Z,ENAUSDT,0.00005,0.5378,0.5378
2025-10-08T08:00:00Z,ENAUSDT,0.00005,0.5387,0.5387
2025-10-08T12:00:00Z,ENAUSDT,0.00005,0.5398,0.5398
2025-10-08T16:00:00Z,ENAUSDT,0.00005,0.5602,0.5602
2025-10-08T20:00:00Z,ENAUSDT,0.00005,0.5764,0.5764
2025-10-09T00:00:00Z,ENAUSDT,0.00005,0.5771,0.5771
2025-10-09T04:00:00Z,ENAUSDT,0.00005,0.5653,0.5653
2025-10-09T08:00:00Z,ENAUSDT,0.00005,0.5644,0.5644
2025-10-09T12:00:00Z,ENAUSDT,0.00005,0.5576,0.5576
2025-10-09T16:00:00Z,ENAUSDT,0.00005,0.5418,0.5418
2025-10-09T20:00:00Z,ENAUSDT,0.00005,0.547,0.547
2025-10-10T00:00:00Z,ENAUSDT,0.00005,0.5469,0.5469
2025-10-10T04:00:00Z,ENAUSDT,0.00005,0.563,0.563
2025-10-10T08:00:00Z,ENAUSDT,0.00005,0.5477,0.5477
2025-10-10T12:00:00Z,ENAUSDT,0.00005,0.556,0.556
2025-10-10T16:00:00Z,ENAUSDT,0.00005,0.5224,0.5224
2025-10-10T20:00:00Z,ENAUSDT,0.00005,0.5098,0.5098
2025-10-11T00:00:00Z,ENAUSDT,0.00005,0.4352,0.4352
2025-10-11T04:00:00Z,ENAUSDT,0.00005,0.4356,0.4356
2025-10-11T08:00:00Z,ENAUSDT,0.00005,0.4226,0.4226
2025-10-11T12:00:00Z,ENAUSDT,0.00005,0.4187,0.4187
2025-10-11T16:00:00Z,ENAUSDT,0.00005,0.4009,0.4009
2025-10-11T20:00:00Z,ENAUSDT,0.00005,0.3731,0.3731
2025-10-12T00:00:00Z,ENAUSDT,0.00005,0.3689,0.3689
2025-10-12T04:00:00Z,ENAUSDT,0.00005,0.3551,0.3551
2025-10-12T08:00:00Z,ENAUSDT,0.00005,0.3666,0.3666
2025-10-12T12:00:00Z,ENAUSDT,0.00005,0.3672,0.3672
2025-10-12T16:00:00Z,ENAUSDT,0.00005,0.3986,0.3986
2025-10-12T20:00:00Z,ENAUSDT,0.00005,0.4172,0.4172
2025-10-13T00:00:00Z,ENAUSDT,0.00005,0.4114,0.4114
2025-10-13T04:00:00Z,ENAUSDT,0.00005,0.4031,0.4031
2025-10-13T08:00:00Z,ENAUSDT,0.00005,0.4308,0.4308
2025-10-13T12:00:00Z,ENAUSDT,0.000031484387303825,0.4255,0.4255
2025-10-13T16:00:00Z,ENAUSDT,0.00005,0.4298,0.4298
2025-10-13T20:00:00Z,ENAUSDT,0.00005,0.4568,0.4568
2025-10-14T00:00:00Z,ENAUSDT,0.00005,0.4656,0.4656
2025-10-14T04:00:00Z,ENAUSDT,0.00005,0.4473,0.4473
2025-10-14T08:00:00Z,ENAUSDT,0.00005,0.4207,0.4207
2025-10-14T12:00:00Z,ENAUSDT,0.00005,0.4236,0.4236
2025-10-14T16:00:00Z,ENAUSDT,0.00005,0.4332,0.4332
2025-10-14T20:00:00Z,ENAUSDT,0.00005,0.4327,0.4327
2025-10-15T00:00:00Z,ENAUSDT,0.00005,0.4359,0.4359
2025-10-15T04:00:00Z,ENAUSDT,0.00005,0.4383,0.4383
2025-10-15T08:00:00Z,ENAUSDT,0.00005,0.4489,0.4489
2025-10-15T12:00:00Z,ENAUSDT,-0.00021122276474589,0.4556,0.4556
2025-10-15T16:00:00Z,ENAUSDT,0.00005,0.4342,0.4342
2025-10-15T20:00:00Z,ENAUSDT,-0.000084044896805126,0.4332,0.4332
2025-10-16T00:00:00Z,ENAUSDT,-0.000203076253511943,0.4192,0.4192
2025-10-16T04:00:00Z,ENAUSDT,-0.000232791674055976,0.4213,0.4213
2025-10-16T08:00:00Z,ENAUSDT,-0.000068202105110443,0.425,0.425
2025-10-16T12:00:00Z,ENAUSDT,0.00005,0.4407,0.4407
2025-10-16T16:00:00Z,ENAUSDT,0.00005,0.4101,0.4101
2025-10-16T20:00:00Z,ENAUSDT,-0.000040086722712341,0.3997,0.3997
2025-10-17T00:00:00Z,ENAUSDT,-0.00083536409528204,0.4015,0.4015
2025-10-17T04:00:00Z,ENAUSDT,-0.000611097675182673,0.4088,0.4088
2025-10-17T08:00:00Z,ENAUSDT,0.00003058018074316,0.3839,0.3839
2025-10-17T12:00:00Z,ENAUSDT,0.00005,0.4229,0.4229
2025-10-17T16:00:00Z,ENAUSDT,0.00005,0.433,0.433
2025-10-17T20:00:00Z,ENAUSDT,0.00005,0.4385,0.4385
2025-10-18T00:00:00Z,ENAUSDT,0.000033757212792969,0.4347,0.4347
2025-10-18T04:00:00Z,ENAUSDT,0.000035973254197625,0.4437,0.4437
2025-10-18T08:00:00Z,ENAUSDT,0.00005,0.454,0.454
2025-10-18T12:00:00Z,ENAUSDT,0.00005,0.46,0.46
2025-10-18T16:00:00Z,ENAUSDT,0.00005,0.4645,0.4645
2025-10-18T20:00:00Z,ENAUSDT,0.00005,0.467,0.467
2025-10-19T00:00:00Z,ENAUSDT,0.00005,0.4614,0.4614
2025-10-19T04:00:00Z,ENAUSDT,0.00005,0.4588,0.4588
2025-10-19T08:00:00Z,ENAUSDT,0.00005,0.4522,0.4522
2025-10-19T12:00:00Z,ENAUSDT,0.00005,0.4949,0.4949
2025-10-19T16:00:00Z,ENAUSDT,0.00005,0.497,0.497
2025-10-19T20:00:00Z,ENAUSDT,0.00005,0.4959,0.4959
2025-10-20T00:00:00Z,ENAUSDT,0.00005,0.4808,0.4808
2025-10-20T04:00:00Z,ENAUSDT,0.00005,0.4748,0.4748
2025-10-20T08:00:00Z,ENAUSDT,-0.000174294098445507,0.4669,0.4669
2025-10-20T12:00:00Z,ENAUSDT,-0.000395258192270507,0.4702,0.4702
2025-10-20T16:00:00Z,ENAUSDT,-0.000484176603429503,0.4674,0.4674
2025-10-20T20:00:00Z,ENAUSDT,-0.000155237579587253,0.4507,0.4507
2025-10-21T00:00:00Z,ENAUSDT,-0.000112791974909019,0.4512,0.4512
2025-10-21T04:00:00Z,ENAUSDT,-0.000050429901089923,0.438,0.438
2025-10-21T08:00:00Z,ENAUSDT,0.00005,0.4531,0.4531
2025-10-21T12:00:00Z,ENAUSDT,0.00005,0.4465,0.4465
2025-10-21T16:00:00Z,ENAUSDT,0.00005,0.4614,0.4614
2025-10-21T20:00:00Z,ENAUSDT,0.00000620166270662,0.4591,0.4591
2025-10-22T00:00:00Z,ENAUSDT,0.00005,0.4533,0.4533
2025-10-22T04:00:00Z,ENAUSDT,0.00005,0.4489,0.4489
2025-10-22T08:00:00Z,ENAUSDT,0.00005,0.4537,0.4537
2025-10-22T12:00:00Z,ENAUSDT,0.00005,0.4651,0.4651
2025-10-22T16:00:00Z,ENAUSDT,0.00005,0.4298,0.4298
2025-10-22T20:00:00Z,ENAUSDT,0.00005,0.4334,0.4334
2025-10-23T00:00:00Z,ENAUSDT,0.00005,0.4337,0.4337
2025-10-23T04:00:00Z,ENAUSDT,0.00005,0.4439,0.4439
2025-10-23T08:00:00Z,ENAUSDT,0.00005,0.4587,0.4587
2025-10-23T12:00:00Z,ENAUSDT,0.00005,0.461,0.461
2025-10-23T16:00:00Z,ENAUSDT,0.00005,0.4655,0.4655
2025-10-23T20:00:00Z,ENAUSDT,0.00005,0.4555,0.4555
2025-10-24T00:00:00Z,ENAUSDT,0.00005,0.4547,0.4547
2025-10-24T04:00:00Z,ENAUSDT,0.00005,0.4537,0.4537
2025-10-24T08:00:00Z,ENAUSDT,0.00005,0.4646,0.4646
2025-10-24T12:00:00Z,ENAUSDT,0.00005,0.4734,0.4734
2025-10-24T16:00:00Z,ENAUSDT,0.00005,0.4727,0.4727
2025-10-24T20:00:00Z,ENAUSDT,0.00005,0.4806,0.4806
2025-10-25T00:00:00Z,ENAUSDT,0.00005,0.4815,0.4815
2025-10-25T04:00:00Z,ENAUSDT,0.00005,0.4698,0.4698
2025-10-25T08:00:00Z,ENAUSDT,0.00005,0.4651,0.4651
2025-10-25T12:00:00Z,ENAUSDT,0.00005,0.462,0.462
2025-10-25T16:00:00Z,ENAUSDT,0.00005,0.4634,0.4634
2025-10-25T20:00:00Z,ENAUSDT,0.00005,0.4667,0.4667
2025-10-26T00:00:00Z,ENAUSDT,0.00005,0.4705,0.4705
2025-10-26T04:00:00Z,ENAUSDT,0.00005,0.4601,0.4601
2025-10-26T08:00:00Z,ENAUSDT,0.000011999188627815,0.4635,0.4635
2025-10-26T12:00:00Z,ENAUSDT,0.00005,0.4866,0.4866
2025-10-26T16:00:00Z,ENAUSDT,-0.000044694656419681,0.4975,0.4975
2025-10-26T20:00:00Z,ENAUSDT,0.00005,0.5005,0.5005
2025-10-27T00:00:00Z,ENAUSDT,0.00005,0.5094,0.5094
2025-10-27T04:00:00Z,ENAUSDT,0.00005,0.5209,0.5209
2025-10-27T08:00:00Z,ENAUSDT,0.00005,0.5274,0.5274
2025-10-27T12:00:00Z,ENAUSDT,0.00005,0.5067,0.5067
2025-10-27T16:00:00Z,ENAUSDT,0.00005,0.5027,0.5027
2025-10-27T20:00:00Z,ENAUSDT,0.00005,0.504,0.504
2025-10-28T00:00:00Z,ENAUSDT,0.00005,0.5003,0.5003
2025-10-28T04:00:00Z,ENAUSDT,0.00005,0.4954,0.4954
2025-10-28T08:00:00Z,ENAUSDT,0.00005,0.4921,0.4921
2025-10-28T12:00:00Z,ENAUSDT,0.00005,0.4917,0.4917
2025-10-28T16:00:00Z,ENAUSDT,0.00005,0.4781,0.4781
2025-10-28T20:00:00Z,ENAUSDT,0.00005,0.4607,0.4607
2025-10-29T00:00:00Z,ENAUSDT,0.00005,0.4595,0.4595
2025-10-29T04:00:00Z,ENAUSDT,0.00005,0.4543,0.4543
2025-10-29T08:00:00Z,ENAUSDT,0.00005,0.4597,0.4597
2025-10-29T12:00:00Z,ENAUSDT,0.00005,0.46,0.46
2025-10-29T16:00:00Z,ENAUSDT,-0.000042715276208091,0.4487,0.4487
2025-10-29T20:00:00Z,ENAUSDT,0.00005,0.4512,0.4512
2025-10-30T00:00:00Z,ENAUSDT,0.00005,0.4421,0.4421
2025-10-30T04:00:00Z,ENAUSDT,0.00005,0.4342,0.4342
2025-10-30T08:00:00Z,ENAUSDT,0.00005,0.4291,0.4291
2025-10-30T12:00:00Z,ENAUSDT,-0.000154620067143451,0.4174,0.4174
2025-10-30T16:00:00Z,ENAUSDT,-0.000228288293432711,0.3979,0.3979
2025-10-30T20:00:00Z,ENAUSDT,-0.000513892591511796,0.386,0.386
2025-10-31T00:00:00Z,ENAUSDT,0.000000058561645616,0.3934,0.3934
2025-10-31T04:00:00Z,ENAUSDT,-0.000382321065663202,0.3959,0.3959
2025-10-31T08:00:00Z,ENAUSDT,-0.000594876655148286,0.3959,0.3959
2025-10-31T12:00:00Z,ENAUSDT,-0.000583824577029172,0.4007,0.4007
2025-10-31T16:00:00Z,ENAUSDT,-0.000381630219587332,0.3984,0.3984
2025-10-31T20:00:00Z,ENAUSDT,-0.000533803741591062,0.3961,0.3961
2025-11-01T00:00:00Z,ENAUSDT,-0.000406918068854815,0.3912,0.3912
2025-11-01T04:00:00Z,ENAUSDT,-0.000244338036486354,0.3914,0.3914
2025-11-01T08:00:00Z,ENAUSDT,-0.000489961552932371,0.3891,0.3891
2025-11-01T12:00:00Z,ENAUSDT,-0.00015769639265853,0.3962,0.3962
2025-11-01T16:00:00Z,ENAUSDT,-0.000092018944207505,0.3912,0.3912
2025-11-01T20:00:00Z,ENAUSDT,-0.000277035946126492,0.3921,0.3921
2025-11-02T00:00:00Z,ENAUSDT,-0.000236884680267362,0.3874,0.3874
2025-11-02T04:00:00Z,ENAUSDT,-0.000204370228356063,0.3823,0.3823
2025-11-02T08:00:00Z,ENAUSDT,-0.000241596030752792,0.3924,0.3924
2025-11-02T12:00:00Z,ENAUSDT,-0.000249031462185158,0.387,0.387
2025-11-02T16:00:00Z,ENAUSDT,-0.000129677743932459,0.3625,0.3625
2025-11-02T20:00:00Z,ENAUSDT,-0.000110339303401381,0.3668,0.3668
2025-11-03T00:00:00Z,ENAUSDT,0.000029865280207876,0.3739,0.3739
2025-11-03T04:00:00Z,ENAUSDT,-0.000017778322425203,0.3531,0.3531
2025-11-03T08:00:00Z,ENAUSDT,-0.000139629702028692,0.3584,0.3584
2025-11-03T12:00:00Z,ENAUSDT,-0.000216923927190977,0.3524,0.3524
2025-11-03T16:00:00Z,ENAUSDT,-0.000313564401272082,0.3334,0.3334
2025-11-03T20:00:00Z,ENAUSDT,-0.00052593409566578,0.3319,0.3319
2025-11-04T00:00:00Z,ENAUSDT,-0.000379320399579371,0.3326,0.3326
2025-11-04T04:00:00Z,ENAUSDT,-0.000324125747831363,0.3392,0.3392
2025-11-04T08:00:00Z,ENAUSDT,0.00005,0.3234,0.3234
2025-11-04T12:00:00Z,ENAUSDT,0.00005,0.3245,0.3245
2025-11-04T16:00:00Z,ENAUSDT,0.00005,0.3235,0.3235
2025-11-04T20:00:00Z,ENAUSDT,0.00005,0.3137,0.3137
2025-11-05T00:00:00Z,ENAUSDT,0.00005,0.3183,0.3183
2025-11-05T04:00:00Z,ENAUSDT,0.00005,0.3239,0.3239
2025-11-05T08:00:00Z,ENAUSDT,0.00005,0.3197,0.3197
2025-11-05T12:00:00Z,ENAUSDT,0.00005,0.3208,0.3208
2025-11-05T16:00:00Z,ENAUSDT,0.00005,0.3314,0.3314
2025-11-05T20:00:00Z,ENAUSDT,0.00005,0.337,0.337
2025-11-06T00:00:00Z,ENAUSDT,0.00005,0.3315,0.3315
2025-11-06T04:00:00Z,ENAUSDT,0.00005,0.3287,0.3287
2025-11-06T08:00:00Z,ENAUSDT,0.00005,0.3193,0.3193
2025-11-06T12:00:00Z,ENAUSDT,0.00005,0.3189,0.3189
2025-11-06T16:00:00Z,ENAUSDT,0.00005,0.3133,0.3133
2025-11-06T20:00:00Z,ENAUSDT,0.00005,0.3136,0.3136
2025-11-07T00:00:00Z,ENAUSDT,0.00005,0.3092,0.3092
2025-11-07T04:00:00Z,ENAUSDT,0.00005,0.3131,0.3131
2025-11-07T08:00:00Z,ENAUSDT,0.00005,0.3198,0.3198
2025-11-07T12:00:00Z,ENAUSDT,0.00005,0.3065,0.3065
2025-11-07T16:00:00Z,ENAUSDT,0.00005,0.3164,0.3164
2025-11-07T20:00:00Z,ENAUSDT,0.00005,0.3393,0.3393
2025-11-08T00:00:00Z,ENAUSDT,-0.000174102718477253,0.3337,0.3337
2025-11-08T04:00:00Z,ENAUSDT,-0.000197697609698724,0.3286,0.3286
2025-11-08T08:00:00Z,ENAUSDT,-0.000123811008040626,0.3222,0.3222
2025-11-08T12:00:00Z,ENAUSDT,-0.000231569580605719,0.3205,0.3205
2025-11-08T16:00:00Z,ENAUSDT,-0.000212299939038267,0.3114,0.3114
2025-11-08T20:00:00Z,ENAUSDT,-0.000021847912167543,0.3173,0.3173
2025-11-09T00:00:00Z,ENAUSDT,0.000038188330137509,0.3202,0.3202
2025-11-09T04:00:00Z,ENAUSDT,0.00005,0.313,0.313
2025-11-09T08:00:00Z,ENAUSDT,0.00005,0.3193,0.3193
2025-11-09T12:00:00Z,ENAUSDT,0.00005,0.3121,0.3121
2025-11-09T16:00:00Z,ENAUSDT,0.00005,0.3239,0.3239
2025-11-09T20:00:00Z,ENAUSDT,0.00005,0.332,0.332
2025-11-10T00:00:00Z,ENAUSDT,0.00005,0.3262,0.3262
2025-11-10T04:00:00Z,ENAUSDT,-0.000023782612328439,0.3441,0.3441
2025-11-10T08:00:00Z,ENAUSDT,-0.000219579412266973,0.3453,0.3453
2025-11-10T12:00:00Z,ENAUSDT,0.00005,0.3511,0.3511
2025-11-10T16:00:00Z,ENAUSDT,0.00005,0.3352,0.3352
2025-11-10T20:00:00Z,ENAUSDT,-0.000077122259744337,0.3339,0.3339
2025-11-11T00:00:00Z,ENAUSDT,-0.000238472736005639,0.3396,0.3396
2025-11-11T04:00:00Z,ENAUSDT,0.00005,0.3548,0.3548
2025-11-11T08:00:00Z,ENAUSDT,0.00005,0.3294,0.3294
2025-11-11T12:00:00Z,ENAUSDT,0.00005,0.3319,0.3319
2025-11-11T16:00:00Z,ENAUSDT,0.00005,0.3232,0.3232
2025-11-11T20:00:00Z,ENAUSDT,-0.000249827863526746,0.3171,0.3171
2025-11-12T00:00:00Z,ENAUSDT,0.000008438187223021,0.3088,0.3088
2025-11-12T04:00:00Z,ENAUSDT,0.00002692773848152,0.3133,0.3133
2025-11-12T08:00:00Z,ENAUSDT,0.00000902133077734,0.3116,0.3116
2025-11-12T12:00:00Z,ENAUSDT,0.000049271093498571,0.3275,0.3275
2025-11-12T16:00:00Z,ENAUSDT,0.00005,0.3156,0.3156
2025-11-12T20:00:00Z,ENAUSDT,0.000001153466450148,0.3046,0.3046
2025-11-13T00:00:00Z,ENAUSDT,0.000034070512348134,0.3069,0.3069
2025-11-13T04:00:00Z,ENAUSDT,-0.000179696776920142,0.3163,0.3163
2025-11-13T08:00:00Z,ENAUSDT,-0.000188480018383565,0.3196,0.3196
2025-11-13T12:00:00Z,ENAUSDT,0.00005,0.3163,0.3163
2025-11-13T16:00:00Z,ENAUSDT,0.00005,0.3093,0.3093
2025-11-13T20:00:00Z,ENAUSDT,0.00005,0.2842,0.2842
2025-11-14T00:00:00Z,ENAUSDT,-0.000138276990161388,0.2903,0.2903
2025-11-14T04:00:00Z,ENAUSDT,-0.000379006418392653,0.2934,0.2934
2025-11-14T08:00:00Z,ENAUSDT,-0.000107764725951333,0.2914,0.2914
2025-11-14T12:00:00Z,ENAUSDT,-0.000184265481437951,0.2858,0.2858
2025-11-14T16:00:00Z,ENAUSDT,-0.000007136984557252,0.2853,0.2853
2025-11-14T20:00:00Z,ENAUSDT,0.00005,0.2893,0.2893
2025-11-15T00:00:00Z,ENAUSDT,0.00005,0.2764,0.2764
2025-11-15T04:00:00Z,ENAUSDT,-0.000009003371179737,0.2806,0.2806
2025-11-15T08:00:00Z,ENAUSDT,0.00005,0.2789,0.2789
2025-11-15T12:00:00Z,ENAUSDT,0.00005,0.2737,0.2737
2025-11-15T16:00:00Z,ENAUSDT,0.00005,0.2788,0.2788
2025-11-15T20:00:00Z,ENAUSDT,0.00005,0.2801,0.2801
2025-11-16T00:00:00Z,ENAUSDT,-0.000004018785066601,0.2754,0.2754
2025-11-16T04:00:00Z,ENAUSDT,0.00005,0.2757,0.2757
2025-11-16T08:00:00Z,ENAUSDT,0.00005,0.2783,0.2783
2025-11-16T12:00:00Z,ENAUSDT,0.00005,0.27,0.27
2025-11-16T16:00:00Z,ENAUSDT,0.00005,0.2607,0.2607
2025-11-16T20:00:00Z,ENAUSDT,0.00005,0.2589,0.2589
2025-11-17T00:00:00Z,ENAUSDT,0.00005,0.2749,0.2749
2025-11-17T04:00:00Z,ENAUSDT,0.00005,0.2768,0.2768
2025-11-17T08:00:00Z,ENAUSDT,0.00005,0.2808,0.2808
2025-11-17T12:00:00Z,ENAUSDT,0.00005,0.2788,0.2788
2025-11-17T16:00:00Z,ENAUSDT,0.00005,0.2661,0.2661
2025-11-17T20:00:00Z,ENAUSDT,0.00005,0.2586,0.2586
2025-11-18T00:00:00Z,ENAUSDT,0.00005,0.2596,0.2596
2025-11-18T04:00:00Z,ENAUSDT,0.00005,0.2626,0.2626
2025-11-18T08:00:00Z,ENAUSDT,0.00005,0.2656,0.2656
2025-11-18T12:00:00Z,ENAUSDT,0.00005,0.2679,0.2679
2025-11-18T16:00:00Z,ENAUSDT,0.00005,0.2739,0.2739
2025-11-18T20:00:00Z,ENAUSDT,0.00005,0.276,0.276
2025-11-19T00:00:00Z,ENAUSDT,0.00005,0.2776,0.2776
2025-11-19T04:00:00Z,ENAUSDT,0.00005,0.2755,0.2755
2025-11-19T08:00:00Z,ENAUSDT,0.00005,0.2738,0.2738
2025-11-19T12:00:00Z,ENAUSDT,0.00005,0.2724,0.2724
2025-11-19T16:00:00Z,ENAUSDT,0.00005,0.2621,0.2621
2025-11-19T20:00:00Z,ENAUSDT,0.00005,0.2523,0.2523
2025-11-20T00:00:00Z,ENAUSDT,0.00005,0.2687,0.2687
2025-11-20T04:00:00Z,ENAUSDT,0.00005,0.2708,0.2708
2025-11-20T08:00:00Z,ENAUSDT,0.00005,0.2741,0.2741
2025-11-20T12:00:00Z,ENAUSDT,0.00005,0.2709,0.2709
2025-11-20T16:00:00Z,ENAUSDT,0.00005,0.2683,0.2683
2025-11-20T20:00:00Z,ENAUSDT,0.000044277222923933,0.2551,0.2551
2025-11-21T00:00:00Z,ENAUSDT,0.00005,0.2532,0.2532
2025-11-21T04:00:00Z,ENAUSDT,0.00005,0.2515,0.2515
2025-11-21T08:00:00Z,ENAUSDT,0.00005,0.2317,0.2317
2025-11-21T12:00:00Z,ENAUSDT,-0.000028167872690398,0.2266,0.2266
2025-11-21T16:00:00Z,ENAUSDT,0.00005,0.236,0.236
2025-11-21T20:00:00Z,ENAUSDT,0.00005,0.2387,0.2387
2025-11-22T00:00:00Z,ENAUSDT,0.00005,0.2371,0.2371
2025-11-22T04:00:00Z,ENAUSDT,0.00005,0.2364,0.2364
2025-11-22T08:00:00Z,ENAUSDT,0.00005,0.2326,0.2326
2025-11-22T12:00:00Z,ENAUSDT,0.00005,0.2305,0.2305
2025-11-22T16:00:00Z,ENAUSDT,0.00005,0.229,0.229
2025-11-22T20:00:00Z,ENAUSDT,0.00005,0.2316,0.2316
2025-11-23T00:00:00Z,ENAUSDT,0.00005,0.2328,0.2328
2025-11-23T04:00:00Z,ENAUSDT,0.00005,0.2365,0.2365
2025-11-23T08:00:00Z,ENAUSDT,0.00005,0.2359,0.2359
2025-11-23T12:00:00Z,ENAUSDT,0.00005,0.2358,0.2358
2025-11-23T16:00:00Z,ENAUSDT,0.00005,0.2393,0.2393
2025-11-23T20:00:00Z,ENAUSDT,0.00005,0.24,0.24
2025-11-24T00:00:00Z,ENAUSDT,0.00005,0.2365,0.2365
2025-11-24T04:00:00Z,ENAUSDT,0.00005,0.2443,0.2443
2025-11-24T08:00:00Z,ENAUSDT,0.00005,0.2441,0.2441
2025-11-24T12:00:00Z,ENAUSDT,0.00005,0.2433,0.2433
2025-11-24T16:00:00Z,ENAUSDT,0.00005,0.2462,0.2462
2025-11-24T20:00:00Z,ENAUSDT,0.00005,0.2556,0.2556
2025-11-25T00:00:00Z,ENAUSDT,0.00005,0.2634,0.2634
2025-11-25T04:00:00Z,ENAUSDT,0.00005,0.2624,0.2624
2025-11-25T08:00:00Z,ENAUSDT,0.00005,0.2584,0.2584
2025-11-25T12:00:00Z,ENAUSDT,0.00005,0.2732,0.2732
2025-11-25T16:00:00Z,ENAUSDT,0.00005,0.2743,0.2743
2025-11-25T20:00:00Z,ENAUSDT,0.00005,0.2807,0.2807
2025-11-26T00:00:00Z,ENAUSDT,0.00005,0.2833,0.2833
2025-11-26T04:00:00Z,ENAUSDT,0.00005,0.2881,0.2881
2025-11-26T08:00:00Z,ENAUSDT,0.00005,0.2983,0.2983
2025-11-26T12:00:00Z,ENAUSDT,0.00005,0.288,0.288
2025-11-26T16:00:00Z,ENAUSDT,0.00005,0.2736,0.2736
2025-11-26T20:00:00Z,ENAUSDT,0.00005,0.281,0.281
2025-11-27T00:00:00Z,ENAUSDT,0.00005,0.2802,0.2802
2025-11-27T04:00:00Z,ENAUSDT,0.00005,0.2784,0.2784
2025-11-27T08:00:00Z,ENAUSDT,0.00005,0.2791,0.2791
2025-11-27T12:00:00Z,ENAUSDT,0.00005,0.2819,0.2819
2025-11-27T16:00:00Z,ENAUSDT,0.000018689108474042,0.2851,0.2851
2025-11-27T20:00:00Z,ENAUSDT,-0.000238998658034999,0.2917,0.2917
2025-11-28T00:00:00Z,ENAUSDT,-0.000038686561589577,0.2856,0.2856
2025-11-28T04:00:00Z,ENAUSDT,0.00005,0.2797,0.2797
2025-11-28T08:00:00Z,ENAUSDT,0.00005,0.2778,0.2778
2025-11-28T12:00:00Z,ENAUSDT,0.00005,0.2878,0.2878
2025-11-28T16:00:00Z,ENAUSDT,0.000016776269913343,0.2874,0.2874
2025-11-28T20:00:00Z,ENAUSDT,0.00005,0.2809,0.2809
2025-11-29T00:00:00Z,ENAUSDT,0.00005,0.2813,0.2813
2025-11-29T04:00:00Z,ENAUSDT,0.00005,0.2823,0.2823
2025-11-29T08:00:00Z,ENAUSDT,0.00005,0.2797,0.2797
2025-11-29T12:00:00Z,ENAUSDT,0.00005,0.2806,0.2806
2025-11-29T16:00:00Z,ENAUSDT,0.00005,0.2821,0.2821
2025-11-29T20:00:00Z,ENAUSDT,0.00005,0.2831,0.2831
2025-11-30T00:00:00Z,ENAUSDT,0.00005,0.2831,0.2831
2025-11-30T04:00:00Z,ENAUSDT,0.00005,0.2951,0.2951
2025-11-30T08:00:00Z,ENAUSDT,0.00005,0.2886,0.2886
2025-11-30T12:00:00Z,ENAUSDT,0.00005,0.2766,0.2766
2025-11-30T16:00:00Z,ENAUSDT,0.00005,0.269,0.269
2025-11-30T20:00:00Z,ENAUSDT,0.00005,0.271,0.271
2025-12-01T00:00:00Z,ENAUSDT,0.00005,0.2584,0.2584
2025-12-01T04:00:00Z,ENAUSDT,0.00005,0.2428,0.2428
2025-12-01T08:00:00Z,ENAUSDT,-0.000041989613897942,0.2389,0.2389
2025-12-01T12:00:00Z,ENAUSDT,0.00005,0.2391,0.2391
2025-12-01T16:00:00Z,ENAUSDT,0.00005,0.2391,0.2391
2025-12-01T20:00:00Z,ENAUSDT,0.00005,0.2395,0.2395
2025-12-02T00:00:00Z,ENAUSDT,0.00005,0.2426,0.2426
2025-12-02T04:00:00Z,ENAUSDT,0.00005,0.2386,0.2386
2025-12-02T08:00:00Z,ENAUSDT,0.00005,0.2398,0.2398
2025-12-02T12:00:00Z,ENAUSDT,0.00005,0.2383,0.2383
2025-12-02T16:00:00Z,ENAUSDT,0.00005,0.2609,0.2609
2025-12-02T20:00:00Z,ENAUSDT,0.00005,0.2628,0.2628
2025-12-03T00:00:00Z,ENAUSDT,0.00005,0.2694,0.2694
2025-12-03T04:00:00Z,ENAUSDT,0.00005,0.2754,0.2754
2025-12-03T08:00:00Z,ENAUSDT,0.00005,0.2781,0.2781
2025-12-03T12:00:00Z,ENAUSDT,0.00005,0.2731,0.2731
2025-12-03T16:00:00Z,ENAUSDT,0.00005,0.2831,0.2831
2025-12-03T20:00:00Z,ENAUSDT,0.00005,0.2887,0.2887
2025-12-04T00:00:00Z,ENAUSDT,0.00005,0.2973,0.2973
2025-12-04T04:00:00Z,ENAUSDT,0.00005,0.2931,0.2931
2025-12-04T08:00:00Z,ENAUSDT,0.00005,0.2905,0.2905
2025-12-04T12:00:00Z,ENAUSDT,0.00005,0.289,0.289
2025-12-04T16:00:00Z,ENAUSDT,0.00005,0.2896,0.2896
2025-12-04T20:00:00Z,ENAUSDT,0.00005,0.2854,0.2854
2025-12-05T00:00:00Z,ENAUSDT,0.00005,0.2832,0.2832
2025-12-05T04:00:00Z,ENAUSDT,0.00005,0.2824,0.2824
2025-12-05T08:00:00Z,ENAUSDT,0.00005,0.2836,0.2836
2025-12-05T12:00:00Z,ENAUSDT,0.00005,0.2763,0.2763
2025-12-05T16:00:00Z,ENAUSDT,0.00005,0.2699,0.2699
2025-12-05T20:00:00Z,ENAUSDT,0.00005,0.2571,0.2571
2025-12-06T00:00:00Z,ENAUSDT,0.00005,0.2597,0.2597
2025-12-06T04:00:00Z,ENAUSDT,0.00005,0.26,0.26
2025-12-06T08:00:00Z,ENAUSDT,0.00005,0.2596,0.2596
2025-12-06T12:00:00Z,ENAUSDT,0.00005,0.2569,0.2569
2025-12-06T16:00:00Z,ENAUSDT,0.00005,0.2602,0.2602
2025-12-06T20:00:00Z,ENAUSDT,0.00005,0.2633,0.2633
2025-12-07T00:00:00Z,ENAUSDT,0.00005,0.2618,0.2618
2025-12-07T04:00:00Z,ENAUSDT,0.00005,0.2618,0.2618
2025-12-07T08:00:00Z,ENAUSDT,0.00005,0.2605,0.2605
2025-12-07T12:00:00Z,ENAUSDT,0.00005,0.2579,0.2579
2025-12-07T16:00:00Z,ENAUSDT,0.00005,0.2614,0.2614
2025-12-07T20:00:00Z,ENAUSDT,0.00005,0.2753,0.2753
2025-12-08T00:00:00Z,ENAUSDT,0.00005,0.2671,0.2671
2025-12-08T04:00:00Z,ENAUSDT,0.00005,0.2711,0.2711
2025-12-08T08:00:00Z,ENAUSDT,0.00005,0.2767,0.2767
2025-12-08T12:00:00Z,ENAUSDT,0.00005,0.2763,0.2763
2025-12-08T16:00:00Z,ENAUSDT,0.00005,0.274,0.274
2025-12-08T20:00:00Z,ENAUSDT,0.00005,0.2729,0.2729
2025-12-09T00:00:00Z,ENAUSDT,0.00005,0.272,0.272
2025-12-09T04:00:00Z,ENAUSDT,0.00005,0.2707,0.2707
2025-12-09T08:00:00Z,ENAUSDT,0.00005,0.2687,0.2687
2025-12-09T12:00:00Z,ENAUSDT,0.00005,0.2646,0.2646
2025-12-09T16:00:00Z,ENAUSDT,0.00005,0.2809,0.2809
2025-12-09T20:00:00Z,ENAUSDT,0.00005,0.2856,0.2856
2025-12-10T00:00:00Z,ENAUSDT,0.00005,0.2794,0.2794
2025-12-10T04:00:00Z,ENAUSDT,0.00005,0.2752,0.2752
2025-12-10T08:00:00Z,ENAUSDT,0.00005,0.273,0.273
2025-12-10T12:00:00Z,ENAUSDT,0.00005,0.2673,0.2673
2025-12-10T16:00:00Z,ENAUSDT,0.00005,0.2626,0.2626
2025-12-10T20:00:00Z,ENAUSDT,0.00005,0.2689,0.2689
2025-12-11T00:00:00Z,ENAUSDT,0.00005,0.2588,0.2588
2025-12-11T04:00:00Z,ENAUSDT,0.00005,0.2461,0.2461
2025-12-11T08:00:00Z,ENAUSDT,0.00005,0.2501,0.2501
2025-12-11T12:00:00Z,ENAUSDT,0.00005,0.2522,0.2522
2025-12-11T16:00:00Z,ENAUSDT,0.00005,0.2526,0.2526
2025-12-11T20:00:00Z,ENAUSDT,0.00005,0.2558,0.2558
2025-12-12T00:00:00Z,ENAUSDT,0.00005,0.2646,0.2646
2025-12-12T04:00:00Z,ENAUSDT,0.00005,0.2637,0.2637
2025-12-12T08:00:00Z,ENAUSDT,0.00005,0.2623,0.2623
2025-12-12T12:00:00Z,ENAUSDT,0.00005,0.2655,0.2655
2025-12-12T16:00:00Z,ENAUSDT,0.00005,0.2506,0.2506
2025-12-12T20:00:00Z,ENAUSDT,0.00005,0.2466,0.2466
2025-12-13T00:00:00Z,ENAUSDT,0.00005,0.2482,0.2482
2025-12-13T04:00:00Z,ENAUSDT,0.00005,0.2484,0.2484
2025-12-13T08:00:00Z,ENAUSDT,0.00005,0.2494,0.2494
2025-12-13T12:00:00Z,ENAUSDT,0.00005,0.2487,0.2487
2025-12-13T16:00:00Z,ENAUSDT,0.00005,0.2478,0.2478
2025-12-13T20:00:00Z,ENAUSDT,0.00005,0.2469,0.2469
2025-12-14T00:00:00Z,ENAUSDT,0.00005,0.2466,0.2466
2025-12-14T04:00:00Z,ENAUSDT,0.00005,0.2447,0.2447
2025-12-14T08:00:00Z,ENAUSDT,0.00005,0.2428,0.2428
2025-12-14T12:00:00Z,ENAUSDT,0.00005,0.2395,0.2395
2025-12-14T16:00:00Z,ENAUSDT,0.00005,0.2375,0.2375
2025-12-14T20:00:00Z,ENAUSDT,0.00005,0.2338,0.2338
2025-12-15T00:00:00Z,ENAUSDT,0.00005,0.2342,0.2342
2025-12-15T04:00:00Z,ENAUSDT,0.00005,0.2373,0.2373
2025-12-15T08:00:00Z,ENAUSDT,0.00005,0.2374,0.2374
2025-12-15T12:00:00Z,ENAUSDT,0.00005,0.2355,0.2355
2025-12-15T16:00:00Z,ENAUSDT,0.00005,0.2223,0.2223
2025-12-15T20:00:00Z,ENAUSDT,0.00005,0.2181,0.2181
2025-12-16T00:00:00Z,ENAUSDT,0.00005,0.2184,0.2184
2025-12-16T04:00:00Z,ENAUSDT,0.00005,0.2159,0.2159
2025-12-16T08:00:00Z,ENAUSDT,0.00005,0.2145,0.2145
2025-12-16T12:00:00Z,ENAUSDT,0.00005,0.2229,0.2229
2025-12-16T16:00:00Z,ENAUSDT,0.00005,0.2253,0.2253
2025-12-16T20:00:00Z,ENAUSDT,0.00005,0.219,0.219
2025-12-17T00:00:00Z,ENAUSDT,0.00005,0.2181,0.2181
2025-12-17T04:00:00Z,ENAUSDT,0.00005,0.2139,0.2139
2025-12-17T08:00:00Z,ENAUSDT,0.00005,0.2152,0.2152
2025-12-17T12:00:00Z,ENAUSDT,0.00005,0.211,0.211
2025-12-17T16:00:00Z,ENAUSDT,0.00005,0.2088,0.2088
2025-12-17T20:00:00Z,ENAUSDT,-0.000015493431210354,0.2036,0.2036
2025-12-18T00:00:00Z,ENAUSDT,-0.000086386353533309,0.2041,0.2041
2025-12-18T04:00:00Z,ENAUSDT,-0.000101274347887874,0.2019,0.2019
2025-12-18T08:00:00Z,ENAUSDT,-0.000128640720959739,0.2013,0.2013
2025-12-18T12:00:00Z,ENAUSDT,-0.000121485026364672,0.2044,0.2044
2025-12-18T16:00:00Z,ENAUSDT,0.00005,0.2097,0.2097
2025-12-18T20:00:00Z,ENAUSDT,0.00005,0.1915,0.1915
2025-12-19T00:00:00Z,ENAUSDT,0.00005,0.1975,0.1975
2025-12-19T04:00:00Z,ENAUSDT,0.00005,0.1994,0.1994
2025-12-19T08:00:00Z,ENAUSDT,-0.000172107172002126,0.2039,0.2039
2025-12-19T12:00:00Z,ENAUSDT,0.00005,0.2044,0.2044
2025-12-19T16:00:00Z,ENAUSDT,0.00005,0.2058,0.2058
2025-12-19T20:00:00Z,ENAUSDT,0.00005,0.2114,0.2114
2025-12-20T00:00:00Z,ENAUSDT,0.00005,0.2088,0.2088
2025-12-20T04:00:00Z,ENAUSDT,0.00005,0.2114,0.2114
2025-12-20T08:00:00Z,ENAUSDT,0.00005,0.2119,0.2119
2025-12-20T12:00:00Z,ENAUSDT,0.00005,0.2128,0.2128
2025-12-20T16:00:00Z,ENAUSDT,0.00005,0.2111,0.2111
2025-12-20T20:00:00Z,ENAUSDT,0.00005,0.212,0.212
2025-12-21T00:00:00Z,ENAUSDT,0.00005,0.2121,0.2121
2025-12-21T04:00:00Z,ENAUSDT,0.00005,0.2103,0.2103
2025-12-21T08:00:00Z,ENAUSDT,0.00005,0.2114,0.2114
2025-12-21T12:00:00Z,ENAUSDT,0.00005,0.2114,0.2114
2025-12-21T16:00:00Z,ENAUSDT,0.00005,0.2053,0.2053
2025-12-21T20:00:00Z,ENAUSDT,0.00005,0.2082,0.2082
2025-12-22T00:00:00Z,ENAUSDT,0.00005,0.2104,0.2104
2025-12-22T04:00:00Z,ENAUSDT,0.00005,0.2113,0.2113
2025-12-22T08:00:00Z,ENAUSDT,0.00005,0.2106,0.2106
2025-12-22T12:00:00Z,ENAUSDT,0.00005,0.214,0.214
2025-12-22T16:00:00Z,ENAUSDT,0.000039342785012659,0.2113,0.2113
2025-12-22T20:00:00Z,ENAUSDT,-0.000145286159125861,0.206,0.206
2025-12-23T00:00:00Z,ENAUSDT,-0.000016974470338612,0.2065,0.2065
2025-12-23T04:00:00Z,ENAUSDT,-0.000188520078355986,0.2022,0.2022
2025-12-23T08:00:00Z,ENAUSDT,-0.000215355795615437,0.2005,0.2005
2025-12-23T12:00:00Z,ENAUSDT,-0.000197824062242542,0.2007,0.2007
2025-12-23T16:00:00Z,ENAUSDT,-0.000108680962344252,0.1967,0.1967
2025-12-23T20:00:00Z,ENAUSDT,-0.000067642187398988,0.1997,0.1997
2025-12-24T00:00:00Z,ENAUSDT,-0.000034877059835578,0.1998,0.1998
2025-12-24T04:00:00Z,ENAUSDT,0.00005,0.1982,0.1982
2025-12-24T08:00:00Z,ENAUSDT,0.00005,0.1961,0.1961
2025-12-24T12:00:00Z,ENAUSDT,-0.000036181044925289,0.1975,0.1975
2025-12-24T16:00:00Z,ENAUSDT,-0.000051275632102489,0.2007,0.2007
2025-12-24T20:00:00Z,ENAUSDT,0.000038050040425443,0.1998,0.1998
2025-12-25T00:00:00Z,ENAUSDT,-0.000033084743033024,0.2007,0.2007
2025-12-25T04:00:00Z,ENAUSDT,0.00005,0.2042,0.2042
2025-12-25T08:00:00Z,ENAUSDT,-0.000032832234386992,0.2035,0.2035
2025-12-25T12:00:00Z,ENAUSDT,-0.000075760137311616,0.2017,0.2017
2025-12-25T16:00:00Z,ENAUSDT,0.000000126408887249,0.2049,0.2049
2025-12-25T20:00:00Z,ENAUSDT,-0.000095886643286462,0.2048,0.2048
2025-12-26T00:00:00Z,ENAUSDT,0.00005,0.1991,0.1991
2025-12-26T04:00:00Z,ENAUSDT,0.00005,0.2083,0.2083
2025-12-26T08:00:00Z,ENAUSDT,0.00005,0.2104,0.2104
2025-12-26T12:00:00Z,ENAUSDT,0.00005,0.2124,0.2124
2025-12-26T16:00:00Z,ENAUSDT,0.00005,0.207,0.207
2025-12-26T20:00:00Z,ENAUSDT,0.00005,0.2095,0.2095
2025-12-27T00:00:00Z,ENAUSDT,0.00005,0.21,0.21
2025-12-27T04:00:00Z,ENAUSDT,0.00005,0.212,0.212
2025-12-27T08:00:00Z,ENAUSDT,0.00005,0.2105,0.2105
2025-12-27T12:00:00Z,ENAUSDT,0.00005,0.2117,0.2117
2025-12-27T16:00:00Z,ENAUSDT,0.00005,0.2131,0.2131
2025-12-27T20:00:00Z,ENAUSDT,0.00005,0.2136,0.2136
2025-12-28T00:00:00Z,ENAUSDT,0.00005,0.2169,0.2169
2025-12-28T04:00:00Z,ENAUSDT,0.00005,0.2132,0.2132
2025-12-28T08:00:00Z,ENAUSDT,0.00005,0.2124,0.2124
2025-12-28T12:00:00Z,ENAUSDT,0.00005,0.2113,0.2113
2025-12-28T16:00:00Z,ENAUSDT,0.00005,0.2098,0.2098
2025-12-28T20:00:00Z,ENAUSDT,0.00005,0.2063,0.2063
2025-12-29T00:00:00Z,ENAUSDT,0.000021089202190474,0.208,0.208
2025-12-29T04:00:00Z,ENAUSDT,0.00005,0.2175,0.2175
2025-12-29T08:00:00Z,ENAUSDT,0.00005,0.2149,0.2149
2025-12-29T12:00:00Z,ENAUSDT,0.00005,0.21,0.21
2025-12-29T16:00:00Z,ENAUSDT,0.00005,0.2112,0.2112
2025-12-29T20:00:00Z,ENAUSDT,0.00005,0.2095,0.2095
2025-12-30T00:00:00Z,ENAUSDT,0.00005,0.2103,0.2103
2025-12-30T04:00:00Z,ENAUSDT,0.00005,0.2054,0.2054
2025-12-30T08:00:00Z,ENAUSDT,0.00005,0.2057,0.2057
2025-12-30T12:00:00Z,ENAUSDT,0.00005,0.208,0.208
2025-12-30T16:00:00Z,ENAUSDT,0.00005,0.2077,0.2077
2025-12-30T20:00:00Z,ENAUSDT,0.00005,0.2042,0.2042
2025-12-31T00:00:00Z,ENAUSDT,0.00005,0.2033,0.2033
2025-12-31T04:00:00Z,ENAUSDT,0.00005,0.2038,0.2038
2025-12-31T08:00:00Z,ENAUSDT,0.00005,0.2046,0.2046
2025-12-31T12:00:00Z,ENAUSDT,0.00005,0.2063,0.2063
2025-12-31T16:00:00Z,ENAUSDT,0.00005,0.2025,0.2025
2025-12-31T20:00:00Z,ENAUSDT,0.00005,0.1986,0.1986
2026-01-01T00:00:00Z,ENAUSDT,0.00005,0.1998,0.1998
2026-01-01T04:00:00Z,ENAUSDT,0.00005,0.2004,0.2004
2026-01-01T08:00:00Z,ENAUSDT,0.00005,0.2018,0.2018
2026-01-01T12:00:00Z,ENAUSDT,0.00005,0.2045,0.2045
2026-01-01T16:00:00Z,ENAUSDT,0.00005,0.2079,0.2079
2026-01-01T20:00:00Z,ENAUSDT,0.00005,0.2151,0.2151
2026-01-02T00:00:00Z,ENAUSDT,0.00005,0.2175,0.2175
2026-01-02T04:00:00Z,ENAUSDT,0.00005,0.2208,0.2208
2026-01-02T08:00:00Z,ENAUSDT,0.00005,0.2198,0.2198
2026-01-02T12:00:00Z,ENAUSDT,0.00005,0.2224,0.2224
2026-01-02T16:00:00Z,ENAUSDT,0.00005,0.2314,0.2314
2026-01-02T20:00:00Z,ENAUSDT,0.00005,0.2367,0.2367
2026-01-03T00:00:00Z,ENAUSDT,0.00005,0.2369,0.2369
2026-01-03T04:00:00Z,ENAUSDT,0.00002557728774629,0.239,0.239
2026-01-03T08:00:00Z,ENAUSDT,0.000037901718722888,0.2328,0.2328
2026-01-03T12:00:00Z,ENAUSDT,0.00005,0.2326,0.2326
2026-01-03T16:00:00Z,ENAUSDT,0.00005,0.2352,0.2352
2026-01-03T20:00:00Z,ENAUSDT,0.00005,0.2368,0.2368
2026-01-04T00:00:00Z,ENAUSDT,0.00005,0.2385,0.2385
2026-01-04T04:00:00Z,ENAUSDT,0.00005,0.2416,0.2416
2026-01-04T08:00:00Z,ENAUSDT,0.00005,0.2402,0.2402
2026-01-04T12:00:00Z,ENAUSDT,0.00005,0.2438,0.2438
2026-01-04T16:00:00Z,ENAUSDT,0.00005,0.2495,0.2495
2026-01-04T20:00:00Z,ENAUSDT,0.00005,0.2451,0.2451
2026-01-05T00:00:00Z,ENAUSDT,0.00005,0.2504,0.2504
2026-01-05T04:00:00Z,ENAUSDT,0.00005,0.2476,0.2476
2026-01-05T08:00:00Z,ENAUSDT,0.00005,0.2446,0.2446
2026-01-05T12:00:00Z,ENAUSDT,0.00005,0.2435,0.2435
2026-01-05T16:00:00Z,ENAUSDT,0.00005,0.2481,0.2481
2026-01-05T20:00:00Z,ENAUSDT,0.00005,0.2538,0.2538
2026-01-06T00:00:00Z,ENAUSDT,0.00005,0.2526,0.2526
2026-01-06T04:00:00Z,ENAUSDT,0.00005,0.2519,0.2519
2026-01-06T08:00:00Z,ENAUSDT,0.00005,0.2484,0.2484
2026-01-06T12:00:00Z,ENAUSDT,0.00005,0.2521,0.2521
2026-01-06T16:00:00Z,ENAUSDT,0.00005,0.2518,0.2518
2026-01-06T20:00:00Z,ENAUSDT,0.00005,0.2446,0.2446
2026-01-07T00:00:00Z,ENAUSDT,0.00005,0.2566,0.2566
2026-01-07T04:00:00Z,ENAUSDT,0.00005,0.2515,0.2515
2026-01-07T08:00:00Z,ENAUSDT,0.00005,0.2519,0.2519
2026-01-07T12:00:00Z,ENAUSDT,0.00005,0.2449,0.2449
2026-01-07T16:00:00Z,ENAUSDT,0.00005,0.2359,0.2359
2026-01-07T20:00:00Z,ENAUSDT,0.00005,0.2376,0.2376
2026-01-08T00:00:00Z,ENAUSDT,0.00005,0.2376,0.2376
2026-01-08T04:00:00Z,ENAUSDT,0.00005,0.2351,0.2351
2026-01-08T08:00:00Z,ENAUSDT,0.00005,0.2338,0.2338
2026-01-08T12:00:00Z,ENAUSDT,0.00005,0.2305,0.2305
2026-01-08T16:00:00Z,ENAUSDT,0.00005,0.2366,0.2366
2026-01-08T20:00:00Z,ENAUSDT,0.00005,0.2337,0.2337
2026-01-09T00:00:00Z,ENAUSDT,0.00005,0.2332,0.2332
2026-01-09T04:00:00Z,ENAUSDT,0.00005,0.234,0.234
2026-01-09T08:00:00Z,ENAUSDT,0.00005,0.2323,0.2323
2026-01-09T12:00:00Z,ENAUSDT,0.00005,0.2327,0.2327
2026-01-09T16:00:00Z,ENAUSDT,0.00005,0.2366,0.2366
2026-01-09T20:00:00Z,ENAUSDT,0.00005,0.2314,0.2314
2026-01-10T00:00:00Z,ENAUSDT,0.00005,0.2321,0.2321
2026-01-10T04:00:00Z,ENAUSDT,0.00005,0.2288,0.2288
2026-01-10T08:00:00Z,ENAUSDT,0.00005,0.2284,0.2284
2026-01-10T12:00:00Z,ENAUSDT,0.00005,0.2308,0.2308
2026-01-10T16:00:00Z,ENAUSDT,0.00005,0.2302,0.2302
2026-01-10T20:00:00Z,ENAUSDT,0.00005,0.2302,0.2302
2026-01-11T00:00:00Z,ENAUSDT,0.00005,0.2266,0.2266
2026-01-11T04:00:00Z,ENAUSDT,0.00005,0.2279,0.2279
2026-01-11T08:00:00Z,ENAUSDT,0.00005,0.2288,0.2288
2026-01-11T12:00:00Z,ENAUSDT,0.00005,0.2311,0.2311
2026-01-11T16:00:00Z,ENAUSDT,0.00005,0.2319,0.2319
2026-01-11T20:00:00Z,ENAUSDT,0.00005,0.2307,0.2307
2026-01-12T00:00:00Z,ENAUSDT,0.00005,0.2277,0.2277
2026-01-12T04:00:00Z,ENAUSDT,0.00005,0.2315,0.2315
2026-01-12T08:00:00Z,ENAUSDT,0.00005,0.227,0.227
2026-01-12T12:00:00Z,ENAUSDT,0.00005,0.2242,0.2242
2026-01-12T16:00:00Z,ENAUSDT,0.00005,0.2223,0.2223
2026-01-12T20:00:00Z,ENAUSDT,0.000000727633403042,0.2194,0.2194
2026-01-13T00:00:00Z,ENAUSDT,-0.000141770077296509,0.2134,0.2134
2026-01-13T04:00:00Z,ENAUSDT,-0.000157931466096451,0.2146,0.2146
2026-01-13T08:00:00Z,ENAUSDT,0.00005,0.2198,0.2198
2026-01-13T12:00:00Z,ENAUSDT,0.00005,0.2203,0.2203
2026-01-13T16:00:00Z,ENAUSDT,0.00005,0.2258,0.2258
2026-01-13T20:00:00Z,ENAUSDT,0.00005,0.2287,0.2287
2026-01-14T00:00:00Z,ENAUSDT,0.00005,0.2408,0.2408
2026-01-14T04:00:00Z,ENAUSDT,0.00005,0.2439,0.2439
2026-01-14T08:00:00Z,ENAUSDT,0.00005,0.2455,0.2455
2026-01-14T12:00:00Z,ENAUSDT,0.00005,0.2389,0.2389
2026-01-14T16:00:00Z,ENAUSDT,0.00005,0.2428,0.2428
2026-01-14T20:00:00Z,ENAUSDT,0.00005,0.2416,0.2416
2026-01-15T00:00:00Z,ENAUSDT,0.00005,0.2373,0.2373
2026-01-15T04:00:00Z,ENAUSDT,0.00005,0.2274,0.2274
2026-01-15T08:00:00Z,ENAUSDT,0.00005,0.2323,0.2323
2026-01-15T12:00:00Z,ENAUSDT,0.00005,0.2326,0.2326
2026-01-15T16:00:00Z,ENAUSDT,0.00005,0.2276,0.2276
2026-01-15T20:00:00Z,ENAUSDT,0.00005,0.2217,0.2217
2026-01-16T00:00:00Z,ENAUSDT,0.00005,0.2236,0.2236
2026-01-16T04:00:00Z,ENAUSDT,0.00005,0.222,0.222
2026-01-16T08:00:00Z,ENAUSDT,0.00005,0.2218,0.2218
2026-01-16T12:00:00Z,ENAUSDT,0.00005,0.2223,0.2223
2026-01-16T16:00:00Z,ENAUSDT,0.00005,0.2146,0.2146
2026-01-16T20:00:00Z,ENAUSDT,0.00005,0.2164,0.2164
2026-01-17T00:00:00Z,ENAUSDT,0.00005,0.221,0.221
2026-01-17T04:00:00Z,ENAUSDT,0.00005,0.2192,0.2192
2026-01-17T08:00:00Z,ENAUSDT,0.00005,0.2191,0.2191
2026-01-17T12:00:00Z,ENAUSDT,0.00005,0.2197,0.2197
2026-01-17T16:00:00Z,ENAUSDT,0.00005,0.2233,0.2233
2026-01-17T20:00:00Z,ENAUSDT,0.00005,0.2215,0.2215
2026-01-18T00:00:00Z,ENAUSDT,0.00005,0.2186,0.2186
2026-01-18T04:00:00Z,ENAUSDT,0.00005,0.2176,0.2176
2026-01-18T08:00:00Z,ENAUSDT,0.00005,0.2156,0.2156
2026-01-18T12:00:00Z,ENAUSDT,0.00005,0.216,0.216
2026-01-18T16:00:00Z,ENAUSDT,0.00005,0.2157,0.2157
2026-01-18T20:00:00Z,ENAUSDT,0.00005,0.2157,0.2157
2026-01-19T00:00:00Z,ENAUSDT,0.00005,0.204,0.204
2026-01-19T04:00:00Z,ENAUSDT,-0.000077813602470638,0.1954,0.1954
2026-01-19T08:00:00Z,ENAUSDT,-0.000091963798559642,0.1944,0.1944
2026-01-19T12:00:00Z,ENAUSDT,-0.00000148643524224,0.1932,0.1932
2026-01-19T16:00:00Z,ENAUSDT,0.000021215811455409,0.1926,0.1926
2026-01-19T20:00:00Z,ENAUSDT,0.00005,0.1939,0.1939
2026-01-20T00:00:00Z,ENAUSDT,0.00005,0.1945,0.1945
2026-01-20T04:00:00Z,ENAUSDT,0.000022170383915278,0.1909,0.1909
2026-01-20T08:00:00Z,ENAUSDT,0.00005,0.1881,0.1881
2026-01-20T12:00:00Z,ENAUSDT,0.00005,0.185,0.185
2026-01-20T16:00:00Z,ENAUSDT,0.00005,0.1838,0.1838
2026-01-20T20:00:00Z,ENAUSDT,0.00005,0.1809,0.1809
2026-01-21T00:00:00Z,ENAUSDT,0.00005,0.1796,0.1796
2026-01-21T04:00:00Z,ENAUSDT,0.00005,0.1826,0.1826
2026-01-21T08:00:00Z,ENAUSDT,0.00005,0.1818,0.1818
2026-01-21T12:00:00Z,ENAUSDT,0.00005,0.1777,0.1777
2026-01-21T16:00:00Z,ENAUSDT,0.00005,0.1799,0.1799
2026-01-21T20:00:00Z,ENAUSDT,0.00005,0.1827,0.1827
2026-01-22T00:00:00Z,ENAUSDT,0.00005,0.1791,0.1791
2026-01-22T04:00:00Z,ENAUSDT,0.00005,0.1793,0.1793
2026-01-22T08:00:00Z,ENAUSDT,0.00005,0.1764,0.1764
2026-01-22T12:00:00Z,ENAUSDT,0.00005,0.1771,0.1771
2026-01-22T16:00:00Z,ENAUSDT,0.00005,0.1735,0.1735
2026-01-22T20:00:00Z,ENAUSDT,0.00005,0.1734,0.1734
2026-01-23T00:00:00Z,ENAUSDT,0.00005,0.1748,0.1748
2026-01-23T04:00:00Z,ENAUSDT,0.00005,0.1787,0.1787
2026-01-23T08:00:00Z,ENAUSDT,0.00005,0.1791,0.1791
2026-01-23T12:00:00Z,ENAUSDT,0.00005,0.1771,0.1771
2026-01-23T16:00:00Z,ENAUSDT,0.00005,0.1764,0.1764
2026-01-23T20:00:00Z,ENAUSDT,0.00005,0.175,0.175
2026-01-24T00:00:00Z,ENAUSDT,0.00005,0.1749,0.1749
2026-01-24T04:00:00Z,ENAUSDT,0.00005,0.1756,0.1756
2026-01-24T08:00:00Z,ENAUSDT,0.00005,0.1751,0.1751
2026-01-24T12:00:00Z,ENAUSDT,0.00005,0.1751,0.1751
2026-01-24T16:00:00Z,ENAUSDT,0.00005,0.1727,0.1727
2026-01-24T20:00:00Z,ENAUSDT,0.00005,0.1732,0.1732
2026-01-25T00:00:00Z,ENAUSDT,0.00005,0.1739,0.1739
2026-01-25T04:00:00Z,ENAUSDT,0.00005,0.1719,0.1719
2026-01-25T08:00:00Z,ENAUSDT,0.00005,0.1721,0.1721
2026-01-25T12:00:00Z,ENAUSDT,0.00005,0.1719,0.1719
2026-01-25T16:00:00Z,ENAUSDT,0.00005,0.1686,0.1686
2026-01-25T20:00:00Z,ENAUSDT,0.00005,0.1598,0.1598
2026-01-26T00:00:00Z,ENAUSDT,0.00005,0.1628,0.1628
2026-01-26T04:00:00Z,ENAUSDT,0.00005,0.1645,0.1645
2026-01-26T08:00:00Z,ENAUSDT,0.00005,0.1668,0.1668
2026-01-26T12:00:00Z,ENAUSDT,0.00005,0.1659,0.1659
2026-01-26T16:00:00Z,ENAUSDT,0.00005,0.1667,0.1667
2026-01-26T20:00:00Z,ENAUSDT,0.00005,0.1691,0.1691
2026-01-27T00:00:00Z,ENAUSDT,0.00005,0.1689,0.1689
2026-01-27T04:00:00Z,ENAUSDT,0.00005,0.1684,0.1684
2026-01-27T08:00:00Z,ENAUSDT,0.00005,0.1681,0.1681
2026-01-27T12:00:00Z,ENAUSDT,0.00005,0.1672,0.1672
2026-01-27T16:00:00Z,ENAUSDT,0.00005,0.1682,0.1682
2026-01-27T20:00:00Z,ENAUSDT,0.00005,0.1711,0.1711
2026-01-28T00:00:00Z,ENAUSDT,0.00005,0.1747,0.1747
2026-01-28T04:00:00Z,ENAUSDT,0.00005,0.1727,0.1727
2026-01-28T08:00:00Z,ENAUSDT,0.00005,0.1727,0.1727
2026-01-28T12:00:00Z,ENAUSDT,0.00005,0.1757,0.1757
2026-01-28T16:00:00Z,ENAUSDT,0.00005,0.1726,0.1726
2026-01-28T20:00:00Z,ENAUSDT,0.00005,0.1719,0.1719
2026-01-29T00:00:00Z,ENAUSDT,0.000010404585089337,0.1726,0.1726
2026-01-29T04:00:00Z,ENAUSDT,-0.000049853269498693,0.1661,0.1661
2026-01-29T08:00:00Z,ENAUSDT,0.000014194214567617,0.1654,0.1654
2026-01-29T12:00:00Z,ENAUSDT,-0.000032640368203627,0.1631,0.1631
2026-01-29T16:00:00Z,ENAUSDT,-0.000135924963793177,0.1573,0.1573
2026-01-29T20:00:00Z,ENAUSDT,-0.000232421317065855,0.1549,0.1549
2026-01-30T00:00:00Z,ENAUSDT,-0.00024908091104534,0.1571,0.1571
2026-01-30T04:00:00Z,ENAUSDT,-0.000235512302287339,0.1518,0.1518
2026-01-30T08:00:00Z,ENAUSDT,-0.00009823216332753,0.1544,0.1544
2026-01-30T12:00:00Z,ENAUSDT,-0.00019423956664296,0.1566,0.1566
2026-01-30T16:00:00Z,ENAUSDT,0.000023126808565582,0.1546,0.1546
2026-01-30T20:00:00Z,ENAUSDT,0.00005,0.1553,0.1553
2026-01-31T00:00:00Z,ENAUSDT,0.00005,0.1535,0.1535
2026-01-31T04:00:00Z,ENAUSDT,0.00005,0.1522,0.1522
2026-01-31T08:00:00Z,ENAUSDT,0.00005,0.1492,0.1492
2026-01-31T12:00:00Z,ENAUSDT,0.000021636877468787,0.146,0.146
2026-01-31T16:00:00Z,ENAUSDT,0.00005,0.1395,0.1395
2026-01-31T20:00:00Z,ENAUSDT,0.00005,0.1323,0.1323
2026-02-01T00:00:00Z,ENAUSDT,-0.000033788563696462,0.1383,0.1383
2026-02-01T04:00:00Z,ENAUSDT,-0.000164302556331274,0.1388,0.1388
2026-02-01T08:00:00Z,ENAUSDT,-0.000168821870996688,0.1402,0.1402
2026-02-01T12:00:00Z,ENAUSDT,-0.000035347905888441,0.1387,0.1387
2026-02-01T16:00:00Z,ENAUSDT,-0.00018162729140181,0.1357,0.1357
2026-02-01T20:00:00Z,ENAUSDT,-0.00012955442373583,0.1365,0.1365
2026-02-02T00:00:00Z,ENAUSDT,-0.000081506141038808,0.1364,0.1364
2026-02-02T04:00:00Z,ENAUSDT,-0.000047748947717755,0.1371,0.1371
2026-02-02T08:00:00Z,ENAUSDT,0.000008449368975929,0.1359,0.1359
2026-02-02T12:00:00Z,ENAUSDT,0.00005,0.1378,0.1378
2026-02-02T16:00:00Z,ENAUSDT,0.00005,0.1433,0.1433
2026-02-02T20:00:00Z,ENAUSDT,-0.000028123974059899,0.1395,0.1395
2026-02-03T00:00:00Z,ENAUSDT,0.000040000212426887,0.1401,0.1401
2026-02-03T04:00:00Z,ENAUSDT,-0.000059972265083591,0.1391,0.1391
2026-02-03T08:00:00Z,ENAUSDT,0.00005,0.1394,0.1394
2026-02-03T12:00:00Z,ENAUSDT,-0.000027884059015896,0.1386,0.1386
2026-02-03T16:00:00Z,ENAUSDT,0.00005,0.1407,0.1407
2026-02-03T20:00:00Z,ENAUSDT,0.00005,0.1374,0.1374
2026-02-04T00:00:00Z,ENAUSDT,0.00005,0.1371,0.1371
2026-02-04T04:00:00Z,ENAUSDT,0.00005,0.1401,0.1401
2026-02-04T08:00:00Z,ENAUSDT,0.00005,0.1406,0.1406
2026-02-04T12:00:00Z,ENAUSDT,0.00005,0.1385,0.1385
2026-02-04T16:00:00Z,ENAUSDT,0.00005,0.1341,0.1341
2026-02-04T20:00:00Z,ENAUSDT,0.00005,0.1378,0.1378
2026-02-05T00:00:00Z,ENAUSDT,0.00005,0.1337,0.1337
2026-02-05T04:00:00Z,ENAUSDT,0.00005,0.1325,0.1325
2026-02-05T08:00:00Z,ENAUSDT,0.00002281807946508,0.13,0.13
2026-02-05T12:00:00Z,ENAUSDT,0.000014692796093598,0.1266,0.1266
2026-02-05T16:00:00Z,ENAUSDT,0.00005,0.1209,0.1209
2026-02-05T20:00:00Z,ENAUSDT,0.00005,0.1183,0.1183
2026-02-06T00:00:00Z,ENAUSDT,0.000036341427562487,0.1138,0.1138
2026-02-06T04:00:00Z,ENAUSDT,0.00005,0.1126,0.1126
2026-02-06T08:00:00Z,ENAUSDT,0.00005,0.1155,0.1155
2026-02-06T12:00:00Z,ENAUSDT,0.00005,0.1195,0.1195
2026-02-06T16:00:00Z,ENAUSDT,0.00005,0.1235,0.1235
2026-02-06T20:00:00Z,ENAUSDT,0.00005,0.1272,0.1272
2026-02-07T00:00:00Z,ENAUSDT,0.00005,0.1271,0.1271
2026-02-07T04:00:00Z,ENAUSDT,0.00005,0.1266,0.1266
2026-02-07T08:00:00Z,ENAUSDT,0.00005,0.1219,0.1219
2026-02-07T12:00:00Z,ENAUSDT,0.00005,0.1221,0.1221
2026-02-07T16:00:00Z,ENAUSDT,0.00005,0.1252,0.1252
2026-02-07T20:00:00Z,ENAUSDT,0.00005,0.1259,0.1259
2026-02-08T00:00:00Z,ENAUSDT,0.000044205434133239,0.1262,0.1262
2026-02-08T04:00:00Z,ENAUSDT,-0.000103026592220775,0.1242,0.1242
2026-02-08T08:00:00Z,ENAUSDT,-0.000168640281042974,0.124,0.124
2026-02-08T12:00:00Z,ENAUSDT,0.000012615746731211,0.1253,0.1253
2026-02-08T16:00:00Z,ENAUSDT,0.00005,0.1225,0.1225
2026-02-08T20:00:00Z,ENAUSDT,0.00005,0.1208,0.1208
2026-02-09T00:00:00Z,ENAUSDT,0.00005,0.1199,0.1199
2026-02-09T04:00:00Z,ENAUSDT,0.00005,0.1218,0.1218
2026-02-09T08:00:00Z,ENAUSDT,0.00005,0.1191,0.1191
2026-02-09T12:00:00Z,ENAUSDT,0.00005,0.1164,0.1164
2026-02-09T16:00:00Z,ENAUSDT,0.00005,0.1189,0.1189
2026-02-09T20:00:00Z,ENAUSDT,0.00005,0.1212,0.1212
2026-02-10T00:00:00Z,ENAUSDT,0.00005,0.1205,0.1205
2026-02-10T04:00:00Z,ENAUSDT,0.00005,0.1174,0.1174
2026-02-10T08:00:00Z,ENAUSDT,0.00005,0.1153,0.1153
2026-02-10T12:00:00Z,ENAUSDT,0.00005,0.115,0.115
2026-02-10T16:00:00Z,ENAUSDT,0.00005,0.116,0.116
2026-02-10T20:00:00Z,ENAUSDT,0.00005,0.1146,0.1146
2026-02-11T00:00:00Z,ENAUSDT,0.00005,0.1143,0.1143
2026-02-11T04:00:00Z,ENAUSDT,0.00005,0.1143,0.1143
2026-02-11T08:00:00Z,ENAUSDT,0.00005,0.1111,0.1111
2026-02-11T12:00:00Z,ENAUSDT,0.00005,0.1092,0.1092
2026-02-11T16:00:00Z,ENAUSDT,0.00005,0.1098,0.1098
2026-02-11T20:00:00Z,ENAUSDT,0.00005,0.1108,0.1108
2026-02-12T00:00:00Z,ENAUSDT,0.00005,0.1117,0.1117
2026-02-12T04:00:00Z,ENAUSDT,0.00005,0.1154,0.1154
2026-02-12T08:00:00Z,ENAUSDT,0.00005,0.1165,0.1165
2026-02-12T12:00:00Z,ENAUSDT,0.00005,0.118,0.118
2026-02-12T16:00:00Z,ENAUSDT,0.00005,0.1155,0.1155
2026-02-12T20:00:00Z,ENAUSDT,0.00005,0.1162,0.1162
2026-02-13T00:00:00Z,ENAUSDT,0.00005,0.1191,0.1191
2026-02-13T04:00:00Z,ENAUSDT,0.00005,0.1163,0.1163
2026-02-13T08:00:00Z,ENAUSDT,0.00005,0.1152,0.1152
2026-02-13T12:00:00Z,ENAUSDT,0.00005,0.1153,0.1153
2026-02-13T16:00:00Z,ENAUSDT,0.00005,0.119,0.119
2026-02-13T20:00:00Z,ENAUSDT,0.00005,0.1211,0.1211
2026-02-14T00:00:00Z,ENAUSDT,0.00005,0.1212,0.1212
2026-02-14T04:00:00Z,ENAUSDT,0.00005,0.1219,0.1219
2026-02-14T08:00:00Z,ENAUSDT,0.00005,0.1218,0.1218
2026-02-14T12:00:00Z,ENAUSDT,0.00005,0.125,0.125
2026-02-14T16:00:00Z,ENAUSDT,0.00005,0.1262,0.1262
2026-02-14T20:00:00Z,ENAUSDT,0.00005,0.1294,0.1294
2026-02-15T00:00:00Z,ENAUSDT,0.00005,0.1285,0.1285
2026-02-15T04:00:00Z,ENAUSDT,0.00005,0.1288,0.1288
2026-02-15T08:00:00Z,ENAUSDT,0.00005,0.1295,0.1295
2026-02-15T12:00:00Z,ENAUSDT,0.00005,0.1262,0.1262
2026-02-15T16:00:00Z,ENAUSDT,0.00005,0.1231,0.1231
2026-02-15T20:00:00Z,ENAUSDT,0.00005,0.1196,0.1196
2026-02-16T00:00:00Z,ENAUSDT,0.00005,0.1214,0.1214
2026-02-16T04:00:00Z,ENAUSDT,0.00005,0.1209,0.1209
2026-02-16T08:00:00Z,ENAUSDT,0.00005,0.1197,0.1197
2026-02-16T12:00:00Z,ENAUSDT,0.00005,0.1208,0.1208
2026-02-16T16:00:00Z,ENAUSDT,0.000024655747604234,0.119,0.119
2026-02-16T20:00:00Z,ENAUSDT,-0.000084838132705477,0.1205,0.1205
2026-02-17T00:00:00Z,ENAUSDT,0.00005,0.123,0.123
2026-02-17T04:00:00Z,ENAUSDT,0.00005,0.1224,0.1224
2026-02-17T08:00:00Z,ENAUSDT,0.00005,0.1217,0.1217
2026-02-17T12:00:00Z,ENAUSDT,0.00005,0.12,0.12
2026-02-17T16:00:00Z,ENAUSDT,0.00005,0.1199,0.1199
2026-02-17T20:00:00Z,ENAUSDT,0.00005,0.1209,0.1209
2026-02-18T00:00:00Z,ENAUSDT,0.00005,0.1202,0.1202
2026-02-18T04:00:00Z,ENAUSDT,0.00005,0.1203,0.1203
2026-02-18T08:00:00Z,ENAUSDT,0.00005,0.1213,0.1213
2026-02-18T12:00:00Z,ENAUSDT,0.00005,0.1193,0.1193
2026-02-18T16:00:00Z,ENAUSDT,0.00005,0.119,0.119
2026-02-18T20:00:00Z,ENAUSDT,0.00005,0.1145,0.1145
2026-02-19T00:00:00Z,ENAUSDT,0.00005,0.1147,0.1147
2026-02-19T04:00:00Z,ENAUSDT,0.00005,0.1149,0.1149
2026-02-19T08:00:00Z,ENAUSDT,0.00005,0.114,0.114
2026-02-19T12:00:00Z,ENAUSDT,0.00005,0.1122,0.1122
2026-02-19T16:00:00Z,ENAUSDT,0.00005,0.1086,0.1086
2026-02-19T20:00:00Z,ENAUSDT,0.00005,0.111,0.111
2026-02-20T00:00:00Z,ENAUSDT,0.00005,0.1106,0.1106
2026-02-20T04:00:00Z,ENAUSDT,0.00005,0.1108,0.1108
2026-02-20T08:00:00Z,ENAUSDT,0.00005,0.1102,0.1102
2026-02-20T12:00:00Z,ENAUSDT,0.00005,0.11,0.11
2026-02-20T16:00:00Z,ENAUSDT,0.00005,0.1123,0.1123
2026-02-20T20:00:00Z,ENAUSDT,0.00005,0.1108,0.1108
2026-02-21T00:00:00Z,ENAUSDT,0.00005,0.1113,0.1113
2026-02-21T04:00:00Z,ENAUSDT,0.00005,0.1101,0.1101
2026-02-21T08:00:00Z,ENAUSDT,0.00005,0.1096,0.1096
2026-02-21T12:00:00Z,ENAUSDT,0.00005,0.1113,0.1113
2026-02-21T16:00:00Z,ENAUSDT,0.00005,0.1098,0.1098
2026-02-21T20:00:00Z,ENAUSDT,0.00005,0.1088,0.1088
2026-02-22T00:00:00Z,ENAUSDT,0.00005,0.1077,0.1077
2026-02-22T04:00:00Z,ENAUSDT,0.00005,0.1047,0.1047
2026-02-22T08:00:00Z,ENAUSDT,0.00005,0.1031,0.1031
2026-02-22T12:00:00Z,ENAUSDT,0.00005,0.1036,0.1036
2026-02-22T16:00:00Z,ENAUSDT,0.00005,0.1013,0.1013
2026-02-22T20:00:00Z,ENAUSDT,0.00005,0.1003,0.1003
2026-02-23T00:00:00Z,ENAUSDT,0.00005,0.0998,0.0998
2026-02-23T04:00:00Z,ENAUSDT,0.00005,0.0964,0.0964
2026-02-23T08:00:00Z,ENAUSDT,0.00005,0.0987,0.0987
2026-02-23T12:00:00Z,ENAUSDT,0.00005,0.1011,0.1011
2026-02-23T16:00:00Z,ENAUSDT,0.00005,0.0991,0.0991
2026-02-23T20:00:00Z,ENAUSDT,0.00005,0.0976,0.0976
2026-02-24T00:00:00Z,ENAUSDT,0.00005,0.0985,0.0985
2026-02-24T04:00:00Z,ENAUSDT,0.00005,0.0961,0.0961
2026-02-24T08:00:00Z,ENAUSDT,0.00005,0.0951,0.0951
2026-02-24T12:00:00Z,ENAUSDT,0.00005,0.0951,0.0951
2026-02-24T16:00:00Z,ENAUSDT,0.00005,0.0988,0.0988
2026-02-24T20:00:00Z,ENAUSDT,0.00005,0.0988,0.0988
2026-02-25T00:00:00Z,ENAUSDT,0.00005,0.0977,0.0977
2026-02-25T04:00:00Z,ENAUSDT,0.00005,0.0996,0.0996
2026-02-25T08:00:00Z,ENAUSDT,0.00005,0.1005,0.1005
2026-02-25T12:00:00Z,ENAUSDT,0.00005,0.1013,0.1013
2026-02-25T16:00:00Z,ENAUSDT,0.00005,0.1065,0.1065
2026-02-25T20:00:00Z,ENAUSDT,0.00005,0.1114,0.1114
2026-02-26T00:00:00Z,ENAUSDT,0.00005,0.1091,0.1091
2026-02-26T04:00:00Z,ENAUSDT,0.000032033823216704,0.109,0.109
2026-02-26T08:00:00Z,ENAUSDT,0.00005,0.1115,0.1115
2026-02-26T12:00:00Z,ENAUSDT,0.00005,0.1096,0.1096
2026-02-26T16:00:00Z,ENAUSDT,0.00005,0.1075,0.1075
2026-02-26T20:00:00Z,ENAUSDT,0.00005,0.1048,0.1048
2026-02-27T00:00:00Z,ENAUSDT,0.00005,0.105,0.105
2026-02-27T04:00:00Z,ENAUSDT,0.00005,0.1058,0.1058
2026-02-27T08:00:00Z,ENAUSDT,0.00005,0.1068,0.1068
2026-02-27T12:00:00Z,ENAUSDT,0.00005,0.1038,0.1038
2026-02-27T16:00:00Z,ENAUSDT,0.00005,0.1041,0.1041
2026-02-27T20:00:00Z,ENAUSDT,0.00005,0.1014,0.1014
2026-02-28T00:00:00Z,ENAUSDT,0.00005,0.1025,0.1025
2026-02-28T04:00:00Z,ENAUSDT,0.00005,0.1035,0.1035
2026-02-28T08:00:00Z,ENAUSDT,0.00005,0.0974,0.0974
2026-02-28T12:00:00Z,ENAUSDT,0.00005,0.0953,0.0953
2026-02-28T16:00:00Z,ENAUSDT,0.00005,0.0982,0.0982
2026-02-28T20:00:00Z,ENAUSDT,0.00005,0.1022,0.1022
2026-03-01T00:00:00Z,ENAUSDT,0.00005,0.1041,0.1041
2026-03-01T04:00:00Z,ENAUSDT,0.00005,0.1064,0.1064
2026-03-01T08:00:00Z,ENAUSDT,0.00005,0.1056,0.1056
2026-03-01T12:00:00Z,ENAUSDT,0.00005,0.1038,0.1038
2026-03-01T16:00:00Z,ENAUSDT,0.00005,0.1052,0.1052
2026-03-01T20:00:00Z,ENAUSDT,0.00005,0.1027,0.1027
2026-03-02T00:00:00Z,ENAUSDT,0.00005,0.1036,0.1036
2026-03-02T04:00:00Z,ENAUSDT,0.00005,0.106,0.106
2026-03-02T08:00:00Z,ENAUSDT,0.00005,0.1031,0.1031
2026-03-02T12:00:00Z,ENAUSDT,0.00005,0.1038,0.1038
2026-03-02T16:00:00Z,ENAUSDT,0.00005,0.1095,0.1095
2026-03-02T20:00:00Z,ENAUSDT,0.00005,0.1156,0.1156
2026-03-03T00:00:00Z,ENAUSDT,0.00005,0.1139,0.1139
2026-03-03T04:00:00Z,ENAUSDT,0.00005,0.1133,0.1133
2026-03-03T08:00:00Z,ENAUSDT,0.00005,0.1131,0.1131
2026-03-03T12:00:00Z,ENAUSDT,0.00005,0.1089,0.1089
2026-03-03T16:00:00Z,ENAUSDT,0.00005,0.1088,0.1088
2026-03-03T20:00:00Z,ENAUSDT,0.00005,0.1106,0.1106
2026-03-04T00:00:00Z,ENAUSDT,0.00005,0.1111,0.1111
2026-03-04T04:00:00Z,ENAUSDT,0.00005,0.1108,0.1108
2026-03-04T08:00:00Z,ENAUSDT,0.00005,0.1116,0.1116
2026-03-04T12:00:00Z,ENAUSDT,0.00005,0.1157,0.1157
2026-03-04T16:00:00Z,ENAUSDT,0.00005,0.1193,0.1193
2026-03-04T20:00:00Z,ENAUSDT,0.00005,0.1183,0.1183
2026-03-05T00:00:00Z,ENAUSDT,0.00005,0.1173,0.1173
2026-03-05T04:00:00Z,ENAUSDT,0.00005,0.1172,0.1172
2026-03-05T08:00:00Z,ENAUSDT,0.00005,0.1167,0.1167
2026-03-05T12:00:00Z,ENAUSDT,0.00005,0.1155,0.1155
2026-03-05T16:00:00Z,ENAUSDT,0.00005,0.115,0.115
2026-03-05T20:00:00Z,ENAUSDT,0.00005,0.1149,0.1149
2026-03-06T00:00:00Z,ENAUSDT,0.00005,0.1148,0.1148
2026-03-06T04:00:00Z,ENAUSDT,0.00005,0.114,0.114
2026-03-06T08:00:00Z,ENAUSDT,0.00005,0.1154,0.1154
2026-03-06T12:00:00Z,ENAUSDT,0.00005,0.1126,0.1126
2026-03-06T16:00:00Z,ENAUSDT,0.00005,0.1067,0.1067
2026-03-06T20:00:00Z,ENAUSDT,0.00005,0.1052,0.1052
2026-03-07T00:00:00Z,ENAUSDT,0.00005,0.1046,0.1046
2026-03-07T04:00:00Z,ENAUSDT,0.00005,0.1024,0.1024
2026-03-07T08:00:00Z,ENAUSDT,0.00005,0.1012,0.1012
2026-03-07T12:00:00Z,ENAUSDT,0.00005,0.1025,0.1025
2026-03-07T16:00:00Z,ENAUSDT,0.00005,0.1005,0.1005
2026-03-07T20:00:00Z,ENAUSDT,0.00005,0.1005,0.1005
2026-03-08T00:00:00Z,ENAUSDT,0.00005,0.1007,0.1007
2026-03-08T04:00:00Z,ENAUSDT,0.00005,0.1,0.1
2026-03-08T08:00:00Z,ENAUSDT,0.000010320554732431,0.0996,0.0996
2026-03-08T12:00:00Z,ENAUSDT,0.00005,0.0998,0.0998
2026-03-08T16:00:00Z,ENAUSDT,0.00005,0.0988,0.0988
2026-03-08T20:00:00Z,ENAUSDT,0.00005,0.0997,0.0997
2026-03-09T00:00:00Z,ENAUSDT,0.00005,0.0986,0.0986
2026-03-09T04:00:00Z,ENAUSDT,0.00005,0.1002,0.1002
2026-03-09T08:00:00Z,ENAUSDT,0.00005,0.1013,0.1013
2026-03-09T12:00:00Z,ENAUSDT,0.000000423410230791,0.1011,0.1011
2026-03-09T16:00:00Z,ENAUSDT,0.00005,0.1031,0.1031
2026-03-09T20:00:00Z,ENAUSDT,0.00005,0.1025,0.1025
2026-03-10T00:00:00Z,ENAUSDT,0.00005,0.1007,0.1007
2026-03-10T04:00:00Z,ENAUSDT,0.00005,0.1014,0.1014
2026-03-10T08:00:00Z,ENAUSDT,0.00005,0.1028,0.1028
2026-03-10T12:00:00Z,ENAUSDT,0.00005,0.1039,0.1039
2026-03-10T16:00:00Z,ENAUSDT,0.00005,0.106,0.106
2026-03-10T20:00:00Z,ENAUSDT,0.00005,0.1028,0.1028
2026-03-11T00:00:00Z,ENAUSDT,0.00005,0.1028,0.1028
2026-03-11T04:00:00Z,ENAUSDT,0.00005,0.1022,0.1022
2026-03-11T08:00:00Z,ENAUSDT,-0.000064858154323893,0.101,0.101
2026-03-11T12:00:00Z,ENAUSDT,0.000014246731565767,0.1022,0.1022
2026-03-11T16:00:00Z,ENAUSDT,0.000018373450307999,0.1043,0.1043
2026-03-11T20:00:00Z,ENAUSDT,0.000029313863947321,0.1054,0.1054
2026-03-12T00:00:00Z,ENAUSDT,-0.000059072425137411,0.1048,0.1048
2026-03-12T04:00:00Z,ENAUSDT,-0.000110071497527584,0.1035,0.1035
2026-03-12T08:00:00Z,ENAUSDT,0.00005,0.104,0.104
2026-03-12T12:00:00Z,ENAUSDT,0.00005,0.1041,0.1041
2026-03-12T16:00:00Z,ENAUSDT,0.00005,0.1051,0.1051
2026-03-12T20:00:00Z,ENAUSDT,0.00005,0.106,0.106
2026-03-13T00:00:00Z,ENAUSDT,0.00005,0.1063,0.1063
2026-03-13T04:00:00Z,ENAUSDT,0.00005,0.1114,0.1114
2026-03-13T08:00:00Z,ENAUSDT,0.00005,0.112,0.112
2026-03-13T12:00:00Z,ENAUSDT,0.00005,0.1134,0.1134
2026-03-13T16:00:00Z,ENAUSDT,0.00005,0.1118,0.1118
2026-03-13T20:00:00Z,ENAUSDT,0.00005,0.1089,0.1089
2026-03-14T00:00:00Z,ENAUSDT,0.00005,0.1084,0.1084
2026-03-14T04:00:00Z,ENAUSDT,0.00005,0.1092,0.1092
2026-03-14T08:00:00Z,ENAUSDT,0.00005,0.107,0.107
2026-03-14T12:00:00Z,ENAUSDT,0.00005,0.1071,0.1071
2026-03-14T16:00:00Z,ENAUSDT,0.00005,0.1075,0.1075
2026-03-14T20:00:00Z,ENAUSDT,0.00005,0.1066,0.1066
2026-03-15T00:00:00Z,ENAUSDT,0.00005,0.1077,0.1077
2026-03-15T04:00:00Z,ENAUSDT,0.00005,0.109,0.109
2026-03-15T08:00:00Z,ENAUSDT,0.00005,0.1083,0.1083
2026-03-15T12:00:00Z,ENAUSDT,0.00005,0.1085,0.1085
2026-03-15T16:00:00Z,ENAUSDT,0.00005,0.1077,0.1077
2026-03-15T20:00:00Z,ENAUSDT,0.00005,0.1086,0.1086
2026-03-16T00:00:00Z,ENAUSDT,0.00005,0.1103,0.1103
2026-03-16T04:00:00Z,ENAUSDT,0.00005,0.1126,0.1126
2026-03-16T08:00:00Z,ENAUSDT,0.00005,0.1171,0.1171
2026-03-16T12:00:00Z,ENAUSDT,0.00005,0.1149,0.1149
2026-03-16T16:00:00Z,ENAUSDT,0.00005,0.1168,0.1168
2026-03-16T20:00:00Z,ENAUSDT,0.00005,0.1181,0.1181
2026-03-17T00:00:00Z,ENAUSDT,0.00005,0.1193,0.1193
2026-03-17T04:00:00Z,ENAUSDT,0.00005,0.1168,0.1168
2026-03-17T08:00:00Z,ENAUSDT,0.00005,0.1169,0.1169
2026-03-17T12:00:00Z,ENAUSDT,0.00005,0.1162,0.1162
2026-03-17T16:00:00Z,ENAUSDT,0.00005,0.1159,0.1159
2026-03-17T20:00:00Z,ENAUSDT,0.00005,0.1158,0.1158
2026-03-18T00:00:00Z,ENAUSDT,0.00005,0.1166,0.1166
2026-03-18T04:00:00Z,ENAUSDT,0.00005,0.1168,0.1168
2026-03-18T08:00:00Z,ENAUSDT,0.00005,0.1151,0.1151
2026-03-18T12:00:00Z,ENAUSDT,0.00005,0.1118,0.1118
2026-03-18T16:00:00Z,ENAUSDT,0.00005,0.1075,0.1075
2026-03-18T20:00:00Z,ENAUSDT,0.00005,0.1074,0.1074
2026-03-19T00:00:00Z,ENAUSDT,0.00005,0.108,0.108
2026-03-19T04:00:00Z,ENAUSDT,0.00005,0.1071,0.1071
2026-03-19T08:00:00Z,ENAUSDT,0.00005,0.1044,0.1044
2026-03-19T12:00:00Z,ENAUSDT,0.00005,0.1032,0.1032
2026-03-19T16:00:00Z,ENAUSDT,0.00005,0.1017,0.1017
2026-03-19T20:00:00Z,ENAUSDT,0.00005,0.1025,0.1025
2026-03-20T00:00:00Z,ENAUSDT,0.00005,0.1029,0.1029
2026-03-20T04:00:00Z,ENAUSDT,0.00005,0.104,0.104
2026-03-20T08:00:00Z,ENAUSDT,0.00005,0.1052,0.1052
2026-03-20T12:00:00Z,ENAUSDT,0.00005,0.1043,0.1043
2026-03-20T16:00:00Z,ENAUSDT,0.00005,0.1022,0.1022
2026-03-20T20:00:00Z,ENAUSDT,0.00005,0.1012,0.1012
2026-03-21T00:00:00Z,ENAUSDT,0.00005,0.1019,0.1019
2026-03-21T04:00:00Z,ENAUSDT,0.00005,0.1022,0.1022
2026-03-21T08:00:00Z,ENAUSDT,0.00005,0.102,0.102
2026-03-21T12:00:00Z,ENAUSDT,0.00005,0.1011,0.1011
2026-03-21T16:00:00Z,ENAUSDT,0.00005,0.102,0.102
2026-03-21T20:00:00Z,ENAUSDT,0.00005,0.1014,0.1014
2026-03-22T00:00:00Z,ENAUSDT,0.00005,0.099,0.099
2026-03-22T04:00:00Z,ENAUSDT,0.00005,0.0992,0.0992
2026-03-22T08:00:00Z,ENAUSDT,0.00005,0.0984,0.0984
2026-03-22T12:00:00Z,ENAUSDT,0.00005,0.0971,0.0971
2026-03-22T16:00:00Z,ENAUSDT,0.00005,0.0977,0.0977
2026-03-22T20:00:00Z,ENAUSDT,0.00005,0.0953,0.0953
2026-03-23T00:00:00Z,ENAUSDT,0.00005,0.0954,0.0954
2026-03-23T04:00:00Z,ENAUSDT,0.00005,0.0961,0.0961
2026-03-23T08:00:00Z,ENAUSDT,0.00005,0.0945,0.0945
2026-03-23T12:00:00Z,ENAUSDT,0.00005,0.0959,0.0959
2026-03-23T16:00:00Z,ENAUSDT,0.00005,0.0932,0.0932
2026-03-23T20:00:00Z,ENAUSDT,0.00005,0.0931,0.0931
2026-03-24T00:00:00Z,ENAUSDT,0.00005,0.0937,0.0937
2026-03-24T04:00:00Z,ENAUSDT,0.00005,0.0924,0.0924
2026-03-24T08:00:00Z,ENAUSDT,0.00005,0.0941,0.0941
2026-03-24T12:00:00Z,ENAUSDT,0.00005,0.0949,0.0949
2026-03-24T16:00:00Z,ENAUSDT,0.00005,0.0921,0.0921
2026-03-24T20:00:00Z,ENAUSDT,0.00005,0.0921,0.0921
2026-03-25T00:00:00Z,ENAUSDT,0.00005,0.0953,0.0953
2026-03-25T04:00:00Z,ENAUSDT,0.00005,0.0945,0.0945
2026-03-25T08:00:00Z,ENAUSDT,0.00005,0.0948,0.0948
2026-03-25T12:00:00Z,ENAUSDT,0.00005,0.0973,0.0973
2026-03-25T16:00:00Z,ENAUSDT,0.00005,0.0988,0.0988
2026-03-25T20:00:00Z,ENAUSDT,0.00005,0.1024,0.1024
2026-03-26T00:00:00Z,ENAUSDT,0.00005,0.1043,0.1043
2026-03-26T04:00:00Z,ENAUSDT,0.00005,0.1048,0.1048
2026-03-26T08:00:00Z,ENAUSDT,0.00005,0.1013,0.1013
2026-03-26T12:00:00Z,ENAUSDT,0.00005,0.098,0.098
2026-03-26T16:00:00Z,ENAUSDT,0.00005,0.0971,0.0971
2026-03-26T20:00:00Z,ENAUSDT,0.00005,0.0954,0.0954
2026-03-27T00:00:00Z,ENAUSDT,0.00005,0.0965,0.0965
2026-03-27T04:00:00Z,ENAUSDT,0.00005,0.0983,0.0983
2026-03-27T08:00:00Z,ENAUSDT,0.00005,0.0981,0.0981
2026-03-27T12:00:00Z,ENAUSDT,0.00005,0.0931,0.0931
2026-03-27T16:00:00Z,ENAUSDT,0.00005,0.0926,0.0926
2026-03-27T20:00:00Z,ENAUSDT,0.00005,0.0901,0.0901
2026-03-28T00:00:00Z,ENAUSDT,-0.000050989253384515,0.0888,0.0888
2026-03-28T04:00:00Z,ENAUSDT,0.00005,0.0888,0.0888
2026-03-28T08:00:00Z,ENAUSDT,0.00005,0.0914,0.0914
2026-03-28T12:00:00Z,ENAUSDT,0.000047908479850954,0.0909,0.0909
2026-03-28T16:00:00Z,ENAUSDT,0.00005,0.0927,0.0927
2026-03-28T20:00:00Z,ENAUSDT,0.00005,0.0933,0.0933
2026-03-29T00:00:00Z,ENAUSDT,0.00005,0.0904,0.0904
2026-03-29T04:00:00Z,ENAUSDT,0.00005,0.0908,0.0908
2026-03-29T08:00:00Z,ENAUSDT,0.00005,0.0901,0.0901
2026-03-29T12:00:00Z,ENAUSDT,0.00005,0.0913,0.0913
2026-03-29T16:00:00Z,ENAUSDT,0.00005,0.0901,0.0901
2026-03-29T20:00:00Z,ENAUSDT,0.00005,0.0897,0.0897
2026-03-30T00:00:00Z,ENAUSDT,0.00005,0.0898,0.0898
2026-03-30T04:00:00Z,ENAUSDT,0.00005,0.0914,0.0914
2026-03-30T08:00:00Z,ENAUSDT,0.00005,0.0909,0.0909
2026-03-30T12:00:00Z,ENAUSDT,-0.00008729637315636,0.0916,0.0916
2026-03-30T16:00:00Z,ENAUSDT,0.00005,0.0931,0.0931
2026-03-30T20:00:00Z,ENAUSDT,0.00005,0.0907,0.0907
2026-03-31T00:00:00Z,ENAUSDT,0.00005,0.0911,0.0911
2026-03-31T04:00:00Z,ENAUSDT,0.00005,0.0927,0.0927
2026-03-31T08:00:00Z,ENAUSDT,0.00005,0.0923,0.0923
2026-03-31T12:00:00Z,ENAUSDT,-0.000136109117324812,0.0908,0.0908
2026-03-31T16:00:00Z,ENAUSDT,-0.00015717162590423,0.0892,0.0892
2026-03-31T20:00:00Z,ENAUSDT,-0.000025836223114486,0.0909,0.0909
2026-04-01T00:00:00Z,ENAUSDT,-0.000039554722247419,0.0907,0.0907
2026-04-01T04:00:00Z,ENAUSDT,0.00005,0.0912,0.0912
2026-04-01T08:00:00Z,ENAUSDT,0.00005,0.093,0.093
2026-04-01T12:00:00Z,ENAUSDT,0.00005,0.0904,0.0904
2026-04-01T16:00:00Z,ENAUSDT,0.00005,0.0903,0.0903
2026-04-01T20:00:00Z,ENAUSDT,0.00005,0.0904,0.0904
2026-04-02T00:00:00Z,ENAUSDT,0.00005,0.09,0.09
2026-04-02T04:00:00Z,ENAUSDT,0.000031279875041912,0.0845,0.0845
2026-04-02T08:00:00Z,ENAUSDT,0.00005,0.0822,0.0822
2026-04-02T12:00:00Z,ENAUSDT,0.00005,0.0816,0.0816
2026-04-02T16:00:00Z,ENAUSDT,0.00005,0.0794,0.0794
2026-04-02T20:00:00Z,ENAUSDT,0.00005,0.0805,0.0805
2026-04-03T00:00:00Z,ENAUSDT,0.000047610021414314,0.0811,0.0811
2026-04-03T04:00:00Z,ENAUSDT,0.00005,0.0808,0.0808
2026-04-03T08:00:00Z,ENAUSDT,-0.000243124073972086,0.0816,0.0816
2026-04-03T12:00:00Z,ENAUSDT,-0.000007135930562759,0.0818,0.0818
2026-04-03T16:00:00Z,ENAUSDT,0.000039220778966226,0.0804,0.0804
2026-04-03T20:00:00Z,ENAUSDT,0.00005,0.08,0.08
2026-04-04T00:00:00Z,ENAUSDT,-0.000093207100017029,0.0796,0.0796
2026-04-04T04:00:00Z,ENAUSDT,0.00005,0.0801,0.0801
2026-04-04T08:00:00Z,ENAUSDT,0.00005,0.0798,0.0798
2026-04-04T12:00:00Z,ENAUSDT,0.000049140399026126,0.0808,0.0808
2026-04-04T16:00:00Z,ENAUSDT,0.00005,0.0806,0.0806
2026-04-04T20:00:00Z,ENAUSDT,0.00005,0.0804,0.0804
2026-04-05T00:00:00Z,ENAUSDT,0.00005,0.0799,0.0799
2026-04-05T04:00:00Z,ENAUSDT,0.00005,0.079,0.079
2026-04-05T08:00:00Z,ENAUSDT,0.000009908982404699,0.0773,0.0773
2026-04-05T12:00:00Z,ENAUSDT,0.00004246599535692,0.0774,0.0774
2026-04-05T16:00:00Z,ENAUSDT,0.00005,0.0771,0.0771
2026-04-05T20:00:00Z,ENAUSDT,0.00005,0.0776,0.0776
2026-04-06T00:00:00Z,ENAUSDT,0.00005,0.0806,0.0806
2026-04-06T04:00:00Z,ENAUSDT,0.00005,0.0808,0.0808
2026-04-06T08:00:00Z,ENAUSDT,0.00005,0.0806,0.0806
2026-04-06T12:00:00Z,ENAUSDT,0.00005,0.0831,0.0831
2026-04-06T16:00:00Z,ENAUSDT,0.00005,0.0845,0.0845
2026-04-06T20:00:00Z,ENAUSDT,0.00005,0.0838,0.0838
2026-04-07T00:00:00Z,ENAUSDT,0.00005,0.0815,0.0815
2026-04-07T04:00:00Z,ENAUSDT,0.00005,0.081,0.081
2026-04-07T08:00:00Z,ENAUSDT,0.00005,0.0806,0.0806
2026-04-07T12:00:00Z,ENAUSDT,0.000038334840265561,0.0802,0.0802
2026-04-07T16:00:00Z,ENAUSDT,0.00005,0.0813,0.0813
2026-04-07T20:00:00Z,ENAUSDT,0.00005,0.0841,0.0841
2026-04-08T00:00:00Z,ENAUSDT,0.00005,0.0908,0.0908
2026-04-08T04:00:00Z,ENAUSDT,0.00005,0.0893,0.0893
2026-04-08T08:00:00Z,ENAUSDT,0.00005,0.0919,0.0919
2026-04-08T12:00:00Z,ENAUSDT,0.00005,0.092,0.092
2026-04-08T16:00:00Z,ENAUSDT,0.00005,0.0911,0.0911
2026-04-08T20:00:00Z,ENAUSDT,0.00005,0.0891,0.0891
2026-04-09T00:00:00Z,ENAUSDT,0.00005,0.0878,0.0878
2026-04-09T04:00:00Z,ENAUSDT,0.00005,0.0862,0.0862
2026-04-09T08:00:00Z,ENAUSDT,0.00005,0.0865,0.0865
2026-04-09T12:00:00Z,ENAUSDT,0.00005,0.0865,0.0865
2026-04-09T16:00:00Z,ENAUSDT,0.00005,0.0909,0.0909
2026-04-09T20:00:00Z,ENAUSDT,0.00005,0.0921,0.0921
2026-04-10T00:00:00Z,ENAUSDT,0.00005,0.0903,0.0903
2026-04-10T04:00:00Z,ENAUSDT,0.00005,0.0948,0.0948
2026-04-10T08:00:00Z,ENAUSDT,0.00005,0.0954,0.0954
2026-04-10T12:00:00Z,ENAUSDT,0.00005,0.0946,0.0946
2026-04-10T16:00:00Z,ENAUSDT,0.00005,0.0963,0.0963
2026-04-10T20:00:00Z,ENAUSDT,0.00005,0.096,0.096
2026-04-11T00:00:00Z,ENAUSDT,0.00005,0.0943,0.0943
2026-04-11T04:00:00Z,ENAUSDT,0.00005,0.0941,0.0941
2026-04-11T08:00:00Z,ENAUSDT,0.00005,0.0933,0.0933
2026-04-11T12:00:00Z,ENAUSDT,0.00005,0.0932,0.0932
2026-04-11T16:00:00Z,ENAUSDT,0.00005,0.0955,0.0955
2026-04-11T20:00:00Z,ENAUSDT,0.00005,0.0972,0.0972
2026-04-12T00:00:00Z,ENAUSDT,0.00005,0.096,0.096
2026-04-12T04:00:00Z,ENAUSDT,0.00005,0.0916,0.0916
2026-04-12T08:00:00Z,ENAUSDT,0.00005,0.0915,0.0915
2026-04-12T12:00:00Z,ENAUSDT,0.00005,0.0915,0.0915
2026-04-12T16:00:00Z,ENAUSDT,0.00005,0.0905,0.0905
2026-04-12T20:00:00Z,ENAUSDT,0.00005,0.092,0.092
2026-04-13T00:00:00Z,ENAUSDT,0.00005,0.091,0.091
2026-04-13T04:00:00Z,ENAUSDT,0.00005,0.0933,0.0933
2026-04-13T08:00:00Z,ENAUSDT,0.00005,0.0909,0.0909
2026-04-13T12:00:00Z,ENAUSDT,0.00005,0.092,0.092
2026-04-13T16:00:00Z,ENAUSDT,0.00005,0.0932,0.0932
2026-04-13T20:00:00Z,ENAUSDT,0.00005,0.0967,0.0967
2026-04-14T00:00:00Z,ENAUSDT,0.00005,0.1007,0.1007
2026-04-14T04:00:00Z,ENAUSDT,0.00005,0.0983,0.0983
2026-04-14T08:00:00Z,ENAUSDT,0.00005,0.0968,0.0968
2026-04-14T12:00:00Z,ENAUSDT,0.00005,0.0962,0.0962
2026-04-14T16:00:00Z,ENAUSDT,0.00005,0.0953,0.0953
2026-04-14T20:00:00Z,ENAUSDT,0.00005,0.095,0.095
2026-04-15T00:00:00Z,ENAUSDT,0.00005,0.0961,0.0961
2026-04-15T04:00:00Z,ENAUSDT,0.00005,0.0971,0.0971
2026-04-15T08:00:00Z,ENAUSDT,0.00005,0.0946,0.0946
2026-04-15T12:00:00Z,ENAUSDT,0.00005,0.0966,0.0966
2026-04-15T16:00:00Z,ENAUSDT,0.00005,0.0966,0.0966
2026-04-15T20:00:00Z,ENAUSDT,0.00005,0.1,0.1
2026-04-16T00:00:00Z,ENAUSDT,0.00005,0.0991,0.0991
2026-04-16T04:00:00Z,ENAUSDT,0.00005,0.1015,0.1015
2026-04-16T08:00:00Z,ENAUSDT,0.00005,0.1038,0.1038
2026-04-16T12:00:00Z,ENAUSDT,0.00005,0.1012,0.1012
2026-04-16T16:00:00Z,ENAUSDT,0.00005,0.1081,0.1081
2026-04-16T20:00:00Z,ENAUSDT,0.00005,0.1143,0.1143
2026-04-17T00:00:00Z,ENAUSDT,0.00005,0.1132,0.1132
2026-04-17T04:00:00Z,ENAUSDT,0.00005,0.1097,0.1097
2026-04-17T08:00:00Z,ENAUSDT,-0.000020996081353946,0.1113,0.1113
2026-04-17T12:00:00Z,ENAUSDT,0.000027397114814964,0.1128,0.1128
2026-04-17T16:00:00Z,ENAUSDT,0.00005,0.1168,0.1168
2026-04-17T20:00:00Z,ENAUSDT,0.00005,0.1304,0.1304
2026-04-18T00:00:00Z,ENAUSDT,0.00005,0.1249,0.1249
2026-04-18T04:00:00Z,ENAUSDT,0.00005,0.1229,0.1229
2026-04-18T08:00:00Z,ENAUSDT,0.000015232588200945,0.1252,0.1252
2026-04-18T12:00:00Z,ENAUSDT,0.000001905112151862,0.1196,0.1196
2026-04-18T16:00:00Z,ENAUSDT,-0.000101378396128941,0.1238,0.1238
2026-04-18T20:00:00Z,ENAUSDT,-0.000066304031971152,0.1189,0.1189
2026-04-19T00:00:00Z,ENAUSDT,-0.000145482738521724,0.1196,0.1196
2026-04-19T04:00:00Z,ENAUSDT,-0.000200361457351051,0.1191,0.1191
2026-04-19T08:00:00Z,ENAUSDT,-0.000201088319308577,0.1184,0.1184
2026-04-19T12:00:00Z,ENAUSDT,-0.000067379951350986,0.1209,0.1209
2026-04-19T16:00:00Z,ENAUSDT,-0.000001304193621863,0.1187,0.1187
2026-04-19T20:00:00Z,ENAUSDT,0.00000442672844921,0.1156,0.1156
2026-04-20T00:00:00Z,ENAUSDT,-0.000033604446248013,0.1123,0.1123
2026-04-20T04:00:00Z,ENAUSDT,-0.000062178344263328,0.1153,0.1153
2026-04-20T08:00:00Z,ENAUSDT,-0.00003839611601604,0.1163,0.1163
2026-04-20T12:00:00Z,ENAUSDT,-0.000136915123938602,0.11535,0.11535
2026-04-20T16:00:00Z,ENAUSDT,-0.000177121610077787,0.11557,0.11557
2026-04-20T20:00:00Z,ENAUSDT,-0.000163398546298749,0.11387,0.11387
2026-04-21T00:00:00Z,ENAUSDT,-0.000124694285349768,0.1119,0.1119
2026-04-21T04:00:00Z,ENAUSDT,-0.000133361103620741,0.11062,0.11062
2026-04-21T08:00:00Z,ENAUSDT,-0.000186202876190782,0.11094,0.11094
2026-04-21T12:00:00Z,ENAUSDT,-0.000149656614598982,0.11359,0.11359
2026-04-21T16:00:00Z,ENAUSDT,-0.000083773127489143,0.11237,0.11237
2026-04-21T20:00:00Z,ENAUSDT,-0.000079337739712706,0.10957,0.10957
2026-04-22T00:00:00Z,ENAUSDT,-0.000028724660477849,0.11183,0.11183
2026-04-22T04:00:00Z,ENAUSDT,-0.000055527460094248,0.11284,0.11284
2026-04-22T08:00:00Z,ENAUSDT,0.00005,0.11195,0.11195
2026-04-22T12:00:00Z,ENAUSDT,0.000017547106011547,0.1113,0.1113
2026-04-22T16:00:00Z,ENAUSDT,-0.000081122240282865,0.11073,0.11073
2026-04-22T20:00:00Z,ENAUSDT,-0.000005216714914545,0.10909,0.10909
2026-04-23T00:00:00Z,ENAUSDT,0.00005,0.10635,0.10635
2026-04-23T04:00:00Z,ENAUSDT,0.00005,0.10488,0.10488
2026-04-23T08:00:00Z,ENAUSDT,0.000036868475869517,0.10569,0.10569
2026-04-23T12:00:00Z,ENAUSDT,0.000029290753552443,0.10516,0.10516
2026-04-23T16:00:00Z,ENAUSDT,-0.000005181064066498,0.10766,0.10766
2026-04-23T20:00:00Z,ENAUSDT,0.00005,0.1093,0.1093
2026-04-24T00:00:00Z,ENAUSDT,0.00005,0.10971,0.10971
2026-04-24T04:00:00Z,ENAUSDT,0.00005,0.10892,0.10892
2026-04-24T08:00:00Z,ENAUSDT,0.00005,0.10832,0.10832
2026-04-24T12:00:00Z,ENAUSDT,0.00005,0.10957,0.10957
2026-04-24T16:00:00Z,ENAUSDT,0.00005,0.1086,0.1086
2026-04-24T20:00:00Z,ENAUSDT,0.00005,0.10837,0.10837
2026-04-25T00:00:00Z,ENAUSDT,0.00005,0.10858,0.10858
2026-04-25T04:00:00Z,ENAUSDT,0.00005,0.10944,0.10944
2026-04-25T08:00:00Z,ENAUSDT,0.00005,0.10886,0.10886
2026-04-25T12:00:00Z,ENAUSDT,0.00005,0.10812,0.10812
2026-04-25T16:00:00Z,ENAUSDT,0.00005,0.10746,0.10746
2026-04-25T20:00:00Z,ENAUSDT,0.00005,0.10641,0.10641
2026-04-26T00:00:00Z,ENAUSDT,0.00005,0.10718,0.10718
2026-04-26T04:00:00Z,ENAUSDT,0.00005,0.10606,0.10606
2026-04-26T08:00:00Z,ENAUSDT,0.000047817660111064,0.10928,0.10928
2026-04-26T12:00:00Z,ENAUSDT,0.00005,0.11067,0.11067
2026-04-26T16:00:00Z,ENAUSDT,0.00005,0.10939,0.10939
2026-04-26T20:00:00Z,ENAUSDT,0.00005,0.10909,0.10909
2026-04-27T00:00:00Z,ENAUSDT,0.00005,0.10925,0.10925
2026-04-27T04:00:00Z,ENAUSDT,0.00005,0.11192,0.11192
2026-04-27T08:00:00Z,ENAUSDT,0.00005,0.10618,0.10618
2026-04-27T12:00:00Z,ENAUSDT,0.00005,0.10609,0.10609
2026-04-27T16:00:00Z,ENAUSDT,-0.000074885006706274,0.10484,0.10484
2026-04-27T20:00:00Z,ENAUSDT,-0.000030567777705965,0.10492,0.10492
2026-04-28T00:00:00Z,ENAUSDT,0.000035072023317373,0.10689,0.10689
2026-04-28T04:00:00Z,ENAUSDT,-0.000025808315153332,0.10626,0.10626
2026-04-28T08:00:00Z,ENAUSDT,-0.000011621613653159,0.10526,0.10526
2026-04-28T12:00:00Z,ENAUSDT,0.000012156415391857,0.10518,0.10518
2026-04-28T16:00:00Z,ENAUSDT,0.00005,0.10662,0.10662
2026-04-28T20:00:00Z,ENAUSDT,0.00005,0.10672,0.10672
2026-04-29T00:00:00Z,ENAUSDT,0.000023653872984071,0.10606,0.10606
2026-04-29T04:00:00Z,ENAUSDT,0.00005,0.1082,0.1082
2026-04-29T08:00:00Z,ENAUSDT,0.00005,0.10812,0.10812
2026-04-29T12:00:00Z,ENAUSDT,0.00005,0.10822,0.10822
2026-04-29T16:00:00Z,ENAUSDT,0.00005,0.10212,0.10212
2026-04-29T20:00:00Z,ENAUSDT,0.000049818044001707,0.10237,0.10237
2026-04-30T00:00:00Z,ENAUSDT,0.000030063730818415,0.10387,0.10387
2026-04-30T04:00:00Z,ENAUSDT,0.000022226271275632,0.10312,0.10312
2026-04-30T08:00:00Z,ENAUSDT,-0.000021552402160978,0.10381,0.10381
2026-04-30T12:00:00Z,ENAUSDT,-0.000025135264488338,0.10375,0.10375
2026-04-30T16:00:00Z,ENAUSDT,0.000037016008813671,0.10287,0.10287
2026-04-30T20:00:00Z,ENAUSDT,0.00005,0.10227,0.10227
2026-05-01T00:00:00Z,ENAUSDT,0.000030762821501005,0.10257,0.10257
2026-05-01T04:00:00Z,ENAUSDT,0.00005,0.10404,0.10404
2026-05-01T08:00:00Z,ENAUSDT,0.00000450020380722,0.10228,0.10228
2026-05-01T12:00:00Z,ENAUSDT,-0.000032129944496707,0.10281,0.10281
2026-05-01T16:00:00Z,ENAUSDT,0.000049953349486235,0.10421,0.10421
2026-05-01T20:00:00Z,ENAUSDT,-0.000017138125094647,0.10352,0.10352
2026-05-02T00:00:00Z,ENAUSDT,-0.000021881583579075,0.10195,0.10195
2026-05-02T04:00:00Z,ENAUSDT,-0.000032420305064818,0.10297,0.10297
2026-05-02T08:00:00Z,ENAUSDT,0.00005,0.1016,0.1016
2026-05-02T12:00:00Z,ENAUSDT,-0.000018969216764929,0.1008,0.1008
2026-05-02T16:00:00Z,ENAUSDT,0.00005,0.10251,0.10251
2026-05-02T20:00:00Z,ENAUSDT,0.00005,0.10324,0.10324
2026-05-03T00:00:00Z,ENAUSDT,-0.000189184193109348,0.10244,0.10244
2026-05-03T04:00:00Z,ENAUSDT,-0.000393868480006528,0.09995,0.09995
2026-05-03T08:00:00Z,ENAUSDT,-0.000283872412772414,0.10045,0.10045
2026-05-03T12:00:00Z,ENAUSDT,-0.000301578534945072,0.10132,0.10132
2026-05-03T16:00:00Z,ENAUSDT,-0.000301557410173442,0.10052,0.10052
2026-05-03T20:00:00Z,ENAUSDT,-0.000175417655387233,0.10088,0.10088
2026-05-04T00:00:00Z,ENAUSDT,-0.000109410858386372,0.10043,0.10043
2026-05-04T04:00:00Z,ENAUSDT,0.00005,0.10665,0.10665
2026-05-04T08:00:00Z,ENAUSDT,-0.000239883359690945,0.10497,0.10497
2026-05-04T12:00:00Z,ENAUSDT,0.00005,0.10228,0.10228
2026-05-04T16:00:00Z,ENAUSDT,0.00005,0.10173,0.10173
2026-05-04T20:00:00Z,ENAUSDT,0.00005,0.10202,0.10202
2026-05-05T00:00:00Z,ENAUSDT,-0.000032192720321476,0.10025,0.10025
2026-05-05T04:00:00Z,ENAUSDT,-0.0002357386582286,0.10263,0.10263
2026-05-05T08:00:00Z,ENAUSDT,0.00005,0.10462,0.10462
2026-05-05T12:00:00Z,ENAUSDT,0.00005,0.10721,0.10721
2026-05-05T16:00:00Z,ENAUSDT,0.00005,0.10893,0.10893
2026-05-05T20:00:00Z,ENAUSDT,0.00005,0.11086,0.11086
2026-05-06T00:00:00Z,ENAUSDT,0.00005,0.10953,0.10953
2026-05-06T04:00:00Z,ENAUSDT,0.00005,0.11092,0.11092
2026-05-06T08:00:00Z,ENAUSDT,0.00005,0.1118,0.1118
2026-05-06T12:00:00Z,ENAUSDT,0.00005,0.12132,0.12132
2026-05-06T16:00:00Z,ENAUSDT,0.00005,0.11734,0.11734
2026-05-06T20:00:00Z,ENAUSDT,0.00005,0.11827,0.11827
2026-05-07T00:00:00Z,ENAUSDT,0.00005,0.12082,0.12082
2026-05-07T04:00:00Z,ENAUSDT,0.00005,0.11503,0.11503
2026-05-07T08:00:00Z,ENAUSDT,0.00005,0.12266,0.12266
2026-05-07T12:00:00Z,ENAUSDT,0.00005,0.12366,0.12366
2026-05-07T16:00:00Z,ENAUSDT,0.00005,0.11777,0.11777
2026-05-07T20:00:00Z,ENAUSDT,0.00005,0.11977,0.11977
2026-05-08T00:00:00Z,ENAUSDT,0.00005,0.11956,0.11956
2026-05-08T04:00:00Z,ENAUSDT,0.00005,0.11928,0.11928
2026-05-08T08:00:00Z,ENAUSDT,0.00005,0.12156,0.12156
2026-05-08T12:00:00Z,ENAUSDT,0.00005,0.12287,0.12287
2026-05-08T16:00:00Z,ENAUSDT,0.00005,0.12473,0.12473
2026-05-08T20:00:00Z,ENAUSDT,0.00005,0.13072,0.13072
2026-05-09T00:00:00Z,ENAUSDT,0.00005,0.13163,0.13163
2026-05-09T04:00:00Z,ENAUSDT,0.00005,0.13225,0.13225
2026-05-09T08:00:00Z,ENAUSDT,0.00005,0.13155,0.13155
2026-05-09T12:00:00Z,ENAUSDT,0.00005,0.12967,0.12967
2026-05-09T16:00:00Z,ENAUSDT,0.00005,0.12803,0.12803
2026-05-09T20:00:00Z,ENAUSDT,0.00005,0.13178,0.13178
2026-05-10T00:00:00Z,ENAUSDT,0.00005,0.12987,0.12987
2026-05-10T04:00:00Z,ENAUSDT,0.00005,0.12766,0.12766
2026-05-10T08:00:00Z,ENAUSDT,0.00005,0.12923,0.12923
2026-05-10T12:00:00Z,ENAUSDT,0.00005,0.12831,0.12831
2026-05-10T16:00:00Z,ENAUSDT,0.00005,0.1316,0.1316
2026-05-10T20:00:00Z,ENAUSDT,0.00005,0.13712,0.13712
2026-05-11T00:00:00Z,ENAUSDT,0.00005,0.13228,0.13228
2026-05-11T04:00:00Z,ENAUSDT,0.00005,0.12747,0.12747
2026-05-11T08:00:00Z,ENAUSDT,0.00005,0.12915,0.12915
2026-05-11T12:00:00Z,ENAUSDT,0.00005,0.13044,0.13044
2026-05-11T16:00:00Z,ENAUSDT,0.00005,0.1311,0.1311
2026-05-11T20:00:00Z,ENAUSDT,0.00005,0.1306,0.1306
2026-05-12T00:00:00Z,ENAUSDT,0.00005,0.12874,0.12874
2026-05-12T04:00:00Z,ENAUSDT,0.00005,0.12633,0.12633
2026-05-12T08:00:00Z,ENAUSDT,0.00005,0.12599,0.12599
2026-05-12T12:00:00Z,ENAUSDT,0.00005,0.12332,0.12332
2026-05-12T16:00:00Z,ENAUSDT,0.00005,0.12021,0.12021
2026-05-12T20:00:00Z,ENAUSDT,0.00005,0.12158,0.12158
2026-05-13T00:00:00Z,ENAUSDT,0.00005,0.12165,0.12165
2026-05-13T04:00:00Z,ENAUSDT,0.00005,0.12471,0.12471
2026-05-13T08:00:00Z,ENAUSDT,0.00005,0.12365,0.12365
2026-05-13T12:00:00Z,ENAUSDT,0.00005,0.12089,0.12089
2026-05-13T16:00:00Z,ENAUSDT,0.00005,0.11492,0.11492
2026-05-13T20:00:00Z,ENAUSDT,0.00005,0.11711,0.11711
2026-05-14T00:00:00Z,ENAUSDT,0.00005,0.11655,0.11655
2026-05-14T04:00:00Z,ENAUSDT,0.00005,0.11543,0.11543
2026-05-14T08:00:00Z,ENAUSDT,0.00005,0.11672,0.11672
2026-05-14T12:00:00Z,ENAUSDT,0.00005,0.1155,0.1155
2026-05-14T16:00:00Z,ENAUSDT,0.00005,0.12318,0.12318
2026-05-14T20:00:00Z,ENAUSDT,0.00005,0.12282,0.12282
2026-05-15T00:00:00Z,ENAUSDT,0.00005,0.12069,0.12069
2026-05-15T04:00:00Z,ENAUSDT,0.00005,0.1212,0.1212
2026-05-15T08:00:00Z,ENAUSDT,0.00005,0.1194,0.1194
2026-05-15T12:00:00Z,ENAUSDT,0.00005,0.1181,0.1181
2026-05-15T16:00:00Z,ENAUSDT,0.00005,0.11051,0.11051
2026-05-15T20:00:00Z,ENAUSDT,0.00005,0.11192,0.11192
2026-05-16T00:00:00Z,ENAUSDT,0.00005,0.11088,0.11088
2026-05-16T04:00:00Z,ENAUSDT,0.00005,0.1115,0.1115
2026-05-16T08:00:00Z,ENAUSDT,0.00005,0.10761,0.10761
2026-05-16T12:00:00Z,ENAUSDT,0.00005,0.10611,0.10611
2026-05-16T16:00:00Z,ENAUSDT,0.00005,0.10688,0.10688
2026-05-16T20:00:00Z,ENAUSDT,-0.000083424190443807,0.1076,0.1076
2026-05-17T00:00:00Z,ENAUSDT,-0.000047046407273427,0.10686,0.10686
2026-05-17T04:00:00Z,ENAUSDT,-0.000083941467822365,0.10654,0.10654
2026-05-17T08:00:00Z,ENAUSDT,-0.000149744309185917,0.10753,0.10753
2026-05-17T12:00:00Z,ENAUSDT,-0.000042286720333196,0.10739,0.10739
2026-05-17T16:00:00Z,ENAUSDT,-0.000192227877968976,0.10669,0.10669
2026-05-17T20:00:00Z,ENAUSDT,-0.0000994064351969,0.10691,0.10691
2026-05-18T00:00:00Z,ENAUSDT,-0.000077399716639653,0.1044,0.1044
2026-05-18T04:00:00Z,ENAUSDT,0.00005,0.10493,0.10493
2026-05-18T08:00:00Z,ENAUSDT,-0.000025444946779683,0.10324,0.10324
2026-05-18T12:00:00Z,ENAUSDT,0.00005,0.10414,0.10414
2026-05-18T16:00:00Z,ENAUSDT,0.000044664655249006,0.10298,0.10298
2026-05-18T20:00:00Z,ENAUSDT,0.00005,0.10424,0.10424
2026-05-19T00:00:00Z,ENAUSDT,-0.000057747748278896,0.1056,0.1056
2026-05-19T04:00:00Z,ENAUSDT,-0.000036151827451489,0.10541,0.10541
2026-05-19T08:00:00Z,ENAUSDT,0.00005,0.10663,0.10663
2026-05-19T12:00:00Z,ENAUSDT,-0.000010057514043291,0.10304,0.10304
2026-05-19T16:00:00Z,ENAUSDT,0.000006692469547481,0.10322,0.10322
2026-05-19T20:00:00Z,ENAUSDT,0.00005,0.1032,0.1032
2026-05-20T00:00:00Z,ENAUSDT,0.00004695012272322,0.10277,0.10277
2026-05-20T04:00:00Z,ENAUSDT,-0.00008028193879904,0.10408,0.10408
2026-05-20T08:00:00Z,ENAUSDT,0.00005,0.10563,0.10563
2026-05-20T12:00:00Z,ENAUSDT,0.00005,0.10541,0.10541
2026-05-20T16:00:00Z,ENAUSDT,0.00005,0.10672,0.10672
2026-05-20T20:00:00Z,ENAUSDT,0.00005,0.10616,0.10616
2026-05-21T00:00:00Z,ENAUSDT,0.00005,0.10571,0.10571
2026-05-21T04:00:00Z,ENAUSDT,0.00005,0.10733,0.10733
2026-05-21T08:00:00Z,ENAUSDT,-0.000083284149114146,0.1068,0.1068
2026-05-21T12:00:00Z,ENAUSDT,-0.000175802731972208,0.10436,0.10436
2026-05-21T16:00:00Z,ENAUSDT,0.00005,0.10497,0.10497
2026-05-21T20:00:00Z,ENAUSDT,0.00005,0.10733,0.10733
2026-05-22T00:00:00Z,ENAUSDT,0.00005,0.10682,0.10682
2026-05-22T04:00:00Z,ENAUSDT,0.00005,0.1071,0.1071
2026-05-22T08:00:00Z,ENAUSDT,0.00005,0.10687,0.10687
2026-05-22T12:00:00Z,ENAUSDT,0.00005,0.10798,0.10798
2026-05-22T16:00:00Z,ENAUSDT,0.00005,0.10585,0.10585
2026-05-22T20:00:00Z,ENAUSDT,0.00005,0.10183,0.10183
2026-05-23T00:00:00Z,ENAUSDT,0.00005,0.09986,0.09986
2026-05-23T04:00:00Z,ENAUSDT,0.000015496369933353,0.09974,0.09974
2026-05-23T08:00:00Z,ENAUSDT,-0.00006662643483604,0.09504,0.09504
2026-05-23T12:00:00Z,ENAUSDT,-0.000213694774977741,0.09534,0.09534
2026-05-23T16:00:00Z,ENAUSDT,0.000007658028635706,0.09793,0.09793
2026-05-23T20:00:00Z,ENAUSDT,0.00005,0.10106,0.10106
2026-05-24T00:00:00Z,ENAUSDT,0.00005,0.10214,0.10214
2026-05-24T04:00:00Z,ENAUSDT,0.00005,0.10061,0.10061
2026-05-24T08:00:00Z,ENAUSDT,0.00005,0.10113,0.10113
2026-05-24T12:00:00Z,ENAUSDT,0.00005,0.10081,0.10081
2026-05-24T16:00:00Z,ENAUSDT,0.00005,0.09889,0.09889
2026-05-24T20:00:00Z,ENAUSDT,0.00005,0.09921,0.09921
2026-05-25T00:00:00Z,ENAUSDT,0.00005,0.09866,0.09866
2026-05-25T04:00:00Z,ENAUSDT,0.00005,0.0983,0.0983
2026-05-25T08:00:00Z,ENAUSDT,0.00005,0.09995,0.09995
2026-05-25T12:00:00Z,ENAUSDT,0.00005,0.10097,0.10097
2026-05-25T16:00:00Z,ENAUSDT,0.00005,0.10087,0.10087
2026-05-25T20:00:00Z,ENAUSDT,0.00005,0.1007,0.1007
2026-05-26T00:00:00Z,ENAUSDT,0.00005,0.10005,0.10005
2026-05-26T04:00:00Z,ENAUSDT,0.00005,0.09786,0.09786
2026-05-26T08:00:00Z,ENAUSDT,0.00005,0.09921,0.09921
2026-05-26T12:00:00Z,ENAUSDT,0.00005,0.10062,0.10062
2026-05-26T16:00:00Z,ENAUSDT,0.00005,0.10058,0.10058
2026-05-26T20:00:00Z,ENAUSDT,0.00005,0.09772,0.09772
2026-05-27T00:00:00Z,ENAUSDT,0.00005,0.09678,0.09678
2026-05-27T04:00:00Z,ENAUSDT,0.00005,0.09573,0.09573
2026-05-27T08:00:00Z,ENAUSDT,0.00005,0.096,0.096
2026-05-27T12:00:00Z,ENAUSDT,0.00005,0.09546,0.09546
2026-05-27T16:00:00Z,ENAUSDT,0.00005,0.09816,0.09816
2026-05-27T20:00:00Z,ENAUSDT,0.00005,0.09607,0.09607
2026-05-28T00:00:00Z,ENAUSDT,0.00005,0.09322,0.09322
2026-05-28T04:00:00Z,ENAUSDT,0.00005,0.08965,0.08965
2026-05-28T08:00:00Z,ENAUSDT,-0.000727983584603083,0.08936,0.08936
2026-05-28T12:00:00Z,ENAUSDT,-0.000641897932370842,0.08751,0.08751
2026-05-28T16:00:00Z,ENAUSDT,0.00005,0.08722,0.08722
2026-05-28T20:00:00Z,ENAUSDT,0.00005,0.08834,0.08834
2026-05-29T00:00:00Z,ENAUSDT,0.00005,0.08825,0.08825
2026-05-29T04:00:00Z,ENAUSDT,0.00005,0.0872,0.0872
2026-05-29T08:00:00Z,ENAUSDT,0.00005,0.08748,0.08748
2026-05-29T12:00:00Z,ENAUSDT,0.00005,0.08615,0.08615
2026-05-29T16:00:00Z,ENAUSDT,0.00005,0.0889,0.0889
2026-05-29T20:00:00Z,ENAUSDT,0.00005,0.08665,0.08665
2026-05-30T00:00:00Z,ENAUSDT,0.00005,0.0867,0.0867
2026-05-30T04:00:00Z,ENAUSDT,0.002602710064306879,0.09008,0.09008
2026-05-30T08:00:00Z,ENAUSDT,0.000223761646586745,0.08896,0.08896
2026-05-30T12:00:00Z,ENAUSDT,0.000262730690595944,0.08939,0.08939
2026-05-30T16:00:00Z,ENAUSDT,0.00005,0.0893,0.0893
2026-05-30T20:00:00Z,ENAUSDT,0.00005,0.08961,0.08961
2026-05-31T00:00:00Z,ENAUSDT,0.00005,0.08916,0.08916
2026-05-31T04:00:00Z,ENAUSDT,0.001349733234102268,0.09188,0.09188
2026-05-31T08:00:00Z,ENAUSDT,0.00005,0.09076,0.09076
2026-05-31T12:00:00Z,ENAUSDT,0.00005,0.09176,0.09176
2026-05-31T16:00:00Z,ENAUSDT,0.00005,0.08894,0.08894
2026-05-31T20:00:00Z,ENAUSDT,0.00060249418940372,0.08746,0.08746
2026-06-01T00:00:00Z,ENAUSDT,0.003084099195126363,0.09098,0.09098
2026-06-01T04:00:00Z,ENAUSDT,0.000861806177025493,0.09119,0.09119
2026-06-01T08:00:00Z,ENAUSDT,0.000742071369016685,0.08728,0.08728
2026-06-01T12:00:00Z,ENAUSDT,0.00005,0.08765,0.08765
2026-06-01T16:00:00Z,ENAUSDT,0.00005,0.08705,0.08705
2026-06-01T20:00:00Z,ENAUSDT,0.003299514808296284,0.09043,0.09043
2026-06-02T00:00:00Z,ENAUSDT,0.000615370338831333,0.08968,0.08968
2026-06-02T04:00:00Z,ENAUSDT,0.000927546739588601,0.08897,0.08897
2026-06-02T08:00:00Z,ENAUSDT,0.001173296873233616,0.08636,0.08636
2026-06-02T12:00:00Z,ENAUSDT,0.00005,0.0874,0.0874
2026-06-02T16:00:00Z,ENAUSDT,0.00005,0.08324,0.08324
2026-06-02T20:00:00Z,ENAUSDT,0.00005,0.09342,0.09342
2026-06-03T00:00:00Z,ENAUSDT,0.00005,0.09425,0.09425
2026-06-03T04:00:00Z,ENAUSDT,0.00005,0.09053,0.09053
2026-06-03T08:00:00Z,ENAUSDT,0.00005,0.10281,0.10281
2026-06-03T12:00:00Z,ENAUSDT,0.00005,0.1035,0.1035
2026-06-03T16:00:00Z,ENAUSDT,0.00005,0.1158,0.1158
2026-06-03T20:00:00Z,ENAUSDT,0.00005,0.11036,0.11036
2026-06-04T00:00:00Z,ENAUSDT,0.00005,0.11235,0.11235
2026-06-04T04:00:00Z,ENAUSDT,0.00005,0.10981,0.10981
2026-06-04T08:00:00Z,ENAUSDT,0.00005,0.10185,0.10185
2026-06-04T12:00:00Z,ENAUSDT,0.00005,0.09457,0.09457
2026-06-04T16:00:00Z,ENAUSDT,0.00005,0.09959,0.09959
2026-06-04T20:00:00Z,ENAUSDT,0.00005,0.09824,0.09824
2026-06-05T00:00:00Z,ENAUSDT,0.00005,0.09444,0.09444
2026-06-05T04:00:00Z,ENAUSDT,0.00005,0.08948,0.08948
2026-06-05T08:00:00Z,ENAUSDT,0.00005,0.08796,0.08796
2026-06-05T12:00:00Z,ENAUSDT,0.00005,0.08535,0.08535
2026-06-05T16:00:00Z,ENAUSDT,0.00005,0.08301,0.08301
2026-06-05T20:00:00Z,ENAUSDT,0.00005,0.08851,0.08851
2026-06-06T00:00:00Z,ENAUSDT,0.00005,0.0949,0.0949
2026-06-06T04:00:00Z,ENAUSDT,0.00005,0.09051,0.09051
2026-06-06T08:00:00Z,ENAUSDT,0.00005,0.0911,0.0911
2026-06-06T12:00:00Z,ENAUSDT,0.00005,0.09133,0.09133
2026-06-06T16:00:00Z,ENAUSDT,0.00005,0.09095,0.09095
2026-06-06T20:00:00Z,ENAUSDT,0.00005,0.08921,0.08921
2026-06-07T00:00:00Z,ENAUSDT,0.00005,0.08972,0.08972
2026-06-07T04:00:00Z,ENAUSDT,0.00005,0.09177,0.09177
2026-06-07T08:00:00Z,ENAUSDT,0.00005,0.093,0.093
2026-06-07T12:00:00Z,ENAUSDT,0.00005,0.09095,0.09095
2026-06-07T16:00:00Z,ENAUSDT,0.00005,0.09078,0.09078
2026-06-07T20:00:00Z,ENAUSDT,0.00005,0.08704,0.08704
2026-06-08T00:00:00Z,ENAUSDT,0.00005,0.08978,0.08978
2026-06-08T04:00:00Z,ENAUSDT,0.00005,0.08871,0.08871
2026-06-08T08:00:00Z,ENAUSDT,0.00005,0.08933,0.08933
2026-06-08T12:00:00Z,ENAUSDT,0.00005,0.08803,0.08803
2026-06-08T16:00:00Z,ENAUSDT,0.00005,0.08898,0.08898
2026-06-08T20:00:00Z,ENAUSDT,0.00005,0.08914,0.08914
2026-06-09T00:00:00Z,ENAUSDT,0.00005,0.08552,0.08552
2026-06-09T04:00:00Z,ENAUSDT,0.00005,0.08252,0.08252
2026-06-09T08:00:00Z,ENAUSDT,0.00005,0.08205,0.08205
2026-06-09T12:00:00Z,ENAUSDT,0.00005,0.08111,0.08111
2026-06-09T16:00:00Z,ENAUSDT,0.00005,0.08055,0.08055
2026-06-09T20:00:00Z,ENAUSDT,0.00005,0.08168,0.08168
2026-06-10T00:00:00Z,ENAUSDT,0.00005,0.08069,0.08069
2026-06-10T04:00:00Z,ENAUSDT,0.00005,0.07982,0.07982
2026-06-10T08:00:00Z,ENAUSDT,0.00005,0.07984,0.07984
2026-06-10T12:00:00Z,ENAUSDT,0.00005,0.07804,0.07804
2026-06-10T16:00:00Z,ENAUSDT,0.00005,0.07879,0.07879
2026-06-10T20:00:00Z,ENAUSDT,0.00005,0.0727,0.0727
2026-06-11T00:00:00Z,ENAUSDT,0.00005,0.07203,0.07203
2026-06-11T04:00:00Z,ENAUSDT,0.00005,0.07704,0.07704
2026-06-11T08:00:00Z,ENAUSDT,0.00005,0.07514,0.07514
2026-06-11T12:00:00Z,ENAUSDT,0.00005,0.07693,0.07693
2026-06-11T16:00:00Z,ENAUSDT,0.00005,0.07646,0.07646
2026-06-11T20:00:00Z,ENAUSDT,0.00005,0.07811,0.07811
2026-06-12T00:00:00Z,ENAUSDT,0.00005,0.0797,0.0797
2026-06-12T04:00:00Z,ENAUSDT,0.00005,0.0803,0.0803
2026-06-12T08:00:00Z,ENAUSDT,0.00005,0.0782,0.0782
2026-06-12T12:00:00Z,ENAUSDT,0.00005,0.07958,0.07958
2026-06-12T16:00:00Z,ENAUSDT,0.00005,0.07825,0.07825
2026-06-12T20:00:00Z,ENAUSDT,0.00005,0.07991,0.07991
2026-06-13T00:00:00Z,ENAUSDT,0.00005,0.07864,0.07864
2026-06-13T04:00:00Z,ENAUSDT,0.00005,0.07827,0.07827
2026-06-13T08:00:00Z,ENAUSDT,0.00005,0.08137,0.08137
2026-06-13T12:00:00Z,ENAUSDT,0.00005,0.08259,0.08259
2026-06-13T16:00:00Z,ENAUSDT,0.00005,0.08546,0.08546
2026-06-13T20:00:00Z,ENAUSDT,0.00005,0.08508,0.08508
2026-06-14T00:00:00Z,ENAUSDT,0.00005,0.08407,0.08407
2026-06-14T04:00:00Z,ENAUSDT,0.00005,0.08487,0.08487
2026-06-14T08:00:00Z,ENAUSDT,0.00005,0.08349,0.08349
2026-06-14T12:00:00Z,ENAUSDT,0.00005,0.08337,0.08337
2026-06-14T16:00:00Z,ENAUSDT,0.00005,0.08126,0.08126
2026-06-14T20:00:00Z,ENAUSDT,0.00005,0.08042,0.08042
2026-06-15T00:00:00Z,ENAUSDT,0.00005,0.08474,0.08474
2026-06-15T04:00:00Z,ENAUSDT,0.00005,0.08451,0.08451
2026-06-15T08:00:00Z,ENAUSDT,0.00005,0.08579,0.08579
2026-06-15T12:00:00Z,ENAUSDT,0.00005,0.08795,0.08795
2026-06-15T16:00:00Z,ENAUSDT,0.00005,0.08932,0.08932
2026-06-15T20:00:00Z,ENAUSDT,0.00005,0.08649,0.08649
2026-06-16T00:00:00Z,ENAUSDT,0.00005,0.0859,0.0859
2026-06-16T04:00:00Z,ENAUSDT,0.00005,0.08642,0.08642
2026-06-16T08:00:00Z,ENAUSDT,0.00005,0.08781,0.08781
2026-06-16T12:00:00Z,ENAUSDT,0.00005,0.08752,0.08752
2026-06-16T16:00:00Z,ENAUSDT,0.00005,0.08541,0.08541
2026-06-16T20:00:00Z,ENAUSDT,0.00005,0.08612,0.08612
2026-06-17T00:00:00Z,ENAUSDT,0.00005,0.08642,0.08642
2026-06-17T04:00:00Z,ENAUSDT,0.00005,0.08735,0.08735
2026-06-17T08:00:00Z,ENAUSDT,0.00005,0.08635,0.08635
2026-06-17T12:00:00Z,ENAUSDT,0.00005,0.08815,0.08815
2026-06-17T16:00:00Z,ENAUSDT,0.00005,0.09425,0.09425
2026-06-17T20:00:00Z,ENAUSDT,0.00005,0.0913,0.0913
2026-06-18T00:00:00Z,ENAUSDT,0.00005,0.09516,0.09516
2026-06-18T04:00:00Z,ENAUSDT,0.00005,0.09492,0.09492
2026-06-18T08:00:00Z,ENAUSDT,0.00005,0.09468,0.09468
2026-06-18T12:00:00Z,ENAUSDT,0.00005,0.09245,0.09245
2026-06-18T16:00:00Z,ENAUSDT,0.00005,0.09035,0.09035
2026-06-18T20:00:00Z,ENAUSDT,0.00005,0.09187,0.09187
2026-06-19T00:00:00Z,ENAUSDT,0.00005,0.09577,0.09577
2026-06-19T04:00:00Z,ENAUSDT,0.00005,0.09074,0.09074
2026-06-19T08:00:00Z,ENAUSDT,0.00005,0.08732,0.08732
2026-06-19T12:00:00Z,ENAUSDT,0.00005,0.08732,0.08732
2026-06-19T16:00:00Z,ENAUSDT,0.00005,0.08942,0.08942
2026-06-19T20:00:00Z,ENAUSDT,0.00005,0.08812,0.08812
2026-06-20T00:00:00Z,ENAUSDT,0.00005,0.08844,0.08844
2026-06-20T04:00:00Z,ENAUSDT,0.00005,0.08774,0.08774
2026-06-20T08:00:00Z,ENAUSDT,0.00005,0.08864,0.08864
2026-06-20T12:00:00Z,ENAUSDT,0.00005,0.08794,0.08794
2026-06-20T16:00:00Z,ENAUSDT,0.00005,0.08888,0.08888
2026-06-20T20:00:00Z,ENAUSDT,0.00005,0.08794,0.08794
2026-06-21T00:00:00Z,ENAUSDT,0.00005,0.08969,0.08969
2026-06-21T04:00:00Z,ENAUSDT,0.00005,0.09018,0.09018
2026-06-21T08:00:00Z,ENAUSDT,0.00005,0.09151,0.09151
2026-06-21T12:00:00Z,ENAUSDT,0.00005,0.09169,0.09169
2026-06-21T16:00:00Z,ENAUSDT,0.00005,0.09289,0.09289
2026-06-21T20:00:00Z,ENAUSDT,0.00005,0.09059,0.09059
2026-06-22T00:00:00Z,ENAUSDT,0.00005,0.08759,0.08759
2026-06-22T04:00:00Z,ENAUSDT,0.00005,0.0919,0.0919
2026-06-22T08:00:00Z,ENAUSDT,0.00005,0.09378,0.09378
2026-06-22T12:00:00Z,ENAUSDT,0.00005,0.09639,0.09639
2026-06-22T16:00:00Z,ENAUSDT,0.00005,0.09506,0.09506
2026-06-22T20:00:00Z,ENAUSDT,0.00005,0.09317,0.09317
2026-06-23T00:00:00Z,ENAUSDT,0.00005,0.09135,0.09135
2026-06-23T04:00:00Z,ENAUSDT,0.00005,0.09127,0.09127
2026-06-23T08:00:00Z,ENAUSDT,0.00005,0.08747,0.08747
2026-06-23T12:00:00Z,ENAUSDT,0.00005,0.08603,0.08603
2026-06-23T16:00:00Z,ENAUSDT,0.00005,0.08615,0.08615
2026-06-23T20:00:00Z,ENAUSDT,0.00005,0.0859,0.0859
2026-06-24T00:00:00Z,ENAUSDT,0.00005,0.0863,0.0863
2026-06-24T04:00:00Z,ENAUSDT,0.00005,0.08521,0.08521
2026-06-24T08:00:00Z,ENAUSDT,0.00005,0.08434,0.08434
2026-06-24T12:00:00Z,ENAUSDT,0.00005,0.08487,0.08487
2026-06-24T16:00:00Z,ENAUSDT,0.00005,0.08153,0.08153
2026-06-24T20:00:00Z,ENAUSDT,0.00005,0.08111,0.08111
2026-06-25T00:00:00Z,ENAUSDT,0.00005,0.08523,0.08523
2026-06-25T04:00:00Z,ENAUSDT,0.00005,0.08396,0.08396
2026-06-25T08:00:00Z,ENAUSDT,0.00005,0.08626,0.08626
2026-06-25T12:00:00Z,ENAUSDT,0.00005,0.08468,0.08468
2026-06-25T16:00:00Z,ENAUSDT,0.00005,0.08129,0.08129
2026-06-25T20:00:00Z,ENAUSDT,0.00005,0.08036,0.08036
2026-06-26T00:00:00Z,ENAUSDT,0.00005,0.08251,0.08251
2026-06-26T04:00:00Z,ENAUSDT,0.00005,0.08075,0.08075
2026-06-26T08:00:00Z,ENAUSDT,0.00005,0.08066,0.08066
2026-06-26T12:00:00Z,ENAUSDT,0.00005,0.07835,0.07835
2026-06-26T16:00:00Z,ENAUSDT,0.00005,0.07856,0.07856
2026-06-26T20:00:00Z,ENAUSDT,0.00005,0.08066,0.08066
2026-06-27T00:00:00Z,ENAUSDT,0.00005,0.07985,0.07985
2026-06-27T04:00:00Z,ENAUSDT,0.00005,0.07935,0.07935
2026-06-27T08:00:00Z,ENAUSDT,0.00005,0.07936,0.07936
2026-06-27T12:00:00Z,ENAUSDT,0.00005,0.07876,0.07876
2026-06-27T16:00:00Z,ENAUSDT,0.00005,0.08005,0.08005
2026-06-27T20:00:00Z,ENAUSDT,0.00005,0.07756,0.07756
2026-06-28T00:00:00Z,ENAUSDT,0.00005,0.07719,0.07719
2026-06-28T04:00:00Z,ENAUSDT,0.00005,0.07726,0.07726
2026-06-28T08:00:00Z,ENAUSDT,0.00005,0.07658,0.07658
2026-06-28T12:00:00Z,ENAUSDT,0.00005,0.07638,0.07638
2026-06-28T16:00:00Z,ENAUSDT,0.00005,0.07654,0.07654
2026-06-28T20:00:00Z,ENAUSDT,0.00005,0.07583,0.07583
2026-06-29T00:00:00Z,ENAUSDT,0.00005,0.07665,0.07665
2026-06-29T04:00:00Z,ENAUSDT,0.00005,0.07873,0.07873
2026-06-29T08:00:00Z,ENAUSDT,0.00005,0.07907,0.07907
2026-06-29T12:00:00Z,ENAUSDT,0.00005,0.07925,0.07925
2026-06-29T16:00:00Z,ENAUSDT,0.00005,0.08055,0.08055
2026-06-29T20:00:00Z,ENAUSDT,0.00005,0.07929,0.07929
2026-06-30T00:00:00Z,ENAUSDT,0.00005,0.07874,0.07874
2026-06-30T04:00:00Z,ENAUSDT,0.00005,0.07727,0.07727
2026-06-30T08:00:00Z,ENAUSDT,0.00005,0.07597,0.07597
2026-06-30T12:00:00Z,ENAUSDT,0.00005,0.07198,0.07198
2026-06-30T16:00:00Z,ENAUSDT,0.00005,0.07225,0.07225
2026-06-30T20:00:00Z,ENAUSDT,0.00005,0.0714,0.0714
2026-07-01T00:00:00Z,ENAUSDT,0.00005,0.07398,0.07398
2026-07-01T04:00:00Z,ENAUSDT,0.00005,0.07299,0.07299
2026-07-01T08:00:00Z,ENAUSDT,0.00005,0.07196,0.07196
2026-07-01T12:00:00Z,ENAUSDT,0.00005,0.07239,0.07239
2026-07-01T16:00:00Z,ENAUSDT,0.00005,0.07331,0.07331
2026-07-01T20:00:00Z,ENAUSDT,0.00005,0.07236,0.07236
2026-07-02T00:00:00Z,ENAUSDT,0.00005,0.0723,0.0723
2026-07-02T04:00:00Z,ENAUSDT,0.00005,0.07725,0.07725
2026-07-02T08:00:00Z,ENAUSDT,0.00005,0.07668,0.07668
2026-07-02T12:00:00Z,ENAUSDT,0.00005,0.07761,0.07761
2026-07-02T16:00:00Z,ENAUSDT,0.00005,0.07629,0.07629
2026-07-02T20:00:00Z,ENAUSDT,0.00005,0.07716,0.07716
2026-07-03T00:00:00Z,ENAUSDT,0.00005,0.07694,0.07694
2026-07-03T04:00:00Z,ENAUSDT,0.00005,0.07737,0.07737
2026-07-03T08:00:00Z,ENAUSDT,0.00005,0.07787,0.07787
2026-07-03T12:00:00Z,ENAUSDT,0.00005,0.07813,0.07813
2026-07-03T16:00:00Z,ENAUSDT,0.00005,0.07854,0.07854
2026-07-03T20:00:00Z,ENAUSDT,0.00005,0.07965,0.07965
2026-07-04T00:00:00Z,ENAUSDT,0.00005,0.07998,0.07998
2026-07-04T04:00:00Z,ENAUSDT,0.00005,0.07982,0.07982
2026-07-04T08:00:00Z,ENAUSDT,0.00005,0.07845,0.07845
2026-07-04T12:00:00Z,ENAUSDT,0.001612543768503747,0.07841,0.07841
2026-07-04T16:00:00Z,ENAUSDT,0.00005,0.08083,0.08083
2026-07-04T20:00:00Z,ENAUSDT,0.00005,0.0798,0.0798
2026-07-05T00:00:00Z,ENAUSDT,0.00005,0.07923,0.07923
2026-07-05T04:00:00Z,ENAUSDT,0.000052546061273978,0.07786,0.07786
2026-07-05T08:00:00Z,ENAUSDT,0.00005,0.07866,0.07866
2026-07-05T12:00:00Z,ENAUSDT,0.00005,0.07823,0.07823
2026-07-05T16:00:00Z,ENAUSDT,0.00005,0.07885,0.07885
2026-07-05T20:00:00Z,ENAUSDT,0.00005,0.08027,0.08027
2026-07-06T00:00:00Z,ENAUSDT,0.00005,0.08095,0.08095
2026-07-06T04:00:00Z,ENAUSDT,0.00005,0.07921,0.07921
2026-07-06T08:00:00Z,ENAUSDT,0.00005,0.07815,0.07815
2026-07-06T12:00:00Z,ENAUSDT,0.00005,0.0775,0.0775
2026-07-06T16:00:00Z,ENAUSDT,0.00005,0.07785,0.07785
2026-07-06T20:00:00Z,ENAUSDT,0.00005,0.07942,0.07942
2026-07-07T00:00:00Z,ENAUSDT,0.00005,0.07916,0.07916
2026-07-07T04:00:00Z,ENAUSDT,0.00005,0.07704,0.07704
2026-07-07T08:00:00Z,ENAUSDT,0.00005,0.07691,0.07691
2026-07-07T12:00:00Z,ENAUSDT,0.00005,0.0771,0.0771
2026-07-07T16:00:00Z,ENAUSDT,0.000086374469644155,0.07794,0.07794
2026-07-07T20:00:00Z,ENAUSDT,0.00005,0.07786,0.07786
2026-07-08T00:00:00Z,ENAUSDT,0.000586382593235456,0.07628,0.07628
2026-07-08T04:00:00Z,ENAUSDT,0.00005,0.07452,0.07452
2026-07-08T08:00:00Z,ENAUSDT,0.000080006838986236,0.07501,0.07501
2026-07-08T12:00:00Z,ENAUSDT,0.000303019315781283,0.07431,0.07431
2026-07-08T16:00:00Z,ENAUSDT,0.000090042437967264,0.07381,0.07381
2026-07-08T20:00:00Z,ENAUSDT,0.000052703857793849,0.07461,0.07461
2026-07-09T00:00:00Z,ENAUSDT,0.00005,0.0753,0.0753
2026-07-09T04:00:00Z,ENAUSDT,0.00005,0.0755,0.0755
2026-07-09T08:00:00Z,ENAUSDT,0.00005,0.07691,0.07691
2026-07-09T12:00:00Z,ENAUSDT,0.00005,0.07692,0.07692
2026-07-09T16:00:00Z,ENAUSDT,0.00005,0.07691,0.07691
2026-07-09T20:00:00Z,ENAUSDT,0.00005,0.07741,0.07741
2026-07-10T00:00:00Z,ENAUSDT,0.000686062254369456,0.07703,0.07703
2026-07-10T04:00:00Z,ENAUSDT,0.00005,0.07981,0.07981
2026-07-10T08:00:00Z,ENAUSDT,0.00005,0.07922,0.07922
2026-07-10T12:00:00Z,ENAUSDT,0.00005,0.07981,0.07981
2026-07-10T16:00:00Z,ENAUSDT,0.00005,0.07987,0.07987
2026-07-10T20:00:00Z,ENAUSDT,0.00005,0.08069,0.08069
2026-07-11T00:00:00Z,ENAUSDT,0.00005,0.08128,0.08128
2026-07-11T04:00:00Z,ENAUSDT,0.00005,0.08289,0.08289
2026-07-11T08:00:00Z,ENAUSDT,0.00005,0.0815,0.0815
2026-07-11T12:00:00Z,ENAUSDT,0.00005,0.08254,0.08254
2026-07-11T16:00:00Z,ENAUSDT,0.00005,0.0823,0.0823
2026-07-11T20:00:00Z,ENAUSDT,0.00005,0.08396,0.08396
2026-07-12T00:00:00Z,ENAUSDT,0.00005,0.08026,0.08026
2026-07-12T04:00:00Z,ENAUSDT,0.00005,0.08119,0.08119
2026-07-12T08:00:00Z,ENAUSDT,0.00005,0.08079,0.08079
2026-07-12T12:00:00Z,ENAUSDT,0.00005,0.0819,0.0819
2026-07-12T16:00:00Z,ENAUSDT,0.00005,0.08137,0.08137
2026-07-12T20:00:00Z,ENAUSDT,0.00005,0.08139,0.08139
2026-07-13T00:00:00Z,ENAUSDT,0.00005,0.07997,0.07997
2026-07-13T04:00:00Z,ENAUSDT,0.00005,0.07819,0.07819
2026-07-13T08:00:00Z,ENAUSDT,0.00005,0.07906,0.07906
2026-07-13T12:00:00Z,ENAUSDT,0.00005,0.07952,0.07952
2026-07-13T16:00:00Z,ENAUSDT,0.00005,0.0791,0.0791
2026-07-13T20:00:00Z,ENAUSDT,0.00005,0.07891,0.07891
2026-07-14T00:00:00Z,ENAUSDT,0.00005,0.07872,0.07872
2026-07-14T04:00:00Z,ENAUSDT,0.00005,0.07999,0.07999
2026-07-14T08:00:00Z,ENAUSDT,0.00005,0.08294,0.08294
2026-07-14T12:00:00Z,ENAUSDT,0.00005,0.08305,0.08305
2026-07-14T16:00:00Z,ENAUSDT,0.00005,0.08369,0.08369
2026-07-14T20:00:00Z,ENAUSDT,0.00005,0.08426,0.08426
2026-07-15T00:00:00Z,ENAUSDT,0.00005,0.08407,0.08407
2026-07-15T04:00:00Z,ENAUSDT,0.00005,0.08379,0.08379
2026-07-15T08:00:00Z,ENAUSDT,0.00005,0.08269,0.08269
2026-07-15T12:00:00Z,ENAUSDT,0.00005,0.08336,0.08336
2026-07-15T16:00:00Z,ENAUSDT,0.00005,0.08491,0.08491
2026-07-15T20:00:00Z,ENAUSDT,0.00005,0.08268,0.08268
2026-07-16T00:00:00Z,ENAUSDT,0.00005,0.08359,0.08359
2026-07-16T04:00:00Z,ENAUSDT,0.00005,0.084,0.084
2026-07-16T08:00:00Z,ENAUSDT,0.00005,0.08288,0.08288
2026-07-16T12:00:00Z,ENAUSDT,0.00005,0.08203,0.08203
2026-07-16T16:00:00Z,ENAUSDT,0.00005,0.08542,0.08542
2026-07-16T20:00:00Z,ENAUSDT,0.00005,0.08424,0.08424
2026-07-17T00:00:00Z,ENAUSDT,0.00005,0.0822,0.0822
2026-07-17T04:00:00Z,ENAUSDT,0.00005,0.08076,0.08076
2026-07-17T08:00:00Z,ENAUSDT,0.00005,0.08046,0.08046
2026-07-17T12:00:00Z,ENAUSDT,0.00005,0.08144,0.08144
2026-07-17T16:00:00Z,ENAUSDT,0.00005,0.0809,0.0809
2026-07-17T20:00:00Z,ENAUSDT,0.00005,0.08214,0.08214
2026-07-18T00:00:00Z,ENAUSDT,0.00005,0.08205,0.08205
2026-07-18T04:00:00Z,ENAUSDT,0.00005,0.0826,0.0826
2026-07-18T08:00:00Z,ENAUSDT,0.00005,0.0815,0.0815
2026-07-18T12:00:00Z,ENAUSDT,0.00005,0.0806,0.0806
2026-07-18T16:00:00Z,ENAUSDT,0.00005,0.08042,0.08042
2026-07-18T20:00:00Z,ENAUSDT,0.00005,0.08069,0.08069
2026-07-19T00:00:00Z,ENAUSDT,0.00005,0.08097,0.08097
2026-07-19T04:00:00Z,ENAUSDT,0.00005,0.08064,0.08064
2026-07-19T08:00:00Z,ENAUSDT,0.00005,0.08066,0.08066
2026-07-19T12:00:00Z,ENAUSDT,0.00005,0.08042,0.08042
2026-07-19T16:00:00Z,ENAUSDT,0.00005,0.08054,0.08054
2026-07-19T20:00:00Z,ENAUSDT,0.00005,0.08036,0.08036
2026-07-20T00:00:00Z,ENAUSDT,0.00005,0.0799,0.0799
2026-07-20T04:00:00Z,ENAUSDT,0.00005,0.08067,0.08067
2026-07-20T08:00:00Z,ENAUSDT,0.00005,0.07973,0.07973
2026-07-20T12:00:00Z,ENAUSDT,0.00005,0.08117,0.08117
2026-07-20T16:00:00Z,ENAUSDT,0.00005,0.08335,0.08335
2026-07-20T20:00:00Z,ENAUSDT,0.00005,0.08264,0.08264
2026-07-21T00:00:00Z,ENAUSDT,0.00005,0.08281,0.08281
2026-07-21T04:00:00Z,ENAUSDT,0.00005,0.08438,0.08438
2026-07-21T08:00:00Z,ENAUSDT,0.00005,0.08572,0.08572
2026-07-21T12:00:00Z,ENAUSDT,0.00005,0.08735,0.08735
2026-07-21T16:00:00Z,ENAUSDT,0.00005,0.08591,0.08591
2026-07-21T20:00:00Z,ENAUSDT,0.00005,0.08613,0.08613
2026-07-22T00:00:00Z,ENAUSDT,0.00005,0.08655,0.08655
2026-07-22T04:00:00Z,ENAUSDT,0.00005,0.08642,0.08642
2026-07-22T08:00:00Z,ENAUSDT,0.00005,0.08664,0.08664
2026-07-22T12:00:00Z,ENAUSDT,0.00005,0.08832,0.08832
2026-07-22T16:00:00Z,ENAUSDT,0.00005,0.08933,0.08933
2026-07-22T20:00:00Z,ENAUSDT,0.00005,0.09227,0.09227
2026-07-23T00:00:00Z,ENAUSDT,0.00005,0.09006,0.09006
2026-07-23T04:00:00Z,ENAUSDT,0.00005,0.09109,0.09109
2026-07-23T08:00:00Z,ENAUSDT,0.00005,0.09175,0.09175
2026-07-23T12:00:00Z,ENAUSDT,0.00005,0.09149,0.09149
2026-07-23T16:00:00Z,ENAUSDT,0.00005,0.08938,0.08938
2026-07-23T20:00:00Z,ENAUSDT,0.00005,0.08837,0.08837
2026-07-24T00:00:00Z,ENAUSDT,0.00005,0.08862,0.08862
2026-07-24T04:00:00Z,ENAUSDT,0.00005,0.0902,0.0902
2026-07-24T08:00:00Z,ENAUSDT,0.00005,0.09057,0.09057
2026-07-24T12:00:00Z,ENAUSDT,0.00005,0.08834,0.08834
2026-07-24T16:00:00Z,ENAUSDT,0.00005,0.08665,0.08665
2026-07-24T20:00:00Z,ENAUSDT,0.00005,0.08713,0.08713
2026-07-25T00:00:00Z,ENAUSDT,0.00005,0.08727,0.08727
2026-07-25T04:00:00Z,ENAUSDT,0.00005,0.08784,0.08784
2026-07-25T08:00:00Z,ENAUSDT,0.00005,0.08714,0.08714
2026-07-25T12:00:00Z,ENAUSDT,0.00005,0.08617,0.08617
2026-07-25T16:00:00Z,ENAUSDT,0.00005,0.086,0.086
2026-07-25T20:00:00Z,ENAUSDT,0.00005,0.08598,0.08598
2026-07-26T00:00:00Z,ENAUSDT,0.00005,0.08603,0.08603
2026-07-26T04:00:00Z,ENAUSDT,0.00005,0.08596,0.08596
2026-07-26T08:00:00Z,ENAUSDT,0.00005,0.08538,0.08538
2026-07-26T12:00:00Z,ENAUSDT,0.00005,0.085,0.085
2026-07-26T16:00:00Z,ENAUSDT,0.00005,0.0857,0.0857
2026-07-26T20:00:00Z,ENAUSDT,0.00005,0.08568,0.08568
2026-07-27T00:00:00Z,ENAUSDT,0.00005,0.09013,0.09013
2026-07-27T04:00:00Z,ENAUSDT,0.00005,0.08987,0.08987
2026-07-27T08:00:00Z,ENAUSDT,0.00005,0.09018,0.09018
2026-07-27T12:00:00Z,ENAUSDT,0.00005,0.08941,0.08941
2026-07-27T16:00:00Z,ENAUSDT,0.00005,0.08894,0.08894
2026-07-27T20:00:00Z,ENAUSDT,0.00005,0.08831,0.08831
2026-07-28T00:00:00Z,ENAUSDT,0.00005,0.08219,0.08219
2026-07-28T04:00:00Z,ENAUSDT,0.00005,0.08313,0.08313
2026-07-28T08:00:00Z,ENAUSDT,0.00005,0.08322,0.08322
2026-07-28T12:00:00Z,ENAUSDT,0.00005,0.08303,0.08303
2026-07-28T16:00:00Z,ENAUSDT,0.00005,0.08596,0.08596
2026-07-28T20:00:00Z,ENAUSDT,0.00005,0.08367,0.08367
2026-07-29T00:00:00Z,ENAUSDT,0.00005,0.0834,0.0834
2026-07-29T04:00:00Z,ENAUSDT,0.00005,0.08008,0.08008
2026-07-29T08:00:00Z,ENAUSDT,0.00005,0.08141,0.08141
2026-07-29T12:00:00Z,ENAUSDT,0.00005,0.08149,0.08149
2026-07-29T16:00:00Z,ENAUSDT,0.00005,0.07977,0.07977
2026-07-29T20:00:00Z,ENAUSDT,0.00005,0.07794,0.07794
2026-07-30T00:00:00Z,ENAUSDT,0.00005,0.07823,0.07823
2026-07-30T04:00:00Z,ENAUSDT,0.00005,0.0781,0.0781
2026-07-30T08:00:00Z,ENAUSDT,0.00005,0.07849,0.07849
2026-07-30T12:00:00Z,ENAUSDT,0.00005,0.07984,0.07984
2026-07-30T16:00:00Z,ENAUSDT,0.00005,0.08181,0.08181
2026-07-30T20:00:00Z,ENAUSDT,0.00005,0.08295,0.08295
2026-07-31T00:00:00Z,ENAUSDT,0.00005,0.08113,0.08113
2026-07-31T04:00:00Z,ENAUSDT,0.00005,0.08142,0.08142
2026-07-31T08:00:00Z,ENAUSDT,0.00005,0.08195,0.08195
2026-07-31T12:00:00Z,ENAUSDT,0.00005,0.08151,0.08151
2026-07-31T16:00:00Z,ENAUSDT,0.00005,0.07979,0.07979
2026-07-31T20:00:00Z,ENAUSDT,0.00005,0.0806,0.0806
2026-08-01T00:00:00Z,ENAUSDT,0.00005,0.08038,0.08038
2026-08-01T04:00:00Z,ENAUSDT,0.00005,0.08031,0.08031
2026-08-01T08:00:00Z,ENAUSDT,0.00005,0.08114,0.08114
2026-08-01T12:00:00Z,ENAUSDT,0.00005,0.08125,0.08125
2026-08-01T16:00:00Z,ENAUSDT,0.00005,0.08082,0.08082
2026-08-01T20:00:00Z,ENAUSDT,0.00005,0.08007,0.08007
2026-08-02T00:00:00Z,ENAUSDT,0.00005,0.07923,0.07923
2026-08-02T04:00:00Z,ENAUSDT,0.00005,0.0847,0.0847
2026-08-02T08:00:00Z,ENAUSDT,0.00005,0.08842,0.08842
2026-08-02T12:00:00Z,ENAUSDT,0.00005,0.08769,0.08769
2026-08-02T16:00:00Z,ENAUSDT,0.00005,0.08856,0.08856
2026-08-02T20:00:00Z,ENAUSDT,0.00005,0.08881,0.08881
2026-08-03T00:00:00Z,ENAUSDT,0.00005,0.08926,0.08926
2026-08-03T04:00:00Z,ENAUSDT,0.00005,0.08771,0.08771
2026-08-03T08:00:00Z,ENAUSDT,0.00005,0.08813,0.08813
2026-08-03T12:00:00Z,ENAUSDT,0.00005,0.09023,0.09023
2026-08-03T16:00:00Z,ENAUSDT,0.00005,0.09216,0.09216
2026-08-03T20:00:00Z,ENAUSDT,0.00005,0.09161,0.09161
2026-08-04T00:00:00Z,ENAUSDT,0.00005,0.09281,0.09281
2026-08-04T04:00:00Z,ENAUSDT,0.00005,0.09148,0.09148
2026-08-04T08:00:00Z,ENAUSDT,0.00005,0.09156,0.09156
2026-08-04T12:00:00Z,ENAUSDT,0.00005,0.09099,0.09099
2026-08-04T16:00:00Z,ENAUSDT,0.00005,0.09166,0.09166
2026-08-04T20:00:00Z,ENAUSDT,0.00005,0.09213,0.09213
2026-08-05T00:00:00Z,ENAUSDT,0.00005,0.09231,0.09231
2026-08-05T04:00:00Z,ENAUSDT,0.00005,0.09004,0.09004
2026-08-05T08:00:00Z,ENAUSDT,0.00005,0.09122,0.09122
2026-08-05T12:00:00Z,ENAUSDT,0.00005,0.09163,0.09163
2026-08-05T16:00:00Z,ENAUSDT,0.00005,0.09192,0.09192
2026-08-05T20:00:00Z,ENAUSDT,0.00005,0.09175,0.09175
2026-08-06T00:00:00Z,ENAUSDT,0.00005,0.09221,0.09221
2026-08-06T04:00:00Z,ENAUSDT,0.00005,0.09123,0.09123
2026-08-06T08:00:00Z,ENAUSDT,0.00005,0.09187,0.09187
2026-08-06T12:00:00Z,ENAUSDT,0.00005,0.09226,0.09226
2026-08-06T16:00:00Z,ENAUSDT,0.00005,0.09227,0.09227
2026-08-06T20:00:00Z,ENAUSDT,0.00005,0.09222,0.09222
2026-08-07T00:00:00Z,ENAUSDT,0.00005,0.09276,0.09276
2026-08-07T04:00:00Z,ENAUSDT,0.00005,0.09213,0.09213
2026-08-07T08:00:00Z,ENAUSDT,0.00005,0.09259,0.09259
2026-08-07T12:00:00Z,ENAUSDT,0.00005,0.09644,0.09644
2026-08-07T16:00:00Z,ENAUSDT,0.00005,0.095,0.095
2026-08-07T20:00:00Z,ENAUSDT,0.00005,0.09403,0.09403
2026-08-08T00:00:00Z,ENAUSDT,0.00005,0.09141,0.09141
2026-08-08T04:00:00Z,ENAUSDT,0.00005,0.09054,0.09054
2026-08-08T08:00:00Z,ENAUSDT,0.00005,0.09085,0.09085
2026-08-08T12:00:00Z,ENAUSDT,0.00005,0.09065,0.09065
2026-08-08T16:00:00Z,ENAUSDT,0.00005,0.09148,0.09148
2026-08-08T20:00:00Z,ENAUSDT,0.00005,0.0901,0.0901
2026-08-09T00:00:00Z,ENAUSDT,0.00005,0.09016,0.09016
2026-08-09T04:00:00Z,ENAUSDT,0.00005,0.08911,0.08911
2026-08-09T08:00:00Z,ENAUSDT,0.00005,0.08787,0.08787
2026-08-09T12:00:00Z,ENAUSDT,0.00005,0.08787,0.08787
2026-08-09T16:00:00Z,ENAUSDT,0.00005,0.0878,0.0878
2026-08-09T20:00:00Z,ENAUSDT,0.00005,0.08727,0.08727
2026-08-10T00:00:00Z,ENAUSDT,0.00005,0.08647,0.08647
2026-08-10T04:00:00Z,ENAUSDT,0.00005,0.08715,0.08715
2026-08-10T08:00:00Z,ENAUSDT,0.00005,0.09021,0.09021
2026-08-10T12:00:00Z,ENAUSDT,0.00005,0.09107,0.09107
2026-08-10T16:00:00Z,ENAUSDT,0.00005,0.08844,0.08844
2026-08-10T20:00:00Z,ENAUSDT,0.00005,0.0879,0.0879
2026-08-11T00:00:00Z,ENAUSDT,0.00005,0.08794,0.08794
2026-08-11T04:00:00Z,ENAUSDT,0.00005,0.09069,0.09069
2026-08-11T08:00:00Z,ENAUSDT,0.00005,0.09061,0.09061
2026-08-11T12:00:00Z,ENAUSDT,0.00005,0.09008,0.09008
2026-08-11T16:00:00Z,ENAUSDT,0.00005,0.08918,0.08918
2026-08-11T20:00:00Z,ENAUSDT,0.00005,0.08895,0.08895
2026-08-12T00:00:00Z,ENAUSDT,0.00005,0.09004,0.09004
2026-08-12T04:00:00Z,ENAUSDT,0.00005,0.09006,0.09006
2026-08-12T08:00:00Z,ENAUSDT,0.00005,0.08886,0.08886
2026-08-12T12:00:00Z,ENAUSDT,0.00005,0.08955,0.08955
2026-08-12T16:00:00Z,ENAUSDT,0.00005,0.08897,0.08897
2026-08-12T20:00:00Z,ENAUSDT,0.00005,0.08654,0.08654
2026-08-13T00:00:00Z,ENAUSDT,0.00005,0.08674,0.08674
2026-08-13T04:00:00Z,ENAUSDT,0.00005,0.08755,0.08755
2026-08-13T08:00:00Z,ENAUSDT,0.00005,0.08704,0.08704
2026-08-13T12:00:00Z,ENAUSDT,0.00005,0.08605,0.08605
2026-08-13T16:00:00Z,ENAUSDT,0.00005,0.0855,0.0855
2026-08-13T20:00:00Z,ENAUSDT,0.00005,0.08535,0.08535
2026-08-14T00:00:00Z,ENAUSDT,0.00005,0.08598,0.08598
2026-08-14T04:00:00Z,ENAUSDT,0.00005,0.08527,0.08527
2026-08-14T08:00:00Z,ENAUSDT,0.00005,0.08525,0.08525
2026-08-14T12:00:00Z,ENAUSDT,0.00005,0.0837,0.0837
2026-08-14T16:00:00Z,ENAUSDT,0.00005,0.08348,0.08348
2026-08-14T20:00:00Z,ENAUSDT,0.00005,0.08372,0.08372
2026-08-15T00:00:00Z,ENAUSDT,0.00005,0.08453,0.08453
2026-08-15T04:00:00Z,ENAUSDT,0.00005,0.08546,0.08546
2026-08-15T08:00:00Z,ENAUSDT,0.00005,0.08446,0.08446
2026-08-15T12:00:00Z,ENAUSDT,0.00005,0.0848,0.0848
2026-08-15T16:00:00Z,ENAUSDT,0.00005,0.08525,0.08525
2026-08-15T20:00:00Z,ENAUSDT,0.00005,0.08465,0.08465
2026-08-16T00:00:00Z,ENAUSDT,0.00005,0.0839,0.0839
2026-08-16T04:00:00Z,ENAUSDT,0.00005,0.0838,0.0838
2026-08-16T08:00:00Z,ENAUSDT,0.00005,0.0831,0.0831
2026-08-16T12:00:00Z,ENAUSDT,0.00005,0.08313,0.08313
2026-08-16T16:00:00Z,ENAUSDT,0.00005,0.08427,0.08427
2026-08-16T20:00:00Z,ENAUSDT,0.00005,0.08338,0.08338
2026-08-17T00:00:00Z,ENAUSDT,0.00005,0.08232,0.08232
2026-08-17T04:00:00Z,ENAUSDT,0.00005,0.08335,0.08335
2026-08-17T08:00:00Z,ENAUSDT,0.00005,0.08413,0.08413
2026-08-17T12:00:00Z,ENAUSDT,0.00005,0.08361,0.08361
2026-08-17T16:00:00Z,ENAUSDT,0.00005,0.08381,0.08381
2026-08-17T20:00:00Z,ENAUSDT,0.00005,0.08342,0.08342
2026-08-18T00:00:00Z,ENAUSDT,0.00005,0.08318,0.08318
2026-08-18T04:00:00Z,ENAUSDT,0.00005,0.08214,0.08214
2026-08-18T08:00:00Z,ENAUSDT,0.00005,0.08258,0.08258
2026-08-18T12:00:00Z,ENAUSDT,0.00005,0.08338,0.08338
2026-08-18T16:00:00Z,ENAUSDT,0.00005,0.08466,0.08466
2026-08-18T20:00:00Z,ENAUSDT,0.00005,0.08338,0.08338
2026-08-19T00:00:00Z,ENAUSDT,0.00005,0.08274,0.08274
2026-08-19T04:00:00Z,ENAUSDT,0.00005,0.08413,0.08413
2026-08-19T08:00:00Z,ENAUSDT,0.00005,0.08554,0.08554
2026-08-19T12:00:00Z,ENAUSDT,0.00005,0.08398,0.08398
2026-08-19T16:00:00Z,ENAUSDT,0.00005,0.08771,0.08771
2026-08-19T20:00:00Z,ENAUSDT,0.00005,0.08985,0.08985
2026-08-20T00:00:00Z,ENAUSDT,0.00005,0.09338,0.09338
2026-08-20T04:00:00Z,ENAUSDT,0.00005,0.09212,0.09212
2026-08-20T08:00:00Z,ENAUSDT,0.00005,0.09396,0.09396
2026-08-20T12:00:00Z,ENAUSDT,0.00005,0.10049,0.10049
2026-08-20T16:00:00Z,ENAUSDT,0.00005,0.10199,0.10199
2026-08-20T20:00:00Z,ENAUSDT,0.00005,0.10759,0.10759
2026-08-21T00:00:00Z,ENAUSDT,0.00005,0.11677,0.11677
2026-08-21T04:00:00Z,ENAUSDT,0.00005,0.12495,0.12495
2026-08-21T08:00:00Z,ENAUSDT,0.00005,0.13104,0.13104
2026-08-21T12:00:00Z,ENAUSDT,0.00005,0.1409,0.1409
2026-08-21T16:00:00Z,ENAUSDT,0.00005,0.15012,0.15012
2026-08-21T20:00:00Z,ENAUSDT,0.00005,0.13691,0.13691
2026-08-22T00:00:00Z,ENAUSDT,0.00005,0.14232,0.14232
2026-08-22T04:00:00Z,ENAUSDT,0.00005,0.15612,0.15612
2026-08-22T08:00:00Z,ENAUSDT,0.00005,0.15197,0.15197
2026-08-22T12:00:00Z,ENAUSDT,0.00005,0.15304,0.15304
2026-08-22T16:00:00Z,ENAUSDT,0.00005,0.15148,0.15148
2026-08-22T20:00:00Z,ENAUSDT,0.00005,0.15509,0.15509
2026-08-23T00:00:00Z,ENAUSDT,0.00005,0.15842,0.15842
2026-08-23T04:00:00Z,ENAUSDT,0.00005,0.15095,0.15095
2026-08-23T08:00:00Z,ENAUSDT,0.00005,0.15396,0.15396
2026-08-23T12:00:00Z,ENAUSDT,0.00005,0.17619,0.17619
2026-08-23T16:00:00Z,ENAUSDT,0.00005,0.17134,0.17134
2026-08-23T20:00:00Z,ENAUSDT,0.00005,0.16457,0.16457
2026-08-24T00:00:00Z,ENAUSDT,0.00005,0.16136,0.16136
2026-08-24T04:00:00Z,ENAUSDT,0.00005,0.16465,0.16465
2026-08-24T08:00:00Z,ENAUSDT,0.00005,0.16195,0.16195
2026-08-24T12:00:00Z,ENAUSDT,0.00005,0.16122,0.16122
2026-08-24T16:00:00Z,ENAUSDT,0.00005,0.16135,0.16135
2026-08-24T20:00:00Z,ENAUSDT,0.00005,0.15285,0.15285
2026-08-25T00:00:00Z,ENAUSDT,0.00005,0.15267,0.15267
2026-08-25T04:00:00Z,ENAUSDT,0.00005,0.15461,0.15461
2026-08-25T08:00:00Z,ENAUSDT,0.00005,0.15164,0.15164
2026-08-25T12:00:00Z,ENAUSDT,0.00005,0.14761,0.14761
2026-08-25T16:00:00Z,ENAUSDT,0.00005,0.14912,0.14912
2026-08-25T20:00:00Z,ENAUSDT,0.00005,0.14759,0.14759
2026-08-26T00:00:00Z,ENAUSDT,0.00005,0.14276,0.14276
2026-08-26T04:00:00Z,ENAUSDT,0.00005,0.1416,0.1416
2026-08-26T08:00:00Z,ENAUSDT,0.00005,0.14286,0.14286
2026-08-26T12:00:00Z,ENAUSDT,0.00005,0.14351,0.14351
2026-08-26T16:00:00Z,ENAUSDT,0.00005,0.13923,0.13923
2026-08-26T20:00:00Z,ENAUSDT,0.00005,0.13812,0.13812
2026-08-27T00:00:00Z,ENAUSDT,0.00005,0.14729,0.14729
2026-08-27T04:00:00Z,ENAUSDT,0.00005,0.14449,0.14449
2026-08-27T08:00:00Z,ENAUSDT,0.00005,0.15165,0.15165
2026-08-27T12:00:00Z,ENAUSDT,0.00005,0.14773,0.14773
2026-08-27T16:00:00Z,ENAUSDT,0.00005,0.163,0.163
2026-08-27T20:00:00Z,ENAUSDT,0.00005,0.16685,0.16685
2026-08-28T00:00:00Z,ENAUSDT,0.00005,0.16995,0.16995
2026-08-28T04:00:00Z,ENAUSDT,0.00005,0.16374,0.16374
2026-08-28T08:00:00Z,ENAUSDT,0.00005,0.16729,0.16729
2026-08-28T12:00:00Z,ENAUSDT,0.00005,0.16561,0.16561
2026-08-28T16:00:00Z,ENAUSDT,0.00005,0.16968,0.16968
2026-08-28T20:00:00Z,ENAUSDT,0.00005,0.15973,0.15973
2026-08-29T00:00:00Z,ENAUSDT,0.00005,0.16236,0.16236
2026-08-29T04:00:00Z,ENAUSDT,0.00005,0.15995,0.15995
2026-08-29T08:00:00Z,ENAUSDT,0.00005,0.15827,0.15827
2026-08-29T12:00:00Z,ENAUSDT,0.00005,0.15487,0.15487
2026-08-29T16:00:00Z,ENAUSDT,0.00005,0.15652,0.15652
2026-08-29T20:00:00Z,ENAUSDT,0.00005,0.15576,0.15576
2026-08-30T00:00:00Z,ENAUSDT,0.00005,0.15971,0.15971
2026-08-30T04:00:00Z,ENAUSDT,0.00005,0.15822,0.15822
2026-08-30T08:00:00Z,ENAUSDT,0.00005,0.16035,0.16035
2026-08-30T12:00:00Z,ENAUSDT,0.00005,0.15732,0.15732
2026-08-30T16:00:00Z,ENAUSDT,0.00005,0.15791,0.15791
2026-08-30T20:00:00Z,ENAUSDT,0.00005,0.15982,0.15982
2026-08-31T00:00:00Z,ENAUSDT,0.00005,0.14772,0.14772
2026-08-31T04:00:00Z,ENAUSDT,0.00005,0.14927,0.14927
2026-08-31T08:00:00Z,ENAUSDT,0.00005,0.15021,0.15021
2026-08-31T12:00:00Z,ENAUSDT,0.00005,0.14914,0.14914
2026-08-31T16:00:00Z,ENAUSDT,0.00005,0.1512,0.1512
2026-08-31T20:00:00Z,ENAUSDT,0.00005,0.149,0.149
2026-09-01T00:00:00Z,ENAUSDT,0.00005,0.14938,0.14938
2026-09-01T04:00:00Z,ENAUSDT,0.00005,0.15111,0.15111
2026-09-01T08:00:00Z,ENAUSDT,0.00005,0.15219,0.15219
2026-09-01T12:00:00Z,ENAUSDT,0.00005,0.16566,0.16566
2026-09-01T16:00:00Z,ENAUSDT,0.00005,0.16231,0.16231
2026-09-01T20:00:00Z,ENAUSDT,0.00005,0.15713,0.15713
2026-09-02T00:00:00Z,ENAUSDT,0.00005,0.15942,0.15942
2026-09-02T04:00:00Z,ENAUSDT,0.00005,0.16014,0.16014
2026-09-02T08:00:00Z,ENAUSDT,0.00005,0.157,0.157
2026-09-02T12:00:00Z,ENAUSDT,0.00005,0.15092,0.15092
2026-09-02T16:00:00Z,ENAUSDT,0.00005,0.15072,0.15072
2026-09-02T20:00:00Z,ENAUSDT,0.00005,0.14906,0.14906
2026-09-03T00:00:00Z,ENAUSDT,0.00005,0.14902,0.14902
2026-09-03T04:00:00Z,ENAUSDT,0.00005,0.15092,0.15092
2026-09-03T08:00:00Z,ENAUSDT,0.00005,0.15171,0.15171
2026-09-03T12:00:00Z,ENAUSDT,0.00005,0.15406,0.15406
2026-09-03T16:00:00Z,ENAUSDT,0.00005,0.16967,0.16967
2026-09-03T20:00:00Z,ENAUSDT,0.00005,0.17044,0.17044
2026-09-04T00:00:00Z,ENAUSDT,0.00005,0.16845,0.16845
2026-09-04T04:00:00Z,ENAUSDT,0.00005,0.16615,0.16615
2026-09-04T08:00:00Z,ENAUSDT,0.00005,0.16563,0.16563
2026-09-04T12:00:00Z,ENAUSDT,0.00005,0.16989,0.16989
2026-09-04T16:00:00Z,ENAUSDT,0.00005,0.1644,0.1644
2026-09-04T20:00:00Z,ENAUSDT,0.00005,0.16346,0.16346
2026-09-05T00:00:00Z,ENAUSDT,0.00005,0.1626,0.1626
2026-09-05T04:00:00Z,ENAUSDT,0.00005,0.16324,0.16324
2026-09-05T08:00:00Z,ENAUSDT,0.00005,0.16435,0.16435
2026-09-05T12:00:00Z,ENAUSDT,0.00005,0.16356,0.16356
2026-09-05T16:00:00Z,ENAUSDT,0.00005,0.16257,0.16257
2026-09-05T20:00:00Z,ENAUSDT,0.00005,0.16379,0.16379
2026-09-06T00:00:00Z,ENAUSDT,0.00005,0.17168,0.17168
2026-09-06T04:00:00Z,ENAUSDT,0.00005,0.17782,0.17782
2026-09-06T08:00:00Z,ENAUSDT,0.00005,0.17544,0.17544
2026-09-06T12:00:00Z,ENAUSDT,0.00005,0.17448,0.17448
2026-09-06T16:00:00Z,ENAUSDT,0.00005,0.17157,0.17157
2026-09-06T20:00:00Z,ENAUSDT,0.00005,0.17569,0.17569
2026-09-07T00:00:00Z,ENAUSDT,0.00005,0.17559,0.17559
2026-09-07T04:00:00Z,ENAUSDT,0.00005,0.17289,0.17289
2026-09-07T08:00:00Z,ENAUSDT,0.00005,0.16978,0.16978
2026-09-07T12:00:00Z,ENAUSDT,0.00005,0.1696,0.1696
2026-09-07T16:00:00Z,ENAUSDT,0.00005,0.16401,0.16401
2026-09-07T20:00:00Z,ENAUSDT,0.00005,0.16604,0.16604
2026-09-08T00:00:00Z,ENAUSDT,0.00005,0.16428,0.16428
2026-09-08T04:00:00Z,ENAUSDT,0.00005,0.16408,0.16408
2026-09-08T08:00:00Z,ENAUSDT,0.00005,0.16195,0.16195
2026-09-08T12:00:00Z,ENAUSDT,0.00005,0.16013,0.16013
2026-09-08T16:00:00Z,ENAUSDT,0.00005,0.16254,0.16254
2026-09-08T20:00:00Z,ENAUSDT,0.00005,0.15972,0.15972
2026-09-09T00:00:00Z,ENAUSDT,0.00005,0.15925,0.15925
2026-09-09T04:00:00Z,ENAUSDT,0.00005,0.15925,0.15925
2026-09-09T08:00:00Z,ENAUSDT,0.00005,0.16688,0.16688
2026-09-09T12:00:00Z,ENAUSDT,0.00005,0.16454,0.16454
2026-09-09T16:00:00Z,ENAUSDT,0.00005,0.15622,0.15622
2026-09-09T20:00:00Z,ENAUSDT,0.00005,0.15271,0.15271
2026-09-10T00:00:00Z,ENAUSDT,0.00005,0.15191,0.15191
2026-09-10T04:00:00Z,ENAUSDT,0.00005,0.15003,0.15003
2026-09-10T08:00:00Z,ENAUSDT,0.00005,0.14941,0.14941
2026-09-10T12:00:00Z,ENAUSDT,0.00005,0.14902,0.14902
2026-09-10T16:00:00Z,ENAUSDT,0.00005,0.14848,0.14848
2026-09-10T20:00:00Z,ENAUSDT,0.00005,0.14378,0.14378
2026-09-11T00:00:00Z,ENAUSDT,0.00005,0.14308,0.14308
2026-09-11T04:00:00Z,ENAUSDT,0.00005,0.14591,0.14591
2026-09-11T08:00:00Z,ENAUSDT,0.00005,0.14485,0.14485
2026-09-11T12:00:00Z,ENAUSDT,0.00005,0.14293,0.14293
2026-09-11T16:00:00Z,ENAUSDT,0.00005,0.14868,0.14868
2026-09-11T20:00:00Z,ENAUSDT,0.00005,0.14253,0.14253
2026-09-12T00:00:00Z,ENAUSDT,0.00005,0.14033,0.14033
2026-09-12T04:00:00Z,ENAUSDT,0.00005,0.14158,0.14158
2026-09-12T08:00:00Z,ENAUSDT,0.00005,0.14257,0.14257
2026-09-12T12:00:00Z,ENAUSDT,0.00005,0.14129,0.14129
2026-09-12T16:00:00Z,ENAUSDT,0.00005,0.14339,0.14339
2026-09-12T20:00:00Z,ENAUSDT,0.00005,0.14077,0.14077
2026-09-13T00:00:00Z,ENAUSDT,0.00005,0.14229,0.14229
2026-09-13T04:00:00Z,ENAUSDT,0.00005,0.1407,0.1407
2026-09-13T08:00:00Z,ENAUSDT,0.00005,0.13925,0.13925
2026-09-13T12:00:00Z,ENAUSDT,0.00005,0.1398,0.1398
2026-09-13T16:00:00Z,ENAUSDT,0.00005,0.13858,0.13858
2026-09-13T20:00:00Z,ENAUSDT,0.00005,0.13883,0.13883
2026-09-14T00:00:00Z,ENAUSDT,0.00005,0.13614,0.13614
2026-09-14T04:00:00Z,ENAUSDT,0.00005,0.1405,0.1405
2026-09-14T08:00:00Z,ENAUSDT,0.00005,0.14089,0.14089
2026-09-14T12:00:00Z,ENAUSDT,0.00005,0.14119,0.14119
2026-09-14T16:00:00Z,ENAUSDT,0.00005,0.1417,0.1417
2026-09-14T20:00:00Z,ENAUSDT,0.00005,0.14578,0.14578
2026-09-15T00:00:00Z,ENAUSDT,0.00005,0.14345,0.14345
2026-09-15T04:00:00Z,ENAUSDT,0.00005,0.14224,0.14224
2026-09-15T08:00:00Z,ENAUSDT,0.00005,0.14028,0.14028
2026-09-15T12:00:00Z,ENAUSDT,0.00005,0.14134,0.14134
2026-09-15T16:00:00Z,ENAUSDT,0.00005,0.14333,0.14333
2026-09-15T20:00:00Z,ENAUSDT,0.00005,0.1411,0.1411
2026-09-16T00:00:00Z,ENAUSDT,0.00005,0.13951,0.13951
2026-09-16T04:00:00Z,ENAUSDT,0.00005,0.14026,0.14026
2026-09-16T08:00:00Z,ENAUSDT,0.00005,0.13977,0.13977
2026-09-16T12:00:00Z,ENAUSDT,0.00005,0.14341,0.14341
2026-09-16T16:00:00Z,ENAUSDT,0.00005,0.14213,0.14213
2026-09-16T20:00:00Z,ENAUSDT,0.00005,0.14635,0.14635
2026-09-17T00:00:00Z,ENAUSDT,0.00005,0.14845,0.14845
2026-09-17T04:00:00Z,ENAUSDT,0.00005,0.15125,0.15125
2026-09-17T08:00:00Z,ENAUSDT,0.00005,0.15223,0.15223
2026-09-17T12:00:00Z,ENAUSDT,0.00005,0.15081,0.15081
2026-09-17T16:00:00Z,ENAUSDT,0.00005,0.15262,0.15262
2026-09-17T20:00:00Z,ENAUSDT,0.00005,0.15336,0.15336
2026-09-18T00:00:00Z,ENAUSDT,0.00005,0.15448,0.15448
2026-09-18T04:00:00Z,ENAUSDT,0.00005,0.1647,0.1647
2026-09-18T08:00:00Z,ENAUSDT,0.00005,0.1695,0.1695
2026-09-18T12:00:00Z,ENAUSDT,0.00005,0.16367,0.16367
2026-09-18T16:00:00Z,ENAUSDT,0.00005,0.16664,0.16664
2026-09-18T20:00:00Z,ENAUSDT,0.00005,0.16788,0.16788
2026-09-19T00:00:00Z,ENAUSDT,0.00005,0.16813,0.16813
2026-09-19T04:00:00Z,ENAUSDT,0.00005,0.18387,0.18387
2026-09-19T08:00:00Z,ENAUSDT,0.00005,0.18038,0.18038
2026-09-19T12:00:00Z,ENAUSDT,0.00005,0.19144,0.19144
2026-09-19T16:00:00Z,ENAUSDT,0.00005,0.19987,0.19987
2026-09-19T20:00:00Z,ENAUSDT,0.00005,0.20578,0.20578
2026-09-20T00:00:00Z,ENAUSDT,0.00005,0.20408,0.20408
2026-09-20T04:00:00Z,ENAUSDT,0.00005,0.19697,0.19697
2026-09-20T08:00:00Z,ENAUSDT,0.00005,0.19539,0.19539
2026-09-20T12:00:00Z,ENAUSDT,0.00005,0.20777,0.20777
2026-09-20T16:00:00Z,ENAUSDT,0.00005,0.20383,0.20383
2026-09-20T20:00:00Z,ENAUSDT,0.00005,0.22185,0.22185
2026-09-21T00:00:00Z,ENAUSDT,0.00005,0.21767,0.21767
2026-09-21T04:00:00Z,ENAUSDT,0.00005,0.21366,0.21366
2026-09-21T08:00:00Z,ENAUSDT,0.00005,0.21472,0.21472
2026-09-21T12:00:00Z,ENAUSDT,0.00005,0.22327,0.22327
