timestamp,symbol,rate,mark_price,spot_price
2024-02-01T08:00:00Z,JUPUSDT,0.0001,0.57,0.57
2024-02-01T16:00:00Z,JUPUSDT,0.0001,0.5916,0.5916
2024-02-02T00:00:00Z,JUPUSDT,0.0001,0.604,0.604
2024-02-02T08:00:00Z,JUPUSDT,0.0001,0.6065,0.6065
2024-02-02T16:00:00Z,JUPUSDT,0.0001,0.6335,0.6335
2024-02-03T00:00:00Z,JUPUSDT,0.0001,0.6159,0.6159
2024-02-03T08:00:00Z,JUPUSDT,0.0001,0.5822,0.5822
2024-02-03T16:00:00Z,JUPUSDT,0.0001,0.5745,0.5745
2024-02-04T00:00:00Z,JUPUSDT,0.0001,0.5666,0.5666
2024-02-04T08:00:00Z,JUPUSDT,0.0001,0.5441,0.5441
2024-02-04T16:00:00Z,JUPUSDT,0.0001,0.5602,0.5602
2024-02-05T00:00:00Z,JUPUSDT,0.0001,0.5293,0.5293
2024-02-05T08:00:00Z,JUPUSDT,0.0001,0.5506,0.5506
2024-02-05T16:00:00Z,JUPUSDT,0.0001,0.5397,0.5397
2024-02-06T00:00:00Z,JUPUSDT,0.0001,0.5423,0.5423
2024-02-06T08:00:00Z,JUPUSDT,0.0001,0.5323,0.5323
2024-02-06T16:00:00Z,JUPUSDT,0.0001,0.5216,0.5216
2024-02-07T00:00:00Z,JUPUSDT,0.0001,0.5341,0.5341
2024-02-07T08:00:00Z,JUPUSDT,0.0001,0.5167,0.5167
2024-02-07T16:00:00Z,JUPUSDT,0.0001,0.587,0.587
2024-02-08T00:00:00Z,JUPUSDT,0.0001,0.5562,0.5562
2024-02-08T08:00:00Z,JUPUSDT,0.0001,0.5456,0.5456
2024-02-08T16:00:00Z,JUPUSDT,0.0001,0.5432,0.5432
2024-02-09T00:00:00Z,JUPUSDT,0.0001,0.5108,0.5108
2024-02-09T08:00:00Z,JUPUSDT,0.0001,0.5039,0.5039
2024-02-09T16:00:00Z,JUPUSDT,0.0001,0.5025,0.5025
2024-02-10T00:00:00Z,JUPUSDT,0.0001,0.5105,0.5105
2024-02-10T08:00:00Z,JUPUSDT,0.0001,0.5156,0.5156
2024-02-10T16:00:00Z,JUPUSDT,0.0001,0.5085,0.5085
2024-02-11T00:00:00Z,JUPUSDT,0.0001,0.5051,0.5051
2024-02-11T08:00:00Z,JUPUSDT,0.0001,0.513,0.513
2024-02-11T16:00:00Z,JUPUSDT,0.0001,0.5119,0.5119
2024-02-12T00:00:00Z,JUPUSDT,0.0001,0.5079,0.5079
2024-02-12T08:00:00Z,JUPUSDT,0.0001,0.5009,0.5009
2024-02-12T16:00:00Z,JUPUSDT,0.0001,0.4919,0.4919
2024-02-13T00:00:00Z,JUPUSDT,0.0001,0.5074,0.5074
2024-02-13T08:00:00Z,JUPUSDT,0.0001,0.5065,0.5065
2024-02-13T16:00:00Z,JUPUSDT,0.000261753643787219,0.4829,0.4829
2024-02-14T00:00:00Z,JUPUSDT,0.000429723422112661,0.4801,0.4801
2024-02-14T08:00:00Z,JUPUSDT,0.00031855228501223,0.4934,0.4934
2024-02-14T16:00:00Z,JUPUSDT,0.000267139593030048,0.5111,0.5111
2024-02-15T00:00:00Z,JUPUSDT,0.000512079787545529,0.5308,0.5308
2024-02-15T08:00:00Z,JUPUSDT,0.00026756172557677,0.5377,0.5377
2024-02-15T16:00:00Z,JUPUSDT,0.000182241066218275,0.5241,0.5241
2024-02-16T00:00:00Z,JUPUSDT,0.000364333834700492,0.5176,0.5176
2024-02-16T08:00:00Z,JUPUSDT,0.000378090221839106,0.5139,0.5139
2024-02-16T16:00:00Z,JUPUSDT,0.000301460903557351,0.5125,0.5125
2024-02-17T00:00:00Z,JUPUSDT,0.0001,0.5147,0.5147
2024-02-17T08:00:00Z,JUPUSDT,0.0001,0.5197,0.5197
2024-02-17T16:00:00Z,JUPUSDT,0.0001,0.4981,0.4981
2024-02-18T00:00:00Z,JUPUSDT,0.0001,0.5053,0.5053
2024-02-18T08:00:00Z,JUPUSDT,0.00010542050232561,0.5165,0.5165
2024-02-18T16:00:00Z,JUPUSDT,0.0001,0.538,0.538
2024-02-19T00:00:00Z,JUPUSDT,0.0001,0.5363,0.5363
2024-02-19T08:00:00Z,JUPUSDT,0.0001,0.5526,0.5526
2024-02-19T16:00:00Z,JUPUSDT,0.0001,0.5343,0.5343
2024-02-20T00:00:00Z,JUPUSDT,0.0001,0.5275,0.5275
2024-02-20T08:00:00Z,JUPUSDT,0.0001,0.5177,0.5177
2024-02-20T16:00:00Z,JUPUSDT,0.0001,0.499,0.499
2024-02-21T00:00:00Z,JUPUSDT,0.0001,0.5063,0.5063
2024-02-21T08:00:00Z,JUPUSDT,0.0001,0.4862,0.4862
2024-02-21T16:00:00Z,JUPUSDT,0.0001,0.4693,0.4693
2024-02-22T00:00:00Z,JUPUSDT,0.0001,0.4756,0.4756
2024-02-22T08:00:00Z,JUPUSDT,0.0001,0.4797,0.4797
2024-02-22T16:00:00Z,JUPUSDT,0.0001,0.4799,0.4799
2024-02-23T00:00:00Z,JUPUSDT,0.000250224256318634,0.4702,0.4702
2024-02-23T08:00:00Z,JUPUSDT,0.000214987229397117,0.4735,0.4735
2024-02-23T16:00:00Z,JUPUSDT,0.000321318065739842,0.4958,0.4958
2024-02-24T00:00:00Z,JUPUSDT,0.000757070384917181,0.4819,0.4819
2024-02-24T08:00:00Z,JUPUSDT,0.000774950708383679,0.5107,0.5107
2024-02-24T16:00:00Z,JUPUSDT,0.000704911542520515,0.4909,0.4909
2024-02-25T00:00:00Z,JUPUSDT,0.00054602170671877,0.4939,0.4939
2024-02-25T08:00:00Z,JUPUSDT,0.00055758242539987,0.4947,0.4947
2024-02-25T16:00:00Z,JUPUSDT,0.000527514209804993,0.4947,0.4947
2024-02-26T00:00:00Z,JUPUSDT,0.000508315169616511,0.4986,0.4986
2024-02-26T08:00:00Z,JUPUSDT,0.00073682707366954,0.4907,0.4907
2024-02-26T16:00:00Z,JUPUSDT,0.000665417611736016,0.4931,0.4931
2024-02-27T00:00:00Z,JUPUSDT,0.000580444001975605,0.5045,0.5045
2024-02-27T08:00:00Z,JUPUSDT,0.000781636808053019,0.5233,0.5233
2024-02-27T16:00:00Z,JUPUSDT,0.000538498711637002,0.5017,0.5017
2024-02-28T00:00:00Z,JUPUSDT,0.000828291234615752,0.5055,0.5055
2024-02-28T08:00:00Z,JUPUSDT,0.000869096354066468,0.5131,0.5131
2024-02-28T16:00:00Z,JUPUSDT,0.000214409892488809,0.5159,0.5159
2024-02-29T00:00:00Z,JUPUSDT,0.0001,0.5126,0.5126
2024-02-29T08:00:00Z,JUPUSDT,0.000208012038614027,0.551,0.551
2024-02-29T16:00:00Z,JUPUSDT,0.001315340451226408,0.5764,0.5764
2024-03-01T00:00:00Z,JUPUSDT,0.000655698382408695,0.5479,0.5479
2024-03-01T08:00:00Z,JUPUSDT,0.00041855283475159,0.5969,0.5969
2024-03-01T16:00:00Z,JUPUSDT,0.000956171344524426,0.6114,0.6114
2024-03-02T00:00:00Z,JUPUSDT,0.001360467724494734,0.6189,0.6189
2024-03-02T08:00:00Z,JUPUSDT,0.002185699445518818,0.6029,0.6029
2024-03-02T16:00:00Z,JUPUSDT,0.001442207762118867,0.5862,0.5862
2024-03-03T00:00:00Z,JUPUSDT,0.000780330687853214,0.605,0.605
2024-03-03T08:00:00Z,JUPUSDT,0.000257632700745417,0.5856,0.5856
2024-03-03T16:00:00Z,JUPUSDT,0.0001,0.6265,0.6265
2024-03-04T00:00:00Z,JUPUSDT,0.000221689748659279,0.6346,0.6346
2024-03-04T08:00:00Z,JUPUSDT,0.000443463699077911,0.6143,0.6143
2024-03-04T16:00:00Z,JUPUSDT,0.000236511282037712,0.6055,0.6055
2024-03-05T00:00:00Z,JUPUSDT,0.000443774976341994,0.592,0.592
2024-03-05T08:00:00Z,JUPUSDT,0.000463551625955958,0.5913,0.5913
2024-03-05T16:00:00Z,JUPUSDT,0.000245052465178308,0.6149,0.6149
2024-03-06T00:00:00Z,JUPUSDT,0.0001,0.5784,0.5784
2024-03-06T08:00:00Z,JUPUSDT,0.0001,0.5931,0.5931
2024-03-06T16:00:00Z,JUPUSDT,0.0001,0.573,0.573
2024-03-07T00:00:00Z,JUPUSDT,0.0001,0.5912,0.5912
2024-03-07T08:00:00Z,JUPUSDT,0.0001,0.6664,0.6664
2024-03-07T16:00:00Z,JUPUSDT,0.0001,0.7348,0.7348
2024-03-08T00:00:00Z,JUPUSDT,0.000552699911777244,0.7463,0.7463
2024-03-08T08:00:00Z,JUPUSDT,0.000456816888475686,0.719,0.719
2024-03-08T16:00:00Z,JUPUSDT,0.000313186020403096,0.7202,0.7202
2024-03-09T00:00:00Z,JUPUSDT,0.000389977495488866,0.7207,0.7207
2024-03-09T08:00:00Z,JUPUSDT,0.0001,0.7678,0.7678
2024-03-09T16:00:00Z,JUPUSDT,0.000320743602156171,0.7733,0.7733
2024-03-10T00:00:00Z,JUPUSDT,0.000396896289186585,0.7453,0.7453
2024-03-10T08:00:00Z,JUPUSDT,0.000234661058212974,0.7787,0.7787
2024-03-10T16:00:00Z,JUPUSDT,0.0001,0.7739,0.7739
2024-03-11T00:00:00Z,JUPUSDT,0.0001,0.7844,0.7844
2024-03-11T08:00:00Z,JUPUSDT,0.000672020539605509,0.7808,0.7808
2024-03-11T16:00:00Z,JUPUSDT,0.000870745944920667,0.7522,0.7522
2024-03-12T00:00:00Z,JUPUSDT,0.000889551667654043,0.7681,0.7681
2024-03-12T08:00:00Z,JUPUSDT,0.000405326645774471,0.7937,0.7937
2024-03-12T16:00:00Z,JUPUSDT,0.0001,0.8324,0.8324
2024-03-13T00:00:00Z,JUPUSDT,0.000520013541677058,0.8243,0.8243
2024-03-13T08:00:00Z,JUPUSDT,0.000988313237930317,0.8182,0.8182
2024-03-13T16:00:00Z,JUPUSDT,0.000365617917898459,0.884,0.884
2024-03-14T00:00:00Z,JUPUSDT,0.000570806274714626,0.9213,0.9213
2024-03-14T08:00:00Z,JUPUSDT,0.000384224901792293,0.9563,0.9563
2024-03-14T16:00:00Z,JUPUSDT,0.000387912263684593,0.9203,0.9203
2024-03-15T00:00:00Z,JUPUSDT,0.000229528024157551,0.9517,0.9517
2024-03-15T08:00:00Z,JUPUSDT,0.0001,0.9864,0.9864
2024-03-15T16:00:00Z,JUPUSDT,0.0001,1.0774,1.0774
2024-03-16T00:00:00Z,JUPUSDT,0.0001,1.207,1.207
2024-03-16T08:00:00Z,JUPUSDT,0.0001,1.4557,1.4557
2024-03-16T16:00:00Z,JUPUSDT,0.000201849546028498,1.41,1.41
2024-03-17T00:00:00Z,JUPUSDT,0.0001,1.3164,1.3164
2024-03-17T08:00:00Z,JUPUSDT,0.0001,1.3043,1.3043
2024-03-17T16:00:00Z,JUPUSDT,0.0001,1.2876,1.2876
2024-03-18T00:00:00Z,JUPUSDT,0.0001,1.4257,1.4257
2024-03-18T08:00:00Z,JUPUSDT,0.0001,1.365,1.365
2024-03-18T16:00:00Z,JUPUSDT,0.0001,1.4847,1.4847
2024-03-19T00:00:00Z,JUPUSDT,0.0001,1.3719,1.3719
2024-03-19T08:00:00Z,JUPUSDT,0.0001,1.2351,1.2351
2024-03-19T16:00:00Z,JUPUSDT,0.0001,1.2438,1.2438
2024-03-20T00:00:00Z,JUPUSDT,0.0001,1.1344,1.1344
2024-03-20T08:00:00Z,JUPUSDT,0.0001,1.1722,1.1722
2024-03-20T16:00:00Z,JUPUSDT,0.0001,1.1515,1.1515
2024-03-21T00:00:00Z,JUPUSDT,0.0001,1.3498,1.3498
2024-03-21T08:00:00Z,JUPUSDT,0.0001,1.3264,1.3264
2024-03-21T16:00:00Z,JUPUSDT,0.0001,1.2662,1.2662
2024-03-22T00:00:00Z,JUPUSDT,0.0001,1.2321,1.2321
2024-03-22T08:00:00Z,JUPUSDT,0.0001,1.2428,1.2428
2024-03-22T16:00:00Z,JUPUSDT,0.0001,1.1849,1.1849
2024-03-23T00:00:00Z,JUPUSDT,0.0001,1.2277,1.2277
2024-03-23T08:00:00Z,JUPUSDT,0.0001,1.2256,1.2256
2024-03-23T16:00:00Z,JUPUSDT,0.0001,1.2084,1.2084
2024-03-24T00:00:00Z,JUPUSDT,0.0001,1.167,1.167
2024-03-24T08:00:00Z,JUPUSDT,0.0001,1.1622,1.1622
2024-03-24T16:00:00Z,JUPUSDT,0.0001,1.1944,1.1944
2024-03-25T00:00:00Z,JUPUSDT,0.0001,1.299,1.299
2024-03-25T08:00:00Z,JUPUSDT,0.0001,1.2735,1.2735
2024-03-25T16:00:00Z,JUPUSDT,0.0001,1.3375,1.3375
2024-03-26T00:00:00Z,JUPUSDT,0.0001,1.3406,1.3406
2024-03-26T08:00:00Z,JUPUSDT,0.0001,1.3669,1.3669
2024-03-26T16:00:00Z,JUPUSDT,0.0001,1.35,1.35
2024-03-27T00:00:00Z,JUPUSDT,0.000230444134447031,1.3437,1.3437
2024-03-27T08:00:00Z,JUPUSDT,0.000252545110244583,1.296,1.296
2024-03-27T16:00:00Z,JUPUSDT,0.0001,1.2573,1.2573
2024-03-28T00:00:00Z,JUPUSDT,0.000342042930981239,1.3075,1.3075
2024-03-28T08:00:00Z,JUPUSDT,0.000176969792509746,1.3182,1.3182
2024-03-28T16:00:00Z,JUPUSDT,0.0001,1.2803,1.2803
2024-03-29T00:00:00Z,JUPUSDT,0.000336251463270919,1.3229,1.3229
2024-03-29T08:00:00Z,JUPUSDT,0.000145076000768933,1.2559,1.2559
2024-03-29T16:00:00Z,JUPUSDT,0.00010704614599217,1.2564,1.2564
2024-03-30T00:00:00Z,JUPUSDT,0.000101827686626721,1.3942,1.3942
2024-03-30T08:00:00Z,JUPUSDT,0.000147207059258862,1.518,1.518
2024-03-30T16:00:00Z,JUPUSDT,0.000367531548776869,1.5287,1.5287
2024-03-31T00:00:00Z,JUPUSDT,0.000367387628612454,1.505,1.505
2024-03-31T08:00:00Z,JUPUSDT,0.000444980959661696,1.5048,1.5048
2024-03-31T16:00:00Z,JUPUSDT,0.000581167724023187,1.4984,1.4984
2024-04-01T00:00:00Z,JUPUSDT,0.000507777340418015,1.7483,1.7483
2024-04-01T08:00:00Z,JUPUSDT,0.000415241966230586,1.8293,1.8293
2024-04-01T16:00:00Z,JUPUSDT,0.000327890372035275,1.63,1.63
2024-04-02T00:00:00Z,JUPUSDT,0.000154692534686058,1.6676,1.6676
2024-04-02T08:00:00Z,JUPUSDT,0.000153206145442044,1.6303,1.6303
2024-04-02T16:00:00Z,JUPUSDT,0.0001,1.5297,1.5297
2024-04-03T00:00:00Z,JUPUSDT,0.0001,1.569,1.569
2024-04-03T08:00:00Z,JUPUSDT,0.0001,1.6829,1.6829
2024-04-03T16:00:00Z,JUPUSDT,0.0001,1.7241,1.7241
2024-04-04T00:00:00Z,JUPUSDT,0.0001,1.5608,1.5608
2024-04-04T08:00:00Z,JUPUSDT,0.0001,1.5293,1.5293
2024-04-04T16:00:00Z,JUPUSDT,0.00014631999434075,1.5859,1.5859
2024-04-05T00:00:00Z,JUPUSDT,0.0001,1.4656,1.4656
2024-04-05T08:00:00Z,JUPUSDT,0.0001,1.3392,1.3392
2024-04-05T16:00:00Z,JUPUSDT,0.0001,1.3751,1.3751
2024-04-06T00:00:00Z,JUPUSDT,0.000221338202248411,1.3429,1.3429
2024-04-06T08:00:00Z,JUPUSDT,0.0001,1.3669,1.3669
2024-04-06T16:00:00Z,JUPUSDT,0.0001,1.385,1.385
2024-04-07T00:00:00Z,JUPUSDT,0.0001,1.4192,1.4192
2024-04-07T08:00:00Z,JUPUSDT,0.0001,1.4184,1.4184
2024-04-07T16:00:00Z,JUPUSDT,0.0001,1.4048,1.4048
2024-04-08T00:00:00Z,JUPUSDT,0.0001,1.3975,1.3975
2024-04-08T08:00:00Z,JUPUSDT,0.000224778308813978,1.4358,1.4358
2024-04-08T16:00:00Z,JUPUSDT,0.0001,1.4375,1.4375
2024-04-09T00:00:00Z,JUPUSDT,0.0001,1.4426,1.4426
2024-04-09T08:00:00Z,JUPUSDT,0.0001,1.3801,1.3801
2024-04-09T16:00:00Z,JUPUSDT,0.0001,1.3271,1.3271
2024-04-10T00:00:00Z,JUPUSDT,0.000168248241493341,1.332,1.332
2024-04-10T08:00:00Z,JUPUSDT,0.0001,1.3292,1.3292
2024-04-10T16:00:00Z,JUPUSDT,0.0001,1.3338,1.3338
2024-04-11T00:00:00Z,JUPUSDT,0.0001,1.352,1.352
2024-04-11T08:00:00Z,JUPUSDT,0.0001,1.3702,1.3702
2024-04-11T16:00:00Z,JUPUSDT,0.000159146236660103,1.2812,1.2812
2024-04-12T00:00:00Z,JUPUSDT,0.000165225498665036,1.2672,1.2672
2024-04-12T08:00:00Z,JUPUSDT,0.000164396887711494,1.2704,1.2704
2024-04-12T16:00:00Z,JUPUSDT,0.000140660492485251,1.2078,1.2078
2024-04-13T00:00:00Z,JUPUSDT,0.0001,1.043,1.043
2024-04-13T08:00:00Z,JUPUSDT,0.0001,1.0692,1.0692
2024-04-13T16:00:00Z,JUPUSDT,0.0001,1.057,1.057
2024-04-14T00:00:00Z,JUPUSDT,0.0001,0.9631,0.9631
2024-04-14T08:00:00Z,JUPUSDT,0.0001,1.0167,1.0167
2024-04-14T16:00:00Z,JUPUSDT,0.0001,0.986,0.986
2024-04-15T00:00:00Z,JUPUSDT,0.0001,1.0982,1.0982
2024-04-15T08:00:00Z,JUPUSDT,0.0001,1.108,1.108
2024-04-15T16:00:00Z,JUPUSDT,0.0001,1.0541,1.0541
2024-04-16T00:00:00Z,JUPUSDT,0.0001,1.002,1.002
2024-04-16T08:00:00Z,JUPUSDT,0.0001,0.9927,0.9927
2024-04-16T16:00:00Z,JUPUSDT,0.0001,0.9097,0.9097
2024-04-17T00:00:00Z,JUPUSDT,0.0001,0.9685,0.9685
2024-04-17T08:00:00Z,JUPUSDT,0.0001,0.9904,0.9904
2024-04-17T16:00:00Z,JUPUSDT,0.0001,0.9287,0.9287
2024-04-18T00:00:00Z,JUPUSDT,0.0001,0.945,0.945
2024-04-18T08:00:00Z,JUPUSDT,0.0001,0.9178,0.9178
2024-04-18T16:00:00Z,JUPUSDT,0.0001,1.0081,1.0081
2024-04-19T00:00:00Z,JUPUSDT,0.0001,1.0289,1.0289
2024-04-19T08:00:00Z,JUPUSDT,0.0001,1.0346,1.0346
2024-04-19T16:00:00Z,JUPUSDT,0.0001,1.0716,1.0716
2024-04-20T00:00:00Z,JUPUSDT,0.0001,1.0495,1.0495
2024-04-20T08:00:00Z,JUPUSDT,0.0001,1.0617,1.0617
2024-04-20T16:00:00Z,JUPUSDT,0.0001,1.1291,1.1291
2024-04-21T00:00:00Z,JUPUSDT,0.0001,1.1841,1.1841
2024-04-21T08:00:00Z,JUPUSDT,0.0001,1.1817,1.1817
2024-04-21T16:00:00Z,JUPUSDT,0.0001,1.1748,1.1748
2024-04-22T00:00:00Z,JUPUSDT,0.0001,1.1551,1.1551
2024-04-22T08:00:00Z,JUPUSDT,0.0001,1.1846,1.1846
2024-04-22T16:00:00Z,JUPUSDT,0.0001,1.1619,1.1619
2024-04-23T00:00:00Z,JUPUSDT,0.0001,1.19,1.19
2024-04-23T08:00:00Z,JUPUSDT,0.0001,1.1518,1.1518
2024-04-23T16:00:00Z,JUPUSDT,0.0001,1.1847,1.1847
2024-04-24T00:00:00Z,JUPUSDT,0.0001,1.1691,1.1691
2024-04-24T08:00:00Z,JUPUSDT,0.0001,1.1894,1.1894
2024-04-24T16:00:00Z,JUPUSDT,0.0001,1.115,1.115
2024-04-25T00:00:00Z,JUPUSDT,0.0001,1.0751,1.0751
2024-04-25T08:00:00Z,JUPUSDT,0.0001,1.0453,1.0453
2024-04-25T16:00:00Z,JUPUSDT,0.0001,1.0594,1.0594
2024-04-26T00:00:00Z,JUPUSDT,0.0001,1.042,1.042
2024-04-26T08:00:00Z,JUPUSDT,0.0001,1.0177,1.0177
2024-04-26T16:00:00Z,JUPUSDT,0.0001,1.0117,1.0117
2024-04-27T00:00:00Z,JUPUSDT,0.0001,0.9922,0.9922
2024-04-27T08:00:00Z,JUPUSDT,0.0001,0.9762,0.9762
2024-04-27T16:00:00Z,JUPUSDT,0.0001,0.9845,0.9845
2024-04-28T00:00:00Z,JUPUSDT,0.0001,1.0109,1.0109
2024-04-28T08:00:00Z,JUPUSDT,0.0001,1.0428,1.0428
2024-04-28T16:00:00Z,JUPUSDT,0.0001,1.0241,1.0241
2024-04-29T00:00:00Z,JUPUSDT,0.0001,0.9966,0.9966
2024-04-29T08:00:00Z,JUPUSDT,0.0001,0.9685,0.9685
2024-04-29T16:00:00Z,JUPUSDT,0.0001,0.9926,0.9926
2024-04-30T00:00:00Z,JUPUSDT,0.0001,0.9971,0.9971
2024-04-30T08:00:00Z,JUPUSDT,0.0001,0.9988,0.9988
2024-04-30T16:00:00Z,JUPUSDT,0.0001,0.9007,0.9007
2024-05-01T00:00:00Z,JUPUSDT,0.0001,0.9211,0.9211
2024-05-01T08:00:00Z,JUPUSDT,0.0001,0.8697,0.8697
2024-05-01T16:00:00Z,JUPUSDT,0.0001,0.8766,0.8766
2024-05-02T00:00:00Z,JUPUSDT,0.0001,0.9546,0.9546
2024-05-02T08:00:00Z,JUPUSDT,0.0001,0.9326,0.9326
2024-05-02T16:00:00Z,JUPUSDT,0.0001,1.0182,1.0182
2024-05-03T00:00:00Z,JUPUSDT,0.0001,1.0168,1.0168
2024-05-03T08:00:00Z,JUPUSDT,0.0001,1.0078,1.0078
2024-05-03T16:00:00Z,JUPUSDT,0.0001,1.0482,1.0482
2024-05-04T00:00:00Z,JUPUSDT,0.0001,1.0656,1.0656
2024-05-04T08:00:00Z,JUPUSDT,0.0001,1.0634,1.0634
2024-05-04T16:00:00Z,JUPUSDT,0.0001,1.0654,1.0654
2024-05-05T00:00:00Z,JUPUSDT,0.0001,1.0699,1.0699
2024-05-05T08:00:00Z,JUPUSDT,0.0001,1.0503,1.0503
2024-05-05T16:00:00Z,JUPUSDT,0.0001,1.0719,1.0719
2024-05-06T00:00:00Z,JUPUSDT,0.0001,1.0679,1.0679
2024-05-06T08:00:00Z,JUPUSDT,0.0001,1.1371,1.1371
2024-05-06T16:00:00Z,JUPUSDT,0.0001,1.1395,1.1395
2024-05-07T00:00:00Z,JUPUSDT,0.0001,1.1229,1.1229
2024-05-07T08:00:00Z,JUPUSDT,0.0001,1.1427,1.1427
2024-05-07T16:00:00Z,JUPUSDT,0.0001,1.1389,1.1389
2024-05-08T00:00:00Z,JUPUSDT,0.0001,1.0969,1.0969
2024-05-08T08:00:00Z,JUPUSDT,0.0001,1.0702,1.0702
2024-05-08T16:00:00Z,JUPUSDT,0.0001,1.0569,1.0569
2024-05-09T00:00:00Z,JUPUSDT,0.0001,1.0326,1.0326
2024-05-09T08:00:00Z,JUPUSDT,0.0001,1.0457,1.0457
2024-05-09T16:00:00Z,JUPUSDT,0.0001,1.0487,1.0487
2024-05-10T00:00:00Z,JUPUSDT,0.0001,1.1021,1.1021
2024-05-10T08:00:00Z,JUPUSDT,0.0001,1.115,1.115
2024-05-10T16:00:00Z,JUPUSDT,0.0001,1.0409,1.0409
2024-05-11T00:00:00Z,JUPUSDT,0.0001,1.041,1.041
2024-05-11T08:00:00Z,JUPUSDT,0.0001,1.0513,1.0513
2024-05-11T16:00:00Z,JUPUSDT,0.0001,1.0614,1.0614
2024-05-12T00:00:00Z,JUPUSDT,0.0001,1.0559,1.0559
2024-05-12T08:00:00Z,JUPUSDT,0.0001,1.0554,1.0554
2024-05-12T16:00:00Z,JUPUSDT,0.0001,1.0715,1.0715
2024-05-13T00:00:00Z,JUPUSDT,0.0001,1.0572,1.0572
2024-05-13T08:00:00Z,JUPUSDT,0.0001,1.0501,1.0501
2024-05-13T16:00:00Z,JUPUSDT,0.0001,1.0909,1.0909
2024-05-14T00:00:00Z,JUPUSDT,0.0001,1.0671,1.0671
2024-05-14T08:00:00Z,JUPUSDT,0.0001,1.0622,1.0622
2024-05-14T16:00:00Z,JUPUSDT,0.0001,1.03,1.03
2024-05-15T00:00:00Z,JUPUSDT,0.0001,1.0097,1.0097
2024-05-15T08:00:00Z,JUPUSDT,0.0001,1.0375,1.0375
2024-05-15T16:00:00Z,JUPUSDT,0.0001,1.0973,1.0973
2024-05-16T00:00:00Z,JUPUSDT,0.0001,1.1532,1.1532
2024-05-16T08:00:00Z,JUPUSDT,0.0001,1.1701,1.1701
2024-05-16T16:00:00Z,JUPUSDT,0.0001,1.1437,1.1437
2024-05-17T00:00:00Z,JUPUSDT,0.0001,1.1364,1.1364
2024-05-17T08:00:00Z,JUPUSDT,0.0001,1.234,1.234
2024-05-17T16:00:00Z,JUPUSDT,0.0001,1.2238,1.2238
2024-05-18T00:00:00Z,JUPUSDT,0.0001,1.2186,1.2186
2024-05-18T08:00:00Z,JUPUSDT,0.0001,1.269,1.269
2024-05-18T16:00:00Z,JUPUSDT,0.0001,1.2271,1.2271
2024-05-19T00:00:00Z,JUPUSDT,0.0001,1.2377,1.2377
2024-05-19T08:00:00Z,JUPUSDT,0.0001,1.2421,1.2421
2024-05-19T16:00:00Z,JUPUSDT,0.0001,1.1729,1.1729
2024-05-20T00:00:00Z,JUPUSDT,0.0001,1.1694,1.1694
2024-05-20T08:00:00Z,JUPUSDT,0.0001,1.2128,1.2128
2024-05-20T16:00:00Z,JUPUSDT,0.0001,1.2239,1.2239
2024-05-21T00:00:00Z,JUPUSDT,0.0001,1.2652,1.2652
2024-05-21T08:00:00Z,JUPUSDT,0.0001,1.2101,1.2101
2024-05-21T16:00:00Z,JUPUSDT,0.0001,1.1774,1.1774
2024-05-22T00:00:00Z,JUPUSDT,0.0001,1.2116,1.2116
2024-05-22T08:00:00Z,JUPUSDT,0.0001,1.218,1.218
2024-05-22T16:00:00Z,JUPUSDT,0.0001,1.2184,1.2184
2024-05-23T00:00:00Z,JUPUSDT,0.0001,1.1938,1.1938
2024-05-23T08:00:00Z,JUPUSDT,0.0001,1.1983,1.1983
2024-05-23T16:00:00Z,JUPUSDT,0.0001,1.1396,1.1396
2024-05-24T00:00:00Z,JUPUSDT,0.0001,1.1789,1.1789
2024-05-24T08:00:00Z,JUPUSDT,0.0001,1.1065,1.1065
2024-05-24T16:00:00Z,JUPUSDT,0.0001,1.1209,1.1209
2024-05-25T00:00:00Z,JUPUSDT,0.0001,1.1334,1.1334
2024-05-25T08:00:00Z,JUPUSDT,0.0001,1.1544,1.1544
2024-05-25T16:00:00Z,JUPUSDT,0.0001,1.1572,1.1572
2024-05-26T00:00:00Z,JUPUSDT,0.0001,1.1677,1.1677
2024-05-26T08:00:00Z,JUPUSDT,0.0001,1.1402,1.1402
2024-05-26T16:00:00Z,JUPUSDT,0.0001,1.1216,1.1216
2024-05-27T00:00:00Z,JUPUSDT,0.0001,1.1144,1.1144
2024-05-27T08:00:00Z,JUPUSDT,0.0001,1.1258,1.1258
2024-05-27T16:00:00Z,JUPUSDT,0.0001,1.1771,1.1771
2024-05-28T00:00:00Z,JUPUSDT,0.0001,1.1748,1.1748
2024-05-28T08:00:00Z,JUPUSDT,0.0001,1.1345,1.1345
2024-05-28T16:00:00Z,JUPUSDT,0.0001,1.1665,1.1665
2024-05-29T00:00:00Z,JUPUSDT,0.0001,1.1578,1.1578
2024-05-29T08:00:00Z,JUPUSDT,0.0001,1.1903,1.1903
2024-05-29T16:00:00Z,JUPUSDT,0.0001,1.1516,1.1516
2024-05-30T00:00:00Z,JUPUSDT,0.0001,1.1396,1.1396
2024-05-30T08:00:00Z,JUPUSDT,0.0001,1.0876,1.0876
2024-05-30T16:00:00Z,JUPUSDT,0.0001,1.1225,1.1225
2024-05-31T00:00:00Z,JUPUSDT,0.0001,1.1,1.1
2024-05-31T08:00:00Z,JUPUSDT,0.0001,1.1029,1.1029
2024-05-31T16:00:00Z,JUPUSDT,0.0001,1.0873,1.0873
2024-06-01T00:00:00Z,JUPUSDT,0.0001,1.096,1.096
2024-06-01T08:00:00Z,JUPUSDT,0.0001,1.0959,1.0959
2024-06-01T16:00:00Z,JUPUSDT,0.0001,1.0979,1.0979
2024-06-02T00:00:00Z,JUPUSDT,0.0001,1.0971,1.0971
2024-06-02T08:00:00Z,JUPUSDT,0.0001,1.0823,1.0823
2024-06-02T16:00:00Z,JUPUSDT,0.0001,1.0915,1.0915
2024-06-03T00:00:00Z,JUPUSDT,0.0001,1.0645,1.0645
2024-06-03T08:00:00Z,JUPUSDT,0.0001,1.0962,1.0962
2024-06-03T16:00:00Z,JUPUSDT,0.0001,1.1005,1.1005
2024-06-04T00:00:00Z,JUPUSDT,0.0001,1.0918,1.0918
2024-06-04T08:00:00Z,JUPUSDT,0.0001,1.0915,1.0915
2024-06-04T16:00:00Z,JUPUSDT,0.0001,1.1209,1.1209
2024-06-05T00:00:00Z,JUPUSDT,0.0001,1.1487,1.1487
2024-06-05T08:00:00Z,JUPUSDT,0.0001,1.1685,1.1685
2024-06-05T16:00:00Z,JUPUSDT,0.0001,1.1705,1.1705
2024-06-06T00:00:00Z,JUPUSDT,0.0001,1.161,1.161
2024-06-06T08:00:00Z,JUPUSDT,0.0001,1.1394,1.1394
2024-06-06T16:00:00Z,JUPUSDT,0.0001,1.1346,1.1346
2024-06-07T00:00:00Z,JUPUSDT,0.0001,1.1194,1.1194
2024-06-07T08:00:00Z,JUPUSDT,0.0001,1.1206,1.1206
2024-06-07T16:00:00Z,JUPUSDT,0.0001,1.1124,1.1124
2024-06-08T00:00:00Z,JUPUSDT,0.0001,1.0311,1.0311
2024-06-08T08:00:00Z,JUPUSDT,0.0001,1.0292,1.0292
2024-06-08T16:00:00Z,JUPUSDT,0.0001,0.992,0.992
2024-06-09T00:00:00Z,JUPUSDT,0.0001,0.9735,0.9735
2024-06-09T08:00:00Z,JUPUSDT,0.0001,0.9815,0.9815
2024-06-09T16:00:00Z,JUPUSDT,0.0001,1.0091,1.0091
2024-06-10T00:00:00Z,JUPUSDT,0.0001,1.011,1.011
2024-06-10T08:00:00Z,JUPUSDT,0.0001,0.9744,0.9744
2024-06-10T16:00:00Z,JUPUSDT,0.0001,1.0102,1.0102
2024-06-11T00:00:00Z,JUPUSDT,0.0001,0.9698,0.9698
2024-06-11T08:00:00Z,JUPUSDT,0.0001,0.9405,0.9405
2024-06-11T16:00:00Z,JUPUSDT,0.0001,0.9134,0.9134
2024-06-12T00:00:00Z,JUPUSDT,0.0001,0.9272,0.9272
2024-06-12T08:00:00Z,JUPUSDT,0.0001,0.9406,0.9406
2024-06-12T16:00:00Z,JUPUSDT,0.0001,0.9989,0.9989
2024-06-13T00:00:00Z,JUPUSDT,0.0001,0.969,0.969
2024-06-13T08:00:00Z,JUPUSDT,0.0001,0.9349,0.9349
2024-06-13T16:00:00Z,JUPUSDT,0.0001,0.9086,0.9086
2024-06-14T00:00:00Z,JUPUSDT,0.0001,0.904,0.904
2024-06-14T08:00:00Z,JUPUSDT,0.0001,0.9066,0.9066
2024-06-14T16:00:00Z,JUPUSDT,0.0001,0.8875,0.8875
2024-06-15T00:00:00Z,JUPUSDT,0.0001,0.8665,0.8665
2024-06-15T08:00:00Z,JUPUSDT,0.0001,0.8779,0.8779
2024-06-15T16:00:00Z,JUPUSDT,0.0001,0.8802,0.8802
2024-06-16T00:00:00Z,JUPUSDT,0.0001,0.8693,0.8693
2024-06-16T08:00:00Z,JUPUSDT,0.0001,0.865,0.865
2024-06-16T16:00:00Z,JUPUSDT,0.0001,0.9029,0.9029
2024-06-17T00:00:00Z,JUPUSDT,0.0001,0.9262,0.9262
2024-06-17T08:00:00Z,JUPUSDT,0.0001,0.8894,0.8894
2024-06-17T16:00:00Z,JUPUSDT,0.0001,0.8435,0.8435
2024-06-18T00:00:00Z,JUPUSDT,0.0001,0.856,0.856
2024-06-18T08:00:00Z,JUPUSDT,0.0001,0.7789,0.7789
2024-06-18T16:00:00Z,JUPUSDT,0.0001,0.736,0.736
2024-06-19T00:00:00Z,JUPUSDT,0.0001,0.7388,0.7388
2024-06-19T08:00:00Z,JUPUSDT,0.0001,0.7561,0.7561
2024-06-19T16:00:00Z,JUPUSDT,0.0001,0.7543,0.7543
2024-06-20T00:00:00Z,JUPUSDT,0.0001,0.7719,0.7719
2024-06-20T08:00:00Z,JUPUSDT,0.0001,0.7908,0.7908
2024-06-20T16:00:00Z,JUPUSDT,0.0001,0.7672,0.7672
2024-06-21T00:00:00Z,JUPUSDT,0.0001,0.7658,0.7658
2024-06-21T08:00:00Z,JUPUSDT,0.0001,0.7499,0.7499
2024-06-21T16:00:00Z,JUPUSDT,0.0001,0.7542,0.7542
2024-06-22T00:00:00Z,JUPUSDT,0.0001,0.7636,0.7636
2024-06-22T08:00:00Z,JUPUSDT,0.0001,0.7822,0.7822
2024-06-22T16:00:00Z,JUPUSDT,0.0001,0.782,0.782
2024-06-23T00:00:00Z,JUPUSDT,0.0001,0.7742,0.7742
2024-06-23T08:00:00Z,JUPUSDT,0.0001,0.777,0.777
2024-06-23T16:00:00Z,JUPUSDT,0.0001,0.7573,0.7573
2024-06-24T00:00:00Z,JUPUSDT,0.0001,0.734,0.734
2024-06-24T08:00:00Z,JUPUSDT,0.0001,0.7167,0.7167
2024-06-24T16:00:00Z,JUPUSDT,0.0001,0.7222,0.7222
2024-06-25T00:00:00Z,JUPUSDT,0.0001,0.7665,0.7665
2024-06-25T08:00:00Z,JUPUSDT,0.0001,0.7767,0.7767
2024-06-25T16:00:00Z,JUPUSDT,0.0001,0.8239,0.8239
2024-06-26T00:00:00Z,JUPUSDT,0.0001,0.8061,0.8061
2024-06-26T08:00:00Z,JUPUSDT,0.0001,0.8017,0.8017
2024-06-26T16:00:00Z,JUPUSDT,0.0001,0.7887,0.7887
2024-06-27T00:00:00Z,JUPUSDT,0.0001,0.783,0.783
2024-06-27T08:00:00Z,JUPUSDT,0.0001,0.7709,0.7709
2024-06-27T16:00:00Z,JUPUSDT,0.0001,0.8609,0.8609
2024-06-28T00:00:00Z,JUPUSDT,0.0001,0.8543,0.8543
2024-06-28T08:00:00Z,JUPUSDT,0.0001,0.8309,0.8309
2024-06-28T16:00:00Z,JUPUSDT,0.0001,0.8196,0.8196
2024-06-29T00:00:00Z,JUPUSDT,0.0001,0.7898,0.7898
2024-06-29T08:00:00Z,JUPUSDT,0.0001,0.8105,0.8105
2024-06-29T16:00:00Z,JUPUSDT,0.0001,0.8146,0.8146
2024-06-30T00:00:00Z,JUPUSDT,0.0001,0.7951,0.7951
2024-06-30T08:00:00Z,JUPUSDT,0.0001,0.7962,0.7962
2024-06-30T16:00:00Z,JUPUSDT,0.0001,0.8142,0.8142
2024-07-01T00:00:00Z,JUPUSDT,0.0001,0.8199,0.8199
2024-07-01T08:00:00Z,JUPUSDT,0.0001,0.8319,0.8319
2024-07-01T16:00:00Z,JUPUSDT,0.0001,0.8362,0.8362
2024-07-02T00:00:00Z,JUPUSDT,0.0001,0.8482,0.8482
2024-07-02T08:00:00Z,JUPUSDT,0.0001,0.8546,0.8546
2024-07-02T16:00:00Z,JUPUSDT,0.0001,0.8437,0.8437
2024-07-03T00:00:00Z,JUPUSDT,0.0001,0.8848,0.8848
2024-07-03T08:00:00Z,JUPUSDT,0.0001,0.8226,0.8226
2024-07-03T16:00:00Z,JUPUSDT,0.0001,0.792,0.792
2024-07-04T00:00:00Z,JUPUSDT,0.0001,0.7752,0.7752
2024-07-04T08:00:00Z,JUPUSDT,0.0001,0.7892,0.7892
2024-07-04T16:00:00Z,JUPUSDT,-0.000014657926079607,0.7634,0.7634
2024-07-05T00:00:00Z,JUPUSDT,0.0001,0.7259,0.7259
2024-07-05T08:00:00Z,JUPUSDT,0.0001,0.6762,0.6762
2024-07-05T16:00:00Z,JUPUSDT,0.0001,0.7473,0.7473
2024-07-06T00:00:00Z,JUPUSDT,0.0001,0.7386,0.7386
2024-07-06T08:00:00Z,JUPUSDT,0.0001,0.7527,0.7527
2024-07-06T16:00:00Z,JUPUSDT,0.0001,0.7693,0.7693
2024-07-07T00:00:00Z,JUPUSDT,0.0001,0.7981,0.7981
2024-07-07T08:00:00Z,JUPUSDT,0.0001,0.7562,0.7562
2024-07-07T16:00:00Z,JUPUSDT,0.0001,0.721,0.721
2024-07-08T00:00:00Z,JUPUSDT,0.0001,0.6897,0.6897
2024-07-08T08:00:00Z,JUPUSDT,0.0001,0.6893,0.6893
2024-07-08T16:00:00Z,JUPUSDT,0.0001,0.716,0.716
2024-07-09T00:00:00Z,JUPUSDT,0.0001,0.7255,0.7255
2024-07-09T08:00:00Z,JUPUSDT,0.0001,0.7671,0.7671
2024-07-09T16:00:00Z,JUPUSDT,0.0001,0.7751,0.7751
2024-07-10T00:00:00Z,JUPUSDT,0.0001,0.788,0.788
2024-07-10T08:00:00Z,JUPUSDT,0.0001,0.7998,0.7998
2024-07-10T16:00:00Z,JUPUSDT,0.0001,0.785,0.785
2024-07-11T00:00:00Z,JUPUSDT,0.0001,0.779,0.779
2024-07-11T08:00:00Z,JUPUSDT,0.0001,0.7715,0.7715
2024-07-11T16:00:00Z,JUPUSDT,0.0001,0.7463,0.7463
2024-07-12T00:00:00Z,JUPUSDT,0.0001,0.735,0.735
2024-07-12T08:00:00Z,JUPUSDT,0.0001,0.7289,0.7289
2024-07-12T16:00:00Z,JUPUSDT,0.0001,0.7571,0.7571
2024-07-13T00:00:00Z,JUPUSDT,0.0001,0.7606,0.7606
2024-07-13T08:00:00Z,JUPUSDT,0.0001,0.7558,0.7558
2024-07-13T16:00:00Z,JUPUSDT,0.0001,0.7607,0.7607
2024-07-14T00:00:00Z,JUPUSDT,0.0001,0.7653,0.7653
2024-07-14T08:00:00Z,JUPUSDT,0.0001,0.7987,0.7987
2024-07-14T16:00:00Z,JUPUSDT,0.0001,0.8145,0.8145
2024-07-15T00:00:00Z,JUPUSDT,0.0001,0.8193,0.8193
2024-07-15T08:00:00Z,JUPUSDT,0.0001,0.8589,0.8589
2024-07-15T16:00:00Z,JUPUSDT,0.0001,0.8561,0.8561
2024-07-16T00:00:00Z,JUPUSDT,0.0001,0.9086,0.9086
2024-07-16T08:00:00Z,JUPUSDT,0.0001,0.8557,0.8557
2024-07-16T16:00:00Z,JUPUSDT,0.0001,0.8974,0.8974
2024-07-17T00:00:00Z,JUPUSDT,0.0001,0.9074,0.9074
2024-07-17T08:00:00Z,JUPUSDT,0.0001,0.9301,0.9301
2024-07-17T16:00:00Z,JUPUSDT,0.0001,0.9075,0.9075
2024-07-18T00:00:00Z,JUPUSDT,0.0001,0.8973,0.8973
2024-07-18T08:00:00Z,JUPUSDT,0.0001,0.9532,0.9532
2024-07-18T16:00:00Z,JUPUSDT,0.0001,0.9319,0.9319
2024-07-19T00:00:00Z,JUPUSDT,0.0001,0.9646,0.9646
2024-07-19T08:00:00Z,JUPUSDT,0.0001,0.9591,0.9591
2024-07-19T16:00:00Z,JUPUSDT,0.0001,1.0139,1.0139
2024-07-20T00:00:00Z,JUPUSDT,0.0001,1.0132,1.0132
2024-07-20T08:00:00Z,JUPUSDT,0.0001,1.0152,1.0152
2024-07-20T16:00:00Z,JUPUSDT,0.0001,1.0077,1.0077
2024-07-21T00:00:00Z,JUPUSDT,0.0001,1.0353,1.0353
2024-07-21T08:00:00Z,JUPUSDT,0.0001,1.0168,1.0168
2024-07-21T16:00:00Z,JUPUSDT,0.0001,1.0334,1.0334
2024-07-22T00:00:00Z,JUPUSDT,0.0001,1.0858,1.0858
2024-07-22T08:00:00Z,JUPUSDT,0.0001,1.0263,1.0263
2024-07-22T16:00:00Z,JUPUSDT,0.0001,1.0352,1.0352
2024-07-23T00:00:00Z,JUPUSDT,0.0001,1.0067,1.0067
2024-07-23T08:00:00Z,JUPUSDT,0.0001,0.972,0.972
2024-07-23T16:00:00Z,JUPUSDT,0.0001,0.9678,0.9678
2024-07-24T00:00:00Z,JUPUSDT,0.0001,0.9506,0.9506
2024-07-24T08:00:00Z,JUPUSDT,0.0001,0.9749,0.9749
2024-07-24T16:00:00Z,JUPUSDT,0.0001,1.0014,1.0014
2024-07-25T00:00:00Z,JUPUSDT,0.0001,0.995,0.995
2024-07-25T08:00:00Z,JUPUSDT,0.0001,0.9697,0.9697
2024-07-25T16:00:00Z,JUPUSDT,0.0001,0.9631,0.9631
2024-07-26T00:00:00Z,JUPUSDT,0.0001,0.9567,0.9567
2024-07-26T08:00:00Z,JUPUSDT,0.0001,1.0055,1.0055
2024-07-26T16:00:00Z,JUPUSDT,0.0001,1.0546,1.0546
2024-07-27T00:00:00Z,JUPUSDT,0.0001,1.0729,1.0729
2024-07-27T08:00:00Z,JUPUSDT,0.0001,1.1428,1.1428
2024-07-27T16:00:00Z,JUPUSDT,0.0001,1.102,1.102
2024-07-28T00:00:00Z,JUPUSDT,0.0001,1.0928,1.0928
2024-07-28T08:00:00Z,JUPUSDT,0.0001,1.1219,1.1219
2024-07-28T16:00:00Z,JUPUSDT,0.0001,1.1238,1.1238
2024-07-29T00:00:00Z,JUPUSDT,0.0001,1.1178,1.1178
2024-07-29T08:00:00Z,JUPUSDT,0.0001,1.1955,1.1955
2024-07-29T16:00:00Z,JUPUSDT,0.0001,1.1434,1.1434
2024-07-30T00:00:00Z,JUPUSDT,0.0001,1.0861,1.0861
2024-07-30T08:00:00Z,JUPUSDT,0.0001,1.0954,1.0954
2024-07-30T16:00:00Z,JUPUSDT,0.0001,1.0748,1.0748
2024-07-31T00:00:00Z,JUPUSDT,0.0001,1.0433,1.0433
2024-07-31T08:00:00Z,JUPUSDT,0.0001,1.0744,1.0744
2024-07-31T16:00:00Z,JUPUSDT,0.0001,1.0457,1.0457
2024-08-01T00:00:00Z,JUPUSDT,0.0001,0.9988,0.9988
2024-08-01T08:00:00Z,JUPUSDT,0.0001,0.9817,0.9817
2024-08-01T16:00:00Z,JUPUSDT,0.0001,0.9721,0.9721
2024-08-02T00:00:00Z,JUPUSDT,0.0001,1.0265,1.0265
2024-08-02T08:00:00Z,JUPUSDT,0.0001,0.9864,0.9864
2024-08-02T16:00:00Z,JUPUSDT,0.0001,0.9446,0.9446
2024-08-03T00:00:00Z,JUPUSDT,0.0001,0.9109,0.9109
2024-08-03T08:00:00Z,JUPUSDT,0.0001,0.8944,0.8944
2024-08-03T16:00:00Z,JUPUSDT,0.0001,0.8624,0.8624
2024-08-04T00:00:00Z,JUPUSDT,0.0001,0.8349,0.8349
2024-08-04T08:00:00Z,JUPUSDT,0.0001,0.8313,0.8313
2024-08-04T16:00:00Z,JUPUSDT,0.0001,0.8035,0.8035
2024-08-05T00:00:00Z,JUPUSDT,0.0001,0.8236,0.8236
2024-08-05T08:00:00Z,JUPUSDT,0.0001,0.7409,0.7409
2024-08-05T16:00:00Z,JUPUSDT,0.0001,0.7512,0.7512
2024-08-06T00:00:00Z,JUPUSDT,0.0001,0.7337,0.7337
2024-08-06T08:00:00Z,JUPUSDT,0.0001,0.8309,0.8309
2024-08-06T16:00:00Z,JUPUSDT,0.0001,0.8399,0.8399
2024-08-07T00:00:00Z,JUPUSDT,0.0001,0.8253,0.8253
2024-08-07T08:00:00Z,JUPUSDT,0.0001,0.8806,0.8806
2024-08-07T16:00:00Z,JUPUSDT,0.0001,0.8404,0.8404
2024-08-08T00:00:00Z,JUPUSDT,0.0001,0.7912,0.7912
2024-08-08T08:00:00Z,JUPUSDT,0.0001,0.8479,0.8479
2024-08-08T16:00:00Z,JUPUSDT,0.0001,0.8898,0.8898
2024-08-09T00:00:00Z,JUPUSDT,0.0001,0.9114,0.9114
2024-08-09T08:00:00Z,JUPUSDT,0.0001,0.8802,0.8802
2024-08-09T16:00:00Z,JUPUSDT,0.0001,0.8434,0.8434
2024-08-10T00:00:00Z,JUPUSDT,0.0001,0.8807,0.8807
2024-08-10T08:00:00Z,JUPUSDT,0.0001,0.872,0.872
2024-08-10T16:00:00Z,JUPUSDT,0.0001,0.8616,0.8616
2024-08-11T00:00:00Z,JUPUSDT,0.0001,0.867,0.867
2024-08-11T08:00:00Z,JUPUSDT,0.0001,0.8824,0.8824
2024-08-11T16:00:00Z,JUPUSDT,0.0001,0.821,0.821
2024-08-12T00:00:00Z,JUPUSDT,0.0001,0.7847,0.7847
2024-08-12T08:00:00Z,JUPUSDT,0.0001,0.8174,0.8174
2024-08-12T16:00:00Z,JUPUSDT,0.0001,0.8295,0.8295
2024-08-13T00:00:00Z,JUPUSDT,0.0001,0.8142,0.8142
2024-08-13T08:00:00Z,JUPUSDT,0.0001,0.8051,0.8051
2024-08-13T16:00:00Z,JUPUSDT,0.0001,0.8075,0.8075
2024-08-14T00:00:00Z,JUPUSDT,0.0001,0.8175,0.8175
2024-08-14T08:00:00Z,JUPUSDT,0.0001,0.8058,0.8058
2024-08-14T16:00:00Z,JUPUSDT,0.0001,0.8036,0.8036
2024-08-15T00:00:00Z,JUPUSDT,0.0001,0.7897,0.7897
2024-08-15T08:00:00Z,JUPUSDT,0.0001,0.7689,0.7689
2024-08-15T16:00:00Z,JUPUSDT,0.0001,0.7906,0.7906
2024-08-16T00:00:00Z,JUPUSDT,0.0001,0.7651,0.7651
2024-08-16T08:00:00Z,JUPUSDT,0.0001,0.7785,0.7785
2024-08-16T16:00:00Z,JUPUSDT,0.0001,0.7331,0.7331
2024-08-17T00:00:00Z,JUPUSDT,0.0001,0.742,0.742
2024-08-17T08:00:00Z,JUPUSDT,0.0001,0.7431,0.7431
2024-08-17T16:00:00Z,JUPUSDT,0.0001,0.7493,0.7493
2024-08-18T00:00:00Z,JUPUSDT,0.0001,0.7588,0.7588
2024-08-18T08:00:00Z,JUPUSDT,0.0001,0.761,0.761
2024-08-18T16:00:00Z,JUPUSDT,0.0001,0.7854,0.7854
2024-08-19T00:00:00Z,JUPUSDT,0.0001,0.7618,0.7618
2024-08-19T08:00:00Z,JUPUSDT,0.0001,0.7544,0.7544
2024-08-19T16:00:00Z,JUPUSDT,0.0001,0.7638,0.7638
2024-08-20T00:00:00Z,JUPUSDT,0.0001,0.7768,0.7768
2024-08-20T08:00:00Z,JUPUSDT,0.0001,0.8059,0.8059
2024-08-20T16:00:00Z,JUPUSDT,0.0001,0.775,0.775
2024-08-21T00:00:00Z,JUPUSDT,0.0001,0.7786,0.7786
2024-08-21T08:00:00Z,JUPUSDT,0.0001,0.7963,0.7963
2024-08-21T16:00:00Z,JUPUSDT,0.0001,0.7703,0.7703
2024-08-22T00:00:00Z,JUPUSDT,0.0001,0.7945,0.7945
2024-08-22T08:00:00Z,JUPUSDT,0.0001,0.7992,0.7992
2024-08-22T16:00:00Z,JUPUSDT,0.0001,0.792,0.792
2024-08-23T00:00:00Z,JUPUSDT,0.0001,0.8036,0.8036
2024-08-23T08:00:00Z,JUPUSDT,0.0001,0.8267,0.8267
2024-08-23T16:00:00Z,JUPUSDT,0.0001,0.8308,0.8308
2024-08-24T00:00:00Z,JUPUSDT,0.0001,0.8782,0.8782
2024-08-24T08:00:00Z,JUPUSDT,0.0001,0.8869,0.8869
2024-08-24T16:00:00Z,JUPUSDT,0.0001,0.913,0.913
2024-08-25T00:00:00Z,JUPUSDT,0.0001,0.9189,0.9189
2024-08-25T08:00:00Z,JUPUSDT,0.0001,0.8697,0.8697
2024-08-25T16:00:00Z,JUPUSDT,0.0001,0.8929,0.8929
2024-08-26T00:00:00Z,JUPUSDT,0.0001,0.8871,0.8871
2024-08-26T08:00:00Z,JUPUSDT,0.0001,0.8872,0.8872
2024-08-26T16:00:00Z,JUPUSDT,0.0001,0.8901,0.8901
2024-08-27T00:00:00Z,JUPUSDT,0.0001,0.8767,0.8767
2024-08-27T08:00:00Z,JUPUSDT,0.0001,0.8668,0.8668
2024-08-27T16:00:00Z,JUPUSDT,0.0001,0.84,0.84
2024-08-28T00:00:00Z,JUPUSDT,0.0001,0.8009,0.8009
2024-08-28T08:00:00Z,JUPUSDT,0.0001,0.7923,0.7923
2024-08-28T16:00:00Z,JUPUSDT,0.0001,0.7912,0.7912
2024-08-29T00:00:00Z,JUPUSDT,0.0001,0.7898,0.7898
2024-08-29T08:00:00Z,JUPUSDT,0.0001,0.7929,0.7929
2024-08-29T16:00:00Z,JUPUSDT,0.0001,0.8082,0.8082
2024-08-30T00:00:00Z,JUPUSDT,0.0001,0.7722,0.7722
2024-08-30T08:00:00Z,JUPUSDT,0.0001,0.7686,0.7686
2024-08-30T16:00:00Z,JUPUSDT,0.0001,0.7281,0.7281
2024-08-31T00:00:00Z,JUPUSDT,0.0001,0.7589,0.7589
2024-08-31T08:00:00Z,JUPUSDT,0.0001,0.7539,0.7539
2024-08-31T16:00:00Z,JUPUSDT,0.0001,0.7491,0.7491
2024-09-01T00:00:00Z,JUPUSDT,0.0001,0.741,0.741
2024-09-01T08:00:00Z,JUPUSDT,0.0001,0.7332,0.7332
2024-09-01T16:00:00Z,JUPUSDT,0.0001,0.7379,0.7379
2024-09-02T00:00:00Z,JUPUSDT,0.0001,0.7054,0.7054
2024-09-02T08:00:00Z,JUPUSDT,0.0001,0.702,0.702
2024-09-02T16:00:00Z,JUPUSDT,0.0001,0.728,0.728
2024-09-03T00:00:00Z,JUPUSDT,0.0001,0.741,0.741
2024-09-03T08:00:00Z,JUPUSDT,0.0001,0.745,0.745
2024-09-03T16:00:00Z,JUPUSDT,0.0001,0.7122,0.7122
2024-09-04T00:00:00Z,JUPUSDT,0.0001,0.7024,0.7024
2024-09-04T08:00:00Z,JUPUSDT,0.0001,0.7174,0.7174
2024-09-04T16:00:00Z,JUPUSDT,0.0001,0.7317,0.7317
2024-09-05T00:00:00Z,JUPUSDT,0.0001,0.7326,0.7326
2024-09-05T08:00:00Z,JUPUSDT,0.0001,0.7267,0.7267
2024-09-05T16:00:00Z,JUPUSDT,0.0001,0.7117,0.7117
2024-09-06T00:00:00Z,JUPUSDT,0.0001,0.7069,0.7069
2024-09-06T08:00:00Z,JUPUSDT,0.0001,0.7011,0.7011
2024-09-06T16:00:00Z,JUPUSDT,0.0001,0.6986,0.6986
2024-09-07T00:00:00Z,JUPUSDT,0.0001,0.6832,0.6832
2024-09-07T08:00:00Z,JUPUSDT,0.0001,0.6986,0.6986
2024-09-07T16:00:00Z,JUPUSDT,0.0001,0.7054,0.7054
2024-09-08T00:00:00Z,JUPUSDT,0.0001,0.6973,0.6973
2024-09-08T08:00:00Z,JUPUSDT,0.0001,0.7097,0.7097
2024-09-08T16:00:00Z,JUPUSDT,0.0001,0.6919,0.6919
2024-09-09T00:00:00Z,JUPUSDT,0.0001,0.7094,0.7094
2024-09-09T08:00:00Z,JUPUSDT,0.0001,0.7055,0.7055
2024-09-09T16:00:00Z,JUPUSDT,0.0001,0.7037,0.7037
2024-09-10T00:00:00Z,JUPUSDT,0.0001,0.735,0.735
2024-09-10T08:00:00Z,JUPUSDT,0.0001,0.7347,0.7347
2024-09-10T16:00:00Z,JUPUSDT,0.0001,0.7292,0.7292
2024-09-11T00:00:00Z,JUPUSDT,0.0001,0.7376,0.7376
2024-09-11T08:00:00Z,JUPUSDT,0.0001,0.7153,0.7153
2024-09-11T16:00:00Z,JUPUSDT,0.0001,0.7103,0.7103
2024-09-12T00:00:00Z,JUPUSDT,0.0001,0.7184,0.7184
2024-09-12T08:00:00Z,JUPUSDT,0.0001,0.7357,0.7357
2024-09-12T16:00:00Z,JUPUSDT,-0.000045748440929995,0.7317,0.7317
2024-09-13T00:00:00Z,JUPUSDT,0.0001,0.7661,0.7661
2024-09-13T08:00:00Z,JUPUSDT,0.0001,0.7559,0.7559
2024-09-13T16:00:00Z,JUPUSDT,0.0001,0.7693,0.7693
2024-09-14T00:00:00Z,JUPUSDT,0.0001,0.7827,0.7827
2024-09-14T08:00:00Z,JUPUSDT,0.0001,0.7743,0.7743
2024-09-14T16:00:00Z,JUPUSDT,0.0001,0.7731,0.7731
2024-09-15T00:00:00Z,JUPUSDT,0.0001,0.7693,0.7693
2024-09-15T08:00:00Z,JUPUSDT,0.0001,0.7682,0.7682
2024-09-15T16:00:00Z,JUPUSDT,0.0001,0.7616,0.7616
2024-09-16T00:00:00Z,JUPUSDT,0.0001,0.7306,0.7306
2024-09-16T08:00:00Z,JUPUSDT,0.000002379143962641,0.7308,0.7308
2024-09-16T16:00:00Z,JUPUSDT,-0.00001594419072421,0.7283,0.7283
2024-09-17T00:00:00Z,JUPUSDT,-0.000133557875437455,0.7271,0.7271
2024-09-17T08:00:00Z,JUPUSDT,0.0001,0.7364,0.7364
2024-09-17T16:00:00Z,JUPUSDT,-0.000084113278063249,0.748,0.748
2024-09-18T00:00:00Z,JUPUSDT,0.0001,0.7295,0.7295
2024-09-18T08:00:00Z,JUPUSDT,0.0001,0.7312,0.7312
2024-09-18T16:00:00Z,JUPUSDT,-0.000037113859071252,0.7063,0.7063
2024-09-19T00:00:00Z,JUPUSDT,0.0001,0.7586,0.7586
2024-09-19T08:00:00Z,JUPUSDT,0.0001,0.7849,0.7849
2024-09-19T16:00:00Z,JUPUSDT,0.0001,0.8144,0.8144
2024-09-20T00:00:00Z,JUPUSDT,0.0001,0.8019,0.8019
2024-09-20T08:00:00Z,JUPUSDT,0.0001,0.8856,0.8856
2024-09-20T16:00:00Z,JUPUSDT,0.0001,0.8455,0.8455
2024-09-21T00:00:00Z,JUPUSDT,0.0001,0.8389,0.8389
2024-09-21T08:00:00Z,JUPUSDT,0.0001,0.8383,0.8383
2024-09-21T16:00:00Z,JUPUSDT,0.0001,0.8472,0.8472
2024-09-22T00:00:00Z,JUPUSDT,0.0001,0.8578,0.8578
2024-09-22T08:00:00Z,JUPUSDT,0.0001,0.8407,0.8407
2024-09-22T16:00:00Z,JUPUSDT,0.0001,0.8181,0.8181
2024-09-23T00:00:00Z,JUPUSDT,0.0001,0.824,0.824
2024-09-23T08:00:00Z,JUPUSDT,0.0001,0.8288,0.8288
2024-09-23T16:00:00Z,JUPUSDT,0.0001,0.8174,0.8174
2024-09-24T00:00:00Z,JUPUSDT,0.0001,0.8166,0.8166
2024-09-24T08:00:00Z,JUPUSDT,0.0001,0.8344,0.8344
2024-09-24T16:00:00Z,JUPUSDT,0.0001,0.8393,0.8393
2024-09-25T00:00:00Z,JUPUSDT,0.0001,0.8994,0.8994
2024-09-25T08:00:00Z,JUPUSDT,0.0001,0.8749,0.8749
2024-09-25T16:00:00Z,JUPUSDT,0.0001,0.8851,0.8851
2024-09-26T00:00:00Z,JUPUSDT,0.0001,0.8652,0.8652
2024-09-26T08:00:00Z,JUPUSDT,0.0001,0.9057,0.9057
2024-09-26T16:00:00Z,JUPUSDT,0.0001,0.9498,0.9498
2024-09-27T00:00:00Z,JUPUSDT,0.000080396590364055,0.9351,0.9351
2024-09-27T08:00:00Z,JUPUSDT,-0.000338872687105098,0.9322,0.9322
2024-09-27T16:00:00Z,JUPUSDT,-0.000130287812673309,0.9489,0.9489
2024-09-28T00:00:00Z,JUPUSDT,-0.000035983596726194,0.9365,0.9365
2024-09-28T08:00:00Z,JUPUSDT,-0.000081539702122635,0.9202,0.9202
2024-09-28T16:00:00Z,JUPUSDT,0.0001,0.9171,0.9171
2024-09-29T00:00:00Z,JUPUSDT,0.0001,0.919,0.919
2024-09-29T08:00:00Z,JUPUSDT,0.0001,0.8892,0.8892
2024-09-29T16:00:00Z,JUPUSDT,0.0001,0.9041,0.9041
2024-09-30T00:00:00Z,JUPUSDT,0.0001,0.9182,0.9182
2024-09-30T08:00:00Z,JUPUSDT,0.0001,0.9017,0.9017
2024-09-30T16:00:00Z,JUPUSDT,0.0001,0.8772,0.8772
2024-10-01T00:00:00Z,JUPUSDT,-0.000134563259298177,0.8681,0.8681
2024-10-01T08:00:00Z,JUPUSDT,0.0001,0.8987,0.8987
2024-10-01T16:00:00Z,JUPUSDT,-0.00027407601119868,0.8298,0.8298
2024-10-02T00:00:00Z,JUPUSDT,-0.000142501017004927,0.8063,0.8063
2024-10-02T08:00:00Z,JUPUSDT,-0.000377006251557095,0.8234,0.8234
2024-10-02T16:00:00Z,JUPUSDT,0.000033421980347716,0.8066,0.8066
2024-10-03T00:00:00Z,JUPUSDT,0.0001,0.7681,0.7681
2024-10-03T08:00:00Z,JUPUSDT,-0.000287358346136639,0.7613,0.7613
2024-10-03T16:00:00Z,JUPUSDT,-0.000069263187833216,0.7365,0.7365
2024-10-04T00:00:00Z,JUPUSDT,-0.000201656145622673,0.7413,0.7413
2024-10-04T08:00:00Z,JUPUSDT,-0.000095121667514026,0.7615,0.7615
2024-10-04T16:00:00Z,JUPUSDT,-0.000332411911161364,0.7785,0.7785
2024-10-05T00:00:00Z,JUPUSDT,-0.000189422356269112,0.7794,0.7794
2024-10-05T08:00:00Z,JUPUSDT,-0.00024386790670353,0.7818,0.7818
2024-10-05T16:00:00Z,JUPUSDT,-0.000335196826277234,0.7759,0.7759
2024-10-06T00:00:00Z,JUPUSDT,-0.000130772001375844,0.7627,0.7627
2024-10-06T08:00:00Z,JUPUSDT,-0.000015031943350337,0.7668,0.7668
2024-10-06T16:00:00Z,JUPUSDT,-0.000090255234841362,0.7875,0.7875
2024-10-07T00:00:00Z,JUPUSDT,-0.000018517817995678,0.7878,0.7878
2024-10-07T08:00:00Z,JUPUSDT,0.000087175756503824,0.7944,0.7944
2024-10-07T16:00:00Z,JUPUSDT,-0.000010478718714892,0.7949,0.7949
2024-10-08T00:00:00Z,JUPUSDT,-0.000086127343893687,0.7664,0.7664
2024-10-08T08:00:00Z,JUPUSDT,-0.000073817987285886,0.7522,0.7522
2024-10-08T16:00:00Z,JUPUSDT,-0.000012425666580976,0.7385,0.7385
2024-10-09T00:00:00Z,JUPUSDT,-0.000351364871503156,0.744,0.744
2024-10-09T08:00:00Z,JUPUSDT,0.0001,0.7407,0.7407
2024-10-09T16:00:00Z,JUPUSDT,0.0001,0.7431,0.7431
2024-10-10T00:00:00Z,JUPUSDT,0.0001,0.7261,0.7261
2024-10-10T08:00:00Z,JUPUSDT,0.0001,0.728,0.728
2024-10-10T16:00:00Z,JUPUSDT,-0.000065087929218582,0.7218,0.7218
2024-10-11T00:00:00Z,JUPUSDT,-0.000450557366294659,0.7337,0.7337
2024-10-11T08:00:00Z,JUPUSDT,-0.000323766440365307,0.7444,0.7444
2024-10-11T16:00:00Z,JUPUSDT,-0.000246431537334745,0.7621,0.7621
2024-10-12T00:00:00Z,JUPUSDT,-0.000450971822223681,0.7846,0.7846
2024-10-12T08:00:00Z,JUPUSDT,-0.000042569219706015,0.7918,0.7918
2024-10-12T16:00:00Z,JUPUSDT,-0.000143896630999456,0.8005,0.8005
2024-10-13T00:00:00Z,JUPUSDT,-0.000144757208880507,0.7896,0.7896
2024-10-13T08:00:00Z,JUPUSDT,-0.000108442697705773,0.7877,0.7877
2024-10-13T16:00:00Z,JUPUSDT,-0.000267134810523209,0.7746,0.7746
2024-10-14T00:00:00Z,JUPUSDT,-0.000406927050528363,0.794,0.794
2024-10-14T08:00:00Z,JUPUSDT,-0.000403240624337311,0.8178,0.8178
2024-10-14T16:00:00Z,JUPUSDT,-0.000260144138082507,0.8611,0.8611
2024-10-15T00:00:00Z,JUPUSDT,-0.000239007235136051,0.8875,0.8875
2024-10-15T08:00:00Z,JUPUSDT,-0.000067979771866377,0.8709,0.8709
2024-10-15T16:00:00Z,JUPUSDT,0.000018091408008963,0.8723,0.8723
2024-10-16T00:00:00Z,JUPUSDT,0.0001,0.8783,0.8783
2024-10-16T08:00:00Z,JUPUSDT,-0.000040028215325204,0.8471,0.8471
2024-10-16T16:00:00Z,JUPUSDT,-0.000129444681588918,0.8674,0.8674
2024-10-17T00:00:00Z,JUPUSDT,-0.000267616839842231,0.8553,0.8553
2024-10-17T08:00:00Z,JUPUSDT,0.0001,0.8318,0.8318
2024-10-17T16:00:00Z,JUPUSDT,0.0001,0.8316,0.8316
2024-10-18T00:00:00Z,JUPUSDT,0.000053177441148569,0.8182,0.8182
2024-10-18T08:00:00Z,JUPUSDT,0.0001,0.8638,0.8638
2024-10-18T16:00:00Z,JUPUSDT,0.0001,0.8584,0.8584
2024-10-19T00:00:00Z,JUPUSDT,0.000038658732060823,0.8657,0.8657
2024-10-19T08:00:00Z,JUPUSDT,-0.000012856995929423,0.8621,0.8621
2024-10-19T16:00:00Z,JUPUSDT,0.0001,0.8694,0.8694
2024-10-20T00:00:00Z,JUPUSDT,0.0001,0.9147,0.9147
2024-10-20T08:00:00Z,JUPUSDT,0.0001,0.919,0.919
2024-10-20T16:00:00Z,JUPUSDT,0.0001,0.9249,0.9249
2024-10-21T00:00:00Z,JUPUSDT,0.0001,0.9779,0.9779
2024-10-21T08:00:00Z,JUPUSDT,0.0001,0.9926,0.9926
2024-10-21T16:00:00Z,JUPUSDT,0.0001,0.9664,0.9664
2024-10-22T00:00:00Z,JUPUSDT,0.0001,0.9648,0.9648
2024-10-22T08:00:00Z,JUPUSDT,0.0001,0.9682,0.9682
2024-10-22T16:00:00Z,JUPUSDT,0.0001,0.9832,0.9832
2024-10-23T00:00:00Z,JUPUSDT,0.0001,0.9944,0.9944
2024-10-23T08:00:00Z,JUPUSDT,0.0001,0.9709,0.9709
2024-10-23T16:00:00Z,JUPUSDT,0.0001,1.0221,1.0221
2024-10-24T00:00:00Z,JUPUSDT,0.0001,1.0597,1.0597
2024-10-24T08:00:00Z,JUPUSDT,-0.000388443060765308,1.0564,1.0564
2024-10-24T16:00:00Z,JUPUSDT,-0.000251321704732455,1.0101,1.0101
2024-10-25T00:00:00Z,JUPUSDT,-0.000164740324981846,1.0666,1.0666
2024-10-25T08:00:00Z,JUPUSDT,-0.000183811369641508,0.9762,0.9762
2024-10-25T16:00:00Z,JUPUSDT,0.000046181651750226,1.0042,1.0042
2024-10-26T00:00:00Z,JUPUSDT,-0.00042565734076295,0.9486,0.9486
2024-10-26T08:00:00Z,JUPUSDT,-0.00034398843328685,0.9708,0.9708
2024-10-26T16:00:00Z,JUPUSDT,-0.000750244353638426,0.9663,0.9663
2024-10-27T00:00:00Z,JUPUSDT,-0.000934637541596958,0.9768,0.9768
2024-10-27T08:00:00Z,JUPUSDT,-0.000907173654492305,0.9909,0.9909
2024-10-27T16:00:00Z,JUPUSDT,-0.000319296946267761,1.0354,1.0354
2024-10-28T00:00:00Z,JUPUSDT,-0.000706640588442755,1.0149,1.0149
2024-10-28T08:00:00Z,JUPUSDT,-0.000428590484636402,1.0093,1.0093
2024-10-28T16:00:00Z,JUPUSDT,-0.000470275456239963,1.0118,1.0118
2024-10-29T00:00:00Z,JUPUSDT,-0.000277726437523964,1.0412,1.0412
2024-10-29T08:00:00Z,JUPUSDT,-0.000389562289468109,1.0464,1.0464
2024-10-29T16:00:00Z,JUPUSDT,-0.000623008915260637,1.0529,1.0529
2024-10-30T00:00:00Z,JUPUSDT,-0.00015277690840367,1.0446,1.0446
2024-10-30T08:00:00Z,JUPUSDT,-0.000063066215638026,1.0425,1.0425
2024-10-30T16:00:00Z,JUPUSDT,-0.000115409449800403,0.9991,0.9991
2024-10-31T00:00:00Z,JUPUSDT,-0.000061480629028863,1.0079,1.0079
2024-10-31T08:00:00Z,JUPUSDT,-0.000091869284791406,1.004,1.004
2024-10-31T16:00:00Z,JUPUSDT,0.0001,0.9758,0.9758
2024-11-01T00:00:00Z,JUPUSDT,0.000082818228472682,0.9639,0.9639
2024-11-01T08:00:00Z,JUPUSDT,0.0001,0.9486,0.9486
2024-11-01T16:00:00Z,JUPUSDT,-0.000151008164466545,0.9495,0.9495
2024-11-02T00:00:00Z,JUPUSDT,-0.000050740243219221,0.9593,0.9593
2024-11-02T08:00:00Z,JUPUSDT,-0.000177406360029545,0.9597,0.9597
2024-11-02T16:00:00Z,JUPUSDT,0.000013172853567655,0.9217,0.9217
2024-11-03T00:00:00Z,JUPUSDT,-0.000014154220180806,0.9308,0.9308
2024-11-03T08:00:00Z,JUPUSDT,0.00000285294576205,0.9114,0.9114
2024-11-03T16:00:00Z,JUPUSDT,0.0001,0.8618,0.8618
2024-11-04T00:00:00Z,JUPUSDT,-0.000270456400307371,0.8812,0.8812
2024-11-04T08:00:00Z,JUPUSDT,-0.000169985685628329,0.8752,0.8752
2024-11-04T16:00:00Z,JUPUSDT,-0.000328215803498646,0.8763,0.8763
2024-11-05T00:00:00Z,JUPUSDT,0.000041297921884343,0.8556,0.8556
2024-11-05T08:00:00Z,JUPUSDT,-0.00011910094161815,0.9021,0.9021
2024-11-05T16:00:00Z,JUPUSDT,-0.000238418889474406,0.9288,0.9288
2024-11-06T00:00:00Z,JUPUSDT,-0.000210759476974414,0.9172,0.9172
2024-11-06T08:00:00Z,JUPUSDT,-0.000198313509582117,1.0092,1.0092
2024-11-06T16:00:00Z,JUPUSDT,-0.000402225336179177,1.0026,1.0026
2024-11-07T00:00:00Z,JUPUSDT,-0.00033366738254814,1.0341,1.0341
2024-11-07T08:00:00Z,JUPUSDT,-0.000110532047661202,1.0201,1.0201
2024-11-07T16:00:00Z,JUPUSDT,0.0001,1.0236,1.0236
2024-11-08T00:00:00Z,JUPUSDT,-0.000249629826227773,1.0567,1.0567
2024-11-08T08:00:00Z,JUPUSDT,-0.00009235595219338,1.099,1.099
2024-11-08T16:00:00Z,JUPUSDT,0.0000107307391136,1.1042,1.1042
2024-11-09T00:00:00Z,JUPUSDT,-0.000036319811215801,1.1091,1.1091
2024-11-09T08:00:00Z,JUPUSDT,0.0001,1.1661,1.1661
2024-11-09T16:00:00Z,JUPUSDT,0.0001,1.1744,1.1744
2024-11-10T00:00:00Z,JUPUSDT,0.0001,1.2143,1.2143
2024-11-10T08:00:00Z,JUPUSDT,0.000099930433899472,1.2465,1.2465
2024-11-10T16:00:00Z,JUPUSDT,0.0001,1.2764,1.2764
2024-11-11T00:00:00Z,JUPUSDT,0.0001,1.2488,1.2488
2024-11-11T08:00:00Z,JUPUSDT,0.0001,1.1964,1.1964
2024-11-11T16:00:00Z,JUPUSDT,0.000054356056192403,1.2282,1.2282
2024-11-12T00:00:00Z,JUPUSDT,0.0001,1.2414,1.2414
2024-11-12T08:00:00Z,JUPUSDT,0.0001,1.22,1.22
2024-11-12T16:00:00Z,JUPUSDT,0.0001,1.1326,1.1326
2024-11-13T00:00:00Z,JUPUSDT,0.0001,1.1684,1.1684
2024-11-13T08:00:00Z,JUPUSDT,0.0001,1.0914,1.0914
2024-11-13T16:00:00Z,JUPUSDT,0.0001,1.1767,1.1767
2024-11-14T00:00:00Z,JUPUSDT,0.0001,1.1633,1.1633
2024-11-14T08:00:00Z,JUPUSDT,0.0001,1.1728,1.1728
2024-11-14T16:00:00Z,JUPUSDT,0.0001,1.0828,1.0828
2024-11-15T00:00:00Z,JUPUSDT,0.0001,1.0654,1.0654
2024-11-15T08:00:00Z,JUPUSDT,0.0001,1.067,1.067
2024-11-15T16:00:00Z,JUPUSDT,0.0001,1.0648,1.0648
2024-11-16T00:00:00Z,JUPUSDT,0.0001,1.1337,1.1337
2024-11-16T08:00:00Z,JUPUSDT,0.0001,1.1237,1.1237
2024-11-16T16:00:00Z,JUPUSDT,0.0001,1.0895,1.0895
2024-11-17T00:00:00Z,JUPUSDT,0.0001,1.1161,1.1161
2024-11-17T08:00:00Z,JUPUSDT,0.0001,1.2562,1.2562
2024-11-17T16:00:00Z,JUPUSDT,0.0001,1.1901,1.1901
2024-11-18T00:00:00Z,JUPUSDT,0.0001,1.186,1.186
2024-11-18T08:00:00Z,JUPUSDT,-0.000148168611622076,1.195,1.195
2024-11-18T16:00:00Z,JUPUSDT,0.0001,1.1857,1.1857
2024-11-19T00:00:00Z,JUPUSDT,-0.000039216952724193,1.1716,1.1716
2024-11-19T08:00:00Z,JUPUSDT,-0.000059832190399226,1.1574,1.1574
2024-11-19T16:00:00Z,JUPUSDT,0.0001,1.1701,1.1701
2024-11-20T00:00:00Z,JUPUSDT,0.0001,1.1334,1.1334
2024-11-20T08:00:00Z,JUPUSDT,0.0001,1.1135,1.1135
2024-11-20T16:00:00Z,JUPUSDT,0.0001,1.1014,1.1014
2024-11-21T00:00:00Z,JUPUSDT,0.0001,1.0669,1.0669
2024-11-21T08:00:00Z,JUPUSDT,0.0001,1.0753,1.0753
2024-11-21T16:00:00Z,JUPUSDT,0.0001,1.1064,1.1064
2024-11-22T00:00:00Z,JUPUSDT,0.0001,1.1322,1.1322
2024-11-22T08:00:00Z,JUPUSDT,0.0001,1.1302,1.1302
2024-11-22T16:00:00Z,JUPUSDT,0.0001,1.1089,1.1089
2024-11-23T00:00:00Z,JUPUSDT,0.0001,1.123,1.123
2024-11-23T08:00:00Z,JUPUSDT,0.0001,1.1577,1.1577
2024-11-23T16:00:00Z,JUPUSDT,0.0001,1.1753,1.1753
2024-11-24T00:00:00Z,JUPUSDT,0.0001,1.1325,1.1325
2024-11-24T08:00:00Z,JUPUSDT,0.0001,1.1606,1.1606
2024-11-24T16:00:00Z,JUPUSDT,0.0001,1.0562,1.0562
2024-11-25T00:00:00Z,JUPUSDT,0.0001,1.1271,1.1271
2024-11-25T08:00:00Z,JUPUSDT,0.0001,1.1377,1.1377
2024-11-25T16:00:00Z,JUPUSDT,0.0001,1.1142,1.1142
2024-11-26T00:00:00Z,JUPUSDT,0.0001,1.0657,1.0657
2024-11-26T08:00:00Z,JUPUSDT,0.0001,1.0598,1.0598
2024-11-26T16:00:00Z,JUPUSDT,0.0001,1.002,1.002
2024-11-27T00:00:00Z,JUPUSDT,0.0001,1.0305,1.0305
2024-11-27T08:00:00Z,JUPUSDT,0.0001,1.0493,1.0493
2024-11-27T16:00:00Z,JUPUSDT,0.0001,1.0746,1.0746
2024-11-28T00:00:00Z,JUPUSDT,0.0001,1.1192,1.1192
2024-11-28T08:00:00Z,JUPUSDT,0.0001,1.0941,1.0941
2024-11-28T16:00:00Z,JUPUSDT,0.0001,1.0824,1.0824
2024-11-29T00:00:00Z,JUPUSDT,0.0001,1.1336,1.1336
2024-11-29T08:00:00Z,JUPUSDT,0.0001,1.1448,1.1448
2024-11-29T16:00:00Z,JUPUSDT,0.0001,1.1434,1.1434
2024-11-30T00:00:00Z,JUPUSDT,0.0001,1.1478,1.1478
2024-11-30T08:00:00Z,JUPUSDT,0.0001,1.1767,1.1767
2024-11-30T16:00:00Z,JUPUSDT,0.0001,1.1747,1.1747
2024-12-01T00:00:00Z,JUPUSDT,0.0001,1.1582,1.1582
2024-12-01T08:00:00Z,JUPUSDT,0.0001,1.1638,1.1638
2024-12-01T16:00:00Z,JUPUSDT,0.0001,1.2574,1.2574
2024-12-02T00:00:00Z,JUPUSDT,0.0001,1.2465,1.2465
2024-12-02T08:00:00Z,JUPUSDT,0.0001,1.2012,1.2012
2024-12-02T16:00:00Z,JUPUSDT,0.0001,1.1851,1.1851
2024-12-03T00:00:00Z,JUPUSDT,0.0001,1.2005,1.2005
2024-12-03T08:00:00Z,JUPUSDT,0.0001,1.1925,1.1925
2024-12-03T16:00:00Z,JUPUSDT,0.0001,1.1531,1.1531
2024-12-04T00:00:00Z,JUPUSDT,0.0001,1.2462,1.2462
2024-12-04T08:00:00Z,JUPUSDT,0.0001,1.2994,1.2994
2024-12-04T16:00:00Z,JUPUSDT,0.0001,1.3137,1.3137
2024-12-05T00:00:00Z,JUPUSDT,0.0001,1.2864,1.2864
2024-12-05T08:00:00Z,JUPUSDT,0.0001,1.3046,1.3046
2024-12-05T16:00:00Z,JUPUSDT,0.0001,1.3581,1.3581
2024-12-06T00:00:00Z,JUPUSDT,0.0001,1.3512,1.3512
2024-12-06T08:00:00Z,JUPUSDT,0.0001,1.3947,1.3947
2024-12-06T16:00:00Z,JUPUSDT,0.0001,1.3502,1.3502
2024-12-07T00:00:00Z,JUPUSDT,0.0001,1.3433,1.3433
2024-12-07T08:00:00Z,JUPUSDT,0.0001,1.3422,1.3422
2024-12-07T16:00:00Z,JUPUSDT,0.0001,1.3852,1.3852
2024-12-08T00:00:00Z,JUPUSDT,0.0001,1.3714,1.3714
2024-12-08T08:00:00Z,JUPUSDT,0.0001,1.3404,1.3404
2024-12-08T16:00:00Z,JUPUSDT,0.0001,1.3335,1.3335
2024-12-09T00:00:00Z,JUPUSDT,0.0001,1.3405,1.3405
2024-12-09T08:00:00Z,JUPUSDT,0.0001,1.2717,1.2717
2024-12-09T16:00:00Z,JUPUSDT,0.0001,1.2143,1.2143
2024-12-10T00:00:00Z,JUPUSDT,0.0001,1.0856,1.0856
2024-12-10T08:00:00Z,JUPUSDT,0.0001,1.0736,1.0736
2024-12-10T16:00:00Z,JUPUSDT,0.0001,0.983,0.983
2024-12-11T00:00:00Z,JUPUSDT,0.0001,1.0499,1.0499
2024-12-11T08:00:00Z,JUPUSDT,0.0001,1.0569,1.0569
2024-12-11T16:00:00Z,JUPUSDT,0.0001,1.139,1.139
2024-12-12T00:00:00Z,JUPUSDT,0.0001,1.13,1.13
2024-12-12T08:00:00Z,JUPUSDT,0.0001,1.1846,1.1846
2024-12-12T16:00:00Z,JUPUSDT,0.0001,1.178,1.178
2024-12-13T00:00:00Z,JUPUSDT,0.0001,1.1427,1.1427
2024-12-13T08:00:00Z,JUPUSDT,0.0001,1.1168,1.1168
2024-12-13T16:00:00Z,JUPUSDT,0.0001,1.1076,1.1076
2024-12-14T00:00:00Z,JUPUSDT,0.0001,1.1237,1.1237
2024-12-14T08:00:00Z,JUPUSDT,0.0001,1.1232,1.1232
2024-12-14T16:00:00Z,JUPUSDT,0.0001,1.0857,1.0857
2024-12-15T00:00:00Z,JUPUSDT,0.0001,1.0798,1.0798
2024-12-15T08:00:00Z,JUPUSDT,0.0001,1.0541,1.0541
2024-12-15T16:00:00Z,JUPUSDT,0.0001,1.1017,1.1017
2024-12-16T00:00:00Z,JUPUSDT,0.0001,1.1131,1.1131
2024-12-16T08:00:00Z,JUPUSDT,0.0001,1.0951,1.0951
2024-12-16T16:00:00Z,JUPUSDT,0.0001,1.0644,1.0644
2024-12-17T00:00:00Z,JUPUSDT,0.0001,1.0645,1.0645
2024-12-17T08:00:00Z,JUPUSDT,0.0001,1.0394,1.0394
2024-12-17T16:00:00Z,JUPUSDT,0.0001,1.0303,1.0303
2024-12-18T00:00:00Z,JUPUSDT,0.0001,1.0327,1.0327
2024-12-18T08:00:00Z,JUPUSDT,0.0001,0.9996,0.9996
2024-12-18T16:00:00Z,JUPUSDT,0.0001,1.0038,1.0038
2024-12-19T00:00:00Z,JUPUSDT,0.0001,0.9252,0.9252
2024-12-19T08:00:00Z,JUPUSDT,0.0001,0.9366,0.9366
2024-12-19T16:00:00Z,JUPUSDT,0.0001,0.8959,0.8959
2024-12-20T00:00:00Z,JUPUSDT,0.0001,0.8535,0.8535
2024-12-20T08:00:00Z,JUPUSDT,0.0001,0.8426,0.8426
2024-12-20T16:00:00Z,JUPUSDT,0.0001,0.8388,0.8388
2024-12-21T00:00:00Z,JUPUSDT,0.0001,0.8774,0.8774
2024-12-21T08:00:00Z,JUPUSDT,0.0001,0.9207,0.9207
2024-12-21T16:00:00Z,JUPUSDT,0.0001,0.8464,0.8464
2024-12-22T00:00:00Z,JUPUSDT,0.0001,0.8207,0.8207
2024-12-22T08:00:00Z,JUPUSDT,0.0001,0.8186,0.8186
2024-12-22T16:00:00Z,JUPUSDT,0.0001,0.815,0.815
2024-12-23T00:00:00Z,JUPUSDT,0.0001,0.8136,0.8136
2024-12-23T08:00:00Z,JUPUSDT,0.0001,0.8224,0.8224
2024-12-23T16:00:00Z,JUPUSDT,0.0001,0.8089,0.8089
2024-12-24T00:00:00Z,JUPUSDT,0.0001,0.87,0.87
2024-12-24T08:00:00Z,JUPUSDT,0.0001,0.8594,0.8594
2024-12-24T16:00:00Z,JUPUSDT,0.0001,0.9029,0.9029
2024-12-25T00:00:00Z,JUPUSDT,0.0001,0.8958,0.8958
2024-12-25T08:00:00Z,JUPUSDT,0.0001,0.896,0.896
2024-12-25T16:00:00Z,JUPUSDT,0.0001,0.9013,0.9013
2024-12-26T00:00:00Z,JUPUSDT,0.0001,0.8991,0.8991
2024-12-26T08:00:00Z,JUPUSDT,0.0001,0.8559,0.8559
2024-12-26T16:00:00Z,JUPUSDT,0.0001,0.8374,0.8374
2024-12-27T00:00:00Z,JUPUSDT,0.0001,0.8362,0.8362
2024-12-27T08:00:00Z,JUPUSDT,0.0001,0.8224,0.8224
2024-12-27T16:00:00Z,JUPUSDT,0.0001,0.814,0.814
2024-12-28T00:00:00Z,JUPUSDT,0.0001,0.8131,0.8131
2024-12-28T08:00:00Z,JUPUSDT,0.0001,0.8022,0.8022
2024-12-28T16:00:00Z,JUPUSDT,0.0001,0.827,0.827
2024-12-29T00:00:00Z,JUPUSDT,0.0001,0.8449,0.8449
2024-12-29T08:00:00Z,JUPUSDT,0.0001,0.839,0.839
2024-12-29T16:00:00Z,JUPUSDT,0.0001,0.8269,0.8269
2024-12-30T00:00:00Z,JUPUSDT,0.0001,0.8033,0.8033
2024-12-30T08:00:00Z,JUPUSDT,0.0001,0.8219,0.8219
2024-12-30T16:00:00Z,JUPUSDT,0.0001,0.7947,0.7947
2024-12-31T00:00:00Z,JUPUSDT,0.0001,0.8118,0.8118
2024-12-31T08:00:00Z,JUPUSDT,0.0001,0.8091,0.8091
2024-12-31T16:00:00Z,JUPUSDT,0.0001,0.8454,0.8454
2025-01-01T00:00:00Z,JUPUSDT,0.0001,0.8165,0.8165
2025-01-01T08:00:00Z,JUPUSDT,0.0001,0.8256,0.8256
2025-01-01T16:00:00Z,JUPUSDT,0.0001,0.8373,0.8373
2025-01-02T00:00:00Z,JUPUSDT,0.0001,0.8534,0.8534
2025-01-02T08:00:00Z,JUPUSDT,0.0001,0.904,0.904
2025-01-02T16:00:00Z,JUPUSDT,0.0001,0.9041,0.9041
2025-01-03T00:00:00Z,JUPUSDT,0.0001,0.9234,0.9234
2025-01-03T08:00:00Z,JUPUSDT,0.0001,0.9166,0.9166
2025-01-03T16:00:00Z,JUPUSDT,0.0001,0.9633,0.9633
2025-01-04T00:00:00Z,JUPUSDT,0.0001,0.9619,0.9619
2025-01-04T08:00:00Z,JUPUSDT,0.0001,0.9599,0.9599
2025-01-04T16:00:00Z,JUPUSDT,0.0001,0.9422,0.9422
2025-01-05T00:00:00Z,JUPUSDT,0.0001,0.9552,0.9552
2025-01-05T08:00:00Z,JUPUSDT,0.0001,0.958,0.958
2025-01-05T16:00:00Z,JUPUSDT,0.0001,0.9467,0.9467
2025-01-06T00:00:00Z,JUPUSDT,0.0001,0.9475,0.9475
2025-01-06T08:00:00Z,JUPUSDT,0.0001,0.9443,0.9443
2025-01-06T16:00:00Z,JUPUSDT,0.0001,0.9726,0.9726
2025-01-07T00:00:00Z,JUPUSDT,0.0001,0.9554,0.9554
2025-01-07T08:00:00Z,JUPUSDT,0.0001,0.9499,0.9499
2025-01-07T16:00:00Z,JUPUSDT,0.0001,0.902,0.902
2025-01-08T00:00:00Z,JUPUSDT,0.0001,0.859,0.859
2025-01-08T08:00:00Z,JUPUSDT,0.0001,0.8263,0.8263
2025-01-08T16:00:00Z,JUPUSDT,0.0001,0.8314,0.8314
2025-01-09T00:00:00Z,JUPUSDT,0.0001,0.8275,0.8275
2025-01-09T08:00:00Z,JUPUSDT,0.0001,0.7996,0.7996
2025-01-09T16:00:00Z,JUPUSDT,0.0001,0.8175,0.8175
2025-01-10T00:00:00Z,JUPUSDT,0.0001,0.7918,0.7918
2025-01-10T08:00:00Z,JUPUSDT,0.0001,0.8144,0.8144
2025-01-10T16:00:00Z,JUPUSDT,0.0001,0.7941,0.7941
2025-01-11T00:00:00Z,JUPUSDT,0.0001,0.8015,0.8015
2025-01-11T08:00:00Z,JUPUSDT,0.0001,0.7927,0.7927
2025-01-11T16:00:00Z,JUPUSDT,0.0001,0.7912,0.7912
2025-01-12T00:00:00Z,JUPUSDT,0.0001,0.8156,0.8156
2025-01-12T08:00:00Z,JUPUSDT,0.0001,0.8099,0.8099
2025-01-12T16:00:00Z,JUPUSDT,0.0001,0.8183,0.8183
2025-01-13T00:00:00Z,JUPUSDT,0.0001,0.7996,0.7996
2025-01-13T08:00:00Z,JUPUSDT,0.0001,0.7675,0.7675
2025-01-13T16:00:00Z,JUPUSDT,0.0001,0.7476,0.7476
2025-01-14T00:00:00Z,JUPUSDT,0.0001,0.772,0.772
2025-01-14T08:00:00Z,JUPUSDT,0.0001,0.7839,0.7839
2025-01-14T16:00:00Z,JUPUSDT,0.0001,0.7898,0.7898
2025-01-15T00:00:00Z,JUPUSDT,0.0001,0.8005,0.8005
2025-01-15T08:00:00Z,JUPUSDT,0.0001,0.8034,0.8034
2025-01-15T16:00:00Z,JUPUSDT,0.0001,0.8231,0.8231
2025-01-16T00:00:00Z,JUPUSDT,0.0001,0.8379,0.8379
2025-01-16T08:00:00Z,JUPUSDT,0.0001,0.8101,0.8101
2025-01-16T16:00:00Z,JUPUSDT,0.0001,0.7955,0.7955
2025-01-17T00:00:00Z,JUPUSDT,0.0001,0.7879,0.7879
2025-01-17T08:00:00Z,JUPUSDT,0.0001,0.8001,0.8001
2025-01-17T16:00:00Z,JUPUSDT,0.0001,0.8292,0.8292
2025-01-18T00:00:00Z,JUPUSDT,0.0001,0.839,0.839
2025-01-18T08:00:00Z,JUPUSDT,0.0001,0.8434,0.8434
2025-01-18T16:00:00Z,JUPUSDT,0.0001,1.071,1.071
2025-01-19T00:00:00Z,JUPUSDT,0.0001,1.138,1.138
2025-01-19T08:00:00Z,JUPUSDT,0.0001,1.1759,1.1759
2025-01-19T16:00:00Z,JUPUSDT,0.0001,1.0571,1.0571
2025-01-20T00:00:00Z,JUPUSDT,0.0001,0.9624,0.9624
2025-01-20T08:00:00Z,JUPUSDT,0.0001,1.0092,1.0092
2025-01-20T16:00:00Z,JUPUSDT,0.0001,0.9637,0.9637
2025-01-21T00:00:00Z,JUPUSDT,0.0001,0.9374,0.9374
2025-01-21T08:00:00Z,JUPUSDT,0.0001,0.8872,0.8872
2025-01-21T16:00:00Z,JUPUSDT,0.0001,0.8589,0.8589
2025-01-22T00:00:00Z,JUPUSDT,0.0001,0.8792,0.8792
2025-01-22T08:00:00Z,JUPUSDT,0.0001,0.9019,0.9019
2025-01-22T16:00:00Z,JUPUSDT,0.0001,0.8512,0.8512
2025-01-23T00:00:00Z,JUPUSDT,0.0001,0.7973,0.7973
2025-01-23T08:00:00Z,JUPUSDT,0.0001,0.7942,0.7942
2025-01-23T16:00:00Z,JUPUSDT,0.0001,0.7774,0.7774
2025-01-24T00:00:00Z,JUPUSDT,0.0001,0.7973,0.7973
2025-01-24T08:00:00Z,JUPUSDT,0.0001,0.8639,0.8639
2025-01-24T16:00:00Z,JUPUSDT,0.0001,0.8409,0.8409
2025-01-25T00:00:00Z,JUPUSDT,0.0001,0.8463,0.8463
2025-01-25T08:00:00Z,JUPUSDT,0.0001,0.8443,0.8443
2025-01-25T16:00:00Z,JUPUSDT,0.0001,0.9725,0.9725
2025-01-26T00:00:00Z,JUPUSDT,0.0001,0.9648,0.9648
2025-01-26T08:00:00Z,JUPUSDT,0.0001,0.936,0.936
2025-01-26T16:00:00Z,JUPUSDT,0.0001,1.2524,1.2524
2025-01-27T00:00:00Z,JUPUSDT,0.0001,1.0562,1.0562
2025-01-27T08:00:00Z,JUPUSDT,0.0001,0.9743,0.9743
2025-01-27T16:00:00Z,JUPUSDT,0.0001,1.0535,1.0535
2025-01-28T00:00:00Z,JUPUSDT,0.0001,1.137,1.137
2025-01-28T08:00:00Z,JUPUSDT,0.0001,1.2163,1.2163
2025-01-28T16:00:00Z,JUPUSDT,0.0001,1.1971,1.1971
2025-01-29T00:00:00Z,JUPUSDT,0.0001,1.1166,1.1166
2025-01-29T08:00:00Z,JUPUSDT,0.0001,1.1236,1.1236
2025-01-29T16:00:00Z,JUPUSDT,0.0001,1.0783,1.0783
2025-01-30T00:00:00Z,JUPUSDT,0.0001,1.0888,1.0888
2025-01-30T08:00:00Z,JUPUSDT,0.0001,1.1152,1.1152
2025-01-30T16:00:00Z,JUPUSDT,0.0001,1.0965,1.0965
2025-01-31T00:00:00Z,JUPUSDT,0.0001,1.0922,1.0922
2025-01-31T08:00:00Z,JUPUSDT,0.0001,1.0322,1.0322
2025-01-31T16:00:00Z,JUPUSDT,0.0001,1.0701,1.0701
2025-02-01T00:00:00Z,JUPUSDT,0.0001,1.0378,1.0378
2025-02-01T08:00:00Z,JUPUSDT,0.0001,1.0132,1.0132
2025-02-01T16:00:00Z,JUPUSDT,0.0001,1.0006,1.0006
2025-02-02T00:00:00Z,JUPUSDT,0.0001,0.9224,0.9224
2025-02-02T08:00:00Z,JUPUSDT,0.0001,0.9582,0.9582
2025-02-02T16:00:00Z,JUPUSDT,0.0001,0.9567,0.9567
2025-02-03T00:00:00Z,JUPUSDT,0.0001,0.9153,0.9153
2025-02-03T08:00:00Z,JUPUSDT,0.0001,0.8862,0.8862
2025-02-03T16:00:00Z,JUPUSDT,0.0001,0.9211,0.9211
2025-02-04T00:00:00Z,JUPUSDT,0.0001,1.0064,1.0064
2025-02-04T08:00:00Z,JUPUSDT,0.0001,0.9304,0.9304
2025-02-04T16:00:00Z,JUPUSDT,0.0001,1.0002,1.0002
2025-02-05T00:00:00Z,JUPUSDT,0.0001,0.9606,0.9606
2025-02-05T08:00:00Z,JUPUSDT,0.0001,0.9329,0.9329
2025-02-05T16:00:00Z,JUPUSDT,0.0001,0.9225,0.9225
2025-02-06T00:00:00Z,JUPUSDT,0.0001,0.8875,0.8875
2025-02-06T08:00:00Z,JUPUSDT,0.0001,0.8956,0.8956
2025-02-06T16:00:00Z,JUPUSDT,0.0001,0.8418,0.8418
2025-02-07T00:00:00Z,JUPUSDT,0.0001,0.829,0.829
2025-02-07T08:00:00Z,JUPUSDT,0.0001,0.8257,0.8257
2025-02-07T16:00:00Z,JUPUSDT,0.0001,0.8477,0.8477
2025-02-08T00:00:00Z,JUPUSDT,0.0001,0.796,0.796
2025-02-08T08:00:00Z,JUPUSDT,0.0001,0.7977,0.7977
2025-02-08T16:00:00Z,JUPUSDT,0.0001,0.8038,0.8038
2025-02-09T00:00:00Z,JUPUSDT,0.0001,0.8398,0.8398
2025-02-09T08:00:00Z,JUPUSDT,0.0001,0.85,0.85
2025-02-09T16:00:00Z,JUPUSDT,0.0001,0.8329,0.8329
2025-02-10T00:00:00Z,JUPUSDT,0.0001,0.8349,0.8349
2025-02-10T08:00:00Z,JUPUSDT,0.0001,0.8348,0.8348
2025-02-10T16:00:00Z,JUPUSDT,0.0001,0.8421,0.8421
2025-02-11T00:00:00Z,JUPUSDT,0.0001,0.8354,0.8354
2025-02-11T08:00:00Z,JUPUSDT,0.0001,0.8703,0.8703
2025-02-11T16:00:00Z,JUPUSDT,0.0001,0.8343,0.8343
2025-02-12T00:00:00Z,JUPUSDT,0.0001,0.8223,0.8223
2025-02-12T08:00:00Z,JUPUSDT,0.0001,0.805,0.805
2025-02-12T16:00:00Z,JUPUSDT,0.0001,0.8127,0.8127
2025-02-13T00:00:00Z,JUPUSDT,0.0001,0.8608,0.8608
2025-02-13T08:00:00Z,JUPUSDT,0.0001,0.8368,0.8368
2025-02-13T16:00:00Z,JUPUSDT,0.0001,0.8271,0.8271
2025-02-14T00:00:00Z,JUPUSDT,0.0001,0.8531,0.8531
2025-02-14T08:00:00Z,JUPUSDT,0.0001,0.9213,0.9213
2025-02-14T16:00:00Z,JUPUSDT,0.0001,0.9667,0.9667
2025-02-15T00:00:00Z,JUPUSDT,0.0001,0.9563,0.9563
2025-02-15T08:00:00Z,JUPUSDT,0.0001,0.9437,0.9437
2025-02-15T16:00:00Z,JUPUSDT,0.0001,0.9195,0.9195
2025-02-16T00:00:00Z,JUPUSDT,0.0001,0.9307,0.9307
2025-02-16T08:00:00Z,JUPUSDT,0.0001,0.9205,0.9205
2025-02-16T16:00:00Z,JUPUSDT,0.0001,0.8747,0.8747
2025-02-17T00:00:00Z,JUPUSDT,0.0001,0.8788,0.8788
2025-02-17T08:00:00Z,JUPUSDT,0.0001,0.8086,0.8086
2025-02-17T16:00:00Z,JUPUSDT,0.0001,0.8107,0.8107
2025-02-18T00:00:00Z,JUPUSDT,0.0001,0.8128,0.8128
2025-02-18T08:00:00Z,JUPUSDT,0.0001,0.7333,0.7333
2025-02-18T16:00:00Z,JUPUSDT,0.0001,0.6974,0.6974
2025-02-19T00:00:00Z,JUPUSDT,0.0001,0.7211,0.7211
2025-02-19T08:00:00Z,JUPUSDT,0.0001,0.7193,0.7193
2025-02-19T16:00:00Z,JUPUSDT,0.0001,0.7232,0.7232
2025-02-20T00:00:00Z,JUPUSDT,0.0001,0.7189,0.7189
2025-02-20T08:00:00Z,JUPUSDT,0.0001,0.743,0.743
2025-02-20T16:00:00Z,JUPUSDT,0.0001,0.7573,0.7573
2025-02-21T00:00:00Z,JUPUSDT,0.0001,0.7866,0.7866
2025-02-21T08:00:00Z,JUPUSDT,0.0001,0.7893,0.7893
2025-02-21T16:00:00Z,JUPUSDT,0.0001,0.7924,0.7924
2025-02-22T00:00:00Z,JUPUSDT,0.0001,0.7659,0.7659
2025-02-22T08:00:00Z,JUPUSDT,0.0001,0.7973,0.7973
2025-02-22T16:00:00Z,JUPUSDT,0.0001,0.8027,0.8027
2025-02-23T00:00:00Z,JUPUSDT,0.0001,0.789,0.789
2025-02-23T08:00:00Z,JUPUSDT,0.0001,0.794,0.794
2025-02-23T16:00:00Z,JUPUSDT,0.0001,0.7614,0.7614
2025-02-24T00:00:00Z,JUPUSDT,0.0001,0.7745,0.7745
2025-02-24T08:00:00Z,JUPUSDT,0.0001,0.7392,0.7392
2025-02-24T16:00:00Z,JUPUSDT,0.0001,0.7196,0.7196
2025-02-25T00:00:00Z,JUPUSDT,0.0001,0.6857,0.6857
2025-02-25T08:00:00Z,JUPUSDT,0.0001,0.6494,0.6494
2025-02-25T16:00:00Z,JUPUSDT,0.0001,0.6857,0.6857
2025-02-26T00:00:00Z,JUPUSDT,0.0001,0.6988,0.6988
2025-02-26T08:00:00Z,JUPUSDT,0.0001,0.7,0.7
2025-02-26T16:00:00Z,JUPUSDT,0.0001,0.7015,0.7015
2025-02-27T00:00:00Z,JUPUSDT,0.0001,0.7297,0.7297
2025-02-27T08:00:00Z,JUPUSDT,0.0001,0.7362,0.7362
2025-02-27T16:00:00Z,JUPUSDT,0.0001,0.7206,0.7206
2025-02-28T00:00:00Z,JUPUSDT,0.0001,0.721,0.721
2025-02-28T08:00:00Z,JUPUSDT,0.0001,0.6842,0.6842
2025-02-28T16:00:00Z,JUPUSDT,0.0001,0.7389,0.7389
2025-03-01T00:00:00Z,JUPUSDT,0.0001,0.7556,0.7556
2025-03-01T08:00:00Z,JUPUSDT,0.0001,0.7483,0.7483
2025-03-01T16:00:00Z,JUPUSDT,0.0001,0.7342,0.7342
2025-03-02T00:00:00Z,JUPUSDT,0.0001,0.7543,0.7543
2025-03-02T08:00:00Z,JUPUSDT,0.0001,0.7528,0.7528
2025-03-02T16:00:00Z,JUPUSDT,0.0001,0.7932,0.7932
2025-03-03T00:00:00Z,JUPUSDT,0.0001,0.8359,0.8359
2025-03-03T08:00:00Z,JUPUSDT,0.0001,0.7647,0.7647
2025-03-03T16:00:00Z,JUPUSDT,0.0001,0.7301,0.7301
2025-03-04T00:00:00Z,JUPUSDT,0.0001,0.6697,0.6697
2025-03-04T08:00:00Z,JUPUSDT,0.0001,0.6405,0.6405
2025-03-04T16:00:00Z,JUPUSDT,0.0001,0.6304,0.6304
2025-03-05T00:00:00Z,JUPUSDT,0.0001,0.6441,0.6441
2025-03-05T08:00:00Z,JUPUSDT,0.0001,0.633,0.633
2025-03-05T16:00:00Z,JUPUSDT,0.0001,0.6337,0.6337
2025-03-06T00:00:00Z,JUPUSDT,0.0001,0.6314,0.6314
2025-03-06T08:00:00Z,JUPUSDT,0.0001,0.6316,0.6316
2025-03-06T16:00:00Z,JUPUSDT,0.0001,0.6309,0.6309
2025-03-07T00:00:00Z,JUPUSDT,0.0001,0.6089,0.6089
2025-03-07T08:00:00Z,JUPUSDT,0.0001,0.6062,0.6062
2025-03-07T16:00:00Z,JUPUSDT,0.0001,0.5921,0.5921
2025-03-08T00:00:00Z,JUPUSDT,0.0001,0.5751,0.5751
2025-03-08T08:00:00Z,JUPUSDT,0.0001,0.5616,0.5616
2025-03-08T16:00:00Z,JUPUSDT,0.0001,0.5511,0.5511
2025-03-09T00:00:00Z,JUPUSDT,0.0001,0.5512,0.5512
2025-03-09T08:00:00Z,JUPUSDT,0.0001,0.5562,0.5562
2025-03-09T16:00:00Z,JUPUSDT,0.0001,0.5217,0.5217
2025-03-10T00:00:00Z,JUPUSDT,0.0001,0.491,0.491
2025-03-10T08:00:00Z,JUPUSDT,0.0001,0.5122,0.5122
2025-03-10T16:00:00Z,JUPUSDT,0.0001,0.4949,0.4949
2025-03-11T00:00:00Z,JUPUSDT,0.0001,0.4812,0.4812
2025-03-11T08:00:00Z,JUPUSDT,0.0001,0.4912,0.4912
2025-03-11T16:00:00Z,JUPUSDT,0.0001,0.5122,0.5122
2025-03-12T00:00:00Z,JUPUSDT,0.0001,0.5155,0.5155
2025-03-12T08:00:00Z,JUPUSDT,0.0001,0.5118,0.5118
2025-03-12T16:00:00Z,JUPUSDT,0.0001,0.5087,0.5087
2025-03-13T00:00:00Z,JUPUSDT,0.0001,0.5136,0.5136
2025-03-13T08:00:00Z,JUPUSDT,0.0001,0.5029,0.5029
2025-03-13T16:00:00Z,JUPUSDT,0.0001,0.5005,0.5005
2025-03-14T00:00:00Z,JUPUSDT,0.0001,0.5012,0.5012
2025-03-14T08:00:00Z,JUPUSDT,-0.000014895373533348,0.5071,0.5071
2025-03-14T16:00:00Z,JUPUSDT,0.0001,0.5288,0.5288
2025-03-15T00:00:00Z,JUPUSDT,0.0001,0.5285,0.5285
2025-03-15T08:00:00Z,JUPUSDT,0.0001,0.5275,0.5275
2025-03-15T16:00:00Z,JUPUSDT,0.0001,0.532,0.532
2025-03-16T00:00:00Z,JUPUSDT,0.0001,0.5315,0.5315
2025-03-16T08:00:00Z,JUPUSDT,0.0001,0.5299,0.5299
2025-03-16T16:00:00Z,JUPUSDT,0.000029368807354396,0.5022,0.5022
2025-03-17T00:00:00Z,JUPUSDT,0.0001,0.489,0.489
2025-03-17T08:00:00Z,JUPUSDT,0.0001,0.5128,0.5128
2025-03-17T16:00:00Z,JUPUSDT,0.0001,0.5165,0.5165
2025-03-18T00:00:00Z,JUPUSDT,0.0001,0.5201,0.5201
2025-03-18T08:00:00Z,JUPUSDT,0.0001,0.5125,0.5125
2025-03-18T16:00:00Z,JUPUSDT,0.0001,0.495,0.495
2025-03-19T00:00:00Z,JUPUSDT,0.0001,0.5103,0.5103
2025-03-19T08:00:00Z,JUPUSDT,0.0001,0.5128,0.5128
2025-03-19T16:00:00Z,JUPUSDT,0.0001,0.5385,0.5385
2025-03-20T00:00:00Z,JUPUSDT,0.0001,0.5451,0.5451
2025-03-20T08:00:00Z,JUPUSDT,0.0001,0.5414,0.5414
2025-03-20T16:00:00Z,JUPUSDT,0.0001,0.5258,0.5258
2025-03-21T00:00:00Z,JUPUSDT,0.0001,0.5272,0.5272
2025-03-21T08:00:00Z,JUPUSDT,0.0001,0.5199,0.5199
2025-03-21T16:00:00Z,JUPUSDT,0.0001,0.5068,0.5068
2025-03-22T00:00:00Z,JUPUSDT,0.0001,0.5184,0.5184
2025-03-22T08:00:00Z,JUPUSDT,0.0001,0.5252,0.5252
2025-03-22T16:00:00Z,JUPUSDT,0.0001,0.5249,0.5249
2025-03-23T00:00:00Z,JUPUSDT,0.0001,0.5222,0.5222
2025-03-23T08:00:00Z,JUPUSDT,0.0001,0.5438,0.5438
2025-03-23T16:00:00Z,JUPUSDT,0.0001,0.5498,0.5498
2025-03-24T00:00:00Z,JUPUSDT,0.0001,0.5445,0.5445
2025-03-24T08:00:00Z,JUPUSDT,0.0001,0.5583,0.5583
2025-03-24T16:00:00Z,JUPUSDT,0.0001,0.5716,0.5716
2025-03-25T00:00:00Z,JUPUSDT,0.0001,0.5667,0.5667
2025-03-25T08:00:00Z,JUPUSDT,0.0001,0.5571,0.5571
2025-03-25T16:00:00Z,JUPUSDT,0.0001,0.5681,0.5681
2025-03-26T00:00:00Z,JUPUSDT,0.0001,0.5596,0.5596
2025-03-26T08:00:00Z,JUPUSDT,0.0001,0.5733,0.5733
2025-03-26T16:00:00Z,JUPUSDT,0.0001,0.5449,0.5449
2025-03-27T00:00:00Z,JUPUSDT,0.0001,0.5366,0.5366
2025-03-27T08:00:00Z,JUPUSDT,0.0001,0.5518,0.5518
2025-03-27T16:00:00Z,JUPUSDT,0.0001,0.541,0.541
2025-03-28T00:00:00Z,JUPUSDT,0.0001,0.5461,0.5461
2025-03-28T08:00:00Z,JUPUSDT,0.0001,0.5156,0.5156
2025-03-28T16:00:00Z,JUPUSDT,0.0001,0.5018,0.5018
2025-03-29T00:00:00Z,JUPUSDT,0.0001,0.4963,0.4963
2025-03-29T08:00:00Z,JUPUSDT,0.0001,0.4767,0.4767
2025-03-29T16:00:00Z,JUPUSDT,0.0001,0.4628,0.4628
2025-03-30T00:00:00Z,JUPUSDT,0.0001,0.4714,0.4714
2025-03-30T08:00:00Z,JUPUSDT,0.0001,0.4841,0.4841
2025-03-30T16:00:00Z,JUPUSDT,0.0001,0.4842,0.4842
2025-03-31T00:00:00Z,JUPUSDT,0.0001,0.4818,0.4818
2025-03-31T08:00:00Z,JUPUSDT,0.0001,0.4732,0.4732
2025-03-31T16:00:00Z,JUPUSDT,0.0001,0.4428,0.4428
2025-04-01T00:00:00Z,JUPUSDT,0.0001,0.4226,0.4226
2025-04-01T08:00:00Z,JUPUSDT,0.0001,0.4306,0.4306
2025-04-01T16:00:00Z,JUPUSDT,0.0001,0.4289,0.4289
2025-04-02T00:00:00Z,JUPUSDT,0.0001,0.4247,0.4247
2025-04-02T08:00:00Z,JUPUSDT,0.0001,0.3985,0.3985
2025-04-02T16:00:00Z,JUPUSDT,0.0001,0.4183,0.4183
2025-04-03T00:00:00Z,JUPUSDT,0.0001,0.3794,0.3794
2025-04-03T08:00:00Z,JUPUSDT,0.0001,0.3789,0.3789
2025-04-03T16:00:00Z,JUPUSDT,0.0001,0.3632,0.3632
2025-04-04T00:00:00Z,JUPUSDT,0.0001,0.3901,0.3901
2025-04-04T08:00:00Z,JUPUSDT,0.0001,0.3959,0.3959
2025-04-04T16:00:00Z,JUPUSDT,0.0001,0.3906,0.3906
2025-04-05T00:00:00Z,JUPUSDT,0.0001,0.4051,0.4051
2025-04-05T08:00:00Z,JUPUSDT,0.0001,0.4027,0.4027
2025-04-05T16:00:00Z,JUPUSDT,0.0001,0.3846,0.3846
2025-04-06T00:00:00Z,JUPUSDT,0.0001,0.3852,0.3852
2025-04-06T08:00:00Z,JUPUSDT,0.0001,0.3788,0.3788
2025-04-06T16:00:00Z,JUPUSDT,0.0001,0.3673,0.3673
2025-04-07T00:00:00Z,JUPUSDT,0.0001,0.3374,0.3374
2025-04-07T08:00:00Z,JUPUSDT,0.0001,0.3124,0.3124
2025-04-07T16:00:00Z,JUPUSDT,0.0001,0.3376,0.3376
2025-04-08T00:00:00Z,JUPUSDT,0.0001,0.3401,0.3401
2025-04-08T08:00:00Z,JUPUSDT,0.0001,0.3363,0.3363
2025-04-08T16:00:00Z,JUPUSDT,0.0001,0.3394,0.3394
2025-04-09T00:00:00Z,JUPUSDT,0.0001,0.334,0.334
2025-04-09T08:00:00Z,JUPUSDT,0.0001,0.3423,0.3423
2025-04-09T16:00:00Z,JUPUSDT,0.0001,0.3484,0.3484
2025-04-10T00:00:00Z,JUPUSDT,0.0001,0.3785,0.3785
2025-04-10T08:00:00Z,JUPUSDT,0.0001,0.3698,0.3698
2025-04-10T16:00:00Z,JUPUSDT,0.0001,0.3524,0.3524
2025-04-11T00:00:00Z,JUPUSDT,0.0001,0.3628,0.3628
2025-04-11T08:00:00Z,JUPUSDT,0.0001,0.3682,0.3682
2025-04-11T16:00:00Z,JUPUSDT,0.0001,0.3805,0.3805
2025-04-12T00:00:00Z,JUPUSDT,0.0001,0.3836,0.3836
2025-04-12T08:00:00Z,JUPUSDT,0.0001,0.3861,0.3861
2025-04-12T16:00:00Z,JUPUSDT,0.0001,0.4084,0.4084
2025-04-13T00:00:00Z,JUPUSDT,0.0001,0.4063,0.4063
2025-04-13T08:00:00Z,JUPUSDT,0.0001,0.397,0.397
2025-04-13T16:00:00Z,JUPUSDT,0.0001,0.3956,0.3956
2025-04-14T00:00:00Z,JUPUSDT,0.0001,0.3818,0.3818
2025-04-14T08:00:00Z,JUPUSDT,0.0001,0.3871,0.3871
2025-04-14T16:00:00Z,JUPUSDT,0.0001,0.3758,0.3758
2025-04-15T00:00:00Z,JUPUSDT,0.0001,0.3812,0.3812
2025-04-15T08:00:00Z,JUPUSDT,0.0001,0.3818,0.3818
2025-04-15T16:00:00Z,JUPUSDT,0.0001,0.3756,0.3756
2025-04-16T00:00:00Z,JUPUSDT,0.0001,0.3548,0.3548
2025-04-16T08:00:00Z,JUPUSDT,0.0001,0.3545,0.3545
2025-04-16T16:00:00Z,JUPUSDT,0.0001,0.3611,0.3611
2025-04-17T00:00:00Z,JUPUSDT,0.0001,0.3615,0.3615
2025-04-17T08:00:00Z,JUPUSDT,0.0001,0.3697,0.3697
2025-04-17T16:00:00Z,JUPUSDT,0.0001,0.3656,0.3656
2025-04-18T00:00:00Z,JUPUSDT,0.0001,0.3672,0.3672
2025-04-18T08:00:00Z,JUPUSDT,0.0001,0.3774,0.3774
2025-04-18T16:00:00Z,JUPUSDT,0.0001,0.3732,0.3732
2025-04-19T00:00:00Z,JUPUSDT,0.0001,0.3732,0.3732
2025-04-19T08:00:00Z,JUPUSDT,0.0001,0.3852,0.3852
2025-04-19T16:00:00Z,JUPUSDT,0.0001,0.3893,0.3893
2025-04-20T00:00:00Z,JUPUSDT,0.0001,0.3965,0.3965
2025-04-20T08:00:00Z,JUPUSDT,0.0001,0.4013,0.4013
2025-04-20T16:00:00Z,JUPUSDT,0.0001,0.382,0.382
2025-04-21T00:00:00Z,JUPUSDT,0.0001,0.3929,0.3929
2025-04-21T08:00:00Z,JUPUSDT,0.0001,0.3999,0.3999
2025-04-21T16:00:00Z,JUPUSDT,0.0001,0.4024,0.4024
2025-04-22T00:00:00Z,JUPUSDT,0.0001,0.4048,0.4048
2025-04-22T08:00:00Z,JUPUSDT,0.0001,0.4089,0.4089
2025-04-22T16:00:00Z,JUPUSDT,0.0001,0.4281,0.4281
2025-04-23T00:00:00Z,JUPUSDT,0.0001,0.4406,0.4406
2025-04-23T08:00:00Z,JUPUSDT,0.0001,0.4501,0.4501
2025-04-23T16:00:00Z,JUPUSDT,0.0001,0.4574,0.4574
2025-04-24T00:00:00Z,JUPUSDT,0.0001,0.4537,0.4537
2025-04-24T08:00:00Z,JUPUSDT,0.0001,0.4314,0.4314
2025-04-24T16:00:00Z,JUPUSDT,0.0001,0.4486,0.4486
2025-04-25T00:00:00Z,JUPUSDT,0.0001,0.4576,0.4576
2025-04-25T08:00:00Z,JUPUSDT,0.0001,0.4798,0.4798
2025-04-25T16:00:00Z,JUPUSDT,0.0001,0.489,0.489
2025-04-26T00:00:00Z,JUPUSDT,0.0001,0.4838,0.4838
2025-04-26T08:00:00Z,JUPUSDT,0.0001,0.4958,0.4958
2025-04-26T16:00:00Z,JUPUSDT,0.0001,0.4846,0.4846
2025-04-27T00:00:00Z,JUPUSDT,0.0001,0.4807,0.4807
2025-04-27T08:00:00Z,JUPUSDT,0.0001,0.4632,0.4632
2025-04-27T16:00:00Z,JUPUSDT,0.0001,0.4651,0.4651
2025-04-28T00:00:00Z,JUPUSDT,0.0001,0.4637,0.4637
2025-04-28T08:00:00Z,JUPUSDT,0.0001,0.4772,0.4772
2025-04-28T16:00:00Z,JUPUSDT,0.0001,0.454,0.454
2025-04-29T00:00:00Z,JUPUSDT,0.0001,0.4684,0.4684
2025-04-29T08:00:00Z,JUPUSDT,0.0001,0.4712,0.4712
2025-04-29T16:00:00Z,JUPUSDT,0.0001,0.4674,0.4674
2025-04-30T00:00:00Z,JUPUSDT,0.0001,0.4476,0.4476
2025-04-30T08:00:00Z,JUPUSDT,0.0001,0.4535,0.4535
2025-04-30T16:00:00Z,JUPUSDT,0.0001,0.4458,0.4458
2025-05-01T00:00:00Z,JUPUSDT,0.0001,0.469,0.469
2025-05-01T08:00:00Z,JUPUSDT,0.0001,0.48,0.48
2025-05-01T16:00:00Z,JUPUSDT,0.0001,0.4592,0.4592
2025-05-02T00:00:00Z,JUPUSDT,0.0001,0.4659,0.4659
2025-05-02T08:00:00Z,JUPUSDT,0.0001,0.4551,0.4551
2025-05-02T16:00:00Z,JUPUSDT,0.0001,0.456,0.456
2025-05-03T00:00:00Z,JUPUSDT,0.0001,0.4627,0.4627
2025-05-03T08:00:00Z,JUPUSDT,0.0001,0.4512,0.4512
2025-05-03T16:00:00Z,JUPUSDT,0.0001,0.4411,0.4411
2025-05-04T00:00:00Z,JUPUSDT,0.0001,0.4312,0.4312
2025-05-04T08:00:00Z,JUPUSDT,0.0001,0.4264,0.4264
2025-05-04T16:00:00Z,JUPUSDT,0.0001,0.4281,0.4281
2025-05-05T00:00:00Z,JUPUSDT,0.0001,0.428,0.428
2025-05-05T08:00:00Z,JUPUSDT,0.0001,0.4356,0.4356
2025-05-05T16:00:00Z,JUPUSDT,0.0001,0.4248,0.4248
2025-05-06T00:00:00Z,JUPUSDT,0.0001,0.4285,0.4285
2025-05-06T08:00:00Z,JUPUSDT,0.0001,0.4272,0.4272
2025-05-06T16:00:00Z,JUPUSDT,0.0001,0.4149,0.4149
2025-05-07T00:00:00Z,JUPUSDT,0.0001,0.4211,0.4211
2025-05-07T08:00:00Z,JUPUSDT,0.0001,0.421,0.421
2025-05-07T16:00:00Z,JUPUSDT,0.0001,0.4147,0.4147
2025-05-08T00:00:00Z,JUPUSDT,0.0001,0.4306,0.4306
2025-05-08T08:00:00Z,JUPUSDT,0.0001,0.4448,0.4448
2025-05-08T16:00:00Z,JUPUSDT,0.0001,0.4615,0.4615
2025-05-09T00:00:00Z,JUPUSDT,0.0001,0.4769,0.4769
2025-05-09T08:00:00Z,JUPUSDT,0.0001,0.5089,0.5089
2025-05-09T16:00:00Z,JUPUSDT,0.0001,0.534,0.534
2025-05-10T00:00:00Z,JUPUSDT,0.0001,0.5434,0.5434
2025-05-10T08:00:00Z,JUPUSDT,0.0001,0.5488,0.5488
2025-05-10T16:00:00Z,JUPUSDT,0.0001,0.5206,0.5206
2025-05-11T00:00:00Z,JUPUSDT,0.0001,0.5742,0.5742
2025-05-11T08:00:00Z,JUPUSDT,0.0001,0.5489,0.5489
2025-05-11T16:00:00Z,JUPUSDT,0.0001,0.5546,0.5546
2025-05-12T00:00:00Z,JUPUSDT,0.0001,0.5591,0.5591
2025-05-12T08:00:00Z,JUPUSDT,0.0001,0.5807,0.5807
2025-05-12T16:00:00Z,JUPUSDT,0.0001,0.5544,0.5544
2025-05-13T00:00:00Z,JUPUSDT,0.0001,0.5605,0.5605
2025-05-13T08:00:00Z,JUPUSDT,0.0001,0.5451,0.5451
2025-05-13T16:00:00Z,JUPUSDT,0.0001,0.5573,0.5573
2025-05-14T00:00:00Z,JUPUSDT,0.0001,0.5648,0.5648
2025-05-14T08:00:00Z,JUPUSDT,0.0001,0.5701,0.5701
2025-05-14T16:00:00Z,JUPUSDT,0.0001,0.555,0.555
2025-05-15T00:00:00Z,JUPUSDT,0.0001,0.5252,0.5252
2025-05-15T08:00:00Z,JUPUSDT,0.0001,0.4942,0.4942
2025-05-15T16:00:00Z,JUPUSDT,0.0001,0.5134,0.5134
2025-05-16T00:00:00Z,JUPUSDT,0.0001,0.4984,0.4984
2025-05-16T08:00:00Z,JUPUSDT,0.0001,0.5079,0.5079
2025-05-16T16:00:00Z,JUPUSDT,0.0001,0.5098,0.5098
2025-05-17T00:00:00Z,JUPUSDT,0.0001,0.4942,0.4942
2025-05-17T08:00:00Z,JUPUSDT,0.000083274722971179,0.4914,0.4914
2025-05-17T16:00:00Z,JUPUSDT,0.0001,0.4799,0.4799
2025-05-18T00:00:00Z,JUPUSDT,0.0001,0.4755,0.4755
2025-05-18T08:00:00Z,JUPUSDT,0.0001,0.5118,0.5118
2025-05-18T16:00:00Z,JUPUSDT,0.0001,0.5296,0.5296
2025-05-19T00:00:00Z,JUPUSDT,0.0001,0.5117,0.5117
2025-05-19T08:00:00Z,JUPUSDT,0.0001,0.4761,0.4761
2025-05-19T16:00:00Z,JUPUSDT,0.0001,0.4821,0.4821
2025-05-20T00:00:00Z,JUPUSDT,0.0001,0.487,0.487
2025-05-20T08:00:00Z,JUPUSDT,0.0001,0.4905,0.4905
2025-05-20T16:00:00Z,JUPUSDT,0.0001,0.5009,0.5009
2025-05-21T00:00:00Z,JUPUSDT,0.0001,0.505,0.505
2025-05-21T08:00:00Z,JUPUSDT,0.0001,0.5221,0.5221
2025-05-21T16:00:00Z,JUPUSDT,0.0001,0.5309,0.5309
2025-05-22T00:00:00Z,JUPUSDT,0.0001,0.5187,0.5187
2025-05-22T08:00:00Z,JUPUSDT,0.0001,0.5463,0.5463
2025-05-22T16:00:00Z,JUPUSDT,0.0001,0.5706,0.5706
2025-05-23T00:00:00Z,JUPUSDT,0.0001,0.5821,0.5821
2025-05-23T08:00:00Z,JUPUSDT,0.0001,0.5953,0.5953
2025-05-23T16:00:00Z,JUPUSDT,0.0001,0.6094,0.6094
2025-05-24T00:00:00Z,JUPUSDT,0.0001,0.5567,0.5567
2025-05-24T08:00:00Z,JUPUSDT,0.000052079288786585,0.5555,0.5555
2025-05-24T16:00:00Z,JUPUSDT,0.0001,0.5582,0.5582
2025-05-25T00:00:00Z,JUPUSDT,0.0001,0.5455,0.5455
2025-05-25T08:00:00Z,JUPUSDT,0.0001,0.5288,0.5288
2025-05-25T16:00:00Z,JUPUSDT,0.0001,0.513,0.513
2025-05-26T00:00:00Z,JUPUSDT,0.0001,0.5581,0.5581
2025-05-26T08:00:00Z,JUPUSDT,0.0001,0.621,0.621
2025-05-26T16:00:00Z,JUPUSDT,0.0001,0.6116,0.6116
2025-05-27T00:00:00Z,JUPUSDT,0.0001,0.6076,0.6076
2025-05-27T08:00:00Z,JUPUSDT,0.0001,0.6172,0.6172
2025-05-27T16:00:00Z,JUPUSDT,0.0001,0.628,0.628
2025-05-28T00:00:00Z,JUPUSDT,0.0001,0.6337,0.6337
2025-05-28T08:00:00Z,JUPUSDT,0.0001,0.6179,0.6179
2025-05-28T16:00:00Z,JUPUSDT,0.0001,0.5925,0.5925
2025-05-29T00:00:00Z,JUPUSDT,0.0001,0.597,0.597
2025-05-29T08:00:00Z,JUPUSDT,0.0001,0.5959,0.5959
2025-05-29T16:00:00Z,JUPUSDT,0.0001,0.5793,0.5793
2025-05-30T00:00:00Z,JUPUSDT,0.0001,0.5776,0.5776
2025-05-30T08:00:00Z,JUPUSDT,0.0001,0.5557,0.5557
2025-05-30T16:00:00Z,JUPUSDT,0.0001,0.5555,0.5555
2025-05-31T00:00:00Z,JUPUSDT,0.0001,0.5177,0.5177
2025-05-31T08:00:00Z,JUPUSDT,0.0001,0.5102,0.5102
2025-05-31T16:00:00Z,JUPUSDT,0.0001,0.5238,0.5238
2025-06-01T00:00:00Z,JUPUSDT,0.0001,0.5243,0.5243
2025-06-01T08:00:00Z,JUPUSDT,0.0001,0.5199,0.5199
2025-06-01T16:00:00Z,JUPUSDT,0.0001,0.523,0.523
2025-06-02T00:00:00Z,JUPUSDT,0.0001,0.5319,0.5319
2025-06-02T08:00:00Z,JUPUSDT,0.0001,0.5173,0.5173
2025-06-02T16:00:00Z,JUPUSDT,0.0001,0.5189,0.5189
2025-06-03T00:00:00Z,JUPUSDT,0.0001,0.5406,0.5406
2025-06-03T08:00:00Z,JUPUSDT,0.0001,0.544,0.544
2025-06-03T16:00:00Z,JUPUSDT,0.0001,0.5504,0.5504
2025-06-04T00:00:00Z,JUPUSDT,0.0001,0.538,0.538
2025-06-04T08:00:00Z,JUPUSDT,0.0001,0.5467,0.5467
2025-06-04T16:00:00Z,JUPUSDT,0.0001,0.547,0.547
2025-06-05T00:00:00Z,JUPUSDT,0.0001,0.5161,0.5161
2025-06-05T08:00:00Z,JUPUSDT,0.0001,0.5126,0.5126
2025-06-05T16:00:00Z,JUPUSDT,0.0001,0.4902,0.4902
2025-06-06T00:00:00Z,JUPUSDT,0.0001,0.4557,0.4557
2025-06-06T08:00:00Z,JUPUSDT,0.0001,0.4611,0.4611
2025-06-06T16:00:00Z,JUPUSDT,0.0001,0.4686,0.4686
2025-06-07T00:00:00Z,JUPUSDT,0.0001,0.4499,0.4499
2025-06-07T08:00:00Z,JUPUSDT,0.0001,0.467,0.467
2025-06-07T16:00:00Z,JUPUSDT,0.0001,0.4641,0.4641
2025-06-08T00:00:00Z,JUPUSDT,0.0001,0.4617,0.4617
2025-06-08T08:00:00Z,JUPUSDT,0.0001,0.4482,0.4482
2025-06-08T16:00:00Z,JUPUSDT,0.0001,0.4594,0.4594
2025-06-09T00:00:00Z,JUPUSDT,0.0001,0.4611,0.4611
2025-06-09T08:00:00Z,JUPUSDT,0.0001,0.4528,0.4528
2025-06-09T16:00:00Z,JUPUSDT,0.0001,0.4656,0.4656
2025-06-10T00:00:00Z,JUPUSDT,0.0001,0.4842,0.4842
2025-06-10T08:00:00Z,JUPUSDT,0.0001,0.476,0.476
2025-06-10T16:00:00Z,JUPUSDT,0.0001,0.4752,0.4752
2025-06-11T00:00:00Z,JUPUSDT,0.0001,0.4982,0.4982
2025-06-11T08:00:00Z,JUPUSDT,0.0001,0.507,0.507
2025-06-11T16:00:00Z,JUPUSDT,0.0001,0.5002,0.5002
2025-06-12T00:00:00Z,JUPUSDT,0.0001,0.4645,0.4645
2025-06-12T08:00:00Z,JUPUSDT,0.0001,0.4517,0.4517
2025-06-12T16:00:00Z,JUPUSDT,0.0001,0.4456,0.4456
2025-06-13T00:00:00Z,JUPUSDT,0.0001,0.425,0.425
2025-06-13T08:00:00Z,JUPUSDT,0.0001,0.4038,0.4038
2025-06-13T16:00:00Z,JUPUSDT,0.0001,0.4128,0.4128
2025-06-14T00:00:00Z,JUPUSDT,0.0001,0.4164,0.4164
2025-06-14T08:00:00Z,JUPUSDT,0.0001,0.4151,0.4151
2025-06-14T16:00:00Z,JUPUSDT,0.0001,0.4084,0.4084
2025-06-15T00:00:00Z,JUPUSDT,0.0001,0.4109,0.4109
2025-06-15T08:00:00Z,JUPUSDT,0.0001,0.4128,0.4128
2025-06-15T16:00:00Z,JUPUSDT,0.0001,0.4288,0.4288
2025-06-16T00:00:00Z,JUPUSDT,0.0001,0.4301,0.4301
2025-06-16T08:00:00Z,JUPUSDT,0.0001,0.4371,0.4371
2025-06-16T16:00:00Z,JUPUSDT,0.0001,0.4333,0.4333
2025-06-17T00:00:00Z,JUPUSDT,0.0001,0.4135,0.4135
2025-06-17T08:00:00Z,JUPUSDT,0.0001,0.4202,0.4202
2025-06-17T16:00:00Z,JUPUSDT,0.0001,0.4011,0.4011
2025-06-18T00:00:00Z,JUPUSDT,0.0001,0.3961,0.3961
2025-06-18T08:00:00Z,JUPUSDT,0.0001,0.402,0.402
2025-06-18T16:00:00Z,JUPUSDT,0.0001,0.3922,0.3922
2025-06-19T00:00:00Z,JUPUSDT,0.0001,0.41,0.41
2025-06-19T08:00:00Z,JUPUSDT,0.0001,0.4053,0.4053
2025-06-19T16:00:00Z,JUPUSDT,0.0001,0.4024,0.4024
2025-06-20T00:00:00Z,JUPUSDT,0.0001,0.405,0.405
2025-06-20T08:00:00Z,JUPUSDT,0.0001,0.4066,0.4066
2025-06-20T16:00:00Z,JUPUSDT,0.0001,0.3897,0.3897
2025-06-21T00:00:00Z,JUPUSDT,0.0001,0.3785,0.3785
2025-06-21T08:00:00Z,JUPUSDT,0.0001,0.3871,0.3871
2025-06-21T16:00:00Z,JUPUSDT,0.0001,0.3733,0.3733
2025-06-22T00:00:00Z,JUPUSDT,0.0001,0.359,0.359
2025-06-22T08:00:00Z,JUPUSDT,0.0001,0.3571,0.3571
2025-06-22T16:00:00Z,JUPUSDT,0.0001,0.3358,0.3358
2025-06-23T00:00:00Z,JUPUSDT,0.0001,0.3449,0.3449
2025-06-23T08:00:00Z,JUPUSDT,0.0001,0.3497,0.3497
2025-06-23T16:00:00Z,JUPUSDT,0.0001,0.3549,0.3549
2025-06-24T00:00:00Z,JUPUSDT,0.0001,0.4042,0.4042
2025-06-24T08:00:00Z,JUPUSDT,0.0001,0.4187,0.4187
2025-06-24T16:00:00Z,JUPUSDT,0.0001,0.4178,0.4178
2025-06-25T00:00:00Z,JUPUSDT,0.0001,0.4175,0.4175
2025-06-25T08:00:00Z,JUPUSDT,0.0001,0.4228,0.4228
2025-06-25T16:00:00Z,JUPUSDT,0.0001,0.4149,0.4149
2025-06-26T00:00:00Z,JUPUSDT,0.0001,0.4102,0.4102
2025-06-26T08:00:00Z,JUPUSDT,0.0001,0.4128,0.4128
2025-06-26T16:00:00Z,JUPUSDT,0.0001,0.3979,0.3979
2025-06-27T00:00:00Z,JUPUSDT,0.0001,0.3927,0.3927
2025-06-27T08:00:00Z,JUPUSDT,0.0001,0.3966,0.3966
2025-06-27T16:00:00Z,JUPUSDT,0.0001,0.4068,0.4068
2025-06-28T00:00:00Z,JUPUSDT,0.0001,0.404,0.404
2025-06-28T08:00:00Z,JUPUSDT,0.0001,0.4284,0.4284
2025-06-28T16:00:00Z,JUPUSDT,0.0001,0.4261,0.4261
2025-06-29T00:00:00Z,JUPUSDT,0.0001,0.4496,0.4496
2025-06-29T08:00:00Z,JUPUSDT,0.0001,0.4485,0.4485
2025-06-29T16:00:00Z,JUPUSDT,0.0001,0.4524,0.4524
2025-06-30T00:00:00Z,JUPUSDT,0.0001,0.465,0.465
2025-06-30T08:00:00Z,JUPUSDT,0.0001,0.4546,0.4546
2025-06-30T16:00:00Z,JUPUSDT,0.0001,0.4723,0.4723
2025-07-01T00:00:00Z,JUPUSDT,0.0001,0.4611,0.4611
2025-07-01T08:00:00Z,JUPUSDT,0.0001,0.4401,0.4401
2025-07-01T16:00:00Z,JUPUSDT,0.0001,0.4359,0.4359
2025-07-02T00:00:00Z,JUPUSDT,0.000099672156437575,0.4248,0.4248
2025-07-02T08:00:00Z,JUPUSDT,0.0001,0.4314,0.4314
2025-07-02T16:00:00Z,JUPUSDT,0.0001,0.4459,0.4459
2025-07-03T00:00:00Z,JUPUSDT,0.0001,0.4542,0.4542
2025-07-03T08:00:00Z,JUPUSDT,0.0001,0.4771,0.4771
2025-07-03T16:00:00Z,JUPUSDT,0.0001,0.4517,0.4517
2025-07-04T00:00:00Z,JUPUSDT,0.000050378329031098,0.4598,0.4598
2025-07-04T08:00:00Z,JUPUSDT,0.000001915434044098,0.4371,0.4371
2025-07-04T16:00:00Z,JUPUSDT,0.000051446457713422,0.4321,0.4321
2025-07-05T00:00:00Z,JUPUSDT,0.000097859241000048,0.4338,0.4338
2025-07-05T08:00:00Z,JUPUSDT,0.0001,0.439,0.439
2025-07-05T16:00:00Z,JUPUSDT,0.0001,0.4341,0.4341
2025-07-06T00:00:00Z,JUPUSDT,0.000074351757619789,0.4361,0.4361
2025-07-06T08:00:00Z,JUPUSDT,0.000072768944566534,0.4397,0.4397
2025-07-06T16:00:00Z,JUPUSDT,0.0001,0.4472,0.4472
2025-07-07T00:00:00Z,JUPUSDT,0.0001,0.4449,0.4449
2025-07-07T08:00:00Z,JUPUSDT,0.000063045253837038,0.4489,0.4489
2025-07-07T16:00:00Z,JUPUSDT,0.0001,0.4387,0.4387
2025-07-08T00:00:00Z,JUPUSDT,0.000017028745211701,0.4355,0.4355
2025-07-08T08:00:00Z,JUPUSDT,-0.000041950726890934,0.4301,0.4301
2025-07-08T16:00:00Z,JUPUSDT,0.000006982045463577,0.4269,0.4269
2025-07-09T00:00:00Z,JUPUSDT,0.000051331555674814,0.4338,0.4338
2025-07-09T08:00:00Z,JUPUSDT,0.0001,0.4393,0.4393
2025-07-09T16:00:00Z,JUPUSDT,0.0001,0.4426,0.4426
2025-07-10T00:00:00Z,JUPUSDT,0.0001,0.4544,0.4544
2025-07-10T08:00:00Z,JUPUSDT,0.0001,0.4587,0.4587
2025-07-10T16:00:00Z,JUPUSDT,0.0001,0.452,0.452
2025-07-11T00:00:00Z,JUPUSDT,0.0001,0.4844,0.4844
2025-07-11T08:00:00Z,JUPUSDT,0.0001,0.4888,0.4888
2025-07-11T16:00:00Z,JUPUSDT,0.0001,0.4865,0.4865
2025-07-12T00:00:00Z,JUPUSDT,0.0001,0.4892,0.4892
2025-07-12T08:00:00Z,JUPUSDT,0.0001,0.4877,0.4877
2025-07-12T16:00:00Z,JUPUSDT,0.0001,0.4583,0.4583
2025-07-13T00:00:00Z,JUPUSDT,0.0001,0.4726,0.4726
2025-07-13T08:00:00Z,JUPUSDT,0.0001,0.4895,0.4895
2025-07-13T16:00:00Z,JUPUSDT,0.0001,0.5035,0.5035
2025-07-14T00:00:00Z,JUPUSDT,0.0001,0.504,0.504
2025-07-14T08:00:00Z,JUPUSDT,0.0001,0.5211,0.5211
2025-07-14T16:00:00Z,JUPUSDT,0.0001,0.4956,0.4956
2025-07-15T00:00:00Z,JUPUSDT,0.0001,0.4975,0.4975
2025-07-15T08:00:00Z,JUPUSDT,0.0001,0.4809,0.4809
2025-07-15T16:00:00Z,JUPUSDT,0.0001,0.4948,0.4948
2025-07-16T00:00:00Z,JUPUSDT,0.0001,0.5125,0.5125
2025-07-16T08:00:00Z,JUPUSDT,0.0001,0.5217,0.5217
2025-07-16T16:00:00Z,JUPUSDT,0.0001,0.5322,0.5322
2025-07-17T00:00:00Z,JUPUSDT,0.0001,0.5402,0.5402
2025-07-17T08:00:00Z,JUPUSDT,0.0001,0.5457,0.5457
2025-07-17T16:00:00Z,JUPUSDT,0.0001,0.541,0.541
2025-07-18T00:00:00Z,JUPUSDT,0.0001,0.5451,0.5451
2025-07-18T08:00:00Z,JUPUSDT,0.0001,0.5613,0.5613
2025-07-18T16:00:00Z,JUPUSDT,0.0001,0.5374,0.5374
2025-07-19T00:00:00Z,JUPUSDT,0.0001,0.5335,0.5335
2025-07-19T08:00:00Z,JUPUSDT,0.0001,0.5342,0.5342
2025-07-19T16:00:00Z,JUPUSDT,0.0001,0.5331,0.5331
2025-07-20T00:00:00Z,JUPUSDT,0.0001,0.5452,0.5452
2025-07-20T08:00:00Z,JUPUSDT,0.0001,0.5445,0.5445
2025-07-20T16:00:00Z,JUPUSDT,0.0001,0.5663,0.5663
2025-07-21T00:00:00Z,JUPUSDT,0.0001,0.5585,0.5585
2025-07-21T08:00:00Z,JUPUSDT,0.0001,0.6002,0.6002
2025-07-21T16:00:00Z,JUPUSDT,0.0001,0.6225,0.6225
2025-07-22T00:00:00Z,JUPUSDT,0.0001,0.6121,0.6121
2025-07-22T08:00:00Z,JUPUSDT,0.0001,0.6414,0.6414
2025-07-22T16:00:00Z,JUPUSDT,0.0001,0.6173,0.6173
2025-07-23T00:00:00Z,JUPUSDT,0.0001,0.63,0.63
2025-07-23T08:00:00Z,JUPUSDT,0.0001,0.6056,0.6056
2025-07-23T16:00:00Z,JUPUSDT,0.0001,0.5815,0.5815
2025-07-24T00:00:00Z,JUPUSDT,0.0001,0.5762,0.5762
2025-07-24T08:00:00Z,JUPUSDT,0.0001,0.5436,0.5436
2025-07-24T16:00:00Z,JUPUSDT,0.0001,0.5538,0.5538
2025-07-25T00:00:00Z,JUPUSDT,0.0001,0.5397,0.5397
2025-07-25T08:00:00Z,JUPUSDT,0.0001,0.5299,0.5299
2025-07-25T16:00:00Z,JUPUSDT,0.0001,0.5217,0.5217
2025-07-26T00:00:00Z,JUPUSDT,0.0001,0.5518,0.5518
2025-07-26T08:00:00Z,JUPUSDT,0.0001,0.5537,0.5537
2025-07-26T16:00:00Z,JUPUSDT,0.0001,0.5576,0.5576
2025-07-27T00:00:00Z,JUPUSDT,0.0001,0.5534,0.5534
2025-07-27T08:00:00Z,JUPUSDT,0.0001,0.5729,0.5729
2025-07-27T16:00:00Z,JUPUSDT,0.0001,0.5749,0.5749
2025-07-28T00:00:00Z,JUPUSDT,0.0001,0.589,0.589
2025-07-28T08:00:00Z,JUPUSDT,0.0001,0.6107,0.6107
2025-07-28T16:00:00Z,JUPUSDT,0.0001,0.5759,0.5759
2025-07-29T00:00:00Z,JUPUSDT,0.0001,0.5431,0.5431
2025-07-29T08:00:00Z,JUPUSDT,0.0001,0.5692,0.5692
2025-07-29T16:00:00Z,JUPUSDT,0.0001,0.533,0.533
2025-07-30T00:00:00Z,JUPUSDT,0.0001,0.5368,0.5368
2025-07-30T08:00:00Z,JUPUSDT,0.0001,0.526,0.526
2025-07-30T16:00:00Z,JUPUSDT,0.0001,0.52,0.52
2025-07-31T00:00:00Z,JUPUSDT,0.0001,0.5178,0.5178
2025-07-31T08:00:00Z,JUPUSDT,0.0001,0.5335,0.5335
2025-07-31T16:00:00Z,JUPUSDT,0.0001,0.5072,0.5072
2025-08-01T00:00:00Z,JUPUSDT,0.0001,0.4824,0.4824
2025-08-01T08:00:00Z,JUPUSDT,0.0001,0.4724,0.4724
2025-08-01T16:00:00Z,JUPUSDT,0.0001,0.474,0.474
2025-08-02T00:00:00Z,JUPUSDT,0.0001,0.45,0.45
2025-08-02T08:00:00Z,JUPUSDT,0.0001,0.4563,0.4563
2025-08-02T16:00:00Z,JUPUSDT,0.0001,0.4373,0.4373
2025-08-03T00:00:00Z,JUPUSDT,0.0001,0.4385,0.4385
2025-08-03T08:00:00Z,JUPUSDT,0.0001,0.4502,0.4502
2025-08-03T16:00:00Z,JUPUSDT,0.0001,0.4532,0.4532
2025-08-04T00:00:00Z,JUPUSDT,0.0001,0.4667,0.4667
2025-08-04T08:00:00Z,JUPUSDT,0.0001,0.4665,0.4665
2025-08-04T16:00:00Z,JUPUSDT,0.0001,0.4716,0.4716
2025-08-05T00:00:00Z,JUPUSDT,0.0001,0.4868,0.4868
2025-08-05T08:00:00Z,JUPUSDT,0.0001,0.4681,0.4681
2025-08-05T16:00:00Z,JUPUSDT,0.0001,0.4615,0.4615
2025-08-06T00:00:00Z,JUPUSDT,0.0001,0.4637,0.4637
2025-08-06T08:00:00Z,JUPUSDT,0.0001,0.4647,0.4647
2025-08-06T16:00:00Z,JUPUSDT,0.0001,0.4782,0.4782
2025-08-07T00:00:00Z,JUPUSDT,0.0001,0.4749,0.4749
2025-08-07T08:00:00Z,JUPUSDT,0.0001,0.4823,0.4823
2025-08-07T12:00:00Z,JUPUSDT,0.00005,0.4956,0.4956
2025-08-07T16:00:00Z,JUPUSDT,0.00005,0.4881,0.4881
2025-08-07T20:00:00Z,JUPUSDT,0.00005,0.4915,0.4915
2025-08-08T00:00:00Z,JUPUSDT,0.00005,0.497,0.497
2025-08-08T04:00:00Z,JUPUSDT,0.00005,0.4973,0.4973
2025-08-08T08:00:00Z,JUPUSDT,0.00005,0.5047,0.5047
2025-08-08T12:00:00Z,JUPUSDT,0.00005,0.5025,0.5025
2025-08-08T16:00:00Z,JUPUSDT,0.00005,0.4883,0.4883
2025-08-08T20:00:00Z,JUPUSDT,0.00005,0.5029,0.5029
2025-08-09T00:00:00Z,JUPUSDT,0.00005,0.4989,0.4989
2025-08-09T04:00:00Z,JUPUSDT,0.00005,0.4973,0.4973
2025-08-09T08:00:00Z,JUPUSDT,0.00005,0.5173,0.5173
2025-08-09T12:00:00Z,JUPUSDT,0.00005,0.5247,0.5247
2025-08-09T16:00:00Z,JUPUSDT,0.00005,0.5234,0.5234
2025-08-09T20:00:00Z,JUPUSDT,0.00005,0.5261,0.5261
2025-08-10T00:00:00Z,JUPUSDT,0.00005,0.5229,0.5229
2025-08-10T04:00:00Z,JUPUSDT,0.00005,0.5425,0.5425
2025-08-10T08:00:00Z,JUPUSDT,0.00005,0.514,0.514
2025-08-10T12:00:00Z,JUPUSDT,0.00005,0.5115,0.5115
2025-08-10T16:00:00Z,JUPUSDT,0.00005,0.5205,0.5205
2025-08-10T20:00:00Z,JUPUSDT,-0.000005163982387241,0.5313,0.5313
2025-08-11T00:00:00Z,JUPUSDT,0.00005,0.5285,0.5285
2025-08-11T04:00:00Z,JUPUSDT,0.00005,0.5387,0.5387
2025-08-11T08:00:00Z,JUPUSDT,0.00005,0.5168,0.5168
2025-08-11T12:00:00Z,JUPUSDT,0.00005,0.5024,0.5024
2025-08-11T16:00:00Z,JUPUSDT,0.00005,0.5145,0.5145
2025-08-11T20:00:00Z,JUPUSDT,0.00005,0.4988,0.4988
2025-08-12T00:00:00Z,JUPUSDT,0.00005,0.4919,0.4919
2025-08-12T04:00:00Z,JUPUSDT,0.00005,0.4958,0.4958
2025-08-12T08:00:00Z,JUPUSDT,0.00005,0.4997,0.4997
2025-08-12T12:00:00Z,JUPUSDT,0.00005,0.496,0.496
2025-08-12T16:00:00Z,JUPUSDT,0.00005,0.5185,0.5185
2025-08-12T20:00:00Z,JUPUSDT,0.00005,0.5329,0.5329
2025-08-13T00:00:00Z,JUPUSDT,0.00005,0.5351,0.5351
2025-08-13T04:00:00Z,JUPUSDT,0.00005,0.5458,0.5458
2025-08-13T08:00:00Z,JUPUSDT,0.00005,0.5426,0.5426
2025-08-13T12:00:00Z,JUPUSDT,0.00005,0.5534,0.5534
2025-08-13T16:00:00Z,JUPUSDT,0.00005,0.5443,0.5443
2025-08-13T20:00:00Z,JUPUSDT,0.00005,0.5506,0.5506
2025-08-14T00:00:00Z,JUPUSDT,0.00005,0.5529,0.5529
2025-08-14T04:00:00Z,JUPUSDT,0.00005,0.5648,0.5648
2025-08-14T08:00:00Z,JUPUSDT,0.00005,0.5463,0.5463
2025-08-14T12:00:00Z,JUPUSDT,0.00005,0.5336,0.5336
2025-08-14T16:00:00Z,JUPUSDT,-0.000070890767164576,0.5169,0.5169
2025-08-14T20:00:00Z,JUPUSDT,0.000043367253450522,0.5048,0.5048
2025-08-15T00:00:00Z,JUPUSDT,-0.000129382838748199,0.5076,0.5076
2025-08-15T04:00:00Z,JUPUSDT,-0.000090092151288667,0.5201,0.5201
2025-08-15T08:00:00Z,JUPUSDT,0.00005,0.533,0.533
2025-08-15T12:00:00Z,JUPUSDT,0.00005,0.5163,0.5163
2025-08-15T16:00:00Z,JUPUSDT,0.00005,0.495,0.495
2025-08-15T20:00:00Z,JUPUSDT,0.00005,0.4964,0.4964
2025-08-16T00:00:00Z,JUPUSDT,0.00005,0.5067,0.5067
2025-08-16T04:00:00Z,JUPUSDT,0.00005,0.5112,0.5112
2025-08-16T08:00:00Z,JUPUSDT,0.00005,0.5152,0.5152
2025-08-16T12:00:00Z,JUPUSDT,0.00005,0.5045,0.5045
2025-08-16T16:00:00Z,JUPUSDT,0.00005,0.516,0.516
2025-08-16T20:00:00Z,JUPUSDT,0.00005,0.5172,0.5172
2025-08-17T00:00:00Z,JUPUSDT,0.00005,0.5167,0.5167
2025-08-17T04:00:00Z,JUPUSDT,0.00005,0.5177,0.5177
2025-08-17T08:00:00Z,JUPUSDT,0.00005,0.5194,0.5194
2025-08-17T12:00:00Z,JUPUSDT,0.00005,0.5198,0.5198
2025-08-17T16:00:00Z,JUPUSDT,0.00005,0.5291,0.5291
2025-08-17T20:00:00Z,JUPUSDT,0.00005,0.5105,0.5105
2025-08-18T00:00:00Z,JUPUSDT,0.00005,0.5097,0.5097
2025-08-18T04:00:00Z,JUPUSDT,0.00005,0.4912,0.4912
2025-08-18T08:00:00Z,JUPUSDT,0.00005,0.4884,0.4884
2025-08-18T12:00:00Z,JUPUSDT,0.00005,0.489,0.489
2025-08-18T16:00:00Z,JUPUSDT,0.00005,0.4947,0.4947
2025-08-18T20:00:00Z,JUPUSDT,0.00005,0.4917,0.4917
2025-08-19T00:00:00Z,JUPUSDT,0.00005,0.4922,0.4922
2025-08-19T04:00:00Z,JUPUSDT,0.00005,0.4813,0.4813
2025-08-19T08:00:00Z,JUPUSDT,0.00005,0.4838,0.4838
2025-08-19T12:00:00Z,JUPUSDT,0.00005,0.5023,0.5023
2025-08-19T16:00:00Z,JUPUSDT,0.00005,0.4845,0.4845
2025-08-19T20:00:00Z,JUPUSDT,0.00005,0.4788,0.4788
2025-08-20T00:00:00Z,JUPUSDT,0.00005,0.4765,0.4765
2025-08-20T04:00:00Z,JUPUSDT,0.00005,0.4869,0.4869
2025-08-20T08:00:00Z,JUPUSDT,0.00005,0.4856,0.4856
2025-08-20T12:00:00Z,JUPUSDT,0.00005,0.488,0.488
2025-08-20T16:00:00Z,JUPUSDT,0.00005,0.4948,0.4948
2025-08-20T20:00:00Z,JUPUSDT,0.00005,0.5008,0.5008
2025-08-21T00:00:00Z,JUPUSDT,0.00005,0.5017,0.5017
2025-08-21T04:00:00Z,JUPUSDT,0.00005,0.5021,0.5021
2025-08-21T08:00:00Z,JUPUSDT,0.00005,0.4984,0.4984
2025-08-21T12:00:00Z,JUPUSDT,0.00005,0.4901,0.4901
2025-08-21T16:00:00Z,JUPUSDT,0.00005,0.4848,0.4848
2025-08-21T20:00:00Z,JUPUSDT,0.00005,0.4821,0.4821
2025-08-22T00:00:00Z,JUPUSDT,0.00005,0.485,0.485
2025-08-22T04:00:00Z,JUPUSDT,0.00005,0.4901,0.4901
2025-08-22T08:00:00Z,JUPUSDT,0.00005,0.4942,0.4942
2025-08-22T12:00:00Z,JUPUSDT,0.00005,0.4781,0.4781
2025-08-22T16:00:00Z,JUPUSDT,0.00005,0.5193,0.5193
2025-08-22T20:00:00Z,JUPUSDT,0.00005,0.5277,0.5277
2025-08-23T00:00:00Z,JUPUSDT,0.00005,0.5307,0.5307
2025-08-23T04:00:00Z,JUPUSDT,0.00005,0.5166,0.5166
2025-08-23T08:00:00Z,JUPUSDT,0.00005,0.525,0.525
2025-08-23T12:00:00Z,JUPUSDT,0.00005,0.5184,0.5184
2025-08-23T16:00:00Z,JUPUSDT,0.00005,0.5233,0.5233
2025-08-23T20:00:00Z,JUPUSDT,0.00005,0.5241,0.5241
2025-08-24T00:00:00Z,JUPUSDT,0.00005,0.5229,0.5229
2025-08-24T04:00:00Z,JUPUSDT,0.00005,0.5306,0.5306
2025-08-24T08:00:00Z,JUPUSDT,0.00005,0.5112,0.5112
2025-08-24T12:00:00Z,JUPUSDT,0.00005,0.5068,0.5068
2025-08-24T16:00:00Z,JUPUSDT,0.00005,0.5131,0.5131
2025-08-24T20:00:00Z,JUPUSDT,0.00005,0.5148,0.5148
2025-08-25T00:00:00Z,JUPUSDT,0.00005,0.5099,0.5099
2025-08-25T04:00:00Z,JUPUSDT,0.00005,0.5197,0.5197
2025-08-25T08:00:00Z,JUPUSDT,0.00005,0.4931,0.4931
2025-08-25T12:00:00Z,JUPUSDT,0.00005,0.4853,0.4853
2025-08-25T16:00:00Z,JUPUSDT,0.00005,0.4843,0.4843
2025-08-25T20:00:00Z,JUPUSDT,0.00005,0.4684,0.4684
2025-08-26T00:00:00Z,JUPUSDT,0.00005,0.4578,0.4578
2025-08-26T04:00:00Z,JUPUSDT,0.00005,0.4606,0.4606
2025-08-26T08:00:00Z,JUPUSDT,0.00005,0.4645,0.4645
2025-08-26T12:00:00Z,JUPUSDT,0.00005,0.4626,0.4626
2025-08-26T16:00:00Z,JUPUSDT,0.00005,0.4678,0.4678
2025-08-26T20:00:00Z,JUPUSDT,0.00005,0.4756,0.4756
2025-08-27T00:00:00Z,JUPUSDT,0.00005,0.4736,0.4736
2025-08-27T04:00:00Z,JUPUSDT,0.00005,0.4846,0.4846
2025-08-27T08:00:00Z,JUPUSDT,0.00005,0.4898,0.4898
2025-08-27T12:00:00Z,JUPUSDT,0.00005,0.4969,0.4969
2025-08-27T16:00:00Z,JUPUSDT,0.00005,0.5096,0.5096
2025-08-27T20:00:00Z,JUPUSDT,0.00005,0.4988,0.4988
2025-08-28T00:00:00Z,JUPUSDT,0.00005,0.4965,0.4965
2025-08-28T04:00:00Z,JUPUSDT,0.00005,0.5073,0.5073
2025-08-28T08:00:00Z,JUPUSDT,0.00005,0.5177,0.5177
2025-08-28T12:00:00Z,JUPUSDT,0.00005,0.5189,0.5189
2025-08-28T16:00:00Z,JUPUSDT,0.00005,0.5165,0.5165
2025-08-28T20:00:00Z,JUPUSDT,0.00005,0.5092,0.5092
2025-08-29T00:00:00Z,JUPUSDT,0.00005,0.5268,0.5268
2025-08-29T04:00:00Z,JUPUSDT,0.00005,0.5337,0.5337
2025-08-29T08:00:00Z,JUPUSDT,0.00005,0.5157,0.5157
2025-08-29T12:00:00Z,JUPUSDT,0.00005,0.5114,0.5114
2025-08-29T16:00:00Z,JUPUSDT,0.00005,0.5055,0.5055
2025-08-29T20:00:00Z,JUPUSDT,0.00005,0.503,0.503
2025-08-30T00:00:00Z,JUPUSDT,0.00005,0.5083,0.5083
2025-08-30T04:00:00Z,JUPUSDT,0.00005,0.5088,0.5088
2025-08-30T08:00:00Z,JUPUSDT,0.00005,0.5049,0.5049
2025-08-30T12:00:00Z,JUPUSDT,0.00005,0.4999,0.4999
2025-08-30T16:00:00Z,JUPUSDT,0.00005,0.4994,0.4994
2025-08-30T20:00:00Z,JUPUSDT,0.00005,0.4957,0.4957
2025-08-31T00:00:00Z,JUPUSDT,0.00005,0.5021,0.5021
2025-08-31T04:00:00Z,JUPUSDT,0.00005,0.5053,0.5053
2025-08-31T08:00:00Z,JUPUSDT,0.00005,0.4998,0.4998
2025-08-31T12:00:00Z,JUPUSDT,0.00005,0.4978,0.4978
2025-08-31T16:00:00Z,JUPUSDT,0.00005,0.5011,0.5011
2025-08-31T20:00:00Z,JUPUSDT,0.00005,0.4998,0.4998
2025-09-01T00:00:00Z,JUPUSDT,0.00005,0.4888,0.4888
2025-09-01T04:00:00Z,JUPUSDT,0.00005,0.4775,0.4775
2025-09-01T08:00:00Z,JUPUSDT,0.00005,0.4942,0.4942
2025-09-01T12:00:00Z,JUPUSDT,0.00005,0.4866,0.4866
2025-09-01T16:00:00Z,JUPUSDT,0.00005,0.4815,0.4815
2025-09-01T20:00:00Z,JUPUSDT,0.00005,0.4822,0.4822
2025-09-02T00:00:00Z,JUPUSDT,0.00005,0.4749,0.4749
2025-09-02T04:00:00Z,JUPUSDT,0.00005,0.4868,0.4868
2025-09-02T08:00:00Z,JUPUSDT,0.00005,0.4906,0.4906
2025-09-02T12:00:00Z,JUPUSDT,0.00005,0.4916,0.4916
2025-09-02T16:00:00Z,JUPUSDT,0.00005,0.4833,0.4833
2025-09-02T20:00:00Z,JUPUSDT,0.00005,0.4902,0.4902
2025-09-03T00:00:00Z,JUPUSDT,0.00005,0.4997,0.4997
2025-09-03T04:00:00Z,JUPUSDT,0.00005,0.5007,0.5007
2025-09-03T08:00:00Z,JUPUSDT,0.00005,0.4979,0.4979
2025-09-03T12:00:00Z,JUPUSDT,0.00005,0.4974,0.4974
2025-09-03T16:00:00Z,JUPUSDT,0.00005,0.5016,0.5016
2025-09-03T20:00:00Z,JUPUSDT,0.00005,0.4996,0.4996
2025-09-04T00:00:00Z,JUPUSDT,0.00005,0.4996,0.4996
2025-09-04T04:00:00Z,JUPUSDT,0.00005,0.4913,0.4913
2025-09-04T08:00:00Z,JUPUSDT,0.00005,0.4874,0.4874
2025-09-04T12:00:00Z,JUPUSDT,0.00005,0.4865,0.4865
2025-09-04T16:00:00Z,JUPUSDT,0.00005,0.4795,0.4795
2025-09-04T20:00:00Z,JUPUSDT,0.00005,0.4744,0.4744
2025-09-05T00:00:00Z,JUPUSDT,0.00005,0.4777,0.4777
2025-09-05T04:00:00Z,JUPUSDT,0.00005,0.4855,0.4855
2025-09-05T08:00:00Z,JUPUSDT,0.00005,0.4973,0.4973
2025-09-05T12:00:00Z,JUPUSDT,0.00005,0.4966,0.4966
2025-09-05T16:00:00Z,JUPUSDT,0.00005,0.4886,0.4886
2025-09-05T20:00:00Z,JUPUSDT,0.00005,0.4953,0.4953
2025-09-06T00:00:00Z,JUPUSDT,0.00005,0.4981,0.4981
2025-09-06T04:00:00Z,JUPUSDT,0.00005,0.5006,0.5006
2025-09-06T08:00:00Z,JUPUSDT,0.00005,0.4964,0.4964
2025-09-06T12:00:00Z,JUPUSDT,0.00005,0.4962,0.4962
2025-09-06T16:00:00Z,JUPUSDT,0.00005,0.4934,0.4934
2025-09-06T20:00:00Z,JUPUSDT,0.00005,0.4887,0.4887
2025-09-07T00:00:00Z,JUPUSDT,0.00005,0.4958,0.4958
2025-09-07T04:00:00Z,JUPUSDT,0.00005,0.4987,0.4987
2025-09-07T08:00:00Z,JUPUSDT,0.00005,0.4991,0.4991
2025-09-07T12:00:00Z,JUPUSDT,0.00005,0.5033,0.5033
2025-09-07T16:00:00Z,JUPUSDT,0.00005,0.5049,0.5049
2025-09-07T20:00:00Z,JUPUSDT,0.00005,0.4978,0.4978
2025-09-08T00:00:00Z,JUPUSDT,0.00005,0.5052,0.5052
2025-09-08T04:00:00Z,JUPUSDT,0.00005,0.507,0.507
2025-09-08T08:00:00Z,JUPUSDT,0.00005,0.5122,0.5122
2025-09-08T12:00:00Z,JUPUSDT,0.00005,0.5184,0.5184
2025-09-08T16:00:00Z,JUPUSDT,0.00005,0.5177,0.5177
2025-09-08T20:00:00Z,JUPUSDT,0.00005,0.5134,0.5134
2025-09-09T00:00:00Z,JUPUSDT,0.00005,0.517,0.517
2025-09-09T04:00:00Z,JUPUSDT,0.00005,0.5141,0.5141
2025-09-09T08:00:00Z,JUPUSDT,0.00005,0.5296,0.5296
2025-09-09T12:00:00Z,JUPUSDT,0.00005,0.5307,0.5307
2025-09-09T16:00:00Z,JUPUSDT,0.00005,0.5131,0.5131
2025-09-09T20:00:00Z,JUPUSDT,0.00005,0.5203,0.5203
2025-09-10T00:00:00Z,JUPUSDT,0.00005,0.528,0.528
2025-09-10T04:00:00Z,JUPUSDT,0.00005,0.5325,0.5325
2025-09-10T08:00:00Z,JUPUSDT,0.00005,0.5363,0.5363
2025-09-10T12:00:00Z,JUPUSDT,0.00005,0.5291,0.5291
2025-09-10T16:00:00Z,JUPUSDT,0.00005,0.5338,0.5338
2025-09-10T20:00:00Z,JUPUSDT,0.00005,0.5267,0.5267
2025-09-11T00:00:00Z,JUPUSDT,0.00005,0.5359,0.5359
2025-09-11T04:00:00Z,JUPUSDT,0.00005,0.5379,0.5379
2025-09-11T08:00:00Z,JUPUSDT,0.00005,0.5352,0.5352
2025-09-11T12:00:00Z,JUPUSDT,0.00005,0.5319,0.5319
2025-09-11T16:00:00Z,JUPUSDT,0.00005,0.5293,0.5293
2025-09-11T20:00:00Z,JUPUSDT,0.00005,0.5342,0.5342
2025-09-12T00:00:00Z,JUPUSDT,0.00005,0.5466,0.5466
2025-09-12T04:00:00Z,JUPUSDT,0.00005,0.5494,0.5494
2025-09-12T08:00:00Z,JUPUSDT,0.00005,0.5593,0.5593
2025-09-12T12:00:00Z,JUPUSDT,0.00005,0.5563,0.5563
2025-09-12T16:00:00Z,JUPUSDT,0.00005,0.5566,0.5566
2025-09-12T20:00:00Z,JUPUSDT,0.00005,0.5605,0.5605
2025-09-13T00:00:00Z,JUPUSDT,0.00005,0.5584,0.5584
2025-09-13T04:00:00Z,JUPUSDT,0.00005,0.5577,0.5577
2025-09-13T08:00:00Z,JUPUSDT,0.00005,0.5492,0.5492
2025-09-13T12:00:00Z,JUPUSDT,0.00005,0.5567,0.5567
2025-09-13T16:00:00Z,JUPUSDT,0.00005,0.5472,0.5472
2025-09-13T20:00:00Z,JUPUSDT,0.00005,0.5423,0.5423
2025-09-14T00:00:00Z,JUPUSDT,0.00005,0.5468,0.5468
2025-09-14T04:00:00Z,JUPUSDT,0.00005,0.5552,0.5552
2025-09-14T08:00:00Z,JUPUSDT,0.00005,0.5523,0.5523
2025-09-14T12:00:00Z,JUPUSDT,0.00005,0.542,0.542
2025-09-14T16:00:00Z,JUPUSDT,0.00005,0.5289,0.5289
2025-09-14T20:00:00Z,JUPUSDT,0.00005,0.5393,0.5393
2025-09-15T00:00:00Z,JUPUSDT,0.00005,0.5354,0.5354
2025-09-15T04:00:00Z,JUPUSDT,0.00005,0.5369,0.5369
2025-09-15T08:00:00Z,JUPUSDT,0.00005,0.5274,0.5274
2025-09-15T12:00:00Z,JUPUSDT,0.00005,0.5099,0.5099
2025-09-15T16:00:00Z,JUPUSDT,0.00005,0.4982,0.4982
2025-09-15T20:00:00Z,JUPUSDT,0.00005,0.5057,0.5057
2025-09-16T00:00:00Z,JUPUSDT,0.00005,0.5072,0.5072
2025-09-16T04:00:00Z,JUPUSDT,0.00005,0.5029,0.5029
2025-09-16T08:00:00Z,JUPUSDT,0.00005,0.5091,0.5091
2025-09-16T12:00:00Z,JUPUSDT,0.00005,0.5067,0.5067
2025-09-16T16:00:00Z,JUPUSDT,0.00005,0.5212,0.5212
2025-09-16T20:00:00Z,JUPUSDT,0.00005,0.518,0.518
2025-09-17T00:00:00Z,JUPUSDT,0.00005,0.5166,0.5166
2025-09-17T04:00:00Z,JUPUSDT,0.00005,0.5071,0.5071
2025-09-17T08:00:00Z,JUPUSDT,0.00005,0.512,0.512
2025-09-17T12:00:00Z,JUPUSDT,0.00005,0.5068,0.5068
2025-09-17T16:00:00Z,JUPUSDT,0.00005,0.5052,0.5052
2025-09-17T20:00:00Z,JUPUSDT,0.00005,0.5322,0.5322
2025-09-18T00:00:00Z,JUPUSDT,0.00005,0.5455,0.5455
2025-09-18T04:00:00Z,JUPUSDT,0.00005,0.5455,0.5455
2025-09-18T08:00:00Z,JUPUSDT,0.00005,0.5408,0.5408
2025-09-18T12:00:00Z,JUPUSDT,0.00005,0.5452,0.5452
2025-09-18T16:00:00Z,JUPUSDT,0.00005,0.5574,0.5574
2025-09-18T20:00:00Z,JUPUSDT,0.00005,0.5638,0.5638
2025-09-19T00:00:00Z,JUPUSDT,0.00005,0.5578,0.5578
2025-09-19T04:00:00Z,JUPUSDT,0.00005,0.5476,0.5476
2025-09-19T08:00:00Z,JUPUSDT,0.00005,0.5418,0.5418
2025-09-19T12:00:00Z,JUPUSDT,0.00005,0.5312,0.5312
2025-09-19T16:00:00Z,JUPUSDT,0.00005,0.5264,0.5264
2025-09-19T20:00:00Z,JUPUSDT,0.00005,0.5246,0.5246
2025-09-20T00:00:00Z,JUPUSDT,0.00005,0.5247,0.5247
2025-09-20T04:00:00Z,JUPUSDT,0.00005,0.5201,0.5201
2025-09-20T08:00:00Z,JUPUSDT,0.00005,0.5321,0.5321
2025-09-20T12:00:00Z,JUPUSDT,0.00005,0.5186,0.5186
2025-09-20T16:00:00Z,JUPUSDT,0.00005,0.5281,0.5281
2025-09-20T20:00:00Z,JUPUSDT,0.00005,0.5237,0.5237
2025-09-21T00:00:00Z,JUPUSDT,0.00005,0.5271,0.5271
2025-09-21T04:00:00Z,JUPUSDT,0.00005,0.5335,0.5335
2025-09-21T08:00:00Z,JUPUSDT,0.00005,0.5349,0.5349
2025-09-21T12:00:00Z,JUPUSDT,0.00005,0.5284,0.5284
2025-09-21T16:00:00Z,JUPUSDT,0.00005,0.5283,0.5283
2025-09-21T20:00:00Z,JUPUSDT,0.00005,0.5253,0.5253
2025-09-22T00:00:00Z,JUPUSDT,0.00005,0.519,0.519
2025-09-22T04:00:00Z,JUPUSDT,0.00005,0.5014,0.5014
2025-09-22T08:00:00Z,JUPUSDT,0.00005,0.4758,0.4758
2025-09-22T12:00:00Z,JUPUSDT,0.00005,0.4741,0.4741
2025-09-22T16:00:00Z,JUPUSDT,0.00005,0.4701,0.4701
2025-09-22T20:00:00Z,JUPUSDT,0.00005,0.4616,0.4616
2025-09-23T00:00:00Z,JUPUSDT,0.00005,0.4719,0.4719
2025-09-23T04:00:00Z,JUPUSDT,0.00005,0.4649,0.4649
2025-09-23T08:00:00Z,JUPUSDT,0.00005,0.4719,0.4719
2025-09-23T12:00:00Z,JUPUSDT,0.00005,0.476,0.476
2025-09-23T16:00:00Z,JUPUSDT,0.00005,0.4733,0.4733
2025-09-23T20:00:00Z,JUPUSDT,0.00005,0.4628,0.4628
2025-09-24T00:00:00Z,JUPUSDT,0.00005,0.4625,0.4625
2025-09-24T04:00:00Z,JUPUSDT,0.00005,0.4565,0.4565
2025-09-24T08:00:00Z,JUPUSDT,0.00005,0.471,0.471
2025-09-24T12:00:00Z,JUPUSDT,0.00005,0.4748,0.4748
2025-09-24T16:00:00Z,JUPUSDT,0.00005,0.475,0.475
2025-09-24T20:00:00Z,JUPUSDT,0.00005,0.4734,0.4734
2025-09-25T00:00:00Z,JUPUSDT,0.00005,0.4715,0.4715
2025-09-25T04:00:00Z,JUPUSDT,0.00005,0.4629,0.4629
2025-09-25T08:00:00Z,JUPUSDT,0.00005,0.4538,0.4538
2025-09-25T12:00:00Z,JUPUSDT,0.00005,0.447,0.447
2025-09-25T16:00:00Z,JUPUSDT,0.00005,0.4464,0.4464
2025-09-25T20:00:00Z,JUPUSDT,0.00005,0.4366,0.4366
2025-09-26T00:00:00Z,JUPUSDT,0.00005,0.4279,0.4279
2025-09-26T04:00:00Z,JUPUSDT,0.00005,0.4357,0.4357
2025-09-26T08:00:00Z,JUPUSDT,0.00005,0.4326,0.4326
2025-09-26T12:00:00Z,JUPUSDT,0.00005,0.4283,0.4283
2025-09-26T16:00:00Z,JUPUSDT,0.00005,0.4312,0.4312
2025-09-26T20:00:00Z,JUPUSDT,0.00005,0.4407,0.4407
2025-09-27T00:00:00Z,JUPUSDT,0.00005,0.4446,0.4446
2025-09-27T04:00:00Z,JUPUSDT,0.00005,0.4432,0.4432
2025-09-27T08:00:00Z,JUPUSDT,0.00005,0.4408,0.4408
2025-09-27T12:00:00Z,JUPUSDT,0.00005,0.4389,0.4389
2025-09-27T16:00:00Z,JUPUSDT,0.00005,0.4412,0.4412
2025-09-27T20:00:00Z,JUPUSDT,0.00005,0.436,0.436
2025-09-28T00:00:00Z,JUPUSDT,0.00005,0.4388,0.4388
2025-09-28T04:00:00Z,JUPUSDT,0.00005,0.4332,0.4332
2025-09-28T08:00:00Z,JUPUSDT,0.00005,0.4292,0.4292
2025-09-28T12:00:00Z,JUPUSDT,0.00005,0.4276,0.4276
2025-09-28T16:00:00Z,JUPUSDT,0.00005,0.4331,0.4331
2025-09-28T20:00:00Z,JUPUSDT,0.00005,0.4414,0.4414
2025-09-29T00:00:00Z,JUPUSDT,0.00005,0.4502,0.4502
2025-09-29T04:00:00Z,JUPUSDT,0.00005,0.4486,0.4486
2025-09-29T08:00:00Z,JUPUSDT,0.00005,0.4447,0.4447
2025-09-29T12:00:00Z,JUPUSDT,0.00005,0.4392,0.4392
2025-09-29T16:00:00Z,JUPUSDT,0.00005,0.4445,0.4445
2025-09-29T20:00:00Z,JUPUSDT,0.00005,0.4437,0.4437
2025-09-30T00:00:00Z,JUPUSDT,0.00005,0.4386,0.4386
2025-09-30T04:00:00Z,JUPUSDT,0.00005,0.432,0.432
2025-09-30T08:00:00Z,JUPUSDT,0.00005,0.4293,0.4293
2025-09-30T12:00:00Z,JUPUSDT,0.00005,0.4305,0.4305
2025-09-30T16:00:00Z,JUPUSDT,0.00005,0.4173,0.4173
2025-09-30T20:00:00Z,JUPUSDT,0.00005,0.43,0.43
2025-10-01T00:00:00Z,JUPUSDT,0.00005,0.4289,0.4289
2025-10-01T04:00:00Z,JUPUSDT,0.00005,0.4276,0.4276
2025-10-01T08:00:00Z,JUPUSDT,0.00005,0.4326,0.4326
2025-10-01T12:00:00Z,JUPUSDT,0.00005,0.4507,0.4507
2025-10-01T16:00:00Z,JUPUSDT,0.00005,0.4598,0.4598
2025-10-01T20:00:00Z,JUPUSDT,0.00005,0.4613,0.4613
2025-10-02T00:00:00Z,JUPUSDT,0.00005,0.4621,0.4621
2025-10-02T04:00:00Z,JUPUSDT,0.00005,0.4658,0.4658
2025-10-02T08:00:00Z,JUPUSDT,0.00005,0.4673,0.4673
2025-10-02T12:00:00Z,JUPUSDT,0.00005,0.4667,0.4667
2025-10-02T16:00:00Z,JUPUSDT,0.00005,0.4625,0.4625
2025-10-02T20:00:00Z,JUPUSDT,0.00005,0.4706,0.4706
2025-10-03T00:00:00Z,JUPUSDT,0.00005,0.4724,0.4724
2025-10-03T04:00:00Z,JUPUSDT,0.00005,0.4637,0.4637
2025-10-03T08:00:00Z,JUPUSDT,0.00005,0.4608,0.4608
2025-10-03T12:00:00Z,JUPUSDT,0.00005,0.4593,0.4593
2025-10-03T16:00:00Z,JUPUSDT,0.00005,0.4727,0.4727
2025-10-03T20:00:00Z,JUPUSDT,0.00005,0.4709,0.4709
2025-10-04T00:00:00Z,JUPUSDT,0.00005,0.468,0.468
2025-10-04T04:00:00Z,JUPUSDT,0.00005,0.4597,0.4597
2025-10-04T08:00:00Z,JUPUSDT,0.00005,0.4637,0.4637
2025-10-04T12:00:00Z,JUPUSDT,0.00005,0.4556,0.4556
2025-10-04T16:00:00Z,JUPUSDT,0.00005,0.4468,0.4468
2025-10-04T20:00:00Z,JUPUSDT,0.00005,0.4533,0.4533
2025-10-05T00:00:00Z,JUPUSDT,0.00005,0.4552,0.4552
2025-10-05T04:00:00Z,JUPUSDT,0.00005,0.4602,0.4602
2025-10-05T08:00:00Z,JUPUSDT,0.00005,0.4739,0.4739
2025-10-05T12:00:00Z,JUPUSDT,0.00005,0.4635,0.4635
2025-10-05T16:00:00Z,JUPUSDT,0.00005,0.4612,0.4612
2025-10-05T20:00:00Z,JUPUSDT,0.00005,0.4489,0.4489
2025-10-06T00:00:00Z,JUPUSDT,0.00005,0.4541,0.4541
2025-10-06T04:00:00Z,JUPUSDT,0.00005,0.4564,0.4564
2025-10-06T08:00:00Z,JUPUSDT,0.00005,0.4555,0.4555
2025-10-06T12:00:00Z,JUPUSDT,0.00005,0.4621,0.4621
2025-10-06T16:00:00Z,JUPUSDT,0.00005,0.4748,0.4748
2025-10-06T20:00:00Z,JUPUSDT,0.00005,0.4756,0.4756
2025-10-07T00:00:00Z,JUPUSDT,0.00005,0.4703,0.4703
2025-10-07T04:00:00Z,JUPUSDT,0.00005,0.4704,0.4704
2025-10-07T08:00:00Z,JUPUSDT,0.00005,0.4611,0.4611
2025-10-07T12:00:00Z,JUPUSDT,0.00005,0.4668,0.4668
2025-10-07T16:00:00Z,JUPUSDT,0.00005,0.4459,0.4459
2025-10-07T20:00:00Z,JUPUSDT,0.00005,0.4435,0.4435
2025-10-08T00:00:00Z,JUPUSDT,0.00005,0.4418,0.4418
2025-10-08T04:00:00Z,JUPUSDT,0.00005,0.4373,0.4373
2025-10-08T08:00:00Z,JUPUSDT,0.00005,0.4426,0.4426
2025-10-08T12:00:00Z,JUPUSDT,0.00005,0.4396,0.4396
2025-10-08T16:00:00Z,JUPUSDT,0.00005,0.4451,0.4451
2025-10-08T20:00:00Z,JUPUSDT,0.00005,0.4525,0.4525
2025-10-09T00:00:00Z,JUPUSDT,0.00005,0.4499,0.4499
2025-10-09T04:00:00Z,JUPUSDT,0.00005,0.4387,0.4387
2025-10-09T08:00:00Z,JUPUSDT,0.00005,0.4322,0.4322
2025-10-09T12:00:00Z,JUPUSDT,0.00005,0.4308,0.4308
2025-10-09T16:00:00Z,JUPUSDT,0.00005,0.4229,0.4229
2025-10-09T20:00:00Z,JUPUSDT,0.00005,0.4271,0.4271
2025-10-10T00:00:00Z,JUPUSDT,0.00005,0.4306,0.4306
2025-10-10T04:00:00Z,JUPUSDT,0.00005,0.433,0.433
2025-10-10T08:00:00Z,JUPUSDT,0.00005,0.4279,0.4279
2025-10-10T12:00:00Z,JUPUSDT,0.00005,0.4352,0.4352
2025-10-10T16:00:00Z,JUPUSDT,0.00005,0.4116,0.4116
2025-10-10T20:00:00Z,JUPUSDT,0.00005,0.4017,0.4017
2025-10-11T00:00:00Z,JUPUSDT,0.00005,0.3265,0.3265
2025-10-11T04:00:00Z,JUPUSDT,0.00005,0.3355,0.3355
2025-10-11T08:00:00Z,JUPUSDT,0.00005,0.3334,0.3334
2025-10-11T12:00:00Z,JUPUSDT,0.00005,0.3422,0.3422
2025-10-11T16:00:00Z,JUPUSDT,0.00005,0.3382,0.3382
2025-10-11T20:00:00Z,JUPUSDT,0.00005,0.3278,0.3278
2025-10-12T00:00:00Z,JUPUSDT,0.00005,0.3352,0.3352
2025-10-12T04:00:00Z,JUPUSDT,0.00005,0.3352,0.3352
2025-10-12T08:00:00Z,JUPUSDT,0.00005,0.3422,0.3422
2025-10-12T12:00:00Z,JUPUSDT,0.00005,0.3419,0.3419
2025-10-12T16:00:00Z,JUPUSDT,0.00005,0.3645,0.3645
2025-10-12T20:00:00Z,JUPUSDT,0.00005,0.377,0.377
2025-10-13T00:00:00Z,JUPUSDT,0.00005,0.3725,0.3725
2025-10-13T04:00:00Z,JUPUSDT,0.00005,0.3693,0.3693
2025-10-13T08:00:00Z,JUPUSDT,0.00005,0.3763,0.3763
2025-10-13T12:00:00Z,JUPUSDT,-0.000209686873262433,0.3723,0.3723
2025-10-13T16:00:00Z,JUPUSDT,0.00005,0.3822,0.3822
2025-10-13T20:00:00Z,JUPUSDT,-0.000080301990327296,0.3977,0.3977
2025-10-14T00:00:00Z,JUPUSDT,-0.000072210952303358,0.4018,0.4018
2025-10-14T04:00:00Z,JUPUSDT,0.00005,0.3861,0.3861
2025-10-14T08:00:00Z,JUPUSDT,0.00005,0.3627,0.3627
2025-10-14T12:00:00Z,JUPUSDT,0.00005,0.3643,0.3643
2025-10-14T16:00:00Z,JUPUSDT,0.00005,0.3766,0.3766
2025-10-14T20:00:00Z,JUPUSDT,0.00005,0.3725,0.3725
2025-10-15T00:00:00Z,JUPUSDT,-0.000423161684383673,0.3748,0.3748
2025-10-15T04:00:00Z,JUPUSDT,-0.000260085254258847,0.3728,0.3728
2025-10-15T08:00:00Z,JUPUSDT,0.000013443562384322,0.3763,0.3763
2025-10-15T12:00:00Z,JUPUSDT,-0.000195948844493356,0.3699,0.3699
2025-10-15T16:00:00Z,JUPUSDT,0.000011213339633861,0.3623,0.3623
2025-10-15T20:00:00Z,JUPUSDT,-0.000198047613662648,0.3626,0.3626
2025-10-16T00:00:00Z,JUPUSDT,-0.000205276576222959,0.3605,0.3605
2025-10-16T04:00:00Z,JUPUSDT,0.000043086419008587,0.3634,0.3634
2025-10-16T08:00:00Z,JUPUSDT,-0.00001965925263849,0.3632,0.3632
2025-10-16T12:00:00Z,JUPUSDT,0.00005,0.3684,0.3684
2025-10-16T16:00:00Z,JUPUSDT,0.00005,0.347,0.347
2025-10-16T20:00:00Z,JUPUSDT,0.00005,0.3444,0.3444
2025-10-17T00:00:00Z,JUPUSDT,0.00005,0.3447,0.3447
2025-10-17T04:00:00Z,JUPUSDT,0.00005,0.3516,0.3516
2025-10-17T08:00:00Z,JUPUSDT,0.00005,0.3251,0.3251
2025-10-17T12:00:00Z,JUPUSDT,0.00005,0.3321,0.3321
2025-10-17T16:00:00Z,JUPUSDT,0.00005,0.3361,0.3361
2025-10-17T20:00:00Z,JUPUSDT,0.00005,0.3357,0.3357
2025-10-18T00:00:00Z,JUPUSDT,0.00005,0.3349,0.3349
2025-10-18T04:00:00Z,JUPUSDT,0.00005,0.3397,0.3397
2025-10-18T08:00:00Z,JUPUSDT,0.00005,0.3402,0.3402
2025-10-18T12:00:00Z,JUPUSDT,0.00005,0.3435,0.3435
2025-10-18T16:00:00Z,JUPUSDT,0.00005,0.3404,0.3404
2025-10-18T20:00:00Z,JUPUSDT,0.00005,0.3405,0.3405
2025-10-19T00:00:00Z,JUPUSDT,0.00005,0.3409,0.3409
2025-10-19T04:00:00Z,JUPUSDT,-0.000095187593561197,0.3431,0.3431
2025-10-19T08:00:00Z,JUPUSDT,0.00005,0.3393,0.3393
2025-10-19T12:00:00Z,JUPUSDT,0.00005,0.3461,0.3461
2025-10-19T16:00:00Z,JUPUSDT,0.00005,0.3517,0.3517
2025-10-19T20:00:00Z,JUPUSDT,0.00005,0.3519,0.3519
2025-10-20T00:00:00Z,JUPUSDT,-0.000011906530167908,0.3504,0.3504
2025-10-20T04:00:00Z,JUPUSDT,0.00005,0.3592,0.3592
2025-10-20T08:00:00Z,JUPUSDT,0.00005,0.3645,0.3645
2025-10-20T12:00:00Z,JUPUSDT,0.00005,0.3632,0.3632
2025-10-20T16:00:00Z,JUPUSDT,0.00005,0.3611,0.3611
2025-10-20T20:00:00Z,JUPUSDT,0.00005,0.3609,0.3609
2025-10-21T00:00:00Z,JUPUSDT,-0.000119934921818041,0.3628,0.3628
2025-10-21T04:00:00Z,JUPUSDT,-0.000200929356921746,0.3564,0.3564
2025-10-21T08:00:00Z,JUPUSDT,0.00005,0.3539,0.3539
2025-10-21T12:00:00Z,JUPUSDT,0.00005,0.3528,0.3528
2025-10-21T16:00:00Z,JUPUSDT,0.00005,0.3711,0.3711
2025-10-21T20:00:00Z,JUPUSDT,-0.000346294304320057,0.3647,0.3647
2025-10-22T00:00:00Z,JUPUSDT,-0.000060654959074341,0.3477,0.3477
2025-10-22T04:00:00Z,JUPUSDT,-0.00030232597273772,0.3504,0.3504
2025-10-22T08:00:00Z,JUPUSDT,-0.000209026812289828,0.3502,0.3502
2025-10-22T12:00:00Z,JUPUSDT,0.00005,0.3512,0.3512
2025-10-22T16:00:00Z,JUPUSDT,0.00005,0.3505,0.3505
2025-10-22T20:00:00Z,JUPUSDT,0.00005,0.3456,0.3456
2025-10-23T00:00:00Z,JUPUSDT,0.00005,0.3414,0.3414
2025-10-23T04:00:00Z,JUPUSDT,0.00005,0.3458,0.3458
2025-10-23T08:00:00Z,JUPUSDT,0.000022776128561542,0.3541,0.3541
2025-10-23T12:00:00Z,JUPUSDT,-0.00004703275886596,0.3529,0.3529
2025-10-23T16:00:00Z,JUPUSDT,0.00005,0.351,0.351
2025-10-23T20:00:00Z,JUPUSDT,-0.000312224608161623,0.3589,0.3589
2025-10-24T00:00:00Z,JUPUSDT,-0.00037062016672913,0.3571,0.3571
2025-10-24T04:00:00Z,JUPUSDT,0.000026591418398779,0.3548,0.3548
2025-10-24T08:00:00Z,JUPUSDT,-0.000080688946672408,0.3619,0.3619
2025-10-24T12:00:00Z,JUPUSDT,-0.000406199821834042,0.3683,0.3683
2025-10-24T16:00:00Z,JUPUSDT,-0.000381321240976122,0.3759,0.3759
2025-10-24T20:00:00Z,JUPUSDT,-0.000172894991867234,0.3806,0.3806
2025-10-25T00:00:00Z,JUPUSDT,-0.000662589576102024,0.4031,0.4031
2025-10-25T04:00:00Z,JUPUSDT,-0.000034676802565318,0.395,0.395
2025-10-25T08:00:00Z,JUPUSDT,-0.000150033173919977,0.3898,0.3898
2025-10-25T12:00:00Z,JUPUSDT,-0.000381791879038689,0.3973,0.3973
2025-10-25T16:00:00Z,JUPUSDT,-0.000747993610396442,0.4204,0.4204
2025-10-25T20:00:00Z,JUPUSDT,-0.000848430287442233,0.4344,0.4344
2025-10-26T00:00:00Z,JUPUSDT,-0.000882640360970027,0.4261,0.4261
2025-10-26T04:00:00Z,JUPUSDT,-0.000300236213533754,0.4196,0.4196
2025-10-26T08:00:00Z,JUPUSDT,-0.000473347857189275,0.4252,0.4252
2025-10-26T12:00:00Z,JUPUSDT,-0.00038800698662122,0.4321,0.4321
2025-10-26T16:00:00Z,JUPUSDT,-0.000359709078398104,0.436,0.436
2025-10-26T20:00:00Z,JUPUSDT,0.000006986858044018,0.4263,0.4263
2025-10-27T00:00:00Z,JUPUSDT,-0.000302304467063151,0.4346,0.4346
2025-10-27T04:00:00Z,JUPUSDT,-0.00028986944037911,0.4405,0.4405
2025-10-27T08:00:00Z,JUPUSDT,-0.000422999851634797,0.4396,0.4396
2025-10-27T12:00:00Z,JUPUSDT,-0.000601890319775702,0.4464,0.4464
2025-10-27T16:00:00Z,JUPUSDT,-0.000670444367024313,0.4464,0.4464
2025-10-27T20:00:00Z,JUPUSDT,-0.000599425268383275,0.4418,0.4418
2025-10-28T00:00:00Z,JUPUSDT,-0.000498207643276677,0.4433,0.4433
2025-10-28T04:00:00Z,JUPUSDT,-0.000724560481007997,0.4433,0.4433
2025-10-28T08:00:00Z,JUPUSDT,-0.000575025851329773,0.4354,0.4354
2025-10-28T12:00:00Z,JUPUSDT,-0.000401212165165359,0.4372,0.4372
2025-10-28T16:00:00Z,JUPUSDT,-0.00030681059259527,0.437,0.437
2025-10-28T20:00:00Z,JUPUSDT,-0.000324146073008874,0.4266,0.4266
2025-10-29T00:00:00Z,JUPUSDT,-0.000370071253691188,0.4294,0.4294
2025-10-29T04:00:00Z,JUPUSDT,-0.000436938690672528,0.4256,0.4256
2025-10-29T08:00:00Z,JUPUSDT,-0.000627022980050871,0.4206,0.4206
2025-10-29T12:00:00Z,JUPUSDT,-0.000168220668908233,0.4234,0.4234
2025-10-29T16:00:00Z,JUPUSDT,0.00005,0.4114,0.4114
2025-10-29T20:00:00Z,JUPUSDT,0.00005,0.4222,0.4222
2025-10-30T00:00:00Z,JUPUSDT,0.00005,0.4163,0.4163
2025-10-30T04:00:00Z,JUPUSDT,0.00005,0.4192,0.4192
2025-10-30T08:00:00Z,JUPUSDT,0.000001932305016328,0.4274,0.4274
2025-10-30T12:00:00Z,JUPUSDT,0.000024582432596311,0.4094,0.4094
2025-10-30T16:00:00Z,JUPUSDT,0.00005,0.3904,0.3904
2025-10-30T20:00:00Z,JUPUSDT,0.00005,0.3821,0.3821
2025-10-31T00:00:00Z,JUPUSDT,-0.000032377459594351,0.3988,0.3988
2025-10-31T04:00:00Z,JUPUSDT,0.00005,0.4011,0.4011
2025-10-31T08:00:00Z,JUPUSDT,0.00005,0.4003,0.4003
2025-10-31T12:00:00Z,JUPUSDT,0.00005,0.4055,0.4055
2025-10-31T16:00:00Z,JUPUSDT,0.00005,0.4034,0.4034
2025-10-31T20:00:00Z,JUPUSDT,0.000022583742351463,0.4066,0.4066
2025-11-01T00:00:00Z,JUPUSDT,0.00005,0.4039,0.4039
2025-11-01T04:00:00Z,JUPUSDT,-0.000019686623791709,0.4076,0.4076
2025-11-01T08:00:00Z,JUPUSDT,-0.000068603374793033,0.4108,0.4108
2025-11-01T12:00:00Z,JUPUSDT,0.000012711718883539,0.4083,0.4083
2025-11-01T16:00:00Z,JUPUSDT,0.000041979303590031,0.4023,0.4023
2025-11-01T20:00:00Z,JUPUSDT,-0.000066731438399267,0.4046,0.4046
2025-11-02T00:00:00Z,JUPUSDT,-0.000114412131783732,0.4099,0.4099
2025-11-02T04:00:00Z,JUPUSDT,-0.000300344361601211,0.4099,0.4099
2025-11-02T08:00:00Z,JUPUSDT,-0.000331201237892282,0.4158,0.4158
2025-11-02T12:00:00Z,JUPUSDT,-0.000205917079666942,0.4102,0.4102
2025-11-02T16:00:00Z,JUPUSDT,-0.00014901127499482,0.394,0.394
2025-11-02T20:00:00Z,JUPUSDT,-0.00029495691353143,0.3957,0.3957
2025-11-03T00:00:00Z,JUPUSDT,-0.000245116217656034,0.4044,0.4044
2025-11-03T04:00:00Z,JUPUSDT,0.00005,0.3752,0.3752
2025-11-03T08:00:00Z,JUPUSDT,-0.000333733634950249,0.3765,0.3765
2025-11-03T12:00:00Z,JUPUSDT,-0.000499218529056894,0.3775,0.3775
2025-11-03T16:00:00Z,JUPUSDT,0.00005,0.3571,0.3571
2025-11-03T20:00:00Z,JUPUSDT,0.00005,0.3639,0.3639
2025-11-04T00:00:00Z,JUPUSDT,0.00005,0.3613,0.3613
2025-11-04T04:00:00Z,JUPUSDT,-0.000018781296644607,0.3682,0.3682
2025-11-04T08:00:00Z,JUPUSDT,0.00005,0.3444,0.3444
2025-11-04T12:00:00Z,JUPUSDT,0.00005,0.3496,0.3496
2025-11-04T16:00:00Z,JUPUSDT,0.00005,0.3531,0.3531
2025-11-04T20:00:00Z,JUPUSDT,0.00005,0.3387,0.3387
2025-11-05T00:00:00Z,JUPUSDT,0.00005,0.3427,0.3427
2025-11-05T04:00:00Z,JUPUSDT,0.00005,0.3466,0.3466
2025-11-05T08:00:00Z,JUPUSDT,-0.00004453661351374,0.3451,0.3451
2025-11-05T12:00:00Z,JUPUSDT,0.000019354166735495,0.3456,0.3456
2025-11-05T16:00:00Z,JUPUSDT,0.00005,0.3526,0.3526
2025-11-05T20:00:00Z,JUPUSDT,0.00005,0.357,0.357
2025-11-06T00:00:00Z,JUPUSDT,0.00005,0.3525,0.3525
2025-11-06T04:00:00Z,JUPUSDT,0.00005,0.3535,0.3535
2025-11-06T08:00:00Z,JUPUSDT,0.00005,0.3458,0.3458
2025-11-06T12:00:00Z,JUPUSDT,0.00005,0.3455,0.3455
2025-11-06T16:00:00Z,JUPUSDT,0.00005,0.3382,0.3382
2025-11-06T20:00:00Z,JUPUSDT,0.00005,0.3388,0.3388
2025-11-07T00:00:00Z,JUPUSDT,0.00005,0.3393,0.3393
2025-11-07T04:00:00Z,JUPUSDT,0.00005,0.346,0.346
2025-11-07T08:00:00Z,JUPUSDT,0.00005,0.35,0.35
2025-11-07T12:00:00Z,JUPUSDT,0.00005,0.3298,0.3298
2025-11-07T16:00:00Z,JUPUSDT,0.00005,0.3437,0.3437
2025-11-07T20:00:00Z,JUPUSDT,0.00005,0.3601,0.3601
2025-11-08T00:00:00Z,JUPUSDT,0.00005,0.3549,0.3549
2025-11-08T04:00:00Z,JUPUSDT,-0.000169625993569334,0.3539,0.3539
2025-11-08T08:00:00Z,JUPUSDT,-0.000420325290030089,0.3491,0.3491
2025-11-08T12:00:00Z,JUPUSDT,-0.000366143066971576,0.3475,0.3475
2025-11-08T16:00:00Z,JUPUSDT,-0.000248144905880441,0.3393,0.3393
2025-11-08T20:00:00Z,JUPUSDT,-0.000226518418669431,0.3429,0.3429
2025-11-09T00:00:00Z,JUPUSDT,-0.000242191403846658,0.3483,0.3483
2025-11-09T04:00:00Z,JUPUSDT,-0.000271744092850234,0.3358,0.3358
2025-11-09T08:00:00Z,JUPUSDT,-0.000310259136695329,0.3418,0.3418
2025-11-09T12:00:00Z,JUPUSDT,-0.000155197390188142,0.3419,0.3419
2025-11-09T16:00:00Z,JUPUSDT,-0.000060839535212304,0.3513,0.3513
2025-11-09T20:00:00Z,JUPUSDT,-0.000295630639393047,0.358,0.358
2025-11-10T00:00:00Z,JUPUSDT,-0.000101782040346853,0.3524,0.3524
2025-11-10T04:00:00Z,JUPUSDT,-0.000094577551746141,0.3587,0.3587
2025-11-10T08:00:00Z,JUPUSDT,-0.000022304290512467,0.3591,0.3591
2025-11-10T12:00:00Z,JUPUSDT,-0.000002529401070091,0.3599,0.3599
2025-11-10T16:00:00Z,JUPUSDT,0.00005,0.355,0.355
2025-11-10T20:00:00Z,JUPUSDT,0.00005,0.3572,0.3572
2025-11-11T00:00:00Z,JUPUSDT,0.00005,0.3648,0.3648
2025-11-11T04:00:00Z,JUPUSDT,0.00005,0.3712,0.3712
2025-11-11T08:00:00Z,JUPUSDT,0.00005,0.3507,0.3507
2025-11-11T12:00:00Z,JUPUSDT,0.00005,0.3489,0.3489
2025-11-11T16:00:00Z,JUPUSDT,0.00005,0.3491,0.3491
2025-11-11T20:00:00Z,JUPUSDT,0.00005,0.3411,0.3411
2025-11-12T00:00:00Z,JUPUSDT,0.00005,0.3343,0.3343
2025-11-12T04:00:00Z,JUPUSDT,0.00005,0.3369,0.3369
2025-11-12T08:00:00Z,JUPUSDT,0.00005,0.3369,0.3369
2025-11-12T12:00:00Z,JUPUSDT,-0.000029809216492283,0.3471,0.3471
2025-11-12T16:00:00Z,JUPUSDT,0.00005,0.3378,0.3378
2025-11-12T20:00:00Z,JUPUSDT,0.00005,0.3307,0.3307
2025-11-13T00:00:00Z,JUPUSDT,0.00005,0.3309,0.3309
2025-11-13T04:00:00Z,JUPUSDT,0.00005,0.3393,0.3393
2025-11-13T08:00:00Z,JUPUSDT,0.000020356535984416,0.3398,0.3398
2025-11-13T12:00:00Z,JUPUSDT,0.000034135266114495,0.3392,0.3392
2025-11-13T16:00:00Z,JUPUSDT,0.00005,0.3309,0.3309
2025-11-13T20:00:00Z,JUPUSDT,0.00005,0.3098,0.3098
2025-11-14T00:00:00Z,JUPUSDT,0.00005,0.3103,0.3103
2025-11-14T04:00:00Z,JUPUSDT,0.00005,0.3069,0.3069
2025-11-14T08:00:00Z,JUPUSDT,0.00005,0.2968,0.2968
2025-11-14T12:00:00Z,JUPUSDT,0.00005,0.2901,0.2901
2025-11-14T16:00:00Z,JUPUSDT,0.00005,0.2931,0.2931
2025-11-14T20:00:00Z,JUPUSDT,0.00005,0.2916,0.2916
2025-11-15T00:00:00Z,JUPUSDT,0.00005,0.2789,0.2789
2025-11-15T04:00:00Z,JUPUSDT,-0.000016155764576756,0.2897,0.2897
2025-11-15T08:00:00Z,JUPUSDT,0.00005,0.2899,0.2899
2025-11-15T12:00:00Z,JUPUSDT,-0.000076182871204655,0.2854,0.2854
2025-11-15T16:00:00Z,JUPUSDT,0.00005,0.2868,0.2868
2025-11-15T20:00:00Z,JUPUSDT,0.000045253710870712,0.2868,0.2868
2025-11-16T00:00:00Z,JUPUSDT,-0.000036998924070673,0.2828,0.2828
2025-11-16T04:00:00Z,JUPUSDT,-0.000051767813551547,0.2842,0.2842
2025-11-16T08:00:00Z,JUPUSDT,-0.000108276199601075,0.2841,0.2841
2025-11-16T12:00:00Z,JUPUSDT,0.00005,0.2796,0.2796
2025-11-16T16:00:00Z,JUPUSDT,0.000036867907308977,0.2718,0.2718
2025-11-16T20:00:00Z,JUPUSDT,0.00005,0.2715,0.2715
2025-11-17T00:00:00Z,JUPUSDT,0.00005,0.2751,0.2751
2025-11-17T04:00:00Z,JUPUSDT,0.00005,0.2799,0.2799
2025-11-17T08:00:00Z,JUPUSDT,0.00005,0.2806,0.2806
2025-11-17T12:00:00Z,JUPUSDT,0.00005,0.2805,0.2805
2025-11-17T16:00:00Z,JUPUSDT,0.00005,0.2708,0.2708
2025-11-17T20:00:00Z,JUPUSDT,0.00005,0.2603,0.2603
2025-11-18T00:00:00Z,JUPUSDT,0.00005,0.2619,0.2619
2025-11-18T04:00:00Z,JUPUSDT,0.00005,0.2667,0.2667
2025-11-18T08:00:00Z,JUPUSDT,0.00005,0.2671,0.2671
2025-11-18T12:00:00Z,JUPUSDT,0.00005,0.2661,0.2661
2025-11-18T16:00:00Z,JUPUSDT,0.00005,0.27,0.27
2025-11-18T20:00:00Z,JUPUSDT,0.00005,0.2706,0.2706
2025-11-19T00:00:00Z,JUPUSDT,0.00005,0.2663,0.2663
2025-11-19T04:00:00Z,JUPUSDT,0.00005,0.2643,0.2643
2025-11-19T08:00:00Z,JUPUSDT,0.000016126442323796,0.2641,0.2641
2025-11-19T12:00:00Z,JUPUSDT,0.00005,0.2635,0.2635
2025-11-19T16:00:00Z,JUPUSDT,0.00005,0.2567,0.2567
2025-11-19T20:00:00Z,JUPUSDT,0.00005,0.2507,0.2507
2025-11-20T00:00:00Z,JUPUSDT,0.00005,0.2622,0.2622
2025-11-20T04:00:00Z,JUPUSDT,0.00005,0.2682,0.2682
2025-11-20T08:00:00Z,JUPUSDT,0.00005,0.2758,0.2758
2025-11-20T12:00:00Z,JUPUSDT,0.00005,0.2747,0.2747
2025-11-20T16:00:00Z,JUPUSDT,0.00005,0.2682,0.2682
2025-11-20T20:00:00Z,JUPUSDT,0.00005,0.2531,0.2531
2025-11-21T00:00:00Z,JUPUSDT,0.00005,0.2538,0.2538
2025-11-21T04:00:00Z,JUPUSDT,0.00005,0.2508,0.2508
2025-11-21T08:00:00Z,JUPUSDT,0.00005,0.2366,0.2366
2025-11-21T12:00:00Z,JUPUSDT,0.00005,0.232,0.232
2025-11-21T16:00:00Z,JUPUSDT,0.00005,0.239,0.239
2025-11-21T20:00:00Z,JUPUSDT,0.00005,0.2431,0.2431
2025-11-22T00:00:00Z,JUPUSDT,0.00005,0.2411,0.2411
2025-11-22T04:00:00Z,JUPUSDT,0.00005,0.2387,0.2387
2025-11-22T08:00:00Z,JUPUSDT,0.00005,0.2383,0.2383
2025-11-22T12:00:00Z,JUPUSDT,0.00005,0.2364,0.2364
2025-11-22T16:00:00Z,JUPUSDT,0.00005,0.2351,0.2351
2025-11-22T20:00:00Z,JUPUSDT,-0.00001976740404457,0.2343,0.2343
2025-11-23T00:00:00Z,JUPUSDT,0.00005,0.2345,0.2345
2025-11-23T04:00:00Z,JUPUSDT,0.00005,0.2349,0.2349
2025-11-23T08:00:00Z,JUPUSDT,0.00005,0.2319,0.2319
2025-11-23T12:00:00Z,JUPUSDT,0.00005,0.2327,0.2327
2025-11-23T16:00:00Z,JUPUSDT,0.00005,0.2366,0.2366
2025-11-23T20:00:00Z,JUPUSDT,0.000038311573810574,0.238,0.238
2025-11-24T00:00:00Z,JUPUSDT,0.00005,0.2353,0.2353
2025-11-24T04:00:00Z,JUPUSDT,0.00005,0.2396,0.2396
2025-11-24T08:00:00Z,JUPUSDT,0.00005,0.2374,0.2374
2025-11-24T12:00:00Z,JUPUSDT,0.00005,0.2341,0.2341
2025-11-24T16:00:00Z,JUPUSDT,0.00005,0.2383,0.2383
2025-11-24T20:00:00Z,JUPUSDT,0.00005,0.2476,0.2476
2025-11-25T00:00:00Z,JUPUSDT,0.00005,0.2471,0.2471
2025-11-25T04:00:00Z,JUPUSDT,0.00005,0.2462,0.2462
2025-11-25T08:00:00Z,JUPUSDT,0.00005,0.2442,0.2442
2025-11-25T12:00:00Z,JUPUSDT,0.00005,0.2447,0.2447
2025-11-25T16:00:00Z,JUPUSDT,0.00005,0.2437,0.2437
2025-11-25T20:00:00Z,JUPUSDT,0.00005,0.2464,0.2464
2025-11-26T00:00:00Z,JUPUSDT,0.00005,0.2519,0.2519
2025-11-26T04:00:00Z,JUPUSDT,0.00005,0.2509,0.2509
2025-11-26T08:00:00Z,JUPUSDT,0.00003528373610266,0.2503,0.2503
2025-11-26T12:00:00Z,JUPUSDT,0.00005,0.247,0.247
2025-11-26T16:00:00Z,JUPUSDT,0.00005,0.2482,0.2482
2025-11-26T20:00:00Z,JUPUSDT,0.00005,0.258,0.258
2025-11-27T00:00:00Z,JUPUSDT,0.00005,0.2564,0.2564
2025-11-27T04:00:00Z,JUPUSDT,0.00005,0.2601,0.2601
2025-11-27T08:00:00Z,JUPUSDT,0.00005,0.2625,0.2625
2025-11-27T12:00:00Z,JUPUSDT,0.00005,0.256,0.256
2025-11-27T16:00:00Z,JUPUSDT,0.00005,0.2573,0.2573
2025-11-27T20:00:00Z,JUPUSDT,0.00005,0.2578,0.2578
2025-11-28T00:00:00Z,JUPUSDT,0.00005,0.2547,0.2547
2025-11-28T04:00:00Z,JUPUSDT,0.00005,0.25,0.25
2025-11-28T08:00:00Z,JUPUSDT,0.00005,0.2479,0.2479
2025-11-28T12:00:00Z,JUPUSDT,0.00005,0.2514,0.2514
2025-11-28T16:00:00Z,JUPUSDT,0.00005,0.2549,0.2549
2025-11-28T20:00:00Z,JUPUSDT,0.00005,0.2495,0.2495
2025-11-29T00:00:00Z,JUPUSDT,0.00005,0.2488,0.2488
2025-11-29T04:00:00Z,JUPUSDT,0.00005,0.247,0.247
2025-11-29T08:00:00Z,JUPUSDT,0.00005,0.2449,0.2449
2025-11-29T12:00:00Z,JUPUSDT,0.00005,0.2473,0.2473
2025-11-29T16:00:00Z,JUPUSDT,0.00005,0.2487,0.2487
2025-11-29T20:00:00Z,JUPUSDT,0.00005,0.2465,0.2465
2025-11-30T00:00:00Z,JUPUSDT,0.00005,0.2459,0.2459
2025-11-30T04:00:00Z,JUPUSDT,0.00005,0.2474,0.2474
2025-11-30T08:00:00Z,JUPUSDT,0.00005,0.2485,0.2485
2025-11-30T12:00:00Z,JUPUSDT,0.00005,0.2475,0.2475
2025-11-30T16:00:00Z,JUPUSDT,0.00005,0.2515,0.2515
2025-11-30T20:00:00Z,JUPUSDT,0.00005,0.2512,0.2512
2025-12-01T00:00:00Z,JUPUSDT,0.00005,0.2442,0.2442
2025-12-01T04:00:00Z,JUPUSDT,0.00005,0.2244,0.2244
2025-12-01T08:00:00Z,JUPUSDT,0.00005,0.2274,0.2274
2025-12-01T12:00:00Z,JUPUSDT,0.00005,0.2235,0.2235
2025-12-01T16:00:00Z,JUPUSDT,0.00005,0.2236,0.2236
2025-12-01T20:00:00Z,JUPUSDT,0.00005,0.2217,0.2217
2025-12-02T00:00:00Z,JUPUSDT,0.00005,0.2294,0.2294
2025-12-02T04:00:00Z,JUPUSDT,0.00005,0.2364,0.2364
2025-12-02T08:00:00Z,JUPUSDT,0.00005,0.2371,0.2371
2025-12-02T12:00:00Z,JUPUSDT,0.000048464011089421,0.2351,0.2351
2025-12-02T16:00:00Z,JUPUSDT,0.00005,0.2499,0.2499
2025-12-02T20:00:00Z,JUPUSDT,0.00005,0.2477,0.2477
2025-12-03T00:00:00Z,JUPUSDT,0.00005,0.2472,0.2472
2025-12-03T04:00:00Z,JUPUSDT,0.00005,0.2509,0.2509
2025-12-03T08:00:00Z,JUPUSDT,0.00005,0.2518,0.2518
2025-12-03T12:00:00Z,JUPUSDT,0.00005,0.2522,0.2522
2025-12-03T16:00:00Z,JUPUSDT,0.00005,0.2524,0.2524
2025-12-03T20:00:00Z,JUPUSDT,0.00005,0.2522,0.2522
2025-12-04T00:00:00Z,JUPUSDT,0.00005,0.2549,0.2549
2025-12-04T04:00:00Z,JUPUSDT,0.00005,0.2543,0.2543
2025-12-04T08:00:00Z,JUPUSDT,0.00005,0.2523,0.2523
2025-12-04T12:00:00Z,JUPUSDT,0.00005,0.2534,0.2534
2025-12-04T16:00:00Z,JUPUSDT,0.00005,0.2525,0.2525
2025-12-04T20:00:00Z,JUPUSDT,0.00005,0.2448,0.2448
2025-12-05T00:00:00Z,JUPUSDT,0.00005,0.2438,0.2438
2025-12-05T04:00:00Z,JUPUSDT,0.00005,0.2414,0.2414
2025-12-05T08:00:00Z,JUPUSDT,0.00005,0.2444,0.2444
2025-12-05T12:00:00Z,JUPUSDT,0.00005,0.24,0.24
2025-12-05T16:00:00Z,JUPUSDT,0.00005,0.2386,0.2386
2025-12-05T20:00:00Z,JUPUSDT,0.00005,0.2287,0.2287
2025-12-06T00:00:00Z,JUPUSDT,0.00005,0.2277,0.2277
2025-12-06T04:00:00Z,JUPUSDT,0.00005,0.229,0.229
2025-12-06T08:00:00Z,JUPUSDT,0.000009985164301807,0.2272,0.2272
2025-12-06T12:00:00Z,JUPUSDT,0.00005,0.2259,0.2259
2025-12-06T16:00:00Z,JUPUSDT,-0.000010041633646285,0.2259,0.2259
2025-12-06T20:00:00Z,JUPUSDT,0.00005,0.2274,0.2274
2025-12-07T00:00:00Z,JUPUSDT,0.00005,0.2266,0.2266
2025-12-07T04:00:00Z,JUPUSDT,0.00005,0.2293,0.2293
2025-12-07T08:00:00Z,JUPUSDT,0.00005,0.2248,0.2248
2025-12-07T12:00:00Z,JUPUSDT,0.00005,0.2229,0.2229
2025-12-07T16:00:00Z,JUPUSDT,0.000021414366727061,0.2205,0.2205
2025-12-07T20:00:00Z,JUPUSDT,0.00005,0.227,0.227
2025-12-08T00:00:00Z,JUPUSDT,0.00005,0.2198,0.2198
2025-12-08T04:00:00Z,JUPUSDT,0.00005,0.2235,0.2235
2025-12-08T08:00:00Z,JUPUSDT,0.00005,0.2254,0.2254
2025-12-08T12:00:00Z,JUPUSDT,0.00005,0.2278,0.2278
2025-12-08T16:00:00Z,JUPUSDT,0.00005,0.2269,0.2269
2025-12-08T20:00:00Z,JUPUSDT,0.00005,0.227,0.227
2025-12-09T00:00:00Z,JUPUSDT,0.00005,0.2268,0.2268
2025-12-09T04:00:00Z,JUPUSDT,0.00005,0.2253,0.2253
2025-12-09T08:00:00Z,JUPUSDT,0.00005,0.2221,0.2221
2025-12-09T12:00:00Z,JUPUSDT,0.00005,0.2216,0.2216
2025-12-09T16:00:00Z,JUPUSDT,0.00005,0.2341,0.2341
2025-12-09T20:00:00Z,JUPUSDT,0.00003280102321081,0.2373,0.2373
2025-12-10T00:00:00Z,JUPUSDT,0.00005,0.2329,0.2329
2025-12-10T04:00:00Z,JUPUSDT,0.00005,0.2294,0.2294
2025-12-10T08:00:00Z,JUPUSDT,0.00005,0.2309,0.2309
2025-12-10T12:00:00Z,JUPUSDT,0.00005,0.2291,0.2291
2025-12-10T16:00:00Z,JUPUSDT,0.00005,0.2268,0.2268
2025-12-10T20:00:00Z,JUPUSDT,0.00005,0.2348,0.2348
2025-12-11T00:00:00Z,JUPUSDT,0.00005,0.2257,0.2257
2025-12-11T04:00:00Z,JUPUSDT,0.00005,0.2143,0.2143
2025-12-11T08:00:00Z,JUPUSDT,0.00005,0.2161,0.2161
2025-12-11T12:00:00Z,JUPUSDT,0.00005,0.2132,0.2132
2025-12-11T16:00:00Z,JUPUSDT,0.00005,0.2111,0.2111
2025-12-11T20:00:00Z,JUPUSDT,0.00005,0.2153,0.2153
2025-12-12T00:00:00Z,JUPUSDT,0.00005,0.2162,0.2162
2025-12-12T04:00:00Z,JUPUSDT,0.00005,0.2138,0.2138
2025-12-12T08:00:00Z,JUPUSDT,0.00005,0.214,0.214
2025-12-12T12:00:00Z,JUPUSDT,0.00005,0.2133,0.2133
2025-12-12T16:00:00Z,JUPUSDT,0.00005,0.2024,0.2024
2025-12-12T20:00:00Z,JUPUSDT,-0.000051543044938691,0.1998,0.1998
2025-12-13T00:00:00Z,JUPUSDT,-0.000059480053860832,0.2007,0.2007
2025-12-13T04:00:00Z,JUPUSDT,0.00005,0.2036,0.2036
2025-12-13T08:00:00Z,JUPUSDT,0.00005,0.2047,0.2047
2025-12-13T12:00:00Z,JUPUSDT,0.00005,0.2037,0.2037
2025-12-13T16:00:00Z,JUPUSDT,0.00005,0.2028,0.2028
2025-12-13T20:00:00Z,JUPUSDT,0.00005,0.2036,0.2036
2025-12-14T00:00:00Z,JUPUSDT,0.00005,0.2032,0.2032
2025-12-14T04:00:00Z,JUPUSDT,0.000005484637865667,0.2033,0.2033
2025-12-14T08:00:00Z,JUPUSDT,-0.000000362138223454,0.2017,0.2017
2025-12-14T12:00:00Z,JUPUSDT,-0.000164515408010199,0.1999,0.1999
2025-12-14T16:00:00Z,JUPUSDT,-0.000413939085684912,0.1981,0.1981
2025-12-14T20:00:00Z,JUPUSDT,-0.000172282126647926,0.1977,0.1977
2025-12-15T00:00:00Z,JUPUSDT,0.00005,0.1937,0.1937
2025-12-15T04:00:00Z,JUPUSDT,0.00005,0.1964,0.1964
2025-12-15T08:00:00Z,JUPUSDT,0.00005,0.1962,0.1962
2025-12-15T12:00:00Z,JUPUSDT,0.00005,0.1938,0.1938
2025-12-15T16:00:00Z,JUPUSDT,0.00005,0.1851,0.1851
2025-12-15T20:00:00Z,JUPUSDT,0.00005,0.187,0.187
2025-12-16T00:00:00Z,JUPUSDT,0.00005,0.1889,0.1889
2025-12-16T04:00:00Z,JUPUSDT,0.00005,0.1878,0.1878
2025-12-16T08:00:00Z,JUPUSDT,0.00005,0.1869,0.1869
2025-12-16T12:00:00Z,JUPUSDT,0.00005,0.1942,0.1942
2025-12-16T16:00:00Z,JUPUSDT,0.00005,0.1978,0.1978
2025-12-16T20:00:00Z,JUPUSDT,0.00005,0.1937,0.1937
2025-12-17T00:00:00Z,JUPUSDT,0.00005,0.1935,0.1935
2025-12-17T04:00:00Z,JUPUSDT,0.00005,0.1921,0.1921
2025-12-17T08:00:00Z,JUPUSDT,0.00005,0.1906,0.1906
2025-12-17T12:00:00Z,JUPUSDT,0.00005,0.19,0.19
2025-12-17T16:00:00Z,JUPUSDT,0.00005,0.1898,0.1898
2025-12-17T20:00:00Z,JUPUSDT,0.00005,0.1845,0.1845
2025-12-18T00:00:00Z,JUPUSDT,0.00005,0.1848,0.1848
2025-12-18T04:00:00Z,JUPUSDT,0.00005,0.1821,0.1821
2025-12-18T08:00:00Z,JUPUSDT,0.00005,0.1798,0.1798
2025-12-18T12:00:00Z,JUPUSDT,0.00005,0.1808,0.1808
2025-12-18T16:00:00Z,JUPUSDT,0.00005,0.1829,0.1829
2025-12-18T20:00:00Z,JUPUSDT,0.00005,0.1692,0.1692
2025-12-19T00:00:00Z,JUPUSDT,0.00005,0.174,0.174
2025-12-19T04:00:00Z,JUPUSDT,0.00005,0.1778,0.1778
2025-12-19T08:00:00Z,JUPUSDT,0.00005,0.1794,0.1794
2025-12-19T12:00:00Z,JUPUSDT,0.000031526308021654,0.1822,0.1822
2025-12-19T16:00:00Z,JUPUSDT,0.00005,0.1872,0.1872
2025-12-19T20:00:00Z,JUPUSDT,0.00005,0.1916,0.1916
2025-12-20T00:00:00Z,JUPUSDT,0.00005,0.1925,0.1925
2025-12-20T04:00:00Z,JUPUSDT,0.00005,0.1922,0.1922
2025-12-20T08:00:00Z,JUPUSDT,-0.000000619690155886,0.1935,0.1935
2025-12-20T12:00:00Z,JUPUSDT,-0.000038862932048605,0.1968,0.1968
2025-12-20T16:00:00Z,JUPUSDT,-0.000003157101709651,0.1943,0.1943
2025-12-20T20:00:00Z,JUPUSDT,0.00005,0.1956,0.1956
2025-12-21T00:00:00Z,JUPUSDT,0.00005,0.1956,0.1956
2025-12-21T04:00:00Z,JUPUSDT,0.00005,0.1927,0.1927
2025-12-21T08:00:00Z,JUPUSDT,0.00005,0.1931,0.1931
2025-12-21T12:00:00Z,JUPUSDT,0.00005,0.1928,0.1928
2025-12-21T16:00:00Z,JUPUSDT,0.00005,0.1873,0.1873
2025-12-21T20:00:00Z,JUPUSDT,0.00005,0.1886,0.1886
2025-12-22T00:00:00Z,JUPUSDT,0.00005,0.1918,0.1918
2025-12-22T04:00:00Z,JUPUSDT,0.00005,0.1936,0.1936
2025-12-22T08:00:00Z,JUPUSDT,0.00005,0.1947,0.1947
2025-12-22T12:00:00Z,JUPUSDT,0.00005,0.1953,0.1953
2025-12-22T16:00:00Z,JUPUSDT,0.00005,0.196,0.196
2025-12-22T20:00:00Z,JUPUSDT,0.00005,0.189,0.189
2025-12-23T00:00:00Z,JUPUSDT,0.00005,0.1916,0.1916
2025-12-23T04:00:00Z,JUPUSDT,0.00005,0.1908,0.1908
2025-12-23T08:00:00Z,JUPUSDT,0.00005,0.1889,0.1889
2025-12-23T12:00:00Z,JUPUSDT,0.00005,0.1906,0.1906
2025-12-23T16:00:00Z,JUPUSDT,0.00005,0.1856,0.1856
2025-12-23T20:00:00Z,JUPUSDT,0.00005,0.1892,0.1892
2025-12-24T00:00:00Z,JUPUSDT,0.00005,0.1903,0.1903
2025-12-24T04:00:00Z,JUPUSDT,0.00005,0.1895,0.1895
2025-12-24T08:00:00Z,JUPUSDT,0.000031230915670976,0.1858,0.1858
2025-12-24T12:00:00Z,JUPUSDT,0.00005,0.1868,0.1868
2025-12-24T16:00:00Z,JUPUSDT,-0.000022833117183136,0.1918,0.1918
2025-12-24T20:00:00Z,JUPUSDT,0.00005,0.194,0.194
2025-12-25T00:00:00Z,JUPUSDT,0.00005,0.1947,0.1947
2025-12-25T04:00:00Z,JUPUSDT,0.00005,0.1978,0.1978
2025-12-25T08:00:00Z,JUPUSDT,0.00005,0.2004,0.2004
2025-12-25T12:00:00Z,JUPUSDT,0.00005,0.198,0.198
2025-12-25T16:00:00Z,JUPUSDT,0.00005,0.2004,0.2004
2025-12-25T20:00:00Z,JUPUSDT,0.00005,0.1991,0.1991
2025-12-26T00:00:00Z,JUPUSDT,0.00005,0.1932,0.1932
2025-12-26T04:00:00Z,JUPUSDT,0.00005,0.1995,0.1995
2025-12-26T08:00:00Z,JUPUSDT,0.000014612729553072,0.1972,0.1972
2025-12-26T12:00:00Z,JUPUSDT,0.00005,0.201,0.201
2025-12-26T16:00:00Z,JUPUSDT,0.00005,0.2007,0.2007
2025-12-26T20:00:00Z,JUPUSDT,0.00005,0.2003,0.2003
2025-12-27T00:00:00Z,JUPUSDT,0.00005,0.1998,0.1998
2025-12-27T04:00:00Z,JUPUSDT,0.00005,0.2006,0.2006
2025-12-27T08:00:00Z,JUPUSDT,0.00005,0.1998,0.1998
2025-12-27T12:00:00Z,JUPUSDT,0.00005,0.2008,0.2008
2025-12-27T16:00:00Z,JUPUSDT,0.00005,0.2002,0.2002
2025-12-27T20:00:00Z,JUPUSDT,0.00005,0.1996,0.1996
2025-12-28T00:00:00Z,JUPUSDT,0.00005,0.2028,0.2028
2025-12-28T04:00:00Z,JUPUSDT,0.00005,0.2007,0.2007
2025-12-28T08:00:00Z,JUPUSDT,0.00005,0.2001,0.2001
2025-12-28T12:00:00Z,JUPUSDT,0.00005,0.2003,0.2003
2025-12-28T16:00:00Z,JUPUSDT,0.00005,0.1996,0.1996
2025-12-28T20:00:00Z,JUPUSDT,0.00005,0.1968,0.1968
2025-12-29T00:00:00Z,JUPUSDT,0.00005,0.1997,0.1997
2025-12-29T04:00:00Z,JUPUSDT,0.00005,0.2036,0.2036
2025-12-29T08:00:00Z,JUPUSDT,0.00005,0.1994,0.1994
2025-12-29T12:00:00Z,JUPUSDT,0.00005,0.1955,0.1955
2025-12-29T16:00:00Z,JUPUSDT,0.00005,0.1916,0.1916
2025-12-29T20:00:00Z,JUPUSDT,0.00005,0.188,0.188
2025-12-30T00:00:00Z,JUPUSDT,0.00005,0.1877,0.1877
2025-12-30T04:00:00Z,JUPUSDT,0.00005,0.1867,0.1867
2025-12-30T08:00:00Z,JUPUSDT,0.00005,0.1862,0.1862
2025-12-30T12:00:00Z,JUPUSDT,0.00005,0.1906,0.1906
2025-12-30T16:00:00Z,JUPUSDT,0.00005,0.1922,0.1922
2025-12-30T20:00:00Z,JUPUSDT,0.00005,0.1875,0.1875
2025-12-31T00:00:00Z,JUPUSDT,0.00005,0.1902,0.1902
2025-12-31T04:00:00Z,JUPUSDT,0.00005,0.1901,0.1901
2025-12-31T08:00:00Z,JUPUSDT,0.00005,0.1892,0.1892
2025-12-31T12:00:00Z,JUPUSDT,0.00005,0.1908,0.1908
2025-12-31T16:00:00Z,JUPUSDT,0.00005,0.1896,0.1896
2025-12-31T20:00:00Z,JUPUSDT,0.00005,0.1873,0.1873
2026-01-01T00:00:00Z,JUPUSDT,0.00005,0.1878,0.1878
2026-01-01T04:00:00Z,JUPUSDT,0.00005,0.187,0.187
2026-01-01T08:00:00Z,JUPUSDT,0.00005,0.1876,0.1876
2026-01-01T12:00:00Z,JUPUSDT,0.00005,0.1893,0.1893
2026-01-01T16:00:00Z,JUPUSDT,0.00005,0.1922,0.1922
2026-01-01T20:00:00Z,JUPUSDT,0.00005,0.1956,0.1956
2026-01-02T00:00:00Z,JUPUSDT,0.00005,0.1995,0.1995
2026-01-02T04:00:00Z,JUPUSDT,0.00005,0.2016,0.2016
2026-01-02T08:00:00Z,JUPUSDT,0.00005,0.1986,0.1986
2026-01-02T12:00:00Z,JUPUSDT,0.00005,0.202,0.202
2026-01-02T16:00:00Z,JUPUSDT,0.00005,0.2047,0.2047
2026-01-02T20:00:00Z,JUPUSDT,0.00005,0.2075,0.2075
2026-01-03T00:00:00Z,JUPUSDT,0.00005,0.2099,0.2099
2026-01-03T04:00:00Z,JUPUSDT,0.00005,0.2101,0.2101
2026-01-03T08:00:00Z,JUPUSDT,0.00005,0.2046,0.2046
2026-01-03T12:00:00Z,JUPUSDT,0.00005,0.2057,0.2057
2026-01-03T16:00:00Z,JUPUSDT,0.00005,0.2057,0.2057
2026-01-03T20:00:00Z,JUPUSDT,0.000042104340158752,0.2089,0.2089
2026-01-04T00:00:00Z,JUPUSDT,-0.000011167081302492,0.2099,0.2099
2026-01-04T04:00:00Z,JUPUSDT,-0.000088450019303301,0.2115,0.2115
2026-01-04T08:00:00Z,JUPUSDT,-0.000011103183161756,0.211,0.211
2026-01-04T12:00:00Z,JUPUSDT,-0.000116599610134213,0.213,0.213
2026-01-04T16:00:00Z,JUPUSDT,-0.000064389413649926,0.2178,0.2178
2026-01-04T20:00:00Z,JUPUSDT,0.000048383738957165,0.2156,0.2156
2026-01-05T00:00:00Z,JUPUSDT,0.00005,0.2181,0.2181
2026-01-05T04:00:00Z,JUPUSDT,0.00005,0.2194,0.2194
2026-01-05T08:00:00Z,JUPUSDT,0.00005,0.2153,0.2153
2026-01-05T12:00:00Z,JUPUSDT,0.00005,0.2142,0.2142
2026-01-05T16:00:00Z,JUPUSDT,0.00005,0.2173,0.2173
2026-01-05T20:00:00Z,JUPUSDT,0.00005,0.2205,0.2205
2026-01-06T00:00:00Z,JUPUSDT,0.00005,0.2229,0.2229
2026-01-06T04:00:00Z,JUPUSDT,-0.000049544868758262,0.2279,0.2279
2026-01-06T08:00:00Z,JUPUSDT,0.000036759905952532,0.2284,0.2284
2026-01-06T12:00:00Z,JUPUSDT,-0.000130132012761002,0.2318,0.2318
2026-01-06T16:00:00Z,JUPUSDT,0.00005,0.2299,0.2299
2026-01-06T20:00:00Z,JUPUSDT,0.00005,0.222,0.222
2026-01-07T00:00:00Z,JUPUSDT,0.00005,0.2301,0.2301
2026-01-07T04:00:00Z,JUPUSDT,-0.000103348343979558,0.2253,0.2253
2026-01-07T08:00:00Z,JUPUSDT,0.000011314761658905,0.226,0.226
2026-01-07T12:00:00Z,JUPUSDT,0.00005,0.2222,0.2222
2026-01-07T16:00:00Z,JUPUSDT,0.00005,0.2162,0.2162
2026-01-07T20:00:00Z,JUPUSDT,0.00005,0.2168,0.2168
2026-01-08T00:00:00Z,JUPUSDT,0.00005,0.2168,0.2168
2026-01-08T04:00:00Z,JUPUSDT,0.00005,0.2147,0.2147
2026-01-08T08:00:00Z,JUPUSDT,0.00005,0.214,0.214
2026-01-08T12:00:00Z,JUPUSDT,0.00005,0.2106,0.2106
2026-01-08T16:00:00Z,JUPUSDT,0.00005,0.2146,0.2146
2026-01-08T20:00:00Z,JUPUSDT,0.00005,0.211,0.211
2026-01-09T00:00:00Z,JUPUSDT,0.00005,0.2129,0.2129
2026-01-09T04:00:00Z,JUPUSDT,0.00005,0.2174,0.2174
2026-01-09T08:00:00Z,JUPUSDT,0.00005,0.2169,0.2169
2026-01-09T12:00:00Z,JUPUSDT,0.00005,0.2145,0.2145
2026-01-09T16:00:00Z,JUPUSDT,0.00005,0.2169,0.2169
2026-01-09T20:00:00Z,JUPUSDT,0.00005,0.2109,0.2109
2026-01-10T00:00:00Z,JUPUSDT,0.00005,0.2129,0.2129
2026-01-10T04:00:00Z,JUPUSDT,0.00005,0.2109,0.2109
2026-01-10T08:00:00Z,JUPUSDT,0.00005,0.2103,0.2103
2026-01-10T12:00:00Z,JUPUSDT,0.00005,0.2131,0.2131
2026-01-10T16:00:00Z,JUPUSDT,0.00005,0.2116,0.2116
2026-01-10T20:00:00Z,JUPUSDT,0.00005,0.2111,0.2111
2026-01-11T00:00:00Z,JUPUSDT,0.00005,0.2079,0.2079
2026-01-11T04:00:00Z,JUPUSDT,0.00005,0.2108,0.2108
2026-01-11T08:00:00Z,JUPUSDT,0.00005,0.2114,0.2114
2026-01-11T12:00:00Z,JUPUSDT,0.00005,0.2124,0.2124
2026-01-11T16:00:00Z,JUPUSDT,0.00005,0.2126,0.2126
2026-01-11T20:00:00Z,JUPUSDT,0.00005,0.2147,0.2147
2026-01-12T00:00:00Z,JUPUSDT,0.00005,0.2121,0.2121
2026-01-12T04:00:00Z,JUPUSDT,0.00005,0.2158,0.2158
2026-01-12T08:00:00Z,JUPUSDT,-0.000019704295176959,0.2108,0.2108
2026-01-12T12:00:00Z,JUPUSDT,0.00005,0.2092,0.2092
2026-01-12T16:00:00Z,JUPUSDT,0.00005,0.2118,0.2118
2026-01-12T20:00:00Z,JUPUSDT,0.00005,0.2096,0.2096
2026-01-13T00:00:00Z,JUPUSDT,0.00005,0.2061,0.2061
2026-01-13T04:00:00Z,JUPUSDT,0.00005,0.2073,0.2073
2026-01-13T08:00:00Z,JUPUSDT,0.00005,0.21,0.21
2026-01-13T12:00:00Z,JUPUSDT,0.00005,0.2114,0.2114
2026-01-13T16:00:00Z,JUPUSDT,0.00005,0.2178,0.2178
2026-01-13T20:00:00Z,JUPUSDT,0.00005,0.2185,0.2185
2026-01-14T00:00:00Z,JUPUSDT,0.00005,0.2262,0.2262
2026-01-14T04:00:00Z,JUPUSDT,0.00005,0.2276,0.2276
2026-01-14T08:00:00Z,JUPUSDT,0.00005,0.227,0.227
2026-01-14T12:00:00Z,JUPUSDT,0.00005,0.2257,0.2257
2026-01-14T16:00:00Z,JUPUSDT,0.00005,0.2404,0.2404
2026-01-14T20:00:00Z,JUPUSDT,0.00005,0.2389,0.2389
2026-01-15T00:00:00Z,JUPUSDT,0.00005,0.2316,0.2316
2026-01-15T04:00:00Z,JUPUSDT,0.00005,0.2234,0.2234
2026-01-15T08:00:00Z,JUPUSDT,0.00005,0.2267,0.2267
2026-01-15T12:00:00Z,JUPUSDT,-0.000056779068856695,0.227,0.227
2026-01-15T16:00:00Z,JUPUSDT,0.00005,0.2232,0.2232
2026-01-15T20:00:00Z,JUPUSDT,0.00005,0.2174,0.2174
2026-01-16T00:00:00Z,JUPUSDT,0.00005,0.2178,0.2178
2026-01-16T04:00:00Z,JUPUSDT,0.00005,0.2169,0.2169
2026-01-16T08:00:00Z,JUPUSDT,0.00005,0.2189,0.2189
2026-01-16T12:00:00Z,JUPUSDT,0.00005,0.218,0.218
2026-01-16T16:00:00Z,JUPUSDT,0.00005,0.212,0.212
2026-01-16T20:00:00Z,JUPUSDT,0.00005,0.2192,0.2192
2026-01-17T00:00:00Z,JUPUSDT,0.00005,0.2263,0.2263
2026-01-17T04:00:00Z,JUPUSDT,0.00005,0.223,0.223
2026-01-17T08:00:00Z,JUPUSDT,0.00005,0.2246,0.2246
2026-01-17T12:00:00Z,JUPUSDT,0.00005,0.2231,0.2231
2026-01-17T16:00:00Z,JUPUSDT,0.00005,0.2256,0.2256
2026-01-17T20:00:00Z,JUPUSDT,0.00005,0.2239,0.2239
2026-01-18T00:00:00Z,JUPUSDT,0.00005,0.2208,0.2208
2026-01-18T04:00:00Z,JUPUSDT,0.00005,0.221,0.221
2026-01-18T08:00:00Z,JUPUSDT,0.00005,0.2185,0.2185
2026-01-18T12:00:00Z,JUPUSDT,0.00005,0.2203,0.2203
2026-01-18T16:00:00Z,JUPUSDT,0.00005,0.2194,0.2194
2026-01-18T20:00:00Z,JUPUSDT,0.00005,0.219,0.219
2026-01-19T00:00:00Z,JUPUSDT,0.00005,0.2074,0.2074
2026-01-19T04:00:00Z,JUPUSDT,0.00005,0.1983,0.1983
2026-01-19T08:00:00Z,JUPUSDT,0.00005,0.1995,0.1995
2026-01-19T12:00:00Z,JUPUSDT,0.00005,0.1994,0.1994
2026-01-19T16:00:00Z,JUPUSDT,0.00005,0.1997,0.1997
2026-01-19T20:00:00Z,JUPUSDT,0.00005,0.2024,0.2024
2026-01-20T00:00:00Z,JUPUSDT,0.00005,0.2013,0.2013
2026-01-20T04:00:00Z,JUPUSDT,0.00005,0.2011,0.2011
2026-01-20T08:00:00Z,JUPUSDT,0.00005,0.197,0.197
2026-01-20T12:00:00Z,JUPUSDT,0.00005,0.1945,0.1945
2026-01-20T16:00:00Z,JUPUSDT,0.00005,0.1946,0.1946
2026-01-20T20:00:00Z,JUPUSDT,0.00005,0.1906,0.1906
2026-01-21T00:00:00Z,JUPUSDT,0.00005,0.189,0.189
2026-01-21T04:00:00Z,JUPUSDT,0.00005,0.1939,0.1939
2026-01-21T08:00:00Z,JUPUSDT,0.00005,0.1941,0.1941
2026-01-21T12:00:00Z,JUPUSDT,0.00005,0.1913,0.1913
2026-01-21T16:00:00Z,JUPUSDT,0.00005,0.1985,0.1985
2026-01-21T20:00:00Z,JUPUSDT,0.00005,0.1979,0.1979
2026-01-22T00:00:00Z,JUPUSDT,0.00005,0.1928,0.1928
2026-01-22T04:00:00Z,JUPUSDT,0.00005,0.1954,0.1954
2026-01-22T08:00:00Z,JUPUSDT,0.00005,0.1942,0.1942
2026-01-22T12:00:00Z,JUPUSDT,0.00005,0.1944,0.1944
2026-01-22T16:00:00Z,JUPUSDT,0.00005,0.1908,0.1908
2026-01-22T20:00:00Z,JUPUSDT,0.00005,0.193,0.193
2026-01-23T00:00:00Z,JUPUSDT,0.00005,0.193,0.193
2026-01-23T04:00:00Z,JUPUSDT,0.00005,0.1953,0.1953
2026-01-23T08:00:00Z,JUPUSDT,0.00005,0.1956,0.1956
2026-01-23T12:00:00Z,JUPUSDT,0.00005,0.1956,0.1956
2026-01-23T16:00:00Z,JUPUSDT,0.00005,0.1946,0.1946
2026-01-23T20:00:00Z,JUPUSDT,0.00005,0.193,0.193
2026-01-24T00:00:00Z,JUPUSDT,0.00005,0.1939,0.1939
2026-01-24T04:00:00Z,JUPUSDT,0.00005,0.1959,0.1959
2026-01-24T08:00:00Z,JUPUSDT,0.00005,0.1959,0.1959
2026-01-24T12:00:00Z,JUPUSDT,0.00005,0.1996,0.1996
2026-01-24T16:00:00Z,JUPUSDT,0.00005,0.1958,0.1958
2026-01-24T20:00:00Z,JUPUSDT,0.00005,0.1958,0.1958
2026-01-25T00:00:00Z,JUPUSDT,0.00005,0.1978,0.1978
2026-01-25T04:00:00Z,JUPUSDT,0.00005,0.1969,0.1969
2026-01-25T08:00:00Z,JUPUSDT,0.00005,0.1974,0.1974
2026-01-25T12:00:00Z,JUPUSDT,0.00005,0.198,0.198
2026-01-25T16:00:00Z,JUPUSDT,0.00005,0.1948,0.1948
2026-01-25T20:00:00Z,JUPUSDT,0.00005,0.1824,0.1824
2026-01-26T00:00:00Z,JUPUSDT,0.00005,0.1851,0.1851
2026-01-26T04:00:00Z,JUPUSDT,0.00005,0.1889,0.1889
2026-01-26T08:00:00Z,JUPUSDT,0.00005,0.1907,0.1907
2026-01-26T12:00:00Z,JUPUSDT,0.00005,0.1891,0.1891
2026-01-26T16:00:00Z,JUPUSDT,0.00005,0.19,0.19
2026-01-26T20:00:00Z,JUPUSDT,0.00005,0.1906,0.1906
2026-01-27T00:00:00Z,JUPUSDT,0.00005,0.1899,0.1899
2026-01-27T04:00:00Z,JUPUSDT,0.00005,0.1922,0.1922
2026-01-27T08:00:00Z,JUPUSDT,0.00005,0.1918,0.1918
2026-01-27T12:00:00Z,JUPUSDT,0.00005,0.1921,0.1921
2026-01-27T16:00:00Z,JUPUSDT,0.00005,0.1992,0.1992
2026-01-27T20:00:00Z,JUPUSDT,0.00005,0.2009,0.2009
2026-01-28T00:00:00Z,JUPUSDT,0.00005,0.2064,0.2064
2026-01-28T04:00:00Z,JUPUSDT,0.00005,0.2032,0.2032
2026-01-28T08:00:00Z,JUPUSDT,0.00005,0.207,0.207
2026-01-28T12:00:00Z,JUPUSDT,-0.000038768283263751,0.2269,0.2269
2026-01-28T16:00:00Z,JUPUSDT,0.00005,0.2129,0.2129
2026-01-28T20:00:00Z,JUPUSDT,0.00005,0.2119,0.2119
2026-01-29T00:00:00Z,JUPUSDT,0.00005,0.2159,0.2159
2026-01-29T04:00:00Z,JUPUSDT,0.00005,0.2083,0.2083
2026-01-29T08:00:00Z,JUPUSDT,0.00005,0.2084,0.2084
2026-01-29T12:00:00Z,JUPUSDT,0.00005,0.2095,0.2095
2026-01-29T16:00:00Z,JUPUSDT,0.00005,0.2006,0.2006
2026-01-29T20:00:00Z,JUPUSDT,0.00005,0.201,0.201
2026-01-30T00:00:00Z,JUPUSDT,0.00005,0.1992,0.1992
2026-01-30T04:00:00Z,JUPUSDT,0.00005,0.1933,0.1933
2026-01-30T08:00:00Z,JUPUSDT,0.00005,0.1955,0.1955
2026-01-30T12:00:00Z,JUPUSDT,0.00005,0.2046,0.2046
2026-01-30T16:00:00Z,JUPUSDT,0.00005,0.2032,0.2032
2026-01-30T20:00:00Z,JUPUSDT,0.00005,0.2024,0.2024
2026-01-31T00:00:00Z,JUPUSDT,0.00005,0.2039,0.2039
2026-01-31T04:00:00Z,JUPUSDT,0.00005,0.211,0.211
2026-01-31T08:00:00Z,JUPUSDT,0.00005,0.2036,0.2036
2026-01-31T12:00:00Z,JUPUSDT,0.000042010088062014,0.1986,0.1986
2026-01-31T16:00:00Z,JUPUSDT,0.00005,0.1829,0.1829
2026-01-31T20:00:00Z,JUPUSDT,0.00005,0.1717,0.1717
2026-02-01T00:00:00Z,JUPUSDT,0.00005,0.1799,0.1799
2026-02-01T04:00:00Z,JUPUSDT,-0.000033953031251554,0.1777,0.1777
2026-02-01T08:00:00Z,JUPUSDT,0.00005,0.1791,0.1791
2026-02-01T12:00:00Z,JUPUSDT,0.00005,0.1766,0.1766
2026-02-01T16:00:00Z,JUPUSDT,0.00005,0.1713,0.1713
2026-02-01T20:00:00Z,JUPUSDT,0.00005,0.1736,0.1736
2026-02-02T00:00:00Z,JUPUSDT,0.00005,0.1739,0.1739
2026-02-02T04:00:00Z,JUPUSDT,0.00005,0.1851,0.1851
2026-02-02T08:00:00Z,JUPUSDT,0.00005,0.1855,0.1855
2026-02-02T12:00:00Z,JUPUSDT,-0.000145174410049161,0.1864,0.1864
2026-02-02T16:00:00Z,JUPUSDT,0.00005,0.1926,0.1926
2026-02-02T20:00:00Z,JUPUSDT,0.00005,0.189,0.189
2026-02-03T00:00:00Z,JUPUSDT,0.00005,0.1888,0.1888
2026-02-03T04:00:00Z,JUPUSDT,-0.000010725456106316,0.1917,0.1917
2026-02-03T08:00:00Z,JUPUSDT,-0.000051418388375474,0.1944,0.1944
2026-02-03T12:00:00Z,JUPUSDT,-0.000079194510133428,0.1978,0.1978
2026-02-03T16:00:00Z,JUPUSDT,0.00005,0.1987,0.1987
2026-02-03T20:00:00Z,JUPUSDT,0.00005,0.1947,0.1947
2026-02-04T00:00:00Z,JUPUSDT,0.00005,0.1947,0.1947
2026-02-04T04:00:00Z,JUPUSDT,0.00005,0.1943,0.1943
2026-02-04T08:00:00Z,JUPUSDT,0.00005,0.192,0.192
2026-02-04T12:00:00Z,JUPUSDT,0.00005,0.1884,0.1884
2026-02-04T16:00:00Z,JUPUSDT,0.00005,0.1877,0.1877
2026-02-04T20:00:00Z,JUPUSDT,0.00005,0.1938,0.1938
2026-02-05T00:00:00Z,JUPUSDT,0.00005,0.1872,0.1872
2026-02-05T04:00:00Z,JUPUSDT,0.00005,0.1869,0.1869
2026-02-05T08:00:00Z,JUPUSDT,0.00005,0.1878,0.1878
2026-02-05T12:00:00Z,JUPUSDT,0.000004938982610266,0.188,0.188
2026-02-05T16:00:00Z,JUPUSDT,0.00005,0.1713,0.1713
2026-02-05T20:00:00Z,JUPUSDT,0.00005,0.1634,0.1634
2026-02-06T00:00:00Z,JUPUSDT,0.00005,0.1553,0.1553
2026-02-06T04:00:00Z,JUPUSDT,0.00005,0.1539,0.1539
2026-02-06T08:00:00Z,JUPUSDT,0.00005,0.1568,0.1568
2026-02-06T12:00:00Z,JUPUSDT,0.00005,0.1592,0.1592
2026-02-06T16:00:00Z,JUPUSDT,0.00005,0.1656,0.1656
2026-02-06T20:00:00Z,JUPUSDT,0.00005,0.1693,0.1693
2026-02-07T00:00:00Z,JUPUSDT,0.00005,0.1677,0.1677
2026-02-07T04:00:00Z,JUPUSDT,0.00005,0.1695,0.1695
2026-02-07T08:00:00Z,JUPUSDT,0.00005,0.1601,0.1601
2026-02-07T12:00:00Z,JUPUSDT,0.00005,0.1588,0.1588
2026-02-07T16:00:00Z,JUPUSDT,0.00005,0.1612,0.1612
2026-02-07T20:00:00Z,JUPUSDT,0.00005,0.1672,0.1672
2026-02-08T00:00:00Z,JUPUSDT,0.00005,0.1668,0.1668
2026-02-08T04:00:00Z,JUPUSDT,-0.000004810586634993,0.1628,0.1628
2026-02-08T08:00:00Z,JUPUSDT,0.00005,0.1622,0.1622
2026-02-08T12:00:00Z,JUPUSDT,0.00005,0.1675,0.1675
2026-02-08T16:00:00Z,JUPUSDT,-0.000254720236227619,0.1623,0.1623
2026-02-08T20:00:00Z,JUPUSDT,0.00005,0.1608,0.1608
2026-02-09T00:00:00Z,JUPUSDT,-0.00009101330462309,0.1583,0.1583
2026-02-09T04:00:00Z,JUPUSDT,-0.000014378028724188,0.1597,0.1597
2026-02-09T08:00:00Z,JUPUSDT,0.00001030364420489,0.1579,0.1579
2026-02-09T12:00:00Z,JUPUSDT,0.00005,0.1519,0.1519
2026-02-09T16:00:00Z,JUPUSDT,0.00005,0.1541,0.1541
2026-02-09T20:00:00Z,JUPUSDT,0.00005,0.156,0.156
2026-02-10T00:00:00Z,JUPUSDT,0.00005,0.1517,0.1517
2026-02-10T04:00:00Z,JUPUSDT,0.00005,0.148,0.148
2026-02-10T08:00:00Z,JUPUSDT,0.000005186318709917,0.147,0.147
2026-02-10T12:00:00Z,JUPUSDT,0.00005,0.1449,0.1449
2026-02-10T16:00:00Z,JUPUSDT,0.00005,0.1469,0.1469
2026-02-10T20:00:00Z,JUPUSDT,0.00005,0.1428,0.1428
2026-02-11T00:00:00Z,JUPUSDT,0.00005,0.1421,0.1421
2026-02-11T04:00:00Z,JUPUSDT,0.00005,0.1434,0.1434
2026-02-11T08:00:00Z,JUPUSDT,0.000024130195778955,0.1379,0.1379
2026-02-11T12:00:00Z,JUPUSDT,0.00005,0.1402,0.1402
2026-02-11T16:00:00Z,JUPUSDT,0.00005,0.1378,0.1378
2026-02-11T20:00:00Z,JUPUSDT,0.00005,0.1377,0.1377
2026-02-12T00:00:00Z,JUPUSDT,0.00005,0.1368,0.1368
2026-02-12T04:00:00Z,JUPUSDT,0.00005,0.1392,0.1392
2026-02-12T08:00:00Z,JUPUSDT,0.00005,0.1403,0.1403
2026-02-12T12:00:00Z,JUPUSDT,0.00005,0.1424,0.1424
2026-02-12T16:00:00Z,JUPUSDT,0.00005,0.139,0.139
2026-02-12T20:00:00Z,JUPUSDT,0.00005,0.1368,0.1368
2026-02-13T00:00:00Z,JUPUSDT,0.00005,0.1378,0.1378
2026-02-13T04:00:00Z,JUPUSDT,0.00005,0.1399,0.1399
2026-02-13T08:00:00Z,JUPUSDT,0.00005,0.1412,0.1412
2026-02-13T12:00:00Z,JUPUSDT,0.00005,0.1426,0.1426
2026-02-13T16:00:00Z,JUPUSDT,0.00005,0.1504,0.1504
2026-02-13T20:00:00Z,JUPUSDT,-0.000072479836444553,0.1508,0.1508
2026-02-14T00:00:00Z,JUPUSDT,-0.0000902376226,0.153,0.153
2026-02-14T04:00:00Z,JUPUSDT,-0.00002796890762537,0.1559,0.1559
2026-02-14T08:00:00Z,JUPUSDT,-0.000153494649434359,0.1535,0.1535
2026-02-14T12:00:00Z,JUPUSDT,-0.000224765023714131,0.1586,0.1586
2026-02-14T16:00:00Z,JUPUSDT,-0.000118002975365959,0.1602,0.1602
2026-02-14T20:00:00Z,JUPUSDT,0.00005,0.1649,0.1649
2026-02-15T00:00:00Z,JUPUSDT,-0.000030598940546764,0.1655,0.1655
2026-02-15T04:00:00Z,JUPUSDT,-0.000015770568044104,0.1688,0.1688
2026-02-15T08:00:00Z,JUPUSDT,0.000006459103515372,0.1731,0.1731
2026-02-15T12:00:00Z,JUPUSDT,-0.000033547286185799,0.1642,0.1642
2026-02-15T16:00:00Z,JUPUSDT,-0.000052019668006322,0.1616,0.1616
2026-02-15T20:00:00Z,JUPUSDT,-0.00008992976239267,0.1581,0.1581
2026-02-16T00:00:00Z,JUPUSDT,-0.000114702976335091,0.1623,0.1623
2026-02-16T04:00:00Z,JUPUSDT,-0.000125768045246256,0.1616,0.1616
2026-02-16T08:00:00Z,JUPUSDT,-0.000101822580600934,0.1595,0.1595
2026-02-16T12:00:00Z,JUPUSDT,-0.000074837589190884,0.1605,0.1605
2026-02-16T16:00:00Z,JUPUSDT,0.000022850549360766,0.156,0.156
2026-02-16T20:00:00Z,JUPUSDT,-0.000052410163163452,0.1583,0.1583
2026-02-17T00:00:00Z,JUPUSDT,-0.000053048746404798,0.1626,0.1626
2026-02-17T04:00:00Z,JUPUSDT,-0.000039057408170207,0.1678,0.1678
2026-02-17T08:00:00Z,JUPUSDT,-0.000124746123872725,0.1655,0.1655
2026-02-17T12:00:00Z,JUPUSDT,-0.000097834584584584,0.1662,0.1662
2026-02-17T16:00:00Z,JUPUSDT,-0.000082025650984678,0.1642,0.1642
2026-02-17T20:00:00Z,JUPUSDT,-0.000126257865152076,0.1642,0.1642
2026-02-18T00:00:00Z,JUPUSDT,-0.000262235472536699,0.1639,0.1639
2026-02-18T04:00:00Z,JUPUSDT,-0.000132852328411803,0.1641,0.1641
2026-02-18T08:00:00Z,JUPUSDT,-0.000237060058177505,0.1635,0.1635
2026-02-18T12:00:00Z,JUPUSDT,-0.000077483297180638,0.1626,0.1626
2026-02-18T16:00:00Z,JUPUSDT,0.000006587800549558,0.1619,0.1619
2026-02-18T20:00:00Z,JUPUSDT,-0.000068982191374407,0.1519,0.1519
2026-02-19T00:00:00Z,JUPUSDT,-0.000365107491140319,0.1514,0.1514
2026-02-19T04:00:00Z,JUPUSDT,-0.000249601393790571,0.1533,0.1533
2026-02-19T08:00:00Z,JUPUSDT,-0.000273945471141678,0.1534,0.1534
2026-02-19T12:00:00Z,JUPUSDT,-0.000025055246653512,0.1555,0.1555
2026-02-19T16:00:00Z,JUPUSDT,-0.000027837157221219,0.1495,0.1495
2026-02-19T20:00:00Z,JUPUSDT,-0.000038115909805033,0.1504,0.1504
2026-02-20T00:00:00Z,JUPUSDT,0.00005,0.1503,0.1503
2026-02-20T04:00:00Z,JUPUSDT,-0.000175324867074144,0.1526,0.1526
2026-02-20T08:00:00Z,JUPUSDT,-0.000189024522703485,0.1558,0.1558
2026-02-20T12:00:00Z,JUPUSDT,-0.000303860048347047,0.1543,0.1543
2026-02-20T16:00:00Z,JUPUSDT,-0.00002592846975135,0.158,0.158
2026-02-20T20:00:00Z,JUPUSDT,-0.000172965866700639,0.1613,0.1613
2026-02-21T00:00:00Z,JUPUSDT,-0.000183663913694744,0.1594,0.1594
2026-02-21T04:00:00Z,JUPUSDT,-0.000100689775689712,0.1578,0.1578
2026-02-21T08:00:00Z,JUPUSDT,-0.000181957903906901,0.1573,0.1573
2026-02-21T12:00:00Z,JUPUSDT,-0.000234491222374285,0.1591,0.1591
2026-02-21T16:00:00Z,JUPUSDT,-0.000200561193384502,0.1585,0.1585
2026-02-21T20:00:00Z,JUPUSDT,-0.00007255935575151,0.1577,0.1577
2026-02-22T00:00:00Z,JUPUSDT,-0.000050092661602089,0.1573,0.1573
2026-02-22T04:00:00Z,JUPUSDT,-0.000274998678308771,0.1536,0.1536
2026-02-22T08:00:00Z,JUPUSDT,-0.000392597903328012,0.1551,0.1551
2026-02-22T12:00:00Z,JUPUSDT,-0.000419067658033557,0.1542,0.1542
2026-02-22T16:00:00Z,JUPUSDT,-0.000103815860081604,0.1503,0.1503
2026-02-22T20:00:00Z,JUPUSDT,-0.000037496351344521,0.1492,0.1492
2026-02-23T00:00:00Z,JUPUSDT,-0.000054667262138522,0.15,0.15
2026-02-23T04:00:00Z,JUPUSDT,-0.000142944294010152,0.1417,0.1417
2026-02-23T08:00:00Z,JUPUSDT,-0.000320866589903074,0.1454,0.1454
2026-02-23T12:00:00Z,JUPUSDT,-0.00017919364559517,0.1476,0.1476
2026-02-23T16:00:00Z,JUPUSDT,-0.000167070575404209,0.1448,0.1448
2026-02-23T20:00:00Z,JUPUSDT,-0.000098100766298478,0.1434,0.1434
2026-02-24T00:00:00Z,JUPUSDT,-0.000290317791939475,0.1451,0.1451
2026-02-24T04:00:00Z,JUPUSDT,-0.000173006549656013,0.142,0.142
2026-02-24T08:00:00Z,JUPUSDT,-0.000395067333885689,0.1413,0.1413
2026-02-24T12:00:00Z,JUPUSDT,-0.000149014417881736,0.1409,0.1409
2026-02-24T16:00:00Z,JUPUSDT,-0.000110889973121685,0.144,0.144
2026-02-24T20:00:00Z,JUPUSDT,-0.000067679040822978,0.1445,0.1445
2026-02-25T00:00:00Z,JUPUSDT,-0.000218361777582428,0.1445,0.1445
2026-02-25T04:00:00Z,JUPUSDT,0.000003156908942795,0.1466,0.1466
2026-02-25T08:00:00Z,JUPUSDT,-0.000079442270116829,0.1465,0.1465
2026-02-25T12:00:00Z,JUPUSDT,-0.000138122366883922,0.149,0.149
2026-02-25T16:00:00Z,JUPUSDT,-0.00016008206448635,0.1564,0.1564
2026-02-25T20:00:00Z,JUPUSDT,-0.000058168896798548,0.1636,0.1636
2026-02-26T00:00:00Z,JUPUSDT,0.000004388933332322,0.1603,0.1603
2026-02-26T04:00:00Z,JUPUSDT,-0.000246193893024122,0.1612,0.1612
2026-02-26T08:00:00Z,JUPUSDT,-0.000154331401936325,0.1591,0.1591
2026-02-26T12:00:00Z,JUPUSDT,-0.000280967557316011,0.1561,0.1561
2026-02-26T16:00:00Z,JUPUSDT,-0.000131165507927315,0.1555,0.1555
2026-02-26T20:00:00Z,JUPUSDT,-0.000018982394584813,0.1546,0.1546
2026-02-27T00:00:00Z,JUPUSDT,0.00005,0.1539,0.1539
2026-02-27T04:00:00Z,JUPUSDT,0.000016287899107696,0.1564,0.1564
2026-02-27T08:00:00Z,JUPUSDT,0.000015328261165052,0.1591,0.1591
2026-02-27T12:00:00Z,JUPUSDT,-0.000046137585492496,0.1541,0.1541
2026-02-27T16:00:00Z,JUPUSDT,-0.000123501133551436,0.1537,0.1537
2026-02-27T20:00:00Z,JUPUSDT,-0.000338347506585598,0.1506,0.1506
2026-02-28T00:00:00Z,JUPUSDT,-0.000234511929659734,0.1521,0.1521
2026-02-28T04:00:00Z,JUPUSDT,-0.000359506001798833,0.1532,0.1532
2026-02-28T08:00:00Z,JUPUSDT,-0.000113966505797036,0.1472,0.1472
2026-02-28T12:00:00Z,JUPUSDT,-0.000138622401585164,0.1451,0.1451
2026-02-28T16:00:00Z,JUPUSDT,-0.000243142917715851,0.1486,0.1486
2026-02-28T20:00:00Z,JUPUSDT,-0.000058506734574246,0.1556,0.1556
2026-03-01T00:00:00Z,JUPUSDT,-0.000123099021746123,0.1616,0.1616
2026-03-01T04:00:00Z,JUPUSDT,0.00005,0.1742,0.1742
2026-03-01T08:00:00Z,JUPUSDT,0.00005,0.1729,0.1729
2026-03-01T12:00:00Z,JUPUSDT,-0.000004596747216499,0.1673,0.1673
2026-03-01T16:00:00Z,JUPUSDT,-0.000003379791893775,0.1664,0.1664
2026-03-01T20:00:00Z,JUPUSDT,0.00005,0.1622,0.1622
2026-03-02T00:00:00Z,JUPUSDT,0.00005,0.1647,0.1647
2026-03-02T04:00:00Z,JUPUSDT,0.00005,0.1702,0.1702
2026-03-02T08:00:00Z,JUPUSDT,-0.000000759129318594,0.1681,0.1681
2026-03-02T12:00:00Z,JUPUSDT,-0.000036029995554389,0.1717,0.1717
2026-03-02T16:00:00Z,JUPUSDT,0.00005,0.1818,0.1818
2026-03-02T20:00:00Z,JUPUSDT,-0.000059668874247918,0.1778,0.1778
2026-03-03T00:00:00Z,JUPUSDT,0.00005,0.1759,0.1759
2026-03-03T04:00:00Z,JUPUSDT,-0.000003784105937567,0.1753,0.1753
2026-03-03T08:00:00Z,JUPUSDT,-0.000123280555186537,0.1756,0.1756
2026-03-03T12:00:00Z,JUPUSDT,0.000005125443680243,0.1746,0.1746
2026-03-03T16:00:00Z,JUPUSDT,0.00005,0.1766,0.1766
2026-03-03T20:00:00Z,JUPUSDT,-0.000018617322178851,0.1781,0.1781
2026-03-04T00:00:00Z,JUPUSDT,-0.00000500328797476,0.18,0.18
2026-03-04T04:00:00Z,JUPUSDT,-0.000117922353149454,0.1791,0.1791
2026-03-04T08:00:00Z,JUPUSDT,-0.0000059470073609,0.182,0.182
2026-03-04T12:00:00Z,JUPUSDT,0.00005,0.186,0.186
2026-03-04T16:00:00Z,JUPUSDT,0.00005,0.1974,0.1974
2026-03-04T20:00:00Z,JUPUSDT,0.00005,0.1928,0.1928
2026-03-05T00:00:00Z,JUPUSDT,0.00005,0.1891,0.1891
2026-03-05T04:00:00Z,JUPUSDT,0.000020173935526904,0.1928,0.1928
2026-03-05T08:00:00Z,JUPUSDT,0.00005,0.1929,0.1929
2026-03-05T12:00:00Z,JUPUSDT,0.00005,0.194,0.194
2026-03-05T16:00:00Z,JUPUSDT,0.00005,0.1889,0.1889
2026-03-05T20:00:00Z,JUPUSDT,0.00005,0.1869,0.1869
2026-03-06T00:00:00Z,JUPUSDT,0.00005,0.186,0.186
2026-03-06T04:00:00Z,JUPUSDT,-0.000042209918925501,0.1875,0.1875
2026-03-06T08:00:00Z,JUPUSDT,0.00005,0.1849,0.1849
2026-03-06T12:00:00Z,JUPUSDT,0.00005,0.1813,0.1813
2026-03-06T16:00:00Z,JUPUSDT,0.00005,0.177,0.177
2026-03-06T20:00:00Z,JUPUSDT,0.000016054909874086,0.1757,0.1757
2026-03-07T00:00:00Z,JUPUSDT,-0.000134564640355299,0.176,0.176
2026-03-07T04:00:00Z,JUPUSDT,0.000000063159756597,0.1762,0.1762
2026-03-07T08:00:00Z,JUPUSDT,0.000035312344342514,0.1749,0.1749
2026-03-07T12:00:00Z,JUPUSDT,-0.000066174915390355,0.1766,0.1766
2026-03-07T16:00:00Z,JUPUSDT,0.00005,0.1746,0.1746
2026-03-07T20:00:00Z,JUPUSDT,0.00005,0.1733,0.1733
2026-03-08T00:00:00Z,JUPUSDT,-0.000085630329002416,0.17,0.17
2026-03-08T04:00:00Z,JUPUSDT,-0.000092662464506075,0.1663,0.1663
2026-03-08T08:00:00Z,JUPUSDT,-0.000000474281796256,0.1626,0.1626
2026-03-08T12:00:00Z,JUPUSDT,0.000037328828504557,0.1639,0.1639
2026-03-08T16:00:00Z,JUPUSDT,-0.000053948983211574,0.1614,0.1614
2026-03-08T20:00:00Z,JUPUSDT,-0.00003799246560025,0.1663,0.1663
2026-03-09T00:00:00Z,JUPUSDT,-0.000084919615985372,0.1639,0.1639
2026-03-09T04:00:00Z,JUPUSDT,0.00005,0.163,0.163
2026-03-09T08:00:00Z,JUPUSDT,-0.000107005935433468,0.1628,0.1628
2026-03-09T12:00:00Z,JUPUSDT,-0.000022074930639581,0.1615,0.1615
2026-03-09T16:00:00Z,JUPUSDT,0.00005,0.1631,0.1631
2026-03-09T20:00:00Z,JUPUSDT,0.000049441353614182,0.1601,0.1601
2026-03-10T00:00:00Z,JUPUSDT,-0.000147097140619498,0.1597,0.1597
2026-03-10T04:00:00Z,JUPUSDT,0.00004119439680613,0.1647,0.1647
2026-03-10T08:00:00Z,JUPUSDT,0.00005,0.1726,0.1726
2026-03-10T12:00:00Z,JUPUSDT,0.000006439531103075,0.1787,0.1787
2026-03-10T16:00:00Z,JUPUSDT,0.000031214355318984,0.176,0.176
2026-03-10T20:00:00Z,JUPUSDT,0.00005,0.1679,0.1679
2026-03-11T00:00:00Z,JUPUSDT,0.00005,0.1667,0.1667
2026-03-11T04:00:00Z,JUPUSDT,-0.000191201011275335,0.1643,0.1643
2026-03-11T08:00:00Z,JUPUSDT,-0.000102071432569433,0.1637,0.1637
2026-03-11T12:00:00Z,JUPUSDT,-0.00010250109475115,0.1623,0.1623
2026-03-11T16:00:00Z,JUPUSDT,0.000023595094368761,0.1643,0.1643
2026-03-11T20:00:00Z,JUPUSDT,-0.000138408474000261,0.1651,0.1651
2026-03-12T00:00:00Z,JUPUSDT,-0.000132001726779643,0.1645,0.1645
2026-03-12T04:00:00Z,JUPUSDT,-0.000070123044372099,0.1617,0.1617
2026-03-12T08:00:00Z,JUPUSDT,-0.000000907915192913,0.1629,0.1629
2026-03-12T12:00:00Z,JUPUSDT,-0.000062501018252758,0.1627,0.1627
2026-03-12T16:00:00Z,JUPUSDT,-0.000000766169080382,0.161,0.161
2026-03-12T20:00:00Z,JUPUSDT,-0.000018473691982136,0.1624,0.1624
2026-03-13T00:00:00Z,JUPUSDT,-0.000142378888334937,0.1623,0.1623
2026-03-13T04:00:00Z,JUPUSDT,0.00005,0.1662,0.1662
2026-03-13T08:00:00Z,JUPUSDT,0.000049850063852311,0.1645,0.1645
2026-03-13T12:00:00Z,JUPUSDT,0.000046003843494084,0.1678,0.1678
2026-03-13T16:00:00Z,JUPUSDT,0.00005,0.167,0.167
2026-03-13T20:00:00Z,JUPUSDT,0.000026866060273631,0.1652,0.1652
2026-03-14T00:00:00Z,JUPUSDT,0.00005,0.1646,0.1646
2026-03-14T04:00:00Z,JUPUSDT,-0.00001805734449437,0.1626,0.1626
2026-03-14T08:00:00Z,JUPUSDT,0.00005,0.1597,0.1597
2026-03-14T12:00:00Z,JUPUSDT,0.000035567058483871,0.159,0.159
2026-03-14T16:00:00Z,JUPUSDT,-0.00003527154783732,0.159,0.159
2026-03-14T20:00:00Z,JUPUSDT,0.000003807973009612,0.1584,0.1584
2026-03-15T00:00:00Z,JUPUSDT,-0.000115453249718313,0.16,0.16
2026-03-15T04:00:00Z,JUPUSDT,-0.000323167269086921,0.1577,0.1577
2026-03-15T08:00:00Z,JUPUSDT,-0.000522960838124826,0.1595,0.1595
2026-03-15T12:00:00Z,JUPUSDT,0.000049574314631356,0.1596,0.1596
2026-03-15T16:00:00Z,JUPUSDT,-0.000046079994062387,0.1586,0.1586
2026-03-15T20:00:00Z,JUPUSDT,0.00005,0.1596,0.1596
2026-03-16T00:00:00Z,JUPUSDT,0.00005,0.1632,0.1632
2026-03-16T04:00:00Z,JUPUSDT,0.00005,0.1651,0.1651
2026-03-16T08:00:00Z,JUPUSDT,0.00005,0.1684,0.1684
2026-03-16T12:00:00Z,JUPUSDT,0.00005,0.1685,0.1685
2026-03-16T16:00:00Z,JUPUSDT,0.00005,0.1661,0.1661
2026-03-16T20:00:00Z,JUPUSDT,0.00005,0.1687,0.1687
2026-03-17T00:00:00Z,JUPUSDT,0.00005,0.1687,0.1687
2026-03-17T04:00:00Z,JUPUSDT,0.00005,0.1668,0.1668
2026-03-17T08:00:00Z,JUPUSDT,0.00005,0.1659,0.1659
2026-03-17T12:00:00Z,JUPUSDT,0.00005,0.1654,0.1654
2026-03-17T16:00:00Z,JUPUSDT,0.00005,0.1669,0.1669
2026-03-17T20:00:00Z,JUPUSDT,0.00005,0.1715,0.1715
2026-03-18T00:00:00Z,JUPUSDT,0.00005,0.1716,0.1716
2026-03-18T04:00:00Z,JUPUSDT,0.00005,0.1731,0.1731
2026-03-18T08:00:00Z,JUPUSDT,0.00005,0.1714,0.1714
2026-03-18T12:00:00Z,JUPUSDT,0.00005,0.166,0.166
2026-03-18T16:00:00Z,JUPUSDT,0.00005,0.1618,0.1618
2026-03-18T20:00:00Z,JUPUSDT,-0.000007234036125654,0.1616,0.1616
2026-03-19T00:00:00Z,JUPUSDT,0.00005,0.1632,0.1632
2026-03-19T04:00:00Z,JUPUSDT,0.00005,0.1633,0.1633
2026-03-19T08:00:00Z,JUPUSDT,0.000031476757773359,0.1607,0.1607
2026-03-19T12:00:00Z,JUPUSDT,-0.000009950612848119,0.1613,0.1613
2026-03-19T16:00:00Z,JUPUSDT,0.00005,0.1581,0.1581
2026-03-19T20:00:00Z,JUPUSDT,-0.000099869678553639,0.1595,0.1595
2026-03-20T00:00:00Z,JUPUSDT,-0.000176951451151379,0.1591,0.1591
2026-03-20T04:00:00Z,JUPUSDT,-0.000277720141635734,0.1593,0.1593
2026-03-20T08:00:00Z,JUPUSDT,-0.000081159822519578,0.1593,0.1593
2026-03-20T12:00:00Z,JUPUSDT,-0.000063017005205957,0.1592,0.1592
2026-03-20T16:00:00Z,JUPUSDT,-0.000049087597744825,0.1586,0.1586
2026-03-20T20:00:00Z,JUPUSDT,-0.000020987559086949,0.1579,0.1579
2026-03-21T00:00:00Z,JUPUSDT,-0.000025779866829655,0.1591,0.1591
2026-03-21T04:00:00Z,JUPUSDT,-0.000044934494946927,0.1599,0.1599
2026-03-21T08:00:00Z,JUPUSDT,-0.000101675458913341,0.1595,0.1595
2026-03-21T12:00:00Z,JUPUSDT,-0.000080914359579097,0.1587,0.1587
2026-03-21T16:00:00Z,JUPUSDT,0.000014679969051838,0.1597,0.1597
2026-03-21T20:00:00Z,JUPUSDT,-0.000078475609412339,0.1585,0.1585
2026-03-22T00:00:00Z,JUPUSDT,-0.000591278202064853,0.1542,0.1542
2026-03-22T04:00:00Z,JUPUSDT,-0.000983312768892116,0.1532,0.1532
2026-03-22T08:00:00Z,JUPUSDT,-0.0003338572145065,0.1523,0.1523
2026-03-22T12:00:00Z,JUPUSDT,-0.000140519878476911,0.1503,0.1503
2026-03-22T16:00:00Z,JUPUSDT,-0.000098233811369596,0.1524,0.1524
2026-03-22T20:00:00Z,JUPUSDT,-0.000007869915964024,0.1531,0.1531
2026-03-23T00:00:00Z,JUPUSDT,-0.000279505549153703,0.1523,0.1523
2026-03-23T04:00:00Z,JUPUSDT,-0.000141749624795066,0.1542,0.1542
2026-03-23T08:00:00Z,JUPUSDT,0.00005,0.1534,0.1534
2026-03-23T12:00:00Z,JUPUSDT,0.00005,0.155,0.155
2026-03-23T16:00:00Z,JUPUSDT,0.00005,0.1531,0.1531
2026-03-23T20:00:00Z,JUPUSDT,0.00005,0.1533,0.1533
2026-03-24T00:00:00Z,JUPUSDT,0.00005,0.1535,0.1535
2026-03-24T04:00:00Z,JUPUSDT,0.00005,0.1547,0.1547
2026-03-24T08:00:00Z,JUPUSDT,0.00005,0.1558,0.1558
2026-03-24T12:00:00Z,JUPUSDT,0.00005,0.1551,0.1551
2026-03-24T16:00:00Z,JUPUSDT,0.00005,0.152,0.152
2026-03-24T20:00:00Z,JUPUSDT,0.00005,0.151,0.151
2026-03-25T00:00:00Z,JUPUSDT,0.00005,0.1557,0.1557
2026-03-25T04:00:00Z,JUPUSDT,0.00005,0.159,0.159
2026-03-25T08:00:00Z,JUPUSDT,0.00005,0.1581,0.1581
2026-03-25T12:00:00Z,JUPUSDT,0.00005,0.1596,0.1596
2026-03-25T16:00:00Z,JUPUSDT,0.00005,0.1556,0.1556
2026-03-25T20:00:00Z,JUPUSDT,0.00005,0.1554,0.1554
2026-03-26T00:00:00Z,JUPUSDT,0.00005,0.1546,0.1546
2026-03-26T04:00:00Z,JUPUSDT,0.00005,0.1533,0.1533
2026-03-26T08:00:00Z,JUPUSDT,-0.000082604592738268,0.1523,0.1523
2026-03-26T12:00:00Z,JUPUSDT,-0.00003900969645632,0.1499,0.1499
2026-03-26T16:00:00Z,JUPUSDT,0.000007216173602294,0.1491,0.1491
2026-03-26T20:00:00Z,JUPUSDT,-0.000110849997268776,0.1459,0.1459
2026-03-27T00:00:00Z,JUPUSDT,0.000013964732481312,0.1485,0.1485
2026-03-27T04:00:00Z,JUPUSDT,0.000031670632939718,0.1484,0.1484
2026-03-27T08:00:00Z,JUPUSDT,-0.000044131299473466,0.1495,0.1495
2026-03-27T12:00:00Z,JUPUSDT,0.000042503230060998,0.1431,0.1431
2026-03-27T16:00:00Z,JUPUSDT,0.00005,0.1412,0.1412
2026-03-27T20:00:00Z,JUPUSDT,0.00005,0.1415,0.1415
2026-03-28T00:00:00Z,JUPUSDT,-0.000016815034913414,0.1421,0.1421
2026-03-28T04:00:00Z,JUPUSDT,-0.000223336430628075,0.1415,0.1415
2026-03-28T08:00:00Z,JUPUSDT,-0.0000012370735871,0.1445,0.1445
2026-03-28T12:00:00Z,JUPUSDT,0.00005,0.1438,0.1438
2026-03-28T16:00:00Z,JUPUSDT,0.00005,0.1468,0.1468
2026-03-28T20:00:00Z,JUPUSDT,0.00005,0.1458,0.1458
2026-03-29T00:00:00Z,JUPUSDT,0.00005,0.1441,0.1441
2026-03-29T04:00:00Z,JUPUSDT,0.00005,0.1445,0.1445
2026-03-29T08:00:00Z,JUPUSDT,0.00005,0.1429,0.1429
2026-03-29T12:00:00Z,JUPUSDT,0.00005,0.1435,0.1435
2026-03-29T16:00:00Z,JUPUSDT,0.00005,0.1422,0.1422
2026-03-29T20:00:00Z,JUPUSDT,0.00005,0.1416,0.1416
2026-03-30T00:00:00Z,JUPUSDT,0.00005,0.1416,0.1416
2026-03-30T04:00:00Z,JUPUSDT,0.00005,0.1466,0.1466
2026-03-30T08:00:00Z,JUPUSDT,0.00005,0.1519,0.1519
2026-03-30T12:00:00Z,JUPUSDT,0.00005,0.1529,0.1529
2026-03-30T16:00:00Z,JUPUSDT,0.00005,0.1547,0.1547
2026-03-30T20:00:00Z,JUPUSDT,0.00005,0.1505,0.1505
2026-03-31T00:00:00Z,JUPUSDT,0.00005,0.1509,0.1509
2026-03-31T04:00:00Z,JUPUSDT,0.00005,0.154,0.154
2026-03-31T08:00:00Z,JUPUSDT,0.00005,0.1549,0.1549
2026-03-31T12:00:00Z,JUPUSDT,0.000045730146582522,0.152,0.152
2026-03-31T16:00:00Z,JUPUSDT,0.000021290805229641,0.153,0.153
2026-03-31T20:00:00Z,JUPUSDT,-0.000063028227304655,0.1578,0.1578
2026-04-01T00:00:00Z,JUPUSDT,-0.000539564463609648,0.1577,0.1577
2026-04-01T04:00:00Z,JUPUSDT,0.000025140181015202,0.1604,0.1604
2026-04-01T08:00:00Z,JUPUSDT,-0.000014349043380923,0.1618,0.1618
2026-04-01T12:00:00Z,JUPUSDT,0.000025162429758945,0.1636,0.1636
2026-04-01T16:00:00Z,JUPUSDT,-0.000017446660054599,0.1641,0.1641
2026-04-01T20:00:00Z,JUPUSDT,0.00005,0.1571,0.1571
2026-04-02T00:00:00Z,JUPUSDT,0.00005,0.1547,0.1547
2026-04-02T04:00:00Z,JUPUSDT,0.00005,0.1515,0.1515
2026-04-02T08:00:00Z,JUPUSDT,-0.000678146421333251,0.1554,0.1554
2026-04-02T12:00:00Z,JUPUSDT,-0.000854619763167289,0.1528,0.1528
2026-04-02T16:00:00Z,JUPUSDT,0.00005,0.1572,0.1572
2026-04-02T20:00:00Z,JUPUSDT,-0.000112748512503036,0.1562,0.1562
2026-04-03T00:00:00Z,JUPUSDT,-0.00020754054118674,0.1544,0.1544
2026-04-03T04:00:00Z,JUPUSDT,-0.000067994037735339,0.1567,0.1567
2026-04-03T08:00:00Z,JUPUSDT,-0.000519520157852377,0.1626,0.1626
2026-04-03T12:00:00Z,JUPUSDT,-0.000623287896040347,0.1631,0.1631
2026-04-03T16:00:00Z,JUPUSDT,0.00005,0.1623,0.1623
2026-04-03T20:00:00Z,JUPUSDT,0.00005,0.1632,0.1632
2026-04-04T00:00:00Z,JUPUSDT,0.000047545759871038,0.1629,0.1629
2026-04-04T04:00:00Z,JUPUSDT,0.000021030981944841,0.1617,0.1617
2026-04-04T08:00:00Z,JUPUSDT,0.000023134986891684,0.1619,0.1619
2026-04-04T12:00:00Z,JUPUSDT,-0.000063263185309749,0.1615,0.1615
2026-04-04T16:00:00Z,JUPUSDT,0.00005,0.1624,0.1624
2026-04-04T20:00:00Z,JUPUSDT,0.000015749640290195,0.1624,0.1624
2026-04-05T00:00:00Z,JUPUSDT,0.000034987017258907,0.1625,0.1625
2026-04-05T04:00:00Z,JUPUSDT,0.000014414997059144,0.1606,0.1606
2026-04-05T08:00:00Z,JUPUSDT,0.000044200909038031,0.1569,0.1569
2026-04-05T12:00:00Z,JUPUSDT,-0.000039062709202076,0.1584,0.1584
2026-04-05T16:00:00Z,JUPUSDT,0.000023355103254336,0.1583,0.1583
2026-04-05T20:00:00Z,JUPUSDT,-0.000048606711797087,0.1586,0.1586
2026-04-06T00:00:00Z,JUPUSDT,0.00005,0.1627,0.1627
2026-04-06T04:00:00Z,JUPUSDT,-0.000089426033070338,0.164,0.164
2026-04-06T08:00:00Z,JUPUSDT,0.000023909198614296,0.1644,0.1644
2026-04-06T12:00:00Z,JUPUSDT,-0.000165193042848824,0.1647,0.1647
2026-04-06T16:00:00Z,JUPUSDT,-0.000046659649339838,0.1639,0.1639
2026-04-06T20:00:00Z,JUPUSDT,0.00005,0.1626,0.1626
2026-04-07T00:00:00Z,JUPUSDT,0.000041716999125834,0.1593,0.1593
2026-04-07T04:00:00Z,JUPUSDT,0.00000696322279016,0.1576,0.1576
2026-04-07T08:00:00Z,JUPUSDT,0.00005,0.1578,0.1578
2026-04-07T12:00:00Z,JUPUSDT,0.00005,0.1561,0.1561
2026-04-07T16:00:00Z,JUPUSDT,0.00005,0.1569,0.1569
2026-04-07T20:00:00Z,JUPUSDT,0.00005,0.1604,0.1604
2026-04-08T00:00:00Z,JUPUSDT,0.00005,0.1709,0.1709
2026-04-08T04:00:00Z,JUPUSDT,0.00005,0.1673,0.1673
2026-04-08T08:00:00Z,JUPUSDT,0.00005,0.1676,0.1676
2026-04-08T12:00:00Z,JUPUSDT,0.00005,0.1661,0.1661
2026-04-08T16:00:00Z,JUPUSDT,0.000035755251666368,0.1628,0.1628
2026-04-08T20:00:00Z,JUPUSDT,-0.000194619963572063,0.1614,0.1614
2026-04-09T00:00:00Z,JUPUSDT,-0.000189996773269412,0.1595,0.1595
2026-04-09T04:00:00Z,JUPUSDT,-0.000337380980959624,0.1585,0.1585
2026-04-09T08:00:00Z,JUPUSDT,-0.000489725191990641,0.1589,0.1589
2026-04-09T12:00:00Z,JUPUSDT,-0.000387643723829148,0.1586,0.1586
2026-04-09T16:00:00Z,JUPUSDT,-0.000079353696825703,0.1614,0.1614
2026-04-09T20:00:00Z,JUPUSDT,-0.000084950826561009,0.1624,0.1624
2026-04-10T00:00:00Z,JUPUSDT,-0.000222209245762885,0.1609,0.1609
2026-04-10T04:00:00Z,JUPUSDT,-0.000107130615839633,0.1592,0.1592
2026-04-10T08:00:00Z,JUPUSDT,-0.000106695663904931,0.1599,0.1599
2026-04-10T12:00:00Z,JUPUSDT,-0.000181025130294619,0.1617,0.1617
2026-04-10T16:00:00Z,JUPUSDT,-0.000031291356908535,0.1621,0.1621
2026-04-10T20:00:00Z,JUPUSDT,0.00005,0.1672,0.1672
2026-04-11T00:00:00Z,JUPUSDT,-0.000040264968630169,0.1658,0.1658
2026-04-11T04:00:00Z,JUPUSDT,-0.000139863767646545,0.1629,0.1629
2026-04-11T08:00:00Z,JUPUSDT,-0.000083640853177679,0.1626,0.1626
2026-04-11T12:00:00Z,JUPUSDT,-0.000053468693378823,0.1639,0.1639
2026-04-11T16:00:00Z,JUPUSDT,-0.000305475301551888,0.1644,0.1644
2026-04-11T20:00:00Z,JUPUSDT,-0.000351954988322762,0.1674,0.1674
2026-04-12T00:00:00Z,JUPUSDT,-0.000902078698996376,0.1648,0.1648
2026-04-12T04:00:00Z,JUPUSDT,-0.000948524388935832,0.1598,0.1598
2026-04-12T08:00:00Z,JUPUSDT,-0.001139431764387242,0.1604,0.1604
2026-04-12T12:00:00Z,JUPUSDT,-0.000284523428249443,0.1596,0.1596
2026-04-12T16:00:00Z,JUPUSDT,0.00005,0.1591,0.1591
2026-04-12T20:00:00Z,JUPUSDT,-0.000027562312405309,0.1602,0.1602
2026-04-13T00:00:00Z,JUPUSDT,0.000027360353024968,0.1596,0.1596
2026-04-13T04:00:00Z,JUPUSDT,-0.000025082649100671,0.1611,0.1611
2026-04-13T08:00:00Z,JUPUSDT,0.00005,0.1632,0.1632
2026-04-13T12:00:00Z,JUPUSDT,0.00005,0.1628,0.1628
2026-04-13T16:00:00Z,JUPUSDT,0.00005,0.1625,0.1625
2026-04-13T20:00:00Z,JUPUSDT,0.00005,0.1658,0.1658
2026-04-14T00:00:00Z,JUPUSDT,0.00005,0.171,0.171
2026-04-14T04:00:00Z,JUPUSDT,0.00005,0.1691,0.1691
2026-04-14T08:00:00Z,JUPUSDT,0.00005,0.1677,0.1677
2026-04-14T12:00:00Z,JUPUSDT,-0.000069511315538986,0.1691,0.1691
2026-04-14T16:00:00Z,JUPUSDT,-0.000152915961707654,0.1678,0.1678
2026-04-14T20:00:00Z,JUPUSDT,-0.000213270803445094,0.1638,0.1638
2026-04-15T00:00:00Z,JUPUSDT,-0.000313546417601759,0.1643,0.1643
2026-04-15T04:00:00Z,JUPUSDT,-0.000211282582471788,0.1656,0.1656
2026-04-15T08:00:00Z,JUPUSDT,-0.000186088958771891,0.1642,0.1642
2026-04-15T12:00:00Z,JUPUSDT,-0.000406208509652919,0.1661,0.1661
2026-04-15T16:00:00Z,JUPUSDT,-0.000307918564260841,0.1656,0.1656
2026-04-15T20:00:00Z,JUPUSDT,-0.000247904219068612,0.169,0.169
2026-04-16T00:00:00Z,JUPUSDT,-0.00013538917427163,0.1688,0.1688
2026-04-16T04:00:00Z,JUPUSDT,-0.000139786365967717,0.1715,0.1715
2026-04-16T08:00:00Z,JUPUSDT,-0.000265057669862857,0.1711,0.1711
2026-04-16T12:00:00Z,JUPUSDT,-0.000370085322465217,0.1701,0.1701
2026-04-16T16:00:00Z,JUPUSDT,-0.000143926428000003,0.1734,0.1734
2026-04-16T20:00:00Z,JUPUSDT,-0.000140793857733484,0.1792,0.1792
2026-04-17T00:00:00Z,JUPUSDT,-0.000023577545993272,0.1797,0.1797
2026-04-17T04:00:00Z,JUPUSDT,-0.000092172940172447,0.1829,0.1829
2026-04-17T08:00:00Z,JUPUSDT,-0.000094970298879239,0.1822,0.1822
2026-04-17T12:00:00Z,JUPUSDT,-0.000097812361252719,0.1834,0.1834
2026-04-17T16:00:00Z,JUPUSDT,-0.00006179765845382,0.1867,0.1867
2026-04-17T20:00:00Z,JUPUSDT,-0.000181734633030202,0.1858,0.1858
2026-04-18T00:00:00Z,JUPUSDT,-0.000278905103735109,0.1845,0.1845
2026-04-18T04:00:00Z,JUPUSDT,-0.000055022419917417,0.183,0.183
2026-04-18T08:00:00Z,JUPUSDT,-0.000176105404567335,0.1871,0.1871
2026-04-18T12:00:00Z,JUPUSDT,-0.000174976697779654,0.1807,0.1807
2026-04-18T16:00:00Z,JUPUSDT,-0.000235908216378279,0.1795,0.1795
2026-04-18T20:00:00Z,JUPUSDT,-0.000238620936896178,0.1769,0.1769
2026-04-19T00:00:00Z,JUPUSDT,-0.000433241540808169,0.1782,0.1782
2026-04-19T04:00:00Z,JUPUSDT,0.00005,0.1768,0.1768
2026-04-19T08:00:00Z,JUPUSDT,0.00005,0.1768,0.1768
2026-04-19T12:00:00Z,JUPUSDT,0.00005,0.1755,0.1755
2026-04-19T16:00:00Z,JUPUSDT,-0.000135649454141978,0.1767,0.1767
2026-04-19T20:00:00Z,JUPUSDT,0.000022621909165105,0.1742,0.1742
2026-04-20T00:00:00Z,JUPUSDT,0.00005,0.1681,0.1681
2026-04-20T04:00:00Z,JUPUSDT,-0.000026391203410076,0.1693,0.1693
2026-04-20T08:00:00Z,JUPUSDT,-0.000096804649760231,0.1698,0.1698
2026-04-20T12:00:00Z,JUPUSDT,0.00005,0.1697,0.1697
2026-04-20T16:00:00Z,JUPUSDT,0.000018947679685322,0.1704,0.1704
2026-04-20T20:00:00Z,JUPUSDT,0.000017695075523799,0.1691,0.1691
2026-04-21T00:00:00Z,JUPUSDT,0.000034123724534043,0.1683,0.1683
2026-04-21T04:00:00Z,JUPUSDT,0.000043690947731635,0.1673,0.1673
2026-04-21T08:00:00Z,JUPUSDT,-0.000097329581451524,0.1692,0.1692
2026-04-21T12:00:00Z,JUPUSDT,0.00005,0.1702,0.1702
2026-04-21T16:00:00Z,JUPUSDT,0.00005,0.1711,0.1711
2026-04-21T20:00:00Z,JUPUSDT,-0.000074014289731599,0.1669,0.1669
2026-04-22T00:00:00Z,JUPUSDT,0.000047532813409513,0.1716,0.1716
2026-04-22T04:00:00Z,JUPUSDT,-0.00004560932446705,0.1752,0.1752
2026-04-22T08:00:00Z,JUPUSDT,-0.000051124880988432,0.1772,0.1772
2026-04-22T12:00:00Z,JUPUSDT,0.00005,0.1785,0.1785
2026-04-22T16:00:00Z,JUPUSDT,-0.000025315544536803,0.176,0.176
2026-04-22T20:00:00Z,JUPUSDT,0.00005,0.1746,0.1746
2026-04-23T00:00:00Z,JUPUSDT,-0.000012763248912034,0.1712,0.1712
2026-04-23T04:00:00Z,JUPUSDT,0.00005,0.1685,0.1685
2026-04-23T08:00:00Z,JUPUSDT,-0.00011920812414114,0.1695,0.1695
2026-04-23T12:00:00Z,JUPUSDT,0.00001361599241742,0.1692,0.1692
2026-04-23T16:00:00Z,JUPUSDT,0.000033452835855765,0.1722,0.1722
2026-04-23T20:00:00Z,JUPUSDT,-0.000048912587389244,0.1686,0.1686
2026-04-24T00:00:00Z,JUPUSDT,0.00005,0.1725,0.1725
2026-04-24T04:00:00Z,JUPUSDT,0.00005,0.1727,0.1727
2026-04-24T08:00:00Z,JUPUSDT,-0.000046462708814528,0.1737,0.1737
2026-04-24T12:00:00Z,JUPUSDT,0.000010361451994032,0.1746,0.1746
2026-04-24T16:00:00Z,JUPUSDT,-0.000034622354556232,0.1742,0.1742
2026-04-24T20:00:00Z,JUPUSDT,0.00005,0.1739,0.1739
2026-04-25T00:00:00Z,JUPUSDT,0.00005,0.1727,0.1727
2026-04-25T04:00:00Z,JUPUSDT,0.000048880626145383,0.1724,0.1724
2026-04-25T08:00:00Z,JUPUSDT,0.00005,0.1727,0.1727
2026-04-25T12:00:00Z,JUPUSDT,-0.000118419252739325,0.1717,0.1717
2026-04-25T16:00:00Z,JUPUSDT,0.00005,0.1718,0.1718
2026-04-25T20:00:00Z,JUPUSDT,-0.00001701052651413,0.1701,0.1701
2026-04-26T00:00:00Z,JUPUSDT,0.00005,0.1721,0.1721
2026-04-26T04:00:00Z,JUPUSDT,-0.000023628789977629,0.1765,0.1765
2026-04-26T08:00:00Z,JUPUSDT,0.00005,0.1793,0.1793
2026-04-26T12:00:00Z,JUPUSDT,0.00005,0.1799,0.1799
2026-04-26T16:00:00Z,JUPUSDT,-0.000006863790713414,0.1797,0.1797
2026-04-26T20:00:00Z,JUPUSDT,0.000042441706529705,0.1814,0.1814
2026-04-27T00:00:00Z,JUPUSDT,-0.000067786423413052,0.1819,0.1819
2026-04-27T04:00:00Z,JUPUSDT,0.00005,0.1949,0.1949
2026-04-27T08:00:00Z,JUPUSDT,0.000029904470748165,0.185,0.185
2026-04-27T12:00:00Z,JUPUSDT,-0.000022995696942149,0.189,0.189
2026-04-27T16:00:00Z,JUPUSDT,0.00005,0.1883,0.1883
2026-04-27T20:00:00Z,JUPUSDT,0.00005,0.1904,0.1904
2026-04-28T00:00:00Z,JUPUSDT,0.00005,0.194,0.194
2026-04-28T04:00:00Z,JUPUSDT,0.00005,0.1906,0.1906
2026-04-28T08:00:00Z,JUPUSDT,-0.000125413611999524,0.1903,0.1903
2026-04-28T12:00:00Z,JUPUSDT,-0.000228964804611859,0.192,0.192
2026-04-28T16:00:00Z,JUPUSDT,-0.000087458923198444,0.1897,0.1897
2026-04-28T20:00:00Z,JUPUSDT,-0.00054406737400644,0.1891,0.1891
2026-04-29T00:00:00Z,JUPUSDT,-0.000520547708190329,0.1878,0.1878
2026-04-29T04:00:00Z,JUPUSDT,-0.000297405313362566,0.19,0.19
2026-04-29T08:00:00Z,JUPUSDT,-0.000202972859089781,0.1876,0.1876
2026-04-29T12:00:00Z,JUPUSDT,-0.000160826706032925,0.19,0.19
2026-04-29T16:00:00Z,JUPUSDT,0.00005,0.181,0.181
2026-04-29T20:00:00Z,JUPUSDT,0.00005,0.1766,0.1766
2026-04-30T00:00:00Z,JUPUSDT,-0.000088834320434867,0.1814,0.1814
2026-04-30T04:00:00Z,JUPUSDT,-0.000006265443459768,0.1819,0.1819
2026-04-30T08:00:00Z,JUPUSDT,-0.000006366004438391,0.1812,0.1812
2026-04-30T12:00:00Z,JUPUSDT,-0.000058006401622215,0.178,0.178
2026-04-30T16:00:00Z,JUPUSDT,-0.000005319762033828,0.1787,0.1787
2026-04-30T20:00:00Z,JUPUSDT,-0.000235820316371767,0.1787,0.1787
2026-05-01T00:00:00Z,JUPUSDT,-0.00000522542851966,0.1795,0.1795
2026-05-01T04:00:00Z,JUPUSDT,-0.00010729680907296,0.1833,0.1833
2026-05-01T08:00:00Z,JUPUSDT,-0.000096401049321706,0.1805,0.1805
2026-05-01T12:00:00Z,JUPUSDT,-0.000111629026352199,0.1788,0.1788
2026-05-01T16:00:00Z,JUPUSDT,0.000014989764645624,0.1797,0.1797
2026-05-01T20:00:00Z,JUPUSDT,-0.000143385739517953,0.1783,0.1783
2026-05-02T00:00:00Z,JUPUSDT,-0.00009679671375101,0.1779,0.1779
2026-05-02T04:00:00Z,JUPUSDT,-0.000228299236403048,0.1777,0.1777
2026-05-02T08:00:00Z,JUPUSDT,-0.000230069786127565,0.1772,0.1772
2026-05-02T12:00:00Z,JUPUSDT,-0.000141432616772882,0.1764,0.1764
2026-05-02T16:00:00Z,JUPUSDT,-0.000078835616867965,0.1793,0.1793
2026-05-02T20:00:00Z,JUPUSDT,-0.000190714388702889,0.1788,0.1788
2026-05-03T00:00:00Z,JUPUSDT,-0.000186139820567424,0.1797,0.1797
2026-05-03T04:00:00Z,JUPUSDT,-0.000136583307592371,0.1772,0.1772
2026-05-03T08:00:00Z,JUPUSDT,-0.000171046858128259,0.1773,0.1773
2026-05-03T12:00:00Z,JUPUSDT,-0.000153166080220255,0.1769,0.1769
2026-05-03T16:00:00Z,JUPUSDT,-0.000085302061630712,0.1768,0.1768
2026-05-03T20:00:00Z,JUPUSDT,-0.000078564658762069,0.1771,0.1771
2026-05-04T00:00:00Z,JUPUSDT,-0.000094763391651653,0.1763,0.1763
2026-05-04T04:00:00Z,JUPUSDT,-0.00012976735021522,0.1812,0.1812
2026-05-04T08:00:00Z,JUPUSDT,-0.000134140525693957,0.1783,0.1783
2026-05-04T12:00:00Z,JUPUSDT,-0.000058438945224687,0.1759,0.1759
2026-05-04T16:00:00Z,JUPUSDT,-0.000049844961784925,0.1776,0.1776
2026-05-04T20:00:00Z,JUPUSDT,-0.000148772428116581,0.1792,0.1792
2026-05-05T00:00:00Z,JUPUSDT,-0.000157812922836923,0.1772,0.1772
2026-05-05T04:00:00Z,JUPUSDT,-0.000095938192031281,0.1809,0.1809
2026-05-05T08:00:00Z,JUPUSDT,-0.000099709909026439,0.1841,0.1841
2026-05-05T12:00:00Z,JUPUSDT,-0.000100141082922224,0.1836,0.1836
2026-05-05T16:00:00Z,JUPUSDT,-0.000148959047928941,0.189,0.189
2026-05-05T20:00:00Z,JUPUSDT,-0.000398700295547987,0.1892,0.1892
2026-05-06T00:00:00Z,JUPUSDT,-0.000237520175273884,0.1908,0.1908
2026-05-06T04:00:00Z,JUPUSDT,-0.000113359366862183,0.1941,0.1941
2026-05-06T08:00:00Z,JUPUSDT,-0.000265949994713139,0.1937,0.1937
2026-05-06T12:00:00Z,JUPUSDT,-0.000279264786462854,0.2012,0.2012
2026-05-06T16:00:00Z,JUPUSDT,-0.000174713763156583,0.2014,0.2014
2026-05-06T20:00:00Z,JUPUSDT,-0.000291958713295489,0.197,0.197
2026-05-07T00:00:00Z,JUPUSDT,-0.000671952577272253,0.1977,0.1977
2026-05-07T04:00:00Z,JUPUSDT,-0.000142444866770132,0.193,0.193
2026-05-07T08:00:00Z,JUPUSDT,-0.000125492373195746,0.2021,0.2021
2026-05-07T12:00:00Z,JUPUSDT,-0.000239447795576392,0.2051,0.2051
2026-05-07T16:00:00Z,JUPUSDT,-0.000269293495189932,0.1993,0.1993
2026-05-07T20:00:00Z,JUPUSDT,-0.000155457020528335,0.2044,0.2044
2026-05-08T00:00:00Z,JUPUSDT,-0.000147994774664891,0.2053,0.2053
2026-05-08T04:00:00Z,JUPUSDT,-0.000359481227118925,0.2031,0.2031
2026-05-08T08:00:00Z,JUPUSDT,-0.000286269087636424,0.2042,0.2042
2026-05-08T12:00:00Z,JUPUSDT,-0.000262981012917379,0.2109,0.2109
2026-05-08T16:00:00Z,JUPUSDT,-0.000311890639091036,0.2188,0.2188
2026-05-08T20:00:00Z,JUPUSDT,-0.000362577597793642,0.24,0.24
2026-05-09T00:00:00Z,JUPUSDT,-0.000176892410601057,0.2436,0.2436
2026-05-09T04:00:00Z,JUPUSDT,-0.00012648482845853,0.255,0.255
2026-05-09T08:00:00Z,JUPUSDT,0.000009573337288838,0.2415,0.2415
2026-05-09T12:00:00Z,JUPUSDT,-0.000024703160385678,0.2442,0.2442
2026-05-09T16:00:00Z,JUPUSDT,0.00005,0.2477,0.2477
2026-05-09T20:00:00Z,JUPUSDT,0.000016671287703369,0.2525,0.2525
2026-05-10T00:00:00Z,JUPUSDT,-0.000024320783527737,0.2484,0.2484
2026-05-10T04:00:00Z,JUPUSDT,0.00005,0.2472,0.2472
2026-05-10T08:00:00Z,JUPUSDT,0.00005,0.2469,0.2469
2026-05-10T12:00:00Z,JUPUSDT,-0.000005582180759661,0.2475,0.2475
2026-05-10T16:00:00Z,JUPUSDT,0.00003498110236277,0.2481,0.2481
2026-05-10T20:00:00Z,JUPUSDT,-0.000013184492603336,0.2648,0.2648
2026-05-11T00:00:00Z,JUPUSDT,0.00005,0.2643,0.2643
2026-05-11T04:00:00Z,JUPUSDT,0.00005,0.2553,0.2553
2026-05-11T08:00:00Z,JUPUSDT,0.00005,0.2557,0.2557
2026-05-11T12:00:00Z,JUPUSDT,0.00005,0.2541,0.2541
2026-05-11T16:00:00Z,JUPUSDT,0.00005,0.2381,0.2381
2026-05-11T20:00:00Z,JUPUSDT,0.00005,0.2395,0.2395
2026-05-12T00:00:00Z,JUPUSDT,0.00005,0.2497,0.2497
2026-05-12T04:00:00Z,JUPUSDT,0.00005,0.2398,0.2398
2026-05-12T08:00:00Z,JUPUSDT,0.00005,0.2403,0.2403
2026-05-12T12:00:00Z,JUPUSDT,0.00005,0.232,0.232
2026-05-12T16:00:00Z,JUPUSDT,-0.000144189948309816,0.226,0.226
2026-05-12T20:00:00Z,JUPUSDT,-0.000000268914251236,0.2335,0.2335
2026-05-13T00:00:00Z,JUPUSDT,-0.000110688049623631,0.2312,0.2312
2026-05-13T04:00:00Z,JUPUSDT,-0.000132200983605234,0.2422,0.2422
2026-05-13T08:00:00Z,JUPUSDT,-0.000086308873534584,0.2383,0.2383
2026-05-13T12:00:00Z,JUPUSDT,0.00005,0.2299,0.2299
2026-05-13T16:00:00Z,JUPUSDT,0.00005,0.2195,0.2195
2026-05-13T20:00:00Z,JUPUSDT,0.00005,0.2228,0.2228
2026-05-14T00:00:00Z,JUPUSDT,0.00005,0.2219,0.2219
2026-05-14T04:00:00Z,JUPUSDT,-0.000144027857149818,0.2182,0.2182
2026-05-14T08:00:00Z,JUPUSDT,-0.00024589075840448,0.2208,0.2208
2026-05-14T12:00:00Z,JUPUSDT,-0.000155629119220519,0.2198,0.2198
2026-05-14T16:00:00Z,JUPUSDT,0.00005,0.2266,0.2266
2026-05-14T20:00:00Z,JUPUSDT,0.000036221245410547,0.2252,0.2252
2026-05-15T00:00:00Z,JUPUSDT,-0.000033314379355239,0.2241,0.2241
2026-05-15T04:00:00Z,JUPUSDT,-0.000093316879357814,0.2227,0.2227
2026-05-15T08:00:00Z,JUPUSDT,0.00005,0.2183,0.2183
2026-05-15T12:00:00Z,JUPUSDT,-0.000154193204426433,0.2156,0.2156
2026-05-15T16:00:00Z,JUPUSDT,-0.000076717806102769,0.2096,0.2096
2026-05-15T20:00:00Z,JUPUSDT,0.00005,0.2095,0.2095
2026-05-16T00:00:00Z,JUPUSDT,-0.000149976783987474,0.2096,0.2096
2026-05-16T04:00:00Z,JUPUSDT,-0.000326438777904084,0.2094,0.2094
2026-05-16T08:00:00Z,JUPUSDT,0.000011900212210927,0.2034,0.2034
2026-05-16T12:00:00Z,JUPUSDT,0.00005,0.1993,0.1993
2026-05-16T16:00:00Z,JUPUSDT,0.000001144651729614,0.2002,0.2002
2026-05-16T20:00:00Z,JUPUSDT,0.00005,0.199,0.199
2026-05-17T00:00:00Z,JUPUSDT,0.00005,0.1979,0.1979
2026-05-17T04:00:00Z,JUPUSDT,0.00005,0.1975,0.1975
2026-05-17T08:00:00Z,JUPUSDT,0.00005,0.1998,0.1998
2026-05-17T12:00:00Z,JUPUSDT,0.00005,0.1996,0.1996
2026-05-17T16:00:00Z,JUPUSDT,-0.000313935825204475,0.1975,0.1975
2026-05-17T20:00:00Z,JUPUSDT,-0.000118635245039189,0.1984,0.1984
2026-05-18T00:00:00Z,JUPUSDT,-0.000171127713588044,0.1934,0.1934
2026-05-18T04:00:00Z,JUPUSDT,-0.000134958008847304,0.1948,0.1948
2026-05-18T08:00:00Z,JUPUSDT,-0.000242269499509204,0.1943,0.1943
2026-05-18T12:00:00Z,JUPUSDT,-0.000156965612439898,0.1946,0.1946
2026-05-18T16:00:00Z,JUPUSDT,0.000003126261371266,0.1925,0.1925
2026-05-18T20:00:00Z,JUPUSDT,0.00005,0.1964,0.1964
2026-05-19T00:00:00Z,JUPUSDT,-0.000042663787242427,0.1992,0.1992
2026-05-19T04:00:00Z,JUPUSDT,0.00005,0.1974,0.1974
2026-05-19T08:00:00Z,JUPUSDT,0.00005,0.1992,0.1992
2026-05-19T12:00:00Z,JUPUSDT,-0.000040747591134471,0.1941,0.1941
2026-05-19T16:00:00Z,JUPUSDT,0.00005,0.1937,0.1937
2026-05-19T20:00:00Z,JUPUSDT,0.000046681235093755,0.1949,0.1949
2026-05-20T00:00:00Z,JUPUSDT,-0.00019840510327694,0.1943,0.1943
2026-05-20T04:00:00Z,JUPUSDT,0.00005,0.1941,0.1941
2026-05-20T08:00:00Z,JUPUSDT,-0.000034859757371494,0.2011,0.2011
2026-05-20T12:00:00Z,JUPUSDT,-0.000140604948983753,0.2089,0.2089
2026-05-20T16:00:00Z,JUPUSDT,0.00005,0.2138,0.2138
2026-05-20T20:00:00Z,JUPUSDT,0.00005,0.2096,0.2096
2026-05-21T00:00:00Z,JUPUSDT,0.00005,0.2117,0.2117
2026-05-21T04:00:00Z,JUPUSDT,-0.000041292221830514,0.2109,0.2109
2026-05-21T08:00:00Z,JUPUSDT,0.00005,0.2126,0.2126
2026-05-21T12:00:00Z,JUPUSDT,0.00005,0.2081,0.2081
2026-05-21T16:00:00Z,JUPUSDT,0.00005,0.2099,0.2099
2026-05-21T20:00:00Z,JUPUSDT,0.00005,0.2137,0.2137
2026-05-22T00:00:00Z,JUPUSDT,0.00005,0.2128,0.2128
2026-05-22T04:00:00Z,JUPUSDT,0.00005,0.2115,0.2115
2026-05-22T08:00:00Z,JUPUSDT,0.00005,0.2193,0.2193
2026-05-22T12:00:00Z,JUPUSDT,0.00005,0.2174,0.2174
2026-05-22T16:00:00Z,JUPUSDT,0.00005,0.2127,0.2127
2026-05-22T20:00:00Z,JUPUSDT,0.00005,0.2012,0.2012
2026-05-23T00:00:00Z,JUPUSDT,-0.000035265437667671,0.1985,0.1985
2026-05-23T04:00:00Z,JUPUSDT,0.000015585666544052,0.2015,0.2015
2026-05-23T08:00:00Z,JUPUSDT,-0.000141610176372031,0.1908,0.1908
2026-05-23T12:00:00Z,JUPUSDT,0.00005,0.1904,0.1904
2026-05-23T16:00:00Z,JUPUSDT,-0.000141810990776232,0.1972,0.1972
2026-05-23T20:00:00Z,JUPUSDT,0.00005,0.2048,0.2048
2026-05-24T00:00:00Z,JUPUSDT,0.00005,0.2126,0.2126
2026-05-24T04:00:00Z,JUPUSDT,0.00005,0.2065,0.2065
2026-05-24T08:00:00Z,JUPUSDT,0.00005,0.2066,0.2066
2026-05-24T12:00:00Z,JUPUSDT,-0.00012323151202478,0.2054,0.2054
2026-05-24T16:00:00Z,JUPUSDT,0.00005,0.2019,0.2019
2026-05-24T20:00:00Z,JUPUSDT,-0.000160298978094137,0.2009,0.2009
2026-05-25T00:00:00Z,JUPUSDT,-0.000013704179098132,0.2006,0.2006
2026-05-25T04:00:00Z,JUPUSDT,0.00005,0.1998,0.1998
2026-05-25T08:00:00Z,JUPUSDT,0.00005,0.202,0.202
2026-05-25T12:00:00Z,JUPUSDT,0.00005,0.2001,0.2001
2026-05-25T16:00:00Z,JUPUSDT,0.00005,0.2034,0.2034
2026-05-25T20:00:00Z,JUPUSDT,0.00005,0.2025,0.2025
2026-05-26T00:00:00Z,JUPUSDT,0.00005,0.201,0.201
2026-05-26T04:00:00Z,JUPUSDT,-0.000086780134568233,0.1996,0.1996
2026-05-26T08:00:00Z,JUPUSDT,0.00005,0.2008,0.2008
2026-05-26T12:00:00Z,JUPUSDT,0.00005,0.206,0.206
2026-05-26T16:00:00Z,JUPUSDT,0.00005,0.2028,0.2028
2026-05-26T20:00:00Z,JUPUSDT,0.00005,0.1978,0.1978
2026-05-27T00:00:00Z,JUPUSDT,0.000022160755255343,0.1967,0.1967
2026-05-27T04:00:00Z,JUPUSDT,0.00005,0.1938,0.1938
2026-05-27T08:00:00Z,JUPUSDT,0.00005,0.1951,0.1951
2026-05-27T12:00:00Z,JUPUSDT,-0.000377319549165663,0.1901,0.1901
2026-05-27T16:00:00Z,JUPUSDT,-0.002949806124887919,0.1925,0.1925
2026-05-27T20:00:00Z,JUPUSDT,-0.001749531822619114,0.1934,0.1934
2026-05-28T00:00:00Z,JUPUSDT,-0.001136584180784883,0.1875,0.1875
2026-05-28T04:00:00Z,JUPUSDT,-0.001480904834676852,0.178,0.178
2026-05-28T08:00:00Z,JUPUSDT,0.00005,0.1806,0.1806
2026-05-28T12:00:00Z,JUPUSDT,0.00005,0.1746,0.1746
2026-05-28T16:00:00Z,JUPUSDT,0.00005,0.1712,0.1712
2026-05-28T20:00:00Z,JUPUSDT,0.00005,0.1756,0.1756
2026-05-29T00:00:00Z,JUPUSDT,0.00005,0.1757,0.1757
2026-05-29T04:00:00Z,JUPUSDT,0.00005,0.1753,0.1753
2026-05-29T08:00:00Z,JUPUSDT,0.00005,0.1749,0.1749
2026-05-29T12:00:00Z,JUPUSDT,0.00005,0.1747,0.1747
2026-05-29T16:00:00Z,JUPUSDT,0.00005,0.1825,0.1825
2026-05-29T20:00:00Z,JUPUSDT,0.00005,0.1806,0.1806
2026-05-30T00:00:00Z,JUPUSDT,0.00005,0.1868,0.1868
2026-05-30T04:00:00Z,JUPUSDT,0.00005,0.1869,0.1869
2026-05-30T08:00:00Z,JUPUSDT,0.00005,0.1781,0.1781
2026-05-30T12:00:00Z,JUPUSDT,0.00005,0.1831,0.1831
2026-05-30T16:00:00Z,JUPUSDT,0.00005,0.1848,0.1848
2026-05-30T20:00:00Z,JUPUSDT,0.00005,0.1841,0.1841
2026-05-31T00:00:00Z,JUPUSDT,0.00005,0.1792,0.1792
2026-05-31T04:00:00Z,JUPUSDT,0.00005,0.1846,0.1846
2026-05-31T08:00:00Z,JUPUSDT,-0.000397037619000707,0.182,0.182
2026-05-31T12:00:00Z,JUPUSDT,-0.001611611103158189,0.1826,0.1826
2026-05-31T16:00:00Z,JUPUSDT,0.00005,0.182,0.182
2026-05-31T20:00:00Z,JUPUSDT,0.00005,0.1876,0.1876
2026-06-01T00:00:00Z,JUPUSDT,0.00005,0.1913,0.1913
2026-06-01T04:00:00Z,JUPUSDT,0.00005,0.1935,0.1935
2026-06-01T08:00:00Z,JUPUSDT,0.00005,0.1939,0.1939
2026-06-01T12:00:00Z,JUPUSDT,-0.002247722294747894,0.1928,0.1928
2026-06-01T16:00:00Z,JUPUSDT,-0.000370557535149625,0.1879,0.1879
2026-06-01T20:00:00Z,JUPUSDT,0.00005,0.2021,0.2021
2026-06-02T00:00:00Z,JUPUSDT,0.00005,0.202,0.202
2026-06-02T04:00:00Z,JUPUSDT,0.00005,0.2084,0.2084
2026-06-02T08:00:00Z,JUPUSDT,0.00005,0.2038,0.2038
2026-06-02T12:00:00Z,JUPUSDT,0.00005,0.2053,0.2053
2026-06-02T16:00:00Z,JUPUSDT,0.00005,0.1935,0.1935
2026-06-02T20:00:00Z,JUPUSDT,0.00005,0.1978,0.1978
2026-06-03T00:00:00Z,JUPUSDT,0.00005,0.1936,0.1936
2026-06-03T04:00:00Z,JUPUSDT,0.00005,0.1939,0.1939
2026-06-03T08:00:00Z,JUPUSDT,0.000019957304792385,0.2021,0.2021
2026-06-03T12:00:00Z,JUPUSDT,-0.000038145031647837,0.2047,0.2047
2026-06-03T16:00:00Z,JUPUSDT,0.00005,0.2108,0.2108
2026-06-03T20:00:00Z,JUPUSDT,0.00005,0.2023,0.2023
2026-06-04T00:00:00Z,JUPUSDT,0.00005,0.2001,0.2001
2026-06-04T04:00:00Z,JUPUSDT,0.00005,0.1852,0.1852
2026-06-04T08:00:00Z,JUPUSDT,0.00005,0.1767,0.1767
2026-06-04T12:00:00Z,JUPUSDT,0.00005,0.1746,0.1746
2026-06-04T16:00:00Z,JUPUSDT,0.00005,0.1827,0.1827
2026-06-04T20:00:00Z,JUPUSDT,0.00005,0.186,0.186
2026-06-05T00:00:00Z,JUPUSDT,0.00005,0.1845,0.1845
2026-06-05T04:00:00Z,JUPUSDT,0.00005,0.1723,0.1723
2026-06-05T08:00:00Z,JUPUSDT,0.00005,0.165,0.165
2026-06-05T12:00:00Z,JUPUSDT,0.00005,0.164,0.164
2026-06-05T16:00:00Z,JUPUSDT,0.00005,0.1571,0.1571
2026-06-05T20:00:00Z,JUPUSDT,0.00005,0.1561,0.1561
2026-06-06T00:00:00Z,JUPUSDT,0.00005,0.1578,0.1578
2026-06-06T04:00:00Z,JUPUSDT,0.00005,0.1531,0.1531
2026-06-06T08:00:00Z,JUPUSDT,0.00005,0.1543,0.1543
2026-06-06T12:00:00Z,JUPUSDT,0.00005,0.154,0.154
2026-06-06T16:00:00Z,JUPUSDT,0.00005,0.154,0.154
2026-06-06T20:00:00Z,JUPUSDT,0.00005,0.1513,0.1513
2026-06-07T00:00:00Z,JUPUSDT,0.00005,0.1515,0.1515
2026-06-07T04:00:00Z,JUPUSDT,0.00005,0.1532,0.1532
2026-06-07T08:00:00Z,JUPUSDT,0.00005,0.1573,0.1573
2026-06-07T12:00:00Z,JUPUSDT,0.00005,0.1558,0.1558
2026-06-07T16:00:00Z,JUPUSDT,0.00005,0.1537,0.1537
2026-06-07T20:00:00Z,JUPUSDT,0.00005,0.1499,0.1499
2026-06-08T00:00:00Z,JUPUSDT,0.00005,0.1566,0.1566
2026-06-08T04:00:00Z,JUPUSDT,0.00005,0.1562,0.1562
2026-06-08T08:00:00Z,JUPUSDT,0.00005,0.1562,0.1562
2026-06-08T12:00:00Z,JUPUSDT,0.00005,0.1598,0.1598
2026-06-08T16:00:00Z,JUPUSDT,0.00005,0.1608,0.1608
2026-06-08T20:00:00Z,JUPUSDT,0.00005,0.1624,0.1624
2026-06-09T00:00:00Z,JUPUSDT,0.00005,0.159,0.159
2026-06-09T04:00:00Z,JUPUSDT,0.00005,0.1545,0.1545
2026-06-09T08:00:00Z,JUPUSDT,0.00005,0.1577,0.1577
2026-06-09T12:00:00Z,JUPUSDT,0.00005,0.1562,0.1562
2026-06-09T16:00:00Z,JUPUSDT,0.00005,0.1528,0.1528
2026-06-09T20:00:00Z,JUPUSDT,0.00005,0.1554,0.1554
2026-06-10T00:00:00Z,JUPUSDT,0.00005,0.1548,0.1548
2026-06-10T04:00:00Z,JUPUSDT,0.00005,0.1516,0.1516
2026-06-10T08:00:00Z,JUPUSDT,0.00005,0.1511,0.1511
2026-06-10T12:00:00Z,JUPUSDT,0.00005,0.1482,0.1482
2026-06-10T16:00:00Z,JUPUSDT,0.00005,0.1537,0.1537
2026-06-10T20:00:00Z,JUPUSDT,0.00005,0.1474,0.1474
2026-06-11T00:00:00Z,JUPUSDT,0.00005,0.1471,0.1471
2026-06-11T04:00:00Z,JUPUSDT,0.00005,0.1527,0.1527
2026-06-11T08:00:00Z,JUPUSDT,0.00005,0.1535,0.1535
2026-06-11T12:00:00Z,JUPUSDT,0.00005,0.1553,0.1553
2026-06-11T16:00:00Z,JUPUSDT,0.00005,0.1557,0.1557
2026-06-11T20:00:00Z,JUPUSDT,0.00005,0.1593,0.1593
2026-06-12T00:00:00Z,JUPUSDT,0.00005,0.1624,0.1624
2026-06-12T04:00:00Z,JUPUSDT,0.00005,0.1615,0.1615
2026-06-12T08:00:00Z,JUPUSDT,0.00005,0.1617,0.1617
2026-06-12T12:00:00Z,JUPUSDT,0.00005,0.1655,0.1655
2026-06-12T16:00:00Z,JUPUSDT,0.00005,0.1691,0.1691
2026-06-12T20:00:00Z,JUPUSDT,0.00005,0.1666,0.1666
2026-06-13T00:00:00Z,JUPUSDT,0.00005,0.167,0.167
2026-06-13T04:00:00Z,JUPUSDT,0.00005,0.1689,0.1689
2026-06-13T08:00:00Z,JUPUSDT,0.00005,0.1834,0.1834
2026-06-13T12:00:00Z,JUPUSDT,0.00005,0.1736,0.1736
2026-06-13T16:00:00Z,JUPUSDT,0.00005,0.1762,0.1762
2026-06-13T20:00:00Z,JUPUSDT,0.00005,0.1736,0.1736
2026-06-14T00:00:00Z,JUPUSDT,0.00005,0.1804,0.1804
2026-06-14T04:00:00Z,JUPUSDT,0.00005,0.1733,0.1733
2026-06-14T08:00:00Z,JUPUSDT,0.00005,0.1704,0.1704
2026-06-14T12:00:00Z,JUPUSDT,0.00005,0.17,0.17
2026-06-14T16:00:00Z,JUPUSDT,0.00005,0.1676,0.1676
2026-06-14T20:00:00Z,JUPUSDT,0.00005,0.1701,0.1701
2026-06-15T00:00:00Z,JUPUSDT,0.00005,0.1796,0.1796
2026-06-15T04:00:00Z,JUPUSDT,0.00005,0.1861,0.1861
2026-06-15T08:00:00Z,JUPUSDT,0.00005,0.1884,0.1884
2026-06-15T12:00:00Z,JUPUSDT,0.00005,0.1901,0.1901
2026-06-15T16:00:00Z,JUPUSDT,0.00005,0.1989,0.1989
2026-06-15T20:00:00Z,JUPUSDT,0.00005,0.1926,0.1926
2026-06-16T00:00:00Z,JUPUSDT,0.00005,0.1906,0.1906
2026-06-16T04:00:00Z,JUPUSDT,0.00005,0.193,0.193
2026-06-16T08:00:00Z,JUPUSDT,0.00005,0.2,0.2
2026-06-16T12:00:00Z,JUPUSDT,0.00005,0.1989,0.1989
2026-06-16T16:00:00Z,JUPUSDT,0.00005,0.1904,0.1904
2026-06-16T20:00:00Z,JUPUSDT,0.00005,0.1902,0.1902
2026-06-17T00:00:00Z,JUPUSDT,0.00005,0.1938,0.1938
2026-06-17T04:00:00Z,JUPUSDT,0.00005,0.2003,0.2003
2026-06-17T08:00:00Z,JUPUSDT,0.00005,0.1941,0.1941
2026-06-17T12:00:00Z,JUPUSDT,0.00005,0.1925,0.1925
2026-06-17T16:00:00Z,JUPUSDT,0.00005,0.1963,0.1963
2026-06-17T20:00:00Z,JUPUSDT,0.00005,0.1867,0.1867
2026-06-18T00:00:00Z,JUPUSDT,0.00005,0.1891,0.1891
2026-06-18T04:00:00Z,JUPUSDT,0.00005,0.1871,0.1871
2026-06-18T08:00:00Z,JUPUSDT,0.00005,0.1861,0.1861
2026-06-18T12:00:00Z,JUPUSDT,0.00005,0.1859,0.1859
2026-06-18T16:00:00Z,JUPUSDT,0.00005,0.1809,0.1809
2026-06-18T20:00:00Z,JUPUSDT,0.00005,0.1905,0.1905
2026-06-19T00:00:00Z,JUPUSDT,0.00005,0.1953,0.1953
2026-06-19T04:00:00Z,JUPUSDT,0.00005,0.1893,0.1893
2026-06-19T08:00:00Z,JUPUSDT,0.00005,0.1884,0.1884
2026-06-19T12:00:00Z,JUPUSDT,0.00005,0.1836,0.1836
2026-06-19T16:00:00Z,JUPUSDT,0.00005,0.1883,0.1883
2026-06-19T20:00:00Z,JUPUSDT,0.00005,0.1847,0.1847
2026-06-20T00:00:00Z,JUPUSDT,0.00005,0.1903,0.1903
2026-06-20T04:00:00Z,JUPUSDT,0.00005,0.1943,0.1943
2026-06-20T08:00:00Z,JUPUSDT,0.00005,0.1981,0.1981
2026-06-20T12:00:00Z,JUPUSDT,0.00005,0.1984,0.1984
2026-06-20T16:00:00Z,JUPUSDT,0.00005,0.2054,0.2054
2026-06-20T20:00:00Z,JUPUSDT,0.00005,0.2021,0.2021
2026-06-21T00:00:00Z,JUPUSDT,0.00005,0.2099,0.2099
2026-06-21T04:00:00Z,JUPUSDT,0.00005,0.2214,0.2214
2026-06-21T08:00:00Z,JUPUSDT,0.00005,0.2162,0.2162
2026-06-21T12:00:00Z,JUPUSDT,0.00005,0.2216,0.2216
2026-06-21T16:00:00Z,JUPUSDT,0.00005,0.2221,0.2221
2026-06-21T20:00:00Z,JUPUSDT,0.00005,0.2181,0.2181
2026-06-22T00:00:00Z,JUPUSDT,0.00005,0.2159,0.2159
2026-06-22T04:00:00Z,JUPUSDT,0.00005,0.2132,0.2132
2026-06-22T08:00:00Z,JUPUSDT,0.00005,0.2136,0.2136
2026-06-22T12:00:00Z,JUPUSDT,0.00005,0.2121,0.2121
2026-06-22T16:00:00Z,JUPUSDT,0.00005,0.212,0.212
2026-06-22T20:00:00Z,JUPUSDT,0.00005,0.2076,0.2076
2026-06-23T00:00:00Z,JUPUSDT,0.00005,0.2108,0.2108
2026-06-23T04:00:00Z,JUPUSDT,0.00005,0.2149,0.2149
2026-06-23T08:00:00Z,JUPUSDT,0.00005,0.2064,0.2064
2026-06-23T12:00:00Z,JUPUSDT,0.00005,0.2045,0.2045
2026-06-23T16:00:00Z,JUPUSDT,0.00005,0.2037,0.2037
2026-06-23T20:00:00Z,JUPUSDT,0.00005,0.2023,0.2023
2026-06-24T00:00:00Z,JUPUSDT,0.00005,0.2044,0.2044
2026-06-24T04:00:00Z,JUPUSDT,0.00005,0.2044,0.2044
2026-06-24T08:00:00Z,JUPUSDT,0.00005,0.2098,0.2098
2026-06-24T12:00:00Z,JUPUSDT,0.00005,0.2201,0.2201
2026-06-24T16:00:00Z,JUPUSDT,0.00005,0.211,0.211
2026-06-24T20:00:00Z,JUPUSDT,0.00005,0.2055,0.2055
2026-06-25T00:00:00Z,JUPUSDT,0.00005,0.2183,0.2183
2026-06-25T04:00:00Z,JUPUSDT,0.00005,0.2202,0.2202
2026-06-25T08:00:00Z,JUPUSDT,0.00005,0.2331,0.2331
2026-06-25T12:00:00Z,JUPUSDT,0.00005,0.2285,0.2285
2026-06-25T16:00:00Z,JUPUSDT,0.00005,0.2199,0.2199
2026-06-25T20:00:00Z,JUPUSDT,0.00005,0.2207,0.2207
2026-06-26T00:00:00Z,JUPUSDT,0.00005,0.222,0.222
2026-06-26T04:00:00Z,JUPUSDT,0.00005,0.2193,0.2193
2026-06-26T08:00:00Z,JUPUSDT,0.00005,0.2284,0.2284
2026-06-26T12:00:00Z,JUPUSDT,0.00005,0.2153,0.2153
2026-06-26T16:00:00Z,JUPUSDT,0.00005,0.2288,0.2288
2026-06-26T20:00:00Z,JUPUSDT,0.00005,0.2282,0.2282
2026-06-27T00:00:00Z,JUPUSDT,0.00005,0.2325,0.2325
2026-06-27T04:00:00Z,JUPUSDT,0.00005,0.2255,0.2255
2026-06-27T08:00:00Z,JUPUSDT,0.00005,0.2247,0.2247
2026-06-27T12:00:00Z,JUPUSDT,0.00005,0.2226,0.2226
2026-06-27T16:00:00Z,JUPUSDT,0.00005,0.2297,0.2297
2026-06-27T20:00:00Z,JUPUSDT,0.00005,0.2226,0.2226
2026-06-28T00:00:00Z,JUPUSDT,0.00005,0.218,0.218
2026-06-28T04:00:00Z,JUPUSDT,0.00005,0.217,0.217
2026-06-28T08:00:00Z,JUPUSDT,0.00005,0.2149,0.2149
2026-06-28T12:00:00Z,JUPUSDT,0.00005,0.2183,0.2183
2026-06-28T16:00:00Z,JUPUSDT,0.00005,0.2125,0.2125
2026-06-28T20:00:00Z,JUPUSDT,0.00005,0.209,0.209
2026-06-29T00:00:00Z,JUPUSDT,0.00005,0.2098,0.2098
2026-06-29T04:00:00Z,JUPUSDT,0.00005,0.2122,0.2122
2026-06-29T08:00:00Z,JUPUSDT,0.00005,0.2099,0.2099
2026-06-29T12:00:00Z,JUPUSDT,0.00005,0.2137,0.2137
2026-06-29T16:00:00Z,JUPUSDT,0.00005,0.214,0.214
2026-06-29T20:00:00Z,JUPUSDT,0.00005,0.2211,0.2211
2026-06-30T00:00:00Z,JUPUSDT,0.00005,0.2173,0.2173
2026-06-30T04:00:00Z,JUPUSDT,0.00005,0.2115,0.2115
2026-06-30T08:00:00Z,JUPUSDT,0.00005,0.2083,0.2083
2026-06-30T12:00:00Z,JUPUSDT,0.00005,0.2017,0.2017
2026-06-30T16:00:00Z,JUPUSDT,0.00002856728645613,0.2081,0.2081
2026-06-30T20:00:00Z,JUPUSDT,0.00005,0.2085,0.2085
2026-07-01T00:00:00Z,JUPUSDT,0.00005,0.2121,0.2121
2026-07-01T04:00:00Z,JUPUSDT,0.00005,0.2195,0.2195
2026-07-01T08:00:00Z,JUPUSDT,0.00005,0.2254,0.2254
2026-07-01T12:00:00Z,JUPUSDT,0.00005,0.2341,0.2341
2026-07-01T16:00:00Z,JUPUSDT,0.00005,0.2344,0.2344
2026-07-01T20:00:00Z,JUPUSDT,0.00005,0.2288,0.2288
2026-07-02T00:00:00Z,JUPUSDT,0.00005,0.2343,0.2343
2026-07-02T04:00:00Z,JUPUSDT,0.00005,0.2358,0.2358
2026-07-02T08:00:00Z,JUPUSDT,0.00005,0.2325,0.2325
2026-07-02T12:00:00Z,JUPUSDT,0.00005,0.2481,0.2481
2026-07-02T16:00:00Z,JUPUSDT,0.00005,0.2449,0.2449
2026-07-02T20:00:00Z,JUPUSDT,0.00005,0.2424,0.2424
2026-07-03T00:00:00Z,JUPUSDT,0.00005,0.2436,0.2436
2026-07-03T04:00:00Z,JUPUSDT,0.00005,0.24,0.24
2026-07-03T08:00:00Z,JUPUSDT,0.00005,0.2433,0.2433
2026-07-03T12:00:00Z,JUPUSDT,0.00005,0.243,0.243
2026-07-03T16:00:00Z,JUPUSDT,0.00005,0.2407,0.2407
2026-07-03T20:00:00Z,JUPUSDT,0.00005,0.2441,0.2441
2026-07-04T00:00:00Z,JUPUSDT,0.00005,0.2425,0.2425
2026-07-04T04:00:00Z,JUPUSDT,0.00005,0.2385,0.2385
2026-07-04T08:00:00Z,JUPUSDT,0.00005,0.2362,0.2362
2026-07-04T12:00:00Z,JUPUSDT,0.00005,0.235,0.235
2026-07-04T16:00:00Z,JUPUSDT,0.00005,0.2366,0.2366
2026-07-04T20:00:00Z,JUPUSDT,0.00005,0.235,0.235
2026-07-05T00:00:00Z,JUPUSDT,0.00005,0.2348,0.2348
2026-07-05T04:00:00Z,JUPUSDT,0.00005,0.2356,0.2356
2026-07-05T08:00:00Z,JUPUSDT,0.00005,0.2376,0.2376
2026-07-05T12:00:00Z,JUPUSDT,0.00005,0.2374,0.2374
2026-07-05T16:00:00Z,JUPUSDT,0.00005,0.2412,0.2412
2026-07-05T20:00:00Z,JUPUSDT,0.00005,0.2442,0.2442
2026-07-06T00:00:00Z,JUPUSDT,0.00005,0.2431,0.2431
2026-07-06T04:00:00Z,JUPUSDT,0.00005,0.245,0.245
2026-07-06T08:00:00Z,JUPUSDT,0.00005,0.2392,0.2392
2026-07-06T12:00:00Z,JUPUSDT,0.00005,0.2371,0.2371
2026-07-06T16:00:00Z,JUPUSDT,0.00005,0.2396,0.2396
2026-07-06T20:00:00Z,JUPUSDT,0.00005,0.2393,0.2393
2026-07-07T00:00:00Z,JUPUSDT,0.00005,0.2365,0.2365
2026-07-07T04:00:00Z,JUPUSDT,0.00005,0.2354,0.2354
2026-07-07T08:00:00Z,JUPUSDT,0.00005,0.2386,0.2386
2026-07-07T12:00:00Z,JUPUSDT,0.00005,0.2386,0.2386
2026-07-07T16:00:00Z,JUPUSDT,0.00005,0.2397,0.2397
2026-07-07T20:00:00Z,JUPUSDT,0.00005,0.241,0.241
2026-07-08T00:00:00Z,JUPUSDT,0.00005,0.2369,0.2369
2026-07-08T04:00:00Z,JUPUSDT,0.00005,0.228,0.228
2026-07-08T08:00:00Z,JUPUSDT,0.00005,0.223,0.223
2026-07-08T12:00:00Z,JUPUSDT,0.00005,0.2172,0.2172
2026-07-08T16:00:00Z,JUPUSDT,0.00005,0.2144,0.2144
2026-07-08T20:00:00Z,JUPUSDT,0.00005,0.2141,0.2141
2026-07-09T00:00:00Z,JUPUSDT,0.00005,0.2134,0.2134
2026-07-09T04:00:00Z,JUPUSDT,0.00005,0.2103,0.2103
2026-07-09T08:00:00Z,JUPUSDT,0.00005,0.2141,0.2141
2026-07-09T12:00:00Z,JUPUSDT,0.00005,0.2105,0.2105
2026-07-09T16:00:00Z,JUPUSDT,0.00005,0.205,0.205
2026-07-09T20:00:00Z,JUPUSDT,0.00005,0.2098,0.2098
2026-07-10T00:00:00Z,JUPUSDT,0.00005,0.2127,0.2127
2026-07-10T04:00:00Z,JUPUSDT,0.00005,0.2144,0.2144
2026-07-10T08:00:00Z,JUPUSDT,0.00005,0.2087,0.2087
2026-07-10T12:00:00Z,JUPUSDT,0.00005,0.2077,0.2077
2026-07-10T16:00:00Z,JUPUSDT,0.00005,0.2019,0.2019
2026-07-10T20:00:00Z,JUPUSDT,0.00005,0.2041,0.2041
2026-07-11T00:00:00Z,JUPUSDT,0.00005,0.2036,0.2036
2026-07-11T04:00:00Z,JUPUSDT,0.00005,0.2057,0.2057
2026-07-11T08:00:00Z,JUPUSDT,0.00005,0.207,0.207
2026-07-11T12:00:00Z,JUPUSDT,0.00005,0.2071,0.2071
2026-07-11T16:00:00Z,JUPUSDT,0.00005,0.2083,0.2083
2026-07-11T20:00:00Z,JUPUSDT,0.00005,0.2103,0.2103
2026-07-12T00:00:00Z,JUPUSDT,0.00005,0.2006,0.2006
2026-07-12T04:00:00Z,JUPUSDT,0.00005,0.2011,0.2011
2026-07-12T08:00:00Z,JUPUSDT,0.00005,0.2,0.2
2026-07-12T12:00:00Z,JUPUSDT,0.00005,0.2025,0.2025
2026-07-12T16:00:00Z,JUPUSDT,0.00005,0.2042,0.2042
2026-07-12T20:00:00Z,JUPUSDT,0.00005,0.2027,0.2027
2026-07-13T00:00:00Z,JUPUSDT,0.00005,0.2006,0.2006
2026-07-13T04:00:00Z,JUPUSDT,0.00005,0.1974,0.1974
2026-07-13T08:00:00Z,JUPUSDT,0.00005,0.202,0.202
2026-07-13T12:00:00Z,JUPUSDT,0.00005,0.2038,0.2038
2026-07-13T16:00:00Z,JUPUSDT,0.00005,0.2165,0.2165
2026-07-13T20:00:00Z,JUPUSDT,0.00005,0.2093,0.2093
2026-07-14T00:00:00Z,JUPUSDT,0.00005,0.207,0.207
2026-07-14T04:00:00Z,JUPUSDT,0.00005,0.203,0.203
2026-07-14T08:00:00Z,JUPUSDT,0.00005,0.2011,0.2011
2026-07-14T12:00:00Z,JUPUSDT,0.00005,0.2031,0.2031
2026-07-14T16:00:00Z,JUPUSDT,0.00005,0.2093,0.2093
2026-07-14T20:00:00Z,JUPUSDT,0.00005,0.2097,0.2097
2026-07-15T00:00:00Z,JUPUSDT,0.00005,0.2115,0.2115
2026-07-15T04:00:00Z,JUPUSDT,0.00005,0.2136,0.2136
2026-07-15T08:00:00Z,JUPUSDT,0.00005,0.2067,0.2067
2026-07-15T12:00:00Z,JUPUSDT,0.00005,0.2078,0.2078
2026-07-15T16:00:00Z,JUPUSDT,0.00005,0.2105,0.2105
2026-07-15T20:00:00Z,JUPUSDT,0.00005,0.2075,0.2075
2026-07-16T00:00:00Z,JUPUSDT,0.00005,0.2066,0.2066
2026-07-16T04:00:00Z,JUPUSDT,0.00005,0.2053,0.2053
2026-07-16T08:00:00Z,JUPUSDT,0.00005,0.2017,0.2017
2026-07-16T12:00:00Z,JUPUSDT,0.00005,0.2026,0.2026
2026-07-16T16:00:00Z,JUPUSDT,0.00005,0.2028,0.2028
2026-07-16T20:00:00Z,JUPUSDT,0.00005,0.2013,0.2013
2026-07-17T00:00:00Z,JUPUSDT,0.00005,0.1964,0.1964
2026-07-17T04:00:00Z,JUPUSDT,0.00005,0.1951,0.1951
2026-07-17T08:00:00Z,JUPUSDT,0.00005,0.1919,0.1919
2026-07-17T12:00:00Z,JUPUSDT,0.00005,0.1939,0.1939
2026-07-17T16:00:00Z,JUPUSDT,0.00005,0.196,0.196
2026-07-17T20:00:00Z,JUPUSDT,0.00005,0.1969,0.1969
2026-07-18T00:00:00Z,JUPUSDT,0.00005,0.1938,0.1938
2026-07-18T04:00:00Z,JUPUSDT,0.00005,0.1975,0.1975
2026-07-18T08:00:00Z,JUPUSDT,0.00005,0.1939,0.1939
2026-07-18T12:00:00Z,JUPUSDT,0.00005,0.1934,0.1934
2026-07-18T16:00:00Z,JUPUSDT,0.00005,0.1927,0.1927
2026-07-18T20:00:00Z,JUPUSDT,0.00005,0.192,0.192
2026-07-19T00:00:00Z,JUPUSDT,0.00005,0.1946,0.1946
2026-07-19T04:00:00Z,JUPUSDT,0.00005,0.1947,0.1947
2026-07-19T08:00:00Z,JUPUSDT,0.00005,0.1915,0.1915
2026-07-19T12:00:00Z,JUPUSDT,0.00005,0.19,0.19
2026-07-19T16:00:00Z,JUPUSDT,0.00005,0.1927,0.1927
2026-07-19T20:00:00Z,JUPUSDT,0.00005,0.1921,0.1921
2026-07-20T00:00:00Z,JUPUSDT,0.00005,0.1951,0.1951
2026-07-20T04:00:00Z,JUPUSDT,0.00005,0.1989,0.1989
2026-07-20T08:00:00Z,JUPUSDT,0.00005,0.1969,0.1969
2026-07-20T12:00:00Z,JUPUSDT,0.00005,0.1984,0.1984
2026-07-20T16:00:00Z,JUPUSDT,0.00005,0.197,0.197
2026-07-20T20:00:00Z,JUPUSDT,0.00005,0.1954,0.1954
2026-07-21T00:00:00Z,JUPUSDT,0.00005,0.1956,0.1956
2026-07-21T04:00:00Z,JUPUSDT,0.00005,0.1995,0.1995
2026-07-21T08:00:00Z,JUPUSDT,0.00005,0.1993,0.1993
2026-07-21T12:00:00Z,JUPUSDT,0.00005,0.1998,0.1998
2026-07-21T16:00:00Z,JUPUSDT,0.00005,0.1987,0.1987
2026-07-21T20:00:00Z,JUPUSDT,0.00005,0.1968,0.1968
2026-07-22T00:00:00Z,JUPUSDT,0.00005,0.1992,0.1992
2026-07-22T04:00:00Z,JUPUSDT,0.00005,0.198,0.198
2026-07-22T08:00:00Z,JUPUSDT,0.00005,0.1949,0.1949
2026-07-22T12:00:00Z,JUPUSDT,0.00005,0.1944,0.1944
2026-07-22T16:00:00Z,JUPUSDT,0.00005,0.1919,0.1919
2026-07-22T20:00:00Z,JUPUSDT,0.00005,0.1904,0.1904
2026-07-23T00:00:00Z,JUPUSDT,0.00005,0.1907,0.1907
2026-07-23T04:00:00Z,JUPUSDT,0.00005,0.1892,0.1892
2026-07-23T08:00:00Z,JUPUSDT,0.00005,0.1908,0.1908
2026-07-23T12:00:00Z,JUPUSDT,0.00005,0.1938,0.1938
2026-07-23T16:00:00Z,JUPUSDT,0.00005,0.193,0.193
2026-07-23T20:00:00Z,JUPUSDT,0.00005,0.1863,0.1863
2026-07-24T00:00:00Z,JUPUSDT,0.00005,0.1873,0.1873
2026-07-24T04:00:00Z,JUPUSDT,0.00005,0.1881,0.1881
2026-07-24T08:00:00Z,JUPUSDT,0.00005,0.1891,0.1891
2026-07-24T12:00:00Z,JUPUSDT,0.00005,0.1877,0.1877
2026-07-24T16:00:00Z,JUPUSDT,0.00005,0.185,0.185
2026-07-24T20:00:00Z,JUPUSDT,0.00005,0.1858,0.1858
2026-07-25T00:00:00Z,JUPUSDT,0.00005,0.1868,0.1868
2026-07-25T04:00:00Z,JUPUSDT,0.00005,0.187,0.187
2026-07-25T08:00:00Z,JUPUSDT,0.00005,0.1846,0.1846
2026-07-25T12:00:00Z,JUPUSDT,0.00005,0.1848,0.1848
2026-07-25T16:00:00Z,JUPUSDT,0.00005,0.1857,0.1857
2026-07-25T20:00:00Z,JUPUSDT,0.00005,0.1878,0.1878
2026-07-26T00:00:00Z,JUPUSDT,0.00005,0.1864,0.1864
2026-07-26T04:00:00Z,JUPUSDT,0.00005,0.1867,0.1867
2026-07-26T08:00:00Z,JUPUSDT,0.00005,0.1871,0.1871
2026-07-26T12:00:00Z,JUPUSDT,0.00005,0.1865,0.1865
2026-07-26T16:00:00Z,JUPUSDT,0.00005,0.1881,0.1881
2026-07-26T20:00:00Z,JUPUSDT,0.00005,0.1875,0.1875
2026-07-27T00:00:00Z,JUPUSDT,0.00005,0.1913,0.1913
2026-07-27T04:00:00Z,JUPUSDT,0.00005,0.1911,0.1911
2026-07-27T08:00:00Z,JUPUSDT,0.00005,0.1913,0.1913
