timestamp,symbol,rate,mark_price,spot_price
2022-06-03T00:00:00Z,LUNAUSDT,0.0001,7.0788,7.0788
2022-06-03T08:00:00Z,LUNAUSDT,0.0001,6.6949,6.6949
2022-06-03T16:00:00Z,LUNAUSDT,0.0001,6.5811,6.5811
2022-06-04T00:00:00Z,LUNAUSDT,0.0001,6.5013,6.5013
2022-06-04T08:00:00Z,LUNAUSDT,0.0001,6.3726,6.3726
2022-06-04T16:00:00Z,LUNAUSDT,0.0001,6.4229,6.4229
2022-06-05T00:00:00Z,LUNAUSDT,0.0001,6.3772,6.3772
2022-06-05T08:00:00Z,LUNAUSDT,0.0001,5.4531,5.4531
2022-06-05T16:00:00Z,LUNAUSDT,0.0001,5.2851,5.2851
2022-06-06T00:00:00Z,LUNAUSDT,-0.000827798427799386,4.8223,4.8223
2022-06-06T08:00:00Z,LUNAUSDT,-0.00231134200408551,5.3584,5.3584
2022-06-06T16:00:00Z,LUNAUSDT,-0.000191605446931057,5.015,5.015
2022-06-07T00:00:00Z,LUNAUSDT,0.0001,4.8781,4.8781
2022-06-07T08:00:00Z,LUNAUSDT,0.0001,4.3418,4.3418
2022-06-07T16:00:00Z,LUNAUSDT,0.0001,4.2495,4.2495
2022-06-08T00:00:00Z,LUNAUSDT,0.0001,3.8023,3.8023
2022-06-08T08:00:00Z,LUNAUSDT,0.0001,3.445,3.445
2022-06-08T16:00:00Z,LUNAUSDT,0.0001,3.4808,3.4808
2022-06-09T00:00:00Z,LUNAUSDT,-0.0021293895965556,2.0176,2.0176
2022-06-09T08:00:00Z,LUNAUSDT,-0.015,3.2335,3.2335
2022-06-09T16:00:00Z,LUNAUSDT,-0.024906944574382293,3.0057,3.0057
2022-06-10T00:00:00Z,LUNAUSDT,-0.000805270312497663,3.0086,3.0086
2022-06-10T08:00:00Z,LUNAUSDT,-0.013072098395636662,3.0406,3.0406
2022-06-10T16:00:00Z,LUNAUSDT,-0.003778615343404014,2.8215,2.8215
2022-06-11T00:00:00Z,LUNAUSDT,-0.0040895233568865,2.8336,2.8336
2022-06-11T08:00:00Z,LUNAUSDT,-0.00017580521708226,2.8442,2.8442
2022-06-11T16:00:00Z,LUNAUSDT,-0.001188132355531891,2.647,2.647
2022-06-12T00:00:00Z,LUNAUSDT,-0.004443614158801352,2.6264,2.6264
2022-06-12T08:00:00Z,LUNAUSDT,-0.000004155098606972,2.5953,2.5953
2022-06-12T16:00:00Z,LUNAUSDT,0.0001,2.7962,2.7962
2022-06-13T00:00:00Z,LUNAUSDT,-0.001157445919339561,2.5992,2.5992
2022-06-13T08:00:00Z,LUNAUSDT,0.0001,2.6175,2.6175
2022-06-13T16:00:00Z,LUNAUSDT,-0.001890492718381466,2.6414,2.6414
2022-06-14T00:00:00Z,LUNAUSDT,0.000083175334243814,2.5145,2.5145
2022-06-14T08:00:00Z,LUNAUSDT,0.0001,2.712,2.712
2022-06-14T16:00:00Z,LUNAUSDT,0.0001,2.6046,2.6046
2022-06-15T00:00:00Z,LUNAUSDT,0.0001,2.5243,2.5243
2022-06-15T08:00:00Z,LUNAUSDT,0.0001,2.3928,2.3928
2022-06-15T16:00:00Z,LUNAUSDT,0.0001,2.2791,2.2791
2022-06-16T00:00:00Z,LUNAUSDT,0.0001,2.5473,2.5473
2022-06-16T08:00:00Z,LUNAUSDT,0.0001,2.3337,2.3337
2022-06-16T16:00:00Z,LUNAUSDT,0.0001,2.3229,2.3229
2022-06-17T00:00:00Z,LUNAUSDT,-0.002976521630343455,2.2283,2.2283
2022-06-17T08:00:00Z,LUNAUSDT,0.000047337315743402,2.2682,2.2682
2022-06-17T16:00:00Z,LUNAUSDT,-0.002661364106136523,2.2453,2.2453
2022-06-18T00:00:00Z,LUNAUSDT,0.0001,2.2219,2.2219
2022-06-18T08:00:00Z,LUNAUSDT,0.0001,1.996,1.996
2022-06-18T16:00:00Z,LUNAUSDT,0.0001,1.9476,1.9476
2022-06-19T00:00:00Z,LUNAUSDT,-0.00093112793812138,1.854,1.854
2022-06-19T08:00:00Z,LUNAUSDT,-0.003507733762308492,1.7985,1.7985
2022-06-19T16:00:00Z,LUNAUSDT,-0.000294141623720201,2.0469,2.0469
2022-06-20T00:00:00Z,LUNAUSDT,0.0001,2.1059,2.1059
2022-06-20T08:00:00Z,LUNAUSDT,0.0001,1.9769,1.9769
2022-06-20T16:00:00Z,LUNAUSDT,-0.001029114438144269,2.0824,2.0824
2022-06-21T00:00:00Z,LUNAUSDT,0.0001,2.0321,2.0321
2022-06-21T08:00:00Z,LUNAUSDT,0.0001,2.0638,2.0638
2022-06-21T16:00:00Z,LUNAUSDT,0.0001,2.0822,2.0822
2022-06-22T00:00:00Z,LUNAUSDT,0.0001,2.0283,2.0283
2022-06-22T08:00:00Z,LUNAUSDT,0.0001,1.916,1.916
2022-06-22T16:00:00Z,LUNAUSDT,0.0001,1.9422,1.9422
2022-06-23T00:00:00Z,LUNAUSDT,0.0001,1.9148,1.9148
2022-06-23T08:00:00Z,LUNAUSDT,0.0001,1.963,1.963
2022-06-23T16:00:00Z,LUNAUSDT,0.0001,1.8331,1.8331
2022-06-24T00:00:00Z,LUNAUSDT,0.0001,1.9404,1.9404
2022-06-24T08:00:00Z,LUNAUSDT,0.0001,1.8818,1.8818
2022-06-24T16:00:00Z,LUNAUSDT,0.0001,1.9177,1.9177
2022-06-25T00:00:00Z,LUNAUSDT,0.0001,1.9871,1.9871
2022-06-25T08:00:00Z,LUNAUSDT,0.0001,1.9712,1.9712
2022-06-25T16:00:00Z,LUNAUSDT,0.0001,1.9479,1.9479
2022-06-26T00:00:00Z,LUNAUSDT,0.0001,1.9973,1.9973
2022-06-26T08:00:00Z,LUNAUSDT,0.0001,1.9796,1.9796
2022-06-26T16:00:00Z,LUNAUSDT,0.0001,1.9645,1.9645
2022-06-27T00:00:00Z,LUNAUSDT,0.0001,2.0154,2.0154
2022-06-27T08:00:00Z,LUNAUSDT,0.0001,2.1807,2.1807
2022-06-27T16:00:00Z,LUNAUSDT,0.0001,2.3831,2.3831
2022-06-28T00:00:00Z,LUNAUSDT,0.0001,2.2279,2.2279
2022-06-28T08:00:00Z,LUNAUSDT,0.0001,2.2394,2.2394
2022-06-28T16:00:00Z,LUNAUSDT,0.0001,2.2505,2.2505
2022-06-29T00:00:00Z,LUNAUSDT,0.0001,2.4303,2.4303
2022-06-29T08:00:00Z,LUNAUSDT,0.0001,2.5677,2.5677
2022-06-29T16:00:00Z,LUNAUSDT,0.0001,2.5132,2.5132
2022-06-30T00:00:00Z,LUNAUSDT,0.0001,2.6161,2.6161
2022-06-30T08:00:00Z,LUNAUSDT,0.0001,2.1556,2.1556
2022-06-30T16:00:00Z,LUNAUSDT,0.0001,2.1367,2.1367
2022-07-01T00:00:00Z,LUNAUSDT,0.0001,2.1145,2.1145
2022-07-01T08:00:00Z,LUNAUSDT,0.0001,2.1165,2.1165
2022-07-01T16:00:00Z,LUNAUSDT,0.0001,2.0545,2.0545
2022-07-02T00:00:00Z,LUNAUSDT,0.0001,2.1366,2.1366
2022-07-02T08:00:00Z,LUNAUSDT,0.0001,2.09,2.09
2022-07-02T16:00:00Z,LUNAUSDT,0.0001,2.1337,2.1337
2022-07-03T00:00:00Z,LUNAUSDT,0.0001,2.1123,2.1123
2022-07-03T08:00:00Z,LUNAUSDT,0.0001,2.1057,2.1057
2022-07-03T16:00:00Z,LUNAUSDT,0.0001,2.0883,2.0883
2022-07-04T00:00:00Z,LUNAUSDT,0.0001,2.1511,2.1511
2022-07-04T08:00:00Z,LUNAUSDT,0.0001,2.1148,2.1148
2022-07-04T16:00:00Z,LUNAUSDT,0.0001,2.1652,2.1652
2022-07-05T00:00:00Z,LUNAUSDT,0.0001,2.2427,2.2427
2022-07-05T08:00:00Z,LUNAUSDT,0.0001,2.1823,2.1823
2022-07-05T16:00:00Z,LUNAUSDT,0.0001,2.1297,2.1297
2022-07-06T00:00:00Z,LUNAUSDT,0.0001,2.1597,2.1597
2022-07-06T08:00:00Z,LUNAUSDT,0.0001,2.1498,2.1498
2022-07-06T16:00:00Z,LUNAUSDT,0.0001,2.1336,2.1336
2022-07-07T00:00:00Z,LUNAUSDT,0.0001,2.1494,2.1494
2022-07-07T08:00:00Z,LUNAUSDT,0.0001,2.1375,2.1375
2022-07-07T16:00:00Z,LUNAUSDT,0.0001,2.1702,2.1702
2022-07-08T00:00:00Z,LUNAUSDT,0.0001,2.193,2.193
2022-07-08T08:00:00Z,LUNAUSDT,0.0001,2.3486,2.3486
2022-07-08T16:00:00Z,LUNAUSDT,0.0001,2.2994,2.2994
2022-07-09T00:00:00Z,LUNAUSDT,0.0001,2.27,2.27
2022-07-09T08:00:00Z,LUNAUSDT,0.0001,2.2673,2.2673
2022-07-09T16:00:00Z,LUNAUSDT,0.0001,2.2573,2.2573
2022-07-10T00:00:00Z,LUNAUSDT,0.0001,2.2646,2.2646
2022-07-10T08:00:00Z,LUNAUSDT,0.0001,2.2419,2.2419
2022-07-10T16:00:00Z,LUNAUSDT,0.0001,2.0964,2.0964
2022-07-11T00:00:00Z,LUNAUSDT,0.0001,2.1044,2.1044
2022-07-11T08:00:00Z,LUNAUSDT,0.0001,2.0671,2.0671
2022-07-11T16:00:00Z,LUNAUSDT,0.0001,2.0027,2.0027
2022-07-12T00:00:00Z,LUNAUSDT,0.0001,1.8842,1.8842
2022-07-12T08:00:00Z,LUNAUSDT,0.0001,1.8556,1.8556
2022-07-12T16:00:00Z,LUNAUSDT,0.0001,1.8727,1.8727
2022-07-13T00:00:00Z,LUNAUSDT,0.0001,1.816,1.816
2022-07-13T08:00:00Z,LUNAUSDT,0.0001,1.8709,1.8709
2022-07-13T16:00:00Z,LUNAUSDT,0.0001,1.6891,1.6891
2022-07-14T00:00:00Z,LUNAUSDT,0.0001,1.8092,1.8092
2022-07-14T08:00:00Z,LUNAUSDT,0.0001,1.7521,1.7521
2022-07-14T16:00:00Z,LUNAUSDT,0.0001,1.7466,1.7466
2022-07-15T00:00:00Z,LUNAUSDT,0.0001,1.7746,1.7746
2022-07-15T08:00:00Z,LUNAUSDT,0.0001,1.8278,1.8278
2022-07-15T16:00:00Z,LUNAUSDT,0.0001,1.8179,1.8179
2022-07-16T00:00:00Z,LUNAUSDT,0.0001,1.814,1.814
2022-07-16T08:00:00Z,LUNAUSDT,0.0001,1.7365,1.7365
2022-07-16T16:00:00Z,LUNAUSDT,0.0001,1.7824,1.7824
2022-07-17T00:00:00Z,LUNAUSDT,0.0001,1.8136,1.8136
2022-07-17T08:00:00Z,LUNAUSDT,0.0001,1.8109,1.8109
2022-07-17T16:00:00Z,LUNAUSDT,0.0001,1.7947,1.7947
2022-07-18T00:00:00Z,LUNAUSDT,0.0001,1.7692,1.7692
2022-07-18T08:00:00Z,LUNAUSDT,0.0001,1.8352,1.8352
2022-07-18T16:00:00Z,LUNAUSDT,0.0001,1.9063,1.9063
2022-07-19T00:00:00Z,LUNAUSDT,0.0001,2.0221,2.0221
2022-07-19T08:00:00Z,LUNAUSDT,0.0001,1.9055,1.9055
2022-07-19T16:00:00Z,LUNAUSDT,0.0001,1.9956,1.9956
2022-07-20T00:00:00Z,LUNAUSDT,0.0001,2.0031,2.0031
2022-07-20T08:00:00Z,LUNAUSDT,0.0001,1.9816,1.9816
2022-07-20T16:00:00Z,LUNAUSDT,0.0001,2.0483,2.0483
2022-07-21T00:00:00Z,LUNAUSDT,0.0001,1.9044,1.9044
2022-07-21T08:00:00Z,LUNAUSDT,0.0001,1.8606,1.8606
2022-07-21T16:00:00Z,LUNAUSDT,0.0001,1.8618,1.8618
2022-07-22T00:00:00Z,LUNAUSDT,0.0001,1.9079,1.9079
2022-07-22T08:00:00Z,LUNAUSDT,0.0001,1.9098,1.9098
2022-07-22T16:00:00Z,LUNAUSDT,0.0001,1.8842,1.8842
2022-07-23T00:00:00Z,LUNAUSDT,0.0001,1.8507,1.8507
2022-07-23T08:00:00Z,LUNAUSDT,0.0001,1.8724,1.8724
2022-07-23T16:00:00Z,LUNAUSDT,0.0001,1.8309,1.8309
2022-07-24T00:00:00Z,LUNAUSDT,0.0001,1.857,1.857
2022-07-24T08:00:00Z,LUNAUSDT,0.0001,1.8831,1.8831
2022-07-24T16:00:00Z,LUNAUSDT,0.0001,1.9099,1.9099
2022-07-25T00:00:00Z,LUNAUSDT,0.0001,1.8634,1.8634
2022-07-25T08:00:00Z,LUNAUSDT,0.0001,1.8276,1.8276
2022-07-25T16:00:00Z,LUNAUSDT,0.0001,1.7769,1.7769
2022-07-26T00:00:00Z,LUNAUSDT,0.0001,1.6686,1.6686
2022-07-26T08:00:00Z,LUNAUSDT,0.0001,1.6801,1.6801
2022-07-26T16:00:00Z,LUNAUSDT,0.0001,1.639,1.639
2022-07-27T00:00:00Z,LUNAUSDT,0.0001,1.7059,1.7059
2022-07-27T08:00:00Z,LUNAUSDT,0.0001,1.7221,1.7221
2022-07-27T16:00:00Z,LUNAUSDT,0.0001,1.7194,1.7194
2022-07-28T00:00:00Z,LUNAUSDT,0.0001,1.8079,1.8079
2022-07-28T08:00:00Z,LUNAUSDT,0.0001,1.8023,1.8023
2022-07-28T16:00:00Z,LUNAUSDT,0.0001,1.8394,1.8394
2022-07-29T00:00:00Z,LUNAUSDT,0.0001,1.862,1.862
2022-07-29T08:00:00Z,LUNAUSDT,0.0001,1.9664,1.9664
2022-07-29T16:00:00Z,LUNAUSDT,0.0001,1.9131,1.9131
2022-07-30T00:00:00Z,LUNAUSDT,0.0001,1.9192,1.9192
2022-07-30T08:00:00Z,LUNAUSDT,0.0001,1.9286,1.9286
2022-07-30T16:00:00Z,LUNAUSDT,0.0001,1.9694,1.9694
2022-07-31T00:00:00Z,LUNAUSDT,0.0001,1.8558,1.8558
2022-07-31T08:00:00Z,LUNAUSDT,0.0001,1.8911,1.8911
2022-07-31T16:00:00Z,LUNAUSDT,0.0001,1.8964,1.8964
2022-08-01T00:00:00Z,LUNAUSDT,0.0001,1.8787,1.8787
2022-08-01T08:00:00Z,LUNAUSDT,0.0001,2.4486,2.4486
2022-08-01T16:00:00Z,LUNAUSDT,0.0001,2.5606,2.5606
2022-08-02T00:00:00Z,LUNAUSDT,0.0001,2.2688,2.2688
2022-08-02T08:00:00Z,LUNAUSDT,0.0001,2.1804,2.1804
2022-08-02T16:00:00Z,LUNAUSDT,0.0001,2.2014,2.2014
2022-08-03T00:00:00Z,LUNAUSDT,0.0001,2.138,2.138
2022-08-03T08:00:00Z,LUNAUSDT,0.0001,2.1148,2.1148
2022-08-03T16:00:00Z,LUNAUSDT,0.0001,2.1463,2.1463
2022-08-04T00:00:00Z,LUNAUSDT,0.0001,2.0721,2.0721
2022-08-04T08:00:00Z,LUNAUSDT,0.0001,2.1449,2.1449
2022-08-04T16:00:00Z,LUNAUSDT,0.0001,2.1064,2.1064
2022-08-05T00:00:00Z,LUNAUSDT,0.0001,2.0897,2.0897
2022-08-05T08:00:00Z,LUNAUSDT,0.0001,2.1171,2.1171
2022-08-05T16:00:00Z,LUNAUSDT,0.0001,2.0992,2.0992
2022-08-06T00:00:00Z,LUNAUSDT,0.0001,2.1358,2.1358
2022-08-06T08:00:00Z,LUNAUSDT,0.0001,2.16,2.16
2022-08-06T16:00:00Z,LUNAUSDT,0.0001,2.1361,2.1361
2022-08-07T00:00:00Z,LUNAUSDT,0.0001,2.1054,2.1054
2022-08-07T08:00:00Z,LUNAUSDT,0.0001,2.085,2.085
2022-08-07T16:00:00Z,LUNAUSDT,0.0001,2.0769,2.0769
2022-08-08T00:00:00Z,LUNAUSDT,0.0001,2.0969,2.0969
2022-08-08T08:00:00Z,LUNAUSDT,0.0001,2.1281,2.1281
2022-08-08T16:00:00Z,LUNAUSDT,0.0001,2.1207,2.1207
2022-08-09T00:00:00Z,LUNAUSDT,0.0001,2.1063,2.1063
2022-08-09T08:00:00Z,LUNAUSDT,0.0001,2.1316,2.1316
2022-08-09T16:00:00Z,LUNAUSDT,0.0001,1.9545,1.9545
2022-08-10T00:00:00Z,LUNAUSDT,0.0001,1.9793,1.9793
2022-08-10T08:00:00Z,LUNAUSDT,0.0001,1.9466,1.9466
2022-08-10T16:00:00Z,LUNAUSDT,0.0001,2.0427,2.0427
2022-08-11T00:00:00Z,LUNAUSDT,0.0001,2.0202,2.0202
2022-08-11T08:00:00Z,LUNAUSDT,0.0001,2.0328,2.0328
2022-08-11T16:00:00Z,LUNAUSDT,0.0001,2.0162,2.0162
2022-08-12T00:00:00Z,LUNAUSDT,0.0001,1.9692,1.9692
2022-08-12T08:00:00Z,LUNAUSDT,0.0001,1.9917,1.9917
2022-08-12T16:00:00Z,LUNAUSDT,0.0001,1.9991,1.9991
2022-08-13T00:00:00Z,LUNAUSDT,0.0001,2.0404,2.0404
2022-08-13T08:00:00Z,LUNAUSDT,0.0001,2.0239,2.0239
2022-08-13T16:00:00Z,LUNAUSDT,0.0001,2.0151,2.0151
2022-08-14T00:00:00Z,LUNAUSDT,0.0001,1.9988,1.9988
2022-08-14T08:00:00Z,LUNAUSDT,0.0001,2.0371,2.0371
2022-08-14T16:00:00Z,LUNAUSDT,0.0001,2.0071,2.0071
2022-08-15T00:00:00Z,LUNAUSDT,0.0001,2.0552,2.0552
2022-08-15T08:00:00Z,LUNAUSDT,0.0001,2.0028,2.0028
2022-08-15T16:00:00Z,LUNAUSDT,0.0001,2.0251,2.0251
2022-08-16T00:00:00Z,LUNAUSDT,0.0001,1.9816,1.9816
2022-08-16T08:00:00Z,LUNAUSDT,0.0001,1.9733,1.9733
2022-08-16T16:00:00Z,LUNAUSDT,0.0001,1.979,1.979
2022-08-17T00:00:00Z,LUNAUSDT,0.0001,1.9973,1.9973
2022-08-17T08:00:00Z,LUNAUSDT,0.0001,1.9832,1.9832
2022-08-17T16:00:00Z,LUNAUSDT,0.0001,1.9388,1.9388
2022-08-18T00:00:00Z,LUNAUSDT,0.0001,1.9312,1.9312
2022-08-18T08:00:00Z,LUNAUSDT,0.0001,1.9132,1.9132
2022-08-18T16:00:00Z,LUNAUSDT,0.0001,1.9309,1.9309
2022-08-19T00:00:00Z,LUNAUSDT,0.0001,1.7658,1.7658
2022-08-19T08:00:00Z,LUNAUSDT,0.0001,1.6312,1.6312
2022-08-19T16:00:00Z,LUNAUSDT,0.0001,1.6435,1.6435
2022-08-20T00:00:00Z,LUNAUSDT,0.0001,1.5949,1.5949
2022-08-20T08:00:00Z,LUNAUSDT,0.0001,1.6538,1.6538
2022-08-20T16:00:00Z,LUNAUSDT,0.0001,1.6535,1.6535
2022-08-21T00:00:00Z,LUNAUSDT,0.0001,1.6195,1.6195
2022-08-21T08:00:00Z,LUNAUSDT,0.0001,1.6719,1.6719
2022-08-21T16:00:00Z,LUNAUSDT,0.0001,1.658,1.658
2022-08-22T00:00:00Z,LUNAUSDT,0.0001,1.6765,1.6765
2022-08-22T08:00:00Z,LUNAUSDT,0.0001,1.6297,1.6297
2022-08-22T16:00:00Z,LUNAUSDT,0.0001,1.6321,1.6321
2022-08-23T00:00:00Z,LUNAUSDT,0.0001,1.6659,1.6659
2022-08-23T08:00:00Z,LUNAUSDT,0.0001,1.6529,1.6529
2022-08-23T16:00:00Z,LUNAUSDT,0.0001,1.7389,1.7389
2022-08-24T00:00:00Z,LUNAUSDT,0.0001,1.8048,1.8048
2022-08-24T08:00:00Z,LUNAUSDT,0.0001,1.7354,1.7354
2022-08-24T16:00:00Z,LUNAUSDT,0.0001,1.755,1.755
2022-08-25T00:00:00Z,LUNAUSDT,0.0001,1.7147,1.7147
2022-08-25T08:00:00Z,LUNAUSDT,0.0001,1.7433,1.7433
2022-08-25T16:00:00Z,LUNAUSDT,0.0001,1.7337,1.7337
2022-08-26T00:00:00Z,LUNAUSDT,0.0001,1.8133,1.8133
2022-08-26T08:00:00Z,LUNAUSDT,0.0001,1.7746,1.7746
2022-08-26T16:00:00Z,LUNAUSDT,0.0001,1.6818,1.6818
2022-08-27T00:00:00Z,LUNAUSDT,0.0001,1.6154,1.6154
2022-08-27T08:00:00Z,LUNAUSDT,0.0001,1.631,1.631
2022-08-27T16:00:00Z,LUNAUSDT,0.0001,1.6094,1.6094
2022-08-28T00:00:00Z,LUNAUSDT,0.0001,1.6116,1.6116
2022-08-28T08:00:00Z,LUNAUSDT,0.0001,1.614,1.614
2022-08-28T16:00:00Z,LUNAUSDT,0.0001,1.6193,1.6193
2022-08-29T00:00:00Z,LUNAUSDT,0.0001,1.5478,1.5478
2022-08-29T08:00:00Z,LUNAUSDT,0.0001,1.5743,1.5743
2022-08-29T16:00:00Z,LUNAUSDT,0.0001,1.6234,1.6234
2022-08-30T00:00:00Z,LUNAUSDT,0.0001,1.643,1.643
2022-08-30T08:00:00Z,LUNAUSDT,0.0001,1.7027,1.7027
2022-08-30T16:00:00Z,LUNAUSDT,0.0001,1.6149,1.6149
2022-08-31T00:00:00Z,LUNAUSDT,0.0001,1.7345,1.7345
2022-08-31T08:00:00Z,LUNAUSDT,0.0001,1.667,1.667
2022-08-31T16:00:00Z,LUNAUSDT,0.0001,1.7004,1.7004
2022-09-01T00:00:00Z,LUNAUSDT,0.0001,1.7877,1.7877
2022-09-01T08:00:00Z,LUNAUSDT,0.0001,1.8637,1.8637
2022-09-01T16:00:00Z,LUNAUSDT,0.0001,1.9559,1.9559
2022-09-02T00:00:00Z,LUNAUSDT,0.0001,1.9913,1.9913
2022-09-02T08:00:00Z,LUNAUSDT,0.0001,1.9329,1.9329
2022-09-02T16:00:00Z,LUNAUSDT,0.0001,1.8895,1.8895
2022-09-03T00:00:00Z,LUNAUSDT,0.0001,1.8548,1.8548
2022-09-03T08:00:00Z,LUNAUSDT,0.0001,1.8349,1.8349
2022-09-03T16:00:00Z,LUNAUSDT,0.0001,1.8307,1.8307
2022-09-04T00:00:00Z,LUNAUSDT,0.0001,1.8581,1.8581
2022-09-04T08:00:00Z,LUNAUSDT,0.0001,1.7993,1.7993
2022-09-04T16:00:00Z,LUNAUSDT,0.0001,1.7984,1.7984
2022-09-05T00:00:00Z,LUNAUSDT,0.0001,1.8147,1.8147
2022-09-05T08:00:00Z,LUNAUSDT,0.0001,1.8007,1.8007
2022-09-05T16:00:00Z,LUNAUSDT,0.0001,1.9108,1.9108
2022-09-06T00:00:00Z,LUNAUSDT,0.0001,1.9912,1.9912
2022-09-06T08:00:00Z,LUNAUSDT,0.0001,2.1083,2.1083
2022-09-06T16:00:00Z,LUNAUSDT,0.0001,1.9467,1.9467
2022-09-07T00:00:00Z,LUNAUSDT,0.0001,1.8455,1.8455
2022-09-07T08:00:00Z,LUNAUSDT,0.0001,1.8175,1.8175
2022-09-07T16:00:00Z,LUNAUSDT,0.0001,1.8824,1.8824
2022-09-08T00:00:00Z,LUNAUSDT,0.0001,1.8847,1.8847
2022-09-08T08:00:00Z,LUNAUSDT,0.0001,2.0005,2.0005
2022-09-08T16:00:00Z,LUNAUSDT,0.0001,1.9329,1.9329
2022-09-09T00:00:00Z,LUNAUSDT,0.0001,1.9124,1.9124
2022-09-09T08:00:00Z,LUNAUSDT,0.0001,1.9671,1.9671
2022-09-09T16:00:00Z,LUNAUSDT,0.0001,5.6048,5.6048
2022-09-10T00:00:00Z,LUNAUSDT,0.0001,5.1129,5.1129
2022-09-10T08:00:00Z,LUNAUSDT,0.0001,5.7519,5.7519
2022-09-10T16:00:00Z,LUNAUSDT,0.0001,5.877,5.877
2022-09-11T00:00:00Z,LUNAUSDT,-0.000372665255495255,6.3806,6.3806
2022-09-11T08:00:00Z,LUNAUSDT,0.0001,6.1196,6.1196
2022-09-11T16:00:00Z,LUNAUSDT,0.0001,5.5913,5.5913
2022-09-12T00:00:00Z,LUNAUSDT,0.0001,5.7169,5.7169
2022-09-12T08:00:00Z,LUNAUSDT,0.0001,5.2679,5.2679
2022-09-12T16:00:00Z,LUNAUSDT,0.0001,4.1199,4.1199
2022-09-13T00:00:00Z,LUNAUSDT,0.0001,4.0103,4.0103
2022-09-13T08:00:00Z,LUNAUSDT,0.0001,4.2441,4.2441
2022-09-13T16:00:00Z,LUNAUSDT,0.0001,4.4451,4.4451
2022-09-14T00:00:00Z,LUNAUSDT,0.0001,4.1583,4.1583
2022-09-14T08:00:00Z,LUNAUSDT,0.0001,2.5359,2.5359
2022-09-14T16:00:00Z,LUNAUSDT,0.0001,2.8639,2.8639
2022-09-15T00:00:00Z,LUNAUSDT,-0.014603324457687008,3.0499,3.0499
2022-09-15T08:00:00Z,LUNAUSDT,0.00070036364918328,3.0709,3.0709
2022-09-15T16:00:00Z,LUNAUSDT,-0.002779970608428094,2.756,2.756
2022-09-16T00:00:00Z,LUNAUSDT,0.0001,2.6967,2.6967
2022-09-16T08:00:00Z,LUNAUSDT,0.0001,2.857,2.857
2022-09-16T16:00:00Z,LUNAUSDT,0.0001,2.8527,2.8527
2022-09-17T00:00:00Z,LUNAUSDT,0.0001,3.0506,3.0506
2022-09-17T08:00:00Z,LUNAUSDT,-0.000137008784706558,3.1655,3.1655
2022-09-17T16:00:00Z,LUNAUSDT,-0.003158929690802955,3.1115,3.1115
2022-09-18T00:00:00Z,LUNAUSDT,0.0001,3.0658,3.0658
2022-09-18T08:00:00Z,LUNAUSDT,-0.000928812565802618,2.9908,2.9908
2022-09-18T16:00:00Z,LUNAUSDT,-0.002398751748759974,2.8995,2.8995
2022-09-19T00:00:00Z,LUNAUSDT,-0.00168622604935064,2.7293,2.7293
2022-09-19T08:00:00Z,LUNAUSDT,-0.002127922795659616,2.5687,2.5687
2022-09-19T16:00:00Z,LUNAUSDT,-0.00130151814420327,2.8948,2.8948
2022-09-20T00:00:00Z,LUNAUSDT,-0.001126530586248451,2.8942,2.8942
2022-09-20T08:00:00Z,LUNAUSDT,-0.001100162881361937,2.8009,2.8009
2022-09-20T16:00:00Z,LUNAUSDT,-0.002357501076676525,2.7378,2.7378
2022-09-21T00:00:00Z,LUNAUSDT,0.0001,2.6844,2.6844
2022-09-21T08:00:00Z,LUNAUSDT,-0.000681324433310751,2.5841,2.5841
2022-09-21T16:00:00Z,LUNAUSDT,-0.000129680361933036,2.5597,2.5597
2022-09-22T00:00:00Z,LUNAUSDT,-0.002331199872426258,2.4858,2.4858
2022-09-22T08:00:00Z,LUNAUSDT,-0.000282529144014761,2.6194,2.6194
2022-09-22T16:00:00Z,LUNAUSDT,0.0001,2.5938,2.5938
2022-09-23T00:00:00Z,LUNAUSDT,0.0001,2.6161,2.6161
2022-09-23T08:00:00Z,LUNAUSDT,0.0001,2.7143,2.7143
2022-09-23T16:00:00Z,LUNAUSDT,0.0001,2.5479,2.5479
2022-09-24T00:00:00Z,LUNAUSDT,0.0001,2.618,2.618
2022-09-24T08:00:00Z,LUNAUSDT,0.0001,2.5743,2.5743
2022-09-24T16:00:00Z,LUNAUSDT,0.0001,2.5763,2.5763
2022-09-25T00:00:00Z,LUNAUSDT,0.0001,2.3959,2.3959
2022-09-25T08:00:00Z,LUNAUSDT,0.0001,2.437,2.437
2022-09-25T16:00:00Z,LUNAUSDT,0.000021277172438395,2.3939,2.3939
2022-09-26T00:00:00Z,LUNAUSDT,0.0001,2.1705,2.1705
2022-09-26T08:00:00Z,LUNAUSDT,0.0001,2.2406,2.2406
2022-09-26T16:00:00Z,LUNAUSDT,0.0001,2.6775,2.6775
2022-09-27T00:00:00Z,LUNAUSDT,0.0001,2.6977,2.6977
2022-09-27T08:00:00Z,LUNAUSDT,0.0001,2.5672,2.5672
2022-09-27T16:00:00Z,LUNAUSDT,0.0001,2.5321,2.5321
2022-09-28T00:00:00Z,LUNAUSDT,0.0001,2.4833,2.4833
2022-09-28T08:00:00Z,LUNAUSDT,0.0001,2.4795,2.4795
2022-09-28T16:00:00Z,LUNAUSDT,0.0001,2.4946,2.4946
2022-09-29T00:00:00Z,LUNAUSDT,0.0001,2.4954,2.4954
2022-09-29T08:00:00Z,LUNAUSDT,0.0001,2.4941,2.4941
2022-09-29T16:00:00Z,LUNAUSDT,0.0001,2.4562,2.4562
2022-09-30T00:00:00Z,LUNAUSDT,0.0001,2.4595,2.4595
2022-09-30T08:00:00Z,LUNAUSDT,0.0001,2.4745,2.4745
2022-09-30T16:00:00Z,LUNAUSDT,0.0001,2.5007,2.5007
2022-10-01T00:00:00Z,LUNAUSDT,0.0001,2.4748,2.4748
2022-10-01T08:00:00Z,LUNAUSDT,0.0001,2.4597,2.4597
2022-10-01T16:00:00Z,LUNAUSDT,0.0001,2.4147,2.4147
2022-10-02T00:00:00Z,LUNAUSDT,0.0001,2.4762,2.4762
2022-10-02T08:00:00Z,LUNAUSDT,0.0001,2.5731,2.5731
2022-10-02T16:00:00Z,LUNAUSDT,0.0001,2.4889,2.4889
2022-10-03T00:00:00Z,LUNAUSDT,0.0001,2.4577,2.4577
2022-10-03T08:00:00Z,LUNAUSDT,0.0001,2.4214,2.4214
2022-10-03T16:00:00Z,LUNAUSDT,0.0001,2.4402,2.4402
2022-10-04T00:00:00Z,LUNAUSDT,0.0001,2.4425,2.4425
2022-10-04T08:00:00Z,LUNAUSDT,0.0001,2.6094,2.6094
2022-10-04T16:00:00Z,LUNAUSDT,0.0001,2.5245,2.5245
2022-10-05T00:00:00Z,LUNAUSDT,0.0001,2.5619,2.5619
2022-10-05T08:00:00Z,LUNAUSDT,0.0001,2.5768,2.5768
2022-10-05T16:00:00Z,LUNAUSDT,0.0001,2.5129,2.5129
2022-10-06T00:00:00Z,LUNAUSDT,0.0001,2.5461,2.5461
2022-10-06T08:00:00Z,LUNAUSDT,0.0001,2.4935,2.4935
2022-10-06T16:00:00Z,LUNAUSDT,0.0001,2.4733,2.4733
2022-10-07T00:00:00Z,LUNAUSDT,0.0001,2.468,2.468
2022-10-07T08:00:00Z,LUNAUSDT,0.0001,2.5353,2.5353
2022-10-07T16:00:00Z,LUNAUSDT,0.0001,2.4859,2.4859
2022-10-08T00:00:00Z,LUNAUSDT,0.0001,2.5002,2.5002
2022-10-08T08:00:00Z,LUNAUSDT,0.0001,2.5034,2.5034
2022-10-08T16:00:00Z,LUNAUSDT,0.0001,2.4827,2.4827
2022-10-09T00:00:00Z,LUNAUSDT,0.0001,2.4874,2.4874
2022-10-09T08:00:00Z,LUNAUSDT,0.0001,2.4998,2.4998
2022-10-09T16:00:00Z,LUNAUSDT,0.0001,2.5068,2.5068
2022-10-10T00:00:00Z,LUNAUSDT,0.0001,2.532,2.532
2022-10-10T08:00:00Z,LUNAUSDT,0.0001,2.587,2.587
2022-10-10T16:00:00Z,LUNAUSDT,0.0001,2.5303,2.5303
2022-10-11T00:00:00Z,LUNAUSDT,0.0001,2.503,2.503
2022-10-11T08:00:00Z,LUNAUSDT,0.0001,2.4302,2.4302
2022-10-11T16:00:00Z,LUNAUSDT,0.0001,2.4403,2.4403
2022-10-12T00:00:00Z,LUNAUSDT,0.0001,2.419,2.419
2022-10-12T08:00:00Z,LUNAUSDT,-0.000029898987456163,2.9002,2.9002
2022-10-12T16:00:00Z,LUNAUSDT,0.0001,2.7337,2.7337
2022-10-13T00:00:00Z,LUNAUSDT,0.0001,2.8317,2.8317
2022-10-13T08:00:00Z,LUNAUSDT,-0.000650747440132708,2.5808,2.5808
2022-10-13T16:00:00Z,LUNAUSDT,0.0001,2.6072,2.6072
2022-10-14T00:00:00Z,LUNAUSDT,0.0001,2.6301,2.6301
2022-10-14T08:00:00Z,LUNAUSDT,0.0001,2.7266,2.7266
2022-10-14T16:00:00Z,LUNAUSDT,0.0001,2.6376,2.6376
2022-10-15T00:00:00Z,LUNAUSDT,0.0001,2.8354,2.8354
2022-10-15T08:00:00Z,LUNAUSDT,0.0001,2.8267,2.8267
2022-10-15T16:00:00Z,LUNAUSDT,-0.000094601931034044,2.7948,2.7948
2022-10-16T00:00:00Z,LUNAUSDT,0.0001,2.7221,2.7221
2022-10-16T08:00:00Z,LUNAUSDT,0.0001,2.6524,2.6524
2022-10-16T16:00:00Z,LUNAUSDT,0.0001,2.6362,2.6362
2022-10-17T00:00:00Z,LUNAUSDT,0.0001,2.6132,2.6132
2022-10-17T08:00:00Z,LUNAUSDT,0.0001,2.6333,2.6333
2022-10-17T16:00:00Z,LUNAUSDT,0.0001,2.6136,2.6136
2022-10-18T00:00:00Z,LUNAUSDT,0.0001,2.6313,2.6313
2022-10-18T08:00:00Z,LUNAUSDT,0.0001,2.6168,2.6168
2022-10-18T16:00:00Z,LUNAUSDT,0.0001,2.5203,2.5203
2022-10-19T00:00:00Z,LUNAUSDT,0.0001,2.5187,2.5187
2022-10-19T08:00:00Z,LUNAUSDT,0.0001,2.4558,2.4558
2022-10-19T19:00:00Z,LUNAUSDT,0.0001,2.444,2.444
2022-10-20T00:00:00Z,LUNAUSDT,0.0001,2.4291,2.4291
2022-10-20T08:00:00Z,LUNAUSDT,0.0001,2.4442,2.4442
2022-10-20T16:00:00Z,LUNAUSDT,0.0001,2.4226,2.4226
2022-10-21T00:00:00Z,LUNAUSDT,0.0001,2.3389,2.3389
2022-10-21T08:00:00Z,LUNAUSDT,0.0001,2.2949,2.2949
2022-10-21T16:00:00Z,LUNAUSDT,0.0001,2.3166,2.3166
2022-10-22T00:00:00Z,LUNAUSDT,0.0001,2.3483,2.3483
2022-10-22T08:00:00Z,LUNAUSDT,0.0001,2.358,2.358
2022-10-22T16:00:00Z,LUNAUSDT,0.0001,2.3461,2.3461
2022-10-23T00:00:00Z,LUNAUSDT,0.0001,2.3511,2.3511
2022-10-23T08:00:00Z,LUNAUSDT,0.0001,2.3437,2.3437
2022-10-23T16:00:00Z,LUNAUSDT,0.0001,2.4803,2.4803
2022-10-24T00:00:00Z,LUNAUSDT,0.0001,2.4512,2.4512
2022-10-24T08:00:00Z,LUNAUSDT,0.0001,2.3779,2.3779
2022-10-24T16:00:00Z,LUNAUSDT,0.0001,2.3745,2.3745
2022-10-25T00:00:00Z,LUNAUSDT,0.0001,2.3679,2.3679
2022-10-25T08:00:00Z,LUNAUSDT,0.0001,2.3843,2.3843
2022-10-25T16:00:00Z,LUNAUSDT,0.0001,2.4096,2.4096
2022-10-26T00:00:00Z,LUNAUSDT,0.0001,2.4141,2.4141
2022-10-26T08:00:00Z,LUNAUSDT,0.0001,2.4622,2.4622
2022-10-26T16:00:00Z,LUNAUSDT,0.0001,2.4574,2.4574
2022-10-27T00:00:00Z,LUNAUSDT,0.0001,2.4591,2.4591
2022-10-27T08:00:00Z,LUNAUSDT,0.0001,2.4835,2.4835
2022-10-27T16:00:00Z,LUNAUSDT,0.0001,2.4353,2.4353
2022-10-28T00:00:00Z,LUNAUSDT,0.0001,2.3939,2.3939
2022-10-28T08:00:00Z,LUNAUSDT,0.0001,2.3942,2.3942
2022-10-28T16:00:00Z,LUNAUSDT,0.0001,2.4128,2.4128
2022-10-29T00:00:00Z,LUNAUSDT,0.0001,2.4251,2.4251
2022-10-29T08:00:00Z,LUNAUSDT,0.0001,2.4536,2.4536
2022-10-29T16:00:00Z,LUNAUSDT,0.0001,2.4275,2.4275
2022-10-30T00:00:00Z,LUNAUSDT,0.0001,2.4354,2.4354
2022-10-30T08:00:00Z,LUNAUSDT,0.0001,2.471,2.471
2022-10-30T16:00:00Z,LUNAUSDT,0.0001,2.4448,2.4448
2022-10-31T00:00:00Z,LUNAUSDT,0.0001,2.4995,2.4995
2022-10-31T08:00:00Z,LUNAUSDT,0.0001,2.4758,2.4758
2022-10-31T16:00:00Z,LUNAUSDT,0.0001,2.4359,2.4359
2022-11-01T00:00:00Z,LUNAUSDT,0.0001,2.4398,2.4398
2022-11-01T08:00:00Z,LUNAUSDT,0.0001,2.4413,2.4413
2022-11-01T16:00:00Z,LUNAUSDT,0.0001,2.4185,2.4185
2022-11-02T00:00:00Z,LUNAUSDT,0.0001,2.3778,2.3778
2022-11-02T08:00:00Z,LUNAUSDT,0.0001,2.3564,2.3564
2022-11-02T16:00:00Z,LUNAUSDT,0.0001,2.3217,2.3217
2022-11-03T00:00:00Z,LUNAUSDT,0.0001,2.3078,2.3078
2022-11-03T08:00:00Z,LUNAUSDT,0.0001,2.3605,2.3605
2022-11-03T16:00:00Z,LUNAUSDT,0.0001,2.4137,2.4137
2022-11-04T00:00:00Z,LUNAUSDT,0.0001,2.3767,2.3767
2022-11-04T08:00:00Z,LUNAUSDT,0.0001,2.4013,2.4013
2022-11-04T16:00:00Z,LUNAUSDT,0.0001,2.4897,2.4897
2022-11-05T00:00:00Z,LUNAUSDT,0.0001,2.5874,2.5874
2022-11-05T08:00:00Z,LUNAUSDT,0.0001,2.5877,2.5877
2022-11-05T16:00:00Z,LUNAUSDT,0.0001,2.5516,2.5516
2022-11-06T00:00:00Z,LUNAUSDT,0.0001,2.4787,2.4787
2022-11-06T08:00:00Z,LUNAUSDT,0.0001,2.5011,2.5011
2022-11-06T16:00:00Z,LUNAUSDT,0.0001,2.4804,2.4804
2022-11-07T00:00:00Z,LUNAUSDT,0.0001,2.3825,2.3825
2022-11-07T08:00:00Z,LUNAUSDT,0.0001,2.3573,2.3573
2022-11-07T16:00:00Z,LUNAUSDT,0.0001,2.4108,2.4108
2022-11-08T00:00:00Z,LUNAUSDT,0.0001,2.4218,2.4218
2022-11-08T08:00:00Z,LUNAUSDT,0.0001,2.2573,2.2573
2022-11-08T16:00:00Z,LUNAUSDT,0.0001,2.2477,2.2477
2022-11-09T00:00:00Z,LUNAUSDT,0.0001,1.9037,1.9037
2022-11-09T08:00:00Z,LUNAUSDT,0.0001,1.7754,1.7754
2022-11-09T16:00:00Z,LUNAUSDT,0.0001,1.7115,1.7115
2022-11-10T00:00:00Z,LUNAUSDT,0.0001,1.603,1.603
2022-11-10T08:00:00Z,LUNAUSDT,0.0001,1.7359,1.7359
2022-11-10T16:00:00Z,LUNAUSDT,0.0001,1.8299,1.8299
2022-11-11T00:00:00Z,LUNAUSDT,0.0001,1.8137,1.8137
2022-11-11T08:00:00Z,LUNAUSDT,0.0001,1.7874,1.7874
2022-11-11T16:00:00Z,LUNAUSDT,0.0001,1.6832,1.6832
2022-11-12T00:00:00Z,LUNAUSDT,0.0001,1.7325,1.7325
2022-11-12T08:00:00Z,LUNAUSDT,0.0001,1.6707,1.6707
2022-11-12T16:00:00Z,LUNAUSDT,0.0001,1.7552,1.7552
2022-11-13T00:00:00Z,LUNAUSDT,0.0001,1.6993,1.6993
2022-11-13T08:00:00Z,LUNAUSDT,0.0001,1.709,1.709
2022-11-13T16:00:00Z,LUNAUSDT,0.0001,1.6893,1.6893
2022-11-14T00:00:00Z,LUNAUSDT,0.0001,1.6554,1.6554
2022-11-14T08:00:00Z,LUNAUSDT,0.0001,1.6548,1.6548
2022-11-14T16:00:00Z,LUNAUSDT,0.0001,1.6536,1.6536
2022-11-15T00:00:00Z,LUNAUSDT,0.0001,1.6666,1.6666
2022-11-15T08:00:00Z,LUNAUSDT,0.0001,1.6955,1.6955
2022-11-15T16:00:00Z,LUNAUSDT,0.0001,1.7401,1.7401
2022-11-16T00:00:00Z,LUNAUSDT,0.0001,1.7008,1.7008
2022-11-16T08:00:00Z,LUNAUSDT,0.0001,1.7108,1.7108
2022-11-16T16:00:00Z,LUNAUSDT,0.0001,1.6604,1.6604
2022-11-17T00:00:00Z,LUNAUSDT,0.0001,1.6685,1.6685
2022-11-17T08:00:00Z,LUNAUSDT,0.0001,1.6695,1.6695
2022-11-17T16:00:00Z,LUNAUSDT,0.0001,1.6437,1.6437
2022-11-18T00:00:00Z,LUNAUSDT,0.0001,1.6713,1.6713
2022-11-18T08:00:00Z,LUNAUSDT,0.0001,1.7217,1.7217
2022-11-18T16:00:00Z,LUNAUSDT,0.0001,1.678,1.678
2022-11-19T00:00:00Z,LUNAUSDT,0.0001,1.6885,1.6885
2022-11-19T08:00:00Z,LUNAUSDT,0.0001,1.6613,1.6613
2022-11-19T16:00:00Z,LUNAUSDT,0.0001,1.6719,1.6719
2022-11-20T00:00:00Z,LUNAUSDT,0.0001,1.6778,1.6778
2022-11-20T08:00:00Z,LUNAUSDT,0.0001,1.6712,1.6712
2022-11-20T16:00:00Z,LUNAUSDT,0.0001,1.6285,1.6285
2022-11-21T00:00:00Z,LUNAUSDT,0.0001,1.5523,1.5523
2022-11-21T08:00:00Z,LUNAUSDT,0.0001,1.4956,1.4956
2022-11-21T16:00:00Z,LUNAUSDT,0.0001,1.5049,1.5049
2022-11-22T00:00:00Z,LUNAUSDT,0.0001,1.4791,1.4791
2022-11-22T08:00:00Z,LUNAUSDT,0.0001,1.4653,1.4653
2022-11-22T16:00:00Z,LUNAUSDT,0.0001,1.5198,1.5198
2022-11-23T00:00:00Z,LUNAUSDT,0.0001,1.5419,1.5419
2022-11-23T08:00:00Z,LUNAUSDT,0.0001,1.5852,1.5852
2022-11-23T16:00:00Z,LUNAUSDT,0.0001,1.5428,1.5428
2022-11-24T00:00:00Z,LUNAUSDT,0.0001,1.5806,1.5806
2022-11-24T08:00:00Z,LUNAUSDT,0.0001,1.5706,1.5706
2022-11-24T16:00:00Z,LUNAUSDT,0.0001,1.5508,1.5508
2022-11-25T00:00:00Z,LUNAUSDT,0.0001,1.5681,1.5681
2022-11-25T08:00:00Z,LUNAUSDT,0.0001,1.5431,1.5431
2022-11-25T16:00:00Z,LUNAUSDT,0.0001,1.577,1.577
2022-11-26T00:00:00Z,LUNAUSDT,0.0001,1.5568,1.5568
2022-11-26T08:00:00Z,LUNAUSDT,0.0001,1.5846,1.5846
2022-11-26T16:00:00Z,LUNAUSDT,0.0001,1.5715,1.5715
2022-11-27T00:00:00Z,LUNAUSDT,0.0001,1.5593,1.5593
2022-11-27T08:00:00Z,LUNAUSDT,0.0001,1.5749,1.5749
2022-11-27T16:00:00Z,LUNAUSDT,0.0001,1.6343,1.6343
2022-11-28T00:00:00Z,LUNAUSDT,0.0001,1.5865,1.5865
2022-11-28T08:00:00Z,LUNAUSDT,0.0001,1.5615,1.5615
2022-11-28T16:00:00Z,LUNAUSDT,0.0001,1.5312,1.5312
2022-11-29T00:00:00Z,LUNAUSDT,0.0001,1.5629,1.5629
2022-11-29T08:00:00Z,LUNAUSDT,0.0001,1.5874,1.5874
2022-11-29T16:00:00Z,LUNAUSDT,0.0001,1.5785,1.5785
2022-11-30T00:00:00Z,LUNAUSDT,0.0001,1.596,1.596
2022-11-30T08:00:00Z,LUNAUSDT,0.0001,1.6081,1.6081
2022-11-30T16:00:00Z,LUNAUSDT,0.0001,1.6068,1.6068
2022-12-01T00:00:00Z,LUNAUSDT,0.0001,1.6176,1.6176
2022-12-01T08:00:00Z,LUNAUSDT,0.0001,1.6035,1.6035
2022-12-01T16:00:00Z,LUNAUSDT,0.0001,1.6014,1.6014
2022-12-02T00:00:00Z,LUNAUSDT,0.0001,1.6379,1.6379
2022-12-02T08:00:00Z,LUNAUSDT,0.0001,1.6907,1.6907
2022-12-02T16:00:00Z,LUNAUSDT,0.0001,1.6526,1.6526
2022-12-03T00:00:00Z,LUNAUSDT,0.0001,1.6775,1.6775
2022-12-03T08:00:00Z,LUNAUSDT,0.0001,1.6596,1.6596
2022-12-03T16:00:00Z,LUNAUSDT,0.0001,1.6639,1.6639
2022-12-04T00:00:00Z,LUNAUSDT,0.0001,1.626,1.626
2022-12-04T08:00:00Z,LUNAUSDT,0.0001,1.6411,1.6411
2022-12-04T16:00:00Z,LUNAUSDT,0.0001,1.6355,1.6355
2022-12-05T00:00:00Z,LUNAUSDT,0.0001,1.6488,1.6488
2022-12-05T08:00:00Z,LUNAUSDT,0.0001,1.6687,1.6687
2022-12-05T16:00:00Z,LUNAUSDT,0.0001,1.6405,1.6405
2022-12-06T00:00:00Z,LUNAUSDT,0.0001,1.6316,1.6316
2022-12-06T08:00:00Z,LUNAUSDT,0.0001,1.6361,1.6361
2022-12-06T16:00:00Z,LUNAUSDT,0.0001,1.6192,1.6192
2022-12-07T00:00:00Z,LUNAUSDT,0.0001,1.6267,1.6267
2022-12-07T08:00:00Z,LUNAUSDT,0.0001,1.5435,1.5435
2022-12-07T16:00:00Z,LUNAUSDT,0.0001,1.5698,1.5698
2022-12-08T00:00:00Z,LUNAUSDT,0.0001,1.5719,1.5719
2022-12-08T08:00:00Z,LUNAUSDT,0.0001,1.6173,1.6173
2022-12-08T16:00:00Z,LUNAUSDT,0.0001,1.6587,1.6587
2022-12-09T00:00:00Z,LUNAUSDT,0.0001,1.6591,1.6591
2022-12-09T08:00:00Z,LUNAUSDT,0.0001,1.6683,1.6683
2022-12-09T16:00:00Z,LUNAUSDT,0.0001,1.6489,1.6489
2022-12-10T00:00:00Z,LUNAUSDT,0.0001,1.6333,1.6333
2022-12-10T08:00:00Z,LUNAUSDT,0.0001,1.6369,1.6369
2022-12-10T16:00:00Z,LUNAUSDT,0.0001,1.6588,1.6588
2022-12-11T00:00:00Z,LUNAUSDT,0.0001,1.6448,1.6448
2022-12-11T08:00:00Z,LUNAUSDT,0.0001,1.656,1.656
2022-12-11T16:00:00Z,LUNAUSDT,0.0001,1.6527,1.6527
2022-12-12T00:00:00Z,LUNAUSDT,0.0001,1.6003,1.6003
2022-12-12T08:00:00Z,LUNAUSDT,0.0001,1.5858,1.5858
2022-12-12T16:00:00Z,LUNAUSDT,0.0001,1.6137,1.6137
2022-12-13T00:00:00Z,LUNAUSDT,0.0001,1.627,1.627
2022-12-13T08:00:00Z,LUNAUSDT,0.0001,1.595,1.595
2022-12-13T16:00:00Z,LUNAUSDT,0.0001,1.6481,1.6481
2022-12-14T00:00:00Z,LUNAUSDT,0.0001,1.6693,1.6693
2022-12-14T08:00:00Z,LUNAUSDT,0.0001,1.6634,1.6634
2022-12-14T16:00:00Z,LUNAUSDT,0.0001,1.6625,1.6625
2022-12-15T00:00:00Z,LUNAUSDT,0.0001,1.6361,1.6361
2022-12-15T08:00:00Z,LUNAUSDT,0.0001,1.6281,1.6281
2022-12-15T16:00:00Z,LUNAUSDT,0.0001,1.6059,1.6059
2022-12-16T00:00:00Z,LUNAUSDT,0.0001,1.6119,1.6119
2022-12-16T08:00:00Z,LUNAUSDT,0.0001,1.6215,1.6215
2022-12-16T16:00:00Z,LUNAUSDT,0.0001,1.5259,1.5259
2022-12-17T00:00:00Z,LUNAUSDT,0.0001,1.2936,1.2936
2022-12-17T08:00:00Z,LUNAUSDT,0.0001,1.3196,1.3196
2022-12-17T16:00:00Z,LUNAUSDT,0.0001,1.3106,1.3106
2022-12-18T00:00:00Z,LUNAUSDT,0.0001,1.3337,1.3337
2022-12-18T08:00:00Z,LUNAUSDT,0.0001,1.3241,1.3241
2022-12-18T16:00:00Z,LUNAUSDT,0.0001,1.3148,1.3148
2022-12-19T00:00:00Z,LUNAUSDT,0.0001,1.3242,1.3242
2022-12-19T08:00:00Z,LUNAUSDT,0.0001,1.3114,1.3114
2022-12-19T16:00:00Z,LUNAUSDT,0.0001,1.3135,1.3135
2022-12-20T00:00:00Z,LUNAUSDT,0.0001,1.2342,1.2342
2022-12-20T08:00:00Z,LUNAUSDT,0.0001,1.2929,1.2929
2022-12-20T16:00:00Z,LUNAUSDT,0.0001,1.3007,1.3007
2022-12-21T00:00:00Z,LUNAUSDT,0.0001,1.2997,1.2997
2022-12-21T08:00:00Z,LUNAUSDT,0.0001,1.2712,1.2712
2022-12-21T16:00:00Z,LUNAUSDT,0.0001,1.2505,1.2505
2022-12-22T00:00:00Z,LUNAUSDT,0.0001,1.2338,1.2338
2022-12-22T08:00:00Z,LUNAUSDT,0.0001,1.2703,1.2703
2022-12-22T16:00:00Z,LUNAUSDT,0.0001,1.2342,1.2342
2022-12-23T00:00:00Z,LUNAUSDT,0.0001,1.2701,1.2701
2022-12-23T08:00:00Z,LUNAUSDT,0.0001,1.262,1.262
2022-12-23T16:00:00Z,LUNAUSDT,0.0001,1.277,1.277
2022-12-24T00:00:00Z,LUNAUSDT,0.0001,1.273,1.273
2022-12-24T08:00:00Z,LUNAUSDT,0.0001,1.2757,1.2757
2022-12-24T16:00:00Z,LUNAUSDT,0.0001,1.2717,1.2717
2022-12-25T00:00:00Z,LUNAUSDT,0.0001,1.2739,1.2739
2022-12-25T08:00:00Z,LUNAUSDT,0.0001,1.2657,1.2657
2022-12-25T16:00:00Z,LUNAUSDT,0.0001,1.2544,1.2544
2022-12-26T00:00:00Z,LUNAUSDT,0.0001,1.2748,1.2748
2022-12-26T08:00:00Z,LUNAUSDT,0.0001,1.2931,1.2931
2022-12-26T16:00:00Z,LUNAUSDT,0.0001,1.3005,1.3005
2022-12-27T00:00:00Z,LUNAUSDT,0.0001,1.3167,1.3167
2022-12-27T08:00:00Z,LUNAUSDT,0.0001,1.3344,1.3344
2022-12-27T16:00:00Z,LUNAUSDT,0.0001,1.4197,1.4197
2022-12-28T00:00:00Z,LUNAUSDT,0.0001,1.3749,1.3749
2022-12-28T08:00:00Z,LUNAUSDT,0.0001,1.3282,1.3282
2022-12-28T16:00:00Z,LUNAUSDT,0.0001,1.3194,1.3194
2022-12-29T00:00:00Z,LUNAUSDT,0.0001,1.2815,1.2815
2022-12-29T08:00:00Z,LUNAUSDT,0.0001,1.2864,1.2864
2022-12-29T16:00:00Z,LUNAUSDT,0.0001,1.2787,1.2787
2022-12-30T00:00:00Z,LUNAUSDT,0.0001,1.2721,1.2721
2022-12-30T08:00:00Z,LUNAUSDT,0.0001,1.2524,1.2524
2022-12-30T16:00:00Z,LUNAUSDT,0.0001,1.2428,1.2428
2022-12-31T00:00:00Z,LUNAUSDT,0.0001,1.254,1.254
2022-12-31T08:00:00Z,LUNAUSDT,0.0001,1.2546,1.2546
2022-12-31T16:00:00Z,LUNAUSDT,0.0001,1.265,1.265
2023-01-01T00:00:00Z,LUNAUSDT,0.0001,1.2592,1.2592
2023-01-01T08:00:00Z,LUNAUSDT,0.0001,1.2677,1.2677
2023-01-01T16:00:00Z,LUNAUSDT,0.0001,1.277,1.277
2023-01-02T00:00:00Z,LUNAUSDT,0.0001,1.283,1.283
2023-01-02T08:00:00Z,LUNAUSDT,0.0001,1.2902,1.2902
2023-01-02T16:00:00Z,LUNAUSDT,0.0001,1.3004,1.3004
2023-01-03T00:00:00Z,LUNAUSDT,0.0001,1.32,1.32
2023-01-03T08:00:00Z,LUNAUSDT,0.0001,1.3251,1.3251
2023-01-03T16:00:00Z,LUNAUSDT,0.0001,1.3055,1.3055
2023-01-04T00:00:00Z,LUNAUSDT,0.0001,1.3113,1.3113
2023-01-04T08:00:00Z,LUNAUSDT,0.0001,1.3358,1.3358
2023-01-04T16:00:00Z,LUNAUSDT,0.0001,1.3315,1.3315
2023-01-05T00:00:00Z,LUNAUSDT,0.0001,1.3283,1.3283
2023-01-05T08:00:00Z,LUNAUSDT,0.0001,1.3234,1.3234
2023-01-05T16:00:00Z,LUNAUSDT,0.0001,1.3087,1.3087
2023-01-06T00:00:00Z,LUNAUSDT,0.0001,1.3028,1.3028
2023-01-06T08:00:00Z,LUNAUSDT,0.0001,1.2908,1.2908
2023-01-06T16:00:00Z,LUNAUSDT,0.0001,1.3035,1.3035
2023-01-07T00:00:00Z,LUNAUSDT,0.0001,1.3265,1.3265
2023-01-07T08:00:00Z,LUNAUSDT,0.0001,1.3273,1.3273
2023-01-07T16:00:00Z,LUNAUSDT,0.0001,1.318,1.318
2023-01-08T00:00:00Z,LUNAUSDT,0.0001,1.3176,1.3176
2023-01-08T08:00:00Z,LUNAUSDT,0.0001,1.3104,1.3104
2023-01-08T16:00:00Z,LUNAUSDT,0.0001,1.3265,1.3265
2023-01-09T00:00:00Z,LUNAUSDT,0.0001,1.3512,1.3512
2023-01-09T08:00:00Z,LUNAUSDT,0.0001,1.3796,1.3796
2023-01-09T16:00:00Z,LUNAUSDT,0.0001,1.3822,1.3822
2023-01-10T00:00:00Z,LUNAUSDT,0.0001,1.5832,1.5832
2023-01-10T08:00:00Z,LUNAUSDT,0.0001,1.5255,1.5255
2023-01-10T16:00:00Z,LUNAUSDT,0.0001,1.5904,1.5904
2023-01-11T00:00:00Z,LUNAUSDT,0.0001,1.5796,1.5796
2023-01-11T08:00:00Z,LUNAUSDT,0.0001,1.5558,1.5558
2023-01-11T16:00:00Z,LUNAUSDT,0.0001,1.4915,1.4915
2023-01-12T00:00:00Z,LUNAUSDT,0.0001,1.5602,1.5602
2023-01-12T08:00:00Z,LUNAUSDT,0.0001,1.5661,1.5661
2023-01-12T16:00:00Z,LUNAUSDT,0.0001,1.5211,1.5211
2023-01-13T00:00:00Z,LUNAUSDT,0.0001,1.6229,1.6229
2023-01-13T08:00:00Z,LUNAUSDT,0.0001,1.5971,1.5971
2023-01-13T16:00:00Z,LUNAUSDT,0.0001,1.6401,1.6401
2023-01-14T00:00:00Z,LUNAUSDT,0.0001,1.6976,1.6976
2023-01-14T08:00:00Z,LUNAUSDT,0.0001,1.9012,1.9012
2023-01-14T16:00:00Z,LUNAUSDT,0.0001,1.7501,1.7501
2023-01-15T00:00:00Z,LUNAUSDT,0.0001,1.8446,1.8446
2023-01-15T08:00:00Z,LUNAUSDT,0.0001,1.8792,1.8792
2023-01-15T16:00:00Z,LUNAUSDT,0.0001,2.1,2.1
2023-01-16T00:00:00Z,LUNAUSDT,0.0001,2.0646,2.0646
2023-01-16T08:00:00Z,LUNAUSDT,0.0001,2.0678,2.0678
2023-01-16T16:00:00Z,LUNAUSDT,0.0001,2.093,2.093
2023-01-17T00:00:00Z,LUNAUSDT,0.0001,2.1384,2.1384
2023-01-17T08:00:00Z,LUNAUSDT,0.0001,2.0756,2.0756
2023-01-17T16:00:00Z,LUNAUSDT,0.0001,2.0809,2.0809
2023-01-18T00:00:00Z,LUNAUSDT,0.0001,2.0734,2.0734
2023-01-18T08:00:00Z,LUNAUSDT,0.0001,2.0569,2.0569
2023-01-18T16:00:00Z,LUNAUSDT,0.0001,1.9442,1.9442
2023-01-19T00:00:00Z,LUNAUSDT,0.0001,1.8565,1.8565
2023-01-19T08:00:00Z,LUNAUSDT,0.0001,1.8775,1.8775
2023-01-19T16:00:00Z,LUNAUSDT,0.0001,1.9026,1.9026
2023-01-20T00:00:00Z,LUNAUSDT,0.0001,1.9516,1.9516
2023-01-20T08:00:00Z,LUNAUSDT,0.0001,1.9208,1.9208
2023-01-20T16:00:00Z,LUNAUSDT,0.0001,1.9568,1.9568
2023-01-21T00:00:00Z,LUNAUSDT,0.0001,2.0998,2.0998
2023-01-21T08:00:00Z,LUNAUSDT,0.0001,2.1073,2.1073
2023-01-21T16:00:00Z,LUNAUSDT,0.0001,2.2626,2.2626
2023-01-22T00:00:00Z,LUNAUSDT,0.0001,2.2136,2.2136
2023-01-22T08:00:00Z,LUNAUSDT,0.0001,2.3003,2.3003
2023-01-22T16:00:00Z,LUNAUSDT,0.0001,2.3438,2.3438
2023-01-23T00:00:00Z,LUNAUSDT,0.0001,2.2959,2.2959
2023-01-23T08:00:00Z,LUNAUSDT,0.0001,2.2952,2.2952
2023-01-23T16:00:00Z,LUNAUSDT,0.0001,2.2618,2.2618
2023-01-24T00:00:00Z,LUNAUSDT,0.0001,2.2514,2.2514
2023-01-24T08:00:00Z,LUNAUSDT,0.0001,2.2751,2.2751
2023-01-24T16:00:00Z,LUNAUSDT,0.0001,2.2802,2.2802
2023-01-25T00:00:00Z,LUNAUSDT,0.0001,2.0505,2.0505
2023-01-25T08:00:00Z,LUNAUSDT,0.0001,2.1335,2.1335
2023-01-25T16:00:00Z,LUNAUSDT,0.0001,2.0866,2.0866
2023-01-26T00:00:00Z,LUNAUSDT,0.0001,2.1798,2.1798
2023-01-26T08:00:00Z,LUNAUSDT,0.0001,2.1631,2.1631
2023-01-26T16:00:00Z,LUNAUSDT,0.0001,2.1342,2.1342
2023-01-27T00:00:00Z,LUNAUSDT,0.0001,2.1602,2.1602
2023-01-27T08:00:00Z,LUNAUSDT,0.0001,2.1331,2.1331
2023-01-27T16:00:00Z,LUNAUSDT,0.0001,2.0952,2.0952
2023-01-28T00:00:00Z,LUNAUSDT,0.0001,2.1383,2.1383
2023-01-28T08:00:00Z,LUNAUSDT,0.0001,2.1448,2.1448
2023-01-28T16:00:00Z,LUNAUSDT,0.0001,2.1448,2.1448
2023-01-29T00:00:00Z,LUNAUSDT,0.0001,2.1156,2.1156
2023-01-29T08:00:00Z,LUNAUSDT,0.0001,2.1287,2.1287
2023-01-29T16:00:00Z,LUNAUSDT,0.0001,2.1718,2.1718
2023-01-30T00:00:00Z,LUNAUSDT,0.0001,2.1799,2.1799
2023-01-30T08:00:00Z,LUNAUSDT,0.0001,2.123,2.123
2023-01-30T16:00:00Z,LUNAUSDT,0.0001,2.0655,2.0655
2023-01-31T00:00:00Z,LUNAUSDT,0.0001,1.9614,1.9614
2023-01-31T08:00:00Z,LUNAUSDT,0.0001,2.0275,2.0275
2023-01-31T16:00:00Z,LUNAUSDT,0.0001,2.1059,2.1059
2023-02-01T00:00:00Z,LUNAUSDT,0.0001,2.0579,2.0579
2023-02-01T08:00:00Z,LUNAUSDT,0.0001,2.0375,2.0375
2023-02-01T16:00:00Z,LUNAUSDT,0.0001,1.9847,1.9847
2023-02-02T00:00:00Z,LUNAUSDT,0.0001,2.1256,2.1256
2023-02-02T08:00:00Z,LUNAUSDT,0.0001,2.1226,2.1226
2023-02-02T16:00:00Z,LUNAUSDT,0.0001,2.1258,2.1258
2023-02-03T00:00:00Z,LUNAUSDT,0.0001,2.0701,2.0701
2023-02-03T08:00:00Z,LUNAUSDT,0.0001,2.3132,2.3132
2023-02-03T16:00:00Z,LUNAUSDT,0.0001,2.206,2.206
2023-02-04T00:00:00Z,LUNAUSDT,0.0001,2.252,2.252
2023-02-04T08:00:00Z,LUNAUSDT,0.0001,2.2141,2.2141
2023-02-04T16:00:00Z,LUNAUSDT,0.0001,2.2172,2.2172
2023-02-05T00:00:00Z,LUNAUSDT,0.0001,2.1867,2.1867
2023-02-05T08:00:00Z,LUNAUSDT,0.0001,2.2192,2.2192
2023-02-05T16:00:00Z,LUNAUSDT,0.0001,2.0758,2.0758
2023-02-06T00:00:00Z,LUNAUSDT,0.0001,2.0808,2.0808
2023-02-06T08:00:00Z,LUNAUSDT,0.0001,2.094,2.094
2023-02-06T16:00:00Z,LUNAUSDT,0.0001,2.1024,2.1024
2023-02-07T00:00:00Z,LUNAUSDT,0.0001,2.0518,2.0518
2023-02-07T08:00:00Z,LUNAUSDT,0.0001,2.0766,2.0766
2023-02-07T16:00:00Z,LUNAUSDT,0.0001,2.0748,2.0748
2023-02-08T00:00:00Z,LUNAUSDT,0.0001,2.1434,2.1434
2023-02-08T08:00:00Z,LUNAUSDT,0.0001,2.1213,2.1213
2023-02-08T16:00:00Z,LUNAUSDT,0.0001,2.0592,2.0592
2023-02-09T00:00:00Z,LUNAUSDT,0.0001,2.0568,2.0568
2023-02-09T08:00:00Z,LUNAUSDT,0.0001,1.9776,1.9776
2023-02-09T16:00:00Z,LUNAUSDT,0.0001,1.9599,1.9599
2023-02-10T00:00:00Z,LUNAUSDT,0.0001,1.7696,1.7696
2023-02-10T08:00:00Z,LUNAUSDT,0.0001,1.8071,1.8071
2023-02-10T16:00:00Z,LUNAUSDT,0.0001,1.7687,1.7687
2023-02-11T00:00:00Z,LUNAUSDT,0.0001,1.7854,1.7854
2023-02-11T08:00:00Z,LUNAUSDT,0.0001,1.8218,1.8218
2023-02-11T16:00:00Z,LUNAUSDT,0.0001,1.8338,1.8338
2023-02-12T00:00:00Z,LUNAUSDT,0.0001,1.8483,1.8483
2023-02-12T08:00:00Z,LUNAUSDT,0.0001,1.8294,1.8294
2023-02-12T16:00:00Z,LUNAUSDT,0.0001,1.8384,1.8384
2023-02-13T00:00:00Z,LUNAUSDT,0.0001,1.7878,1.7878
2023-02-13T08:00:00Z,LUNAUSDT,0.0001,1.8126,1.8126
2023-02-13T16:00:00Z,LUNAUSDT,0.0001,1.81,1.81
2023-02-14T00:00:00Z,LUNAUSDT,0.0001,1.8258,1.8258
2023-02-14T08:00:00Z,LUNAUSDT,0.0001,1.8096,1.8096
2023-02-14T16:00:00Z,LUNAUSDT,0.0001,1.8397,1.8397
2023-02-15T00:00:00Z,LUNAUSDT,0.0001,1.8596,1.8596
2023-02-15T08:00:00Z,LUNAUSDT,0.0001,1.8501,1.8501
2023-02-15T16:00:00Z,LUNAUSDT,0.0001,1.8922,1.8922
2023-02-16T00:00:00Z,LUNAUSDT,0.0001,1.9782,1.9782
2023-02-16T08:00:00Z,LUNAUSDT,0.0001,1.9523,1.9523
2023-02-16T16:00:00Z,LUNAUSDT,0.0001,1.9937,1.9937
2023-02-17T00:00:00Z,LUNAUSDT,0.0001,1.8252,1.8252
2023-02-17T08:00:00Z,LUNAUSDT,0.0001,1.8591,1.8591
2023-02-17T16:00:00Z,LUNAUSDT,0.0001,1.8821,1.8821
2023-02-18T00:00:00Z,LUNAUSDT,0.0001,1.9009,1.9009
2023-02-18T08:00:00Z,LUNAUSDT,0.0001,1.9063,1.9063
2023-02-18T16:00:00Z,LUNAUSDT,0.0001,1.892,1.892
2023-02-19T00:00:00Z,LUNAUSDT,0.0001,1.8823,1.8823
2023-02-19T08:00:00Z,LUNAUSDT,0.0001,1.8734,1.8734
2023-02-19T16:00:00Z,LUNAUSDT,0.0001,1.9042,1.9042
2023-02-20T00:00:00Z,LUNAUSDT,0.0001,1.8437,1.8437
2023-02-20T08:00:00Z,LUNAUSDT,0.0001,1.8643,1.8643
2023-02-20T16:00:00Z,LUNAUSDT,0.0001,1.8678,1.8678
2023-02-21T00:00:00Z,LUNAUSDT,0.0001,1.8667,1.8667
2023-02-21T08:00:00Z,LUNAUSDT,0.0001,1.8705,1.8705
2023-02-21T16:00:00Z,LUNAUSDT,0.0001,1.8119,1.8119
2023-02-22T00:00:00Z,LUNAUSDT,0.0001,1.8079,1.8079
2023-02-22T08:00:00Z,LUNAUSDT,0.0001,1.7708,1.7708
2023-02-22T16:00:00Z,LUNAUSDT,0.0001,1.7405,1.7405
2023-02-23T00:00:00Z,LUNAUSDT,0.0001,1.7927,1.7927
2023-02-23T08:00:00Z,LUNAUSDT,0.0001,1.7989,1.7989
2023-02-23T16:00:00Z,LUNAUSDT,0.0001,1.7612,1.7612
2023-02-24T00:00:00Z,LUNAUSDT,0.0001,1.7837,1.7837
2023-02-24T08:00:00Z,LUNAUSDT,0.0001,1.7577,1.7577
2023-02-24T16:00:00Z,LUNAUSDT,0.0001,1.7753,1.7753
2023-02-25T00:00:00Z,LUNAUSDT,0.0001,1.7372,1.7372
2023-02-25T08:00:00Z,LUNAUSDT,0.0001,1.7453,1.7453
2023-02-25T16:00:00Z,LUNAUSDT,0.0001,1.7124,1.7124
2023-02-26T00:00:00Z,LUNAUSDT,0.0001,1.7153,1.7153
2023-02-26T08:00:00Z,LUNAUSDT,0.0001,1.7238,1.7238
2023-02-26T16:00:00Z,LUNAUSDT,0.0001,1.7202,1.7202
2023-02-27T00:00:00Z,LUNAUSDT,0.0001,1.7378,1.7378
2023-02-27T08:00:00Z,LUNAUSDT,0.0001,1.7139,1.7139
2023-02-27T16:00:00Z,LUNAUSDT,0.0001,1.7318,1.7318
2023-02-28T00:00:00Z,LUNAUSDT,0.0001,1.7157,1.7157
2023-02-28T08:00:00Z,LUNAUSDT,0.0001,1.7114,1.7114
2023-02-28T16:00:00Z,LUNAUSDT,0.0001,1.7379,1.7379
2023-03-01T00:00:00Z,LUNAUSDT,0.0001,1.7061,1.7061
2023-03-01T08:00:00Z,LUNAUSDT,0.0001,1.7364,1.7364
2023-03-01T16:00:00Z,LUNAUSDT,0.0001,1.735,1.735
2023-03-02T00:00:00Z,LUNAUSDT,0.0001,1.7416,1.7416
2023-03-02T08:00:00Z,LUNAUSDT,0.0001,1.7128,1.7128
2023-03-02T16:00:00Z,LUNAUSDT,0.0001,1.7257,1.7257
2023-03-03T00:00:00Z,LUNAUSDT,0.0001,1.7378,1.7378
2023-03-03T08:00:00Z,LUNAUSDT,0.0001,1.5771,1.5771
2023-03-03T16:00:00Z,LUNAUSDT,0.0001,1.5622,1.5622
2023-03-04T00:00:00Z,LUNAUSDT,0.0001,1.5707,1.5707
2023-03-04T08:00:00Z,LUNAUSDT,0.0001,1.5611,1.5611
2023-03-04T16:00:00Z,LUNAUSDT,0.0001,1.549,1.549
2023-03-05T00:00:00Z,LUNAUSDT,0.0001,1.5167,1.5167
2023-03-05T08:00:00Z,LUNAUSDT,0.0001,1.53,1.53
2023-03-05T16:00:00Z,LUNAUSDT,0.0001,1.5473,1.5473
2023-03-06T00:00:00Z,LUNAUSDT,0.0001,1.5112,1.5112
2023-03-06T08:00:00Z,LUNAUSDT,0.0001,1.508,1.508
2023-03-06T16:00:00Z,LUNAUSDT,0.0001,1.5366,1.5366
2023-03-07T00:00:00Z,LUNAUSDT,0.0001,1.5324,1.5324
2023-03-07T08:00:00Z,LUNAUSDT,0.0001,1.5213,1.5213
2023-03-07T16:00:00Z,LUNAUSDT,0.0001,1.4937,1.4937
2023-03-08T00:00:00Z,LUNAUSDT,0.0001,1.4913,1.4913
2023-03-08T08:00:00Z,LUNAUSDT,0.0001,1.4437,1.4437
2023-03-08T16:00:00Z,LUNAUSDT,0.0001,1.4223,1.4223
2023-03-09T00:00:00Z,LUNAUSDT,0.0001,1.3611,1.3611
2023-03-09T08:00:00Z,LUNAUSDT,0.0001,1.3858,1.3858
2023-03-09T16:00:00Z,LUNAUSDT,0.0001,1.3956,1.3956
2023-03-10T00:00:00Z,LUNAUSDT,0.0001,1.2902,1.2902
2023-03-10T08:00:00Z,LUNAUSDT,0.0001,1.2791,1.2791
2023-03-10T16:00:00Z,LUNAUSDT,0.0001,1.2685,1.2685
2023-03-11T00:00:00Z,LUNAUSDT,0.0001,1.2991,1.2991
2023-03-11T08:00:00Z,LUNAUSDT,0.0001,1.2394,1.2394
2023-03-11T16:00:00Z,LUNAUSDT,0.0001,1.2382,1.2382
2023-03-12T00:00:00Z,LUNAUSDT,0.0001,1.2783,1.2783
2023-03-12T08:00:00Z,LUNAUSDT,0.0001,1.2766,1.2766
2023-03-12T16:00:00Z,LUNAUSDT,0.0001,1.2671,1.2671
2023-03-13T00:00:00Z,LUNAUSDT,0.0001,1.3749,1.3749
2023-03-13T08:00:00Z,LUNAUSDT,0.0001,1.3821,1.3821
2023-03-13T16:00:00Z,LUNAUSDT,0.0001,1.3973,1.3973
2023-03-14T00:00:00Z,LUNAUSDT,0.0001,1.4132,1.4132
2023-03-14T08:00:00Z,LUNAUSDT,0.0001,1.403,1.403
2023-03-14T16:00:00Z,LUNAUSDT,0.0001,1.5082,1.5082
2023-03-15T00:00:00Z,LUNAUSDT,0.0001,1.4568,1.4568
2023-03-15T08:00:00Z,LUNAUSDT,0.0001,1.4752,1.4752
2023-03-15T16:00:00Z,LUNAUSDT,0.0001,1.3558,1.3558
2023-03-16T00:00:00Z,LUNAUSDT,0.0001,1.3359,1.3359
2023-03-16T08:00:00Z,LUNAUSDT,0.0001,1.3666,1.3666
2023-03-16T16:00:00Z,LUNAUSDT,0.0001,1.3739,1.3739
2023-03-17T00:00:00Z,LUNAUSDT,0.0001,1.3702,1.3702
2023-03-17T08:00:00Z,LUNAUSDT,0.0001,1.3957,1.3957
2023-03-17T16:00:00Z,LUNAUSDT,0.0001,1.3851,1.3851
2023-03-18T00:00:00Z,LUNAUSDT,0.0001,1.445,1.445
2023-03-18T08:00:00Z,LUNAUSDT,0.0001,1.4685,1.4685
2023-03-18T16:00:00Z,LUNAUSDT,0.0001,1.4524,1.4524
2023-03-19T00:00:00Z,LUNAUSDT,0.0001,1.4327,1.4327
2023-03-19T08:00:00Z,LUNAUSDT,0.0001,1.4643,1.4643
2023-03-19T16:00:00Z,LUNAUSDT,0.0001,1.4715,1.4715
2023-03-20T00:00:00Z,LUNAUSDT,0.0001,1.4604,1.4604
2023-03-20T08:00:00Z,LUNAUSDT,0.0001,1.4564,1.4564
2023-03-20T16:00:00Z,LUNAUSDT,0.0001,1.428,1.428
2023-03-21T00:00:00Z,LUNAUSDT,0.0001,1.3889,1.3889
2023-03-21T08:00:00Z,LUNAUSDT,0.0001,1.3692,1.3692
2023-03-21T16:00:00Z,LUNAUSDT,0.0001,1.4003,1.4003
2023-03-22T00:00:00Z,LUNAUSDT,0.0001,1.4331,1.4331
2023-03-22T08:00:00Z,LUNAUSDT,0.0001,1.4249,1.4249
2023-03-22T16:00:00Z,LUNAUSDT,0.0001,1.4018,1.4018
2023-03-23T00:00:00Z,LUNAUSDT,0.0001,1.3674,1.3674
2023-03-23T08:00:00Z,LUNAUSDT,0.0001,1.4034,1.4034
2023-03-23T16:00:00Z,LUNAUSDT,0.0001,1.3539,1.3539
2023-03-24T00:00:00Z,LUNAUSDT,0.0001,1.3582,1.3582
2023-03-24T08:00:00Z,LUNAUSDT,0.0001,1.3357,1.3357
2023-03-24T16:00:00Z,LUNAUSDT,0.0001,1.3002,1.3002
2023-03-25T00:00:00Z,LUNAUSDT,0.0001,1.2876,1.2876
2023-03-25T08:00:00Z,LUNAUSDT,0.0001,1.2895,1.2895
2023-03-25T16:00:00Z,LUNAUSDT,0.0001,1.2984,1.2984
2023-03-26T00:00:00Z,LUNAUSDT,0.0001,1.3235,1.3235
2023-03-26T08:00:00Z,LUNAUSDT,0.0001,1.3142,1.3142
2023-03-26T16:00:00Z,LUNAUSDT,0.0001,1.3073,1.3073
2023-03-27T00:00:00Z,LUNAUSDT,0.0001,1.3135,1.3135
2023-03-27T08:00:00Z,LUNAUSDT,0.0001,1.2911,1.2911
2023-03-27T16:00:00Z,LUNAUSDT,0.0001,1.2469,1.2469
2023-03-28T00:00:00Z,LUNAUSDT,0.0001,1.263,1.263
2023-03-28T08:00:00Z,LUNAUSDT,0.0001,1.2525,1.2525
2023-03-28T16:00:00Z,LUNAUSDT,0.0001,1.2643,1.2643
2023-03-29T00:00:00Z,LUNAUSDT,0.0001,1.2869,1.2869
2023-03-29T08:00:00Z,LUNAUSDT,0.0001,1.3056,1.3056
2023-03-29T16:00:00Z,LUNAUSDT,0.0001,1.2981,1.2981
2023-03-30T00:00:00Z,LUNAUSDT,0.0001,1.302,1.302
2023-03-30T08:00:00Z,LUNAUSDT,0.0001,1.2904,1.2904
2023-03-30T16:00:00Z,LUNAUSDT,0.0001,1.2772,1.2772
2023-03-31T00:00:00Z,LUNAUSDT,0.0001,1.2864,1.2864
2023-03-31T08:00:00Z,LUNAUSDT,0.0001,1.272,1.272
2023-03-31T16:00:00Z,LUNAUSDT,0.0001,1.2905,1.2905
2023-04-01T00:00:00Z,LUNAUSDT,0.0001,1.2868,1.2868
2023-04-01T08:00:00Z,LUNAUSDT,0.0001,1.288,1.288
2023-04-01T16:00:00Z,LUNAUSDT,0.0001,1.2866,1.2866
2023-04-02T00:00:00Z,LUNAUSDT,0.0001,1.3083,1.3083
2023-04-02T08:00:00Z,LUNAUSDT,0.0001,1.2987,1.2987
2023-04-02T16:00:00Z,LUNAUSDT,0.0001,1.271,1.271
2023-04-03T00:00:00Z,LUNAUSDT,0.0001,1.2637,1.2637
2023-04-03T08:00:00Z,LUNAUSDT,0.0001,1.2579,1.2579
2023-04-03T16:00:00Z,LUNAUSDT,0.0001,1.2507,1.2507
2023-04-04T00:00:00Z,LUNAUSDT,0.0001,1.2537,1.2537
2023-04-04T08:00:00Z,LUNAUSDT,0.0001,1.2599,1.2599
2023-04-04T16:00:00Z,LUNAUSDT,0.0001,1.2605,1.2605
2023-04-05T00:00:00Z,LUNAUSDT,0.0001,1.2679,1.2679
2023-04-05T08:00:00Z,LUNAUSDT,0.0001,1.2832,1.2832
2023-04-05T16:00:00Z,LUNAUSDT,0.0001,1.2607,1.2607
2023-04-06T00:00:00Z,LUNAUSDT,0.0001,1.2804,1.2804
2023-04-06T08:00:00Z,LUNAUSDT,0.0001,1.257,1.257
2023-04-06T16:00:00Z,LUNAUSDT,0.0001,1.2765,1.2765
2023-04-07T00:00:00Z,LUNAUSDT,0.0001,1.2784,1.2784
2023-04-07T08:00:00Z,LUNAUSDT,0.0001,1.2645,1.2645
2023-04-07T16:00:00Z,LUNAUSDT,0.0001,1.2685,1.2685
2023-04-08T00:00:00Z,LUNAUSDT,0.0001,1.2633,1.2633
2023-04-08T08:00:00Z,LUNAUSDT,0.0001,1.268,1.268
2023-04-08T16:00:00Z,LUNAUSDT,0.0001,1.2619,1.2619
2023-04-09T00:00:00Z,LUNAUSDT,0.0001,1.3865,1.3865
2023-04-09T08:00:00Z,LUNAUSDT,0.0001,1.3717,1.3717
2023-04-09T16:00:00Z,LUNAUSDT,0.0001,1.3219,1.3219
2023-04-10T00:00:00Z,LUNAUSDT,0.0001,1.3318,1.3318
2023-04-10T08:00:00Z,LUNAUSDT,0.0001,1.3231,1.3231
2023-04-10T16:00:00Z,LUNAUSDT,0.0001,1.3016,1.3016
2023-04-11T00:00:00Z,LUNAUSDT,0.0001,1.324,1.324
2023-04-11T08:00:00Z,LUNAUSDT,0.0001,1.328,1.328
2023-04-11T16:00:00Z,LUNAUSDT,0.0001,1.3266,1.3266
2023-04-12T00:00:00Z,LUNAUSDT,0.0001,1.357,1.357
2023-04-12T09:00:00Z,LUNAUSDT,0.0001,1.2911,1.2911
2023-04-12T16:00:00Z,LUNAUSDT,0.0001,1.3016,1.3016
2023-04-13T00:00:00Z,LUNAUSDT,0.0001,1.4111,1.4111
2023-04-13T08:00:00Z,LUNAUSDT,0.0001,1.4185,1.4185
2023-04-13T16:00:00Z,LUNAUSDT,0.0001,1.4158,1.4158
2023-04-14T00:00:00Z,LUNAUSDT,0.0001,1.4068,1.4068
2023-04-14T08:00:00Z,LUNAUSDT,0.0001,1.4347,1.4347
2023-04-14T16:00:00Z,LUNAUSDT,0.0001,1.3918,1.3918
2023-04-15T00:00:00Z,LUNAUSDT,0.0001,1.4207,1.4207
2023-04-15T08:00:00Z,LUNAUSDT,0.0001,1.413,1.413
2023-04-15T16:00:00Z,LUNAUSDT,0.0001,1.4197,1.4197
2023-04-16T00:00:00Z,LUNAUSDT,0.0001,1.4095,1.4095
2023-04-16T08:00:00Z,LUNAUSDT,0.0001,1.4287,1.4287
2023-04-16T16:00:00Z,LUNAUSDT,0.0001,1.4157,1.4157
2023-04-17T00:00:00Z,LUNAUSDT,0.0001,1.419,1.419
2023-04-17T08:00:00Z,LUNAUSDT,0.0001,1.3877,1.3877
2023-04-17T16:00:00Z,LUNAUSDT,0.0001,1.3606,1.3606
2023-04-18T00:00:00Z,LUNAUSDT,0.0001,1.3729,1.3729
2023-04-18T08:00:00Z,LUNAUSDT,0.0001,1.395,1.395
2023-04-18T16:00:00Z,LUNAUSDT,0.0001,1.3959,1.3959
2023-04-19T00:00:00Z,LUNAUSDT,0.0001,1.4355,1.4355
2023-04-19T08:00:00Z,LUNAUSDT,0.0001,1.3909,1.3909
2023-04-19T16:00:00Z,LUNAUSDT,0.0001,1.3294,1.3294
2023-04-20T00:00:00Z,LUNAUSDT,0.0001,1.2816,1.2816
2023-04-20T08:00:00Z,LUNAUSDT,0.0001,1.2915,1.2915
2023-04-20T16:00:00Z,LUNAUSDT,0.0001,1.2743,1.2743
2023-04-21T00:00:00Z,LUNAUSDT,0.0001,1.2719,1.2719
2023-04-21T08:00:00Z,LUNAUSDT,0.0001,1.2705,1.2705
2023-04-21T16:00:00Z,LUNAUSDT,0.0001,1.2611,1.2611
2023-04-22T00:00:00Z,LUNAUSDT,0.0001,1.2103,1.2103
2023-04-22T08:00:00Z,LUNAUSDT,0.0001,1.2096,1.2096
2023-04-22T16:00:00Z,LUNAUSDT,0.0001,1.2296,1.2296
2023-04-23T00:00:00Z,LUNAUSDT,0.0001,1.2451,1.2451
2023-04-23T08:00:00Z,LUNAUSDT,0.0001,1.2594,1.2594
2023-04-23T16:00:00Z,LUNAUSDT,0.0001,1.2474,1.2474
2023-04-24T00:00:00Z,LUNAUSDT,0.0001,1.2351,1.2351
2023-04-24T08:00:00Z,LUNAUSDT,0.0001,1.2311,1.2311
2023-04-24T16:00:00Z,LUNAUSDT,0.0001,1.2469,1.2469
2023-04-25T00:00:00Z,LUNAUSDT,0.0001,1.263,1.263
2023-04-25T08:00:00Z,LUNAUSDT,0.0001,1.2346,1.2346
2023-04-25T16:00:00Z,LUNAUSDT,0.0001,1.2381,1.2381
2023-04-26T00:00:00Z,LUNAUSDT,0.0001,1.2653,1.2653
2023-04-26T08:00:00Z,LUNAUSDT,0.0001,1.2564,1.2564
2023-04-26T16:00:00Z,LUNAUSDT,0.0001,1.2899,1.2899
2023-04-27T00:00:00Z,LUNAUSDT,0.0001,1.2317,1.2317
2023-04-27T08:00:00Z,LUNAUSDT,0.0001,1.2379,1.2379
2023-04-27T16:00:00Z,LUNAUSDT,0.0001,1.2559,1.2559
2023-04-28T00:00:00Z,LUNAUSDT,0.0001,1.2558,1.2558
2023-04-28T08:00:00Z,LUNAUSDT,0.0001,1.2582,1.2582
2023-04-28T16:00:00Z,LUNAUSDT,0.0001,1.2683,1.2683
2023-04-29T00:00:00Z,LUNAUSDT,0.0001,1.3002,1.3002
2023-04-29T08:00:00Z,LUNAUSDT,0.0001,1.2804,1.2804
2023-04-29T16:00:00Z,LUNAUSDT,0.0001,1.2786,1.2786
2023-04-30T00:00:00Z,LUNAUSDT,0.0001,1.2701,1.2701
2023-04-30T08:00:00Z,LUNAUSDT,0.0001,1.2643,1.2643
2023-04-30T16:00:00Z,LUNAUSDT,0.0001,1.2661,1.2661
2023-05-01T00:00:00Z,LUNAUSDT,0.0001,1.2459,1.2459
2023-05-01T08:00:00Z,LUNAUSDT,0.0001,1.2446,1.2446
2023-05-01T16:00:00Z,LUNAUSDT,0.0001,1.2346,1.2346
2023-05-02T00:00:00Z,LUNAUSDT,0.0001,1.2253,1.2253
2023-05-02T08:00:00Z,LUNAUSDT,0.0001,1.229,1.229
2023-05-02T16:00:00Z,LUNAUSDT,0.0001,1.2353,1.2353
2023-05-03T00:00:00Z,LUNAUSDT,0.0001,1.2337,1.2337
2023-05-03T08:00:00Z,LUNAUSDT,0.0001,1.2292,1.2292
2023-05-03T16:00:00Z,LUNAUSDT,0.0001,1.2037,1.2037
2023-05-04T00:00:00Z,LUNAUSDT,0.0001,1.2259,1.2259
2023-05-04T08:00:00Z,LUNAUSDT,0.0001,1.2233,1.2233
2023-05-04T16:00:00Z,LUNAUSDT,0.0001,1.2191,1.2191
2023-05-05T00:00:00Z,LUNAUSDT,0.0001,1.2228,1.2228
2023-05-05T08:00:00Z,LUNAUSDT,0.0001,1.2195,1.2195
2023-05-05T16:00:00Z,LUNAUSDT,0.0001,1.2147,1.2147
2023-05-06T00:00:00Z,LUNAUSDT,0.0001,1.2007,1.2007
2023-05-06T08:00:00Z,LUNAUSDT,0.0001,1.18,1.18
2023-05-06T16:00:00Z,LUNAUSDT,0.0001,1.117,1.117
2023-05-07T00:00:00Z,LUNAUSDT,0.0001,1.1306,1.1306
2023-05-07T08:00:00Z,LUNAUSDT,0.0001,1.1206,1.1206
2023-05-07T16:00:00Z,LUNAUSDT,0.0001,1.1302,1.1302
2023-05-08T00:00:00Z,LUNAUSDT,0.0001,1.1091,1.1091
2023-05-08T08:00:00Z,LUNAUSDT,0.0001,1.0244,1.0244
2023-05-08T16:00:00Z,LUNAUSDT,0.0001,1.0296,1.0296
2023-05-09T00:00:00Z,LUNAUSDT,0.0001,0.9539,0.9539
2023-05-09T08:00:00Z,LUNAUSDT,0.0001,0.949,0.949
2023-05-09T16:00:00Z,LUNAUSDT,0.0001,0.9467,0.9467
2023-05-10T00:00:00Z,LUNAUSDT,0.0001,0.9883,0.9883
2023-05-10T08:00:00Z,LUNAUSDT,0.0001,0.9917,0.9917
2023-05-10T16:00:00Z,LUNAUSDT,0.0001,0.9967,0.9967
2023-05-11T00:00:00Z,LUNAUSDT,0.0001,0.996,0.996
2023-05-11T08:00:00Z,LUNAUSDT,0.0001,0.9562,0.9562
2023-05-11T16:00:00Z,LUNAUSDT,0.0001,0.9361,0.9361
2023-05-12T00:00:00Z,LUNAUSDT,0.0001,0.9214,0.9214
2023-05-12T08:00:00Z,LUNAUSDT,0.0001,0.8981,0.8981
2023-05-12T16:00:00Z,LUNAUSDT,0.0001,0.9109,0.9109
2023-05-13T00:00:00Z,LUNAUSDT,0.0001,0.9389,0.9389
2023-05-13T08:00:00Z,LUNAUSDT,0.0001,0.9216,0.9216
2023-05-13T16:00:00Z,LUNAUSDT,0.0001,0.9138,0.9138
2023-05-14T00:00:00Z,LUNAUSDT,0.0001,0.9178,0.9178
2023-05-14T08:00:00Z,LUNAUSDT,0.0001,0.9189,0.9189
2023-05-14T16:00:00Z,LUNAUSDT,0.0001,0.9409,0.9409
2023-05-15T00:00:00Z,LUNAUSDT,0.0001,0.9359,0.9359
2023-05-15T08:00:00Z,LUNAUSDT,0.0001,0.9439,0.9439
2023-05-15T16:00:00Z,LUNAUSDT,0.0001,0.9431,0.9431
2023-05-16T00:00:00Z,LUNAUSDT,0.0001,0.943,0.943
2023-05-16T08:00:00Z,LUNAUSDT,0.0001,0.9449,0.9449
2023-05-16T16:00:00Z,LUNAUSDT,0.0001,0.9346,0.9346
2023-05-17T00:00:00Z,LUNAUSDT,0.0001,0.9407,0.9407
2023-05-17T08:00:00Z,LUNAUSDT,0.0001,0.9342,0.9342
2023-05-17T16:00:00Z,LUNAUSDT,0.0001,0.9317,0.9317
2023-05-18T00:00:00Z,LUNAUSDT,0.0001,0.9593,0.9593
2023-05-18T08:00:00Z,LUNAUSDT,0.0001,0.9501,0.9501
2023-05-18T16:00:00Z,LUNAUSDT,0.0001,0.9411,0.9411
2023-05-19T00:00:00Z,LUNAUSDT,0.0001,0.9329,0.9329
2023-05-19T08:00:00Z,LUNAUSDT,0.0001,0.9301,0.9301
2023-05-19T16:00:00Z,LUNAUSDT,0.0001,0.9311,0.9311
2023-05-20T00:00:00Z,LUNAUSDT,0.0001,0.9256,0.9256
2023-05-20T08:00:00Z,LUNAUSDT,0.0001,0.9213,0.9213
2023-05-20T16:00:00Z,LUNAUSDT,0.0001,0.9306,0.9306
2023-05-21T00:00:00Z,LUNAUSDT,0.0001,0.9297,0.9297
2023-05-21T08:00:00Z,LUNAUSDT,0.0001,0.9272,0.9272
2023-05-21T16:00:00Z,LUNAUSDT,0.0001,0.9079,0.9079
2023-05-22T00:00:00Z,LUNAUSDT,0.0001,0.9017,0.9017
2023-05-22T08:00:00Z,LUNAUSDT,0.0001,0.8936,0.8936
2023-05-22T16:00:00Z,LUNAUSDT,0.0001,0.9027,0.9027
2023-05-23T00:00:00Z,LUNAUSDT,0.0001,0.8995,0.8995
2023-05-23T08:00:00Z,LUNAUSDT,0.0001,0.9114,0.9114
2023-05-23T16:00:00Z,LUNAUSDT,0.0001,0.9121,0.9121
2023-05-24T00:00:00Z,LUNAUSDT,0.0001,0.9116,0.9116
2023-05-24T08:00:00Z,LUNAUSDT,0.0001,0.886,0.886
2023-05-24T16:00:00Z,LUNAUSDT,0.0001,0.8582,0.8582
2023-05-25T00:00:00Z,LUNAUSDT,0.0001,0.8586,0.8586
2023-05-25T08:00:00Z,LUNAUSDT,0.0001,0.8337,0.8337
2023-05-25T16:00:00Z,LUNAUSDT,0.0001,0.8407,0.8407
2023-05-26T00:00:00Z,LUNAUSDT,0.0001,0.8606,0.8606
2023-05-26T08:00:00Z,LUNAUSDT,0.0001,0.8613,0.8613
2023-05-26T16:00:00Z,LUNAUSDT,0.0001,0.8595,0.8595
2023-05-27T00:00:00Z,LUNAUSDT,0.0001,0.8618,0.8618
2023-05-27T08:00:00Z,LUNAUSDT,0.0001,0.8591,0.8591
2023-05-27T16:00:00Z,LUNAUSDT,0.0001,0.8542,0.8542
2023-05-28T00:00:00Z,LUNAUSDT,0.0001,0.8602,0.8602
2023-05-28T08:00:00Z,LUNAUSDT,0.0001,0.8618,0.8618
2023-05-28T16:00:00Z,LUNAUSDT,0.0001,0.8639,0.8639
2023-05-29T00:00:00Z,LUNAUSDT,0.0001,0.8811,0.8811
2023-05-29T08:00:00Z,LUNAUSDT,0.0001,0.8728,0.8728
2023-05-29T16:00:00Z,LUNAUSDT,0.0001,0.8677,0.8677
2023-05-30T00:00:00Z,LUNAUSDT,0.0001,0.8625,0.8625
2023-05-30T08:00:00Z,LUNAUSDT,0.0001,0.86,0.86
2023-05-30T16:00:00Z,LUNAUSDT,0.0001,0.8632,0.8632
2023-05-31T00:00:00Z,LUNAUSDT,0.0001,0.8622,0.8622
2023-05-31T08:00:00Z,LUNAUSDT,0.0001,0.8459,0.8459
2023-05-31T16:00:00Z,LUNAUSDT,0.0001,0.8303,0.8303
2023-06-01T00:00:00Z,LUNAUSDT,0.0001,0.8319,0.8319
2023-06-01T08:00:00Z,LUNAUSDT,0.0001,0.8137,0.8137
2023-06-01T16:00:00Z,LUNAUSDT,0.0001,0.8306,0.8306
2023-06-02T00:00:00Z,LUNAUSDT,0.0001,0.8185,0.8185
2023-06-02T08:00:00Z,LUNAUSDT,0.0001,0.8305,0.8305
2023-06-02T16:00:00Z,LUNAUSDT,0.0001,0.8329,0.8329
2023-06-03T00:00:00Z,LUNAUSDT,0.0001,0.8405,0.8405
2023-06-03T08:00:00Z,LUNAUSDT,0.0001,0.8358,0.8358
2023-06-03T16:00:00Z,LUNAUSDT,0.0001,0.8375,0.8375
2023-06-04T00:00:00Z,LUNAUSDT,0.0001,0.8333,0.8333
2023-06-04T08:00:00Z,LUNAUSDT,0.0001,0.8604,0.8604
2023-06-04T16:00:00Z,LUNAUSDT,0.0001,0.9232,0.9232
2023-06-05T00:00:00Z,LUNAUSDT,0.0001,0.9338,0.9338
2023-06-05T08:00:00Z,LUNAUSDT,0.0001,0.8707,0.8707
2023-06-05T16:00:00Z,LUNAUSDT,0.0001,0.7607,0.7607
2023-06-06T00:00:00Z,LUNAUSDT,0.0001,0.784,0.784
2023-06-06T08:00:00Z,LUNAUSDT,0.0001,0.7742,0.7742
2023-06-06T16:00:00Z,LUNAUSDT,0.0001,0.7793,0.7793
2023-06-07T00:00:00Z,LUNAUSDT,0.0001,0.8059,0.8059
2023-06-07T08:00:00Z,LUNAUSDT,0.0001,0.7788,0.7788
2023-06-07T16:00:00Z,LUNAUSDT,0.0001,0.7442,0.7442
2023-06-08T00:00:00Z,LUNAUSDT,0.0001,0.7457,0.7457
2023-06-08T08:00:00Z,LUNAUSDT,0.0001,0.7492,0.7492
2023-06-08T16:00:00Z,LUNAUSDT,0.0001,0.7682,0.7682
2023-06-09T00:00:00Z,LUNAUSDT,0.0001,0.7644,0.7644
2023-06-09T08:00:00Z,LUNAUSDT,0.0001,0.76,0.76
2023-06-09T16:00:00Z,LUNAUSDT,0.0001,0.7603,0.7603
2023-06-10T00:00:00Z,LUNAUSDT,0.0001,0.7552,0.7552
2023-06-10T08:00:00Z,LUNAUSDT,0.0001,0.5794,0.5794
2023-06-10T16:00:00Z,LUNAUSDT,0.0001,0.5856,0.5856
2023-06-11T00:00:00Z,LUNAUSDT,0.0001,0.6041,0.6041
2023-06-11T08:00:00Z,LUNAUSDT,0.0001,0.5974,0.5974
2023-06-11T16:00:00Z,LUNAUSDT,0.0001,0.5961,0.5961
2023-06-12T00:00:00Z,LUNAUSDT,0.0001,0.5971,0.5971
2023-06-12T08:00:00Z,LUNAUSDT,0.0001,0.5889,0.5889
2023-06-12T16:00:00Z,LUNAUSDT,0.0001,0.5947,0.5947
2023-06-13T00:00:00Z,LUNAUSDT,0.0001,0.5981,0.5981
2023-06-13T08:00:00Z,LUNAUSDT,0.0001,0.6072,0.6072
2023-06-13T16:00:00Z,LUNAUSDT,0.0001,0.6039,0.6039
2023-06-14T00:00:00Z,LUNAUSDT,0.0001,0.6095,0.6095
2023-06-14T08:00:00Z,LUNAUSDT,0.0001,0.6127,0.6127
2023-06-14T16:00:00Z,LUNAUSDT,0.0001,0.6184,0.6184
2023-06-15T00:00:00Z,LUNAUSDT,0.0001,0.5875,0.5875
2023-06-15T08:00:00Z,LUNAUSDT,0.0001,0.5946,0.5946
2023-06-15T16:00:00Z,LUNAUSDT,0.0001,0.578,0.578
2023-06-16T00:00:00Z,LUNAUSDT,0.0001,0.5863,0.5863
2023-06-16T08:00:00Z,LUNAUSDT,0.0001,0.5858,0.5858
2023-06-16T16:00:00Z,LUNAUSDT,0.0001,0.5862,0.5862
2023-06-17T00:00:00Z,LUNAUSDT,0.0001,0.591,0.591
2023-06-17T08:00:00Z,LUNAUSDT,0.0001,0.6006,0.6006
2023-06-17T16:00:00Z,LUNAUSDT,0.0001,0.5953,0.5953
2023-06-18T00:00:00Z,LUNAUSDT,0.0001,0.5901,0.5901
2023-06-18T08:00:00Z,LUNAUSDT,0.0001,0.5878,0.5878
2023-06-18T16:00:00Z,LUNAUSDT,0.0001,0.5884,0.5884
2023-06-19T00:00:00Z,LUNAUSDT,0.0001,0.5754,0.5754
2023-06-19T08:00:00Z,LUNAUSDT,0.0001,0.5771,0.5771
2023-06-19T16:00:00Z,LUNAUSDT,0.0001,0.5758,0.5758
2023-06-20T00:00:00Z,LUNAUSDT,0.0001,0.5835,0.5835
2023-06-20T08:00:00Z,LUNAUSDT,0.0001,0.5812,0.5812
2023-06-20T16:00:00Z,LUNAUSDT,0.0001,0.5802,0.5802
2023-06-21T00:00:00Z,LUNAUSDT,0.0001,0.6044,0.6044
2023-06-21T08:00:00Z,LUNAUSDT,0.0001,0.6118,0.6118
2023-06-21T16:00:00Z,LUNAUSDT,0.0001,0.6121,0.6121
2023-06-22T00:00:00Z,LUNAUSDT,0.0001,0.6279,0.6279
2023-06-22T08:00:00Z,LUNAUSDT,0.0001,0.6352,0.6352
2023-06-22T16:00:00Z,LUNAUSDT,0.0001,0.6018,0.6018
2023-06-23T00:00:00Z,LUNAUSDT,0.0001,0.6324,0.6324
2023-06-23T08:00:00Z,LUNAUSDT,0.0001,0.6236,0.6236
2023-06-23T16:00:00Z,LUNAUSDT,0.0001,0.6578,0.6578
2023-06-24T00:00:00Z,LUNAUSDT,0.0001,0.6761,0.6761
2023-06-24T08:00:00Z,LUNAUSDT,0.0001,0.6645,0.6645
2023-06-24T16:00:00Z,LUNAUSDT,0.0001,0.6356,0.6356
2023-06-25T00:00:00Z,LUNAUSDT,0.0001,0.6414,0.6414
2023-06-25T08:00:00Z,LUNAUSDT,0.0001,0.6645,0.6645
2023-06-25T16:00:00Z,LUNAUSDT,0.0001,0.6622,0.6622
2023-06-26T00:00:00Z,LUNAUSDT,0.0001,0.6773,0.6773
2023-06-26T08:00:00Z,LUNAUSDT,0.0001,0.6529,0.6529
2023-06-26T16:00:00Z,LUNAUSDT,0.0001,0.6594,0.6594
2023-06-27T00:00:00Z,LUNAUSDT,0.0001,0.6612,0.6612
2023-06-27T08:00:00Z,LUNAUSDT,0.0001,0.6551,0.6551
2023-06-27T16:00:00Z,LUNAUSDT,0.0001,0.651,0.651
2023-06-28T00:00:00Z,LUNAUSDT,0.0001,0.6545,0.6545
2023-06-28T08:00:00Z,LUNAUSDT,0.0001,0.6187,0.6187
2023-06-28T16:00:00Z,LUNAUSDT,0.0001,0.6273,0.6273
2023-06-29T00:00:00Z,LUNAUSDT,0.0001,0.5994,0.5994
2023-06-29T08:00:00Z,LUNAUSDT,0.0001,0.6101,0.6101
2023-06-29T16:00:00Z,LUNAUSDT,0.0001,0.6083,0.6083
2023-06-30T00:00:00Z,LUNAUSDT,0.0001,0.6149,0.6149
2023-06-30T08:00:00Z,LUNAUSDT,0.0001,0.626,0.626
2023-06-30T16:00:00Z,LUNAUSDT,0.0001,0.6071,0.6071
2023-07-01T00:00:00Z,LUNAUSDT,0.0001,0.6282,0.6282
2023-07-01T08:00:00Z,LUNAUSDT,0.0001,0.6526,0.6526
2023-07-01T16:00:00Z,LUNAUSDT,0.0001,0.6544,0.6544
2023-07-02T00:00:00Z,LUNAUSDT,0.0001,0.6505,0.6505
2023-07-02T08:00:00Z,LUNAUSDT,0.0001,0.6396,0.6396
2023-07-02T16:00:00Z,LUNAUSDT,0.0001,0.6364,0.6364
2023-07-03T00:00:00Z,LUNAUSDT,0.0001,0.6448,0.6448
2023-07-03T08:00:00Z,LUNAUSDT,0.0001,0.6515,0.6515
2023-07-03T16:00:00Z,LUNAUSDT,0.0001,0.6555,0.6555
2023-07-04T00:00:00Z,LUNAUSDT,0.0001,0.6619,0.6619
2023-07-04T08:00:00Z,LUNAUSDT,0.0001,0.6463,0.6463
2023-07-04T16:00:00Z,LUNAUSDT,0.0001,0.6423,0.6423
2023-07-05T00:00:00Z,LUNAUSDT,0.0001,0.6434,0.6434
2023-07-05T08:00:00Z,LUNAUSDT,0.0001,0.6448,0.6448
2023-07-05T16:00:00Z,LUNAUSDT,0.0001,0.6039,0.6039
2023-07-06T00:00:00Z,LUNAUSDT,0.0001,0.608,0.608
2023-07-06T08:00:00Z,LUNAUSDT,0.0001,0.6119,0.6119
2023-07-06T16:00:00Z,LUNAUSDT,0.0001,0.5961,0.5961
2023-07-07T00:00:00Z,LUNAUSDT,0.0001,0.5782,0.5782
2023-07-07T08:00:00Z,LUNAUSDT,0.0001,0.5791,0.5791
2023-07-07T16:00:00Z,LUNAUSDT,0.0001,0.5843,0.5843
2023-07-08T00:00:00Z,LUNAUSDT,0.0001,0.5868,0.5868
2023-07-08T08:00:00Z,LUNAUSDT,0.0001,0.5858,0.5858
2023-07-08T16:00:00Z,LUNAUSDT,0.0001,0.5912,0.5912
2023-07-09T00:00:00Z,LUNAUSDT,0.0001,0.5929,0.5929
2023-07-09T08:00:00Z,LUNAUSDT,0.0001,0.5897,0.5897
2023-07-09T16:00:00Z,LUNAUSDT,0.0001,0.5867,0.5867
2023-07-10T00:00:00Z,LUNAUSDT,0.0001,0.5842,0.5842
2023-07-10T08:00:00Z,LUNAUSDT,0.0001,0.5703,0.5703
2023-07-10T16:00:00Z,LUNAUSDT,0.0001,0.5773,0.5773
2023-07-11T00:00:00Z,LUNAUSDT,0.0001,0.5896,0.5896
2023-07-11T08:00:00Z,LUNAUSDT,0.0001,0.5955,0.5955
2023-07-11T16:00:00Z,LUNAUSDT,0.0001,0.5964,0.5964
2023-07-12T00:00:00Z,LUNAUSDT,0.0001,0.5909,0.5909
2023-07-12T08:00:00Z,LUNAUSDT,0.0001,0.5924,0.5924
2023-07-12T16:00:00Z,LUNAUSDT,0.0001,0.5864,0.5864
2023-07-13T00:00:00Z,LUNAUSDT,0.0001,0.5833,0.5833
2023-07-13T08:00:00Z,LUNAUSDT,0.0001,0.5807,0.5807
2023-07-13T16:00:00Z,LUNAUSDT,0.0001,0.5985,0.5985
2023-07-14T00:00:00Z,LUNAUSDT,0.0001,0.6206,0.6206
2023-07-14T08:00:00Z,LUNAUSDT,0.0001,0.6241,0.6241
2023-07-14T16:00:00Z,LUNAUSDT,0.0001,0.6334,0.6334
2023-07-15T00:00:00Z,LUNAUSDT,0.0001,0.6032,0.6032
2023-07-15T08:00:00Z,LUNAUSDT,0.0001,0.6084,0.6084
2023-07-15T16:00:00Z,LUNAUSDT,0.0001,0.6028,0.6028
2023-07-16T00:00:00Z,LUNAUSDT,0.0001,0.6363,0.6363
2023-07-16T08:00:00Z,LUNAUSDT,0.0001,0.6108,0.6108
2023-07-16T16:00:00Z,LUNAUSDT,0.0001,0.628,0.628
2023-07-17T00:00:00Z,LUNAUSDT,0.0001,0.6305,0.6305
2023-07-17T08:00:00Z,LUNAUSDT,0.0001,0.6825,0.6825
2023-07-17T16:00:00Z,LUNAUSDT,0.0001,0.6774,0.6774
2023-07-18T00:00:00Z,LUNAUSDT,0.0001,0.6544,0.6544
2023-07-18T08:00:00Z,LUNAUSDT,0.0001,0.6373,0.6373
2023-07-18T16:00:00Z,LUNAUSDT,0.0001,0.6297,0.6297
2023-07-19T00:00:00Z,LUNAUSDT,0.0001,0.6321,0.6321
2023-07-19T08:00:00Z,LUNAUSDT,0.0001,0.6694,0.6694
2023-07-19T16:00:00Z,LUNAUSDT,0.0001,0.6401,0.6401
2023-07-20T00:00:00Z,LUNAUSDT,0.0001,0.642,0.642
2023-07-20T08:00:00Z,LUNAUSDT,0.0001,0.6541,0.6541
2023-07-20T16:00:00Z,LUNAUSDT,0.0001,0.634,0.634
2023-07-21T00:00:00Z,LUNAUSDT,0.0001,0.6364,0.6364
2023-07-21T08:00:00Z,LUNAUSDT,0.0001,0.6523,0.6523
2023-07-21T16:00:00Z,LUNAUSDT,0.0001,0.6599,0.6599
2023-07-22T00:00:00Z,LUNAUSDT,0.0001,0.6701,0.6701
2023-07-22T08:00:00Z,LUNAUSDT,0.0001,0.6831,0.6831
2023-07-22T16:00:00Z,LUNAUSDT,0.0001,0.7091,0.7091
2023-07-23T00:00:00Z,LUNAUSDT,0.0001,0.6866,0.6866
2023-07-23T08:00:00Z,LUNAUSDT,0.0001,0.6782,0.6782
2023-07-23T16:00:00Z,LUNAUSDT,0.0001,0.6625,0.6625
2023-07-24T00:00:00Z,LUNAUSDT,0.0001,0.6658,0.6658
2023-07-24T08:00:00Z,LUNAUSDT,0.0001,0.65,0.65
2023-07-24T16:00:00Z,LUNAUSDT,0.0001,0.6155,0.6155
2023-07-25T00:00:00Z,LUNAUSDT,0.0001,0.6183,0.6183
2023-07-25T08:00:00Z,LUNAUSDT,0.0001,0.6112,0.6112
2023-07-25T16:00:00Z,LUNAUSDT,0.0001,0.6119,0.6119
2023-07-26T00:00:00Z,LUNAUSDT,0.0001,0.6067,0.6067
2023-07-26T08:00:00Z,LUNAUSDT,0.0001,0.601,0.601
2023-07-26T16:00:00Z,LUNAUSDT,0.0001,0.6056,0.6056
2023-07-27T00:00:00Z,LUNAUSDT,0.0001,0.6044,0.6044
2023-07-27T08:00:00Z,LUNAUSDT,0.0001,0.6077,0.6077
2023-07-27T16:00:00Z,LUNAUSDT,0.0001,0.6048,0.6048
2023-07-28T00:00:00Z,LUNAUSDT,0.0001,0.6037,0.6037
2023-07-28T08:00:00Z,LUNAUSDT,0.0001,0.5994,0.5994
2023-07-28T16:00:00Z,LUNAUSDT,0.0001,0.6062,0.6062
2023-07-29T00:00:00Z,LUNAUSDT,0.0001,0.6078,0.6078
2023-07-29T08:00:00Z,LUNAUSDT,0.0001,0.6091,0.6091
2023-07-29T16:00:00Z,LUNAUSDT,0.0001,0.6073,0.6073
2023-07-30T00:00:00Z,LUNAUSDT,0.0001,0.6102,0.6102
2023-07-30T08:00:00Z,LUNAUSDT,0.0001,0.6062,0.6062
2023-07-30T16:00:00Z,LUNAUSDT,0.0001,0.6041,0.6041
2023-07-31T00:00:00Z,LUNAUSDT,0.0001,0.59,0.59
2023-07-31T08:00:00Z,LUNAUSDT,0.0001,0.5902,0.5902
2023-07-31T16:00:00Z,LUNAUSDT,0.0001,0.586,0.586
2023-08-01T00:00:00Z,LUNAUSDT,0.0001,0.5806,0.5806
2023-08-01T08:00:00Z,LUNAUSDT,0.0001,0.5639,0.5639
2023-08-01T16:00:00Z,LUNAUSDT,0.0001,0.5694,0.5694
2023-08-02T00:00:00Z,LUNAUSDT,0.0001,0.5817,0.5817
2023-08-02T08:00:00Z,LUNAUSDT,0.0001,0.5738,0.5738
2023-08-02T16:00:00Z,LUNAUSDT,0.0001,0.5704,0.5704
2023-08-03T00:00:00Z,LUNAUSDT,0.0001,0.5668,0.5668
2023-08-03T08:00:00Z,LUNAUSDT,0.0001,0.5608,0.5608
2023-08-03T16:00:00Z,LUNAUSDT,0.0001,0.5619,0.5619
2023-08-04T00:00:00Z,LUNAUSDT,0.0001,0.5552,0.5552
2023-08-04T08:00:00Z,LUNAUSDT,0.0001,0.5565,0.5565
2023-08-04T16:00:00Z,LUNAUSDT,0.0001,0.5584,0.5584
2023-08-05T00:00:00Z,LUNAUSDT,0.0001,0.5593,0.5593
2023-08-05T08:00:00Z,LUNAUSDT,0.0001,0.5531,0.5531
2023-08-05T16:00:00Z,LUNAUSDT,0.0001,0.556,0.556
2023-08-06T00:00:00Z,LUNAUSDT,0.0001,0.5602,0.5602
2023-08-06T08:00:00Z,LUNAUSDT,0.0001,0.5654,0.5654
2023-08-06T16:00:00Z,LUNAUSDT,0.0001,0.567,0.567
2023-08-07T00:00:00Z,LUNAUSDT,0.0001,0.5678,0.5678
2023-08-07T08:00:00Z,LUNAUSDT,0.0001,0.5666,0.5666
2023-08-07T16:00:00Z,LUNAUSDT,0.0001,0.5585,0.5585
2023-08-08T00:00:00Z,LUNAUSDT,0.0001,0.5598,0.5598
2023-08-08T08:00:00Z,LUNAUSDT,0.0001,0.5571,0.5571
2023-08-08T16:00:00Z,LUNAUSDT,0.0001,0.5625,0.5625
2023-08-09T00:00:00Z,LUNAUSDT,0.0001,0.5637,0.5637
2023-08-09T08:00:00Z,LUNAUSDT,0.0001,0.5643,0.5643
2023-08-09T16:00:00Z,LUNAUSDT,0.0001,0.5623,0.5623
2023-08-10T00:00:00Z,LUNAUSDT,0.0001,0.5654,0.5654
2023-08-10T08:00:00Z,LUNAUSDT,0.0001,0.5595,0.5595
2023-08-10T16:00:00Z,LUNAUSDT,0.0001,0.5596,0.5596
2023-08-11T00:00:00Z,LUNAUSDT,0.0001,0.561,0.561
2023-08-11T08:00:00Z,LUNAUSDT,0.0001,0.5627,0.5627
2023-08-11T16:00:00Z,LUNAUSDT,0.0001,0.557,0.557
2023-08-12T00:00:00Z,LUNAUSDT,0.0001,0.5604,0.5604
2023-08-12T08:00:00Z,LUNAUSDT,0.0001,0.5622,0.5622
2023-08-12T16:00:00Z,LUNAUSDT,0.0001,0.5619,0.5619
2023-08-13T00:00:00Z,LUNAUSDT,0.0001,0.5638,0.5638
2023-08-13T08:00:00Z,LUNAUSDT,0.0001,0.5639,0.5639
2023-08-13T16:00:00Z,LUNAUSDT,0.0001,0.5648,0.5648
2023-08-14T00:00:00Z,LUNAUSDT,0.0001,0.5604,0.5604
2023-08-14T08:00:00Z,LUNAUSDT,0.0001,0.5606,0.5606
2023-08-14T16:00:00Z,LUNAUSDT,0.0001,0.5617,0.5617
2023-08-15T00:00:00Z,LUNAUSDT,0.0001,0.5635,0.5635
2023-08-15T08:00:00Z,LUNAUSDT,0.0001,0.5588,0.5588
2023-08-15T16:00:00Z,LUNAUSDT,0.0001,0.5452,0.5452
2023-08-16T00:00:00Z,LUNAUSDT,0.0001,0.4982,0.4982
2023-08-16T08:00:00Z,LUNAUSDT,0.0001,0.4989,0.4989
2023-08-16T16:00:00Z,LUNAUSDT,0.0001,0.4866,0.4866
2023-08-17T00:00:00Z,LUNAUSDT,0.0001,0.4735,0.4735
2023-08-17T08:00:00Z,LUNAUSDT,0.0001,0.4802,0.4802
2023-08-17T16:00:00Z,LUNAUSDT,0.0001,0.4708,0.4708
2023-08-18T00:00:00Z,LUNAUSDT,0.0001,0.4213,0.4213
2023-08-18T08:00:00Z,LUNAUSDT,0.0001,0.4251,0.4251
2023-08-18T16:00:00Z,LUNAUSDT,0.0001,0.423,0.423
2023-08-19T00:00:00Z,LUNAUSDT,0.0001,0.4288,0.4288
2023-08-19T08:00:00Z,LUNAUSDT,0.0001,0.4324,0.4324
2023-08-19T16:00:00Z,LUNAUSDT,0.0001,0.4461,0.4461
2023-08-20T00:00:00Z,LUNAUSDT,0.0001,0.4475,0.4475
2023-08-20T08:00:00Z,LUNAUSDT,0.0001,0.4447,0.4447
2023-08-20T16:00:00Z,LUNAUSDT,0.0001,0.4409,0.4409
2023-08-21T00:00:00Z,LUNAUSDT,0.0001,0.4443,0.4443
2023-08-21T08:00:00Z,LUNAUSDT,0.0001,0.4379,0.4379
2023-08-21T16:00:00Z,LUNAUSDT,0.0001,0.4259,0.4259
2023-08-22T00:00:00Z,LUNAUSDT,0.0001,0.4351,0.4351
2023-08-22T08:00:00Z,LUNAUSDT,0.0001,0.433,0.433
2023-08-22T16:00:00Z,LUNAUSDT,0.0001,0.4227,0.4227
2023-08-23T00:00:00Z,LUNAUSDT,0.0001,0.4264,0.4264
2023-08-23T08:00:00Z,LUNAUSDT,0.0001,0.4275,0.4275
2023-08-23T16:00:00Z,LUNAUSDT,0.0001,0.4287,0.4287
2023-08-24T00:00:00Z,LUNAUSDT,0.0001,0.4352,0.4352
2023-08-24T08:00:00Z,LUNAUSDT,0.0001,0.4312,0.4312
2023-08-24T16:00:00Z,LUNAUSDT,0.0001,0.424,0.424
2023-08-25T00:00:00Z,LUNAUSDT,0.0001,0.4189,0.4189
2023-08-25T08:00:00Z,LUNAUSDT,0.0001,0.4145,0.4145
2023-08-25T16:00:00Z,LUNAUSDT,0.0001,0.4146,0.4146
2023-08-26T00:00:00Z,LUNAUSDT,0.0001,0.4203,0.4203
2023-08-26T08:00:00Z,LUNAUSDT,0.0001,0.4154,0.4154
2023-08-26T16:00:00Z,LUNAUSDT,0.0001,0.4166,0.4166
2023-08-27T00:00:00Z,LUNAUSDT,0.0001,0.4138,0.4138
2023-08-27T08:00:00Z,LUNAUSDT,0.0001,0.4132,0.4132
2023-08-27T16:00:00Z,LUNAUSDT,0.0001,0.4158,0.4158
2023-08-28T00:00:00Z,LUNAUSDT,0.0001,0.4165,0.4165
2023-08-28T08:00:00Z,LUNAUSDT,0.0001,0.4079,0.4079
2023-08-28T17:00:00Z,LUNAUSDT,0.0001,0.414,0.414
2023-08-29T00:00:00Z,LUNAUSDT,0.0001,0.4142,0.4142
2023-08-29T08:00:00Z,LUNAUSDT,0.0001,0.4087,0.4087
2023-08-29T16:00:00Z,LUNAUSDT,0.0001,0.4286,0.4286
2023-08-30T00:00:00Z,LUNAUSDT,0.0001,0.4343,0.4343
2023-08-30T08:00:00Z,LUNAUSDT,0.0001,0.4288,0.4288
2023-08-30T16:00:00Z,LUNAUSDT,0.0001,0.422,0.422
2023-08-31T00:00:00Z,LUNAUSDT,0.0001,0.4239,0.4239
2023-08-31T08:00:00Z,LUNAUSDT,0.0001,0.4206,0.4206
2023-08-31T16:00:00Z,LUNAUSDT,0.0001,0.4109,0.4109
2023-09-01T00:00:00Z,LUNAUSDT,0.0001,0.4021,0.4021
2023-09-01T08:00:00Z,LUNAUSDT,0.0001,0.4048,0.4048
2023-09-01T16:00:00Z,LUNAUSDT,0.0001,0.3994,0.3994
2023-09-02T00:00:00Z,LUNAUSDT,0.0001,0.3943,0.3943
2023-09-02T08:00:00Z,LUNAUSDT,0.0001,0.3954,0.3954
2023-09-02T16:00:00Z,LUNAUSDT,0.0001,0.4013,0.4013
2023-09-03T00:00:00Z,LUNAUSDT,0.0001,0.4007,0.4007
2023-09-03T08:00:00Z,LUNAUSDT,0.0001,0.3981,0.3981
2023-09-03T16:00:00Z,LUNAUSDT,0.0001,0.3909,0.3909
2023-09-04T00:00:00Z,LUNAUSDT,0.0001,0.3936,0.3936
2023-09-04T08:00:00Z,LUNAUSDT,0.0001,0.3938,0.3938
2023-09-04T16:00:00Z,LUNAUSDT,0.0001,0.4368,0.4368
2023-09-05T00:00:00Z,LUNAUSDT,0.0001,0.435,0.435
2023-09-05T08:00:00Z,LUNAUSDT,0.0001,0.4135,0.4135
2023-09-05T16:00:00Z,LUNAUSDT,0.0001,0.4147,0.4147
2023-09-06T00:00:00Z,LUNAUSDT,0.0001,0.4144,0.4144
2023-09-06T08:00:00Z,LUNAUSDT,0.0001,0.4125,0.4125
2023-09-06T16:00:00Z,LUNAUSDT,0.0001,0.4044,0.4044
2023-09-07T00:00:00Z,LUNAUSDT,0.0001,0.4099,0.4099
2023-09-07T08:00:00Z,LUNAUSDT,0.0001,0.4084,0.4084
2023-09-07T16:00:00Z,LUNAUSDT,0.0001,0.4094,0.4094
2023-09-08T00:00:00Z,LUNAUSDT,0.0001,0.4119,0.4119
2023-09-08T08:00:00Z,LUNAUSDT,0.0001,0.4109,0.4109
2023-09-08T16:00:00Z,LUNAUSDT,0.0001,0.4291,0.4291
2023-09-09T00:00:00Z,LUNAUSDT,0.0001,0.4296,0.4296
2023-09-09T08:00:00Z,LUNAUSDT,0.0001,0.4272,0.4272
2023-09-09T16:00:00Z,LUNAUSDT,0.0001,0.424,0.424
2023-09-10T00:00:00Z,LUNAUSDT,0.0001,0.4297,0.4297
2023-09-10T08:00:00Z,LUNAUSDT,0.0001,0.4101,0.4101
2023-09-10T16:00:00Z,LUNAUSDT,0.0001,0.405,0.405
2023-09-11T00:00:00Z,LUNAUSDT,0.0001,0.4059,0.4059
2023-09-11T08:00:00Z,LUNAUSDT,0.0001,0.4056,0.4056
2023-09-11T16:00:00Z,LUNAUSDT,0.0001,0.3922,0.3922
2023-09-12T00:00:00Z,LUNAUSDT,0.0001,0.3874,0.3874
2023-09-12T08:00:00Z,LUNAUSDT,0.0001,0.3934,0.3934
2023-09-12T16:00:00Z,LUNAUSDT,0.0001,0.3948,0.3948
2023-09-13T00:00:00Z,LUNAUSDT,0.0001,0.3906,0.3906
2023-09-13T08:00:00Z,LUNAUSDT,0.0001,0.3876,0.3876
2023-09-13T16:00:00Z,LUNAUSDT,0.0001,0.3931,0.3931
2023-09-14T00:00:00Z,LUNAUSDT,0.0001,0.3914,0.3914
2023-09-14T08:00:00Z,LUNAUSDT,0.0001,0.3916,0.3916
2023-09-14T16:00:00Z,LUNAUSDT,0.0001,0.3951,0.3951
2023-09-15T00:00:00Z,LUNAUSDT,0.0001,0.3946,0.3946
2023-09-15T08:00:00Z,LUNAUSDT,0.0001,0.3914,0.3914
2023-09-15T16:00:00Z,LUNAUSDT,0.0001,0.3911,0.3911
2023-09-16T00:00:00Z,LUNAUSDT,0.0001,0.4028,0.4028
2023-09-16T08:00:00Z,LUNAUSDT,0.0001,0.4036,0.4036
2023-09-16T16:00:00Z,LUNAUSDT,0.0001,0.3996,0.3996
2023-09-17T00:00:00Z,LUNAUSDT,0.0001,0.3991,0.3991
2023-09-17T08:00:00Z,LUNAUSDT,0.0001,0.3908,0.3908
2023-09-17T16:00:00Z,LUNAUSDT,0.0001,0.393,0.393
2023-09-18T00:00:00Z,LUNAUSDT,0.0001,0.3875,0.3875
2023-09-18T08:00:00Z,LUNAUSDT,0.0001,0.3926,0.3926
2023-09-18T16:00:00Z,LUNAUSDT,0.0001,0.3967,0.3967
2023-09-19T00:00:00Z,LUNAUSDT,0.0001,0.3903,0.3903
2023-09-19T08:00:00Z,LUNAUSDT,0.0001,0.3904,0.3904
2023-09-19T16:00:00Z,LUNAUSDT,0.0001,0.3924,0.3924
2023-09-20T00:00:00Z,LUNAUSDT,0.0001,0.3917,0.3917
2023-09-20T08:00:00Z,LUNAUSDT,0.0001,0.3894,0.3894
2023-09-20T16:00:00Z,LUNAUSDT,0.0001,0.3897,0.3897
2023-09-21T00:00:00Z,LUNAUSDT,0.0001,0.3896,0.3896
2023-09-21T08:00:00Z,LUNAUSDT,0.0001,0.3884,0.3884
2023-09-21T16:00:00Z,LUNAUSDT,0.0001,0.39,0.39
2023-09-22T00:00:00Z,LUNAUSDT,0.0001,0.3934,0.3934
2023-09-22T08:00:00Z,LUNAUSDT,0.0001,0.399,0.399
2023-09-22T16:00:00Z,LUNAUSDT,0.0001,0.39,0.39
2023-09-23T00:00:00Z,LUNAUSDT,0.0001,0.3918,0.3918
2023-09-23T08:00:00Z,LUNAUSDT,0.0001,0.3961,0.3961
2023-09-23T16:00:00Z,LUNAUSDT,0.0001,0.388,0.388
2023-09-24T00:00:00Z,LUNAUSDT,0.0001,0.3938,0.3938
2023-09-24T08:00:00Z,LUNAUSDT,0.0001,0.4168,0.4168
2023-09-24T16:00:00Z,LUNAUSDT,0.0001,0.4134,0.4134
2023-09-25T00:00:00Z,LUNAUSDT,0.0001,0.4044,0.4044
2023-09-25T08:00:00Z,LUNAUSDT,0.0001,0.417,0.417
2023-09-25T16:00:00Z,LUNAUSDT,0.0001,0.4207,0.4207
2023-09-26T00:00:00Z,LUNAUSDT,0.0001,0.4118,0.4118
2023-09-26T08:00:00Z,LUNAUSDT,0.0001,0.4185,0.4185
2023-09-26T16:00:00Z,LUNAUSDT,0.0001,0.441,0.441
2023-09-27T00:00:00Z,LUNAUSDT,0.0001,0.4459,0.4459
2023-09-27T08:00:00Z,LUNAUSDT,0.0001,0.4429,0.4429
2023-09-27T16:00:00Z,LUNAUSDT,0.0001,0.5285,0.5285
2023-09-28T00:00:00Z,LUNAUSDT,0.0001,0.5528,0.5528
2023-09-28T08:00:00Z,LUNAUSDT,0.0001,0.5171,0.5171
2023-09-28T16:00:00Z,LUNAUSDT,0.0001,0.5187,0.5187
2023-09-29T00:00:00Z,LUNAUSDT,0.0001,0.5292,0.5292
2023-09-29T08:00:00Z,LUNAUSDT,0.0001,0.514,0.514
2023-09-29T16:00:00Z,LUNAUSDT,0.0001,0.4888,0.4888
2023-09-30T00:00:00Z,LUNAUSDT,0.0001,0.4924,0.4924
2023-09-30T08:00:00Z,LUNAUSDT,0.0001,0.4967,0.4967
2023-09-30T16:00:00Z,LUNAUSDT,0.0001,0.4931,0.4931
2023-10-01T00:00:00Z,LUNAUSDT,0.0001,0.4808,0.4808
2023-10-01T08:00:00Z,LUNAUSDT,0.0001,0.4881,0.4881
2023-10-01T16:00:00Z,LUNAUSDT,0.0001,0.4859,0.4859
2023-10-02T00:00:00Z,LUNAUSDT,0.0001,0.4951,0.4951
2023-10-02T08:00:00Z,LUNAUSDT,0.0001,0.5088,0.5088
2023-10-02T16:00:00Z,LUNAUSDT,0.0001,0.4821,0.4821
2023-10-03T00:00:00Z,LUNAUSDT,0.0001,0.4699,0.4699
2023-10-03T08:00:00Z,LUNAUSDT,0.0001,0.4641,0.4641
2023-10-03T16:00:00Z,LUNAUSDT,0.0001,0.4568,0.4568
2023-10-04T00:00:00Z,LUNAUSDT,0.0001,0.4526,0.4526
2023-10-04T08:00:00Z,LUNAUSDT,0.0001,0.4408,0.4408
2023-10-04T16:00:00Z,LUNAUSDT,0.0001,0.4351,0.4351
2023-10-05T00:00:00Z,LUNAUSDT,0.0001,0.4408,0.4408
2023-10-05T08:00:00Z,LUNAUSDT,0.0001,0.4379,0.4379
2023-10-05T16:00:00Z,LUNAUSDT,0.0001,0.4319,0.4319
2023-10-06T00:00:00Z,LUNAUSDT,0.0001,0.429,0.429
2023-10-06T08:00:00Z,LUNAUSDT,0.0001,0.4369,0.4369
2023-10-06T16:00:00Z,LUNAUSDT,0.0001,0.4381,0.4381
2023-10-07T00:00:00Z,LUNAUSDT,0.0001,0.4412,0.4412
2023-10-07T08:00:00Z,LUNAUSDT,0.0001,0.4353,0.4353
2023-10-07T16:00:00Z,LUNAUSDT,0.0001,0.4357,0.4357
2023-10-08T00:00:00Z,LUNAUSDT,0.0001,0.4369,0.4369
2023-10-08T08:00:00Z,LUNAUSDT,0.0001,0.433,0.433
2023-10-08T16:00:00Z,LUNAUSDT,0.0001,0.4289,0.4289
2023-10-09T00:00:00Z,LUNAUSDT,0.0001,0.4245,0.4245
2023-10-09T08:00:00Z,LUNAUSDT,0.0001,0.4214,0.4214
2023-10-09T16:00:00Z,LUNAUSDT,0.0001,0.4018,0.4018
2023-10-10T00:00:00Z,LUNAUSDT,0.0001,0.4045,0.4045
2023-10-10T08:00:00Z,LUNAUSDT,0.0001,0.4017,0.4017
2023-10-10T16:00:00Z,LUNAUSDT,0.0001,0.4095,0.4095
2023-10-11T00:00:00Z,LUNAUSDT,0.0001,0.405,0.405
2023-10-11T08:00:00Z,LUNAUSDT,0.0001,0.3955,0.3955
2023-10-11T16:00:00Z,LUNAUSDT,0.0001,0.3986,0.3986
2023-10-12T00:00:00Z,LUNAUSDT,0.0001,0.4033,0.4033
2023-10-12T08:00:00Z,LUNAUSDT,0.0001,0.3997,0.3997
2023-10-12T16:00:00Z,LUNAUSDT,0.0001,0.4029,0.4029
2023-10-13T00:00:00Z,LUNAUSDT,0.0001,0.403,0.403
2023-10-13T08:00:00Z,LUNAUSDT,0.0001,0.4027,0.4027
2023-10-13T16:00:00Z,LUNAUSDT,0.0001,0.4029,0.4029
2023-10-14T00:00:00Z,LUNAUSDT,0.0001,0.4039,0.4039
2023-10-14T08:00:00Z,LUNAUSDT,0.0001,0.4039,0.4039
2023-10-14T16:00:00Z,LUNAUSDT,0.0001,0.406,0.406
2023-10-15T00:00:00Z,LUNAUSDT,0.0001,0.4023,0.4023
2023-10-15T08:00:00Z,LUNAUSDT,0.0001,0.4053,0.4053
2023-10-15T16:00:00Z,LUNAUSDT,0.0001,0.4092,0.4092
2023-10-16T00:00:00Z,LUNAUSDT,0.0001,0.41,0.41
2023-10-16T08:00:00Z,LUNAUSDT,0.0001,0.424,0.424
2023-10-16T16:00:00Z,LUNAUSDT,0.0001,0.4257,0.4257
2023-10-17T00:00:00Z,LUNAUSDT,0.0001,0.43,0.43
2023-10-17T08:00:00Z,LUNAUSDT,0.0001,0.4206,0.4206
2023-10-17T16:00:00Z,LUNAUSDT,0.0001,0.4073,0.4073
2023-10-18T00:00:00Z,LUNAUSDT,0.0001,0.409,0.409
2023-10-18T08:00:00Z,LUNAUSDT,0.0001,0.4084,0.4084
2023-10-18T16:00:00Z,LUNAUSDT,0.0001,0.4035,0.4035
2023-10-19T00:00:00Z,LUNAUSDT,0.0001,0.4049,0.4049
2023-10-19T08:00:00Z,LUNAUSDT,0.0001,0.3989,0.3989
2023-10-19T16:00:00Z,LUNAUSDT,0.0001,0.4004,0.4004
2023-10-20T00:00:00Z,LUNAUSDT,0.0001,0.3923,0.3923
2023-10-20T08:00:00Z,LUNAUSDT,0.0001,0.4047,0.4047
2023-10-20T16:00:00Z,LUNAUSDT,0.0001,0.3998,0.3998
2023-10-21T00:00:00Z,LUNAUSDT,0.0001,0.405,0.405
2023-10-21T08:00:00Z,LUNAUSDT,0.0001,0.4093,0.4093
2023-10-21T16:00:00Z,LUNAUSDT,0.0001,0.4158,0.4158
2023-10-22T00:00:00Z,LUNAUSDT,0.0001,0.4147,0.4147
2023-10-22T08:00:00Z,LUNAUSDT,0.0001,0.4073,0.4073
2023-10-22T16:00:00Z,LUNAUSDT,0.0001,0.4059,0.4059
2023-10-23T00:00:00Z,LUNAUSDT,0.0001,0.4151,0.4151
2023-10-23T08:00:00Z,LUNAUSDT,0.0001,0.4122,0.4122
2023-10-23T16:00:00Z,LUNAUSDT,0.0001,0.4129,0.4129
2023-10-24T00:00:00Z,LUNAUSDT,0.0001,0.4319,0.4319
2023-10-24T08:00:00Z,LUNAUSDT,0.0001,0.4335,0.4335
2023-10-24T16:00:00Z,LUNAUSDT,0.0001,0.4292,0.4292
2023-10-25T00:00:00Z,LUNAUSDT,0.0001,0.4412,0.4412
2023-10-25T08:00:00Z,LUNAUSDT,0.0001,0.4306,0.4306
2023-10-25T16:00:00Z,LUNAUSDT,0.0001,0.46,0.46
2023-10-26T00:00:00Z,LUNAUSDT,0.0001,0.4567,0.4567
2023-10-26T08:00:00Z,LUNAUSDT,0.0001,0.4622,0.4622
2023-10-26T16:00:00Z,LUNAUSDT,0.0001,0.44,0.44
2023-10-27T00:00:00Z,LUNAUSDT,0.0001,0.4513,0.4513
2023-10-27T08:00:00Z,LUNAUSDT,0.0001,0.4432,0.4432
2023-10-27T16:00:00Z,LUNAUSDT,0.0001,0.451,0.451
2023-10-28T00:00:00Z,LUNAUSDT,0.0001,0.442,0.442
2023-10-28T08:00:00Z,LUNAUSDT,0.0001,0.4677,0.4677
2023-10-28T16:00:00Z,LUNAUSDT,0.0001,0.4756,0.4756
2023-10-29T00:00:00Z,LUNAUSDT,0.0001,0.4733,0.4733
2023-10-29T08:00:00Z,LUNAUSDT,0.0001,0.4689,0.4689
2023-10-29T16:00:00Z,LUNAUSDT,0.0001,0.4702,0.4702
2023-10-30T00:00:00Z,LUNAUSDT,0.0001,0.4702,0.4702
2023-10-30T08:00:00Z,LUNAUSDT,0.0001,0.4828,0.4828
2023-10-30T16:00:00Z,LUNAUSDT,0.0001,0.4755,0.4755
2023-10-31T00:00:00Z,LUNAUSDT,0.0001,0.4779,0.4779
2023-10-31T08:00:00Z,LUNAUSDT,0.0001,0.4726,0.4726
2023-10-31T16:00:00Z,LUNAUSDT,0.0001,0.4478,0.4478
2023-11-01T00:00:00Z,LUNAUSDT,0.0001,0.4555,0.4555
2023-11-01T08:00:00Z,LUNAUSDT,0.0001,0.4425,0.4425
2023-11-01T16:00:00Z,LUNAUSDT,0.0001,0.4427,0.4427
2023-11-02T00:00:00Z,LUNAUSDT,0.0001,0.4633,0.4633
2023-11-02T08:00:00Z,LUNAUSDT,0.0001,0.4598,0.4598
2023-11-02T16:00:00Z,LUNAUSDT,0.0001,0.4419,0.4419
2023-11-03T00:00:00Z,LUNAUSDT,0.0001,0.4502,0.4502
2023-11-03T08:00:00Z,LUNAUSDT,0.0001,0.4394,0.4394
2023-11-03T16:00:00Z,LUNAUSDT,0.0001,0.4409,0.4409
2023-11-04T00:00:00Z,LUNAUSDT,0.0001,0.4443,0.4443
2023-11-04T08:00:00Z,LUNAUSDT,0.0001,0.4466,0.4466
2023-11-04T16:00:00Z,LUNAUSDT,0.0001,0.4425,0.4425
2023-11-05T00:00:00Z,LUNAUSDT,0.0001,0.449,0.449
2023-11-05T08:00:00Z,LUNAUSDT,0.0001,0.4544,0.4544
2023-11-05T16:00:00Z,LUNAUSDT,0.0001,0.4537,0.4537
2023-11-06T00:00:00Z,LUNAUSDT,0.0001,0.4571,0.4571
2023-11-06T08:00:00Z,LUNAUSDT,0.0001,0.4586,0.4586
2023-11-06T16:00:00Z,LUNAUSDT,0.0001,0.4703,0.4703
2023-11-07T00:00:00Z,LUNAUSDT,0.0001,0.4789,0.4789
2023-11-07T08:00:00Z,LUNAUSDT,0.0001,0.4754,0.4754
2023-11-07T16:00:00Z,LUNAUSDT,0.0001,0.4605,0.4605
2023-11-08T00:00:00Z,LUNAUSDT,0.0001,0.4663,0.4663
2023-11-08T08:00:00Z,LUNAUSDT,0.0001,0.4673,0.4673
2023-11-08T16:00:00Z,LUNAUSDT,0.0001,0.4909,0.4909
2023-11-09T00:00:00Z,LUNAUSDT,0.0001,0.4813,0.4813
2023-11-09T08:00:00Z,LUNAUSDT,0.0001,0.52,0.52
2023-11-09T16:00:00Z,LUNAUSDT,0.0001,0.5081,0.5081
2023-11-10T00:00:00Z,LUNAUSDT,0.0001,0.4808,0.4808
2023-11-10T08:00:00Z,LUNAUSDT,0.0001,0.6116,0.6116
2023-11-10T16:00:00Z,LUNAUSDT,0.0001,0.6877,0.6877
2023-11-11T00:00:00Z,LUNAUSDT,0.0001,0.8394,0.8394
2023-11-11T08:00:00Z,LUNAUSDT,0.0001,0.6754,0.6754
2023-11-11T16:00:00Z,LUNAUSDT,0.0001,0.7245,0.7245
2023-11-12T00:00:00Z,LUNAUSDT,0.0001,0.7278,0.7278
2023-11-12T08:00:00Z,LUNAUSDT,0.0001,0.7077,0.7077
2023-11-12T16:00:00Z,LUNAUSDT,0.0001,0.8067,0.8067
2023-11-13T00:00:00Z,LUNAUSDT,0.001709132635627129,0.7988,0.7988
2023-11-13T08:00:00Z,LUNAUSDT,0.000707425972578713,0.7886,0.7886
2023-11-13T16:00:00Z,LUNAUSDT,0.0001,0.774,0.774
2023-11-14T00:00:00Z,LUNAUSDT,0.0001,0.7214,0.7214
2023-11-14T08:00:00Z,LUNAUSDT,0.0001,0.7458,0.7458
2023-11-14T16:00:00Z,LUNAUSDT,0.0001,0.7121,0.7121
2023-11-15T00:00:00Z,LUNAUSDT,0.0001,0.7077,0.7077
2023-11-15T08:00:00Z,LUNAUSDT,0.0001,0.7574,0.7574
2023-11-15T16:00:00Z,LUNAUSDT,0.0001,0.7603,0.7603
2023-11-16T00:00:00Z,LUNAUSDT,0.0001,0.7546,0.7546
2023-11-16T08:00:00Z,LUNAUSDT,0.0001,0.7845,0.7845
2023-11-16T16:00:00Z,LUNAUSDT,0.0001,0.7082,0.7082
2023-11-17T00:00:00Z,LUNAUSDT,0.0001,0.6904,0.6904
2023-11-17T08:00:00Z,LUNAUSDT,0.0001,0.6794,0.6794
2023-11-17T16:00:00Z,LUNAUSDT,0.0001,0.6263,0.6263
2023-11-18T00:00:00Z,LUNAUSDT,0.0001,0.6531,0.6531
2023-11-18T08:00:00Z,LUNAUSDT,0.0001,0.6242,0.6242
2023-11-18T16:00:00Z,LUNAUSDT,0.0001,0.648,0.648
2023-11-19T00:00:00Z,LUNAUSDT,0.0001,0.6427,0.6427
2023-11-19T08:00:00Z,LUNAUSDT,0.0001,0.6539,0.6539
2023-11-19T16:00:00Z,LUNAUSDT,0.0001,0.6457,0.6457
2023-11-20T00:00:00Z,LUNAUSDT,0.0001,0.6542,0.6542
2023-11-20T08:00:00Z,LUNAUSDT,0.0001,0.6475,0.6475
2023-11-20T16:00:00Z,LUNAUSDT,0.0001,0.6432,0.6432
2023-11-21T00:00:00Z,LUNAUSDT,0.0001,0.6218,0.6218
2023-11-21T08:00:00Z,LUNAUSDT,0.0001,0.6183,0.6183
2023-11-21T16:00:00Z,LUNAUSDT,0.0001,0.606,0.606
2023-11-22T00:00:00Z,LUNAUSDT,0.0001,0.5598,0.5598
2023-11-22T08:00:00Z,LUNAUSDT,0.0001,0.5912,0.5912
2023-11-22T16:00:00Z,LUNAUSDT,0.0001,0.6326,0.6326
2023-11-23T00:00:00Z,LUNAUSDT,0.0001,0.6333,0.6333
2023-11-23T08:00:00Z,LUNAUSDT,0.0001,0.6398,0.6398
2023-11-23T16:00:00Z,LUNAUSDT,0.0001,0.6245,0.6245
2023-11-24T00:00:00Z,LUNAUSDT,0.0001,0.6319,0.6319
2023-11-24T08:00:00Z,LUNAUSDT,0.0001,0.6388,0.6388
2023-11-24T16:00:00Z,LUNAUSDT,0.0001,0.6424,0.6424
2023-11-25T00:00:00Z,LUNAUSDT,0.0001,0.6326,0.6326
2023-11-25T08:00:00Z,LUNAUSDT,0.0001,0.6494,0.6494
2023-11-25T16:00:00Z,LUNAUSDT,0.0001,0.6462,0.6462
2023-11-26T00:00:00Z,LUNAUSDT,0.0001,0.6704,0.6704
2023-11-26T08:00:00Z,LUNAUSDT,0.0001,0.6935,0.6935
2023-11-26T16:00:00Z,LUNAUSDT,0.0001,0.7563,0.7563
2023-11-27T00:00:00Z,LUNAUSDT,0.0001,0.7804,0.7804
2023-11-27T08:00:00Z,LUNAUSDT,-0.000003448656867221,0.8253,0.8253
2023-11-27T16:00:00Z,LUNAUSDT,-0.00051073400126305,0.7839,0.7839
2023-11-28T00:00:00Z,LUNAUSDT,-0.001427523040048218,0.7442,0.7442
2023-11-28T08:00:00Z,LUNAUSDT,0.0001,0.6923,0.6923
2023-11-28T16:00:00Z,LUNAUSDT,-0.000221834408447291,0.7415,0.7415
2023-11-29T00:00:00Z,LUNAUSDT,0.0001,0.7623,0.7623
2023-11-29T08:00:00Z,LUNAUSDT,0.0001,0.8013,0.8013
2023-11-29T16:00:00Z,LUNAUSDT,0.0001,0.7694,0.7694
2023-11-30T00:00:00Z,LUNAUSDT,0.0001,0.7531,0.7531
2023-11-30T08:00:00Z,LUNAUSDT,0.0001,0.7544,0.7544
2023-11-30T16:00:00Z,LUNAUSDT,0.0001,0.736,0.736
2023-12-01T00:00:00Z,LUNAUSDT,0.0001,0.7351,0.7351
2023-12-01T08:00:00Z,LUNAUSDT,0.0001,0.7329,0.7329
2023-12-01T16:00:00Z,LUNAUSDT,0.0001,0.7904,0.7904
2023-12-02T00:00:00Z,LUNAUSDT,0.0001,0.7955,0.7955
2023-12-02T08:00:00Z,LUNAUSDT,0.0001,0.8047,0.8047
2023-12-02T16:00:00Z,LUNAUSDT,0.000828012698043076,0.8047,0.8047
2023-12-03T00:00:00Z,LUNAUSDT,0.001132622604377087,0.807,0.807
2023-12-03T08:00:00Z,LUNAUSDT,0.001463962065243449,0.8208,0.8208
2023-12-03T16:00:00Z,LUNAUSDT,0.000424622006744386,0.8541,0.8541
2023-12-04T00:00:00Z,LUNAUSDT,0.000139840891364881,0.8959,0.8959
2023-12-04T08:00:00Z,LUNAUSDT,0.0001,1.1543,1.1543
2023-12-04T16:00:00Z,LUNAUSDT,0.000319537464311819,1.0155,1.0155
2023-12-05T00:00:00Z,LUNAUSDT,0.0001,1.2622,1.2622
2023-12-05T08:00:00Z,LUNAUSDT,-0.000328523877273538,1.0969,1.0969
2023-12-05T16:00:00Z,LUNAUSDT,0.001651506213728827,1.1531,1.1531
2023-12-06T00:00:00Z,LUNAUSDT,0.003147857277487988,1.1568,1.1568
2023-12-06T08:00:00Z,LUNAUSDT,0.000171974715547939,1.0335,1.0335
2023-12-06T16:00:00Z,LUNAUSDT,0.000735058501846027,1.0509,1.0509
2023-12-07T00:00:00Z,LUNAUSDT,0.0001,1.0398,1.0398
2023-12-07T08:00:00Z,LUNAUSDT,0.0001,1.05,1.05
2023-12-07T16:00:00Z,LUNAUSDT,0.0001,1.0373,1.0373
2023-12-08T00:00:00Z,LUNAUSDT,0.000798005047522377,0.9963,0.9963
2023-12-08T08:00:00Z,LUNAUSDT,0.002645909660807939,1.0197,1.0197
2023-12-08T16:00:00Z,LUNAUSDT,0.000514008577973553,1.041,1.041
2023-12-09T00:00:00Z,LUNAUSDT,0.000727707661850364,1.0381,1.0381
2023-12-09T08:00:00Z,LUNAUSDT,0.0001,1.0552,1.0552
2023-12-09T16:00:00Z,LUNAUSDT,0.0001,1.0117,1.0117
2023-12-10T00:00:00Z,LUNAUSDT,0.000740068648565832,0.9627,0.9627
2023-12-10T08:00:00Z,LUNAUSDT,0.0001,0.9731,0.9731
2023-12-10T16:00:00Z,LUNAUSDT,0.0001,1.1015,1.1015
2023-12-11T00:00:00Z,LUNAUSDT,0.002128901552937653,1.0952,1.0952
2023-12-11T08:00:00Z,LUNAUSDT,0.001167102472806136,1.0188,1.0188
2023-12-11T16:00:00Z,LUNAUSDT,0.00046054491012719,0.9905,0.9905
2023-12-12T00:00:00Z,LUNAUSDT,0.0001,0.9618,0.9618
2023-12-12T08:00:00Z,LUNAUSDT,0.000299506292966122,0.981,0.981
2023-12-12T16:00:00Z,LUNAUSDT,0.001312747223099285,0.9448,0.9448
2023-12-13T00:00:00Z,LUNAUSDT,0.00080918789093127,0.9779,0.9779
2023-12-13T08:00:00Z,LUNAUSDT,0.0001,0.9303,0.9303
2023-12-13T16:00:00Z,LUNAUSDT,0.0001,0.9597,0.9597
2023-12-14T00:00:00Z,LUNAUSDT,0.0001,1.0046,1.0046
2023-12-14T08:00:00Z,LUNAUSDT,0.0001,1.0103,1.0103
2023-12-14T16:00:00Z,LUNAUSDT,0.0001,0.9741,0.9741
2023-12-15T00:00:00Z,LUNAUSDT,0.0001,1.0097,1.0097
2023-12-15T08:00:00Z,LUNAUSDT,0.0001,0.9855,0.9855
2023-12-15T16:00:00Z,LUNAUSDT,0.000419447755146017,0.9563,0.9563
2023-12-16T00:00:00Z,LUNAUSDT,0.0001,0.9409,0.9409
2023-12-16T08:00:00Z,LUNAUSDT,0.0001,0.9565,0.9565
2023-12-16T16:00:00Z,LUNAUSDT,0.0001,0.989,0.989
2023-12-17T00:00:00Z,LUNAUSDT,0.000332128174202407,0.9681,0.9681
2023-12-17T08:00:00Z,LUNAUSDT,0.0001,0.9361,0.9361
2023-12-17T16:00:00Z,LUNAUSDT,0.0001,0.9642,0.9642
2023-12-18T00:00:00Z,LUNAUSDT,0.0001,0.945,0.945
2023-12-18T08:00:00Z,LUNAUSDT,0.0001,0.8793,0.8793
2023-12-18T16:00:00Z,LUNAUSDT,0.0001,0.8757,0.8757
2023-12-19T00:00:00Z,LUNAUSDT,0.0001,0.9069,0.9069
2023-12-19T08:00:00Z,LUNAUSDT,0.0001,0.9301,0.9301
2023-12-19T16:00:00Z,LUNAUSDT,0.0001,0.9577,0.9577
2023-12-20T00:00:00Z,LUNAUSDT,0.0001,0.9561,0.9561
2023-12-20T08:00:00Z,LUNAUSDT,0.0001,0.9618,0.9618
2023-12-20T16:00:00Z,LUNAUSDT,0.0001,0.9665,0.9665
2023-12-21T00:00:00Z,LUNAUSDT,0.0001,0.9447,0.9447
2023-12-21T08:00:00Z,LUNAUSDT,0.0001,0.9624,0.9624
2023-12-21T16:00:00Z,LUNAUSDT,0.0001,0.9443,0.9443
2023-12-22T00:00:00Z,LUNAUSDT,0.0001,0.9653,0.9653
2023-12-22T08:00:00Z,LUNAUSDT,0.0001,0.9508,0.9508
2023-12-22T16:00:00Z,LUNAUSDT,0.0001,0.9882,0.9882
2023-12-23T00:00:00Z,LUNAUSDT,0.0001,1.0022,1.0022
2023-12-23T08:00:00Z,LUNAUSDT,0.0001,0.9709,0.9709
2023-12-23T16:00:00Z,LUNAUSDT,0.0001,0.9985,0.9985
2023-12-24T00:00:00Z,LUNAUSDT,0.0001,0.9851,0.9851
2023-12-24T08:00:00Z,LUNAUSDT,0.000238568649970389,0.9815,0.9815
2023-12-24T16:00:00Z,LUNAUSDT,0.000385691767551618,0.9756,0.9756
2023-12-25T00:00:00Z,LUNAUSDT,0.001011616198204139,0.9491,0.9491
2023-12-25T08:00:00Z,LUNAUSDT,0.000399487423597376,0.9646,0.9646
2023-12-25T16:00:00Z,LUNAUSDT,0.000578793895436471,0.9797,0.9797
2023-12-26T00:00:00Z,LUNAUSDT,0.00079347700852999,0.9723,0.9723
2023-12-26T08:00:00Z,LUNAUSDT,0.000583691487779,0.9587,0.9587
2023-12-26T16:00:00Z,LUNAUSDT,0.000636298898979443,0.9447,0.9447
2023-12-27T00:00:00Z,LUNAUSDT,0.000345691954222081,0.9059,0.9059
2023-12-27T08:00:00Z,LUNAUSDT,0.0001,0.8887,0.8887
2023-12-27T16:00:00Z,LUNAUSDT,0.0001,0.9197,0.9197
2023-12-28T00:00:00Z,LUNAUSDT,0.0001,0.9197,0.9197
2023-12-28T08:00:00Z,LUNAUSDT,0.0001,0.9186,0.9186
2023-12-28T16:00:00Z,LUNAUSDT,0.0001,0.8738,0.8738
2023-12-29T00:00:00Z,LUNAUSDT,0.0001,0.8693,0.8693
2023-12-29T08:00:00Z,LUNAUSDT,0.0001,0.8648,0.8648
2023-12-29T16:00:00Z,LUNAUSDT,0.0001,0.8721,0.8721
2023-12-30T00:00:00Z,LUNAUSDT,0.0001,0.8544,0.8544
2023-12-30T08:00:00Z,LUNAUSDT,0.0001,0.8691,0.8691
2023-12-30T16:00:00Z,LUNAUSDT,0.0001,0.8561,0.8561
2023-12-31T00:00:00Z,LUNAUSDT,0.0001,0.861,0.861
2023-12-31T08:00:00Z,LUNAUSDT,0.0001,0.8616,0.8616
2023-12-31T16:00:00Z,LUNAUSDT,0.0001,0.8678,0.8678
2024-01-01T00:00:00Z,LUNAUSDT,0.0001,0.8293,0.8293
2024-01-01T08:00:00Z,LUNAUSDT,0.0001,0.8278,0.8278
2024-01-01T16:00:00Z,LUNAUSDT,0.0001,0.8413,0.8413
2024-01-02T00:00:00Z,LUNAUSDT,0.0001,0.8603,0.8603
2024-01-02T08:00:00Z,LUNAUSDT,0.0001,0.8703,0.8703
2024-01-02T16:00:00Z,LUNAUSDT,0.0001,0.8477,0.8477
2024-01-03T00:00:00Z,LUNAUSDT,0.0001,0.8398,0.8398
2024-01-03T08:00:00Z,LUNAUSDT,0.0001,0.8587,0.8587
2024-01-03T16:00:00Z,LUNAUSDT,0.000194754842917937,0.7038,0.7038
2024-01-04T00:00:00Z,LUNAUSDT,0.0001,0.701,0.701
2024-01-04T08:00:00Z,LUNAUSDT,0.0001,0.7006,0.7006
2024-01-04T16:00:00Z,LUNAUSDT,0.0001,0.7264,0.7264
2024-01-05T00:00:00Z,LUNAUSDT,0.0001,0.7581,0.7581
2024-01-05T08:00:00Z,LUNAUSDT,0.0001,0.7283,0.7283
2024-01-05T16:00:00Z,LUNAUSDT,0.0001,0.7161,0.7161
2024-01-06T00:00:00Z,LUNAUSDT,0.0001,0.7256,0.7256
2024-01-06T08:00:00Z,LUNAUSDT,0.0001,0.6906,0.6906
2024-01-06T16:00:00Z,LUNAUSDT,0.0001,0.7112,0.7112
2024-01-07T00:00:00Z,LUNAUSDT,0.0001,0.7011,0.7011
2024-01-07T08:00:00Z,LUNAUSDT,0.0001,0.7127,0.7127
2024-01-07T16:00:00Z,LUNAUSDT,0.0001,0.6901,0.6901
2024-01-08T00:00:00Z,LUNAUSDT,0.0001,0.6646,0.6646
2024-01-08T08:00:00Z,LUNAUSDT,0.0001,0.6487,0.6487
2024-01-08T16:00:00Z,LUNAUSDT,0.0001,0.6845,0.6845
2024-01-09T00:00:00Z,LUNAUSDT,0.0001,0.7253,0.7253
2024-01-09T08:00:00Z,LUNAUSDT,0.0001,0.7139,0.7139
2024-01-09T16:00:00Z,LUNAUSDT,0.0001,0.6688,0.6688
2024-01-10T00:00:00Z,LUNAUSDT,0.0001,0.6777,0.6777
2024-01-10T08:00:00Z,LUNAUSDT,0.0001,0.6776,0.6776
2024-01-10T16:00:00Z,LUNAUSDT,0.0001,0.6745,0.6745
2024-01-11T00:00:00Z,LUNAUSDT,0.0001,0.7306,0.7306
2024-01-11T08:00:00Z,LUNAUSDT,0.0001,0.7239,0.7239
2024-01-11T16:00:00Z,LUNAUSDT,0.0001,0.724,0.724
2024-01-12T00:00:00Z,LUNAUSDT,0.0001,0.7307,0.7307
2024-01-12T08:00:00Z,LUNAUSDT,0.0001,0.7544,0.7544
2024-01-12T16:00:00Z,LUNAUSDT,0.0001,0.7219,0.7219
2024-01-13T00:00:00Z,LUNAUSDT,0.0001,0.6991,0.6991
2024-01-13T08:00:00Z,LUNAUSDT,0.0001,0.7066,0.7066
2024-01-13T16:00:00Z,LUNAUSDT,0.0001,0.7075,0.7075
2024-01-14T00:00:00Z,LUNAUSDT,0.0001,0.7522,0.7522
2024-01-14T08:00:00Z,LUNAUSDT,0.0001,0.7417,0.7417
2024-01-14T16:00:00Z,LUNAUSDT,0.0001,0.7603,0.7603
2024-01-15T00:00:00Z,LUNAUSDT,0.0001,0.7177,0.7177
2024-01-15T08:00:00Z,LUNAUSDT,0.0001,0.7353,0.7353
2024-01-15T16:00:00Z,LUNAUSDT,0.0001,0.715,0.715
2024-01-16T00:00:00Z,LUNAUSDT,0.0001,0.7334,0.7334
2024-01-16T08:00:00Z,LUNAUSDT,0.0001,0.7515,0.7515
2024-01-16T16:00:00Z,LUNAUSDT,0.0001,0.743,0.743
2024-01-17T00:00:00Z,LUNAUSDT,0.0001,0.7457,0.7457
2024-01-17T08:00:00Z,LUNAUSDT,0.0001,0.7266,0.7266
2024-01-17T16:00:00Z,LUNAUSDT,0.0001,0.7281,0.7281
2024-01-18T00:00:00Z,LUNAUSDT,0.0001,0.7336,0.7336
2024-01-18T08:00:00Z,LUNAUSDT,0.0001,0.7291,0.7291
2024-01-18T16:00:00Z,LUNAUSDT,0.0001,0.7194,0.7194
2024-01-19T00:00:00Z,LUNAUSDT,0.0001,0.691,0.691
2024-01-19T08:00:00Z,LUNAUSDT,0.0001,0.6839,0.6839
2024-01-19T16:00:00Z,LUNAUSDT,0.0001,0.6523,0.6523
2024-01-20T00:00:00Z,LUNAUSDT,0.0001,0.6594,0.6594
2024-01-20T08:00:00Z,LUNAUSDT,0.0001,0.6726,0.6726
2024-01-20T16:00:00Z,LUNAUSDT,0.0001,0.6596,0.6596
2024-01-21T00:00:00Z,LUNAUSDT,0.0001,0.6622,0.6622
2024-01-21T08:00:00Z,LUNAUSDT,0.0001,0.6613,0.6613
2024-01-21T16:00:00Z,LUNAUSDT,0.0001,0.6584,0.6584
2024-01-22T00:00:00Z,LUNAUSDT,0.0001,0.6485,0.6485
2024-01-22T08:00:00Z,LUNAUSDT,0.0001,0.6237,0.6237
2024-01-22T16:00:00Z,LUNAUSDT,0.0001,0.602,0.602
2024-01-23T00:00:00Z,LUNAUSDT,0.0001,0.5928,0.5928
2024-01-23T08:00:00Z,LUNAUSDT,0.0001,0.5933,0.5933
2024-01-23T16:00:00Z,LUNAUSDT,0.0001,0.5756,0.5756
2024-01-24T00:00:00Z,LUNAUSDT,0.0001,0.5862,0.5862
2024-01-24T08:00:00Z,LUNAUSDT,0.0001,0.5942,0.5942
2024-01-24T16:00:00Z,LUNAUSDT,0.0001,0.5944,0.5944
2024-01-25T00:00:00Z,LUNAUSDT,0.0001,0.6002,0.6002
2024-01-25T08:00:00Z,LUNAUSDT,0.0001,0.5878,0.5878
2024-01-25T16:00:00Z,LUNAUSDT,0.0001,0.582,0.582
2024-01-26T00:00:00Z,LUNAUSDT,0.0001,0.5868,0.5868
2024-01-26T08:00:00Z,LUNAUSDT,0.0001,0.5871,0.5871
2024-01-26T16:00:00Z,LUNAUSDT,0.0001,0.6117,0.6117
2024-01-27T00:00:00Z,LUNAUSDT,0.0001,0.6196,0.6196
2024-01-27T08:00:00Z,LUNAUSDT,0.0001,0.6482,0.6482
2024-01-27T16:00:00Z,LUNAUSDT,0.0001,0.652,0.652
2024-01-28T00:00:00Z,LUNAUSDT,0.0001,0.6529,0.6529
2024-01-28T08:00:00Z,LUNAUSDT,0.0001,0.6511,0.6511
2024-01-28T16:00:00Z,LUNAUSDT,0.0001,0.6455,0.6455
2024-01-29T00:00:00Z,LUNAUSDT,0.0001,0.6377,0.6377
2024-01-29T08:00:00Z,LUNAUSDT,0.0001,0.6409,0.6409
2024-01-29T16:00:00Z,LUNAUSDT,0.0001,0.6398,0.6398
2024-01-30T00:00:00Z,LUNAUSDT,0.0001,0.6485,0.6485
2024-01-30T08:00:00Z,LUNAUSDT,0.0001,0.6453,0.6453
2024-01-30T16:00:00Z,LUNAUSDT,0.0001,0.6384,0.6384
2024-01-31T00:00:00Z,LUNAUSDT,0.0001,0.6252,0.6252
2024-01-31T08:00:00Z,LUNAUSDT,0.0001,0.6216,0.6216
2024-01-31T16:00:00Z,LUNAUSDT,0.0001,0.6104,0.6104
2024-02-01T00:00:00Z,LUNAUSDT,0.0001,0.6039,0.6039
2024-02-01T08:00:00Z,LUNAUSDT,0.0001,0.5976,0.5976
2024-02-01T16:00:00Z,LUNAUSDT,0.0001,0.6031,0.6031
2024-02-02T00:00:00Z,LUNAUSDT,0.0001,0.6083,0.6083
2024-02-02T08:00:00Z,LUNAUSDT,0.0001,0.6189,0.6189
2024-02-02T16:00:00Z,LUNAUSDT,0.0001,0.62,0.62
2024-02-03T00:00:00Z,LUNAUSDT,0.0001,0.6224,0.6224
2024-02-03T08:00:00Z,LUNAUSDT,0.0001,0.6137,0.6137
2024-02-03T16:00:00Z,LUNAUSDT,0.0001,0.6118,0.6118
2024-02-04T00:00:00Z,LUNAUSDT,0.0001,0.6575,0.6575
2024-02-04T08:00:00Z,LUNAUSDT,0.0001,0.6312,0.6312
2024-02-04T16:00:00Z,LUNAUSDT,0.0001,0.6533,0.6533
2024-02-05T00:00:00Z,LUNAUSDT,0.0001,0.6305,0.6305
2024-02-05T08:00:00Z,LUNAUSDT,0.0001,0.6505,0.6505
2024-02-05T16:00:00Z,LUNAUSDT,0.0001,0.6361,0.6361
2024-02-06T00:00:00Z,LUNAUSDT,0.0001,0.6353,0.6353
2024-02-06T08:00:00Z,LUNAUSDT,0.0001,0.6354,0.6354
2024-02-06T16:00:00Z,LUNAUSDT,0.0001,0.6307,0.6307
2024-02-07T00:00:00Z,LUNAUSDT,0.0001,0.6411,0.6411
2024-02-07T08:00:00Z,LUNAUSDT,0.0001,0.6439,0.6439
2024-02-07T16:00:00Z,LUNAUSDT,0.0001,0.6605,0.6605
2024-02-08T00:00:00Z,LUNAUSDT,0.0001,0.6622,0.6622
2024-02-08T08:00:00Z,LUNAUSDT,0.0001,0.6536,0.6536
2024-02-08T16:00:00Z,LUNAUSDT,0.0001,0.6708,0.6708
2024-02-09T00:00:00Z,LUNAUSDT,0.0001,0.6577,0.6577
2024-02-09T08:00:00Z,LUNAUSDT,0.0001,0.6664,0.6664
2024-02-09T16:00:00Z,LUNAUSDT,0.0001,0.6646,0.6646
2024-02-10T00:00:00Z,LUNAUSDT,0.0001,0.6705,0.6705
2024-02-10T08:00:00Z,LUNAUSDT,0.0001,0.6784,0.6784
2024-02-10T16:00:00Z,LUNAUSDT,0.0001,0.6785,0.6785
2024-02-11T00:00:00Z,LUNAUSDT,0.0001,0.6844,0.6844
2024-02-11T08:00:00Z,LUNAUSDT,0.0001,0.6919,0.6919
2024-02-11T16:00:00Z,LUNAUSDT,0.0001,0.6731,0.6731
2024-02-12T00:00:00Z,LUNAUSDT,0.0001,0.662,0.662
2024-02-12T08:00:00Z,LUNAUSDT,0.0001,0.6543,0.6543
2024-02-12T16:00:00Z,LUNAUSDT,0.0001,0.6627,0.6627
2024-02-13T00:00:00Z,LUNAUSDT,0.0001,0.6767,0.6767
2024-02-13T08:00:00Z,LUNAUSDT,0.0001,0.6789,0.6789
2024-02-13T16:00:00Z,LUNAUSDT,0.0001,0.6572,0.6572
2024-02-14T00:00:00Z,LUNAUSDT,0.0001,0.6622,0.6622
2024-02-14T08:00:00Z,LUNAUSDT,0.0001,0.6679,0.6679
2024-02-14T16:00:00Z,LUNAUSDT,0.0001,0.6925,0.6925
2024-02-15T00:00:00Z,LUNAUSDT,0.0001,0.6932,0.6932
2024-02-15T08:00:00Z,LUNAUSDT,0.0001,0.7033,0.7033
2024-02-15T16:00:00Z,LUNAUSDT,0.0001,0.7447,0.7447
2024-02-16T00:00:00Z,LUNAUSDT,0.0001,0.7333,0.7333
2024-02-16T08:00:00Z,LUNAUSDT,0.0001,0.7289,0.7289
2024-02-16T16:00:00Z,LUNAUSDT,0.0001,0.7132,0.7132
2024-02-17T00:00:00Z,LUNAUSDT,0.0001,0.7163,0.7163
2024-02-17T08:00:00Z,LUNAUSDT,0.0001,0.7137,0.7137
2024-02-17T16:00:00Z,LUNAUSDT,0.0001,0.6959,0.6959
2024-02-18T00:00:00Z,LUNAUSDT,0.0001,0.7158,0.7158
2024-02-18T08:00:00Z,LUNAUSDT,0.0001,0.7134,0.7134
2024-02-18T16:00:00Z,LUNAUSDT,0.0001,0.7166,0.7166
2024-02-19T00:00:00Z,LUNAUSDT,0.0001,0.7166,0.7166
2024-02-19T08:00:00Z,LUNAUSDT,0.0001,0.732,0.732
2024-02-19T16:00:00Z,LUNAUSDT,0.0001,0.7166,0.7166
2024-02-20T00:00:00Z,LUNAUSDT,0.0001,0.7157,0.7157
2024-02-20T08:00:00Z,LUNAUSDT,0.0001,0.7198,0.7198
2024-02-20T16:00:00Z,LUNAUSDT,0.0001,0.6791,0.6791
2024-02-21T00:00:00Z,LUNAUSDT,0.0001,0.6873,0.6873
2024-02-21T08:00:00Z,LUNAUSDT,0.0001,0.6698,0.6698
2024-02-21T16:00:00Z,LUNAUSDT,0.0001,0.6566,0.6566
2024-02-22T00:00:00Z,LUNAUSDT,0.0001,0.6703,0.6703
2024-02-22T08:00:00Z,LUNAUSDT,0.0001,0.6757,0.6757
2024-02-22T16:00:00Z,LUNAUSDT,0.0001,0.6723,0.6723
2024-02-23T00:00:00Z,LUNAUSDT,0.0001,0.6612,0.6612
2024-02-23T08:00:00Z,LUNAUSDT,0.0001,0.6605,0.6605
2024-02-23T16:00:00Z,LUNAUSDT,0.0001,0.6552,0.6552
2024-02-24T00:00:00Z,LUNAUSDT,0.0001,0.6531,0.6531
2024-02-24T08:00:00Z,LUNAUSDT,0.0001,0.6601,0.6601
2024-02-24T16:00:00Z,LUNAUSDT,0.0001,0.6643,0.6643
2024-02-25T00:00:00Z,LUNAUSDT,0.0001,0.6673,0.6673
2024-02-25T08:00:00Z,LUNAUSDT,0.0001,0.6665,0.6665
2024-02-25T16:00:00Z,LUNAUSDT,0.0001,0.6637,0.6637
2024-02-26T00:00:00Z,LUNAUSDT,0.0001,0.6952,0.6952
2024-02-26T08:00:00Z,LUNAUSDT,0.0001,0.6807,0.6807
2024-02-26T16:00:00Z,LUNAUSDT,0.0001,0.6868,0.6868
2024-02-27T00:00:00Z,LUNAUSDT,0.0001,0.6931,0.6931
2024-02-27T08:00:00Z,LUNAUSDT,0.0001,0.7037,0.7037
2024-02-27T16:00:00Z,LUNAUSDT,0.0001,0.6923,0.6923
2024-02-28T00:00:00Z,LUNAUSDT,0.0001,0.707,0.707
2024-02-28T08:00:00Z,LUNAUSDT,0.0001,0.7105,0.7105
2024-02-28T16:00:00Z,LUNAUSDT,0.0001,0.7221,0.7221
2024-02-29T00:00:00Z,LUNAUSDT,0.0001,0.7157,0.7157
2024-02-29T08:00:00Z,LUNAUSDT,0.000821186003957344,0.7776,0.7776
2024-02-29T16:00:00Z,LUNAUSDT,0.000741039522082025,0.7613,0.7613
2024-03-01T00:00:00Z,LUNAUSDT,0.00011905904901307,0.7143,0.7143
2024-03-01T08:00:00Z,LUNAUSDT,0.000624142596572881,0.721,0.721
2024-03-01T16:00:00Z,LUNAUSDT,0.000493890105891929,0.7288,0.7288
2024-03-02T00:00:00Z,LUNAUSDT,0.000344648407775872,0.762,0.762
2024-03-02T08:00:00Z,LUNAUSDT,0.000430797820221413,0.8059,0.8059
2024-03-02T16:00:00Z,LUNAUSDT,0.000321086067238796,0.8501,0.8501
2024-03-03T00:00:00Z,LUNAUSDT,0.000615040469522898,0.867,0.867
2024-03-03T08:00:00Z,LUNAUSDT,0.000576024767540454,0.8037,0.8037
2024-03-03T16:00:00Z,LUNAUSDT,0.000393340013394188,0.8322,0.8322
2024-03-04T00:00:00Z,LUNAUSDT,0.000370986679732654,0.8365,0.8365
2024-03-04T08:00:00Z,LUNAUSDT,0.000425062060209283,0.8505,0.8505
2024-03-04T16:00:00Z,LUNAUSDT,0.000624387589867567,0.8386,0.8386
2024-03-05T00:00:00Z,LUNAUSDT,0.00129416915677572,0.8253,0.8253
2024-03-05T08:00:00Z,LUNAUSDT,0.001999422953006506,0.8232,0.8232
2024-03-05T16:00:00Z,LUNAUSDT,0.001301997164374707,1.41,1.41
2024-03-06T00:00:00Z,LUNAUSDT,0.000312391297757347,1.1903,1.1903
2024-03-06T08:00:00Z,LUNAUSDT,0.000977538618183729,1.3253,1.3253
2024-03-06T16:00:00Z,LUNAUSDT,0.001655715431826047,1.1299,1.1299
2024-03-07T00:00:00Z,LUNAUSDT,0.001851858299643403,1.1282,1.1282
2024-03-07T08:00:00Z,LUNAUSDT,0.000880564661616292,1.086,1.086
2024-03-07T16:00:00Z,LUNAUSDT,0.000756531939083249,1.1657,1.1657
2024-03-08T00:00:00Z,LUNAUSDT,0.001577840217710134,1.1657,1.1657
2024-03-08T08:00:00Z,LUNAUSDT,0.001888411698791606,1.1587,1.1587
2024-03-08T16:00:00Z,LUNAUSDT,0.001485420122037358,1.1055,1.1055
2024-03-09T00:00:00Z,LUNAUSDT,0.001294736199723107,1.143,1.143
2024-03-09T08:00:00Z,LUNAUSDT,0.001629004135034303,1.1497,1.1497
2024-03-09T16:00:00Z,LUNAUSDT,0.00164303186384877,1.1307,1.1307
2024-03-10T00:00:00Z,LUNAUSDT,0.001300154249307124,1.1387,1.1387
2024-03-10T08:00:00Z,LUNAUSDT,0.00171480697531451,1.1383,1.1383
2024-03-10T16:00:00Z,LUNAUSDT,0.001130033824940271,1.0731,1.0731
2024-03-11T00:00:00Z,LUNAUSDT,0.000958889491586933,1.0895,1.0895
2024-03-11T08:00:00Z,LUNAUSDT,0.001075169300962044,1.087,1.087
2024-03-11T16:00:00Z,LUNAUSDT,0.001753456288621059,1.1024,1.1024
2024-03-12T00:00:00Z,LUNAUSDT,0.001955894439304474,1.1361,1.1361
2024-03-12T08:00:00Z,LUNAUSDT,0.001884588977723735,1.0884,1.0884
2024-03-12T16:00:00Z,LUNAUSDT,0.001368020513440623,1.0861,1.0861
2024-03-13T00:00:00Z,LUNAUSDT,0.001349146586862181,1.0981,1.0981
2024-03-13T08:00:00Z,LUNAUSDT,0.001586806688611959,1.1098,1.1098
2024-03-13T16:00:00Z,LUNAUSDT,0.001529473924689969,1.06,1.06
2024-03-14T00:00:00Z,LUNAUSDT,0.001008284089152279,1.0727,1.0727
2024-03-14T08:00:00Z,LUNAUSDT,0.001150410566086413,1.0779,1.0779
2024-03-14T16:00:00Z,LUNAUSDT,0.001278390694194621,1.0393,1.0393
2024-03-15T00:00:00Z,LUNAUSDT,0.001144703802879226,1.0554,1.0554
2024-03-15T08:00:00Z,LUNAUSDT,0.000642940872477252,0.9897,0.9897
2024-03-15T16:00:00Z,LUNAUSDT,0.000219274036996801,0.9477,0.9477
2024-03-16T00:00:00Z,LUNAUSDT,0.0001,0.9727,0.9727
2024-03-16T08:00:00Z,LUNAUSDT,0.000412948413854777,0.9801,0.9801
2024-03-16T16:00:00Z,LUNAUSDT,0.000233441427184093,0.9311,0.9311
2024-03-17T00:00:00Z,LUNAUSDT,0.0001,0.8744,0.8744
2024-03-17T08:00:00Z,LUNAUSDT,0.0001,0.8721,0.8721
2024-03-17T16:00:00Z,LUNAUSDT,0.0001,0.9133,0.9133
2024-03-18T00:00:00Z,LUNAUSDT,0.0001,0.9114,0.9114
2024-03-18T08:00:00Z,LUNAUSDT,0.0001,0.9071,0.9071
2024-03-18T16:00:00Z,LUNAUSDT,0.0001,0.9461,0.9461
2024-03-19T00:00:00Z,LUNAUSDT,0.0001,0.908,0.908
2024-03-19T08:00:00Z,LUNAUSDT,0.0001,0.83,0.83
2024-03-19T16:00:00Z,LUNAUSDT,0.0001,0.8566,0.8566
2024-03-20T00:00:00Z,LUNAUSDT,0.0001,0.8119,0.8119
2024-03-20T08:00:00Z,LUNAUSDT,0.0001,0.838,0.838
2024-03-20T16:00:00Z,LUNAUSDT,0.0001,0.8254,0.8254
2024-03-21T00:00:00Z,LUNAUSDT,0.0001,0.8933,0.8933
2024-03-21T08:00:00Z,LUNAUSDT,0.0001,0.8832,0.8832
2024-03-21T16:00:00Z,LUNAUSDT,0.0001,0.9264,0.9264
2024-03-22T00:00:00Z,LUNAUSDT,0.0001,0.9428,0.9428
2024-03-22T08:00:00Z,LUNAUSDT,0.0001,0.9522,0.9522
2024-03-22T16:00:00Z,LUNAUSDT,0.0001,0.9163,0.9163
2024-03-23T00:00:00Z,LUNAUSDT,0.0001,1.0096,1.0096
2024-03-23T08:00:00Z,LUNAUSDT,0.0001,0.9923,0.9923
2024-03-23T16:00:00Z,LUNAUSDT,0.0001,1.1094,1.1094
2024-03-24T00:00:00Z,LUNAUSDT,0.0001,1.093,1.093
2024-03-24T08:00:00Z,LUNAUSDT,0.00028321825042601,1.1059,1.1059
2024-03-24T16:00:00Z,LUNAUSDT,0.0001,1.0795,1.0795
2024-03-25T00:00:00Z,LUNAUSDT,0.0001,1.258,1.258
2024-03-25T08:00:00Z,LUNAUSDT,0.0001,1.3566,1.3566
2024-03-25T16:00:00Z,LUNAUSDT,0.0001,1.285,1.285
2024-03-26T00:00:00Z,LUNAUSDT,0.0001,1.2638,1.2638
2024-03-26T08:00:00Z,LUNAUSDT,0.0001,1.2686,1.2686
2024-03-26T16:00:00Z,LUNAUSDT,0.0001,1.2046,1.2046
2024-03-27T00:00:00Z,LUNAUSDT,0.0001,1.1837,1.1837
2024-03-27T08:00:00Z,LUNAUSDT,0.000298581877825912,1.1711,1.1711
2024-03-27T16:00:00Z,LUNAUSDT,0.000142725216174144,1.1012,1.1012
2024-03-28T00:00:00Z,LUNAUSDT,0.0001,1.1007,1.1007
2024-03-28T08:00:00Z,LUNAUSDT,0.0001,1.1213,1.1213
2024-03-28T16:00:00Z,LUNAUSDT,0.0001,1.1098,1.1098
2024-03-29T00:00:00Z,LUNAUSDT,0.0001,1.1418,1.1418
2024-03-29T08:00:00Z,LUNAUSDT,0.000135630554050581,1.0754,1.0754
2024-03-29T16:00:00Z,LUNAUSDT,0.000590101189568355,1.0831,1.0831
2024-03-30T00:00:00Z,LUNAUSDT,0.000490085998687601,1.0896,1.0896
2024-03-30T08:00:00Z,LUNAUSDT,0.000340995300040381,1.0786,1.0786
2024-03-30T16:00:00Z,LUNAUSDT,0.000383510782444521,1.1135,1.1135
2024-03-31T00:00:00Z,LUNAUSDT,0.000382426706131991,1.0833,1.0833
2024-03-31T08:00:00Z,LUNAUSDT,0.000484655823390271,1.1057,1.1057
2024-03-31T16:00:00Z,LUNAUSDT,0.000559811843055948,1.1256,1.1256
2024-04-01T00:00:00Z,LUNAUSDT,0.000508621529727219,1.1598,1.1598
2024-04-01T08:00:00Z,LUNAUSDT,0.00027421066770777,1.0941,1.0941
2024-04-01T16:00:00Z,LUNAUSDT,0.0001,1.0533,1.0533
2024-04-02T00:00:00Z,LUNAUSDT,0.0001,1.0719,1.0719
2024-04-02T08:00:00Z,LUNAUSDT,0.0001,0.9924,0.9924
2024-04-02T16:00:00Z,LUNAUSDT,0.0001,0.9609,0.9609
2024-04-03T00:00:00Z,LUNAUSDT,0.0001,0.9606,0.9606
2024-04-03T08:00:00Z,LUNAUSDT,0.0001,0.9663,0.9663
2024-04-03T16:00:00Z,LUNAUSDT,0.0001,0.9443,0.9443
2024-04-04T00:00:00Z,LUNAUSDT,0.0001,0.9227,0.9227
2024-04-04T08:00:00Z,LUNAUSDT,0.0001,0.9267,0.9267
2024-04-04T16:00:00Z,LUNAUSDT,0.0001,0.9382,0.9382
2024-04-05T00:00:00Z,LUNAUSDT,0.0001,0.9323,0.9323
2024-04-05T08:00:00Z,LUNAUSDT,0.0001,0.8958,0.8958
2024-04-05T16:00:00Z,LUNAUSDT,0.0001,0.912,0.912
2024-04-06T00:00:00Z,LUNAUSDT,0.0001,0.8823,0.8823
2024-04-06T08:00:00Z,LUNAUSDT,0.0001,0.9001,0.9001
2024-04-06T16:00:00Z,LUNAUSDT,0.0001,0.8956,0.8956
2024-04-07T00:00:00Z,LUNAUSDT,0.0001,0.9008,0.9008
2024-04-07T08:00:00Z,LUNAUSDT,0.0001,0.9103,0.9103
2024-04-07T16:00:00Z,LUNAUSDT,0.0001,0.9164,0.9164
2024-04-08T00:00:00Z,LUNAUSDT,0.0001,0.9114,0.9114
2024-04-08T08:00:00Z,LUNAUSDT,0.0001,0.9111,0.9111
2024-04-08T16:00:00Z,LUNAUSDT,0.0001,0.9258,0.9258
2024-04-09T00:00:00Z,LUNAUSDT,0.0001,0.9428,0.9428
2024-04-09T08:00:00Z,LUNAUSDT,0.0001,0.9099,0.9099
2024-04-09T16:00:00Z,LUNAUSDT,0.0001,0.896,0.896
2024-04-10T00:00:00Z,LUNAUSDT,0.0001,0.8788,0.8788
2024-04-10T08:00:00Z,LUNAUSDT,0.0001,0.8705,0.8705
2024-04-10T16:00:00Z,LUNAUSDT,0.0001,0.8465,0.8465
2024-04-11T00:00:00Z,LUNAUSDT,0.000279485637711347,0.867,0.867
2024-04-11T08:00:00Z,LUNAUSDT,0.0001,0.8861,0.8861
2024-04-11T16:00:00Z,LUNAUSDT,0.0001,0.8566,0.8566
2024-04-12T00:00:00Z,LUNAUSDT,0.0001,0.8512,0.8512
2024-04-12T08:00:00Z,LUNAUSDT,0.000296883571162318,0.8497,0.8497
2024-04-12T16:00:00Z,LUNAUSDT,0.0001,0.8198,0.8198
2024-04-13T00:00:00Z,LUNAUSDT,0.0001,0.6804,0.6804
2024-04-13T08:00:00Z,LUNAUSDT,0.0001,0.6877,0.6877
2024-04-13T16:00:00Z,LUNAUSDT,0.0001,0.6817,0.6817
2024-04-14T00:00:00Z,LUNAUSDT,0.0001,0.5751,0.5751
2024-04-14T08:00:00Z,LUNAUSDT,0.0001,0.6231,0.6231
2024-04-14T16:00:00Z,LUNAUSDT,0.0001,0.5981,0.5981
2024-04-15T00:00:00Z,LUNAUSDT,0.0001,0.6235,0.6235
2024-04-15T08:00:00Z,LUNAUSDT,0.0001,0.6423,0.6423
2024-04-15T16:00:00Z,LUNAUSDT,0.0001,0.62,0.62
2024-04-16T00:00:00Z,LUNAUSDT,0.0001,0.6024,0.6024
2024-04-16T08:00:00Z,LUNAUSDT,0.0001,0.6112,0.6112
2024-04-16T16:00:00Z,LUNAUSDT,0.0001,0.5791,0.5791
2024-04-17T00:00:00Z,LUNAUSDT,0.0001,0.6065,0.6065
2024-04-17T08:00:00Z,LUNAUSDT,0.0001,0.6084,0.6084
2024-04-17T16:00:00Z,LUNAUSDT,0.0001,0.5783,0.5783
2024-04-18T00:00:00Z,LUNAUSDT,0.0001,0.5958,0.5958
2024-04-18T08:00:00Z,LUNAUSDT,0.0001,0.5838,0.5838
2024-04-18T16:00:00Z,LUNAUSDT,0.0001,0.6087,0.6087
2024-04-19T00:00:00Z,LUNAUSDT,0.0001,0.6086,0.6086
2024-04-19T08:00:00Z,LUNAUSDT,0.0001,0.6107,0.6107
2024-04-19T16:00:00Z,LUNAUSDT,0.0001,0.6164,0.6164
2024-04-20T00:00:00Z,LUNAUSDT,0.0001,0.6027,0.6027
2024-04-20T08:00:00Z,LUNAUSDT,0.0001,0.6122,0.6122
2024-04-20T16:00:00Z,LUNAUSDT,0.0001,0.6481,0.6481
2024-04-21T00:00:00Z,LUNAUSDT,0.0001,0.6659,0.6659
2024-04-21T08:00:00Z,LUNAUSDT,0.0001,0.6663,0.6663
2024-04-21T16:00:00Z,LUNAUSDT,0.0001,0.6578,0.6578
2024-04-22T00:00:00Z,LUNAUSDT,0.0001,0.6505,0.6505
2024-04-22T08:00:00Z,LUNAUSDT,0.0001,0.662,0.662
2024-04-22T16:00:00Z,LUNAUSDT,0.0001,0.6592,0.6592
2024-04-23T00:00:00Z,LUNAUSDT,0.0001,0.668,0.668
2024-04-23T08:00:00Z,LUNAUSDT,0.0001,0.6794,0.6794
2024-04-23T16:00:00Z,LUNAUSDT,0.0001,0.6725,0.6725
2024-04-24T00:00:00Z,LUNAUSDT,0.0001,0.6689,0.6689
2024-04-24T08:00:00Z,LUNAUSDT,0.0001,0.6741,0.6741
2024-04-24T16:00:00Z,LUNAUSDT,0.0001,0.638,0.638
2024-04-25T00:00:00Z,LUNAUSDT,0.0001,0.6262,0.6262
2024-04-25T08:00:00Z,LUNAUSDT,0.0001,0.618,0.618
2024-04-25T16:00:00Z,LUNAUSDT,0.0001,0.6326,0.6326
2024-04-26T00:00:00Z,LUNAUSDT,0.0001,0.637,0.637
2024-04-26T08:00:00Z,LUNAUSDT,0.0001,0.6328,0.6328
2024-04-26T16:00:00Z,LUNAUSDT,0.0001,0.6281,0.6281
2024-04-27T00:00:00Z,LUNAUSDT,0.0001,0.6205,0.6205
2024-04-27T08:00:00Z,LUNAUSDT,0.0001,0.6054,0.6054
2024-04-27T16:00:00Z,LUNAUSDT,0.0001,0.6065,0.6065
2024-04-28T00:00:00Z,LUNAUSDT,0.0001,0.6185,0.6185
2024-04-28T08:00:00Z,LUNAUSDT,0.0001,0.6241,0.6241
2024-04-28T16:00:00Z,LUNAUSDT,0.0001,0.6189,0.6189
2024-04-29T00:00:00Z,LUNAUSDT,0.0001,0.6021,0.6021
2024-04-29T08:00:00Z,LUNAUSDT,0.0001,0.5905,0.5905
2024-04-29T16:00:00Z,LUNAUSDT,0.0001,0.5953,0.5953
2024-04-30T00:00:00Z,LUNAUSDT,0.0001,0.5946,0.5946
2024-04-30T08:00:00Z,LUNAUSDT,0.0001,0.59,0.59
2024-04-30T16:00:00Z,LUNAUSDT,0.0001,0.5493,0.5493
2024-05-01T00:00:00Z,LUNAUSDT,0.0001,0.5558,0.5558
2024-05-01T08:00:00Z,LUNAUSDT,0.0001,0.5221,0.5221
2024-05-01T16:00:00Z,LUNAUSDT,0.0001,0.5355,0.5355
2024-05-02T00:00:00Z,LUNAUSDT,0.0001,0.5649,0.5649
2024-05-02T08:00:00Z,LUNAUSDT,0.0001,0.5542,0.5542
2024-05-02T16:00:00Z,LUNAUSDT,0.0001,0.5742,0.5742
2024-05-03T00:00:00Z,LUNAUSDT,0.0001,0.5787,0.5787
2024-05-03T08:00:00Z,LUNAUSDT,0.0001,0.5737,0.5737
2024-05-03T16:00:00Z,LUNAUSDT,0.0001,0.5935,0.5935
2024-05-04T00:00:00Z,LUNAUSDT,0.0001,0.5999,0.5999
2024-05-04T08:00:00Z,LUNAUSDT,0.0001,0.5956,0.5956
2024-05-04T16:00:00Z,LUNAUSDT,0.0001,0.6034,0.6034
2024-05-05T00:00:00Z,LUNAUSDT,0.0001,0.6019,0.6019
2024-05-05T08:00:00Z,LUNAUSDT,0.0001,0.5935,0.5935
2024-05-05T16:00:00Z,LUNAUSDT,0.0001,0.6062,0.6062
2024-05-06T00:00:00Z,LUNAUSDT,0.0001,0.6338,0.6338
2024-05-06T08:00:00Z,LUNAUSDT,0.0001,0.639,0.639
2024-05-06T16:00:00Z,LUNAUSDT,0.0001,0.6166,0.6166
2024-05-07T00:00:00Z,LUNAUSDT,0.0001,0.6078,0.6078
2024-05-07T08:00:00Z,LUNAUSDT,0.0001,0.6038,0.6038
2024-05-07T16:00:00Z,LUNAUSDT,0.0001,0.607,0.607
2024-05-08T00:00:00Z,LUNAUSDT,0.0001,0.5876,0.5876
2024-05-08T08:00:00Z,LUNAUSDT,0.0001,0.644,0.644
2024-05-08T16:00:00Z,LUNAUSDT,0.0001,0.6461,0.6461
2024-05-09T00:00:00Z,LUNAUSDT,0.0001,0.6173,0.6173
2024-05-09T08:00:00Z,LUNAUSDT,0.0001,0.6133,0.6133
2024-05-09T16:00:00Z,LUNAUSDT,0.0001,0.6158,0.6158
2024-05-10T00:00:00Z,LUNAUSDT,0.0001,0.6191,0.6191
2024-05-10T08:00:00Z,LUNAUSDT,0.0001,0.6197,0.6197
2024-05-10T16:00:00Z,LUNAUSDT,0.0001,0.5844,0.5844
2024-05-11T00:00:00Z,LUNAUSDT,0.0001,0.5891,0.5891
2024-05-11T08:00:00Z,LUNAUSDT,0.0001,0.5926,0.5926
2024-05-11T16:00:00Z,LUNAUSDT,0.0001,0.6076,0.6076
2024-05-12T00:00:00Z,LUNAUSDT,0.0001,0.5985,0.5985
2024-05-12T08:00:00Z,LUNAUSDT,0.0001,0.5933,0.5933
2024-05-12T16:00:00Z,LUNAUSDT,0.0001,0.6,0.6
2024-05-13T00:00:00Z,LUNAUSDT,0.0001,0.5948,0.5948
2024-05-13T08:00:00Z,LUNAUSDT,0.0001,0.5822,0.5822
2024-05-13T16:00:00Z,LUNAUSDT,0.0001,0.5844,0.5844
2024-05-14T00:00:00Z,LUNAUSDT,0.0001,0.5765,0.5765
2024-05-14T08:00:00Z,LUNAUSDT,0.0001,0.5732,0.5732
2024-05-14T16:00:00Z,LUNAUSDT,0.0001,0.5599,0.5599
2024-05-15T00:00:00Z,LUNAUSDT,0.0001,0.5551,0.5551
2024-05-15T08:00:00Z,LUNAUSDT,0.0001,0.5627,0.5627
2024-05-15T16:00:00Z,LUNAUSDT,0.0001,0.5726,0.5726
2024-05-16T00:00:00Z,LUNAUSDT,0.0001,0.5889,0.5889
2024-05-16T08:00:00Z,LUNAUSDT,0.0001,0.5947,0.5947
2024-05-16T16:00:00Z,LUNAUSDT,0.0001,0.571,0.571
2024-05-17T00:00:00Z,LUNAUSDT,0.0001,0.5776,0.5776
2024-05-17T08:00:00Z,LUNAUSDT,0.0001,0.5877,0.5877
2024-05-17T16:00:00Z,LUNAUSDT,0.0001,0.5937,0.5937
2024-05-18T00:00:00Z,LUNAUSDT,0.0001,0.5934,0.5934
2024-05-18T08:00:00Z,LUNAUSDT,0.0001,0.5967,0.5967
2024-05-18T16:00:00Z,LUNAUSDT,0.0001,0.5848,0.5848
2024-05-19T00:00:00Z,LUNAUSDT,0.0001,0.5877,0.5877
2024-05-19T08:00:00Z,LUNAUSDT,0.0001,0.5839,0.5839
2024-05-19T16:00:00Z,LUNAUSDT,0.0001,0.5704,0.5704
2024-05-20T00:00:00Z,LUNAUSDT,0.0001,0.5638,0.5638
2024-05-20T08:00:00Z,LUNAUSDT,0.0001,0.5702,0.5702
2024-05-20T16:00:00Z,LUNAUSDT,0.0001,0.5758,0.5758
2024-05-21T00:00:00Z,LUNAUSDT,0.0001,0.6087,0.6087
2024-05-21T08:00:00Z,LUNAUSDT,0.0001,0.6081,0.6081
2024-05-21T16:00:00Z,LUNAUSDT,0.0001,0.6052,0.6052
2024-05-22T00:00:00Z,LUNAUSDT,0.0001,0.6083,0.6083
2024-05-22T08:00:00Z,LUNAUSDT,0.0001,0.6051,0.6051
2024-05-22T16:00:00Z,LUNAUSDT,0.0001,0.6349,0.6349
2024-05-23T00:00:00Z,LUNAUSDT,0.0001,0.6263,0.6263
2024-05-23T08:00:00Z,LUNAUSDT,0.0001,0.6284,0.6284
2024-05-23T16:00:00Z,LUNAUSDT,0.0001,0.5962,0.5962
2024-05-24T00:00:00Z,LUNAUSDT,0.0001,0.5982,0.5982
2024-05-24T08:00:00Z,LUNAUSDT,0.0001,0.5931,0.5931
2024-05-24T16:00:00Z,LUNAUSDT,0.0001,0.6038,0.6038
2024-05-25T00:00:00Z,LUNAUSDT,0.0001,0.6102,0.6102
2024-05-25T08:00:00Z,LUNAUSDT,0.0001,0.6103,0.6103
2024-05-25T16:00:00Z,LUNAUSDT,0.0001,0.6077,0.6077
2024-05-26T00:00:00Z,LUNAUSDT,0.0001,0.6168,0.6168
2024-05-26T08:00:00Z,LUNAUSDT,0.0001,0.6078,0.6078
2024-05-26T16:00:00Z,LUNAUSDT,0.0001,0.5987,0.5987
2024-05-27T00:00:00Z,LUNAUSDT,0.0001,0.5971,0.5971
2024-05-27T08:00:00Z,LUNAUSDT,0.0001,0.5985,0.5985
2024-05-27T16:00:00Z,LUNAUSDT,0.0001,0.6143,0.6143
2024-05-28T00:00:00Z,LUNAUSDT,0.0001,0.6146,0.6146
2024-05-28T08:00:00Z,LUNAUSDT,0.0001,0.5979,0.5979
2024-05-28T16:00:00Z,LUNAUSDT,0.0001,0.6033,0.6033
2024-05-29T00:00:00Z,LUNAUSDT,0.0001,0.6082,0.6082
2024-05-29T08:00:00Z,LUNAUSDT,0.0001,0.6214,0.6214
2024-05-29T16:00:00Z,LUNAUSDT,0.0001,0.6088,0.6088
2024-05-30T00:00:00Z,LUNAUSDT,0.0001,0.6048,0.6048
2024-05-30T08:00:00Z,LUNAUSDT,0.0001,0.5868,0.5868
2024-05-30T16:00:00Z,LUNAUSDT,0.0001,0.775,0.775
2024-05-31T00:00:00Z,LUNAUSDT,0.0001,0.6798,0.6798
2024-05-31T08:00:00Z,LUNAUSDT,0.0001,0.6732,0.6732
2024-05-31T16:00:00Z,LUNAUSDT,0.0001,0.6716,0.6716
2024-06-01T00:00:00Z,LUNAUSDT,0.0001,0.6676,0.6676
2024-06-01T08:00:00Z,LUNAUSDT,0.0001,0.6532,0.6532
2024-06-01T16:00:00Z,LUNAUSDT,0.0001,0.656,0.656
2024-06-02T00:00:00Z,LUNAUSDT,0.0001,0.6819,0.6819
2024-06-02T08:00:00Z,LUNAUSDT,0.0001,0.6581,0.6581
2024-06-02T16:00:00Z,LUNAUSDT,0.0001,0.6652,0.6652
2024-06-03T00:00:00Z,LUNAUSDT,0.0001,0.6433,0.6433
2024-06-03T08:00:00Z,LUNAUSDT,0.0001,0.6551,0.6551
2024-06-03T16:00:00Z,LUNAUSDT,0.0001,0.649,0.649
2024-06-04T00:00:00Z,LUNAUSDT,0.0001,0.6427,0.6427
2024-06-04T08:00:00Z,LUNAUSDT,0.0001,0.6521,0.6521
2024-06-04T16:00:00Z,LUNAUSDT,0.0001,0.6435,0.6435
2024-06-05T00:00:00Z,LUNAUSDT,0.0001,0.6493,0.6493
2024-06-05T08:00:00Z,LUNAUSDT,0.0001,0.6528,0.6528
2024-06-05T16:00:00Z,LUNAUSDT,0.0001,0.6515,0.6515
2024-06-06T00:00:00Z,LUNAUSDT,0.0001,0.6603,0.6603
2024-06-06T08:00:00Z,LUNAUSDT,0.0001,0.6578,0.6578
2024-06-06T16:00:00Z,LUNAUSDT,0.0001,0.6509,0.6509
2024-06-07T00:00:00Z,LUNAUSDT,0.0001,0.655,0.655
2024-06-07T08:00:00Z,LUNAUSDT,0.0001,0.6598,0.6598
2024-06-07T16:00:00Z,LUNAUSDT,0.0001,0.6537,0.6537
2024-06-08T00:00:00Z,LUNAUSDT,0.0001,0.5806,0.5806
2024-06-08T08:00:00Z,LUNAUSDT,0.0001,0.5846,0.5846
2024-06-08T16:00:00Z,LUNAUSDT,0.0001,0.5702,0.5702
2024-06-09T00:00:00Z,LUNAUSDT,0.0001,0.5582,0.5582
2024-06-09T08:00:00Z,LUNAUSDT,0.0001,0.5631,0.5631
2024-06-09T16:00:00Z,LUNAUSDT,0.0001,0.5711,0.5711
2024-06-10T00:00:00Z,LUNAUSDT,0.0001,0.5729,0.5729
2024-06-10T08:00:00Z,LUNAUSDT,0.0001,0.5595,0.5595
2024-06-10T16:00:00Z,LUNAUSDT,0.0001,0.5839,0.5839
2024-06-11T00:00:00Z,LUNAUSDT,0.0001,0.5675,0.5675
2024-06-11T08:00:00Z,LUNAUSDT,0.0001,0.5565,0.5565
2024-06-11T16:00:00Z,LUNAUSDT,0.0001,0.535,0.535
2024-06-12T00:00:00Z,LUNAUSDT,0.0001,0.5444,0.5444
2024-06-12T08:00:00Z,LUNAUSDT,0.0001,0.5452,0.5452
2024-06-12T16:00:00Z,LUNAUSDT,0.0001,0.566,0.566
2024-06-13T00:00:00Z,LUNAUSDT,0.0001,0.5628,0.5628
2024-06-13T08:00:00Z,LUNAUSDT,0.0001,0.5397,0.5397
2024-06-13T16:00:00Z,LUNAUSDT,0.0001,0.5198,0.5198
2024-06-14T00:00:00Z,LUNAUSDT,0.0001,0.5229,0.5229
2024-06-14T08:00:00Z,LUNAUSDT,0.0001,0.5277,0.5277
2024-06-14T16:00:00Z,LUNAUSDT,0.0001,0.5153,0.5153
2024-06-15T00:00:00Z,LUNAUSDT,0.0001,0.493,0.493
2024-06-15T08:00:00Z,LUNAUSDT,0.0001,0.5005,0.5005
2024-06-15T16:00:00Z,LUNAUSDT,0.0001,0.5031,0.5031
2024-06-16T00:00:00Z,LUNAUSDT,0.0001,0.4963,0.4963
2024-06-16T08:00:00Z,LUNAUSDT,0.0001,0.5076,0.5076
2024-06-16T16:00:00Z,LUNAUSDT,0.0001,0.5232,0.5232
2024-06-17T00:00:00Z,LUNAUSDT,0.0001,0.5191,0.5191
2024-06-17T08:00:00Z,LUNAUSDT,0.0001,0.4977,0.4977
2024-06-17T16:00:00Z,LUNAUSDT,0.0001,0.4757,0.4757
2024-06-18T00:00:00Z,LUNAUSDT,0.0001,0.4709,0.4709
2024-06-18T08:00:00Z,LUNAUSDT,0.0001,0.4354,0.4354
2024-06-18T16:00:00Z,LUNAUSDT,0.0001,0.4305,0.4305
2024-06-19T00:00:00Z,LUNAUSDT,0.0001,0.4353,0.4353
2024-06-19T08:00:00Z,LUNAUSDT,0.0001,0.4409,0.4409
2024-06-19T16:00:00Z,LUNAUSDT,0.0001,0.4333,0.4333
2024-06-20T00:00:00Z,LUNAUSDT,0.0001,0.4422,0.4422
2024-06-20T08:00:00Z,LUNAUSDT,0.0001,0.455,0.455
2024-06-20T16:00:00Z,LUNAUSDT,0.0001,0.4368,0.4368
2024-06-21T00:00:00Z,LUNAUSDT,0.0001,0.4364,0.4364
2024-06-21T08:00:00Z,LUNAUSDT,0.0001,0.4331,0.4331
2024-06-21T16:00:00Z,LUNAUSDT,0.0001,0.434,0.434
2024-06-22T00:00:00Z,LUNAUSDT,0.0001,0.431,0.431
2024-06-22T08:00:00Z,LUNAUSDT,0.0001,0.4024,0.4024
2024-06-22T16:00:00Z,LUNAUSDT,0.0001,0.4143,0.4143
2024-06-23T00:00:00Z,LUNAUSDT,0.0001,0.4076,0.4076
2024-06-23T08:00:00Z,LUNAUSDT,0.0001,0.4157,0.4157
2024-06-23T16:00:00Z,LUNAUSDT,0.0001,0.4046,0.4046
2024-06-24T00:00:00Z,LUNAUSDT,0.0001,0.4012,0.4012
2024-06-24T08:00:00Z,LUNAUSDT,0.0001,0.3976,0.3976
2024-06-24T16:00:00Z,LUNAUSDT,0.0001,0.419,0.419
2024-06-25T00:00:00Z,LUNAUSDT,0.0001,0.4235,0.4235
2024-06-25T08:00:00Z,LUNAUSDT,0.0001,0.4244,0.4244
2024-06-25T16:00:00Z,LUNAUSDT,0.0001,0.4335,0.4335
2024-06-26T00:00:00Z,LUNAUSDT,0.0001,0.4293,0.4293
2024-06-26T08:00:00Z,LUNAUSDT,0.0001,0.4283,0.4283
2024-06-26T16:00:00Z,LUNAUSDT,0.0001,0.426,0.426
2024-06-27T00:00:00Z,LUNAUSDT,0.0001,0.4248,0.4248
2024-06-27T08:00:00Z,LUNAUSDT,0.0001,0.4183,0.4183
2024-06-27T16:00:00Z,LUNAUSDT,0.0001,0.4294,0.4294
2024-06-28T00:00:00Z,LUNAUSDT,0.0001,0.4304,0.4304
2024-06-28T08:00:00Z,LUNAUSDT,0.0001,0.4321,0.4321
2024-06-28T16:00:00Z,LUNAUSDT,0.0001,0.434,0.434
2024-06-29T00:00:00Z,LUNAUSDT,0.0001,0.4193,0.4193
2024-06-29T08:00:00Z,LUNAUSDT,0.0001,0.4275,0.4275
2024-06-29T16:00:00Z,LUNAUSDT,0.0001,0.4267,0.4267
2024-06-30T00:00:00Z,LUNAUSDT,0.0001,0.4159,0.4159
2024-06-30T08:00:00Z,LUNAUSDT,0.0001,0.4212,0.4212
2024-06-30T16:00:00Z,LUNAUSDT,0.0001,0.4227,0.4227
2024-07-01T00:00:00Z,LUNAUSDT,0.0001,0.4306,0.4306
2024-07-01T08:00:00Z,LUNAUSDT,0.0001,0.4316,0.4316
2024-07-01T16:00:00Z,LUNAUSDT,0.0001,0.4252,0.4252
2024-07-02T00:00:00Z,LUNAUSDT,0.0001,0.4237,0.4237
2024-07-02T08:00:00Z,LUNAUSDT,0.0001,0.4233,0.4233
2024-07-02T16:00:00Z,LUNAUSDT,0.0001,0.4206,0.4206
2024-07-03T00:00:00Z,LUNAUSDT,0.0001,0.4248,0.4248
2024-07-03T08:00:00Z,LUNAUSDT,0.0001,0.4114,0.4114
2024-07-03T16:00:00Z,LUNAUSDT,0.0001,0.4026,0.4026
2024-07-04T00:00:00Z,LUNAUSDT,0.0001,0.3991,0.3991
2024-07-04T08:00:00Z,LUNAUSDT,0.0001,0.3824,0.3824
2024-07-04T16:00:00Z,LUNAUSDT,0.0001,0.3786,0.3786
2024-07-05T00:00:00Z,LUNAUSDT,0.0001,0.3589,0.3589
2024-07-05T08:00:00Z,LUNAUSDT,0.0001,0.3235,0.3235
2024-07-05T16:00:00Z,LUNAUSDT,0.0001,0.3369,0.3369
2024-07-06T00:00:00Z,LUNAUSDT,0.0001,0.3353,0.3353
2024-07-06T08:00:00Z,LUNAUSDT,0.0001,0.3462,0.3462
2024-07-06T16:00:00Z,LUNAUSDT,0.0001,0.3614,0.3614
2024-07-07T00:00:00Z,LUNAUSDT,0.0001,0.3699,0.3699
2024-07-07T08:00:00Z,LUNAUSDT,0.0001,0.3672,0.3672
2024-07-07T16:00:00Z,LUNAUSDT,0.0001,0.3574,0.3574
2024-07-08T00:00:00Z,LUNAUSDT,0.0001,0.3535,0.3535
2024-07-08T08:00:00Z,LUNAUSDT,0.0001,0.3534,0.3534
2024-07-08T16:00:00Z,LUNAUSDT,0.0001,0.364,0.364
2024-07-09T00:00:00Z,LUNAUSDT,0.0001,0.3675,0.3675
2024-07-09T08:00:00Z,LUNAUSDT,0.0001,0.3715,0.3715
2024-07-09T16:00:00Z,LUNAUSDT,0.0001,0.3752,0.3752
2024-07-10T00:00:00Z,LUNAUSDT,0.0001,0.3801,0.3801
2024-07-10T08:00:00Z,LUNAUSDT,0.0001,0.3833,0.3833
2024-07-10T16:00:00Z,LUNAUSDT,0.0001,0.3811,0.3811
2024-07-11T00:00:00Z,LUNAUSDT,0.0001,0.3814,0.3814
2024-07-11T08:00:00Z,LUNAUSDT,0.0001,0.3806,0.3806
2024-07-11T16:00:00Z,LUNAUSDT,0.0001,0.3774,0.3774
2024-07-12T00:00:00Z,LUNAUSDT,0.0001,0.3709,0.3709
2024-07-12T08:00:00Z,LUNAUSDT,0.0001,0.3762,0.3762
2024-07-12T16:00:00Z,LUNAUSDT,0.0001,0.3758,0.3758
2024-07-13T00:00:00Z,LUNAUSDT,0.0001,0.3766,0.3766
2024-07-13T08:00:00Z,LUNAUSDT,0.0001,0.3807,0.3807
2024-07-13T16:00:00Z,LUNAUSDT,0.0001,0.3797,0.3797
2024-07-14T00:00:00Z,LUNAUSDT,0.0001,0.3833,0.3833
2024-07-14T08:00:00Z,LUNAUSDT,0.0001,0.387,0.387
2024-07-14T16:00:00Z,LUNAUSDT,0.0001,0.3831,0.3831
2024-07-15T00:00:00Z,LUNAUSDT,0.0001,0.389,0.389
2024-07-15T08:00:00Z,LUNAUSDT,0.0001,0.3988,0.3988
2024-07-15T16:00:00Z,LUNAUSDT,0.0001,0.4089,0.4089
2024-07-16T00:00:00Z,LUNAUSDT,0.0001,0.4229,0.4229
2024-07-16T08:00:00Z,LUNAUSDT,0.0001,0.4043,0.4043
2024-07-16T16:00:00Z,LUNAUSDT,0.0001,0.4213,0.4213
2024-07-17T00:00:00Z,LUNAUSDT,0.0001,0.4511,0.4511
2024-07-17T08:00:00Z,LUNAUSDT,0.0001,0.4509,0.4509
2024-07-17T16:00:00Z,LUNAUSDT,0.0001,0.4422,0.4422
2024-07-18T00:00:00Z,LUNAUSDT,0.0001,0.4453,0.4453
2024-07-18T08:00:00Z,LUNAUSDT,0.0001,0.442,0.442
2024-07-18T16:00:00Z,LUNAUSDT,0.0001,0.4253,0.4253
2024-07-19T00:00:00Z,LUNAUSDT,0.0001,0.431,0.431
2024-07-19T08:00:00Z,LUNAUSDT,0.0001,0.4236,0.4236
2024-07-19T16:00:00Z,LUNAUSDT,0.0001,0.4455,0.4455
2024-07-20T00:00:00Z,LUNAUSDT,0.0001,0.4477,0.4477
2024-07-20T08:00:00Z,LUNAUSDT,0.0001,0.4554,0.4554
2024-07-20T16:00:00Z,LUNAUSDT,0.0001,0.4536,0.4536
2024-07-21T00:00:00Z,LUNAUSDT,0.0001,0.4474,0.4474
2024-07-21T08:00:00Z,LUNAUSDT,0.0001,0.4387,0.4387
2024-07-21T16:00:00Z,LUNAUSDT,0.0001,0.4444,0.4444
2024-07-22T00:00:00Z,LUNAUSDT,0.0001,0.4514,0.4514
2024-07-22T08:00:00Z,LUNAUSDT,0.0001,0.434,0.434
2024-07-22T16:00:00Z,LUNAUSDT,0.0001,0.4352,0.4352
2024-07-23T00:00:00Z,LUNAUSDT,0.0001,0.4299,0.4299
2024-07-23T08:00:00Z,LUNAUSDT,0.0001,0.4228,0.4228
2024-07-23T16:00:00Z,LUNAUSDT,0.0001,0.4209,0.4209
2024-07-24T00:00:00Z,LUNAUSDT,0.0001,0.4153,0.4153
2024-07-24T08:00:00Z,LUNAUSDT,0.0001,0.4264,0.4264
2024-07-24T16:00:00Z,LUNAUSDT,0.0001,0.4199,0.4199
2024-07-25T00:00:00Z,LUNAUSDT,0.0001,0.4098,0.4098
2024-07-25T08:00:00Z,LUNAUSDT,0.0001,0.3919,0.3919
2024-07-25T16:00:00Z,LUNAUSDT,0.0001,0.3917,0.3917
2024-07-26T00:00:00Z,LUNAUSDT,0.0001,0.3927,0.3927
2024-07-26T08:00:00Z,LUNAUSDT,0.0001,0.404,0.404
2024-07-26T16:00:00Z,LUNAUSDT,0.0001,0.4068,0.4068
2024-07-27T00:00:00Z,LUNAUSDT,0.0001,0.4162,0.4162
2024-07-27T08:00:00Z,LUNAUSDT,0.0001,0.4147,0.4147
2024-07-27T16:00:00Z,LUNAUSDT,0.0001,0.4096,0.4096
2024-07-28T00:00:00Z,LUNAUSDT,0.0001,0.411,0.411
2024-07-28T08:00:00Z,LUNAUSDT,0.0001,0.4063,0.4063
2024-07-28T16:00:00Z,LUNAUSDT,0.0001,0.4118,0.4118
2024-07-29T00:00:00Z,LUNAUSDT,0.0001,0.4067,0.4067
2024-07-29T08:00:00Z,LUNAUSDT,0.0001,0.4156,0.4156
2024-07-29T16:00:00Z,LUNAUSDT,0.0001,0.4094,0.4094
2024-07-30T00:00:00Z,LUNAUSDT,0.0001,0.4049,0.4049
2024-07-30T08:00:00Z,LUNAUSDT,0.0001,0.4089,0.4089
2024-07-30T16:00:00Z,LUNAUSDT,0.0001,0.4043,0.4043
2024-07-31T00:00:00Z,LUNAUSDT,0.0001,0.3957,0.3957
2024-07-31T08:00:00Z,LUNAUSDT,0.0001,0.3946,0.3946
2024-07-31T16:00:00Z,LUNAUSDT,0.0001,0.3963,0.3963
2024-08-01T00:00:00Z,LUNAUSDT,0.0001,0.3823,0.3823
2024-08-01T08:00:00Z,LUNAUSDT,0.0001,0.3711,0.3711
2024-08-01T16:00:00Z,LUNAUSDT,0.0001,0.3653,0.3653
2024-08-02T00:00:00Z,LUNAUSDT,0.0001,0.3746,0.3746
2024-08-02T08:00:00Z,LUNAUSDT,0.0001,0.3637,0.3637
2024-08-02T16:00:00Z,LUNAUSDT,0.0001,0.3573,0.3573
2024-08-03T00:00:00Z,LUNAUSDT,0.0001,0.349,0.349
2024-08-03T08:00:00Z,LUNAUSDT,0.0001,0.349,0.349
2024-08-03T16:00:00Z,LUNAUSDT,0.0001,0.3386,0.3386
2024-08-04T00:00:00Z,LUNAUSDT,0.0001,0.3306,0.3306
2024-08-04T08:00:00Z,LUNAUSDT,0.0001,0.3315,0.3315
2024-08-04T16:00:00Z,LUNAUSDT,0.0001,0.3153,0.3153
2024-08-05T00:00:00Z,LUNAUSDT,0.0001,0.3143,0.3143
2024-08-05T08:00:00Z,LUNAUSDT,0.0001,0.2753,0.2753
2024-08-05T16:00:00Z,LUNAUSDT,0.0001,0.2883,0.2883
2024-08-06T00:00:00Z,LUNAUSDT,0.0001,0.2872,0.2872
2024-08-06T08:00:00Z,LUNAUSDT,0.0001,0.314,0.314
2024-08-06T16:00:00Z,LUNAUSDT,0.0001,0.3135,0.3135
2024-08-07T00:00:00Z,LUNAUSDT,0.0001,0.3103,0.3103
2024-08-07T08:00:00Z,LUNAUSDT,0.0001,0.3181,0.3181
2024-08-07T16:00:00Z,LUNAUSDT,0.0001,0.3095,0.3095
2024-08-08T00:00:00Z,LUNAUSDT,0.0001,0.3041,0.3041
2024-08-08T08:00:00Z,LUNAUSDT,0.0001,0.3161,0.3161
2024-08-08T16:00:00Z,LUNAUSDT,0.0001,0.3246,0.3246
2024-08-09T00:00:00Z,LUNAUSDT,0.0001,0.3341,0.3341
2024-08-09T08:00:00Z,LUNAUSDT,0.0001,0.3282,0.3282
2024-08-09T16:00:00Z,LUNAUSDT,0.0001,0.3204,0.3204
2024-08-10T00:00:00Z,LUNAUSDT,0.0001,0.3268,0.3268
2024-08-10T08:00:00Z,LUNAUSDT,0.0001,0.3257,0.3257
2024-08-10T16:00:00Z,LUNAUSDT,0.0001,0.3271,0.3271
2024-08-11T00:00:00Z,LUNAUSDT,0.0001,0.3568,0.3568
2024-08-11T08:00:00Z,LUNAUSDT,0.0001,0.3559,0.3559
2024-08-11T16:00:00Z,LUNAUSDT,0.0001,0.3353,0.3353
2024-08-12T00:00:00Z,LUNAUSDT,0.0001,0.3227,0.3227
2024-08-12T08:00:00Z,LUNAUSDT,0.0001,0.3283,0.3283
2024-08-12T16:00:00Z,LUNAUSDT,0.0001,0.335,0.335
2024-08-13T00:00:00Z,LUNAUSDT,0.0001,0.3347,0.3347
2024-08-13T08:00:00Z,LUNAUSDT,0.0001,0.3304,0.3304
2024-08-13T16:00:00Z,LUNAUSDT,0.0001,0.3311,0.3311
2024-08-14T00:00:00Z,LUNAUSDT,0.0001,0.3337,0.3337
2024-08-14T08:00:00Z,LUNAUSDT,0.0001,0.3335,0.3335
2024-08-14T16:00:00Z,LUNAUSDT,0.0001,0.3256,0.3256
2024-08-15T00:00:00Z,LUNAUSDT,0.0001,0.3282,0.3282
2024-08-15T08:00:00Z,LUNAUSDT,0.0001,0.3218,0.3218
2024-08-15T16:00:00Z,LUNAUSDT,0.0001,0.3266,0.3266
2024-08-16T00:00:00Z,LUNAUSDT,0.0001,0.3127,0.3127
2024-08-16T08:00:00Z,LUNAUSDT,0.0001,0.3183,0.3183
2024-08-16T16:00:00Z,LUNAUSDT,0.0001,0.3063,0.3063
2024-08-17T00:00:00Z,LUNAUSDT,0.0001,0.3137,0.3137
2024-08-17T08:00:00Z,LUNAUSDT,0.0001,0.3128,0.3128
2024-08-17T16:00:00Z,LUNAUSDT,0.0001,0.3132,0.3132
2024-08-18T00:00:00Z,LUNAUSDT,0.0001,0.3165,0.3165
2024-08-18T08:00:00Z,LUNAUSDT,0.0001,0.3147,0.3147
2024-08-18T16:00:00Z,LUNAUSDT,0.0001,0.3222,0.3222
2024-08-19T00:00:00Z,LUNAUSDT,0.0001,0.3167,0.3167
2024-08-19T08:00:00Z,LUNAUSDT,0.0001,0.3177,0.3177
2024-08-19T16:00:00Z,LUNAUSDT,0.0001,0.3199,0.3199
2024-08-20T00:00:00Z,LUNAUSDT,0.0001,0.3253,0.3253
2024-08-20T08:00:00Z,LUNAUSDT,0.0001,0.3288,0.3288
2024-08-20T16:00:00Z,LUNAUSDT,0.0001,0.3254,0.3254
2024-08-21T00:00:00Z,LUNAUSDT,0.0001,0.3282,0.3282
2024-08-21T08:00:00Z,LUNAUSDT,0.0001,0.3345,0.3345
2024-08-21T16:00:00Z,LUNAUSDT,0.0001,0.3297,0.3297
2024-08-22T00:00:00Z,LUNAUSDT,0.0001,0.3367,0.3367
2024-08-22T08:00:00Z,LUNAUSDT,0.0001,0.3393,0.3393
2024-08-22T16:00:00Z,LUNAUSDT,0.0001,0.345,0.345
2024-08-23T00:00:00Z,LUNAUSDT,0.0001,0.3488,0.3488
2024-08-23T08:00:00Z,LUNAUSDT,0.0001,0.3526,0.3526
2024-08-23T16:00:00Z,LUNAUSDT,0.0001,0.3564,0.3564
2024-08-24T00:00:00Z,LUNAUSDT,0.0001,0.3697,0.3697
2024-08-24T08:00:00Z,LUNAUSDT,0.0001,0.3706,0.3706
2024-08-24T16:00:00Z,LUNAUSDT,0.0001,0.3751,0.3751
2024-08-25T00:00:00Z,LUNAUSDT,0.0001,0.3749,0.3749
2024-08-25T08:00:00Z,LUNAUSDT,0.0001,0.3936,0.3936
2024-08-25T16:00:00Z,LUNAUSDT,0.0001,0.4079,0.4079
2024-08-26T00:00:00Z,LUNAUSDT,0.0001,0.4026,0.4026
2024-08-26T08:00:00Z,LUNAUSDT,0.0001,0.4033,0.4033
2024-08-26T16:00:00Z,LUNAUSDT,0.0001,0.3841,0.3841
2024-08-27T00:00:00Z,LUNAUSDT,0.0001,0.37,0.37
2024-08-27T08:00:00Z,LUNAUSDT,0.0001,0.3831,0.3831
2024-08-27T16:00:00Z,LUNAUSDT,0.0001,0.3684,0.3684
2024-08-28T00:00:00Z,LUNAUSDT,0.0001,0.3596,0.3596
2024-08-28T08:00:00Z,LUNAUSDT,0.0001,0.3531,0.3531
2024-08-28T16:00:00Z,LUNAUSDT,0.0001,0.3594,0.3594
2024-08-29T00:00:00Z,LUNAUSDT,0.0001,0.3544,0.3544
2024-08-29T08:00:00Z,LUNAUSDT,0.0001,0.3635,0.3635
2024-08-29T16:00:00Z,LUNAUSDT,0.0001,0.3675,0.3675
2024-08-30T00:00:00Z,LUNAUSDT,0.0001,0.3541,0.3541
2024-08-30T08:00:00Z,LUNAUSDT,0.0001,0.356,0.356
2024-08-30T16:00:00Z,LUNAUSDT,0.0001,0.3372,0.3372
2024-08-31T00:00:00Z,LUNAUSDT,0.0001,0.3537,0.3537
2024-08-31T08:00:00Z,LUNAUSDT,0.0001,0.3513,0.3513
2024-08-31T16:00:00Z,LUNAUSDT,0.0001,0.3488,0.3488
2024-09-01T00:00:00Z,LUNAUSDT,0.0001,0.3457,0.3457
2024-09-01T08:00:00Z,LUNAUSDT,0.0001,0.3436,0.3436
2024-09-01T16:00:00Z,LUNAUSDT,0.0001,0.3391,0.3391
2024-09-02T00:00:00Z,LUNAUSDT,0.0001,0.324,0.324
2024-09-02T08:00:00Z,LUNAUSDT,0.0001,0.3245,0.3245
2024-09-02T16:00:00Z,LUNAUSDT,0.0001,0.3364,0.3364
2024-09-03T00:00:00Z,LUNAUSDT,0.0001,0.3407,0.3407
2024-09-03T08:00:00Z,LUNAUSDT,0.0001,0.3428,0.3428
2024-09-03T16:00:00Z,LUNAUSDT,0.0001,0.3343,0.3343
2024-09-04T00:00:00Z,LUNAUSDT,0.0001,0.3357,0.3357
2024-09-04T08:00:00Z,LUNAUSDT,0.0001,0.334,0.334
2024-09-04T16:00:00Z,LUNAUSDT,0.0001,0.3393,0.3393
2024-09-05T00:00:00Z,LUNAUSDT,0.0001,0.342,0.342
2024-09-05T08:00:00Z,LUNAUSDT,0.0001,0.3393,0.3393
2024-09-05T16:00:00Z,LUNAUSDT,0.0001,0.3318,0.3318
2024-09-06T00:00:00Z,LUNAUSDT,0.0001,0.329,0.329
2024-09-06T08:00:00Z,LUNAUSDT,0.0001,0.3261,0.3261
2024-09-06T16:00:00Z,LUNAUSDT,0.0001,0.326,0.326
2024-09-07T00:00:00Z,LUNAUSDT,0.0001,0.3187,0.3187
2024-09-07T08:00:00Z,LUNAUSDT,0.0001,0.3274,0.3274
2024-09-07T16:00:00Z,LUNAUSDT,0.0001,0.3285,0.3285
2024-09-08T00:00:00Z,LUNAUSDT,0.0001,0.325,0.325
2024-09-08T08:00:00Z,LUNAUSDT,0.0001,0.3332,0.3332
2024-09-08T16:00:00Z,LUNAUSDT,0.0001,0.3278,0.3278
2024-09-09T00:00:00Z,LUNAUSDT,0.0001,0.3345,0.3345
2024-09-09T08:00:00Z,LUNAUSDT,0.0001,0.3368,0.3368
2024-09-09T16:00:00Z,LUNAUSDT,0.0001,0.3405,0.3405
2024-09-10T00:00:00Z,LUNAUSDT,0.0001,0.3501,0.3501
2024-09-10T08:00:00Z,LUNAUSDT,0.0001,0.3804,0.3804
2024-09-10T16:00:00Z,LUNAUSDT,0.0001,0.3882,0.3882
2024-09-11T00:00:00Z,LUNAUSDT,0.0001,0.3936,0.3936
2024-09-11T08:00:00Z,LUNAUSDT,0.0001,0.3876,0.3876
2024-09-11T16:00:00Z,LUNAUSDT,0.0001,0.3874,0.3874
2024-09-12T00:00:00Z,LUNAUSDT,0.0001,0.3833,0.3833
2024-09-12T08:00:00Z,LUNAUSDT,0.0001,0.3894,0.3894
2024-09-12T16:00:00Z,LUNAUSDT,0.0001,0.3912,0.3912
2024-09-13T00:00:00Z,LUNAUSDT,0.0001,0.4,0.4
2024-09-13T08:00:00Z,LUNAUSDT,0.0001,0.4062,0.4062
2024-09-13T16:00:00Z,LUNAUSDT,0.0001,0.4014,0.4014
2024-09-14T00:00:00Z,LUNAUSDT,0.0001,0.3973,0.3973
2024-09-14T08:00:00Z,LUNAUSDT,0.0001,0.408,0.408
2024-09-14T16:00:00Z,LUNAUSDT,0.0001,0.4297,0.4297
2024-09-15T00:00:00Z,LUNAUSDT,0.0001,0.4288,0.4288
2024-09-15T08:00:00Z,LUNAUSDT,0.0001,0.4297,0.4297
2024-09-15T16:00:00Z,LUNAUSDT,0.0001,0.4176,0.4176
2024-09-16T00:00:00Z,LUNAUSDT,0.0001,0.3947,0.3947
2024-09-16T08:00:00Z,LUNAUSDT,0.0001,0.3915,0.3915
2024-09-16T16:00:00Z,LUNAUSDT,0.0001,0.375,0.375
2024-09-17T00:00:00Z,LUNAUSDT,0.0001,0.3731,0.3731
2024-09-17T08:00:00Z,LUNAUSDT,0.0001,0.382,0.382
2024-09-17T16:00:00Z,LUNAUSDT,0.0001,0.3823,0.3823
2024-09-18T00:00:00Z,LUNAUSDT,0.0001,0.3729,0.3729
2024-09-18T08:00:00Z,LUNAUSDT,0.0001,0.3734,0.3734
2024-09-18T16:00:00Z,LUNAUSDT,0.0001,0.3569,0.3569
2024-09-19T00:00:00Z,LUNAUSDT,0.0001,0.38,0.38
2024-09-19T08:00:00Z,LUNAUSDT,0.0001,0.3839,0.3839
2024-09-19T16:00:00Z,LUNAUSDT,0.0001,0.3979,0.3979
2024-09-20T00:00:00Z,LUNAUSDT,0.0001,0.3941,0.3941
2024-09-20T08:00:00Z,LUNAUSDT,0.0001,0.4003,0.4003
2024-09-20T16:00:00Z,LUNAUSDT,0.0001,0.3888,0.3888
2024-09-21T00:00:00Z,LUNAUSDT,0.0001,0.3933,0.3933
2024-09-21T08:00:00Z,LUNAUSDT,0.0001,0.3885,0.3885
2024-09-21T16:00:00Z,LUNAUSDT,0.0001,0.3921,0.3921
2024-09-22T00:00:00Z,LUNAUSDT,0.0001,0.3949,0.3949
2024-09-22T08:00:00Z,LUNAUSDT,0.0001,0.3901,0.3901
2024-09-22T16:00:00Z,LUNAUSDT,0.0001,0.385,0.385
2024-09-23T00:00:00Z,LUNAUSDT,0.0001,0.385,0.385
2024-09-23T08:00:00Z,LUNAUSDT,0.0001,0.384,0.384
2024-09-23T16:00:00Z,LUNAUSDT,0.0001,0.3848,0.3848
2024-09-24T00:00:00Z,LUNAUSDT,0.0001,0.3873,0.3873
2024-09-24T08:00:00Z,LUNAUSDT,0.0001,0.3867,0.3867
2024-09-24T16:00:00Z,LUNAUSDT,0.0001,0.3839,0.3839
2024-09-25T00:00:00Z,LUNAUSDT,0.0001,0.3921,0.3921
2024-09-25T08:00:00Z,LUNAUSDT,0.0001,0.3915,0.3915
2024-09-25T16:00:00Z,LUNAUSDT,0.0001,0.3894,0.3894
2024-09-26T00:00:00Z,LUNAUSDT,0.0001,0.3857,0.3857
2024-09-26T08:00:00Z,LUNAUSDT,0.0001,0.3926,0.3926
2024-09-26T16:00:00Z,LUNAUSDT,0.0001,0.3959,0.3959
2024-09-27T00:00:00Z,LUNAUSDT,0.0001,0.3975,0.3975
2024-09-27T08:00:00Z,LUNAUSDT,0.0001,0.406,0.406
2024-09-27T16:00:00Z,LUNAUSDT,0.0001,0.4114,0.4114
2024-09-28T00:00:00Z,LUNAUSDT,0.0001,0.4187,0.4187
2024-09-28T08:00:00Z,LUNAUSDT,0.0001,0.4132,0.4132
2024-09-28T16:00:00Z,LUNAUSDT,0.0001,0.426,0.426
2024-09-29T00:00:00Z,LUNAUSDT,0.0001,0.4124,0.4124
2024-09-29T08:00:00Z,LUNAUSDT,0.0001,0.4101,0.4101
2024-09-29T16:00:00Z,LUNAUSDT,0.0001,0.4652,0.4652
2024-09-30T00:00:00Z,LUNAUSDT,0.0001,0.4507,0.4507
2024-09-30T08:00:00Z,LUNAUSDT,0.0001,0.4421,0.4421
2024-09-30T16:00:00Z,LUNAUSDT,0.0001,0.4172,0.4172
2024-10-01T00:00:00Z,LUNAUSDT,0.0001,0.4054,0.4054
2024-10-01T08:00:00Z,LUNAUSDT,0.0001,0.4277,0.4277
2024-10-01T16:00:00Z,LUNAUSDT,0.0001,0.4002,0.4002
2024-10-02T00:00:00Z,LUNAUSDT,0.0001,0.3767,0.3767
2024-10-02T08:00:00Z,LUNAUSDT,0.0001,0.3881,0.3881
2024-10-02T16:00:00Z,LUNAUSDT,0.0001,0.3809,0.3809
2024-10-03T00:00:00Z,LUNAUSDT,0.0001,0.3638,0.3638
2024-10-03T08:00:00Z,LUNAUSDT,0.0001,0.3559,0.3559
2024-10-03T16:00:00Z,LUNAUSDT,0.0001,0.3497,0.3497
2024-10-04T00:00:00Z,LUNAUSDT,0.0001,0.3544,0.3544
2024-10-04T08:00:00Z,LUNAUSDT,0.0001,0.3783,0.3783
2024-10-04T16:00:00Z,LUNAUSDT,0.0001,0.3736,0.3736
2024-10-05T00:00:00Z,LUNAUSDT,0.0001,0.3752,0.3752
2024-10-05T08:00:00Z,LUNAUSDT,0.0001,0.3741,0.3741
2024-10-05T16:00:00Z,LUNAUSDT,0.0001,0.385,0.385
2024-10-06T00:00:00Z,LUNAUSDT,0.0001,0.3784,0.3784
2024-10-06T08:00:00Z,LUNAUSDT,0.0001,0.3814,0.3814
2024-10-06T16:00:00Z,LUNAUSDT,0.0001,0.3805,0.3805
2024-10-07T00:00:00Z,LUNAUSDT,0.0001,0.3809,0.3809
2024-10-07T08:00:00Z,LUNAUSDT,0.0001,0.3878,0.3878
2024-10-07T16:00:00Z,LUNAUSDT,0.0001,0.3795,0.3795
2024-10-08T00:00:00Z,LUNAUSDT,0.0001,0.3781,0.3781
2024-10-08T08:00:00Z,LUNAUSDT,0.0001,0.3699,0.3699
2024-10-08T16:00:00Z,LUNAUSDT,0.0001,0.3642,0.3642
2024-10-09T00:00:00Z,LUNAUSDT,0.0001,0.3669,0.3669
2024-10-09T08:00:00Z,LUNAUSDT,0.0001,0.3664,0.3664
2024-10-09T16:00:00Z,LUNAUSDT,0.0001,0.3626,0.3626
2024-10-10T00:00:00Z,LUNAUSDT,0.0001,0.3536,0.3536
2024-10-10T08:00:00Z,LUNAUSDT,0.0001,0.3555,0.3555
2024-10-10T16:00:00Z,LUNAUSDT,0.0001,0.3493,0.3493
2024-10-11T00:00:00Z,LUNAUSDT,0.0001,0.3523,0.3523
2024-10-11T08:00:00Z,LUNAUSDT,0.0001,0.3546,0.3546
2024-10-11T16:00:00Z,LUNAUSDT,0.0001,0.3634,0.3634
2024-10-12T00:00:00Z,LUNAUSDT,0.0001,0.3615,0.3615
2024-10-12T08:00:00Z,LUNAUSDT,0.0001,0.3655,0.3655
2024-10-12T16:00:00Z,LUNAUSDT,0.0001,0.3648,0.3648
2024-10-13T00:00:00Z,LUNAUSDT,0.0001,0.3633,0.3633
2024-10-13T08:00:00Z,LUNAUSDT,0.0001,0.3629,0.3629
2024-10-13T16:00:00Z,LUNAUSDT,0.0001,0.3514,0.3514
2024-10-14T00:00:00Z,LUNAUSDT,0.0001,0.3585,0.3585
2024-10-14T08:00:00Z,LUNAUSDT,0.0001,0.3677,0.3677
2024-10-14T16:00:00Z,LUNAUSDT,0.0001,0.3742,0.3742
2024-10-15T00:00:00Z,LUNAUSDT,0.0001,0.3774,0.3774
2024-10-15T08:00:00Z,LUNAUSDT,0.0001,0.3714,0.3714
2024-10-15T16:00:00Z,LUNAUSDT,0.0001,0.3651,0.3651
2024-10-16T00:00:00Z,LUNAUSDT,0.0001,0.3691,0.3691
2024-10-16T08:00:00Z,LUNAUSDT,0.0001,0.3626,0.3626
2024-10-16T16:00:00Z,LUNAUSDT,0.0001,0.3715,0.3715
2024-10-17T00:00:00Z,LUNAUSDT,0.0001,0.371,0.371
2024-10-17T08:00:00Z,LUNAUSDT,0.0001,0.3643,0.3643
2024-10-17T16:00:00Z,LUNAUSDT,0.0001,0.3642,0.3642
2024-10-18T00:00:00Z,LUNAUSDT,0.0001,0.3629,0.3629
2024-10-18T08:00:00Z,LUNAUSDT,0.0001,0.3679,0.3679
2024-10-18T16:00:00Z,LUNAUSDT,0.0001,0.3665,0.3665
2024-10-19T00:00:00Z,LUNAUSDT,0.0001,0.3705,0.3705
2024-10-19T08:00:00Z,LUNAUSDT,0.0001,0.3703,0.3703
2024-10-19T16:00:00Z,LUNAUSDT,0.0001,0.3712,0.3712
2024-10-20T00:00:00Z,LUNAUSDT,0.0001,0.3708,0.3708
2024-10-20T08:00:00Z,LUNAUSDT,0.0001,0.3715,0.3715
2024-10-20T16:00:00Z,LUNAUSDT,0.0001,0.382,0.382
2024-10-21T00:00:00Z,LUNAUSDT,0.0001,0.3857,0.3857
2024-10-21T08:00:00Z,LUNAUSDT,0.0001,0.3811,0.3811
2024-10-21T16:00:00Z,LUNAUSDT,0.0001,0.3713,0.3713
2024-10-22T00:00:00Z,LUNAUSDT,0.0001,0.3749,0.3749
2024-10-22T08:00:00Z,LUNAUSDT,0.0001,0.3893,0.3893
2024-10-22T16:00:00Z,LUNAUSDT,0.0001,0.3834,0.3834
2024-10-23T00:00:00Z,LUNAUSDT,0.0001,0.3828,0.3828
2024-10-23T08:00:00Z,LUNAUSDT,0.0001,0.3692,0.3692
2024-10-23T16:00:00Z,LUNAUSDT,0.0001,0.3642,0.3642
2024-10-24T00:00:00Z,LUNAUSDT,0.0001,0.3646,0.3646
2024-10-24T08:00:00Z,LUNAUSDT,0.0001,0.3626,0.3626
2024-10-24T16:00:00Z,LUNAUSDT,0.0001,0.3634,0.3634
2024-10-25T00:00:00Z,LUNAUSDT,0.0001,0.3656,0.3656
2024-10-25T08:00:00Z,LUNAUSDT,0.0001,0.3602,0.3602
2024-10-25T16:00:00Z,LUNAUSDT,0.0001,0.3603,0.3603
2024-10-26T00:00:00Z,LUNAUSDT,0.0001,0.3221,0.3221
2024-10-26T08:00:00Z,LUNAUSDT,0.0001,0.3322,0.3322
2024-10-26T16:00:00Z,LUNAUSDT,0.0001,0.3257,0.3257
2024-10-27T00:00:00Z,LUNAUSDT,0.0001,0.3348,0.3348
2024-10-27T08:00:00Z,LUNAUSDT,0.0001,0.3326,0.3326
2024-10-27T16:00:00Z,LUNAUSDT,0.0001,0.3395,0.3395
2024-10-28T00:00:00Z,LUNAUSDT,0.0001,0.3406,0.3406
2024-10-28T08:00:00Z,LUNAUSDT,0.0001,0.3391,0.3391
2024-10-28T16:00:00Z,LUNAUSDT,0.0001,0.3307,0.3307
2024-10-29T00:00:00Z,LUNAUSDT,0.0001,0.3407,0.3407
2024-10-29T08:00:00Z,LUNAUSDT,0.0001,0.3444,0.3444
2024-10-29T16:00:00Z,LUNAUSDT,0.0001,0.3473,0.3473
2024-10-30T00:00:00Z,LUNAUSDT,0.0001,0.3512,0.3512
2024-10-30T08:00:00Z,LUNAUSDT,0.0001,0.3512,0.3512
2024-10-30T16:00:00Z,LUNAUSDT,0.0001,0.3488,0.3488
2024-10-31T00:00:00Z,LUNAUSDT,0.0001,0.3498,0.3498
2024-10-31T08:00:00Z,LUNAUSDT,0.0001,0.3618,0.3618
2024-10-31T16:00:00Z,LUNAUSDT,0.0001,0.3467,0.3467
2024-11-01T00:00:00Z,LUNAUSDT,0.0001,0.3398,0.3398
2024-11-01T08:00:00Z,LUNAUSDT,0.0001,0.3312,0.3312
2024-11-01T16:00:00Z,LUNAUSDT,0.0001,0.3355,0.3355
2024-11-02T00:00:00Z,LUNAUSDT,0.0001,0.3347,0.3347
2024-11-02T08:00:00Z,LUNAUSDT,0.0001,0.3356,0.3356
2024-11-02T16:00:00Z,LUNAUSDT,0.0001,0.3253,0.3253
2024-11-03T00:00:00Z,LUNAUSDT,0.0001,0.3275,0.3275
2024-11-03T08:00:00Z,LUNAUSDT,0.0001,0.317,0.317
2024-11-03T16:00:00Z,LUNAUSDT,0.0001,0.3025,0.3025
2024-11-04T00:00:00Z,LUNAUSDT,0.0001,0.3076,0.3076
2024-11-04T08:00:00Z,LUNAUSDT,0.0001,0.3076,0.3076
2024-11-04T16:00:00Z,LUNAUSDT,0.0001,0.3083,0.3083
2024-11-05T00:00:00Z,LUNAUSDT,0.0001,0.2985,0.2985
2024-11-05T08:00:00Z,LUNAUSDT,0.0001,0.3065,0.3065
2024-11-05T16:00:00Z,LUNAUSDT,0.0001,0.312,0.312
2024-11-06T00:00:00Z,LUNAUSDT,0.0001,0.3125,0.3125
2024-11-06T08:00:00Z,LUNAUSDT,0.0001,0.3302,0.3302
2024-11-06T16:00:00Z,LUNAUSDT,0.0001,0.3292,0.3292
2024-11-07T00:00:00Z,LUNAUSDT,0.0001,0.3421,0.3421
2024-11-07T08:00:00Z,LUNAUSDT,0.0001,0.3376,0.3376
2024-11-07T16:00:00Z,LUNAUSDT,0.0001,0.3442,0.3442
2024-11-08T00:00:00Z,LUNAUSDT,0.0001,0.3452,0.3452
2024-11-08T08:00:00Z,LUNAUSDT,0.0001,0.3438,0.3438
2024-11-08T16:00:00Z,LUNAUSDT,0.0001,0.3435,0.3435
2024-11-09T00:00:00Z,LUNAUSDT,0.0001,0.3443,0.3443
2024-11-09T08:00:00Z,LUNAUSDT,0.0001,0.3532,0.3532
2024-11-09T16:00:00Z,LUNAUSDT,0.0001,0.3581,0.3581
2024-11-10T00:00:00Z,LUNAUSDT,0.0001,0.3657,0.3657
2024-11-10T08:00:00Z,LUNAUSDT,0.0001,0.3771,0.3771
2024-11-10T16:00:00Z,LUNAUSDT,0.0001,0.3936,0.3936
2024-11-11T00:00:00Z,LUNAUSDT,0.0001,0.386,0.386
2024-11-11T08:00:00Z,LUNAUSDT,0.0001,0.3818,0.3818
2024-11-11T16:00:00Z,LUNAUSDT,0.0001,0.385,0.385
2024-11-12T00:00:00Z,LUNAUSDT,0.0001,0.3997,0.3997
2024-11-12T08:00:00Z,LUNAUSDT,0.0001,0.4225,0.4225
2024-11-12T16:00:00Z,LUNAUSDT,0.0001,0.3787,0.3787
2024-11-13T00:00:00Z,LUNAUSDT,0.0001,0.3911,0.3911
2024-11-13T08:00:00Z,LUNAUSDT,0.0001,0.3599,0.3599
2024-11-13T16:00:00Z,LUNAUSDT,0.0001,0.3841,0.3841
2024-11-14T00:00:00Z,LUNAUSDT,0.0001,0.3734,0.3734
2024-11-14T08:00:00Z,LUNAUSDT,0.0001,0.3836,0.3836
2024-11-14T16:00:00Z,LUNAUSDT,0.0001,0.361,0.361
2024-11-15T00:00:00Z,LUNAUSDT,0.0001,0.3597,0.3597
2024-11-15T08:00:00Z,LUNAUSDT,0.0001,0.358,0.358
2024-11-15T16:00:00Z,LUNAUSDT,0.0001,0.3583,0.3583
2024-11-16T00:00:00Z,LUNAUSDT,0.0001,0.3743,0.3743
2024-11-16T08:00:00Z,LUNAUSDT,0.0001,0.3789,0.3789
2024-11-16T16:00:00Z,LUNAUSDT,0.0001,0.4843,0.4843
2024-11-17T00:00:00Z,LUNAUSDT,0.0001,0.4663,0.4663
2024-11-17T08:00:00Z,LUNAUSDT,0.0001,0.45,0.45
2024-11-17T16:00:00Z,LUNAUSDT,0.0001,0.4452,0.4452
2024-11-18T00:00:00Z,LUNAUSDT,0.0001,0.4288,0.4288
2024-11-18T08:00:00Z,LUNAUSDT,0.0001,0.4488,0.4488
2024-11-18T16:00:00Z,LUNAUSDT,0.0001,0.4489,0.4489
2024-11-19T00:00:00Z,LUNAUSDT,0.0001,0.4456,0.4456
2024-11-19T08:00:00Z,LUNAUSDT,0.0001,0.4328,0.4328
2024-11-19T16:00:00Z,LUNAUSDT,0.0001,0.427,0.427
2024-11-20T00:00:00Z,LUNAUSDT,0.0001,0.4185,0.4185
2024-11-20T08:00:00Z,LUNAUSDT,0.0001,0.4095,0.4095
2024-11-20T16:00:00Z,LUNAUSDT,0.0001,0.4135,0.4135
2024-11-21T00:00:00Z,LUNAUSDT,0.0001,0.396,0.396
2024-11-21T08:00:00Z,LUNAUSDT,0.0001,0.4024,0.4024
2024-11-21T16:00:00Z,LUNAUSDT,0.0001,0.418,0.418
2024-11-22T00:00:00Z,LUNAUSDT,0.0001,0.4315,0.4315
2024-11-22T08:00:00Z,LUNAUSDT,0.0001,0.4656,0.4656
2024-11-22T16:00:00Z,LUNAUSDT,0.0001,0.4532,0.4532
2024-11-23T00:00:00Z,LUNAUSDT,0.0001,0.464,0.464
2024-11-23T08:00:00Z,LUNAUSDT,0.0001,0.4857,0.4857
2024-11-23T16:00:00Z,LUNAUSDT,0.0001,0.5078,0.5078
2024-11-24T00:00:00Z,LUNAUSDT,0.0001,0.515,0.515
2024-11-24T08:00:00Z,LUNAUSDT,0.000255701425008047,0.5297,0.5297
2024-11-24T16:00:00Z,LUNAUSDT,0.0001,0.4681,0.4681
2024-11-25T00:00:00Z,LUNAUSDT,0.000130721276099829,0.5113,0.5113
2024-11-25T08:00:00Z,LUNAUSDT,0.000131355136267755,0.4949,0.4949
2024-11-25T16:00:00Z,LUNAUSDT,0.0001,0.4926,0.4926
2024-11-26T00:00:00Z,LUNAUSDT,0.000160032879617933,0.4931,0.4931
2024-11-26T08:00:00Z,LUNAUSDT,0.000166993161042542,0.4845,0.4845
2024-11-26T16:00:00Z,LUNAUSDT,0.0001,0.4541,0.4541
2024-11-27T00:00:00Z,LUNAUSDT,0.0001,0.4713,0.4713
2024-11-27T08:00:00Z,LUNAUSDT,0.0001,0.4805,0.4805
2024-11-27T16:00:00Z,LUNAUSDT,0.0001,0.4833,0.4833
2024-11-28T00:00:00Z,LUNAUSDT,0.0001,0.4969,0.4969
2024-11-28T08:00:00Z,LUNAUSDT,0.0001,0.491,0.491
2024-11-28T16:00:00Z,LUNAUSDT,0.0001,0.4766,0.4766
2024-11-29T00:00:00Z,LUNAUSDT,0.0001,0.4968,0.4968
2024-11-29T08:00:00Z,LUNAUSDT,0.0001,0.4852,0.4852
2024-11-29T16:00:00Z,LUNAUSDT,0.0001,0.5024,0.5024
2024-11-30T00:00:00Z,LUNAUSDT,0.0001,0.5221,0.5221
2024-11-30T08:00:00Z,LUNAUSDT,0.000434377756067639,0.5256,0.5256
2024-11-30T16:00:00Z,LUNAUSDT,0.0001,0.536,0.536
2024-12-01T00:00:00Z,LUNAUSDT,0.000867577043331644,0.5969,0.5969
2024-12-01T08:00:00Z,LUNAUSDT,0.000792737659557673,0.573,0.573
2024-12-01T16:00:00Z,LUNAUSDT,0.000976686272359269,0.584,0.584
2024-12-02T00:00:00Z,LUNAUSDT,0.000920123073916751,0.5793,0.5793
2024-12-02T08:00:00Z,LUNAUSDT,0.000594946168499123,0.5873,0.5873
2024-12-02T16:00:00Z,LUNAUSDT,0.0001,0.5702,0.5702
2024-12-03T00:00:00Z,LUNAUSDT,0.000598761593267286,0.5903,0.5903
2024-12-03T08:00:00Z,LUNAUSDT,0.00072624931830519,0.5923,0.5923
2024-12-03T16:00:00Z,LUNAUSDT,0.000349891410001918,0.5893,0.5893
2024-12-04T00:00:00Z,LUNAUSDT,0.000668662684234826,0.6663,0.6663
2024-12-04T08:00:00Z,LUNAUSDT,0.000676141823822463,0.6531,0.6531
2024-12-04T16:00:00Z,LUNAUSDT,0.000565637903998492,0.7271,0.7271
2024-12-05T00:00:00Z,LUNAUSDT,0.000429373534750909,0.7164,0.7164
2024-12-05T08:00:00Z,LUNAUSDT,0.000767083205208411,0.7173,0.7173
2024-12-05T16:00:00Z,LUNAUSDT,0.001016688281267821,0.7557,0.7557
2024-12-06T00:00:00Z,LUNAUSDT,0.000842541862962133,0.7502,0.7502
2024-12-06T08:00:00Z,LUNAUSDT,0.001025421502187608,0.758,0.758
2024-12-06T16:00:00Z,LUNAUSDT,0.000581432370942848,0.7381,0.7381
2024-12-07T00:00:00Z,LUNAUSDT,0.000760206381481181,0.7388,0.7388
2024-12-07T08:00:00Z,LUNAUSDT,0.000460960511236247,0.7263,0.7263
2024-12-07T16:00:00Z,LUNAUSDT,0.000611502115190193,0.7292,0.7292
2024-12-08T00:00:00Z,LUNAUSDT,0.000866533791009807,0.7223,0.7223
2024-12-08T08:00:00Z,LUNAUSDT,0.000708522113375389,0.7181,0.7181
2024-12-08T16:00:00Z,LUNAUSDT,0.000336438297397451,0.7136,0.7136
2024-12-09T00:00:00Z,LUNAUSDT,0.000360806692553198,0.7173,0.7173
2024-12-09T08:00:00Z,LUNAUSDT,0.0001,0.6676,0.6676
2024-12-09T16:00:00Z,LUNAUSDT,0.0001,0.6392,0.6392
2024-12-10T00:00:00Z,LUNAUSDT,0.0001,0.5549,0.5549
2024-12-10T08:00:00Z,LUNAUSDT,0.0001,0.5464,0.5464
2024-12-10T16:00:00Z,LUNAUSDT,0.0001,0.4968,0.4968
2024-12-11T00:00:00Z,LUNAUSDT,0.0001,0.5278,0.5278
2024-12-11T08:00:00Z,LUNAUSDT,0.0001,0.5262,0.5262
2024-12-11T16:00:00Z,LUNAUSDT,0.0001,0.5754,0.5754
2024-12-12T00:00:00Z,LUNAUSDT,0.0001,0.5707,0.5707
2024-12-12T08:00:00Z,LUNAUSDT,0.0001,0.5973,0.5973
2024-12-12T16:00:00Z,LUNAUSDT,0.0001,0.5868,0.5868
2024-12-13T00:00:00Z,LUNAUSDT,0.0001,0.5693,0.5693
2024-12-13T08:00:00Z,LUNAUSDT,0.0001,0.5641,0.5641
2024-12-13T16:00:00Z,LUNAUSDT,0.0001,0.5598,0.5598
2024-12-14T00:00:00Z,LUNAUSDT,0.0001,0.5703,0.5703
2024-12-14T08:00:00Z,LUNAUSDT,0.0001,0.566,0.566
2024-12-14T16:00:00Z,LUNAUSDT,0.0001,0.5405,0.5405
2024-12-15T00:00:00Z,LUNAUSDT,0.0001,0.5368,0.5368
2024-12-15T08:00:00Z,LUNAUSDT,0.0001,0.5284,0.5284
2024-12-15T16:00:00Z,LUNAUSDT,0.0001,0.5542,0.5542
2024-12-16T00:00:00Z,LUNAUSDT,0.0001,0.5533,0.5533
2024-12-16T08:00:00Z,LUNAUSDT,0.0001,0.5474,0.5474
2024-12-16T16:00:00Z,LUNAUSDT,0.0001,0.5345,0.5345
2024-12-17T00:00:00Z,LUNAUSDT,0.0001,0.5372,0.5372
2024-12-17T08:00:00Z,LUNAUSDT,0.0001,0.5307,0.5307
2024-12-17T16:00:00Z,LUNAUSDT,0.0001,0.5139,0.5139
2024-12-18T00:00:00Z,LUNAUSDT,0.0001,0.508,0.508
2024-12-18T08:00:00Z,LUNAUSDT,0.0001,0.4974,0.4974
2024-12-18T16:00:00Z,LUNAUSDT,0.0001,0.4925,0.4925
2024-12-19T00:00:00Z,LUNAUSDT,0.0001,0.4525,0.4525
2024-12-19T08:00:00Z,LUNAUSDT,0.0001,0.4518,0.4518
2024-12-19T16:00:00Z,LUNAUSDT,0.0001,0.4395,0.4395
2024-12-20T00:00:00Z,LUNAUSDT,0.0001,0.4136,0.4136
2024-12-20T08:00:00Z,LUNAUSDT,0.0001,0.4156,0.4156
2024-12-20T16:00:00Z,LUNAUSDT,0.0001,0.4083,0.4083
2024-12-21T00:00:00Z,LUNAUSDT,0.0001,0.4358,0.4358
2024-12-21T08:00:00Z,LUNAUSDT,0.0001,0.4565,0.4565
2024-12-21T16:00:00Z,LUNAUSDT,0.0001,0.42,0.42
2024-12-22T00:00:00Z,LUNAUSDT,0.0001,0.4077,0.4077
2024-12-22T08:00:00Z,LUNAUSDT,0.0001,0.4049,0.4049
2024-12-22T16:00:00Z,LUNAUSDT,0.0001,0.4049,0.4049
2024-12-23T00:00:00Z,LUNAUSDT,0.0001,0.403,0.403
2024-12-23T08:00:00Z,LUNAUSDT,0.0001,0.414,0.414
2024-12-23T16:00:00Z,LUNAUSDT,0.0001,0.4073,0.4073
2024-12-24T00:00:00Z,LUNAUSDT,0.0001,0.4384,0.4384
2024-12-24T08:00:00Z,LUNAUSDT,0.0001,0.433,0.433
2024-12-24T16:00:00Z,LUNAUSDT,0.0001,0.4556,0.4556
2024-12-25T00:00:00Z,LUNAUSDT,0.0001,0.4506,0.4506
2024-12-25T08:00:00Z,LUNAUSDT,0.0001,0.4471,0.4471
2024-12-25T16:00:00Z,LUNAUSDT,0.0001,0.448,0.448
2024-12-26T00:00:00Z,LUNAUSDT,0.0001,0.4403,0.4403
2024-12-26T08:00:00Z,LUNAUSDT,0.0001,0.4255,0.4255
2024-12-26T16:00:00Z,LUNAUSDT,0.0001,0.4149,0.4149
2024-12-27T00:00:00Z,LUNAUSDT,0.0001,0.4211,0.4211
2024-12-27T08:00:00Z,LUNAUSDT,0.0001,0.4451,0.4451
2024-12-27T16:00:00Z,LUNAUSDT,0.0001,0.4415,0.4415
2024-12-28T00:00:00Z,LUNAUSDT,0.0001,0.4391,0.4391
2024-12-28T08:00:00Z,LUNAUSDT,0.0001,0.4269,0.4269
2024-12-28T16:00:00Z,LUNAUSDT,0.0001,0.4391,0.4391
2024-12-29T00:00:00Z,LUNAUSDT,0.0001,0.4484,0.4484
2024-12-29T08:00:00Z,LUNAUSDT,0.0001,0.4465,0.4465
2024-12-29T16:00:00Z,LUNAUSDT,0.0001,0.4392,0.4392
2024-12-30T00:00:00Z,LUNAUSDT,0.0001,0.425,0.425
2024-12-30T08:00:00Z,LUNAUSDT,0.0001,0.4323,0.4323
2024-12-30T16:00:00Z,LUNAUSDT,0.0001,0.4151,0.4151
2024-12-31T00:00:00Z,LUNAUSDT,0.0001,0.4231,0.4231
2024-12-31T08:00:00Z,LUNAUSDT,0.0001,0.4161,0.4161
2024-12-31T16:00:00Z,LUNAUSDT,0.0001,0.4293,0.4293
2025-01-01T00:00:00Z,LUNAUSDT,0.0001,0.4149,0.4149
2025-01-01T08:00:00Z,LUNAUSDT,0.0001,0.4182,0.4182
2025-01-01T16:00:00Z,LUNAUSDT,0.0001,0.423,0.423
2025-01-02T00:00:00Z,LUNAUSDT,0.0001,0.4318,0.4318
2025-01-02T08:00:00Z,LUNAUSDT,0.0001,0.4401,0.4401
2025-01-02T16:00:00Z,LUNAUSDT,0.0001,0.4422,0.4422
2025-01-03T00:00:00Z,LUNAUSDT,0.0001,0.4529,0.4529
2025-01-03T08:00:00Z,LUNAUSDT,0.0001,0.4476,0.4476
2025-01-03T16:00:00Z,LUNAUSDT,0.0001,0.4711,0.4711
2025-01-04T00:00:00Z,LUNAUSDT,0.0001,0.4705,0.4705
2025-01-04T08:00:00Z,LUNAUSDT,0.0001,0.4746,0.4746
2025-01-04T16:00:00Z,LUNAUSDT,0.0001,0.4629,0.4629
2025-01-05T00:00:00Z,LUNAUSDT,0.0001,0.466,0.466
2025-01-05T08:00:00Z,LUNAUSDT,0.0001,0.4637,0.4637
2025-01-05T16:00:00Z,LUNAUSDT,0.0001,0.4621,0.4621
2025-01-06T00:00:00Z,LUNAUSDT,0.0001,0.5127,0.5127
2025-01-06T08:00:00Z,LUNAUSDT,0.0001,0.4966,0.4966
2025-01-06T16:00:00Z,LUNAUSDT,0.0001,0.5008,0.5008
2025-01-07T00:00:00Z,LUNAUSDT,0.0001,0.4981,0.4981
2025-01-07T08:00:00Z,LUNAUSDT,0.0001,0.4976,0.4976
2025-01-07T16:00:00Z,LUNAUSDT,0.0001,0.4783,0.4783
2025-01-08T00:00:00Z,LUNAUSDT,0.0001,0.4545,0.4545
2025-01-08T08:00:00Z,LUNAUSDT,0.0001,0.4381,0.4381
2025-01-08T16:00:00Z,LUNAUSDT,0.0001,0.4415,0.4415
2025-01-09T00:00:00Z,LUNAUSDT,0.0001,0.4241,0.4241
2025-01-09T08:00:00Z,LUNAUSDT,0.0001,0.4117,0.4117
2025-01-09T16:00:00Z,LUNAUSDT,0.0001,0.4212,0.4212
2025-01-10T00:00:00Z,LUNAUSDT,0.0001,0.4095,0.4095
2025-01-10T08:00:00Z,LUNAUSDT,0.0001,0.4218,0.4218
2025-01-10T16:00:00Z,LUNAUSDT,0.0001,0.4122,0.4122
2025-01-11T00:00:00Z,LUNAUSDT,0.0001,0.4192,0.4192
2025-01-11T08:00:00Z,LUNAUSDT,0.0001,0.4148,0.4148
2025-01-11T16:00:00Z,LUNAUSDT,0.0001,0.4151,0.4151
2025-01-12T00:00:00Z,LUNAUSDT,0.0001,0.417,0.417
2025-01-12T08:00:00Z,LUNAUSDT,0.0001,0.4134,0.4134
2025-01-12T16:00:00Z,LUNAUSDT,0.0001,0.4173,0.4173
2025-01-13T00:00:00Z,LUNAUSDT,0.0001,0.407,0.407
2025-01-13T08:00:00Z,LUNAUSDT,0.0001,0.3878,0.3878
2025-01-13T16:00:00Z,LUNAUSDT,0.0001,0.3801,0.3801
2025-01-14T00:00:00Z,LUNAUSDT,0.0001,0.3913,0.3913
2025-01-14T08:00:00Z,LUNAUSDT,0.0001,0.3934,0.3934
2025-01-14T16:00:00Z,LUNAUSDT,0.0001,0.4007,0.4007
2025-01-15T00:00:00Z,LUNAUSDT,0.0001,0.4055,0.4055
2025-01-15T08:00:00Z,LUNAUSDT,0.0001,0.4061,0.4061
2025-01-15T16:00:00Z,LUNAUSDT,0.0001,0.4178,0.4178
2025-01-16T00:00:00Z,LUNAUSDT,0.0001,0.4319,0.4319
2025-01-16T08:00:00Z,LUNAUSDT,0.0001,0.4219,0.4219
2025-01-16T16:00:00Z,LUNAUSDT,0.0001,0.4205,0.4205
2025-01-17T00:00:00Z,LUNAUSDT,0.0001,0.4158,0.4158
2025-01-17T08:00:00Z,LUNAUSDT,0.0001,0.4291,0.4291
2025-01-17T16:00:00Z,LUNAUSDT,0.0001,0.4324,0.4324
2025-01-18T00:00:00Z,LUNAUSDT,0.0001,0.4416,0.4416
2025-01-18T08:00:00Z,LUNAUSDT,0.0001,0.4037,0.4037
2025-01-18T16:00:00Z,LUNAUSDT,0.0001,0.4042,0.4042
2025-01-19T00:00:00Z,LUNAUSDT,0.0001,0.4027,0.4027
2025-01-19T08:00:00Z,LUNAUSDT,0.0001,0.3929,0.3929
2025-01-19T16:00:00Z,LUNAUSDT,0.0001,0.384,0.384
2025-01-20T00:00:00Z,LUNAUSDT,0.0001,0.35,0.35
2025-01-20T08:00:00Z,LUNAUSDT,0.0001,0.3719,0.3719
2025-01-20T16:00:00Z,LUNAUSDT,0.0001,0.3568,0.3568
2025-01-21T00:00:00Z,LUNAUSDT,0.0001,0.3471,0.3471
2025-01-21T08:00:00Z,LUNAUSDT,0.0001,0.342,0.342
2025-01-21T16:00:00Z,LUNAUSDT,0.0001,0.3531,0.3531
2025-01-22T00:00:00Z,LUNAUSDT,0.0001,0.3584,0.3584
2025-01-22T08:00:00Z,LUNAUSDT,0.0001,0.359,0.359
2025-01-22T16:00:00Z,LUNAUSDT,0.0001,0.3556,0.3556
2025-01-23T00:00:00Z,LUNAUSDT,0.0001,0.348,0.348
2025-01-23T08:00:00Z,LUNAUSDT,0.0001,0.3477,0.3477
2025-01-23T16:00:00Z,LUNAUSDT,0.0001,0.3487,0.3487
2025-01-24T00:00:00Z,LUNAUSDT,0.0001,0.3468,0.3468
2025-01-24T08:00:00Z,LUNAUSDT,0.0001,0.3486,0.3486
2025-01-24T16:00:00Z,LUNAUSDT,0.0001,0.3492,0.3492
2025-01-25T00:00:00Z,LUNAUSDT,0.0001,0.3361,0.3361
2025-01-25T08:00:00Z,LUNAUSDT,0.0001,0.3358,0.3358
2025-01-25T16:00:00Z,LUNAUSDT,0.0001,0.3429,0.3429
2025-01-26T00:00:00Z,LUNAUSDT,0.0001,0.3413,0.3413
2025-01-26T08:00:00Z,LUNAUSDT,0.0001,0.3477,0.3477
2025-01-26T16:00:00Z,LUNAUSDT,0.0001,0.347,0.347
2025-01-27T00:00:00Z,LUNAUSDT,0.0001,0.3323,0.3323
2025-01-27T08:00:00Z,LUNAUSDT,0.0001,0.3071,0.3071
2025-01-27T16:00:00Z,LUNAUSDT,0.0001,0.3183,0.3183
2025-01-28T00:00:00Z,LUNAUSDT,0.0001,0.324,0.324
2025-01-28T08:00:00Z,LUNAUSDT,0.0001,0.3252,0.3252
2025-01-28T16:00:00Z,LUNAUSDT,0.0001,0.3209,0.3209
2025-01-29T00:00:00Z,LUNAUSDT,0.0001,0.3014,0.3014
2025-01-29T08:00:00Z,LUNAUSDT,0.0001,0.315,0.315
2025-01-29T16:00:00Z,LUNAUSDT,0.0001,0.3077,0.3077
2025-01-30T00:00:00Z,LUNAUSDT,0.0001,0.3118,0.3118
2025-01-30T08:00:00Z,LUNAUSDT,0.0001,0.3174,0.3174
2025-01-30T16:00:00Z,LUNAUSDT,0.0001,0.3266,0.3266
2025-01-31T00:00:00Z,LUNAUSDT,0.0001,0.3247,0.3247
2025-01-31T08:00:00Z,LUNAUSDT,0.0001,0.3239,0.3239
2025-01-31T16:00:00Z,LUNAUSDT,0.0001,0.3398,0.3398
2025-02-01T00:00:00Z,LUNAUSDT,0.0001,0.326,0.326
2025-02-01T08:00:00Z,LUNAUSDT,0.0001,0.3259,0.3259
2025-02-01T16:00:00Z,LUNAUSDT,0.0001,0.3137,0.3137
2025-02-02T00:00:00Z,LUNAUSDT,0.0001,0.2941,0.2941
2025-02-02T08:00:00Z,LUNAUSDT,0.0001,0.2924,0.2924
2025-02-02T16:00:00Z,LUNAUSDT,0.0001,0.2913,0.2913
2025-02-03T00:00:00Z,LUNAUSDT,0.0001,0.2591,0.2591
2025-02-03T08:00:00Z,LUNAUSDT,0.0001,0.2312,0.2312
2025-02-03T16:00:00Z,LUNAUSDT,0.0001,0.2454,0.2454
2025-02-04T00:00:00Z,LUNAUSDT,0.0001,0.2591,0.2591
2025-02-04T08:00:00Z,LUNAUSDT,0.0001,0.2341,0.2341
2025-02-04T16:00:00Z,LUNAUSDT,0.0001,0.2441,0.2441
2025-02-05T00:00:00Z,LUNAUSDT,0.0001,0.2408,0.2408
2025-02-05T08:00:00Z,LUNAUSDT,0.0001,0.2438,0.2438
2025-02-05T16:00:00Z,LUNAUSDT,0.0001,0.2713,0.2713
2025-02-06T00:00:00Z,LUNAUSDT,-0.000164170568850401,0.2485,0.2485
2025-02-06T08:00:00Z,LUNAUSDT,0.0001,0.2527,0.2527
2025-02-06T16:00:00Z,LUNAUSDT,-0.000774775748011469,0.2388,0.2388
2025-02-07T00:00:00Z,LUNAUSDT,0.0001,0.2371,0.2371
2025-02-07T08:00:00Z,LUNAUSDT,0.0001,0.2439,0.2439
2025-02-07T16:00:00Z,LUNAUSDT,0.0001,0.2498,0.2498
2025-02-08T00:00:00Z,LUNAUSDT,0.0001,0.2405,0.2405
2025-02-08T08:00:00Z,LUNAUSDT,0.0001,0.2415,0.2415
2025-02-08T16:00:00Z,LUNAUSDT,0.0001,0.2423,0.2423
2025-02-09T00:00:00Z,LUNAUSDT,0.0001,0.2556,0.2556
2025-02-09T08:00:00Z,LUNAUSDT,0.0001,0.2609,0.2609
2025-02-09T16:00:00Z,LUNAUSDT,0.0001,0.2553,0.2553
2025-02-10T00:00:00Z,LUNAUSDT,0.0001,0.2523,0.2523
2025-02-10T08:00:00Z,LUNAUSDT,0.0001,0.2539,0.2539
2025-02-10T16:00:00Z,LUNAUSDT,0.0001,0.2559,0.2559
2025-02-11T00:00:00Z,LUNAUSDT,0.0001,0.2642,0.2642
2025-02-11T08:00:00Z,LUNAUSDT,0.0001,0.2703,0.2703
2025-02-11T16:00:00Z,LUNAUSDT,0.0001,0.2603,0.2603
2025-02-12T00:00:00Z,LUNAUSDT,0.0001,0.2615,0.2615
2025-02-12T08:00:00Z,LUNAUSDT,0.0001,0.262,0.262
2025-02-12T16:00:00Z,LUNAUSDT,0.0001,0.2611,0.2611
2025-02-13T00:00:00Z,LUNAUSDT,0.0001,0.2785,0.2785
2025-02-13T08:00:00Z,LUNAUSDT,0.0001,0.266,0.266
2025-02-13T16:00:00Z,LUNAUSDT,0.0001,0.263,0.263
2025-02-14T00:00:00Z,LUNAUSDT,0.0001,0.265,0.265
2025-02-14T08:00:00Z,LUNAUSDT,0.0001,0.2658,0.2658
2025-02-14T16:00:00Z,LUNAUSDT,0.0001,0.2704,0.2704
2025-02-15T00:00:00Z,LUNAUSDT,0.0001,0.2703,0.2703
2025-02-15T08:00:00Z,LUNAUSDT,0.0001,0.2675,0.2675
2025-02-15T16:00:00Z,LUNAUSDT,0.0001,0.2615,0.2615
2025-02-16T00:00:00Z,LUNAUSDT,0.0001,0.2655,0.2655
2025-02-16T08:00:00Z,LUNAUSDT,0.0001,0.2632,0.2632
2025-02-16T16:00:00Z,LUNAUSDT,0.0001,0.2661,0.2661
2025-02-17T00:00:00Z,LUNAUSDT,0.0001,0.2655,0.2655
2025-02-17T08:00:00Z,LUNAUSDT,0.0001,0.2674,0.2674
2025-02-17T16:00:00Z,LUNAUSDT,0.0001,0.2661,0.2661
2025-02-18T00:00:00Z,LUNAUSDT,0.0001,0.2637,0.2637
2025-02-18T08:00:00Z,LUNAUSDT,0.0001,0.2511,0.2511
2025-02-18T16:00:00Z,LUNAUSDT,0.0001,0.2422,0.2422
2025-02-19T00:00:00Z,LUNAUSDT,0.0001,0.2467,0.2467
2025-02-19T08:00:00Z,LUNAUSDT,0.0001,0.2512,0.2512
2025-02-19T16:00:00Z,LUNAUSDT,0.0001,0.2509,0.2509
2025-02-20T00:00:00Z,LUNAUSDT,0.0001,0.2531,0.2531
2025-02-20T08:00:00Z,LUNAUSDT,0.0001,0.2527,0.2527
2025-02-20T16:00:00Z,LUNAUSDT,0.0001,0.253,0.253
2025-02-21T00:00:00Z,LUNAUSDT,0.0001,0.258,0.258
2025-02-21T08:00:00Z,LUNAUSDT,0.0001,0.2608,0.2608
2025-02-21T16:00:00Z,LUNAUSDT,0.0001,0.2564,0.2564
2025-02-22T00:00:00Z,LUNAUSDT,0.0001,0.2459,0.2459
2025-02-22T08:00:00Z,LUNAUSDT,0.0001,0.2489,0.2489
2025-02-22T16:00:00Z,LUNAUSDT,0.0001,0.2543,0.2543
2025-02-23T00:00:00Z,LUNAUSDT,0.0001,0.2571,0.2571
2025-02-23T08:00:00Z,LUNAUSDT,0.0001,0.2584,0.2584
2025-02-23T16:00:00Z,LUNAUSDT,0.0001,0.2488,0.2488
2025-02-24T00:00:00Z,LUNAUSDT,0.0001,0.2512,0.2512
2025-02-24T08:00:00Z,LUNAUSDT,0.0001,0.2443,0.2443
2025-02-24T16:00:00Z,LUNAUSDT,0.0001,0.2381,0.2381
2025-02-25T00:00:00Z,LUNAUSDT,0.0001,0.2187,0.2187
2025-02-25T08:00:00Z,LUNAUSDT,0.0001,0.2097,0.2097
2025-02-25T16:00:00Z,LUNAUSDT,0.0001,0.2195,0.2195
2025-02-26T00:00:00Z,LUNAUSDT,0.0001,0.2262,0.2262
2025-02-26T08:00:00Z,LUNAUSDT,0.0001,0.2267,0.2267
2025-02-26T16:00:00Z,LUNAUSDT,0.0001,0.2304,0.2304
2025-02-27T00:00:00Z,LUNAUSDT,0.0001,0.2294,0.2294
2025-02-27T08:00:00Z,LUNAUSDT,0.0001,0.235,0.235
2025-02-27T16:00:00Z,LUNAUSDT,0.0001,0.2322,0.2322
2025-02-28T00:00:00Z,LUNAUSDT,0.0001,0.2294,0.2294
2025-02-28T08:00:00Z,LUNAUSDT,0.0001,0.2138,0.2138
2025-02-28T16:00:00Z,LUNAUSDT,0.0001,0.2278,0.2278
2025-03-01T00:00:00Z,LUNAUSDT,0.0001,0.2293,0.2293
2025-03-01T08:00:00Z,LUNAUSDT,0.0001,0.2265,0.2265
2025-03-01T16:00:00Z,LUNAUSDT,0.0001,0.2223,0.2223
2025-03-02T00:00:00Z,LUNAUSDT,0.0001,0.2249,0.2249
2025-03-02T08:00:00Z,LUNAUSDT,0.0001,0.2236,0.2236
2025-03-02T16:00:00Z,LUNAUSDT,0.0001,0.2314,0.2314
2025-03-03T00:00:00Z,LUNAUSDT,0.0001,0.2478,0.2478
2025-03-03T08:00:00Z,LUNAUSDT,0.0001,0.2356,0.2356
2025-03-03T16:00:00Z,LUNAUSDT,0.0001,0.2299,0.2299
2025-03-04T00:00:00Z,LUNAUSDT,0.0001,0.2105,0.2105
2025-03-04T08:00:00Z,LUNAUSDT,0.0001,0.2031,0.2031
2025-03-04T16:00:00Z,LUNAUSDT,0.0001,0.2059,0.2059
2025-03-05T00:00:00Z,LUNAUSDT,0.0001,0.2075,0.2075
2025-03-05T08:00:00Z,LUNAUSDT,0.0001,0.2079,0.2079
2025-03-05T16:00:00Z,LUNAUSDT,0.0001,0.2091,0.2091
2025-03-06T00:00:00Z,LUNAUSDT,0.0001,0.2144,0.2144
2025-03-06T08:00:00Z,LUNAUSDT,0.0001,0.2142,0.2142
2025-03-06T16:00:00Z,LUNAUSDT,0.0001,0.2139,0.2139
2025-03-07T00:00:00Z,LUNAUSDT,0.0001,0.2068,0.2068
2025-03-07T08:00:00Z,LUNAUSDT,0.0001,0.2074,0.2074
2025-03-07T16:00:00Z,LUNAUSDT,0.0001,0.2102,0.2102
2025-03-08T00:00:00Z,LUNAUSDT,0.0001,0.2047,0.2047
2025-03-08T08:00:00Z,LUNAUSDT,0.0001,0.2012,0.2012
2025-03-08T16:00:00Z,LUNAUSDT,0.0001,0.1994,0.1994
2025-03-09T00:00:00Z,LUNAUSDT,-0.000145016375502315,0.1983,0.1983
2025-03-09T08:00:00Z,LUNAUSDT,0.000051566566200204,0.1986,0.1986
2025-03-09T16:00:00Z,LUNAUSDT,0.0001,0.1876,0.1876
2025-03-10T00:00:00Z,LUNAUSDT,-0.000175382499466101,0.1796,0.1796
2025-03-10T08:00:00Z,LUNAUSDT,0.000046952662417016,0.1858,0.1858
2025-03-10T16:00:00Z,LUNAUSDT,0.0001,0.1844,0.1844
2025-03-11T00:00:00Z,LUNAUSDT,0.0001,0.1727,0.1727
2025-03-11T08:00:00Z,LUNAUSDT,0.0001,0.1783,0.1783
2025-03-11T16:00:00Z,LUNAUSDT,0.0001,0.1802,0.1802
2025-03-12T00:00:00Z,LUNAUSDT,0.0001,0.1822,0.1822
2025-03-12T08:00:00Z,LUNAUSDT,0.0001,0.1879,0.1879
2025-03-12T16:00:00Z,LUNAUSDT,0.0001,0.1897,0.1897
2025-03-13T00:00:00Z,LUNAUSDT,0.0001,0.1925,0.1925
2025-03-13T08:00:00Z,LUNAUSDT,0.0001,0.1906,0.1906
2025-03-13T16:00:00Z,LUNAUSDT,0.0001,0.191,0.191
2025-03-14T00:00:00Z,LUNAUSDT,0.0001,0.1901,0.1901
2025-03-14T08:00:00Z,LUNAUSDT,0.0001,0.1943,0.1943
2025-03-14T16:00:00Z,LUNAUSDT,0.0001,0.2001,0.2001
2025-03-15T00:00:00Z,LUNAUSDT,0.0001,0.1991,0.1991
2025-03-15T08:00:00Z,LUNAUSDT,0.0001,0.1987,0.1987
2025-03-15T16:00:00Z,LUNAUSDT,0.0001,0.205,0.205
2025-03-16T00:00:00Z,LUNAUSDT,0.0001,0.2142,0.2142
2025-03-16T08:00:00Z,LUNAUSDT,0.0001,0.2122,0.2122
2025-03-16T16:00:00Z,LUNAUSDT,0.0001,0.2088,0.2088
2025-03-17T00:00:00Z,LUNAUSDT,0.0001,0.2076,0.2076
2025-03-17T08:00:00Z,LUNAUSDT,0.0001,0.212,0.212
2025-03-17T16:00:00Z,LUNAUSDT,0.0001,0.2122,0.2122
2025-03-18T00:00:00Z,LUNAUSDT,0.0001,0.234,0.234
2025-03-18T08:00:00Z,LUNAUSDT,0.0001,0.2081,0.2081
2025-03-18T16:00:00Z,LUNAUSDT,0.0001,0.1987,0.1987
2025-03-19T00:00:00Z,LUNAUSDT,0.0001,0.2072,0.2072
2025-03-19T08:00:00Z,LUNAUSDT,0.0001,0.2057,0.2057
2025-03-19T16:00:00Z,LUNAUSDT,0.0001,0.2072,0.2072
2025-03-20T00:00:00Z,LUNAUSDT,0.0001,0.2108,0.2108
2025-03-20T08:00:00Z,LUNAUSDT,0.0001,0.2058,0.2058
2025-03-20T16:00:00Z,LUNAUSDT,0.0001,0.2045,0.2045
2025-03-21T00:00:00Z,LUNAUSDT,0.0001,0.2037,0.2037
2025-03-21T08:00:00Z,LUNAUSDT,0.0001,0.2057,0.2057
2025-03-21T16:00:00Z,LUNAUSDT,0.0001,0.2015,0.2015
2025-03-22T00:00:00Z,LUNAUSDT,0.0001,0.2027,0.2027
2025-03-22T08:00:00Z,LUNAUSDT,0.0001,0.2063,0.2063
2025-03-22T16:00:00Z,LUNAUSDT,0.0001,0.2083,0.2083
2025-03-23T00:00:00Z,LUNAUSDT,0.0001,0.2036,0.2036
2025-03-23T08:00:00Z,LUNAUSDT,0.0001,0.2076,0.2076
2025-03-23T16:00:00Z,LUNAUSDT,0.0001,0.2075,0.2075
2025-03-24T00:00:00Z,LUNAUSDT,0.0001,0.2086,0.2086
2025-03-24T08:00:00Z,LUNAUSDT,0.0001,0.2114,0.2114
2025-03-24T16:00:00Z,LUNAUSDT,0.0001,0.2141,0.2141
2025-03-25T00:00:00Z,LUNAUSDT,0.0001,0.2145,0.2145
2025-03-25T08:00:00Z,LUNAUSDT,0.000021437778460991,0.2118,0.2118
2025-03-25T16:00:00Z,LUNAUSDT,-0.000015855292671689,0.2142,0.2142
2025-03-26T00:00:00Z,LUNAUSDT,-0.000084450853198363,0.2142,0.2142
2025-03-26T08:00:00Z,LUNAUSDT,0.0001,0.2171,0.2171
2025-03-26T16:00:00Z,LUNAUSDT,-0.000455368090010334,0.213,0.213
2025-03-27T00:00:00Z,LUNAUSDT,-0.000390144812917714,0.2121,0.2121
2025-03-27T08:00:00Z,LUNAUSDT,-0.000409497490729794,0.2144,0.2144
2025-03-27T16:00:00Z,LUNAUSDT,-0.000185972695872034,0.211,0.211
2025-03-28T00:00:00Z,LUNAUSDT,-0.000238819120764895,0.2099,0.2099
2025-03-28T08:00:00Z,LUNAUSDT,-0.000242058989235765,0.1975,0.1975
2025-03-28T16:00:00Z,LUNAUSDT,0.0001,0.1907,0.1907
2025-03-29T00:00:00Z,LUNAUSDT,0.00008886267815356,0.1917,0.1917
2025-03-29T08:00:00Z,LUNAUSDT,0.000049138185908294,0.1874,0.1874
2025-03-29T16:00:00Z,LUNAUSDT,0.000067801759645043,0.1869,0.1869
2025-03-30T00:00:00Z,LUNAUSDT,0.0001,0.1856,0.1856
2025-03-30T08:00:00Z,LUNAUSDT,0.0001,0.1891,0.1891
2025-03-30T16:00:00Z,LUNAUSDT,0.0001,0.186,0.186
2025-03-31T00:00:00Z,LUNAUSDT,0.0001,0.1874,0.1874
2025-03-31T08:00:00Z,LUNAUSDT,0.0001,0.1843,0.1843
2025-03-31T16:00:00Z,LUNAUSDT,0.0001,0.1875,0.1875
2025-04-01T00:00:00Z,LUNAUSDT,0.0001,0.1847,0.1847
2025-04-01T08:00:00Z,LUNAUSDT,0.0001,0.1885,0.1885
2025-04-01T16:00:00Z,LUNAUSDT,0.0001,0.1914,0.1914
2025-04-02T00:00:00Z,LUNAUSDT,0.0001,0.1856,0.1856
2025-04-02T08:00:00Z,LUNAUSDT,0.0001,0.1784,0.1784
2025-04-02T16:00:00Z,LUNAUSDT,0.0001,0.1852,0.1852
2025-04-03T00:00:00Z,LUNAUSDT,0.0001,0.1739,0.1739
2025-04-03T08:00:00Z,LUNAUSDT,0.0001,0.1757,0.1757
2025-04-03T16:00:00Z,LUNAUSDT,0.0001,0.1634,0.1634
2025-04-04T00:00:00Z,LUNAUSDT,0.0001,0.1685,0.1685
2025-04-04T08:00:00Z,LUNAUSDT,0.0001,0.1711,0.1711
2025-04-04T16:00:00Z,LUNAUSDT,0.0001,0.1688,0.1688
2025-04-05T00:00:00Z,LUNAUSDT,0.0001,0.1695,0.1695
2025-04-05T08:00:00Z,LUNAUSDT,0.0001,0.17,0.17
2025-04-05T16:00:00Z,LUNAUSDT,0.0001,0.1649,0.1649
2025-04-06T00:00:00Z,LUNAUSDT,0.0001,0.1663,0.1663
2025-04-06T08:00:00Z,LUNAUSDT,0.0001,0.1644,0.1644
2025-04-06T16:00:00Z,LUNAUSDT,0.0001,0.1638,0.1638
2025-04-07T00:00:00Z,LUNAUSDT,0.0001,0.1511,0.1511
2025-04-07T08:00:00Z,LUNAUSDT,0.0001,0.1428,0.1428
2025-04-07T16:00:00Z,LUNAUSDT,0.0001,0.1503,0.1503
2025-04-08T00:00:00Z,LUNAUSDT,0.0001,0.1515,0.1515
2025-04-08T08:00:00Z,LUNAUSDT,0.0001,0.153,0.153
2025-04-08T16:00:00Z,LUNAUSDT,0.0001,0.1506,0.1506
2025-04-09T00:00:00Z,LUNAUSDT,0.0001,0.1435,0.1435
2025-04-09T08:00:00Z,LUNAUSDT,0.0001,0.1494,0.1494
2025-04-09T16:00:00Z,LUNAUSDT,0.0001,0.1503,0.1503
2025-04-10T00:00:00Z,LUNAUSDT,0.0001,0.1604,0.1604
2025-04-10T08:00:00Z,LUNAUSDT,0.0001,0.1591,0.1591
2025-04-10T16:00:00Z,LUNAUSDT,0.0001,0.1544,0.1544
2025-04-11T00:00:00Z,LUNAUSDT,0.0001,0.1567,0.1567
2025-04-11T08:00:00Z,LUNAUSDT,0.0001,0.1611,0.1611
2025-04-11T16:00:00Z,LUNAUSDT,0.0001,0.1612,0.1612
2025-04-12T00:00:00Z,LUNAUSDT,0.0001,0.1621,0.1621
2025-04-12T08:00:00Z,LUNAUSDT,0.0001,0.1628,0.1628
2025-04-12T16:00:00Z,LUNAUSDT,0.0001,0.1681,0.1681
2025-04-13T00:00:00Z,LUNAUSDT,0.0001,0.1671,0.1671
2025-04-13T08:00:00Z,LUNAUSDT,0.0001,0.1639,0.1639
2025-04-13T16:00:00Z,LUNAUSDT,0.0001,0.162,0.162
2025-04-14T00:00:00Z,LUNAUSDT,0.0001,0.1563,0.1563
2025-04-14T08:00:00Z,LUNAUSDT,0.0001,0.1585,0.1585
2025-04-14T16:00:00Z,LUNAUSDT,0.0001,0.1575,0.1575
2025-04-15T00:00:00Z,LUNAUSDT,0.0001,0.1583,0.1583
2025-04-15T08:00:00Z,LUNAUSDT,0.0001,0.1585,0.1585
2025-04-15T16:00:00Z,LUNAUSDT,0.0001,0.156,0.156
2025-04-16T00:00:00Z,LUNAUSDT,0.0001,0.1544,0.1544
2025-04-16T08:00:00Z,LUNAUSDT,0.0001,0.1535,0.1535
2025-04-16T16:00:00Z,LUNAUSDT,0.0001,0.1546,0.1546
2025-04-17T00:00:00Z,LUNAUSDT,0.0001,0.1535,0.1535
2025-04-17T08:00:00Z,LUNAUSDT,0.0001,0.1551,0.1551
2025-04-17T16:00:00Z,LUNAUSDT,0.0001,0.1548,0.1548
2025-04-18T00:00:00Z,LUNAUSDT,0.0001,0.1546,0.1546
2025-04-18T08:00:00Z,LUNAUSDT,0.0001,0.1592,0.1592
2025-04-18T16:00:00Z,LUNAUSDT,0.0001,0.1601,0.1601
2025-04-19T00:00:00Z,LUNAUSDT,0.0001,0.1608,0.1608
2025-04-19T08:00:00Z,LUNAUSDT,0.0001,0.1627,0.1627
2025-04-19T16:00:00Z,LUNAUSDT,0.0001,0.1633,0.1633
2025-04-20T00:00:00Z,LUNAUSDT,0.0001,0.1668,0.1668
2025-04-20T08:00:00Z,LUNAUSDT,0.0001,0.1672,0.1672
2025-04-20T16:00:00Z,LUNAUSDT,0.0001,0.1646,0.1646
2025-04-21T00:00:00Z,LUNAUSDT,0.0001,0.1682,0.1682
2025-04-21T08:00:00Z,LUNAUSDT,0.0001,0.1711,0.1711
2025-04-21T16:00:00Z,LUNAUSDT,0.0001,0.1709,0.1709
2025-04-22T00:00:00Z,LUNAUSDT,0.0001,0.1656,0.1656
2025-04-22T08:00:00Z,LUNAUSDT,0.0001,0.1652,0.1652
2025-04-22T16:00:00Z,LUNAUSDT,0.0001,0.1709,0.1709
2025-04-23T00:00:00Z,LUNAUSDT,0.0001,0.1746,0.1746
2025-04-23T08:00:00Z,LUNAUSDT,0.0001,0.1764,0.1764
2025-04-23T16:00:00Z,LUNAUSDT,0.0001,0.1737,0.1737
2025-04-24T00:00:00Z,LUNAUSDT,0.0001,0.1845,0.1845
2025-04-24T08:00:00Z,LUNAUSDT,0.0001,0.1855,0.1855
2025-04-24T16:00:00Z,LUNAUSDT,0.0001,0.1846,0.1846
2025-04-25T00:00:00Z,LUNAUSDT,0.0001,0.1858,0.1858
2025-04-25T08:00:00Z,LUNAUSDT,0.0001,0.1892,0.1892
2025-04-25T16:00:00Z,LUNAUSDT,0.0001,0.1872,0.1872
2025-04-26T00:00:00Z,LUNAUSDT,0.0001,0.1876,0.1876
2025-04-26T08:00:00Z,LUNAUSDT,0.0001,0.1919,0.1919
2025-04-26T16:00:00Z,LUNAUSDT,0.0001,0.192,0.192
2025-04-27T00:00:00Z,LUNAUSDT,0.0001,0.1922,0.1922
2025-04-27T08:00:00Z,LUNAUSDT,0.0001,0.1865,0.1865
2025-04-27T16:00:00Z,LUNAUSDT,0.0001,0.1829,0.1829
2025-04-28T00:00:00Z,LUNAUSDT,0.0001,0.1827,0.1827
2025-04-28T08:00:00Z,LUNAUSDT,0.0001,0.1875,0.1875
2025-04-28T16:00:00Z,LUNAUSDT,0.0001,0.1825,0.1825
2025-04-29T00:00:00Z,LUNAUSDT,0.0001,0.1857,0.1857
2025-04-29T08:00:00Z,LUNAUSDT,0.0001,0.1892,0.1892
2025-04-29T16:00:00Z,LUNAUSDT,0.0001,0.1858,0.1858
2025-04-30T00:00:00Z,LUNAUSDT,0.0001,0.1817,0.1817
2025-04-30T08:00:00Z,LUNAUSDT,0.0001,0.1832,0.1832
2025-04-30T16:00:00Z,LUNAUSDT,0.0001,0.1793,0.1793
2025-05-01T00:00:00Z,LUNAUSDT,0.0001,0.1818,0.1818
2025-05-01T08:00:00Z,LUNAUSDT,0.0001,0.1841,0.1841
2025-05-01T16:00:00Z,LUNAUSDT,0.0001,0.1853,0.1853
2025-05-02T00:00:00Z,LUNAUSDT,0.0001,0.1838,0.1838
2025-05-02T08:00:00Z,LUNAUSDT,0.0001,0.1907,0.1907
2025-05-02T16:00:00Z,LUNAUSDT,0.0001,0.1867,0.1867
2025-05-03T00:00:00Z,LUNAUSDT,0.0001,0.1853,0.1853
2025-05-03T08:00:00Z,LUNAUSDT,0.0001,0.1814,0.1814
2025-05-03T16:00:00Z,LUNAUSDT,0.0001,0.1804,0.1804
2025-05-04T00:00:00Z,LUNAUSDT,0.0001,0.1709,0.1709
2025-05-04T08:00:00Z,LUNAUSDT,0.0001,0.1695,0.1695
2025-05-04T16:00:00Z,LUNAUSDT,0.0001,0.1687,0.1687
2025-05-05T00:00:00Z,LUNAUSDT,0.0001,0.1695,0.1695
2025-05-05T08:00:00Z,LUNAUSDT,0.0001,0.1723,0.1723
2025-05-05T16:00:00Z,LUNAUSDT,0.0001,0.1659,0.1659
2025-05-06T00:00:00Z,LUNAUSDT,0.0001,0.1671,0.1671
2025-05-06T08:00:00Z,LUNAUSDT,0.0001,0.1661,0.1661
2025-05-06T16:00:00Z,LUNAUSDT,0.0001,0.1608,0.1608
2025-05-07T00:00:00Z,LUNAUSDT,0.0001,0.1632,0.1632
2025-05-07T08:00:00Z,LUNAUSDT,0.0001,0.1644,0.1644
2025-05-07T16:00:00Z,LUNAUSDT,0.0001,0.1628,0.1628
2025-05-08T00:00:00Z,LUNAUSDT,-0.000092226951745337,0.1655,0.1655
2025-05-08T08:00:00Z,LUNAUSDT,0.0001,0.1731,0.1731
2025-05-08T16:00:00Z,LUNAUSDT,0.0001,0.1806,0.1806
2025-05-09T00:00:00Z,LUNAUSDT,0.0001,0.1877,0.1877
2025-05-09T08:00:00Z,LUNAUSDT,0.0001,0.1936,0.1936
2025-05-09T16:00:00Z,LUNAUSDT,0.0001,0.198,0.198
2025-05-10T00:00:00Z,LUNAUSDT,0.0001,0.2011,0.2011
2025-05-10T08:00:00Z,LUNAUSDT,0.0001,0.2235,0.2235
2025-05-10T16:00:00Z,LUNAUSDT,0.0001,0.2158,0.2158
2025-05-11T00:00:00Z,LUNAUSDT,0.0001,0.2259,0.2259
2025-05-11T08:00:00Z,LUNAUSDT,0.0001,0.2159,0.2159
2025-05-11T16:00:00Z,LUNAUSDT,0.0001,0.2179,0.2179
2025-05-12T00:00:00Z,LUNAUSDT,0.0001,0.218,0.218
2025-05-12T08:00:00Z,LUNAUSDT,0.0001,0.223,0.223
2025-05-12T16:00:00Z,LUNAUSDT,0.0001,0.2135,0.2135
2025-05-13T00:00:00Z,LUNAUSDT,0.0001,0.2132,0.2132
2025-05-13T08:00:00Z,LUNAUSDT,0.0001,0.2057,0.2057
2025-05-13T16:00:00Z,LUNAUSDT,0.0001,0.2136,0.2136
2025-05-14T00:00:00Z,LUNAUSDT,0.0001,0.2214,0.2214
2025-05-14T08:00:00Z,LUNAUSDT,0.0001,0.2201,0.2201
2025-05-14T16:00:00Z,LUNAUSDT,0.0001,0.2155,0.2155
2025-05-15T00:00:00Z,LUNAUSDT,0.0001,0.2133,0.2133
2025-05-15T08:00:00Z,LUNAUSDT,0.0001,0.1985,0.1985
2025-05-15T16:00:00Z,LUNAUSDT,0.0001,0.2024,0.2024
2025-05-16T00:00:00Z,LUNAUSDT,0.0001,0.1967,0.1967
2025-05-16T08:00:00Z,LUNAUSDT,0.0001,0.2007,0.2007
2025-05-16T16:00:00Z,LUNAUSDT,0.0001,0.2009,0.2009
2025-05-17T00:00:00Z,LUNAUSDT,0.0001,0.1927,0.1927
2025-05-17T08:00:00Z,LUNAUSDT,0.000021212676988493,0.1875,0.1875
2025-05-17T16:00:00Z,LUNAUSDT,0.000091383087195142,0.1871,0.1871
2025-05-18T00:00:00Z,LUNAUSDT,0.000032945534269081,0.1875,0.1875
2025-05-18T08:00:00Z,LUNAUSDT,-0.000081125649863357,0.1934,0.1934
2025-05-18T16:00:00Z,LUNAUSDT,0.0001,0.2012,0.2012
2025-05-19T00:00:00Z,LUNAUSDT,0.0001,0.1981,0.1981
2025-05-19T08:00:00Z,LUNAUSDT,-0.000057563183885565,0.1874,0.1874
2025-05-19T16:00:00Z,LUNAUSDT,-0.000244962615695345,0.189,0.189
2025-05-20T00:00:00Z,LUNAUSDT,0.0001,0.1917,0.1917
2025-05-20T08:00:00Z,LUNAUSDT,-0.000112695448502378,0.191,0.191
2025-05-20T16:00:00Z,LUNAUSDT,-0.000104597108650746,0.189,0.189
2025-05-21T00:00:00Z,LUNAUSDT,0.000069217932084179,0.192,0.192
2025-05-21T08:00:00Z,LUNAUSDT,0.000055323418443658,0.1933,0.1933
2025-05-21T16:00:00Z,LUNAUSDT,0.000014302973217612,0.1961,0.1961
2025-05-22T00:00:00Z,LUNAUSDT,0.0001,0.1959,0.1959
2025-05-22T08:00:00Z,LUNAUSDT,0.0001,0.2002,0.2002
2025-05-22T16:00:00Z,LUNAUSDT,0.0001,0.2048,0.2048
2025-05-23T00:00:00Z,LUNAUSDT,0.000062133840779348,0.206,0.206
2025-05-23T08:00:00Z,LUNAUSDT,0.000012618007830372,0.2028,0.2028
2025-05-23T16:00:00Z,LUNAUSDT,-0.000068984202244852,0.1979,0.1979
2025-05-24T00:00:00Z,LUNAUSDT,0.000011435156361501,0.1856,0.1856
2025-05-24T08:00:00Z,LUNAUSDT,-0.00035144263408711,0.1899,0.1899
2025-05-24T16:00:00Z,LUNAUSDT,-0.000119000710347106,0.1921,0.1921
2025-05-25T00:00:00Z,LUNAUSDT,0.0001,0.189,0.189
2025-05-25T08:00:00Z,LUNAUSDT,0.0001,0.1864,0.1864
2025-05-25T16:00:00Z,LUNAUSDT,-0.000073771270160607,0.1831,0.1831
2025-05-26T00:00:00Z,LUNAUSDT,0.0001,0.1898,0.1898
2025-05-26T08:00:00Z,LUNAUSDT,0.0001,0.1935,0.1935
2025-05-26T16:00:00Z,LUNAUSDT,0.0001,0.1904,0.1904
2025-05-27T00:00:00Z,LUNAUSDT,0.0001,0.1891,0.1891
2025-05-27T08:00:00Z,LUNAUSDT,0.0001,0.1925,0.1925
2025-05-27T16:00:00Z,LUNAUSDT,0.0001,0.1945,0.1945
2025-05-28T00:00:00Z,LUNAUSDT,0.0001,0.193,0.193
2025-05-28T08:00:00Z,LUNAUSDT,0.0001,0.191,0.191
2025-05-28T16:00:00Z,LUNAUSDT,0.0001,0.1908,0.1908
2025-05-29T00:00:00Z,LUNAUSDT,0.0001,0.1932,0.1932
2025-05-29T08:00:00Z,LUNAUSDT,0.0001,0.1937,0.1937
2025-05-29T16:00:00Z,LUNAUSDT,0.0001,0.1896,0.1896
2025-05-30T00:00:00Z,LUNAUSDT,0.0001,0.1861,0.1861
2025-05-30T08:00:00Z,LUNAUSDT,0.0001,0.1771,0.1771
2025-05-30T16:00:00Z,LUNAUSDT,0.0001,0.1756,0.1756
2025-05-31T00:00:00Z,LUNAUSDT,0.0001,0.1648,0.1648
2025-05-31T08:00:00Z,LUNAUSDT,0.0001,0.1642,0.1642
2025-05-31T16:00:00Z,LUNAUSDT,0.0001,0.1674,0.1674
2025-06-01T00:00:00Z,LUNAUSDT,0.0001,0.1701,0.1701
2025-06-01T08:00:00Z,LUNAUSDT,0.0001,0.1715,0.1715
2025-06-01T16:00:00Z,LUNAUSDT,0.0001,0.171,0.171
2025-06-02T00:00:00Z,LUNAUSDT,0.0001,0.172,0.172
2025-06-02T08:00:00Z,LUNAUSDT,0.0001,0.1707,0.1707
2025-06-02T16:00:00Z,LUNAUSDT,0.0001,0.1722,0.1722
2025-06-03T00:00:00Z,LUNAUSDT,0.0001,0.1764,0.1764
2025-06-03T08:00:00Z,LUNAUSDT,0.0001,0.1755,0.1755
2025-06-03T16:00:00Z,LUNAUSDT,0.0001,0.1761,0.1761
2025-06-04T00:00:00Z,LUNAUSDT,0.0001,0.1743,0.1743
2025-06-04T08:00:00Z,LUNAUSDT,0.0001,0.1749,0.1749
2025-06-04T16:00:00Z,LUNAUSDT,0.0001,0.175,0.175
2025-06-05T00:00:00Z,LUNAUSDT,0.0001,0.1698,0.1698
2025-06-05T08:00:00Z,LUNAUSDT,0.0001,0.172,0.172
2025-06-05T16:00:00Z,LUNAUSDT,0.0001,0.1693,0.1693
2025-06-06T00:00:00Z,LUNAUSDT,0.0001,0.1587,0.1587
2025-06-06T08:00:00Z,LUNAUSDT,0.0001,0.1628,0.1628
2025-06-06T16:00:00Z,LUNAUSDT,0.0001,0.1653,0.1653
2025-06-07T00:00:00Z,LUNAUSDT,0.0001,0.1617,0.1617
2025-06-07T08:00:00Z,LUNAUSDT,0.0001,0.1657,0.1657
2025-06-07T16:00:00Z,LUNAUSDT,0.0001,0.1658,0.1658
2025-06-08T00:00:00Z,LUNAUSDT,0.0001,0.1662,0.1662
2025-06-08T08:00:00Z,LUNAUSDT,0.0001,0.1652,0.1652
2025-06-08T16:00:00Z,LUNAUSDT,0.0001,0.1668,0.1668
2025-06-09T00:00:00Z,LUNAUSDT,0.0001,0.1667,0.1667
2025-06-09T08:00:00Z,LUNAUSDT,0.0001,0.1653,0.1653
2025-06-09T16:00:00Z,LUNAUSDT,0.0001,0.171,0.171
2025-06-10T00:00:00Z,LUNAUSDT,0.0001,0.1778,0.1778
2025-06-10T08:00:00Z,LUNAUSDT,0.0001,0.1764,0.1764
2025-06-10T16:00:00Z,LUNAUSDT,0.0001,0.1781,0.1781
2025-06-11T00:00:00Z,LUNAUSDT,0.0001,0.1804,0.1804
2025-06-11T08:00:00Z,LUNAUSDT,0.0001,0.1809,0.1809
2025-06-11T16:00:00Z,LUNAUSDT,0.0001,0.1828,0.1828
2025-06-12T00:00:00Z,LUNAUSDT,0.0001,0.1753,0.1753
2025-06-12T08:00:00Z,LUNAUSDT,0.0001,0.1712,0.1712
2025-06-12T16:00:00Z,LUNAUSDT,0.0001,0.1679,0.1679
2025-06-13T00:00:00Z,LUNAUSDT,0.0001,0.1613,0.1613
2025-06-13T08:00:00Z,LUNAUSDT,0.0001,0.1559,0.1559
2025-06-13T16:00:00Z,LUNAUSDT,0.0001,0.1566,0.1566
2025-06-14T00:00:00Z,LUNAUSDT,0.0001,0.1609,0.1609
2025-06-14T08:00:00Z,LUNAUSDT,0.0001,0.1702,0.1702
2025-06-14T16:00:00Z,LUNAUSDT,0.0001,0.163,0.163
2025-06-15T00:00:00Z,LUNAUSDT,0.0001,0.1614,0.1614
2025-06-15T08:00:00Z,LUNAUSDT,0.0001,0.1629,0.1629
2025-06-15T16:00:00Z,LUNAUSDT,0.0001,0.1632,0.1632
2025-06-16T00:00:00Z,LUNAUSDT,0.0001,0.162,0.162
2025-06-16T08:00:00Z,LUNAUSDT,0.0001,0.1661,0.1661
2025-06-16T16:00:00Z,LUNAUSDT,0.0001,0.167,0.167
2025-06-17T00:00:00Z,LUNAUSDT,0.0001,0.1616,0.1616
2025-06-17T08:00:00Z,LUNAUSDT,0.0001,0.1624,0.1624
2025-06-17T16:00:00Z,LUNAUSDT,0.0001,0.1583,0.1583
2025-06-18T00:00:00Z,LUNAUSDT,0.0001,0.1583,0.1583
2025-06-18T08:00:00Z,LUNAUSDT,0.0001,0.159,0.159
2025-06-18T16:00:00Z,LUNAUSDT,0.0001,0.1565,0.1565
2025-06-19T00:00:00Z,LUNAUSDT,0.0001,0.1584,0.1584
2025-06-19T08:00:00Z,LUNAUSDT,0.0001,0.1576,0.1576
2025-06-19T16:00:00Z,LUNAUSDT,0.0001,0.1553,0.1553
2025-06-20T00:00:00Z,LUNAUSDT,0.0001,0.1562,0.1562
2025-06-20T08:00:00Z,LUNAUSDT,0.0001,0.1577,0.1577
2025-06-20T16:00:00Z,LUNAUSDT,0.0001,0.1544,0.1544
2025-06-21T00:00:00Z,LUNAUSDT,0.0001,0.1493,0.1493
2025-06-21T08:00:00Z,LUNAUSDT,0.0001,0.1505,0.1505
2025-06-21T16:00:00Z,LUNAUSDT,0.0001,0.1484,0.1484
2025-06-22T00:00:00Z,LUNAUSDT,0.0001,0.1419,0.1419
2025-06-22T08:00:00Z,LUNAUSDT,0.0001,0.1403,0.1403
2025-06-22T16:00:00Z,LUNAUSDT,0.0001,0.1316,0.1316
2025-06-23T00:00:00Z,LUNAUSDT,0.0001,0.1333,0.1333
2025-06-23T08:00:00Z,LUNAUSDT,0.0001,0.1359,0.1359
2025-06-23T16:00:00Z,LUNAUSDT,0.0001,0.1362,0.1362
2025-06-24T00:00:00Z,LUNAUSDT,0.0001,0.1471,0.1471
2025-06-24T08:00:00Z,LUNAUSDT,0.0001,0.1462,0.1462
2025-06-24T16:00:00Z,LUNAUSDT,0.0001,0.1471,0.1471
2025-06-25T00:00:00Z,LUNAUSDT,0.0001,0.1481,0.1481
2025-06-25T08:00:00Z,LUNAUSDT,0.0001,0.1484,0.1484
2025-06-25T16:00:00Z,LUNAUSDT,0.0001,0.1459,0.1459
2025-06-26T00:00:00Z,LUNAUSDT,0.0001,0.1458,0.1458
2025-06-26T08:00:00Z,LUNAUSDT,0.0001,0.1483,0.1483
2025-06-26T16:00:00Z,LUNAUSDT,0.0001,0.1442,0.1442
2025-06-27T00:00:00Z,LUNAUSDT,0.0001,0.1427,0.1427
2025-06-27T08:00:00Z,LUNAUSDT,0.0001,0.1433,0.1433
2025-06-27T16:00:00Z,LUNAUSDT,0.0001,0.1454,0.1454
2025-06-28T00:00:00Z,LUNAUSDT,0.0001,0.1447,0.1447
2025-06-28T08:00:00Z,LUNAUSDT,0.0001,0.1445,0.1445
2025-06-28T16:00:00Z,LUNAUSDT,0.0001,0.1469,0.1469
2025-06-29T00:00:00Z,LUNAUSDT,0.0001,0.1473,0.1473
2025-06-29T08:00:00Z,LUNAUSDT,0.0001,0.1471,0.1471
2025-06-29T16:00:00Z,LUNAUSDT,0.0001,0.1457,0.1457
2025-06-30T00:00:00Z,LUNAUSDT,0.0001,0.1536,0.1536
2025-06-30T08:00:00Z,LUNAUSDT,0.0001,0.1498,0.1498
2025-06-30T16:00:00Z,LUNAUSDT,0.0001,0.1482,0.1482
2025-07-01T00:00:00Z,LUNAUSDT,0.0001,0.1469,0.1469
2025-07-01T08:00:00Z,LUNAUSDT,0.0001,0.1431,0.1431
2025-07-01T16:00:00Z,LUNAUSDT,0.0001,0.1427,0.1427
2025-07-02T00:00:00Z,LUNAUSDT,0.0001,0.1401,0.1401
2025-07-02T08:00:00Z,LUNAUSDT,0.0001,0.1431,0.1431
2025-07-02T16:00:00Z,LUNAUSDT,0.0001,0.1475,0.1475
2025-07-03T00:00:00Z,LUNAUSDT,0.0001,0.1517,0.1517
2025-07-03T08:00:00Z,LUNAUSDT,0.0001,0.1535,0.1535
2025-07-03T16:00:00Z,LUNAUSDT,0.0001,0.1503,0.1503
2025-07-04T00:00:00Z,LUNAUSDT,0.0001,0.1535,0.1535
2025-07-04T08:00:00Z,LUNAUSDT,0.0001,0.147,0.147
2025-07-04T16:00:00Z,LUNAUSDT,0.0001,0.147,0.147
2025-07-05T00:00:00Z,LUNAUSDT,0.0001,0.1461,0.1461
2025-07-05T08:00:00Z,LUNAUSDT,0.0001,0.1475,0.1475
2025-07-05T16:00:00Z,LUNAUSDT,0.0001,0.1483,0.1483
2025-07-06T00:00:00Z,LUNAUSDT,0.0001,0.1508,0.1508
2025-07-06T08:00:00Z,LUNAUSDT,0.0001,0.1467,0.1467
2025-07-06T16:00:00Z,LUNAUSDT,0.0001,0.1502,0.1502
2025-07-07T00:00:00Z,LUNAUSDT,0.0001,0.1521,0.1521
2025-07-07T08:00:00Z,LUNAUSDT,0.0001,0.1522,0.1522
2025-07-07T16:00:00Z,LUNAUSDT,0.0001,0.1479,0.1479
2025-07-08T00:00:00Z,LUNAUSDT,0.0001,0.1475,0.1475
2025-07-08T08:00:00Z,LUNAUSDT,0.0001,0.1482,0.1482
2025-07-08T16:00:00Z,LUNAUSDT,0.0001,0.1483,0.1483
2025-07-09T00:00:00Z,LUNAUSDT,0.0001,0.151,0.151
2025-07-09T08:00:00Z,LUNAUSDT,0.0001,0.1518,0.1518
2025-07-09T16:00:00Z,LUNAUSDT,0.0001,0.1533,0.1533
2025-07-10T00:00:00Z,LUNAUSDT,0.0001,0.1569,0.1569
2025-07-10T08:00:00Z,LUNAUSDT,0.0001,0.1565,0.1565
2025-07-10T16:00:00Z,LUNAUSDT,0.0001,0.1562,0.1562
2025-07-11T00:00:00Z,LUNAUSDT,0.0001,0.167,0.167
2025-07-11T08:00:00Z,LUNAUSDT,0.0001,0.1681,0.1681
2025-07-11T16:00:00Z,LUNAUSDT,0.0001,0.1678,0.1678
2025-07-12T00:00:00Z,LUNAUSDT,0.0001,0.1685,0.1685
2025-07-12T08:00:00Z,LUNAUSDT,0.0001,0.1698,0.1698
2025-07-12T16:00:00Z,LUNAUSDT,0.0001,0.1619,0.1619
2025-07-13T00:00:00Z,LUNAUSDT,0.0001,0.1671,0.1671
2025-07-13T08:00:00Z,LUNAUSDT,0.0001,0.1698,0.1698
2025-07-13T16:00:00Z,LUNAUSDT,0.0001,0.1717,0.1717
2025-07-14T00:00:00Z,LUNAUSDT,0.0001,0.1693,0.1693
2025-07-14T08:00:00Z,LUNAUSDT,0.0001,0.1756,0.1756
2025-07-14T16:00:00Z,LUNAUSDT,0.0001,0.1688,0.1688
2025-07-15T00:00:00Z,LUNAUSDT,0.0001,0.1693,0.1693
2025-07-15T08:00:00Z,LUNAUSDT,0.0001,0.1665,0.1665
2025-07-15T16:00:00Z,LUNAUSDT,0.0001,0.1683,0.1683
2025-07-16T00:00:00Z,LUNAUSDT,0.0001,0.1732,0.1732
2025-07-16T08:00:00Z,LUNAUSDT,0.0001,0.1725,0.1725
2025-07-16T16:00:00Z,LUNAUSDT,0.0001,0.175,0.175
2025-07-17T00:00:00Z,LUNAUSDT,0.0001,0.1754,0.1754
2025-07-17T08:00:00Z,LUNAUSDT,0.0001,0.1745,0.1745
2025-07-17T16:00:00Z,LUNAUSDT,0.0001,0.1751,0.1751
2025-07-18T00:00:00Z,LUNAUSDT,0.0001,0.1752,0.1752
2025-07-18T08:00:00Z,LUNAUSDT,0.0001,0.1811,0.1811
2025-07-18T16:00:00Z,LUNAUSDT,0.0001,0.1868,0.1868
2025-07-19T00:00:00Z,LUNAUSDT,0.0001,0.1794,0.1794
2025-07-19T08:00:00Z,LUNAUSDT,0.0001,0.1774,0.1774
2025-07-19T16:00:00Z,LUNAUSDT,0.0001,0.1757,0.1757
2025-07-20T00:00:00Z,LUNAUSDT,0.0001,0.1797,0.1797
2025-07-20T08:00:00Z,LUNAUSDT,0.0001,0.1814,0.1814
2025-07-20T16:00:00Z,LUNAUSDT,0.0001,0.1854,0.1854
2025-07-21T00:00:00Z,LUNAUSDT,0.0001,0.1834,0.1834
2025-07-21T08:00:00Z,LUNAUSDT,0.0001,0.1888,0.1888
2025-07-21T16:00:00Z,LUNAUSDT,0.0001,0.1878,0.1878
2025-07-22T00:00:00Z,LUNAUSDT,0.0001,0.1907,0.1907
2025-07-22T08:00:00Z,LUNAUSDT,0.0001,0.1821,0.1821
2025-07-22T16:00:00Z,LUNAUSDT,0.0001,0.1859,0.1859
2025-07-23T00:00:00Z,LUNAUSDT,0.0001,0.1878,0.1878
2025-07-23T08:00:00Z,LUNAUSDT,0.0001,0.1849,0.1849
2025-07-23T16:00:00Z,LUNAUSDT,0.0001,0.1759,0.1759
2025-07-24T00:00:00Z,LUNAUSDT,0.0001,0.1697,0.1697
2025-07-24T08:00:00Z,LUNAUSDT,0.0001,0.1635,0.1635
2025-07-24T16:00:00Z,LUNAUSDT,0.0001,0.1693,0.1693
2025-07-25T00:00:00Z,LUNAUSDT,0.0001,0.1659,0.1659
2025-07-25T08:00:00Z,LUNAUSDT,0.0001,0.1656,0.1656
2025-07-25T16:00:00Z,LUNAUSDT,0.0001,0.165,0.165
2025-07-26T00:00:00Z,LUNAUSDT,0.0001,0.1708,0.1708
2025-07-26T08:00:00Z,LUNAUSDT,0.0001,0.1713,0.1713
2025-07-26T16:00:00Z,LUNAUSDT,0.0001,0.1723,0.1723
2025-07-27T00:00:00Z,LUNAUSDT,0.0001,0.1719,0.1719
2025-07-27T08:00:00Z,LUNAUSDT,0.0001,0.174,0.174
2025-07-27T16:00:00Z,LUNAUSDT,0.0001,0.1738,0.1738
2025-07-28T00:00:00Z,LUNAUSDT,0.0001,0.1771,0.1771
2025-07-28T08:00:00Z,LUNAUSDT,0.0001,0.1765,0.1765
2025-07-28T16:00:00Z,LUNAUSDT,0.0001,0.1676,0.1676
2025-07-29T00:00:00Z,LUNAUSDT,0.0001,0.1648,0.1648
2025-07-29T08:00:00Z,LUNAUSDT,0.0001,0.1685,0.1685
2025-07-29T16:00:00Z,LUNAUSDT,0.0001,0.1629,0.1629
2025-07-30T00:00:00Z,LUNAUSDT,0.0001,0.1631,0.1631
2025-07-30T08:00:00Z,LUNAUSDT,0.0001,0.1609,0.1609
2025-07-30T16:00:00Z,LUNAUSDT,0.0001,0.1607,0.1607
2025-07-31T00:00:00Z,LUNAUSDT,0.0001,0.1605,0.1605
2025-07-31T08:00:00Z,LUNAUSDT,0.0001,0.1635,0.1635
2025-07-31T16:00:00Z,LUNAUSDT,0.0001,0.1598,0.1598
2025-08-01T00:00:00Z,LUNAUSDT,0.0001,0.1537,0.1537
2025-08-01T08:00:00Z,LUNAUSDT,0.0001,0.1511,0.1511
2025-08-01T16:00:00Z,LUNAUSDT,0.0001,0.1527,0.1527
2025-08-02T00:00:00Z,LUNAUSDT,0.0001,0.1508,0.1508
2025-08-02T08:00:00Z,LUNAUSDT,0.0001,0.1515,0.1515
2025-08-02T16:00:00Z,LUNAUSDT,0.0001,0.148,0.148
2025-08-03T00:00:00Z,LUNAUSDT,0.0001,0.1475,0.1475
2025-08-03T08:00:00Z,LUNAUSDT,0.0001,0.152,0.152
2025-08-03T16:00:00Z,LUNAUSDT,0.0001,0.1528,0.1528
2025-08-04T00:00:00Z,LUNAUSDT,0.0001,0.1532,0.1532
2025-08-04T08:00:00Z,LUNAUSDT,0.0001,0.1554,0.1554
2025-08-04T16:00:00Z,LUNAUSDT,0.0001,0.1554,0.1554
2025-08-05T00:00:00Z,LUNAUSDT,0.0001,0.1572,0.1572
2025-08-05T08:00:00Z,LUNAUSDT,0.0001,0.1525,0.1525
2025-08-05T16:00:00Z,LUNAUSDT,0.0001,0.1507,0.1507
2025-08-06T00:00:00Z,LUNAUSDT,0.0001,0.1507,0.1507
2025-08-06T08:00:00Z,LUNAUSDT,0.0001,0.1521,0.1521
2025-08-06T16:00:00Z,LUNAUSDT,0.0001,0.1536,0.1536
2025-08-07T00:00:00Z,LUNAUSDT,0.0001,0.1546,0.1546
2025-08-07T08:00:00Z,LUNAUSDT,0.0001,0.1549,0.1549
2025-08-07T16:00:00Z,LUNAUSDT,0.0001,0.1579,0.1579
2025-08-08T00:00:00Z,LUNAUSDT,0.0001,0.1608,0.1608
2025-08-08T08:00:00Z,LUNAUSDT,0.0001,0.1619,0.1619
2025-08-08T16:00:00Z,LUNAUSDT,0.0001,0.1605,0.1605
2025-08-09T00:00:00Z,LUNAUSDT,0.0001,0.1632,0.1632
2025-08-09T08:00:00Z,LUNAUSDT,0.0001,0.1669,0.1669
2025-08-09T16:00:00Z,LUNAUSDT,0.0001,0.1681,0.1681
2025-08-10T00:00:00Z,LUNAUSDT,0.0001,0.1673,0.1673
2025-08-10T08:00:00Z,LUNAUSDT,0.0001,0.1626,0.1626
2025-08-10T16:00:00Z,LUNAUSDT,0.0001,0.1641,0.1641
2025-08-11T00:00:00Z,LUNAUSDT,0.0001,0.1644,0.1644
2025-08-11T08:00:00Z,LUNAUSDT,0.0001,0.1634,0.1634
2025-08-11T16:00:00Z,LUNAUSDT,0.0001,0.1619,0.1619
2025-08-12T00:00:00Z,LUNAUSDT,0.0001,0.1581,0.1581
2025-08-12T08:00:00Z,LUNAUSDT,0.0001,0.1596,0.1596
2025-08-12T16:00:00Z,LUNAUSDT,0.0001,0.1647,0.1647
2025-08-13T00:00:00Z,LUNAUSDT,0.0001,0.1652,0.1652
2025-08-13T08:00:00Z,LUNAUSDT,0.0001,0.1653,0.1653
2025-08-13T16:00:00Z,LUNAUSDT,0.0001,0.1675,0.1675
2025-08-14T00:00:00Z,LUNAUSDT,0.0001,0.1684,0.1684
2025-08-14T08:00:00Z,LUNAUSDT,0.0001,0.1659,0.1659
2025-08-14T16:00:00Z,LUNAUSDT,0.0001,0.1548,0.1548
2025-08-15T00:00:00Z,LUNAUSDT,0.0001,0.1524,0.1524
2025-08-15T08:00:00Z,LUNAUSDT,0.0001,0.1551,0.1551
2025-08-15T16:00:00Z,LUNAUSDT,0.0001,0.15,0.15
2025-08-16T00:00:00Z,LUNAUSDT,0.0001,0.1535,0.1535
2025-08-16T08:00:00Z,LUNAUSDT,0.0001,0.1566,0.1566
2025-08-16T16:00:00Z,LUNAUSDT,0.0001,0.1606,0.1606
2025-08-17T00:00:00Z,LUNAUSDT,0.0001,0.1602,0.1602
2025-08-17T08:00:00Z,LUNAUSDT,0.0001,0.1605,0.1605
2025-08-17T16:00:00Z,LUNAUSDT,0.0001,0.1619,0.1619
2025-08-18T00:00:00Z,LUNAUSDT,0.0001,0.1578,0.1578
2025-08-18T08:00:00Z,LUNAUSDT,0.0001,0.153,0.153
2025-08-18T16:00:00Z,LUNAUSDT,0.0001,0.154,0.154
2025-08-19T00:00:00Z,LUNAUSDT,0.0001,0.1531,0.1531
2025-08-19T08:00:00Z,LUNAUSDT,0.0001,0.1527,0.1527
2025-08-19T16:00:00Z,LUNAUSDT,0.0001,0.1525,0.1525
2025-08-20T00:00:00Z,LUNAUSDT,0.0001,0.1501,0.1501
2025-08-20T08:00:00Z,LUNAUSDT,0.0001,0.1521,0.1521
2025-08-20T16:00:00Z,LUNAUSDT,0.0001,0.1543,0.1543
2025-08-21T00:00:00Z,LUNAUSDT,0.0001,0.1559,0.1559
2025-08-21T08:00:00Z,LUNAUSDT,0.0001,0.1547,0.1547
2025-08-21T16:00:00Z,LUNAUSDT,0.0001,0.1517,0.1517
2025-08-22T00:00:00Z,LUNAUSDT,0.0001,0.1524,0.1524
2025-08-22T08:00:00Z,LUNAUSDT,0.0001,0.1528,0.1528
2025-08-22T16:00:00Z,LUNAUSDT,0.0001,0.1584,0.1584
2025-08-23T00:00:00Z,LUNAUSDT,0.0001,0.1631,0.1631
2025-08-23T08:00:00Z,LUNAUSDT,0.0001,0.162,0.162
2025-08-23T16:00:00Z,LUNAUSDT,0.0001,0.1622,0.1622
2025-08-24T00:00:00Z,LUNAUSDT,0.0001,0.1635,0.1635
2025-08-24T08:00:00Z,LUNAUSDT,0.0001,0.1572,0.1572
2025-08-24T16:00:00Z,LUNAUSDT,0.0001,0.1567,0.1567
2025-08-25T00:00:00Z,LUNAUSDT,0.0001,0.1583,0.1583
2025-08-25T08:00:00Z,LUNAUSDT,0.0001,0.1519,0.1519
2025-08-25T16:00:00Z,LUNAUSDT,0.0001,0.1533,0.1533
2025-08-26T00:00:00Z,LUNAUSDT,0.0001,0.1438,0.1438
2025-08-26T08:00:00Z,LUNAUSDT,0.0001,0.1471,0.1471
2025-08-26T16:00:00Z,LUNAUSDT,0.0001,0.1479,0.1479
2025-08-27T00:00:00Z,LUNAUSDT,0.0001,0.1497,0.1497
2025-08-27T08:00:00Z,LUNAUSDT,0.0001,0.148,0.148
2025-08-27T16:00:00Z,LUNAUSDT,0.0001,0.1503,0.1503
2025-08-28T00:00:00Z,LUNAUSDT,0.0001,0.1489,0.1489
2025-08-28T08:00:00Z,LUNAUSDT,0.0001,0.1517,0.1517
2025-08-28T16:00:00Z,LUNAUSDT,0.0001,0.1517,0.1517
2025-08-29T00:00:00Z,LUNAUSDT,0.0001,0.1529,0.1529
2025-08-29T08:00:00Z,LUNAUSDT,0.0001,0.1487,0.1487
2025-08-29T16:00:00Z,LUNAUSDT,0.0001,0.146,0.146
2025-08-30T00:00:00Z,LUNAUSDT,0.0001,0.146,0.146
2025-08-30T08:00:00Z,LUNAUSDT,0.0001,0.1483,0.1483
2025-08-30T16:00:00Z,LUNAUSDT,0.0001,0.1482,0.1482
2025-08-31T00:00:00Z,LUNAUSDT,0.0001,0.1482,0.1482
2025-08-31T08:00:00Z,LUNAUSDT,0.0001,0.1509,0.1509
2025-08-31T16:00:00Z,LUNAUSDT,0.0001,0.1501,0.1501
2025-09-01T00:00:00Z,LUNAUSDT,0.0001,0.1469,0.1469
2025-09-01T08:00:00Z,LUNAUSDT,0.0001,0.1497,0.1497
2025-09-01T16:00:00Z,LUNAUSDT,0.0001,0.1453,0.1453
2025-09-02T00:00:00Z,LUNAUSDT,0.0001,0.1435,0.1435
2025-09-02T08:00:00Z,LUNAUSDT,0.0001,0.146,0.146
2025-09-02T16:00:00Z,LUNAUSDT,0.0001,0.1446,0.1446
2025-09-03T00:00:00Z,LUNAUSDT,0.0001,0.1475,0.1475
2025-09-03T08:00:00Z,LUNAUSDT,0.0001,0.1463,0.1463
2025-09-03T16:00:00Z,LUNAUSDT,0.0001,0.1483,0.1483
2025-09-04T00:00:00Z,LUNAUSDT,0.0001,0.148,0.148
2025-09-04T08:00:00Z,LUNAUSDT,0.0001,0.1448,0.1448
2025-09-04T16:00:00Z,LUNAUSDT,0.0001,0.1426,0.1426
2025-09-05T00:00:00Z,LUNAUSDT,0.0001,0.1438,0.1438
2025-09-05T08:00:00Z,LUNAUSDT,0.0001,0.1476,0.1476
2025-09-05T16:00:00Z,LUNAUSDT,0.0001,0.1458,0.1458
2025-09-06T00:00:00Z,LUNAUSDT,0.0001,0.1468,0.1468
2025-09-06T08:00:00Z,LUNAUSDT,0.0001,0.1467,0.1467
2025-09-06T16:00:00Z,LUNAUSDT,0.0001,0.1454,0.1454
2025-09-07T00:00:00Z,LUNAUSDT,0.0001,0.1471,0.1471
2025-09-07T08:00:00Z,LUNAUSDT,0.0001,0.1476,0.1476
2025-09-07T16:00:00Z,LUNAUSDT,0.0001,0.1483,0.1483
2025-09-08T00:00:00Z,LUNAUSDT,0.0001,0.1482,0.1482
2025-09-08T08:00:00Z,LUNAUSDT,0.0001,0.1485,0.1485
2025-09-08T16:00:00Z,LUNAUSDT,0.0001,0.151,0.151
2025-09-09T00:00:00Z,LUNAUSDT,0.0001,0.1507,0.1507
2025-09-09T08:00:00Z,LUNAUSDT,0.0001,0.1538,0.1538
2025-09-09T16:00:00Z,LUNAUSDT,0.0001,0.1522,0.1522
2025-09-10T00:00:00Z,LUNAUSDT,0.0001,0.1534,0.1534
2025-09-10T08:00:00Z,LUNAUSDT,0.0001,0.1541,0.1541
2025-09-10T16:00:00Z,LUNAUSDT,0.0001,0.1534,0.1534
2025-09-11T00:00:00Z,LUNAUSDT,0.0001,0.153,0.153
2025-09-11T08:00:00Z,LUNAUSDT,0.0001,0.1542,0.1542
2025-09-11T16:00:00Z,LUNAUSDT,0.0001,0.1521,0.1521
2025-09-12T00:00:00Z,LUNAUSDT,0.0001,0.154,0.154
2025-09-12T08:00:00Z,LUNAUSDT,0.0001,0.1547,0.1547
2025-09-12T16:00:00Z,LUNAUSDT,0.0001,0.1535,0.1535
2025-09-13T00:00:00Z,LUNAUSDT,0.0001,0.1569,0.1569
2025-09-13T08:00:00Z,LUNAUSDT,0.0001,0.1582,0.1582
2025-09-13T16:00:00Z,LUNAUSDT,0.0001,0.1588,0.1588
2025-09-14T00:00:00Z,LUNAUSDT,0.0001,0.1591,0.1591
2025-09-14T08:00:00Z,LUNAUSDT,0.0001,0.1566,0.1566
2025-09-14T16:00:00Z,LUNAUSDT,0.0001,0.1517,0.1517
2025-09-15T00:00:00Z,LUNAUSDT,0.0001,0.1526,0.1526
2025-09-15T08:00:00Z,LUNAUSDT,0.0001,0.1499,0.1499
2025-09-15T16:00:00Z,LUNAUSDT,0.0001,0.1466,0.1466
2025-09-16T00:00:00Z,LUNAUSDT,0.0001,0.148,0.148
2025-09-16T08:00:00Z,LUNAUSDT,0.0001,0.1476,0.1476
2025-09-16T16:00:00Z,LUNAUSDT,0.0001,0.1489,0.1489
2025-09-17T00:00:00Z,LUNAUSDT,0.0001,0.1494,0.1494
2025-09-17T08:00:00Z,LUNAUSDT,0.0001,0.1494,0.1494
2025-09-17T16:00:00Z,LUNAUSDT,0.0001,0.1472,0.1472
2025-09-18T00:00:00Z,LUNAUSDT,0.0001,0.152,0.152
2025-09-18T08:00:00Z,LUNAUSDT,0.0001,0.1535,0.1535
2025-09-18T16:00:00Z,LUNAUSDT,0.0001,0.1566,0.1566
2025-09-19T00:00:00Z,LUNAUSDT,0.0001,0.1629,0.1629
2025-09-19T08:00:00Z,LUNAUSDT,0.0001,0.1593,0.1593
2025-09-19T16:00:00Z,LUNAUSDT,0.0001,0.1558,0.1558
2025-09-20T00:00:00Z,LUNAUSDT,0.0001,0.154,0.154
2025-09-20T08:00:00Z,LUNAUSDT,0.0001,0.1565,0.1565
2025-09-20T16:00:00Z,LUNAUSDT,0.0001,0.1564,0.1564
2025-09-21T00:00:00Z,LUNAUSDT,0.0001,0.1557,0.1557
2025-09-21T08:00:00Z,LUNAUSDT,0.0001,0.1582,0.1582
2025-09-21T16:00:00Z,LUNAUSDT,0.0001,0.1544,0.1544
2025-09-22T00:00:00Z,LUNAUSDT,0.0001,0.154,0.154
2025-09-22T08:00:00Z,LUNAUSDT,0.0001,0.1399,0.1399
2025-09-22T16:00:00Z,LUNAUSDT,0.0001,0.1378,0.1378
2025-09-23T00:00:00Z,LUNAUSDT,0.0001,0.1393,0.1393
2025-09-23T08:00:00Z,LUNAUSDT,0.0001,0.1395,0.1395
2025-09-23T16:00:00Z,LUNAUSDT,0.0001,0.1408,0.1408
2025-09-24T00:00:00Z,LUNAUSDT,0.0001,0.14,0.14
2025-09-24T08:00:00Z,LUNAUSDT,0.0001,0.1419,0.1419
2025-09-24T16:00:00Z,LUNAUSDT,0.0001,0.1413,0.1413
2025-09-25T00:00:00Z,LUNAUSDT,0.0001,0.1406,0.1406
2025-09-25T08:00:00Z,LUNAUSDT,0.0001,0.1368,0.1368
2025-09-25T16:00:00Z,LUNAUSDT,0.0001,0.1364,0.1364
2025-09-26T00:00:00Z,LUNAUSDT,0.0001,0.1318,0.1318
2025-09-26T08:00:00Z,LUNAUSDT,0.0001,0.1339,0.1339
2025-09-26T16:00:00Z,LUNAUSDT,0.0001,0.1345,0.1345
2025-09-27T00:00:00Z,LUNAUSDT,0.0001,0.1388,0.1388
2025-09-27T08:00:00Z,LUNAUSDT,0.0001,0.1388,0.1388
2025-09-27T16:00:00Z,LUNAUSDT,0.0001,0.1402,0.1402
2025-09-28T00:00:00Z,LUNAUSDT,0.0001,0.1388,0.1388
2025-09-28T08:00:00Z,LUNAUSDT,0.0001,0.1374,0.1374
2025-09-28T16:00:00Z,LUNAUSDT,0.0001,0.1384,0.1384
2025-09-29T00:00:00Z,LUNAUSDT,0.0001,0.1411,0.1411
2025-09-29T08:00:00Z,LUNAUSDT,0.0001,0.1388,0.1388
2025-09-29T16:00:00Z,LUNAUSDT,0.0001,0.1384,0.1384
2025-09-30T00:00:00Z,LUNAUSDT,0.0001,0.1391,0.1391
2025-09-30T08:00:00Z,LUNAUSDT,0.0001,0.1373,0.1373
2025-09-30T16:00:00Z,LUNAUSDT,0.0001,0.1343,0.1343
2025-10-01T00:00:00Z,LUNAUSDT,0.0001,0.1368,0.1368
2025-10-01T08:00:00Z,LUNAUSDT,0.0001,0.1379,0.1379
2025-10-01T16:00:00Z,LUNAUSDT,0.0001,0.1414,0.1414
2025-10-02T00:00:00Z,LUNAUSDT,0.0001,0.1422,0.1422
2025-10-02T08:00:00Z,LUNAUSDT,0.0001,0.1439,0.1439
2025-10-02T16:00:00Z,LUNAUSDT,0.0001,0.143,0.143
2025-10-03T00:00:00Z,LUNAUSDT,0.0001,0.1445,0.1445
2025-10-03T08:00:00Z,LUNAUSDT,0.0001,0.1422,0.1422
2025-10-03T16:00:00Z,LUNAUSDT,0.0001,0.1448,0.1448
2025-10-04T00:00:00Z,LUNAUSDT,0.0001,0.1447,0.1447
2025-10-04T08:00:00Z,LUNAUSDT,0.0001,0.1438,0.1438
2025-10-04T16:00:00Z,LUNAUSDT,0.0001,0.1399,0.1399
2025-10-05T00:00:00Z,LUNAUSDT,0.0001,0.1411,0.1411
2025-10-05T08:00:00Z,LUNAUSDT,0.0001,0.1448,0.1448
2025-10-05T16:00:00Z,LUNAUSDT,0.0001,0.142,0.142
2025-10-06T00:00:00Z,LUNAUSDT,0.0001,0.1383,0.1383
2025-10-06T08:00:00Z,LUNAUSDT,0.0001,0.1401,0.1401
2025-10-06T16:00:00Z,LUNAUSDT,0.0001,0.1425,0.1425
2025-10-07T00:00:00Z,LUNAUSDT,0.0001,0.1417,0.1417
2025-10-07T08:00:00Z,LUNAUSDT,0.0001,0.1404,0.1404
2025-10-07T16:00:00Z,LUNAUSDT,0.0001,0.1352,0.1352
2025-10-08T00:00:00Z,LUNAUSDT,0.0001,0.134,0.134
2025-10-08T08:00:00Z,LUNAUSDT,0.0001,0.1349,0.1349
2025-10-08T16:00:00Z,LUNAUSDT,0.0001,0.1361,0.1361
2025-10-09T00:00:00Z,LUNAUSDT,0.0001,0.1378,0.1378
2025-10-09T08:00:00Z,LUNAUSDT,0.0001,0.1354,0.1354
2025-10-09T16:00:00Z,LUNAUSDT,0.0001,0.1318,0.1318
2025-10-10T00:00:00Z,LUNAUSDT,0.0001,0.1346,0.1346
2025-10-10T08:00:00Z,LUNAUSDT,0.0001,0.1329,0.1329
2025-10-10T16:00:00Z,LUNAUSDT,0.0001,0.1282,0.1282
2025-10-11T00:00:00Z,LUNAUSDT,0.0001,0.0884,0.0884
2025-10-11T08:00:00Z,LUNAUSDT,0.0001,0.0892,0.0892
2025-10-11T16:00:00Z,LUNAUSDT,0.0001,0.0922,0.0922
2025-10-12T00:00:00Z,LUNAUSDT,0.0001,0.089,0.089
2025-10-12T08:00:00Z,LUNAUSDT,0.0001,0.0933,0.0933
2025-10-12T16:00:00Z,LUNAUSDT,0.0001,0.0995,0.0995
2025-10-13T00:00:00Z,LUNAUSDT,0.0001,0.1006,0.1006
2025-10-13T08:00:00Z,LUNAUSDT,0.0001,0.1013,0.1013
2025-10-13T16:00:00Z,LUNAUSDT,0.0001,0.1017,0.1017
2025-10-14T00:00:00Z,LUNAUSDT,0.0001,0.1068,0.1068
2025-10-14T08:00:00Z,LUNAUSDT,0.0001,0.0974,0.0974
2025-10-14T16:00:00Z,LUNAUSDT,0.0001,0.1016,0.1016
2025-10-15T00:00:00Z,LUNAUSDT,0.0001,0.1017,0.1017
2025-10-15T08:00:00Z,LUNAUSDT,0.0001,0.1026,0.1026
2025-10-15T16:00:00Z,LUNAUSDT,0.0001,0.0991,0.0991
2025-10-16T00:00:00Z,LUNAUSDT,0.0001,0.0997,0.0997
2025-10-16T08:00:00Z,LUNAUSDT,0.0001,0.1056,0.1056
2025-10-16T16:00:00Z,LUNAUSDT,0.0001,0.0962,0.0962
2025-10-17T00:00:00Z,LUNAUSDT,0.0001,0.0975,0.0975
2025-10-17T08:00:00Z,LUNAUSDT,0.0001,0.091,0.091
2025-10-17T16:00:00Z,LUNAUSDT,0.0001,0.0962,0.0962
2025-10-18T00:00:00Z,LUNAUSDT,0.0001,0.0973,0.0973
2025-10-18T08:00:00Z,LUNAUSDT,0.0001,0.0975,0.0975
2025-10-18T16:00:00Z,LUNAUSDT,0.0001,0.0982,0.0982
2025-10-19T00:00:00Z,LUNAUSDT,0.0001,0.0979,0.0979
2025-10-19T08:00:00Z,LUNAUSDT,0.0001,0.0974,0.0974
2025-10-19T16:00:00Z,LUNAUSDT,0.0001,0.0996,0.0996
2025-10-20T00:00:00Z,LUNAUSDT,0.0001,0.0987,0.0987
2025-10-20T08:00:00Z,LUNAUSDT,0.0001,0.1009,0.1009
2025-10-20T16:00:00Z,LUNAUSDT,0.0001,0.0994,0.0994
2025-10-21T00:00:00Z,LUNAUSDT,0.0001,0.0981,0.0981
2025-10-21T08:00:00Z,LUNAUSDT,0.0001,0.0974,0.0974
2025-10-21T16:00:00Z,LUNAUSDT,0.0001,0.1052,0.1052
2025-10-22T00:00:00Z,LUNAUSDT,0.0001,0.0987,0.0987
2025-10-22T08:00:00Z,LUNAUSDT,0.0001,0.1003,0.1003
2025-10-22T16:00:00Z,LUNAUSDT,0.0001,0.0991,0.0991
2025-10-23T00:00:00Z,LUNAUSDT,0.0001,0.0975,0.0975
2025-10-23T08:00:00Z,LUNAUSDT,0.0001,0.0993,0.0993
2025-10-23T16:00:00Z,LUNAUSDT,0.0001,0.099,0.099
2025-10-24T00:00:00Z,LUNAUSDT,0.0001,0.099,0.099
2025-10-24T08:00:00Z,LUNAUSDT,0.0001,0.0997,0.0997
2025-10-24T16:00:00Z,LUNAUSDT,0.0001,0.0986,0.0986
2025-10-25T00:00:00Z,LUNAUSDT,0.0001,0.1005,0.1005
2025-10-25T08:00:00Z,LUNAUSDT,0.0001,0.0995,0.0995
2025-10-25T16:00:00Z,LUNAUSDT,0.0001,0.0998,0.0998
2025-10-26T00:00:00Z,LUNAUSDT,0.0001,0.0999,0.0999
2025-10-26T08:00:00Z,LUNAUSDT,0.0001,0.1008,0.1008
2025-10-26T16:00:00Z,LUNAUSDT,0.0001,0.1012,0.1012
2025-10-27T00:00:00Z,LUNAUSDT,0.0001,0.1017,0.1017
2025-10-27T08:00:00Z,LUNAUSDT,0.0001,0.1017,0.1017
2025-10-27T16:00:00Z,LUNAUSDT,0.0001,0.0991,0.0991
2025-10-28T00:00:00Z,LUNAUSDT,0.0001,0.0981,0.0981
2025-10-28T08:00:00Z,LUNAUSDT,0.0001,0.0994,0.0994
2025-10-28T16:00:00Z,LUNAUSDT,0.0001,0.0996,0.0996
2025-10-29T00:00:00Z,LUNAUSDT,0.0001,0.0961,0.0961
2025-10-29T08:00:00Z,LUNAUSDT,0.0001,0.0973,0.0973
2025-10-29T16:00:00Z,LUNAUSDT,0.0001,0.0961,0.0961
2025-10-30T00:00:00Z,LUNAUSDT,0.0001,0.0965,0.0965
2025-10-30T08:00:00Z,LUNAUSDT,0.0001,0.0971,0.0971
2025-10-30T16:00:00Z,LUNAUSDT,0.0001,0.0905,0.0905
2025-10-31T00:00:00Z,LUNAUSDT,0.0001,0.0919,0.0919
2025-10-31T08:00:00Z,LUNAUSDT,0.0001,0.0932,0.0932
2025-10-31T16:00:00Z,LUNAUSDT,0.0001,0.0937,0.0937
2025-11-01T00:00:00Z,LUNAUSDT,0.0001,0.0933,0.0933
2025-11-01T08:00:00Z,LUNAUSDT,0.0001,0.0936,0.0936
2025-11-01T16:00:00Z,LUNAUSDT,0.0001,0.0938,0.0938
2025-11-02T00:00:00Z,LUNAUSDT,0.0001,0.0942,0.0942
2025-11-02T08:00:00Z,LUNAUSDT,0.0001,0.0947,0.0947
2025-11-02T16:00:00Z,LUNAUSDT,0.0001,0.0915,0.0915
2025-11-03T00:00:00Z,LUNAUSDT,0.0001,0.0932,0.0932
2025-11-03T08:00:00Z,LUNAUSDT,0.0001,0.0877,0.0877
2025-11-03T16:00:00Z,LUNAUSDT,0.0001,0.0806,0.0806
2025-11-04T00:00:00Z,LUNAUSDT,0.0001,0.081,0.081
2025-11-04T08:00:00Z,LUNAUSDT,0.0001,0.0794,0.0794
2025-11-04T16:00:00Z,LUNAUSDT,0.0001,0.0811,0.0811
2025-11-05T00:00:00Z,LUNAUSDT,0.0001,0.0796,0.0796
2025-11-05T08:00:00Z,LUNAUSDT,0.0001,0.0792,0.0792
2025-11-05T16:00:00Z,LUNAUSDT,0.0001,0.0806,0.0806
2025-11-06T00:00:00Z,LUNAUSDT,0.0001,0.0808,0.0808
2025-11-06T08:00:00Z,LUNAUSDT,0.0001,0.0803,0.0803
2025-11-06T16:00:00Z,LUNAUSDT,0.0001,0.0784,0.0784
2025-11-07T00:00:00Z,LUNAUSDT,0.0001,0.0803,0.0803
2025-11-07T08:00:00Z,LUNAUSDT,0.0001,0.0846,0.0846
2025-11-07T16:00:00Z,LUNAUSDT,0.0001,0.0853,0.0853
2025-11-08T00:00:00Z,LUNAUSDT,0.0001,0.0907,0.0907
2025-11-08T08:00:00Z,LUNAUSDT,0.0001,0.09,0.09
2025-11-08T16:00:00Z,LUNAUSDT,0.0001,0.088,0.088
2025-11-09T00:00:00Z,LUNAUSDT,0.0001,0.09,0.09
2025-11-09T08:00:00Z,LUNAUSDT,0.0001,0.088,0.088
2025-11-09T16:00:00Z,LUNAUSDT,0.0001,0.0899,0.0899
2025-11-10T00:00:00Z,LUNAUSDT,0.0001,0.0898,0.0898
2025-11-10T08:00:00Z,LUNAUSDT,0.0001,0.0908,0.0908
2025-11-10T16:00:00Z,LUNAUSDT,0.0001,0.0908,0.0908
2025-11-11T00:00:00Z,LUNAUSDT,0.0001,0.0916,0.0916
2025-11-11T08:00:00Z,LUNAUSDT,0.0001,0.0876,0.0876
2025-11-11T16:00:00Z,LUNAUSDT,0.0001,0.0889,0.0889
2025-11-12T00:00:00Z,LUNAUSDT,0.0001,0.0856,0.0856
2025-11-12T08:00:00Z,LUNAUSDT,0.0001,0.0876,0.0876
2025-11-12T16:00:00Z,LUNAUSDT,0.0001,0.086,0.086
2025-11-13T00:00:00Z,LUNAUSDT,0.0001,0.0851,0.0851
2025-11-13T08:00:00Z,LUNAUSDT,0.0001,0.0861,0.0861
2025-11-13T16:00:00Z,LUNAUSDT,0.0001,0.0841,0.0841
2025-11-14T00:00:00Z,LUNAUSDT,0.0001,0.0813,0.0813
2025-11-14T08:00:00Z,LUNAUSDT,0.0001,0.0798,0.0798
2025-11-14T16:00:00Z,LUNAUSDT,0.0001,0.0806,0.0806
2025-11-15T00:00:00Z,LUNAUSDT,0.0001,0.078,0.078
2025-11-15T08:00:00Z,LUNAUSDT,0.0001,0.0805,0.0805
2025-11-15T16:00:00Z,LUNAUSDT,0.0001,0.0802,0.0802
2025-11-16T00:00:00Z,LUNAUSDT,0.0001,0.0806,0.0806
2025-11-16T08:00:00Z,LUNAUSDT,0.0001,0.0814,0.0814
2025-11-16T16:00:00Z,LUNAUSDT,0.0001,0.0776,0.0776
2025-11-17T00:00:00Z,LUNAUSDT,0.0001,0.0776,0.0776
2025-11-17T08:00:00Z,LUNAUSDT,0.0001,0.0789,0.0789
2025-11-17T16:00:00Z,LUNAUSDT,0.0001,0.0786,0.0786
2025-11-18T00:00:00Z,LUNAUSDT,0.0001,0.0764,0.0764
2025-11-18T08:00:00Z,LUNAUSDT,0.0001,0.0757,0.0757
2025-11-18T16:00:00Z,LUNAUSDT,0.0001,0.0776,0.0776
2025-11-19T00:00:00Z,LUNAUSDT,0.0001,0.0779,0.0779
2025-11-19T08:00:00Z,LUNAUSDT,0.0001,0.0765,0.0765
2025-11-19T16:00:00Z,LUNAUSDT,0.0001,0.0742,0.0742
2025-11-20T00:00:00Z,LUNAUSDT,0.0001,0.0747,0.0747
2025-11-20T08:00:00Z,LUNAUSDT,0.0001,0.0758,0.0758
2025-11-20T16:00:00Z,LUNAUSDT,0.0001,0.0747,0.0747
2025-11-21T00:00:00Z,LUNAUSDT,0.0001,0.0722,0.0722
2025-11-21T08:00:00Z,LUNAUSDT,0.0001,0.0679,0.0679
2025-11-21T16:00:00Z,LUNAUSDT,0.0001,0.0688,0.0688
2025-11-22T00:00:00Z,LUNAUSDT,0.0001,0.0711,0.0711
2025-11-22T08:00:00Z,LUNAUSDT,0.0001,0.07,0.07
2025-11-22T16:00:00Z,LUNAUSDT,0.0001,0.0701,0.0701
2025-11-23T00:00:00Z,LUNAUSDT,0.0001,0.0713,0.0713
2025-11-23T08:00:00Z,LUNAUSDT,0.0001,0.0771,0.0771
2025-11-23T16:00:00Z,LUNAUSDT,0.0001,0.0732,0.0732
2025-11-24T00:00:00Z,LUNAUSDT,0.0001,0.0721,0.0721
2025-11-24T08:00:00Z,LUNAUSDT,0.0001,0.0722,0.0722
2025-11-24T16:00:00Z,LUNAUSDT,0.0001,0.0719,0.0719
2025-11-25T00:00:00Z,LUNAUSDT,0.0001,0.0735,0.0735
2025-11-25T08:00:00Z,LUNAUSDT,0.0001,0.0731,0.0731
2025-11-25T16:00:00Z,LUNAUSDT,0.0001,0.0724,0.0724
2025-11-26T00:00:00Z,LUNAUSDT,0.0001,0.0732,0.0732
2025-11-26T08:00:00Z,LUNAUSDT,0.0001,0.0735,0.0735
2025-11-26T16:00:00Z,LUNAUSDT,0.0001,0.0724,0.0724
2025-11-27T00:00:00Z,LUNAUSDT,0.0001,0.0745,0.0745
2025-11-27T08:00:00Z,LUNAUSDT,0.0001,0.0742,0.0742
2025-11-27T16:00:00Z,LUNAUSDT,0.0001,0.075,0.075
2025-11-28T00:00:00Z,LUNAUSDT,0.0001,0.0747,0.0747
2025-11-28T08:00:00Z,LUNAUSDT,0.0001,0.0736,0.0736
2025-11-28T16:00:00Z,LUNAUSDT,0.0001,0.075,0.075
2025-11-29T00:00:00Z,LUNAUSDT,0.0001,0.0738,0.0738
2025-11-29T08:00:00Z,LUNAUSDT,0.0001,0.0731,0.0731
2025-11-29T16:00:00Z,LUNAUSDT,0.0001,0.0738,0.0738
2025-11-30T00:00:00Z,LUNAUSDT,0.0001,0.0726,0.0726
2025-11-30T08:00:00Z,LUNAUSDT,0.0001,0.0729,0.0729
2025-11-30T16:00:00Z,LUNAUSDT,0.0001,0.0729,0.0729
2025-12-01T00:00:00Z,LUNAUSDT,0.0001,0.0719,0.0719
2025-12-01T08:00:00Z,LUNAUSDT,0.0001,0.0676,0.0676
2025-12-01T16:00:00Z,LUNAUSDT,0.0001,0.0664,0.0664
2025-12-02T00:00:00Z,LUNAUSDT,0.0001,0.0678,0.0678
2025-12-02T08:00:00Z,LUNAUSDT,0.0001,0.0674,0.0674
2025-12-02T16:00:00Z,LUNAUSDT,0.0001,0.0712,0.0712
2025-12-03T00:00:00Z,LUNAUSDT,0.0001,0.0707,0.0707
2025-12-03T08:00:00Z,LUNAUSDT,0.0001,0.0719,0.0719
2025-12-03T16:00:00Z,LUNAUSDT,0.0001,0.0713,0.0713
2025-12-04T00:00:00Z,LUNAUSDT,0.0001,0.0721,0.0721
2025-12-04T08:00:00Z,LUNAUSDT,0.0001,0.0724,0.0724
2025-12-04T16:00:00Z,LUNAUSDT,0.0001,0.0723,0.0723
2025-12-05T00:00:00Z,LUNAUSDT,0.0001,0.0736,0.0736
2025-12-05T08:00:00Z,LUNAUSDT,0.0001,0.0811,0.0811
2025-12-05T16:00:00Z,LUNAUSDT,-0.015,0.0949,0.0949
2025-12-06T00:00:00Z,LUNAUSDT,-0.014669917335371544,0.1008,0.1008
2025-12-06T08:00:00Z,LUNAUSDT,-0.015,0.114,0.114
2025-12-06T16:00:00Z,LUNAUSDT,-0.015,0.1211,0.1211
2025-12-07T00:00:00Z,LUNAUSDT,-0.005183922814104736,0.1341,0.1341
2025-12-07T08:00:00Z,LUNAUSDT,-0.002531756630998657,0.1216,0.1216
2025-12-07T16:00:00Z,LUNAUSDT,-0.001857138638466322,0.109,0.109
2025-12-08T00:00:00Z,LUNAUSDT,-0.000839447315716517,0.1,0.1
2025-12-08T08:00:00Z,LUNAUSDT,-0.001452564408269301,0.1041,0.1041
2025-12-08T16:00:00Z,LUNAUSDT,-0.003710475870763627,0.1014,0.1014
2025-12-09T00:00:00Z,LUNAUSDT,-0.011452633889070155,0.1268,0.1268
2025-12-09T04:00:00Z,LUNAUSDT,-0.002255447536288519,0.1282,0.1282
2025-12-09T05:00:00Z,LUNAUSDT,-0.001258264971710904,0.1375,0.1375
2025-12-09T06:00:00Z,LUNAUSDT,-0.000955586827531692,0.1375,0.1375
2025-12-09T07:00:00Z,LUNAUSDT,-0.000900702870379532,0.1375,0.1375
2025-12-09T08:00:00Z,LUNAUSDT,-0.002285913076379176,0.1375,0.1375
2025-12-09T09:00:00Z,LUNAUSDT,-0.001300745215456353,0.1461,0.1461
2025-12-09T10:00:00Z,LUNAUSDT,-0.001055656797158365,0.1461,0.1461
2025-12-09T11:00:00Z,LUNAUSDT,-0.001792438560440188,0.1461,0.1461
2025-12-09T12:00:00Z,LUNAUSDT,-0.002427486714439894,0.1459,0.1459
2025-12-09T13:00:00Z,LUNAUSDT,-0.002088778885238309,0.1413,0.1413
2025-12-09T14:00:00Z,LUNAUSDT,-0.001324667621681382,0.1413,0.1413
2025-12-09T15:00:00Z,LUNAUSDT,-0.001334137743095564,0.1413,0.1413
2025-12-09T16:00:00Z,LUNAUSDT,-0.0007692438865895,0.1411,0.1411
2025-12-09T17:00:00Z,LUNAUSDT,-0.000199648546427284,0.16,0.16
2025-12-09T18:00:00Z,LUNAUSDT,-0.000373531059574399,0.16,0.16
2025-12-09T19:00:00Z,LUNAUSDT,-0.000264818158626435,0.16,0.16
2025-12-09T20:00:00Z,LUNAUSDT,-0.00048307769064899,0.16,0.16
2025-12-09T21:00:00Z,LUNAUSDT,-0.001012754447202061,0.1561,0.1561
2025-12-09T22:00:00Z,LUNAUSDT,-0.000455585826345414,0.1561,0.1561
2025-12-09T23:00:00Z,LUNAUSDT,-0.000491241324261466,0.1561,0.1561
2025-12-10T00:00:00Z,LUNAUSDT,-0.000398215213092916,0.156,0.156
2025-12-10T01:00:00Z,LUNAUSDT,-0.000307264724505317,0.1512,0.1512
2025-12-10T02:00:00Z,LUNAUSDT,-0.000204542710396791,0.1512,0.1512
2025-12-10T03:00:00Z,LUNAUSDT,-0.000232912611566514,0.1512,0.1512
2025-12-10T04:00:00Z,LUNAUSDT,-0.000294441897194093,0.1513,0.1513
2025-12-10T05:00:00Z,LUNAUSDT,-0.000163594224952892,0.1475,0.1475
2025-12-10T06:00:00Z,LUNAUSDT,0.000007901735984686,0.1475,0.1475
2025-12-10T07:00:00Z,LUNAUSDT,-0.000015162102074718,0.1475,0.1475
2025-12-10T08:00:00Z,LUNAUSDT,-0.000135566896274259,0.1474,0.1474
2025-12-10T09:00:00Z,LUNAUSDT,-0.000165209421584866,0.1848,0.1848
2025-12-10T10:00:00Z,LUNAUSDT,-0.000420191964394681,0.1848,0.1848
2025-12-10T11:00:00Z,LUNAUSDT,-0.001205370073393683,0.1848,0.1848
2025-12-10T12:00:00Z,LUNAUSDT,-0.00158712078610158,0.186,0.186
2025-12-10T13:00:00Z,LUNAUSDT,-0.001969065319513046,0.2079,0.2079
2025-12-10T14:00:00Z,LUNAUSDT,-0.00134527452061214,0.2079,0.2079
2025-12-10T15:00:00Z,LUNAUSDT,-0.001490612137697543,0.2079,0.2079
2025-12-10T16:00:00Z,LUNAUSDT,-0.001780934323674132,0.2085,0.2085
2025-12-10T17:00:00Z,LUNAUSDT,-0.002402053738530989,0.2082,0.2082
2025-12-10T18:00:00Z,LUNAUSDT,-0.001470185650148524,0.2082,0.2082
2025-12-10T19:00:00Z,LUNAUSDT,-0.00172203840198437,0.2082,0.2082
2025-12-10T20:00:00Z,LUNAUSDT,-0.000853194739361903,0.2075,0.2075
2025-12-10T21:00:00Z,LUNAUSDT,-0.000320330355814923,0.1946,0.1946
2025-12-10T22:00:00Z,LUNAUSDT,-0.000528681956096279,0.1946,0.1946
2025-12-10T23:00:00Z,LUNAUSDT,-0.000787840797749878,0.1946,0.1946
2025-12-11T00:00:00Z,LUNAUSDT,-0.000512535309990589,0.1946,0.1946
2025-12-11T01:00:00Z,LUNAUSDT,-0.000732941611611185,0.1859,0.1859
2025-12-11T02:00:00Z,LUNAUSDT,-0.000721636896724256,0.1859,0.1859
2025-12-11T03:00:00Z,LUNAUSDT,-0.000895705830790987,0.1859,0.1859
2025-12-11T04:00:00Z,LUNAUSDT,-0.000777043293865874,0.1859,0.1859
2025-12-11T05:00:00Z,LUNAUSDT,-0.001571220963548672,0.2247,0.2247
2025-12-11T06:00:00Z,LUNAUSDT,-0.00218949899042058,0.2247,0.2247
2025-12-11T07:00:00Z,LUNAUSDT,-0.002341136861034281,0.2247,0.2247
2025-12-11T08:00:00Z,LUNAUSDT,-0.004313248773910471,0.2242,0.2242
2025-12-11T09:00:00Z,LUNAUSDT,-0.004419476699294128,0.1965,0.1965
2025-12-11T10:00:00Z,LUNAUSDT,-0.003261379109493794,0.1965,0.1965
2025-12-11T11:00:00Z,LUNAUSDT,-0.00225536959554926,0.1965,0.1965
2025-12-11T12:00:00Z,LUNAUSDT,-0.001158352116405489,0.197,0.197
2025-12-11T13:00:00Z,LUNAUSDT,-0.002194498310472622,0.1845,0.1845
2025-12-11T14:00:00Z,LUNAUSDT,-0.005233913769809013,0.1845,0.1845
2025-12-11T15:00:00Z,LUNAUSDT,-0.002795788867406532,0.1845,0.1845
2025-12-11T16:00:00Z,LUNAUSDT,-0.004369015570524153,0.184,0.184
2025-12-11T17:00:00Z,LUNAUSDT,-0.005716420024903531,0.1893,0.1893
2025-12-11T18:00:00Z,LUNAUSDT,-0.004484306632680574,0.1893,0.1893
2025-12-11T19:00:00Z,LUNAUSDT,-0.003162431095781867,0.1893,0.1893
2025-12-11T20:00:00Z,LUNAUSDT,-0.002659034226573769,0.1893,0.1893
2025-12-11T21:00:00Z,LUNAUSDT,-0.002717925297033851,0.1761,0.1761
2025-12-11T22:00:00Z,LUNAUSDT,-0.001751290828288545,0.1761,0.1761
2025-12-11T23:00:00Z,LUNAUSDT,-0.001330462581582977,0.1761,0.1761
2025-12-12T00:00:00Z,LUNAUSDT,-0.001414510331921952,0.1759,0.1759
2025-12-12T01:00:00Z,LUNAUSDT,-0.001282788109295439,0.1612,0.1612
2025-12-12T02:00:00Z,LUNAUSDT,-0.000828125746144065,0.1612,0.1612
2025-12-12T03:00:00Z,LUNAUSDT,-0.000513828592349182,0.1612,0.1612
2025-12-12T04:00:00Z,LUNAUSDT,-0.000394456314246943,0.1616,0.1616
2025-12-12T05:00:00Z,LUNAUSDT,-0.000317332876754704,0.1642,0.1642
2025-12-12T06:00:00Z,LUNAUSDT,-0.000328938233770377,0.1642,0.1642
2025-12-12T07:00:00Z,LUNAUSDT,-0.000882141031236924,0.1642,0.1642
2025-12-12T08:00:00Z,LUNAUSDT,-0.001309413695619717,0.1641,0.1641
2025-12-12T09:00:00Z,LUNAUSDT,-0.002786459754610283,0.202,0.202
2025-12-12T10:00:00Z,LUNAUSDT,-0.003909006920846338,0.202,0.202
2025-12-12T11:00:00Z,LUNAUSDT,-0.005579325952442716,0.202,0.202
2025-12-12T12:00:00Z,LUNAUSDT,-0.004765006376650576,0.2014,0.2014
2025-12-12T13:00:00Z,LUNAUSDT,-0.003010056089732535,0.1904,0.1904
2025-12-12T14:00:00Z,LUNAUSDT,-0.002599078379711459,0.1904,0.1904
2025-12-12T15:00:00Z,LUNAUSDT,-0.002272400921507523,0.1904,0.1904
2025-12-12T16:00:00Z,LUNAUSDT,-0.001301079150732077,0.1895,0.1895
2025-12-12T17:00:00Z,LUNAUSDT,-0.001149362755209917,0.185,0.185
2025-12-12T18:00:00Z,LUNAUSDT,-0.000829343499721221,0.185,0.185
2025-12-12T19:00:00Z,LUNAUSDT,-0.000917241469729984,0.185,0.185
2025-12-12T20:00:00Z,LUNAUSDT,-0.001086016613035964,0.1845,0.1845
2025-12-12T21:00:00Z,LUNAUSDT,-0.000636211931865209,0.1806,0.1806
2025-12-12T22:00:00Z,LUNAUSDT,-0.00044465009382783,0.1806,0.1806
2025-12-12T23:00:00Z,LUNAUSDT,-0.000424449649073533,0.1806,0.1806
2025-12-13T00:00:00Z,LUNAUSDT,-0.000629050835710432,0.1804,0.1804
2025-12-13T01:00:00Z,LUNAUSDT,-0.00030761278188857,0.193,0.193
2025-12-13T02:00:00Z,LUNAUSDT,-0.000216640459286455,0.193,0.193
2025-12-13T03:00:00Z,LUNAUSDT,-0.001472372175783291,0.193,0.193
2025-12-13T04:00:00Z,LUNAUSDT,-0.001220289077404543,0.1929,0.1929
2025-12-13T05:00:00Z,LUNAUSDT,-0.001059501159529172,0.1819,0.1819
2025-12-13T06:00:00Z,LUNAUSDT,-0.001364305091812759,0.1819,0.1819
2025-12-13T07:00:00Z,LUNAUSDT,-0.002422298877412972,0.1819,0.1819
2025-12-13T08:00:00Z,LUNAUSDT,-0.001308266720725879,0.1817,0.1817
2025-12-13T09:00:00Z,LUNAUSDT,-0.001495442523834104,0.182,0.182
2025-12-13T10:00:00Z,LUNAUSDT,-0.001268126107960153,0.182,0.182
2025-12-13T11:00:00Z,LUNAUSDT,-0.001140239616342992,0.182,0.182
2025-12-13T12:00:00Z,LUNAUSDT,-0.001123716113328812,0.1815,0.1815
2025-12-13T13:00:00Z,LUNAUSDT,-0.001005508066873288,0.1778,0.1778
2025-12-13T14:00:00Z,LUNAUSDT,-0.000592981278997757,0.1778,0.1778
2025-12-13T15:00:00Z,LUNAUSDT,-0.000431096189091082,0.1778,0.1778
2025-12-13T16:00:00Z,LUNAUSDT,-0.000597197428385626,0.1777,0.1777
2025-12-13T17:00:00Z,LUNAUSDT,-0.000597431950560837,0.1775,0.1775
2025-12-13T18:00:00Z,LUNAUSDT,-0.000532080521230785,0.1775,0.1775
2025-12-13T19:00:00Z,LUNAUSDT,-0.000466089276406415,0.1775,0.1775
2025-12-13T20:00:00Z,LUNAUSDT,-0.000453534490822397,0.1771,0.1771
2025-12-13T21:00:00Z,LUNAUSDT,-0.00040086591391815,0.1692,0.1692
2025-12-13T22:00:00Z,LUNAUSDT,-0.000379601364970541,0.1692,0.1692
2025-12-13T23:00:00Z,LUNAUSDT,-0.00043609550881349,0.1692,0.1692
2025-12-14T00:00:00Z,LUNAUSDT,-0.000486567216691496,0.1692,0.1692
2025-12-14T01:00:00Z,LUNAUSDT,-0.00062578249207382,0.1686,0.1686
2025-12-14T02:00:00Z,LUNAUSDT,-0.000592627281162466,0.1686,0.1686
2025-12-14T03:00:00Z,LUNAUSDT,-0.000598529863338083,0.1686,0.1686
2025-12-14T04:00:00Z,LUNAUSDT,-0.000342192964194504,0.1682,0.1682
2025-12-14T05:00:00Z,LUNAUSDT,-0.000577534478166829,0.1665,0.1665
2025-12-14T06:00:00Z,LUNAUSDT,-0.000956765549149229,0.1665,0.1665
2025-12-14T07:00:00Z,LUNAUSDT,-0.001020250450048038,0.1665,0.1665
2025-12-14T08:00:00Z,LUNAUSDT,-0.001055188564650729,0.1665,0.1665
2025-12-14T09:00:00Z,LUNAUSDT,-0.000915380226079876,0.1618,0.1618
2025-12-14T10:00:00Z,LUNAUSDT,-0.000198838081752574,0.1618,0.1618
2025-12-14T11:00:00Z,LUNAUSDT,-0.000149011654578976,0.1618,0.1618
2025-12-14T12:00:00Z,LUNAUSDT,-0.000154322597820454,0.1617,0.1617
2025-12-14T13:00:00Z,LUNAUSDT,-0.000486187963147913,0.1639,0.1639
2025-12-14T14:00:00Z,LUNAUSDT,-0.000694447990738683,0.1639,0.1639
2025-12-14T15:00:00Z,LUNAUSDT,-0.000797750172992586,0.1639,0.1639
2025-12-14T16:00:00Z,LUNAUSDT,-0.000511368292043774,0.1638,0.1638
2025-12-14T17:00:00Z,LUNAUSDT,-0.000358936668198006,0.166,0.166
2025-12-14T18:00:00Z,LUNAUSDT,-0.000416393828586738,0.166,0.166
2025-12-14T19:00:00Z,LUNAUSDT,-0.0001676645063019,0.166,0.166
2025-12-14T20:00:00Z,LUNAUSDT,-0.000304362335719837,0.1657,0.1657
2025-12-14T21:00:00Z,LUNAUSDT,-0.000158911094209449,0.1579,0.1579
2025-12-14T22:00:00Z,LUNAUSDT,-0.00037329562147266,0.1579,0.1579
2025-12-14T23:00:00Z,LUNAUSDT,-0.000446481267703922,0.1579,0.1579
2025-12-15T00:00:00Z,LUNAUSDT,-0.000329333102525207,0.1576,0.1576
2025-12-15T01:00:00Z,LUNAUSDT,-0.000347291342736723,0.1614,0.1614
2025-12-15T02:00:00Z,LUNAUSDT,-0.000341206536096044,0.1614,0.1614
2025-12-15T03:00:00Z,LUNAUSDT,-0.000388355171814278,0.1614,0.1614
2025-12-15T04:00:00Z,LUNAUSDT,-0.000375437551455046,0.1615,0.1615
2025-12-15T05:00:00Z,LUNAUSDT,-0.000438669972398208,0.1566,0.1566
2025-12-15T06:00:00Z,LUNAUSDT,-0.000367371350150799,0.1566,0.1566
2025-12-15T07:00:00Z,LUNAUSDT,-0.000322480172355041,0.1566,0.1566
2025-12-15T08:00:00Z,LUNAUSDT,-0.000306101410848469,0.1567,0.1567
2025-12-15T09:00:00Z,LUNAUSDT,-0.000302762579534735,0.1577,0.1577
2025-12-15T10:00:00Z,LUNAUSDT,-0.000302034977064444,0.1577,0.1577
2025-12-15T11:00:00Z,LUNAUSDT,-0.000260096439802565,0.1577,0.1577
2025-12-15T12:00:00Z,LUNAUSDT,-0.000206590703732217,0.1574,0.1574
2025-12-15T13:00:00Z,LUNAUSDT,-0.000161618730543666,0.1456,0.1456
2025-12-15T14:00:00Z,LUNAUSDT,-0.000095085398513743,0.1456,0.1456
2025-12-15T15:00:00Z,LUNAUSDT,-0.000134538608336361,0.1456,0.1456
2025-12-15T16:00:00Z,LUNAUSDT,-0.000024912164889485,0.1456,0.1456
2025-12-15T17:00:00Z,LUNAUSDT,-0.000011220679392411,0.1435,0.1435
2025-12-15T18:00:00Z,LUNAUSDT,-0.000136543488077475,0.1435,0.1435
2025-12-15T19:00:00Z,LUNAUSDT,-0.000035838380296207,0.1435,0.1435
2025-12-15T20:00:00Z,LUNAUSDT,0.000011708666848843,0.1433,0.1433
2025-12-15T21:00:00Z,LUNAUSDT,0.000006409688046455,0.1355,0.1355
2025-12-15T22:00:00Z,LUNAUSDT,-0.000064919337582098,0.1355,0.1355
2025-12-15T23:00:00Z,LUNAUSDT,0.0000125,0.1355,0.1355
2025-12-16T00:00:00Z,LUNAUSDT,0.0000125,0.1355,0.1355
2025-12-16T01:00:00Z,LUNAUSDT,0.0000125,0.1319,0.1319
2025-12-16T02:00:00Z,LUNAUSDT,-0.000002473812259591,0.1319,0.1319
2025-12-16T03:00:00Z,LUNAUSDT,-0.000018376112724061,0.1319,0.1319
2025-12-16T04:00:00Z,LUNAUSDT,0.0000125,0.1318,0.1318
2025-12-16T05:00:00Z,LUNAUSDT,-0.000037724393582491,0.1274,0.1274
2025-12-16T06:00:00Z,LUNAUSDT,-0.000115939038642561,0.1274,0.1274
2025-12-16T07:00:00Z,LUNAUSDT,-0.000008990284379467,0.1274,0.1274
2025-12-16T08:00:00Z,LUNAUSDT,-0.000093227438869474,0.1273,0.1273
2025-12-16T09:00:00Z,LUNAUSDT,-0.000227755205363677,0.1308,0.1308
2025-12-16T10:00:00Z,LUNAUSDT,-0.000122964637927184,0.1308,0.1308
2025-12-16T11:00:00Z,LUNAUSDT,-0.000066726892838098,0.1308,0.1308
2025-12-16T12:00:00Z,LUNAUSDT,-0.000001807191968153,0.1308,0.1308
2025-12-16T13:00:00Z,LUNAUSDT,-0.000004548317353377,0.1306,0.1306
2025-12-16T14:00:00Z,LUNAUSDT,-0.000032650170689147,0.1306,0.1306
2025-12-16T15:00:00Z,LUNAUSDT,-0.000012816695132262,0.1306,0.1306
2025-12-16T16:00:00Z,LUNAUSDT,-0.000010154948499897,0.1305,0.1305
2025-12-16T17:00:00Z,LUNAUSDT,0.0000125,0.1268,0.1268
2025-12-16T18:00:00Z,LUNAUSDT,-0.000016061044075156,0.1268,0.1268
2025-12-16T19:00:00Z,LUNAUSDT,-0.000051690105105195,0.1268,0.1268
2025-12-16T20:00:00Z,LUNAUSDT,0.0000125,0.1268,0.1268
2025-12-16T21:00:00Z,LUNAUSDT,0.0000125,0.1301,0.1301
2025-12-16T22:00:00Z,LUNAUSDT,-0.000011211938924007,0.1301,0.1301
2025-12-16T23:00:00Z,LUNAUSDT,-0.00000104519575206,0.1301,0.1301
2025-12-17T00:00:00Z,LUNAUSDT,-0.000180683288559984,0.1303,0.1303
2025-12-17T01:00:00Z,LUNAUSDT,-0.000005255249574645,0.1247,0.1247
2025-12-17T02:00:00Z,LUNAUSDT,0.000003502820025425,0.1247,0.1247
2025-12-17T03:00:00Z,LUNAUSDT,-0.000048704525020546,0.1247,0.1247
2025-12-17T04:00:00Z,LUNAUSDT,-0.000007505942657437,0.1249,0.1249
2025-12-17T05:00:00Z,LUNAUSDT,0.000003087367945642,0.1216,0.1216
2025-12-17T06:00:00Z,LUNAUSDT,0.0000125,0.1216,0.1216
2025-12-17T07:00:00Z,LUNAUSDT,0.0000125,0.1216,0.1216
2025-12-17T08:00:00Z,LUNAUSDT,0.0000125,0.1218,0.1218
2025-12-17T09:00:00Z,LUNAUSDT,0.0000125,0.1149,0.1149
2025-12-17T10:00:00Z,LUNAUSDT,0.0000125,0.1149,0.1149
2025-12-17T11:00:00Z,LUNAUSDT,0.0000125,0.1149,0.1149
2025-12-17T12:00:00Z,LUNAUSDT,0.0000125,0.1152,0.1152
2025-12-17T13:00:00Z,LUNAUSDT,0.0000125,0.1224,0.1224
2025-12-17T14:00:00Z,LUNAUSDT,0.0000125,0.1224,0.1224
2025-12-17T15:00:00Z,LUNAUSDT,-0.000009697360301367,0.1224,0.1224
2025-12-17T16:00:00Z,LUNAUSDT,-0.000044250401950687,0.1222,0.1222
2025-12-17T17:00:00Z,LUNAUSDT,-0.000163558836863759,0.1188,0.1188
2025-12-17T18:00:00Z,LUNAUSDT,0.0000125,0.1188,0.1188
2025-12-17T19:00:00Z,LUNAUSDT,-0.000055863201697744,0.1188,0.1188
2025-12-17T20:00:00Z,LUNAUSDT,-0.000042898080521425,0.1188,0.1188
2025-12-17T21:00:00Z,LUNAUSDT,-0.000011664761656865,0.117,0.117
2025-12-17T22:00:00Z,LUNAUSDT,0.0000125,0.117,0.117
2025-12-17T23:00:00Z,LUNAUSDT,0.0000125,0.117,0.117
2025-12-18T00:00:00Z,LUNAUSDT,0.0000125,0.117,0.117
2025-12-18T01:00:00Z,LUNAUSDT,0.0000125,0.1149,0.1149
2025-12-18T02:00:00Z,LUNAUSDT,0.0000125,0.1149,0.1149
2025-12-18T03:00:00Z,LUNAUSDT,0.0000125,0.1149,0.1149
2025-12-18T04:00:00Z,LUNAUSDT,0.0000125,0.1148,0.1148
2025-12-18T05:00:00Z,LUNAUSDT,0.0000125,0.1136,0.1136
2025-12-18T06:00:00Z,LUNAUSDT,0.0000125,0.1136,0.1136
2025-12-18T07:00:00Z,LUNAUSDT,-0.000032362594260743,0.1136,0.1136
2025-12-18T08:00:00Z,LUNAUSDT,-0.000030538801758904,0.1136,0.1136
2025-12-18T09:00:00Z,LUNAUSDT,0.0000125,0.1153,0.1153
2025-12-18T10:00:00Z,LUNAUSDT,0.0000125,0.1153,0.1153
2025-12-18T11:00:00Z,LUNAUSDT,0.0000125,0.1153,0.1153
2025-12-18T12:00:00Z,LUNAUSDT,0.000007741688510218,0.1156,0.1156
2025-12-18T13:00:00Z,LUNAUSDT,-0.000318396865904062,0.1148,0.1148
2025-12-18T14:00:00Z,LUNAUSDT,-0.000090189097206658,0.1148,0.1148
2025-12-18T15:00:00Z,LUNAUSDT,0.0000125,0.1148,0.1148
2025-12-18T16:00:00Z,LUNAUSDT,0.0000125,0.1147,0.1147
2025-12-18T17:00:00Z,LUNAUSDT,-0.000033014878363653,0.106,0.106
2025-12-18T18:00:00Z,LUNAUSDT,0.0000125,0.106,0.106
2025-12-18T19:00:00Z,LUNAUSDT,0.0000125,0.106,0.106
2025-12-18T20:00:00Z,LUNAUSDT,0.0000125,0.1063,0.1063
2025-12-18T21:00:00Z,LUNAUSDT,0.0000125,0.1072,0.1072
2025-12-18T22:00:00Z,LUNAUSDT,0.0000125,0.1072,0.1072
2025-12-18T23:00:00Z,LUNAUSDT,0.0000125,0.1072,0.1072
2025-12-19T00:00:00Z,LUNAUSDT,0.0000125,0.1071,0.1071
2025-12-19T01:00:00Z,LUNAUSDT,0.0000125,0.1083,0.1083
2025-12-19T02:00:00Z,LUNAUSDT,0.0000125,0.1083,0.1083
2025-12-19T03:00:00Z,LUNAUSDT,0.0000125,0.1083,0.1083
2025-12-19T04:00:00Z,LUNAUSDT,0.0000125,0.1083,0.1083
2025-12-19T05:00:00Z,LUNAUSDT,0.0000125,0.1092,0.1092
2025-12-19T06:00:00Z,LUNAUSDT,0.0000125,0.1092,0.1092
2025-12-19T07:00:00Z,LUNAUSDT,0.0000125,0.1092,0.1092
2025-12-19T08:00:00Z,LUNAUSDT,0.0000125,0.1093,0.1093
2025-12-19T09:00:00Z,LUNAUSDT,-0.000006642955614922,0.1097,0.1097
2025-12-19T10:00:00Z,LUNAUSDT,-0.000047205638428183,0.1097,0.1097
2025-12-19T11:00:00Z,LUNAUSDT,-0.000052961808867334,0.1097,0.1097
2025-12-19T12:00:00Z,LUNAUSDT,0.0000125,0.1095,0.1095
2025-12-19T13:00:00Z,LUNAUSDT,0.0000125,0.1094,0.1094
2025-12-19T14:00:00Z,LUNAUSDT,0.0000125,0.1094,0.1094
2025-12-19T15:00:00Z,LUNAUSDT,0.0000125,0.1094,0.1094
2025-12-19T16:00:00Z,LUNAUSDT,0.0000125,0.1092,0.1092
2025-12-19T17:00:00Z,LUNAUSDT,0.0000125,0.1121,0.1121
2025-12-19T18:00:00Z,LUNAUSDT,0.0000125,0.1121,0.1121
2025-12-19T19:00:00Z,LUNAUSDT,0.0000125,0.1121,0.1121
2025-12-19T20:00:00Z,LUNAUSDT,0.0000125,0.1122,0.1122
2025-12-19T21:00:00Z,LUNAUSDT,0.0000125,0.1113,0.1113
2025-12-19T22:00:00Z,LUNAUSDT,0.0000125,0.1113,0.1113
2025-12-19T23:00:00Z,LUNAUSDT,0.0000125,0.1113,0.1113
2025-12-20T00:00:00Z,LUNAUSDT,0.0000125,0.1112,0.1112
2025-12-20T01:00:00Z,LUNAUSDT,0.000011223535407598,0.1096,0.1096
2025-12-20T02:00:00Z,LUNAUSDT,0.0000125,0.1096,0.1096
2025-12-20T03:00:00Z,LUNAUSDT,-0.000003866809285025,0.1096,0.1096
2025-12-20T04:00:00Z,LUNAUSDT,0.0000125,0.1096,0.1096
2025-12-20T05:00:00Z,LUNAUSDT,0.0000125,0.1086,0.1086
2025-12-20T06:00:00Z,LUNAUSDT,0.0000125,0.1086,0.1086
2025-12-20T07:00:00Z,LUNAUSDT,0.0000125,0.1086,0.1086
2025-12-20T08:00:00Z,LUNAUSDT,0.0000125,0.1085,0.1085
2025-12-20T09:00:00Z,LUNAUSDT,0.0000125,0.1089,0.1089
2025-12-20T10:00:00Z,LUNAUSDT,0.0000125,0.1089,0.1089
2025-12-20T11:00:00Z,LUNAUSDT,0.0000125,0.1089,0.1089
2025-12-20T12:00:00Z,LUNAUSDT,0.0000125,0.1089,0.1089
2025-12-20T13:00:00Z,LUNAUSDT,0.0000125,0.1062,0.1062
2025-12-20T14:00:00Z,LUNAUSDT,0.0000125,0.1062,0.1062
2025-12-20T15:00:00Z,LUNAUSDT,0.0000125,0.1062,0.1062
2025-12-20T16:00:00Z,LUNAUSDT,0.0000125,0.1063,0.1063
2025-12-20T17:00:00Z,LUNAUSDT,0.0000125,0.1057,0.1057
2025-12-20T18:00:00Z,LUNAUSDT,0.0000125,0.1057,0.1057
2025-12-20T19:00:00Z,LUNAUSDT,0.0000125,0.1057,0.1057
2025-12-20T20:00:00Z,LUNAUSDT,0.0000125,0.1056,0.1056
2025-12-20T21:00:00Z,LUNAUSDT,0.0000125,0.1063,0.1063
2025-12-20T22:00:00Z,LUNAUSDT,0.0000125,0.1063,0.1063
2025-12-20T23:00:00Z,LUNAUSDT,0.0000125,0.1063,0.1063
2025-12-21T00:00:00Z,LUNAUSDT,0.0000125,0.1062,0.1062
2025-12-21T01:00:00Z,LUNAUSDT,0.0000125,0.1046,0.1046
2025-12-21T02:00:00Z,LUNAUSDT,0.0000125,0.1046,0.1046
2025-12-21T03:00:00Z,LUNAUSDT,0.0000125,0.1046,0.1046
2025-12-21T04:00:00Z,LUNAUSDT,0.0000125,0.1048,0.1048
2025-12-21T05:00:00Z,LUNAUSDT,0.0000125,0.109,0.109
2025-12-21T06:00:00Z,LUNAUSDT,0.0000125,0.109,0.109
2025-12-21T07:00:00Z,LUNAUSDT,0.0000125,0.109,0.109
2025-12-21T08:00:00Z,LUNAUSDT,0.0000125,0.1087,0.1087
2025-12-21T09:00:00Z,LUNAUSDT,0.0000125,0.1056,0.1056
2025-12-21T10:00:00Z,LUNAUSDT,0.0000125,0.1056,0.1056
2025-12-21T11:00:00Z,LUNAUSDT,0.0000125,0.1056,0.1056
2025-12-21T12:00:00Z,LUNAUSDT,0.0000125,0.1056,0.1056
2025-12-21T13:00:00Z,LUNAUSDT,0.0000125,0.1037,0.1037
2025-12-21T14:00:00Z,LUNAUSDT,0.0000125,0.1037,0.1037
2025-12-21T15:00:00Z,LUNAUSDT,0.0000125,0.1037,0.1037
2025-12-21T16:00:00Z,LUNAUSDT,0.0000125,0.1038,0.1038
2025-12-21T17:00:00Z,LUNAUSDT,-0.000138016482393347,0.1188,0.1188
2025-12-21T18:00:00Z,LUNAUSDT,-0.001650797694785662,0.1188,0.1188
2025-12-21T19:00:00Z,LUNAUSDT,-0.00203515834406004,0.1188,0.1188
2025-12-21T20:00:00Z,LUNAUSDT,-0.000830893468639474,0.1188,0.1188
2025-12-21T21:00:00Z,LUNAUSDT,-0.000616700459616344,0.1159,0.1159
2025-12-21T22:00:00Z,LUNAUSDT,-0.001489637784235639,0.1159,0.1159
2025-12-21T23:00:00Z,LUNAUSDT,-0.001015318856601787,0.1159,0.1159
2025-12-22T00:00:00Z,LUNAUSDT,-0.001041291043399307,0.1157,0.1157
2025-12-22T01:00:00Z,LUNAUSDT,-0.000846973247145371,0.1144,0.1144
2025-12-22T02:00:00Z,LUNAUSDT,-0.000583105467263808,0.1144,0.1144
2025-12-22T03:00:00Z,LUNAUSDT,-0.000674465570111873,0.1144,0.1144
2025-12-22T04:00:00Z,LUNAUSDT,-0.000484511736606104,0.1145,0.1145
2025-12-22T05:00:00Z,LUNAUSDT,-0.000386114806472913,0.1105,0.1105
2025-12-22T06:00:00Z,LUNAUSDT,-0.000467255576698897,0.1105,0.1105
2025-12-22T07:00:00Z,LUNAUSDT,-0.000598468468488781,0.1105,0.1105
2025-12-22T08:00:00Z,LUNAUSDT,-0.000495860375544521,0.1105,0.1105
2025-12-22T09:00:00Z,LUNAUSDT,-0.001504809001694043,0.1123,0.1123
2025-12-22T10:00:00Z,LUNAUSDT,-0.000853050024435518,0.1123,0.1123
2025-12-22T11:00:00Z,LUNAUSDT,-0.000749493742379651,0.1123,0.1123
2025-12-22T12:00:00Z,LUNAUSDT,-0.001117590160304423,0.1124,0.1124
2025-12-22T13:00:00Z,LUNAUSDT,-0.001336885336280958,0.1166,0.1166
2025-12-22T14:00:00Z,LUNAUSDT,-0.001538430055509998,0.1166,0.1166
2025-12-22T15:00:00Z,LUNAUSDT,-0.00145165013621684,0.1166,0.1166
2025-12-22T16:00:00Z,LUNAUSDT,-0.001193961686284314,0.1165,0.1165
2025-12-22T17:00:00Z,LUNAUSDT,-0.000855831196802513,0.1106,0.1106
2025-12-22T18:00:00Z,LUNAUSDT,-0.000867747616817219,0.1106,0.1106
2025-12-22T19:00:00Z,LUNAUSDT,-0.000729047326975279,0.1106,0.1106
2025-12-22T20:00:00Z,LUNAUSDT,-0.000780479503309937,0.1105,0.1105
2025-12-22T21:00:00Z,LUNAUSDT,-0.000567027074729592,0.1119,0.1119
2025-12-22T22:00:00Z,LUNAUSDT,-0.000967056386978559,0.1119,0.1119
2025-12-22T23:00:00Z,LUNAUSDT,-0.000777342309824881,0.1119,0.1119
2025-12-23T00:00:00Z,LUNAUSDT,-0.000864550902287863,0.1119,0.1119
2025-12-23T01:00:00Z,LUNAUSDT,-0.000753667781729956,0.1125,0.1125
2025-12-23T02:00:00Z,LUNAUSDT,-0.000674475306031686,0.1125,0.1125
2025-12-23T03:00:00Z,LUNAUSDT,-0.000679751994493512,0.1125,0.1125
2025-12-23T04:00:00Z,LUNAUSDT,-0.00070232127431923,0.1125,0.1125
2025-12-23T05:00:00Z,LUNAUSDT,-0.000603036457632651,0.112,0.112
2025-12-23T06:00:00Z,LUNAUSDT,-0.000731400135798915,0.112,0.112
2025-12-23T07:00:00Z,LUNAUSDT,-0.000848226488452062,0.112,0.112
2025-12-23T08:00:00Z,LUNAUSDT,-0.000877113825988973,0.1119,0.1119
2025-12-23T09:00:00Z,LUNAUSDT,-0.00057019870196707,0.108,0.108
2025-12-23T10:00:00Z,LUNAUSDT,-0.00048467846334944,0.108,0.108
2025-12-23T11:00:00Z,LUNAUSDT,-0.000547373947345822,0.108,0.108
2025-12-23T12:00:00Z,LUNAUSDT,-0.000525784615525988,0.1081,0.1081
2025-12-23T13:00:00Z,LUNAUSDT,-0.00042480378076802,0.1079,0.1079
2025-12-23T14:00:00Z,LUNAUSDT,-0.000440709900487583,0.1079,0.1079
2025-12-23T15:00:00Z,LUNAUSDT,-0.000407792536756724,0.1079,0.1079
2025-12-23T16:00:00Z,LUNAUSDT,-0.000368506645383709,0.108,0.108
2025-12-23T17:00:00Z,LUNAUSDT,-0.000459137231071819,0.1063,0.1063
2025-12-23T18:00:00Z,LUNAUSDT,-0.000581222700823313,0.1063,0.1063
2025-12-23T19:00:00Z,LUNAUSDT,-0.000450994543850899,0.1063,0.1063
2025-12-23T20:00:00Z,LUNAUSDT,-0.000393885703591529,0.1062,0.1062
2025-12-23T21:00:00Z,LUNAUSDT,-0.000404788888342017,0.1066,0.1066
2025-12-23T22:00:00Z,LUNAUSDT,-0.000522320442226557,0.1066,0.1066
2025-12-23T23:00:00Z,LUNAUSDT,-0.000534941929105897,0.1066,0.1066
2025-12-24T00:00:00Z,LUNAUSDT,-0.000486002223566634,0.1067,0.1067
2025-12-24T01:00:00Z,LUNAUSDT,-0.000394742772922712,0.1071,0.1071
2025-12-24T02:00:00Z,LUNAUSDT,-0.000337159956339403,0.1071,0.1071
2025-12-24T03:00:00Z,LUNAUSDT,-0.000433837926376029,0.1071,0.1071
2025-12-24T04:00:00Z,LUNAUSDT,-0.000379232349050826,0.1071,0.1071
2025-12-24T05:00:00Z,LUNAUSDT,-0.000358001686360507,0.1044,0.1044
2025-12-24T06:00:00Z,LUNAUSDT,-0.000360499020329791,0.1044,0.1044
2025-12-24T07:00:00Z,LUNAUSDT,-0.000295260543126695,0.1044,0.1044
2025-12-24T08:00:00Z,LUNAUSDT,-0.000254029941823157,0.1043,0.1043
2025-12-24T09:00:00Z,LUNAUSDT,-0.000263770181151728,0.1046,0.1046
2025-12-24T10:00:00Z,LUNAUSDT,-0.000250077252911665,0.1046,0.1046
2025-12-24T11:00:00Z,LUNAUSDT,-0.000196576152050543,0.1046,0.1046
2025-12-24T12:00:00Z,LUNAUSDT,-0.000326101751121103,0.1048,0.1048
2025-12-24T13:00:00Z,LUNAUSDT,-0.000285461726094756,0.1053,0.1053
2025-12-24T14:00:00Z,LUNAUSDT,-0.000269001061675694,0.1053,0.1053
2025-12-24T15:00:00Z,LUNAUSDT,-0.000268441825013909,0.1053,0.1053
2025-12-24T16:00:00Z,LUNAUSDT,-0.000186146844603677,0.1055,0.1055
2025-12-24T17:00:00Z,LUNAUSDT,-0.000198680728842801,0.1045,0.1045
2025-12-24T18:00:00Z,LUNAUSDT,-0.000189569580216872,0.1045,0.1045
2025-12-24T19:00:00Z,LUNAUSDT,-0.000238354103669444,0.1045,0.1045
2025-12-24T20:00:00Z,LUNAUSDT,-0.000186804623098382,0.1046,0.1046
2025-12-24T21:00:00Z,LUNAUSDT,-0.000147871361819848,0.1054,0.1054
2025-12-24T22:00:00Z,LUNAUSDT,-0.000175260462436227,0.1054,0.1054
2025-12-24T23:00:00Z,LUNAUSDT,-0.000181605599024951,0.1054,0.1054
2025-12-25T00:00:00Z,LUNAUSDT,-0.000122708011930054,0.1053,0.1053
2025-12-25T01:00:00Z,LUNAUSDT,-0.000100845044965897,0.1057,0.1057
2025-12-25T02:00:00Z,LUNAUSDT,-0.000086683452579358,0.1057,0.1057
2025-12-25T03:00:00Z,LUNAUSDT,0.0000125,0.1057,0.1057
2025-12-25T04:00:00Z,LUNAUSDT,-0.000145476305851082,0.1058,0.1058
2025-12-25T05:00:00Z,LUNAUSDT,-0.000195904291012112,0.1051,0.1051
2025-12-25T06:00:00Z,LUNAUSDT,-0.000188652324080038,0.1051,0.1051
2025-12-25T07:00:00Z,LUNAUSDT,-0.00010794335768256,0.1051,0.1051
2025-12-25T08:00:00Z,LUNAUSDT,-0.000161181554720679,0.1052,0.1052
2025-12-25T09:00:00Z,LUNAUSDT,-0.000258293459910961,0.1043,0.1043
2025-12-25T10:00:00Z,LUNAUSDT,-0.000201122195970325,0.1043,0.1043
2025-12-25T11:00:00Z,LUNAUSDT,-0.00026075806449087,0.1043,0.1043
2025-12-25T12:00:00Z,LUNAUSDT,-0.00018896558626728,0.1043,0.1043
2025-12-25T13:00:00Z,LUNAUSDT,-0.00007171625182813,0.1052,0.1052
2025-12-25T14:00:00Z,LUNAUSDT,-0.000120900138050711,0.1052,0.1052
2025-12-25T15:00:00Z,LUNAUSDT,-0.000077912165157598,0.1052,0.1052
2025-12-25T16:00:00Z,LUNAUSDT,0.0000125,0.1053,0.1053
2025-12-25T17:00:00Z,LUNAUSDT,0.00000163348708689,0.1051,0.1051
2025-12-25T18:00:00Z,LUNAUSDT,0.0000125,0.1051,0.1051
2025-12-25T19:00:00Z,LUNAUSDT,0.0000125,0.1051,0.1051
2025-12-25T20:00:00Z,LUNAUSDT,0.0000125,0.1052,0.1052
2025-12-25T21:00:00Z,LUNAUSDT,0.00001232411121487,0.1046,0.1046
2025-12-25T22:00:00Z,LUNAUSDT,-0.000037147098871948,0.1046,0.1046
2025-12-25T23:00:00Z,LUNAUSDT,-0.000045420794814535,0.1046,0.1046
2025-12-26T00:00:00Z,LUNAUSDT,-0.000006599020984804,0.1045,0.1045
2025-12-26T01:00:00Z,LUNAUSDT,-0.000106556521885041,0.1045,0.1045
2025-12-26T02:00:00Z,LUNAUSDT,-0.000052139216361929,0.1045,0.1045
2025-12-26T03:00:00Z,LUNAUSDT,0.0000125,0.1045,0.1045
2025-12-26T04:00:00Z,LUNAUSDT,0.0000125,0.1046,0.1046
2025-12-26T05:00:00Z,LUNAUSDT,0.0000125,0.1031,0.1031
2025-12-26T06:00:00Z,LUNAUSDT,-0.000071742630327251,0.1031,0.1031
2025-12-26T07:00:00Z,LUNAUSDT,-0.000071814967210492,0.1031,0.1031
2025-12-26T08:00:00Z,LUNAUSDT,-0.000054465234347262,0.103,0.103
2025-12-26T09:00:00Z,LUNAUSDT,0.000003808751503233,0.1038,0.1038
2025-12-26T10:00:00Z,LUNAUSDT,0.0000125,0.1038,0.1038
2025-12-26T11:00:00Z,LUNAUSDT,-0.000003771541290535,0.1038,0.1038
2025-12-26T12:00:00Z,LUNAUSDT,0.0000125,0.1037,0.1037
2025-12-26T13:00:00Z,LUNAUSDT,0.000001992324964498,0.1036,0.1036
2025-12-26T14:00:00Z,LUNAUSDT,0.000009278291858415,0.1036,0.1036
2025-12-26T15:00:00Z,LUNAUSDT,-0.000135269545262626,0.1036,0.1036
2025-12-26T16:00:00Z,LUNAUSDT,-0.000031094162340704,0.1036,0.1036
2025-12-26T17:00:00Z,LUNAUSDT,0.0000125,0.1022,0.1022
2025-12-26T18:00:00Z,LUNAUSDT,0.0000125,0.1022,0.1022
2025-12-26T19:00:00Z,LUNAUSDT,0.0000125,0.1022,0.1022
2025-12-26T20:00:00Z,LUNAUSDT,0.000007639255857203,0.1023,0.1023
2025-12-26T21:00:00Z,LUNAUSDT,-0.000088598962835085,0.1027,0.1027
2025-12-26T22:00:00Z,LUNAUSDT,-0.000089036346695113,0.1027,0.1027
2025-12-26T23:00:00Z,LUNAUSDT,-0.000078555134975877,0.1027,0.1027
2025-12-27T00:00:00Z,LUNAUSDT,-0.0000809003372302,0.1027,0.1027
2025-12-27T01:00:00Z,LUNAUSDT,-0.000053025529023082,0.1032,0.1032
2025-12-27T02:00:00Z,LUNAUSDT,0.0000125,0.1032,0.1032
2025-12-27T03:00:00Z,LUNAUSDT,0.000007453184195185,0.1032,0.1032
2025-12-27T04:00:00Z,LUNAUSDT,-0.000052193116595512,0.1033,0.1033
2025-12-27T05:00:00Z,LUNAUSDT,-0.000007162453996306,0.103,0.103
2025-12-27T06:00:00Z,LUNAUSDT,-0.000047169666084328,0.103,0.103
2025-12-27T07:00:00Z,LUNAUSDT,-0.000086252165396486,0.103,0.103
2025-12-27T08:00:00Z,LUNAUSDT,-0.00001056127464281,0.1029,0.1029
2025-12-27T09:00:00Z,LUNAUSDT,-0.000002657239470541,0.1047,0.1047
2025-12-27T10:00:00Z,LUNAUSDT,0.000000192123965803,0.1047,0.1047
2025-12-27T11:00:00Z,LUNAUSDT,-0.000170137447337813,0.1047,0.1047
2025-12-27T12:00:00Z,LUNAUSDT,0.0000125,0.1048,0.1048
2025-12-27T13:00:00Z,LUNAUSDT,0.0000125,0.1031,0.1031
2025-12-27T14:00:00Z,LUNAUSDT,-0.000035339780221191,0.1031,0.1031
2025-12-27T15:00:00Z,LUNAUSDT,0.0000125,0.1031,0.1031
2025-12-27T16:00:00Z,LUNAUSDT,0.0000125,0.103,0.103
2025-12-27T17:00:00Z,LUNAUSDT,0.0000125,0.1034,0.1034
2025-12-27T18:00:00Z,LUNAUSDT,0.0000125,0.1034,0.1034
2025-12-27T19:00:00Z,LUNAUSDT,0.0000125,0.1034,0.1034
2025-12-27T20:00:00Z,LUNAUSDT,0.0000125,0.1035,0.1035
2025-12-27T21:00:00Z,LUNAUSDT,0.0000125,0.1036,0.1036
2025-12-27T22:00:00Z,LUNAUSDT,0.0000125,0.1036,0.1036
2025-12-27T23:00:00Z,LUNAUSDT,0.0000125,0.1036,0.1036
2025-12-28T00:00:00Z,LUNAUSDT,0.0000125,0.1035,0.1035
2025-12-28T01:00:00Z,LUNAUSDT,0.0000125,0.1034,0.1034
2025-12-28T02:00:00Z,LUNAUSDT,0.0000125,0.1034,0.1034
2025-12-28T03:00:00Z,LUNAUSDT,0.0000125,0.1034,0.1034
2025-12-28T04:00:00Z,LUNAUSDT,0.0000125,0.1034,0.1034
2025-12-28T05:00:00Z,LUNAUSDT,0.0000125,0.1029,0.1029
2025-12-28T06:00:00Z,LUNAUSDT,0.0000125,0.1029,0.1029
2025-12-28T07:00:00Z,LUNAUSDT,0.0000125,0.1029,0.1029
2025-12-28T08:00:00Z,LUNAUSDT,0.0000125,0.1028,0.1028
2025-12-28T09:00:00Z,LUNAUSDT,0.0000125,0.1024,0.1024
2025-12-28T10:00:00Z,LUNAUSDT,0.0000125,0.1024,0.1024
2025-12-28T11:00:00Z,LUNAUSDT,0.0000125,0.1024,0.1024
2025-12-28T12:00:00Z,LUNAUSDT,0.0000125,0.1025,0.1025
2025-12-28T13:00:00Z,LUNAUSDT,0.0000125,0.1015,0.1015
2025-12-28T14:00:00Z,LUNAUSDT,0.0000125,0.1015,0.1015
2025-12-28T15:00:00Z,LUNAUSDT,0.0000125,0.1015,0.1015
2025-12-28T16:00:00Z,LUNAUSDT,0.0000125,0.1014,0.1014
2025-12-28T17:00:00Z,LUNAUSDT,0.0000125,0.0986,0.0986
2025-12-28T18:00:00Z,LUNAUSDT,0.0000125,0.0986,0.0986
2025-12-28T19:00:00Z,LUNAUSDT,0.000008907051723285,0.0986,0.0986
2025-12-28T20:00:00Z,LUNAUSDT,0.0000125,0.0987,0.0987
2025-12-28T21:00:00Z,LUNAUSDT,0.0000125,0.0991,0.0991
2025-12-28T22:00:00Z,LUNAUSDT,0.0000125,0.0991,0.0991
2025-12-28T23:00:00Z,LUNAUSDT,0.0000125,0.0991,0.0991
2025-12-29T00:00:00Z,LUNAUSDT,0.0000125,0.099,0.099
2025-12-29T01:00:00Z,LUNAUSDT,0.0000125,0.1001,0.1001
2025-12-29T02:00:00Z,LUNAUSDT,0.0000125,0.1001,0.1001
2025-12-29T03:00:00Z,LUNAUSDT,0.0000125,0.1001,0.1001
2025-12-29T04:00:00Z,LUNAUSDT,0.0000125,0.1002,0.1002
2025-12-29T05:00:00Z,LUNAUSDT,0.0000125,0.0986,0.0986
2025-12-29T06:00:00Z,LUNAUSDT,0.0000125,0.0986,0.0986
2025-12-29T07:00:00Z,LUNAUSDT,0.0000125,0.0986,0.0986
2025-12-29T08:00:00Z,LUNAUSDT,0.0000125,0.0987,0.0987
2025-12-29T09:00:00Z,LUNAUSDT,0.0000125,0.0963,0.0963
2025-12-29T10:00:00Z,LUNAUSDT,0.0000125,0.0963,0.0963
2025-12-29T11:00:00Z,LUNAUSDT,0.0000125,0.0963,0.0963
2025-12-29T12:00:00Z,LUNAUSDT,0.0000125,0.0963,0.0963
2025-12-29T13:00:00Z,LUNAUSDT,0.0000125,0.0948,0.0948
2025-12-29T14:00:00Z,LUNAUSDT,0.0000125,0.0948,0.0948
2025-12-29T15:00:00Z,LUNAUSDT,0.0000125,0.0948,0.0948
2025-12-29T16:00:00Z,LUNAUSDT,0.0000125,0.0947,0.0947
2025-12-29T17:00:00Z,LUNAUSDT,0.0000125,0.0945,0.0945
2025-12-29T18:00:00Z,LUNAUSDT,0.0000125,0.0945,0.0945
2025-12-29T19:00:00Z,LUNAUSDT,0.0000125,0.0945,0.0945
2025-12-29T20:00:00Z,LUNAUSDT,0.0000125,0.0946,0.0946
2025-12-29T21:00:00Z,LUNAUSDT,0.0000125,0.0938,0.0938
2025-12-29T22:00:00Z,LUNAUSDT,0.0000125,0.0938,0.0938
2025-12-29T23:00:00Z,LUNAUSDT,0.0000125,0.0938,0.0938
2025-12-30T00:00:00Z,LUNAUSDT,0.0000125,0.0937,0.0937
2025-12-30T01:00:00Z,LUNAUSDT,0.0000125,0.0929,0.0929
2025-12-30T02:00:00Z,LUNAUSDT,0.0000125,0.0929,0.0929
2025-12-30T03:00:00Z,LUNAUSDT,0.0000125,0.0929,0.0929
2025-12-30T04:00:00Z,LUNAUSDT,0.0000125,0.0931,0.0931
2025-12-30T05:00:00Z,LUNAUSDT,0.0000125,0.0922,0.0922
2025-12-30T06:00:00Z,LUNAUSDT,0.0000125,0.0922,0.0922
2025-12-30T07:00:00Z,LUNAUSDT,0.0000125,0.0922,0.0922
2025-12-30T08:00:00Z,LUNAUSDT,0.0000125,0.092,0.092
2025-12-30T09:00:00Z,LUNAUSDT,0.0000125,0.0905,0.0905
2025-12-30T10:00:00Z,LUNAUSDT,0.0000125,0.0905,0.0905
2025-12-30T11:00:00Z,LUNAUSDT,0.0000125,0.0905,0.0905
2025-12-30T12:00:00Z,LUNAUSDT,0.0000125,0.0904,0.0904
2025-12-30T13:00:00Z,LUNAUSDT,0.0000125,0.0904,0.0904
2025-12-30T14:00:00Z,LUNAUSDT,0.0000125,0.0904,0.0904
2025-12-30T15:00:00Z,LUNAUSDT,0.0000125,0.0904,0.0904
2025-12-30T16:00:00Z,LUNAUSDT,0.0000125,0.0905,0.0905
2025-12-30T17:00:00Z,LUNAUSDT,0.0000125,0.0913,0.0913
2025-12-30T18:00:00Z,LUNAUSDT,0.0000125,0.0913,0.0913
2025-12-30T19:00:00Z,LUNAUSDT,0.0000125,0.0913,0.0913
2025-12-30T20:00:00Z,LUNAUSDT,0.0000125,0.0913,0.0913
2025-12-30T21:00:00Z,LUNAUSDT,0.0000125,0.0925,0.0925
2025-12-30T22:00:00Z,LUNAUSDT,0.0000125,0.0925,0.0925
2025-12-30T23:00:00Z,LUNAUSDT,0.0000125,0.0925,0.0925
2025-12-31T00:00:00Z,LUNAUSDT,0.0000125,0.0924,0.0924
2025-12-31T01:00:00Z,LUNAUSDT,0.0000125,0.0913,0.0913
2025-12-31T02:00:00Z,LUNAUSDT,0.0000125,0.0913,0.0913
2025-12-31T03:00:00Z,LUNAUSDT,0.0000125,0.0913,0.0913
2025-12-31T04:00:00Z,LUNAUSDT,0.0000125,0.0912,0.0912
2025-12-31T05:00:00Z,LUNAUSDT,0.0000125,0.0912,0.0912
2025-12-31T06:00:00Z,LUNAUSDT,0.0000125,0.0912,0.0912
2025-12-31T07:00:00Z,LUNAUSDT,0.0000125,0.0912,0.0912
2025-12-31T08:00:00Z,LUNAUSDT,0.0000125,0.091,0.091
2025-12-31T09:00:00Z,LUNAUSDT,0.0000125,0.0918,0.0918
2025-12-31T10:00:00Z,LUNAUSDT,0.0000125,0.0918,0.0918
2025-12-31T11:00:00Z,LUNAUSDT,0.0000125,0.0918,0.0918
2025-12-31T12:00:00Z,LUNAUSDT,0.0000125,0.0921,0.0921
2025-12-31T13:00:00Z,LUNAUSDT,0.0000125,0.1052,0.1052
2025-12-31T14:00:00Z,LUNAUSDT,-0.00005963537950909,0.1052,0.1052
2025-12-31T15:00:00Z,LUNAUSDT,-0.000801209924992861,0.1052,0.1052
2025-12-31T16:00:00Z,LUNAUSDT,-0.00084558051704956,0.1053,0.1053
2025-12-31T17:00:00Z,LUNAUSDT,-0.000861622338344948,0.0962,0.0962
2025-12-31T18:00:00Z,LUNAUSDT,-0.001056744268333519,0.0962,0.0962
2025-12-31T19:00:00Z,LUNAUSDT,-0.000901357859871226,0.0962,0.0962
2025-12-31T20:00:00Z,LUNAUSDT,-0.000257294430732223,0.0964,0.0964
2025-12-31T21:00:00Z,LUNAUSDT,-0.000128893774700449,0.0948,0.0948
2025-12-31T22:00:00Z,LUNAUSDT,-0.000222402025300192,0.0948,0.0948
2025-12-31T23:00:00Z,LUNAUSDT,-0.000398969212193179,0.0948,0.0948
2026-01-01T00:00:00Z,LUNAUSDT,-0.000271169370822665,0.0942,0.0942
2026-01-01T01:00:00Z,LUNAUSDT,-0.000195086479489957,0.0935,0.0935
2026-01-01T02:00:00Z,LUNAUSDT,-0.000157040969867237,0.0935,0.0935
2026-01-01T03:00:00Z,LUNAUSDT,-0.000183591107642115,0.0935,0.0935
2026-01-01T04:00:00Z,LUNAUSDT,-0.000144154231671403,0.093,0.093
2026-01-01T05:00:00Z,LUNAUSDT,-0.000143989935446274,0.0955,0.0955
2026-01-01T06:00:00Z,LUNAUSDT,-0.000149208725826602,0.0955,0.0955
2026-01-01T07:00:00Z,LUNAUSDT,-0.000184916804784919,0.0955,0.0955
2026-01-01T08:00:00Z,LUNAUSDT,-0.000190247480070336,0.0956,0.0956
2026-01-01T09:00:00Z,LUNAUSDT,-0.000686768868025177,0.0932,0.0932
2026-01-01T10:00:00Z,LUNAUSDT,-0.000220890850060481,0.0932,0.0932
2026-01-01T11:00:00Z,LUNAUSDT,-0.000180866444493516,0.0932,0.0932
2026-01-01T12:00:00Z,LUNAUSDT,-0.000076655426554961,0.094,0.094
2026-01-01T13:00:00Z,LUNAUSDT,-0.00018788155652319,0.0926,0.0926
2026-01-01T14:00:00Z,LUNAUSDT,-0.000091699712466554,0.0926,0.0926
2026-01-01T15:00:00Z,LUNAUSDT,-0.000041051756682165,0.0926,0.0926
2026-01-01T16:00:00Z,LUNAUSDT,-0.00020065889013976,0.0926,0.0926
2026-01-01T17:00:00Z,LUNAUSDT,-0.000251237857900963,0.0936,0.0936
2026-01-01T18:00:00Z,LUNAUSDT,-0.000497864183250485,0.0936,0.0936
2026-01-01T19:00:00Z,LUNAUSDT,-0.000432065528714345,0.0936,0.0936
2026-01-01T20:00:00Z,LUNAUSDT,-0.000255918902396407,0.093,0.093
2026-01-01T21:00:00Z,LUNAUSDT,-0.000201744360992877,0.0938,0.0938
2026-01-01T22:00:00Z,LUNAUSDT,-0.000202431257877837,0.0938,0.0938
2026-01-01T23:00:00Z,LUNAUSDT,-0.000202956647640952,0.0938,0.0938
2026-01-02T00:00:00Z,LUNAUSDT,-0.000350727208671813,0.0939,0.0939
2026-01-02T01:00:00Z,LUNAUSDT,-0.000306078451473369,0.0945,0.0945
2026-01-02T02:00:00Z,LUNAUSDT,-0.000307311705912395,0.0945,0.0945
2026-01-02T03:00:00Z,LUNAUSDT,-0.000380437128537963,0.0945,0.0945
2026-01-02T04:00:00Z,LUNAUSDT,-0.000430040787185536,0.0942,0.0942
2026-01-02T05:00:00Z,LUNAUSDT,-0.000550889900099199,0.0929,0.0929
2026-01-02T06:00:00Z,LUNAUSDT,-0.000468380791651088,0.0929,0.0929
2026-01-02T07:00:00Z,LUNAUSDT,-0.000571572574347337,0.0929,0.0929
2026-01-02T08:00:00Z,LUNAUSDT,-0.000605597472322141,0.0931,0.0931
2026-01-02T09:00:00Z,LUNAUSDT,-0.000593485987291607,0.0929,0.0929
2026-01-02T10:00:00Z,LUNAUSDT,-0.000655847122313837,0.0929,0.0929
2026-01-02T11:00:00Z,LUNAUSDT,-0.000640865019994398,0.0929,0.0929
2026-01-02T12:00:00Z,LUNAUSDT,-0.000702349317975164,0.0928,0.0928
2026-01-02T13:00:00Z,LUNAUSDT,-0.000448207737259699,0.0933,0.0933
2026-01-02T14:00:00Z,LUNAUSDT,-0.000398546989981911,0.0933,0.0933
2026-01-02T15:00:00Z,LUNAUSDT,-0.00057326885930885,0.0933,0.0933
2026-01-02T16:00:00Z,LUNAUSDT,-0.000435821679571841,0.0936,0.0936
2026-01-02T17:00:00Z,LUNAUSDT,-0.000341847129559237,0.0949,0.0949
2026-01-02T18:00:00Z,LUNAUSDT,-0.000219290431470743,0.0949,0.0949
2026-01-02T19:00:00Z,LUNAUSDT,-0.000533334629314728,0.0949,0.0949
2026-01-02T20:00:00Z,LUNAUSDT,-0.000635370102680432,0.0946,0.0946
2026-01-02T21:00:00Z,LUNAUSDT,-0.000277145463969655,0.0954,0.0954
2026-01-02T22:00:00Z,LUNAUSDT,-0.000134743534197692,0.0954,0.0954
2026-01-02T23:00:00Z,LUNAUSDT,-0.000022841295606853,0.0954,0.0954
2026-01-03T00:00:00Z,LUNAUSDT,-0.000174187550106916,0.0953,0.0953
2026-01-03T01:00:00Z,LUNAUSDT,-0.000265023952418182,0.0966,0.0966
2026-01-03T02:00:00Z,LUNAUSDT,-0.000324255304355189,0.0966,0.0966
2026-01-03T03:00:00Z,LUNAUSDT,-0.000294503557765359,0.0966,0.0966
2026-01-03T04:00:00Z,LUNAUSDT,-0.000224796675614247,0.0966,0.0966
2026-01-03T05:00:00Z,LUNAUSDT,-0.000259819341855533,0.0938,0.0938
2026-01-03T06:00:00Z,LUNAUSDT,-0.00028079807879514,0.0938,0.0938
2026-01-03T07:00:00Z,LUNAUSDT,-0.000295838406039693,0.0938,0.0938
2026-01-03T08:00:00Z,LUNAUSDT,-0.000531321191759883,0.0938,0.0938
2026-01-03T09:00:00Z,LUNAUSDT,-0.000318937838789716,0.0943,0.0943
2026-01-03T10:00:00Z,LUNAUSDT,-0.000213747629653331,0.0943,0.0943
2026-01-03T11:00:00Z,LUNAUSDT,-0.000213779656573222,0.0943,0.0943
2026-01-03T12:00:00Z,LUNAUSDT,-0.000192527193163528,0.0942,0.0942
2026-01-03T13:00:00Z,LUNAUSDT,-0.00018815656452835,0.0956,0.0956
2026-01-03T14:00:00Z,LUNAUSDT,-0.000149338186558224,0.0956,0.0956
2026-01-03T15:00:00Z,LUNAUSDT,-0.000091271516164059,0.0956,0.0956
2026-01-03T16:00:00Z,LUNAUSDT,-0.000221459811358428,0.0959,0.0959
2026-01-03T17:00:00Z,LUNAUSDT,-0.000064318111355843,0.0965,0.0965
2026-01-03T18:00:00Z,LUNAUSDT,-0.00018428666924534,0.0965,0.0965
2026-01-03T19:00:00Z,LUNAUSDT,-0.000152822909399796,0.0965,0.0965
2026-01-03T20:00:00Z,LUNAUSDT,0.0000125,0.0972,0.0972
2026-01-03T21:00:00Z,LUNAUSDT,0.0000125,0.0963,0.0963
2026-01-03T22:00:00Z,LUNAUSDT,0.0000125,0.0963,0.0963
2026-01-03T23:00:00Z,LUNAUSDT,0.0000125,0.0963,0.0963
2026-01-04T00:00:00Z,LUNAUSDT,0.0000125,0.0963,0.0963
2026-01-04T01:00:00Z,LUNAUSDT,0.0000125,0.0961,0.0961
2026-01-04T02:00:00Z,LUNAUSDT,0.0000125,0.0961,0.0961
2026-01-04T03:00:00Z,LUNAUSDT,0.0000125,0.0961,0.0961
2026-01-04T04:00:00Z,LUNAUSDT,0.0000125,0.0958,0.0958
2026-01-04T05:00:00Z,LUNAUSDT,0.0000125,0.0961,0.0961
2026-01-04T06:00:00Z,LUNAUSDT,0.0000125,0.0961,0.0961
2026-01-04T07:00:00Z,LUNAUSDT,-0.000011495994327646,0.0961,0.0961
2026-01-04T08:00:00Z,LUNAUSDT,-0.000023181839067086,0.0961,0.0961
2026-01-04T09:00:00Z,LUNAUSDT,-0.000050383168832358,0.0972,0.0972
2026-01-04T10:00:00Z,LUNAUSDT,-0.000066609551463099,0.0972,0.0972
2026-01-04T11:00:00Z,LUNAUSDT,-0.000146401457686588,0.0972,0.0972
2026-01-04T12:00:00Z,LUNAUSDT,0.0000125,0.0969,0.0969
2026-01-04T13:00:00Z,LUNAUSDT,0.0000125,0.0969,0.0969
2026-01-04T14:00:00Z,LUNAUSDT,0.0000125,0.0969,0.0969
2026-01-04T15:00:00Z,LUNAUSDT,0.0000125,0.0969,0.0969
2026-01-04T16:00:00Z,LUNAUSDT,0.0000125,0.0968,0.0968
2026-01-04T17:00:00Z,LUNAUSDT,0.0000125,0.0964,0.0964
2026-01-04T18:00:00Z,LUNAUSDT,0.0000125,0.0964,0.0964
2026-01-04T19:00:00Z,LUNAUSDT,0.0000125,0.0964,0.0964
2026-01-04T20:00:00Z,LUNAUSDT,-0.000039718300096967,0.0964,0.0964
2026-01-04T21:00:00Z,LUNAUSDT,0.0000125,0.0965,0.0965
2026-01-04T22:00:00Z,LUNAUSDT,0.0000125,0.0965,0.0965
2026-01-04T23:00:00Z,LUNAUSDT,0.0000125,0.0965,0.0965
2026-01-05T00:00:00Z,LUNAUSDT,0.0000125,0.0965,0.0965
2026-01-05T01:00:00Z,LUNAUSDT,0.0000125,0.098,0.098
2026-01-05T02:00:00Z,LUNAUSDT,0.0000125,0.098,0.098
2026-01-05T03:00:00Z,LUNAUSDT,0.0000125,0.098,0.098
2026-01-05T04:00:00Z,LUNAUSDT,0.0000125,0.098,0.098
2026-01-05T05:00:00Z,LUNAUSDT,0.0000125,0.0963,0.0963
2026-01-05T06:00:00Z,LUNAUSDT,0.0000125,0.0963,0.0963
2026-01-05T07:00:00Z,LUNAUSDT,0.0000125,0.0963,0.0963
2026-01-05T08:00:00Z,LUNAUSDT,0.0000125,0.0962,0.0962
2026-01-05T09:00:00Z,LUNAUSDT,0.0000125,0.0952,0.0952
2026-01-05T10:00:00Z,LUNAUSDT,-0.000105426507910997,0.0952,0.0952
2026-01-05T11:00:00Z,LUNAUSDT,-0.000039933834610814,0.0952,0.0952
2026-01-05T12:00:00Z,LUNAUSDT,0.0000125,0.0951,0.0951
2026-01-05T13:00:00Z,LUNAUSDT,-0.000016014203138948,0.0959,0.0959
2026-01-05T14:00:00Z,LUNAUSDT,-0.000014671669413029,0.0959,0.0959
2026-01-05T15:00:00Z,LUNAUSDT,-0.000061812018285425,0.0959,0.0959
2026-01-05T16:00:00Z,LUNAUSDT,0.0000125,0.0959,0.0959
2026-01-05T17:00:00Z,LUNAUSDT,0.0000125,0.096,0.096
2026-01-05T18:00:00Z,LUNAUSDT,0.0000125,0.096,0.096
2026-01-05T19:00:00Z,LUNAUSDT,0.0000125,0.096,0.096
2026-01-05T20:00:00Z,LUNAUSDT,0.0000125,0.0959,0.0959
2026-01-05T21:00:00Z,LUNAUSDT,0.0000125,0.0963,0.0963
2026-01-05T22:00:00Z,LUNAUSDT,0.0000125,0.0963,0.0963
2026-01-05T23:00:00Z,LUNAUSDT,0.0000125,0.0963,0.0963
2026-01-06T00:00:00Z,LUNAUSDT,0.0000125,0.0961,0.0961
2026-01-06T01:00:00Z,LUNAUSDT,0.0000125,0.0965,0.0965
2026-01-06T02:00:00Z,LUNAUSDT,0.0000125,0.0965,0.0965
2026-01-06T03:00:00Z,LUNAUSDT,0.0000125,0.0965,0.0965
2026-01-06T04:00:00Z,LUNAUSDT,0.0000125,0.0966,0.0966
2026-01-06T05:00:00Z,LUNAUSDT,0.0000125,0.0974,0.0974
2026-01-06T06:00:00Z,LUNAUSDT,0.0000125,0.0974,0.0974
2026-01-06T07:00:00Z,LUNAUSDT,0.0000125,0.0974,0.0974
2026-01-06T08:00:00Z,LUNAUSDT,0.0000125,0.0971,0.0971
2026-01-06T09:00:00Z,LUNAUSDT,0.0000125,0.0982,0.0982
2026-01-06T10:00:00Z,LUNAUSDT,0.0000125,0.0982,0.0982
2026-01-06T11:00:00Z,LUNAUSDT,0.0000125,0.0982,0.0982
2026-01-06T12:00:00Z,LUNAUSDT,0.0000125,0.0983,0.0983
2026-01-06T13:00:00Z,LUNAUSDT,0.0000125,0.0968,0.0968
2026-01-06T14:00:00Z,LUNAUSDT,0.0000125,0.0968,0.0968
2026-01-06T15:00:00Z,LUNAUSDT,0.0000125,0.0968,0.0968
2026-01-06T16:00:00Z,LUNAUSDT,0.0000125,0.097,0.097
2026-01-06T17:00:00Z,LUNAUSDT,0.0000125,0.0935,0.0935
2026-01-06T18:00:00Z,LUNAUSDT,0.0000125,0.0935,0.0935
2026-01-06T19:00:00Z,LUNAUSDT,0.0000125,0.0935,0.0935
2026-01-06T20:00:00Z,LUNAUSDT,0.0000125,0.0942,0.0942
2026-01-06T21:00:00Z,LUNAUSDT,0.0000125,0.0962,0.0962
2026-01-06T22:00:00Z,LUNAUSDT,0.0000125,0.0962,0.0962
2026-01-06T23:00:00Z,LUNAUSDT,0.0000125,0.0962,0.0962
2026-01-07T00:00:00Z,LUNAUSDT,0.0000125,0.0961,0.0961
2026-01-07T01:00:00Z,LUNAUSDT,0.0000125,0.0961,0.0961
2026-01-07T02:00:00Z,LUNAUSDT,0.0000125,0.0961,0.0961
2026-01-07T03:00:00Z,LUNAUSDT,0.0000125,0.0961,0.0961
2026-01-07T04:00:00Z,LUNAUSDT,0.0000125,0.0958,0.0958
2026-01-07T05:00:00Z,LUNAUSDT,0.0000125,0.0958,0.0958
2026-01-07T06:00:00Z,LUNAUSDT,0.0000125,0.0958,0.0958
2026-01-07T07:00:00Z,LUNAUSDT,0.0000125,0.0958,0.0958
2026-01-07T08:00:00Z,LUNAUSDT,0.0000125,0.0957,0.0957
2026-01-07T09:00:00Z,LUNAUSDT,0.0000125,0.0945,0.0945
2026-01-07T10:00:00Z,LUNAUSDT,0.0000125,0.0945,0.0945
2026-01-07T11:00:00Z,LUNAUSDT,0.0000125,0.0945,0.0945
2026-01-07T12:00:00Z,LUNAUSDT,0.0000125,0.0943,0.0943
2026-01-07T13:00:00Z,LUNAUSDT,0.0000125,0.092,0.092
2026-01-07T14:00:00Z,LUNAUSDT,0.0000125,0.092,0.092
2026-01-07T15:00:00Z,LUNAUSDT,0.0000125,0.092,0.092
2026-01-07T16:00:00Z,LUNAUSDT,-0.000022029948134935,0.0919,0.0919
2026-01-07T17:00:00Z,LUNAUSDT,0.0000125,0.0919,0.0919
2026-01-07T18:00:00Z,LUNAUSDT,0.0000125,0.0919,0.0919
2026-01-07T19:00:00Z,LUNAUSDT,0.0000125,0.0919,0.0919
2026-01-07T20:00:00Z,LUNAUSDT,0.0000125,0.0918,0.0918
2026-01-07T21:00:00Z,LUNAUSDT,0.0000125,0.0914,0.0914
2026-01-07T22:00:00Z,LUNAUSDT,0.0000125,0.0914,0.0914
2026-01-07T23:00:00Z,LUNAUSDT,0.0000125,0.0914,0.0914
2026-01-08T00:00:00Z,LUNAUSDT,0.0000125,0.0914,0.0914
2026-01-08T01:00:00Z,LUNAUSDT,0.0000125,0.0915,0.0915
2026-01-08T02:00:00Z,LUNAUSDT,0.0000125,0.0915,0.0915
2026-01-08T03:00:00Z,LUNAUSDT,0.0000125,0.0915,0.0915
2026-01-08T04:00:00Z,LUNAUSDT,0.0000125,0.0916,0.0916
2026-01-08T05:00:00Z,LUNAUSDT,0.0000125,0.0913,0.0913
2026-01-08T06:00:00Z,LUNAUSDT,0.0000125,0.0913,0.0913
2026-01-08T07:00:00Z,LUNAUSDT,0.0000125,0.0913,0.0913
2026-01-08T08:00:00Z,LUNAUSDT,0.0000125,0.0913,0.0913
2026-01-08T09:00:00Z,LUNAUSDT,0.0000125,0.0893,0.0893
2026-01-08T10:00:00Z,LUNAUSDT,0.0000125,0.0893,0.0893
2026-01-08T11:00:00Z,LUNAUSDT,0.0000125,0.0893,0.0893
2026-01-08T12:00:00Z,LUNAUSDT,0.0000125,0.0896,0.0896
2026-01-08T13:00:00Z,LUNAUSDT,0.0000125,0.0914,0.0914
2026-01-08T14:00:00Z,LUNAUSDT,0.0000125,0.0914,0.0914
2026-01-08T15:00:00Z,LUNAUSDT,0.0000125,0.0914,0.0914
2026-01-08T16:00:00Z,LUNAUSDT,0.0000125,0.0913,0.0913
2026-01-08T17:00:00Z,LUNAUSDT,0.0000125,0.0913,0.0913
2026-01-08T18:00:00Z,LUNAUSDT,0.0000125,0.0913,0.0913
2026-01-08T19:00:00Z,LUNAUSDT,0.0000125,0.0913,0.0913
2026-01-08T20:00:00Z,LUNAUSDT,0.0000125,0.0907,0.0907
2026-01-08T21:00:00Z,LUNAUSDT,0.0000125,0.0909,0.0909
2026-01-08T22:00:00Z,LUNAUSDT,0.0000125,0.0909,0.0909
2026-01-08T23:00:00Z,LUNAUSDT,0.0000125,0.0909,0.0909
2026-01-09T00:00:00Z,LUNAUSDT,0.0000125,0.0911,0.0911
2026-01-09T01:00:00Z,LUNAUSDT,0.0000125,0.0919,0.0919
2026-01-09T02:00:00Z,LUNAUSDT,0.0000125,0.0919,0.0919
2026-01-09T03:00:00Z,LUNAUSDT,0.0000125,0.0919,0.0919
2026-01-09T04:00:00Z,LUNAUSDT,0.0000125,0.0925,0.0925
2026-01-09T05:00:00Z,LUNAUSDT,0.0000125,0.0916,0.0916
2026-01-09T06:00:00Z,LUNAUSDT,0.0000125,0.0916,0.0916
2026-01-09T07:00:00Z,LUNAUSDT,0.0000125,0.0916,0.0916
2026-01-09T08:00:00Z,LUNAUSDT,0.0000125,0.0916,0.0916
2026-01-09T09:00:00Z,LUNAUSDT,0.0000125,0.0909,0.0909
2026-01-09T10:00:00Z,LUNAUSDT,0.0000125,0.0909,0.0909
2026-01-09T11:00:00Z,LUNAUSDT,0.0000125,0.0909,0.0909
2026-01-09T12:00:00Z,LUNAUSDT,0.0000125,0.0907,0.0907
2026-01-09T13:00:00Z,LUNAUSDT,0.0000125,0.0908,0.0908
2026-01-09T14:00:00Z,LUNAUSDT,0.0000125,0.0908,0.0908
2026-01-09T15:00:00Z,LUNAUSDT,0.0000125,0.0908,0.0908
2026-01-09T16:00:00Z,LUNAUSDT,0.0000125,0.0909,0.0909
2026-01-09T17:00:00Z,LUNAUSDT,0.0000125,0.0899,0.0899
2026-01-09T18:00:00Z,LUNAUSDT,0.0000125,0.0899,0.0899
2026-01-09T19:00:00Z,LUNAUSDT,0.0000125,0.0899,0.0899
2026-01-09T20:00:00Z,LUNAUSDT,0.0000125,0.0899,0.0899
2026-01-09T21:00:00Z,LUNAUSDT,0.0000125,0.0914,0.0914
2026-01-09T22:00:00Z,LUNAUSDT,0.0000125,0.0914,0.0914
2026-01-09T23:00:00Z,LUNAUSDT,0.0000125,0.0914,0.0914
2026-01-10T00:00:00Z,LUNAUSDT,0.0000125,0.0912,0.0912
2026-01-10T01:00:00Z,LUNAUSDT,0.0000125,0.0906,0.0906
2026-01-10T02:00:00Z,LUNAUSDT,0.0000125,0.0906,0.0906
2026-01-10T03:00:00Z,LUNAUSDT,0.0000125,0.0906,0.0906
2026-01-10T04:00:00Z,LUNAUSDT,0.0000125,0.0906,0.0906
2026-01-10T05:00:00Z,LUNAUSDT,0.0000125,0.0908,0.0908
2026-01-10T06:00:00Z,LUNAUSDT,0.0000125,0.0908,0.0908
2026-01-10T07:00:00Z,LUNAUSDT,0.0000125,0.0908,0.0908
2026-01-10T08:00:00Z,LUNAUSDT,0.0000125,0.0907,0.0907
2026-01-10T09:00:00Z,LUNAUSDT,0.0000125,0.0916,0.0916
2026-01-10T10:00:00Z,LUNAUSDT,0.000008874617296576,0.0916,0.0916
2026-01-10T11:00:00Z,LUNAUSDT,0.0000125,0.0916,0.0916
2026-01-10T12:00:00Z,LUNAUSDT,0.0000125,0.0919,0.0919
2026-01-10T13:00:00Z,LUNAUSDT,0.0000125,0.0911,0.0911
2026-01-10T14:00:00Z,LUNAUSDT,0.0000125,0.0911,0.0911
2026-01-10T15:00:00Z,LUNAUSDT,0.0000125,0.0911,0.0911
2026-01-10T16:00:00Z,LUNAUSDT,0.0000125,0.091,0.091
2026-01-10T17:00:00Z,LUNAUSDT,0.0000125,0.0911,0.0911
2026-01-10T18:00:00Z,LUNAUSDT,0.0000125,0.0911,0.0911
2026-01-10T19:00:00Z,LUNAUSDT,0.0000125,0.0911,0.0911
2026-01-10T20:00:00Z,LUNAUSDT,0.0000125,0.0911,0.0911
2026-01-10T21:00:00Z,LUNAUSDT,0.0000125,0.0905,0.0905
2026-01-10T22:00:00Z,LUNAUSDT,0.0000125,0.0905,0.0905
2026-01-10T23:00:00Z,LUNAUSDT,0.0000125,0.0905,0.0905
2026-01-11T00:00:00Z,LUNAUSDT,0.0000125,0.0906,0.0906
2026-01-11T01:00:00Z,LUNAUSDT,0.0000125,0.0904,0.0904
2026-01-11T02:00:00Z,LUNAUSDT,0.000006337960640254,0.0904,0.0904
2026-01-11T03:00:00Z,LUNAUSDT,0.0000125,0.0904,0.0904
2026-01-11T04:00:00Z,LUNAUSDT,0.0000125,0.0903,0.0903
2026-01-11T05:00:00Z,LUNAUSDT,0.0000125,0.0901,0.0901
2026-01-11T06:00:00Z,LUNAUSDT,0.0000125,0.0901,0.0901
2026-01-11T07:00:00Z,LUNAUSDT,0.0000125,0.0901,0.0901
2026-01-11T08:00:00Z,LUNAUSDT,0.0000125,0.0902,0.0902
2026-01-11T09:00:00Z,LUNAUSDT,0.0000125,0.0905,0.0905
2026-01-11T10:00:00Z,LUNAUSDT,0.0000125,0.0905,0.0905
2026-01-11T11:00:00Z,LUNAUSDT,0.0000125,0.0905,0.0905
2026-01-11T12:00:00Z,LUNAUSDT,0.0000125,0.0903,0.0903
2026-01-11T13:00:00Z,LUNAUSDT,0.0000125,0.0899,0.0899
2026-01-11T14:00:00Z,LUNAUSDT,0.0000125,0.0899,0.0899
2026-01-11T15:00:00Z,LUNAUSDT,0.0000125,0.0899,0.0899
2026-01-11T16:00:00Z,LUNAUSDT,0.0000125,0.0899,0.0899
2026-01-11T17:00:00Z,LUNAUSDT,0.0000125,0.0901,0.0901
2026-01-11T18:00:00Z,LUNAUSDT,0.0000125,0.0901,0.0901
2026-01-11T19:00:00Z,LUNAUSDT,0.0000125,0.0901,0.0901
2026-01-11T20:00:00Z,LUNAUSDT,0.0000125,0.0897,0.0897
2026-01-11T21:00:00Z,LUNAUSDT,0.0000125,0.088,0.088
2026-01-11T22:00:00Z,LUNAUSDT,0.0000125,0.088,0.088
2026-01-11T23:00:00Z,LUNAUSDT,0.0000125,0.088,0.088
2026-01-12T00:00:00Z,LUNAUSDT,0.0000125,0.0879,0.0879
2026-01-12T01:00:00Z,LUNAUSDT,0.0000125,0.0893,0.0893
2026-01-12T02:00:00Z,LUNAUSDT,0.0000125,0.0893,0.0893
2026-01-12T03:00:00Z,LUNAUSDT,0.0000125,0.0893,0.0893
2026-01-12T04:00:00Z,LUNAUSDT,0.0000125,0.0889,0.0889
2026-01-12T05:00:00Z,LUNAUSDT,0.0000125,0.0889,0.0889
2026-01-12T06:00:00Z,LUNAUSDT,0.0000125,0.0889,0.0889
2026-01-12T07:00:00Z,LUNAUSDT,0.0000125,0.0889,0.0889
2026-01-12T08:00:00Z,LUNAUSDT,0.0000125,0.0882,0.0882
2026-01-12T09:00:00Z,LUNAUSDT,0.0000125,0.088,0.088
2026-01-12T10:00:00Z,LUNAUSDT,0.0000125,0.088,0.088
2026-01-12T11:00:00Z,LUNAUSDT,0.0000125,0.088,0.088
2026-01-12T12:00:00Z,LUNAUSDT,0.0000125,0.0879,0.0879
2026-01-12T13:00:00Z,LUNAUSDT,0.0000125,0.0883,0.0883
2026-01-12T14:00:00Z,LUNAUSDT,0.0000125,0.0883,0.0883
2026-01-12T15:00:00Z,LUNAUSDT,0.0000125,0.0883,0.0883
2026-01-12T16:00:00Z,LUNAUSDT,0.0000125,0.0884,0.0884
2026-01-12T17:00:00Z,LUNAUSDT,0.0000125,0.0876,0.0876
2026-01-12T18:00:00Z,LUNAUSDT,0.0000125,0.0876,0.0876
2026-01-12T19:00:00Z,LUNAUSDT,0.0000125,0.0876,0.0876
2026-01-12T20:00:00Z,LUNAUSDT,0.0000125,0.0876,0.0876
2026-01-12T21:00:00Z,LUNAUSDT,0.0000125,0.087,0.087
2026-01-12T22:00:00Z,LUNAUSDT,0.0000125,0.087,0.087
2026-01-12T23:00:00Z,LUNAUSDT,0.0000125,0.087,0.087
2026-01-13T00:00:00Z,LUNAUSDT,0.0000125,0.0872,0.0872
2026-01-13T01:00:00Z,LUNAUSDT,0.0000125,0.0879,0.0879
2026-01-13T02:00:00Z,LUNAUSDT,0.0000125,0.0879,0.0879
2026-01-13T03:00:00Z,LUNAUSDT,0.0000125,0.0879,0.0879
2026-01-13T04:00:00Z,LUNAUSDT,0.0000125,0.088,0.088
2026-01-13T05:00:00Z,LUNAUSDT,0.0000125,0.0884,0.0884
2026-01-13T06:00:00Z,LUNAUSDT,0.0000125,0.0884,0.0884
2026-01-13T07:00:00Z,LUNAUSDT,0.0000125,0.0884,0.0884
2026-01-13T08:00:00Z,LUNAUSDT,0.0000125,0.0885,0.0885
2026-01-13T09:00:00Z,LUNAUSDT,0.0000125,0.0888,0.0888
2026-01-13T10:00:00Z,LUNAUSDT,0.0000125,0.0888,0.0888
2026-01-13T11:00:00Z,LUNAUSDT,0.0000125,0.0888,0.0888
2026-01-13T12:00:00Z,LUNAUSDT,0.0000125,0.089,0.089
2026-01-13T13:00:00Z,LUNAUSDT,0.0000125,0.0887,0.0887
2026-01-13T14:00:00Z,LUNAUSDT,0.0000125,0.0887,0.0887
2026-01-13T15:00:00Z,LUNAUSDT,0.0000125,0.0887,0.0887
2026-01-13T16:00:00Z,LUNAUSDT,0.0000125,0.0892,0.0892
2026-01-13T17:00:00Z,LUNAUSDT,0.0000125,0.0901,0.0901
2026-01-13T18:00:00Z,LUNAUSDT,0.0000125,0.0901,0.0901
2026-01-13T19:00:00Z,LUNAUSDT,0.0000125,0.0901,0.0901
2026-01-13T20:00:00Z,LUNAUSDT,0.0000125,0.09,0.09
2026-01-13T21:00:00Z,LUNAUSDT,0.0000125,0.0909,0.0909
2026-01-13T22:00:00Z,LUNAUSDT,0.0000125,0.0909,0.0909
2026-01-13T23:00:00Z,LUNAUSDT,0.0000125,0.0909,0.0909
2026-01-14T00:00:00Z,LUNAUSDT,0.0000125,0.0913,0.0913
2026-01-14T01:00:00Z,LUNAUSDT,0.0000125,0.0919,0.0919
2026-01-14T02:00:00Z,LUNAUSDT,0.0000125,0.0919,0.0919
2026-01-14T03:00:00Z,LUNAUSDT,0.0000125,0.0919,0.0919
2026-01-14T04:00:00Z,LUNAUSDT,0.0000125,0.0922,0.0922
2026-01-14T05:00:00Z,LUNAUSDT,0.0000125,0.0929,0.0929
2026-01-14T06:00:00Z,LUNAUSDT,0.0000125,0.0929,0.0929
2026-01-14T07:00:00Z,LUNAUSDT,0.0000125,0.0929,0.0929
2026-01-14T08:00:00Z,LUNAUSDT,0.0000125,0.0927,0.0927
2026-01-14T09:00:00Z,LUNAUSDT,0.0000125,0.0912,0.0912
2026-01-14T10:00:00Z,LUNAUSDT,0.0000125,0.0912,0.0912
2026-01-14T11:00:00Z,LUNAUSDT,0.0000125,0.0912,0.0912
2026-01-14T12:00:00Z,LUNAUSDT,0.0000125,0.0912,0.0912
2026-01-14T13:00:00Z,LUNAUSDT,0.0000125,0.0921,0.0921
2026-01-14T14:00:00Z,LUNAUSDT,0.0000125,0.0921,0.0921
2026-01-14T15:00:00Z,LUNAUSDT,0.0000125,0.0921,0.0921
2026-01-14T16:00:00Z,LUNAUSDT,0.0000125,0.0925,0.0925
2026-01-14T17:00:00Z,LUNAUSDT,0.0000125,0.0915,0.0915
2026-01-14T18:00:00Z,LUNAUSDT,0.0000125,0.0915,0.0915
2026-01-14T19:00:00Z,LUNAUSDT,0.0000125,0.0915,0.0915
2026-01-14T20:00:00Z,LUNAUSDT,0.0000125,0.0914,0.0914
2026-01-14T21:00:00Z,LUNAUSDT,0.0000125,0.0907,0.0907
2026-01-14T22:00:00Z,LUNAUSDT,0.0000125,0.0907,0.0907
2026-01-14T23:00:00Z,LUNAUSDT,0.0000125,0.0907,0.0907
2026-01-15T00:00:00Z,LUNAUSDT,0.0000125,0.091,0.091
2026-01-15T01:00:00Z,LUNAUSDT,0.0000125,0.0891,0.0891
2026-01-15T02:00:00Z,LUNAUSDT,0.0000125,0.0891,0.0891
2026-01-15T03:00:00Z,LUNAUSDT,0.0000125,0.0891,0.0891
2026-01-15T04:00:00Z,LUNAUSDT,0.0000125,0.0888,0.0888
2026-01-15T05:00:00Z,LUNAUSDT,0.0000125,0.0902,0.0902
2026-01-15T06:00:00Z,LUNAUSDT,0.0000125,0.0902,0.0902
2026-01-15T07:00:00Z,LUNAUSDT,0.0000125,0.0902,0.0902
2026-01-15T08:00:00Z,LUNAUSDT,0.0000125,0.09,0.09
2026-01-15T09:00:00Z,LUNAUSDT,0.0000125,0.0897,0.0897
2026-01-15T10:00:00Z,LUNAUSDT,0.0000125,0.0897,0.0897
2026-01-15T11:00:00Z,LUNAUSDT,0.0000125,0.0897,0.0897
2026-01-15T12:00:00Z,LUNAUSDT,0.0000125,0.0896,0.0896
2026-01-15T13:00:00Z,LUNAUSDT,0.0000125,0.0878,0.0878
2026-01-15T14:00:00Z,LUNAUSDT,0.0000125,0.0878,0.0878
2026-01-15T15:00:00Z,LUNAUSDT,0.0000125,0.0878,0.0878
2026-01-15T16:00:00Z,LUNAUSDT,0.0000125,0.0882,0.0882
2026-01-15T17:00:00Z,LUNAUSDT,0.0000125,0.0865,0.0865
2026-01-15T18:00:00Z,LUNAUSDT,0.0000125,0.0865,0.0865
2026-01-15T19:00:00Z,LUNAUSDT,0.0000125,0.0865,0.0865
2026-01-15T20:00:00Z,LUNAUSDT,0.0000125,0.0872,0.0872
2026-01-15T21:00:00Z,LUNAUSDT,0.0000125,0.0877,0.0877
2026-01-15T22:00:00Z,LUNAUSDT,0.0000125,0.0877,0.0877
2026-01-15T23:00:00Z,LUNAUSDT,0.0000125,0.0877,0.0877
2026-01-16T00:00:00Z,LUNAUSDT,0.0000125,0.0876,0.0876
2026-01-16T01:00:00Z,LUNAUSDT,0.0000125,0.0875,0.0875
2026-01-16T02:00:00Z,LUNAUSDT,0.0000125,0.0875,0.0875
2026-01-16T03:00:00Z,LUNAUSDT,0.0000125,0.0875,0.0875
2026-01-16T04:00:00Z,LUNAUSDT,0.0000125,0.0874,0.0874
2026-01-16T05:00:00Z,LUNAUSDT,0.0000125,0.0882,0.0882
2026-01-16T06:00:00Z,LUNAUSDT,0.0000125,0.0882,0.0882
2026-01-16T07:00:00Z,LUNAUSDT,0.0000125,0.0882,0.0882
2026-01-16T08:00:00Z,LUNAUSDT,0.0000125,0.0883,0.0883
2026-01-16T09:00:00Z,LUNAUSDT,0.0000125,0.0888,0.0888
2026-01-16T10:00:00Z,LUNAUSDT,0.0000125,0.0888,0.0888
2026-01-16T11:00:00Z,LUNAUSDT,0.0000125,0.0888,0.0888
2026-01-16T12:00:00Z,LUNAUSDT,0.0000125,0.089,0.089
2026-01-16T13:00:00Z,LUNAUSDT,0.0000125,0.0868,0.0868
2026-01-16T14:00:00Z,LUNAUSDT,0.0000125,0.0868,0.0868
2026-01-16T15:00:00Z,LUNAUSDT,0.0000125,0.0868,0.0868
2026-01-16T16:00:00Z,LUNAUSDT,0.0000125,0.0874,0.0874
2026-01-16T17:00:00Z,LUNAUSDT,0.0000125,0.0916,0.0916
2026-01-16T18:00:00Z,LUNAUSDT,0.0000125,0.0916,0.0916
2026-01-16T19:00:00Z,LUNAUSDT,0.0000125,0.0916,0.0916
2026-01-16T20:00:00Z,LUNAUSDT,0.0000125,0.0917,0.0917
2026-01-16T21:00:00Z,LUNAUSDT,0.0000125,0.0904,0.0904
2026-01-16T22:00:00Z,LUNAUSDT,0.0000125,0.0904,0.0904
2026-01-16T23:00:00Z,LUNAUSDT,0.0000125,0.0904,0.0904
2026-01-17T00:00:00Z,LUNAUSDT,0.0000125,0.0902,0.0902
2026-01-17T01:00:00Z,LUNAUSDT,0.0000125,0.089,0.089
2026-01-17T02:00:00Z,LUNAUSDT,0.0000125,0.089,0.089
2026-01-17T03:00:00Z,LUNAUSDT,0.0000125,0.089,0.089
2026-01-17T04:00:00Z,LUNAUSDT,0.0000125,0.089,0.089
2026-01-17T05:00:00Z,LUNAUSDT,0.0000125,0.0891,0.0891
2026-01-17T06:00:00Z,LUNAUSDT,0.0000125,0.0891,0.0891
2026-01-17T07:00:00Z,LUNAUSDT,0.0000125,0.0891,0.0891
2026-01-17T08:00:00Z,LUNAUSDT,0.0000125,0.0892,0.0892
2026-01-17T09:00:00Z,LUNAUSDT,0.0000125,0.0894,0.0894
2026-01-17T10:00:00Z,LUNAUSDT,0.0000125,0.0894,0.0894
2026-01-17T11:00:00Z,LUNAUSDT,0.0000125,0.0894,0.0894
2026-01-17T12:00:00Z,LUNAUSDT,0.0000125,0.0894,0.0894
2026-01-17T13:00:00Z,LUNAUSDT,0.0000125,0.0908,0.0908
2026-01-17T14:00:00Z,LUNAUSDT,0.0000125,0.0908,0.0908
2026-01-17T15:00:00Z,LUNAUSDT,0.0000125,0.0908,0.0908
2026-01-17T16:00:00Z,LUNAUSDT,0.0000125,0.0907,0.0907
2026-01-17T17:00:00Z,LUNAUSDT,0.0000125,0.0901,0.0901
2026-01-17T18:00:00Z,LUNAUSDT,0.0000125,0.0901,0.0901
2026-01-17T19:00:00Z,LUNAUSDT,0.0000125,0.0901,0.0901
2026-01-17T20:00:00Z,LUNAUSDT,0.0000125,0.0901,0.0901
2026-01-17T21:00:00Z,LUNAUSDT,0.0000125,0.0892,0.0892
2026-01-17T22:00:00Z,LUNAUSDT,0.0000125,0.0892,0.0892
2026-01-17T23:00:00Z,LUNAUSDT,0.0000125,0.0892,0.0892
2026-01-18T00:00:00Z,LUNAUSDT,0.0000125,0.0891,0.0891
2026-01-18T01:00:00Z,LUNAUSDT,0.0000125,0.0885,0.0885
2026-01-18T02:00:00Z,LUNAUSDT,0.0000125,0.0885,0.0885
2026-01-18T03:00:00Z,LUNAUSDT,0.0000125,0.0885,0.0885
2026-01-18T04:00:00Z,LUNAUSDT,0.0000125,0.0884,0.0884
2026-01-18T05:00:00Z,LUNAUSDT,0.0000125,0.0881,0.0881
2026-01-18T06:00:00Z,LUNAUSDT,0.0000125,0.0881,0.0881
2026-01-18T07:00:00Z,LUNAUSDT,0.0000125,0.0881,0.0881
2026-01-18T08:00:00Z,LUNAUSDT,0.0000125,0.0883,0.0883
2026-01-18T09:00:00Z,LUNAUSDT,0.0000125,0.0879,0.0879
2026-01-18T10:00:00Z,LUNAUSDT,0.0000125,0.0879,0.0879
2026-01-18T11:00:00Z,LUNAUSDT,0.0000125,0.0879,0.0879
2026-01-18T12:00:00Z,LUNAUSDT,0.0000125,0.0879,0.0879
2026-01-18T13:00:00Z,LUNAUSDT,0.0000125,0.0876,0.0876
2026-01-18T14:00:00Z,LUNAUSDT,0.0000125,0.0876,0.0876
2026-01-18T15:00:00Z,LUNAUSDT,0.0000125,0.0876,0.0876
2026-01-18T16:00:00Z,LUNAUSDT,0.0000125,0.0875,0.0875
2026-01-18T17:00:00Z,LUNAUSDT,0.0000125,0.0874,0.0874
2026-01-18T18:00:00Z,LUNAUSDT,0.0000125,0.0874,0.0874
2026-01-18T19:00:00Z,LUNAUSDT,0.0000125,0.0874,0.0874
2026-01-18T20:00:00Z,LUNAUSDT,0.0000125,0.0873,0.0873
2026-01-18T21:00:00Z,LUNAUSDT,0.0000125,0.0849,0.0849
2026-01-18T22:00:00Z,LUNAUSDT,0.0000125,0.0849,0.0849
2026-01-18T23:00:00Z,LUNAUSDT,0.0000125,0.0849,0.0849
2026-01-19T00:00:00Z,LUNAUSDT,0.0000125,0.0848,0.0848
2026-01-19T01:00:00Z,LUNAUSDT,0.0000125,0.08,0.08
2026-01-19T02:00:00Z,LUNAUSDT,0.0000125,0.08,0.08
2026-01-19T03:00:00Z,LUNAUSDT,0.0000125,0.08,0.08
2026-01-19T04:00:00Z,LUNAUSDT,0.0000125,0.0797,0.0797
2026-01-19T05:00:00Z,LUNAUSDT,0.0000125,0.0795,0.0795
2026-01-19T06:00:00Z,LUNAUSDT,0.0000125,0.0795,0.0795
2026-01-19T07:00:00Z,LUNAUSDT,0.0000125,0.0795,0.0795
2026-01-19T08:00:00Z,LUNAUSDT,0.0000125,0.0795,0.0795
2026-01-19T09:00:00Z,LUNAUSDT,0.0000125,0.08,0.08
2026-01-19T10:00:00Z,LUNAUSDT,0.0000125,0.08,0.08
2026-01-19T11:00:00Z,LUNAUSDT,0.0000125,0.08,0.08
2026-01-19T12:00:00Z,LUNAUSDT,0.0000125,0.0798,0.0798
2026-01-19T13:00:00Z,LUNAUSDT,0.0000125,0.0823,0.0823
2026-01-19T14:00:00Z,LUNAUSDT,0.0000125,0.0823,0.0823
2026-01-19T15:00:00Z,LUNAUSDT,0.0000125,0.0823,0.0823
2026-01-19T16:00:00Z,LUNAUSDT,0.0000125,0.0822,0.0822
2026-01-19T17:00:00Z,LUNAUSDT,0.0000125,0.0824,0.0824
2026-01-19T18:00:00Z,LUNAUSDT,0.0000125,0.0824,0.0824
2026-01-19T19:00:00Z,LUNAUSDT,0.0000125,0.0824,0.0824
2026-01-19T20:00:00Z,LUNAUSDT,0.0000125,0.0824,0.0824
2026-01-19T21:00:00Z,LUNAUSDT,0.0000125,0.0811,0.0811
2026-01-19T22:00:00Z,LUNAUSDT,0.0000125,0.0811,0.0811
2026-01-19T23:00:00Z,LUNAUSDT,0.0000125,0.0811,0.0811
2026-01-20T00:00:00Z,LUNAUSDT,0.0000125,0.0811,0.0811
2026-01-20T01:00:00Z,LUNAUSDT,0.0000125,0.0813,0.0813
2026-01-20T02:00:00Z,LUNAUSDT,0.0000125,0.0813,0.0813
2026-01-20T03:00:00Z,LUNAUSDT,0.0000125,0.0813,0.0813
2026-01-20T04:00:00Z,LUNAUSDT,0.0000125,0.0812,0.0812
2026-01-20T05:00:00Z,LUNAUSDT,0.0000125,0.08,0.08
2026-01-20T06:00:00Z,LUNAUSDT,0.0000125,0.08,0.08
2026-01-20T07:00:00Z,LUNAUSDT,0.0000125,0.08,0.08
2026-01-20T08:00:00Z,LUNAUSDT,0.0000125,0.0799,0.0799
2026-01-20T09:00:00Z,LUNAUSDT,0.0000125,0.0795,0.0795
2026-01-20T10:00:00Z,LUNAUSDT,0.0000125,0.0795,0.0795
2026-01-20T11:00:00Z,LUNAUSDT,0.0000125,0.0795,0.0795
2026-01-20T12:00:00Z,LUNAUSDT,0.0000125,0.0802,0.0802
2026-01-20T13:00:00Z,LUNAUSDT,0.0000125,0.0795,0.0795
2026-01-20T14:00:00Z,LUNAUSDT,0.0000125,0.0795,0.0795
2026-01-20T15:00:00Z,LUNAUSDT,0.0000125,0.0795,0.0795
2026-01-20T16:00:00Z,LUNAUSDT,0.0000125,0.0793,0.0793
2026-01-20T17:00:00Z,LUNAUSDT,0.0000125,0.0785,0.0785
2026-01-20T18:00:00Z,LUNAUSDT,0.0000125,0.0785,0.0785
2026-01-20T19:00:00Z,LUNAUSDT,0.0000125,0.0785,0.0785
2026-01-20T20:00:00Z,LUNAUSDT,0.0000125,0.0785,0.0785
2026-01-20T21:00:00Z,LUNAUSDT,0.0000125,0.0784,0.0784
2026-01-20T22:00:00Z,LUNAUSDT,0.0000125,0.0784,0.0784
2026-01-20T23:00:00Z,LUNAUSDT,0.0000125,0.0784,0.0784
2026-01-21T00:00:00Z,LUNAUSDT,0.0000125,0.0784,0.0784
2026-01-21T01:00:00Z,LUNAUSDT,0.0000125,0.0808,0.0808
2026-01-21T02:00:00Z,LUNAUSDT,0.0000125,0.0808,0.0808
2026-01-21T03:00:00Z,LUNAUSDT,0.0000125,0.0808,0.0808
2026-01-21T04:00:00Z,LUNAUSDT,0.0000125,0.0801,0.0801
2026-01-21T05:00:00Z,LUNAUSDT,0.0000125,0.0808,0.0808
2026-01-21T06:00:00Z,LUNAUSDT,0.0000125,0.0808,0.0808
2026-01-21T07:00:00Z,LUNAUSDT,0.0000125,0.0808,0.0808
2026-01-21T08:00:00Z,LUNAUSDT,0.0000125,0.0807,0.0807
2026-01-21T09:00:00Z,LUNAUSDT,0.0000125,0.0797,0.0797
2026-01-21T10:00:00Z,LUNAUSDT,0.0000125,0.0797,0.0797
2026-01-21T11:00:00Z,LUNAUSDT,0.0000125,0.0797,0.0797
2026-01-21T12:00:00Z,LUNAUSDT,0.0000125,0.079,0.079
2026-01-21T13:00:00Z,LUNAUSDT,0.0000125,0.0808,0.0808
2026-01-21T14:00:00Z,LUNAUSDT,0.0000125,0.0808,0.0808
2026-01-21T15:00:00Z,LUNAUSDT,0.0000125,0.0808,0.0808
2026-01-21T16:00:00Z,LUNAUSDT,0.0000125,0.0808,0.0808
2026-01-21T17:00:00Z,LUNAUSDT,0.0000125,0.0816,0.0816
2026-01-21T18:00:00Z,LUNAUSDT,0.0000125,0.0816,0.0816
2026-01-21T19:00:00Z,LUNAUSDT,0.0000125,0.0816,0.0816
2026-01-21T20:00:00Z,LUNAUSDT,0.0000125,0.081,0.081
2026-01-21T21:00:00Z,LUNAUSDT,0.0000125,0.0808,0.0808
2026-01-21T22:00:00Z,LUNAUSDT,0.0000125,0.0808,0.0808
2026-01-21T23:00:00Z,LUNAUSDT,0.0000125,0.0808,0.0808
2026-01-22T00:00:00Z,LUNAUSDT,0.0000125,0.0808,0.0808
2026-01-22T01:00:00Z,LUNAUSDT,0.0000125,0.0816,0.0816
2026-01-22T02:00:00Z,LUNAUSDT,0.0000125,0.0816,0.0816
2026-01-22T03:00:00Z,LUNAUSDT,0.0000125,0.0816,0.0816
2026-01-22T04:00:00Z,LUNAUSDT,0.0000125,0.0816,0.0816
2026-01-22T05:00:00Z,LUNAUSDT,0.0000125,0.0807,0.0807
2026-01-22T06:00:00Z,LUNAUSDT,0.0000125,0.0807,0.0807
2026-01-22T07:00:00Z,LUNAUSDT,0.0000125,0.0807,0.0807
2026-01-22T08:00:00Z,LUNAUSDT,0.0000125,0.0808,0.0808
2026-01-22T09:00:00Z,LUNAUSDT,0.0000125,0.0806,0.0806
2026-01-22T10:00:00Z,LUNAUSDT,0.0000125,0.0806,0.0806
2026-01-22T11:00:00Z,LUNAUSDT,0.0000125,0.0806,0.0806
2026-01-22T12:00:00Z,LUNAUSDT,0.0000125,0.0803,0.0803
2026-01-22T16:00:00Z,LUNAUSDT,0.00005,0.0795,0.0795
2026-01-22T20:00:00Z,LUNAUSDT,0.00005,0.0792,0.0792
2026-01-23T00:00:00Z,LUNAUSDT,0.00005,0.0798,0.0798
2026-01-23T04:00:00Z,LUNAUSDT,0.00005,0.0798,0.0798
2026-01-23T08:00:00Z,LUNAUSDT,0.00005,0.0792,0.0792
2026-01-23T12:00:00Z,LUNAUSDT,0.00005,0.0796,0.0796
2026-01-23T16:00:00Z,LUNAUSDT,0.00005,0.0795,0.0795
2026-01-23T20:00:00Z,LUNAUSDT,0.00005,0.0789,0.0789
2026-01-24T00:00:00Z,LUNAUSDT,0.00005,0.0792,0.0792
2026-01-24T04:00:00Z,LUNAUSDT,0.00005,0.0799,0.0799
2026-01-24T08:00:00Z,LUNAUSDT,0.00005,0.0799,0.0799
2026-01-24T12:00:00Z,LUNAUSDT,0.00005,0.0802,0.0802
2026-01-24T16:00:00Z,LUNAUSDT,0.00005,0.0806,0.0806
2026-01-24T20:00:00Z,LUNAUSDT,0.00005,0.0803,0.0803
2026-01-25T00:00:00Z,LUNAUSDT,0.00005,0.0805,0.0805
2026-01-25T04:00:00Z,LUNAUSDT,0.00005,0.0792,0.0792
2026-01-25T08:00:00Z,LUNAUSDT,0.00005,0.0792,0.0792
2026-01-25T12:00:00Z,LUNAUSDT,0.00005,0.0784,0.0784
2026-01-25T16:00:00Z,LUNAUSDT,0.00005,0.0778,0.0778
2026-01-25T20:00:00Z,LUNAUSDT,0.00005,0.0736,0.0736
2026-01-26T00:00:00Z,LUNAUSDT,0.00005,0.0755,0.0755
2026-01-26T04:00:00Z,LUNAUSDT,0.00005,0.0767,0.0767
2026-01-26T08:00:00Z,LUNAUSDT,0.00005,0.0771,0.0771
2026-01-26T12:00:00Z,LUNAUSDT,0.00005,0.0786,0.0786
2026-01-26T16:00:00Z,LUNAUSDT,0.00005,0.0811,0.0811
2026-01-26T20:00:00Z,LUNAUSDT,0.00005,0.0787,0.0787
2026-01-27T00:00:00Z,LUNAUSDT,0.00005,0.0793,0.0793
2026-01-27T04:00:00Z,LUNAUSDT,0.00005,0.0793,0.0793
2026-01-27T08:00:00Z,LUNAUSDT,0.00005,0.0794,0.0794
2026-01-27T12:00:00Z,LUNAUSDT,0.00005,0.0784,0.0784
2026-01-27T16:00:00Z,LUNAUSDT,0.00005,0.0787,0.0787
2026-01-27T20:00:00Z,LUNAUSDT,0.00005,0.079,0.079
2026-01-28T00:00:00Z,LUNAUSDT,0.00005,0.0792,0.0792
2026-01-28T04:00:00Z,LUNAUSDT,0.00005,0.0783,0.0783
2026-01-28T08:00:00Z,LUNAUSDT,0.00005,0.0788,0.0788
2026-01-28T12:00:00Z,LUNAUSDT,0.00005,0.079,0.079
2026-01-28T16:00:00Z,LUNAUSDT,0.00005,0.0777,0.0777
2026-01-28T20:00:00Z,LUNAUSDT,0.00005,0.0788,0.0788
2026-01-29T00:00:00Z,LUNAUSDT,0.00005,0.0789,0.0789
2026-01-29T04:00:00Z,LUNAUSDT,0.00005,0.0776,0.0776
2026-01-29T08:00:00Z,LUNAUSDT,0.00005,0.0775,0.0775
2026-01-29T12:00:00Z,LUNAUSDT,0.00005,0.0765,0.0765
2026-01-29T16:00:00Z,LUNAUSDT,0.00005,0.0738,0.0738
2026-01-29T20:00:00Z,LUNAUSDT,0.00005,0.0734,0.0734
2026-01-30T00:00:00Z,LUNAUSDT,0.00005,0.0747,0.0747
2026-01-30T04:00:00Z,LUNAUSDT,0.00005,0.073,0.073
2026-01-30T08:00:00Z,LUNAUSDT,0.00005,0.0735,0.0735
2026-01-30T12:00:00Z,LUNAUSDT,0.00005,0.0732,0.0732
2026-01-30T16:00:00Z,LUNAUSDT,0.00005,0.0743,0.0743
2026-01-30T20:00:00Z,LUNAUSDT,0.00005,0.0759,0.0759
2026-01-31T00:00:00Z,LUNAUSDT,0.00005,0.0766,0.0766
2026-01-31T04:00:00Z,LUNAUSDT,0.00005,0.0753,0.0753
2026-01-31T08:00:00Z,LUNAUSDT,0.00005,0.0742,0.0742
2026-01-31T12:00:00Z,LUNAUSDT,0.00005,0.0724,0.0724
2026-01-31T16:00:00Z,LUNAUSDT,0.00005,0.0678,0.0678
2026-01-31T20:00:00Z,LUNAUSDT,0.00005,0.0647,0.0647
2026-02-01T00:00:00Z,LUNAUSDT,0.00005,0.0666,0.0666
2026-02-01T04:00:00Z,LUNAUSDT,0.00005,0.0681,0.0681
2026-02-01T08:00:00Z,LUNAUSDT,0.00005,0.0676,0.0676
2026-02-01T12:00:00Z,LUNAUSDT,0.00005,0.0684,0.0684
2026-02-01T16:00:00Z,LUNAUSDT,0.00005,0.0692,0.0692
2026-02-01T20:00:00Z,LUNAUSDT,0.00005,0.0675,0.0675
2026-02-02T00:00:00Z,LUNAUSDT,0.00005,0.0663,0.0663
2026-02-02T04:00:00Z,LUNAUSDT,0.00005,0.0661,0.0661
2026-02-02T08:00:00Z,LUNAUSDT,0.00005,0.0655,0.0655
2026-02-02T12:00:00Z,LUNAUSDT,0.00005,0.0663,0.0663
2026-02-02T16:00:00Z,LUNAUSDT,0.00005,0.0681,0.0681
2026-02-02T20:00:00Z,LUNAUSDT,0.00005,0.0678,0.0678
2026-02-03T00:00:00Z,LUNAUSDT,0.00005,0.0679,0.0679
2026-02-03T04:00:00Z,LUNAUSDT,0.00005,0.0676,0.0676
2026-02-03T08:00:00Z,LUNAUSDT,0.00005,0.0672,0.0672
2026-02-03T12:00:00Z,LUNAUSDT,0.00005,0.0668,0.0668
2026-02-03T16:00:00Z,LUNAUSDT,0.00005,0.0673,0.0673
2026-02-03T20:00:00Z,LUNAUSDT,0.00005,0.0653,0.0653
2026-02-04T00:00:00Z,LUNAUSDT,0.00005,0.0668,0.0668
2026-02-04T04:00:00Z,LUNAUSDT,0.00005,0.0675,0.0675
2026-02-04T08:00:00Z,LUNAUSDT,0.00005,0.0676,0.0676
2026-02-04T12:00:00Z,LUNAUSDT,0.00005,0.0671,0.0671
2026-02-04T16:00:00Z,LUNAUSDT,0.00005,0.0647,0.0647
2026-02-04T20:00:00Z,LUNAUSDT,0.00005,0.0658,0.0658
2026-02-05T00:00:00Z,LUNAUSDT,0.00005,0.0661,0.0661
2026-02-05T04:00:00Z,LUNAUSDT,0.00005,0.0665,0.0665
2026-02-05T08:00:00Z,LUNAUSDT,0.00005,0.0655,0.0655
2026-02-05T12:00:00Z,LUNAUSDT,0.00005,0.0641,0.0641
2026-02-05T16:00:00Z,LUNAUSDT,0.00005,0.0615,0.0615
2026-02-05T20:00:00Z,LUNAUSDT,0.00005,0.0602,0.0602
2026-02-06T00:00:00Z,LUNAUSDT,0.001044580076436154,0.0584,0.0584
2026-02-06T04:00:00Z,LUNAUSDT,0.00005,0.0588,0.0588
2026-02-06T08:00:00Z,LUNAUSDT,0.00005,0.0599,0.0599
2026-02-06T12:00:00Z,LUNAUSDT,0.00005,0.0618,0.0618
2026-02-06T16:00:00Z,LUNAUSDT,0.00005,0.0635,0.0635
2026-02-06T20:00:00Z,LUNAUSDT,0.00005,0.064,0.064
2026-02-07T00:00:00Z,LUNAUSDT,0.000191098265137679,0.0644,0.0644
2026-02-07T04:00:00Z,LUNAUSDT,0.000194815757103746,0.0642,0.0642
2026-02-07T08:00:00Z,LUNAUSDT,0.000104604451296114,0.0625,0.0625
2026-02-07T12:00:00Z,LUNAUSDT,0.000272603690375413,0.0626,0.0626
2026-02-07T16:00:00Z,LUNAUSDT,0.000248902860585024,0.0636,0.0636
2026-02-07T20:00:00Z,LUNAUSDT,0.00005,0.0636,0.0636
2026-02-08T00:00:00Z,LUNAUSDT,0.00005,0.0643,0.0643
2026-02-08T04:00:00Z,LUNAUSDT,0.000368193170515179,0.0638,0.0638
2026-02-08T08:00:00Z,LUNAUSDT,0.00063870557183078,0.0635,0.0635
2026-02-08T12:00:00Z,LUNAUSDT,0.000307520622972647,0.0641,0.0641
2026-02-08T16:00:00Z,LUNAUSDT,0.000248435153898635,0.0633,0.0633
2026-02-08T20:00:00Z,LUNAUSDT,0.000189652803315751,0.0625,0.0625
2026-02-09T00:00:00Z,LUNAUSDT,0.00005,0.0626,0.0626
2026-02-09T04:00:00Z,LUNAUSDT,0.000097602552820667,0.0632,0.0632
2026-02-09T08:00:00Z,LUNAUSDT,0.000993768151274518,0.0623,0.0623
2026-02-09T12:00:00Z,LUNAUSDT,0.00005,0.061,0.061
2026-02-09T16:00:00Z,LUNAUSDT,0.00005,0.0615,0.0615
2026-02-09T20:00:00Z,LUNAUSDT,0.000168362405558295,0.0627,0.0627
2026-02-10T00:00:00Z,LUNAUSDT,0.000240688350251963,0.0623,0.0623
2026-02-10T04:00:00Z,LUNAUSDT,0.000109609792044613,0.0615,0.0615
2026-02-10T08:00:00Z,LUNAUSDT,0.00005,0.061,0.061
2026-02-10T12:00:00Z,LUNAUSDT,0.00005,0.0617,0.0617
2026-02-10T16:00:00Z,LUNAUSDT,0.00005,0.0614,0.0614
2026-02-10T20:00:00Z,LUNAUSDT,0.00005,0.061,0.061
2026-02-11T00:00:00Z,LUNAUSDT,0.00005,0.0611,0.0611
2026-02-11T04:00:00Z,LUNAUSDT,0.00005,0.0604,0.0604
2026-02-11T08:00:00Z,LUNAUSDT,0.00027226622927728,0.0586,0.0586
2026-02-11T12:00:00Z,LUNAUSDT,0.000187820519114691,0.059,0.059
2026-02-11T16:00:00Z,LUNAUSDT,0.000399488693495273,0.0592,0.0592
2026-02-11T20:00:00Z,LUNAUSDT,0.000384881375737325,0.06,0.06
2026-02-12T00:00:00Z,LUNAUSDT,0.000162044229715987,0.0609,0.0609
2026-02-12T04:00:00Z,LUNAUSDT,0.000230447544039754,0.0611,0.0611
2026-02-12T08:00:00Z,LUNAUSDT,0.000457623347463561,0.0611,0.0611
2026-02-12T12:00:00Z,LUNAUSDT,0.000191298455454947,0.0614,0.0614
2026-02-12T16:00:00Z,LUNAUSDT,0.00005,0.0602,0.0602
2026-02-12T20:00:00Z,LUNAUSDT,0.00005,0.0595,0.0595
2026-02-13T00:00:00Z,LUNAUSDT,0.000217211660975756,0.0603,0.0603
2026-02-13T04:00:00Z,LUNAUSDT,0.000238031257651639,0.0594,0.0594
2026-02-13T08:00:00Z,LUNAUSDT,0.000082875489546798,0.0595,0.0595
2026-02-13T12:00:00Z,LUNAUSDT,0.000080841766661548,0.0606,0.0606
2026-02-13T16:00:00Z,LUNAUSDT,0.00005,0.062,0.062
2026-02-13T20:00:00Z,LUNAUSDT,0.00005,0.0634,0.0634
2026-02-14T00:00:00Z,LUNAUSDT,0.000117853905060029,0.0631,0.0631
2026-02-14T04:00:00Z,LUNAUSDT,0.000245565210798265,0.0633,0.0633
2026-02-14T08:00:00Z,LUNAUSDT,0.000669017302787542,0.0633,0.0633
2026-02-14T12:00:00Z,LUNAUSDT,0.000935105756254061,0.0641,0.0641
2026-02-14T16:00:00Z,LUNAUSDT,0.000988926227577768,0.0643,0.0643
2026-02-14T20:00:00Z,LUNAUSDT,0.000234140437353567,0.066,0.066
2026-02-15T00:00:00Z,LUNAUSDT,0.000319620719536276,0.0651,0.0651
2026-02-15T04:00:00Z,LUNAUSDT,0.001165818151226759,0.0648,0.0648
2026-02-15T08:00:00Z,LUNAUSDT,0.000575943115036041,0.0651,0.0651
2026-02-15T12:00:00Z,LUNAUSDT,0.00005,0.0653,0.0653
2026-02-15T16:00:00Z,LUNAUSDT,0.000133923503156179,0.0642,0.0642
2026-02-15T20:00:00Z,LUNAUSDT,-0.000070317662975652,0.0635,0.0635
2026-02-16T00:00:00Z,LUNAUSDT,-0.001866043066192573,0.0675,0.0675
2026-02-16T04:00:00Z,LUNAUSDT,-0.000617129199600204,0.0696,0.0696
2026-02-16T08:00:00Z,LUNAUSDT,-0.002118001362674076,0.0712,0.0712
2026-02-16T12:00:00Z,LUNAUSDT,-0.001007963867034732,0.0683,0.0683
2026-02-16T16:00:00Z,LUNAUSDT,-0.001944557756756946,0.0674,0.0674
2026-02-16T20:00:00Z,LUNAUSDT,-0.000161721364005566,0.0659,0.0659
2026-02-17T00:00:00Z,LUNAUSDT,-0.000337739511291025,0.0666,0.0666
2026-02-17T04:00:00Z,LUNAUSDT,-0.000079885758843068,0.0654,0.0654
2026-02-17T08:00:00Z,LUNAUSDT,-0.000188533003166416,0.0661,0.0661
2026-02-17T12:00:00Z,LUNAUSDT,-0.000035249470339689,0.0653,0.0653
2026-02-17T16:00:00Z,LUNAUSDT,0.00005,0.0656,0.0656
2026-02-17T20:00:00Z,LUNAUSDT,-0.000116691965615467,0.0647,0.0647
2026-02-18T00:00:00Z,LUNAUSDT,-0.000191742916742371,0.0649,0.0649
2026-02-18T04:00:00Z,LUNAUSDT,0.00005,0.0646,0.0646
2026-02-18T08:00:00Z,LUNAUSDT,0.00005,0.0647,0.0647
2026-02-18T12:00:00Z,LUNAUSDT,0.00005,0.0649,0.0649
2026-02-18T16:00:00Z,LUNAUSDT,0.00005,0.065,0.065
2026-02-18T20:00:00Z,LUNAUSDT,-0.00053819896348177,0.0656,0.0656
2026-02-19T00:00:00Z,LUNAUSDT,-0.000221870778120669,0.068,0.068
2026-02-19T04:00:00Z,LUNAUSDT,0.00005,0.0676,0.0676
2026-02-19T08:00:00Z,LUNAUSDT,-0.000083398290618463,0.0658,0.0658
2026-02-19T12:00:00Z,LUNAUSDT,0.00005,0.0639,0.0639
2026-02-19T16:00:00Z,LUNAUSDT,0.00005,0.0634,0.0634
2026-02-19T20:00:00Z,LUNAUSDT,0.00005,0.064,0.064
2026-02-20T00:00:00Z,LUNAUSDT,-0.000468257809723518,0.0655,0.0655
2026-02-20T04:00:00Z,LUNAUSDT,-0.000226346901196806,0.0652,0.0652
2026-02-20T08:00:00Z,LUNAUSDT,0.00005,0.0646,0.0646
2026-02-20T12:00:00Z,LUNAUSDT,0.00005,0.0645,0.0645
2026-02-20T16:00:00Z,LUNAUSDT,0.00005,0.0648,0.0648
2026-02-20T20:00:00Z,LUNAUSDT,0.00005,0.0647,0.0647
2026-02-21T00:00:00Z,LUNAUSDT,0.00005,0.065,0.065
2026-02-21T04:00:00Z,LUNAUSDT,0.00005,0.0651,0.0651
2026-02-21T08:00:00Z,LUNAUSDT,0.00005,0.065,0.065
2026-02-21T12:00:00Z,LUNAUSDT,0.00005,0.0646,0.0646
2026-02-21T16:00:00Z,LUNAUSDT,0.00005,0.0647,0.0647
2026-02-21T20:00:00Z,LUNAUSDT,0.00005,0.0636,0.0636
2026-02-22T00:00:00Z,LUNAUSDT,0.00005,0.0636,0.0636
2026-02-22T04:00:00Z,LUNAUSDT,0.00005,0.0632,0.0632
2026-02-22T08:00:00Z,LUNAUSDT,0.00005,0.0628,0.0628
2026-02-22T12:00:00Z,LUNAUSDT,0.00005,0.0625,0.0625
2026-02-22T16:00:00Z,LUNAUSDT,0.00005,0.0619,0.0619
2026-02-22T20:00:00Z,LUNAUSDT,0.00005,0.0612,0.0612
2026-02-23T00:00:00Z,LUNAUSDT,0.00005,0.0611,0.0611
2026-02-23T04:00:00Z,LUNAUSDT,-0.000348066358871511,0.0593,0.0593
2026-02-23T08:00:00Z,LUNAUSDT,-0.000416233932542321,0.0601,0.0601
2026-02-23T12:00:00Z,LUNAUSDT,0.000022917678540861,0.0605,0.0605
2026-02-23T16:00:00Z,LUNAUSDT,0.000048229714966263,0.0597,0.0597
2026-02-23T20:00:00Z,LUNAUSDT,0.00005,0.0586,0.0586
2026-02-24T00:00:00Z,LUNAUSDT,0.00005,0.0593,0.0593
2026-02-24T04:00:00Z,LUNAUSDT,0.00005,0.0599,0.0599
2026-02-24T08:00:00Z,LUNAUSDT,-0.000254239135595451,0.0626,0.0626
2026-02-24T12:00:00Z,LUNAUSDT,0.000014208500856055,0.061,0.061
2026-02-24T16:00:00Z,LUNAUSDT,0.00005,0.0614,0.0614
2026-02-24T20:00:00Z,LUNAUSDT,0.00005,0.0607,0.0607
2026-02-25T00:00:00Z,LUNAUSDT,0.00005,0.0607,0.0607
2026-02-25T04:00:00Z,LUNAUSDT,0.00005,0.0614,0.0614
2026-02-25T08:00:00Z,LUNAUSDT,0.00005,0.0615,0.0615
2026-02-25T12:00:00Z,LUNAUSDT,0.00005,0.0618,0.0618
2026-02-25T16:00:00Z,LUNAUSDT,0.00005,0.0632,0.0632
2026-02-25T20:00:00Z,LUNAUSDT,0.00005,0.0645,0.0645
2026-02-26T00:00:00Z,LUNAUSDT,0.00005,0.0637,0.0637
2026-02-26T04:00:00Z,LUNAUSDT,0.00005,0.0637,0.0637
2026-02-26T08:00:00Z,LUNAUSDT,0.00005,0.0638,0.0638
2026-02-26T12:00:00Z,LUNAUSDT,0.00005,0.0637,0.0637
2026-02-26T16:00:00Z,LUNAUSDT,0.00005,0.0626,0.0626
2026-02-26T20:00:00Z,LUNAUSDT,0.00005,0.0626,0.0626
2026-02-27T00:00:00Z,LUNAUSDT,0.00005,0.0636,0.0636
2026-02-27T04:00:00Z,LUNAUSDT,0.00005,0.0677,0.0677
2026-02-27T08:00:00Z,LUNAUSDT,0.00005,0.0678,0.0678
2026-02-27T12:00:00Z,LUNAUSDT,-0.000201229480557615,0.0654,0.0654
2026-02-27T16:00:00Z,LUNAUSDT,0.00005,0.0656,0.0656
2026-02-27T20:00:00Z,LUNAUSDT,0.00005,0.065,0.065
2026-02-28T00:00:00Z,LUNAUSDT,0.00005,0.0682,0.0682
2026-02-28T04:00:00Z,LUNAUSDT,0.00005,0.0661,0.0661
2026-02-28T08:00:00Z,LUNAUSDT,0.00005,0.0617,0.0617
2026-02-28T12:00:00Z,LUNAUSDT,0.00005,0.0619,0.0619
2026-02-28T16:00:00Z,LUNAUSDT,0.00005,0.0634,0.0634
2026-02-28T20:00:00Z,LUNAUSDT,0.00005,0.0672,0.0672
2026-03-01T00:00:00Z,LUNAUSDT,0.00005,0.0659,0.0659
2026-03-01T04:00:00Z,LUNAUSDT,0.00005,0.0652,0.0652
2026-03-01T08:00:00Z,LUNAUSDT,0.00005,0.0654,0.0654
2026-03-01T12:00:00Z,LUNAUSDT,0.00005,0.0653,0.0653
2026-03-01T16:00:00Z,LUNAUSDT,0.00005,0.0651,0.0651
2026-03-01T20:00:00Z,LUNAUSDT,0.00005,0.0627,0.0627
2026-03-02T00:00:00Z,LUNAUSDT,0.00005,0.0626,0.0626
2026-03-02T04:00:00Z,LUNAUSDT,0.00005,0.0637,0.0637
2026-03-02T08:00:00Z,LUNAUSDT,0.00005,0.0623,0.0623
2026-03-02T12:00:00Z,LUNAUSDT,0.00005,0.062,0.062
2026-03-02T16:00:00Z,LUNAUSDT,0.00005,0.0643,0.0643
2026-03-02T20:00:00Z,LUNAUSDT,0.00005,0.0638,0.0638
2026-03-03T00:00:00Z,LUNAUSDT,0.00005,0.0627,0.0627
2026-03-03T04:00:00Z,LUNAUSDT,0.00005,0.0634,0.0634
2026-03-03T08:00:00Z,LUNAUSDT,0.00005,0.0644,0.0644
2026-03-03T12:00:00Z,LUNAUSDT,0.00005,0.0647,0.0647
2026-03-03T16:00:00Z,LUNAUSDT,0.00005,0.0636,0.0636
2026-03-03T20:00:00Z,LUNAUSDT,0.00005,0.0635,0.0635
2026-03-04T00:00:00Z,LUNAUSDT,0.00005,0.0628,0.0628
2026-03-04T04:00:00Z,LUNAUSDT,0.00005,0.0632,0.0632
2026-03-04T08:00:00Z,LUNAUSDT,0.00005,0.0632,0.0632
2026-03-04T12:00:00Z,LUNAUSDT,0.00005,0.0645,0.0645
2026-03-04T16:00:00Z,LUNAUSDT,0.00005,0.066,0.066
2026-03-04T20:00:00Z,LUNAUSDT,0.00005,0.0659,0.0659
2026-03-05T00:00:00Z,LUNAUSDT,0.00005,0.0654,0.0654
2026-03-05T04:00:00Z,LUNAUSDT,0.00005,0.0652,0.0652
2026-03-05T08:00:00Z,LUNAUSDT,0.00005,0.0652,0.0652
2026-03-05T12:00:00Z,LUNAUSDT,0.00005,0.0655,0.0655
2026-03-05T16:00:00Z,LUNAUSDT,0.00005,0.065,0.065
2026-03-05T20:00:00Z,LUNAUSDT,0.00005,0.0641,0.0641
2026-03-06T00:00:00Z,LUNAUSDT,0.00005,0.064,0.064
2026-03-06T04:00:00Z,LUNAUSDT,0.00005,0.064,0.064
2026-03-06T08:00:00Z,LUNAUSDT,0.00005,0.0643,0.0643
2026-03-06T12:00:00Z,LUNAUSDT,0.00005,0.0635,0.0635
2026-03-06T16:00:00Z,LUNAUSDT,0.00005,0.0623,0.0623
2026-03-06T20:00:00Z,LUNAUSDT,0.00005,0.0628,0.0628
2026-03-07T00:00:00Z,LUNAUSDT,0.00005,0.0628,0.0628
2026-03-07T04:00:00Z,LUNAUSDT,0.00005,0.0628,0.0628
2026-03-07T08:00:00Z,LUNAUSDT,0.00005,0.0617,0.0617
2026-03-07T12:00:00Z,LUNAUSDT,0.00005,0.0614,0.0614
2026-03-07T16:00:00Z,LUNAUSDT,0.00005,0.0613,0.0613
2026-03-07T20:00:00Z,LUNAUSDT,0.00005,0.0607,0.0607
2026-03-08T00:00:00Z,LUNAUSDT,0.00005,0.0603,0.0603
2026-03-08T04:00:00Z,LUNAUSDT,0.00005,0.0599,0.0599
2026-03-08T08:00:00Z,LUNAUSDT,0.00005,0.0603,0.0603
2026-03-08T12:00:00Z,LUNAUSDT,0.00005,0.0615,0.0615
2026-03-08T16:00:00Z,LUNAUSDT,0.00005,0.0609,0.0609
2026-03-08T20:00:00Z,LUNAUSDT,0.00005,0.0618,0.0618
2026-03-09T00:00:00Z,LUNAUSDT,0.00005,0.0634,0.0634
2026-03-09T04:00:00Z,LUNAUSDT,0.00005,0.0628,0.0628
2026-03-09T08:00:00Z,LUNAUSDT,0.00005,0.063,0.063
2026-03-09T12:00:00Z,LUNAUSDT,0.00005,0.0627,0.0627
2026-03-09T16:00:00Z,LUNAUSDT,0.00005,0.0625,0.0625
2026-03-09T20:00:00Z,LUNAUSDT,0.00005,0.0625,0.0625
2026-03-10T00:00:00Z,LUNAUSDT,0.00005,0.0621,0.0621
2026-03-10T04:00:00Z,LUNAUSDT,0.00005,0.0629,0.0629
2026-03-10T08:00:00Z,LUNAUSDT,0.00005,0.0627,0.0627
2026-03-10T12:00:00Z,LUNAUSDT,0.00005,0.0628,0.0628
2026-03-10T16:00:00Z,LUNAUSDT,0.00005,0.0631,0.0631
2026-03-10T20:00:00Z,LUNAUSDT,0.00005,0.0626,0.0626
2026-03-11T00:00:00Z,LUNAUSDT,0.00005,0.0628,0.0628
2026-03-11T04:00:00Z,LUNAUSDT,0.00005,0.0632,0.0632
2026-03-11T08:00:00Z,LUNAUSDT,0.00005,0.064,0.064
2026-03-11T12:00:00Z,LUNAUSDT,0.00005,0.0636,0.0636
2026-03-11T16:00:00Z,LUNAUSDT,0.00005,0.0635,0.0635
2026-03-11T20:00:00Z,LUNAUSDT,0.00005,0.0633,0.0633
2026-03-12T00:00:00Z,LUNAUSDT,0.00005,0.063,0.063
2026-03-12T04:00:00Z,LUNAUSDT,0.00005,0.0625,0.0625
2026-03-12T08:00:00Z,LUNAUSDT,0.00005,0.0629,0.0629
2026-03-12T12:00:00Z,LUNAUSDT,0.00005,0.0628,0.0628
2026-03-12T16:00:00Z,LUNAUSDT,0.00005,0.0628,0.0628
2026-03-12T20:00:00Z,LUNAUSDT,0.00005,0.063,0.063
2026-03-13T00:00:00Z,LUNAUSDT,0.00005,0.0636,0.0636
2026-03-13T04:00:00Z,LUNAUSDT,0.00005,0.064,0.064
2026-03-13T08:00:00Z,LUNAUSDT,0.00005,0.0638,0.0638
2026-03-13T12:00:00Z,LUNAUSDT,0.00005,0.0642,0.0642
2026-03-13T16:00:00Z,LUNAUSDT,0.00005,0.064,0.064
2026-03-13T20:00:00Z,LUNAUSDT,0.00005,0.0641,0.0641
2026-03-14T00:00:00Z,LUNAUSDT,0.00005,0.0637,0.0637
2026-03-14T04:00:00Z,LUNAUSDT,0.00005,0.0639,0.0639
2026-03-14T08:00:00Z,LUNAUSDT,0.00005,0.0632,0.0632
2026-03-14T12:00:00Z,LUNAUSDT,0.00005,0.0626,0.0626
2026-03-14T16:00:00Z,LUNAUSDT,0.00005,0.0624,0.0624
2026-03-14T20:00:00Z,LUNAUSDT,0.00005,0.0622,0.0622
2026-03-15T00:00:00Z,LUNAUSDT,0.00005,0.0622,0.0622
2026-03-15T04:00:00Z,LUNAUSDT,0.00005,0.0623,0.0623
2026-03-15T08:00:00Z,LUNAUSDT,0.00005,0.0627,0.0627
2026-03-15T12:00:00Z,LUNAUSDT,0.00005,0.0623,0.0623
2026-03-15T16:00:00Z,LUNAUSDT,0.00005,0.0619,0.0619
2026-03-15T20:00:00Z,LUNAUSDT,0.00005,0.0622,0.0622
2026-03-16T00:00:00Z,LUNAUSDT,0.00005,0.0627,0.0627
2026-03-16T04:00:00Z,LUNAUSDT,0.00005,0.0634,0.0634
2026-03-16T08:00:00Z,LUNAUSDT,0.00005,0.0644,0.0644
2026-03-16T12:00:00Z,LUNAUSDT,0.00005,0.0639,0.0639
2026-03-16T16:00:00Z,LUNAUSDT,0.00005,0.064,0.064
2026-03-16T20:00:00Z,LUNAUSDT,0.00005,0.0642,0.0642
2026-03-17T00:00:00Z,LUNAUSDT,0.00005,0.0647,0.0647
2026-03-17T04:00:00Z,LUNAUSDT,0.00005,0.0645,0.0645
2026-03-17T08:00:00Z,LUNAUSDT,0.00005,0.0644,0.0644
2026-03-17T12:00:00Z,LUNAUSDT,0.00005,0.0648,0.0648
2026-03-17T16:00:00Z,LUNAUSDT,0.00005,0.0646,0.0646
2026-03-17T20:00:00Z,LUNAUSDT,0.00005,0.0646,0.0646
2026-03-18T00:00:00Z,LUNAUSDT,0.00005,0.0639,0.0639
2026-03-18T04:00:00Z,LUNAUSDT,0.00005,0.0642,0.0642
2026-03-18T08:00:00Z,LUNAUSDT,0.00005,0.0647,0.0647
2026-03-18T12:00:00Z,LUNAUSDT,0.00005,0.0631,0.0631
2026-03-18T16:00:00Z,LUNAUSDT,0.00005,0.0617,0.0617
2026-03-18T20:00:00Z,LUNAUSDT,0.00005,0.0611,0.0611
2026-03-19T00:00:00Z,LUNAUSDT,0.00005,0.0618,0.0618
2026-03-19T04:00:00Z,LUNAUSDT,0.00005,0.0621,0.0621
2026-03-19T08:00:00Z,LUNAUSDT,0.00005,0.061,0.061
2026-03-19T12:00:00Z,LUNAUSDT,0.00005,0.0608,0.0608
2026-03-19T16:00:00Z,LUNAUSDT,0.00005,0.061,0.061
2026-03-19T20:00:00Z,LUNAUSDT,0.00005,0.0622,0.0622
2026-03-20T00:00:00Z,LUNAUSDT,0.00005,0.0617,0.0617
2026-03-20T04:00:00Z,LUNAUSDT,0.00005,0.0616,0.0616
2026-03-20T08:00:00Z,LUNAUSDT,0.00005,0.0621,0.0621
2026-03-20T12:00:00Z,LUNAUSDT,0.00005,0.0623,0.0623
2026-03-20T16:00:00Z,LUNAUSDT,0.00005,0.0619,0.0619
2026-03-20T20:00:00Z,LUNAUSDT,0.00005,0.0617,0.0617
2026-03-21T00:00:00Z,LUNAUSDT,0.00005,0.0619,0.0619
2026-03-21T04:00:00Z,LUNAUSDT,0.00005,0.0622,0.0622
2026-03-21T08:00:00Z,LUNAUSDT,0.00005,0.0623,0.0623
2026-03-21T12:00:00Z,LUNAUSDT,0.00005,0.0618,0.0618
2026-03-21T16:00:00Z,LUNAUSDT,0.00005,0.0619,0.0619
2026-03-21T20:00:00Z,LUNAUSDT,0.00005,0.0621,0.0621
2026-03-22T00:00:00Z,LUNAUSDT,0.00005,0.0607,0.0607
2026-03-22T04:00:00Z,LUNAUSDT,0.00005,0.0608,0.0608
2026-03-22T08:00:00Z,LUNAUSDT,0.00005,0.06,0.06
2026-03-22T12:00:00Z,LUNAUSDT,0.00005,0.0599,0.0599
2026-03-22T16:00:00Z,LUNAUSDT,0.00005,0.0599,0.0599
2026-03-22T20:00:00Z,LUNAUSDT,0.00005,0.0587,0.0587
2026-03-23T00:00:00Z,LUNAUSDT,0.00005,0.0584,0.0584
2026-03-23T04:00:00Z,LUNAUSDT,0.00005,0.059,0.059
2026-03-23T08:00:00Z,LUNAUSDT,0.00005,0.0589,0.0589
2026-03-23T12:00:00Z,LUNAUSDT,0.00005,0.0595,0.0595
2026-03-23T16:00:00Z,LUNAUSDT,0.00005,0.0599,0.0599
2026-03-23T20:00:00Z,LUNAUSDT,0.00005,0.0602,0.0602
2026-03-24T00:00:00Z,LUNAUSDT,0.00005,0.0598,0.0598
2026-03-24T04:00:00Z,LUNAUSDT,0.00005,0.0598,0.0598
2026-03-24T08:00:00Z,LUNAUSDT,0.00005,0.0602,0.0602
2026-03-24T12:00:00Z,LUNAUSDT,0.00005,0.0601,0.0601
2026-03-24T16:00:00Z,LUNAUSDT,0.00005,0.0598,0.0598
2026-03-24T20:00:00Z,LUNAUSDT,0.00005,0.0602,0.0602
2026-03-25T00:00:00Z,LUNAUSDT,0.00005,0.0605,0.0605
2026-03-25T04:00:00Z,LUNAUSDT,0.00005,0.0605,0.0605
2026-03-25T08:00:00Z,LUNAUSDT,0.00005,0.0604,0.0604
2026-03-25T12:00:00Z,LUNAUSDT,0.00005,0.0606,0.0606
2026-03-25T16:00:00Z,LUNAUSDT,0.00005,0.0599,0.0599
2026-03-25T20:00:00Z,LUNAUSDT,0.00005,0.06,0.06
2026-03-26T00:00:00Z,LUNAUSDT,0.00005,0.0602,0.0602
2026-03-26T04:00:00Z,LUNAUSDT,0.00005,0.0598,0.0598
2026-03-26T08:00:00Z,LUNAUSDT,0.00005,0.0591,0.0591
2026-03-26T12:00:00Z,LUNAUSDT,0.00005,0.0585,0.0585
2026-03-26T16:00:00Z,LUNAUSDT,0.00005,0.0591,0.0591
2026-03-26T20:00:00Z,LUNAUSDT,0.00005,0.0583,0.0583
2026-03-27T00:00:00Z,LUNAUSDT,0.00005,0.0589,0.0589
2026-03-27T04:00:00Z,LUNAUSDT,0.00005,0.0591,0.0591
2026-03-27T08:00:00Z,LUNAUSDT,0.00005,0.0594,0.0594
2026-03-27T12:00:00Z,LUNAUSDT,0.00005,0.0566,0.0566
2026-03-27T16:00:00Z,LUNAUSDT,0.00005,0.0571,0.0571
2026-03-27T20:00:00Z,LUNAUSDT,0.00005,0.0567,0.0567
2026-03-28T00:00:00Z,LUNAUSDT,0.00005,0.0565,0.0565
2026-03-28T04:00:00Z,LUNAUSDT,0.00005,0.0555,0.0555
2026-03-28T08:00:00Z,LUNAUSDT,0.00005,0.0564,0.0564
2026-03-28T12:00:00Z,LUNAUSDT,0.00005,0.0564,0.0564
2026-03-28T16:00:00Z,LUNAUSDT,0.00005,0.0572,0.0572
2026-03-28T20:00:00Z,LUNAUSDT,0.00005,0.0571,0.0571
2026-03-29T00:00:00Z,LUNAUSDT,0.00005,0.0563,0.0563
2026-03-29T04:00:00Z,LUNAUSDT,0.00005,0.0565,0.0565
2026-03-29T08:00:00Z,LUNAUSDT,0.00005,0.0565,0.0565
2026-03-29T12:00:00Z,LUNAUSDT,0.00005,0.0559,0.0559
2026-03-29T16:00:00Z,LUNAUSDT,0.00005,0.0547,0.0547
2026-03-29T20:00:00Z,LUNAUSDT,0.00005,0.0548,0.0548
2026-03-30T00:00:00Z,LUNAUSDT,0.00005,0.0547,0.0547
2026-03-30T04:00:00Z,LUNAUSDT,0.00005,0.0564,0.0564
2026-03-30T08:00:00Z,LUNAUSDT,0.00005,0.0567,0.0567
2026-03-30T12:00:00Z,LUNAUSDT,0.00005,0.0562,0.0562
2026-03-30T16:00:00Z,LUNAUSDT,0.00005,0.0557,0.0557
2026-03-30T20:00:00Z,LUNAUSDT,0.00005,0.055,0.055
2026-03-31T00:00:00Z,LUNAUSDT,0.00005,0.0551,0.0551
2026-03-31T04:00:00Z,LUNAUSDT,0.00005,0.0555,0.0555
2026-03-31T08:00:00Z,LUNAUSDT,0.00005,0.0552,0.0552
2026-03-31T12:00:00Z,LUNAUSDT,0.00005,0.0543,0.0543
2026-03-31T16:00:00Z,LUNAUSDT,0.00005,0.0555,0.0555
2026-03-31T20:00:00Z,LUNAUSDT,0.00005,0.0553,0.0553
2026-04-01T00:00:00Z,LUNAUSDT,0.00005,0.0552,0.0552
2026-04-01T04:00:00Z,LUNAUSDT,0.00005,0.0551,0.0551
2026-04-01T08:00:00Z,LUNAUSDT,0.00005,0.0556,0.0556
2026-04-01T12:00:00Z,LUNAUSDT,0.00005,0.0556,0.0556
2026-04-01T16:00:00Z,LUNAUSDT,0.00005,0.0563,0.0563
2026-04-01T20:00:00Z,LUNAUSDT,0.00005,0.0556,0.0556
2026-04-02T00:00:00Z,LUNAUSDT,0.00005,0.0553,0.0553
2026-04-02T04:00:00Z,LUNAUSDT,0.00005,0.0536,0.0536
2026-04-02T08:00:00Z,LUNAUSDT,0.00005,0.0538,0.0538
2026-04-02T12:00:00Z,LUNAUSDT,0.00005,0.053,0.053
2026-04-02T16:00:00Z,LUNAUSDT,0.00005,0.0535,0.0535
2026-04-02T20:00:00Z,LUNAUSDT,0.00005,0.0536,0.0536
2026-04-03T00:00:00Z,LUNAUSDT,0.00005,0.0539,0.0539
2026-04-03T04:00:00Z,LUNAUSDT,0.00005,0.054,0.054
2026-04-03T08:00:00Z,LUNAUSDT,0.00005,0.0544,0.0544
2026-04-03T12:00:00Z,LUNAUSDT,0.00005,0.0546,0.0546
2026-04-03T16:00:00Z,LUNAUSDT,0.00005,0.0545,0.0545
2026-04-03T20:00:00Z,LUNAUSDT,0.00005,0.0545,0.0545
2026-04-04T00:00:00Z,LUNAUSDT,0.00005,0.0557,0.0557
2026-04-04T04:00:00Z,LUNAUSDT,0.00005,0.0553,0.0553
2026-04-04T08:00:00Z,LUNAUSDT,0.00005,0.0549,0.0549
2026-04-04T12:00:00Z,LUNAUSDT,0.00005,0.055,0.055
2026-04-04T16:00:00Z,LUNAUSDT,0.00005,0.0549,0.0549
2026-04-04T20:00:00Z,LUNAUSDT,0.00005,0.0548,0.0548
2026-04-05T00:00:00Z,LUNAUSDT,0.00005,0.0546,0.0546
2026-04-05T04:00:00Z,LUNAUSDT,0.00005,0.0546,0.0546
2026-04-05T08:00:00Z,LUNAUSDT,0.00005,0.0544,0.0544
2026-04-05T12:00:00Z,LUNAUSDT,0.00005,0.0546,0.0546
2026-04-05T16:00:00Z,LUNAUSDT,0.00005,0.055,0.055
2026-04-05T20:00:00Z,LUNAUSDT,0.00005,0.0548,0.0548
2026-04-06T00:00:00Z,LUNAUSDT,0.00005,0.0555,0.0555
2026-04-06T04:00:00Z,LUNAUSDT,0.00005,0.0555,0.0555
2026-04-06T08:00:00Z,LUNAUSDT,0.00005,0.0552,0.0552
2026-04-06T12:00:00Z,LUNAUSDT,0.00005,0.0553,0.0553
2026-04-06T16:00:00Z,LUNAUSDT,0.00005,0.0552,0.0552
2026-04-06T20:00:00Z,LUNAUSDT,0.00005,0.0549,0.0549
2026-04-07T00:00:00Z,LUNAUSDT,0.00005,0.0543,0.0543
2026-04-07T04:00:00Z,LUNAUSDT,0.00005,0.0542,0.0542
2026-04-07T08:00:00Z,LUNAUSDT,0.00005,0.0542,0.0542
2026-04-07T12:00:00Z,LUNAUSDT,0.00005,0.053,0.053
2026-04-07T16:00:00Z,LUNAUSDT,0.00005,0.0524,0.0524
2026-04-07T20:00:00Z,LUNAUSDT,0.00005,0.0534,0.0534
2026-04-08T00:00:00Z,LUNAUSDT,0.00005,0.0551,0.0551
2026-04-08T04:00:00Z,LUNAUSDT,0.00005,0.0552,0.0552
2026-04-08T08:00:00Z,LUNAUSDT,0.00005,0.0555,0.0555
2026-04-08T12:00:00Z,LUNAUSDT,0.00005,0.0552,0.0552
2026-04-08T16:00:00Z,LUNAUSDT,0.00005,0.0551,0.0551
2026-04-08T20:00:00Z,LUNAUSDT,0.00005,0.0551,0.0551
2026-04-09T00:00:00Z,LUNAUSDT,0.00005,0.0549,0.0549
2026-04-09T04:00:00Z,LUNAUSDT,0.00005,0.0549,0.0549
2026-04-09T08:00:00Z,LUNAUSDT,0.00005,0.0546,0.0546
2026-04-09T12:00:00Z,LUNAUSDT,0.00005,0.0541,0.0541
2026-04-09T16:00:00Z,LUNAUSDT,0.00005,0.0551,0.0551
2026-04-09T20:00:00Z,LUNAUSDT,0.00005,0.0552,0.0552
2026-04-10T00:00:00Z,LUNAUSDT,0.00005,0.055,0.055
2026-04-10T04:00:00Z,LUNAUSDT,0.00005,0.0554,0.0554
2026-04-10T08:00:00Z,LUNAUSDT,0.00005,0.055,0.055
2026-04-10T12:00:00Z,LUNAUSDT,0.00005,0.0561,0.0561
2026-04-10T16:00:00Z,LUNAUSDT,0.00005,0.056,0.056
2026-04-10T20:00:00Z,LUNAUSDT,0.00005,0.0561,0.0561
2026-04-11T00:00:00Z,LUNAUSDT,0.00005,0.0564,0.0564
2026-04-11T04:00:00Z,LUNAUSDT,0.00005,0.0569,0.0569
2026-04-11T08:00:00Z,LUNAUSDT,0.00005,0.0562,0.0562
2026-04-11T12:00:00Z,LUNAUSDT,0.00005,0.056,0.056
2026-04-11T16:00:00Z,LUNAUSDT,0.00005,0.0562,0.0562
2026-04-11T20:00:00Z,LUNAUSDT,0.00005,0.0566,0.0566
2026-04-12T00:00:00Z,LUNAUSDT,0.00005,0.0561,0.0561
2026-04-12T04:00:00Z,LUNAUSDT,0.00005,0.0551,0.0551
2026-04-12T08:00:00Z,LUNAUSDT,0.00005,0.0545,0.0545
2026-04-12T12:00:00Z,LUNAUSDT,0.00005,0.0548,0.0548
2026-04-12T16:00:00Z,LUNAUSDT,0.00005,0.0544,0.0544
2026-04-12T20:00:00Z,LUNAUSDT,0.00005,0.0544,0.0544
2026-04-13T00:00:00Z,LUNAUSDT,0.00005,0.0542,0.0542
2026-04-13T04:00:00Z,LUNAUSDT,0.00005,0.054,0.054
2026-04-13T08:00:00Z,LUNAUSDT,0.00005,0.0538,0.0538
2026-04-13T12:00:00Z,LUNAUSDT,0.00005,0.0544,0.0544
2026-04-13T16:00:00Z,LUNAUSDT,0.00005,0.0546,0.0546
2026-04-13T20:00:00Z,LUNAUSDT,0.00005,0.0548,0.0548
2026-04-14T00:00:00Z,LUNAUSDT,0.00005,0.0563,0.0563
2026-04-14T04:00:00Z,LUNAUSDT,0.00005,0.0557,0.0557
2026-04-14T08:00:00Z,LUNAUSDT,0.00005,0.0556,0.0556
2026-04-14T12:00:00Z,LUNAUSDT,0.00005,0.0558,0.0558
2026-04-14T16:00:00Z,LUNAUSDT,0.00005,0.0554,0.0554
2026-04-14T20:00:00Z,LUNAUSDT,0.00005,0.0544,0.0544
2026-04-15T00:00:00Z,LUNAUSDT,0.00005,0.0549,0.0549
2026-04-15T04:00:00Z,LUNAUSDT,0.00005,0.0552,0.0552
2026-04-15T08:00:00Z,LUNAUSDT,0.00005,0.055,0.055
2026-04-15T12:00:00Z,LUNAUSDT,0.00005,0.0558,0.0558
2026-04-15T16:00:00Z,LUNAUSDT,0.00005,0.0558,0.0558
2026-04-15T20:00:00Z,LUNAUSDT,0.00005,0.056,0.056
2026-04-16T00:00:00Z,LUNAUSDT,0.00005,0.056,0.056
2026-04-16T04:00:00Z,LUNAUSDT,0.00005,0.0574,0.0574
2026-04-16T08:00:00Z,LUNAUSDT,0.00005,0.0571,0.0571
2026-04-16T12:00:00Z,LUNAUSDT,0.00005,0.0575,0.0575
2026-04-16T16:00:00Z,LUNAUSDT,0.00005,0.0583,0.0583
2026-04-16T20:00:00Z,LUNAUSDT,0.00005,0.0602,0.0602
2026-04-17T00:00:00Z,LUNAUSDT,0.00005,0.0603,0.0603
2026-04-17T04:00:00Z,LUNAUSDT,0.00005,0.0644,0.0644
2026-04-17T08:00:00Z,LUNAUSDT,0.00005,0.0615,0.0615
2026-04-17T12:00:00Z,LUNAUSDT,0.00005,0.0604,0.0604
2026-04-17T16:00:00Z,LUNAUSDT,0.00005,0.0608,0.0608
2026-04-17T20:00:00Z,LUNAUSDT,0.00005,0.0614,0.0614
2026-04-18T00:00:00Z,LUNAUSDT,0.00005,0.061,0.061
2026-04-18T04:00:00Z,LUNAUSDT,0.00005,0.0627,0.0627
2026-04-18T08:00:00Z,LUNAUSDT,0.00005,0.0633,0.0633
2026-04-18T12:00:00Z,LUNAUSDT,0.00005,0.061,0.061
2026-04-18T16:00:00Z,LUNAUSDT,0.00005,0.0593,0.0593
2026-04-18T20:00:00Z,LUNAUSDT,0.00005,0.0579,0.0579
2026-04-19T00:00:00Z,LUNAUSDT,0.00005,0.0577,0.0577
2026-04-19T04:00:00Z,LUNAUSDT,0.00005,0.0568,0.0568
2026-04-19T08:00:00Z,LUNAUSDT,0.00005,0.057,0.057
2026-04-19T12:00:00Z,LUNAUSDT,0.00005,0.057,0.057
2026-04-19T16:00:00Z,LUNAUSDT,0.00005,0.057,0.057
2026-04-19T20:00:00Z,LUNAUSDT,0.00005,0.0562,0.0562
2026-04-20T00:00:00Z,LUNAUSDT,0.00005,0.056,0.056
2026-04-20T04:00:00Z,LUNAUSDT,0.00005,0.0569,0.0569
2026-04-20T08:00:00Z,LUNAUSDT,0.00005,0.0563,0.0563
2026-04-20T12:00:00Z,LUNAUSDT,0.00005,0.0564,0.0564
2026-04-20T16:00:00Z,LUNAUSDT,0.00005,0.05735,0.05735
2026-04-20T20:00:00Z,LUNAUSDT,0.00005,0.05753,0.05753
2026-04-21T00:00:00Z,LUNAUSDT,0.00005,0.05714,0.05714
2026-04-21T04:00:00Z,LUNAUSDT,0.00005,0.05722,0.05722
2026-04-21T08:00:00Z,LUNAUSDT,0.00005,0.05722,0.05722
2026-04-21T12:00:00Z,LUNAUSDT,0.00005,0.05765,0.05765
2026-04-21T16:00:00Z,LUNAUSDT,0.00005,0.05761,0.05761
2026-04-21T20:00:00Z,LUNAUSDT,0.00005,0.05737,0.05737
2026-04-22T00:00:00Z,LUNAUSDT,0.00005,0.05813,0.05813
2026-04-22T04:00:00Z,LUNAUSDT,0.00005,0.05855,0.05855
2026-04-22T08:00:00Z,LUNAUSDT,0.00005,0.05895,0.05895
2026-04-22T12:00:00Z,LUNAUSDT,0.00005,0.05901,0.05901
2026-04-22T16:00:00Z,LUNAUSDT,0.00005,0.05886,0.05886
2026-04-22T20:00:00Z,LUNAUSDT,0.00005,0.05868,0.05868
2026-04-23T00:00:00Z,LUNAUSDT,0.00005,0.05819,0.05819
2026-04-23T04:00:00Z,LUNAUSDT,0.00005,0.05732,0.05732
2026-04-23T08:00:00Z,LUNAUSDT,0.00005,0.05777,0.05777
2026-04-23T12:00:00Z,LUNAUSDT,0.00005,0.05776,0.05776
2026-04-23T16:00:00Z,LUNAUSDT,0.00005,0.05864,0.05864
2026-04-23T20:00:00Z,LUNAUSDT,0.00005,0.05824,0.05824
2026-04-24T00:00:00Z,LUNAUSDT,0.00005,0.06227,0.06227
2026-04-24T04:00:00Z,LUNAUSDT,0.00005,0.06278,0.06278
2026-04-24T08:00:00Z,LUNAUSDT,0.00005,0.06223,0.06223
2026-04-24T12:00:00Z,LUNAUSDT,0.00005,0.06106,0.06106
2026-04-24T16:00:00Z,LUNAUSDT,0.00005,0.06143,0.06143
2026-04-24T20:00:00Z,LUNAUSDT,0.00005,0.06352,0.06352
2026-04-25T00:00:00Z,LUNAUSDT,0.00005,0.0624,0.0624
2026-04-25T04:00:00Z,LUNAUSDT,0.00005,0.06237,0.06237
2026-04-25T08:00:00Z,LUNAUSDT,0.00005,0.06262,0.06262
2026-04-25T12:00:00Z,LUNAUSDT,0.00005,0.06152,0.06152
2026-04-25T16:00:00Z,LUNAUSDT,0.00005,0.06101,0.06101
2026-04-25T20:00:00Z,LUNAUSDT,0.00005,0.06061,0.06061
2026-04-26T00:00:00Z,LUNAUSDT,0.00005,0.06075,0.06075
2026-04-26T04:00:00Z,LUNAUSDT,0.00005,0.06033,0.06033
2026-04-26T08:00:00Z,LUNAUSDT,0.00005,0.06092,0.06092
2026-04-26T12:00:00Z,LUNAUSDT,0.00005,0.06089,0.06089
2026-04-26T16:00:00Z,LUNAUSDT,0.00005,0.06131,0.06131
2026-04-26T20:00:00Z,LUNAUSDT,0.00005,0.06377,0.06377
2026-04-27T00:00:00Z,LUNAUSDT,0.00005,0.06546,0.06546
2026-04-27T04:00:00Z,LUNAUSDT,0.00005,0.0646,0.0646
2026-04-27T08:00:00Z,LUNAUSDT,0.00005,0.06202,0.06202
2026-04-27T12:00:00Z,LUNAUSDT,0.00005,0.06346,0.06346
2026-04-27T16:00:00Z,LUNAUSDT,0.00005,0.06476,0.06476
2026-04-27T20:00:00Z,LUNAUSDT,0.00005,0.06504,0.06504
2026-04-28T00:00:00Z,LUNAUSDT,-0.002420970377371836,0.06594,0.06594
2026-04-28T04:00:00Z,LUNAUSDT,-0.002962393931716543,0.0638,0.0638
2026-04-28T08:00:00Z,LUNAUSDT,-0.001095856759192026,0.06553,0.06553
2026-04-28T12:00:00Z,LUNAUSDT,-0.002542569913607082,0.06805,0.06805
2026-04-28T16:00:00Z,LUNAUSDT,-0.00099916756198464,0.06597,0.06597
2026-04-28T20:00:00Z,LUNAUSDT,0.00005,0.06478,0.06478
2026-04-29T00:00:00Z,LUNAUSDT,0.00005,0.06489,0.06489
2026-04-29T04:00:00Z,LUNAUSDT,0.00005,0.06528,0.06528
2026-04-29T08:00:00Z,LUNAUSDT,0.00005,0.06295,0.06295
2026-04-29T12:00:00Z,LUNAUSDT,-0.000029257086522771,0.06481,0.06481
2026-04-29T16:00:00Z,LUNAUSDT,0.00005,0.06265,0.06265
2026-04-29T20:00:00Z,LUNAUSDT,0.00005,0.06195,0.06195
2026-04-30T00:00:00Z,LUNAUSDT,0.00005,0.06364,0.06364
2026-04-30T04:00:00Z,LUNAUSDT,0.00005,0.06308,0.06308
2026-04-30T08:00:00Z,LUNAUSDT,0.00005,0.06283,0.06283
2026-04-30T12:00:00Z,LUNAUSDT,0.00005,0.06371,0.06371
2026-04-30T16:00:00Z,LUNAUSDT,0.00005,0.06892,0.06892
2026-04-30T20:00:00Z,LUNAUSDT,-0.000113325730628448,0.07109,0.07109
2026-05-01T00:00:00Z,LUNAUSDT,0.00005,0.0691,0.0691
2026-05-01T04:00:00Z,LUNAUSDT,0.00005,0.06806,0.06806
2026-05-01T08:00:00Z,LUNAUSDT,0.00005,0.06956,0.06956
2026-05-01T12:00:00Z,LUNAUSDT,0.00005,0.068,0.068
2026-05-01T16:00:00Z,LUNAUSDT,0.00005,0.06642,0.06642
2026-05-01T20:00:00Z,LUNAUSDT,-0.000560135523345782,0.0665,0.0665
2026-05-02T00:00:00Z,LUNAUSDT,-0.000198229256169975,0.06608,0.06608
2026-05-02T04:00:00Z,LUNAUSDT,0.00005,0.06616,0.06616
2026-05-02T08:00:00Z,LUNAUSDT,0.00005,0.06852,0.06852
2026-05-02T12:00:00Z,LUNAUSDT,0.00005,0.06894,0.06894
2026-05-02T16:00:00Z,LUNAUSDT,0.000010560600530615,0.06979,0.06979
2026-05-02T20:00:00Z,LUNAUSDT,-0.000053324571162569,0.07289,0.07289
2026-05-03T00:00:00Z,LUNAUSDT,-0.000102167199702285,0.07446,0.07446
2026-05-03T04:00:00Z,LUNAUSDT,-0.002037476801755056,0.06974,0.06974
2026-05-03T08:00:00Z,LUNAUSDT,-0.001754527470376138,0.07068,0.07068
2026-05-03T12:00:00Z,LUNAUSDT,-0.000221905465447745,0.07104,0.07104
2026-05-03T16:00:00Z,LUNAUSDT,-0.000675481629632188,0.07002,0.07002
2026-05-03T20:00:00Z,LUNAUSDT,-0.000222432624306225,0.06945,0.06945
2026-05-04T00:00:00Z,LUNAUSDT,-0.000068554709023511,0.06989,0.06989
2026-05-04T04:00:00Z,LUNAUSDT,0.000036483189268468,0.07015,0.07015
2026-05-04T08:00:00Z,LUNAUSDT,-0.002159712019382972,0.07083,0.07083
2026-05-04T12:00:00Z,LUNAUSDT,-0.00106413650418186,0.06951,0.06951
2026-05-04T16:00:00Z,LUNAUSDT,-0.000799178442452761,0.07085,0.07085
2026-05-04T20:00:00Z,LUNAUSDT,-0.000942396995942124,0.07376,0.07376
2026-05-05T00:00:00Z,LUNAUSDT,-0.001133057540561129,0.07321,0.07321
2026-05-05T04:00:00Z,LUNAUSDT,-0.000644652094594541,0.07085,0.07085
2026-05-05T08:00:00Z,LUNAUSDT,-0.000776782972658534,0.07111,0.07111
2026-05-05T12:00:00Z,LUNAUSDT,-0.000284647053135857,0.07032,0.07032
2026-05-05T16:00:00Z,LUNAUSDT,-0.000823202596503875,0.07426,0.07426
2026-05-05T20:00:00Z,LUNAUSDT,-0.002610132501783248,0.07562,0.07562
2026-05-06T00:00:00Z,LUNAUSDT,-0.00160357228982626,0.07471,0.07471
2026-05-06T04:00:00Z,LUNAUSDT,-0.000630420671476154,0.07422,0.07422
2026-05-06T08:00:00Z,LUNAUSDT,-0.000273451255721539,0.07347,0.07347
2026-05-06T12:00:00Z,LUNAUSDT,-0.000272506657753055,0.07303,0.07303
2026-05-06T16:00:00Z,LUNAUSDT,-0.000684057710145232,0.073,0.073
2026-05-06T20:00:00Z,LUNAUSDT,-0.000475790374855335,0.07204,0.07204
2026-05-07T00:00:00Z,LUNAUSDT,-0.001917348874237493,0.07074,0.07074
2026-05-07T04:00:00Z,LUNAUSDT,-0.000389755378081106,0.06755,0.06755
2026-05-07T08:00:00Z,LUNAUSDT,-0.00059365404534421,0.06899,0.06899
2026-05-07T12:00:00Z,LUNAUSDT,-0.000474149338740924,0.06935,0.06935
2026-05-07T16:00:00Z,LUNAUSDT,-0.000194875391751544,0.06873,0.06873
2026-05-07T20:00:00Z,LUNAUSDT,-0.000737315271077687,0.06805,0.06805
2026-05-08T00:00:00Z,LUNAUSDT,0.0000269031678231,0.06878,0.06878
2026-05-08T04:00:00Z,LUNAUSDT,-0.000378504870257309,0.06987,0.06987
2026-05-08T08:00:00Z,LUNAUSDT,-0.000725720633546554,0.06971,0.06971
2026-05-08T12:00:00Z,LUNAUSDT,-0.000369900636623596,0.06982,0.06982
2026-05-08T16:00:00Z,LUNAUSDT,-0.000017552218958979,0.07015,0.07015
2026-05-08T20:00:00Z,LUNAUSDT,-0.000451600899909303,0.07097,0.07097
2026-05-09T00:00:00Z,LUNAUSDT,-0.0002349679766351,0.07091,0.07091
2026-05-09T04:00:00Z,LUNAUSDT,-0.00157755167622561,0.07103,0.07103
2026-05-09T08:00:00Z,LUNAUSDT,-0.00014913568549285,0.07027,0.07027
2026-05-09T12:00:00Z,LUNAUSDT,-0.000935742574775577,0.07045,0.07045
2026-05-09T16:00:00Z,LUNAUSDT,-0.001095710289830364,0.0701,0.0701
2026-05-09T20:00:00Z,LUNAUSDT,-0.000133974568194489,0.07065,0.07065
2026-05-10T00:00:00Z,LUNAUSDT,-0.000948116173168686,0.06967,0.06967
2026-05-10T04:00:00Z,LUNAUSDT,0.000000438160576022,0.07005,0.07005
2026-05-10T08:00:00Z,LUNAUSDT,-0.000128681384033132,0.07044,0.07044
2026-05-10T12:00:00Z,LUNAUSDT,-0.00012240216185903,0.07324,0.07324
2026-05-10T16:00:00Z,LUNAUSDT,-0.001147360385328362,0.07158,0.07158
2026-05-10T20:00:00Z,LUNAUSDT,0.00005,0.0716,0.0716
2026-05-11T00:00:00Z,LUNAUSDT,0.00005,0.07123,0.07123
2026-05-11T04:00:00Z,LUNAUSDT,0.00005,0.07037,0.07037
2026-05-11T08:00:00Z,LUNAUSDT,-0.000001364610118453,0.07141,0.07141
2026-05-11T12:00:00Z,LUNAUSDT,-0.000014542797636464,0.07054,0.07054
2026-05-11T16:00:00Z,LUNAUSDT,-0.000081548016087998,0.06969,0.06969
2026-05-11T20:00:00Z,LUNAUSDT,-0.001121622396847019,0.06969,0.06969
2026-05-12T00:00:00Z,LUNAUSDT,0.00005,0.07036,0.07036
2026-05-12T04:00:00Z,LUNAUSDT,0.00005,0.07051,0.07051
2026-05-12T08:00:00Z,LUNAUSDT,0.00005,0.07049,0.07049
2026-05-12T12:00:00Z,LUNAUSDT,0.00005,0.0692,0.0692
2026-05-12T16:00:00Z,LUNAUSDT,-0.000153105367938488,0.06909,0.06909
2026-05-12T20:00:00Z,LUNAUSDT,0.00005,0.0703,0.0703
2026-05-13T00:00:00Z,LUNAUSDT,0.00005,0.06971,0.06971
2026-05-13T04:00:00Z,LUNAUSDT,0.00005,0.07041,0.07041
2026-05-13T08:00:00Z,LUNAUSDT,0.00005,0.07019,0.07019
2026-05-13T12:00:00Z,LUNAUSDT,0.00005,0.07022,0.07022
2026-05-13T16:00:00Z,LUNAUSDT,0.000097118050352545,0.06671,0.06671
2026-05-13T20:00:00Z,LUNAUSDT,0.002434065046414727,0.06801,0.06801
2026-05-14T00:00:00Z,LUNAUSDT,0.001421215489603727,0.06728,0.06728
2026-05-14T04:00:00Z,LUNAUSDT,0.00005,0.06646,0.06646
2026-05-14T08:00:00Z,LUNAUSDT,0.000251875624938168,0.06718,0.06718
2026-05-14T12:00:00Z,LUNAUSDT,0.00005,0.06652,0.06652
2026-05-14T16:00:00Z,LUNAUSDT,0.000142032708569709,0.06784,0.06784
2026-05-14T20:00:00Z,LUNAUSDT,0.00005,0.06862,0.06862
2026-05-15T00:00:00Z,LUNAUSDT,0.00005,0.06784,0.06784
2026-05-15T04:00:00Z,LUNAUSDT,0.00005,0.06743,0.06743
2026-05-15T08:00:00Z,LUNAUSDT,0.001501877769012063,0.06699,0.06699
2026-05-15T12:00:00Z,LUNAUSDT,0.00005,0.06668,0.06668
2026-05-15T16:00:00Z,LUNAUSDT,0.00139842330122462,0.06456,0.06456
2026-05-15T20:00:00Z,LUNAUSDT,0.00037627000953256,0.06576,0.06576
2026-05-16T00:00:00Z,LUNAUSDT,0.000057334901707368,0.06573,0.06573
2026-05-16T04:00:00Z,LUNAUSDT,0.000773864388667853,0.0661,0.0661
2026-05-16T08:00:00Z,LUNAUSDT,0.000351886188616394,0.0647,0.0647
2026-05-16T12:00:00Z,LUNAUSDT,0.00092721744315818,0.06466,0.06466
2026-05-16T16:00:00Z,LUNAUSDT,0.00005,0.06559,0.06559
2026-05-16T20:00:00Z,LUNAUSDT,0.000875773154773773,0.06671,0.06671
2026-05-17T00:00:00Z,LUNAUSDT,0.000173899665060913,0.06842,0.06842
2026-05-17T04:00:00Z,LUNAUSDT,0.000232239804058582,0.06978,0.06978
2026-05-17T08:00:00Z,LUNAUSDT,0.00005,0.06799,0.06799
2026-05-17T12:00:00Z,LUNAUSDT,0.00005,0.06741,0.06741
2026-05-17T16:00:00Z,LUNAUSDT,0.000203418769103381,0.06691,0.06691
2026-05-17T20:00:00Z,LUNAUSDT,0.001040297963121724,0.06678,0.06678
2026-05-18T00:00:00Z,LUNAUSDT,0.000428731645113,0.06311,0.06311
2026-05-18T04:00:00Z,LUNAUSDT,0.001013100654249561,0.06317,0.06317
2026-05-18T08:00:00Z,LUNAUSDT,0.00005,0.06295,0.06295
2026-05-18T12:00:00Z,LUNAUSDT,0.000211013008538342,0.0634,0.0634
2026-05-18T16:00:00Z,LUNAUSDT,0.000464233555005837,0.06308,0.06308
2026-05-18T20:00:00Z,LUNAUSDT,0.00005,0.06391,0.06391
2026-05-19T00:00:00Z,LUNAUSDT,0.00005,0.06442,0.06442
2026-05-19T04:00:00Z,LUNAUSDT,0.00005,0.06359,0.06359
2026-05-19T08:00:00Z,LUNAUSDT,0.00005,0.06412,0.06412
2026-05-19T12:00:00Z,LUNAUSDT,0.00005,0.06279,0.06279
2026-05-19T16:00:00Z,LUNAUSDT,0.00005,0.06273,0.06273
2026-05-19T20:00:00Z,LUNAUSDT,0.000315838720160528,0.0628,0.0628
2026-05-20T00:00:00Z,LUNAUSDT,0.000531751395186234,0.06238,0.06238
2026-05-20T04:00:00Z,LUNAUSDT,0.001334526425944736,0.06306,0.06306
2026-05-20T08:00:00Z,LUNAUSDT,0.000913826265490223,0.06352,0.06352
2026-05-20T12:00:00Z,LUNAUSDT,0.001323011160343324,0.0633,0.0633
2026-05-20T16:00:00Z,LUNAUSDT,0.00005,0.06453,0.06453
2026-05-20T20:00:00Z,LUNAUSDT,0.000990751468097395,0.06452,0.06452
2026-05-21T00:00:00Z,LUNAUSDT,0.000382391895114766,0.06404,0.06404
2026-05-21T04:00:00Z,LUNAUSDT,0.000682161396047517,0.06446,0.06446
2026-05-21T08:00:00Z,LUNAUSDT,0.00005,0.06457,0.06457
2026-05-21T12:00:00Z,LUNAUSDT,0.00005,0.06345,0.06345
2026-05-21T16:00:00Z,LUNAUSDT,0.00005,0.06359,0.06359
2026-05-21T20:00:00Z,LUNAUSDT,0.00005,0.06433,0.06433
2026-05-22T00:00:00Z,LUNAUSDT,0.00005,0.06457,0.06457
2026-05-22T04:00:00Z,LUNAUSDT,0.00005,0.06465,0.06465
2026-05-22T08:00:00Z,LUNAUSDT,0.00005,0.0645,0.0645
2026-05-22T12:00:00Z,LUNAUSDT,0.00005,0.06431,0.06431
2026-05-22T16:00:00Z,LUNAUSDT,0.00005,0.06422,0.06422
2026-05-22T20:00:00Z,LUNAUSDT,0.00005,0.06235,0.06235
2026-05-23T00:00:00Z,LUNAUSDT,0.00005,0.06163,0.06163
2026-05-23T04:00:00Z,LUNAUSDT,0.00005,0.06253,0.06253
2026-05-23T08:00:00Z,LUNAUSDT,0.00005,0.0607,0.0607
2026-05-23T12:00:00Z,LUNAUSDT,0.00005,0.0608,0.0608
2026-05-23T16:00:00Z,LUNAUSDT,0.00005,0.06216,0.06216
2026-05-23T20:00:00Z,LUNAUSDT,0.00005,0.06236,0.06236
2026-05-24T00:00:00Z,LUNAUSDT,0.00005,0.06332,0.06332
2026-05-24T04:00:00Z,LUNAUSDT,0.00005,0.06289,0.06289
2026-05-24T08:00:00Z,LUNAUSDT,0.00005,0.06252,0.06252
2026-05-24T12:00:00Z,LUNAUSDT,0.00005,0.06252,0.06252
2026-05-24T16:00:00Z,LUNAUSDT,0.00005,0.06174,0.06174
2026-05-24T20:00:00Z,LUNAUSDT,0.00005,0.06178,0.06178
2026-05-25T00:00:00Z,LUNAUSDT,0.00005,0.06097,0.06097
2026-05-25T04:00:00Z,LUNAUSDT,0.00005,0.06103,0.06103
2026-05-25T08:00:00Z,LUNAUSDT,0.00005,0.0615,0.0615
2026-05-25T12:00:00Z,LUNAUSDT,0.00005,0.06185,0.06185
2026-05-25T16:00:00Z,LUNAUSDT,0.00005,0.06209,0.06209
2026-05-25T20:00:00Z,LUNAUSDT,0.00005,0.06195,0.06195
2026-05-26T00:00:00Z,LUNAUSDT,0.00005,0.0617,0.0617
2026-05-26T04:00:00Z,LUNAUSDT,0.00005,0.06108,0.06108
2026-05-26T08:00:00Z,LUNAUSDT,0.00005,0.06122,0.06122
2026-05-26T12:00:00Z,LUNAUSDT,0.00005,0.06206,0.06206
2026-05-26T16:00:00Z,LUNAUSDT,0.00005,0.06129,0.06129
2026-05-26T20:00:00Z,LUNAUSDT,0.00005,0.06105,0.06105
2026-05-27T00:00:00Z,LUNAUSDT,0.00005,0.06338,0.06338
2026-05-27T04:00:00Z,LUNAUSDT,0.00005,0.062,0.062
2026-05-27T08:00:00Z,LUNAUSDT,-0.000270385893708261,0.06279,0.06279
2026-05-27T12:00:00Z,LUNAUSDT,0.00005,0.06334,0.06334
2026-05-27T16:00:00Z,LUNAUSDT,0.00005,0.06415,0.06415
2026-05-27T20:00:00Z,LUNAUSDT,0.00005,0.06293,0.06293
2026-05-28T00:00:00Z,LUNAUSDT,0.00005,0.06105,0.06105
2026-05-28T04:00:00Z,LUNAUSDT,0.00005,0.05901,0.05901
2026-05-28T08:00:00Z,LUNAUSDT,0.00005,0.05881,0.05881
2026-05-28T12:00:00Z,LUNAUSDT,0.00005,0.05844,0.05844
2026-05-28T16:00:00Z,LUNAUSDT,0.00005,0.05855,0.05855
2026-05-28T20:00:00Z,LUNAUSDT,0.00005,0.05934,0.05934
2026-05-29T00:00:00Z,LUNAUSDT,0.00005,0.05936,0.05936
2026-05-29T04:00:00Z,LUNAUSDT,0.00005,0.0591,0.0591
2026-05-29T08:00:00Z,LUNAUSDT,0.00005,0.05888,0.05888
2026-05-29T12:00:00Z,LUNAUSDT,0.00005,0.05974,0.05974
2026-05-29T16:00:00Z,LUNAUSDT,0.00005,0.05985,0.05985
2026-05-29T20:00:00Z,LUNAUSDT,0.00005,0.06037,0.06037
2026-05-30T00:00:00Z,LUNAUSDT,0.00005,0.0597,0.0597
2026-05-30T04:00:00Z,LUNAUSDT,0.00005,0.06092,0.06092
2026-05-30T08:00:00Z,LUNAUSDT,0.00005,0.06057,0.06057
2026-05-30T12:00:00Z,LUNAUSDT,0.00005,0.06018,0.06018
2026-05-30T16:00:00Z,LUNAUSDT,0.00005,0.06032,0.06032
2026-05-30T20:00:00Z,LUNAUSDT,0.00005,0.06028,0.06028
2026-05-31T00:00:00Z,LUNAUSDT,0.00005,0.05995,0.05995
2026-05-31T04:00:00Z,LUNAUSDT,0.00005,0.06066,0.06066
2026-05-31T08:00:00Z,LUNAUSDT,0.00005,0.0603,0.0603
2026-05-31T12:00:00Z,LUNAUSDT,0.00005,0.06067,0.06067
2026-05-31T16:00:00Z,LUNAUSDT,0.00005,0.06188,0.06188
2026-05-31T20:00:00Z,LUNAUSDT,0.00005,0.06235,0.06235
2026-06-01T00:00:00Z,LUNAUSDT,0.00005,0.06111,0.06111
2026-06-01T04:00:00Z,LUNAUSDT,0.00005,0.06191,0.06191
2026-06-01T08:00:00Z,LUNAUSDT,0.00005,0.06114,0.06114
2026-06-01T12:00:00Z,LUNAUSDT,0.00005,0.06034,0.06034
2026-06-01T16:00:00Z,LUNAUSDT,0.00005,0.0595,0.0595
2026-06-01T20:00:00Z,LUNAUSDT,0.00005,0.06048,0.06048
2026-06-02T00:00:00Z,LUNAUSDT,0.00005,0.06037,0.06037
2026-06-02T04:00:00Z,LUNAUSDT,0.00005,0.06024,0.06024
2026-06-02T08:00:00Z,LUNAUSDT,0.00005,0.05919,0.05919
2026-06-02T12:00:00Z,LUNAUSDT,0.00005,0.0592,0.0592
2026-06-02T16:00:00Z,LUNAUSDT,0.00005,0.05657,0.05657
2026-06-02T20:00:00Z,LUNAUSDT,0.00005,0.05657,0.05657
2026-06-03T00:00:00Z,LUNAUSDT,0.00005,0.05586,0.05586
2026-06-03T04:00:00Z,LUNAUSDT,0.00005,0.05541,0.05541
2026-06-03T08:00:00Z,LUNAUSDT,0.00005,0.05743,0.05743
2026-06-03T12:00:00Z,LUNAUSDT,0.00005,0.05768,0.05768
2026-06-03T16:00:00Z,LUNAUSDT,0.00005,0.0574,0.0574
2026-06-03T20:00:00Z,LUNAUSDT,0.00005,0.05675,0.05675
2026-06-04T00:00:00Z,LUNAUSDT,0.00005,0.05674,0.05674
2026-06-04T04:00:00Z,LUNAUSDT,0.00005,0.05525,0.05525
2026-06-04T08:00:00Z,LUNAUSDT,0.00005,0.05433,0.05433
2026-06-04T12:00:00Z,LUNAUSDT,0.00005,0.05348,0.05348
2026-06-04T16:00:00Z,LUNAUSDT,0.00005,0.05518,0.05518
2026-06-04T20:00:00Z,LUNAUSDT,0.00005,0.05416,0.05416
2026-06-05T00:00:00Z,LUNAUSDT,0.00005,0.05366,0.05366
2026-06-05T04:00:00Z,LUNAUSDT,0.00005,0.05223,0.05223
2026-06-05T08:00:00Z,LUNAUSDT,0.00005,0.05138,0.05138
2026-06-05T12:00:00Z,LUNAUSDT,0.00005,0.05142,0.05142
2026-06-05T16:00:00Z,LUNAUSDT,0.00005,0.05,0.05
2026-06-05T20:00:00Z,LUNAUSDT,0.00005,0.04937,0.04937
2026-06-06T00:00:00Z,LUNAUSDT,0.00005,0.05004,0.05004
2026-06-06T04:00:00Z,LUNAUSDT,0.00005,0.04913,0.04913
2026-06-06T08:00:00Z,LUNAUSDT,0.00005,0.04911,0.04911
2026-06-06T12:00:00Z,LUNAUSDT,0.00005,0.049,0.049
2026-06-06T16:00:00Z,LUNAUSDT,0.00005,0.04927,0.04927
2026-06-06T20:00:00Z,LUNAUSDT,0.00005,0.04898,0.04898
2026-06-07T00:00:00Z,LUNAUSDT,0.00005,0.04955,0.04955
2026-06-07T04:00:00Z,LUNAUSDT,0.00005,0.05086,0.05086
2026-06-07T08:00:00Z,LUNAUSDT,0.00005,0.05097,0.05097
2026-06-07T12:00:00Z,LUNAUSDT,0.00005,0.05111,0.05111
2026-06-07T16:00:00Z,LUNAUSDT,0.00005,0.05109,0.05109
2026-06-07T20:00:00Z,LUNAUSDT,0.00005,0.04997,0.04997
2026-06-08T00:00:00Z,LUNAUSDT,0.00005,0.05165,0.05165
2026-06-08T04:00:00Z,LUNAUSDT,0.00005,0.05179,0.05179
2026-06-08T08:00:00Z,LUNAUSDT,0.00005,0.05266,0.05266
2026-06-08T12:00:00Z,LUNAUSDT,0.00005,0.05233,0.05233
2026-06-08T16:00:00Z,LUNAUSDT,0.00005,0.05334,0.05334
2026-06-08T20:00:00Z,LUNAUSDT,0.00005,0.05353,0.05353
2026-06-09T00:00:00Z,LUNAUSDT,0.00005,0.05293,0.05293
2026-06-09T04:00:00Z,LUNAUSDT,0.00005,0.05222,0.05222
2026-06-09T08:00:00Z,LUNAUSDT,0.00005,0.05233,0.05233
2026-06-09T12:00:00Z,LUNAUSDT,0.00005,0.05237,0.05237
2026-06-09T16:00:00Z,LUNAUSDT,0.00005,0.05141,0.05141
2026-06-09T20:00:00Z,LUNAUSDT,0.00005,0.05215,0.05215
2026-06-10T00:00:00Z,LUNAUSDT,0.00005,0.0522,0.0522
2026-06-10T04:00:00Z,LUNAUSDT,0.00005,0.05164,0.05164
2026-06-10T08:00:00Z,LUNAUSDT,0.00005,0.05137,0.05137
2026-06-10T12:00:00Z,LUNAUSDT,0.00005,0.0503,0.0503
2026-06-10T16:00:00Z,LUNAUSDT,0.00005,0.05179,0.05179
2026-06-10T20:00:00Z,LUNAUSDT,0.00005,0.05041,0.05041
2026-06-11T00:00:00Z,LUNAUSDT,0.00005,0.05032,0.05032
2026-06-11T04:00:00Z,LUNAUSDT,0.00005,0.05135,0.05135
2026-06-11T08:00:00Z,LUNAUSDT,0.00005,0.05126,0.05126
2026-06-11T12:00:00Z,LUNAUSDT,0.00005,0.0511,0.0511
2026-06-11T16:00:00Z,LUNAUSDT,0.00005,0.05126,0.05126
2026-06-11T20:00:00Z,LUNAUSDT,0.00005,0.05168,0.05168
2026-06-12T00:00:00Z,LUNAUSDT,0.00005,0.05164,0.05164
2026-06-12T04:00:00Z,LUNAUSDT,0.00005,0.0517,0.0517
2026-06-12T08:00:00Z,LUNAUSDT,0.00005,0.05113,0.05113
2026-06-12T12:00:00Z,LUNAUSDT,0.00005,0.05161,0.05161
2026-06-12T16:00:00Z,LUNAUSDT,0.00005,0.0516,0.0516
2026-06-12T20:00:00Z,LUNAUSDT,0.00005,0.05213,0.05213
2026-06-13T00:00:00Z,LUNAUSDT,0.00005,0.05205,0.05205
2026-06-13T04:00:00Z,LUNAUSDT,0.00005,0.05196,0.05196
2026-06-13T08:00:00Z,LUNAUSDT,0.00005,0.05218,0.05218
2026-06-13T12:00:00Z,LUNAUSDT,0.00005,0.05255,0.05255
2026-06-13T16:00:00Z,LUNAUSDT,0.00005,0.05279,0.05279
2026-06-13T20:00:00Z,LUNAUSDT,0.00005,0.05305,0.05305
2026-06-14T00:00:00Z,LUNAUSDT,0.00005,0.05229,0.05229
2026-06-14T04:00:00Z,LUNAUSDT,0.00005,0.0525,0.0525
2026-06-14T08:00:00Z,LUNAUSDT,0.00005,0.05184,0.05184
2026-06-14T12:00:00Z,LUNAUSDT,0.00005,0.05213,0.05213
2026-06-14T16:00:00Z,LUNAUSDT,0.00005,0.05119,0.05119
2026-06-14T20:00:00Z,LUNAUSDT,0.00005,0.05221,0.05221
2026-06-15T00:00:00Z,LUNAUSDT,0.00005,0.05261,0.05261
2026-06-15T04:00:00Z,LUNAUSDT,0.00005,0.05344,0.05344
2026-06-15T08:00:00Z,LUNAUSDT,0.00005,0.05274,0.05274
2026-06-15T12:00:00Z,LUNAUSDT,0.00005,0.05405,0.05405
2026-06-15T16:00:00Z,LUNAUSDT,0.00005,0.05441,0.05441
2026-06-15T20:00:00Z,LUNAUSDT,0.00005,0.05387,0.05387
2026-06-16T00:00:00Z,LUNAUSDT,0.00005,0.05346,0.05346
2026-06-16T04:00:00Z,LUNAUSDT,0.00005,0.05366,0.05366
2026-06-16T08:00:00Z,LUNAUSDT,0.00005,0.05364,0.05364
2026-06-16T12:00:00Z,LUNAUSDT,0.00005,0.05379,0.05379
2026-06-16T16:00:00Z,LUNAUSDT,0.00005,0.05288,0.05288
2026-06-16T20:00:00Z,LUNAUSDT,0.00005,0.05323,0.05323
2026-06-17T00:00:00Z,LUNAUSDT,0.00005,0.05393,0.05393
2026-06-17T04:00:00Z,LUNAUSDT,0.00005,0.05437,0.05437
2026-06-17T08:00:00Z,LUNAUSDT,0.00005,0.05257,0.05257
2026-06-17T12:00:00Z,LUNAUSDT,0.00005,0.05328,0.05328
2026-06-17T16:00:00Z,LUNAUSDT,0.00005,0.05249,0.05249
2026-06-17T20:00:00Z,LUNAUSDT,0.00005,0.05266,0.05266
2026-06-18T00:00:00Z,LUNAUSDT,0.00005,0.05309,0.05309
2026-06-18T04:00:00Z,LUNAUSDT,0.00005,0.05268,0.05268
2026-06-18T08:00:00Z,LUNAUSDT,0.00005,0.05288,0.05288
2026-06-18T12:00:00Z,LUNAUSDT,0.00005,0.05174,0.05174
2026-06-18T16:00:00Z,LUNAUSDT,0.00005,0.05066,0.05066
2026-06-18T20:00:00Z,LUNAUSDT,0.00005,0.05134,0.05134
2026-06-19T00:00:00Z,LUNAUSDT,0.00005,0.05181,0.05181
2026-06-19T04:00:00Z,LUNAUSDT,0.00005,0.05165,0.05165
2026-06-19T08:00:00Z,LUNAUSDT,0.00005,0.05111,0.05111
2026-06-19T12:00:00Z,LUNAUSDT,0.00005,0.05105,0.05105
2026-06-19T16:00:00Z,LUNAUSDT,0.00005,0.05165,0.05165
2026-06-19T20:00:00Z,LUNAUSDT,0.00005,0.05136,0.05136
2026-06-20T00:00:00Z,LUNAUSDT,0.00005,0.05188,0.05188
2026-06-20T04:00:00Z,LUNAUSDT,0.00005,0.05137,0.05137
2026-06-20T08:00:00Z,LUNAUSDT,0.00005,0.05194,0.05194
2026-06-20T12:00:00Z,LUNAUSDT,0.00005,0.05174,0.05174
2026-06-20T16:00:00Z,LUNAUSDT,0.00005,0.05207,0.05207
2026-06-20T20:00:00Z,LUNAUSDT,0.00005,0.05173,0.05173
2026-06-21T00:00:00Z,LUNAUSDT,0.00005,0.05198,0.05198
2026-06-21T04:00:00Z,LUNAUSDT,0.00005,0.05206,0.05206
2026-06-21T08:00:00Z,LUNAUSDT,0.00005,0.05216,0.05216
2026-06-21T12:00:00Z,LUNAUSDT,0.00005,0.05205,0.05205
2026-06-21T16:00:00Z,LUNAUSDT,0.00005,0.05226,0.05226
2026-06-21T20:00:00Z,LUNAUSDT,0.00005,0.05232,0.05232
2026-06-22T00:00:00Z,LUNAUSDT,0.00005,0.05235,0.05235
2026-06-22T04:00:00Z,LUNAUSDT,0.00005,0.05188,0.05188
2026-06-22T08:00:00Z,LUNAUSDT,0.00005,0.05214,0.05214
2026-06-22T12:00:00Z,LUNAUSDT,0.00005,0.05248,0.05248
2026-06-22T16:00:00Z,LUNAUSDT,0.00005,0.05214,0.05214
2026-06-22T20:00:00Z,LUNAUSDT,0.00005,0.0518,0.0518
2026-06-23T00:00:00Z,LUNAUSDT,0.00005,0.05197,0.05197
2026-06-23T04:00:00Z,LUNAUSDT,0.00005,0.05152,0.05152
2026-06-23T08:00:00Z,LUNAUSDT,0.00005,0.04992,0.04992
2026-06-23T12:00:00Z,LUNAUSDT,0.00005,0.04972,0.04972
2026-06-23T16:00:00Z,LUNAUSDT,0.00005,0.0495,0.0495
2026-06-23T20:00:00Z,LUNAUSDT,0.00005,0.04944,0.04944
2026-06-24T00:00:00Z,LUNAUSDT,0.00005,0.0495,0.0495
2026-06-24T04:00:00Z,LUNAUSDT,0.00005,0.04914,0.04914
2026-06-24T08:00:00Z,LUNAUSDT,0.00005,0.04931,0.04931
2026-06-24T12:00:00Z,LUNAUSDT,0.00005,0.04907,0.04907
2026-06-24T16:00:00Z,LUNAUSDT,0.00005,0.04762,0.04762
2026-06-24T20:00:00Z,LUNAUSDT,0.00005,0.04743,0.04743
2026-06-25T00:00:00Z,LUNAUSDT,0.00005,0.04827,0.04827
2026-06-25T04:00:00Z,LUNAUSDT,0.00005,0.04808,0.04808
2026-06-25T08:00:00Z,LUNAUSDT,0.00005,0.04887,0.04887
2026-06-25T12:00:00Z,LUNAUSDT,0.00005,0.04853,0.04853
2026-06-25T16:00:00Z,LUNAUSDT,0.00005,0.04749,0.04749
2026-06-25T20:00:00Z,LUNAUSDT,0.00005,0.04751,0.04751
2026-06-26T00:00:00Z,LUNAUSDT,0.00005,0.04937,0.04937
2026-06-26T04:00:00Z,LUNAUSDT,0.00005,0.04873,0.04873
2026-06-26T08:00:00Z,LUNAUSDT,0.00005,0.04934,0.04934
2026-06-26T12:00:00Z,LUNAUSDT,0.00005,0.04801,0.04801
2026-06-26T16:00:00Z,LUNAUSDT,0.00005,0.05065,0.05065
2026-06-26T20:00:00Z,LUNAUSDT,0.00005,0.04948,0.04948
2026-06-27T00:00:00Z,LUNAUSDT,0.00005,0.04992,0.04992
2026-06-27T04:00:00Z,LUNAUSDT,0.00005,0.0515,0.0515
2026-06-27T08:00:00Z,LUNAUSDT,0.00005,0.05053,0.05053
2026-06-27T12:00:00Z,LUNAUSDT,0.00005,0.04989,0.04989
2026-06-27T16:00:00Z,LUNAUSDT,0.00005,0.04973,0.04973
2026-06-27T20:00:00Z,LUNAUSDT,0.00005,0.04891,0.04891
2026-06-28T00:00:00Z,LUNAUSDT,0.00005,0.04825,0.04825
2026-06-28T04:00:00Z,LUNAUSDT,0.00005,0.04882,0.04882
2026-06-28T08:00:00Z,LUNAUSDT,0.00005,0.04874,0.04874
2026-06-28T12:00:00Z,LUNAUSDT,0.00005,0.0485,0.0485
2026-06-28T16:00:00Z,LUNAUSDT,0.00005,0.04817,0.04817
2026-06-28T20:00:00Z,LUNAUSDT,0.00005,0.04771,0.04771
2026-06-29T00:00:00Z,LUNAUSDT,0.00005,0.04795,0.04795
2026-06-29T04:00:00Z,LUNAUSDT,0.00005,0.04827,0.04827
2026-06-29T08:00:00Z,LUNAUSDT,0.00005,0.04813,0.04813
2026-06-29T12:00:00Z,LUNAUSDT,0.00005,0.04807,0.04807
2026-06-29T16:00:00Z,LUNAUSDT,0.00005,0.04815,0.04815
2026-06-29T20:00:00Z,LUNAUSDT,0.00005,0.04849,0.04849
2026-06-30T00:00:00Z,LUNAUSDT,0.00005,0.04817,0.04817
2026-06-30T04:00:00Z,LUNAUSDT,0.00005,0.04776,0.04776
2026-06-30T08:00:00Z,LUNAUSDT,0.00005,0.04756,0.04756
2026-06-30T12:00:00Z,LUNAUSDT,0.00005,0.04696,0.04696
2026-06-30T16:00:00Z,LUNAUSDT,0.00005,0.04714,0.04714
2026-06-30T20:00:00Z,LUNAUSDT,0.00005,0.04645,0.04645
2026-07-01T00:00:00Z,LUNAUSDT,0.00005,0.04737,0.04737
2026-07-01T04:00:00Z,LUNAUSDT,0.00005,0.04647,0.04647
2026-07-01T08:00:00Z,LUNAUSDT,0.00005,0.04704,0.04704
2026-07-01T12:00:00Z,LUNAUSDT,0.00005,0.04624,0.04624
2026-07-01T16:00:00Z,LUNAUSDT,0.00005,0.0467,0.0467
2026-07-01T20:00:00Z,LUNAUSDT,0.00005,0.0465,0.0465
2026-07-02T00:00:00Z,LUNAUSDT,0.00005,0.04657,0.04657
2026-07-02T04:00:00Z,LUNAUSDT,0.00005,0.04736,0.04736
2026-07-02T08:00:00Z,LUNAUSDT,0.00005,0.04688,0.04688
2026-07-02T12:00:00Z,LUNAUSDT,0.00005,0.04756,0.04756
2026-07-02T16:00:00Z,LUNAUSDT,0.00005,0.04773,0.04773
2026-07-02T20:00:00Z,LUNAUSDT,0.000326206745757255,0.0481,0.0481
2026-07-03T00:00:00Z,LUNAUSDT,0.00005,0.04832,0.04832
2026-07-03T04:00:00Z,LUNAUSDT,0.00005,0.04872,0.04872
2026-07-03T08:00:00Z,LUNAUSDT,0.00005,0.04857,0.04857
2026-07-03T12:00:00Z,LUNAUSDT,0.00005,0.049,0.049
2026-07-03T16:00:00Z,LUNAUSDT,0.00005,0.04948,0.04948
2026-07-03T20:00:00Z,LUNAUSDT,0.00005,0.05018,0.05018
2026-07-04T00:00:00Z,LUNAUSDT,0.00005,0.05028,0.05028
2026-07-04T04:00:00Z,LUNAUSDT,0.00005,0.05074,0.05074
2026-07-04T08:00:00Z,LUNAUSDT,0.00005,0.05019,0.05019
2026-07-04T12:00:00Z,LUNAUSDT,0.00005,0.05024,0.05024
2026-07-04T16:00:00Z,LUNAUSDT,0.00005,0.05033,0.05033
2026-07-04T20:00:00Z,LUNAUSDT,0.00005,0.05068,0.05068
2026-07-05T00:00:00Z,LUNAUSDT,0.00005,0.05034,0.05034
2026-07-05T04:00:00Z,LUNAUSDT,0.00005,0.0496,0.0496
2026-07-05T08:00:00Z,LUNAUSDT,0.00005,0.04931,0.04931
2026-07-05T12:00:00Z,LUNAUSDT,0.00005,0.04896,0.04896
2026-07-05T16:00:00Z,LUNAUSDT,0.00005,0.04935,0.04935
2026-07-05T20:00:00Z,LUNAUSDT,0.00005,0.0494,0.0494
2026-07-06T00:00:00Z,LUNAUSDT,0.00005,0.04937,0.04937
2026-07-06T04:00:00Z,LUNAUSDT,0.00005,0.04936,0.04936
2026-07-06T08:00:00Z,LUNAUSDT,0.00005,0.04876,0.04876
2026-07-06T12:00:00Z,LUNAUSDT,0.00005,0.04808,0.04808
2026-07-06T16:00:00Z,LUNAUSDT,0.00005,0.04908,0.04908
2026-07-06T20:00:00Z,LUNAUSDT,0.00005,0.04952,0.04952
2026-07-07T00:00:00Z,LUNAUSDT,0.00005,0.04984,0.04984
2026-07-07T04:00:00Z,LUNAUSDT,0.00005,0.04949,0.04949
2026-07-07T08:00:00Z,LUNAUSDT,0.00005,0.049,0.049
2026-07-07T12:00:00Z,LUNAUSDT,0.00005,0.04897,0.04897
2026-07-07T16:00:00Z,LUNAUSDT,0.00005,0.04874,0.04874
2026-07-07T20:00:00Z,LUNAUSDT,0.00005,0.04931,0.04931
2026-07-08T00:00:00Z,LUNAUSDT,0.00005,0.05046,0.05046
2026-07-08T04:00:00Z,LUNAUSDT,0.00005,0.04964,0.04964
2026-07-08T08:00:00Z,LUNAUSDT,0.00005,0.04826,0.04826
2026-07-08T12:00:00Z,LUNAUSDT,0.00005,0.04745,0.04745
2026-07-08T16:00:00Z,LUNAUSDT,0.00005,0.04738,0.04738
2026-07-08T20:00:00Z,LUNAUSDT,0.00005,0.04789,0.04789
2026-07-09T00:00:00Z,LUNAUSDT,0.00005,0.04772,0.04772
2026-07-09T04:00:00Z,LUNAUSDT,0.00005,0.0478,0.0478
2026-07-09T08:00:00Z,LUNAUSDT,0.00005,0.04853,0.04853
2026-07-09T12:00:00Z,LUNAUSDT,0.00005,0.04846,0.04846
2026-07-09T16:00:00Z,LUNAUSDT,0.00005,0.04857,0.04857
2026-07-09T20:00:00Z,LUNAUSDT,0.00005,0.04916,0.04916
2026-07-10T00:00:00Z,LUNAUSDT,0.00005,0.04849,0.04849
2026-07-10T04:00:00Z,LUNAUSDT,0.00005,0.04882,0.04882
2026-07-10T08:00:00Z,LUNAUSDT,0.00005,0.04891,0.04891
2026-07-10T12:00:00Z,LUNAUSDT,0.00005,0.04871,0.04871
2026-07-10T16:00:00Z,LUNAUSDT,0.00005,0.04875,0.04875
2026-07-10T20:00:00Z,LUNAUSDT,0.00005,0.04896,0.04896
2026-07-11T00:00:00Z,LUNAUSDT,0.00005,0.04881,0.04881
2026-07-11T04:00:00Z,LUNAUSDT,0.00005,0.04935,0.04935
2026-07-11T08:00:00Z,LUNAUSDT,0.00005,0.04873,0.04873
2026-07-11T12:00:00Z,LUNAUSDT,0.00005,0.04899,0.04899
2026-07-11T16:00:00Z,LUNAUSDT,0.00005,0.04957,0.04957
2026-07-11T20:00:00Z,LUNAUSDT,0.00005,0.04997,0.04997
2026-07-12T00:00:00Z,LUNAUSDT,0.00005,0.04877,0.04877
2026-07-12T04:00:00Z,LUNAUSDT,0.00005,0.04894,0.04894
2026-07-12T08:00:00Z,LUNAUSDT,0.00005,0.04826,0.04826
2026-07-12T12:00:00Z,LUNAUSDT,0.00005,0.04894,0.04894
2026-07-12T16:00:00Z,LUNAUSDT,0.00005,0.04852,0.04852
2026-07-12T20:00:00Z,LUNAUSDT,0.00005,0.04816,0.04816
2026-07-13T00:00:00Z,LUNAUSDT,0.00005,0.04759,0.04759
2026-07-13T04:00:00Z,LUNAUSDT,0.00005,0.04666,0.04666
2026-07-13T08:00:00Z,LUNAUSDT,0.00005,0.04719,0.04719
2026-07-13T12:00:00Z,LUNAUSDT,0.00005,0.04693,0.04693
2026-07-13T16:00:00Z,LUNAUSDT,0.00005,0.04722,0.04722
