timestamp,symbol,rate,mark_price,spot_price
2025-01-24T12:00:00Z,PIPPINUSDT,0.00005,0.1287,0.1287
2025-01-24T16:00:00Z,PIPPINUSDT,0.00005,0.12704,0.12704
2025-01-24T20:00:00Z,PIPPINUSDT,-0.001339894002169099,0.12638,0.12638
2025-01-25T00:00:00Z,PIPPINUSDT,-0.002287421568054414,0.11203,0.11203
2025-01-25T04:00:00Z,PIPPINUSDT,0.00005,0.13114,0.13114
2025-01-25T08:00:00Z,PIPPINUSDT,0.00005,0.12444,0.12444
2025-01-25T12:00:00Z,PIPPINUSDT,0.00005,0.1224,0.1224
2025-01-25T16:00:00Z,PIPPINUSDT,0.00005,0.13462,0.13462
2025-01-25T20:00:00Z,PIPPINUSDT,0.00005,0.14899,0.14899
2025-01-26T00:00:00Z,PIPPINUSDT,0.00005,0.13888,0.13888
2025-01-26T04:00:00Z,PIPPINUSDT,0.00005,0.14054,0.14054
2025-01-26T08:00:00Z,PIPPINUSDT,0.00005,0.13083,0.13083
2025-01-26T12:00:00Z,PIPPINUSDT,0.00005,0.13092,0.13092
2025-01-26T16:00:00Z,PIPPINUSDT,0.00005,0.12542,0.12542
2025-01-26T20:00:00Z,PIPPINUSDT,0.00005,0.12184,0.12184
2025-01-27T00:00:00Z,PIPPINUSDT,0.00005,0.10916,0.10916
2025-01-27T04:00:00Z,PIPPINUSDT,0.00005,0.10191,0.10191
2025-01-27T08:00:00Z,PIPPINUSDT,0.00005,0.09022,0.09022
2025-01-27T12:00:00Z,PIPPINUSDT,0.00005,0.09161,0.09161
2025-01-27T16:00:00Z,PIPPINUSDT,0.00005,0.09763,0.09763
2025-01-27T20:00:00Z,PIPPINUSDT,0.00005,0.09136,0.09136
2025-01-28T00:00:00Z,PIPPINUSDT,0.00005,0.10317,0.10317
2025-01-28T04:00:00Z,PIPPINUSDT,0.00005,0.09889,0.09889
2025-01-28T08:00:00Z,PIPPINUSDT,0.00005,0.09257,0.09257
2025-01-28T12:00:00Z,PIPPINUSDT,0.00005,0.0898,0.0898
2025-01-28T16:00:00Z,PIPPINUSDT,0.00005,0.08711,0.08711
2025-01-28T20:00:00Z,PIPPINUSDT,0.00005,0.08006,0.08006
2025-01-29T00:00:00Z,PIPPINUSDT,0.00005,0.07741,0.07741
2025-01-29T04:00:00Z,PIPPINUSDT,0.00005,0.07843,0.07843
2025-01-29T08:00:00Z,PIPPINUSDT,0.00005,0.08107,0.08107
2025-01-29T12:00:00Z,PIPPINUSDT,0.00005,0.07592,0.07592
2025-01-29T16:00:00Z,PIPPINUSDT,0.00005,0.07218,0.07218
2025-01-29T20:00:00Z,PIPPINUSDT,0.00005,0.0763,0.0763
2025-01-30T00:00:00Z,PIPPINUSDT,0.00005,0.07372,0.07372
2025-01-30T04:00:00Z,PIPPINUSDT,0.00005,0.07677,0.07677
2025-01-30T08:00:00Z,PIPPINUSDT,0.00005,0.07351,0.07351
2025-01-30T12:00:00Z,PIPPINUSDT,0.00005,0.07178,0.07178
2025-01-30T16:00:00Z,PIPPINUSDT,0.00005,0.07224,0.07224
2025-01-30T20:00:00Z,PIPPINUSDT,0.00005,0.06851,0.06851
2025-01-31T00:00:00Z,PIPPINUSDT,0.00005,0.06062,0.06062
2025-01-31T04:00:00Z,PIPPINUSDT,0.00005,0.05784,0.05784
2025-01-31T08:00:00Z,PIPPINUSDT,0.00005,0.05737,0.05737
2025-01-31T12:00:00Z,PIPPINUSDT,0.00005,0.05782,0.05782
2025-01-31T16:00:00Z,PIPPINUSDT,0.00005,0.0561,0.0561
2025-01-31T20:00:00Z,PIPPINUSDT,0.00005,0.04926,0.04926
2025-02-01T00:00:00Z,PIPPINUSDT,0.00005,0.04881,0.04881
2025-02-01T04:00:00Z,PIPPINUSDT,0.00005,0.05051,0.05051
2025-02-01T08:00:00Z,PIPPINUSDT,0.00005,0.05015,0.05015
2025-02-01T12:00:00Z,PIPPINUSDT,0.00005,0.04754,0.04754
2025-02-01T16:00:00Z,PIPPINUSDT,0.00005,0.04629,0.04629
2025-02-01T20:00:00Z,PIPPINUSDT,0.00005,0.04143,0.04143
2025-02-02T00:00:00Z,PIPPINUSDT,0.000176927052579813,0.03798,0.03798
2025-02-02T04:00:00Z,PIPPINUSDT,0.00005,0.03612,0.03612
2025-02-02T08:00:00Z,PIPPINUSDT,0.00005,0.03429,0.03429
2025-02-02T12:00:00Z,PIPPINUSDT,0.000108909516961156,0.03279,0.03279
2025-02-02T16:00:00Z,PIPPINUSDT,0.00005,0.03414,0.03414
2025-02-02T20:00:00Z,PIPPINUSDT,0.00005,0.03284,0.03284
2025-02-03T00:00:00Z,PIPPINUSDT,0.00005,0.03318,0.03318
2025-02-03T04:00:00Z,PIPPINUSDT,0.00005,0.03123,0.03123
2025-02-03T08:00:00Z,PIPPINUSDT,0.00005,0.03293,0.03293
2025-02-03T12:00:00Z,PIPPINUSDT,0.00005,0.03512,0.03512
2025-02-03T16:00:00Z,PIPPINUSDT,0.00005,0.04281,0.04281
2025-02-03T20:00:00Z,PIPPINUSDT,0.00005,0.04713,0.04713
2025-02-04T00:00:00Z,PIPPINUSDT,0.00005,0.04564,0.04564
2025-02-04T04:00:00Z,PIPPINUSDT,0.00005,0.04802,0.04802
2025-02-04T08:00:00Z,PIPPINUSDT,0.00005,0.03971,0.03971
2025-02-04T12:00:00Z,PIPPINUSDT,0.00005,0.03994,0.03994
2025-02-04T16:00:00Z,PIPPINUSDT,0.00005,0.04293,0.04293
2025-02-04T20:00:00Z,PIPPINUSDT,0.00005,0.04076,0.04076
2025-02-05T00:00:00Z,PIPPINUSDT,0.00005,0.03528,0.03528
2025-02-05T04:00:00Z,PIPPINUSDT,0.00005,0.03943,0.03943
2025-02-05T08:00:00Z,PIPPINUSDT,0.00005,0.03848,0.03848
2025-02-05T12:00:00Z,PIPPINUSDT,0.00005,0.03789,0.03789
2025-02-05T16:00:00Z,PIPPINUSDT,0.00005,0.03585,0.03585
2025-02-05T20:00:00Z,PIPPINUSDT,0.00005,0.03462,0.03462
2025-02-06T00:00:00Z,PIPPINUSDT,0.00009905492733558,0.03284,0.03284
2025-02-06T04:00:00Z,PIPPINUSDT,0.00005,0.03309,0.03309
2025-02-06T08:00:00Z,PIPPINUSDT,0.00005,0.032,0.032
2025-02-06T12:00:00Z,PIPPINUSDT,0.00005,0.03046,0.03046
2025-02-06T16:00:00Z,PIPPINUSDT,0.00005,0.02866,0.02866
2025-02-06T20:00:00Z,PIPPINUSDT,0.00005,0.02738,0.02738
2025-02-07T00:00:00Z,PIPPINUSDT,0.00005,0.02652,0.02652
2025-02-07T04:00:00Z,PIPPINUSDT,0.00005,0.02881,0.02881
2025-02-07T08:00:00Z,PIPPINUSDT,0.00005,0.02845,0.02845
2025-02-07T12:00:00Z,PIPPINUSDT,0.00005,0.02969,0.02969
2025-02-07T16:00:00Z,PIPPINUSDT,0.00005,0.02851,0.02851
2025-02-07T20:00:00Z,PIPPINUSDT,0.00005,0.02707,0.02707
2025-02-08T00:00:00Z,PIPPINUSDT,0.00005,0.02631,0.02631
2025-02-08T04:00:00Z,PIPPINUSDT,0.00005,0.02583,0.02583
2025-02-08T08:00:00Z,PIPPINUSDT,0.00005,0.02649,0.02649
2025-02-08T12:00:00Z,PIPPINUSDT,0.00005,0.02661,0.02661
2025-02-08T16:00:00Z,PIPPINUSDT,0.00005,0.02596,0.02596
2025-02-08T20:00:00Z,PIPPINUSDT,0.00005,0.02835,0.02835
2025-02-09T00:00:00Z,PIPPINUSDT,0.00005,0.0281,0.0281
2025-02-09T04:00:00Z,PIPPINUSDT,0.00005,0.02836,0.02836
2025-02-09T08:00:00Z,PIPPINUSDT,0.00005,0.02746,0.02746
2025-02-09T12:00:00Z,PIPPINUSDT,0.00005,0.02568,0.02568
2025-02-09T16:00:00Z,PIPPINUSDT,0.00005,0.02461,0.02461
2025-02-09T20:00:00Z,PIPPINUSDT,0.00005,0.0246,0.0246
2025-02-10T00:00:00Z,PIPPINUSDT,0.00005,0.025,0.025
2025-02-10T04:00:00Z,PIPPINUSDT,0.00005,0.02549,0.02549
2025-02-10T08:00:00Z,PIPPINUSDT,0.00005,0.02515,0.02515
2025-02-10T12:00:00Z,PIPPINUSDT,0.00005,0.027,0.027
2025-02-10T16:00:00Z,PIPPINUSDT,0.00005,0.02629,0.02629
2025-02-10T20:00:00Z,PIPPINUSDT,0.00005,0.02515,0.02515
2025-02-11T00:00:00Z,PIPPINUSDT,0.00005,0.02443,0.02443
2025-02-11T04:00:00Z,PIPPINUSDT,0.00005,0.03056,0.03056
2025-02-11T08:00:00Z,PIPPINUSDT,0.00005,0.03275,0.03275
2025-02-11T12:00:00Z,PIPPINUSDT,0.00005,0.03295,0.03295
2025-02-11T16:00:00Z,PIPPINUSDT,0.00005,0.03254,0.03254
2025-02-11T20:00:00Z,PIPPINUSDT,0.00005,0.03044,0.03044
2025-02-12T00:00:00Z,PIPPINUSDT,0.00005,0.03132,0.03132
2025-02-12T04:00:00Z,PIPPINUSDT,0.00005,0.02953,0.02953
2025-02-12T08:00:00Z,PIPPINUSDT,0.00005,0.02762,0.02762
2025-02-12T12:00:00Z,PIPPINUSDT,0.00005,0.02716,0.02716
2025-02-12T16:00:00Z,PIPPINUSDT,0.00005,0.0255,0.0255
2025-02-12T20:00:00Z,PIPPINUSDT,0.00005,0.02641,0.02641
2025-02-13T00:00:00Z,PIPPINUSDT,0.00005,0.03162,0.03162
2025-02-13T04:00:00Z,PIPPINUSDT,0.00005,0.03109,0.03109
2025-02-13T08:00:00Z,PIPPINUSDT,0.00005,0.02785,0.02785
2025-02-13T12:00:00Z,PIPPINUSDT,0.00005,0.02776,0.02776
2025-02-13T16:00:00Z,PIPPINUSDT,0.00005,0.02676,0.02676
2025-02-13T20:00:00Z,PIPPINUSDT,0.00005,0.02551,0.02551
2025-02-14T00:00:00Z,PIPPINUSDT,0.00005,0.02605,0.02605
2025-02-14T04:00:00Z,PIPPINUSDT,0.00005,0.02668,0.02668
2025-02-14T08:00:00Z,PIPPINUSDT,0.00005,0.02601,0.02601
2025-02-14T12:00:00Z,PIPPINUSDT,0.00005,0.02627,0.02627
2025-02-14T16:00:00Z,PIPPINUSDT,0.00005,0.02753,0.02753
2025-02-14T20:00:00Z,PIPPINUSDT,0.00005,0.02776,0.02776
2025-02-15T00:00:00Z,PIPPINUSDT,0.00005,0.02608,0.02608
2025-02-15T04:00:00Z,PIPPINUSDT,0.00005,0.02516,0.02516
2025-02-15T08:00:00Z,PIPPINUSDT,0.00005,0.02539,0.02539
2025-02-15T12:00:00Z,PIPPINUSDT,0.00005,0.02163,0.02163
2025-02-15T16:00:00Z,PIPPINUSDT,0.00005,0.02193,0.02193
2025-02-15T20:00:00Z,PIPPINUSDT,0.00005,0.02406,0.02406
2025-02-16T00:00:00Z,PIPPINUSDT,0.00005,0.02299,0.02299
2025-02-16T04:00:00Z,PIPPINUSDT,0.00005,0.02354,0.02354
2025-02-16T08:00:00Z,PIPPINUSDT,0.00005,0.02328,0.02328
2025-02-16T12:00:00Z,PIPPINUSDT,0.00005,0.02395,0.02395
2025-02-16T16:00:00Z,PIPPINUSDT,0.00005,0.0227,0.0227
2025-02-16T20:00:00Z,PIPPINUSDT,0.00005,0.02263,0.02263
2025-02-17T00:00:00Z,PIPPINUSDT,0.00005,0.02319,0.02319
2025-02-17T04:00:00Z,PIPPINUSDT,0.00005,0.02333,0.02333
2025-02-17T08:00:00Z,PIPPINUSDT,0.00005,0.02232,0.02232
2025-02-17T12:00:00Z,PIPPINUSDT,0.00005,0.02362,0.02362
2025-02-17T16:00:00Z,PIPPINUSDT,0.00005,0.0251,0.0251
2025-02-17T20:00:00Z,PIPPINUSDT,0.00005,0.02515,0.02515
2025-02-18T00:00:00Z,PIPPINUSDT,0.00005,0.02726,0.02726
2025-02-18T04:00:00Z,PIPPINUSDT,0.00005,0.0271,0.0271
2025-02-18T08:00:00Z,PIPPINUSDT,0.00005,0.02425,0.02425
2025-02-18T12:00:00Z,PIPPINUSDT,0.00005,0.02516,0.02516
2025-02-18T16:00:00Z,PIPPINUSDT,0.00005,0.02333,0.02333
2025-02-18T20:00:00Z,PIPPINUSDT,0.00005,0.02362,0.02362
2025-02-19T00:00:00Z,PIPPINUSDT,0.00005,0.02532,0.02532
2025-02-19T04:00:00Z,PIPPINUSDT,0.00005,0.02498,0.02498
2025-02-19T08:00:00Z,PIPPINUSDT,0.00005,0.02475,0.02475
2025-02-19T12:00:00Z,PIPPINUSDT,0.00005,0.02413,0.02413
2025-02-19T16:00:00Z,PIPPINUSDT,0.00005,0.0227,0.0227
2025-02-19T20:00:00Z,PIPPINUSDT,0.00005,0.02217,0.02217
2025-02-20T00:00:00Z,PIPPINUSDT,0.00005,0.02196,0.02196
2025-02-20T04:00:00Z,PIPPINUSDT,0.00005,0.02084,0.02084
2025-02-20T08:00:00Z,PIPPINUSDT,0.00005,0.0209,0.0209
2025-02-20T12:00:00Z,PIPPINUSDT,0.00005,0.0231,0.0231
2025-02-20T16:00:00Z,PIPPINUSDT,0.00005,0.02146,0.02146
2025-02-20T20:00:00Z,PIPPINUSDT,0.00005,0.02265,0.02265
2025-02-21T00:00:00Z,PIPPINUSDT,0.00005,0.02472,0.02472
2025-02-21T04:00:00Z,PIPPINUSDT,0.00005,0.024,0.024
2025-02-21T08:00:00Z,PIPPINUSDT,0.00005,0.02478,0.02478
2025-02-21T12:00:00Z,PIPPINUSDT,0.00005,0.02614,0.02614
2025-02-21T16:00:00Z,PIPPINUSDT,0.00005,0.02417,0.02417
2025-02-21T20:00:00Z,PIPPINUSDT,0.00005,0.02484,0.02484
2025-02-22T00:00:00Z,PIPPINUSDT,0.00005,0.02382,0.02382
2025-02-22T04:00:00Z,PIPPINUSDT,0.00005,0.02349,0.02349
2025-02-22T08:00:00Z,PIPPINUSDT,0.00005,0.02489,0.02489
2025-02-22T12:00:00Z,PIPPINUSDT,0.00005,0.02614,0.02614
2025-02-22T16:00:00Z,PIPPINUSDT,0.00005,0.0275,0.0275
2025-02-22T20:00:00Z,PIPPINUSDT,0.00005,0.02621,0.02621
2025-02-23T00:00:00Z,PIPPINUSDT,0.00005,0.02719,0.02719
2025-02-23T04:00:00Z,PIPPINUSDT,0.00005,0.02577,0.02577
2025-02-23T08:00:00Z,PIPPINUSDT,0.00005,0.02711,0.02711
2025-02-23T12:00:00Z,PIPPINUSDT,0.00005,0.02537,0.02537
2025-02-23T16:00:00Z,PIPPINUSDT,0.00005,0.0234,0.0234
2025-02-23T20:00:00Z,PIPPINUSDT,0.00005,0.02451,0.02451
2025-02-24T00:00:00Z,PIPPINUSDT,0.00005,0.02428,0.02428
2025-02-24T04:00:00Z,PIPPINUSDT,0.00005,0.02258,0.02258
2025-02-24T08:00:00Z,PIPPINUSDT,0.00005,0.02214,0.02214
2025-02-24T12:00:00Z,PIPPINUSDT,0.00005,0.02228,0.02228
2025-02-24T16:00:00Z,PIPPINUSDT,0.00005,0.02186,0.02186
2025-02-24T20:00:00Z,PIPPINUSDT,0.00005,0.02149,0.02149
2025-02-25T00:00:00Z,PIPPINUSDT,0.00005,0.02179,0.02179
2025-02-25T04:00:00Z,PIPPINUSDT,0.00005,0.02132,0.02132
2025-02-25T08:00:00Z,PIPPINUSDT,0.00005,0.02239,0.02239
2025-02-25T12:00:00Z,PIPPINUSDT,0.00005,0.02563,0.02563
2025-02-25T16:00:00Z,PIPPINUSDT,0.00005,0.02677,0.02677
2025-02-25T20:00:00Z,PIPPINUSDT,0.00005,0.02759,0.02759
2025-02-26T00:00:00Z,PIPPINUSDT,0.00005,0.02709,0.02709
2025-02-26T04:00:00Z,PIPPINUSDT,0.00005,0.02826,0.02826
2025-02-26T08:00:00Z,PIPPINUSDT,0.00005,0.02697,0.02697
2025-02-26T12:00:00Z,PIPPINUSDT,0.00005,0.02712,0.02712
2025-02-26T16:00:00Z,PIPPINUSDT,0.00005,0.03112,0.03112
2025-02-26T20:00:00Z,PIPPINUSDT,-0.000379280626974192,0.03115,0.03115
2025-02-27T00:00:00Z,PIPPINUSDT,0.00005,0.0354,0.0354
2025-02-27T04:00:00Z,PIPPINUSDT,0.00005,0.03491,0.03491
2025-02-27T08:00:00Z,PIPPINUSDT,0.00005,0.03555,0.03555
2025-02-27T12:00:00Z,PIPPINUSDT,0.00005,0.03172,0.03172
2025-02-27T16:00:00Z,PIPPINUSDT,0.00005,0.03084,0.03084
2025-02-27T20:00:00Z,PIPPINUSDT,0.00005,0.03047,0.03047
2025-02-28T00:00:00Z,PIPPINUSDT,0.00005,0.02942,0.02942
2025-02-28T04:00:00Z,PIPPINUSDT,0.00005,0.02785,0.02785
2025-02-28T08:00:00Z,PIPPINUSDT,0.00005,0.02822,0.02822
2025-02-28T12:00:00Z,PIPPINUSDT,0.00005,0.02845,0.02845
2025-02-28T16:00:00Z,PIPPINUSDT,0.00005,0.03168,0.03168
2025-02-28T20:00:00Z,PIPPINUSDT,0.00005,0.03266,0.03266
2025-03-01T00:00:00Z,PIPPINUSDT,0.00005,0.03068,0.03068
2025-03-01T04:00:00Z,PIPPINUSDT,0.00005,0.03004,0.03004
2025-03-01T08:00:00Z,PIPPINUSDT,0.00005,0.02943,0.02943
2025-03-01T12:00:00Z,PIPPINUSDT,0.00005,0.0272,0.0272
2025-03-01T16:00:00Z,PIPPINUSDT,0.00005,0.0258,0.0258
2025-03-01T20:00:00Z,PIPPINUSDT,0.00005,0.02517,0.02517
2025-03-02T00:00:00Z,PIPPINUSDT,0.00005,0.02474,0.02474
2025-03-02T04:00:00Z,PIPPINUSDT,0.00005,0.025,0.025
2025-03-02T08:00:00Z,PIPPINUSDT,0.00005,0.02556,0.02556
2025-03-02T12:00:00Z,PIPPINUSDT,0.00005,0.0295,0.0295
2025-03-02T16:00:00Z,PIPPINUSDT,0.00005,0.02632,0.02632
2025-03-02T20:00:00Z,PIPPINUSDT,0.00005,0.03104,0.03104
2025-03-03T00:00:00Z,PIPPINUSDT,0.00005,0.03146,0.03146
2025-03-03T04:00:00Z,PIPPINUSDT,0.00005,0.03014,0.03014
2025-03-03T08:00:00Z,PIPPINUSDT,0.00005,0.02966,0.02966
2025-03-03T12:00:00Z,PIPPINUSDT,0.00005,0.03058,0.03058
2025-03-03T16:00:00Z,PIPPINUSDT,0.00005,0.02823,0.02823
2025-03-03T20:00:00Z,PIPPINUSDT,0.00005,0.02779,0.02779
2025-03-04T00:00:00Z,PIPPINUSDT,0.00005,0.0262,0.0262
2025-03-04T04:00:00Z,PIPPINUSDT,0.00005,0.0251,0.0251
2025-03-04T08:00:00Z,PIPPINUSDT,0.00005,0.02452,0.02452
2025-03-04T12:00:00Z,PIPPINUSDT,0.00005,0.02443,0.02443
2025-03-04T16:00:00Z,PIPPINUSDT,0.00005,0.0243,0.0243
2025-03-04T20:00:00Z,PIPPINUSDT,0.00005,0.02361,0.02361
2025-03-05T00:00:00Z,PIPPINUSDT,0.00005,0.0232,0.0232
2025-03-05T04:00:00Z,PIPPINUSDT,0.00005,0.02313,0.02313
2025-03-05T08:00:00Z,PIPPINUSDT,0.00005,0.02384,0.02384
2025-03-05T12:00:00Z,PIPPINUSDT,0.00005,0.02657,0.02657
2025-03-05T16:00:00Z,PIPPINUSDT,0.00005,0.02655,0.02655
2025-03-05T20:00:00Z,PIPPINUSDT,0.00005,0.02558,0.02558
2025-03-06T00:00:00Z,PIPPINUSDT,0.00005,0.02656,0.02656
2025-03-06T04:00:00Z,PIPPINUSDT,0.00005,0.02594,0.02594
2025-03-06T08:00:00Z,PIPPINUSDT,0.00005,0.02407,0.02407
2025-03-06T12:00:00Z,PIPPINUSDT,0.00005,0.02512,0.02512
2025-03-06T16:00:00Z,PIPPINUSDT,0.00005,0.02515,0.02515
2025-03-06T20:00:00Z,PIPPINUSDT,0.00005,0.02353,0.02353
2025-03-07T00:00:00Z,PIPPINUSDT,0.00005,0.02292,0.02292
2025-03-07T04:00:00Z,PIPPINUSDT,0.00005,0.0231,0.0231
2025-03-07T08:00:00Z,PIPPINUSDT,0.00005,0.02214,0.02214
2025-03-07T12:00:00Z,PIPPINUSDT,0.000109826515351768,0.02206,0.02206
2025-03-07T16:00:00Z,PIPPINUSDT,0.00005,0.02288,0.02288
2025-03-07T20:00:00Z,PIPPINUSDT,0.00005,0.0229,0.0229
2025-03-08T00:00:00Z,PIPPINUSDT,0.00005,0.02125,0.02125
2025-03-08T04:00:00Z,PIPPINUSDT,0.00005,0.02223,0.02223
2025-03-08T08:00:00Z,PIPPINUSDT,0.00005,0.02158,0.02158
2025-03-08T12:00:00Z,PIPPINUSDT,0.00005,0.02111,0.02111
2025-03-08T16:00:00Z,PIPPINUSDT,0.00005,0.02091,0.02091
2025-03-08T20:00:00Z,PIPPINUSDT,0.000067811189352936,0.02111,0.02111
2025-03-09T00:00:00Z,PIPPINUSDT,0.000069204007156899,0.02111,0.02111
2025-03-09T04:00:00Z,PIPPINUSDT,0.00005,0.02165,0.02165
2025-03-09T08:00:00Z,PIPPINUSDT,0.00005,0.02167,0.02167
2025-03-09T12:00:00Z,PIPPINUSDT,0.00005,0.0208,0.0208
2025-03-09T16:00:00Z,PIPPINUSDT,0.00005,0.01953,0.01953
2025-03-09T20:00:00Z,PIPPINUSDT,0.00005,0.02041,0.02041
2025-03-10T00:00:00Z,PIPPINUSDT,0.00005,0.01959,0.01959
2025-03-10T04:00:00Z,PIPPINUSDT,0.00005,0.01928,0.01928
2025-03-10T08:00:00Z,PIPPINUSDT,0.00005,0.01979,0.01979
2025-03-10T12:00:00Z,PIPPINUSDT,0.00005,0.02044,0.02044
2025-03-10T16:00:00Z,PIPPINUSDT,0.00005,0.0185,0.0185
2025-03-10T20:00:00Z,PIPPINUSDT,0.00005,0.01832,0.01832
2025-03-11T00:00:00Z,PIPPINUSDT,0.00005,0.01858,0.01858
2025-03-11T04:00:00Z,PIPPINUSDT,0.00005,0.01874,0.01874
2025-03-11T08:00:00Z,PIPPINUSDT,0.00005,0.01848,0.01848
2025-03-11T12:00:00Z,PIPPINUSDT,0.00005,0.01839,0.01839
2025-03-11T16:00:00Z,PIPPINUSDT,0.00005,0.01837,0.01837
2025-03-11T20:00:00Z,PIPPINUSDT,0.00005,0.01939,0.01939
2025-03-12T00:00:00Z,PIPPINUSDT,0.00005,0.01902,0.01902
2025-03-12T04:00:00Z,PIPPINUSDT,0.00005,0.01816,0.01816
2025-03-12T08:00:00Z,PIPPINUSDT,0.00005,0.01764,0.01764
2025-03-12T12:00:00Z,PIPPINUSDT,0.00005,0.01821,0.01821
2025-03-12T16:00:00Z,PIPPINUSDT,0.00005,0.01813,0.01813
2025-03-12T20:00:00Z,PIPPINUSDT,0.00005,0.01848,0.01848
2025-03-13T00:00:00Z,PIPPINUSDT,0.00005,0.01886,0.01886
2025-03-13T04:00:00Z,PIPPINUSDT,0.00005,0.01882,0.01882
2025-03-13T08:00:00Z,PIPPINUSDT,0.00005,0.01864,0.01864
2025-03-13T12:00:00Z,PIPPINUSDT,0.00005,0.01894,0.01894
2025-03-13T16:00:00Z,PIPPINUSDT,0.00005,0.01844,0.01844
2025-03-13T20:00:00Z,PIPPINUSDT,0.00005,0.01766,0.01766
2025-03-14T00:00:00Z,PIPPINUSDT,0.00005,0.01763,0.01763
2025-03-14T04:00:00Z,PIPPINUSDT,0.00005,0.01749,0.01749
2025-03-14T08:00:00Z,PIPPINUSDT,0.00005,0.01813,0.01813
2025-03-14T12:00:00Z,PIPPINUSDT,0.00005,0.01813,0.01813
2025-03-14T16:00:00Z,PIPPINUSDT,0.00005,0.01915,0.01915
2025-03-14T20:00:00Z,PIPPINUSDT,0.00005,0.01856,0.01856
2025-03-15T00:00:00Z,PIPPINUSDT,0.00005,0.01783,0.01783
2025-03-15T04:00:00Z,PIPPINUSDT,0.00005,0.01808,0.01808
2025-03-15T08:00:00Z,PIPPINUSDT,0.00005,0.01787,0.01787
2025-03-15T12:00:00Z,PIPPINUSDT,0.000183173884268447,0.01821,0.01821
2025-03-15T16:00:00Z,PIPPINUSDT,0.000132078913962965,0.01809,0.01809
2025-03-15T20:00:00Z,PIPPINUSDT,0.000249092029496102,0.0184,0.0184
2025-03-16T00:00:00Z,PIPPINUSDT,0.00005,0.01866,0.01866
2025-03-16T04:00:00Z,PIPPINUSDT,0.000153844634332337,0.01905,0.01905
2025-03-16T08:00:00Z,PIPPINUSDT,0.000411132341623251,0.0192,0.0192
2025-03-16T12:00:00Z,PIPPINUSDT,0.000245909270623159,0.0188,0.0188
2025-03-16T16:00:00Z,PIPPINUSDT,0.000558948450463217,0.01914,0.01914
2025-03-16T20:00:00Z,PIPPINUSDT,0.000064099177733614,0.0188,0.0188
2025-03-17T00:00:00Z,PIPPINUSDT,0.000272999930049801,0.01866,0.01866
2025-03-17T04:00:00Z,PIPPINUSDT,0.000131295247332885,0.01949,0.01949
2025-03-17T08:00:00Z,PIPPINUSDT,0.000087379494993099,0.02036,0.02036
2025-03-17T12:00:00Z,PIPPINUSDT,0.000443447889754234,0.0205,0.0205
2025-03-17T16:00:00Z,PIPPINUSDT,0.000494012410834939,0.02017,0.02017
2025-03-17T20:00:00Z,PIPPINUSDT,0.000349872612627754,0.02087,0.02087
2025-03-18T00:00:00Z,PIPPINUSDT,0.00005,0.02028,0.02028
2025-03-18T04:00:00Z,PIPPINUSDT,0.00015013580335681,0.01832,0.01832
2025-03-18T08:00:00Z,PIPPINUSDT,0.00005,0.01666,0.01666
2025-03-18T12:00:00Z,PIPPINUSDT,0.00005,0.01631,0.01631
2025-03-18T16:00:00Z,PIPPINUSDT,0.00005,0.01589,0.01589
2025-03-18T20:00:00Z,PIPPINUSDT,0.000330477885120562,0.01666,0.01666
2025-03-19T00:00:00Z,PIPPINUSDT,0.00005,0.01674,0.01674
2025-03-19T04:00:00Z,PIPPINUSDT,0.000496376248757207,0.01675,0.01675
2025-03-19T08:00:00Z,PIPPINUSDT,0.00005,0.01661,0.01661
2025-03-19T12:00:00Z,PIPPINUSDT,0.00005,0.01662,0.01662
2025-03-19T16:00:00Z,PIPPINUSDT,0.00005,0.01671,0.01671
2025-03-19T20:00:00Z,PIPPINUSDT,0.00005,0.01718,0.01718
2025-03-20T00:00:00Z,PIPPINUSDT,0.000096493667221481,0.01753,0.01753
2025-03-20T04:00:00Z,PIPPINUSDT,0.000100093339731755,0.01718,0.01718
2025-03-20T08:00:00Z,PIPPINUSDT,0.00005,0.01731,0.01731
2025-03-20T12:00:00Z,PIPPINUSDT,0.000085288428861751,0.01697,0.01697
2025-03-20T16:00:00Z,PIPPINUSDT,0.00010617756996427,0.01679,0.01679
2025-03-20T20:00:00Z,PIPPINUSDT,0.000165053865573721,0.01693,0.01693
2025-03-21T00:00:00Z,PIPPINUSDT,0.00005,0.017,0.017
2025-03-21T04:00:00Z,PIPPINUSDT,0.00005,0.01737,0.01737
2025-03-21T08:00:00Z,PIPPINUSDT,0.00005,0.01729,0.01729
2025-03-21T12:00:00Z,PIPPINUSDT,0.00005,0.01655,0.01655
2025-03-21T16:00:00Z,PIPPINUSDT,0.000055512026512143,0.01663,0.01663
2025-03-21T20:00:00Z,PIPPINUSDT,0.00005,0.01682,0.01682
2025-03-22T00:00:00Z,PIPPINUSDT,0.00005,0.01711,0.01711
2025-03-22T04:00:00Z,PIPPINUSDT,0.00005,0.0175,0.0175
2025-03-22T08:00:00Z,PIPPINUSDT,0.00005,0.01765,0.01765
2025-03-22T12:00:00Z,PIPPINUSDT,0.000149001840004694,0.0173,0.0173
2025-03-22T16:00:00Z,PIPPINUSDT,0.00013291885057613,0.01728,0.01728
2025-03-22T20:00:00Z,PIPPINUSDT,0.000184782779416443,0.01742,0.01742
2025-03-23T00:00:00Z,PIPPINUSDT,0.000162723660545317,0.01714,0.01714
2025-03-23T04:00:00Z,PIPPINUSDT,0.00005,0.01732,0.01732
2025-03-23T08:00:00Z,PIPPINUSDT,0.00005,0.01713,0.01713
2025-03-23T12:00:00Z,PIPPINUSDT,0.000054392417186063,0.01768,0.01768
2025-03-23T16:00:00Z,PIPPINUSDT,0.00005,0.01732,0.01732
2025-03-23T20:00:00Z,PIPPINUSDT,0.00005,0.01696,0.01696
2025-03-24T00:00:00Z,PIPPINUSDT,0.00005,0.01688,0.01688
2025-03-24T04:00:00Z,PIPPINUSDT,0.00005001017104219,0.01757,0.01757
2025-03-24T08:00:00Z,PIPPINUSDT,0.00005,0.02064,0.02064
2025-03-24T12:00:00Z,PIPPINUSDT,0.00005,0.02061,0.02061
2025-03-24T16:00:00Z,PIPPINUSDT,0.00005,0.02003,0.02003
2025-03-24T20:00:00Z,PIPPINUSDT,0.00005,0.01968,0.01968
2025-03-25T00:00:00Z,PIPPINUSDT,0.00005,0.01965,0.01965
2025-03-25T04:00:00Z,PIPPINUSDT,0.00015812312861068,0.0193,0.0193
2025-03-25T08:00:00Z,PIPPINUSDT,0.00005,0.01962,0.01962
2025-03-25T12:00:00Z,PIPPINUSDT,0.00005,0.02014,0.02014
2025-03-25T16:00:00Z,PIPPINUSDT,0.00005,0.01962,0.01962
2025-03-25T20:00:00Z,PIPPINUSDT,0.00005,0.01971,0.01971
2025-03-26T00:00:00Z,PIPPINUSDT,0.00005,0.01964,0.01964
2025-03-26T04:00:00Z,PIPPINUSDT,0.00005,0.01933,0.01933
2025-03-26T08:00:00Z,PIPPINUSDT,0.000223639122378756,0.02028,0.02028
2025-03-26T12:00:00Z,PIPPINUSDT,0.00005,0.02087,0.02087
2025-03-26T16:00:00Z,PIPPINUSDT,0.000100602463740701,0.01861,0.01861
2025-03-26T20:00:00Z,PIPPINUSDT,0.00005,0.01786,0.01786
2025-03-27T00:00:00Z,PIPPINUSDT,0.00005,0.01784,0.01784
2025-03-27T04:00:00Z,PIPPINUSDT,0.000238549392001872,0.01896,0.01896
2025-03-27T08:00:00Z,PIPPINUSDT,0.00005,0.01864,0.01864
2025-03-27T12:00:00Z,PIPPINUSDT,0.00005,0.01812,0.01812
2025-03-27T16:00:00Z,PIPPINUSDT,0.00008390590136501,0.01805,0.01805
2025-03-27T20:00:00Z,PIPPINUSDT,0.00005,0.01802,0.01802
2025-03-28T00:00:00Z,PIPPINUSDT,0.00005,0.01817,0.01817
2025-03-28T04:00:00Z,PIPPINUSDT,0.00005,0.01758,0.01758
2025-03-28T08:00:00Z,PIPPINUSDT,0.00005,0.01672,0.01672
2025-03-28T12:00:00Z,PIPPINUSDT,0.00005,0.0165,0.0165
2025-03-28T16:00:00Z,PIPPINUSDT,0.00005,0.01635,0.01635
2025-03-28T20:00:00Z,PIPPINUSDT,0.00005,0.01588,0.01588
2025-03-29T00:00:00Z,PIPPINUSDT,0.00005,0.01606,0.01606
2025-03-29T04:00:00Z,PIPPINUSDT,0.00005,0.01615,0.01615
2025-03-29T08:00:00Z,PIPPINUSDT,0.00005,0.01576,0.01576
2025-03-29T12:00:00Z,PIPPINUSDT,0.00005,0.01498,0.01498
2025-03-29T16:00:00Z,PIPPINUSDT,0.00005,0.01517,0.01517
2025-03-29T20:00:00Z,PIPPINUSDT,0.00005,0.01488,0.01488
2025-03-30T00:00:00Z,PIPPINUSDT,0.00005,0.01472,0.01472
2025-03-30T04:00:00Z,PIPPINUSDT,0.00005,0.0148,0.0148
2025-03-30T08:00:00Z,PIPPINUSDT,0.00005,0.01489,0.01489
2025-03-30T12:00:00Z,PIPPINUSDT,0.00005,0.01488,0.01488
2025-03-30T16:00:00Z,PIPPINUSDT,0.00005,0.01473,0.01473
2025-03-30T20:00:00Z,PIPPINUSDT,0.00005,0.01501,0.01501
2025-03-31T00:00:00Z,PIPPINUSDT,0.00005,0.01464,0.01464
2025-03-31T04:00:00Z,PIPPINUSDT,0.00005,0.01468,0.01468
2025-03-31T08:00:00Z,PIPPINUSDT,0.00005,0.01453,0.01453
2025-03-31T12:00:00Z,PIPPINUSDT,0.00005,0.01471,0.01471
2025-03-31T16:00:00Z,PIPPINUSDT,0.00005,0.01497,0.01497
2025-03-31T20:00:00Z,PIPPINUSDT,0.00005,0.01494,0.01494
2025-04-01T00:00:00Z,PIPPINUSDT,0.00005,0.01475,0.01475
2025-04-01T04:00:00Z,PIPPINUSDT,0.00005,0.01514,0.01514
2025-04-01T08:00:00Z,PIPPINUSDT,0.00005,0.01501,0.01501
2025-04-01T12:00:00Z,PIPPINUSDT,0.00005,0.014,0.014
2025-04-01T16:00:00Z,PIPPINUSDT,0.00005,0.01387,0.01387
2025-04-01T20:00:00Z,PIPPINUSDT,0.00005,0.0133,0.0133
2025-04-02T00:00:00Z,PIPPINUSDT,0.00005,0.01349,0.01349
2025-04-02T04:00:00Z,PIPPINUSDT,0.00005,0.01224,0.01224
2025-04-02T08:00:00Z,PIPPINUSDT,0.00005,0.01184,0.01184
2025-04-02T12:00:00Z,PIPPINUSDT,0.00005,0.01201,0.01201
2025-04-02T16:00:00Z,PIPPINUSDT,0.00005,0.01273,0.01273
2025-04-02T20:00:00Z,PIPPINUSDT,0.00005,0.01271,0.01271
2025-04-03T00:00:00Z,PIPPINUSDT,0.00005,0.01246,0.01246
2025-04-03T04:00:00Z,PIPPINUSDT,0.00005,0.01238,0.01238
2025-04-03T08:00:00Z,PIPPINUSDT,0.00005,0.01205,0.01205
2025-04-03T12:00:00Z,PIPPINUSDT,0.00005,0.01188,0.01188
2025-04-03T16:00:00Z,PIPPINUSDT,0.00005,0.01191,0.01191
2025-04-03T20:00:00Z,PIPPINUSDT,0.00005,0.01203,0.01203
2025-04-04T00:00:00Z,PIPPINUSDT,0.00005,0.01223,0.01223
2025-04-04T04:00:00Z,PIPPINUSDT,0.00005,0.01202,0.01202
2025-04-04T08:00:00Z,PIPPINUSDT,0.00005,0.01199,0.01199
2025-04-04T12:00:00Z,PIPPINUSDT,0.00005,0.01171,0.01171
2025-04-04T16:00:00Z,PIPPINUSDT,0.00005,0.0123,0.0123
2025-04-04T20:00:00Z,PIPPINUSDT,0.00005,0.01231,0.01231
2025-04-05T00:00:00Z,PIPPINUSDT,0.00005,0.01313,0.01313
2025-04-05T04:00:00Z,PIPPINUSDT,0.00005,0.01226,0.01226
2025-04-05T08:00:00Z,PIPPINUSDT,0.00005,0.01233,0.01233
2025-04-05T12:00:00Z,PIPPINUSDT,0.00005,0.01237,0.01237
2025-04-05T16:00:00Z,PIPPINUSDT,0.00005,0.01189,0.01189
2025-04-05T20:00:00Z,PIPPINUSDT,0.00005,0.01179,0.01179
2025-04-06T00:00:00Z,PIPPINUSDT,0.00005,0.01191,0.01191
2025-04-06T04:00:00Z,PIPPINUSDT,0.00005,0.01189,0.01189
2025-04-06T08:00:00Z,PIPPINUSDT,0.00005,0.01197,0.01197
2025-04-06T12:00:00Z,PIPPINUSDT,0.00005,0.01158,0.01158
2025-04-06T16:00:00Z,PIPPINUSDT,0.00005,0.01116,0.01116
2025-04-06T20:00:00Z,PIPPINUSDT,0.00005,0.01045,0.01045
2025-04-07T00:00:00Z,PIPPINUSDT,0.00005,0.01061,0.01061
2025-04-07T04:00:00Z,PIPPINUSDT,0.00005,0.01022,0.01022
2025-04-07T08:00:00Z,PIPPINUSDT,0.00005,0.01035,0.01035
2025-04-07T12:00:00Z,PIPPINUSDT,0.00005,0.01055,0.01055
2025-04-07T16:00:00Z,PIPPINUSDT,0.00005,0.01083,0.01083
2025-04-07T20:00:00Z,PIPPINUSDT,0.00005,0.01084,0.01084
2025-04-08T00:00:00Z,PIPPINUSDT,0.00005,0.01102,0.01102
2025-04-08T04:00:00Z,PIPPINUSDT,0.00005,0.01101,0.01101
2025-04-08T08:00:00Z,PIPPINUSDT,0.00005,0.01067,0.01067
2025-04-08T12:00:00Z,PIPPINUSDT,0.00005,0.01067,0.01067
2025-04-08T16:00:00Z,PIPPINUSDT,0.00005,0.01019,0.01019
2025-04-08T20:00:00Z,PIPPINUSDT,0.00005,0.01014,0.01014
2025-04-09T00:00:00Z,PIPPINUSDT,0.00005,0.00989,0.00989
2025-04-09T04:00:00Z,PIPPINUSDT,0.00005,0.01001,0.01001
2025-04-09T08:00:00Z,PIPPINUSDT,0.00005,0.01034,0.01034
2025-04-09T12:00:00Z,PIPPINUSDT,0.00005,0.01019,0.01019
2025-04-09T16:00:00Z,PIPPINUSDT,0.00005,0.0104,0.0104
2025-04-09T20:00:00Z,PIPPINUSDT,0.00005,0.01214,0.01214
2025-04-10T00:00:00Z,PIPPINUSDT,0.00005,0.01153,0.01153
2025-04-10T04:00:00Z,PIPPINUSDT,0.00005,0.01124,0.01124
2025-04-10T08:00:00Z,PIPPINUSDT,0.00005,0.0113,0.0113
2025-04-10T12:00:00Z,PIPPINUSDT,0.00005,0.01112,0.01112
2025-04-10T16:00:00Z,PIPPINUSDT,0.00005,0.01071,0.01071
2025-04-10T20:00:00Z,PIPPINUSDT,0.00005,0.01102,0.01102
2025-04-11T00:00:00Z,PIPPINUSDT,0.00005,0.01123,0.01123
2025-04-11T04:00:00Z,PIPPINUSDT,0.00005,0.01138,0.01138
2025-04-11T08:00:00Z,PIPPINUSDT,0.00005,0.01117,0.01117
2025-04-11T12:00:00Z,PIPPINUSDT,0.00005,0.01171,0.01171
2025-04-11T16:00:00Z,PIPPINUSDT,0.00005,0.01204,0.01204
2025-04-11T20:00:00Z,PIPPINUSDT,0.00005,0.01214,0.01214
2025-04-12T00:00:00Z,PIPPINUSDT,0.00005,0.01189,0.01189
2025-04-12T04:00:00Z,PIPPINUSDT,0.00005,0.01193,0.01193
2025-04-12T08:00:00Z,PIPPINUSDT,0.00005,0.01263,0.01263
2025-04-12T12:00:00Z,PIPPINUSDT,0.00005,0.01207,0.01207
2025-04-12T16:00:00Z,PIPPINUSDT,0.00005,0.01441,0.01441
2025-04-12T20:00:00Z,PIPPINUSDT,0.00005,0.01488,0.01488
2025-04-13T00:00:00Z,PIPPINUSDT,0.00005,0.01452,0.01452
2025-04-13T04:00:00Z,PIPPINUSDT,0.00005,0.01498,0.01498
2025-04-13T08:00:00Z,PIPPINUSDT,0.00005,0.01473,0.01473
2025-04-13T12:00:00Z,PIPPINUSDT,0.00005,0.01484,0.01484
2025-04-13T16:00:00Z,PIPPINUSDT,0.00005,0.01353,0.01353
2025-04-13T20:00:00Z,PIPPINUSDT,0.00005,0.01304,0.01304
2025-04-14T00:00:00Z,PIPPINUSDT,0.00005,0.0125,0.0125
2025-04-14T04:00:00Z,PIPPINUSDT,0.00005,0.01281,0.01281
2025-04-14T08:00:00Z,PIPPINUSDT,0.00005,0.01293,0.01293
2025-04-14T12:00:00Z,PIPPINUSDT,0.00005,0.01257,0.01257
2025-04-14T16:00:00Z,PIPPINUSDT,0.00005,0.01232,0.01232
2025-04-14T20:00:00Z,PIPPINUSDT,0.00005,0.01233,0.01233
2025-04-15T00:00:00Z,PIPPINUSDT,0.00005,0.01267,0.01267
2025-04-15T04:00:00Z,PIPPINUSDT,0.00005,0.01236,0.01236
2025-04-15T08:00:00Z,PIPPINUSDT,0.00005,0.01254,0.01254
2025-04-15T12:00:00Z,PIPPINUSDT,0.00005,0.0124,0.0124
2025-04-15T16:00:00Z,PIPPINUSDT,0.00005,0.01207,0.01207
2025-04-15T20:00:00Z,PIPPINUSDT,0.00005,0.01083,0.01083
2025-04-16T00:00:00Z,PIPPINUSDT,0.00005,0.01072,0.01072
2025-04-16T04:00:00Z,PIPPINUSDT,0.00005,0.0108,0.0108
2025-04-16T08:00:00Z,PIPPINUSDT,0.00005,0.0112,0.0112
2025-04-16T12:00:00Z,PIPPINUSDT,0.00005,0.01117,0.01117
2025-04-16T16:00:00Z,PIPPINUSDT,0.00005,0.01129,0.01129
2025-04-16T20:00:00Z,PIPPINUSDT,0.00005,0.01172,0.01172
2025-04-17T00:00:00Z,PIPPINUSDT,0.00005,0.01169,0.01169
2025-04-17T04:00:00Z,PIPPINUSDT,0.00005,0.01217,0.01217
2025-04-17T08:00:00Z,PIPPINUSDT,0.00005,0.01249,0.01249
2025-04-17T12:00:00Z,PIPPINUSDT,0.00005,0.01284,0.01284
2025-04-17T16:00:00Z,PIPPINUSDT,0.00005,0.01278,0.01278
2025-04-17T20:00:00Z,PIPPINUSDT,0.00005,0.01257,0.01257
2025-04-18T00:00:00Z,PIPPINUSDT,0.00005,0.01292,0.01292
2025-04-18T04:00:00Z,PIPPINUSDT,0.00005,0.0128,0.0128
2025-04-18T08:00:00Z,PIPPINUSDT,0.00005,0.01296,0.01296
2025-04-18T12:00:00Z,PIPPINUSDT,0.00005,0.01286,0.01286
2025-04-18T16:00:00Z,PIPPINUSDT,0.00005,0.01232,0.01232
2025-04-18T20:00:00Z,PIPPINUSDT,0.00005,0.01239,0.01239
2025-04-19T00:00:00Z,PIPPINUSDT,0.00005,0.01231,0.01231
2025-04-19T04:00:00Z,PIPPINUSDT,0.00005,0.01246,0.01246
2025-04-19T08:00:00Z,PIPPINUSDT,0.00005,0.01267,0.01267
2025-04-19T12:00:00Z,PIPPINUSDT,0.00005,0.01235,0.01235
2025-04-19T16:00:00Z,PIPPINUSDT,0.00005,0.0123,0.0123
2025-04-19T20:00:00Z,PIPPINUSDT,0.00005,0.01235,0.01235
2025-04-20T00:00:00Z,PIPPINUSDT,0.00005,0.01239,0.01239
2025-04-20T04:00:00Z,PIPPINUSDT,0.00005,0.01244,0.01244
2025-04-20T08:00:00Z,PIPPINUSDT,0.00005,0.01219,0.01219
2025-04-20T12:00:00Z,PIPPINUSDT,0.00005,0.01191,0.01191
2025-04-20T16:00:00Z,PIPPINUSDT,0.00005,0.01243,0.01243
2025-04-20T20:00:00Z,PIPPINUSDT,0.00005,0.01283,0.01283
2025-04-21T00:00:00Z,PIPPINUSDT,0.00005,0.01274,0.01274
2025-04-21T04:00:00Z,PIPPINUSDT,0.00005,0.01261,0.01261
2025-04-21T08:00:00Z,PIPPINUSDT,0.00005,0.01254,0.01254
2025-04-21T12:00:00Z,PIPPINUSDT,0.00005,0.01519,0.01519
2025-04-21T16:00:00Z,PIPPINUSDT,0.00005,0.01529,0.01529
2025-04-21T20:00:00Z,PIPPINUSDT,0.00005,0.01437,0.01437
2025-04-22T00:00:00Z,PIPPINUSDT,0.00005,0.0141,0.0141
2025-04-22T04:00:00Z,PIPPINUSDT,0.00005,0.0147,0.0147
2025-04-22T08:00:00Z,PIPPINUSDT,0.00005,0.0144,0.0144
2025-04-22T12:00:00Z,PIPPINUSDT,0.00005,0.01433,0.01433
2025-04-22T16:00:00Z,PIPPINUSDT,0.00005,0.01476,0.01476
2025-04-22T20:00:00Z,PIPPINUSDT,0.000248404298161636,0.01483,0.01483
2025-04-23T00:00:00Z,PIPPINUSDT,0.00005,0.01812,0.01812
2025-04-23T04:00:00Z,PIPPINUSDT,0.00005,0.02036,0.02036
2025-04-23T08:00:00Z,PIPPINUSDT,0.00005,0.01935,0.01935
2025-04-23T12:00:00Z,PIPPINUSDT,0.00005,0.01859,0.01859
2025-04-23T16:00:00Z,PIPPINUSDT,0.00005,0.01771,0.01771
2025-04-23T20:00:00Z,PIPPINUSDT,0.00005,0.01705,0.01705
2025-04-24T00:00:00Z,PIPPINUSDT,0.00005,0.01712,0.01712
2025-04-24T04:00:00Z,PIPPINUSDT,0.00005,0.01593,0.01593
2025-04-24T08:00:00Z,PIPPINUSDT,0.00005,0.01584,0.01584
2025-04-24T12:00:00Z,PIPPINUSDT,0.00005,0.01615,0.01615
2025-04-24T16:00:00Z,PIPPINUSDT,0.00005,0.01651,0.01651
2025-04-24T20:00:00Z,PIPPINUSDT,0.00005,0.01636,0.01636
2025-04-25T00:00:00Z,PIPPINUSDT,0.00005,0.01678,0.01678
2025-04-25T04:00:00Z,PIPPINUSDT,0.00005,0.01683,0.01683
2025-04-25T08:00:00Z,PIPPINUSDT,0.00005,0.02085,0.02085
2025-04-25T12:00:00Z,PIPPINUSDT,0.00005,0.02039,0.02039
2025-04-25T16:00:00Z,PIPPINUSDT,0.00005,0.01927,0.01927
2025-04-25T20:00:00Z,PIPPINUSDT,0.00005,0.01929,0.01929
2025-04-26T00:00:00Z,PIPPINUSDT,0.00005,0.01927,0.01927
2025-04-26T04:00:00Z,PIPPINUSDT,0.00005,0.02034,0.02034
2025-04-26T08:00:00Z,PIPPINUSDT,0.00005,0.0204,0.0204
2025-04-26T12:00:00Z,PIPPINUSDT,0.00005,0.01792,0.01792
2025-04-26T16:00:00Z,PIPPINUSDT,0.00005,0.01847,0.01847
2025-04-26T20:00:00Z,PIPPINUSDT,0.00005,0.01874,0.01874
2025-04-27T00:00:00Z,PIPPINUSDT,0.00005,0.01973,0.01973
2025-04-27T04:00:00Z,PIPPINUSDT,0.00005,0.0181,0.0181
2025-04-27T08:00:00Z,PIPPINUSDT,0.00005,0.01785,0.01785
2025-04-27T12:00:00Z,PIPPINUSDT,0.00005,0.01833,0.01833
2025-04-27T16:00:00Z,PIPPINUSDT,0.00005,0.01826,0.01826
2025-04-27T20:00:00Z,PIPPINUSDT,0.00005,0.01779,0.01779
2025-04-28T00:00:00Z,PIPPINUSDT,0.00005,0.01795,0.01795
2025-04-28T04:00:00Z,PIPPINUSDT,0.00005,0.01885,0.01885
2025-04-28T08:00:00Z,PIPPINUSDT,0.00005,0.02191,0.02191
2025-04-28T12:00:00Z,PIPPINUSDT,0.00005,0.0228,0.0228
2025-04-28T16:00:00Z,PIPPINUSDT,0.00005,0.0202,0.0202
2025-04-28T20:00:00Z,PIPPINUSDT,0.00005,0.02329,0.02329
2025-04-29T00:00:00Z,PIPPINUSDT,0.00005,0.02441,0.02441
2025-04-29T04:00:00Z,PIPPINUSDT,0.00005,0.02363,0.02363
2025-04-29T08:00:00Z,PIPPINUSDT,0.00005,0.02362,0.02362
2025-04-29T12:00:00Z,PIPPINUSDT,0.00005,0.02221,0.02221
2025-04-29T16:00:00Z,PIPPINUSDT,0.00005,0.02246,0.02246
2025-04-29T20:00:00Z,PIPPINUSDT,0.00005,0.02327,0.02327
2025-04-30T00:00:00Z,PIPPINUSDT,0.00005,0.02141,0.02141
2025-04-30T04:00:00Z,PIPPINUSDT,0.00005,0.02078,0.02078
2025-04-30T08:00:00Z,PIPPINUSDT,0.00005,0.0216,0.0216
2025-04-30T12:00:00Z,PIPPINUSDT,0.00005,0.02107,0.02107
2025-04-30T16:00:00Z,PIPPINUSDT,0.00005,0.01979,0.01979
2025-04-30T20:00:00Z,PIPPINUSDT,0.00005,0.01999,0.01999
2025-05-01T00:00:00Z,PIPPINUSDT,0.00005,0.02117,0.02117
2025-05-01T04:00:00Z,PIPPINUSDT,0.00005,0.02208,0.02208
2025-05-01T08:00:00Z,PIPPINUSDT,0.00005,0.02227,0.02227
2025-05-01T12:00:00Z,PIPPINUSDT,0.00005,0.02369,0.02369
2025-05-01T16:00:00Z,PIPPINUSDT,0.00005,0.02415,0.02415
2025-05-01T20:00:00Z,PIPPINUSDT,0.00005,0.02296,0.02296
2025-05-02T00:00:00Z,PIPPINUSDT,0.00005,0.02247,0.02247
2025-05-02T04:00:00Z,PIPPINUSDT,0.00005,0.02335,0.02335
2025-05-02T08:00:00Z,PIPPINUSDT,0.00005,0.02129,0.02129
2025-05-02T12:00:00Z,PIPPINUSDT,0.00005,0.0224,0.0224
2025-05-02T16:00:00Z,PIPPINUSDT,0.00005,0.02211,0.02211
2025-05-02T20:00:00Z,PIPPINUSDT,0.00005,0.02197,0.02197
2025-05-03T00:00:00Z,PIPPINUSDT,0.00005,0.02224,0.02224
2025-05-03T04:00:00Z,PIPPINUSDT,0.00005,0.02193,0.02193
2025-05-03T08:00:00Z,PIPPINUSDT,0.00005,0.02285,0.02285
2025-05-03T12:00:00Z,PIPPINUSDT,0.00005,0.01908,0.01908
2025-05-03T16:00:00Z,PIPPINUSDT,0.00005,0.019,0.019
2025-05-03T20:00:00Z,PIPPINUSDT,0.00005,0.01836,0.01836
2025-05-04T00:00:00Z,PIPPINUSDT,0.00005,0.01806,0.01806
2025-05-04T04:00:00Z,PIPPINUSDT,0.00005,0.01749,0.01749
2025-05-04T08:00:00Z,PIPPINUSDT,0.00005,0.01733,0.01733
2025-05-04T12:00:00Z,PIPPINUSDT,0.00005,0.0176,0.0176
2025-05-04T16:00:00Z,PIPPINUSDT,0.00005,0.01811,0.01811
2025-05-04T20:00:00Z,PIPPINUSDT,0.00005,0.01784,0.01784
2025-05-05T00:00:00Z,PIPPINUSDT,0.00005,0.018,0.018
2025-05-05T04:00:00Z,PIPPINUSDT,0.00005,0.0182,0.0182
2025-05-05T08:00:00Z,PIPPINUSDT,0.00005,0.01866,0.01866
2025-05-05T12:00:00Z,PIPPINUSDT,0.00005,0.0181,0.0181
2025-05-05T16:00:00Z,PIPPINUSDT,0.00005,0.0179,0.0179
2025-05-05T20:00:00Z,PIPPINUSDT,0.00005,0.01777,0.01777
2025-05-06T00:00:00Z,PIPPINUSDT,0.00005,0.01726,0.01726
2025-05-06T04:00:00Z,PIPPINUSDT,0.00005,0.01795,0.01795
2025-05-06T08:00:00Z,PIPPINUSDT,0.00005,0.0175,0.0175
2025-05-06T12:00:00Z,PIPPINUSDT,0.00005,0.01605,0.01605
2025-05-06T16:00:00Z,PIPPINUSDT,0.00005,0.01609,0.01609
2025-05-06T20:00:00Z,PIPPINUSDT,0.00005,0.01635,0.01635
2025-05-07T00:00:00Z,PIPPINUSDT,0.00005,0.01668,0.01668
2025-05-07T04:00:00Z,PIPPINUSDT,0.00005,0.01675,0.01675
2025-05-07T08:00:00Z,PIPPINUSDT,0.00005,0.01661,0.01661
2025-05-07T12:00:00Z,PIPPINUSDT,0.00005,0.01649,0.01649
2025-05-07T16:00:00Z,PIPPINUSDT,0.00005,0.01583,0.01583
2025-05-07T20:00:00Z,PIPPINUSDT,0.00005,0.01582,0.01582
2025-05-08T00:00:00Z,PIPPINUSDT,0.00005,0.01646,0.01646
2025-05-08T04:00:00Z,PIPPINUSDT,0.00005,0.01722,0.01722
2025-05-08T08:00:00Z,PIPPINUSDT,0.00005,0.01798,0.01798
2025-05-08T12:00:00Z,PIPPINUSDT,0.00005,0.01933,0.01933
2025-05-08T16:00:00Z,PIPPINUSDT,0.00005,0.01975,0.01975
2025-05-08T20:00:00Z,PIPPINUSDT,0.00005,0.0209,0.0209
2025-05-09T00:00:00Z,PIPPINUSDT,0.00005,0.021,0.021
2025-05-09T04:00:00Z,PIPPINUSDT,0.00005,0.02091,0.02091
2025-05-09T08:00:00Z,PIPPINUSDT,0.00005,0.02294,0.02294
2025-05-09T12:00:00Z,PIPPINUSDT,0.00005,0.02297,0.02297
2025-05-09T16:00:00Z,PIPPINUSDT,0.00005,0.02464,0.02464
2025-05-09T20:00:00Z,PIPPINUSDT,0.00005,0.02403,0.02403
2025-05-10T00:00:00Z,PIPPINUSDT,0.00005,0.0276,0.0276
2025-05-10T04:00:00Z,PIPPINUSDT,0.00005,0.02614,0.02614
2025-05-10T08:00:00Z,PIPPINUSDT,0.00005,0.02616,0.02616
2025-05-10T12:00:00Z,PIPPINUSDT,0.00005,0.02436,0.02436
2025-05-10T16:00:00Z,PIPPINUSDT,0.00005,0.02354,0.02354
2025-05-10T20:00:00Z,PIPPINUSDT,0.00005,0.02449,0.02449
2025-05-11T00:00:00Z,PIPPINUSDT,0.00005,0.02531,0.02531
2025-05-11T04:00:00Z,PIPPINUSDT,0.00005,0.02463,0.02463
2025-05-11T08:00:00Z,PIPPINUSDT,0.00005,0.0247,0.0247
2025-05-11T12:00:00Z,PIPPINUSDT,0.00005,0.026,0.026
2025-05-11T16:00:00Z,PIPPINUSDT,0.00005,0.02596,0.02596
2025-05-11T20:00:00Z,PIPPINUSDT,0.00005,0.0268,0.0268
2025-05-12T00:00:00Z,PIPPINUSDT,0.00005,0.03369,0.03369
2025-05-12T04:00:00Z,PIPPINUSDT,0.000254360964012326,0.04573,0.04573
2025-05-12T08:00:00Z,PIPPINUSDT,0.00005,0.04681,0.04681
2025-05-12T12:00:00Z,PIPPINUSDT,0.00005,0.04877,0.04877
2025-05-12T16:00:00Z,PIPPINUSDT,0.00005,0.04936,0.04936
2025-05-12T20:00:00Z,PIPPINUSDT,0.00005,0.03794,0.03794
2025-05-13T00:00:00Z,PIPPINUSDT,0.00005,0.03936,0.03936
2025-05-13T04:00:00Z,PIPPINUSDT,0.00005,0.03381,0.03381
2025-05-13T08:00:00Z,PIPPINUSDT,0.00005,0.03621,0.03621
2025-05-13T12:00:00Z,PIPPINUSDT,0.00005,0.0394,0.0394
2025-05-13T16:00:00Z,PIPPINUSDT,0.00005,0.04213,0.04213
2025-05-13T20:00:00Z,PIPPINUSDT,0.00005,0.04063,0.04063
2025-05-14T00:00:00Z,PIPPINUSDT,0.00005,0.03901,0.03901
2025-05-14T04:00:00Z,PIPPINUSDT,0.000086341488938385,0.03601,0.03601
2025-05-14T08:00:00Z,PIPPINUSDT,0.00005,0.03683,0.03683
2025-05-14T12:00:00Z,PIPPINUSDT,0.00013959576701495,0.03836,0.03836
2025-05-14T16:00:00Z,PIPPINUSDT,0.00005,0.03868,0.03868
2025-05-14T20:00:00Z,PIPPINUSDT,0.00005,0.0381,0.0381
2025-05-15T00:00:00Z,PIPPINUSDT,0.00005,0.03785,0.03785
2025-05-15T04:00:00Z,PIPPINUSDT,0.00005,0.03606,0.03606
2025-05-15T08:00:00Z,PIPPINUSDT,0.00005,0.03434,0.03434
2025-05-15T12:00:00Z,PIPPINUSDT,0.00005,0.03387,0.03387
2025-05-15T16:00:00Z,PIPPINUSDT,0.00005,0.03186,0.03186
2025-05-15T20:00:00Z,PIPPINUSDT,0.00005,0.03052,0.03052
2025-05-16T00:00:00Z,PIPPINUSDT,0.00005,0.02855,0.02855
2025-05-16T04:00:00Z,PIPPINUSDT,0.00005,0.02838,0.02838
2025-05-16T08:00:00Z,PIPPINUSDT,0.00005,0.02792,0.02792
2025-05-16T12:00:00Z,PIPPINUSDT,0.00005,0.02737,0.02737
2025-05-16T16:00:00Z,PIPPINUSDT,0.00005,0.02733,0.02733
2025-05-16T20:00:00Z,PIPPINUSDT,0.00005,0.02681,0.02681
2025-05-17T00:00:00Z,PIPPINUSDT,0.00005,0.02633,0.02633
2025-05-17T04:00:00Z,PIPPINUSDT,0.00005,0.02574,0.02574
2025-05-17T08:00:00Z,PIPPINUSDT,0.00005,0.02519,0.02519
2025-05-17T12:00:00Z,PIPPINUSDT,0.00005,0.02529,0.02529
2025-05-17T16:00:00Z,PIPPINUSDT,0.00005,0.02476,0.02476
2025-05-17T20:00:00Z,PIPPINUSDT,0.00005,0.02435,0.02435
2025-05-18T00:00:00Z,PIPPINUSDT,0.00005,0.0245,0.0245
2025-05-18T04:00:00Z,PIPPINUSDT,0.00005,0.0245,0.0245
2025-05-18T08:00:00Z,PIPPINUSDT,0.00005,0.02705,0.02705
2025-05-18T12:00:00Z,PIPPINUSDT,0.00005,0.02597,0.02597
2025-05-18T16:00:00Z,PIPPINUSDT,0.00005,0.02762,0.02762
2025-05-18T20:00:00Z,PIPPINUSDT,0.00005,0.02497,0.02497
2025-05-19T00:00:00Z,PIPPINUSDT,0.00005,0.0268,0.0268
2025-05-19T04:00:00Z,PIPPINUSDT,0.00005,0.02488,0.02488
2025-05-19T08:00:00Z,PIPPINUSDT,0.00005,0.02391,0.02391
2025-05-19T12:00:00Z,PIPPINUSDT,0.00005,0.0245,0.0245
2025-05-19T16:00:00Z,PIPPINUSDT,0.00005,0.02496,0.02496
2025-05-19T20:00:00Z,PIPPINUSDT,0.00005,0.02497,0.02497
2025-05-20T00:00:00Z,PIPPINUSDT,0.00005,0.02543,0.02543
2025-05-20T04:00:00Z,PIPPINUSDT,0.00005,0.0254,0.0254
2025-05-20T08:00:00Z,PIPPINUSDT,0.00005,0.02543,0.02543
2025-05-20T12:00:00Z,PIPPINUSDT,0.00005,0.02484,0.02484
2025-05-20T16:00:00Z,PIPPINUSDT,0.00005,0.02463,0.02463
2025-05-20T20:00:00Z,PIPPINUSDT,0.00005,0.02492,0.02492
2025-05-21T00:00:00Z,PIPPINUSDT,0.00005,0.02517,0.02517
2025-05-21T04:00:00Z,PIPPINUSDT,0.00005,0.0259,0.0259
2025-05-21T08:00:00Z,PIPPINUSDT,0.00005,0.02553,0.02553
2025-05-21T12:00:00Z,PIPPINUSDT,0.00005,0.02617,0.02617
2025-05-21T16:00:00Z,PIPPINUSDT,0.00005,0.02618,0.02618
2025-05-21T20:00:00Z,PIPPINUSDT,0.00005,0.02591,0.02591
2025-05-22T00:00:00Z,PIPPINUSDT,0.00005,0.02618,0.02618
2025-05-22T04:00:00Z,PIPPINUSDT,0.00005,0.02735,0.02735
2025-05-22T08:00:00Z,PIPPINUSDT,0.00005,0.02836,0.02836
2025-05-22T12:00:00Z,PIPPINUSDT,0.00005,0.02936,0.02936
2025-05-22T16:00:00Z,PIPPINUSDT,0.00005,0.02961,0.02961
2025-05-22T20:00:00Z,PIPPINUSDT,0.00005,0.03062,0.03062
2025-05-23T00:00:00Z,PIPPINUSDT,0.00005,0.03195,0.03195
2025-05-23T04:00:00Z,PIPPINUSDT,0.00005,0.03496,0.03496
2025-05-23T08:00:00Z,PIPPINUSDT,0.00005,0.03228,0.03228
2025-05-23T12:00:00Z,PIPPINUSDT,0.00005,0.02993,0.02993
2025-05-23T16:00:00Z,PIPPINUSDT,0.00005,0.02921,0.02921
2025-05-23T20:00:00Z,PIPPINUSDT,0.00005,0.02849,0.02849
2025-05-24T00:00:00Z,PIPPINUSDT,0.00005,0.02608,0.02608
2025-05-24T04:00:00Z,PIPPINUSDT,0.00005,0.02708,0.02708
2025-05-24T08:00:00Z,PIPPINUSDT,0.00005,0.02699,0.02699
2025-05-24T12:00:00Z,PIPPINUSDT,0.00005,0.0273,0.0273
2025-05-24T16:00:00Z,PIPPINUSDT,0.00005,0.02707,0.02707
2025-05-24T20:00:00Z,PIPPINUSDT,0.00005,0.02696,0.02696
2025-05-25T00:00:00Z,PIPPINUSDT,0.00005,0.02705,0.02705
2025-05-25T04:00:00Z,PIPPINUSDT,0.00005,0.02657,0.02657
2025-05-25T08:00:00Z,PIPPINUSDT,0.00005,0.02493,0.02493
2025-05-25T12:00:00Z,PIPPINUSDT,0.00005,0.02434,0.02434
2025-05-25T16:00:00Z,PIPPINUSDT,0.00005,0.02441,0.02441
2025-05-25T20:00:00Z,PIPPINUSDT,0.00005,0.02444,0.02444
2025-05-26T00:00:00Z,PIPPINUSDT,0.00005,0.0263,0.0263
2025-05-26T04:00:00Z,PIPPINUSDT,0.00005,0.0274,0.0274
2025-05-26T08:00:00Z,PIPPINUSDT,0.00005,0.02803,0.02803
2025-05-26T12:00:00Z,PIPPINUSDT,0.00005,0.02768,0.02768
2025-05-26T16:00:00Z,PIPPINUSDT,0.00005,0.02651,0.02651
2025-05-26T20:00:00Z,PIPPINUSDT,0.00005,0.0253,0.0253
2025-05-27T00:00:00Z,PIPPINUSDT,0.00005,0.02501,0.02501
2025-05-27T04:00:00Z,PIPPINUSDT,0.00005,0.02516,0.02516
2025-05-27T08:00:00Z,PIPPINUSDT,0.00005,0.02536,0.02536
2025-05-27T12:00:00Z,PIPPINUSDT,0.00005,0.0256,0.0256
2025-05-27T16:00:00Z,PIPPINUSDT,0.00005,0.02587,0.02587
2025-05-27T20:00:00Z,PIPPINUSDT,0.00005,0.02603,0.02603
2025-05-28T00:00:00Z,PIPPINUSDT,0.00005,0.02569,0.02569
2025-05-28T04:00:00Z,PIPPINUSDT,0.00005,0.02556,0.02556
2025-05-28T08:00:00Z,PIPPINUSDT,0.00005,0.02505,0.02505
2025-05-28T12:00:00Z,PIPPINUSDT,0.00005,0.02547,0.02547
2025-05-28T16:00:00Z,PIPPINUSDT,0.00005,0.0242,0.0242
2025-05-28T20:00:00Z,PIPPINUSDT,0.00005,0.02322,0.02322
2025-05-29T00:00:00Z,PIPPINUSDT,0.00005,0.0241,0.0241
2025-05-29T04:00:00Z,PIPPINUSDT,0.00005,0.02402,0.02402
2025-05-29T08:00:00Z,PIPPINUSDT,0.00005,0.02356,0.02356
2025-05-29T12:00:00Z,PIPPINUSDT,0.00005,0.02373,0.02373
2025-05-29T16:00:00Z,PIPPINUSDT,0.00005,0.02245,0.02245
2025-05-29T20:00:00Z,PIPPINUSDT,0.00005,0.02179,0.02179
2025-05-30T00:00:00Z,PIPPINUSDT,0.00005,0.02215,0.02215
2025-05-30T04:00:00Z,PIPPINUSDT,0.00005,0.02105,0.02105
2025-05-30T08:00:00Z,PIPPINUSDT,0.00005,0.02058,0.02058
2025-05-30T12:00:00Z,PIPPINUSDT,0.00005,0.02085,0.02085
2025-05-30T16:00:00Z,PIPPINUSDT,0.00005,0.02053,0.02053
2025-05-30T20:00:00Z,PIPPINUSDT,0.00005,0.02052,0.02052
2025-05-31T00:00:00Z,PIPPINUSDT,0.00005,0.01873,0.01873
2025-05-31T04:00:00Z,PIPPINUSDT,0.00005,0.01846,0.01846
2025-05-31T08:00:00Z,PIPPINUSDT,0.00005,0.01897,0.01897
2025-05-31T12:00:00Z,PIPPINUSDT,0.00005,0.01875,0.01875
2025-05-31T16:00:00Z,PIPPINUSDT,0.00005,0.01902,0.01902
2025-05-31T20:00:00Z,PIPPINUSDT,0.00005,0.01923,0.01923
2025-06-01T00:00:00Z,PIPPINUSDT,0.00005,0.01924,0.01924
2025-06-01T04:00:00Z,PIPPINUSDT,0.00005,0.01881,0.01881
2025-06-01T08:00:00Z,PIPPINUSDT,0.00005,0.01898,0.01898
2025-06-01T12:00:00Z,PIPPINUSDT,0.00005,0.0186,0.0186
2025-06-01T16:00:00Z,PIPPINUSDT,0.00005,0.01893,0.01893
2025-06-01T20:00:00Z,PIPPINUSDT,0.00005,0.01943,0.01943
2025-06-02T00:00:00Z,PIPPINUSDT,0.00005,0.02003,0.02003
2025-06-02T04:00:00Z,PIPPINUSDT,0.00005,0.01966,0.01966
2025-06-02T08:00:00Z,PIPPINUSDT,0.00005,0.01968,0.01968
2025-06-02T12:00:00Z,PIPPINUSDT,0.00005,0.01898,0.01898
2025-06-02T16:00:00Z,PIPPINUSDT,0.00005,0.01913,0.01913
2025-06-02T20:00:00Z,PIPPINUSDT,0.00005,0.01898,0.01898
2025-06-03T00:00:00Z,PIPPINUSDT,0.00005,0.01995,0.01995
2025-06-03T04:00:00Z,PIPPINUSDT,0.00005,0.02043,0.02043
2025-06-03T08:00:00Z,PIPPINUSDT,0.00005,0.02021,0.02021
2025-06-03T12:00:00Z,PIPPINUSDT,0.00005,0.02022,0.02022
2025-06-03T16:00:00Z,PIPPINUSDT,0.00005,0.02039,0.02039
2025-06-03T20:00:00Z,PIPPINUSDT,0.00005,0.02038,0.02038
2025-06-04T00:00:00Z,PIPPINUSDT,0.00005,0.01946,0.01946
2025-06-04T04:00:00Z,PIPPINUSDT,0.00005,0.01977,0.01977
2025-06-04T08:00:00Z,PIPPINUSDT,0.00005,0.01954,0.01954
2025-06-04T12:00:00Z,PIPPINUSDT,0.00005,0.01899,0.01899
2025-06-04T16:00:00Z,PIPPINUSDT,0.00005,0.01936,0.01936
2025-06-04T20:00:00Z,PIPPINUSDT,0.00005,0.01841,0.01841
2025-06-05T00:00:00Z,PIPPINUSDT,0.000544700692304776,0.01784,0.01784
2025-06-05T04:00:00Z,PIPPINUSDT,0.00005,0.01811,0.01811
2025-06-05T08:00:00Z,PIPPINUSDT,0.00005,0.01806,0.01806
2025-06-05T12:00:00Z,PIPPINUSDT,0.00005,0.01784,0.01784
2025-06-05T16:00:00Z,PIPPINUSDT,0.00005,0.01794,0.01794
2025-06-05T20:00:00Z,PIPPINUSDT,0.00005,0.01665,0.01665
2025-06-06T00:00:00Z,PIPPINUSDT,0.00005,0.01645,0.01645
2025-06-06T04:00:00Z,PIPPINUSDT,0.00005,0.01681,0.01681
2025-06-06T08:00:00Z,PIPPINUSDT,0.00005,0.01693,0.01693
2025-06-06T12:00:00Z,PIPPINUSDT,0.00005,0.01706,0.01706
2025-06-06T16:00:00Z,PIPPINUSDT,0.00005,0.01732,0.01732
2025-06-06T20:00:00Z,PIPPINUSDT,0.00005,0.01653,0.01653
2025-06-07T00:00:00Z,PIPPINUSDT,0.00005,0.01658,0.01658
2025-06-07T04:00:00Z,PIPPINUSDT,0.00005,0.0173,0.0173
2025-06-07T08:00:00Z,PIPPINUSDT,0.00005,0.01816,0.01816
2025-06-07T12:00:00Z,PIPPINUSDT,0.00005,0.01798,0.01798
2025-06-07T16:00:00Z,PIPPINUSDT,0.00005,0.01798,0.01798
2025-06-07T20:00:00Z,PIPPINUSDT,0.00005,0.01801,0.01801
2025-06-08T00:00:00Z,PIPPINUSDT,0.00005,0.01812,0.01812
2025-06-08T04:00:00Z,PIPPINUSDT,0.00005,0.01802,0.01802
2025-06-08T08:00:00Z,PIPPINUSDT,0.00005,0.01757,0.01757
2025-06-08T12:00:00Z,PIPPINUSDT,0.00005,0.01794,0.01794
2025-06-08T16:00:00Z,PIPPINUSDT,0.00005,0.01795,0.01795
2025-06-08T20:00:00Z,PIPPINUSDT,0.00005,0.01856,0.01856
2025-06-09T00:00:00Z,PIPPINUSDT,0.00005,0.01798,0.01798
2025-06-09T04:00:00Z,PIPPINUSDT,0.00005,0.0178,0.0178
2025-06-09T08:00:00Z,PIPPINUSDT,0.00005,0.01766,0.01766
2025-06-09T12:00:00Z,PIPPINUSDT,0.00005,0.01883,0.01883
2025-06-09T16:00:00Z,PIPPINUSDT,0.00005,0.01874,0.01874
2025-06-09T20:00:00Z,PIPPINUSDT,0.00005,0.01901,0.01901
2025-06-10T00:00:00Z,PIPPINUSDT,0.00005,0.02001,0.02001
2025-06-10T04:00:00Z,PIPPINUSDT,0.00005,0.01949,0.01949
2025-06-10T08:00:00Z,PIPPINUSDT,0.00005,0.01942,0.01942
2025-06-10T12:00:00Z,PIPPINUSDT,0.00005,0.02015,0.02015
2025-06-10T16:00:00Z,PIPPINUSDT,0.00005,0.01976,0.01976
2025-06-10T20:00:00Z,PIPPINUSDT,0.00005,0.02006,0.02006
2025-06-11T00:00:00Z,PIPPINUSDT,0.00005,0.02065,0.02065
2025-06-11T04:00:00Z,PIPPINUSDT,0.00005,0.02015,0.02015
2025-06-11T08:00:00Z,PIPPINUSDT,0.00005,0.01954,0.01954
2025-06-11T12:00:00Z,PIPPINUSDT,0.00005,0.01913,0.01913
2025-06-11T16:00:00Z,PIPPINUSDT,0.00005,0.0202,0.0202
2025-06-11T20:00:00Z,PIPPINUSDT,0.00005,0.01938,0.01938
2025-06-12T00:00:00Z,PIPPINUSDT,0.00005,0.01827,0.01827
2025-06-12T04:00:00Z,PIPPINUSDT,0.00005,0.01754,0.01754
2025-06-12T08:00:00Z,PIPPINUSDT,0.00005,0.0172,0.0172
2025-06-12T12:00:00Z,PIPPINUSDT,0.00005,0.01721,0.01721
2025-06-12T16:00:00Z,PIPPINUSDT,0.00005,0.01679,0.01679
2025-06-12T20:00:00Z,PIPPINUSDT,0.00005,0.0165,0.0165
2025-06-13T00:00:00Z,PIPPINUSDT,0.00005,0.01633,0.01633
2025-06-13T04:00:00Z,PIPPINUSDT,0.00005,0.01584,0.01584
2025-06-13T08:00:00Z,PIPPINUSDT,0.00005,0.01572,0.01572
2025-06-13T12:00:00Z,PIPPINUSDT,0.00005,0.01565,0.01565
2025-06-13T16:00:00Z,PIPPINUSDT,0.00005,0.0165,0.0165
2025-06-13T20:00:00Z,PIPPINUSDT,0.00005,0.01615,0.01615
2025-06-14T00:00:00Z,PIPPINUSDT,0.00005,0.01656,0.01656
2025-06-14T04:00:00Z,PIPPINUSDT,0.00005,0.01641,0.01641
2025-06-14T08:00:00Z,PIPPINUSDT,0.00005,0.01723,0.01723
2025-06-14T12:00:00Z,PIPPINUSDT,0.00005,0.01721,0.01721
2025-06-14T16:00:00Z,PIPPINUSDT,0.00005,0.01673,0.01673
2025-06-14T20:00:00Z,PIPPINUSDT,0.00005,0.01623,0.01623
2025-06-15T00:00:00Z,PIPPINUSDT,0.00005,0.01631,0.01631
2025-06-15T04:00:00Z,PIPPINUSDT,0.00005,0.01635,0.01635
2025-06-15T08:00:00Z,PIPPINUSDT,0.00005,0.01633,0.01633
2025-06-15T12:00:00Z,PIPPINUSDT,0.00005,0.01654,0.01654
2025-06-15T16:00:00Z,PIPPINUSDT,0.00005,0.01666,0.01666
2025-06-15T20:00:00Z,PIPPINUSDT,0.00005,0.01668,0.01668
2025-06-16T00:00:00Z,PIPPINUSDT,0.00005,0.01663,0.01663
2025-06-16T04:00:00Z,PIPPINUSDT,0.00005,0.01692,0.01692
2025-06-16T08:00:00Z,PIPPINUSDT,0.00005,0.01773,0.01773
2025-06-16T12:00:00Z,PIPPINUSDT,0.00005,0.01736,0.01736
2025-06-16T16:00:00Z,PIPPINUSDT,0.00005,0.01758,0.01758
2025-06-16T20:00:00Z,PIPPINUSDT,0.00005,0.01777,0.01777
2025-06-17T00:00:00Z,PIPPINUSDT,0.00005,0.01672,0.01672
2025-06-17T04:00:00Z,PIPPINUSDT,0.00005,0.01722,0.01722
2025-06-17T08:00:00Z,PIPPINUSDT,0.00005,0.01698,0.01698
2025-06-17T12:00:00Z,PIPPINUSDT,0.00005,0.01622,0.01622
2025-06-17T16:00:00Z,PIPPINUSDT,0.00005,0.01569,0.01569
2025-06-17T20:00:00Z,PIPPINUSDT,0.000464921633068796,0.01565,0.01565
2025-06-18T00:00:00Z,PIPPINUSDT,0.000271233451848238,0.01572,0.01572
2025-06-18T04:00:00Z,PIPPINUSDT,0.00005,0.01573,0.01573
2025-06-18T08:00:00Z,PIPPINUSDT,0.00005,0.01593,0.01593
2025-06-18T12:00:00Z,PIPPINUSDT,0.00005,0.01559,0.01559
2025-06-18T16:00:00Z,PIPPINUSDT,0.00005,0.01534,0.01534
2025-06-18T20:00:00Z,PIPPINUSDT,0.00005,0.01552,0.01552
2025-06-19T00:00:00Z,PIPPINUSDT,0.00005,0.01595,0.01595
2025-06-19T04:00:00Z,PIPPINUSDT,0.00005,0.01588,0.01588
2025-06-19T08:00:00Z,PIPPINUSDT,0.00005,0.01552,0.01552
2025-06-19T12:00:00Z,PIPPINUSDT,0.00005,0.01555,0.01555
2025-06-19T16:00:00Z,PIPPINUSDT,0.00005,0.01525,0.01525
2025-06-19T20:00:00Z,PIPPINUSDT,0.00005,0.01525,0.01525
2025-06-20T00:00:00Z,PIPPINUSDT,0.00005,0.01542,0.01542
2025-06-20T04:00:00Z,PIPPINUSDT,0.00005,0.01529,0.01529
2025-06-20T08:00:00Z,PIPPINUSDT,0.00005,0.01583,0.01583
2025-06-20T12:00:00Z,PIPPINUSDT,0.00005,0.01589,0.01589
2025-06-20T16:00:00Z,PIPPINUSDT,0.00005,0.01513,0.01513
2025-06-20T20:00:00Z,PIPPINUSDT,0.00005,0.01501,0.01501
2025-06-21T00:00:00Z,PIPPINUSDT,0.00005,0.01483,0.01483
2025-06-21T04:00:00Z,PIPPINUSDT,0.00005,0.01493,0.01493
2025-06-21T08:00:00Z,PIPPINUSDT,0.00005,0.01499,0.01499
2025-06-21T12:00:00Z,PIPPINUSDT,0.00005,0.01483,0.01483
2025-06-21T16:00:00Z,PIPPINUSDT,0.00005,0.01422,0.01422
2025-06-21T20:00:00Z,PIPPINUSDT,0.00005,0.01381,0.01381
2025-06-22T00:00:00Z,PIPPINUSDT,0.00005,0.01392,0.01392
2025-06-22T04:00:00Z,PIPPINUSDT,0.00005,0.01361,0.01361
2025-06-22T08:00:00Z,PIPPINUSDT,0.00005,0.01378,0.01378
2025-06-22T12:00:00Z,PIPPINUSDT,0.00005,0.01351,0.01351
2025-06-22T16:00:00Z,PIPPINUSDT,0.00005,0.01315,0.01315
2025-06-22T20:00:00Z,PIPPINUSDT,0.00005,0.0147,0.0147
2025-06-23T00:00:00Z,PIPPINUSDT,0.00005,0.01462,0.01462
2025-06-23T04:00:00Z,PIPPINUSDT,0.00005,0.01452,0.01452
2025-06-23T08:00:00Z,PIPPINUSDT,0.00005,0.01485,0.01485
2025-06-23T12:00:00Z,PIPPINUSDT,0.00005,0.01474,0.01474
2025-06-23T16:00:00Z,PIPPINUSDT,0.00005,0.01464,0.01464
2025-06-23T20:00:00Z,PIPPINUSDT,0.00005,0.01525,0.01525
2025-06-24T00:00:00Z,PIPPINUSDT,0.00005,0.01606,0.01606
2025-06-24T04:00:00Z,PIPPINUSDT,0.00005,0.01593,0.01593
2025-06-24T08:00:00Z,PIPPINUSDT,0.00005,0.01658,0.01658
2025-06-24T12:00:00Z,PIPPINUSDT,0.00005,0.01592,0.01592
2025-06-24T16:00:00Z,PIPPINUSDT,0.00005,0.01599,0.01599
2025-06-24T20:00:00Z,PIPPINUSDT,0.00005,0.01597,0.01597
2025-06-25T00:00:00Z,PIPPINUSDT,0.00005,0.01625,0.01625
2025-06-25T04:00:00Z,PIPPINUSDT,0.00005,0.01604,0.01604
2025-06-25T08:00:00Z,PIPPINUSDT,0.00005,0.01563,0.01563
2025-06-25T12:00:00Z,PIPPINUSDT,0.00005,0.01561,0.01561
2025-06-25T16:00:00Z,PIPPINUSDT,0.00005,0.01526,0.01526
2025-06-25T20:00:00Z,PIPPINUSDT,0.00005,0.01518,0.01518
2025-06-26T00:00:00Z,PIPPINUSDT,0.00005,0.01502,0.01502
2025-06-26T04:00:00Z,PIPPINUSDT,0.00005,0.0154,0.0154
2025-06-26T08:00:00Z,PIPPINUSDT,0.00005,0.01549,0.01549
2025-06-26T12:00:00Z,PIPPINUSDT,0.00005,0.0147,0.0147
2025-06-26T16:00:00Z,PIPPINUSDT,0.00005,0.01453,0.01453
2025-06-26T20:00:00Z,PIPPINUSDT,0.00005,0.01507,0.01507
2025-06-27T00:00:00Z,PIPPINUSDT,0.00005,0.01483,0.01483
2025-06-27T04:00:00Z,PIPPINUSDT,0.00005,0.01489,0.01489
2025-06-27T08:00:00Z,PIPPINUSDT,0.00005,0.01494,0.01494
2025-06-27T12:00:00Z,PIPPINUSDT,0.00005,0.0151,0.0151
2025-06-27T16:00:00Z,PIPPINUSDT,0.00005,0.01528,0.01528
2025-06-27T20:00:00Z,PIPPINUSDT,0.00005,0.01474,0.01474
2025-06-28T00:00:00Z,PIPPINUSDT,0.00005,0.015,0.015
2025-06-28T04:00:00Z,PIPPINUSDT,0.00005,0.01479,0.01479
2025-06-28T08:00:00Z,PIPPINUSDT,0.00005,0.01507,0.01507
2025-06-28T12:00:00Z,PIPPINUSDT,0.00005,0.01506,0.01506
2025-06-28T16:00:00Z,PIPPINUSDT,0.00005,0.01505,0.01505
2025-06-28T20:00:00Z,PIPPINUSDT,0.00005,0.01534,0.01534
2025-06-29T00:00:00Z,PIPPINUSDT,0.00005,0.01561,0.01561
2025-06-29T04:00:00Z,PIPPINUSDT,0.00005,0.01519,0.01519
2025-06-29T08:00:00Z,PIPPINUSDT,0.00005,0.01571,0.01571
2025-06-29T12:00:00Z,PIPPINUSDT,0.00005,0.01561,0.01561
2025-06-29T16:00:00Z,PIPPINUSDT,0.00005,0.01532,0.01532
2025-06-29T20:00:00Z,PIPPINUSDT,0.00005,0.01564,0.01564
2025-06-30T00:00:00Z,PIPPINUSDT,0.00005,0.01675,0.01675
2025-06-30T04:00:00Z,PIPPINUSDT,0.00005,0.01661,0.01661
2025-06-30T08:00:00Z,PIPPINUSDT,0.00005,0.01638,0.01638
2025-06-30T12:00:00Z,PIPPINUSDT,0.00005,0.01618,0.01618
2025-06-30T16:00:00Z,PIPPINUSDT,0.00005,0.0161,0.0161
2025-06-30T20:00:00Z,PIPPINUSDT,0.00005,0.0172,0.0172
2025-07-01T00:00:00Z,PIPPINUSDT,0.00005,0.01654,0.01654
2025-07-01T04:00:00Z,PIPPINUSDT,0.00005,0.017,0.017
2025-07-01T08:00:00Z,PIPPINUSDT,0.00005,0.01628,0.01628
2025-07-01T12:00:00Z,PIPPINUSDT,0.00005,0.0159,0.0159
2025-07-01T16:00:00Z,PIPPINUSDT,0.00005,0.01535,0.01535
2025-07-01T20:00:00Z,PIPPINUSDT,0.00005,0.01478,0.01478
2025-07-02T00:00:00Z,PIPPINUSDT,0.00005,0.01506,0.01506
2025-07-02T04:00:00Z,PIPPINUSDT,0.00005,0.01518,0.01518
2025-07-02T08:00:00Z,PIPPINUSDT,0.00005,0.01556,0.01556
2025-07-02T12:00:00Z,PIPPINUSDT,0.00005,0.01554,0.01554
2025-07-02T16:00:00Z,PIPPINUSDT,0.00005,0.01634,0.01634
2025-07-02T20:00:00Z,PIPPINUSDT,0.00005,0.01737,0.01737
2025-07-03T00:00:00Z,PIPPINUSDT,0.00005,0.01714,0.01714
2025-07-03T04:00:00Z,PIPPINUSDT,0.00005,0.01693,0.01693
2025-07-03T08:00:00Z,PIPPINUSDT,0.00005,0.01736,0.01736
2025-07-03T12:00:00Z,PIPPINUSDT,0.00005,0.01704,0.01704
2025-07-03T16:00:00Z,PIPPINUSDT,0.00005,0.01645,0.01645
2025-07-03T20:00:00Z,PIPPINUSDT,0.00005,0.01691,0.01691
2025-07-04T00:00:00Z,PIPPINUSDT,0.00005,0.01709,0.01709
2025-07-04T04:00:00Z,PIPPINUSDT,0.00005,0.01639,0.01639
2025-07-04T08:00:00Z,PIPPINUSDT,0.00005,0.01576,0.01576
2025-07-04T12:00:00Z,PIPPINUSDT,0.00005,0.01594,0.01594
2025-07-04T16:00:00Z,PIPPINUSDT,0.00005,0.01521,0.01521
2025-07-04T20:00:00Z,PIPPINUSDT,0.00005,0.01521,0.01521
2025-07-05T00:00:00Z,PIPPINUSDT,0.00005,0.01544,0.01544
2025-07-05T04:00:00Z,PIPPINUSDT,0.00005,0.01575,0.01575
2025-07-05T08:00:00Z,PIPPINUSDT,0.00005,0.01605,0.01605
2025-07-05T12:00:00Z,PIPPINUSDT,0.00005,0.01571,0.01571
2025-07-05T16:00:00Z,PIPPINUSDT,0.00005,0.01536,0.01536
2025-07-05T20:00:00Z,PIPPINUSDT,0.00005,0.01492,0.01492
2025-07-06T00:00:00Z,PIPPINUSDT,0.00005,0.01519,0.01519
2025-07-06T04:00:00Z,PIPPINUSDT,0.00005,0.0152,0.0152
2025-07-06T08:00:00Z,PIPPINUSDT,0.00005,0.01546,0.01546
2025-07-06T12:00:00Z,PIPPINUSDT,0.00005,0.01542,0.01542
2025-07-06T16:00:00Z,PIPPINUSDT,0.00005,0.0163,0.0163
2025-07-06T20:00:00Z,PIPPINUSDT,0.00005,0.0163,0.0163
2025-07-07T00:00:00Z,PIPPINUSDT,0.00005,0.01654,0.01654
2025-07-07T04:00:00Z,PIPPINUSDT,0.00005,0.01698,0.01698
2025-07-07T08:00:00Z,PIPPINUSDT,0.00005,0.01696,0.01696
2025-07-07T12:00:00Z,PIPPINUSDT,0.00005,0.01658,0.01658
2025-07-07T16:00:00Z,PIPPINUSDT,0.00005,0.01614,0.01614
2025-07-07T20:00:00Z,PIPPINUSDT,0.00005,0.01619,0.01619
2025-07-08T00:00:00Z,PIPPINUSDT,0.00005,0.01634,0.01634
2025-07-08T04:00:00Z,PIPPINUSDT,0.00005,0.01602,0.01602
2025-07-08T08:00:00Z,PIPPINUSDT,0.00005,0.01629,0.01629
2025-07-08T12:00:00Z,PIPPINUSDT,0.00005,0.01676,0.01676
2025-07-08T16:00:00Z,PIPPINUSDT,0.00005,0.01635,0.01635
2025-07-08T20:00:00Z,PIPPINUSDT,0.00005,0.01694,0.01694
2025-07-09T00:00:00Z,PIPPINUSDT,0.00005,0.01677,0.01677
2025-07-09T04:00:00Z,PIPPINUSDT,0.00005,0.01632,0.01632
2025-07-09T08:00:00Z,PIPPINUSDT,0.00005,0.01664,0.01664
2025-07-09T12:00:00Z,PIPPINUSDT,0.00005,0.01677,0.01677
2025-07-09T16:00:00Z,PIPPINUSDT,0.00005,0.01677,0.01677
2025-07-09T20:00:00Z,PIPPINUSDT,0.00005,0.0174,0.0174
2025-07-10T00:00:00Z,PIPPINUSDT,0.00005,0.01819,0.01819
2025-07-10T04:00:00Z,PIPPINUSDT,0.00005,0.01828,0.01828
2025-07-10T08:00:00Z,PIPPINUSDT,0.00005,0.018,0.018
2025-07-10T12:00:00Z,PIPPINUSDT,0.00005,0.01785,0.01785
2025-07-10T16:00:00Z,PIPPINUSDT,0.000118938848651854,0.01817,0.01817
2025-07-10T20:00:00Z,PIPPINUSDT,0.00005,0.01921,0.01921
2025-07-11T00:00:00Z,PIPPINUSDT,0.00005,0.02,0.02
2025-07-11T04:00:00Z,PIPPINUSDT,0.00005,0.02021,0.02021
2025-07-11T08:00:00Z,PIPPINUSDT,0.00005,0.01975,0.01975
2025-07-11T12:00:00Z,PIPPINUSDT,0.00005,0.01942,0.01942
2025-07-11T16:00:00Z,PIPPINUSDT,0.00005,0.01903,0.01903
2025-07-11T20:00:00Z,PIPPINUSDT,0.000098274189887109,0.02056,0.02056
2025-07-12T00:00:00Z,PIPPINUSDT,0.00005,0.01863,0.01863
2025-07-12T04:00:00Z,PIPPINUSDT,0.00005,0.01883,0.01883
2025-07-12T08:00:00Z,PIPPINUSDT,0.00005,0.0181,0.0181
2025-07-12T12:00:00Z,PIPPINUSDT,0.00005,0.0177,0.0177
2025-07-12T16:00:00Z,PIPPINUSDT,0.00005,0.0167,0.0167
2025-07-12T20:00:00Z,PIPPINUSDT,0.00005,0.01745,0.01745
2025-07-13T00:00:00Z,PIPPINUSDT,0.00005,0.01724,0.01724
2025-07-13T04:00:00Z,PIPPINUSDT,0.00005,0.01759,0.01759
2025-07-13T08:00:00Z,PIPPINUSDT,0.00005,0.01739,0.01739
2025-07-13T12:00:00Z,PIPPINUSDT,0.00005,0.01779,0.01779
2025-07-13T16:00:00Z,PIPPINUSDT,0.00005,0.01772,0.01772
2025-07-13T20:00:00Z,PIPPINUSDT,0.000160723177910359,0.01805,0.01805
2025-07-14T00:00:00Z,PIPPINUSDT,0.00005,0.01741,0.01741
2025-07-14T04:00:00Z,PIPPINUSDT,0.00005,0.01863,0.01863
2025-07-14T08:00:00Z,PIPPINUSDT,0.00005,0.01837,0.01837
2025-07-14T12:00:00Z,PIPPINUSDT,0.00005,0.01784,0.01784
2025-07-14T16:00:00Z,PIPPINUSDT,0.00005,0.01792,0.01792
2025-07-14T20:00:00Z,PIPPINUSDT,0.00005,0.01743,0.01743
2025-07-15T00:00:00Z,PIPPINUSDT,0.00005,0.01804,0.01804
2025-07-15T04:00:00Z,PIPPINUSDT,0.00005,0.01787,0.01787
2025-07-15T08:00:00Z,PIPPINUSDT,0.00005,0.01773,0.01773
2025-07-15T12:00:00Z,PIPPINUSDT,0.00005,0.01715,0.01715
2025-07-15T16:00:00Z,PIPPINUSDT,0.00005,0.01737,0.01737
2025-07-15T20:00:00Z,PIPPINUSDT,0.00005,0.0171,0.0171
2025-07-16T00:00:00Z,PIPPINUSDT,0.00005,0.01833,0.01833
2025-07-16T04:00:00Z,PIPPINUSDT,0.00005,0.01828,0.01828
2025-07-16T08:00:00Z,PIPPINUSDT,0.000312755654574248,0.01817,0.01817
2025-07-16T12:00:00Z,PIPPINUSDT,0.000141453751042057,0.01805,0.01805
2025-07-16T16:00:00Z,PIPPINUSDT,0.00005,0.0181,0.0181
2025-07-16T20:00:00Z,PIPPINUSDT,0.00005,0.01847,0.01847
2025-07-17T00:00:00Z,PIPPINUSDT,0.00005,0.01812,0.01812
2025-07-17T04:00:00Z,PIPPINUSDT,0.000090419807841362,0.01778,0.01778
2025-07-17T08:00:00Z,PIPPINUSDT,0.00005,0.01853,0.01853
2025-07-17T12:00:00Z,PIPPINUSDT,0.000107547318223905,0.01878,0.01878
2025-07-17T16:00:00Z,PIPPINUSDT,0.000225017504594133,0.01863,0.01863
2025-07-17T20:00:00Z,PIPPINUSDT,0.00005,0.01778,0.01778
2025-07-18T00:00:00Z,PIPPINUSDT,0.00005,0.01954,0.01954
2025-07-18T04:00:00Z,PIPPINUSDT,0.00005,0.01962,0.01962
2025-07-18T08:00:00Z,PIPPINUSDT,0.00005,0.02061,0.02061
2025-07-18T12:00:00Z,PIPPINUSDT,0.00005,0.02005,0.02005
2025-07-18T16:00:00Z,PIPPINUSDT,0.00005,0.02024,0.02024
2025-07-18T20:00:00Z,PIPPINUSDT,0.00005,0.0207,0.0207
2025-07-19T00:00:00Z,PIPPINUSDT,0.00005,0.02076,0.02076
2025-07-19T04:00:00Z,PIPPINUSDT,0.00005,0.01986,0.01986
2025-07-19T08:00:00Z,PIPPINUSDT,0.00005,0.01968,0.01968
2025-07-19T12:00:00Z,PIPPINUSDT,0.00005,0.01969,0.01969
2025-07-19T16:00:00Z,PIPPINUSDT,0.00005,0.01944,0.01944
2025-07-19T20:00:00Z,PIPPINUSDT,0.00005,0.01966,0.01966
2025-07-20T00:00:00Z,PIPPINUSDT,0.00005,0.01959,0.01959
2025-07-20T04:00:00Z,PIPPINUSDT,0.00005,0.01971,0.01971
2025-07-20T08:00:00Z,PIPPINUSDT,0.00005,0.01952,0.01952
2025-07-20T12:00:00Z,PIPPINUSDT,0.00005,0.01974,0.01974
2025-07-20T16:00:00Z,PIPPINUSDT,0.00005,0.02009,0.02009
2025-07-20T20:00:00Z,PIPPINUSDT,0.00005,0.02007,0.02007
2025-07-21T00:00:00Z,PIPPINUSDT,0.00005,0.01926,0.01926
2025-07-21T04:00:00Z,PIPPINUSDT,0.00005,0.02047,0.02047
2025-07-21T08:00:00Z,PIPPINUSDT,0.00005,0.02057,0.02057
2025-07-21T12:00:00Z,PIPPINUSDT,0.00005,0.02048,0.02048
2025-07-21T16:00:00Z,PIPPINUSDT,0.00005,0.02115,0.02115
2025-07-21T20:00:00Z,PIPPINUSDT,0.00005,0.02021,0.02021
2025-07-22T00:00:00Z,PIPPINUSDT,0.00005,0.02096,0.02096
2025-07-22T04:00:00Z,PIPPINUSDT,-0.008956009706222765,0.02412,0.02412
2025-07-22T08:00:00Z,PIPPINUSDT,-0.002606515920836435,0.02373,0.02373
2025-07-22T12:00:00Z,PIPPINUSDT,-0.000629283626698728,0.02312,0.02312
2025-07-22T16:00:00Z,PIPPINUSDT,-0.001125390905658646,0.02304,0.02304
2025-07-22T20:00:00Z,PIPPINUSDT,-0.002648276317931591,0.02045,0.02045
2025-07-23T00:00:00Z,PIPPINUSDT,-0.000128142661465541,0.0216,0.0216
2025-07-23T04:00:00Z,PIPPINUSDT,-0.003056086958649101,0.02305,0.02305
2025-07-23T08:00:00Z,PIPPINUSDT,-0.006297732768358774,0.02144,0.02144
2025-07-23T12:00:00Z,PIPPINUSDT,0.00005,0.01959,0.01959
2025-07-23T16:00:00Z,PIPPINUSDT,0.000086432236208656,0.01969,0.01969
2025-07-23T20:00:00Z,PIPPINUSDT,0.00167131316550174,0.02064,0.02064
2025-07-24T00:00:00Z,PIPPINUSDT,0.00005,0.02009,0.02009
2025-07-24T04:00:00Z,PIPPINUSDT,0.00005,0.02003,0.02003
2025-07-24T08:00:00Z,PIPPINUSDT,0.00005,0.01734,0.01734
2025-07-24T12:00:00Z,PIPPINUSDT,0.00005,0.0173,0.0173
2025-07-24T16:00:00Z,PIPPINUSDT,0.00005,0.01696,0.01696
2025-07-24T20:00:00Z,PIPPINUSDT,0.00005,0.01598,0.01598
2025-07-25T00:00:00Z,PIPPINUSDT,0.00005,0.01559,0.01559
2025-07-25T04:00:00Z,PIPPINUSDT,0.00005,0.01595,0.01595
2025-07-25T08:00:00Z,PIPPINUSDT,0.00005,0.0161,0.0161
2025-07-25T12:00:00Z,PIPPINUSDT,0.00005,0.01633,0.01633
2025-07-25T16:00:00Z,PIPPINUSDT,0.00005,0.01608,0.01608
2025-07-25T20:00:00Z,PIPPINUSDT,0.00005,0.0161,0.0161
2025-07-26T00:00:00Z,PIPPINUSDT,0.00005,0.01656,0.01656
2025-07-26T04:00:00Z,PIPPINUSDT,0.00005,0.01666,0.01666
2025-07-26T08:00:00Z,PIPPINUSDT,0.00005,0.01654,0.01654
2025-07-26T12:00:00Z,PIPPINUSDT,0.00005,0.01635,0.01635
2025-07-26T16:00:00Z,PIPPINUSDT,0.00005,0.01651,0.01651
2025-07-26T20:00:00Z,PIPPINUSDT,0.00005,0.0166,0.0166
2025-07-27T00:00:00Z,PIPPINUSDT,0.00005,0.01629,0.01629
2025-07-27T04:00:00Z,PIPPINUSDT,0.00005,0.01668,0.01668
2025-07-27T08:00:00Z,PIPPINUSDT,0.00005,0.01661,0.01661
2025-07-27T12:00:00Z,PIPPINUSDT,0.00005,0.01636,0.01636
2025-07-27T16:00:00Z,PIPPINUSDT,0.00005,0.01644,0.01644
2025-07-27T20:00:00Z,PIPPINUSDT,0.00005,0.01704,0.01704
2025-07-28T00:00:00Z,PIPPINUSDT,0.00005,0.01694,0.01694
2025-07-28T04:00:00Z,PIPPINUSDT,0.00005,0.01708,0.01708
2025-07-28T08:00:00Z,PIPPINUSDT,0.00005,0.01659,0.01659
2025-07-28T12:00:00Z,PIPPINUSDT,0.00005,0.01663,0.01663
2025-07-28T16:00:00Z,PIPPINUSDT,0.00005,0.01571,0.01571
2025-07-28T20:00:00Z,PIPPINUSDT,0.00005,0.0158,0.0158
2025-07-29T00:00:00Z,PIPPINUSDT,0.00005,0.01552,0.01552
2025-07-29T04:00:00Z,PIPPINUSDT,0.00005,0.01572,0.01572
2025-07-29T08:00:00Z,PIPPINUSDT,0.00005,0.01638,0.01638
2025-07-29T12:00:00Z,PIPPINUSDT,0.00005,0.01633,0.01633
2025-07-29T16:00:00Z,PIPPINUSDT,0.000007683863438092,0.01608,0.01608
2025-07-29T20:00:00Z,PIPPINUSDT,0.000042824444287784,0.01596,0.01596
2025-07-30T00:00:00Z,PIPPINUSDT,0.00005,0.01621,0.01621
2025-07-30T04:00:00Z,PIPPINUSDT,0.00005,0.01622,0.01622
2025-07-30T08:00:00Z,PIPPINUSDT,0.00005,0.01605,0.01605
2025-07-30T12:00:00Z,PIPPINUSDT,0.00005,0.01579,0.01579
2025-07-30T16:00:00Z,PIPPINUSDT,0.00005,0.01623,0.01623
2025-07-30T20:00:00Z,PIPPINUSDT,0.00005,0.01607,0.01607
2025-07-31T00:00:00Z,PIPPINUSDT,0.00005,0.01602,0.01602
2025-07-31T04:00:00Z,PIPPINUSDT,0.00005,0.01633,0.01633
2025-07-31T08:00:00Z,PIPPINUSDT,0.00005,0.01607,0.01607
2025-07-31T12:00:00Z,PIPPINUSDT,0.00005,0.01605,0.01605
2025-07-31T16:00:00Z,PIPPINUSDT,0.00005,0.01612,0.01612
2025-07-31T20:00:00Z,PIPPINUSDT,0.00005,0.0159,0.0159
2025-08-01T00:00:00Z,PIPPINUSDT,0.00005,0.01596,0.01596
2025-08-01T04:00:00Z,PIPPINUSDT,0.00005,0.01615,0.01615
2025-08-01T08:00:00Z,PIPPINUSDT,0.00005,0.01622,0.01622
2025-08-01T12:00:00Z,PIPPINUSDT,0.00005,0.01644,0.01644
2025-08-01T16:00:00Z,PIPPINUSDT,0.00005,0.01717,0.01717
2025-08-01T20:00:00Z,PIPPINUSDT,0.00005,0.01726,0.01726
2025-08-02T00:00:00Z,PIPPINUSDT,0.00005,0.01692,0.01692
2025-08-02T04:00:00Z,PIPPINUSDT,0.00005,0.01696,0.01696
2025-08-02T08:00:00Z,PIPPINUSDT,0.00005,0.01665,0.01665
2025-08-02T12:00:00Z,PIPPINUSDT,0.00005,0.01674,0.01674
2025-08-02T16:00:00Z,PIPPINUSDT,0.00005,0.01692,0.01692
2025-08-02T20:00:00Z,PIPPINUSDT,0.00005,0.01722,0.01722
2025-08-03T00:00:00Z,PIPPINUSDT,0.00005,0.01707,0.01707
2025-08-03T04:00:00Z,PIPPINUSDT,0.00005,0.01693,0.01693
2025-08-03T08:00:00Z,PIPPINUSDT,0.00005,0.01742,0.01742
2025-08-03T12:00:00Z,PIPPINUSDT,0.00005,0.01741,0.01741
2025-08-03T16:00:00Z,PIPPINUSDT,0.00005,0.01746,0.01746
2025-08-03T20:00:00Z,PIPPINUSDT,0.00005,0.01735,0.01735
2025-08-04T00:00:00Z,PIPPINUSDT,0.00005,0.01729,0.01729
2025-08-04T04:00:00Z,PIPPINUSDT,0.00005,0.01726,0.01726
2025-08-04T08:00:00Z,PIPPINUSDT,0.00005,0.01738,0.01738
2025-08-04T12:00:00Z,PIPPINUSDT,0.00005,0.01686,0.01686
2025-08-04T16:00:00Z,PIPPINUSDT,0.00005,0.01691,0.01691
2025-08-04T20:00:00Z,PIPPINUSDT,0.00005,0.01648,0.01648
2025-08-05T00:00:00Z,PIPPINUSDT,0.00005,0.01687,0.01687
2025-08-05T04:00:00Z,PIPPINUSDT,0.00005,0.01654,0.01654
2025-08-05T08:00:00Z,PIPPINUSDT,0.00005,0.01659,0.01659
2025-08-05T12:00:00Z,PIPPINUSDT,0.00005,0.01723,0.01723
2025-08-05T16:00:00Z,PIPPINUSDT,0.00005,0.01648,0.01648
2025-08-05T20:00:00Z,PIPPINUSDT,0.00005,0.01647,0.01647
2025-08-06T00:00:00Z,PIPPINUSDT,0.00005,0.01643,0.01643
2025-08-06T04:00:00Z,PIPPINUSDT,0.00005,0.01664,0.01664
2025-08-06T08:00:00Z,PIPPINUSDT,0.00005,0.01701,0.01701
2025-08-06T12:00:00Z,PIPPINUSDT,0.00005,0.01696,0.01696
2025-08-06T16:00:00Z,PIPPINUSDT,0.00005,0.01702,0.01702
2025-08-06T20:00:00Z,PIPPINUSDT,0.00005,0.01756,0.01756
2025-08-07T00:00:00Z,PIPPINUSDT,0.00005,0.01692,0.01692
2025-08-07T04:00:00Z,PIPPINUSDT,0.00005,0.01698,0.01698
2025-08-07T08:00:00Z,PIPPINUSDT,0.00005,0.01722,0.01722
2025-08-07T12:00:00Z,PIPPINUSDT,0.00005,0.01743,0.01743
2025-08-07T16:00:00Z,PIPPINUSDT,0.00005,0.01744,0.01744
2025-08-07T20:00:00Z,PIPPINUSDT,0.00005,0.01727,0.01727
2025-08-08T00:00:00Z,PIPPINUSDT,0.00005,0.01739,0.01739
2025-08-08T04:00:00Z,PIPPINUSDT,0.00005,0.01694,0.01694
2025-08-08T08:00:00Z,PIPPINUSDT,0.00005,0.01709,0.01709
2025-08-08T12:00:00Z,PIPPINUSDT,0.00005,0.01683,0.01683
2025-08-08T16:00:00Z,PIPPINUSDT,0.00005,0.01709,0.01709
2025-08-08T20:00:00Z,PIPPINUSDT,0.00005,0.01734,0.01734
2025-08-09T00:00:00Z,PIPPINUSDT,0.00005,0.0172,0.0172
2025-08-09T04:00:00Z,PIPPINUSDT,0.00005,0.01716,0.01716
2025-08-09T08:00:00Z,PIPPINUSDT,0.00005,0.01801,0.01801
2025-08-09T12:00:00Z,PIPPINUSDT,0.00005,0.01796,0.01796
2025-08-09T16:00:00Z,PIPPINUSDT,0.00005,0.01804,0.01804
2025-08-09T20:00:00Z,PIPPINUSDT,0.00005,0.01794,0.01794
2025-08-10T00:00:00Z,PIPPINUSDT,0.00005,0.01791,0.01791
2025-08-10T04:00:00Z,PIPPINUSDT,0.00005,0.01821,0.01821
2025-08-10T08:00:00Z,PIPPINUSDT,0.00005,0.01721,0.01721
2025-08-10T12:00:00Z,PIPPINUSDT,0.00005,0.01731,0.01731
2025-08-10T16:00:00Z,PIPPINUSDT,0.00005,0.01765,0.01765
2025-08-10T20:00:00Z,PIPPINUSDT,0.00005,0.02008,0.02008
2025-08-11T00:00:00Z,PIPPINUSDT,0.00005,0.01985,0.01985
2025-08-11T04:00:00Z,PIPPINUSDT,0.00005,0.01971,0.01971
2025-08-11T08:00:00Z,PIPPINUSDT,0.00005,0.01871,0.01871
2025-08-11T12:00:00Z,PIPPINUSDT,0.00005,0.01762,0.01762
2025-08-11T16:00:00Z,PIPPINUSDT,0.00005,0.01825,0.01825
2025-08-11T20:00:00Z,PIPPINUSDT,0.00005,0.01799,0.01799
2025-08-12T00:00:00Z,PIPPINUSDT,0.00005,0.01737,0.01737
2025-08-12T04:00:00Z,PIPPINUSDT,0.00005,0.01736,0.01736
2025-08-12T08:00:00Z,PIPPINUSDT,0.00005,0.01669,0.01669
2025-08-12T12:00:00Z,PIPPINUSDT,0.00005,0.01662,0.01662
2025-08-12T16:00:00Z,PIPPINUSDT,0.00005,0.01736,0.01736
2025-08-12T20:00:00Z,PIPPINUSDT,0.00005,0.01748,0.01748
2025-08-13T00:00:00Z,PIPPINUSDT,0.00005,0.01742,0.01742
2025-08-13T04:00:00Z,PIPPINUSDT,0.00005,0.01838,0.01838
2025-08-13T08:00:00Z,PIPPINUSDT,0.00005,0.01821,0.01821
2025-08-13T12:00:00Z,PIPPINUSDT,0.00005,0.01809,0.01809
2025-08-13T16:00:00Z,PIPPINUSDT,0.00005,0.01765,0.01765
2025-08-13T20:00:00Z,PIPPINUSDT,0.00005,0.01761,0.01761
2025-08-14T00:00:00Z,PIPPINUSDT,0.00005,0.01765,0.01765
2025-08-14T04:00:00Z,PIPPINUSDT,0.00005,0.01785,0.01785
2025-08-14T08:00:00Z,PIPPINUSDT,0.00005,0.01702,0.01702
2025-08-14T12:00:00Z,PIPPINUSDT,0.00005,0.0167,0.0167
2025-08-14T16:00:00Z,PIPPINUSDT,0.00005,0.01586,0.01586
2025-08-14T20:00:00Z,PIPPINUSDT,0.00005,0.01644,0.01644
2025-08-15T00:00:00Z,PIPPINUSDT,0.00050607463514658,0.01653,0.01653
2025-08-15T04:00:00Z,PIPPINUSDT,0.000997967610920868,0.01668,0.01668
2025-08-15T08:00:00Z,PIPPINUSDT,0.00103235429624088,0.01686,0.01686
2025-08-15T12:00:00Z,PIPPINUSDT,0.00120761366020946,0.01676,0.01676
2025-08-15T16:00:00Z,PIPPINUSDT,0.001010583958937459,0.01702,0.01702
2025-08-15T20:00:00Z,PIPPINUSDT,0.00005,0.01648,0.01648
2025-08-16T00:00:00Z,PIPPINUSDT,0.00005,0.01674,0.01674
2025-08-16T04:00:00Z,PIPPINUSDT,0.00005,0.01664,0.01664
2025-08-16T08:00:00Z,PIPPINUSDT,0.00005,0.01658,0.01658
2025-08-16T12:00:00Z,PIPPINUSDT,0.00005,0.01647,0.01647
2025-08-16T16:00:00Z,PIPPINUSDT,0.00005,0.01659,0.01659
2025-08-16T20:00:00Z,PIPPINUSDT,0.00005,0.01667,0.01667
2025-08-17T00:00:00Z,PIPPINUSDT,0.00005,0.01677,0.01677
2025-08-17T04:00:00Z,PIPPINUSDT,0.00005,0.01686,0.01686
2025-08-17T08:00:00Z,PIPPINUSDT,0.00005,0.01688,0.01688
2025-08-17T12:00:00Z,PIPPINUSDT,0.00005,0.01701,0.01701
2025-08-17T16:00:00Z,PIPPINUSDT,0.00005,0.01722,0.01722
2025-08-17T20:00:00Z,PIPPINUSDT,0.00005,0.01669,0.01669
2025-08-18T00:00:00Z,PIPPINUSDT,0.00005,0.01674,0.01674
2025-08-18T04:00:00Z,PIPPINUSDT,0.00005,0.01656,0.01656
2025-08-18T08:00:00Z,PIPPINUSDT,0.00005,0.01651,0.01651
2025-08-18T12:00:00Z,PIPPINUSDT,0.00005,0.0167,0.0167
2025-08-18T16:00:00Z,PIPPINUSDT,0.00005,0.01665,0.01665
2025-08-18T20:00:00Z,PIPPINUSDT,0.00005,0.01665,0.01665
2025-08-19T00:00:00Z,PIPPINUSDT,0.00005,0.01664,0.01664
2025-08-19T04:00:00Z,PIPPINUSDT,0.00005,0.0164,0.0164
2025-08-19T08:00:00Z,PIPPINUSDT,0.00005,0.01658,0.01658
2025-08-19T12:00:00Z,PIPPINUSDT,0.00005,0.01696,0.01696
2025-08-19T16:00:00Z,PIPPINUSDT,0.00005,0.01652,0.01652
2025-08-19T20:00:00Z,PIPPINUSDT,0.00005,0.01626,0.01626
2025-08-20T00:00:00Z,PIPPINUSDT,0.000177948628722309,0.01651,0.01651
2025-08-20T04:00:00Z,PIPPINUSDT,0.00005,0.01696,0.01696
2025-08-20T08:00:00Z,PIPPINUSDT,0.00005,0.01728,0.01728
2025-08-20T12:00:00Z,PIPPINUSDT,0.00005,0.01757,0.01757
2025-08-20T16:00:00Z,PIPPINUSDT,0.00005,0.01777,0.01777
2025-08-20T20:00:00Z,PIPPINUSDT,0.00005,0.01799,0.01799
2025-08-21T00:00:00Z,PIPPINUSDT,0.00005,0.018,0.018
2025-08-21T04:00:00Z,PIPPINUSDT,0.00005,0.01764,0.01764
2025-08-21T08:00:00Z,PIPPINUSDT,0.00005,0.01771,0.01771
2025-08-21T12:00:00Z,PIPPINUSDT,0.00005,0.01744,0.01744
2025-08-21T16:00:00Z,PIPPINUSDT,0.000264957107982408,0.01702,0.01702
2025-08-21T20:00:00Z,PIPPINUSDT,0.000392986645486334,0.01705,0.01705
2025-08-22T00:00:00Z,PIPPINUSDT,0.00011994502687892,0.01728,0.01728
2025-08-22T04:00:00Z,PIPPINUSDT,0.00039785785921803,0.01723,0.01723
2025-08-22T08:00:00Z,PIPPINUSDT,0.000265652583056928,0.0175,0.0175
2025-08-22T12:00:00Z,PIPPINUSDT,0.000296358391191305,0.01671,0.01671
2025-08-22T16:00:00Z,PIPPINUSDT,0.000187036789604623,0.0176,0.0176
2025-08-22T20:00:00Z,PIPPINUSDT,0.000398865581783632,0.01809,0.01809
2025-08-23T00:00:00Z,PIPPINUSDT,0.00005,0.01806,0.01806
2025-08-23T04:00:00Z,PIPPINUSDT,0.00005,0.01759,0.01759
2025-08-23T08:00:00Z,PIPPINUSDT,0.00005,0.01823,0.01823
2025-08-23T12:00:00Z,PIPPINUSDT,0.000379842212000501,0.01821,0.01821
2025-08-23T16:00:00Z,PIPPINUSDT,0.000633436293046839,0.01834,0.01834
2025-08-23T20:00:00Z,PIPPINUSDT,0.000424788075212015,0.01797,0.01797
2025-08-24T00:00:00Z,PIPPINUSDT,0.000653783272298124,0.01809,0.01809
2025-08-24T04:00:00Z,PIPPINUSDT,0.000325068324797875,0.0168,0.0168
2025-08-24T08:00:00Z,PIPPINUSDT,0.000050015209626603,0.01653,0.01653
2025-08-24T12:00:00Z,PIPPINUSDT,0.00005,0.01617,0.01617
2025-08-24T16:00:00Z,PIPPINUSDT,0.000587163946883052,0.01605,0.01605
2025-08-24T20:00:00Z,PIPPINUSDT,0.00005,0.01612,0.01612
2025-08-25T00:00:00Z,PIPPINUSDT,0.00005,0.01595,0.01595
2025-08-25T04:00:00Z,PIPPINUSDT,0.00005,0.0159,0.0159
2025-08-25T08:00:00Z,PIPPINUSDT,0.00005,0.01494,0.01494
2025-08-25T12:00:00Z,PIPPINUSDT,0.00005,0.01502,0.01502
2025-08-25T16:00:00Z,PIPPINUSDT,0.000971438976994045,0.01534,0.01534
2025-08-25T20:00:00Z,PIPPINUSDT,0.00005,0.01494,0.01494
2025-08-26T00:00:00Z,PIPPINUSDT,0.00005,0.01474,0.01474
2025-08-26T04:00:00Z,PIPPINUSDT,0.00005,0.01503,0.01503
2025-08-26T08:00:00Z,PIPPINUSDT,0.00005,0.01524,0.01524
2025-08-26T12:00:00Z,PIPPINUSDT,0.00005,0.01508,0.01508
2025-08-26T16:00:00Z,PIPPINUSDT,0.000054978355960562,0.01524,0.01524
2025-08-26T20:00:00Z,PIPPINUSDT,0.00005,0.01543,0.01543
2025-08-27T00:00:00Z,PIPPINUSDT,0.00032022052930745,0.01534,0.01534
2025-08-27T04:00:00Z,PIPPINUSDT,0.00005,0.01547,0.01547
2025-08-27T08:00:00Z,PIPPINUSDT,0.00005,0.0152,0.0152
2025-08-27T12:00:00Z,PIPPINUSDT,0.00005,0.01531,0.01531
2025-08-27T16:00:00Z,PIPPINUSDT,0.00005,0.01528,0.01528
2025-08-27T20:00:00Z,PIPPINUSDT,0.00005,0.01518,0.01518
2025-08-28T00:00:00Z,PIPPINUSDT,0.00005,0.01518,0.01518
2025-08-28T04:00:00Z,PIPPINUSDT,0.00005,0.01538,0.01538
2025-08-28T08:00:00Z,PIPPINUSDT,0.00005,0.01559,0.01559
2025-08-28T12:00:00Z,PIPPINUSDT,0.00005,0.01558,0.01558
2025-08-28T16:00:00Z,PIPPINUSDT,0.000476101411346836,0.01543,0.01543
2025-08-28T20:00:00Z,PIPPINUSDT,0.000911906811914767,0.0151,0.0151
2025-08-29T00:00:00Z,PIPPINUSDT,0.000512658805917018,0.01555,0.01555
2025-08-29T04:00:00Z,PIPPINUSDT,0.00005,0.01537,0.01537
2025-08-29T08:00:00Z,PIPPINUSDT,0.00005,0.01484,0.01484
2025-08-29T12:00:00Z,PIPPINUSDT,0.00005,0.01496,0.01496
2025-08-29T16:00:00Z,PIPPINUSDT,0.00005,0.01495,0.01495
2025-08-29T20:00:00Z,PIPPINUSDT,0.00005,0.01511,0.01511
2025-08-30T00:00:00Z,PIPPINUSDT,0.00005,0.0153,0.0153
2025-08-30T04:00:00Z,PIPPINUSDT,0.00005,0.01542,0.01542
2025-08-30T08:00:00Z,PIPPINUSDT,0.000338879121772463,0.01547,0.01547
2025-08-30T12:00:00Z,PIPPINUSDT,0.000987249354554305,0.01541,0.01541
2025-08-30T16:00:00Z,PIPPINUSDT,0.000183432910306935,0.01538,0.01538
2025-08-30T20:00:00Z,PIPPINUSDT,0.00005,0.01529,0.01529
2025-08-31T00:00:00Z,PIPPINUSDT,0.00005,0.01541,0.01541
2025-08-31T04:00:00Z,PIPPINUSDT,0.00005,0.01553,0.01553
2025-08-31T08:00:00Z,PIPPINUSDT,0.00005,0.01554,0.01554
2025-08-31T12:00:00Z,PIPPINUSDT,0.00005,0.01534,0.01534
2025-08-31T16:00:00Z,PIPPINUSDT,0.00005,0.0152,0.0152
2025-08-31T20:00:00Z,PIPPINUSDT,0.00005,0.01527,0.01527
2025-09-01T00:00:00Z,PIPPINUSDT,0.00005,0.01501,0.01501
2025-09-01T04:00:00Z,PIPPINUSDT,0.00005,0.01498,0.01498
2025-09-01T08:00:00Z,PIPPINUSDT,0.00005,0.01538,0.01538
2025-09-01T12:00:00Z,PIPPINUSDT,0.000145293341766441,0.01517,0.01517
2025-09-01T16:00:00Z,PIPPINUSDT,0.00005,0.01486,0.01486
2025-09-01T20:00:00Z,PIPPINUSDT,0.00005,0.01511,0.01511
2025-09-02T00:00:00Z,PIPPINUSDT,0.00005,0.01473,0.01473
2025-09-02T04:00:00Z,PIPPINUSDT,0.00005,0.01515,0.01515
2025-09-02T08:00:00Z,PIPPINUSDT,0.00005,0.01512,0.01512
2025-09-02T12:00:00Z,PIPPINUSDT,0.00005,0.01518,0.01518
2025-09-02T16:00:00Z,PIPPINUSDT,0.00005,0.01503,0.01503
2025-09-02T20:00:00Z,PIPPINUSDT,0.00005,0.01531,0.01531
2025-09-03T00:00:00Z,PIPPINUSDT,0.00005,0.01568,0.01568
2025-09-03T04:00:00Z,PIPPINUSDT,0.00005,0.01588,0.01588
2025-09-03T08:00:00Z,PIPPINUSDT,0.00005,0.01597,0.01597
2025-09-03T12:00:00Z,PIPPINUSDT,0.00005,0.01594,0.01594
2025-09-03T16:00:00Z,PIPPINUSDT,0.00005,0.0159,0.0159
2025-09-03T20:00:00Z,PIPPINUSDT,0.00005,0.01618,0.01618
2025-09-04T00:00:00Z,PIPPINUSDT,0.000102286085595008,0.01615,0.01615
2025-09-04T04:00:00Z,PIPPINUSDT,0.00005,0.01565,0.01565
2025-09-04T08:00:00Z,PIPPINUSDT,0.00005,0.01519,0.01519
2025-09-04T12:00:00Z,PIPPINUSDT,0.00005,0.01504,0.01504
2025-09-04T16:00:00Z,PIPPINUSDT,0.00005,0.01509,0.01509
2025-09-04T20:00:00Z,PIPPINUSDT,0.00005,0.01494,0.01494
2025-09-05T00:00:00Z,PIPPINUSDT,0.00005,0.01505,0.01505
2025-09-05T04:00:00Z,PIPPINUSDT,0.00005,0.01579,0.01579
2025-09-05T08:00:00Z,PIPPINUSDT,0.00005,0.01619,0.01619
2025-09-05T12:00:00Z,PIPPINUSDT,0.00005,0.01611,0.01611
2025-09-05T16:00:00Z,PIPPINUSDT,0.00005,0.01611,0.01611
2025-09-05T20:00:00Z,PIPPINUSDT,0.00005,0.01967,0.01967
2025-09-06T00:00:00Z,PIPPINUSDT,0.00005,0.02039,0.02039
2025-09-06T04:00:00Z,PIPPINUSDT,0.00005,0.0203,0.0203
2025-09-06T08:00:00Z,PIPPINUSDT,0.00005,0.0189,0.0189
2025-09-06T12:00:00Z,PIPPINUSDT,0.00005,0.02024,0.02024
2025-09-06T16:00:00Z,PIPPINUSDT,0.00005,0.01987,0.01987
2025-09-06T20:00:00Z,PIPPINUSDT,0.00005,0.02031,0.02031
2025-09-07T00:00:00Z,PIPPINUSDT,0.00005,0.02062,0.02062
2025-09-07T04:00:00Z,PIPPINUSDT,0.00005,0.02072,0.02072
2025-09-07T08:00:00Z,PIPPINUSDT,0.00005,0.02076,0.02076
2025-09-07T12:00:00Z,PIPPINUSDT,0.00005,0.02069,0.02069
2025-09-07T16:00:00Z,PIPPINUSDT,0.000144202985312858,0.02072,0.02072
2025-09-07T20:00:00Z,PIPPINUSDT,0.000350423025945274,0.02119,0.02119
2025-09-08T00:00:00Z,PIPPINUSDT,0.000320371847390739,0.02103,0.02103
2025-09-08T04:00:00Z,PIPPINUSDT,0.000240782531879088,0.02079,0.02079
2025-09-08T08:00:00Z,PIPPINUSDT,0.00005,0.02026,0.02026
2025-09-08T12:00:00Z,PIPPINUSDT,0.00005,0.02009,0.02009
2025-09-08T16:00:00Z,PIPPINUSDT,0.000282538888294259,0.02016,0.02016
2025-09-08T20:00:00Z,PIPPINUSDT,0.000173547115444887,0.02035,0.02035
2025-09-09T00:00:00Z,PIPPINUSDT,0.00040839406329476,0.02011,0.02011
2025-09-09T04:00:00Z,PIPPINUSDT,0.00005,0.02076,0.02076
2025-09-09T08:00:00Z,PIPPINUSDT,0.00005,0.02148,0.02148
2025-09-09T12:00:00Z,PIPPINUSDT,0.00005,0.02082,0.02082
2025-09-09T16:00:00Z,PIPPINUSDT,0.00005,0.02061,0.02061
2025-09-09T20:00:00Z,PIPPINUSDT,0.000480252688708611,0.02041,0.02041
2025-09-10T00:00:00Z,PIPPINUSDT,0.000206511676399297,0.0205,0.0205
2025-09-10T04:00:00Z,PIPPINUSDT,0.00005,0.02076,0.02076
2025-09-10T08:00:00Z,PIPPINUSDT,0.000109988910549238,0.02075,0.02075
2025-09-10T12:00:00Z,PIPPINUSDT,0.000275886708436005,0.02041,0.02041
2025-09-10T16:00:00Z,PIPPINUSDT,0.00005,0.02039,0.02039
2025-09-10T20:00:00Z,PIPPINUSDT,0.00005,0.02021,0.02021
2025-09-11T00:00:00Z,PIPPINUSDT,0.00005,0.02067,0.02067
2025-09-11T04:00:00Z,PIPPINUSDT,0.00005,0.0203,0.0203
2025-09-11T08:00:00Z,PIPPINUSDT,0.00005,0.02018,0.02018
2025-09-11T12:00:00Z,PIPPINUSDT,0.00005,0.01996,0.01996
2025-09-11T16:00:00Z,PIPPINUSDT,0.00005,0.01964,0.01964
2025-09-11T20:00:00Z,PIPPINUSDT,0.00005,0.02003,0.02003
2025-09-12T00:00:00Z,PIPPINUSDT,0.00005,0.02008,0.02008
2025-09-12T04:00:00Z,PIPPINUSDT,0.00005,0.02085,0.02085
2025-09-12T08:00:00Z,PIPPINUSDT,0.00005,0.02067,0.02067
2025-09-12T12:00:00Z,PIPPINUSDT,0.00005,0.02066,0.02066
2025-09-12T16:00:00Z,PIPPINUSDT,0.00005,0.0208,0.0208
2025-09-12T20:00:00Z,PIPPINUSDT,0.00005,0.02168,0.02168
2025-09-13T00:00:00Z,PIPPINUSDT,0.00005,0.02194,0.02194
2025-09-13T04:00:00Z,PIPPINUSDT,0.00005,0.02208,0.02208
2025-09-13T08:00:00Z,PIPPINUSDT,0.00005,0.02138,0.02138
2025-09-13T12:00:00Z,PIPPINUSDT,0.000173813319607121,0.02221,0.02221
2025-09-13T16:00:00Z,PIPPINUSDT,0.00005,0.02114,0.02114
2025-09-13T20:00:00Z,PIPPINUSDT,0.00005,0.02108,0.02108
2025-09-14T00:00:00Z,PIPPINUSDT,0.00005,0.02153,0.02153
2025-09-14T04:00:00Z,PIPPINUSDT,0.00005,0.0206,0.0206
2025-09-14T08:00:00Z,PIPPINUSDT,0.000126157844778697,0.02095,0.02095
2025-09-14T12:00:00Z,PIPPINUSDT,0.00005,0.02071,0.02071
2025-09-14T16:00:00Z,PIPPINUSDT,0.00005,0.0203,0.0203
2025-09-14T20:00:00Z,PIPPINUSDT,0.00005,0.02039,0.02039
2025-09-15T00:00:00Z,PIPPINUSDT,0.00005,0.021,0.021
2025-09-15T04:00:00Z,PIPPINUSDT,0.00005,0.02119,0.02119
2025-09-15T08:00:00Z,PIPPINUSDT,0.00005,0.02126,0.02126
2025-09-15T12:00:00Z,PIPPINUSDT,0.00005,0.02164,0.02164
2025-09-15T16:00:00Z,PIPPINUSDT,0.00005,0.02091,0.02091
2025-09-15T20:00:00Z,PIPPINUSDT,0.00005,0.02019,0.02019
2025-09-16T00:00:00Z,PIPPINUSDT,0.00005,0.02015,0.02015
2025-09-16T04:00:00Z,PIPPINUSDT,0.00005,0.01998,0.01998
2025-09-16T08:00:00Z,PIPPINUSDT,0.00005,0.01961,0.01961
2025-09-16T12:00:00Z,PIPPINUSDT,0.00005,0.01968,0.01968
2025-09-16T16:00:00Z,PIPPINUSDT,0.00005,0.02031,0.02031
2025-09-16T20:00:00Z,PIPPINUSDT,0.00005,0.02042,0.02042
2025-09-17T00:00:00Z,PIPPINUSDT,0.00005,0.02032,0.02032
2025-09-17T04:00:00Z,PIPPINUSDT,0.00005,0.02007,0.02007
2025-09-17T08:00:00Z,PIPPINUSDT,0.00005,0.02037,0.02037
2025-09-17T12:00:00Z,PIPPINUSDT,0.00005,0.02019,0.02019
2025-09-17T16:00:00Z,PIPPINUSDT,0.00005,0.02015,0.02015
2025-09-17T20:00:00Z,PIPPINUSDT,0.00005,0.02083,0.02083
2025-09-18T00:00:00Z,PIPPINUSDT,0.00005,0.02018,0.02018
2025-09-18T04:00:00Z,PIPPINUSDT,0.00005,0.02017,0.02017
2025-09-18T08:00:00Z,PIPPINUSDT,0.00005,0.01995,0.01995
2025-09-18T12:00:00Z,PIPPINUSDT,0.00005,0.02003,0.02003
2025-09-18T16:00:00Z,PIPPINUSDT,0.00005,0.0202,0.0202
2025-09-18T20:00:00Z,PIPPINUSDT,0.00005,0.02015,0.02015
2025-09-19T00:00:00Z,PIPPINUSDT,0.00005,0.02016,0.02016
2025-09-19T04:00:00Z,PIPPINUSDT,0.00005,0.01945,0.01945
2025-09-19T08:00:00Z,PIPPINUSDT,0.00005,0.01913,0.01913
2025-09-19T12:00:00Z,PIPPINUSDT,0.00005,0.01912,0.01912
2025-09-19T16:00:00Z,PIPPINUSDT,0.00005,0.01915,0.01915
2025-09-19T20:00:00Z,PIPPINUSDT,0.00005,0.01904,0.01904
2025-09-20T00:00:00Z,PIPPINUSDT,0.00005,0.01907,0.01907
2025-09-20T04:00:00Z,PIPPINUSDT,0.00005,0.01916,0.01916
2025-09-20T08:00:00Z,PIPPINUSDT,0.00005,0.01927,0.01927
2025-09-20T12:00:00Z,PIPPINUSDT,0.00005,0.01901,0.01901
2025-09-20T16:00:00Z,PIPPINUSDT,0.00005,0.01937,0.01937
2025-09-20T20:00:00Z,PIPPINUSDT,0.000387799161206528,0.01923,0.01923
2025-09-21T00:00:00Z,PIPPINUSDT,0.000864237344855733,0.01926,0.01926
2025-09-21T04:00:00Z,PIPPINUSDT,0.00020218098889231,0.01935,0.01935
2025-09-21T08:00:00Z,PIPPINUSDT,0.000839960764800252,0.01932,0.01932
2025-09-21T12:00:00Z,PIPPINUSDT,0.00005,0.02019,0.02019
2025-09-21T16:00:00Z,PIPPINUSDT,0.00005,0.02021,0.02021
2025-09-21T20:00:00Z,PIPPINUSDT,0.000094135268577165,0.02005,0.02005
2025-09-22T00:00:00Z,PIPPINUSDT,0.000176717773609424,0.02014,0.02014
2025-09-22T04:00:00Z,PIPPINUSDT,0.00005,0.02126,0.02126
2025-09-22T08:00:00Z,PIPPINUSDT,0.00005,0.01974,0.01974
2025-09-22T12:00:00Z,PIPPINUSDT,0.00005,0.02032,0.02032
2025-09-22T16:00:00Z,PIPPINUSDT,0.00005,0.01965,0.01965
2025-09-22T20:00:00Z,PIPPINUSDT,0.000217054904798047,0.0211,0.0211
2025-09-23T00:00:00Z,PIPPINUSDT,0.00005,0.02066,0.02066
2025-09-23T04:00:00Z,PIPPINUSDT,0.00005,0.02022,0.02022
2025-09-23T08:00:00Z,PIPPINUSDT,0.00005,0.02003,0.02003
2025-09-23T12:00:00Z,PIPPINUSDT,0.000439168128170029,0.02017,0.02017
2025-09-23T16:00:00Z,PIPPINUSDT,0.000166221952240328,0.02026,0.02026
2025-09-23T20:00:00Z,PIPPINUSDT,0.00005,0.02014,0.02014
2025-09-24T00:00:00Z,PIPPINUSDT,0.00005,0.02008,0.02008
2025-09-24T04:00:00Z,PIPPINUSDT,0.000227372755259344,0.02027,0.02027
2025-09-24T08:00:00Z,PIPPINUSDT,0.00005,0.02053,0.02053
2025-09-24T12:00:00Z,PIPPINUSDT,0.00005,0.02025,0.02025
2025-09-24T16:00:00Z,PIPPINUSDT,0.00005,0.02032,0.02032
2025-09-24T20:00:00Z,PIPPINUSDT,0.00005,0.02039,0.02039
2025-09-25T00:00:00Z,PIPPINUSDT,0.00005,0.02018,0.02018
2025-09-25T04:00:00Z,PIPPINUSDT,0.00005,0.0203,0.0203
2025-09-25T08:00:00Z,PIPPINUSDT,0.00005,0.02016,0.02016
2025-09-25T12:00:00Z,PIPPINUSDT,0.00005,0.02015,0.02015
2025-09-25T16:00:00Z,PIPPINUSDT,0.00005,0.02,0.02
2025-09-25T20:00:00Z,PIPPINUSDT,0.00005,0.01955,0.01955
2025-09-26T00:00:00Z,PIPPINUSDT,0.000144680498400838,0.01991,0.01991
2025-09-26T04:00:00Z,PIPPINUSDT,0.000335893089246187,0.02017,0.02017
2025-09-26T08:00:00Z,PIPPINUSDT,0.00005,0.0201,0.0201
2025-09-26T12:00:00Z,PIPPINUSDT,0.00005,0.02005,0.02005
2025-09-26T16:00:00Z,PIPPINUSDT,0.00005,0.02014,0.02014
2025-09-26T20:00:00Z,PIPPINUSDT,0.000136638846186474,0.01991,0.01991
2025-09-27T00:00:00Z,PIPPINUSDT,0.000486705400990368,0.02022,0.02022
2025-09-27T04:00:00Z,PIPPINUSDT,0.000296284021968822,0.02015,0.02015
2025-09-27T08:00:00Z,PIPPINUSDT,0.00005,0.02019,0.02019
2025-09-27T12:00:00Z,PIPPINUSDT,0.000403382989503631,0.02015,0.02015
2025-09-27T16:00:00Z,PIPPINUSDT,0.000065234051697663,0.02016,0.02016
2025-09-27T20:00:00Z,PIPPINUSDT,0.00005,0.02011,0.02011
2025-09-28T00:00:00Z,PIPPINUSDT,0.000072930932921033,0.02011,0.02011
2025-09-28T04:00:00Z,PIPPINUSDT,0.00005,0.02019,0.02019
2025-09-28T08:00:00Z,PIPPINUSDT,0.00005,0.02012,0.02012
2025-09-28T12:00:00Z,PIPPINUSDT,0.00005,0.02008,0.02008
2025-09-28T16:00:00Z,PIPPINUSDT,0.00005,0.02016,0.02016
2025-09-28T20:00:00Z,PIPPINUSDT,0.00005,0.02014,0.02014
2025-09-29T00:00:00Z,PIPPINUSDT,0.00005,0.02019,0.02019
2025-09-29T04:00:00Z,PIPPINUSDT,0.00005,0.02,0.02
2025-09-29T08:00:00Z,PIPPINUSDT,0.00005,0.01981,0.01981
2025-09-29T12:00:00Z,PIPPINUSDT,0.00005,0.01972,0.01972
2025-09-29T16:00:00Z,PIPPINUSDT,0.00005,0.02006,0.02006
2025-09-29T20:00:00Z,PIPPINUSDT,0.000163206283996657,0.02014,0.02014
2025-09-30T00:00:00Z,PIPPINUSDT,0.000363003860325346,0.02016,0.02016
2025-09-30T04:00:00Z,PIPPINUSDT,0.00005,0.01992,0.01992
2025-09-30T08:00:00Z,PIPPINUSDT,0.00005,0.01991,0.01991
2025-09-30T12:00:00Z,PIPPINUSDT,0.000292145728796409,0.01995,0.01995
2025-09-30T16:00:00Z,PIPPINUSDT,0.000365236647937761,0.0199,0.0199
2025-09-30T20:00:00Z,PIPPINUSDT,0.00005,0.02141,0.02141
2025-10-01T00:00:00Z,PIPPINUSDT,0.00005,0.02361,0.02361
2025-10-01T04:00:00Z,PIPPINUSDT,0.00005,0.023,0.023
2025-10-01T08:00:00Z,PIPPINUSDT,0.00005,0.02041,0.02041
2025-10-01T12:00:00Z,PIPPINUSDT,0.00005,0.02152,0.02152
2025-10-01T16:00:00Z,PIPPINUSDT,0.00005,0.02181,0.02181
2025-10-01T20:00:00Z,PIPPINUSDT,0.00005,0.0212,0.0212
2025-10-02T00:00:00Z,PIPPINUSDT,0.00005,0.02131,0.02131
2025-10-02T04:00:00Z,PIPPINUSDT,0.00005,0.02144,0.02144
2025-10-02T08:00:00Z,PIPPINUSDT,0.00005,0.02067,0.02067
2025-10-02T12:00:00Z,PIPPINUSDT,0.00005,0.02036,0.02036
2025-10-02T16:00:00Z,PIPPINUSDT,0.00005,0.02035,0.02035
2025-10-02T20:00:00Z,PIPPINUSDT,0.00005,0.02045,0.02045
2025-10-03T00:00:00Z,PIPPINUSDT,0.00005,0.02,0.02
2025-10-03T04:00:00Z,PIPPINUSDT,0.00005,0.01994,0.01994
2025-10-03T08:00:00Z,PIPPINUSDT,0.00005,0.01999,0.01999
2025-10-03T12:00:00Z,PIPPINUSDT,0.00005,0.02007,0.02007
2025-10-03T16:00:00Z,PIPPINUSDT,0.00005,0.02128,0.02128
2025-10-03T20:00:00Z,PIPPINUSDT,0.00005,0.02186,0.02186
2025-10-04T00:00:00Z,PIPPINUSDT,0.00005,0.02123,0.02123
2025-10-04T04:00:00Z,PIPPINUSDT,0.00005,0.02126,0.02126
2025-10-04T08:00:00Z,PIPPINUSDT,0.00006581889254694,0.02181,0.02181
2025-10-04T12:00:00Z,PIPPINUSDT,0.00005,0.02135,0.02135
2025-10-04T16:00:00Z,PIPPINUSDT,0.00005,0.02097,0.02097
2025-10-04T20:00:00Z,PIPPINUSDT,0.00005,0.02138,0.02138
2025-10-05T00:00:00Z,PIPPINUSDT,0.00005,0.02148,0.02148
2025-10-05T04:00:00Z,PIPPINUSDT,0.00005,0.02154,0.02154
2025-10-05T08:00:00Z,PIPPINUSDT,0.00005,0.02154,0.02154
2025-10-05T12:00:00Z,PIPPINUSDT,0.00005,0.0214,0.0214
2025-10-05T16:00:00Z,PIPPINUSDT,0.00005,0.02165,0.02165
2025-10-05T20:00:00Z,PIPPINUSDT,0.00005,0.02104,0.02104
2025-10-06T00:00:00Z,PIPPINUSDT,0.00005,0.02129,0.02129
2025-10-06T04:00:00Z,PIPPINUSDT,0.00005,0.02156,0.02156
2025-10-06T08:00:00Z,PIPPINUSDT,0.00005,0.02169,0.02169
2025-10-06T12:00:00Z,PIPPINUSDT,0.00005,0.02158,0.02158
2025-10-06T16:00:00Z,PIPPINUSDT,0.00005,0.02224,0.02224
2025-10-06T20:00:00Z,PIPPINUSDT,0.00005,0.02221,0.02221
2025-10-07T00:00:00Z,PIPPINUSDT,0.00005,0.02157,0.02157
2025-10-07T04:00:00Z,PIPPINUSDT,0.00005,0.02192,0.02192
2025-10-07T08:00:00Z,PIPPINUSDT,0.00005,0.02171,0.02171
2025-10-07T12:00:00Z,PIPPINUSDT,0.00005,0.02195,0.02195
2025-10-07T16:00:00Z,PIPPINUSDT,0.00005,0.02078,0.02078
2025-10-07T20:00:00Z,PIPPINUSDT,0.00005,0.02048,0.02048
2025-10-08T00:00:00Z,PIPPINUSDT,0.00005,0.02043,0.02043
2025-10-08T04:00:00Z,PIPPINUSDT,0.00005,0.02031,0.02031
2025-10-08T08:00:00Z,PIPPINUSDT,0.00005,0.02079,0.02079
2025-10-08T12:00:00Z,PIPPINUSDT,0.00005,0.0206,0.0206
2025-10-08T16:00:00Z,PIPPINUSDT,0.00005,0.02093,0.02093
2025-10-08T20:00:00Z,PIPPINUSDT,0.00005,0.02111,0.02111
2025-10-09T00:00:00Z,PIPPINUSDT,0.00005,0.02102,0.02102
2025-10-09T04:00:00Z,PIPPINUSDT,0.00005,0.02076,0.02076
2025-10-09T08:00:00Z,PIPPINUSDT,0.00005,0.02041,0.02041
2025-10-09T12:00:00Z,PIPPINUSDT,0.00005,0.02042,0.02042
2025-10-09T16:00:00Z,PIPPINUSDT,0.00005,0.02026,0.02026
2025-10-09T20:00:00Z,PIPPINUSDT,0.00005,0.02037,0.02037
2025-10-10T00:00:00Z,PIPPINUSDT,0.00005,0.0204,0.0204
2025-10-10T04:00:00Z,PIPPINUSDT,0.00005,0.02052,0.02052
2025-10-10T08:00:00Z,PIPPINUSDT,0.00005,0.0201,0.0201
2025-10-10T12:00:00Z,PIPPINUSDT,0.00005,0.01992,0.01992
2025-10-10T16:00:00Z,PIPPINUSDT,0.00005,0.01954,0.01954
2025-10-10T20:00:00Z,PIPPINUSDT,0.00005,0.01963,0.01963
2025-10-11T00:00:00Z,PIPPINUSDT,0.008725135351030769,0.01036,0.01036
2025-10-11T04:00:00Z,PIPPINUSDT,0.00005,0.01105,0.01105
2025-10-11T08:00:00Z,PIPPINUSDT,0.00005,0.01056,0.01056
2025-10-11T12:00:00Z,PIPPINUSDT,0.00005,0.01214,0.01214
2025-10-11T16:00:00Z,PIPPINUSDT,0.00005,0.01266,0.01266
2025-10-11T20:00:00Z,PIPPINUSDT,0.00005,0.01347,0.01347
2025-10-12T00:00:00Z,PIPPINUSDT,0.00005,0.01395,0.01395
2025-10-12T04:00:00Z,PIPPINUSDT,0.00005,0.01352,0.01352
2025-10-12T08:00:00Z,PIPPINUSDT,0.00005,0.01425,0.01425
2025-10-12T12:00:00Z,PIPPINUSDT,0.00005,0.01399,0.01399
2025-10-12T16:00:00Z,PIPPINUSDT,0.00005,0.01396,0.01396
2025-10-12T20:00:00Z,PIPPINUSDT,0.00005,0.01411,0.01411
2025-10-13T00:00:00Z,PIPPINUSDT,0.00005,0.01396,0.01396
2025-10-13T04:00:00Z,PIPPINUSDT,0.00005,0.01447,0.01447
2025-10-13T08:00:00Z,PIPPINUSDT,0.00005,0.01433,0.01433
2025-10-13T12:00:00Z,PIPPINUSDT,0.00005,0.01376,0.01376
2025-10-13T16:00:00Z,PIPPINUSDT,0.00005,0.01412,0.01412
2025-10-13T20:00:00Z,PIPPINUSDT,0.00005,0.01445,0.01445
2025-10-14T00:00:00Z,PIPPINUSDT,0.00005,0.01492,0.01492
2025-10-14T04:00:00Z,PIPPINUSDT,0.00005,0.01397,0.01397
2025-10-14T08:00:00Z,PIPPINUSDT,0.00005,0.0135,0.0135
2025-10-14T12:00:00Z,PIPPINUSDT,0.00005,0.01369,0.01369
2025-10-14T16:00:00Z,PIPPINUSDT,0.00005,0.01426,0.01426
2025-10-14T20:00:00Z,PIPPINUSDT,0.00005,0.01421,0.01421
2025-10-15T00:00:00Z,PIPPINUSDT,0.00005,0.01415,0.01415
2025-10-15T04:00:00Z,PIPPINUSDT,0.00005,0.01408,0.01408
2025-10-15T08:00:00Z,PIPPINUSDT,0.00005,0.01444,0.01444
2025-10-15T12:00:00Z,PIPPINUSDT,0.00005,0.01413,0.01413
2025-10-15T16:00:00Z,PIPPINUSDT,0.00005,0.01412,0.01412
2025-10-15T20:00:00Z,PIPPINUSDT,0.00005,0.01401,0.01401
2025-10-16T00:00:00Z,PIPPINUSDT,0.00005,0.01371,0.01371
2025-10-16T04:00:00Z,PIPPINUSDT,0.00005,0.01348,0.01348
2025-10-16T08:00:00Z,PIPPINUSDT,0.000132959234958747,0.01377,0.01377
2025-10-16T12:00:00Z,PIPPINUSDT,0.00005,0.01408,0.01408
2025-10-16T16:00:00Z,PIPPINUSDT,0.00005,0.01338,0.01338
2025-10-16T20:00:00Z,PIPPINUSDT,0.00005,0.01357,0.01357
2025-10-17T00:00:00Z,PIPPINUSDT,0.00005,0.01406,0.01406
2025-10-17T04:00:00Z,PIPPINUSDT,0.00005,0.01399,0.01399
2025-10-17T08:00:00Z,PIPPINUSDT,0.00005,0.01329,0.01329
2025-10-17T12:00:00Z,PIPPINUSDT,0.00005,0.014,0.014
2025-10-17T16:00:00Z,PIPPINUSDT,0.00005,0.01413,0.01413
2025-10-17T20:00:00Z,PIPPINUSDT,0.00005,0.01402,0.01402
2025-10-18T00:00:00Z,PIPPINUSDT,0.00005,0.01444,0.01444
2025-10-18T04:00:00Z,PIPPINUSDT,0.00005,0.01461,0.01461
2025-10-18T08:00:00Z,PIPPINUSDT,0.00009667658424851,0.01581,0.01581
2025-10-18T12:00:00Z,PIPPINUSDT,0.00005,0.01554,0.01554
2025-10-18T16:00:00Z,PIPPINUSDT,0.00005,0.01578,0.01578
2025-10-18T20:00:00Z,PIPPINUSDT,0.00005,0.0169,0.0169
2025-10-19T00:00:00Z,PIPPINUSDT,0.00005,0.01978,0.01978
2025-10-19T04:00:00Z,PIPPINUSDT,0.00005,0.0142,0.0142
2025-10-19T08:00:00Z,PIPPINUSDT,0.000163237001087831,0.01458,0.01458
2025-10-19T12:00:00Z,PIPPINUSDT,0.000294838961837222,0.01511,0.01511
2025-10-19T16:00:00Z,PIPPINUSDT,0.000281694647982556,0.01529,0.01529
2025-10-19T20:00:00Z,PIPPINUSDT,0.000113231602518072,0.01628,0.01628
2025-10-20T00:00:00Z,PIPPINUSDT,0.000269421202001038,0.01575,0.01575
2025-10-20T04:00:00Z,PIPPINUSDT,0.00005,0.01725,0.01725
2025-10-20T08:00:00Z,PIPPINUSDT,0.00005,0.01672,0.01672
2025-10-20T12:00:00Z,PIPPINUSDT,0.00005,0.0162,0.0162
2025-10-20T16:00:00Z,PIPPINUSDT,0.000154536209081913,0.01571,0.01571
2025-10-20T20:00:00Z,PIPPINUSDT,0.000598777835117216,0.01548,0.01548
2025-10-21T00:00:00Z,PIPPINUSDT,0.000269132373332879,0.01543,0.01543
2025-10-21T04:00:00Z,PIPPINUSDT,0.000196061397910936,0.01518,0.01518
2025-10-21T08:00:00Z,PIPPINUSDT,0.00005,0.01504,0.01504
2025-10-21T12:00:00Z,PIPPINUSDT,0.00005,0.0154,0.0154
2025-10-21T16:00:00Z,PIPPINUSDT,0.000494910971508412,0.01571,0.01571
2025-10-21T20:00:00Z,PIPPINUSDT,0.00005,0.01527,0.01527
2025-10-22T00:00:00Z,PIPPINUSDT,0.00005,0.01457,0.01457
2025-10-22T04:00:00Z,PIPPINUSDT,0.000339508662335087,0.01505,0.01505
2025-10-22T08:00:00Z,PIPPINUSDT,0.000119688324553893,0.01502,0.01502
2025-10-22T12:00:00Z,PIPPINUSDT,0.00005,0.01508,0.01508
2025-10-22T16:00:00Z,PIPPINUSDT,0.000149392422366542,0.01506,0.01506
2025-10-22T20:00:00Z,PIPPINUSDT,0.00005,0.01524,0.01524
2025-10-23T00:00:00Z,PIPPINUSDT,0.00005,0.01489,0.01489
2025-10-23T04:00:00Z,PIPPINUSDT,0.00005,0.01502,0.01502
2025-10-23T08:00:00Z,PIPPINUSDT,0.00005,0.01519,0.01519
2025-10-23T12:00:00Z,PIPPINUSDT,0.00005,0.01502,0.01502
2025-10-23T16:00:00Z,PIPPINUSDT,0.00005,0.0209,0.0209
2025-10-23T20:00:00Z,PIPPINUSDT,0.00005,0.02133,0.02133
2025-10-24T00:00:00Z,PIPPINUSDT,0.00005,0.02156,0.02156
2025-10-24T04:00:00Z,PIPPINUSDT,0.000190042725841209,0.02125,0.02125
2025-10-24T08:00:00Z,PIPPINUSDT,0.000149921464340902,0.02462,0.02462
2025-10-24T12:00:00Z,PIPPINUSDT,0.00005,0.0254,0.0254
2025-10-24T16:00:00Z,PIPPINUSDT,0.00005,0.03057,0.03057
2025-10-24T20:00:00Z,PIPPINUSDT,-0.000561976438843359,0.02158,0.02158
2025-10-25T00:00:00Z,PIPPINUSDT,0.00005,0.02517,0.02517
2025-10-25T04:00:00Z,PIPPINUSDT,0.00005,0.02702,0.02702
2025-10-25T08:00:00Z,PIPPINUSDT,0.00005,0.02971,0.02971
2025-10-25T12:00:00Z,PIPPINUSDT,0.00005,0.02892,0.02892
2025-10-25T16:00:00Z,PIPPINUSDT,0.00005,0.02523,0.02523
2025-10-25T20:00:00Z,PIPPINUSDT,-0.002007016523894836,0.05125,0.05125
2025-10-26T00:00:00Z,PIPPINUSDT,-0.010709018233024208,0.03707,0.03707
2025-10-26T04:00:00Z,PIPPINUSDT,0.00332444896588501,0.02358,0.02358
2025-10-26T08:00:00Z,PIPPINUSDT,0.004817375044218217,0.01933,0.01933
2025-10-26T12:00:00Z,PIPPINUSDT,0.001526862806877055,0.02003,0.02003
2025-10-26T16:00:00Z,PIPPINUSDT,0.000771610892102612,0.01926,0.01926
2025-10-26T20:00:00Z,PIPPINUSDT,0.00005,0.01911,0.01911
2025-10-27T00:00:00Z,PIPPINUSDT,0.000282692943036935,0.01903,0.01903
2025-10-27T04:00:00Z,PIPPINUSDT,0.00005,0.01899,0.01899
2025-10-27T08:00:00Z,PIPPINUSDT,0.001020307610441992,0.01783,0.01783
2025-10-27T12:00:00Z,PIPPINUSDT,0.00005,0.01874,0.01874
2025-10-27T16:00:00Z,PIPPINUSDT,0.00005,0.01816,0.01816
2025-10-27T20:00:00Z,PIPPINUSDT,0.00005,0.01818,0.01818
2025-10-28T00:00:00Z,PIPPINUSDT,0.00005,0.018,0.018
2025-10-28T04:00:00Z,PIPPINUSDT,0.00005,0.01832,0.01832
2025-10-28T08:00:00Z,PIPPINUSDT,0.00005,0.01911,0.01911
2025-10-28T12:00:00Z,PIPPINUSDT,0.000156403340534587,0.01943,0.01943
2025-10-28T16:00:00Z,PIPPINUSDT,0.00005,0.01864,0.01864
2025-10-28T20:00:00Z,PIPPINUSDT,0.00005,0.01829,0.01829
2025-10-29T00:00:00Z,PIPPINUSDT,0.00005,0.0181,0.0181
2025-10-29T04:00:00Z,PIPPINUSDT,0.00005,0.01765,0.01765
2025-10-29T08:00:00Z,PIPPINUSDT,0.00005,0.01784,0.01784
2025-10-29T12:00:00Z,PIPPINUSDT,0.00005,0.02004,0.02004
2025-10-29T16:00:00Z,PIPPINUSDT,0.00005,0.01889,0.01889
2025-10-29T20:00:00Z,PIPPINUSDT,0.00005,0.01908,0.01908
2025-10-30T00:00:00Z,PIPPINUSDT,0.00005,0.01884,0.01884
2025-10-30T04:00:00Z,PIPPINUSDT,0.00005,0.01864,0.01864
2025-10-30T08:00:00Z,PIPPINUSDT,0.00005,0.01843,0.01843
2025-10-30T12:00:00Z,PIPPINUSDT,0.00005,0.01789,0.01789
2025-10-30T16:00:00Z,PIPPINUSDT,0.00005,0.01857,0.01857
2025-10-30T20:00:00Z,PIPPINUSDT,0.00005,0.03038,0.03038
2025-10-31T00:00:00Z,PIPPINUSDT,0.000099086185475282,0.02676,0.02676
2025-10-31T04:00:00Z,PIPPINUSDT,0.00005,0.03531,0.03531
2025-10-31T08:00:00Z,PIPPINUSDT,0.00005,0.03677,0.03677
2025-10-31T12:00:00Z,PIPPINUSDT,0.000900841489384999,0.03101,0.03101
2025-10-31T16:00:00Z,PIPPINUSDT,0.00005,0.03479,0.03479
2025-10-31T20:00:00Z,PIPPINUSDT,0.00005,0.03938,0.03938
2025-11-01T00:00:00Z,PIPPINUSDT,0.00005,0.03795,0.03795
2025-11-01T04:00:00Z,PIPPINUSDT,0.000507943545150983,0.04,0.04
2025-11-01T08:00:00Z,PIPPINUSDT,0.00005,0.03897,0.03897
2025-11-01T12:00:00Z,PIPPINUSDT,0.000409299329152637,0.03131,0.03131
2025-11-01T16:00:00Z,PIPPINUSDT,0.00005,0.03957,0.03957
2025-11-01T20:00:00Z,PIPPINUSDT,0.00005,0.03916,0.03916
2025-11-02T00:00:00Z,PIPPINUSDT,0.00005,0.03865,0.03865
2025-11-02T04:00:00Z,PIPPINUSDT,0.00005,0.03713,0.03713
2025-11-02T08:00:00Z,PIPPINUSDT,0.00005,0.03719,0.03719
2025-11-02T12:00:00Z,PIPPINUSDT,0.00005,0.03456,0.03456
2025-11-02T16:00:00Z,PIPPINUSDT,0.00005,0.03321,0.03321
2025-11-02T20:00:00Z,PIPPINUSDT,0.00005,0.03291,0.03291
2025-11-03T00:00:00Z,PIPPINUSDT,0.00005,0.03276,0.03276
2025-11-03T04:00:00Z,PIPPINUSDT,0.00005,0.03298,0.03298
2025-11-03T08:00:00Z,PIPPINUSDT,0.00005,0.03179,0.03179
2025-11-03T12:00:00Z,PIPPINUSDT,0.00005,0.03136,0.03136
2025-11-03T16:00:00Z,PIPPINUSDT,0.000116512134233563,0.03176,0.03176
2025-11-03T20:00:00Z,PIPPINUSDT,0.00005,0.03145,0.03145
2025-11-04T00:00:00Z,PIPPINUSDT,0.000291893963649876,0.03197,0.03197
2025-11-04T04:00:00Z,PIPPINUSDT,0.00054700328161926,0.03131,0.03131
2025-11-04T08:00:00Z,PIPPINUSDT,0.000330905020923343,0.03005,0.03005
2025-11-04T12:00:00Z,PIPPINUSDT,0.000095061624748683,0.03019,0.03019
2025-11-04T16:00:00Z,PIPPINUSDT,0.00005,0.03033,0.03033
2025-11-04T20:00:00Z,PIPPINUSDT,0.000585600914491439,0.0318,0.0318
2025-11-05T00:00:00Z,PIPPINUSDT,0.00174673615728229,0.03123,0.03123
2025-11-05T04:00:00Z,PIPPINUSDT,0.001635840566487297,0.03121,0.03121
2025-11-05T08:00:00Z,PIPPINUSDT,0.001231408530074795,0.03094,0.03094
2025-11-05T12:00:00Z,PIPPINUSDT,0.001102830956512199,0.03157,0.03157
2025-11-05T16:00:00Z,PIPPINUSDT,0.000955857011515786,0.03152,0.03152
2025-11-05T20:00:00Z,PIPPINUSDT,0.001198997378796059,0.03184,0.03184
2025-11-06T00:00:00Z,PIPPINUSDT,0.000577813834343282,0.03157,0.03157
2025-11-06T04:00:00Z,PIPPINUSDT,0.000447748460434276,0.03106,0.03106
2025-11-06T08:00:00Z,PIPPINUSDT,0.000149313383401187,0.03039,0.03039
2025-11-06T12:00:00Z,PIPPINUSDT,0.000772276993823794,0.03043,0.03043
2025-11-06T16:00:00Z,PIPPINUSDT,0.000209086532043292,0.02994,0.02994
2025-11-06T20:00:00Z,PIPPINUSDT,0.00005,0.03009,0.03009
2025-11-07T00:00:00Z,PIPPINUSDT,0.000883295079417384,0.03226,0.03226
2025-11-07T04:00:00Z,PIPPINUSDT,0.000416506575349325,0.03722,0.03722
2025-11-07T08:00:00Z,PIPPINUSDT,0.00005,0.03253,0.03253
2025-11-07T12:00:00Z,PIPPINUSDT,0.000362564180323028,0.03412,0.03412
2025-11-07T16:00:00Z,PIPPINUSDT,0.000991474210615004,0.03752,0.03752
2025-11-07T20:00:00Z,PIPPINUSDT,0.001414894171908143,0.03609,0.03609
2025-11-08T00:00:00Z,PIPPINUSDT,0.000922137071168919,0.03831,0.03831
2025-11-08T04:00:00Z,PIPPINUSDT,0.001125281706057618,0.03731,0.03731
2025-11-08T08:00:00Z,PIPPINUSDT,0.000527188954829391,0.03421,0.03421
2025-11-08T12:00:00Z,PIPPINUSDT,0.000419729681950723,0.03491,0.03491
2025-11-08T16:00:00Z,PIPPINUSDT,0.00005,0.03532,0.03532
2025-11-08T20:00:00Z,PIPPINUSDT,0.000264984106469217,0.03634,0.03634
2025-11-09T00:00:00Z,PIPPINUSDT,0.00005,0.03584,0.03584
2025-11-09T04:00:00Z,PIPPINUSDT,0.000172452214855365,0.03586,0.03586
2025-11-09T08:00:00Z,PIPPINUSDT,0.000542536761728918,0.03611,0.03611
2025-11-09T12:00:00Z,PIPPINUSDT,0.000402689041380651,0.03561,0.03561
2025-11-09T16:00:00Z,PIPPINUSDT,0.000101507343593614,0.03465,0.03465
2025-11-09T20:00:00Z,PIPPINUSDT,0.00005,0.03445,0.03445
2025-11-10T00:00:00Z,PIPPINUSDT,0.000174927278436686,0.03465,0.03465
2025-11-10T04:00:00Z,PIPPINUSDT,0.00005,0.03403,0.03403
2025-11-10T08:00:00Z,PIPPINUSDT,0.00005,0.0343,0.0343
2025-11-10T12:00:00Z,PIPPINUSDT,0.00005,0.03494,0.03494
2025-11-10T16:00:00Z,PIPPINUSDT,0.000598722596322443,0.03962,0.03962
2025-11-10T20:00:00Z,PIPPINUSDT,0.00032148976352519,0.03804,0.03804
2025-11-11T00:00:00Z,PIPPINUSDT,0.00005,0.03803,0.03803
2025-11-11T04:00:00Z,PIPPINUSDT,0.000191298146612559,0.04079,0.04079
2025-11-11T08:00:00Z,PIPPINUSDT,0.00005,0.03251,0.03251
2025-11-11T12:00:00Z,PIPPINUSDT,0.00005,0.03371,0.03371
2025-11-11T16:00:00Z,PIPPINUSDT,0.00005,0.03371,0.03371
2025-11-11T20:00:00Z,PIPPINUSDT,0.00005,0.03446,0.03446
2025-11-12T00:00:00Z,PIPPINUSDT,0.00005,0.03515,0.03515
2025-11-12T04:00:00Z,PIPPINUSDT,0.00005,0.03512,0.03512
2025-11-12T08:00:00Z,PIPPINUSDT,0.00005,0.03514,0.03514
2025-11-12T12:00:00Z,PIPPINUSDT,0.00005,0.03422,0.03422
2025-11-12T16:00:00Z,PIPPINUSDT,0.00005,0.03308,0.03308
2025-11-12T20:00:00Z,PIPPINUSDT,0.00005,0.03274,0.03274
2025-11-13T00:00:00Z,PIPPINUSDT,0.00005,0.03332,0.03332
2025-11-13T04:00:00Z,PIPPINUSDT,0.00005,0.0334,0.0334
2025-11-13T08:00:00Z,PIPPINUSDT,0.00005,0.0333,0.0333
2025-11-13T12:00:00Z,PIPPINUSDT,0.00005,0.03345,0.03345
2025-11-13T16:00:00Z,PIPPINUSDT,0.00005,0.03433,0.03433
2025-11-13T20:00:00Z,PIPPINUSDT,0.00005,0.03361,0.03361
2025-11-14T00:00:00Z,PIPPINUSDT,0.00005,0.03523,0.03523
2025-11-14T04:00:00Z,PIPPINUSDT,0.00005,0.03416,0.03416
2025-11-14T08:00:00Z,PIPPINUSDT,0.00005,0.03302,0.03302
2025-11-14T12:00:00Z,PIPPINUSDT,0.00005,0.03262,0.03262
2025-11-14T16:00:00Z,PIPPINUSDT,0.00005,0.03262,0.03262
2025-11-14T20:00:00Z,PIPPINUSDT,0.00005,0.03203,0.03203
2025-11-15T00:00:00Z,PIPPINUSDT,0.00005,0.0312,0.0312
2025-11-15T04:00:00Z,PIPPINUSDT,0.00005,0.03175,0.03175
2025-11-15T08:00:00Z,PIPPINUSDT,0.00005,0.03167,0.03167
2025-11-15T12:00:00Z,PIPPINUSDT,0.00005,0.03018,0.03018
2025-11-15T16:00:00Z,PIPPINUSDT,0.00005,0.03018,0.03018
2025-11-15T20:00:00Z,PIPPINUSDT,0.00005,0.02979,0.02979
2025-11-16T00:00:00Z,PIPPINUSDT,0.00005,0.02995,0.02995
2025-11-16T04:00:00Z,PIPPINUSDT,0.00005,0.02989,0.02989
2025-11-16T08:00:00Z,PIPPINUSDT,0.00005,0.02949,0.02949
2025-11-16T12:00:00Z,PIPPINUSDT,0.00005,0.02948,0.02948
2025-11-16T16:00:00Z,PIPPINUSDT,0.00005,0.029,0.029
2025-11-16T20:00:00Z,PIPPINUSDT,0.00005,0.02893,0.02893
2025-11-17T00:00:00Z,PIPPINUSDT,0.00005,0.02887,0.02887
2025-11-17T04:00:00Z,PIPPINUSDT,0.00005,0.02846,0.02846
2025-11-17T08:00:00Z,PIPPINUSDT,0.00005,0.02849,0.02849
2025-11-17T12:00:00Z,PIPPINUSDT,0.00005,0.02812,0.02812
2025-11-17T16:00:00Z,PIPPINUSDT,0.00005,0.02769,0.02769
2025-11-17T20:00:00Z,PIPPINUSDT,0.00005,0.02742,0.02742
2025-11-18T00:00:00Z,PIPPINUSDT,0.00005,0.02671,0.02671
2025-11-18T04:00:00Z,PIPPINUSDT,0.00005,0.02696,0.02696
2025-11-18T08:00:00Z,PIPPINUSDT,0.00005,0.0271,0.0271
2025-11-18T12:00:00Z,PIPPINUSDT,0.00005,0.0275,0.0275
2025-11-18T16:00:00Z,PIPPINUSDT,0.00005,0.02683,0.02683
2025-11-18T20:00:00Z,PIPPINUSDT,0.00005,0.02616,0.02616
2025-11-19T00:00:00Z,PIPPINUSDT,0.00005,0.0264,0.0264
2025-11-19T04:00:00Z,PIPPINUSDT,0.00005,0.02577,0.02577
2025-11-19T08:00:00Z,PIPPINUSDT,0.00005,0.02575,0.02575
2025-11-19T12:00:00Z,PIPPINUSDT,0.00005,0.02588,0.02588
2025-11-19T16:00:00Z,PIPPINUSDT,0.00005,0.02538,0.02538
2025-11-19T20:00:00Z,PIPPINUSDT,0.00005,0.02481,0.02481
2025-11-20T00:00:00Z,PIPPINUSDT,0.00005,0.02535,0.02535
2025-11-20T04:00:00Z,PIPPINUSDT,0.00005,0.02514,0.02514
2025-11-20T08:00:00Z,PIPPINUSDT,0.00005,0.02482,0.02482
2025-11-20T12:00:00Z,PIPPINUSDT,0.00005,0.02513,0.02513
2025-11-20T16:00:00Z,PIPPINUSDT,0.00005,0.02385,0.02385
2025-11-20T20:00:00Z,PIPPINUSDT,0.00005,0.02429,0.02429
2025-11-21T00:00:00Z,PIPPINUSDT,0.00005,0.02384,0.02384
2025-11-21T04:00:00Z,PIPPINUSDT,0.00005,0.02364,0.02364
2025-11-21T08:00:00Z,PIPPINUSDT,0.00005,0.02346,0.02346
2025-11-21T12:00:00Z,PIPPINUSDT,0.00005,0.02319,0.02319
2025-11-21T16:00:00Z,PIPPINUSDT,0.00005,0.0217,0.0217
2025-11-21T20:00:00Z,PIPPINUSDT,0.00005,0.02175,0.02175
2025-11-22T00:00:00Z,PIPPINUSDT,0.00005,0.02217,0.02217
2025-11-22T04:00:00Z,PIPPINUSDT,0.00005,0.02193,0.02193
2025-11-22T08:00:00Z,PIPPINUSDT,0.00005,0.0221,0.0221
2025-11-22T12:00:00Z,PIPPINUSDT,0.00005,0.02225,0.02225
2025-11-22T16:00:00Z,PIPPINUSDT,0.00005,0.02543,0.02543
2025-11-22T20:00:00Z,PIPPINUSDT,0.00005,0.02667,0.02667
2025-11-23T00:00:00Z,PIPPINUSDT,0.000447107585078614,0.02948,0.02948
2025-11-23T04:00:00Z,PIPPINUSDT,0.00005,0.04221,0.04221
2025-11-23T08:00:00Z,PIPPINUSDT,-0.002846370634668846,0.07471,0.07471
2025-11-23T12:00:00Z,PIPPINUSDT,-0.000671405261674715,0.06779,0.06779
2025-11-23T16:00:00Z,PIPPINUSDT,-0.02,0.02837,0.02837
2025-11-23T20:00:00Z,PIPPINUSDT,-0.000664660500536829,0.02781,0.02781
2025-11-24T00:00:00Z,PIPPINUSDT,-0.002328830513229827,0.02761,0.02761
2025-11-24T03:00:00Z,PIPPINUSDT,-0.000635766840339727,0.02896,0.02896
2025-11-24T04:00:00Z,PIPPINUSDT,-0.000978037308551514,0.02892,0.02892
2025-11-24T05:00:00Z,PIPPINUSDT,-0.000564058167124507,0.05304,0.05304
2025-11-24T06:00:00Z,PIPPINUSDT,-0.000212335184474869,0.05304,0.05304
2025-11-24T07:00:00Z,PIPPINUSDT,0.0000125,0.05304,0.05304
2025-11-24T08:00:00Z,PIPPINUSDT,0.0000125,0.05297,0.05297
2025-11-24T09:00:00Z,PIPPINUSDT,0.0000125,0.06805,0.06805
2025-11-24T10:00:00Z,PIPPINUSDT,-0.00064675604813124,0.06805,0.06805
2025-11-24T11:00:00Z,PIPPINUSDT,0.0000125,0.06805,0.06805
2025-11-24T12:00:00Z,PIPPINUSDT,-0.000024573997049732,0.06786,0.06786
2025-11-24T13:00:00Z,PIPPINUSDT,0.0000125,0.05852,0.05852
2025-11-24T14:00:00Z,PIPPINUSDT,0.00009894869065897,0.05852,0.05852
2025-11-24T15:00:00Z,PIPPINUSDT,0.000194197783278838,0.05852,0.05852
2025-11-24T16:00:00Z,PIPPINUSDT,-0.000017277672839127,0.05851,0.05851
2025-11-24T17:00:00Z,PIPPINUSDT,0.0000125,0.06083,0.06083
2025-11-24T18:00:00Z,PIPPINUSDT,0.0000125,0.06083,0.06083
2025-11-24T19:00:00Z,PIPPINUSDT,0.0000125,0.06083,0.06083
2025-11-24T20:00:00Z,PIPPINUSDT,-0.000015171800234291,0.06072,0.06072
2025-11-24T21:00:00Z,PIPPINUSDT,0.0000125,0.06401,0.06401
2025-11-24T22:00:00Z,PIPPINUSDT,0.0000125,0.06401,0.06401
2025-11-24T23:00:00Z,PIPPINUSDT,0.0000125,0.06401,0.06401
2025-11-25T00:00:00Z,PIPPINUSDT,0.0000125,0.0641,0.0641
2025-11-25T01:00:00Z,PIPPINUSDT,0.0000125,0.0549,0.0549
2025-11-25T02:00:00Z,PIPPINUSDT,0.0000125,0.0549,0.0549
2025-11-25T03:00:00Z,PIPPINUSDT,0.0000125,0.0549,0.0549
2025-11-25T04:00:00Z,PIPPINUSDT,0.00000877435461437,0.0546,0.0546
2025-11-25T05:00:00Z,PIPPINUSDT,-0.000163793808168781,0.064,0.064
2025-11-25T06:00:00Z,PIPPINUSDT,-0.000403003191237971,0.064,0.064
2025-11-25T07:00:00Z,PIPPINUSDT,-0.00033430540565593,0.064,0.064
2025-11-25T08:00:00Z,PIPPINUSDT,-0.000244469079599973,0.06401,0.06401
2025-11-25T09:00:00Z,PIPPINUSDT,-0.000107766074676257,0.06537,0.06537
2025-11-25T10:00:00Z,PIPPINUSDT,0.000007318115594454,0.06537,0.06537
2025-11-25T11:00:00Z,PIPPINUSDT,-0.000293324817560028,0.06537,0.06537
2025-11-25T12:00:00Z,PIPPINUSDT,-0.0003226643202114,0.0657,0.0657
2025-11-25T13:00:00Z,PIPPINUSDT,-0.000634838988010328,0.06528,0.06528
2025-11-25T14:00:00Z,PIPPINUSDT,-0.000493455781346416,0.06528,0.06528
2025-11-25T15:00:00Z,PIPPINUSDT,-0.000410468593934629,0.06528,0.06528
2025-11-25T16:00:00Z,PIPPINUSDT,-0.000715078537041015,0.06535,0.06535
2025-11-25T17:00:00Z,PIPPINUSDT,-0.000762052380066778,0.07327,0.07327
2025-11-25T18:00:00Z,PIPPINUSDT,-0.000833875247631415,0.07327,0.07327
2025-11-25T19:00:00Z,PIPPINUSDT,-0.000491519012501844,0.07327,0.07327
2025-11-25T20:00:00Z,PIPPINUSDT,-0.000430266374739313,0.07323,0.07323
2025-11-25T21:00:00Z,PIPPINUSDT,-0.000491061643795625,0.06365,0.06365
2025-11-25T22:00:00Z,PIPPINUSDT,-0.000435181971088806,0.06365,0.06365
2025-11-25T23:00:00Z,PIPPINUSDT,-0.000032185905982408,0.06365,0.06365
2025-11-26T00:00:00Z,PIPPINUSDT,-0.00000732148322165,0.06349,0.06349
2025-11-26T01:00:00Z,PIPPINUSDT,0.0000125,0.06433,0.06433
2025-11-26T02:00:00Z,PIPPINUSDT,0.0000125,0.06433,0.06433
2025-11-26T03:00:00Z,PIPPINUSDT,-0.000033804029488389,0.06433,0.06433
2025-11-26T04:00:00Z,PIPPINUSDT,0.0000125,0.06463,0.06463
2025-11-26T05:00:00Z,PIPPINUSDT,0.0000125,0.06161,0.06161
2025-11-26T06:00:00Z,PIPPINUSDT,0.000004566653187654,0.06161,0.06161
2025-11-26T07:00:00Z,PIPPINUSDT,0.0000125,0.06161,0.06161
2025-11-26T08:00:00Z,PIPPINUSDT,-0.000123880558286157,0.06169,0.06169
2025-11-26T09:00:00Z,PIPPINUSDT,-0.000433667028479072,0.06418,0.06418
2025-11-26T10:00:00Z,PIPPINUSDT,-0.000284995706494234,0.06418,0.06418
2025-11-26T11:00:00Z,PIPPINUSDT,-0.000100952073481076,0.06418,0.06418
2025-11-26T12:00:00Z,PIPPINUSDT,-0.000525757525740836,0.06423,0.06423
2025-11-26T13:00:00Z,PIPPINUSDT,-0.000569957121152051,0.06475,0.06475
2025-11-26T14:00:00Z,PIPPINUSDT,-0.000508213403695672,0.06475,0.06475
2025-11-26T15:00:00Z,PIPPINUSDT,-0.000617920408789242,0.06475,0.06475
2025-11-26T16:00:00Z,PIPPINUSDT,-0.000559120486895637,0.06468,0.06468
2025-11-26T17:00:00Z,PIPPINUSDT,-0.000562740362884704,0.06088,0.06088
2025-11-26T18:00:00Z,PIPPINUSDT,-0.000316563905172792,0.06088,0.06088
2025-11-26T19:00:00Z,PIPPINUSDT,-0.000459674892960414,0.06088,0.06088
2025-11-26T20:00:00Z,PIPPINUSDT,-0.000366645393447265,0.06097,0.06097
2025-11-26T21:00:00Z,PIPPINUSDT,-0.000334350496562431,0.05983,0.05983
2025-11-26T22:00:00Z,PIPPINUSDT,0.0000125,0.05983,0.05983
2025-11-26T23:00:00Z,PIPPINUSDT,0.0000125,0.05983,0.05983
2025-11-27T00:00:00Z,PIPPINUSDT,-0.000163540471935689,0.05996,0.05996
2025-11-27T01:00:00Z,PIPPINUSDT,0.0000125,0.06069,0.06069
2025-11-27T02:00:00Z,PIPPINUSDT,-0.000492221633950287,0.06069,0.06069
2025-11-27T03:00:00Z,PIPPINUSDT,-0.000231969189213564,0.06069,0.06069
2025-11-27T04:00:00Z,PIPPINUSDT,-0.000010925189502432,0.06079,0.06079
2025-11-27T05:00:00Z,PIPPINUSDT,-0.000123541719706678,0.05729,0.05729
2025-11-27T06:00:00Z,PIPPINUSDT,-0.000145571338368485,0.05729,0.05729
2025-11-27T07:00:00Z,PIPPINUSDT,-0.0003007696818441,0.05729,0.05729
2025-11-27T08:00:00Z,PIPPINUSDT,0.0000125,0.05724,0.05724
2025-11-27T09:00:00Z,PIPPINUSDT,0.000156958759096245,0.05521,0.05521
2025-11-27T10:00:00Z,PIPPINUSDT,0.00005131200784879,0.05521,0.05521
2025-11-27T11:00:00Z,PIPPINUSDT,0.000396418912990059,0.05521,0.05521
2025-11-27T12:00:00Z,PIPPINUSDT,0.000214287527089493,0.05521,0.05521
2025-11-27T13:00:00Z,PIPPINUSDT,0.000034976177888729,0.05811,0.05811
2025-11-27T14:00:00Z,PIPPINUSDT,0.0000125,0.05811,0.05811
2025-11-27T15:00:00Z,PIPPINUSDT,0.0000125,0.05811,0.05811
2025-11-27T16:00:00Z,PIPPINUSDT,0.0000125,0.05815,0.05815
2025-11-27T17:00:00Z,PIPPINUSDT,0.000181762529959779,0.06105,0.06105
2025-11-27T18:00:00Z,PIPPINUSDT,0.000394895316549416,0.06105,0.06105
2025-11-27T19:00:00Z,PIPPINUSDT,0.000399233180596914,0.06105,0.06105
2025-11-27T20:00:00Z,PIPPINUSDT,0.000559096945531783,0.06104,0.06104
2025-11-27T21:00:00Z,PIPPINUSDT,0.000605435026171166,0.06268,0.06268
2025-11-27T22:00:00Z,PIPPINUSDT,0.000265864436648691,0.06268,0.06268
2025-11-27T23:00:00Z,PIPPINUSDT,0.000671905483724461,0.06268,0.06268
2025-11-28T00:00:00Z,PIPPINUSDT,0.000737982867930315,0.06272,0.06272
2025-11-28T01:00:00Z,PIPPINUSDT,0.000640263948775927,0.07086,0.07086
2025-11-28T02:00:00Z,PIPPINUSDT,0.000585621745402541,0.07086,0.07086
2025-11-28T03:00:00Z,PIPPINUSDT,0.000476707825936986,0.07086,0.07086
2025-11-28T04:00:00Z,PIPPINUSDT,0.000147840453938308,0.07093,0.07093
2025-11-28T05:00:00Z,PIPPINUSDT,0.000045064221588553,0.06528,0.06528
2025-11-28T06:00:00Z,PIPPINUSDT,0.000108969450651305,0.06528,0.06528
2025-11-28T07:00:00Z,PIPPINUSDT,0.000178548115791387,0.06528,0.06528
2025-11-28T08:00:00Z,PIPPINUSDT,0.0000125,0.06525,0.06525
2025-11-28T09:00:00Z,PIPPINUSDT,0.000034883826219531,0.07802,0.07802
2025-11-28T10:00:00Z,PIPPINUSDT,0.000017031995972561,0.07802,0.07802
2025-11-28T11:00:00Z,PIPPINUSDT,0.000824312795339465,0.07802,0.07802
2025-11-28T12:00:00Z,PIPPINUSDT,0.0000125,0.07778,0.07778
2025-11-28T13:00:00Z,PIPPINUSDT,0.0000125,0.05871,0.05871
2025-11-28T14:00:00Z,PIPPINUSDT,0.0000125,0.05871,0.05871
2025-11-28T15:00:00Z,PIPPINUSDT,0.0000125,0.05871,0.05871
2025-11-28T16:00:00Z,PIPPINUSDT,0.0000125,0.05876,0.05876
2025-11-28T17:00:00Z,PIPPINUSDT,-0.000029149788673404,0.04534,0.04534
2025-11-28T18:00:00Z,PIPPINUSDT,-0.000806150872509424,0.04534,0.04534
2025-11-28T19:00:00Z,PIPPINUSDT,-0.002279353779772865,0.04534,0.04534
2025-11-28T20:00:00Z,PIPPINUSDT,-0.001052277031544095,0.04533,0.04533
2025-11-28T21:00:00Z,PIPPINUSDT,-0.000060700681690684,0.07464,0.07464
2025-11-28T22:00:00Z,PIPPINUSDT,0.0000125,0.07464,0.07464
2025-11-28T23:00:00Z,PIPPINUSDT,0.000210132256651042,0.07464,0.07464
2025-11-29T00:00:00Z,PIPPINUSDT,0.000186502367585214,0.0746,0.0746
2025-11-29T01:00:00Z,PIPPINUSDT,0.0000125,0.08012,0.08012
2025-11-29T02:00:00Z,PIPPINUSDT,0.0000125,0.08012,0.08012
2025-11-29T03:00:00Z,PIPPINUSDT,0.0000125,0.08012,0.08012
2025-11-29T04:00:00Z,PIPPINUSDT,0.0000125,0.08009,0.08009
2025-11-29T05:00:00Z,PIPPINUSDT,0.0000125,0.07941,0.07941
2025-11-29T06:00:00Z,PIPPINUSDT,0.0000125,0.07941,0.07941
2025-11-29T07:00:00Z,PIPPINUSDT,0.000017057974119224,0.07941,0.07941
2025-11-29T08:00:00Z,PIPPINUSDT,0.00007486332347121,0.07924,0.07924
2025-11-29T09:00:00Z,PIPPINUSDT,0.0000125,0.08877,0.08877
2025-11-29T10:00:00Z,PIPPINUSDT,0.0000125,0.08877,0.08877
2025-11-29T11:00:00Z,PIPPINUSDT,0.0000125,0.08877,0.08877
2025-11-29T12:00:00Z,PIPPINUSDT,0.0000125,0.08883,0.08883
2025-11-29T13:00:00Z,PIPPINUSDT,-0.000227693028059355,0.09306,0.09306
2025-11-29T14:00:00Z,PIPPINUSDT,-0.00008294053154971,0.09306,0.09306
2025-11-29T15:00:00Z,PIPPINUSDT,-0.000028021388462649,0.09306,0.09306
2025-11-29T16:00:00Z,PIPPINUSDT,0.000004539668811072,0.09299,0.09299
2025-11-29T17:00:00Z,PIPPINUSDT,0.0000125,0.09812,0.09812
2025-11-29T18:00:00Z,PIPPINUSDT,-0.000018225270527288,0.09812,0.09812
2025-11-29T19:00:00Z,PIPPINUSDT,0.0000125,0.09812,0.09812
2025-11-29T20:00:00Z,PIPPINUSDT,-0.00006630615414908,0.09822,0.09822
2025-11-29T21:00:00Z,PIPPINUSDT,-0.000144010821465708,0.10072,0.10072
2025-11-29T22:00:00Z,PIPPINUSDT,-0.000124660805680759,0.10072,0.10072
2025-11-29T23:00:00Z,PIPPINUSDT,-0.000146228845959286,0.10072,0.10072
2025-11-30T00:00:00Z,PIPPINUSDT,-0.000241462004400858,0.1009,0.1009
2025-11-30T01:00:00Z,PIPPINUSDT,-0.000228892393611112,0.10943,0.10943
2025-11-30T02:00:00Z,PIPPINUSDT,-0.000136936709280872,0.10943,0.10943
2025-11-30T03:00:00Z,PIPPINUSDT,-0.000250552463155872,0.10943,0.10943
2025-11-30T04:00:00Z,PIPPINUSDT,-0.000276762252776565,0.10939,0.10939
2025-11-30T05:00:00Z,PIPPINUSDT,-0.000264966493688069,0.12005,0.12005
2025-11-30T06:00:00Z,PIPPINUSDT,-0.000315174420172489,0.12005,0.12005
2025-11-30T07:00:00Z,PIPPINUSDT,-0.00030611038271872,0.12005,0.12005
2025-11-30T08:00:00Z,PIPPINUSDT,-0.000230857608801075,0.12005,0.12005
2025-11-30T09:00:00Z,PIPPINUSDT,-0.000201221947623313,0.1313,0.1313
2025-11-30T10:00:00Z,PIPPINUSDT,-0.000361786745712849,0.1313,0.1313
2025-11-30T11:00:00Z,PIPPINUSDT,-0.000298780123702563,0.1313,0.1313
2025-11-30T12:00:00Z,PIPPINUSDT,-0.000381647999893115,0.13129,0.13129
2025-11-30T13:00:00Z,PIPPINUSDT,-0.00047834618406249,0.1273,0.1273
2025-11-30T14:00:00Z,PIPPINUSDT,-0.000624322291115011,0.1273,0.1273
2025-11-30T15:00:00Z,PIPPINUSDT,-0.00075649114200999,0.1273,0.1273
2025-11-30T16:00:00Z,PIPPINUSDT,-0.000834101291771757,0.12688,0.12688
2025-11-30T17:00:00Z,PIPPINUSDT,-0.001123682338373708,0.14204,0.14204
2025-11-30T18:00:00Z,PIPPINUSDT,-0.001200887082181619,0.14204,0.14204
2025-11-30T19:00:00Z,PIPPINUSDT,-0.000976809455897723,0.14204,0.14204
2025-11-30T20:00:00Z,PIPPINUSDT,-0.001159712137950889,0.14201,0.14201
2025-11-30T21:00:00Z,PIPPINUSDT,-0.001123886227404252,0.15022,0.15022
2025-11-30T22:00:00Z,PIPPINUSDT,-0.001025776279290434,0.15022,0.15022
2025-11-30T23:00:00Z,PIPPINUSDT,-0.001064161021051573,0.15022,0.15022
2025-12-01T00:00:00Z,PIPPINUSDT,-0.00106408582957975,0.14963,0.14963
2025-12-01T01:00:00Z,PIPPINUSDT,-0.000835806663016431,0.18053,0.18053
2025-12-01T02:00:00Z,PIPPINUSDT,-0.001049558022680224,0.18053,0.18053
2025-12-01T03:00:00Z,PIPPINUSDT,-0.004970201401746014,0.18053,0.18053
2025-12-01T04:00:00Z,PIPPINUSDT,-0.004911438789949388,0.18017,0.18017
2025-12-01T05:00:00Z,PIPPINUSDT,-0.001674834021218232,0.14532,0.14532
2025-12-01T06:00:00Z,PIPPINUSDT,-0.000535597612390157,0.14532,0.14532
2025-12-01T07:00:00Z,PIPPINUSDT,-0.000086844552294853,0.14532,0.14532
2025-12-01T08:00:00Z,PIPPINUSDT,-0.000036449113085791,0.14534,0.14534
2025-12-01T09:00:00Z,PIPPINUSDT,0.0000125,0.14548,0.14548
2025-12-01T10:00:00Z,PIPPINUSDT,0.0000125,0.14548,0.14548
2025-12-01T11:00:00Z,PIPPINUSDT,-0.000183682522599754,0.14548,0.14548
2025-12-01T12:00:00Z,PIPPINUSDT,-0.000017448324896259,0.14544,0.14544
2025-12-01T13:00:00Z,PIPPINUSDT,0.0000125,0.16015,0.16015
2025-12-01T14:00:00Z,PIPPINUSDT,0.0000125,0.16015,0.16015
2025-12-01T15:00:00Z,PIPPINUSDT,-0.000097843409123454,0.16015,0.16015
2025-12-01T16:00:00Z,PIPPINUSDT,-0.000211535867262612,0.16004,0.16004
2025-12-01T17:00:00Z,PIPPINUSDT,-0.00010979221259581,0.18021,0.18021
2025-12-01T18:00:00Z,PIPPINUSDT,-0.000222933283518433,0.18021,0.18021
2025-12-01T19:00:00Z,PIPPINUSDT,-0.000259845726223799,0.18021,0.18021
2025-12-01T20:00:00Z,PIPPINUSDT,-0.000136663041654552,0.17968,0.17968
2025-12-01T21:00:00Z,PIPPINUSDT,-0.000173409033164809,0.18758,0.18758
2025-12-01T22:00:00Z,PIPPINUSDT,-0.000867134833590335,0.18758,0.18758
2025-12-01T23:00:00Z,PIPPINUSDT,-0.001665504852386852,0.18758,0.18758
2025-12-02T00:00:00Z,PIPPINUSDT,-0.000898741686892083,0.18746,0.18746
2025-12-02T01:00:00Z,PIPPINUSDT,-0.000649771284752639,0.17887,0.17887
2025-12-02T02:00:00Z,PIPPINUSDT,-0.001062610457185769,0.17887,0.17887
2025-12-02T03:00:00Z,PIPPINUSDT,-0.000829684012986835,0.17887,0.17887
2025-12-02T04:00:00Z,PIPPINUSDT,-0.00037079533947379,0.17867,0.17867
2025-12-02T05:00:00Z,PIPPINUSDT,-0.000318844570965971,0.1993,0.1993
2025-12-02T06:00:00Z,PIPPINUSDT,-0.000667416895337674,0.1993,0.1993
2025-12-02T07:00:00Z,PIPPINUSDT,-0.002316135991918927,0.1993,0.1993
2025-12-02T08:00:00Z,PIPPINUSDT,-0.00498759513127898,0.19905,0.19905
2025-12-02T09:00:00Z,PIPPINUSDT,-0.005634150248661013,0.20159,0.20159
2025-12-02T10:00:00Z,PIPPINUSDT,-0.003455304308667862,0.20159,0.20159
2025-12-02T11:00:00Z,PIPPINUSDT,-0.001801156877931006,0.20159,0.20159
2025-12-02T12:00:00Z,PIPPINUSDT,-0.00291944460360836,0.2013,0.2013
2025-12-02T13:00:00Z,PIPPINUSDT,-0.002653098535137316,0.20194,0.20194
2025-12-02T14:00:00Z,PIPPINUSDT,-0.00459897835816707,0.20194,0.20194
2025-12-02T15:00:00Z,PIPPINUSDT,-0.0029475838959663,0.20194,0.20194
2025-12-02T16:00:00Z,PIPPINUSDT,-0.002581458657301338,0.2015,0.2015
2025-12-02T17:00:00Z,PIPPINUSDT,-0.005015317868515831,0.22908,0.22908
2025-12-02T18:00:00Z,PIPPINUSDT,-0.004103249638105367,0.22908,0.22908
2025-12-02T19:00:00Z,PIPPINUSDT,-0.003107614344598978,0.22908,0.22908
2025-12-02T20:00:00Z,PIPPINUSDT,-0.003168967813758635,0.22885,0.22885
2025-12-02T21:00:00Z,PIPPINUSDT,-0.002637880395393333,0.22466,0.22466
2025-12-02T22:00:00Z,PIPPINUSDT,-0.004072985203999225,0.22466,0.22466
2025-12-02T23:00:00Z,PIPPINUSDT,-0.002485904088246193,0.22466,0.22466
2025-12-03T00:00:00Z,PIPPINUSDT,-0.001616620025361689,0.22479,0.22479
2025-12-03T01:00:00Z,PIPPINUSDT,-0.00217954622459977,0.20066,0.20066
2025-12-03T02:00:00Z,PIPPINUSDT,-0.00229674738136141,0.20066,0.20066
2025-12-03T03:00:00Z,PIPPINUSDT,-0.002626393256342094,0.20066,0.20066
2025-12-03T04:00:00Z,PIPPINUSDT,-0.002534952046241747,0.20084,0.20084
2025-12-03T05:00:00Z,PIPPINUSDT,-0.003330158371165529,0.19765,0.19765
2025-12-03T06:00:00Z,PIPPINUSDT,-0.003587420737746848,0.19765,0.19765
2025-12-03T07:00:00Z,PIPPINUSDT,-0.004343381321044144,0.19765,0.19765
2025-12-03T08:00:00Z,PIPPINUSDT,-0.00395406540727866,0.19747,0.19747
2025-12-03T09:00:00Z,PIPPINUSDT,-0.005870000968505382,0.19887,0.19887
2025-12-03T10:00:00Z,PIPPINUSDT,-0.00528079114035875,0.19887,0.19887
2025-12-03T11:00:00Z,PIPPINUSDT,-0.00426782801834174,0.19887,0.19887
2025-12-03T12:00:00Z,PIPPINUSDT,-0.005242654590988266,0.19854,0.19854
2025-12-03T13:00:00Z,PIPPINUSDT,-0.004434817600173771,0.1874,0.1874
2025-12-03T14:00:00Z,PIPPINUSDT,-0.00322372726347852,0.1874,0.1874
2025-12-03T15:00:00Z,PIPPINUSDT,-0.002907489046740273,0.1874,0.1874
2025-12-03T16:00:00Z,PIPPINUSDT,-0.002778883061242531,0.1874,0.1874
2025-12-03T17:00:00Z,PIPPINUSDT,-0.00241263738059547,0.20017,0.20017
2025-12-03T18:00:00Z,PIPPINUSDT,-0.004469146620052456,0.20017,0.20017
2025-12-03T19:00:00Z,PIPPINUSDT,-0.004767695833641733,0.20017,0.20017
2025-12-03T20:00:00Z,PIPPINUSDT,-0.005193640227362394,0.20018,0.20018
2025-12-03T21:00:00Z,PIPPINUSDT,-0.005435320537160073,0.20224,0.20224
2025-12-03T22:00:00Z,PIPPINUSDT,-0.00499769426528517,0.20224,0.20224
2025-12-03T23:00:00Z,PIPPINUSDT,-0.004408614597698576,0.20224,0.20224
2025-12-04T00:00:00Z,PIPPINUSDT,-0.004011749275890659,0.20185,0.20185
2025-12-04T01:00:00Z,PIPPINUSDT,-0.003270781956277754,0.19168,0.19168
2025-12-04T02:00:00Z,PIPPINUSDT,-0.002686513060191237,0.19168,0.19168
2025-12-04T03:00:00Z,PIPPINUSDT,-0.002778094390392457,0.19168,0.19168
2025-12-04T04:00:00Z,PIPPINUSDT,-0.002866607368646748,0.19163,0.19163
2025-12-04T05:00:00Z,PIPPINUSDT,-0.002288775821448547,0.20222,0.20222
2025-12-04T06:00:00Z,PIPPINUSDT,-0.00326557225687397,0.20222,0.20222
2025-12-04T07:00:00Z,PIPPINUSDT,-0.004105091823638727,0.20222,0.20222
2025-12-04T08:00:00Z,PIPPINUSDT,-0.003608488944624209,0.20195,0.20195
2025-12-04T09:00:00Z,PIPPINUSDT,-0.003228033756357136,0.20268,0.20268
2025-12-04T10:00:00Z,PIPPINUSDT,-0.003648127853215693,0.20268,0.20268
2025-12-04T11:00:00Z,PIPPINUSDT,-0.003750892723140056,0.20268,0.20268
2025-12-04T12:00:00Z,PIPPINUSDT,-0.003247470447075931,0.20281,0.20281
2025-12-04T13:00:00Z,PIPPINUSDT,-0.003291659002546283,0.18912,0.18912
2025-12-04T14:00:00Z,PIPPINUSDT,-0.003345856823669311,0.18912,0.18912
2025-12-04T15:00:00Z,PIPPINUSDT,-0.003083216087276113,0.18912,0.18912
2025-12-04T16:00:00Z,PIPPINUSDT,-0.003717449805520956,0.18836,0.18836
2025-12-04T17:00:00Z,PIPPINUSDT,-0.004695523478899229,0.18263,0.18263
2025-12-04T18:00:00Z,PIPPINUSDT,-0.004344586119259271,0.18263,0.18263
2025-12-04T19:00:00Z,PIPPINUSDT,-0.004196854826094914,0.18263,0.18263
2025-12-04T20:00:00Z,PIPPINUSDT,-0.004134903935280901,0.18252,0.18252
2025-12-04T21:00:00Z,PIPPINUSDT,-0.00385611795810831,0.18038,0.18038
2025-12-04T22:00:00Z,PIPPINUSDT,-0.003671594835958107,0.18038,0.18038
2025-12-04T23:00:00Z,PIPPINUSDT,-0.0036101825771341,0.18038,0.18038
2025-12-05T00:00:00Z,PIPPINUSDT,-0.003351653600089028,0.18054,0.18054
2025-12-05T01:00:00Z,PIPPINUSDT,-0.003382952130854326,0.17615,0.17615
2025-12-05T02:00:00Z,PIPPINUSDT,-0.003071852758909089,0.17615,0.17615
2025-12-05T03:00:00Z,PIPPINUSDT,-0.003011910394974199,0.17615,0.17615
2025-12-05T04:00:00Z,PIPPINUSDT,-0.002606499494472946,0.17597,0.17597
2025-12-05T05:00:00Z,PIPPINUSDT,-0.002811342542430889,0.17185,0.17185
2025-12-05T06:00:00Z,PIPPINUSDT,-0.002599614630240647,0.17185,0.17185
2025-12-05T07:00:00Z,PIPPINUSDT,-0.002319183441592331,0.17185,0.17185
2025-12-05T08:00:00Z,PIPPINUSDT,-0.002294016486560819,0.17184,0.17184
2025-12-05T09:00:00Z,PIPPINUSDT,-0.002405342792591313,0.17039,0.17039
2025-12-05T10:00:00Z,PIPPINUSDT,-0.002112370969611423,0.17039,0.17039
2025-12-05T11:00:00Z,PIPPINUSDT,-0.002269494146438082,0.17039,0.17039
2025-12-05T12:00:00Z,PIPPINUSDT,-0.001984065284627708,0.17014,0.17014
2025-12-05T13:00:00Z,PIPPINUSDT,-0.001896509496546007,0.16289,0.16289
2025-12-05T14:00:00Z,PIPPINUSDT,-0.001356832925509592,0.16289,0.16289
2025-12-05T15:00:00Z,PIPPINUSDT,0.0000125,0.16289,0.16289
2025-12-05T16:00:00Z,PIPPINUSDT,-0.000589580996571382,0.16315,0.16315
2025-12-05T17:00:00Z,PIPPINUSDT,-0.000753939242679189,0.18577,0.18577
2025-12-05T18:00:00Z,PIPPINUSDT,-0.000712417717027875,0.18577,0.18577
2025-12-05T19:00:00Z,PIPPINUSDT,-0.000388062316766164,0.18577,0.18577
2025-12-05T20:00:00Z,PIPPINUSDT,-0.000732854129555799,0.18568,0.18568
2025-12-05T21:00:00Z,PIPPINUSDT,-0.000824905507190057,0.19299,0.19299
2025-12-05T22:00:00Z,PIPPINUSDT,-0.001016476245077888,0.19299,0.19299
2025-12-05T23:00:00Z,PIPPINUSDT,-0.001194149379304434,0.19299,0.19299
2025-12-06T00:00:00Z,PIPPINUSDT,-0.000984189498149656,0.19269,0.19269
2025-12-06T01:00:00Z,PIPPINUSDT,-0.00093264348361783,0.21382,0.21382
2025-12-06T02:00:00Z,PIPPINUSDT,-0.000930708336993945,0.21382,0.21382
2025-12-06T03:00:00Z,PIPPINUSDT,-0.001084318852026814,0.21382,0.21382
2025-12-06T04:00:00Z,PIPPINUSDT,-0.002243209304491623,0.21371,0.21371
2025-12-06T05:00:00Z,PIPPINUSDT,-0.001700455844915979,0.2338,0.2338
2025-12-06T06:00:00Z,PIPPINUSDT,-0.001768470783636588,0.2338,0.2338
2025-12-06T07:00:00Z,PIPPINUSDT,-0.002087276602618895,0.2338,0.2338
2025-12-06T08:00:00Z,PIPPINUSDT,-0.002524239702767089,0.23354,0.23354
2025-12-06T09:00:00Z,PIPPINUSDT,-0.002798780404952508,0.24743,0.24743
2025-12-06T10:00:00Z,PIPPINUSDT,-0.003600568887537985,0.24743,0.24743
2025-12-06T11:00:00Z,PIPPINUSDT,-0.002284970242969184,0.24743,0.24743
2025-12-06T12:00:00Z,PIPPINUSDT,-0.003069450452398987,0.24717,0.24717
2025-12-06T13:00:00Z,PIPPINUSDT,-0.002182713204217964,0.25595,0.25595
2025-12-06T14:00:00Z,PIPPINUSDT,-0.001955068732729825,0.25595,0.25595
2025-12-06T15:00:00Z,PIPPINUSDT,-0.002171194004240467,0.25595,0.25595
2025-12-06T16:00:00Z,PIPPINUSDT,-0.002084340083578165,0.25619,0.25619
2025-12-06T17:00:00Z,PIPPINUSDT,-0.001577208643824854,0.24339,0.24339
2025-12-06T18:00:00Z,PIPPINUSDT,-0.004235054418824788,0.24339,0.24339
2025-12-06T19:00:00Z,PIPPINUSDT,-0.004396133430681958,0.24339,0.24339
2025-12-06T20:00:00Z,PIPPINUSDT,-0.002126365644673255,0.24483,0.24483
2025-12-06T21:00:00Z,PIPPINUSDT,-0.004628937330296029,0.20661,0.20661
2025-12-06T22:00:00Z,PIPPINUSDT,-0.005919922585444658,0.20661,0.20661
2025-12-06T23:00:00Z,PIPPINUSDT,-0.008300723967614277,0.20661,0.20661
2025-12-07T00:00:00Z,PIPPINUSDT,-0.011075199727956164,0.20646,0.20646
2025-12-07T01:00:00Z,PIPPINUSDT,-0.013892470538582605,0.15781,0.15781
2025-12-07T02:00:00Z,PIPPINUSDT,0.000392486451784927,0.15781,0.15781
2025-12-07T03:00:00Z,PIPPINUSDT,0.0000125,0.15781,0.15781
2025-12-07T04:00:00Z,PIPPINUSDT,0.0000125,0.15821,0.15821
2025-12-07T05:00:00Z,PIPPINUSDT,0.0000125,0.14927,0.14927
2025-12-07T06:00:00Z,PIPPINUSDT,-0.0001992574388721,0.14927,0.14927
2025-12-07T07:00:00Z,PIPPINUSDT,-0.000357078772297568,0.14927,0.14927
2025-12-07T08:00:00Z,PIPPINUSDT,-0.00023413734404216,0.14925,0.14925
2025-12-07T09:00:00Z,PIPPINUSDT,-0.000289539238017549,0.1478,0.1478
2025-12-07T10:00:00Z,PIPPINUSDT,-0.000287244358298684,0.1478,0.1478
2025-12-07T11:00:00Z,PIPPINUSDT,-0.000117922889329619,0.1478,0.1478
2025-12-07T12:00:00Z,PIPPINUSDT,-0.000333142399829368,0.14751,0.14751
2025-12-07T13:00:00Z,PIPPINUSDT,-0.000360424376923046,0.17018,0.17018
2025-12-07T14:00:00Z,PIPPINUSDT,-0.000435849700528618,0.17018,0.17018
2025-12-07T15:00:00Z,PIPPINUSDT,-0.000061869732187232,0.17018,0.17018
2025-12-07T16:00:00Z,PIPPINUSDT,0.0000125,0.16912,0.16912
2025-12-07T17:00:00Z,PIPPINUSDT,-0.000094634477884557,0.16373,0.16373
2025-12-07T18:00:00Z,PIPPINUSDT,0.0000125,0.16373,0.16373
2025-12-07T19:00:00Z,PIPPINUSDT,0.0000125,0.16373,0.16373
2025-12-07T20:00:00Z,PIPPINUSDT,0.00005156157119901,0.16375,0.16375
2025-12-07T21:00:00Z,PIPPINUSDT,0.000032381582098446,0.15658,0.15658
2025-12-07T22:00:00Z,PIPPINUSDT,0.000158069633883959,0.15658,0.15658
2025-12-07T23:00:00Z,PIPPINUSDT,0.0000125,0.15658,0.15658
2025-12-08T00:00:00Z,PIPPINUSDT,-0.000061108456814878,0.15679,0.15679
2025-12-08T01:00:00Z,PIPPINUSDT,0.0000125,0.18044,0.18044
2025-12-08T02:00:00Z,PIPPINUSDT,0.0000125,0.18044,0.18044
2025-12-08T03:00:00Z,PIPPINUSDT,-0.000010017472397619,0.18044,0.18044
2025-12-08T04:00:00Z,PIPPINUSDT,-0.000097902605982474,0.18028,0.18028
2025-12-08T05:00:00Z,PIPPINUSDT,-0.000249666354586911,0.17467,0.17467
2025-12-08T06:00:00Z,PIPPINUSDT,-0.000039899629966264,0.17467,0.17467
2025-12-08T07:00:00Z,PIPPINUSDT,-0.000053337726127791,0.17467,0.17467
2025-12-08T08:00:00Z,PIPPINUSDT,-0.000433018883198806,0.17451,0.17451
2025-12-08T09:00:00Z,PIPPINUSDT,-0.000318796970985283,0.1766,0.1766
2025-12-08T10:00:00Z,PIPPINUSDT,-0.000150252963526556,0.1766,0.1766
2025-12-08T11:00:00Z,PIPPINUSDT,-0.000208376889869085,0.1766,0.1766
2025-12-08T12:00:00Z,PIPPINUSDT,-0.000316792804888982,0.17654,0.17654
2025-12-08T13:00:00Z,PIPPINUSDT,-0.000320441774618966,0.17703,0.17703
2025-12-08T14:00:00Z,PIPPINUSDT,-0.000338978403886389,0.17703,0.17703
2025-12-08T15:00:00Z,PIPPINUSDT,-0.000276311911258008,0.17703,0.17703
2025-12-08T16:00:00Z,PIPPINUSDT,-0.000187437024994936,0.1771,0.1771
2025-12-08T17:00:00Z,PIPPINUSDT,0.0000125,0.18778,0.18778
2025-12-08T18:00:00Z,PIPPINUSDT,0.0000125,0.18778,0.18778
2025-12-08T19:00:00Z,PIPPINUSDT,0.0000125,0.18778,0.18778
2025-12-08T20:00:00Z,PIPPINUSDT,0.000025166482275285,0.18747,0.18747
2025-12-08T21:00:00Z,PIPPINUSDT,0.000212835370916964,0.17879,0.17879
2025-12-08T22:00:00Z,PIPPINUSDT,0.000216885766489921,0.17879,0.17879
2025-12-08T23:00:00Z,PIPPINUSDT,0.000061652624695437,0.17879,0.17879
2025-12-09T00:00:00Z,PIPPINUSDT,0.00010216970012776,0.1787,0.1787
2025-12-09T01:00:00Z,PIPPINUSDT,0.000129577784420073,0.17559,0.17559
2025-12-09T02:00:00Z,PIPPINUSDT,0.000106588443646504,0.17559,0.17559
2025-12-09T03:00:00Z,PIPPINUSDT,0.000053208714261298,0.17559,0.17559
2025-12-09T04:00:00Z,PIPPINUSDT,0.000040467394922389,0.17559,0.17559
2025-12-09T05:00:00Z,PIPPINUSDT,0.0000125,0.18174,0.18174
2025-12-09T06:00:00Z,PIPPINUSDT,0.0000125,0.18174,0.18174
2025-12-09T07:00:00Z,PIPPINUSDT,0.0000125,0.18174,0.18174
2025-12-09T08:00:00Z,PIPPINUSDT,-0.000042445262376405,0.18167,0.18167
2025-12-09T09:00:00Z,PIPPINUSDT,0.0000125,0.1851,0.1851
2025-12-09T10:00:00Z,PIPPINUSDT,0.0000125,0.1851,0.1851
2025-12-09T11:00:00Z,PIPPINUSDT,0.0000125,0.1851,0.1851
2025-12-09T12:00:00Z,PIPPINUSDT,0.0000125,0.1854,0.1854
2025-12-09T13:00:00Z,PIPPINUSDT,0.0000125,0.20421,0.20421
2025-12-09T14:00:00Z,PIPPINUSDT,0.0000125,0.20421,0.20421
2025-12-09T15:00:00Z,PIPPINUSDT,0.0000125,0.20421,0.20421
2025-12-09T16:00:00Z,PIPPINUSDT,0.0000125,0.2046,0.2046
2025-12-09T17:00:00Z,PIPPINUSDT,0.000025525941631908,0.31999,0.31999
2025-12-09T18:00:00Z,PIPPINUSDT,0.000137234243752279,0.31999,0.31999
2025-12-09T19:00:00Z,PIPPINUSDT,0.001098728724617103,0.31999,0.31999
2025-12-09T20:00:00Z,PIPPINUSDT,0.000721010117970813,0.3206,0.3206
2025-12-09T21:00:00Z,PIPPINUSDT,0.00072457070555142,0.31129,0.31129
2025-12-09T22:00:00Z,PIPPINUSDT,0.001786190587461461,0.31129,0.31129
2025-12-09T23:00:00Z,PIPPINUSDT,0.000724862956760609,0.31129,0.31129
2025-12-10T00:00:00Z,PIPPINUSDT,0.000291765568160616,0.31154,0.31154
2025-12-10T01:00:00Z,PIPPINUSDT,0.000038037166999819,0.32149,0.32149
2025-12-10T02:00:00Z,PIPPINUSDT,0.0000125,0.32149,0.32149
2025-12-10T03:00:00Z,PIPPINUSDT,0.0000125,0.32149,0.32149
2025-12-10T04:00:00Z,PIPPINUSDT,0.0000125,0.32223,0.32223
2025-12-10T05:00:00Z,PIPPINUSDT,-0.000395840012282537,0.32058,0.32058
2025-12-10T06:00:00Z,PIPPINUSDT,-0.000388441234492887,0.32058,0.32058
2025-12-10T07:00:00Z,PIPPINUSDT,-0.000182874723133831,0.32058,0.32058
2025-12-10T08:00:00Z,PIPPINUSDT,0.0000125,0.32037,0.32037
2025-12-10T09:00:00Z,PIPPINUSDT,0.0000125,0.35241,0.35241
2025-12-10T10:00:00Z,PIPPINUSDT,0.000095678956413535,0.35241,0.35241
2025-12-10T11:00:00Z,PIPPINUSDT,-0.000161349288490239,0.35241,0.35241
2025-12-10T12:00:00Z,PIPPINUSDT,-0.000094019285811817,0.3528,0.3528
2025-12-10T13:00:00Z,PIPPINUSDT,0.0000125,0.33166,0.33166
2025-12-10T14:00:00Z,PIPPINUSDT,0.0000125,0.33166,0.33166
2025-12-10T15:00:00Z,PIPPINUSDT,0.000146016600237721,0.33166,0.33166
2025-12-10T16:00:00Z,PIPPINUSDT,0.000103173407166393,0.33173,0.33173
2025-12-10T17:00:00Z,PIPPINUSDT,0.000019622854686055,0.34215,0.34215
2025-12-10T18:00:00Z,PIPPINUSDT,0.0000125,0.34215,0.34215
2025-12-10T19:00:00Z,PIPPINUSDT,0.000222325449332934,0.34215,0.34215
2025-12-10T20:00:00Z,PIPPINUSDT,0.00028802695604716,0.34144,0.34144
2025-12-10T21:00:00Z,PIPPINUSDT,0.000245807345540483,0.33873,0.33873
2025-12-10T22:00:00Z,PIPPINUSDT,0.000141022220108824,0.33873,0.33873
2025-12-10T23:00:00Z,PIPPINUSDT,0.000301460050794928,0.33873,0.33873
2025-12-11T00:00:00Z,PIPPINUSDT,0.000246529686359249,0.3389,0.3389
2025-12-11T01:00:00Z,PIPPINUSDT,0.000235726805058144,0.32553,0.32553
2025-12-11T02:00:00Z,PIPPINUSDT,0.000213094497091952,0.32553,0.32553
2025-12-11T03:00:00Z,PIPPINUSDT,0.000228154740736886,0.32553,0.32553
2025-12-11T04:00:00Z,PIPPINUSDT,0.000264357105136379,0.32546,0.32546
2025-12-11T05:00:00Z,PIPPINUSDT,0.000102213278234093,0.34333,0.34333
2025-12-11T06:00:00Z,PIPPINUSDT,0.000034156174132888,0.34333,0.34333
2025-12-11T07:00:00Z,PIPPINUSDT,0.0000125,0.34333,0.34333
2025-12-11T08:00:00Z,PIPPINUSDT,0.0000125,0.34351,0.34351
2025-12-11T09:00:00Z,PIPPINUSDT,0.000073999783544178,0.31826,0.31826
2025-12-11T10:00:00Z,PIPPINUSDT,0.000054937700844851,0.31826,0.31826
2025-12-11T11:00:00Z,PIPPINUSDT,0.0000125,0.31826,0.31826
2025-12-11T12:00:00Z,PIPPINUSDT,0.000138176434261393,0.31721,0.31721
2025-12-11T13:00:00Z,PIPPINUSDT,0.0000125,0.33167,0.33167
2025-12-11T14:00:00Z,PIPPINUSDT,0.000035918351819175,0.33167,0.33167
2025-12-11T15:00:00Z,PIPPINUSDT,0.000036174008108403,0.33167,0.33167
2025-12-11T16:00:00Z,PIPPINUSDT,0.000018610021779805,0.33171,0.33171
2025-12-11T17:00:00Z,PIPPINUSDT,0.0001165382477844,0.31281,0.31281
2025-12-11T18:00:00Z,PIPPINUSDT,0.000165837907373585,0.31281,0.31281
2025-12-11T19:00:00Z,PIPPINUSDT,0.000022236279970101,0.31281,0.31281
2025-12-11T20:00:00Z,PIPPINUSDT,0.0000125,0.31269,0.31269
2025-12-11T21:00:00Z,PIPPINUSDT,0.0000125,0.32287,0.32287
2025-12-11T22:00:00Z,PIPPINUSDT,0.0000125,0.32287,0.32287
2025-12-11T23:00:00Z,PIPPINUSDT,0.0000125,0.32287,0.32287
2025-12-12T00:00:00Z,PIPPINUSDT,0.0000125,0.32271,0.32271
2025-12-12T01:00:00Z,PIPPINUSDT,0.0000125,0.30427,0.30427
2025-12-12T02:00:00Z,PIPPINUSDT,0.0000125,0.30427,0.30427
2025-12-12T03:00:00Z,PIPPINUSDT,0.0000125,0.30427,0.30427
2025-12-12T04:00:00Z,PIPPINUSDT,0.0000125,0.30398,0.30398
2025-12-12T05:00:00Z,PIPPINUSDT,0.0000125,0.30454,0.30454
2025-12-12T06:00:00Z,PIPPINUSDT,0.0000125,0.30454,0.30454
2025-12-12T07:00:00Z,PIPPINUSDT,0.0000125,0.30454,0.30454
2025-12-12T08:00:00Z,PIPPINUSDT,0.0000125,0.30527,0.30527
2025-12-12T09:00:00Z,PIPPINUSDT,0.0000125,0.33506,0.33506
2025-12-12T10:00:00Z,PIPPINUSDT,0.0000125,0.33506,0.33506
2025-12-12T11:00:00Z,PIPPINUSDT,0.0000125,0.33506,0.33506
2025-12-12T12:00:00Z,PIPPINUSDT,-0.000009482019063833,0.33565,0.33565
2025-12-12T13:00:00Z,PIPPINUSDT,0.0000125,0.34799,0.34799
2025-12-12T14:00:00Z,PIPPINUSDT,0.0000125,0.34799,0.34799
2025-12-12T15:00:00Z,PIPPINUSDT,0.0000125,0.34799,0.34799
2025-12-12T16:00:00Z,PIPPINUSDT,0.0000125,0.34789,0.34789
2025-12-12T17:00:00Z,PIPPINUSDT,0.0000125,0.34707,0.34707
2025-12-12T18:00:00Z,PIPPINUSDT,0.0000125,0.34707,0.34707
2025-12-12T19:00:00Z,PIPPINUSDT,0.0000125,0.34707,0.34707
2025-12-12T20:00:00Z,PIPPINUSDT,0.000006389707474435,0.34684,0.34684
2025-12-12T21:00:00Z,PIPPINUSDT,0.0000125,0.32952,0.32952
2025-12-12T22:00:00Z,PIPPINUSDT,0.00000107514351751,0.32952,0.32952
2025-12-12T23:00:00Z,PIPPINUSDT,-0.000037592324790551,0.32952,0.32952
2025-12-13T00:00:00Z,PIPPINUSDT,-0.000107676400276435,0.32982,0.32982
2025-12-13T01:00:00Z,PIPPINUSDT,-0.000162914148215562,0.32381,0.32381
2025-12-13T02:00:00Z,PIPPINUSDT,-0.000075561052767381,0.32381,0.32381
2025-12-13T03:00:00Z,PIPPINUSDT,-0.000045266712270655,0.32381,0.32381
2025-12-13T04:00:00Z,PIPPINUSDT,0.0000125,0.3235,0.3235
2025-12-13T05:00:00Z,PIPPINUSDT,0.0000125,0.3219,0.3219
2025-12-13T06:00:00Z,PIPPINUSDT,0.0000125,0.3219,0.3219
2025-12-13T07:00:00Z,PIPPINUSDT,0.0000125,0.3219,0.3219
2025-12-13T08:00:00Z,PIPPINUSDT,0.0000125,0.32152,0.32152
2025-12-13T09:00:00Z,PIPPINUSDT,0.0000125,0.30893,0.30893
2025-12-13T10:00:00Z,PIPPINUSDT,0.0000125,0.30893,0.30893
2025-12-13T11:00:00Z,PIPPINUSDT,0.0000125,0.30893,0.30893
2025-12-13T12:00:00Z,PIPPINUSDT,0.0000125,0.30878,0.30878
2025-12-13T13:00:00Z,PIPPINUSDT,0.0000125,0.30725,0.30725
2025-12-13T14:00:00Z,PIPPINUSDT,0.0000125,0.30725,0.30725
2025-12-13T15:00:00Z,PIPPINUSDT,0.0000125,0.30725,0.30725
2025-12-13T16:00:00Z,PIPPINUSDT,0.0000125,0.30738,0.30738
2025-12-13T17:00:00Z,PIPPINUSDT,0.0000125,0.32156,0.32156
2025-12-13T18:00:00Z,PIPPINUSDT,0.0000125,0.32156,0.32156
2025-12-13T19:00:00Z,PIPPINUSDT,0.0000125,0.32156,0.32156
2025-12-13T20:00:00Z,PIPPINUSDT,-0.000112859075165135,0.32125,0.32125
2025-12-13T21:00:00Z,PIPPINUSDT,-0.000085776411927944,0.34013,0.34013
2025-12-13T22:00:00Z,PIPPINUSDT,0.0000125,0.34013,0.34013
2025-12-13T23:00:00Z,PIPPINUSDT,0.0000125,0.34013,0.34013
2025-12-14T00:00:00Z,PIPPINUSDT,0.0000125,0.34006,0.34006
2025-12-14T01:00:00Z,PIPPINUSDT,0.000006123239533264,0.34334,0.34334
2025-12-14T02:00:00Z,PIPPINUSDT,-0.000033223265011666,0.34334,0.34334
2025-12-14T03:00:00Z,PIPPINUSDT,-0.00018228864322333,0.34334,0.34334
2025-12-14T04:00:00Z,PIPPINUSDT,-0.000178747154753381,0.34437,0.34437
2025-12-14T05:00:00Z,PIPPINUSDT,-0.000183766483255456,0.34963,0.34963
2025-12-14T06:00:00Z,PIPPINUSDT,-0.000254064664218388,0.34963,0.34963
2025-12-14T07:00:00Z,PIPPINUSDT,-0.000289745582529031,0.34963,0.34963
2025-12-14T08:00:00Z,PIPPINUSDT,-0.000359513814380208,0.34974,0.34974
2025-12-14T09:00:00Z,PIPPINUSDT,-0.000143947846947099,0.33012,0.33012
2025-12-14T10:00:00Z,PIPPINUSDT,-0.000032886346492574,0.33012,0.33012
2025-12-14T11:00:00Z,PIPPINUSDT,0.0000125,0.33012,0.33012
2025-12-14T12:00:00Z,PIPPINUSDT,0.0000125,0.33005,0.33005
2025-12-14T13:00:00Z,PIPPINUSDT,0.0000125,0.33617,0.33617
2025-12-14T14:00:00Z,PIPPINUSDT,0.0000125,0.33617,0.33617
2025-12-14T15:00:00Z,PIPPINUSDT,0.0000125,0.33617,0.33617
2025-12-14T16:00:00Z,PIPPINUSDT,-0.000006727450167674,0.33586,0.33586
2025-12-14T17:00:00Z,PIPPINUSDT,-0.000203623371626853,0.3603,0.3603
2025-12-14T18:00:00Z,PIPPINUSDT,0.0000125,0.3603,0.3603
2025-12-14T19:00:00Z,PIPPINUSDT,-0.000037450701920607,0.3603,0.3603
2025-12-14T20:00:00Z,PIPPINUSDT,-0.000106461343940236,0.36045,0.36045
2025-12-14T21:00:00Z,PIPPINUSDT,0.0000125,0.3382,0.3382
2025-12-14T22:00:00Z,PIPPINUSDT,0.0000125,0.3382,0.3382
2025-12-14T23:00:00Z,PIPPINUSDT,0.0000125,0.3382,0.3382
2025-12-15T00:00:00Z,PIPPINUSDT,-0.000093306625943839,0.3382,0.3382
2025-12-15T01:00:00Z,PIPPINUSDT,-0.000135128811077001,0.34887,0.34887
2025-12-15T02:00:00Z,PIPPINUSDT,-0.000388759342300762,0.34887,0.34887
2025-12-15T03:00:00Z,PIPPINUSDT,-0.000271540659871722,0.34887,0.34887
2025-12-15T04:00:00Z,PIPPINUSDT,-0.000319540443199828,0.34888,0.34888
2025-12-15T05:00:00Z,PIPPINUSDT,-0.000376872304725683,0.35319,0.35319
2025-12-15T06:00:00Z,PIPPINUSDT,-0.00059504285699366,0.35319,0.35319
2025-12-15T07:00:00Z,PIPPINUSDT,-0.000284068835527142,0.35319,0.35319
2025-12-15T08:00:00Z,PIPPINUSDT,-0.000042503443619186,0.35392,0.35392
2025-12-15T09:00:00Z,PIPPINUSDT,-0.00033020664176961,0.37441,0.37441
2025-12-15T10:00:00Z,PIPPINUSDT,-0.000277523486110654,0.37441,0.37441
2025-12-15T11:00:00Z,PIPPINUSDT,-0.000747785115412329,0.37441,0.37441
2025-12-15T12:00:00Z,PIPPINUSDT,-0.001025692213712279,0.37429,0.37429
2025-12-15T13:00:00Z,PIPPINUSDT,-0.001156114944913532,0.3625,0.3625
2025-12-15T14:00:00Z,PIPPINUSDT,-0.000595190613027087,0.3625,0.3625
2025-12-15T15:00:00Z,PIPPINUSDT,-0.000244792336296202,0.3625,0.3625
2025-12-15T16:00:00Z,PIPPINUSDT,-0.000326828879143411,0.36265,0.36265
2025-12-15T17:00:00Z,PIPPINUSDT,-0.000644725244343589,0.38424,0.38424
2025-12-15T18:00:00Z,PIPPINUSDT,-0.000281682008292519,0.38424,0.38424
2025-12-15T19:00:00Z,PIPPINUSDT,-0.000485416421706295,0.38424,0.38424
2025-12-15T20:00:00Z,PIPPINUSDT,-0.001094489127567095,0.38409,0.38409
2025-12-15T21:00:00Z,PIPPINUSDT,-0.001613763143089017,0.42446,0.42446
2025-12-15T22:00:00Z,PIPPINUSDT,-0.001458462868184302,0.42446,0.42446
2025-12-15T23:00:00Z,PIPPINUSDT,-0.001454150592391164,0.42446,0.42446
2025-12-16T00:00:00Z,PIPPINUSDT,-0.00251408490858278,0.42487,0.42487
2025-12-16T01:00:00Z,PIPPINUSDT,-0.001280161129825111,0.43436,0.43436
2025-12-16T02:00:00Z,PIPPINUSDT,-0.002998468584992232,0.43436,0.43436
2025-12-16T03:00:00Z,PIPPINUSDT,-0.001936668082177432,0.43436,0.43436
2025-12-16T04:00:00Z,PIPPINUSDT,-0.00168916849520775,0.434,0.434
2025-12-16T05:00:00Z,PIPPINUSDT,-0.004414874791657382,0.44555,0.44555
2025-12-16T06:00:00Z,PIPPINUSDT,-0.003050622021936502,0.44555,0.44555
2025-12-16T07:00:00Z,PIPPINUSDT,-0.004211133271427824,0.44555,0.44555
2025-12-16T08:00:00Z,PIPPINUSDT,-0.004023064373390011,0.44562,0.44562
2025-12-16T09:00:00Z,PIPPINUSDT,-0.003490713208272066,0.45828,0.45828
2025-12-16T10:00:00Z,PIPPINUSDT,-0.005042507330988147,0.45828,0.45828
2025-12-16T11:00:00Z,PIPPINUSDT,-0.004939847545415811,0.45828,0.45828
2025-12-16T12:00:00Z,PIPPINUSDT,-0.00583249650632252,0.45804,0.45804
2025-12-16T13:00:00Z,PIPPINUSDT,-0.009206250296603192,0.31057,0.31057
2025-12-16T14:00:00Z,PIPPINUSDT,-0.008386395818965364,0.31057,0.31057
2025-12-16T15:00:00Z,PIPPINUSDT,-0.010714529048842546,0.31057,0.31057
2025-12-16T16:00:00Z,PIPPINUSDT,-0.016464707768226542,0.31029,0.31029
2025-12-16T17:00:00Z,PIPPINUSDT,-0.013732810625218794,0.32275,0.32275
2025-12-16T18:00:00Z,PIPPINUSDT,-0.011002491710172922,0.32275,0.32275
2025-12-16T19:00:00Z,PIPPINUSDT,-0.011761818899147937,0.32275,0.32275
2025-12-16T20:00:00Z,PIPPINUSDT,-0.011426476735783678,0.32231,0.32231
2025-12-16T21:00:00Z,PIPPINUSDT,-0.011123754849002417,0.35474,0.35474
2025-12-16T22:00:00Z,PIPPINUSDT,-0.014400911432527214,0.35474,0.35474
2025-12-16T23:00:00Z,PIPPINUSDT,-0.014661717610486552,0.35474,0.35474
2025-12-17T00:00:00Z,PIPPINUSDT,-0.011150527935552065,0.35438,0.35438
2025-12-17T01:00:00Z,PIPPINUSDT,-0.006838372251077163,0.34061,0.34061
2025-12-17T02:00:00Z,PIPPINUSDT,-0.002723783500913157,0.34061,0.34061
2025-12-17T03:00:00Z,PIPPINUSDT,-0.003273868871180356,0.34061,0.34061
2025-12-17T04:00:00Z,PIPPINUSDT,-0.002061941903047046,0.34102,0.34102
2025-12-17T05:00:00Z,PIPPINUSDT,-0.002020538297984282,0.41209,0.41209
2025-12-17T06:00:00Z,PIPPINUSDT,-0.003645516105303692,0.41209,0.41209
2025-12-17T07:00:00Z,PIPPINUSDT,-0.004923805613846983,0.41209,0.41209
2025-12-17T08:00:00Z,PIPPINUSDT,-0.004829552555510619,0.41178,0.41178
2025-12-17T09:00:00Z,PIPPINUSDT,-0.004301977613089736,0.39338,0.39338
2025-12-17T10:00:00Z,PIPPINUSDT,-0.002761489231701184,0.39338,0.39338
2025-12-17T11:00:00Z,PIPPINUSDT,-0.002413571933101198,0.39338,0.39338
2025-12-17T12:00:00Z,PIPPINUSDT,-0.002343320966162646,0.39316,0.39316
2025-12-17T13:00:00Z,PIPPINUSDT,-0.002219983605241303,0.39033,0.39033
2025-12-17T14:00:00Z,PIPPINUSDT,-0.002597816793586033,0.39033,0.39033
2025-12-17T15:00:00Z,PIPPINUSDT,-0.002261954822951269,0.39033,0.39033
2025-12-17T16:00:00Z,PIPPINUSDT,-0.002639824851697194,0.38979,0.38979
2025-12-17T17:00:00Z,PIPPINUSDT,-0.002187224328297396,0.40426,0.40426
2025-12-17T18:00:00Z,PIPPINUSDT,-0.001466524836878556,0.40426,0.40426
2025-12-17T19:00:00Z,PIPPINUSDT,-0.00078889816098577,0.40426,0.40426
2025-12-17T20:00:00Z,PIPPINUSDT,-0.000657485209076371,0.40437,0.40437
2025-12-17T21:00:00Z,PIPPINUSDT,-0.000781488793039788,0.39577,0.39577
2025-12-17T22:00:00Z,PIPPINUSDT,-0.000721177990070251,0.39577,0.39577
2025-12-17T23:00:00Z,PIPPINUSDT,-0.000849423211448783,0.39577,0.39577
2025-12-18T00:00:00Z,PIPPINUSDT,-0.000340291012257963,0.3959,0.3959
2025-12-18T01:00:00Z,PIPPINUSDT,-0.000592586205723382,0.398,0.398
2025-12-18T02:00:00Z,PIPPINUSDT,-0.00064261240828789,0.398,0.398
2025-12-18T03:00:00Z,PIPPINUSDT,-0.000727969999945998,0.398,0.398
2025-12-18T04:00:00Z,PIPPINUSDT,-0.000618905008157282,0.39775,0.39775
2025-12-18T05:00:00Z,PIPPINUSDT,-0.000556773396549895,0.44524,0.44524
2025-12-18T06:00:00Z,PIPPINUSDT,-0.000487562678979323,0.44524,0.44524
2025-12-18T07:00:00Z,PIPPINUSDT,-0.000428733465045263,0.44524,0.44524
2025-12-18T08:00:00Z,PIPPINUSDT,-0.000402637799375113,0.44505,0.44505
2025-12-18T09:00:00Z,PIPPINUSDT,-0.000585946167508564,0.44011,0.44011
2025-12-18T10:00:00Z,PIPPINUSDT,-0.000577334436302978,0.44011,0.44011
2025-12-18T11:00:00Z,PIPPINUSDT,-0.00036726267354084,0.44011,0.44011
2025-12-18T12:00:00Z,PIPPINUSDT,-0.000403674892882193,0.4401,0.4401
2025-12-18T13:00:00Z,PIPPINUSDT,-0.000349152000561033,0.41314,0.41314
2025-12-18T14:00:00Z,PIPPINUSDT,-0.000711395296977919,0.41314,0.41314
2025-12-18T15:00:00Z,PIPPINUSDT,-0.000804401873235731,0.41314,0.41314
2025-12-18T16:00:00Z,PIPPINUSDT,-0.00110376324550913,0.4128,0.4128
2025-12-18T17:00:00Z,PIPPINUSDT,-0.001269730609211776,0.39017,0.39017
2025-12-18T18:00:00Z,PIPPINUSDT,-0.001129527323973628,0.39017,0.39017
2025-12-18T19:00:00Z,PIPPINUSDT,-0.000846714092700743,0.39017,0.39017
2025-12-18T20:00:00Z,PIPPINUSDT,-0.000764904249819281,0.39018,0.39018
2025-12-18T21:00:00Z,PIPPINUSDT,-0.001355593602540986,0.36556,0.36556
2025-12-18T22:00:00Z,PIPPINUSDT,-0.001005843479767912,0.36556,0.36556
2025-12-18T23:00:00Z,PIPPINUSDT,-0.000514286503885988,0.36556,0.36556
2025-12-19T00:00:00Z,PIPPINUSDT,-0.000181214859427325,0.36581,0.36581
2025-12-19T01:00:00Z,PIPPINUSDT,-0.000397324894960205,0.35365,0.35365
2025-12-19T02:00:00Z,PIPPINUSDT,-0.000869586394623712,0.35365,0.35365
2025-12-19T03:00:00Z,PIPPINUSDT,-0.000922807566847316,0.35365,0.35365
2025-12-19T04:00:00Z,PIPPINUSDT,-0.000876858640674134,0.35335,0.35335
2025-12-19T05:00:00Z,PIPPINUSDT,-0.000997748783780365,0.35611,0.35611
2025-12-19T06:00:00Z,PIPPINUSDT,-0.001384011466736844,0.35611,0.35611
2025-12-19T07:00:00Z,PIPPINUSDT,-0.001597731121096425,0.35611,0.35611
2025-12-19T08:00:00Z,PIPPINUSDT,-0.001861253390748231,0.35607,0.35607
2025-12-19T09:00:00Z,PIPPINUSDT,-0.001516613235658876,0.35297,0.35297
2025-12-19T10:00:00Z,PIPPINUSDT,-0.001607014019364642,0.35297,0.35297
2025-12-19T11:00:00Z,PIPPINUSDT,-0.001308524730044272,0.35297,0.35297
2025-12-19T12:00:00Z,PIPPINUSDT,-0.001094870147603816,0.35198,0.35198
2025-12-19T13:00:00Z,PIPPINUSDT,-0.000741386050045147,0.3542,0.3542
2025-12-19T14:00:00Z,PIPPINUSDT,-0.00109587168124614,0.3542,0.3542
2025-12-19T15:00:00Z,PIPPINUSDT,-0.001011116620364739,0.3542,0.3542
2025-12-19T16:00:00Z,PIPPINUSDT,-0.000772362176604131,0.35395,0.35395
2025-12-19T17:00:00Z,PIPPINUSDT,-0.000515862298187071,0.38005,0.38005
2025-12-19T18:00:00Z,PIPPINUSDT,-0.000799345099037745,0.38005,0.38005
2025-12-19T19:00:00Z,PIPPINUSDT,-0.000270879518709516,0.38005,0.38005
2025-12-19T20:00:00Z,PIPPINUSDT,-0.00014821693685305,0.37994,0.37994
2025-12-19T21:00:00Z,PIPPINUSDT,-0.000428621694129662,0.37477,0.37477
2025-12-19T22:00:00Z,PIPPINUSDT,-0.000316617034806687,0.37477,0.37477
2025-12-19T23:00:00Z,PIPPINUSDT,-0.000307409539023135,0.37477,0.37477
2025-12-20T00:00:00Z,PIPPINUSDT,-0.000243440381612251,0.37468,0.37468
2025-12-20T01:00:00Z,PIPPINUSDT,-0.000108706723601547,0.37103,0.37103
2025-12-20T02:00:00Z,PIPPINUSDT,-0.000248638654461176,0.37103,0.37103
2025-12-20T03:00:00Z,PIPPINUSDT,-0.000082116851741418,0.37103,0.37103
2025-12-20T04:00:00Z,PIPPINUSDT,-0.000199480061257271,0.37144,0.37144
2025-12-20T05:00:00Z,PIPPINUSDT,-0.000063333304484515,0.3963,0.3963
2025-12-20T06:00:00Z,PIPPINUSDT,0.0000125,0.3963,0.3963
2025-12-20T07:00:00Z,PIPPINUSDT,0.0000125,0.3963,0.3963
2025-12-20T08:00:00Z,PIPPINUSDT,0.0000125,0.39629,0.39629
2025-12-20T09:00:00Z,PIPPINUSDT,-0.000074219464822747,0.39713,0.39713
2025-12-20T10:00:00Z,PIPPINUSDT,-0.000082207510353896,0.39713,0.39713
2025-12-20T11:00:00Z,PIPPINUSDT,-0.000023154273943085,0.39713,0.39713
2025-12-20T12:00:00Z,PIPPINUSDT,0.0000125,0.39786,0.39786
2025-12-20T13:00:00Z,PIPPINUSDT,-0.000201179810495099,0.42326,0.42326
2025-12-20T14:00:00Z,PIPPINUSDT,-0.000195287060093545,0.42326,0.42326
2025-12-20T15:00:00Z,PIPPINUSDT,-0.000083224219766545,0.42326,0.42326
2025-12-20T16:00:00Z,PIPPINUSDT,-0.000063581062475758,0.42337,0.42337
2025-12-20T17:00:00Z,PIPPINUSDT,-0.000056501064146792,0.41658,0.41658
2025-12-20T18:00:00Z,PIPPINUSDT,-0.000039255240580732,0.41658,0.41658
2025-12-20T19:00:00Z,PIPPINUSDT,-0.000133799233240745,0.41658,0.41658
2025-12-20T20:00:00Z,PIPPINUSDT,-0.000282682352088325,0.4167,0.4167
2025-12-20T21:00:00Z,PIPPINUSDT,-0.000224058212521613,0.41936,0.41936
2025-12-20T22:00:00Z,PIPPINUSDT,-0.000561688483214342,0.41936,0.41936
2025-12-20T23:00:00Z,PIPPINUSDT,-0.000769457472292538,0.41936,0.41936
2025-12-21T00:00:00Z,PIPPINUSDT,-0.000910675306481687,0.41948,0.41948
2025-12-21T01:00:00Z,PIPPINUSDT,-0.00064976760724902,0.42499,0.42499
2025-12-21T02:00:00Z,PIPPINUSDT,-0.001037820754856564,0.42499,0.42499
2025-12-21T03:00:00Z,PIPPINUSDT,-0.001167674777724316,0.42499,0.42499
2025-12-21T04:00:00Z,PIPPINUSDT,-0.001725295706378574,0.42499,0.42499
2025-12-21T05:00:00Z,PIPPINUSDT,-0.00156427360161416,0.43717,0.43717
2025-12-21T06:00:00Z,PIPPINUSDT,-0.00104595621210686,0.43717,0.43717
2025-12-21T07:00:00Z,PIPPINUSDT,-0.001125333738429764,0.43717,0.43717
2025-12-21T08:00:00Z,PIPPINUSDT,-0.001501495060293531,0.43736,0.43736
2025-12-21T09:00:00Z,PIPPINUSDT,-0.001490367152570107,0.42293,0.42293
2025-12-21T10:00:00Z,PIPPINUSDT,-0.001830617212904264,0.42293,0.42293
2025-12-21T11:00:00Z,PIPPINUSDT,-0.001027775249958855,0.42293,0.42293
2025-12-21T12:00:00Z,PIPPINUSDT,-0.000317117276766913,0.42369,0.42369
2025-12-21T13:00:00Z,PIPPINUSDT,-0.000960157140368886,0.43822,0.43822
2025-12-21T14:00:00Z,PIPPINUSDT,-0.001158525046091761,0.43822,0.43822
2025-12-21T15:00:00Z,PIPPINUSDT,-0.001368514376111088,0.43822,0.43822
2025-12-21T16:00:00Z,PIPPINUSDT,-0.00083552949305493,0.43805,0.43805
2025-12-21T17:00:00Z,PIPPINUSDT,-0.000944347148730494,0.4207,0.4207
2025-12-21T18:00:00Z,PIPPINUSDT,-0.001777608561089142,0.4207,0.4207
2025-12-21T19:00:00Z,PIPPINUSDT,-0.002741609118476095,0.4207,0.4207
2025-12-21T20:00:00Z,PIPPINUSDT,-0.003602633996408511,0.42137,0.42137
2025-12-21T21:00:00Z,PIPPINUSDT,-0.003911724453663599,0.40859,0.40859
2025-12-21T22:00:00Z,PIPPINUSDT,-0.004103362687883763,0.40859,0.40859
2025-12-21T23:00:00Z,PIPPINUSDT,-0.003494168898834375,0.40859,0.40859
2025-12-22T00:00:00Z,PIPPINUSDT,-0.004449490347067336,0.40855,0.40855
2025-12-22T01:00:00Z,PIPPINUSDT,-0.004312142276907626,0.3822,0.3822
2025-12-22T02:00:00Z,PIPPINUSDT,-0.00190058495254408,0.3822,0.3822
2025-12-22T03:00:00Z,PIPPINUSDT,-0.001470777765056758,0.3822,0.3822
2025-12-22T04:00:00Z,PIPPINUSDT,-0.001019543347092462,0.38071,0.38071
2025-12-22T05:00:00Z,PIPPINUSDT,-0.001084615452005463,0.36186,0.36186
2025-12-22T06:00:00Z,PIPPINUSDT,-0.00110261416047252,0.36186,0.36186
2025-12-22T07:00:00Z,PIPPINUSDT,-0.001077006298781559,0.36186,0.36186
2025-12-22T08:00:00Z,PIPPINUSDT,-0.000923310246727083,0.36163,0.36163
2025-12-22T09:00:00Z,PIPPINUSDT,-0.000981105970837486,0.34608,0.34608
2025-12-22T10:00:00Z,PIPPINUSDT,-0.001191217025502285,0.34608,0.34608
2025-12-22T11:00:00Z,PIPPINUSDT,-0.000657769712837143,0.34608,0.34608
2025-12-22T12:00:00Z,PIPPINUSDT,-0.000915174535950708,0.34507,0.34507
2025-12-22T13:00:00Z,PIPPINUSDT,-0.000585726730914392,0.33121,0.33121
2025-12-22T14:00:00Z,PIPPINUSDT,-0.000987788891600996,0.33121,0.33121
2025-12-22T15:00:00Z,PIPPINUSDT,-0.000726446621143648,0.33121,0.33121
2025-12-22T16:00:00Z,PIPPINUSDT,-0.000122624959593718,0.33129,0.33129
2025-12-22T17:00:00Z,PIPPINUSDT,-0.000132520443035529,0.32974,0.32974
2025-12-22T18:00:00Z,PIPPINUSDT,-0.000193419881537255,0.32974,0.32974
2025-12-22T19:00:00Z,PIPPINUSDT,-0.000256356740587046,0.32974,0.32974
2025-12-22T20:00:00Z,PIPPINUSDT,-0.00015728482739739,0.32939,0.32939
2025-12-22T21:00:00Z,PIPPINUSDT,-0.000289541885788545,0.35875,0.35875
2025-12-22T22:00:00Z,PIPPINUSDT,-0.000011076252659628,0.35875,0.35875
2025-12-22T23:00:00Z,PIPPINUSDT,0.0000125,0.35875,0.35875
2025-12-23T00:00:00Z,PIPPINUSDT,-0.00012919032046015,0.35855,0.35855
2025-12-23T01:00:00Z,PIPPINUSDT,0.0000125,0.35918,0.35918
2025-12-23T02:00:00Z,PIPPINUSDT,0.0000125,0.35918,0.35918
2025-12-23T03:00:00Z,PIPPINUSDT,-0.000080114818930244,0.35918,0.35918
2025-12-23T04:00:00Z,PIPPINUSDT,-0.000023799147054847,0.35907,0.35907
2025-12-23T05:00:00Z,PIPPINUSDT,0.0000125,0.37298,0.37298
2025-12-23T06:00:00Z,PIPPINUSDT,0.0000125,0.37298,0.37298
2025-12-23T07:00:00Z,PIPPINUSDT,0.000018527835239388,0.37298,0.37298
2025-12-23T08:00:00Z,PIPPINUSDT,0.0000125,0.37345,0.37345
2025-12-23T09:00:00Z,PIPPINUSDT,0.0000125,0.42287,0.42287
2025-12-23T10:00:00Z,PIPPINUSDT,0.0000125,0.42287,0.42287
2025-12-23T11:00:00Z,PIPPINUSDT,0.0000125,0.42287,0.42287
2025-12-23T12:00:00Z,PIPPINUSDT,0.0000125,0.42323,0.42323
2025-12-23T13:00:00Z,PIPPINUSDT,0.000009075167836538,0.43245,0.43245
2025-12-23T14:00:00Z,PIPPINUSDT,0.000005490957457115,0.43245,0.43245
2025-12-23T15:00:00Z,PIPPINUSDT,-0.000045820672279082,0.43245,0.43245
2025-12-23T16:00:00Z,PIPPINUSDT,-0.000114567647990577,0.43279,0.43279
2025-12-23T17:00:00Z,PIPPINUSDT,-0.00002946983857926,0.44975,0.44975
2025-12-23T18:00:00Z,PIPPINUSDT,-0.000193100681213619,0.44975,0.44975
2025-12-23T19:00:00Z,PIPPINUSDT,-0.000190479010600421,0.44975,0.44975
2025-12-23T20:00:00Z,PIPPINUSDT,-0.000026724845686234,0.44975,0.44975
2025-12-23T21:00:00Z,PIPPINUSDT,-0.000192978509519247,0.46188,0.46188
2025-12-23T22:00:00Z,PIPPINUSDT,-0.00028800680698632,0.46188,0.46188
2025-12-23T23:00:00Z,PIPPINUSDT,-0.000434511524847204,0.46188,0.46188
2025-12-24T00:00:00Z,PIPPINUSDT,-0.000350141150409237,0.46147,0.46147
2025-12-24T01:00:00Z,PIPPINUSDT,-0.000269500729363857,0.478,0.478
2025-12-24T02:00:00Z,PIPPINUSDT,-0.00061500635417621,0.478,0.478
2025-12-24T03:00:00Z,PIPPINUSDT,-0.000706285604691514,0.478,0.478
2025-12-24T04:00:00Z,PIPPINUSDT,-0.000971407345387501,0.47882,0.47882
2025-12-24T05:00:00Z,PIPPINUSDT,-0.001432851101116959,0.46064,0.46064
2025-12-24T06:00:00Z,PIPPINUSDT,-0.001913970332748768,0.46064,0.46064
2025-12-24T07:00:00Z,PIPPINUSDT,-0.00242754844413808,0.46064,0.46064
2025-12-24T08:00:00Z,PIPPINUSDT,-0.00150621050770788,0.46016,0.46016
2025-12-24T09:00:00Z,PIPPINUSDT,-0.001724957494008922,0.45461,0.45461
2025-12-24T10:00:00Z,PIPPINUSDT,-0.002491773900269261,0.45461,0.45461
2025-12-24T11:00:00Z,PIPPINUSDT,-0.0028424502335159,0.45461,0.45461
2025-12-24T12:00:00Z,PIPPINUSDT,-0.002959145267469877,0.45365,0.45365
2025-12-24T13:00:00Z,PIPPINUSDT,-0.002872681213697028,0.5125,0.5125
2025-12-24T14:00:00Z,PIPPINUSDT,-0.001616125143641515,0.5125,0.5125
2025-12-24T15:00:00Z,PIPPINUSDT,-0.002064959462391886,0.5125,0.5125
2025-12-24T16:00:00Z,PIPPINUSDT,-0.001899556791992329,0.5122,0.5122
2025-12-24T17:00:00Z,PIPPINUSDT,-0.0017950436535554,0.4863,0.4863
2025-12-24T18:00:00Z,PIPPINUSDT,-0.0015507492902686,0.4863,0.4863
2025-12-24T19:00:00Z,PIPPINUSDT,-0.000961946123050352,0.4863,0.4863
2025-12-24T20:00:00Z,PIPPINUSDT,-0.0011015066388545,0.48534,0.48534
2025-12-24T21:00:00Z,PIPPINUSDT,-0.001456321233114053,0.48873,0.48873
2025-12-24T22:00:00Z,PIPPINUSDT,-0.00136081386672503,0.48873,0.48873
2025-12-24T23:00:00Z,PIPPINUSDT,-0.000868407380660262,0.48873,0.48873
2025-12-25T00:00:00Z,PIPPINUSDT,-0.000624888311529026,0.48752,0.48752
2025-12-25T01:00:00Z,PIPPINUSDT,-0.000731555859047587,0.49053,0.49053
2025-12-25T02:00:00Z,PIPPINUSDT,-0.001717789856520983,0.49053,0.49053
2025-12-25T03:00:00Z,PIPPINUSDT,-0.001070068578470081,0.49053,0.49053
2025-12-25T04:00:00Z,PIPPINUSDT,-0.001081857031462372,0.49,0.49
2025-12-25T05:00:00Z,PIPPINUSDT,-0.000990963892434329,0.48046,0.48046
2025-12-25T06:00:00Z,PIPPINUSDT,-0.001012227443572551,0.48046,0.48046
2025-12-25T07:00:00Z,PIPPINUSDT,-0.001443800826618763,0.48046,0.48046
2025-12-25T08:00:00Z,PIPPINUSDT,-0.00127071255634521,0.48052,0.48052
2025-12-25T09:00:00Z,PIPPINUSDT,-0.000928255740357055,0.48802,0.48802
2025-12-25T10:00:00Z,PIPPINUSDT,-0.000875005890176153,0.48802,0.48802
2025-12-25T11:00:00Z,PIPPINUSDT,-0.000986711738001149,0.48802,0.48802
2025-12-25T12:00:00Z,PIPPINUSDT,-0.000805994799705215,0.48724,0.48724
2025-12-25T13:00:00Z,PIPPINUSDT,-0.00059404838060156,0.51882,0.51882
2025-12-25T14:00:00Z,PIPPINUSDT,-0.000507288348763975,0.51882,0.51882
2025-12-25T15:00:00Z,PIPPINUSDT,-0.000468613417756365,0.51882,0.51882
2025-12-25T16:00:00Z,PIPPINUSDT,-0.000522092870687409,0.51841,0.51841
2025-12-25T17:00:00Z,PIPPINUSDT,-0.000914293403412659,0.49804,0.49804
2025-12-25T18:00:00Z,PIPPINUSDT,-0.000865864169285962,0.49804,0.49804
2025-12-25T19:00:00Z,PIPPINUSDT,-0.000612151209630632,0.49804,0.49804
2025-12-25T20:00:00Z,PIPPINUSDT,-0.000484572319954146,0.49799,0.49799
2025-12-25T21:00:00Z,PIPPINUSDT,-0.000655523424659595,0.50417,0.50417
2025-12-25T22:00:00Z,PIPPINUSDT,-0.000490041705919537,0.50417,0.50417
2025-12-25T23:00:00Z,PIPPINUSDT,-0.001047957778920932,0.50417,0.50417
2025-12-26T00:00:00Z,PIPPINUSDT,-0.001530902379902198,0.50482,0.50482
2025-12-26T01:00:00Z,PIPPINUSDT,-0.00176695069618,0.50294,0.50294
2025-12-26T02:00:00Z,PIPPINUSDT,-0.00194295832252522,0.50294,0.50294
2025-12-26T03:00:00Z,PIPPINUSDT,-0.001568641324587501,0.50294,0.50294
2025-12-26T04:00:00Z,PIPPINUSDT,-0.000915806216542184,0.50307,0.50307
2025-12-26T05:00:00Z,PIPPINUSDT,-0.001373750564716487,0.50466,0.50466
2025-12-26T06:00:00Z,PIPPINUSDT,-0.002122992465004293,0.50466,0.50466
2025-12-26T07:00:00Z,PIPPINUSDT,-0.001672057495566141,0.50466,0.50466
2025-12-26T08:00:00Z,PIPPINUSDT,-0.001105557258659603,0.50429,0.50429
2025-12-26T09:00:00Z,PIPPINUSDT,-0.001122097259222815,0.49513,0.49513
2025-12-26T10:00:00Z,PIPPINUSDT,-0.001254641437668433,0.49513,0.49513
2025-12-26T11:00:00Z,PIPPINUSDT,-0.000883983785329399,0.49513,0.49513
2025-12-26T12:00:00Z,PIPPINUSDT,-0.000550466239270296,0.49422,0.49422
2025-12-26T13:00:00Z,PIPPINUSDT,-0.000641579749452434,0.4868,0.4868
2025-12-26T14:00:00Z,PIPPINUSDT,-0.001051306636468843,0.4868,0.4868
2025-12-26T15:00:00Z,PIPPINUSDT,-0.001120337484819496,0.4868,0.4868
2025-12-26T16:00:00Z,PIPPINUSDT,-0.000601301306073891,0.48512,0.48512
2025-12-26T17:00:00Z,PIPPINUSDT,-0.000609704806596791,0.47239,0.47239
2025-12-26T18:00:00Z,PIPPINUSDT,-0.000593190603101306,0.47239,0.47239
2025-12-26T19:00:00Z,PIPPINUSDT,-0.000669272686075966,0.47239,0.47239
2025-12-26T20:00:00Z,PIPPINUSDT,-0.001449988470853598,0.472,0.472
2025-12-26T21:00:00Z,PIPPINUSDT,-0.001288717442015586,0.48998,0.48998
2025-12-26T22:00:00Z,PIPPINUSDT,-0.001541570959702688,0.48998,0.48998
2025-12-26T23:00:00Z,PIPPINUSDT,-0.001547456628929626,0.48998,0.48998
2025-12-27T00:00:00Z,PIPPINUSDT,-0.001774580868262161,0.48927,0.48927
2025-12-27T01:00:00Z,PIPPINUSDT,-0.001365005905645215,0.48556,0.48556
2025-12-27T02:00:00Z,PIPPINUSDT,-0.000950361145709377,0.48556,0.48556
2025-12-27T03:00:00Z,PIPPINUSDT,-0.000753116447592022,0.48556,0.48556
2025-12-27T04:00:00Z,PIPPINUSDT,-0.000650686335000151,0.48605,0.48605
2025-12-27T05:00:00Z,PIPPINUSDT,-0.000664530829287293,0.48123,0.48123
2025-12-27T06:00:00Z,PIPPINUSDT,-0.000659288188920366,0.48123,0.48123
2025-12-27T07:00:00Z,PIPPINUSDT,-0.000670756031788185,0.48123,0.48123
2025-12-27T08:00:00Z,PIPPINUSDT,-0.000661077164909734,0.48127,0.48127
2025-12-27T09:00:00Z,PIPPINUSDT,-0.000744786615006761,0.46874,0.46874
2025-12-27T10:00:00Z,PIPPINUSDT,-0.000756238348236801,0.46874,0.46874
2025-12-27T11:00:00Z,PIPPINUSDT,-0.000506366933872564,0.46874,0.46874
2025-12-27T12:00:00Z,PIPPINUSDT,-0.000497190008076559,0.46895,0.46895
2025-12-27T13:00:00Z,PIPPINUSDT,-0.000401421771565944,0.46246,0.46246
2025-12-27T14:00:00Z,PIPPINUSDT,-0.000468484911036222,0.46246,0.46246
2025-12-27T15:00:00Z,PIPPINUSDT,-0.000748114154164233,0.46246,0.46246
2025-12-27T16:00:00Z,PIPPINUSDT,-0.000553166207498546,0.46256,0.46256
2025-12-27T17:00:00Z,PIPPINUSDT,-0.000521076459997842,0.47091,0.47091
2025-12-27T18:00:00Z,PIPPINUSDT,-0.000806275492433281,0.47091,0.47091
2025-12-27T19:00:00Z,PIPPINUSDT,-0.000564383356946761,0.47091,0.47091
2025-12-27T20:00:00Z,PIPPINUSDT,-0.000590818011501071,0.47115,0.47115
2025-12-27T21:00:00Z,PIPPINUSDT,-0.000532502411101356,0.46547,0.46547
2025-12-27T22:00:00Z,PIPPINUSDT,-0.000510108897015401,0.46547,0.46547
2025-12-27T23:00:00Z,PIPPINUSDT,-0.000414290215789767,0.46547,0.46547
2025-12-28T00:00:00Z,PIPPINUSDT,-0.000514992422251298,0.4657,0.4657
2025-12-28T01:00:00Z,PIPPINUSDT,-0.000608715606208285,0.46166,0.46166
2025-12-28T02:00:00Z,PIPPINUSDT,-0.000536203390280902,0.46166,0.46166
2025-12-28T03:00:00Z,PIPPINUSDT,-0.000378743052676498,0.46166,0.46166
2025-12-28T04:00:00Z,PIPPINUSDT,-0.00038707597942404,0.46144,0.46144
2025-12-28T05:00:00Z,PIPPINUSDT,-0.000365319767443381,0.43375,0.43375
2025-12-28T06:00:00Z,PIPPINUSDT,-0.000368578810879313,0.43375,0.43375
2025-12-28T07:00:00Z,PIPPINUSDT,-0.000669381059429881,0.43375,0.43375
2025-12-28T08:00:00Z,PIPPINUSDT,-0.001028248786151263,0.4335,0.4335
2025-12-28T09:00:00Z,PIPPINUSDT,-0.001240077899972234,0.43623,0.43623
2025-12-28T10:00:00Z,PIPPINUSDT,-0.001287785032606064,0.43623,0.43623
2025-12-28T11:00:00Z,PIPPINUSDT,-0.001528743765644204,0.43623,0.43623
2025-12-28T12:00:00Z,PIPPINUSDT,-0.001454641870915159,0.43604,0.43604
2025-12-28T13:00:00Z,PIPPINUSDT,-0.001440757641359071,0.43539,0.43539
2025-12-28T14:00:00Z,PIPPINUSDT,-0.001432668343248084,0.43539,0.43539
2025-12-28T15:00:00Z,PIPPINUSDT,-0.001497539631422543,0.43539,0.43539
2025-12-28T16:00:00Z,PIPPINUSDT,-0.00123924972911149,0.43483,0.43483
2025-12-28T17:00:00Z,PIPPINUSDT,-0.000828790044266915,0.42639,0.42639
2025-12-28T18:00:00Z,PIPPINUSDT,-0.000780220878613952,0.42639,0.42639
2025-12-28T19:00:00Z,PIPPINUSDT,-0.000824538994785077,0.42639,0.42639
2025-12-28T20:00:00Z,PIPPINUSDT,-0.000772159409600693,0.42636,0.42636
2025-12-28T21:00:00Z,PIPPINUSDT,-0.000485050984484131,0.41759,0.41759
2025-12-28T22:00:00Z,PIPPINUSDT,-0.000447863300628831,0.41759,0.41759
2025-12-28T23:00:00Z,PIPPINUSDT,-0.000665076344104715,0.41759,0.41759
2025-12-29T00:00:00Z,PIPPINUSDT,-0.000617682244149519,0.41768,0.41768
2025-12-29T01:00:00Z,PIPPINUSDT,-0.000413210643016558,0.423,0.423
2025-12-29T02:00:00Z,PIPPINUSDT,-0.000701807621315303,0.423,0.423
2025-12-29T03:00:00Z,PIPPINUSDT,-0.000727754269173582,0.423,0.423
2025-12-29T04:00:00Z,PIPPINUSDT,-0.00084455543828839,0.42232,0.42232
2025-12-29T05:00:00Z,PIPPINUSDT,-0.000792108662613764,0.4045,0.4045
2025-12-29T06:00:00Z,PIPPINUSDT,-0.000896068159205713,0.4045,0.4045
2025-12-29T07:00:00Z,PIPPINUSDT,-0.001016805449713646,0.4045,0.4045
2025-12-29T08:00:00Z,PIPPINUSDT,-0.000754324407407467,0.40427,0.40427
2025-12-29T09:00:00Z,PIPPINUSDT,-0.000681797197264553,0.43577,0.43577
2025-12-29T10:00:00Z,PIPPINUSDT,-0.000719170502935154,0.43577,0.43577
2025-12-29T11:00:00Z,PIPPINUSDT,-0.000590035077945105,0.43577,0.43577
2025-12-29T12:00:00Z,PIPPINUSDT,-0.000915543450660828,0.43513,0.43513
2025-12-29T13:00:00Z,PIPPINUSDT,-0.001148603448590446,0.42256,0.42256
2025-12-29T14:00:00Z,PIPPINUSDT,-0.001091288675448307,0.42256,0.42256
2025-12-29T15:00:00Z,PIPPINUSDT,-0.001321723884831427,0.42256,0.42256
2025-12-29T16:00:00Z,PIPPINUSDT,-0.00129629850666244,0.42212,0.42212
2025-12-29T17:00:00Z,PIPPINUSDT,-0.001039584691063261,0.42148,0.42148
2025-12-29T18:00:00Z,PIPPINUSDT,-0.001093265728679821,0.42148,0.42148
2025-12-29T19:00:00Z,PIPPINUSDT,-0.001015509586910252,0.42148,0.42148
2025-12-29T20:00:00Z,PIPPINUSDT,-0.000993644029030794,0.42149,0.42149
2025-12-29T21:00:00Z,PIPPINUSDT,-0.000922386422141717,0.4204,0.4204
2025-12-29T22:00:00Z,PIPPINUSDT,-0.000777427402790759,0.4204,0.4204
2025-12-29T23:00:00Z,PIPPINUSDT,-0.000615050583074037,0.4204,0.4204
2025-12-30T00:00:00Z,PIPPINUSDT,-0.000756603665957416,0.42039,0.42039
2025-12-30T01:00:00Z,PIPPINUSDT,-0.000692819523912889,0.42443,0.42443
2025-12-30T02:00:00Z,PIPPINUSDT,-0.0008086906193307,0.42443,0.42443
2025-12-30T03:00:00Z,PIPPINUSDT,-0.000785772625817735,0.42443,0.42443
2025-12-30T04:00:00Z,PIPPINUSDT,-0.00112171656621829,0.42403,0.42403
2025-12-30T05:00:00Z,PIPPINUSDT,-0.000895044445582009,0.44417,0.44417
2025-12-30T06:00:00Z,PIPPINUSDT,-0.000773294974158973,0.44417,0.44417
2025-12-30T07:00:00Z,PIPPINUSDT,-0.000859842073296671,0.44417,0.44417
2025-12-30T08:00:00Z,PIPPINUSDT,-0.000934058154245708,0.4439,0.4439
2025-12-30T09:00:00Z,PIPPINUSDT,-0.000660844271322985,0.4332,0.4332
2025-12-30T10:00:00Z,PIPPINUSDT,-0.000624005949366099,0.4332,0.4332
2025-12-30T11:00:00Z,PIPPINUSDT,-0.000540686470849176,0.4332,0.4332
2025-12-30T12:00:00Z,PIPPINUSDT,-0.000389598824772385,0.43388,0.43388
2025-12-30T13:00:00Z,PIPPINUSDT,-0.000229757836379296,0.41691,0.41691
2025-12-30T14:00:00Z,PIPPINUSDT,-0.000170280752608973,0.41691,0.41691
2025-12-30T15:00:00Z,PIPPINUSDT,-0.000123942520375354,0.41691,0.41691
2025-12-30T16:00:00Z,PIPPINUSDT,-0.000133099933297145,0.41667,0.41667
2025-12-30T17:00:00Z,PIPPINUSDT,-0.000005818342824404,0.41204,0.41204
2025-12-30T18:00:00Z,PIPPINUSDT,-0.000165754619642216,0.41204,0.41204
2025-12-30T19:00:00Z,PIPPINUSDT,-0.000181026968763636,0.41204,0.41204
2025-12-30T20:00:00Z,PIPPINUSDT,-0.000264318119476379,0.41257,0.41257
2025-12-30T21:00:00Z,PIPPINUSDT,-0.000306543730163166,0.41156,0.41156
2025-12-30T22:00:00Z,PIPPINUSDT,-0.000318778034784007,0.41156,0.41156
2025-12-30T23:00:00Z,PIPPINUSDT,-0.000304733425393482,0.41156,0.41156
2025-12-31T00:00:00Z,PIPPINUSDT,-0.000261715889517775,0.41089,0.41089
2025-12-31T01:00:00Z,PIPPINUSDT,-0.000255370536053674,0.41435,0.41435
2025-12-31T02:00:00Z,PIPPINUSDT,-0.000388697486828008,0.41435,0.41435
2025-12-31T03:00:00Z,PIPPINUSDT,-0.000356829970986223,0.41435,0.41435
2025-12-31T04:00:00Z,PIPPINUSDT,-0.000269600814233896,0.4145,0.4145
2025-12-31T05:00:00Z,PIPPINUSDT,-0.000191922256875707,0.40869,0.40869
2025-12-31T06:00:00Z,PIPPINUSDT,-0.000206750467589169,0.40869,0.40869
2025-12-31T07:00:00Z,PIPPINUSDT,-0.000485152493648436,0.40869,0.40869
2025-12-31T08:00:00Z,PIPPINUSDT,-0.000460737778466375,0.4087,0.4087
2025-12-31T09:00:00Z,PIPPINUSDT,-0.000311655069724272,0.38349,0.38349
2025-12-31T10:00:00Z,PIPPINUSDT,-0.000302938188971473,0.38349,0.38349
2025-12-31T11:00:00Z,PIPPINUSDT,-0.00041920359564554,0.38349,0.38349
2025-12-31T12:00:00Z,PIPPINUSDT,-0.000241603003922958,0.38299,0.38299
2025-12-31T13:00:00Z,PIPPINUSDT,-0.000041963337734236,0.37372,0.37372
2025-12-31T14:00:00Z,PIPPINUSDT,0.0000125,0.37372,0.37372
2025-12-31T15:00:00Z,PIPPINUSDT,-0.000118501447823358,0.37372,0.37372
2025-12-31T16:00:00Z,PIPPINUSDT,-0.000041280244675759,0.37384,0.37384
2025-12-31T17:00:00Z,PIPPINUSDT,-0.000166419980260961,0.38788,0.38788
2025-12-31T18:00:00Z,PIPPINUSDT,-0.000291348268442822,0.38788,0.38788
2025-12-31T19:00:00Z,PIPPINUSDT,-0.000267246720581164,0.38788,0.38788
2025-12-31T20:00:00Z,PIPPINUSDT,-0.000334168228325139,0.38838,0.38838
2025-12-31T21:00:00Z,PIPPINUSDT,-0.00018441298768301,0.39018,0.39018
2025-12-31T22:00:00Z,PIPPINUSDT,-0.000240718833423946,0.39018,0.39018
2025-12-31T23:00:00Z,PIPPINUSDT,-0.00020595621903265,0.39018,0.39018
2026-01-01T00:00:00Z,PIPPINUSDT,-0.000133328979163067,0.38998,0.38998
2026-01-01T01:00:00Z,PIPPINUSDT,-0.000077073948989636,0.3911,0.3911
2026-01-01T02:00:00Z,PIPPINUSDT,-0.000217141609610254,0.3911,0.3911
2026-01-01T03:00:00Z,PIPPINUSDT,-0.000089359646799182,0.3911,0.3911
2026-01-01T04:00:00Z,PIPPINUSDT,-0.000101641887613701,0.39116,0.39116
2026-01-01T05:00:00Z,PIPPINUSDT,-0.000140332847320579,0.39431,0.39431
2026-01-01T06:00:00Z,PIPPINUSDT,-0.00017272308610514,0.39431,0.39431
2026-01-01T07:00:00Z,PIPPINUSDT,-0.000012406307695385,0.39431,0.39431
2026-01-01T08:00:00Z,PIPPINUSDT,0.0000125,0.39502,0.39502
2026-01-01T09:00:00Z,PIPPINUSDT,-0.000003337899105379,0.39396,0.39396
2026-01-01T10:00:00Z,PIPPINUSDT,-0.000098506689944257,0.39396,0.39396
2026-01-01T11:00:00Z,PIPPINUSDT,-0.000051689452667188,0.39396,0.39396
2026-01-01T12:00:00Z,PIPPINUSDT,-0.000100068396784906,0.395,0.395
2026-01-01T13:00:00Z,PIPPINUSDT,-0.000346853211459689,0.39836,0.39836
2026-01-01T14:00:00Z,PIPPINUSDT,-0.000136090380080601,0.39836,0.39836
2026-01-01T15:00:00Z,PIPPINUSDT,-0.000201151397846236,0.39836,0.39836
2026-01-01T16:00:00Z,PIPPINUSDT,-0.000355637826393819,0.39875,0.39875
2026-01-01T17:00:00Z,PIPPINUSDT,-0.000325603687657593,0.39191,0.39191
2026-01-01T18:00:00Z,PIPPINUSDT,-0.000037171249799215,0.39191,0.39191
2026-01-01T19:00:00Z,PIPPINUSDT,0.0000125,0.39191,0.39191
2026-01-01T20:00:00Z,PIPPINUSDT,0.0000125,0.39168,0.39168
2026-01-01T21:00:00Z,PIPPINUSDT,0.0000125,0.39171,0.39171
2026-01-01T22:00:00Z,PIPPINUSDT,0.000006961131888323,0.39171,0.39171
2026-01-01T23:00:00Z,PIPPINUSDT,0.0000125,0.39171,0.39171
2026-01-02T00:00:00Z,PIPPINUSDT,0.000007718172950581,0.39194,0.39194
2026-01-02T01:00:00Z,PIPPINUSDT,-0.000021127581712837,0.388,0.388
2026-01-02T02:00:00Z,PIPPINUSDT,-0.000032712126565392,0.388,0.388
2026-01-02T03:00:00Z,PIPPINUSDT,-0.000132783200883637,0.388,0.388
2026-01-02T04:00:00Z,PIPPINUSDT,-0.000264980640218706,0.38803,0.38803
2026-01-02T05:00:00Z,PIPPINUSDT,-0.000351616938256275,0.38779,0.38779
2026-01-02T06:00:00Z,PIPPINUSDT,-0.000423821358898629,0.38779,0.38779
2026-01-02T07:00:00Z,PIPPINUSDT,-0.000492332755019616,0.38779,0.38779
2026-01-02T08:00:00Z,PIPPINUSDT,-0.000606843482939742,0.3875,0.3875
2026-01-02T09:00:00Z,PIPPINUSDT,-0.000424548121811341,0.37502,0.37502
2026-01-02T10:00:00Z,PIPPINUSDT,-0.000199174502185624,0.37502,0.37502
2026-01-02T11:00:00Z,PIPPINUSDT,-0.000240236929199444,0.37502,0.37502
2026-01-02T12:00:00Z,PIPPINUSDT,-0.000201517871101185,0.37502,0.37502
2026-01-02T13:00:00Z,PIPPINUSDT,-0.000227427327522745,0.37138,0.37138
2026-01-02T14:00:00Z,PIPPINUSDT,-0.000249791940421065,0.37138,0.37138
2026-01-02T15:00:00Z,PIPPINUSDT,-0.000274026623641766,0.37138,0.37138
2026-01-02T16:00:00Z,PIPPINUSDT,-0.000238016335207809,0.3713,0.3713
2026-01-02T17:00:00Z,PIPPINUSDT,-0.000268781616369446,0.39665,0.39665
2026-01-02T18:00:00Z,PIPPINUSDT,-0.000513939538683161,0.39665,0.39665
2026-01-02T19:00:00Z,PIPPINUSDT,-0.000467773848006737,0.39665,0.39665
2026-01-02T20:00:00Z,PIPPINUSDT,-0.00028612111169278,0.39668,0.39668
2026-01-02T21:00:00Z,PIPPINUSDT,-0.000030571068557587,0.37312,0.37312
2026-01-02T22:00:00Z,PIPPINUSDT,0.0000125,0.37312,0.37312
2026-01-02T23:00:00Z,PIPPINUSDT,0.0000125,0.37312,0.37312
2026-01-03T00:00:00Z,PIPPINUSDT,0.0000125,0.37301,0.37301
2026-01-03T01:00:00Z,PIPPINUSDT,0.0000125,0.37494,0.37494
2026-01-03T02:00:00Z,PIPPINUSDT,0.0000125,0.37494,0.37494
2026-01-03T03:00:00Z,PIPPINUSDT,0.0000125,0.37494,0.37494
2026-01-03T04:00:00Z,PIPPINUSDT,0.0000125,0.37497,0.37497
2026-01-03T05:00:00Z,PIPPINUSDT,-0.000012668408422841,0.3867,0.3867
2026-01-03T06:00:00Z,PIPPINUSDT,-0.000067786089628717,0.3867,0.3867
2026-01-03T07:00:00Z,PIPPINUSDT,-0.000066420321843651,0.3867,0.3867
2026-01-03T08:00:00Z,PIPPINUSDT,-0.000097486929069286,0.38687,0.38687
2026-01-03T09:00:00Z,PIPPINUSDT,-0.000248589566620798,0.39511,0.39511
2026-01-03T10:00:00Z,PIPPINUSDT,-0.000274566853352291,0.39511,0.39511
2026-01-03T11:00:00Z,PIPPINUSDT,-0.0002565609683998,0.39511,0.39511
2026-01-03T12:00:00Z,PIPPINUSDT,-0.000165041474129924,0.39508,0.39508
2026-01-03T13:00:00Z,PIPPINUSDT,-0.00002875075482035,0.39856,0.39856
2026-01-03T14:00:00Z,PIPPINUSDT,0.0000125,0.39856,0.39856
2026-01-03T15:00:00Z,PIPPINUSDT,0.0000125,0.39856,0.39856
2026-01-03T16:00:00Z,PIPPINUSDT,0.0000125,0.39853,0.39853
2026-01-03T17:00:00Z,PIPPINUSDT,0.0000125,0.42813,0.42813
2026-01-03T18:00:00Z,PIPPINUSDT,0.0000125,0.42813,0.42813
2026-01-03T19:00:00Z,PIPPINUSDT,0.0000125,0.42813,0.42813
2026-01-03T20:00:00Z,PIPPINUSDT,0.0000125,0.42804,0.42804
2026-01-03T21:00:00Z,PIPPINUSDT,-0.000033851469765863,0.42362,0.42362
2026-01-03T22:00:00Z,PIPPINUSDT,0.0000125,0.42362,0.42362
2026-01-03T23:00:00Z,PIPPINUSDT,0.0000125,0.42362,0.42362
2026-01-04T00:00:00Z,PIPPINUSDT,0.0000125,0.42374,0.42374
2026-01-04T01:00:00Z,PIPPINUSDT,0.0002352748886975,0.46402,0.46402
2026-01-04T02:00:00Z,PIPPINUSDT,-0.000397018790023701,0.46402,0.46402
2026-01-04T03:00:00Z,PIPPINUSDT,-0.000822226470596834,0.46402,0.46402
2026-01-04T04:00:00Z,PIPPINUSDT,-0.000712713117511788,0.46301,0.46301
2026-01-04T05:00:00Z,PIPPINUSDT,-0.000850852351858591,0.48239,0.48239
2026-01-04T06:00:00Z,PIPPINUSDT,-0.000899740283559895,0.48239,0.48239
2026-01-04T07:00:00Z,PIPPINUSDT,-0.000948317644135585,0.48239,0.48239
2026-01-04T08:00:00Z,PIPPINUSDT,-0.000777012124210445,0.48179,0.48179
2026-01-04T09:00:00Z,PIPPINUSDT,-0.000630906114268017,0.48205,0.48205
2026-01-04T10:00:00Z,PIPPINUSDT,-0.000594304731257734,0.48205,0.48205
2026-01-04T11:00:00Z,PIPPINUSDT,-0.000817150050088851,0.48205,0.48205
2026-01-04T12:00:00Z,PIPPINUSDT,-0.000991562347724706,0.48194,0.48194
2026-01-04T13:00:00Z,PIPPINUSDT,-0.000819359810035334,0.48394,0.48394
2026-01-04T14:00:00Z,PIPPINUSDT,-0.000851770132043298,0.48394,0.48394
2026-01-04T15:00:00Z,PIPPINUSDT,-0.0009278057359644,0.48394,0.48394
2026-01-04T16:00:00Z,PIPPINUSDT,-0.001104824001741926,0.48406,0.48406
2026-01-04T17:00:00Z,PIPPINUSDT,-0.001154089949985501,0.49165,0.49165
2026-01-04T18:00:00Z,PIPPINUSDT,-0.001318716197333092,0.49165,0.49165
2026-01-04T19:00:00Z,PIPPINUSDT,-0.00157283071005018,0.49165,0.49165
2026-01-04T20:00:00Z,PIPPINUSDT,-0.001962077488379803,0.4913,0.4913
2026-01-04T21:00:00Z,PIPPINUSDT,-0.003014910375373301,0.4902,0.4902
2026-01-04T22:00:00Z,PIPPINUSDT,-0.003598543609430459,0.4902,0.4902
2026-01-04T23:00:00Z,PIPPINUSDT,-0.005652199448378654,0.4902,0.4902
2026-01-05T00:00:00Z,PIPPINUSDT,-0.005670434709619825,0.49021,0.49021
2026-01-05T01:00:00Z,PIPPINUSDT,-0.006709278859868235,0.47146,0.47146
2026-01-05T02:00:00Z,PIPPINUSDT,-0.008854966627326041,0.47146,0.47146
2026-01-05T03:00:00Z,PIPPINUSDT,-0.007968377371735232,0.47146,0.47146
2026-01-05T04:00:00Z,PIPPINUSDT,-0.008524511975287786,0.47169,0.47169
2026-01-05T05:00:00Z,PIPPINUSDT,-0.006942277859109934,0.42602,0.42602
2026-01-05T06:00:00Z,PIPPINUSDT,-0.006396672643272545,0.42602,0.42602
2026-01-05T07:00:00Z,PIPPINUSDT,-0.00630870923521596,0.42602,0.42602
2026-01-05T08:00:00Z,PIPPINUSDT,-0.006236705808392217,0.42579,0.42579
2026-01-05T09:00:00Z,PIPPINUSDT,-0.006373030338416433,0.37585,0.37585
2026-01-05T10:00:00Z,PIPPINUSDT,-0.005137844782801175,0.37585,0.37585
2026-01-05T11:00:00Z,PIPPINUSDT,-0.003377511038014916,0.37585,0.37585
2026-01-05T12:00:00Z,PIPPINUSDT,-0.003423971223556083,0.37585,0.37585
2026-01-05T13:00:00Z,PIPPINUSDT,-0.002452846460897755,0.3482,0.3482
2026-01-05T14:00:00Z,PIPPINUSDT,-0.002101720903134448,0.3482,0.3482
2026-01-05T15:00:00Z,PIPPINUSDT,-0.001977831846852197,0.3482,0.3482
2026-01-05T16:00:00Z,PIPPINUSDT,-0.003878681265281333,0.34813,0.34813
2026-01-05T17:00:00Z,PIPPINUSDT,-0.002378010365110436,0.34526,0.34526
2026-01-05T18:00:00Z,PIPPINUSDT,-0.002105679288502697,0.34526,0.34526
2026-01-05T19:00:00Z,PIPPINUSDT,-0.001571550304397712,0.34526,0.34526
2026-01-05T20:00:00Z,PIPPINUSDT,-0.00136747856075386,0.3453,0.3453
2026-01-05T21:00:00Z,PIPPINUSDT,-0.000708044210024921,0.34178,0.34178
2026-01-05T22:00:00Z,PIPPINUSDT,-0.000691675916776086,0.34178,0.34178
2026-01-05T23:00:00Z,PIPPINUSDT,-0.001028823585251873,0.34178,0.34178
2026-01-06T00:00:00Z,PIPPINUSDT,-0.000828356490483819,0.34139,0.34139
2026-01-06T01:00:00Z,PIPPINUSDT,-0.000268327215432745,0.33938,0.33938
2026-01-06T02:00:00Z,PIPPINUSDT,-0.000670076170860521,0.33938,0.33938
2026-01-06T03:00:00Z,PIPPINUSDT,-0.000785778412503747,0.33938,0.33938
2026-01-06T04:00:00Z,PIPPINUSDT,-0.000505931822704887,0.33972,0.33972
2026-01-06T05:00:00Z,PIPPINUSDT,-0.000504280852817445,0.33988,0.33988
2026-01-06T06:00:00Z,PIPPINUSDT,-0.000260047150259742,0.33988,0.33988
2026-01-06T07:00:00Z,PIPPINUSDT,-0.000182054902439057,0.33988,0.33988
2026-01-06T08:00:00Z,PIPPINUSDT,-0.000266361673546567,0.33988,0.33988
2026-01-06T09:00:00Z,PIPPINUSDT,-0.001877287339067227,0.32534,0.32534
2026-01-06T10:00:00Z,PIPPINUSDT,-0.001013107761074166,0.32534,0.32534
2026-01-06T11:00:00Z,PIPPINUSDT,-0.000892759235020119,0.32534,0.32534
2026-01-06T12:00:00Z,PIPPINUSDT,-0.00091050717803523,0.32521,0.32521
2026-01-06T13:00:00Z,PIPPINUSDT,-0.000677372507034164,0.35213,0.35213
2026-01-06T14:00:00Z,PIPPINUSDT,-0.000877687256067406,0.35213,0.35213
2026-01-06T15:00:00Z,PIPPINUSDT,-0.001340032846654773,0.35213,0.35213
2026-01-06T16:00:00Z,PIPPINUSDT,-0.001602836939623295,0.35159,0.35159
2026-01-06T17:00:00Z,PIPPINUSDT,-0.003081139307077295,0.33034,0.33034
2026-01-06T18:00:00Z,PIPPINUSDT,-0.001995231161042807,0.33034,0.33034
2026-01-06T19:00:00Z,PIPPINUSDT,-0.00191483656625877,0.33034,0.33034
2026-01-06T20:00:00Z,PIPPINUSDT,-0.001968434648844748,0.33011,0.33011
2026-01-06T21:00:00Z,PIPPINUSDT,-0.002104831883279705,0.32702,0.32702
2026-01-06T22:00:00Z,PIPPINUSDT,-0.00203017737009971,0.32702,0.32702
2026-01-06T23:00:00Z,PIPPINUSDT,-0.002512748377674475,0.32702,0.32702
2026-01-07T00:00:00Z,PIPPINUSDT,-0.002157451910570341,0.32717,0.32717
2026-01-07T01:00:00Z,PIPPINUSDT,-0.00233744815043968,0.33119,0.33119
2026-01-07T02:00:00Z,PIPPINUSDT,-0.002256354790899414,0.33119,0.33119
2026-01-07T03:00:00Z,PIPPINUSDT,-0.001786275272241129,0.33119,0.33119
2026-01-07T04:00:00Z,PIPPINUSDT,-0.002011761942447459,0.33079,0.33079
2026-01-07T05:00:00Z,PIPPINUSDT,-0.001757961281166609,0.32653,0.32653
2026-01-07T06:00:00Z,PIPPINUSDT,-0.001935636999240501,0.32653,0.32653
2026-01-07T07:00:00Z,PIPPINUSDT,-0.001756696672039979,0.32653,0.32653
2026-01-07T08:00:00Z,PIPPINUSDT,-0.001513876981539987,0.32647,0.32647
2026-01-07T09:00:00Z,PIPPINUSDT,-0.002048703135761617,0.32392,0.32392
2026-01-07T10:00:00Z,PIPPINUSDT,-0.002279026266063334,0.32392,0.32392
2026-01-07T11:00:00Z,PIPPINUSDT,-0.002093043080073457,0.32392,0.32392
2026-01-07T12:00:00Z,PIPPINUSDT,-0.002231769128987422,0.32379,0.32379
2026-01-07T13:00:00Z,PIPPINUSDT,-0.002219239574360835,0.28743,0.28743
2026-01-07T14:00:00Z,PIPPINUSDT,-0.001866394592123443,0.28743,0.28743
2026-01-07T15:00:00Z,PIPPINUSDT,-0.001678485925504091,0.28743,0.28743
2026-01-07T16:00:00Z,PIPPINUSDT,-0.001428455284129335,0.28688,0.28688
2026-01-07T17:00:00Z,PIPPINUSDT,-0.0014349212097342,0.2447,0.2447
2026-01-07T18:00:00Z,PIPPINUSDT,-0.001303589051885717,0.2447,0.2447
2026-01-07T19:00:00Z,PIPPINUSDT,-0.000815667974336649,0.2447,0.2447
2026-01-07T20:00:00Z,PIPPINUSDT,-0.001375154678066422,0.24447,0.24447
2026-01-07T21:00:00Z,PIPPINUSDT,-0.001195019084546969,0.27917,0.27917
2026-01-07T22:00:00Z,PIPPINUSDT,-0.001228628304811145,0.27917,0.27917
2026-01-07T23:00:00Z,PIPPINUSDT,-0.000663933596676726,0.27917,0.27917
2026-01-08T00:00:00Z,PIPPINUSDT,-0.00059561989850469,0.27869,0.27869
2026-01-08T01:00:00Z,PIPPINUSDT,-0.00042845301127713,0.28883,0.28883
2026-01-08T02:00:00Z,PIPPINUSDT,-0.000520841628811338,0.28883,0.28883
2026-01-08T03:00:00Z,PIPPINUSDT,-0.0005379837962459,0.28883,0.28883
2026-01-08T04:00:00Z,PIPPINUSDT,-0.000585401740661328,0.28928,0.28928
2026-01-08T05:00:00Z,PIPPINUSDT,-0.000441083912711745,0.28317,0.28317
2026-01-08T06:00:00Z,PIPPINUSDT,-0.000270559829404459,0.28317,0.28317
2026-01-08T07:00:00Z,PIPPINUSDT,-0.000111284715065528,0.28317,0.28317
2026-01-08T08:00:00Z,PIPPINUSDT,-0.000115229076436501,0.28314,0.28314
2026-01-08T09:00:00Z,PIPPINUSDT,-0.00013316378125679,0.2994,0.2994
2026-01-08T10:00:00Z,PIPPINUSDT,-0.000132200347743889,0.2994,0.2994
2026-01-08T11:00:00Z,PIPPINUSDT,-0.000171489902502501,0.2994,0.2994
2026-01-08T12:00:00Z,PIPPINUSDT,-0.000139681301881003,0.3,0.3
2026-01-08T13:00:00Z,PIPPINUSDT,-0.000181739523949025,0.3465,0.3465
2026-01-08T14:00:00Z,PIPPINUSDT,-0.00008850115985802,0.3465,0.3465
2026-01-08T15:00:00Z,PIPPINUSDT,0.0000125,0.3465,0.3465
2026-01-08T16:00:00Z,PIPPINUSDT,-0.000062589462960243,0.34695,0.34695
2026-01-08T17:00:00Z,PIPPINUSDT,-0.000171346190148381,0.37671,0.37671
2026-01-08T18:00:00Z,PIPPINUSDT,-0.000367442649106197,0.37671,0.37671
2026-01-08T19:00:00Z,PIPPINUSDT,-0.000733980682689429,0.37671,0.37671
2026-01-08T20:00:00Z,PIPPINUSDT,-0.000391074161618518,0.37722,0.37722
2026-01-08T21:00:00Z,PIPPINUSDT,-0.000340958625487382,0.37122,0.37122
2026-01-08T22:00:00Z,PIPPINUSDT,-0.000454373463664013,0.37122,0.37122
2026-01-08T23:00:00Z,PIPPINUSDT,-0.000315301830390302,0.37122,0.37122
2026-01-09T00:00:00Z,PIPPINUSDT,-0.000426612076960351,0.37148,0.37148
2026-01-09T01:00:00Z,PIPPINUSDT,-0.000284508123625911,0.36353,0.36353
2026-01-09T02:00:00Z,PIPPINUSDT,-0.000102732982260663,0.36353,0.36353
2026-01-09T03:00:00Z,PIPPINUSDT,-0.000222622327309513,0.36353,0.36353
2026-01-09T04:00:00Z,PIPPINUSDT,-0.000336066812982438,0.36353,0.36353
2026-01-09T05:00:00Z,PIPPINUSDT,-0.000423366225630156,0.40539,0.40539
2026-01-09T06:00:00Z,PIPPINUSDT,-0.000355098192551238,0.40539,0.40539
2026-01-09T07:00:00Z,PIPPINUSDT,-0.000374238271704246,0.40539,0.40539
2026-01-09T08:00:00Z,PIPPINUSDT,-0.000479626908809168,0.40508,0.40508
2026-01-09T09:00:00Z,PIPPINUSDT,-0.000207791325530504,0.42021,0.42021
2026-01-09T10:00:00Z,PIPPINUSDT,-0.00019291401969564,0.42021,0.42021
2026-01-09T11:00:00Z,PIPPINUSDT,-0.000393499393107699,0.42021,0.42021
2026-01-09T12:00:00Z,PIPPINUSDT,-0.000176852305430503,0.41987,0.41987
2026-01-09T13:00:00Z,PIPPINUSDT,-0.000351972692960421,0.41863,0.41863
2026-01-09T14:00:00Z,PIPPINUSDT,-0.000477493827574356,0.41863,0.41863
2026-01-09T15:00:00Z,PIPPINUSDT,-0.000419053817161114,0.41863,0.41863
2026-01-09T16:00:00Z,PIPPINUSDT,-0.000573591373103868,0.41937,0.41937
2026-01-09T17:00:00Z,PIPPINUSDT,-0.000537754928440622,0.43399,0.43399
2026-01-09T18:00:00Z,PIPPINUSDT,-0.000508989841384189,0.43399,0.43399
2026-01-09T19:00:00Z,PIPPINUSDT,-0.000495945266507614,0.43399,0.43399
2026-01-09T20:00:00Z,PIPPINUSDT,-0.000637026116354517,0.43384,0.43384
2026-01-09T21:00:00Z,PIPPINUSDT,-0.000630282348272009,0.41488,0.41488
2026-01-09T22:00:00Z,PIPPINUSDT,-0.000667162209410324,0.41488,0.41488
2026-01-09T23:00:00Z,PIPPINUSDT,-0.000732673346149048,0.41488,0.41488
2026-01-10T00:00:00Z,PIPPINUSDT,-0.000725918647018332,0.41434,0.41434
2026-01-10T01:00:00Z,PIPPINUSDT,-0.000684996190936802,0.41457,0.41457
2026-01-10T02:00:00Z,PIPPINUSDT,-0.00095591231498235,0.41457,0.41457
2026-01-10T03:00:00Z,PIPPINUSDT,-0.000937067224002211,0.41457,0.41457
2026-01-10T04:00:00Z,PIPPINUSDT,-0.0007240815671021,0.41464,0.41464
2026-01-10T05:00:00Z,PIPPINUSDT,-0.000648276402410848,0.41174,0.41174
2026-01-10T06:00:00Z,PIPPINUSDT,-0.000706489487529986,0.41174,0.41174
2026-01-10T07:00:00Z,PIPPINUSDT,-0.000780075359138822,0.41174,0.41174
2026-01-10T08:00:00Z,PIPPINUSDT,-0.000732564364204998,0.41161,0.41161
2026-01-10T09:00:00Z,PIPPINUSDT,-0.00063379404227875,0.41384,0.41384
2026-01-10T10:00:00Z,PIPPINUSDT,-0.000668908064145389,0.41384,0.41384
2026-01-10T11:00:00Z,PIPPINUSDT,-0.000652402925163366,0.41384,0.41384
2026-01-10T12:00:00Z,PIPPINUSDT,-0.000564082743677274,0.41527,0.41527
2026-01-10T13:00:00Z,PIPPINUSDT,-0.000629777422098855,0.41726,0.41726
2026-01-10T14:00:00Z,PIPPINUSDT,-0.00055989064326494,0.41726,0.41726
2026-01-10T15:00:00Z,PIPPINUSDT,-0.000607747118987337,0.41726,0.41726
2026-01-10T16:00:00Z,PIPPINUSDT,-0.000539700748388882,0.41761,0.41761
2026-01-10T17:00:00Z,PIPPINUSDT,-0.000570091267372145,0.41492,0.41492
2026-01-10T18:00:00Z,PIPPINUSDT,-0.000572505230972067,0.41492,0.41492
2026-01-10T19:00:00Z,PIPPINUSDT,-0.000534816001204506,0.41492,0.41492
2026-01-10T20:00:00Z,PIPPINUSDT,-0.000206716325396563,0.41474,0.41474
2026-01-10T21:00:00Z,PIPPINUSDT,-0.000516539935408427,0.39265,0.39265
2026-01-10T22:00:00Z,PIPPINUSDT,-0.000670935002800139,0.39265,0.39265
2026-01-10T23:00:00Z,PIPPINUSDT,-0.000624604025857815,0.39265,0.39265
2026-01-11T00:00:00Z,PIPPINUSDT,-0.000492551534944301,0.3922,0.3922
2026-01-11T01:00:00Z,PIPPINUSDT,-0.000278750089261525,0.34263,0.34263
2026-01-11T02:00:00Z,PIPPINUSDT,-0.000317109464923776,0.34263,0.34263
2026-01-11T03:00:00Z,PIPPINUSDT,-0.000369444481836714,0.34263,0.34263
2026-01-11T04:00:00Z,PIPPINUSDT,-0.000424841721003769,0.34317,0.34317
2026-01-11T05:00:00Z,PIPPINUSDT,-0.000427701015382976,0.35674,0.35674
2026-01-11T06:00:00Z,PIPPINUSDT,-0.000383673140297406,0.35674,0.35674
2026-01-11T07:00:00Z,PIPPINUSDT,-0.000527584825751092,0.35674,0.35674
2026-01-11T08:00:00Z,PIPPINUSDT,-0.0004822958117727,0.35628,0.35628
2026-01-11T09:00:00Z,PIPPINUSDT,-0.000617278656288416,0.33969,0.33969
2026-01-11T10:00:00Z,PIPPINUSDT,-0.000640191956009601,0.33969,0.33969
2026-01-11T11:00:00Z,PIPPINUSDT,-0.000629291552813959,0.33969,0.33969
2026-01-11T12:00:00Z,PIPPINUSDT,-0.000583835990189884,0.3395,0.3395
2026-01-11T13:00:00Z,PIPPINUSDT,-0.000709766021218912,0.31008,0.31008
2026-01-11T14:00:00Z,PIPPINUSDT,-0.000924367865948257,0.31008,0.31008
2026-01-11T15:00:00Z,PIPPINUSDT,-0.001363267112758491,0.31008,0.31008
2026-01-11T16:00:00Z,PIPPINUSDT,-0.001893545588084838,0.30982,0.30982
2026-01-11T17:00:00Z,PIPPINUSDT,-0.001100551754073138,0.31757,0.31757
2026-01-11T18:00:00Z,PIPPINUSDT,-0.001069244683089666,0.31757,0.31757
2026-01-11T19:00:00Z,PIPPINUSDT,-0.001529430739688647,0.31757,0.31757
2026-01-11T20:00:00Z,PIPPINUSDT,-0.001280647744984485,0.31747,0.31747
2026-01-11T21:00:00Z,PIPPINUSDT,-0.000575496773270412,0.33458,0.33458
2026-01-11T22:00:00Z,PIPPINUSDT,-0.000954390522016219,0.33458,0.33458
2026-01-11T23:00:00Z,PIPPINUSDT,-0.001905060465362547,0.33458,0.33458
2026-01-12T00:00:00Z,PIPPINUSDT,-0.003715440741812913,0.33415,0.33415
2026-01-12T01:00:00Z,PIPPINUSDT,-0.004291823476374584,0.35174,0.35174
2026-01-12T02:00:00Z,PIPPINUSDT,-0.003467704248926542,0.35174,0.35174
2026-01-12T03:00:00Z,PIPPINUSDT,-0.003416647972499119,0.35174,0.35174
2026-01-12T04:00:00Z,PIPPINUSDT,-0.003792374319726771,0.35147,0.35147
2026-01-12T05:00:00Z,PIPPINUSDT,-0.004481648795373279,0.34556,0.34556
2026-01-12T06:00:00Z,PIPPINUSDT,-0.00511824110307311,0.34556,0.34556
2026-01-12T07:00:00Z,PIPPINUSDT,-0.003467755773403175,0.34556,0.34556
2026-01-12T08:00:00Z,PIPPINUSDT,-0.00427946921002515,0.346,0.346
2026-01-12T09:00:00Z,PIPPINUSDT,-0.002205056779633622,0.33812,0.33812
2026-01-12T10:00:00Z,PIPPINUSDT,-0.001506117134987051,0.33812,0.33812
2026-01-12T11:00:00Z,PIPPINUSDT,-0.001144498060387512,0.33812,0.33812
2026-01-12T12:00:00Z,PIPPINUSDT,-0.001168177926898261,0.33804,0.33804
2026-01-12T13:00:00Z,PIPPINUSDT,-0.000991753913824025,0.33765,0.33765
2026-01-12T14:00:00Z,PIPPINUSDT,-0.000483323298145394,0.33765,0.33765
2026-01-12T15:00:00Z,PIPPINUSDT,-0.000702109712725918,0.33765,0.33765
2026-01-12T16:00:00Z,PIPPINUSDT,-0.000801695928959287,0.33635,0.33635
2026-01-12T17:00:00Z,PIPPINUSDT,-0.000908240604169212,0.33775,0.33775
2026-01-12T18:00:00Z,PIPPINUSDT,-0.000851697903730772,0.33775,0.33775
2026-01-12T19:00:00Z,PIPPINUSDT,-0.000731617856984534,0.33775,0.33775
2026-01-12T20:00:00Z,PIPPINUSDT,-0.000814796666070481,0.33758,0.33758
2026-01-12T21:00:00Z,PIPPINUSDT,-0.001268072120113746,0.3245,0.3245
2026-01-12T22:00:00Z,PIPPINUSDT,-0.000832197977388516,0.3245,0.3245
2026-01-12T23:00:00Z,PIPPINUSDT,-0.000609902210645948,0.3245,0.3245
2026-01-13T00:00:00Z,PIPPINUSDT,-0.000437716647399122,0.32469,0.32469
2026-01-13T01:00:00Z,PIPPINUSDT,-0.000678571358650555,0.33543,0.33543
2026-01-13T02:00:00Z,PIPPINUSDT,-0.000598044812443332,0.33543,0.33543
2026-01-13T03:00:00Z,PIPPINUSDT,-0.000791816759030765,0.33543,0.33543
2026-01-13T04:00:00Z,PIPPINUSDT,-0.000594203978918671,0.33497,0.33497
2026-01-13T05:00:00Z,PIPPINUSDT,-0.000406247597165435,0.3298,0.3298
2026-01-13T06:00:00Z,PIPPINUSDT,-0.000327778657450233,0.3298,0.3298
2026-01-13T07:00:00Z,PIPPINUSDT,-0.000306308534646935,0.3298,0.3298
2026-01-13T08:00:00Z,PIPPINUSDT,-0.000292260706188547,0.33013,0.33013
2026-01-13T09:00:00Z,PIPPINUSDT,-0.00031530307789333,0.32616,0.32616
2026-01-13T10:00:00Z,PIPPINUSDT,-0.000324873985860704,0.32616,0.32616
2026-01-13T11:00:00Z,PIPPINUSDT,-0.00037016472048731,0.32616,0.32616
2026-01-13T12:00:00Z,PIPPINUSDT,-0.00028300053965021,0.32637,0.32637
2026-01-13T13:00:00Z,PIPPINUSDT,-0.000325438901408952,0.33102,0.33102
2026-01-13T14:00:00Z,PIPPINUSDT,-0.000316548166378986,0.33102,0.33102
2026-01-13T15:00:00Z,PIPPINUSDT,-0.000550831114445228,0.33102,0.33102
2026-01-13T16:00:00Z,PIPPINUSDT,-0.000449116224467559,0.33064,0.33064
2026-01-13T17:00:00Z,PIPPINUSDT,-0.000309237369036032,0.32693,0.32693
2026-01-13T18:00:00Z,PIPPINUSDT,-0.000497855986897795,0.32693,0.32693
2026-01-13T19:00:00Z,PIPPINUSDT,-0.000743513021670906,0.32693,0.32693
2026-01-13T20:00:00Z,PIPPINUSDT,-0.001040799301380785,0.3262,0.3262
2026-01-13T21:00:00Z,PIPPINUSDT,-0.000946793070314169,0.32935,0.32935
2026-01-13T22:00:00Z,PIPPINUSDT,-0.000977138035365014,0.32935,0.32935
2026-01-13T23:00:00Z,PIPPINUSDT,-0.000921928107138922,0.32935,0.32935
2026-01-14T00:00:00Z,PIPPINUSDT,-0.000788788034726325,0.32901,0.32901
2026-01-14T01:00:00Z,PIPPINUSDT,-0.000895074804492594,0.33284,0.33284
2026-01-14T02:00:00Z,PIPPINUSDT,-0.000946579850815024,0.33284,0.33284
2026-01-14T03:00:00Z,PIPPINUSDT,-0.001003894394921733,0.33284,0.33284
2026-01-14T04:00:00Z,PIPPINUSDT,-0.001132469415358803,0.33283,0.33283
2026-01-14T05:00:00Z,PIPPINUSDT,-0.000893177401963541,0.32581,0.32581
2026-01-14T06:00:00Z,PIPPINUSDT,-0.001219437715899908,0.32581,0.32581
2026-01-14T07:00:00Z,PIPPINUSDT,-0.001173004003820675,0.32581,0.32581
2026-01-14T08:00:00Z,PIPPINUSDT,-0.001347785820333128,0.32568,0.32568
2026-01-14T09:00:00Z,PIPPINUSDT,-0.0016004406519291,0.32818,0.32818
2026-01-14T10:00:00Z,PIPPINUSDT,-0.001915890722034425,0.32818,0.32818
2026-01-14T11:00:00Z,PIPPINUSDT,-0.001779024198139129,0.32818,0.32818
2026-01-14T12:00:00Z,PIPPINUSDT,-0.001688750475174664,0.32826,0.32826
2026-01-14T13:00:00Z,PIPPINUSDT,-0.001325926161266204,0.32681,0.32681
2026-01-14T14:00:00Z,PIPPINUSDT,-0.001415224951337913,0.32681,0.32681
2026-01-14T15:00:00Z,PIPPINUSDT,-0.00171803300079735,0.32681,0.32681
2026-01-14T16:00:00Z,PIPPINUSDT,-0.001285565191953758,0.32674,0.32674
2026-01-14T17:00:00Z,PIPPINUSDT,-0.000952566589397011,0.32309,0.32309
2026-01-14T18:00:00Z,PIPPINUSDT,-0.001097006513152823,0.32309,0.32309
2026-01-14T19:00:00Z,PIPPINUSDT,-0.001403803715097601,0.32309,0.32309
2026-01-14T20:00:00Z,PIPPINUSDT,-0.001451508374447891,0.3231,0.3231
2026-01-14T21:00:00Z,PIPPINUSDT,-0.001993007901671586,0.32138,0.32138
2026-01-14T22:00:00Z,PIPPINUSDT,-0.002369459586595477,0.32138,0.32138
2026-01-14T23:00:00Z,PIPPINUSDT,-0.002452394655974262,0.32138,0.32138
2026-01-15T00:00:00Z,PIPPINUSDT,-0.001984856051966233,0.32129,0.32129
2026-01-15T01:00:00Z,PIPPINUSDT,-0.002005708373075547,0.3133,0.3133
2026-01-15T02:00:00Z,PIPPINUSDT,-0.001847392232473901,0.3133,0.3133
2026-01-15T03:00:00Z,PIPPINUSDT,-0.001123700170164141,0.3133,0.3133
2026-01-15T04:00:00Z,PIPPINUSDT,-0.000660993322904445,0.31298,0.31298
2026-01-15T05:00:00Z,PIPPINUSDT,-0.000707488123076874,0.30393,0.30393
2026-01-15T06:00:00Z,PIPPINUSDT,-0.000573120210916067,0.30393,0.30393
2026-01-15T07:00:00Z,PIPPINUSDT,-0.000660151044966115,0.30393,0.30393
2026-01-15T08:00:00Z,PIPPINUSDT,-0.000703435522159756,0.30387,0.30387
2026-01-15T09:00:00Z,PIPPINUSDT,-0.000924012298261871,0.31996,0.31996
2026-01-15T10:00:00Z,PIPPINUSDT,-0.001043043211999962,0.31996,0.31996
2026-01-15T11:00:00Z,PIPPINUSDT,-0.001050236523387976,0.31996,0.31996
2026-01-15T12:00:00Z,PIPPINUSDT,-0.000884429958704934,0.31989,0.31989
2026-01-15T13:00:00Z,PIPPINUSDT,-0.000854419658613676,0.30912,0.30912
2026-01-15T14:00:00Z,PIPPINUSDT,-0.000744201049607474,0.30912,0.30912
2026-01-15T15:00:00Z,PIPPINUSDT,-0.000721091365565623,0.30912,0.30912
2026-01-15T16:00:00Z,PIPPINUSDT,-0.000125753086745773,0.30905,0.30905
2026-01-15T17:00:00Z,PIPPINUSDT,-0.000055345167517736,0.30981,0.30981
2026-01-15T18:00:00Z,PIPPINUSDT,-0.000138581887480679,0.30981,0.30981
2026-01-15T19:00:00Z,PIPPINUSDT,-0.000224289953443289,0.30981,0.30981
2026-01-15T20:00:00Z,PIPPINUSDT,-0.000117670260757892,0.30945,0.30945
2026-01-15T21:00:00Z,PIPPINUSDT,-0.000199630389880313,0.31397,0.31397
2026-01-15T22:00:00Z,PIPPINUSDT,-0.000243397077456064,0.31397,0.31397
2026-01-15T23:00:00Z,PIPPINUSDT,-0.000133008667685184,0.31397,0.31397
2026-01-16T00:00:00Z,PIPPINUSDT,-0.000319504866023468,0.31438,0.31438
2026-01-16T01:00:00Z,PIPPINUSDT,-0.000112883131003608,0.31361,0.31361
2026-01-16T02:00:00Z,PIPPINUSDT,-0.000139778116048312,0.31361,0.31361
2026-01-16T03:00:00Z,PIPPINUSDT,-0.000085133415339467,0.31361,0.31361
2026-01-16T04:00:00Z,PIPPINUSDT,-0.000132840998877227,0.31349,0.31349
2026-01-16T05:00:00Z,PIPPINUSDT,-0.000035095740482812,0.31156,0.31156
2026-01-16T06:00:00Z,PIPPINUSDT,0.000005272129943995,0.31156,0.31156
2026-01-16T07:00:00Z,PIPPINUSDT,0.0000125,0.31156,0.31156
2026-01-16T08:00:00Z,PIPPINUSDT,0.0000125,0.31157,0.31157
2026-01-16T09:00:00Z,PIPPINUSDT,0.0000125,0.31019,0.31019
2026-01-16T10:00:00Z,PIPPINUSDT,0.0000125,0.31019,0.31019
2026-01-16T11:00:00Z,PIPPINUSDT,0.0000125,0.31019,0.31019
2026-01-16T12:00:00Z,PIPPINUSDT,-0.00004413911334111,0.30961,0.30961
2026-01-16T13:00:00Z,PIPPINUSDT,-0.00026880434884518,0.29997,0.29997
2026-01-16T14:00:00Z,PIPPINUSDT,-0.00020604093731314,0.29997,0.29997
2026-01-16T15:00:00Z,PIPPINUSDT,-0.000232728864203626,0.29997,0.29997
2026-01-16T16:00:00Z,PIPPINUSDT,-0.000280221858974728,0.29995,0.29995
2026-01-16T17:00:00Z,PIPPINUSDT,-0.000333493568674112,0.30091,0.30091
2026-01-16T18:00:00Z,PIPPINUSDT,-0.000328144151368791,0.30091,0.30091
2026-01-16T19:00:00Z,PIPPINUSDT,-0.000281252469099031,0.30091,0.30091
2026-01-16T20:00:00Z,PIPPINUSDT,-0.000500892226993989,0.30083,0.30083
2026-01-16T21:00:00Z,PIPPINUSDT,-0.000497015198825734,0.3085,0.3085
2026-01-16T22:00:00Z,PIPPINUSDT,-0.00046012336405674,0.3085,0.3085
2026-01-16T23:00:00Z,PIPPINUSDT,-0.000318898228499327,0.3085,0.3085
2026-01-17T00:00:00Z,PIPPINUSDT,-0.000257182154980522,0.30802,0.30802
2026-01-17T01:00:00Z,PIPPINUSDT,-0.000133716409768803,0.31082,0.31082
2026-01-17T02:00:00Z,PIPPINUSDT,-0.000176615491899078,0.31082,0.31082
2026-01-17T03:00:00Z,PIPPINUSDT,-0.000118621650358369,0.31082,0.31082
2026-01-17T04:00:00Z,PIPPINUSDT,-0.000113593908176244,0.31078,0.31078
2026-01-17T05:00:00Z,PIPPINUSDT,0.0000125,0.30931,0.30931
2026-01-17T06:00:00Z,PIPPINUSDT,0.0000125,0.30931,0.30931
2026-01-17T07:00:00Z,PIPPINUSDT,0.0000125,0.30931,0.30931
2026-01-17T08:00:00Z,PIPPINUSDT,0.0000125,0.30944,0.30944
2026-01-17T09:00:00Z,PIPPINUSDT,0.000000430003433877,0.31658,0.31658
2026-01-17T10:00:00Z,PIPPINUSDT,-0.000067690853857035,0.31658,0.31658
2026-01-17T11:00:00Z,PIPPINUSDT,-0.000143653261439315,0.31658,0.31658
2026-01-17T12:00:00Z,PIPPINUSDT,-0.00023247505355785,0.31638,0.31638
2026-01-17T13:00:00Z,PIPPINUSDT,-0.000208052744171289,0.3118,0.3118
2026-01-17T14:00:00Z,PIPPINUSDT,-0.000133618487664276,0.3118,0.3118
2026-01-17T15:00:00Z,PIPPINUSDT,0.000010499526750102,0.3118,0.3118
2026-01-17T16:00:00Z,PIPPINUSDT,0.0000125,0.31156,0.31156
2026-01-17T17:00:00Z,PIPPINUSDT,-0.000087352239782762,0.31357,0.31357
2026-01-17T18:00:00Z,PIPPINUSDT,-0.000050053889961817,0.31357,0.31357
2026-01-17T19:00:00Z,PIPPINUSDT,-0.000035821564484421,0.31357,0.31357
2026-01-17T20:00:00Z,PIPPINUSDT,-0.000197815399319833,0.31342,0.31342
2026-01-17T21:00:00Z,PIPPINUSDT,-0.000356750583478199,0.32266,0.32266
2026-01-17T22:00:00Z,PIPPINUSDT,-0.000162077411043398,0.32266,0.32266
2026-01-17T23:00:00Z,PIPPINUSDT,-0.00004646111228948,0.32266,0.32266
2026-01-18T00:00:00Z,PIPPINUSDT,-0.000145000306608959,0.32215,0.32215
2026-01-18T01:00:00Z,PIPPINUSDT,-0.000045925859512066,0.31672,0.31672
2026-01-18T02:00:00Z,PIPPINUSDT,0.0000125,0.31672,0.31672
2026-01-18T03:00:00Z,PIPPINUSDT,-0.000015966224434917,0.31672,0.31672
2026-01-18T04:00:00Z,PIPPINUSDT,-0.000125994506154706,0.31692,0.31692
2026-01-18T05:00:00Z,PIPPINUSDT,-0.000052417337150716,0.31853,0.31853
2026-01-18T06:00:00Z,PIPPINUSDT,-0.000007265253875206,0.31853,0.31853
2026-01-18T07:00:00Z,PIPPINUSDT,-0.004744278361341934,0.31853,0.31853
2026-01-18T08:00:00Z,PIPPINUSDT,-0.002173354956224396,0.31841,0.31841
2026-01-18T09:00:00Z,PIPPINUSDT,-0.002309369263175915,0.32317,0.32317
2026-01-18T10:00:00Z,PIPPINUSDT,-0.001332387217091804,0.32317,0.32317
2026-01-18T11:00:00Z,PIPPINUSDT,-0.001165350053010977,0.32317,0.32317
2026-01-18T12:00:00Z,PIPPINUSDT,-0.000899207105106288,0.323,0.323
2026-01-18T13:00:00Z,PIPPINUSDT,-0.001268880710403887,0.32949,0.32949
2026-01-18T14:00:00Z,PIPPINUSDT,-0.001013435888556575,0.32949,0.32949
2026-01-18T15:00:00Z,PIPPINUSDT,-0.000416635080634067,0.32949,0.32949
2026-01-18T16:00:00Z,PIPPINUSDT,-0.000182157791346719,0.32939,0.32939
2026-01-18T17:00:00Z,PIPPINUSDT,-0.000172860974519694,0.32695,0.32695
2026-01-18T18:00:00Z,PIPPINUSDT,-0.000412966378381973,0.32695,0.32695
2026-01-18T19:00:00Z,PIPPINUSDT,-0.000628195427167568,0.32695,0.32695
2026-01-18T20:00:00Z,PIPPINUSDT,-0.000733225755834386,0.32676,0.32676
2026-01-18T21:00:00Z,PIPPINUSDT,-0.000713951576154254,0.32527,0.32527
2026-01-18T22:00:00Z,PIPPINUSDT,-0.000909781286807665,0.32527,0.32527
2026-01-18T23:00:00Z,PIPPINUSDT,-0.00110977084387493,0.32527,0.32527
2026-01-19T00:00:00Z,PIPPINUSDT,-0.001266523118703833,0.32526,0.32526
2026-01-19T01:00:00Z,PIPPINUSDT,-0.001896599285715463,0.3046,0.3046
2026-01-19T02:00:00Z,PIPPINUSDT,-0.00146969155726059,0.3046,0.3046
2026-01-19T03:00:00Z,PIPPINUSDT,-0.000920313870364692,0.3046,0.3046
2026-01-19T04:00:00Z,PIPPINUSDT,-0.00079720927366966,0.30466,0.30466
2026-01-19T05:00:00Z,PIPPINUSDT,-0.001064871580697149,0.29855,0.29855
2026-01-19T06:00:00Z,PIPPINUSDT,-0.000934995644779273,0.29855,0.29855
2026-01-19T07:00:00Z,PIPPINUSDT,-0.000802460573850065,0.29855,0.29855
2026-01-19T08:00:00Z,PIPPINUSDT,-0.000704368799990281,0.29848,0.29848
2026-01-19T09:00:00Z,PIPPINUSDT,-0.000666458695799074,0.30503,0.30503
2026-01-19T10:00:00Z,PIPPINUSDT,-0.000965881159165961,0.30503,0.30503
2026-01-19T11:00:00Z,PIPPINUSDT,-0.000798857545174865,0.30503,0.30503
2026-01-19T12:00:00Z,PIPPINUSDT,-0.000709924002295622,0.30454,0.30454
2026-01-19T13:00:00Z,PIPPINUSDT,-0.000638872644723207,0.30659,0.30659
2026-01-19T14:00:00Z,PIPPINUSDT,-0.000507203188424002,0.30659,0.30659
2026-01-19T15:00:00Z,PIPPINUSDT,-0.00028647771674439,0.30659,0.30659
2026-01-19T16:00:00Z,PIPPINUSDT,-0.000198941213860818,0.3064,0.3064
2026-01-19T17:00:00Z,PIPPINUSDT,-0.000127971201994694,0.32037,0.32037
2026-01-19T18:00:00Z,PIPPINUSDT,-0.001498514777358622,0.32037,0.32037
2026-01-19T19:00:00Z,PIPPINUSDT,-0.00070811643737938,0.32037,0.32037
2026-01-19T20:00:00Z,PIPPINUSDT,-0.000245233229012538,0.32057,0.32057
2026-01-19T21:00:00Z,PIPPINUSDT,-0.000187401388835804,0.31156,0.31156
2026-01-19T22:00:00Z,PIPPINUSDT,-0.000126017925417498,0.31156,0.31156
2026-01-19T23:00:00Z,PIPPINUSDT,-0.000191860323490627,0.31156,0.31156
2026-01-20T00:00:00Z,PIPPINUSDT,-0.000172223237326817,0.31112,0.31112
2026-01-20T01:00:00Z,PIPPINUSDT,-0.000241411043829208,0.30661,0.30661
2026-01-20T02:00:00Z,PIPPINUSDT,-0.000229826017686301,0.30661,0.30661
2026-01-20T03:00:00Z,PIPPINUSDT,-0.000230290834977869,0.30661,0.30661
2026-01-20T04:00:00Z,PIPPINUSDT,-0.000313397931255081,0.30651,0.30651
2026-01-20T05:00:00Z,PIPPINUSDT,-0.000334196958914361,0.29475,0.29475
2026-01-20T06:00:00Z,PIPPINUSDT,-0.000419947931264363,0.29475,0.29475
2026-01-20T07:00:00Z,PIPPINUSDT,-0.000383998830865543,0.29475,0.29475
2026-01-20T08:00:00Z,PIPPINUSDT,-0.00056563424948757,0.29448,0.29448
2026-01-20T09:00:00Z,PIPPINUSDT,-0.0000107447538091,0.27343,0.27343
2026-01-20T10:00:00Z,PIPPINUSDT,-0.000249739243679401,0.27343,0.27343
2026-01-20T11:00:00Z,PIPPINUSDT,-0.00029552250458949,0.27343,0.27343
2026-01-20T12:00:00Z,PIPPINUSDT,-0.00029429776593044,0.27306,0.27306
2026-01-20T13:00:00Z,PIPPINUSDT,-0.000136945291517264,0.27907,0.27907
2026-01-20T14:00:00Z,PIPPINUSDT,-0.000167361288050555,0.27907,0.27907
2026-01-20T15:00:00Z,PIPPINUSDT,-0.000004362796523285,0.27907,0.27907
2026-01-20T16:00:00Z,PIPPINUSDT,-0.000059210667693812,0.27888,0.27888
2026-01-20T17:00:00Z,PIPPINUSDT,-0.000020543254909319,0.27888,0.27888
2026-01-20T18:00:00Z,PIPPINUSDT,-0.00008678545427294,0.27888,0.27888
2026-01-20T19:00:00Z,PIPPINUSDT,-0.000006774483213118,0.27888,0.27888
2026-01-20T20:00:00Z,PIPPINUSDT,0.0000125,0.27854,0.27854
2026-01-20T21:00:00Z,PIPPINUSDT,0.0000125,0.28189,0.28189
2026-01-20T22:00:00Z,PIPPINUSDT,0.000271417457829222,0.28189,0.28189
2026-01-20T23:00:00Z,PIPPINUSDT,0.000191322421269798,0.28189,0.28189
2026-01-21T00:00:00Z,PIPPINUSDT,0.000327787919839684,0.28166,0.28166
2026-01-21T01:00:00Z,PIPPINUSDT,0.00028640659159434,0.28985,0.28985
2026-01-21T02:00:00Z,PIPPINUSDT,0.000260158157683505,0.28985,0.28985
2026-01-21T03:00:00Z,PIPPINUSDT,0.000185812666087016,0.28985,0.28985
2026-01-21T04:00:00Z,PIPPINUSDT,0.000077996792523392,0.2908,0.2908
2026-01-21T05:00:00Z,PIPPINUSDT,0.0000125,0.29909,0.29909
2026-01-21T06:00:00Z,PIPPINUSDT,0.0000125,0.29909,0.29909
2026-01-21T07:00:00Z,PIPPINUSDT,0.000031011338139404,0.29909,0.29909
2026-01-21T08:00:00Z,PIPPINUSDT,0.0000125,0.29925,0.29925
2026-01-21T09:00:00Z,PIPPINUSDT,0.0000125,0.3298,0.3298
2026-01-21T10:00:00Z,PIPPINUSDT,-0.000011895124905873,0.3298,0.3298
2026-01-21T11:00:00Z,PIPPINUSDT,0.0000125,0.3298,0.3298
2026-01-21T12:00:00Z,PIPPINUSDT,0.0000125,0.32958,0.32958
2026-01-21T13:00:00Z,PIPPINUSDT,0.0000125,0.39452,0.39452
2026-01-21T14:00:00Z,PIPPINUSDT,0.0000125,0.39452,0.39452
2026-01-21T15:00:00Z,PIPPINUSDT,0.0000125,0.39452,0.39452
2026-01-21T16:00:00Z,PIPPINUSDT,-0.000335477948587022,0.39443,0.39443
2026-01-21T17:00:00Z,PIPPINUSDT,0.000091081240174816,0.38552,0.38552
2026-01-21T18:00:00Z,PIPPINUSDT,0.000182977867737644,0.38552,0.38552
2026-01-21T19:00:00Z,PIPPINUSDT,0.0000125,0.38552,0.38552
2026-01-21T20:00:00Z,PIPPINUSDT,0.0000125,0.38597,0.38597
2026-01-21T21:00:00Z,PIPPINUSDT,0.0000125,0.37638,0.37638
2026-01-21T22:00:00Z,PIPPINUSDT,0.0000125,0.37638,0.37638
2026-01-21T23:00:00Z,PIPPINUSDT,0.0000125,0.37638,0.37638
2026-01-22T00:00:00Z,PIPPINUSDT,0.0000125,0.37666,0.37666
2026-01-22T01:00:00Z,PIPPINUSDT,0.0000125,0.37056,0.37056
2026-01-22T02:00:00Z,PIPPINUSDT,0.0000125,0.37056,0.37056
2026-01-22T03:00:00Z,PIPPINUSDT,0.0000125,0.37056,0.37056
2026-01-22T04:00:00Z,PIPPINUSDT,0.0000125,0.3717,0.3717
2026-01-22T05:00:00Z,PIPPINUSDT,0.000055503619228784,0.38238,0.38238
2026-01-22T06:00:00Z,PIPPINUSDT,0.0000125,0.38238,0.38238
2026-01-22T07:00:00Z,PIPPINUSDT,0.0000125,0.38238,0.38238
2026-01-22T08:00:00Z,PIPPINUSDT,0.0000125,0.3827,0.3827
2026-01-22T09:00:00Z,PIPPINUSDT,0.0000125,0.3916,0.3916
2026-01-22T10:00:00Z,PIPPINUSDT,0.0000125,0.3916,0.3916
2026-01-22T11:00:00Z,PIPPINUSDT,0.0000125,0.3916,0.3916
2026-01-22T12:00:00Z,PIPPINUSDT,0.0000125,0.39307,0.39307
2026-01-22T13:00:00Z,PIPPINUSDT,0.0000125,0.38259,0.38259
2026-01-22T14:00:00Z,PIPPINUSDT,0.0000125,0.38259,0.38259
2026-01-22T15:00:00Z,PIPPINUSDT,0.0000125,0.38259,0.38259
2026-01-22T16:00:00Z,PIPPINUSDT,0.0000125,0.38264,0.38264
2026-01-22T17:00:00Z,PIPPINUSDT,0.0000125,0.39379,0.39379
2026-01-22T18:00:00Z,PIPPINUSDT,0.0000125,0.39379,0.39379
2026-01-22T19:00:00Z,PIPPINUSDT,0.0000125,0.39379,0.39379
2026-01-22T20:00:00Z,PIPPINUSDT,0.0000125,0.39357,0.39357
2026-01-22T21:00:00Z,PIPPINUSDT,0.0000125,0.38727,0.38727
2026-01-22T22:00:00Z,PIPPINUSDT,0.0000125,0.38727,0.38727
2026-01-22T23:00:00Z,PIPPINUSDT,0.0000125,0.38727,0.38727
2026-01-23T00:00:00Z,PIPPINUSDT,0.0000125,0.38753,0.38753
2026-01-23T01:00:00Z,PIPPINUSDT,-0.000046820788368541,0.37103,0.37103
2026-01-23T02:00:00Z,PIPPINUSDT,-0.000092039691884911,0.37103,0.37103
2026-01-23T03:00:00Z,PIPPINUSDT,-0.000085719078906823,0.37103,0.37103
2026-01-23T04:00:00Z,PIPPINUSDT,-0.000005986670150362,0.37094,0.37094
2026-01-23T05:00:00Z,PIPPINUSDT,-0.000124886974243127,0.36153,0.36153
2026-01-23T06:00:00Z,PIPPINUSDT,-0.000098397621619313,0.36153,0.36153
2026-01-23T07:00:00Z,PIPPINUSDT,-0.00006252022903347,0.36153,0.36153
2026-01-23T08:00:00Z,PIPPINUSDT,-0.000236495869965672,0.36142,0.36142
2026-01-23T09:00:00Z,PIPPINUSDT,-0.000460652657680653,0.39575,0.39575
2026-01-23T10:00:00Z,PIPPINUSDT,-0.000555674896810472,0.39575,0.39575
2026-01-23T11:00:00Z,PIPPINUSDT,-0.000665041561624876,0.39575,0.39575
2026-01-23T12:00:00Z,PIPPINUSDT,-0.000444698554577833,0.39581,0.39581
2026-01-23T13:00:00Z,PIPPINUSDT,-0.000352404137176484,0.37754,0.37754
2026-01-23T14:00:00Z,PIPPINUSDT,-0.000076897952652167,0.37754,0.37754
2026-01-23T15:00:00Z,PIPPINUSDT,-0.000053114807444938,0.37754,0.37754
2026-01-23T16:00:00Z,PIPPINUSDT,-0.000059728771019436,0.37786,0.37786
2026-01-23T17:00:00Z,PIPPINUSDT,-0.000115413654138167,0.3698,0.3698
2026-01-23T18:00:00Z,PIPPINUSDT,-0.000178450387694991,0.3698,0.3698
2026-01-23T19:00:00Z,PIPPINUSDT,-0.000419924550323831,0.3698,0.3698
2026-01-23T20:00:00Z,PIPPINUSDT,-0.000361995813918827,0.37042,0.37042
2026-01-23T21:00:00Z,PIPPINUSDT,-0.000325724371941491,0.37958,0.37958
2026-01-23T22:00:00Z,PIPPINUSDT,-0.000349101169591458,0.37958,0.37958
2026-01-23T23:00:00Z,PIPPINUSDT,-0.00035295828542504,0.37958,0.37958
2026-01-24T00:00:00Z,PIPPINUSDT,-0.000378621589662765,0.37927,0.37927
2026-01-24T01:00:00Z,PIPPINUSDT,-0.000379315251243052,0.37847,0.37847
2026-01-24T02:00:00Z,PIPPINUSDT,-0.000378910472343105,0.37847,0.37847
2026-01-24T03:00:00Z,PIPPINUSDT,-0.000296015436916461,0.37847,0.37847
2026-01-24T04:00:00Z,PIPPINUSDT,-0.000227660766173925,0.37788,0.37788
2026-01-24T05:00:00Z,PIPPINUSDT,-0.000244735490733439,0.37249,0.37249
2026-01-24T06:00:00Z,PIPPINUSDT,-0.000274201988622655,0.37249,0.37249
2026-01-24T07:00:00Z,PIPPINUSDT,-0.000251931448982334,0.37249,0.37249
2026-01-24T08:00:00Z,PIPPINUSDT,-0.000099163293597022,0.37279,0.37279
2026-01-24T09:00:00Z,PIPPINUSDT,-0.000128595781256764,0.37164,0.37164
2026-01-24T10:00:00Z,PIPPINUSDT,-0.000177212252340218,0.37164,0.37164
2026-01-24T11:00:00Z,PIPPINUSDT,-0.000135640043224132,0.37164,0.37164
2026-01-24T12:00:00Z,PIPPINUSDT,-0.000177937531054093,0.37171,0.37171
2026-01-24T13:00:00Z,PIPPINUSDT,-0.000157627978598901,0.37364,0.37364
2026-01-24T14:00:00Z,PIPPINUSDT,-0.000138739266619418,0.37364,0.37364
2026-01-24T15:00:00Z,PIPPINUSDT,-0.000036499530565513,0.37364,0.37364
2026-01-24T16:00:00Z,PIPPINUSDT,-0.000127116163563043,0.37354,0.37354
2026-01-24T17:00:00Z,PIPPINUSDT,-0.000340932935074082,0.37255,0.37255
2026-01-24T18:00:00Z,PIPPINUSDT,-0.000427653659618617,0.37255,0.37255
2026-01-24T19:00:00Z,PIPPINUSDT,-0.000471839820074997,0.37255,0.37255
2026-01-24T20:00:00Z,PIPPINUSDT,-0.000406630525225353,0.37268,0.37268
2026-01-24T21:00:00Z,PIPPINUSDT,-0.000299836013501237,0.38208,0.38208
2026-01-24T22:00:00Z,PIPPINUSDT,-0.000286268194005611,0.38208,0.38208
2026-01-24T23:00:00Z,PIPPINUSDT,-0.000445178638168104,0.38208,0.38208
2026-01-25T00:00:00Z,PIPPINUSDT,-0.000461629535480054,0.3815,0.3815
2026-01-25T01:00:00Z,PIPPINUSDT,-0.001220800091389054,0.3372,0.3372
2026-01-25T02:00:00Z,PIPPINUSDT,-0.001984562964666217,0.3372,0.3372
2026-01-25T03:00:00Z,PIPPINUSDT,-0.004170748851655327,0.3372,0.3372
2026-01-25T04:00:00Z,PIPPINUSDT,-0.001601282632451386,0.33718,0.33718
2026-01-25T05:00:00Z,PIPPINUSDT,0.0000125,0.33975,0.33975
2026-01-25T06:00:00Z,PIPPINUSDT,0.0000125,0.33975,0.33975
2026-01-25T07:00:00Z,PIPPINUSDT,0.000240203478031037,0.33975,0.33975
2026-01-25T08:00:00Z,PIPPINUSDT,0.000120747231455007,0.33982,0.33982
2026-01-25T09:00:00Z,PIPPINUSDT,0.000348921083685612,0.33528,0.33528
2026-01-25T10:00:00Z,PIPPINUSDT,0.000134021398041672,0.33528,0.33528
2026-01-25T11:00:00Z,PIPPINUSDT,0.000159840864828027,0.33528,0.33528
2026-01-25T12:00:00Z,PIPPINUSDT,0.000164271352390977,0.33504,0.33504
2026-01-25T13:00:00Z,PIPPINUSDT,0.000004693180927542,0.3358,0.3358
2026-01-25T14:00:00Z,PIPPINUSDT,0.000000022311389959,0.3358,0.3358
2026-01-25T15:00:00Z,PIPPINUSDT,0.0000125,0.3358,0.3358
2026-01-25T16:00:00Z,PIPPINUSDT,0.0000125,0.33579,0.33579
2026-01-25T17:00:00Z,PIPPINUSDT,0.0000125,0.32442,0.32442
2026-01-25T18:00:00Z,PIPPINUSDT,0.0000125,0.32442,0.32442
2026-01-25T19:00:00Z,PIPPINUSDT,0.0000125,0.32442,0.32442
2026-01-25T20:00:00Z,PIPPINUSDT,0.0000125,0.32518,0.32518
2026-01-25T21:00:00Z,PIPPINUSDT,0.000303770396279566,0.31874,0.31874
2026-01-25T22:00:00Z,PIPPINUSDT,0.000251077515452777,0.31874,0.31874
2026-01-25T23:00:00Z,PIPPINUSDT,0.0000125,0.31874,0.31874
2026-01-26T00:00:00Z,PIPPINUSDT,0.000243419134572805,0.31856,0.31856
2026-01-26T01:00:00Z,PIPPINUSDT,0.000118116476974964,0.32042,0.32042
2026-01-26T02:00:00Z,PIPPINUSDT,0.0000125,0.32042,0.32042
2026-01-26T03:00:00Z,PIPPINUSDT,0.000066216657511032,0.32042,0.32042
2026-01-26T04:00:00Z,PIPPINUSDT,0.000408395332860465,0.32034,0.32034
2026-01-26T05:00:00Z,PIPPINUSDT,0.000379451062963207,0.30927,0.30927
2026-01-26T06:00:00Z,PIPPINUSDT,0.000327217799999604,0.30927,0.30927
2026-01-26T07:00:00Z,PIPPINUSDT,0.000227719409383168,0.30927,0.30927
2026-01-26T08:00:00Z,PIPPINUSDT,0.000231683809020928,0.30958,0.30958
2026-01-26T09:00:00Z,PIPPINUSDT,0.000188896014571605,0.312,0.312
2026-01-26T10:00:00Z,PIPPINUSDT,0.000079858053145009,0.312,0.312
2026-01-26T11:00:00Z,PIPPINUSDT,0.0000125,0.312,0.312
2026-01-26T12:00:00Z,PIPPINUSDT,0.0000125,0.31162,0.31162
2026-01-26T13:00:00Z,PIPPINUSDT,0.0000125,0.31307,0.31307
2026-01-26T14:00:00Z,PIPPINUSDT,0.000103930574056779,0.31307,0.31307
2026-01-26T15:00:00Z,PIPPINUSDT,0.000234874741005257,0.31307,0.31307
2026-01-26T16:00:00Z,PIPPINUSDT,0.000298080440553016,0.31323,0.31323
2026-01-26T17:00:00Z,PIPPINUSDT,0.000247270372364424,0.30515,0.30515
2026-01-26T18:00:00Z,PIPPINUSDT,0.000258143013915522,0.30515,0.30515
2026-01-26T19:00:00Z,PIPPINUSDT,0.000212260462172033,0.30515,0.30515
2026-01-26T20:00:00Z,PIPPINUSDT,0.000019937576866586,0.30511,0.30511
2026-01-26T21:00:00Z,PIPPINUSDT,0.0000125,0.29713,0.29713
2026-01-26T22:00:00Z,PIPPINUSDT,0.0000125,0.29713,0.29713
2026-01-26T23:00:00Z,PIPPINUSDT,0.0000125,0.29713,0.29713
2026-01-27T00:00:00Z,PIPPINUSDT,0.0000125,0.29688,0.29688
2026-01-27T01:00:00Z,PIPPINUSDT,0.000101630975294017,0.30822,0.30822
2026-01-27T02:00:00Z,PIPPINUSDT,0.000082916311812087,0.30822,0.30822
2026-01-27T03:00:00Z,PIPPINUSDT,0.000150284716832756,0.30822,0.30822
2026-01-27T04:00:00Z,PIPPINUSDT,0.000115094322747354,0.3085,0.3085
2026-01-27T05:00:00Z,PIPPINUSDT,0.000100278847304386,0.30403,0.30403
2026-01-27T06:00:00Z,PIPPINUSDT,0.000056755670256049,0.30403,0.30403
2026-01-27T07:00:00Z,PIPPINUSDT,0.0000125,0.30403,0.30403
2026-01-27T08:00:00Z,PIPPINUSDT,0.000091227940393248,0.30383,0.30383
2026-01-27T09:00:00Z,PIPPINUSDT,0.000308501185878018,0.30942,0.30942
2026-01-27T10:00:00Z,PIPPINUSDT,0.000279711862757892,0.30942,0.30942
2026-01-27T11:00:00Z,PIPPINUSDT,0.000188153162275893,0.30942,0.30942
2026-01-27T12:00:00Z,PIPPINUSDT,0.000063962714806012,0.30862,0.30862
2026-01-27T13:00:00Z,PIPPINUSDT,0.000179442611503848,0.3623,0.3623
2026-01-27T14:00:00Z,PIPPINUSDT,0.000133307856358733,0.3623,0.3623
2026-01-27T15:00:00Z,PIPPINUSDT,0.0000125,0.3623,0.3623
2026-01-27T16:00:00Z,PIPPINUSDT,0.0000125,0.36299,0.36299
2026-01-27T17:00:00Z,PIPPINUSDT,-0.000078954145395231,0.42242,0.42242
2026-01-27T18:00:00Z,PIPPINUSDT,0.0000125,0.42242,0.42242
2026-01-27T19:00:00Z,PIPPINUSDT,0.0000125,0.42242,0.42242
2026-01-27T20:00:00Z,PIPPINUSDT,-0.000044015663341413,0.42227,0.42227
2026-01-27T21:00:00Z,PIPPINUSDT,0.0000125,0.45025,0.45025
2026-01-27T22:00:00Z,PIPPINUSDT,0.0000125,0.45025,0.45025
2026-01-27T23:00:00Z,PIPPINUSDT,0.0000125,0.45025,0.45025
2026-01-28T00:00:00Z,PIPPINUSDT,0.0000125,0.45073,0.45073
2026-01-28T01:00:00Z,PIPPINUSDT,0.0000125,0.53508,0.53508
2026-01-28T02:00:00Z,PIPPINUSDT,0.0000125,0.53508,0.53508
2026-01-28T03:00:00Z,PIPPINUSDT,0.0000125,0.53508,0.53508
2026-01-28T04:00:00Z,PIPPINUSDT,0.0000125,0.5383,0.5383
2026-01-28T05:00:00Z,PIPPINUSDT,0.0000125,0.49882,0.49882
2026-01-28T06:00:00Z,PIPPINUSDT,-0.000138137367956623,0.49882,0.49882
2026-01-28T07:00:00Z,PIPPINUSDT,-0.000003290831486578,0.49882,0.49882
2026-01-28T08:00:00Z,PIPPINUSDT,-0.000163272492321281,0.49882,0.49882
2026-01-28T09:00:00Z,PIPPINUSDT,-0.000199768865165155,0.47932,0.47932
2026-01-28T10:00:00Z,PIPPINUSDT,-0.000279320362056364,0.47932,0.47932
2026-01-28T11:00:00Z,PIPPINUSDT,-0.00018502558355793,0.47932,0.47932
2026-01-28T12:00:00Z,PIPPINUSDT,-0.000061291357691549,0.47869,0.47869
2026-01-28T13:00:00Z,PIPPINUSDT,-0.000009088085741231,0.4875,0.4875
2026-01-28T14:00:00Z,PIPPINUSDT,-0.000289727134018453,0.4875,0.4875
2026-01-28T15:00:00Z,PIPPINUSDT,-0.000164992130392321,0.4875,0.4875
2026-01-28T16:00:00Z,PIPPINUSDT,-0.00018032449534567,0.48689,0.48689
2026-01-28T17:00:00Z,PIPPINUSDT,-0.000240653405122222,0.408,0.408
2026-01-28T18:00:00Z,PIPPINUSDT,-0.000219177656424489,0.408,0.408
2026-01-28T19:00:00Z,PIPPINUSDT,-0.000080313484997431,0.408,0.408
2026-01-28T20:00:00Z,PIPPINUSDT,-0.000113039608244959,0.40709,0.40709
2026-01-28T21:00:00Z,PIPPINUSDT,-0.000100118203723588,0.40627,0.40627
2026-01-28T22:00:00Z,PIPPINUSDT,-0.000067011902242198,0.40627,0.40627
2026-01-28T23:00:00Z,PIPPINUSDT,-0.000191763775148413,0.40627,0.40627
2026-01-29T00:00:00Z,PIPPINUSDT,-0.000350677437799236,0.40598,0.40598
2026-01-29T01:00:00Z,PIPPINUSDT,-0.000479076280480936,0.39633,0.39633
2026-01-29T02:00:00Z,PIPPINUSDT,-0.000375289868958826,0.39633,0.39633
2026-01-29T03:00:00Z,PIPPINUSDT,-0.000408699184994404,0.39633,0.39633
2026-01-29T04:00:00Z,PIPPINUSDT,-0.000425176763912241,0.39823,0.39823
2026-01-29T05:00:00Z,PIPPINUSDT,-0.000486779725336569,0.40997,0.40997
2026-01-29T06:00:00Z,PIPPINUSDT,-0.000306727684976007,0.40997,0.40997
2026-01-29T07:00:00Z,PIPPINUSDT,-0.000434573185396359,0.40997,0.40997
2026-01-29T08:00:00Z,PIPPINUSDT,-0.000762433580765639,0.40993,0.40993
2026-01-29T09:00:00Z,PIPPINUSDT,-0.0017668557756178,0.32793,0.32793
2026-01-29T10:00:00Z,PIPPINUSDT,-0.002020172788834614,0.32793,0.32793
2026-01-29T11:00:00Z,PIPPINUSDT,-0.001794031259489923,0.32793,0.32793
2026-01-29T12:00:00Z,PIPPINUSDT,0.0000125,0.3278,0.3278
2026-01-29T13:00:00Z,PIPPINUSDT,0.0000125,0.31962,0.31962
2026-01-29T14:00:00Z,PIPPINUSDT,-0.00009998274562111,0.31962,0.31962
2026-01-29T15:00:00Z,PIPPINUSDT,-0.000059693060178681,0.31962,0.31962
2026-01-29T16:00:00Z,PIPPINUSDT,0.0000125,0.31937,0.31937
2026-01-29T17:00:00Z,PIPPINUSDT,0.0000125,0.30547,0.30547
2026-01-29T18:00:00Z,PIPPINUSDT,0.0000125,0.30547,0.30547
2026-01-29T19:00:00Z,PIPPINUSDT,-0.000048573146619902,0.30547,0.30547
2026-01-29T20:00:00Z,PIPPINUSDT,-0.000055493580196848,0.30525,0.30525
2026-01-29T21:00:00Z,PIPPINUSDT,-0.000198319414597031,0.30412,0.30412
2026-01-29T22:00:00Z,PIPPINUSDT,-0.000061064417938315,0.30412,0.30412
2026-01-29T23:00:00Z,PIPPINUSDT,-0.00013933096417141,0.30412,0.30412
2026-01-30T00:00:00Z,PIPPINUSDT,0.0000125,0.30472,0.30472
2026-01-30T01:00:00Z,PIPPINUSDT,-0.00004621836147242,0.27563,0.27563
2026-01-30T02:00:00Z,PIPPINUSDT,-0.000054926268419437,0.27563,0.27563
2026-01-30T03:00:00Z,PIPPINUSDT,-0.000076038555720897,0.27563,0.27563
2026-01-30T04:00:00Z,PIPPINUSDT,-0.000272087018647377,0.27646,0.27646
2026-01-30T05:00:00Z,PIPPINUSDT,-0.000294806914481005,0.25961,0.25961
2026-01-30T06:00:00Z,PIPPINUSDT,-0.000229581550533937,0.25961,0.25961
2026-01-30T07:00:00Z,PIPPINUSDT,-0.000066357711872569,0.25961,0.25961
2026-01-30T08:00:00Z,PIPPINUSDT,0.0000125,0.26019,0.26019
2026-01-30T09:00:00Z,PIPPINUSDT,0.0000125,0.24878,0.24878
2026-01-30T10:00:00Z,PIPPINUSDT,0.0000125,0.24878,0.24878
2026-01-30T11:00:00Z,PIPPINUSDT,0.0000125,0.24878,0.24878
2026-01-30T12:00:00Z,PIPPINUSDT,0.0000125,0.24955,0.24955
2026-01-30T13:00:00Z,PIPPINUSDT,0.0000125,0.22789,0.22789
2026-01-30T14:00:00Z,PIPPINUSDT,0.0000125,0.22789,0.22789
2026-01-30T15:00:00Z,PIPPINUSDT,-0.00011547742990425,0.22789,0.22789
2026-01-30T16:00:00Z,PIPPINUSDT,-0.000168879692262111,0.22797,0.22797
2026-01-30T17:00:00Z,PIPPINUSDT,-0.000161193071800248,0.24106,0.24106
2026-01-30T18:00:00Z,PIPPINUSDT,-0.000207787648584851,0.24106,0.24106
2026-01-30T19:00:00Z,PIPPINUSDT,-0.00026601415756992,0.24106,0.24106
2026-01-30T20:00:00Z,PIPPINUSDT,-0.001840467359663174,0.2408,0.2408
2026-01-30T21:00:00Z,PIPPINUSDT,-0.00115915083804187,0.23656,0.23656
2026-01-30T22:00:00Z,PIPPINUSDT,-0.000920895875698398,0.23656,0.23656
2026-01-30T23:00:00Z,PIPPINUSDT,-0.000254755269019208,0.23656,0.23656
2026-01-31T00:00:00Z,PIPPINUSDT,-0.000534120055603976,0.23665,0.23665
2026-01-31T01:00:00Z,PIPPINUSDT,-0.000690447027540274,0.23944,0.23944
2026-01-31T02:00:00Z,PIPPINUSDT,-0.00078121355355272,0.23944,0.23944
2026-01-31T03:00:00Z,PIPPINUSDT,-0.000427684313932547,0.23944,0.23944
2026-01-31T04:00:00Z,PIPPINUSDT,-0.00038963619990134,0.23915,0.23915
2026-01-31T05:00:00Z,PIPPINUSDT,-0.000265076055280618,0.24392,0.24392
2026-01-31T06:00:00Z,PIPPINUSDT,-0.000194866037074885,0.24392,0.24392
2026-01-31T07:00:00Z,PIPPINUSDT,-0.000273940095322686,0.24392,0.24392
2026-01-31T08:00:00Z,PIPPINUSDT,-0.000358584401940181,0.24343,0.24343
2026-01-31T09:00:00Z,PIPPINUSDT,-0.00019845403826236,0.23395,0.23395
2026-01-31T10:00:00Z,PIPPINUSDT,-0.000149891510581034,0.23395,0.23395
2026-01-31T11:00:00Z,PIPPINUSDT,-0.000142493839445394,0.23395,0.23395
2026-01-31T12:00:00Z,PIPPINUSDT,-0.000152092572460549,0.2342,0.2342
2026-01-31T13:00:00Z,PIPPINUSDT,-0.000099448806341706,0.22112,0.22112
2026-01-31T14:00:00Z,PIPPINUSDT,-0.00025717227414438,0.22112,0.22112
2026-01-31T15:00:00Z,PIPPINUSDT,-0.000124305273458252,0.22112,0.22112
2026-01-31T16:00:00Z,PIPPINUSDT,-0.000070900555761296,0.22106,0.22106
2026-01-31T17:00:00Z,PIPPINUSDT,-0.000134896090306862,0.19531,0.19531
2026-01-31T18:00:00Z,PIPPINUSDT,-0.000246258367261867,0.19531,0.19531
2026-01-31T19:00:00Z,PIPPINUSDT,-0.000061252468910215,0.19531,0.19531
2026-01-31T20:00:00Z,PIPPINUSDT,-0.000052428399918156,0.19544,0.19544
2026-01-31T21:00:00Z,PIPPINUSDT,-0.000176682314650385,0.18848,0.18848
2026-01-31T22:00:00Z,PIPPINUSDT,-0.000371889438540854,0.18848,0.18848
2026-01-31T23:00:00Z,PIPPINUSDT,-0.000608464235374722,0.18848,0.18848
2026-02-01T00:00:00Z,PIPPINUSDT,-0.000558684346778506,0.18817,0.18817
2026-02-01T01:00:00Z,PIPPINUSDT,-0.000370520211816733,0.18164,0.18164
2026-02-01T02:00:00Z,PIPPINUSDT,-0.000511313489656962,0.18164,0.18164
2026-02-01T03:00:00Z,PIPPINUSDT,-0.000460660622279783,0.18164,0.18164
2026-02-01T04:00:00Z,PIPPINUSDT,-0.000639130098789058,0.18119,0.18119
2026-02-01T05:00:00Z,PIPPINUSDT,-0.000741534223212024,0.17952,0.17952
2026-02-01T06:00:00Z,PIPPINUSDT,-0.000576786875984494,0.17952,0.17952
2026-02-01T07:00:00Z,PIPPINUSDT,-0.000282989999591663,0.17952,0.17952
2026-02-01T08:00:00Z,PIPPINUSDT,-0.000223256925194977,0.17956,0.17956
2026-02-01T09:00:00Z,PIPPINUSDT,-0.000289057593662347,0.18298,0.18298
2026-02-01T10:00:00Z,PIPPINUSDT,0.0000125,0.18298,0.18298
2026-02-01T11:00:00Z,PIPPINUSDT,0.0000125,0.18298,0.18298
2026-02-01T12:00:00Z,PIPPINUSDT,0.0000125,0.18267,0.18267
2026-02-01T13:00:00Z,PIPPINUSDT,0.0000125,0.17557,0.17557
2026-02-01T14:00:00Z,PIPPINUSDT,0.0000125,0.17557,0.17557
2026-02-01T15:00:00Z,PIPPINUSDT,0.0000125,0.17557,0.17557
2026-02-01T16:00:00Z,PIPPINUSDT,0.000048394932830608,0.17596,0.17596
2026-02-01T17:00:00Z,PIPPINUSDT,0.000039949993863389,0.18838,0.18838
2026-02-01T18:00:00Z,PIPPINUSDT,0.0000125,0.18838,0.18838
2026-02-01T19:00:00Z,PIPPINUSDT,0.0000125,0.18838,0.18838
2026-02-01T20:00:00Z,PIPPINUSDT,0.00005843885821969,0.18848,0.18848
2026-02-01T21:00:00Z,PIPPINUSDT,0.0000125,0.18413,0.18413
2026-02-01T22:00:00Z,PIPPINUSDT,0.0000125,0.18413,0.18413
2026-02-01T23:00:00Z,PIPPINUSDT,0.0000125,0.18413,0.18413
2026-02-02T00:00:00Z,PIPPINUSDT,0.0000125,0.1838,0.1838
2026-02-02T01:00:00Z,PIPPINUSDT,0.0000125,0.19065,0.19065
2026-02-02T02:00:00Z,PIPPINUSDT,0.0000125,0.19065,0.19065
2026-02-02T03:00:00Z,PIPPINUSDT,0.0000125,0.19065,0.19065
2026-02-02T04:00:00Z,PIPPINUSDT,0.0000125,0.19019,0.19019
2026-02-02T05:00:00Z,PIPPINUSDT,0.0000125,0.18632,0.18632
2026-02-02T08:00:00Z,PIPPINUSDT,0.000184340603113192,0.18635,0.18635
2026-02-02T12:00:00Z,PIPPINUSDT,0.000220400061146924,0.17863,0.17863
2026-02-02T16:00:00Z,PIPPINUSDT,0.000755818513488707,0.18748,0.18748
2026-02-02T20:00:00Z,PIPPINUSDT,0.001364941299620561,0.18065,0.18065
2026-02-03T00:00:00Z,PIPPINUSDT,0.000386093646501449,0.17645,0.17645
2026-02-03T04:00:00Z,PIPPINUSDT,0.000337764200177461,0.17557,0.17557
2026-02-03T08:00:00Z,PIPPINUSDT,0.000313202027283192,0.17651,0.17651
2026-02-03T12:00:00Z,PIPPINUSDT,0.00077343984702848,0.17782,0.17782
2026-02-03T16:00:00Z,PIPPINUSDT,0.000431898345614275,0.18316,0.18316
2026-02-03T20:00:00Z,PIPPINUSDT,0.000930196127449932,0.18026,0.18026
2026-02-04T00:00:00Z,PIPPINUSDT,0.000642092718880382,0.17953,0.17953
2026-02-04T04:00:00Z,PIPPINUSDT,0.000438073527873451,0.1838,0.1838
2026-02-04T08:00:00Z,PIPPINUSDT,0.000798865816690029,0.17747,0.17747
2026-02-04T12:00:00Z,PIPPINUSDT,0.00118433281503891,0.18104,0.18104
2026-02-04T16:00:00Z,PIPPINUSDT,0.000765891420625874,0.18065,0.18065
2026-02-04T20:00:00Z,PIPPINUSDT,0.00111493780915047,0.1753,0.1753
2026-02-05T00:00:00Z,PIPPINUSDT,0.000881103089398636,0.18615,0.18615
2026-02-05T04:00:00Z,PIPPINUSDT,0.001895605868438937,0.18191,0.18191
2026-02-05T08:00:00Z,PIPPINUSDT,0.001212727760280687,0.17401,0.17401
2026-02-05T12:00:00Z,PIPPINUSDT,0.001517531544941539,0.17522,0.17522
2026-02-05T16:00:00Z,PIPPINUSDT,0.001055766335170758,0.17128,0.17128
2026-02-05T20:00:00Z,PIPPINUSDT,0.000598860132723577,0.17039,0.17039
2026-02-06T00:00:00Z,PIPPINUSDT,0.000371758548515653,0.16287,0.16287
2026-02-06T04:00:00Z,PIPPINUSDT,0.000930983081686406,0.17853,0.17853
2026-02-06T08:00:00Z,PIPPINUSDT,0.000517740279563911,0.17516,0.17516
2026-02-06T12:00:00Z,PIPPINUSDT,0.00005,0.18235,0.18235
2026-02-06T16:00:00Z,PIPPINUSDT,0.000222657322653395,0.20242,0.20242
2026-02-06T20:00:00Z,PIPPINUSDT,0.000634550026559745,0.18959,0.18959
2026-02-07T00:00:00Z,PIPPINUSDT,0.00050172356807631,0.18781,0.18781
2026-02-07T04:00:00Z,PIPPINUSDT,0.000706649506262914,0.18072,0.18072
2026-02-07T08:00:00Z,PIPPINUSDT,0.000404156996551831,0.1802,0.1802
2026-02-07T12:00:00Z,PIPPINUSDT,0.000511670445501751,0.18409,0.18409
2026-02-07T16:00:00Z,PIPPINUSDT,0.000529929341467244,0.18722,0.18722
2026-02-07T20:00:00Z,PIPPINUSDT,0.001434881698021204,0.18529,0.18529
2026-02-08T00:00:00Z,PIPPINUSDT,0.001808592996133865,0.19036,0.19036
2026-02-08T04:00:00Z,PIPPINUSDT,0.001412540187277289,0.19139,0.19139
2026-02-08T08:00:00Z,PIPPINUSDT,0.001358107356931388,0.19036,0.19036
2026-02-08T12:00:00Z,PIPPINUSDT,0.000961211048961755,0.20691,0.20691
2026-02-08T16:00:00Z,PIPPINUSDT,0.001143137338808007,0.25184,0.25184
2026-02-08T20:00:00Z,PIPPINUSDT,0.000401759415362269,0.25784,0.25784
2026-02-09T00:00:00Z,PIPPINUSDT,0.000983478312698731,0.28617,0.28617
2026-02-09T04:00:00Z,PIPPINUSDT,0.000174437105902139,0.271,0.271
2026-02-09T08:00:00Z,PIPPINUSDT,0.00005,0.28997,0.28997
2026-02-09T12:00:00Z,PIPPINUSDT,0.00055173322626307,0.25765,0.25765
2026-02-09T16:00:00Z,PIPPINUSDT,0.000162735193219481,0.26906,0.26906
2026-02-09T20:00:00Z,PIPPINUSDT,0.000296454751985488,0.27214,0.27214
2026-02-10T00:00:00Z,PIPPINUSDT,0.000337406579771125,0.27174,0.27174
2026-02-10T04:00:00Z,PIPPINUSDT,0.000175587262308688,0.2976,0.2976
2026-02-10T08:00:00Z,PIPPINUSDT,0.00005,0.33732,0.33732
2026-02-10T12:00:00Z,PIPPINUSDT,0.00005,0.3563,0.3563
2026-02-10T16:00:00Z,PIPPINUSDT,0.000535908460718564,0.38568,0.38568
2026-02-10T20:00:00Z,PIPPINUSDT,0.000531195780603484,0.38173,0.38173
2026-02-11T00:00:00Z,PIPPINUSDT,0.000095030543891208,0.38849,0.38849
2026-02-11T04:00:00Z,PIPPINUSDT,0.000419635283543889,0.39431,0.39431
2026-02-11T08:00:00Z,PIPPINUSDT,0.00005,0.44483,0.44483
2026-02-11T12:00:00Z,PIPPINUSDT,0.000196159032887836,0.44525,0.44525
2026-02-11T16:00:00Z,PIPPINUSDT,0.000578405677980713,0.45885,0.45885
2026-02-11T20:00:00Z,PIPPINUSDT,0.000573064857281963,0.47284,0.47284
2026-02-12T00:00:00Z,PIPPINUSDT,0.00041097740723568,0.48656,0.48656
2026-02-12T04:00:00Z,PIPPINUSDT,0.000614643695934198,0.504,0.504
2026-02-12T08:00:00Z,PIPPINUSDT,0.00040424430414842,0.50584,0.50584
2026-02-12T12:00:00Z,PIPPINUSDT,0.000070356467944731,0.53671,0.53671
2026-02-12T16:00:00Z,PIPPINUSDT,0.00005,0.49702,0.49702
2026-02-12T20:00:00Z,PIPPINUSDT,0.00054836704630398,0.50219,0.50219
2026-02-13T00:00:00Z,PIPPINUSDT,0.000163156150354794,0.51319,0.51319
2026-02-13T04:00:00Z,PIPPINUSDT,0.00005,0.49389,0.49389
2026-02-13T08:00:00Z,PIPPINUSDT,0.00005,0.52049,0.52049
2026-02-13T12:00:00Z,PIPPINUSDT,0.00005,0.52581,0.52581
2026-02-13T16:00:00Z,PIPPINUSDT,0.00005,0.5359,0.5359
2026-02-13T20:00:00Z,PIPPINUSDT,0.00005,0.56662,0.56662
2026-02-14T00:00:00Z,PIPPINUSDT,0.00005,0.58425,0.58425
2026-02-14T04:00:00Z,PIPPINUSDT,0.00005,0.6128,0.6128
2026-02-14T08:00:00Z,PIPPINUSDT,0.00005,0.59439,0.59439
2026-02-14T12:00:00Z,PIPPINUSDT,-0.000173752168276427,0.66316,0.66316
2026-02-14T16:00:00Z,PIPPINUSDT,-0.001091020608825194,0.64497,0.64497
2026-02-14T20:00:00Z,PIPPINUSDT,-0.000990965746201572,0.70743,0.70743
2026-02-15T00:00:00Z,PIPPINUSDT,-0.000759038224482571,0.70148,0.70148
2026-02-15T04:00:00Z,PIPPINUSDT,-0.000871168233806888,0.72755,0.72755
2026-02-15T08:00:00Z,PIPPINUSDT,-0.000199279318250556,0.68918,0.68918
2026-02-15T12:00:00Z,PIPPINUSDT,-0.000814152283720287,0.71,0.71
2026-02-15T16:00:00Z,PIPPINUSDT,-0.00049092993768103,0.71604,0.71604
2026-02-15T20:00:00Z,PIPPINUSDT,-0.000290809591164154,0.72819,0.72819
2026-02-16T00:00:00Z,PIPPINUSDT,-0.00004913324244637,0.69953,0.69953
2026-02-16T04:00:00Z,PIPPINUSDT,-0.000268501974922673,0.68773,0.68773
2026-02-16T08:00:00Z,PIPPINUSDT,-0.000691791680418125,0.71044,0.71044
2026-02-16T12:00:00Z,PIPPINUSDT,-0.000869967500863817,0.72405,0.72405
2026-02-16T16:00:00Z,PIPPINUSDT,-0.000503386679632935,0.72206,0.72206
2026-02-16T20:00:00Z,PIPPINUSDT,-0.000581545303316632,0.71709,0.71709
2026-02-17T00:00:00Z,PIPPINUSDT,-0.000827636410397498,0.66633,0.66633
2026-02-17T04:00:00Z,PIPPINUSDT,-0.000320468025409103,0.64663,0.64663
2026-02-17T08:00:00Z,PIPPINUSDT,-0.000091016205271608,0.62559,0.62559
2026-02-17T12:00:00Z,PIPPINUSDT,0.00005,0.58564,0.58564
2026-02-17T16:00:00Z,PIPPINUSDT,0.000812580921528486,0.52413,0.52413
2026-02-17T20:00:00Z,PIPPINUSDT,0.001031031296130689,0.51884,0.51884
2026-02-18T00:00:00Z,PIPPINUSDT,0.000594528179039249,0.50881,0.50881
2026-02-18T04:00:00Z,PIPPINUSDT,0.000104669804280034,0.45551,0.45551
2026-02-18T08:00:00Z,PIPPINUSDT,0.00005,0.45184,0.45184
2026-02-18T12:00:00Z,PIPPINUSDT,0.00005,0.57516,0.57516
2026-02-18T16:00:00Z,PIPPINUSDT,0.00005,0.54812,0.54812
2026-02-18T20:00:00Z,PIPPINUSDT,0.000242286518027961,0.52159,0.52159
2026-02-19T00:00:00Z,PIPPINUSDT,0.000881710938006419,0.5,0.5
2026-02-19T04:00:00Z,PIPPINUSDT,0.000457453871742913,0.50168,0.50168
2026-02-19T08:00:00Z,PIPPINUSDT,0.000447442306607858,0.47919,0.47919
2026-02-19T12:00:00Z,PIPPINUSDT,0.000572840863844019,0.49359,0.49359
2026-02-19T16:00:00Z,PIPPINUSDT,0.00025068576065573,0.51258,0.51258
2026-02-19T20:00:00Z,PIPPINUSDT,0.000299583500243286,0.49231,0.49231
2026-02-20T00:00:00Z,PIPPINUSDT,0.00054077887663455,0.4806,0.4806
2026-02-20T04:00:00Z,PIPPINUSDT,0.000704600262696627,0.47174,0.47174
2026-02-20T08:00:00Z,PIPPINUSDT,0.00005,0.48294,0.48294
2026-02-20T12:00:00Z,PIPPINUSDT,0.00005,0.49279,0.49279
2026-02-20T16:00:00Z,PIPPINUSDT,0.00005,0.49843,0.49843
2026-02-20T20:00:00Z,PIPPINUSDT,0.00005,0.485,0.485
2026-02-21T00:00:00Z,PIPPINUSDT,0.000455193454396842,0.47945,0.47945
2026-02-21T04:00:00Z,PIPPINUSDT,0.000457670337526057,0.48504,0.48504
2026-02-21T08:00:00Z,PIPPINUSDT,0.000835722178835086,0.49534,0.49534
2026-02-21T12:00:00Z,PIPPINUSDT,0.000638731120670933,0.49572,0.49572
2026-02-21T16:00:00Z,PIPPINUSDT,0.000100877633801004,0.48453,0.48453
2026-02-21T20:00:00Z,PIPPINUSDT,0.000370351426278853,0.47949,0.47949
2026-02-22T00:00:00Z,PIPPINUSDT,0.00046955903928717,0.4911,0.4911
2026-02-22T04:00:00Z,PIPPINUSDT,0.000888545423351325,0.49168,0.49168
2026-02-22T08:00:00Z,PIPPINUSDT,0.000266278811757897,0.56506,0.56506
2026-02-22T12:00:00Z,PIPPINUSDT,-0.000232130868198003,0.62366,0.62366
2026-02-22T16:00:00Z,PIPPINUSDT,0.00005,0.62926,0.62926
2026-02-22T20:00:00Z,PIPPINUSDT,0.00005,0.62421,0.62421
2026-02-23T00:00:00Z,PIPPINUSDT,0.00005,0.62514,0.62514
2026-02-23T04:00:00Z,PIPPINUSDT,0.00005,0.64218,0.64218
2026-02-23T08:00:00Z,PIPPINUSDT,0.00005,0.68288,0.68288
2026-02-23T12:00:00Z,PIPPINUSDT,0.00005,0.715,0.715
2026-02-23T16:00:00Z,PIPPINUSDT,0.00005,0.72855,0.72855
2026-02-23T20:00:00Z,PIPPINUSDT,0.00005,0.72663,0.72663
2026-02-24T00:00:00Z,PIPPINUSDT,-0.000112152976576837,0.73606,0.73606
2026-02-24T04:00:00Z,PIPPINUSDT,-0.000003351248503744,0.73423,0.73423
2026-02-24T08:00:00Z,PIPPINUSDT,-0.000300283084913813,0.74758,0.74758
2026-02-24T12:00:00Z,PIPPINUSDT,0.00005,0.68334,0.68334
2026-02-24T16:00:00Z,PIPPINUSDT,0.00005,0.78232,0.78232
2026-02-24T20:00:00Z,PIPPINUSDT,0.00005,0.8172,0.8172
2026-02-25T00:00:00Z,PIPPINUSDT,0.000116731581145213,0.81225,0.81225
2026-02-25T04:00:00Z,PIPPINUSDT,0.000556860621009835,0.82341,0.82341
2026-02-25T08:00:00Z,PIPPINUSDT,0.000930859521302545,0.78808,0.78808
2026-02-25T12:00:00Z,PIPPINUSDT,0.000124565123173809,0.76023,0.76023
2026-02-25T16:00:00Z,PIPPINUSDT,0.00005,0.71869,0.71869
2026-02-25T20:00:00Z,PIPPINUSDT,0.000527998347926916,0.75905,0.75905
2026-02-26T00:00:00Z,PIPPINUSDT,0.000444308658110158,0.74357,0.74357
2026-02-26T04:00:00Z,PIPPINUSDT,0.000233989715116424,0.74052,0.74052
2026-02-26T08:00:00Z,PIPPINUSDT,0.00010526277182142,0.772,0.772
2026-02-26T12:00:00Z,PIPPINUSDT,0.00005,0.83837,0.83837
2026-02-26T16:00:00Z,PIPPINUSDT,0.00005,0.87695,0.87695
2026-02-26T20:00:00Z,PIPPINUSDT,0.00005,0.82697,0.82697
2026-02-27T00:00:00Z,PIPPINUSDT,0.00005,0.81099,0.81099
2026-02-27T04:00:00Z,PIPPINUSDT,0.00063553622859399,0.8037,0.8037
2026-02-27T08:00:00Z,PIPPINUSDT,0.00005,0.7343,0.7343
2026-02-27T12:00:00Z,PIPPINUSDT,0.000377444902659065,0.65,0.65
2026-02-27T16:00:00Z,PIPPINUSDT,0.000252998247874097,0.5603,0.5603
2026-02-27T20:00:00Z,PIPPINUSDT,0.00005,0.62193,0.62193
2026-02-28T00:00:00Z,PIPPINUSDT,0.00005,0.64469,0.64469
2026-02-28T04:00:00Z,PIPPINUSDT,0.00005,0.694,0.694
2026-02-28T08:00:00Z,PIPPINUSDT,0.00005,0.61072,0.61072
2026-02-28T12:00:00Z,PIPPINUSDT,0.00005,0.62518,0.62518
2026-02-28T16:00:00Z,PIPPINUSDT,0.00005,0.58944,0.58944
2026-02-28T20:00:00Z,PIPPINUSDT,0.00005,0.60036,0.60036
2026-03-01T00:00:00Z,PIPPINUSDT,0.00005,0.5903,0.5903
2026-03-01T04:00:00Z,PIPPINUSDT,0.00005,0.60013,0.60013
2026-03-01T08:00:00Z,PIPPINUSDT,0.00005,0.59038,0.59038
2026-03-01T12:00:00Z,PIPPINUSDT,0.00005,0.60032,0.60032
2026-03-01T16:00:00Z,PIPPINUSDT,0.00005,0.58611,0.58611
2026-03-01T20:00:00Z,PIPPINUSDT,0.00005,0.5628,0.5628
2026-03-02T00:00:00Z,PIPPINUSDT,0.00005,0.56888,0.56888
2026-03-02T04:00:00Z,PIPPINUSDT,0.00005,0.54824,0.54824
2026-03-02T08:00:00Z,PIPPINUSDT,0.00005,0.54561,0.54561
2026-03-02T12:00:00Z,PIPPINUSDT,0.00005,0.53995,0.53995
2026-03-02T16:00:00Z,PIPPINUSDT,0.00005,0.55708,0.55708
2026-03-02T20:00:00Z,PIPPINUSDT,0.00005,0.55402,0.55402
2026-03-03T00:00:00Z,PIPPINUSDT,0.00005,0.55302,0.55302
2026-03-03T04:00:00Z,PIPPINUSDT,0.00005,0.56812,0.56812
2026-03-03T08:00:00Z,PIPPINUSDT,0.00005,0.52914,0.52914
2026-03-03T12:00:00Z,PIPPINUSDT,0.00005,0.50858,0.50858
2026-03-03T16:00:00Z,PIPPINUSDT,0.00005,0.4684,0.4684
2026-03-03T20:00:00Z,PIPPINUSDT,0.000115094912430814,0.40112,0.40112
2026-03-04T00:00:00Z,PIPPINUSDT,0.000218287713551803,0.38135,0.38135
2026-03-04T04:00:00Z,PIPPINUSDT,0.00005,0.36008,0.36008
2026-03-04T08:00:00Z,PIPPINUSDT,0.000100049844830181,0.34035,0.34035
2026-03-04T12:00:00Z,PIPPINUSDT,0.00005,0.32558,0.32558
2026-03-04T16:00:00Z,PIPPINUSDT,0.00005,0.32881,0.32881
2026-03-04T20:00:00Z,PIPPINUSDT,0.00005,0.32848,0.32848
2026-03-05T00:00:00Z,PIPPINUSDT,-0.000092726447755251,0.35195,0.35195
2026-03-05T04:00:00Z,PIPPINUSDT,0.00005,0.36058,0.36058
2026-03-05T08:00:00Z,PIPPINUSDT,0.00005,0.33258,0.33258
2026-03-05T12:00:00Z,PIPPINUSDT,0.000022938438794302,0.3536,0.3536
2026-03-05T16:00:00Z,PIPPINUSDT,0.00005,0.35359,0.35359
2026-03-05T20:00:00Z,PIPPINUSDT,0.00005,0.34906,0.34906
2026-03-06T00:00:00Z,PIPPINUSDT,0.00005,0.34497,0.34497
2026-03-06T04:00:00Z,PIPPINUSDT,0.00005,0.35726,0.35726
2026-03-06T08:00:00Z,PIPPINUSDT,0.00005,0.34825,0.34825
2026-03-06T12:00:00Z,PIPPINUSDT,0.00005,0.352,0.352
2026-03-06T16:00:00Z,PIPPINUSDT,0.00005,0.35037,0.35037
2026-03-06T20:00:00Z,PIPPINUSDT,0.00005,0.36623,0.36623
2026-03-07T00:00:00Z,PIPPINUSDT,0.00005,0.353,0.353
2026-03-07T04:00:00Z,PIPPINUSDT,0.00005,0.35183,0.35183
2026-03-07T08:00:00Z,PIPPINUSDT,0.00005,0.36632,0.36632
2026-03-07T12:00:00Z,PIPPINUSDT,0.00005,0.35557,0.35557
2026-03-07T16:00:00Z,PIPPINUSDT,0.00005,0.36212,0.36212
2026-03-07T20:00:00Z,PIPPINUSDT,0.00005,0.36319,0.36319
2026-03-08T00:00:00Z,PIPPINUSDT,0.00005,0.35131,0.35131
2026-03-08T04:00:00Z,PIPPINUSDT,0.00005,0.36098,0.36098
2026-03-08T08:00:00Z,PIPPINUSDT,0.00005,0.35489,0.35489
2026-03-08T12:00:00Z,PIPPINUSDT,0.00005,0.34742,0.34742
2026-03-08T16:00:00Z,PIPPINUSDT,0.00005,0.34882,0.34882
2026-03-08T20:00:00Z,PIPPINUSDT,0.00005,0.34484,0.34484
2026-03-09T00:00:00Z,PIPPINUSDT,0.000021513944591822,0.33415,0.33415
2026-03-09T04:00:00Z,PIPPINUSDT,0.00005,0.33249,0.33249
2026-03-09T08:00:00Z,PIPPINUSDT,0.00005,0.31892,0.31892
2026-03-09T12:00:00Z,PIPPINUSDT,0.00005,0.31992,0.31992
2026-03-09T16:00:00Z,PIPPINUSDT,0.00005,0.35496,0.35496
2026-03-09T20:00:00Z,PIPPINUSDT,0.00005,0.35205,0.35205
2026-03-10T00:00:00Z,PIPPINUSDT,0.000027802912321594,0.36922,0.36922
2026-03-10T04:00:00Z,PIPPINUSDT,0.00005,0.37175,0.37175
2026-03-10T08:00:00Z,PIPPINUSDT,0.00005,0.36248,0.36248
2026-03-10T12:00:00Z,PIPPINUSDT,-0.000470651690460132,0.34643,0.34643
2026-03-10T16:00:00Z,PIPPINUSDT,-0.000198391388817888,0.3432,0.3432
2026-03-10T20:00:00Z,PIPPINUSDT,-0.000379663716266133,0.35237,0.35237
2026-03-11T00:00:00Z,PIPPINUSDT,0.00005,0.3551,0.3551
2026-03-11T04:00:00Z,PIPPINUSDT,0.00005,0.378,0.378
2026-03-11T08:00:00Z,PIPPINUSDT,0.00005,0.38395,0.38395
2026-03-11T12:00:00Z,PIPPINUSDT,-0.000855857917561045,0.34571,0.34571
2026-03-11T16:00:00Z,PIPPINUSDT,-0.004096155701543646,0.34218,0.34218
2026-03-11T20:00:00Z,PIPPINUSDT,-0.003847764634951802,0.3579,0.3579
2026-03-12T00:00:00Z,PIPPINUSDT,-0.002499435375871994,0.3608,0.3608
2026-03-12T04:00:00Z,PIPPINUSDT,-0.001668738819912233,0.35756,0.35756
2026-03-12T08:00:00Z,PIPPINUSDT,-0.002584947510513676,0.35888,0.35888
2026-03-12T12:00:00Z,PIPPINUSDT,-0.002314261397116269,0.35662,0.35662
2026-03-12T16:00:00Z,PIPPINUSDT,-0.002243698617355369,0.34992,0.34992
2026-03-12T20:00:00Z,PIPPINUSDT,-0.002466746778926697,0.34444,0.34444
2026-03-13T00:00:00Z,PIPPINUSDT,-0.003803122331172795,0.35186,0.35186
2026-03-13T04:00:00Z,PIPPINUSDT,-0.004617486764371186,0.35356,0.35356
2026-03-13T08:00:00Z,PIPPINUSDT,-0.002193823809323611,0.36291,0.36291
2026-03-13T12:00:00Z,PIPPINUSDT,-0.001149762485511232,0.3605,0.3605
2026-03-13T16:00:00Z,PIPPINUSDT,-0.001820967066955087,0.35355,0.35355
2026-03-13T20:00:00Z,PIPPINUSDT,-0.001830820887612822,0.35733,0.35733
2026-03-14T00:00:00Z,PIPPINUSDT,-0.001319886084395057,0.35861,0.35861
2026-03-14T04:00:00Z,PIPPINUSDT,-0.001212643048545967,0.36208,0.36208
2026-03-14T08:00:00Z,PIPPINUSDT,-0.000674954284627991,0.36735,0.36735
2026-03-14T12:00:00Z,PIPPINUSDT,-0.00025760760682758,0.36347,0.36347
2026-03-14T16:00:00Z,PIPPINUSDT,-0.000549523594968441,0.36808,0.36808
2026-03-14T20:00:00Z,PIPPINUSDT,-0.000691212531731903,0.37361,0.37361
2026-03-15T00:00:00Z,PIPPINUSDT,-0.001235485530162625,0.37219,0.37219
2026-03-15T04:00:00Z,PIPPINUSDT,-0.00814353880669352,0.36195,0.36195
2026-03-15T08:00:00Z,PIPPINUSDT,-0.004933955673293315,0.36746,0.36746
2026-03-15T12:00:00Z,PIPPINUSDT,-0.00168568456206499,0.37266,0.37266
2026-03-15T16:00:00Z,PIPPINUSDT,-0.001894375146181761,0.36625,0.36625
2026-03-15T20:00:00Z,PIPPINUSDT,-0.001259381681586463,0.35444,0.35444
2026-03-16T00:00:00Z,PIPPINUSDT,-0.002435805378294683,0.3683,0.3683
2026-03-16T04:00:00Z,PIPPINUSDT,-0.001114323548225418,0.36926,0.36926
2026-03-16T08:00:00Z,PIPPINUSDT,-0.003625905920082878,0.36233,0.36233
2026-03-16T12:00:00Z,PIPPINUSDT,-0.009910266189778746,0.35911,0.35911
2026-03-16T16:00:00Z,PIPPINUSDT,-0.015945457059351613,0.34072,0.34072
2026-03-16T20:00:00Z,PIPPINUSDT,-0.02,0.2101,0.2101
2026-03-17T00:00:00Z,PIPPINUSDT,-0.006766220946648126,0.18605,0.18605
2026-03-17T02:00:00Z,PIPPINUSDT,-0.00045815375533169,0.16646,0.16646
2026-03-17T03:00:00Z,PIPPINUSDT,-0.000368682995178887,0.16646,0.16646
2026-03-17T04:00:00Z,PIPPINUSDT,-0.000384071448507686,0.16534,0.16534
2026-03-17T05:00:00Z,PIPPINUSDT,-0.000831151700206918,0.17471,0.17471
2026-03-17T06:00:00Z,PIPPINUSDT,-0.000753970057254709,0.17471,0.17471
2026-03-17T07:00:00Z,PIPPINUSDT,-0.000756538525495078,0.17471,0.17471
2026-03-17T08:00:00Z,PIPPINUSDT,-0.001016891837151267,0.17444,0.17444
2026-03-17T09:00:00Z,PIPPINUSDT,-0.001499843568176123,0.18161,0.18161
2026-03-17T10:00:00Z,PIPPINUSDT,-0.001172188361659223,0.18161,0.18161
2026-03-17T11:00:00Z,PIPPINUSDT,-0.00181888961040117,0.18161,0.18161
2026-03-17T12:00:00Z,PIPPINUSDT,-0.001627004275982082,0.18142,0.18142
2026-03-17T13:00:00Z,PIPPINUSDT,-0.0034951520479513,0.16925,0.16925
2026-03-17T14:00:00Z,PIPPINUSDT,-0.005365060495987638,0.16925,0.16925
2026-03-17T15:00:00Z,PIPPINUSDT,-0.005470488299537923,0.16925,0.16925
2026-03-17T16:00:00Z,PIPPINUSDT,-0.006691130885820523,0.16953,0.16953
2026-03-17T17:00:00Z,PIPPINUSDT,-0.006976669343607085,0.14285,0.14285
2026-03-17T18:00:00Z,PIPPINUSDT,-0.002593813163824037,0.14285,0.14285
2026-03-17T19:00:00Z,PIPPINUSDT,-0.002947985579522677,0.14285,0.14285
2026-03-17T20:00:00Z,PIPPINUSDT,-0.002333311704579799,0.14279,0.14279
2026-03-17T21:00:00Z,PIPPINUSDT,-0.002115010128652955,0.12745,0.12745
2026-03-17T22:00:00Z,PIPPINUSDT,-0.002693760754729482,0.12745,0.12745
2026-03-17T23:00:00Z,PIPPINUSDT,-0.002377583460610967,0.12745,0.12745
2026-03-18T00:00:00Z,PIPPINUSDT,-0.001709863616407743,0.12751,0.12751
2026-03-18T01:00:00Z,PIPPINUSDT,-0.001038450804690536,0.12995,0.12995
2026-03-18T02:00:00Z,PIPPINUSDT,-0.001032311344568688,0.12995,0.12995
2026-03-18T03:00:00Z,PIPPINUSDT,-0.000844665602884227,0.12995,0.12995
2026-03-18T04:00:00Z,PIPPINUSDT,-0.00100901885933653,0.12997,0.12997
2026-03-18T05:00:00Z,PIPPINUSDT,-0.000763281076758331,0.12363,0.12363
2026-03-18T06:00:00Z,PIPPINUSDT,-0.000654826450441483,0.12363,0.12363
2026-03-18T07:00:00Z,PIPPINUSDT,-0.000908168002999293,0.12363,0.12363
2026-03-18T08:00:00Z,PIPPINUSDT,-0.000807890731773741,0.12357,0.12357
2026-03-18T09:00:00Z,PIPPINUSDT,-0.000790086382628619,0.11062,0.11062
2026-03-18T10:00:00Z,PIPPINUSDT,-0.001066163809734009,0.11062,0.11062
2026-03-18T11:00:00Z,PIPPINUSDT,-0.000728483108125584,0.11062,0.11062
2026-03-18T12:00:00Z,PIPPINUSDT,-0.000085935682836976,0.11092,0.11092
2026-03-18T13:00:00Z,PIPPINUSDT,-0.000320215197607994,0.1137,0.1137
2026-03-18T14:00:00Z,PIPPINUSDT,-0.000581837403272756,0.1137,0.1137
2026-03-18T15:00:00Z,PIPPINUSDT,-0.000982833615178816,0.1137,0.1137
2026-03-18T16:00:00Z,PIPPINUSDT,-0.001112717048855237,0.11393,0.11393
2026-03-18T17:00:00Z,PIPPINUSDT,-0.001730864827566567,0.0924,0.0924
2026-03-18T18:00:00Z,PIPPINUSDT,-0.001230707337845538,0.0924,0.0924
2026-03-18T19:00:00Z,PIPPINUSDT,-0.000811463086790894,0.0924,0.0924
2026-03-18T20:00:00Z,PIPPINUSDT,-0.000546476553629375,0.09248,0.09248
2026-03-18T21:00:00Z,PIPPINUSDT,-0.000598641565267723,0.09481,0.09481
2026-03-18T22:00:00Z,PIPPINUSDT,-0.000295369438868856,0.09481,0.09481
2026-03-18T23:00:00Z,PIPPINUSDT,-0.000118741545790773,0.09481,0.09481
2026-03-19T00:00:00Z,PIPPINUSDT,-0.000196099528138313,0.09482,0.09482
2026-03-19T01:00:00Z,PIPPINUSDT,-0.00019818832075191,0.11358,0.11358
2026-03-19T02:00:00Z,PIPPINUSDT,-0.000252532913014056,0.11358,0.11358
2026-03-19T03:00:00Z,PIPPINUSDT,-0.000126002311311277,0.11358,0.11358
2026-03-19T04:00:00Z,PIPPINUSDT,-0.000142697085401296,0.11368,0.11368
2026-03-19T05:00:00Z,PIPPINUSDT,-0.000040394257048246,0.10221,0.10221
2026-03-19T06:00:00Z,PIPPINUSDT,-0.000218653536195147,0.10221,0.10221
2026-03-19T07:00:00Z,PIPPINUSDT,-0.000182121571319219,0.10221,0.10221
2026-03-19T08:00:00Z,PIPPINUSDT,-0.000078792902586808,0.10229,0.10229
2026-03-19T09:00:00Z,PIPPINUSDT,-0.000135158056283459,0.11286,0.11286
2026-03-19T10:00:00Z,PIPPINUSDT,-0.00006871808340989,0.11286,0.11286
2026-03-19T11:00:00Z,PIPPINUSDT,-0.000103984830308662,0.11286,0.11286
2026-03-19T12:00:00Z,PIPPINUSDT,-0.000071983405377913,0.11307,0.11307
2026-03-19T13:00:00Z,PIPPINUSDT,-0.00018508014120269,0.10534,0.10534
2026-03-19T14:00:00Z,PIPPINUSDT,-0.000210654974414127,0.10534,0.10534
2026-03-19T15:00:00Z,PIPPINUSDT,-0.000153890876785386,0.10534,0.10534
2026-03-19T16:00:00Z,PIPPINUSDT,-0.000129194126121507,0.10548,0.10548
2026-03-19T17:00:00Z,PIPPINUSDT,-0.000123250012588536,0.10016,0.10016
2026-03-19T18:00:00Z,PIPPINUSDT,-0.000089224991412057,0.10016,0.10016
2026-03-19T19:00:00Z,PIPPINUSDT,-0.000116125213853168,0.10016,0.10016
2026-03-19T20:00:00Z,PIPPINUSDT,0.0000125,0.10011,0.10011
2026-03-19T21:00:00Z,PIPPINUSDT,-0.00011208153344598,0.09563,0.09563
2026-03-19T22:00:00Z,PIPPINUSDT,-0.000139643222911038,0.09563,0.09563
2026-03-19T23:00:00Z,PIPPINUSDT,-0.000094236797675311,0.09563,0.09563
2026-03-20T00:00:00Z,PIPPINUSDT,-0.000016922246861786,0.0958,0.0958
2026-03-20T04:00:00Z,PIPPINUSDT,-0.000016266719136743,0.09724,0.09724
2026-03-20T08:00:00Z,PIPPINUSDT,0.00005,0.08113,0.08113
2026-03-20T12:00:00Z,PIPPINUSDT,0.00005,0.08682,0.08682
2026-03-20T16:00:00Z,PIPPINUSDT,0.00005,0.10058,0.10058
2026-03-20T20:00:00Z,PIPPINUSDT,0.00005,0.10201,0.10201
2026-03-21T00:00:00Z,PIPPINUSDT,0.00005,0.10167,0.10167
2026-03-21T04:00:00Z,PIPPINUSDT,0.00005,0.10344,0.10344
2026-03-21T08:00:00Z,PIPPINUSDT,0.00005,0.0941,0.0941
2026-03-21T12:00:00Z,PIPPINUSDT,0.00005,0.09859,0.09859
2026-03-21T16:00:00Z,PIPPINUSDT,0.00005,0.10111,0.10111
2026-03-21T20:00:00Z,PIPPINUSDT,0.000349390687614378,0.10183,0.10183
2026-03-22T00:00:00Z,PIPPINUSDT,0.000281467142187922,0.09861,0.09861
2026-03-22T04:00:00Z,PIPPINUSDT,0.000474020580131452,0.09683,0.09683
2026-03-22T08:00:00Z,PIPPINUSDT,0.000079820219438583,0.09348,0.09348
2026-03-22T12:00:00Z,PIPPINUSDT,0.00005,0.09414,0.09414
2026-03-22T16:00:00Z,PIPPINUSDT,0.000202686016809354,0.10203,0.10203
2026-03-22T20:00:00Z,PIPPINUSDT,0.000231154102923432,0.09476,0.09476
2026-03-23T00:00:00Z,PIPPINUSDT,0.000384593953679459,0.09088,0.09088
2026-03-23T04:00:00Z,PIPPINUSDT,0.00005,0.08914,0.08914
2026-03-23T08:00:00Z,PIPPINUSDT,0.000455187366258395,0.0882,0.0882
2026-03-23T12:00:00Z,PIPPINUSDT,0.000678033893430064,0.09312,0.09312
2026-03-23T16:00:00Z,PIPPINUSDT,0.000425056254282789,0.08963,0.08963
2026-03-23T20:00:00Z,PIPPINUSDT,0.000561268199577032,0.0857,0.0857
2026-03-24T00:00:00Z,PIPPINUSDT,0.000089828903012803,0.07186,0.07186
2026-03-24T04:00:00Z,PIPPINUSDT,0.000080611041201376,0.08419,0.08419
2026-03-24T08:00:00Z,PIPPINUSDT,0.000068768951730723,0.08796,0.08796
2026-03-24T12:00:00Z,PIPPINUSDT,0.000060584136019407,0.08547,0.08547
2026-03-24T16:00:00Z,PIPPINUSDT,0.00005,0.08537,0.08537
2026-03-24T20:00:00Z,PIPPINUSDT,0.00005,0.07933,0.07933
2026-03-25T00:00:00Z,PIPPINUSDT,0.00005,0.07975,0.07975
2026-03-25T04:00:00Z,PIPPINUSDT,0.00005,0.08144,0.08144
2026-03-25T08:00:00Z,PIPPINUSDT,0.00005,0.07808,0.07808
2026-03-25T12:00:00Z,PIPPINUSDT,0.00005,0.07488,0.07488
2026-03-25T16:00:00Z,PIPPINUSDT,0.00005,0.07406,0.07406
2026-03-25T20:00:00Z,PIPPINUSDT,0.001236567554143053,0.04578,0.04578
2026-03-26T00:00:00Z,PIPPINUSDT,0.002047245845546666,0.05101,0.05101
2026-03-26T04:00:00Z,PIPPINUSDT,0.000257047535190582,0.05364,0.05364
2026-03-26T08:00:00Z,PIPPINUSDT,0.000112097918355807,0.05804,0.05804
2026-03-26T12:00:00Z,PIPPINUSDT,0.00005,0.05881,0.05881
2026-03-26T16:00:00Z,PIPPINUSDT,0.00005,0.05815,0.05815
2026-03-26T20:00:00Z,PIPPINUSDT,0.00012612139139328,0.0551,0.0551
2026-03-27T00:00:00Z,PIPPINUSDT,0.00036155544340971,0.05462,0.05462
2026-03-27T04:00:00Z,PIPPINUSDT,0.000287077989841645,0.05413,0.05413
2026-03-27T08:00:00Z,PIPPINUSDT,0.000784766918414578,0.05096,0.05096
2026-03-27T12:00:00Z,PIPPINUSDT,0.000227318225113142,0.05591,0.05591
2026-03-27T16:00:00Z,PIPPINUSDT,0.00005,0.05488,0.05488
2026-03-27T20:00:00Z,PIPPINUSDT,0.000725275137285816,0.05254,0.05254
2026-03-28T00:00:00Z,PIPPINUSDT,0.000659144679477345,0.05215,0.05215
2026-03-28T04:00:00Z,PIPPINUSDT,0.000562310008817839,0.05736,0.05736
2026-03-28T08:00:00Z,PIPPINUSDT,0.000169522539231786,0.05397,0.05397
2026-03-28T12:00:00Z,PIPPINUSDT,0.001533163328324445,0.05306,0.05306
2026-03-28T16:00:00Z,PIPPINUSDT,0.001638176576659149,0.05419,0.05419
2026-03-28T20:00:00Z,PIPPINUSDT,0.000668051030549795,0.05395,0.05395
2026-03-29T00:00:00Z,PIPPINUSDT,0.000174108865231873,0.05604,0.05604
2026-03-29T04:00:00Z,PIPPINUSDT,0.000199465450891137,0.05267,0.05267
2026-03-29T08:00:00Z,PIPPINUSDT,0.001001859998891398,0.05386,0.05386
2026-03-29T12:00:00Z,PIPPINUSDT,0.000895577702836563,0.05574,0.05574
2026-03-29T16:00:00Z,PIPPINUSDT,0.00082518287216512,0.05346,0.05346
2026-03-29T20:00:00Z,PIPPINUSDT,0.000618894091167258,0.05232,0.05232
2026-03-30T00:00:00Z,PIPPINUSDT,0.000070937706281361,0.05316,0.05316
2026-03-30T04:00:00Z,PIPPINUSDT,0.000736381889518786,0.05354,0.05354
2026-03-30T08:00:00Z,PIPPINUSDT,0.000636105187181175,0.05368,0.05368
2026-03-30T12:00:00Z,PIPPINUSDT,0.00005,0.05471,0.05471
2026-03-30T16:00:00Z,PIPPINUSDT,0.00005,0.05431,0.05431
2026-03-30T20:00:00Z,PIPPINUSDT,0.000891141840593764,0.0542,0.0542
2026-03-31T00:00:00Z,PIPPINUSDT,0.001876739941422753,0.05417,0.05417
2026-03-31T04:00:00Z,PIPPINUSDT,0.001034121391620528,0.05766,0.05766
2026-03-31T08:00:00Z,PIPPINUSDT,0.001120604645460786,0.05482,0.05482
2026-03-31T12:00:00Z,PIPPINUSDT,0.00005,0.0512,0.0512
2026-03-31T16:00:00Z,PIPPINUSDT,0.00005,0.05008,0.05008
2026-03-31T20:00:00Z,PIPPINUSDT,0.00005,0.04841,0.04841
2026-04-01T00:00:00Z,PIPPINUSDT,-0.000028274853276451,0.04847,0.04847
2026-04-01T04:00:00Z,PIPPINUSDT,-0.00004183216442741,0.05134,0.05134
2026-04-01T08:00:00Z,PIPPINUSDT,-0.001314466819494225,0.05411,0.05411
2026-04-01T12:00:00Z,PIPPINUSDT,-0.00161837156901803,0.05893,0.05893
2026-04-01T16:00:00Z,PIPPINUSDT,-0.001117976949328181,0.07459,0.07459
2026-04-01T20:00:00Z,PIPPINUSDT,-0.000031631623667827,0.05819,0.05819
2026-04-02T00:00:00Z,PIPPINUSDT,0.00005,0.05856,0.05856
2026-04-02T04:00:00Z,PIPPINUSDT,0.00005,0.06216,0.06216
2026-04-02T08:00:00Z,PIPPINUSDT,-0.000206467963177374,0.06171,0.06171
2026-04-02T12:00:00Z,PIPPINUSDT,-0.000299680720095247,0.06199,0.06199
2026-04-02T16:00:00Z,PIPPINUSDT,-0.000173124784996812,0.06438,0.06438
2026-04-02T20:00:00Z,PIPPINUSDT,-0.000299116336694654,0.06079,0.06079
2026-04-03T00:00:00Z,PIPPINUSDT,-0.000307876539635095,0.06308,0.06308
2026-04-03T04:00:00Z,PIPPINUSDT,-0.001005579717988795,0.06177,0.06177
2026-04-03T08:00:00Z,PIPPINUSDT,-0.00116622042013043,0.05544,0.05544
2026-04-03T12:00:00Z,PIPPINUSDT,-0.02,0.05767,0.05767
2026-04-03T16:00:00Z,PIPPINUSDT,-0.02,0.03692,0.03692
2026-04-03T17:00:00Z,PIPPINUSDT,-0.000908525425319002,0.03079,0.03079
2026-04-03T18:00:00Z,PIPPINUSDT,0.0000125,0.03079,0.03079
2026-04-03T19:00:00Z,PIPPINUSDT,0.0000125,0.03079,0.03079
2026-04-03T20:00:00Z,PIPPINUSDT,0.0000125,0.03075,0.03075
2026-04-03T21:00:00Z,PIPPINUSDT,0.0000125,0.02854,0.02854
2026-04-03T22:00:00Z,PIPPINUSDT,0.0000125,0.02854,0.02854
2026-04-03T23:00:00Z,PIPPINUSDT,-0.000170281368270504,0.02854,0.02854
2026-04-04T00:00:00Z,PIPPINUSDT,0.0000125,0.02856,0.02856
2026-04-04T01:00:00Z,PIPPINUSDT,0.0000125,0.02978,0.02978
2026-04-04T02:00:00Z,PIPPINUSDT,0.0000125,0.02978,0.02978
2026-04-04T03:00:00Z,PIPPINUSDT,0.0000125,0.02978,0.02978
2026-04-04T04:00:00Z,PIPPINUSDT,0.0000125,0.02976,0.02976
2026-04-04T05:00:00Z,PIPPINUSDT,0.0000125,0.03626,0.03626
2026-04-04T06:00:00Z,PIPPINUSDT,0.000156557792010782,0.03626,0.03626
2026-04-04T07:00:00Z,PIPPINUSDT,0.0000125,0.03626,0.03626
2026-04-04T08:00:00Z,PIPPINUSDT,0.000031714708794122,0.0364,0.0364
2026-04-04T09:00:00Z,PIPPINUSDT,0.0000125,0.0377,0.0377
2026-04-04T10:00:00Z,PIPPINUSDT,0.0000125,0.0377,0.0377
2026-04-04T11:00:00Z,PIPPINUSDT,0.0000125,0.0377,0.0377
2026-04-04T12:00:00Z,PIPPINUSDT,0.000153372039132724,0.03781,0.03781
2026-04-04T16:00:00Z,PIPPINUSDT,0.000114191614900513,0.03812,0.03812
2026-04-04T20:00:00Z,PIPPINUSDT,0.000491626183313023,0.04277,0.04277
2026-04-05T00:00:00Z,PIPPINUSDT,0.00005,0.04133,0.04133
2026-04-05T04:00:00Z,PIPPINUSDT,0.00005,0.04415,0.04415
2026-04-05T08:00:00Z,PIPPINUSDT,0.000127940128297925,0.0459,0.0459
2026-04-05T12:00:00Z,PIPPINUSDT,0.00005,0.04523,0.04523
2026-04-05T16:00:00Z,PIPPINUSDT,0.000140423929879474,0.04621,0.04621
2026-04-05T20:00:00Z,PIPPINUSDT,0.000304539127531645,0.0453,0.0453
2026-04-06T00:00:00Z,PIPPINUSDT,0.000562361719077288,0.04544,0.04544
2026-04-06T04:00:00Z,PIPPINUSDT,0.000980060741739114,0.042,0.042
2026-04-06T08:00:00Z,PIPPINUSDT,0.001039408248391609,0.03516,0.03516
2026-04-06T12:00:00Z,PIPPINUSDT,0.001455670800131081,0.033,0.033
2026-04-06T16:00:00Z,PIPPINUSDT,0.001354530526913792,0.03312,0.03312
2026-04-06T20:00:00Z,PIPPINUSDT,0.001153043774260141,0.03453,0.03453
2026-04-07T00:00:00Z,PIPPINUSDT,0.001177278205701857,0.03299,0.03299
2026-04-07T04:00:00Z,PIPPINUSDT,0.001001428150859306,0.03375,0.03375
2026-04-07T08:00:00Z,PIPPINUSDT,0.0021014588875775,0.03332,0.03332
2026-04-07T12:00:00Z,PIPPINUSDT,0.001474974418490902,0.03441,0.03441
2026-04-07T16:00:00Z,PIPPINUSDT,0.000281069458241154,0.03446,0.03446
2026-04-07T20:00:00Z,PIPPINUSDT,0.002047956153830583,0.03373,0.03373
2026-04-08T00:00:00Z,PIPPINUSDT,0.002228950237505487,0.03441,0.03441
2026-04-08T04:00:00Z,PIPPINUSDT,0.00005,0.03355,0.03355
2026-04-08T08:00:00Z,PIPPINUSDT,0.000782299933694147,0.03227,0.03227
2026-04-08T12:00:00Z,PIPPINUSDT,0.000360231817022383,0.03289,0.03289
2026-04-08T16:00:00Z,PIPPINUSDT,0.00058708133736943,0.03245,0.03245
2026-04-08T20:00:00Z,PIPPINUSDT,0.000701579759424487,0.03344,0.03344
2026-04-09T00:00:00Z,PIPPINUSDT,0.00005,0.03294,0.03294
2026-04-09T04:00:00Z,PIPPINUSDT,0.000356151203945258,0.03245,0.03245
2026-04-09T08:00:00Z,PIPPINUSDT,0.000521450802336848,0.03295,0.03295
2026-04-09T12:00:00Z,PIPPINUSDT,0.000414375451575016,0.03258,0.03258
2026-04-09T16:00:00Z,PIPPINUSDT,0.000315501094704892,0.03301,0.03301
2026-04-09T20:00:00Z,PIPPINUSDT,0.00005,0.02952,0.02952
2026-04-10T00:00:00Z,PIPPINUSDT,0.00005,0.03064,0.03064
2026-04-10T04:00:00Z,PIPPINUSDT,0.00005,0.03089,0.03089
2026-04-10T08:00:00Z,PIPPINUSDT,0.000132647374620349,0.03057,0.03057
2026-04-10T12:00:00Z,PIPPINUSDT,0.00005,0.02946,0.02946
2026-04-10T16:00:00Z,PIPPINUSDT,0.00005,0.02956,0.02956
2026-04-10T20:00:00Z,PIPPINUSDT,-0.000210763574013066,0.0302,0.0302
2026-04-11T00:00:00Z,PIPPINUSDT,0.00005,0.02994,0.02994
2026-04-11T04:00:00Z,PIPPINUSDT,0.000127378859488769,0.02928,0.02928
2026-04-11T08:00:00Z,PIPPINUSDT,0.00005,0.03011,0.03011
2026-04-11T12:00:00Z,PIPPINUSDT,0.000196116876105395,0.02865,0.02865
2026-04-11T16:00:00Z,PIPPINUSDT,0.00005,0.02933,0.02933
2026-04-11T20:00:00Z,PIPPINUSDT,0.00005,0.02935,0.02935
2026-04-12T00:00:00Z,PIPPINUSDT,0.00005,0.0294,0.0294
2026-04-12T04:00:00Z,PIPPINUSDT,0.00005,0.03089,0.03089
2026-04-12T08:00:00Z,PIPPINUSDT,0.000134554619468856,0.02911,0.02911
2026-04-12T12:00:00Z,PIPPINUSDT,0.000106644266672449,0.0293,0.0293
2026-04-12T16:00:00Z,PIPPINUSDT,0.00005,0.02768,0.02768
2026-04-12T20:00:00Z,PIPPINUSDT,0.00005,0.02679,0.02679
2026-04-13T00:00:00Z,PIPPINUSDT,0.00005,0.02683,0.02683
2026-04-13T04:00:00Z,PIPPINUSDT,0.00005,0.02605,0.02605
2026-04-13T08:00:00Z,PIPPINUSDT,0.00005,0.0257,0.0257
2026-04-13T12:00:00Z,PIPPINUSDT,0.00005,0.02628,0.02628
2026-04-13T16:00:00Z,PIPPINUSDT,0.00005,0.02485,0.02485
2026-04-13T20:00:00Z,PIPPINUSDT,0.00005,0.0267,0.0267
2026-04-14T00:00:00Z,PIPPINUSDT,0.00005,0.02651,0.02651
2026-04-14T04:00:00Z,PIPPINUSDT,0.00005,0.02616,0.02616
2026-04-14T08:00:00Z,PIPPINUSDT,0.00005,0.02576,0.02576
2026-04-14T12:00:00Z,PIPPINUSDT,0.00005,0.02541,0.02541
2026-04-14T16:00:00Z,PIPPINUSDT,0.00005,0.0264,0.0264
2026-04-14T20:00:00Z,PIPPINUSDT,0.00005,0.02606,0.02606
2026-04-15T00:00:00Z,PIPPINUSDT,0.00005,0.02583,0.02583
2026-04-15T04:00:00Z,PIPPINUSDT,0.000080311247943625,0.02595,0.02595
2026-04-15T08:00:00Z,PIPPINUSDT,0.00005,0.02434,0.02434
2026-04-15T12:00:00Z,PIPPINUSDT,0.00005,0.02446,0.02446
2026-04-15T16:00:00Z,PIPPINUSDT,0.00005,0.02442,0.02442
2026-04-15T20:00:00Z,PIPPINUSDT,0.000217947091310041,0.02602,0.02602
2026-04-16T00:00:00Z,PIPPINUSDT,0.000499362038834407,0.02588,0.02588
2026-04-16T04:00:00Z,PIPPINUSDT,0.000352453880959724,0.02581,0.02581
2026-04-16T08:00:00Z,PIPPINUSDT,0.000121070909233833,0.0363,0.0363
2026-04-16T12:00:00Z,PIPPINUSDT,0.000516552003935378,0.03417,0.03417
2026-04-16T16:00:00Z,PIPPINUSDT,0.000515657498930411,0.03574,0.03574
2026-04-16T20:00:00Z,PIPPINUSDT,0.000908126705534319,0.03808,0.03808
2026-04-17T00:00:00Z,PIPPINUSDT,0.0008524189949649,0.04098,0.04098
2026-04-17T04:00:00Z,PIPPINUSDT,0.000488710234310723,0.03589,0.03589
2026-04-17T08:00:00Z,PIPPINUSDT,0.000280708156282707,0.03456,0.03456
2026-04-17T12:00:00Z,PIPPINUSDT,0.000304431821460212,0.03495,0.03495
2026-04-17T16:00:00Z,PIPPINUSDT,0.000218704133550864,0.03163,0.03163
2026-04-17T20:00:00Z,PIPPINUSDT,0.000177074279273115,0.03129,0.03129
2026-04-18T00:00:00Z,PIPPINUSDT,0.000425676324606164,0.03188,0.03188
2026-04-18T04:00:00Z,PIPPINUSDT,0.000125259339363793,0.03028,0.03028
2026-04-18T08:00:00Z,PIPPINUSDT,0.00005603801554197,0.02933,0.02933
2026-04-18T12:00:00Z,PIPPINUSDT,0.000077574612166518,0.02885,0.02885
2026-04-18T16:00:00Z,PIPPINUSDT,0.000143966105027336,0.02932,0.02932
2026-04-18T20:00:00Z,PIPPINUSDT,0.000232035610600044,0.028,0.028
2026-04-19T00:00:00Z,PIPPINUSDT,0.000299374557725695,0.02737,0.02737
2026-04-19T04:00:00Z,PIPPINUSDT,0.00005,0.02651,0.02651
2026-04-19T08:00:00Z,PIPPINUSDT,0.00005,0.02674,0.02674
2026-04-19T12:00:00Z,PIPPINUSDT,0.000149208690212255,0.02606,0.02606
2026-04-19T16:00:00Z,PIPPINUSDT,0.00005,0.0255,0.0255
2026-04-19T20:00:00Z,PIPPINUSDT,0.00005,0.02551,0.02551
2026-04-20T00:00:00Z,PIPPINUSDT,0.00005,0.02458,0.02458
2026-04-20T04:00:00Z,PIPPINUSDT,0.000255989432539754,0.02463,0.02463
2026-04-20T08:00:00Z,PIPPINUSDT,0.000143674932953149,0.02373,0.02373
2026-04-20T12:00:00Z,PIPPINUSDT,0.00005,0.02456,0.02456
2026-04-20T16:00:00Z,PIPPINUSDT,0.00005,0.02418,0.02418
2026-04-20T20:00:00Z,PIPPINUSDT,0.00005,0.02503,0.02503
2026-04-21T00:00:00Z,PIPPINUSDT,0.00005,0.02549,0.02549
2026-04-21T04:00:00Z,PIPPINUSDT,0.00006308573964219,0.02553,0.02553
2026-04-21T08:00:00Z,PIPPINUSDT,0.00005,0.02488,0.02488
2026-04-21T12:00:00Z,PIPPINUSDT,0.00005,0.02466,0.02466
2026-04-21T16:00:00Z,PIPPINUSDT,0.00005,0.02484,0.02484
2026-04-21T20:00:00Z,PIPPINUSDT,0.00008333220172391,0.02476,0.02476
2026-04-22T00:00:00Z,PIPPINUSDT,0.000322271279614284,0.02509,0.02509
2026-04-22T04:00:00Z,PIPPINUSDT,0.000502960239591669,0.02511,0.02511
2026-04-22T08:00:00Z,PIPPINUSDT,0.000581572883284486,0.02504,0.02504
2026-04-22T12:00:00Z,PIPPINUSDT,0.00005,0.02472,0.02472
2026-04-22T16:00:00Z,PIPPINUSDT,0.000376877325928468,0.02464,0.02464
2026-04-22T20:00:00Z,PIPPINUSDT,0.00005,0.02431,0.02431
2026-04-23T00:00:00Z,PIPPINUSDT,0.00005,0.02416,0.02416
2026-04-23T04:00:00Z,PIPPINUSDT,0.00005,0.0239,0.0239
2026-04-23T08:00:00Z,PIPPINUSDT,0.00005,0.02366,0.02366
2026-04-23T12:00:00Z,PIPPINUSDT,0.00005,0.02328,0.02328
2026-04-23T16:00:00Z,PIPPINUSDT,0.0002172508332221,0.02388,0.02388
2026-04-23T20:00:00Z,PIPPINUSDT,0.001393796340653935,0.02514,0.02514
2026-04-24T00:00:00Z,PIPPINUSDT,0.001624690812254764,0.02521,0.02521
2026-04-24T04:00:00Z,PIPPINUSDT,0.001059558425385571,0.02501,0.02501
2026-04-24T08:00:00Z,PIPPINUSDT,0.001578640252650705,0.02508,0.02508
2026-04-24T12:00:00Z,PIPPINUSDT,0.001161292451955977,0.0252,0.0252
2026-04-24T16:00:00Z,PIPPINUSDT,0.001099214071550647,0.02553,0.02553
2026-04-24T20:00:00Z,PIPPINUSDT,0.001410000411221867,0.02682,0.02682
2026-04-25T00:00:00Z,PIPPINUSDT,0.00005,0.02848,0.02848
2026-04-25T04:00:00Z,PIPPINUSDT,0.001454731922850307,0.02687,0.02687
2026-04-25T08:00:00Z,PIPPINUSDT,0.000511052652824706,0.02916,0.02916
2026-04-25T12:00:00Z,PIPPINUSDT,0.000434439740002552,0.02854,0.02854
2026-04-25T16:00:00Z,PIPPINUSDT,0.00005,0.02989,0.02989
2026-04-25T20:00:00Z,PIPPINUSDT,0.001321152281165596,0.03134,0.03134
2026-04-26T00:00:00Z,PIPPINUSDT,0.0003342594132319,0.03114,0.03114
2026-04-26T04:00:00Z,PIPPINUSDT,0.000901767593990196,0.02953,0.02953
2026-04-26T08:00:00Z,PIPPINUSDT,0.000896307151799538,0.02747,0.02747
2026-04-26T12:00:00Z,PIPPINUSDT,0.000721612138823142,0.028,0.028
2026-04-26T16:00:00Z,PIPPINUSDT,0.000197693941058132,0.02883,0.02883
2026-04-26T20:00:00Z,PIPPINUSDT,0.00029510745132282,0.0295,0.0295
2026-04-27T00:00:00Z,PIPPINUSDT,0.000498750946675059,0.02988,0.02988
2026-04-27T04:00:00Z,PIPPINUSDT,0.000405411138154877,0.03094,0.03094
2026-04-27T08:00:00Z,PIPPINUSDT,0.000260881776852919,0.02889,0.02889
2026-04-27T12:00:00Z,PIPPINUSDT,0.00005,0.02878,0.02878
2026-04-27T16:00:00Z,PIPPINUSDT,0.000180283901217068,0.026,0.026
2026-04-27T20:00:00Z,PIPPINUSDT,0.00005,0.02583,0.02583
2026-04-28T00:00:00Z,PIPPINUSDT,0.000179532174517156,0.02634,0.02634
2026-04-28T04:00:00Z,PIPPINUSDT,0.000387114155897422,0.02661,0.02661
2026-04-28T08:00:00Z,PIPPINUSDT,0.00005,0.02605,0.02605
2026-04-28T12:00:00Z,PIPPINUSDT,0.000101309597887467,0.02608,0.02608
2026-04-28T16:00:00Z,PIPPINUSDT,0.00005,0.02625,0.02625
2026-04-28T20:00:00Z,PIPPINUSDT,0.000582960389723552,0.02694,0.02694
2026-04-29T00:00:00Z,PIPPINUSDT,0.00005,0.02632,0.02632
2026-04-29T04:00:00Z,PIPPINUSDT,0.000164937134324311,0.02639,0.02639
2026-04-29T08:00:00Z,PIPPINUSDT,0.000321122110806729,0.02618,0.02618
2026-04-29T12:00:00Z,PIPPINUSDT,0.000093420367286303,0.02578,0.02578
2026-04-29T16:00:00Z,PIPPINUSDT,0.000308454775979817,0.02561,0.02561
2026-04-29T20:00:00Z,PIPPINUSDT,0.00005,0.0251,0.0251
2026-04-30T00:00:00Z,PIPPINUSDT,0.00005,0.02597,0.02597
2026-04-30T04:00:00Z,PIPPINUSDT,0.00005,0.02565,0.02565
2026-04-30T08:00:00Z,PIPPINUSDT,0.00005,0.02538,0.02538
2026-04-30T12:00:00Z,PIPPINUSDT,0.00021874248687192,0.02526,0.02526
2026-04-30T16:00:00Z,PIPPINUSDT,0.000288565890561983,0.02538,0.02538
2026-04-30T20:00:00Z,PIPPINUSDT,0.00017781663526348,0.0254,0.0254
2026-05-01T00:00:00Z,PIPPINUSDT,0.000055727164994777,0.02546,0.02546
2026-05-01T04:00:00Z,PIPPINUSDT,0.000078987811832893,0.02557,0.02557
2026-05-01T08:00:00Z,PIPPINUSDT,0.00005,0.02549,0.02549
2026-05-01T12:00:00Z,PIPPINUSDT,0.000104333255992595,0.02586,0.02586
2026-05-01T16:00:00Z,PIPPINUSDT,0.00005,0.02635,0.02635
2026-05-01T20:00:00Z,PIPPINUSDT,0.00005,0.02716,0.02716
2026-05-02T00:00:00Z,PIPPINUSDT,0.00005,0.02618,0.02618
2026-05-02T04:00:00Z,PIPPINUSDT,0.00005,0.02662,0.02662
2026-05-02T08:00:00Z,PIPPINUSDT,0.00005,0.02652,0.02652
2026-05-02T12:00:00Z,PIPPINUSDT,0.000111035742672024,0.02637,0.02637
2026-05-02T16:00:00Z,PIPPINUSDT,0.000081168147053631,0.02667,0.02667
2026-05-02T20:00:00Z,PIPPINUSDT,0.000392944956911328,0.02731,0.02731
2026-05-03T00:00:00Z,PIPPINUSDT,0.00005,0.02592,0.02592
2026-05-03T04:00:00Z,PIPPINUSDT,0.00030379897774514,0.02571,0.02571
2026-05-03T08:00:00Z,PIPPINUSDT,0.000680848219162493,0.02577,0.02577
2026-05-03T12:00:00Z,PIPPINUSDT,0.000219185657909606,0.02563,0.02563
2026-05-03T16:00:00Z,PIPPINUSDT,0.000495849172463235,0.02566,0.02566
2026-05-03T20:00:00Z,PIPPINUSDT,0.000640126443323036,0.02567,0.02567
2026-05-04T00:00:00Z,PIPPINUSDT,0.000115059292292977,0.02543,0.02543
2026-05-04T04:00:00Z,PIPPINUSDT,0.000359938323656518,0.02583,0.02583
2026-05-04T08:00:00Z,PIPPINUSDT,0.000264116046272065,0.02605,0.02605
2026-05-04T12:00:00Z,PIPPINUSDT,0.000099622733525244,0.02518,0.02518
2026-05-04T16:00:00Z,PIPPINUSDT,0.000574805689544556,0.02503,0.02503
2026-05-04T20:00:00Z,PIPPINUSDT,0.000582306844720162,0.0251,0.0251
2026-05-05T00:00:00Z,PIPPINUSDT,0.000587005248579607,0.02519,0.02519
2026-05-05T04:00:00Z,PIPPINUSDT,0.000377791925332795,0.02524,0.02524
2026-05-05T08:00:00Z,PIPPINUSDT,0.000382923989292149,0.02497,0.02497
2026-05-05T12:00:00Z,PIPPINUSDT,0.000601736242350324,0.02526,0.02526
2026-05-05T16:00:00Z,PIPPINUSDT,0.000553896015393461,0.02508,0.02508
2026-05-05T20:00:00Z,PIPPINUSDT,0.000405587150284248,0.0253,0.0253
2026-05-06T00:00:00Z,PIPPINUSDT,0.000499891413176096,0.02534,0.02534
2026-05-06T04:00:00Z,PIPPINUSDT,0.000472276404868807,0.0258,0.0258
2026-05-06T08:00:00Z,PIPPINUSDT,0.00005,0.02303,0.02303
2026-05-06T12:00:00Z,PIPPINUSDT,0.00005,0.02425,0.02425
2026-05-06T16:00:00Z,PIPPINUSDT,0.00005,0.0243,0.0243
2026-05-06T20:00:00Z,PIPPINUSDT,0.00007524701820776,0.02451,0.02451
2026-05-07T00:00:00Z,PIPPINUSDT,0.00005,0.02443,0.02443
2026-05-07T04:00:00Z,PIPPINUSDT,0.000101055847826498,0.02402,0.02402
2026-05-07T08:00:00Z,PIPPINUSDT,0.000416075312904357,0.02452,0.02452
2026-05-07T12:00:00Z,PIPPINUSDT,0.000322426595445088,0.0251,0.0251
2026-05-07T16:00:00Z,PIPPINUSDT,0.000061572810276582,0.02488,0.02488
2026-05-07T20:00:00Z,PIPPINUSDT,0.00005,0.0247,0.0247
2026-05-08T00:00:00Z,PIPPINUSDT,0.00005,0.02468,0.02468
2026-05-08T04:00:00Z,PIPPINUSDT,0.00005,0.02456,0.02456
2026-05-08T08:00:00Z,PIPPINUSDT,0.000115820623014156,0.0246,0.0246
2026-05-08T12:00:00Z,PIPPINUSDT,0.00005,0.0246,0.0246
2026-05-08T16:00:00Z,PIPPINUSDT,0.00005,0.02477,0.02477
2026-05-08T20:00:00Z,PIPPINUSDT,0.00005,0.02564,0.02564
2026-05-09T00:00:00Z,PIPPINUSDT,0.000192439100127353,0.02548,0.02548
2026-05-09T04:00:00Z,PIPPINUSDT,0.000377802172919418,0.02598,0.02598
2026-05-09T08:00:00Z,PIPPINUSDT,0.00005,0.02589,0.02589
2026-05-09T12:00:00Z,PIPPINUSDT,0.00005,0.02567,0.02567
2026-05-09T16:00:00Z,PIPPINUSDT,0.00005,0.02555,0.02555
2026-05-09T20:00:00Z,PIPPINUSDT,0.00005,0.02575,0.02575
2026-05-10T00:00:00Z,PIPPINUSDT,0.00005,0.02554,0.02554
2026-05-10T04:00:00Z,PIPPINUSDT,0.00005,0.02529,0.02529
2026-05-10T08:00:00Z,PIPPINUSDT,0.000403505585866097,0.02513,0.02513
2026-05-10T12:00:00Z,PIPPINUSDT,0.000134545894192044,0.02522,0.02522
2026-05-10T16:00:00Z,PIPPINUSDT,0.00005,0.02629,0.02629
2026-05-10T20:00:00Z,PIPPINUSDT,0.000403749494719194,0.02669,0.02669
2026-05-11T00:00:00Z,PIPPINUSDT,0.000193566336745537,0.02609,0.02609
2026-05-11T04:00:00Z,PIPPINUSDT,0.000330922364715891,0.0256,0.0256
2026-05-11T08:00:00Z,PIPPINUSDT,0.000381766084749265,0.02625,0.02625
2026-05-11T12:00:00Z,PIPPINUSDT,0.000277578916879519,0.02669,0.02669
2026-05-11T16:00:00Z,PIPPINUSDT,0.000282705511808013,0.02633,0.02633
2026-05-11T20:00:00Z,PIPPINUSDT,0.00005,0.02621,0.02621
2026-05-12T00:00:00Z,PIPPINUSDT,0.000122153366823822,0.02707,0.02707
2026-05-12T04:00:00Z,PIPPINUSDT,0.00005,0.02687,0.02687
2026-05-12T08:00:00Z,PIPPINUSDT,0.00005,0.02685,0.02685
2026-05-12T12:00:00Z,PIPPINUSDT,0.00005,0.02705,0.02705
2026-05-12T16:00:00Z,PIPPINUSDT,0.00005,0.02577,0.02577
2026-05-12T20:00:00Z,PIPPINUSDT,0.00005,0.02661,0.02661
2026-05-13T00:00:00Z,PIPPINUSDT,0.00005,0.02633,0.02633
2026-05-13T04:00:00Z,PIPPINUSDT,0.00005,0.02631,0.02631
2026-05-13T08:00:00Z,PIPPINUSDT,0.00005,0.02616,0.02616
2026-05-13T12:00:00Z,PIPPINUSDT,0.0001604709323569,0.02559,0.02559
2026-05-13T16:00:00Z,PIPPINUSDT,0.000549929926488914,0.02402,0.02402
2026-05-13T20:00:00Z,PIPPINUSDT,0.000119634596479218,0.02416,0.02416
2026-05-14T00:00:00Z,PIPPINUSDT,0.00005,0.02396,0.02396
2026-05-14T04:00:00Z,PIPPINUSDT,0.00005,0.02408,0.02408
2026-05-14T08:00:00Z,PIPPINUSDT,0.000361319507893256,0.02413,0.02413
2026-05-14T12:00:00Z,PIPPINUSDT,0.000767740021408171,0.02388,0.02388
2026-05-14T16:00:00Z,PIPPINUSDT,0.000469315952883305,0.02454,0.02454
2026-05-14T20:00:00Z,PIPPINUSDT,0.000310043431115112,0.0248,0.0248
2026-05-15T00:00:00Z,PIPPINUSDT,0.000381543467602543,0.02432,0.02432
2026-05-15T04:00:00Z,PIPPINUSDT,0.000527495259015274,0.0246,0.0246
2026-05-15T08:00:00Z,PIPPINUSDT,0.00005,0.02433,0.02433
2026-05-15T12:00:00Z,PIPPINUSDT,0.00005,0.02411,0.02411
2026-05-15T16:00:00Z,PIPPINUSDT,0.000713220599396203,0.02335,0.02335
2026-05-15T20:00:00Z,PIPPINUSDT,0.000402247532706657,0.02363,0.02363
2026-05-16T00:00:00Z,PIPPINUSDT,0.000202436616265276,0.02376,0.02376
2026-05-16T04:00:00Z,PIPPINUSDT,0.000660377423754122,0.02473,0.02473
2026-05-16T08:00:00Z,PIPPINUSDT,0.000174380281580198,0.02388,0.02388
2026-05-16T12:00:00Z,PIPPINUSDT,0.000198206159208295,0.02355,0.02355
2026-05-16T16:00:00Z,PIPPINUSDT,0.000694389618783502,0.02415,0.02415
2026-05-16T20:00:00Z,PIPPINUSDT,0.00005,0.02453,0.02453
2026-05-17T00:00:00Z,PIPPINUSDT,0.00005,0.02467,0.02467
2026-05-17T04:00:00Z,PIPPINUSDT,0.000059674910054404,0.02443,0.02443
2026-05-17T08:00:00Z,PIPPINUSDT,0.00005,0.02453,0.02453
2026-05-17T12:00:00Z,PIPPINUSDT,0.00005,0.02434,0.02434
2026-05-17T16:00:00Z,PIPPINUSDT,0.00005,0.02439,0.02439
2026-05-17T20:00:00Z,PIPPINUSDT,0.00005,0.0242,0.0242
2026-05-18T00:00:00Z,PIPPINUSDT,0.00005,0.02336,0.02336
2026-05-18T04:00:00Z,PIPPINUSDT,0.00005,0.02341,0.02341
2026-05-18T08:00:00Z,PIPPINUSDT,0.00005,0.02327,0.02327
2026-05-18T12:00:00Z,PIPPINUSDT,0.00005,0.02361,0.02361
2026-05-18T16:00:00Z,PIPPINUSDT,0.00005,0.0234,0.0234
2026-05-18T20:00:00Z,PIPPINUSDT,0.00005,0.0235,0.0235
2026-05-19T00:00:00Z,PIPPINUSDT,0.00005,0.02337,0.02337
2026-05-19T04:00:00Z,PIPPINUSDT,0.00005,0.0233,0.0233
2026-05-19T08:00:00Z,PIPPINUSDT,0.00005,0.02344,0.02344
2026-05-19T12:00:00Z,PIPPINUSDT,0.00005,0.023,0.023
2026-05-19T16:00:00Z,PIPPINUSDT,0.00005,0.02313,0.02313
2026-05-19T20:00:00Z,PIPPINUSDT,0.00005,0.02299,0.02299
2026-05-20T00:00:00Z,PIPPINUSDT,0.00005,0.02298,0.02298
2026-05-20T04:00:00Z,PIPPINUSDT,0.00005,0.02306,0.02306
2026-05-20T08:00:00Z,PIPPINUSDT,0.00005,0.02323,0.02323
2026-05-20T12:00:00Z,PIPPINUSDT,0.00005,0.02304,0.02304
2026-05-20T16:00:00Z,PIPPINUSDT,0.00005,0.0232,0.0232
2026-05-20T20:00:00Z,PIPPINUSDT,0.00005,0.02318,0.02318
2026-05-21T00:00:00Z,PIPPINUSDT,0.00005,0.02312,0.02312
2026-05-21T04:00:00Z,PIPPINUSDT,0.00005,0.02425,0.02425
2026-05-21T08:00:00Z,PIPPINUSDT,0.00005,0.02438,0.02438
2026-05-21T12:00:00Z,PIPPINUSDT,0.00005,0.02355,0.02355
2026-05-21T16:00:00Z,PIPPINUSDT,0.00005,0.02391,0.02391
2026-05-21T20:00:00Z,PIPPINUSDT,0.00005,0.02421,0.02421
2026-05-22T00:00:00Z,PIPPINUSDT,0.00005,0.02408,0.02408
2026-05-22T04:00:00Z,PIPPINUSDT,0.00005,0.02399,0.02399
2026-05-22T08:00:00Z,PIPPINUSDT,0.00005,0.02388,0.02388
2026-05-22T12:00:00Z,PIPPINUSDT,0.00005,0.02421,0.02421
2026-05-22T16:00:00Z,PIPPINUSDT,0.00005,0.02427,0.02427
2026-05-22T20:00:00Z,PIPPINUSDT,0.00005,0.02357,0.02357
2026-05-23T00:00:00Z,PIPPINUSDT,0.00005,0.02299,0.02299
2026-05-23T04:00:00Z,PIPPINUSDT,0.00005,0.02339,0.02339
2026-05-23T08:00:00Z,PIPPINUSDT,0.00005,0.02172,0.02172
2026-05-23T12:00:00Z,PIPPINUSDT,0.00005,0.02206,0.02206
2026-05-23T16:00:00Z,PIPPINUSDT,0.00005,0.02264,0.02264
2026-05-23T20:00:00Z,PIPPINUSDT,0.00005,0.02273,0.02273
2026-05-24T00:00:00Z,PIPPINUSDT,0.00005,0.02325,0.02325
2026-05-24T04:00:00Z,PIPPINUSDT,0.00005,0.02295,0.02295
2026-05-24T08:00:00Z,PIPPINUSDT,0.00005,0.02278,0.02278
2026-05-24T12:00:00Z,PIPPINUSDT,0.00005,0.02269,0.02269
2026-05-24T16:00:00Z,PIPPINUSDT,0.00005,0.02237,0.02237
2026-05-24T20:00:00Z,PIPPINUSDT,0.00005,0.02242,0.02242
2026-05-25T00:00:00Z,PIPPINUSDT,0.00005,0.02221,0.02221
2026-05-25T04:00:00Z,PIPPINUSDT,0.00005,0.02239,0.02239
2026-05-25T08:00:00Z,PIPPINUSDT,0.00005,0.02247,0.02247
2026-05-25T12:00:00Z,PIPPINUSDT,0.00005,0.02244,0.02244
2026-05-25T16:00:00Z,PIPPINUSDT,0.00005,0.02247,0.02247
2026-05-25T20:00:00Z,PIPPINUSDT,0.00005,0.02239,0.02239
2026-05-26T00:00:00Z,PIPPINUSDT,0.00005,0.02209,0.02209
2026-05-26T04:00:00Z,PIPPINUSDT,0.00005,0.02181,0.02181
2026-05-26T08:00:00Z,PIPPINUSDT,0.00005,0.02174,0.02174
2026-05-26T12:00:00Z,PIPPINUSDT,0.00005,0.02178,0.02178
2026-05-26T16:00:00Z,PIPPINUSDT,0.00005,0.02143,0.02143
2026-05-26T20:00:00Z,PIPPINUSDT,0.00005,0.0214,0.0214
2026-05-27T00:00:00Z,PIPPINUSDT,0.00005,0.02107,0.02107
2026-05-27T04:00:00Z,PIPPINUSDT,0.00005,0.02089,0.02089
2026-05-27T08:00:00Z,PIPPINUSDT,0.00005,0.02109,0.02109
2026-05-27T12:00:00Z,PIPPINUSDT,0.00005,0.02102,0.02102
2026-05-27T16:00:00Z,PIPPINUSDT,0.00005,0.02154,0.02154
2026-05-27T20:00:00Z,PIPPINUSDT,0.00005,0.022,0.022
2026-05-28T00:00:00Z,PIPPINUSDT,0.00005,0.02134,0.02134
2026-05-28T04:00:00Z,PIPPINUSDT,0.00005,0.0199,0.0199
2026-05-28T08:00:00Z,PIPPINUSDT,0.00005,0.02017,0.02017
2026-05-28T12:00:00Z,PIPPINUSDT,0.00005,0.01924,0.01924
2026-05-28T16:00:00Z,PIPPINUSDT,0.00005,0.01885,0.01885
2026-05-28T20:00:00Z,PIPPINUSDT,0.00005,0.01888,0.01888
2026-05-29T00:00:00Z,PIPPINUSDT,0.00005,0.01913,0.01913
2026-05-29T04:00:00Z,PIPPINUSDT,0.00005,0.01888,0.01888
2026-05-29T08:00:00Z,PIPPINUSDT,0.00005,0.01882,0.01882
2026-05-29T12:00:00Z,PIPPINUSDT,0.00005,0.01854,0.01854
2026-05-29T16:00:00Z,PIPPINUSDT,0.00005,0.01902,0.01902
2026-05-29T20:00:00Z,PIPPINUSDT,0.00005,0.01888,0.01888
2026-05-30T00:00:00Z,PIPPINUSDT,0.00005,0.01892,0.01892
2026-05-30T04:00:00Z,PIPPINUSDT,0.00005,0.01918,0.01918
2026-05-30T08:00:00Z,PIPPINUSDT,0.00005,0.01935,0.01935
2026-05-30T12:00:00Z,PIPPINUSDT,0.00005,0.01928,0.01928
2026-05-30T16:00:00Z,PIPPINUSDT,0.00005,0.01913,0.01913
2026-05-30T20:00:00Z,PIPPINUSDT,0.00005,0.01931,0.01931
2026-05-31T00:00:00Z,PIPPINUSDT,0.00005,0.01919,0.01919
2026-05-31T04:00:00Z,PIPPINUSDT,0.00005,0.01931,0.01931
2026-05-31T08:00:00Z,PIPPINUSDT,0.00005,0.01904,0.01904
2026-05-31T12:00:00Z,PIPPINUSDT,0.00005,0.01926,0.01926
2026-05-31T16:00:00Z,PIPPINUSDT,0.00005,0.01893,0.01893
2026-05-31T20:00:00Z,PIPPINUSDT,0.00005,0.01909,0.01909
2026-06-01T00:00:00Z,PIPPINUSDT,0.00005,0.01954,0.01954
2026-06-01T04:00:00Z,PIPPINUSDT,0.00005,0.01959,0.01959
2026-06-01T08:00:00Z,PIPPINUSDT,0.00005,0.01873,0.01873
2026-06-01T12:00:00Z,PIPPINUSDT,0.00005,0.01815,0.01815
2026-06-01T16:00:00Z,PIPPINUSDT,0.00005,0.01812,0.01812
2026-06-01T20:00:00Z,PIPPINUSDT,0.00005,0.01912,0.01912
2026-06-02T00:00:00Z,PIPPINUSDT,0.00005,0.01901,0.01901
2026-06-02T04:00:00Z,PIPPINUSDT,0.00005,0.01861,0.01861
2026-06-02T08:00:00Z,PIPPINUSDT,0.00005,0.01843,0.01843
2026-06-02T12:00:00Z,PIPPINUSDT,0.00005,0.01835,0.01835
2026-06-02T16:00:00Z,PIPPINUSDT,0.00005,0.0171,0.0171
2026-06-02T20:00:00Z,PIPPINUSDT,0.00005,0.01685,0.01685
2026-06-03T00:00:00Z,PIPPINUSDT,0.00005,0.01624,0.01624
2026-06-03T04:00:00Z,PIPPINUSDT,0.00005,0.01614,0.01614
2026-06-03T08:00:00Z,PIPPINUSDT,0.00005,0.01689,0.01689
2026-06-03T12:00:00Z,PIPPINUSDT,0.00005,0.01688,0.01688
2026-06-03T16:00:00Z,PIPPINUSDT,0.00005,0.01672,0.01672
2026-06-03T20:00:00Z,PIPPINUSDT,0.00005,0.01654,0.01654
2026-06-04T00:00:00Z,PIPPINUSDT,0.00005,0.01645,0.01645
2026-06-04T04:00:00Z,PIPPINUSDT,-0.001625624452580583,0.0151,0.0151
2026-06-04T08:00:00Z,PIPPINUSDT,0.00005,0.01383,0.01383
2026-06-04T12:00:00Z,PIPPINUSDT,0.00005,0.01416,0.01416
2026-06-04T16:00:00Z,PIPPINUSDT,0.00005,0.01512,0.01512
2026-06-04T20:00:00Z,PIPPINUSDT,0.00005,0.015,0.015
2026-06-05T00:00:00Z,PIPPINUSDT,0.00005,0.01464,0.01464
2026-06-05T04:00:00Z,PIPPINUSDT,0.00005,0.0141,0.0141
2026-06-05T08:00:00Z,PIPPINUSDT,0.00005,0.01364,0.01364
2026-06-05T12:00:00Z,PIPPINUSDT,0.00005,0.01391,0.01391
2026-06-05T16:00:00Z,PIPPINUSDT,0.00005,0.01339,0.01339
2026-06-05T20:00:00Z,PIPPINUSDT,0.00005,0.01263,0.01263
2026-06-06T00:00:00Z,PIPPINUSDT,0.00005,0.01306,0.01306
2026-06-06T04:00:00Z,PIPPINUSDT,0.00005,0.01319,0.01319
2026-06-06T08:00:00Z,PIPPINUSDT,0.00005,0.01301,0.01301
2026-06-06T12:00:00Z,PIPPINUSDT,0.00005,0.01311,0.01311
2026-06-06T16:00:00Z,PIPPINUSDT,0.00005,0.01334,0.01334
2026-06-06T20:00:00Z,PIPPINUSDT,0.00005,0.01316,0.01316
2026-06-07T00:00:00Z,PIPPINUSDT,0.00005,0.0136,0.0136
2026-06-07T04:00:00Z,PIPPINUSDT,0.00005,0.01382,0.01382
2026-06-07T08:00:00Z,PIPPINUSDT,0.00005,0.01411,0.01411
2026-06-07T12:00:00Z,PIPPINUSDT,0.00005,0.01427,0.01427
2026-06-07T16:00:00Z,PIPPINUSDT,0.00005,0.01452,0.01452
2026-06-07T20:00:00Z,PIPPINUSDT,0.00005,0.01495,0.01495
2026-06-08T00:00:00Z,PIPPINUSDT,0.00005,0.01814,0.01814
2026-06-08T04:00:00Z,PIPPINUSDT,0.00005,0.01785,0.01785
2026-06-08T08:00:00Z,PIPPINUSDT,0.00005,0.02093,0.02093
2026-06-08T12:00:00Z,PIPPINUSDT,0.00005,0.02036,0.02036
2026-06-08T16:00:00Z,PIPPINUSDT,0.000826865152334964,0.02207,0.02207
2026-06-08T20:00:00Z,PIPPINUSDT,0.001043497540685894,0.02694,0.02694
2026-06-09T00:00:00Z,PIPPINUSDT,0.001562166581762049,0.02661,0.02661
2026-06-09T04:00:00Z,PIPPINUSDT,0.00005,0.02078,0.02078
2026-06-09T08:00:00Z,PIPPINUSDT,0.00005,0.02231,0.02231
2026-06-09T12:00:00Z,PIPPINUSDT,0.000340283757887605,0.02305,0.02305
2026-06-09T16:00:00Z,PIPPINUSDT,0.00005,0.02275,0.02275
2026-06-09T20:00:00Z,PIPPINUSDT,0.00005,0.02334,0.02334
2026-06-10T00:00:00Z,PIPPINUSDT,0.00005,0.02285,0.02285
2026-06-10T04:00:00Z,PIPPINUSDT,0.00005,0.02166,0.02166
2026-06-10T08:00:00Z,PIPPINUSDT,0.00005,0.02383,0.02383
2026-06-10T12:00:00Z,PIPPINUSDT,0.00005,0.02347,0.02347
2026-06-10T16:00:00Z,PIPPINUSDT,0.00005,0.02344,0.02344
2026-06-10T20:00:00Z,PIPPINUSDT,0.00005,0.02246,0.02246
2026-06-11T00:00:00Z,PIPPINUSDT,0.00005,0.01956,0.01956
2026-06-11T04:00:00Z,PIPPINUSDT,0.00005,0.02095,0.02095
2026-06-11T08:00:00Z,PIPPINUSDT,0.00005,0.02111,0.02111
2026-06-11T12:00:00Z,PIPPINUSDT,0.00005,0.02132,0.02132
2026-06-11T16:00:00Z,PIPPINUSDT,0.001507921092897491,0.02103,0.02103
2026-06-11T20:00:00Z,PIPPINUSDT,0.00005,0.02122,0.02122
2026-06-12T00:00:00Z,PIPPINUSDT,0.00005,0.02201,0.02201
2026-06-12T04:00:00Z,PIPPINUSDT,0.00078334831864178,0.02086,0.02086
2026-06-12T08:00:00Z,PIPPINUSDT,0.002366425065175876,0.01928,0.01928
2026-06-12T12:00:00Z,PIPPINUSDT,0.003874277129557626,0.01897,0.01897
2026-06-12T16:00:00Z,PIPPINUSDT,0.00005,0.01872,0.01872
2026-06-12T20:00:00Z,PIPPINUSDT,0.001089924267463786,0.01829,0.01829
2026-06-13T00:00:00Z,PIPPINUSDT,0.00005,0.01826,0.01826
2026-06-13T04:00:00Z,PIPPINUSDT,0.00005,0.01848,0.01848
2026-06-13T08:00:00Z,PIPPINUSDT,0.00005,0.01822,0.01822
2026-06-13T12:00:00Z,PIPPINUSDT,0.002427704739229487,0.01821,0.01821
2026-06-13T16:00:00Z,PIPPINUSDT,0.001885350211687997,0.01853,0.01853
2026-06-13T20:00:00Z,PIPPINUSDT,0.001184475709155423,0.01845,0.01845
2026-06-14T00:00:00Z,PIPPINUSDT,0.001412654480644227,0.01846,0.01846
2026-06-14T04:00:00Z,PIPPINUSDT,0.00005,0.01786,0.01786
2026-06-14T08:00:00Z,PIPPINUSDT,0.00005,0.01759,0.01759
2026-06-14T12:00:00Z,PIPPINUSDT,0.00005,0.01783,0.01783
2026-06-14T16:00:00Z,PIPPINUSDT,0.00005,0.01764,0.01764
2026-06-14T20:00:00Z,PIPPINUSDT,0.00005,0.01818,0.01818
2026-06-15T00:00:00Z,PIPPINUSDT,0.00005,0.01934,0.01934
2026-06-15T04:00:00Z,PIPPINUSDT,0.00005,0.01931,0.01931
2026-06-15T08:00:00Z,PIPPINUSDT,0.00005,0.01955,0.01955
2026-06-15T12:00:00Z,PIPPINUSDT,0.00005,0.01968,0.01968
2026-06-15T16:00:00Z,PIPPINUSDT,0.00005,0.0194,0.0194
2026-06-15T20:00:00Z,PIPPINUSDT,0.00005,0.01845,0.01845
2026-06-16T00:00:00Z,PIPPINUSDT,0.00005,0.01844,0.01844
2026-06-16T04:00:00Z,PIPPINUSDT,0.00005,0.01827,0.01827
2026-06-16T08:00:00Z,PIPPINUSDT,0.00005,0.0187,0.0187
2026-06-16T12:00:00Z,PIPPINUSDT,0.00005,0.01916,0.01916
2026-06-16T16:00:00Z,PIPPINUSDT,0.00005,0.01891,0.01891
2026-06-16T20:00:00Z,PIPPINUSDT,0.00005,0.01898,0.01898
2026-06-17T00:00:00Z,PIPPINUSDT,0.00005,0.01876,0.01876
2026-06-17T04:00:00Z,PIPPINUSDT,0.00005,0.0181,0.0181
2026-06-17T08:00:00Z,PIPPINUSDT,0.00005,0.01834,0.01834
2026-06-17T12:00:00Z,PIPPINUSDT,0.00005,0.01827,0.01827
2026-06-17T16:00:00Z,PIPPINUSDT,0.00005,0.01815,0.01815
2026-06-17T20:00:00Z,PIPPINUSDT,0.00005,0.01763,0.01763
2026-06-18T00:00:00Z,PIPPINUSDT,0.00005,0.01784,0.01784
2026-06-18T04:00:00Z,PIPPINUSDT,0.00005,0.01818,0.01818
2026-06-18T08:00:00Z,PIPPINUSDT,0.00005,0.01814,0.01814
2026-06-18T12:00:00Z,PIPPINUSDT,0.00005,0.01774,0.01774
2026-06-18T16:00:00Z,PIPPINUSDT,0.00005,0.01623,0.01623
2026-06-18T20:00:00Z,PIPPINUSDT,0.00005,0.01642,0.01642
2026-06-19T00:00:00Z,PIPPINUSDT,0.00005,0.01631,0.01631
2026-06-19T04:00:00Z,PIPPINUSDT,0.00005,0.0159,0.0159
2026-06-19T08:00:00Z,PIPPINUSDT,0.00005,0.01612,0.01612
2026-06-19T12:00:00Z,PIPPINUSDT,0.00005,0.01589,0.01589
2026-06-19T16:00:00Z,PIPPINUSDT,0.00005,0.01605,0.01605
2026-06-19T20:00:00Z,PIPPINUSDT,0.00005,0.01579,0.01579
2026-06-20T00:00:00Z,PIPPINUSDT,0.00005,0.01576,0.01576
2026-06-20T04:00:00Z,PIPPINUSDT,0.00005,0.01567,0.01567
2026-06-20T08:00:00Z,PIPPINUSDT,0.00005,0.01567,0.01567
2026-06-20T12:00:00Z,PIPPINUSDT,0.00005,0.0157,0.0157
2026-06-20T16:00:00Z,PIPPINUSDT,0.00005,0.01698,0.01698
2026-06-20T20:00:00Z,PIPPINUSDT,0.00005,0.0172,0.0172
2026-06-21T00:00:00Z,PIPPINUSDT,0.00005,0.01715,0.01715
2026-06-21T04:00:00Z,PIPPINUSDT,0.00005,0.01693,0.01693
2026-06-21T08:00:00Z,PIPPINUSDT,0.00005,0.01681,0.01681
2026-06-21T12:00:00Z,PIPPINUSDT,0.00005,0.01678,0.01678
2026-06-21T16:00:00Z,PIPPINUSDT,0.00005,0.01721,0.01721
2026-06-21T20:00:00Z,PIPPINUSDT,0.000386671156279919,0.01699,0.01699
2026-06-22T00:00:00Z,PIPPINUSDT,0.00005,0.01644,0.01644
2026-06-22T04:00:00Z,PIPPINUSDT,0.00005,0.01669,0.01669
2026-06-22T08:00:00Z,PIPPINUSDT,0.00005,0.01674,0.01674
2026-06-22T12:00:00Z,PIPPINUSDT,0.00005,0.01672,0.01672
2026-06-22T16:00:00Z,PIPPINUSDT,0.00005,0.01701,0.01701
2026-06-22T20:00:00Z,PIPPINUSDT,0.00005,0.01651,0.01651
2026-06-23T00:00:00Z,PIPPINUSDT,0.00005,0.01657,0.01657
2026-06-23T04:00:00Z,PIPPINUSDT,0.00005,0.01653,0.01653
2026-06-23T08:00:00Z,PIPPINUSDT,0.00005,0.01583,0.01583
2026-06-23T12:00:00Z,PIPPINUSDT,0.00005,0.01566,0.01566
2026-06-23T16:00:00Z,PIPPINUSDT,0.00005,0.01622,0.01622
2026-06-23T20:00:00Z,PIPPINUSDT,0.00005,0.01681,0.01681
2026-06-24T00:00:00Z,PIPPINUSDT,0.00005,0.01699,0.01699
2026-06-24T04:00:00Z,PIPPINUSDT,0.00005,0.01702,0.01702
2026-06-24T08:00:00Z,PIPPINUSDT,0.00005,0.01755,0.01755
2026-06-24T12:00:00Z,PIPPINUSDT,0.00005,0.0169,0.0169
2026-06-24T16:00:00Z,PIPPINUSDT,0.00005,0.01678,0.01678
2026-06-24T20:00:00Z,PIPPINUSDT,0.00005,0.01554,0.01554
2026-06-25T00:00:00Z,PIPPINUSDT,0.00005,0.01632,0.01632
2026-06-25T04:00:00Z,PIPPINUSDT,0.00005,0.01615,0.01615
2026-06-25T08:00:00Z,PIPPINUSDT,0.00005,0.01625,0.01625
2026-06-25T12:00:00Z,PIPPINUSDT,0.00005,0.0165,0.0165
2026-06-25T16:00:00Z,PIPPINUSDT,0.00005,0.01551,0.01551
2026-06-25T20:00:00Z,PIPPINUSDT,0.00005,0.01568,0.01568
2026-06-26T00:00:00Z,PIPPINUSDT,0.00005,0.0165,0.0165
2026-06-26T04:00:00Z,PIPPINUSDT,0.00005,0.01637,0.01637
2026-06-26T08:00:00Z,PIPPINUSDT,0.00005,0.0169,0.0169
2026-06-26T12:00:00Z,PIPPINUSDT,0.00005,0.01662,0.01662
2026-06-26T16:00:00Z,PIPPINUSDT,0.00005,0.0172,0.0172
2026-06-26T20:00:00Z,PIPPINUSDT,0.00005,0.01687,0.01687
2026-06-27T00:00:00Z,PIPPINUSDT,0.00005,0.01685,0.01685
2026-06-27T04:00:00Z,PIPPINUSDT,0.000574848063558181,0.01674,0.01674
2026-06-27T08:00:00Z,PIPPINUSDT,0.000512378164250233,0.01666,0.01666
2026-06-27T12:00:00Z,PIPPINUSDT,0.00005,0.01627,0.01627
2026-06-27T16:00:00Z,PIPPINUSDT,0.00005,0.01715,0.01715
2026-06-27T20:00:00Z,PIPPINUSDT,0.00005,0.01637,0.01637
2026-06-28T00:00:00Z,PIPPINUSDT,0.00005,0.01653,0.01653
2026-06-28T04:00:00Z,PIPPINUSDT,0.00005,0.01691,0.01691
2026-06-28T08:00:00Z,PIPPINUSDT,0.00005,0.01735,0.01735
2026-06-28T12:00:00Z,PIPPINUSDT,0.00005,0.01726,0.01726
2026-06-28T16:00:00Z,PIPPINUSDT,0.00005,0.0168,0.0168
2026-06-28T20:00:00Z,PIPPINUSDT,0.00005,0.01601,0.01601
2026-06-29T00:00:00Z,PIPPINUSDT,0.00005,0.01694,0.01694
2026-06-29T04:00:00Z,PIPPINUSDT,0.00005,0.01724,0.01724
2026-06-29T08:00:00Z,PIPPINUSDT,0.00005,0.01747,0.01747
2026-06-29T12:00:00Z,PIPPINUSDT,0.00005,0.0173,0.0173
2026-06-29T16:00:00Z,PIPPINUSDT,0.00005,0.01749,0.01749
2026-06-29T20:00:00Z,PIPPINUSDT,0.00005,0.01774,0.01774
2026-06-30T00:00:00Z,PIPPINUSDT,0.00005,0.01712,0.01712
2026-06-30T04:00:00Z,PIPPINUSDT,0.00005,0.01736,0.01736
2026-06-30T08:00:00Z,PIPPINUSDT,0.00005,0.01725,0.01725
2026-06-30T12:00:00Z,PIPPINUSDT,0.00005,0.01656,0.01656
2026-06-30T16:00:00Z,PIPPINUSDT,0.00005,0.01764,0.01764
2026-06-30T20:00:00Z,PIPPINUSDT,0.00005,0.01758,0.01758
2026-07-01T00:00:00Z,PIPPINUSDT,0.00005,0.0173,0.0173
2026-07-01T04:00:00Z,PIPPINUSDT,0.00005,0.01779,0.01779
2026-07-01T08:00:00Z,PIPPINUSDT,0.00005,0.01716,0.01716
2026-07-01T12:00:00Z,PIPPINUSDT,0.00005,0.01703,0.01703
2026-07-01T16:00:00Z,PIPPINUSDT,0.000071487182316543,0.01761,0.01761
2026-07-01T20:00:00Z,PIPPINUSDT,0.000157700037548711,0.01692,0.01692
2026-07-02T00:00:00Z,PIPPINUSDT,0.00005,0.0175,0.0175
2026-07-02T04:00:00Z,PIPPINUSDT,0.00005,0.01763,0.01763
2026-07-02T08:00:00Z,PIPPINUSDT,0.00005,0.01749,0.01749
2026-07-02T12:00:00Z,PIPPINUSDT,0.00005,0.01805,0.01805
2026-07-02T16:00:00Z,PIPPINUSDT,0.00005,0.0183,0.0183
2026-07-02T20:00:00Z,PIPPINUSDT,0.00005,0.01951,0.01951
2026-07-03T00:00:00Z,PIPPINUSDT,0.00005,0.02152,0.02152
2026-07-03T04:00:00Z,PIPPINUSDT,0.00005,0.02225,0.02225
2026-07-03T08:00:00Z,PIPPINUSDT,0.00005,0.02199,0.02199
2026-07-03T12:00:00Z,PIPPINUSDT,0.00005,0.02121,0.02121
2026-07-03T16:00:00Z,PIPPINUSDT,0.00005,0.02278,0.02278
2026-07-03T20:00:00Z,PIPPINUSDT,0.000473895158887821,0.02201,0.02201
2026-07-04T00:00:00Z,PIPPINUSDT,0.00005,0.0231,0.0231
2026-07-04T04:00:00Z,PIPPINUSDT,0.001906143106323635,0.02247,0.02247
2026-07-04T08:00:00Z,PIPPINUSDT,0.00005,0.02229,0.02229
2026-07-04T12:00:00Z,PIPPINUSDT,0.00005,0.02226,0.02226
2026-07-04T16:00:00Z,PIPPINUSDT,0.00005,0.02155,0.02155
2026-07-04T20:00:00Z,PIPPINUSDT,0.00005,0.02039,0.02039
2026-07-05T00:00:00Z,PIPPINUSDT,0.00005,0.01966,0.01966
2026-07-05T04:00:00Z,PIPPINUSDT,0.00005,0.01944,0.01944
2026-07-05T08:00:00Z,PIPPINUSDT,0.00005,0.0195,0.0195
2026-07-05T12:00:00Z,PIPPINUSDT,0.00005,0.01993,0.01993
2026-07-05T16:00:00Z,PIPPINUSDT,0.00005,0.01985,0.01985
2026-07-05T20:00:00Z,PIPPINUSDT,0.00005,0.01985,0.01985
2026-07-06T00:00:00Z,PIPPINUSDT,0.00005,0.01978,0.01978
2026-07-06T04:00:00Z,PIPPINUSDT,0.00005,0.0196,0.0196
2026-07-06T08:00:00Z,PIPPINUSDT,0.00005,0.01907,0.01907
2026-07-06T12:00:00Z,PIPPINUSDT,0.00005,0.01886,0.01886
2026-07-06T16:00:00Z,PIPPINUSDT,0.00005,0.01921,0.01921
2026-07-06T20:00:00Z,PIPPINUSDT,0.00005,0.0192,0.0192
2026-07-07T00:00:00Z,PIPPINUSDT,0.00005,0.01909,0.01909
2026-07-07T04:00:00Z,PIPPINUSDT,0.00005,0.0188,0.0188
2026-07-07T08:00:00Z,PIPPINUSDT,0.00005,0.01842,0.01842
2026-07-07T12:00:00Z,PIPPINUSDT,0.00005,0.01837,0.01837
2026-07-07T16:00:00Z,PIPPINUSDT,0.00005,0.01806,0.01806
2026-07-07T20:00:00Z,PIPPINUSDT,0.00005,0.01711,0.01711
2026-07-08T00:00:00Z,PIPPINUSDT,0.00005,0.01701,0.01701
2026-07-08T04:00:00Z,PIPPINUSDT,0.00005,0.017,0.017
2026-07-08T08:00:00Z,PIPPINUSDT,0.00005,0.01703,0.01703
2026-07-08T12:00:00Z,PIPPINUSDT,0.00005,0.01701,0.01701
2026-07-08T16:00:00Z,PIPPINUSDT,0.00005,0.01673,0.01673
2026-07-08T20:00:00Z,PIPPINUSDT,0.00005,0.01761,0.01761
2026-07-09T00:00:00Z,PIPPINUSDT,0.00005,0.0172,0.0172
2026-07-09T04:00:00Z,PIPPINUSDT,0.00005,0.01734,0.01734
2026-07-09T08:00:00Z,PIPPINUSDT,0.00005,0.01725,0.01725
2026-07-09T12:00:00Z,PIPPINUSDT,0.00005,0.01707,0.01707
2026-07-09T16:00:00Z,PIPPINUSDT,0.000254603095613355,0.01706,0.01706
2026-07-09T20:00:00Z,PIPPINUSDT,0.00005,0.01715,0.01715
2026-07-10T00:00:00Z,PIPPINUSDT,0.000262596174114704,0.01712,0.01712
2026-07-10T04:00:00Z,PIPPINUSDT,0.000110137216502031,0.01723,0.01723
2026-07-10T08:00:00Z,PIPPINUSDT,0.00005,0.01714,0.01714
2026-07-10T12:00:00Z,PIPPINUSDT,0.00005,0.01726,0.01726
2026-07-10T16:00:00Z,PIPPINUSDT,0.00005,0.0173,0.0173
2026-07-10T20:00:00Z,PIPPINUSDT,0.00005,0.017,0.017
2026-07-11T00:00:00Z,PIPPINUSDT,0.000333277895288225,0.0169,0.0169
2026-07-11T04:00:00Z,PIPPINUSDT,0.00005,0.01689,0.01689
2026-07-11T08:00:00Z,PIPPINUSDT,0.00005,0.01744,0.01744
2026-07-11T12:00:00Z,PIPPINUSDT,0.00005,0.01738,0.01738
2026-07-11T16:00:00Z,PIPPINUSDT,0.00005,0.01721,0.01721
2026-07-11T20:00:00Z,PIPPINUSDT,0.000217595035137277,0.01724,0.01724
2026-07-12T00:00:00Z,PIPPINUSDT,0.00005,0.01695,0.01695
2026-07-12T04:00:00Z,PIPPINUSDT,0.000159174793329595,0.01652,0.01652
2026-07-12T08:00:00Z,PIPPINUSDT,0.000479693662664195,0.01637,0.01637
2026-07-12T12:00:00Z,PIPPINUSDT,0.00005,0.01656,0.01656
2026-07-12T16:00:00Z,PIPPINUSDT,0.000111633162496472,0.01635,0.01635
