timestamp,symbol,rate,mark_price,spot_price
2023-10-31T08:00:00Z,AAVEUSDT,0.00010000,81.79754568,81.79754568
2023-10-31T16:00:00Z,AAVEUSDT,0.00010000,80.19341410,80.19341410
2023-11-01T00:00:00Z,AAVEUSDT,0.00010000,81.46000000,81.46000000
2023-11-01T08:00:00Z,AAVEUSDT,0.00010000,82.34000000,82.34000000
2023-11-01T16:00:00Z,AAVEUSDT,0.00010000,85.76166847,85.76166847
2023-11-02T00:00:00Z,AAVEUSDT,0.00036882,89.25359244,89.25359244
2023-11-02T08:00:00Z,AAVEUSDT,0.00015244,93.60608653,93.60608653
2023-11-02T16:00:00Z,AAVEUSDT,0.00010000,91.40000000,91.40000000
2023-11-03T00:00:00Z,AAVEUSDT,0.00010000,92.00158945,92.00158945
2023-11-03T08:00:00Z,AAVEUSDT,0.00010000,90.99000000,90.99000000
2023-11-03T16:00:00Z,AAVEUSDT,0.00011324,92.83000000,92.83000000
2023-11-04T00:00:00Z,AAVEUSDT,0.00028239,90.22000000,90.22000000
2023-11-04T08:00:00Z,AAVEUSDT,0.00023076,90.65199649,90.65199649
2023-11-04T16:00:00Z,AAVEUSDT,0.00010000,89.03000000,89.03000000
2023-11-05T00:00:00Z,AAVEUSDT,0.00020368,90.13000000,90.13000000
2023-11-05T08:00:00Z,AAVEUSDT,0.00028391,90.13000000,90.13000000
2023-11-05T16:00:00Z,AAVEUSDT,0.00015045,88.13000000,88.13000000
2023-11-06T00:00:00Z,AAVEUSDT,0.00010000,89.15000000,89.15000000
2023-11-06T08:00:00Z,AAVEUSDT,0.00010000,93.37000000,93.37000000
2023-11-06T16:00:00Z,AAVEUSDT,0.00010000,95.91365331,95.91365331
2023-11-07T00:00:00Z,AAVEUSDT,0.00010000,100.26448514,100.26448514
2023-11-07T08:00:00Z,AAVEUSDT,0.00010000,97.63709267,97.63709267
2023-11-07T16:00:00Z,AAVEUSDT,0.00010000,96.60989278,96.60989278
2023-11-08T00:00:00Z,AAVEUSDT,0.00010000,97.50718986,97.50718986
2023-11-08T08:00:00Z,AAVEUSDT,0.00010000,96.09270766,96.09270766
2023-11-08T16:00:00Z,AAVEUSDT,0.00010000,98.13840154,98.13840154
2023-11-09T00:00:00Z,AAVEUSDT,0.00010000,100.30551471,100.30551471
2023-11-09T08:00:00Z,AAVEUSDT,0.00010000,106.31296738,106.31296738
2023-11-09T16:00:00Z,AAVEUSDT,0.00010000,100.26478299,100.26478299
2023-11-10T00:00:00Z,AAVEUSDT,0.00010000,100.83492157,100.83492157
2023-11-10T08:00:00Z,AAVEUSDT,0.00010000,97.78787322,97.78787322
2023-11-10T16:00:00Z,AAVEUSDT,0.00010000,97.73100359,97.73100359
2023-11-11T00:00:00Z,AAVEUSDT,0.00010000,100.33713578,100.33713578
2023-11-11T08:00:00Z,AAVEUSDT,0.00010000,96.09000000,96.09000000
2023-11-11T16:00:00Z,AAVEUSDT,0.00010000,98.53000000,98.53000000
2023-11-12T00:00:00Z,AAVEUSDT,0.00010000,96.96445390,96.96445390
2023-11-12T08:00:00Z,AAVEUSDT,0.00010000,98.15658170,98.15658170
2023-11-12T16:00:00Z,AAVEUSDT,0.00010000,96.31544669,96.31544669
2023-11-13T00:00:00Z,AAVEUSDT,0.00010000,99.79834019,99.79834019
2023-11-13T08:00:00Z,AAVEUSDT,0.00010000,97.80176660,97.80176660
2023-11-13T16:00:00Z,AAVEUSDT,0.00010000,97.25555165,97.25555165
2023-11-14T00:00:00Z,AAVEUSDT,0.00010000,92.90251069,92.90251069
2023-11-14T08:00:00Z,AAVEUSDT,0.00010000,94.89879505,94.89879505
2023-11-14T16:00:00Z,AAVEUSDT,0.00010000,92.90342321,92.90342321
2023-11-15T00:00:00Z,AAVEUSDT,0.00010000,90.77411446,90.77411446
2023-11-15T08:00:00Z,AAVEUSDT,0.00010000,93.46469044,93.46469044
2023-11-15T16:00:00Z,AAVEUSDT,0.00010000,94.67026641,94.67026641
2023-11-16T00:00:00Z,AAVEUSDT,0.00010000,95.49159823,95.49159823
2023-11-16T08:00:00Z,AAVEUSDT,0.00010000,97.56000000,97.56000000
2023-11-16T16:00:00Z,AAVEUSDT,0.00010000,92.37000000,92.37000000
2023-11-17T00:00:00Z,AAVEUSDT,0.00010000,91.10000000,91.10000000
2023-11-17T08:00:00Z,AAVEUSDT,0.00010000,90.62865721,90.62865721
2023-11-17T16:00:00Z,AAVEUSDT,0.00010000,85.36000000,85.36000000
2023-11-18T00:00:00Z,AAVEUSDT,0.00010000,88.74266806,88.74266806
2023-11-18T08:00:00Z,AAVEUSDT,0.00010000,84.98000000,84.98000000
2023-11-18T16:00:00Z,AAVEUSDT,0.00010000,87.32000000,87.32000000
2023-11-19T00:00:00Z,AAVEUSDT,0.00010000,88.13140839,88.13140839
2023-11-19T08:00:00Z,AAVEUSDT,0.00010000,88.67829015,88.67829015
2023-11-19T16:00:00Z,AAVEUSDT,0.00010000,88.82569156,88.82569156
2023-11-20T00:00:00Z,AAVEUSDT,0.00010000,91.51000000,91.51000000
2023-11-20T08:00:00Z,AAVEUSDT,0.00010000,92.23435700,92.23435700
2023-11-20T16:00:00Z,AAVEUSDT,0.00010000,91.75008655,91.75008655
2023-11-21T00:00:00Z,AAVEUSDT,0.00010000,90.26875784,90.26875784
2023-11-21T08:00:00Z,AAVEUSDT,0.00010000,88.84350707,88.84350707
2023-11-21T16:00:00Z,AAVEUSDT,0.00010000,88.45000000,88.45000000
2023-11-22T00:00:00Z,AAVEUSDT,0.00010000,84.48299508,84.48299508
2023-11-22T08:00:00Z,AAVEUSDT,0.00010000,88.74738894,88.74738894
2023-11-22T16:00:00Z,AAVEUSDT,0.00010000,92.31000000,92.31000000
2023-11-23T00:00:00Z,AAVEUSDT,0.00010000,95.41702210,95.41702210
2023-11-23T08:00:00Z,AAVEUSDT,0.00010000,95.80071177,95.80071177
2023-11-23T16:00:00Z,AAVEUSDT,0.00010000,95.66000000,95.66000000
2023-11-24T00:00:00Z,AAVEUSDT,0.00010000,96.03638355,96.03638355
2023-11-24T08:00:00Z,AAVEUSDT,0.00010000,97.28774166,97.28774166
2023-11-24T16:00:00Z,AAVEUSDT,0.00010000,97.63654437,97.63654437
2023-11-25T00:00:00Z,AAVEUSDT,0.00010000,99.18010173,99.18010173
2023-11-25T08:00:00Z,AAVEUSDT,0.00010000,99.23698727,99.23698727
2023-11-25T16:00:00Z,AAVEUSDT,0.00010000,100.05000000,100.05000000
2023-11-26T00:00:00Z,AAVEUSDT,0.00010000,99.64235246,99.64235246
2023-11-26T08:00:00Z,AAVEUSDT,0.00010000,102.17702933,102.17702933
2023-11-26T16:00:00Z,AAVEUSDT,0.00010000,98.62440411,98.62440411
2023-11-27T00:00:00Z,AAVEUSDT,0.00010000,97.94618757,97.94618757
2023-11-27T08:00:00Z,AAVEUSDT,0.00010000,95.76274324,95.76274324
2023-11-27T16:00:00Z,AAVEUSDT,0.00010000,94.52053900,94.52053900
2023-11-28T00:00:00Z,AAVEUSDT,0.00010000,96.27164200,96.27164200
2023-11-28T08:00:00Z,AAVEUSDT,0.00010000,94.30000000,94.30000000
2023-11-28T16:00:00Z,AAVEUSDT,0.00010000,94.76000000,94.76000000
2023-11-29T00:00:00Z,AAVEUSDT,0.00010000,96.93718891,96.93718891
2023-11-29T08:00:00Z,AAVEUSDT,0.00010000,97.97172978,97.97172978
2023-11-29T16:00:00Z,AAVEUSDT,0.00010000,96.68577142,96.68577142
2023-11-30T00:00:00Z,AAVEUSDT,0.00010000,96.52393002,96.52393002
2023-11-30T08:00:00Z,AAVEUSDT,0.00010000,95.93000000,95.93000000
2023-11-30T16:00:00Z,AAVEUSDT,0.00010000,96.84184706,96.84184706
2023-12-01T00:00:00Z,AAVEUSDT,0.00010000,98.32127613,98.32127613
2023-12-01T08:00:00Z,AAVEUSDT,0.00010000,99.83000000,99.83000000
2023-12-01T16:00:00Z,AAVEUSDT,0.00010000,100.70000000,100.70000000
2023-12-02T00:00:00Z,AAVEUSDT,0.00010000,100.17854697,100.17854697
2023-12-02T08:00:00Z,AAVEUSDT,0.00010000,102.08000000,102.08000000
2023-12-02T16:00:00Z,AAVEUSDT,0.00010000,101.55252170,101.55252170
2023-12-03T00:00:00Z,AAVEUSDT,0.00010000,104.25381546,104.25381546
2023-12-03T08:00:00Z,AAVEUSDT,0.00012854,103.60443726,103.60443726
2023-12-03T16:00:00Z,AAVEUSDT,0.00010000,102.24054420,102.24054420
2023-12-04T00:00:00Z,AAVEUSDT,0.00012632,102.83000000,102.83000000
2023-12-04T08:00:00Z,AAVEUSDT,0.00010000,102.62171334,102.62171334
2023-12-04T16:00:00Z,AAVEUSDT,0.00010000,98.51000000,98.51000000
2023-12-05T00:00:00Z,AAVEUSDT,0.00010000,100.04502466,100.04502466
2023-12-05T08:00:00Z,AAVEUSDT,0.00010000,96.90194423,96.90194423
2023-12-05T16:00:00Z,AAVEUSDT,0.00010000,97.01000000,97.01000000
2023-12-06T00:00:00Z,AAVEUSDT,0.00010000,98.67821961,98.67821961
2023-12-06T08:00:00Z,AAVEUSDT,0.00010000,97.48758951,97.48758951
2023-12-06T16:00:00Z,AAVEUSDT,0.00010000,97.63452562,97.63452562
2023-12-07T00:00:00Z,AAVEUSDT,0.00010000,96.28000000,96.28000000
2023-12-07T08:00:00Z,AAVEUSDT,0.00012373,98.48000000,98.48000000
2023-12-07T16:00:00Z,AAVEUSDT,0.00010000,98.34462918,98.34462918
2023-12-08T00:00:00Z,AAVEUSDT,0.00010000,98.73000000,98.73000000
2023-12-08T08:00:00Z,AAVEUSDT,0.00020897,99.59926806,99.59926806
2023-12-08T16:00:00Z,AAVEUSDT,0.00010000,96.99486926,96.99486926
2023-12-09T00:00:00Z,AAVEUSDT,0.00010000,99.48887417,99.48887417
2023-12-09T08:00:00Z,AAVEUSDT,0.00010000,103.00000000,103.00000000
2023-12-09T16:00:00Z,AAVEUSDT,0.00010000,100.42939347,100.42939347
2023-12-10T00:00:00Z,AAVEUSDT,0.00010000,98.65000000,98.65000000
2023-12-10T08:00:00Z,AAVEUSDT,0.00010000,99.08213949,99.08213949
2023-12-10T16:00:00Z,AAVEUSDT,0.00010000,98.05256847,98.05256847
2023-12-11T00:00:00Z,AAVEUSDT,0.00010000,97.96706717,97.96706717
2023-12-11T08:00:00Z,AAVEUSDT,0.00010000,90.75000000,90.75000000
2023-12-11T16:00:00Z,AAVEUSDT,0.00009933,90.45000000,90.45000000
2023-12-12T00:00:00Z,AAVEUSDT,0.00000414,91.59413922,91.59413922
2023-12-12T08:00:00Z,AAVEUSDT,0.00010000,92.76000000,92.76000000
2023-12-12T16:00:00Z,AAVEUSDT,0.00010000,92.60218546,92.60218546
2023-12-13T00:00:00Z,AAVEUSDT,0.00010000,92.65087750,92.65087750
2023-12-13T08:00:00Z,AAVEUSDT,0.00010000,89.98000000,89.98000000
2023-12-13T16:00:00Z,AAVEUSDT,0.00010000,93.19000000,93.19000000
2023-12-14T00:00:00Z,AAVEUSDT,0.00010000,94.75580622,94.75580622
2023-12-14T08:00:00Z,AAVEUSDT,0.00010000,95.24721319,95.24721319
2023-12-14T16:00:00Z,AAVEUSDT,0.00010000,97.46294295,97.46294295
2023-12-15T00:00:00Z,AAVEUSDT,0.00010000,107.19079297,107.19079297
2023-12-15T08:00:00Z,AAVEUSDT,0.00016072,107.69000000,107.69000000
2023-12-15T16:00:00Z,AAVEUSDT,0.00010000,111.15148768,111.15148768
2023-12-16T00:00:00Z,AAVEUSDT,0.00010000,108.25000000,108.25000000
2023-12-16T08:00:00Z,AAVEUSDT,0.00010000,105.10792586,105.10792586
2023-12-16T16:00:00Z,AAVEUSDT,0.00010000,107.57000000,107.57000000
2023-12-17T00:00:00Z,AAVEUSDT,0.00010000,104.84000000,104.84000000
2023-12-17T08:00:00Z,AAVEUSDT,0.00010000,102.53163148,102.53163148
2023-12-17T16:00:00Z,AAVEUSDT,0.00010000,103.36385334,103.36385334
2023-12-18T00:00:00Z,AAVEUSDT,0.00010000,100.14882375,100.14882375
2023-12-18T08:00:00Z,AAVEUSDT,0.00010000,96.85823061,96.85823061
2023-12-18T16:00:00Z,AAVEUSDT,0.00010000,95.36000000,95.36000000
2023-12-19T00:00:00Z,AAVEUSDT,0.00010000,99.40000000,99.40000000
2023-12-19T08:00:00Z,AAVEUSDT,0.00010000,106.00000000,106.00000000
2023-12-19T16:00:00Z,AAVEUSDT,0.00010000,102.50608114,102.50608114
2023-12-20T00:00:00Z,AAVEUSDT,0.00010000,101.38008910,101.38008910
2023-12-20T08:00:00Z,AAVEUSDT,0.00010000,102.01000000,102.01000000
2023-12-20T16:00:00Z,AAVEUSDT,0.00010000,104.12619896,104.12619896
2023-12-21T00:00:00Z,AAVEUSDT,0.00010000,100.12016689,100.12016689
2023-12-21T08:00:00Z,AAVEUSDT,0.00010000,100.41537807,100.41537807
2023-12-21T16:00:00Z,AAVEUSDT,0.00018171,99.44000000,99.44000000
2023-12-22T00:00:00Z,AAVEUSDT,0.00030942,101.74698793,101.74698793
2023-12-22T08:00:00Z,AAVEUSDT,0.00012248,99.09418708,99.09418708
2023-12-22T16:00:00Z,AAVEUSDT,0.00010262,100.18000000,100.18000000
2023-12-23T00:00:00Z,AAVEUSDT,0.00034025,100.15830185,100.15830185
2023-12-23T08:00:00Z,AAVEUSDT,0.00010000,96.23249229,96.23249229
2023-12-23T16:00:00Z,AAVEUSDT,0.00010000,98.06714930,98.06714930
2023-12-24T00:00:00Z,AAVEUSDT,0.00010000,99.42586956,99.42586956
2023-12-24T08:00:00Z,AAVEUSDT,0.00010718,102.01190209,102.01190209
2023-12-24T16:00:00Z,AAVEUSDT,0.00010000,101.54175709,101.54175709
2023-12-25T00:00:00Z,AAVEUSDT,0.00010000,99.58765124,99.58765124
2023-12-25T08:00:00Z,AAVEUSDT,0.00010000,103.06238073,103.06238073
2023-12-25T16:00:00Z,AAVEUSDT,0.00033693,101.78000000,101.78000000
2023-12-26T00:00:00Z,AAVEUSDT,0.00010000,102.84000000,102.84000000
2023-12-26T08:00:00Z,AAVEUSDT,0.00010000,100.34440726,100.34440726
2023-12-26T16:00:00Z,AAVEUSDT,0.00010000,105.06646791,105.06646791
2023-12-27T00:00:00Z,AAVEUSDT,0.00010000,102.97000000,102.97000000
2023-12-27T08:00:00Z,AAVEUSDT,0.00010000,101.34967996,101.34967996
2023-12-27T16:00:00Z,AAVEUSDT,0.00044971,110.70000000,110.70000000
2023-12-28T00:00:00Z,AAVEUSDT,0.00041946,112.08000000,112.08000000
2023-12-28T08:00:00Z,AAVEUSDT,0.00053019,122.20602839,122.20602839
2023-12-28T16:00:00Z,AAVEUSDT,0.00050279,114.23000000,114.23000000
2023-12-29T00:00:00Z,AAVEUSDT,0.00024526,119.02810521,119.02810521
2023-12-29T08:00:00Z,AAVEUSDT,0.00041127,109.30219114,109.30219114
2023-12-29T16:00:00Z,AAVEUSDT,0.00052403,111.48157998,111.48157998
2023-12-30T00:00:00Z,AAVEUSDT,0.00041222,112.53000000,112.53000000
2023-12-30T08:00:00Z,AAVEUSDT,0.00036861,115.49000000,115.49000000
2023-12-30T16:00:00Z,AAVEUSDT,0.00024214,112.61571023,112.61571023
2023-12-31T00:00:00Z,AAVEUSDT,0.00020189,111.10811301,111.10811301
2023-12-31T08:00:00Z,AAVEUSDT,0.00030664,113.62000000,113.62000000
2023-12-31T16:00:00Z,AAVEUSDT,0.00029974,116.28200809,116.28200809
2024-01-01T00:00:00Z,AAVEUSDT,0.00012565,108.78000000,108.78000000
2024-01-01T08:00:00Z,AAVEUSDT,0.00014543,109.69571349,109.69571349
2024-01-01T16:00:00Z,AAVEUSDT,0.00032166,112.51590552,112.51590552
2024-01-02T00:00:00Z,AAVEUSDT,0.00068483,116.31218507,116.31218507
2024-01-02T08:00:00Z,AAVEUSDT,0.00047193,116.11000000,116.11000000
2024-01-02T16:00:00Z,AAVEUSDT,0.00050361,112.73401321,112.73401321
2024-01-03T00:00:00Z,AAVEUSDT,0.00022650,110.37586663,110.37586663
2024-01-03T08:00:00Z,AAVEUSDT,0.00012012,111.15000000,111.15000000
2024-01-03T16:00:00Z,AAVEUSDT,0.00010000,101.73299478,101.73299478
2024-01-04T00:00:00Z,AAVEUSDT,-0.00000294,102.57104036,102.57104036
2024-01-04T08:00:00Z,AAVEUSDT,0.00010000,102.38017790,102.38017790
2024-01-04T16:00:00Z,AAVEUSDT,0.00010000,105.12000000,105.12000000
2024-01-05T00:00:00Z,AAVEUSDT,0.00010000,103.80611543,103.80611543
2024-01-05T08:00:00Z,AAVEUSDT,0.00010000,104.35000000,104.35000000
2024-01-05T16:00:00Z,AAVEUSDT,0.00010000,101.75465140,101.75465140
2024-01-06T00:00:00Z,AAVEUSDT,0.00010000,102.94801641,102.94801641
2024-01-06T08:00:00Z,AAVEUSDT,0.00010000,98.97265951,98.97265951
2024-01-06T16:00:00Z,AAVEUSDT,0.00010000,99.89333508,99.89333508
2024-01-07T00:00:00Z,AAVEUSDT,0.00010000,99.39000000,99.39000000
2024-01-07T08:00:00Z,AAVEUSDT,0.00010000,99.92000000,99.92000000
2024-01-07T16:00:00Z,AAVEUSDT,0.00010000,97.86000000,97.86000000
2024-01-08T00:00:00Z,AAVEUSDT,-0.00007741,94.86000000,94.86000000
2024-01-08T08:00:00Z,AAVEUSDT,0.00010000,93.75000000,93.75000000
2024-01-08T16:00:00Z,AAVEUSDT,0.00006013,95.58197082,95.58197082
2024-01-09T00:00:00Z,AAVEUSDT,0.00010000,99.02982960,99.02982960
2024-01-09T08:00:00Z,AAVEUSDT,0.00010000,97.36000000,97.36000000
2024-01-09T16:00:00Z,AAVEUSDT,0.00010000,93.45000000,93.45000000
2024-01-10T00:00:00Z,AAVEUSDT,0.00010000,96.43000000,96.43000000
2024-01-10T08:00:00Z,AAVEUSDT,0.00010000,98.64000000,98.64000000
2024-01-10T16:00:00Z,AAVEUSDT,0.00010000,102.44000000,102.44000000
2024-01-11T00:00:00Z,AAVEUSDT,0.00010000,106.99000000,106.99000000
2024-01-11T08:00:00Z,AAVEUSDT,0.00010000,108.85000000,108.85000000
2024-01-11T16:00:00Z,AAVEUSDT,0.00010000,109.49645917,109.49645917
2024-01-12T00:00:00Z,AAVEUSDT,0.00010000,109.58000000,109.58000000
2024-01-12T08:00:00Z,AAVEUSDT,0.00010000,109.15148113,109.15148113
2024-01-12T16:00:00Z,AAVEUSDT,0.00010000,109.04102169,109.04102169
2024-01-13T00:00:00Z,AAVEUSDT,0.00010000,102.98503704,102.98503704
2024-01-13T08:00:00Z,AAVEUSDT,0.00010000,104.28000000,104.28000000
2024-01-13T16:00:00Z,AAVEUSDT,0.00010000,105.86253552,105.86253552
2024-01-14T00:00:00Z,AAVEUSDT,0.00010000,105.97354042,105.97354042
2024-01-14T08:00:00Z,AAVEUSDT,0.00010000,103.76371721,103.76371721
2024-01-14T16:00:00Z,AAVEUSDT,0.00010000,103.61000000,103.61000000
2024-01-15T00:00:00Z,AAVEUSDT,0.00010000,99.38000000,99.38000000
2024-01-15T08:00:00Z,AAVEUSDT,0.00010000,101.34000000,101.34000000
2024-01-15T16:00:00Z,AAVEUSDT,0.00010000,101.12408043,101.12408043
2024-01-16T00:00:00Z,AAVEUSDT,0.00010000,101.76466896,101.76466896
2024-01-16T08:00:00Z,AAVEUSDT,0.00010000,106.32454171,106.32454171
2024-01-16T16:00:00Z,AAVEUSDT,0.00010000,105.04000000,105.04000000
2024-01-17T00:00:00Z,AAVEUSDT,0.00010000,103.51000000,103.51000000
2024-01-17T08:00:00Z,AAVEUSDT,0.00004636,101.09351213,101.09351213
2024-01-17T16:00:00Z,AAVEUSDT,-0.00000014,101.01000000,101.01000000
2024-01-18T00:00:00Z,AAVEUSDT,-0.00002269,101.29544204,101.29544204
2024-01-18T08:00:00Z,AAVEUSDT,0.00010000,101.51123477,101.51123477
2024-01-18T16:00:00Z,AAVEUSDT,0.00005714,99.84000000,99.84000000
2024-01-19T00:00:00Z,AAVEUSDT,0.00010000,96.84000000,96.84000000
2024-01-19T08:00:00Z,AAVEUSDT,0.00010000,96.35000000,96.35000000
2024-01-19T16:00:00Z,AAVEUSDT,0.00005991,94.99000000,94.99000000
2024-01-20T00:00:00Z,AAVEUSDT,0.00007062,97.00000000,97.00000000
2024-01-20T08:00:00Z,AAVEUSDT,0.00002908,97.57000000,97.57000000
2024-01-20T16:00:00Z,AAVEUSDT,0.00010000,96.66000000,96.66000000
2024-01-21T00:00:00Z,AAVEUSDT,0.00008576,97.36000000,97.36000000
2024-01-21T08:00:00Z,AAVEUSDT,-0.00002733,97.36000000,97.36000000
2024-01-21T16:00:00Z,AAVEUSDT,-0.00010546,97.54000000,97.54000000
2024-01-22T00:00:00Z,AAVEUSDT,0.00010000,96.42610738,96.42610738
2024-01-22T08:00:00Z,AAVEUSDT,0.00010000,94.44052099,94.44052099
2024-01-22T16:00:00Z,AAVEUSDT,0.00010000,93.18695659,93.18695659
2024-01-23T00:00:00Z,AAVEUSDT,0.00010000,91.68509665,91.68509665
2024-01-23T08:00:00Z,AAVEUSDT,0.00004234,91.42000000,91.42000000
2024-01-23T16:00:00Z,AAVEUSDT,0.00003777,86.93784689,86.93784689
2024-01-24T00:00:00Z,AAVEUSDT,0.00002962,89.57000000,89.57000000
2024-01-24T08:00:00Z,AAVEUSDT,0.00010000,88.70457510,88.70457510
2024-01-24T16:00:00Z,AAVEUSDT,0.00007302,89.41000000,89.41000000
2024-01-25T00:00:00Z,AAVEUSDT,0.00010000,89.94000000,89.94000000
2024-01-25T08:00:00Z,AAVEUSDT,0.00001756,89.16275053,89.16275053
2024-01-25T16:00:00Z,AAVEUSDT,0.00010000,87.56823292,87.56823292
2024-01-26T00:00:00Z,AAVEUSDT,0.00010000,88.79000000,88.79000000
2024-01-26T08:00:00Z,AAVEUSDT,0.00010000,87.64526242,87.64526242
2024-01-26T16:00:00Z,AAVEUSDT,0.00010000,91.04075430,91.04075430
2024-01-27T00:00:00Z,AAVEUSDT,-0.00003143,91.28254288,91.28254288
2024-01-27T08:00:00Z,AAVEUSDT,0.00000053,90.60000000,90.60000000
2024-01-27T16:00:00Z,AAVEUSDT,0.00005489,91.27000000,91.27000000
2024-01-28T00:00:00Z,AAVEUSDT,0.00010000,91.53000000,91.53000000
2024-01-28T08:00:00Z,AAVEUSDT,-0.00008272,91.88573902,91.88573902
2024-01-28T16:00:00Z,AAVEUSDT,-0.00003655,91.33000000,91.33000000
2024-01-29T00:00:00Z,AAVEUSDT,0.00000785,91.14000000,91.14000000
2024-01-29T08:00:00Z,AAVEUSDT,0.00010000,91.93000000,91.93000000
2024-01-29T16:00:00Z,AAVEUSDT,0.00009628,92.05000000,92.05000000
2024-01-30T00:00:00Z,AAVEUSDT,-0.00001181,93.58000000,93.58000000
2024-01-30T08:00:00Z,AAVEUSDT,0.00010000,92.64362118,92.64362118
2024-01-30T16:00:00Z,AAVEUSDT,0.00002039,93.58000000,93.58000000
2024-01-31T00:00:00Z,AAVEUSDT,-0.00003012,93.01347614,93.01347614
2024-01-31T08:00:00Z,AAVEUSDT,-0.00090282,88.35000000,88.35000000
2024-01-31T16:00:00Z,AAVEUSDT,-0.00020446,87.34000000,87.34000000
2024-02-01T00:00:00Z,AAVEUSDT,-0.00031139,85.82000000,85.82000000
2024-02-01T08:00:00Z,AAVEUSDT,-0.00002924,83.53000000,83.53000000
2024-02-01T16:00:00Z,AAVEUSDT,-0.00008483,83.82019971,83.82019971
2024-02-02T00:00:00Z,AAVEUSDT,-0.00004429,83.87340244,83.87340244
2024-02-02T08:00:00Z,AAVEUSDT,0.00010000,83.71810432,83.71810432
2024-02-02T16:00:00Z,AAVEUSDT,0.00010000,86.42000000,86.42000000
2024-02-03T00:00:00Z,AAVEUSDT,0.00010000,85.84000000,85.84000000
2024-02-03T08:00:00Z,AAVEUSDT,0.00010000,85.37835231,85.37835231
2024-02-03T16:00:00Z,AAVEUSDT,0.00010000,86.05680425,86.05680425
2024-02-04T00:00:00Z,AAVEUSDT,0.00010000,85.62000000,85.62000000
2024-02-04T08:00:00Z,AAVEUSDT,0.00010000,84.24168010,84.24168010
2024-02-04T16:00:00Z,AAVEUSDT,0.00010000,84.91592279,84.91592279
2024-02-05T00:00:00Z,AAVEUSDT,0.00007782,83.20000000,83.20000000
2024-02-05T08:00:00Z,AAVEUSDT,0.00010000,84.40000000,84.40000000
2024-02-05T16:00:00Z,AAVEUSDT,0.00010000,84.20000000,84.20000000
2024-02-06T00:00:00Z,AAVEUSDT,0.00010000,84.15000000,84.15000000
2024-02-06T08:00:00Z,AAVEUSDT,0.00010000,83.77000000,83.77000000
2024-02-06T16:00:00Z,AAVEUSDT,0.00010000,83.92786787,83.92786787
2024-02-07T00:00:00Z,AAVEUSDT,0.00008437,84.46000000,84.46000000
2024-02-07T08:00:00Z,AAVEUSDT,0.00010000,83.57000000,83.57000000
2024-02-07T16:00:00Z,AAVEUSDT,0.00010000,82.93646495,82.93646495
2024-02-08T00:00:00Z,AAVEUSDT,0.00010000,84.18000000,84.18000000
2024-02-08T08:00:00Z,AAVEUSDT,0.00010000,85.29000000,85.29000000
2024-02-08T16:00:00Z,AAVEUSDT,0.00010000,86.55235801,86.55235801
2024-02-09T00:00:00Z,AAVEUSDT,0.00010000,85.16000000,85.16000000
2024-02-09T08:00:00Z,AAVEUSDT,0.00010000,87.14000000,87.14000000
2024-02-09T16:00:00Z,AAVEUSDT,0.00010000,86.74000000,86.74000000
2024-02-10T00:00:00Z,AAVEUSDT,0.00010000,87.59039046,87.59039046
2024-02-10T08:00:00Z,AAVEUSDT,0.00010000,88.22000000,88.22000000
2024-02-10T16:00:00Z,AAVEUSDT,0.00010000,88.05011774,88.05011774
2024-02-11T00:00:00Z,AAVEUSDT,0.00010000,88.38000000,88.38000000
2024-02-11T08:00:00Z,AAVEUSDT,0.00010000,89.44265719,89.44265719
2024-02-11T16:00:00Z,AAVEUSDT,0.00010000,87.87712244,87.87712244
2024-02-12T00:00:00Z,AAVEUSDT,0.00010000,87.24653174,87.24653174
2024-02-12T08:00:00Z,AAVEUSDT,0.00010000,86.73869215,86.73869215
2024-02-12T16:00:00Z,AAVEUSDT,0.00010000,88.22205166,88.22205166
2024-02-13T00:00:00Z,AAVEUSDT,0.00010000,90.86712641,90.86712641
2024-02-13T08:00:00Z,AAVEUSDT,0.00010000,90.28317107,90.28317107
2024-02-13T16:00:00Z,AAVEUSDT,0.00010000,89.30251555,89.30251555
2024-02-14T00:00:00Z,AAVEUSDT,0.00010000,89.63000000,89.63000000
2024-02-14T08:00:00Z,AAVEUSDT,0.00012306,90.31445805,90.31445805
2024-02-14T16:00:00Z,AAVEUSDT,0.00019061,91.19966281,91.19966281
2024-02-15T00:00:00Z,AAVEUSDT,0.00011868,91.10246359,91.10246359
2024-02-15T08:00:00Z,AAVEUSDT,0.00031498,91.41000000,91.41000000
2024-02-15T16:00:00Z,AAVEUSDT,0.00020715,92.19778808,92.19778808
2024-02-16T00:00:00Z,AAVEUSDT,0.00024368,92.36963621,92.36963621
2024-02-16T08:00:00Z,AAVEUSDT,0.00035686,93.00000000,93.00000000
2024-02-16T16:00:00Z,AAVEUSDT,0.00019202,91.96000000,91.96000000
2024-02-17T00:00:00Z,AAVEUSDT,0.00024416,94.61645455,94.61645455
2024-02-17T08:00:00Z,AAVEUSDT,0.00023305,94.68000000,94.68000000
2024-02-17T16:00:00Z,AAVEUSDT,0.00018399,92.56000000,92.56000000
2024-02-18T00:00:00Z,AAVEUSDT,0.00031936,93.98956574,93.98956574
2024-02-18T08:00:00Z,AAVEUSDT,0.00017784,93.63925233,93.63925233
2024-02-18T16:00:00Z,AAVEUSDT,0.00020486,94.98675944,94.98675944
2024-02-19T00:00:00Z,AAVEUSDT,0.00021490,94.71883487,94.71883487
2024-02-19T08:00:00Z,AAVEUSDT,0.00013753,98.01000000,98.01000000
2024-02-19T16:00:00Z,AAVEUSDT,0.00019209,97.14656406,97.14656406
2024-02-20T00:00:00Z,AAVEUSDT,0.00034351,96.27810067,96.27810067
2024-02-20T08:00:00Z,AAVEUSDT,0.00027830,96.04188624,96.04188624
2024-02-20T16:00:00Z,AAVEUSDT,0.00010894,92.18380076,92.18380076
2024-02-21T00:00:00Z,AAVEUSDT,0.00010000,93.91897306,93.91897306
2024-02-21T08:00:00Z,AAVEUSDT,0.00010000,91.13144922,91.13144922
2024-02-21T16:00:00Z,AAVEUSDT,0.00010000,89.98211267,89.98211267
2024-02-22T00:00:00Z,AAVEUSDT,0.00010000,91.79000000,91.79000000
2024-02-22T08:00:00Z,AAVEUSDT,0.00019480,93.01000000,93.01000000
2024-02-22T16:00:00Z,AAVEUSDT,0.00016166,92.84820600,92.84820600
2024-02-23T00:00:00Z,AAVEUSDT,0.00017263,92.01000000,92.01000000
2024-02-23T08:00:00Z,AAVEUSDT,0.00015389,91.05892285,91.05892285
2024-02-23T16:00:00Z,AAVEUSDT,0.00011677,97.69924874,97.69924874
2024-02-24T00:00:00Z,AAVEUSDT,0.00010000,94.70996780,94.70996780
2024-02-24T08:00:00Z,AAVEUSDT,0.00010000,102.59864393,102.59864393
2024-02-24T16:00:00Z,AAVEUSDT,0.00010000,97.50000000,97.50000000
2024-02-25T00:00:00Z,AAVEUSDT,0.00010000,101.22000000,101.22000000
2024-02-25T08:00:00Z,AAVEUSDT,0.00010000,99.50162450,99.50162450
2024-02-25T16:00:00Z,AAVEUSDT,0.00016240,98.18000000,98.18000000
2024-02-26T00:00:00Z,AAVEUSDT,0.00026803,100.43791435,100.43791435
2024-02-26T08:00:00Z,AAVEUSDT,0.00025354,99.99392825,99.99392825
2024-02-26T16:00:00Z,AAVEUSDT,0.00043687,103.24879856,103.24879856
2024-02-27T00:00:00Z,AAVEUSDT,0.00049707,102.86483793,102.86483793
2024-02-27T08:00:00Z,AAVEUSDT,0.00060143,101.53959285,101.53959285
2024-02-27T16:00:00Z,AAVEUSDT,0.00043145,102.10000000,102.10000000
2024-02-28T00:00:00Z,AAVEUSDT,0.00042821,104.90000000,104.90000000
2024-02-28T08:00:00Z,AAVEUSDT,0.00033136,106.95235361,106.95235361
2024-02-28T16:00:00Z,AAVEUSDT,0.00058794,105.84000000,105.84000000
2024-02-29T00:00:00Z,AAVEUSDT,0.00044111,104.53000000,104.53000000
2024-02-29T08:00:00Z,AAVEUSDT,0.00080489,110.11000000,110.11000000
2024-02-29T16:00:00Z,AAVEUSDT,0.00068332,112.38000000,112.38000000
2024-03-01T00:00:00Z,AAVEUSDT,0.00039184,105.82918504,105.82918504
2024-03-01T08:00:00Z,AAVEUSDT,0.00051423,108.53417822,108.53417822
2024-03-01T16:00:00Z,AAVEUSDT,0.00050728,107.30449417,107.30449417
2024-03-02T00:00:00Z,AAVEUSDT,0.00059796,110.64000000,110.64000000
2024-03-02T08:00:00Z,AAVEUSDT,0.00093757,113.64000000,113.64000000
2024-03-02T16:00:00Z,AAVEUSDT,0.00073892,116.82093280,116.82093280
2024-03-03T00:00:00Z,AAVEUSDT,0.00071985,116.27000000,116.27000000
2024-03-03T08:00:00Z,AAVEUSDT,0.00046347,110.98000000,110.98000000
2024-03-03T16:00:00Z,AAVEUSDT,0.00050787,112.91000000,112.91000000
2024-03-04T00:00:00Z,AAVEUSDT,0.00047867,112.72000000,112.72000000
2024-03-04T08:00:00Z,AAVEUSDT,0.00062343,111.53737005,111.53737005
2024-03-04T16:00:00Z,AAVEUSDT,0.00050280,114.46000000,114.46000000
2024-03-05T00:00:00Z,AAVEUSDT,0.00055535,114.20681860,114.20681860
2024-03-05T08:00:00Z,AAVEUSDT,0.00111260,115.19000000,115.19000000
2024-03-05T16:00:00Z,AAVEUSDT,0.00073379,115.72000000,115.72000000
2024-03-06T00:00:00Z,AAVEUSDT,0.00010000,105.75000000,105.75000000
2024-03-06T08:00:00Z,AAVEUSDT,0.00010000,112.60222916,112.60222916
2024-03-06T16:00:00Z,AAVEUSDT,0.00013922,121.00925155,121.00925155
2024-03-07T00:00:00Z,AAVEUSDT,0.00039404,127.64633715,127.64633715
2024-03-07T08:00:00Z,AAVEUSDT,0.00028788,124.88032625,124.88032625
2024-03-07T16:00:00Z,AAVEUSDT,0.00034464,128.63000000,128.63000000
2024-03-08T00:00:00Z,AAVEUSDT,0.00052986,134.03000000,134.03000000
2024-03-08T08:00:00Z,AAVEUSDT,0.00044355,129.36229559,129.36229559
2024-03-08T16:00:00Z,AAVEUSDT,0.00030323,131.30000000,131.30000000
2024-03-09T00:00:00Z,AAVEUSDT,0.00032016,132.75000000,132.75000000
2024-03-09T08:00:00Z,AAVEUSDT,0.00053844,131.80757661,131.80757661
2024-03-09T16:00:00Z,AAVEUSDT,0.00060843,132.45000000,132.45000000
2024-03-10T00:00:00Z,AAVEUSDT,0.00054515,131.47166495,131.47166495
2024-03-10T08:00:00Z,AAVEUSDT,0.00058115,132.79215679,132.79215679
2024-03-10T16:00:00Z,AAVEUSDT,0.00039659,125.36000000,125.36000000
2024-03-11T00:00:00Z,AAVEUSDT,0.00038432,126.96916821,126.96916821
2024-03-11T08:00:00Z,AAVEUSDT,0.00048134,132.89116530,132.89116530
2024-03-11T16:00:00Z,AAVEUSDT,0.00054510,132.77278654,132.77278654
2024-03-12T00:00:00Z,AAVEUSDT,0.00070725,136.87480033,136.87480033
2024-03-12T08:00:00Z,AAVEUSDT,0.00062487,132.55012761,132.55012761
2024-03-12T16:00:00Z,AAVEUSDT,0.00032655,131.26443301,131.26443301
2024-03-13T00:00:00Z,AAVEUSDT,0.00029439,135.48959918,135.48959918
2024-03-13T08:00:00Z,AAVEUSDT,0.00055615,146.92000000,146.92000000
2024-03-13T16:00:00Z,AAVEUSDT,0.00054816,141.57648992,141.57648992
2024-03-14T00:00:00Z,AAVEUSDT,0.00023242,142.77906258,142.77906258
2024-03-14T08:00:00Z,AAVEUSDT,0.00055339,140.45224901,140.45224901
2024-03-14T16:00:00Z,AAVEUSDT,0.00041488,136.92497125,136.92497125
2024-03-15T00:00:00Z,AAVEUSDT,0.00042394,139.55000000,139.55000000
2024-03-15T08:00:00Z,AAVEUSDT,0.00010000,132.80000000,132.80000000
2024-03-15T16:00:00Z,AAVEUSDT,0.00010000,127.50000000,127.50000000
2024-03-16T00:00:00Z,AAVEUSDT,0.00010000,129.19311343,129.19311343
2024-03-16T08:00:00Z,AAVEUSDT,0.00018601,128.86385670,128.86385670
2024-03-16T16:00:00Z,AAVEUSDT,0.00010000,124.20813967,124.20813967
2024-03-17T00:00:00Z,AAVEUSDT,0.00010000,118.83000000,118.83000000
2024-03-17T08:00:00Z,AAVEUSDT,0.00010000,116.42330708,116.42330708
2024-03-17T16:00:00Z,AAVEUSDT,0.00010000,126.55000000,126.55000000
2024-03-18T00:00:00Z,AAVEUSDT,0.00010000,127.00000000,127.00000000
2024-03-18T08:00:00Z,AAVEUSDT,0.00010000,127.22212974,127.22212974
2024-03-18T16:00:00Z,AAVEUSDT,0.00010000,122.69704004,122.69704004
2024-03-19T00:00:00Z,AAVEUSDT,0.00010000,123.51637107,123.51637107
2024-03-19T08:00:00Z,AAVEUSDT,0.00010000,114.33788045,114.33788045
2024-03-19T16:00:00Z,AAVEUSDT,0.00010000,115.69405287,115.69405287
2024-03-20T00:00:00Z,AAVEUSDT,0.00010000,109.41000000,109.41000000
2024-03-20T08:00:00Z,AAVEUSDT,0.00010000,112.84025932,112.84025932
2024-03-20T16:00:00Z,AAVEUSDT,0.00010000,112.16000000,112.16000000
2024-03-21T00:00:00Z,AAVEUSDT,0.00010414,120.18961263,120.18961263
2024-03-21T08:00:00Z,AAVEUSDT,0.00010000,119.53947776,119.53947776
2024-03-21T16:00:00Z,AAVEUSDT,0.00010197,120.42364280,120.42364280
2024-03-22T00:00:00Z,AAVEUSDT,0.00010000,123.43847480,123.43847480
2024-03-22T08:00:00Z,AAVEUSDT,0.00010000,123.97663163,123.97663163
2024-03-22T16:00:00Z,AAVEUSDT,0.00010000,117.84000000,117.84000000
2024-03-23T00:00:00Z,AAVEUSDT,0.00010000,119.03000000,119.03000000
2024-03-23T08:00:00Z,AAVEUSDT,0.00010000,122.07000000,122.07000000
2024-03-23T16:00:00Z,AAVEUSDT,0.00010000,123.62578991,123.62578991
2024-03-24T00:00:00Z,AAVEUSDT,0.00010000,121.48000000,121.48000000
2024-03-24T08:00:00Z,AAVEUSDT,0.00015753,121.64379715,121.64379715
2024-03-24T16:00:00Z,AAVEUSDT,0.00010000,122.27977092,122.27977092
2024-03-25T00:00:00Z,AAVEUSDT,0.00010000,124.95000000,124.95000000
2024-03-25T08:00:00Z,AAVEUSDT,0.00010000,125.30943237,125.30943237
2024-03-25T16:00:00Z,AAVEUSDT,0.00010000,128.74000000,128.74000000
2024-03-26T00:00:00Z,AAVEUSDT,0.00021288,127.10177214,127.10177214
2024-03-26T08:00:00Z,AAVEUSDT,0.00010000,129.87221373,129.87221373
2024-03-26T16:00:00Z,AAVEUSDT,0.00014602,129.06872722,129.06872722
2024-03-27T00:00:00Z,AAVEUSDT,0.00038027,130.92075873,130.92075873
2024-03-27T08:00:00Z,AAVEUSDT,0.00019802,128.13000000,128.13000000
2024-03-27T16:00:00Z,AAVEUSDT,0.00022370,125.48678875,125.48678875
2024-03-28T00:00:00Z,AAVEUSDT,0.00037015,125.09000000,125.09000000
2024-03-28T08:00:00Z,AAVEUSDT,0.00028107,126.40000000,126.40000000
2024-03-28T16:00:00Z,AAVEUSDT,0.00032809,126.33098278,126.33098278
2024-03-29T00:00:00Z,AAVEUSDT,0.00041901,127.96209648,127.96209648
2024-03-29T08:00:00Z,AAVEUSDT,0.00032141,124.94759912,124.94759912
2024-03-29T16:00:00Z,AAVEUSDT,0.00040702,127.33281464,127.33281464
2024-03-30T00:00:00Z,AAVEUSDT,0.00040283,127.60722380,127.60722380
2024-03-30T08:00:00Z,AAVEUSDT,0.00040502,125.92464469,125.92464469
2024-03-30T16:00:00Z,AAVEUSDT,0.00034997,126.07000000,126.07000000
2024-03-31T00:00:00Z,AAVEUSDT,0.00017989,124.03221322,124.03221322
2024-03-31T08:00:00Z,AAVEUSDT,0.00041327,126.72380034,126.72380034
2024-03-31T16:00:00Z,AAVEUSDT,0.00043705,126.44875421,126.44875421
2024-04-01T00:00:00Z,AAVEUSDT,0.00045174,128.46771309,128.46771309
2024-04-01T08:00:00Z,AAVEUSDT,0.00037498,125.33000000,125.33000000
2024-04-01T16:00:00Z,AAVEUSDT,0.00022997,124.89635575,124.89635575
2024-04-02T00:00:00Z,AAVEUSDT,0.00018754,129.39713214,129.39713214
2024-04-02T08:00:00Z,AAVEUSDT,0.00010000,117.75293737,117.75293737
2024-04-02T16:00:00Z,AAVEUSDT,0.00010000,113.99000000,113.99000000
2024-04-03T00:00:00Z,AAVEUSDT,0.00010000,115.51980180,115.51980180
2024-04-03T08:00:00Z,AAVEUSDT,0.00010000,117.77000000,117.77000000
2024-04-03T16:00:00Z,AAVEUSDT,0.00010000,115.89360450,115.89360450
2024-04-04T00:00:00Z,AAVEUSDT,0.00010000,114.59000000,114.59000000
2024-04-04T08:00:00Z,AAVEUSDT,0.00010000,115.58000000,115.58000000
2024-04-04T16:00:00Z,AAVEUSDT,0.00010000,117.52950247,117.52950247
2024-04-05T00:00:00Z,AAVEUSDT,0.00010000,116.44000000,116.44000000
2024-04-05T08:00:00Z,AAVEUSDT,0.00010000,113.89000000,113.89000000
2024-04-05T16:00:00Z,AAVEUSDT,0.00010000,114.24000000,114.24000000
2024-04-06T00:00:00Z,AAVEUSDT,0.00010000,113.76000000,113.76000000
2024-04-06T08:00:00Z,AAVEUSDT,0.00010000,115.62000000,115.62000000
2024-04-06T16:00:00Z,AAVEUSDT,0.00010000,115.50642999,115.50642999
2024-04-07T00:00:00Z,AAVEUSDT,0.00010000,118.65000000,118.65000000
2024-04-07T08:00:00Z,AAVEUSDT,0.00010000,120.75000000,120.75000000
2024-04-07T16:00:00Z,AAVEUSDT,0.00010000,121.04334149,121.04334149
2024-04-08T00:00:00Z,AAVEUSDT,0.00010000,122.89997121,122.89997121
2024-04-08T08:00:00Z,AAVEUSDT,0.00010000,124.04005627,124.04005627
2024-04-08T16:00:00Z,AAVEUSDT,0.00010550,127.93000000,127.93000000
2024-04-09T00:00:00Z,AAVEUSDT,0.00017529,129.23000000,129.23000000
2024-04-09T08:00:00Z,AAVEUSDT,0.00017723,128.47571173,128.47571173
2024-04-09T16:00:00Z,AAVEUSDT,0.00010000,129.80569885,129.80569885
2024-04-10T00:00:00Z,AAVEUSDT,0.00010000,126.59000000,126.59000000
2024-04-10T08:00:00Z,AAVEUSDT,0.00012138,126.98946420,126.98946420
2024-04-10T16:00:00Z,AAVEUSDT,0.00010000,125.12000000,125.12000000
2024-04-11T00:00:00Z,AAVEUSDT,0.00010000,128.55000000,128.55000000
2024-04-11T08:00:00Z,AAVEUSDT,0.00012619,125.04536143,125.04536143
2024-04-11T16:00:00Z,AAVEUSDT,0.00010000,117.12000000,117.12000000
2024-04-12T00:00:00Z,AAVEUSDT,0.00010000,117.67834945,117.67834945
2024-04-12T08:00:00Z,AAVEUSDT,0.00010000,118.05000000,118.05000000
2024-04-12T16:00:00Z,AAVEUSDT,0.00013020,111.40000000,111.40000000
2024-04-13T00:00:00Z,AAVEUSDT,0.00010000,99.81808706,99.81808706
2024-04-13T08:00:00Z,AAVEUSDT,0.00010000,97.72147647,97.72147647
2024-04-13T16:00:00Z,AAVEUSDT,0.00010000,95.01161168,95.01161168
2024-04-14T00:00:00Z,AAVEUSDT,-0.00010358,82.45928399,82.45928399
2024-04-14T08:00:00Z,AAVEUSDT,0.00010000,86.40000000,86.40000000
2024-04-14T16:00:00Z,AAVEUSDT,-0.00004651,83.58000000,83.58000000
2024-04-15T00:00:00Z,AAVEUSDT,-0.00032205,87.87765775,87.87765775
2024-04-15T08:00:00Z,AAVEUSDT,-0.00003356,90.11093630,90.11093630
2024-04-15T16:00:00Z,AAVEUSDT,0.00000291,86.69000000,86.69000000
2024-04-16T00:00:00Z,AAVEUSDT,-0.00009247,84.82000000,84.82000000
2024-04-16T08:00:00Z,AAVEUSDT,0.00009858,86.25000000,86.25000000
2024-04-16T16:00:00Z,AAVEUSDT,-0.00010193,82.04037823,82.04037823
2024-04-17T00:00:00Z,AAVEUSDT,-0.00007798,86.65000000,86.65000000
2024-04-17T08:00:00Z,AAVEUSDT,-0.00005808,85.76135082,85.76135082
2024-04-17T16:00:00Z,AAVEUSDT,-0.00004299,81.88442521,81.88442521
2024-04-18T00:00:00Z,AAVEUSDT,-0.00005988,83.66056566,83.66056566
2024-04-18T08:00:00Z,AAVEUSDT,0.00004429,82.98000000,82.98000000
2024-04-18T16:00:00Z,AAVEUSDT,0.00008351,86.02623588,86.02623588
2024-04-19T00:00:00Z,AAVEUSDT,-0.00003490,85.37000000,85.37000000
2024-04-19T08:00:00Z,AAVEUSDT,0.00000711,86.79000000,86.79000000
2024-04-19T16:00:00Z,AAVEUSDT,0.00001781,86.93000000,86.93000000
2024-04-20T00:00:00Z,AAVEUSDT,0.00010000,85.72000000,85.72000000
2024-04-20T08:00:00Z,AAVEUSDT,-0.00014159,86.44991922,86.44991922
2024-04-20T16:00:00Z,AAVEUSDT,0.00010000,89.08728682,89.08728682
2024-04-21T00:00:00Z,AAVEUSDT,0.00010000,91.75135340,91.75135340
2024-04-21T08:00:00Z,AAVEUSDT,0.00003883,92.69000000,92.69000000
2024-04-21T16:00:00Z,AAVEUSDT,0.00010000,91.14000000,91.14000000
2024-04-22T00:00:00Z,AAVEUSDT,0.00010000,91.05635284,91.05635284
2024-04-22T08:00:00Z,AAVEUSDT,0.00001173,94.21000000,94.21000000
2024-04-22T16:00:00Z,AAVEUSDT,-0.00008970,95.10641521,95.10641521
2024-04-23T00:00:00Z,AAVEUSDT,-0.00003660,96.33745523,96.33745523
2024-04-23T08:00:00Z,AAVEUSDT,0.00010000,94.56594931,94.56594931
2024-04-23T16:00:00Z,AAVEUSDT,0.00002492,95.82000000,95.82000000
2024-04-24T00:00:00Z,AAVEUSDT,0.00010000,94.57408882,94.57408882
2024-04-24T08:00:00Z,AAVEUSDT,0.00010000,96.41941822,96.41941822
2024-04-24T16:00:00Z,AAVEUSDT,0.00010000,92.37368672,92.37368672
2024-04-25T00:00:00Z,AAVEUSDT,0.00009506,90.72000000,90.72000000
2024-04-25T08:00:00Z,AAVEUSDT,0.00008578,89.40000000,89.40000000
2024-04-25T16:00:00Z,AAVEUSDT,0.00009726,91.08000000,91.08000000
2024-04-26T00:00:00Z,AAVEUSDT,0.00006408,91.46000000,91.46000000
2024-04-26T08:00:00Z,AAVEUSDT,0.00010000,89.81000000,89.81000000
2024-04-26T16:00:00Z,AAVEUSDT,0.00004321,89.96000000,89.96000000
2024-04-27T00:00:00Z,AAVEUSDT,0.00003867,89.52000000,89.52000000
2024-04-27T08:00:00Z,AAVEUSDT,0.00010000,88.67716300,88.67716300
2024-04-27T16:00:00Z,AAVEUSDT,0.00008906,88.84082698,88.84082698
2024-04-28T00:00:00Z,AAVEUSDT,-0.00000889,91.70904671,91.70904671
2024-04-28T08:00:00Z,AAVEUSDT,0.00007345,92.51652213,92.51652213
2024-04-28T16:00:00Z,AAVEUSDT,0.00008118,92.04000000,92.04000000
2024-04-29T00:00:00Z,AAVEUSDT,-0.00007653,90.20865336,90.20865336
2024-04-29T08:00:00Z,AAVEUSDT,0.00004399,88.83906700,88.83906700
2024-04-29T16:00:00Z,AAVEUSDT,0.00009876,88.69429999,88.69429999
2024-04-30T00:00:00Z,AAVEUSDT,0.00004721,89.33829336,89.33829336
2024-04-30T08:00:00Z,AAVEUSDT,0.00009192,88.45539002,88.45539002
2024-04-30T16:00:00Z,AAVEUSDT,-0.00002629,82.29330060,82.29330060
2024-05-01T00:00:00Z,AAVEUSDT,-0.00002612,83.31836351,83.31836351
2024-05-01T08:00:00Z,AAVEUSDT,0.00006962,80.60836030,80.60836030
2024-05-01T16:00:00Z,AAVEUSDT,0.00010000,79.94718942,79.94718942
2024-05-02T00:00:00Z,AAVEUSDT,0.00004621,83.61687367,83.61687367
2024-05-02T08:00:00Z,AAVEUSDT,0.00007662,82.32000000,82.32000000
2024-05-02T16:00:00Z,AAVEUSDT,0.00003613,84.83000000,84.83000000
2024-05-03T00:00:00Z,AAVEUSDT,0.00000832,84.84290948,84.84290948
2024-05-03T08:00:00Z,AAVEUSDT,-0.00003540,84.69251339,84.69251339
2024-05-03T16:00:00Z,AAVEUSDT,0.00010000,87.61000000,87.61000000
2024-05-04T00:00:00Z,AAVEUSDT,0.00001074,88.72000000,88.72000000
2024-05-04T08:00:00Z,AAVEUSDT,-0.00005580,87.78801956,87.78801956
2024-05-04T16:00:00Z,AAVEUSDT,0.00010000,89.13000000,89.13000000
2024-05-05T00:00:00Z,AAVEUSDT,-0.00003622,88.95260251,88.95260251
2024-05-05T08:00:00Z,AAVEUSDT,0.00010000,88.32205183,88.32205183
2024-05-05T16:00:00Z,AAVEUSDT,0.00003899,90.10000000,90.10000000
2024-05-06T00:00:00Z,AAVEUSDT,0.00009709,89.94000000,89.94000000
2024-05-06T08:00:00Z,AAVEUSDT,0.00010000,91.41699209,91.41699209
2024-05-06T16:00:00Z,AAVEUSDT,0.00010000,89.12000000,89.12000000
2024-05-07T00:00:00Z,AAVEUSDT,0.00001763,87.83000000,87.83000000
2024-05-07T08:00:00Z,AAVEUSDT,0.00010000,87.74580170,87.74580170
2024-05-07T16:00:00Z,AAVEUSDT,0.00010000,89.64300149,89.64300149
2024-05-08T00:00:00Z,AAVEUSDT,0.00010000,87.90770385,87.90770385
2024-05-08T08:00:00Z,AAVEUSDT,0.00010000,86.28000000,86.28000000
2024-05-08T16:00:00Z,AAVEUSDT,0.00010000,88.08000000,88.08000000
2024-05-09T00:00:00Z,AAVEUSDT,0.00000479,86.10000000,86.10000000
2024-05-09T08:00:00Z,AAVEUSDT,0.00010000,86.31778577,86.31778577
2024-05-09T16:00:00Z,AAVEUSDT,0.00009714,88.91000000,88.91000000
2024-05-10T00:00:00Z,AAVEUSDT,0.00005107,89.87000000,89.87000000
2024-05-10T08:00:00Z,AAVEUSDT,0.00010000,90.56000000,90.56000000
2024-05-10T16:00:00Z,AAVEUSDT,0.00010000,85.37202352,85.37202352
2024-05-11T00:00:00Z,AAVEUSDT,-0.00007022,83.73000000,83.73000000
2024-05-11T08:00:00Z,AAVEUSDT,0.00006065,83.79977182,83.79977182
2024-05-11T16:00:00Z,AAVEUSDT,-0.00004990,83.78464599,83.78464599
2024-05-12T00:00:00Z,AAVEUSDT,-0.00017192,82.21308420,82.21308420
2024-05-12T08:00:00Z,AAVEUSDT,-0.00009118,82.39851508,82.39851508
2024-05-12T16:00:00Z,AAVEUSDT,0.00008525,83.77578890,83.77578890
2024-05-13T00:00:00Z,AAVEUSDT,-0.00003303,82.95000000,82.95000000
2024-05-13T08:00:00Z,AAVEUSDT,-0.00001620,83.10000000,83.10000000
2024-05-13T16:00:00Z,AAVEUSDT,0.00010000,84.41000000,84.41000000
2024-05-14T00:00:00Z,AAVEUSDT,0.00004055,82.76000000,82.76000000
2024-05-14T08:00:00Z,AAVEUSDT,0.00010000,81.95373172,81.95373172
2024-05-14T16:00:00Z,AAVEUSDT,0.00010000,81.70403364,81.70403364
2024-05-15T00:00:00Z,AAVEUSDT,-0.00005312,80.38000000,80.38000000
2024-05-15T08:00:00Z,AAVEUSDT,0.00000832,81.65417158,81.65417158
2024-05-15T16:00:00Z,AAVEUSDT,0.00010000,85.30000000,85.30000000
2024-05-16T00:00:00Z,AAVEUSDT,0.00010000,86.02000000,86.02000000
2024-05-16T08:00:00Z,AAVEUSDT,0.00010000,86.42231464,86.42231464
2024-05-16T16:00:00Z,AAVEUSDT,0.00010000,85.03000000,85.03000000
2024-05-17T00:00:00Z,AAVEUSDT,0.00010000,85.88000000,85.88000000
2024-05-17T08:00:00Z,AAVEUSDT,0.00010000,88.41000000,88.41000000
2024-05-17T16:00:00Z,AAVEUSDT,0.00009412,88.97000000,88.97000000
2024-05-18T00:00:00Z,AAVEUSDT,0.00010000,88.18530693,88.18530693
2024-05-18T08:00:00Z,AAVEUSDT,0.00010000,88.58826595,88.58826595
2024-05-18T16:00:00Z,AAVEUSDT,0.00010000,88.56058714,88.56058714
2024-05-19T00:00:00Z,AAVEUSDT,0.00010000,88.18275387,88.18275387
2024-05-19T08:00:00Z,AAVEUSDT,-0.00001420,87.72139343,87.72139343
2024-05-19T16:00:00Z,AAVEUSDT,0.00005157,86.12647505,86.12647505
2024-05-20T00:00:00Z,AAVEUSDT,-0.00000324,85.28732028,85.28732028
2024-05-20T08:00:00Z,AAVEUSDT,0.00000779,86.17860210,86.17860210
2024-05-20T16:00:00Z,AAVEUSDT,0.00006486,87.04276357,87.04276357
2024-05-21T00:00:00Z,AAVEUSDT,0.00010000,98.04941415,98.04941415
2024-05-21T08:00:00Z,AAVEUSDT,0.00010000,98.29232631,98.29232631
2024-05-21T16:00:00Z,AAVEUSDT,0.00010000,96.82594925,96.82594925
2024-05-22T00:00:00Z,AAVEUSDT,0.00010000,97.13000000,97.13000000
2024-05-22T08:00:00Z,AAVEUSDT,0.00010000,96.34217767,96.34217767
2024-05-22T16:00:00Z,AAVEUSDT,0.00010000,95.86589635,95.86589635
2024-05-23T00:00:00Z,AAVEUSDT,0.00010000,94.44000000,94.44000000
2024-05-23T08:00:00Z,AAVEUSDT,0.00010000,96.13341909,96.13341909
2024-05-23T16:00:00Z,AAVEUSDT,0.00010000,94.84000000,94.84000000
2024-05-24T00:00:00Z,AAVEUSDT,0.00010000,97.96000000,97.96000000
2024-05-24T08:00:00Z,AAVEUSDT,0.00010000,96.54935627,96.54935627
2024-05-24T16:00:00Z,AAVEUSDT,0.00010000,97.13710651,97.13710651
2024-05-25T00:00:00Z,AAVEUSDT,0.00010000,99.42313947,99.42313947
2024-05-25T08:00:00Z,AAVEUSDT,0.00010000,105.78752968,105.78752968
2024-05-25T16:00:00Z,AAVEUSDT,0.00010000,105.78832086,105.78832086
2024-05-26T00:00:00Z,AAVEUSDT,0.00010000,105.23000000,105.23000000
2024-05-26T08:00:00Z,AAVEUSDT,0.00010000,105.27381890,105.27381890
2024-05-26T16:00:00Z,AAVEUSDT,0.00010000,109.22506143,109.22506143
2024-05-27T00:00:00Z,AAVEUSDT,0.00010000,109.62448889,109.62448889
2024-05-27T08:00:00Z,AAVEUSDT,0.00010000,110.45876796,110.45876796
2024-05-27T16:00:00Z,AAVEUSDT,0.00010000,109.14242845,109.14242845
2024-05-28T00:00:00Z,AAVEUSDT,0.00010000,108.64000000,108.64000000
2024-05-28T08:00:00Z,AAVEUSDT,0.00010000,106.92000000,106.92000000
2024-05-28T16:00:00Z,AAVEUSDT,0.00010000,105.29000000,105.29000000
2024-05-29T00:00:00Z,AAVEUSDT,0.00010000,106.45000000,106.45000000
2024-05-29T08:00:00Z,AAVEUSDT,0.00010000,105.33036002,105.33036002
2024-05-29T16:00:00Z,AAVEUSDT,0.00010000,103.66000000,103.66000000
2024-05-30T00:00:00Z,AAVEUSDT,0.00010000,103.83000000,103.83000000
2024-05-30T08:00:00Z,AAVEUSDT,0.00010000,103.09000000,103.09000000
2024-05-30T16:00:00Z,AAVEUSDT,0.00010000,103.75272398,103.75272398
2024-05-31T00:00:00Z,AAVEUSDT,0.00010000,102.89029020,102.89029020
2024-05-31T08:00:00Z,AAVEUSDT,0.00010000,102.43000000,102.43000000
2024-05-31T16:00:00Z,AAVEUSDT,0.00010000,100.80000000,100.80000000
2024-06-01T00:00:00Z,AAVEUSDT,0.00010000,103.83936956,103.83936956
2024-06-01T08:00:00Z,AAVEUSDT,0.00010000,104.20276144,104.20276144
2024-06-01T16:00:00Z,AAVEUSDT,0.00010000,104.37866916,104.37866916
2024-06-02T00:00:00Z,AAVEUSDT,0.00010000,104.14000000,104.14000000
2024-06-02T08:00:00Z,AAVEUSDT,0.00010000,103.55000000,103.55000000
2024-06-02T16:00:00Z,AAVEUSDT,0.00010000,104.77861435,104.77861435
2024-06-03T00:00:00Z,AAVEUSDT,0.00010000,103.17951051,103.17951051
2024-06-03T08:00:00Z,AAVEUSDT,0.00010000,104.72000000,104.72000000
2024-06-03T16:00:00Z,AAVEUSDT,0.00010000,103.44000000,103.44000000
2024-06-04T00:00:00Z,AAVEUSDT,0.00010000,101.12191578,101.12191578
2024-06-04T08:00:00Z,AAVEUSDT,0.00010000,101.44233270,101.44233270
2024-06-04T16:00:00Z,AAVEUSDT,0.00010000,102.04000000,102.04000000
2024-06-05T00:00:00Z,AAVEUSDT,0.00010000,103.10000000,103.10000000
2024-06-05T08:00:00Z,AAVEUSDT,0.00010000,102.98000000,102.98000000
2024-06-05T16:00:00Z,AAVEUSDT,0.00010000,103.49000000,103.49000000
2024-06-06T00:00:00Z,AAVEUSDT,0.00010000,104.45000000,104.45000000
2024-06-06T08:00:00Z,AAVEUSDT,0.00010000,102.95000000,102.95000000
2024-06-06T16:00:00Z,AAVEUSDT,0.00010000,103.62000000,103.62000000
2024-06-07T00:00:00Z,AAVEUSDT,0.00010000,102.47163681,102.47163681
2024-06-07T08:00:00Z,AAVEUSDT,0.00010000,103.30000000,103.30000000
2024-06-07T16:00:00Z,AAVEUSDT,0.00010000,104.22979162,104.22979162
2024-06-08T00:00:00Z,AAVEUSDT,0.00010000,97.44171717,97.44171717
2024-06-08T08:00:00Z,AAVEUSDT,0.00010000,97.27000000,97.27000000
2024-06-08T16:00:00Z,AAVEUSDT,0.00010000,93.68462737,93.68462737
2024-06-09T00:00:00Z,AAVEUSDT,0.00010000,92.85000000,92.85000000
2024-06-09T08:00:00Z,AAVEUSDT,0.00010000,93.15000000,93.15000000
2024-06-09T16:00:00Z,AAVEUSDT,0.00010000,93.51454717,93.51454717
2024-06-10T00:00:00Z,AAVEUSDT,0.00010000,93.43803460,93.43803460
2024-06-10T08:00:00Z,AAVEUSDT,0.00010000,90.62882184,90.62882184
2024-06-10T16:00:00Z,AAVEUSDT,0.00010000,93.42833494,93.42833494
2024-06-11T00:00:00Z,AAVEUSDT,0.00010000,90.82703685,90.82703685
2024-06-11T08:00:00Z,AAVEUSDT,0.00010000,88.60000000,88.60000000
2024-06-11T16:00:00Z,AAVEUSDT,0.00010000,85.96000000,85.96000000
2024-06-12T00:00:00Z,AAVEUSDT,0.00010000,87.70356544,87.70356544
2024-06-12T08:00:00Z,AAVEUSDT,0.00010000,88.38331606,88.38331606
2024-06-12T16:00:00Z,AAVEUSDT,0.00010000,92.58001793,92.58001793
2024-06-13T00:00:00Z,AAVEUSDT,0.00010000,89.98000000,89.98000000
2024-06-13T08:00:00Z,AAVEUSDT,0.00010000,87.35000000,87.35000000
2024-06-13T16:00:00Z,AAVEUSDT,0.00010000,83.59831191,83.59831191
2024-06-14T00:00:00Z,AAVEUSDT,0.00010000,83.73508632,83.73508632
2024-06-14T08:00:00Z,AAVEUSDT,0.00010000,85.39000000,85.39000000
2024-06-14T16:00:00Z,AAVEUSDT,0.00010000,83.98668332,83.98668332
2024-06-15T00:00:00Z,AAVEUSDT,0.00010000,83.63000000,83.63000000
2024-06-15T08:00:00Z,AAVEUSDT,0.00010000,85.23614873,85.23614873
2024-06-15T16:00:00Z,AAVEUSDT,0.00010000,86.44130680,86.44130680
2024-06-16T00:00:00Z,AAVEUSDT,0.00010000,85.87260189,85.87260189
2024-06-16T08:00:00Z,AAVEUSDT,0.00010000,85.13000000,85.13000000
2024-06-16T16:00:00Z,AAVEUSDT,0.00010000,85.57566645,85.57566645
2024-06-17T00:00:00Z,AAVEUSDT,0.00010000,85.74972996,85.74972996
2024-06-17T08:00:00Z,AAVEUSDT,0.00010000,84.99329014,84.99329014
2024-06-17T16:00:00Z,AAVEUSDT,0.00010000,83.24000000,83.24000000
2024-06-18T00:00:00Z,AAVEUSDT,0.00010000,84.95086181,84.95086181
2024-06-18T08:00:00Z,AAVEUSDT,0.00010000,80.08018062,80.08018062
2024-06-18T16:00:00Z,AAVEUSDT,0.00005118,79.19876453,79.19876453
2024-06-19T00:00:00Z,AAVEUSDT,0.00010000,81.97670240,81.97670240
2024-06-19T08:00:00Z,AAVEUSDT,0.00010000,87.60522743,87.60522743
2024-06-19T16:00:00Z,AAVEUSDT,0.00010000,86.38000000,86.38000000
2024-06-20T00:00:00Z,AAVEUSDT,0.00010000,87.30000000,87.30000000
2024-06-20T08:00:00Z,AAVEUSDT,0.00010000,88.90000000,88.90000000
2024-06-20T16:00:00Z,AAVEUSDT,0.00007431,85.63997139,85.63997139
2024-06-21T00:00:00Z,AAVEUSDT,0.00004252,84.78000000,84.78000000
2024-06-21T08:00:00Z,AAVEUSDT,0.00010000,85.03000000,85.03000000
2024-06-21T16:00:00Z,AAVEUSDT,0.00010000,85.38000000,85.38000000
2024-06-22T00:00:00Z,AAVEUSDT,0.00010000,81.96922942,81.96922942
2024-06-22T08:00:00Z,AAVEUSDT,0.00010000,79.85516196,79.85516196
2024-06-22T16:00:00Z,AAVEUSDT,0.00010000,81.29398583,81.29398583
2024-06-23T00:00:00Z,AAVEUSDT,0.00010000,81.60000000,81.60000000
2024-06-23T08:00:00Z,AAVEUSDT,0.00010000,81.89449909,81.89449909
2024-06-23T16:00:00Z,AAVEUSDT,0.00010000,81.32000000,81.32000000
2024-06-24T00:00:00Z,AAVEUSDT,0.00007811,80.72395353,80.72395353
2024-06-24T08:00:00Z,AAVEUSDT,0.00010000,79.51000000,79.51000000
2024-06-24T16:00:00Z,AAVEUSDT,0.00010000,80.91806378,80.91806378
2024-06-25T00:00:00Z,AAVEUSDT,0.00010000,86.24000000,86.24000000
2024-06-25T08:00:00Z,AAVEUSDT,0.00010000,90.68000000,90.68000000
2024-06-25T16:00:00Z,AAVEUSDT,0.00010000,91.55000000,91.55000000
2024-06-26T00:00:00Z,AAVEUSDT,0.00003357,92.00000000,92.00000000
2024-06-26T08:00:00Z,AAVEUSDT,0.00007097,91.33000000,91.33000000
2024-06-26T16:00:00Z,AAVEUSDT,0.00010000,91.27000000,91.27000000
2024-06-27T00:00:00Z,AAVEUSDT,0.00010000,94.45000000,94.45000000
2024-06-27T08:00:00Z,AAVEUSDT,0.00010000,92.72000000,92.72000000
2024-06-27T16:00:00Z,AAVEUSDT,-0.00001755,91.36325281,91.36325281
2024-06-28T00:00:00Z,AAVEUSDT,0.00010000,93.38314059,93.38314059
2024-06-28T08:00:00Z,AAVEUSDT,0.00008835,94.92646055,94.92646055
2024-06-28T16:00:00Z,AAVEUSDT,0.00008258,95.36543062,95.36543062
2024-06-29T00:00:00Z,AAVEUSDT,0.00000545,93.55398052,93.55398052
2024-06-29T08:00:00Z,AAVEUSDT,0.00010000,96.05043613,96.05043613
2024-06-29T16:00:00Z,AAVEUSDT,0.00003953,96.09000000,96.09000000
2024-06-30T00:00:00Z,AAVEUSDT,-0.00000760,96.53047653,96.53047653
2024-06-30T08:00:00Z,AAVEUSDT,0.00010000,96.11000000,96.11000000
2024-06-30T16:00:00Z,AAVEUSDT,0.00001405,96.48000000,96.48000000
2024-07-01T00:00:00Z,AAVEUSDT,0.00007589,97.42189522,97.42189522
2024-07-01T08:00:00Z,AAVEUSDT,0.00010000,97.90000000,97.90000000
2024-07-01T16:00:00Z,AAVEUSDT,0.00009874,98.06000000,98.06000000
2024-07-02T00:00:00Z,AAVEUSDT,0.00010000,98.28000000,98.28000000
2024-07-02T08:00:00Z,AAVEUSDT,0.00000381,97.41557425,97.41557425
2024-07-02T16:00:00Z,AAVEUSDT,0.00010000,94.87624458,94.87624458
2024-07-03T00:00:00Z,AAVEUSDT,-0.00029246,91.45000000,91.45000000
2024-07-03T08:00:00Z,AAVEUSDT,0.00010000,90.00504687,90.00504687
2024-07-03T16:00:00Z,AAVEUSDT,0.00005877,89.12000000,89.12000000
2024-07-04T00:00:00Z,AAVEUSDT,0.00010000,84.23518219,84.23518219
2024-07-04T08:00:00Z,AAVEUSDT,0.00010000,83.87775263,83.87775263
2024-07-04T16:00:00Z,AAVEUSDT,0.00010000,82.78000000,82.78000000
2024-07-05T00:00:00Z,AAVEUSDT,0.00010000,79.47482807,79.47482807
2024-07-05T08:00:00Z,AAVEUSDT,0.00010000,76.59341341,76.59341341
2024-07-05T16:00:00Z,AAVEUSDT,0.00001598,79.55415010,79.55415010
2024-07-06T00:00:00Z,AAVEUSDT,0.00008948,79.83000000,79.83000000
2024-07-06T08:00:00Z,AAVEUSDT,0.00008025,80.93243898,80.93243898
2024-07-06T16:00:00Z,AAVEUSDT,0.00002124,81.65645818,81.65645818
2024-07-07T00:00:00Z,AAVEUSDT,-0.00007022,83.10000000,83.10000000
2024-07-07T08:00:00Z,AAVEUSDT,0.00006956,80.96121412,80.96121412
2024-07-07T16:00:00Z,AAVEUSDT,0.00007438,79.09000000,79.09000000
2024-07-08T00:00:00Z,AAVEUSDT,0.00007528,78.23000000,78.23000000
2024-07-08T08:00:00Z,AAVEUSDT,0.00006924,79.42480671,79.42480671
2024-07-08T16:00:00Z,AAVEUSDT,0.00010000,80.45015344,80.45015344
2024-07-09T00:00:00Z,AAVEUSDT,0.00009530,81.99119766,81.99119766
2024-07-09T08:00:00Z,AAVEUSDT,0.00005818,82.08573140,82.08573140
2024-07-09T16:00:00Z,AAVEUSDT,0.00005470,83.31093286,83.31093286
2024-07-10T00:00:00Z,AAVEUSDT,0.00004847,85.23000000,85.23000000
2024-07-10T08:00:00Z,AAVEUSDT,0.00009404,87.00032776,87.00032776
2024-07-10T16:00:00Z,AAVEUSDT,0.00009116,87.73000000,87.73000000
2024-07-11T00:00:00Z,AAVEUSDT,0.00010000,91.08000000,91.08000000
2024-07-11T08:00:00Z,AAVEUSDT,0.00010000,90.41000000,90.41000000
2024-07-11T16:00:00Z,AAVEUSDT,0.00009433,92.61151812,92.61151812
2024-07-12T00:00:00Z,AAVEUSDT,0.00010000,92.74000000,92.74000000
2024-07-12T08:00:00Z,AAVEUSDT,0.00010000,94.08000000,94.08000000
2024-07-12T16:00:00Z,AAVEUSDT,0.00007546,96.88000000,96.88000000
2024-07-13T00:00:00Z,AAVEUSDT,0.00009761,97.40000000,97.40000000
2024-07-13T08:00:00Z,AAVEUSDT,0.00010000,97.84498260,97.84498260
2024-07-13T16:00:00Z,AAVEUSDT,0.00010000,97.82832866,97.82832866
2024-07-14T00:00:00Z,AAVEUSDT,0.00010000,99.23000000,99.23000000
2024-07-14T08:00:00Z,AAVEUSDT,0.00007420,100.67627476,100.67627476
2024-07-14T16:00:00Z,AAVEUSDT,0.00010000,102.65000000,102.65000000
2024-07-15T00:00:00Z,AAVEUSDT,0.00010000,104.36695687,104.36695687
2024-07-15T08:00:00Z,AAVEUSDT,0.00002511,105.31148980,105.31148980
2024-07-15T16:00:00Z,AAVEUSDT,0.00005147,101.94241389,101.94241389
2024-07-16T00:00:00Z,AAVEUSDT,0.00004403,103.96534994,103.96534994
2024-07-16T08:00:00Z,AAVEUSDT,0.00010000,101.92114412,101.92114412
2024-07-16T16:00:00Z,AAVEUSDT,0.00006598,104.17253636,104.17253636
2024-07-17T00:00:00Z,AAVEUSDT,0.00008539,100.59855669,100.59855669
2024-07-17T08:00:00Z,AAVEUSDT,0.00003756,101.80000000,101.80000000
2024-07-17T16:00:00Z,AAVEUSDT,0.00008832,98.44199777,98.44199777
2024-07-18T00:00:00Z,AAVEUSDT,0.00010000,98.01000000,98.01000000
2024-07-18T08:00:00Z,AAVEUSDT,0.00010000,98.56000000,98.56000000
2024-07-18T16:00:00Z,AAVEUSDT,0.00010000,96.30000000,96.30000000
2024-07-19T00:00:00Z,AAVEUSDT,0.00010000,98.49009041,98.49009041
2024-07-19T08:00:00Z,AAVEUSDT,0.00010000,96.97000000,96.97000000
2024-07-19T16:00:00Z,AAVEUSDT,0.00010000,99.64000000,99.64000000
2024-07-20T00:00:00Z,AAVEUSDT,0.00010000,100.70410345,100.70410345
2024-07-20T08:00:00Z,AAVEUSDT,0.00010000,99.58977649,99.58977649
2024-07-20T16:00:00Z,AAVEUSDT,0.00005338,100.24000000,100.24000000
2024-07-21T00:00:00Z,AAVEUSDT,-0.00008172,98.91098487,98.91098487
2024-07-21T08:00:00Z,AAVEUSDT,0.00010000,97.69764441,97.69764441
2024-07-21T16:00:00Z,AAVEUSDT,-0.00013318,97.33090351,97.33090351
2024-07-22T00:00:00Z,AAVEUSDT,0.00010000,98.27000000,98.27000000
2024-07-22T08:00:00Z,AAVEUSDT,0.00003846,94.41693768,94.41693768
2024-07-22T16:00:00Z,AAVEUSDT,0.00010000,94.89000000,94.89000000
2024-07-23T00:00:00Z,AAVEUSDT,0.00010000,94.08874379,94.08874379
2024-07-23T08:00:00Z,AAVEUSDT,0.00010000,93.25000000,93.25000000
2024-07-23T16:00:00Z,AAVEUSDT,0.00007252,95.04000000,95.04000000
2024-07-24T00:00:00Z,AAVEUSDT,0.00007648,94.42000000,94.42000000
2024-07-24T08:00:00Z,AAVEUSDT,0.00004100,93.77000000,93.77000000
2024-07-24T16:00:00Z,AAVEUSDT,0.00002665,92.79844525,92.79844525
2024-07-25T00:00:00Z,AAVEUSDT,-0.00004016,89.85568223,89.85568223
2024-07-25T08:00:00Z,AAVEUSDT,0.00006341,87.99000000,87.99000000
2024-07-25T16:00:00Z,AAVEUSDT,-0.00000545,95.11562725,95.11562725
2024-07-26T00:00:00Z,AAVEUSDT,0.00006597,92.71044240,92.71044240
2024-07-26T08:00:00Z,AAVEUSDT,0.00010000,100.87757550,100.87757550
2024-07-26T16:00:00Z,AAVEUSDT,-0.00003694,98.05000000,98.05000000
2024-07-27T00:00:00Z,AAVEUSDT,-0.00016913,97.68315429,97.68315429
2024-07-27T08:00:00Z,AAVEUSDT,-0.00006484,99.94667227,99.94667227
2024-07-27T16:00:00Z,AAVEUSDT,-0.00006582,99.86000000,99.86000000
2024-07-28T00:00:00Z,AAVEUSDT,0.00009980,101.08603297,101.08603297
2024-07-28T08:00:00Z,AAVEUSDT,0.00010000,99.91000000,99.91000000
2024-07-28T16:00:00Z,AAVEUSDT,0.00010000,99.66306663,99.66306663
2024-07-29T00:00:00Z,AAVEUSDT,0.00010000,98.65449594,98.65449594
2024-07-29T08:00:00Z,AAVEUSDT,0.00001851,102.57000000,102.57000000
2024-07-29T16:00:00Z,AAVEUSDT,0.00010000,102.13447959,102.13447959
2024-07-30T00:00:00Z,AAVEUSDT,0.00010000,104.89000000,104.89000000
2024-07-30T08:00:00Z,AAVEUSDT,0.00010000,105.46000000,105.46000000
2024-07-30T16:00:00Z,AAVEUSDT,0.00010000,105.19000000,105.19000000
2024-07-31T00:00:00Z,AAVEUSDT,0.00007475,105.16866088,105.16866088
2024-07-31T08:00:00Z,AAVEUSDT,0.00009606,106.83221563,106.83221563
2024-07-31T16:00:00Z,AAVEUSDT,0.00003932,108.46000000,108.46000000
2024-08-01T00:00:00Z,AAVEUSDT,0.00003584,107.43000000,107.43000000
2024-08-01T08:00:00Z,AAVEUSDT,0.00001849,105.15000000,105.15000000
2024-08-01T16:00:00Z,AAVEUSDT,0.00001728,110.67673515,110.67673515
2024-08-02T00:00:00Z,AAVEUSDT,-0.00015397,116.69229991,116.69229991
2024-08-02T08:00:00Z,AAVEUSDT,-0.00018914,116.02691608,116.02691608
2024-08-02T16:00:00Z,AAVEUSDT,0.00010000,110.64348510,110.64348510
2024-08-03T00:00:00Z,AAVEUSDT,0.00010000,110.30000000,110.30000000
2024-08-03T08:00:00Z,AAVEUSDT,0.00010000,113.80000000,113.80000000
2024-08-03T16:00:00Z,AAVEUSDT,0.00003879,113.31934731,113.31934731
2024-08-04T00:00:00Z,AAVEUSDT,-0.00000560,105.51000000,105.51000000
2024-08-04T08:00:00Z,AAVEUSDT,0.00008705,106.91000000,106.91000000
2024-08-04T16:00:00Z,AAVEUSDT,0.00010000,103.87330559,103.87330559
2024-08-05T00:00:00Z,AAVEUSDT,0.00000909,97.11216477,97.11216477
2024-08-05T08:00:00Z,AAVEUSDT,-0.00001095,84.62000000,84.62000000
2024-08-05T16:00:00Z,AAVEUSDT,-0.00003027,92.65000000,92.65000000
2024-08-06T00:00:00Z,AAVEUSDT,0.00004599,95.59814381,95.59814381
2024-08-06T08:00:00Z,AAVEUSDT,-0.00006994,100.09964962,100.09964962
2024-08-06T16:00:00Z,AAVEUSDT,0.00000561,102.92000000,102.92000000
2024-08-07T00:00:00Z,AAVEUSDT,-0.00000538,103.59207404,103.59207404
2024-08-07T08:00:00Z,AAVEUSDT,-0.00017210,102.89795456,102.89795456
2024-08-07T16:00:00Z,AAVEUSDT,0.00008078,101.76949488,101.76949488
2024-08-08T00:00:00Z,AAVEUSDT,0.00010000,98.30000000,98.30000000
2024-08-08T08:00:00Z,AAVEUSDT,0.00010000,98.43000000,98.43000000
2024-08-08T16:00:00Z,AAVEUSDT,-0.00009116,96.66000000,96.66000000
2024-08-09T00:00:00Z,AAVEUSDT,-0.00017268,101.37114392,101.37114392
2024-08-09T08:00:00Z,AAVEUSDT,-0.00001616,97.68122298,97.68122298
2024-08-09T16:00:00Z,AAVEUSDT,-0.00016467,93.90415795,93.90415795
2024-08-10T00:00:00Z,AAVEUSDT,0.00006177,96.27643634,96.27643634
2024-08-10T08:00:00Z,AAVEUSDT,0.00010000,95.61000000,95.61000000
2024-08-10T16:00:00Z,AAVEUSDT,0.00010000,93.97000000,93.97000000
2024-08-11T00:00:00Z,AAVEUSDT,-0.00004716,93.25074394,93.25074394
2024-08-11T08:00:00Z,AAVEUSDT,0.00010000,95.02000000,95.02000000
2024-08-11T16:00:00Z,AAVEUSDT,0.00006629,93.34848963,93.34848963
2024-08-12T00:00:00Z,AAVEUSDT,0.00000617,91.14000000,91.14000000
2024-08-12T08:00:00Z,AAVEUSDT,0.00006380,92.63000000,92.63000000
2024-08-12T16:00:00Z,AAVEUSDT,0.00008112,95.31000000,95.31000000
2024-08-13T00:00:00Z,AAVEUSDT,0.00004229,95.59233772,95.59233772
2024-08-13T08:00:00Z,AAVEUSDT,-0.00000650,97.38026052,97.38026052
2024-08-13T16:00:00Z,AAVEUSDT,-0.00005411,95.18837121,95.18837121
2024-08-14T00:00:00Z,AAVEUSDT,0.00005171,97.70000000,97.70000000
2024-08-14T08:00:00Z,AAVEUSDT,0.00010000,98.37045825,98.37045825
2024-08-14T16:00:00Z,AAVEUSDT,-0.00011020,104.98000000,104.98000000
2024-08-15T00:00:00Z,AAVEUSDT,0.00000020,105.95331812,105.95331812
2024-08-15T08:00:00Z,AAVEUSDT,0.00010000,105.71000000,105.71000000
2024-08-15T16:00:00Z,AAVEUSDT,-0.00002776,110.98000000,110.98000000
2024-08-16T00:00:00Z,AAVEUSDT,0.00003929,107.74029226,107.74029226
2024-08-16T08:00:00Z,AAVEUSDT,-0.00005010,111.03302825,111.03302825
2024-08-16T16:00:00Z,AAVEUSDT,0.00000042,106.06467753,106.06467753
2024-08-17T00:00:00Z,AAVEUSDT,0.00000361,112.59000000,112.59000000
2024-08-17T08:00:00Z,AAVEUSDT,0.00000876,114.11737753,114.11737753
2024-08-17T16:00:00Z,AAVEUSDT,-0.00003270,110.55408986,110.55408986
2024-08-18T00:00:00Z,AAVEUSDT,0.00009273,110.84054214,110.84054214
2024-08-18T08:00:00Z,AAVEUSDT,0.00007320,111.59414683,111.59414683
2024-08-18T16:00:00Z,AAVEUSDT,0.00006897,110.66000000,110.66000000
2024-08-19T00:00:00Z,AAVEUSDT,0.00010000,111.30069373,111.30069373
2024-08-19T08:00:00Z,AAVEUSDT,-0.00002712,112.85576048,112.85576048
2024-08-19T16:00:00Z,AAVEUSDT,-0.00001071,109.61054335,109.61054335
2024-08-20T00:00:00Z,AAVEUSDT,0.00010000,118.05090997,118.05090997
2024-08-20T08:00:00Z,AAVEUSDT,-0.00003529,129.70000000,129.70000000
2024-08-20T16:00:00Z,AAVEUSDT,0.00008055,124.72978090,124.72978090
2024-08-21T00:00:00Z,AAVEUSDT,-0.00004332,128.81000000,128.81000000
2024-08-21T08:00:00Z,AAVEUSDT,-0.00014487,137.78000000,137.78000000
2024-08-21T16:00:00Z,AAVEUSDT,-0.00008250,137.26431035,137.26431035
2024-08-22T00:00:00Z,AAVEUSDT,-0.00011616,140.08000000,140.08000000
2024-08-22T08:00:00Z,AAVEUSDT,0.00008611,137.52000000,137.52000000
2024-08-22T16:00:00Z,AAVEUSDT,0.00008975,134.84000000,134.84000000
2024-08-23T00:00:00Z,AAVEUSDT,0.00007955,135.73500075,135.73500075
2024-08-23T08:00:00Z,AAVEUSDT,0.00003142,134.54676038,134.54676038
2024-08-23T16:00:00Z,AAVEUSDT,-0.00003345,135.75000000,135.75000000
2024-08-24T00:00:00Z,AAVEUSDT,0.00002795,143.23000000,143.23000000
2024-08-24T08:00:00Z,AAVEUSDT,-0.00018016,137.68477927,137.68477927
2024-08-24T16:00:00Z,AAVEUSDT,-0.00004178,137.27000000,137.27000000
2024-08-25T00:00:00Z,AAVEUSDT,0.00003696,136.99000000,136.99000000
2024-08-25T08:00:00Z,AAVEUSDT,0.00006322,134.57207271,134.57207271
2024-08-25T16:00:00Z,AAVEUSDT,-0.00002523,136.81989863,136.81989863
2024-08-26T00:00:00Z,AAVEUSDT,0.00004225,135.41099110,135.41099110
2024-08-26T08:00:00Z,AAVEUSDT,0.00004211,132.88262057,132.88262057
2024-08-26T16:00:00Z,AAVEUSDT,0.00010000,131.80828705,131.80828705
2024-08-27T00:00:00Z,AAVEUSDT,0.00010000,128.68906376,128.68906376
2024-08-27T08:00:00Z,AAVEUSDT,-0.00001988,128.70000000,128.70000000
2024-08-27T16:00:00Z,AAVEUSDT,0.00009938,123.69000000,123.69000000
2024-08-28T00:00:00Z,AAVEUSDT,0.00002663,119.90000000,119.90000000
2024-08-28T08:00:00Z,AAVEUSDT,0.00004014,120.77000000,120.77000000
2024-08-28T16:00:00Z,AAVEUSDT,0.00006087,124.04438826,124.04438826
2024-08-29T00:00:00Z,AAVEUSDT,-0.00004789,125.44212447,125.44212447
2024-08-29T08:00:00Z,AAVEUSDT,-0.00002716,122.48258990,122.48258990
2024-08-29T16:00:00Z,AAVEUSDT,-0.00001190,127.08000000,127.08000000
2024-08-30T00:00:00Z,AAVEUSDT,0.00004697,123.22963899,123.22963899
2024-08-30T08:00:00Z,AAVEUSDT,0.00009622,123.46198805,123.46198805
2024-08-30T16:00:00Z,AAVEUSDT,0.00002569,118.66000000,118.66000000
2024-08-31T00:00:00Z,AAVEUSDT,-0.00000837,131.12000000,131.12000000
2024-08-31T08:00:00Z,AAVEUSDT,-0.00003647,132.51000000,132.51000000
2024-08-31T16:00:00Z,AAVEUSDT,0.00002558,129.75000000,129.75000000
2024-09-01T00:00:00Z,AAVEUSDT,-0.00004241,129.61626890,129.61626890
2024-09-01T08:00:00Z,AAVEUSDT,0.00000692,126.08000000,126.08000000
2024-09-01T16:00:00Z,AAVEUSDT,-0.00004478,124.37000000,124.37000000
2024-09-02T00:00:00Z,AAVEUSDT,-0.00001614,120.61470934,120.61470934
2024-09-02T08:00:00Z,AAVEUSDT,0.00002889,117.95000000,117.95000000
2024-09-02T16:00:00Z,AAVEUSDT,-0.00013604,122.69000000,122.69000000
2024-09-03T00:00:00Z,AAVEUSDT,0.00006361,134.83029237,134.83029237
2024-09-03T08:00:00Z,AAVEUSDT,0.00001027,132.35000000,132.35000000
2024-09-03T16:00:00Z,AAVEUSDT,-0.00003891,121.25592026,121.25592026
2024-09-04T00:00:00Z,AAVEUSDT,-0.00004592,118.71185296,118.71185296
2024-09-04T08:00:00Z,AAVEUSDT,-0.00008751,130.51000000,130.51000000
2024-09-04T16:00:00Z,AAVEUSDT,-0.00001272,134.63405733,134.63405733
2024-09-05T00:00:00Z,AAVEUSDT,-0.00024925,135.16113781,135.16113781
2024-09-05T08:00:00Z,AAVEUSDT,-0.00011684,132.25000000,132.25000000
2024-09-05T16:00:00Z,AAVEUSDT,-0.00022061,130.91181857,130.91181857
2024-09-06T00:00:00Z,AAVEUSDT,0.00006459,128.86125714,128.86125714
2024-09-06T08:00:00Z,AAVEUSDT,0.00000835,126.61367764,126.61367764
2024-09-06T16:00:00Z,AAVEUSDT,0.00002002,123.73742743,123.73742743
2024-09-07T00:00:00Z,AAVEUSDT,-0.00001417,126.78000000,126.78000000
2024-09-07T08:00:00Z,AAVEUSDT,-0.00008696,126.32000000,126.32000000
2024-09-07T16:00:00Z,AAVEUSDT,-0.00003079,128.03000000,128.03000000
2024-09-08T00:00:00Z,AAVEUSDT,-0.00003528,125.05000000,125.05000000
2024-09-08T08:00:00Z,AAVEUSDT,-0.00030485,125.24102410,125.24102410
2024-09-08T16:00:00Z,AAVEUSDT,-0.00002779,123.84000000,123.84000000
2024-09-09T00:00:00Z,AAVEUSDT,-0.00006040,125.85000000,125.85000000
2024-09-09T08:00:00Z,AAVEUSDT,0.00008605,133.59000000,133.59000000
2024-09-09T16:00:00Z,AAVEUSDT,0.00010000,136.89000000,136.89000000
2024-09-10T00:00:00Z,AAVEUSDT,-0.00001683,139.93000000,139.93000000
2024-09-10T08:00:00Z,AAVEUSDT,-0.00001890,137.18000000,137.18000000
2024-09-10T16:00:00Z,AAVEUSDT,-0.00012665,140.72000000,140.72000000
2024-09-11T00:00:00Z,AAVEUSDT,0.00003268,150.49000000,150.49000000
2024-09-11T08:00:00Z,AAVEUSDT,-0.00036055,153.99000000,153.99000000
2024-09-11T16:00:00Z,AAVEUSDT,-0.00002809,148.49943410,148.49943410
2024-09-12T00:00:00Z,AAVEUSDT,-0.00021201,149.36382495,149.36382495
2024-09-12T08:00:00Z,AAVEUSDT,-0.00029562,151.13000000,151.13000000
2024-09-12T16:00:00Z,AAVEUSDT,0.00001397,143.88000000,143.88000000
2024-09-13T00:00:00Z,AAVEUSDT,0.00000328,144.95000000,144.95000000
2024-09-13T08:00:00Z,AAVEUSDT,-0.00003739,141.19801133,141.19801133
2024-09-13T16:00:00Z,AAVEUSDT,-0.00010529,141.60000000,141.60000000
2024-09-14T00:00:00Z,AAVEUSDT,-0.00026208,144.21762410,144.21762410
2024-09-14T08:00:00Z,AAVEUSDT,-0.00024597,139.12000000,139.12000000
2024-09-14T16:00:00Z,AAVEUSDT,0.00001407,139.26000000,139.26000000
2024-09-15T00:00:00Z,AAVEUSDT,-0.00007115,139.98716695,139.98716695
2024-09-15T08:00:00Z,AAVEUSDT,0.00004133,146.28128217,146.28128217
2024-09-15T16:00:00Z,AAVEUSDT,-0.00004059,146.96099586,146.96099586
2024-09-16T00:00:00Z,AAVEUSDT,0.00006990,143.31950667,143.31950667
2024-09-16T08:00:00Z,AAVEUSDT,-0.00001336,142.50000000,142.50000000
2024-09-16T16:00:00Z,AAVEUSDT,0.00002058,141.92005105,141.92005105
2024-09-17T00:00:00Z,AAVEUSDT,-0.00005128,140.20000000,140.20000000
2024-09-17T08:00:00Z,AAVEUSDT,-0.00007469,140.91000000,140.91000000
2024-09-17T16:00:00Z,AAVEUSDT,0.00000640,146.11000000,146.11000000
2024-09-18T00:00:00Z,AAVEUSDT,-0.00007912,140.50046343,140.50046343
2024-09-18T08:00:00Z,AAVEUSDT,-0.00020454,137.93000000,137.93000000
2024-09-18T16:00:00Z,AAVEUSDT,0.00000068,134.47730143,134.47730143
2024-09-19T00:00:00Z,AAVEUSDT,0.00003596,141.62000000,141.62000000
2024-09-19T08:00:00Z,AAVEUSDT,0.00010000,146.95170345,146.95170345
2024-09-19T16:00:00Z,AAVEUSDT,0.00008533,149.53000000,149.53000000
2024-09-20T00:00:00Z,AAVEUSDT,0.00010000,150.16509429,150.16509429
2024-09-20T08:00:00Z,AAVEUSDT,0.00010000,155.97000000,155.97000000
2024-09-20T16:00:00Z,AAVEUSDT,0.00010000,152.08000000,152.08000000
2024-09-21T00:00:00Z,AAVEUSDT,0.00006961,153.34000000,153.34000000
2024-09-21T08:00:00Z,AAVEUSDT,0.00009752,151.28837048,151.28837048
2024-09-21T16:00:00Z,AAVEUSDT,0.00007176,150.82000000,150.82000000
2024-09-22T00:00:00Z,AAVEUSDT,0.00009884,154.51185202,154.51185202
2024-09-22T08:00:00Z,AAVEUSDT,0.00003715,157.64000000,157.64000000
2024-09-22T16:00:00Z,AAVEUSDT,0.00002416,156.45268695,156.45268695
2024-09-23T00:00:00Z,AAVEUSDT,0.00006357,162.06000000,162.06000000
2024-09-23T08:00:00Z,AAVEUSDT,0.00010000,169.71000000,169.71000000
2024-09-23T16:00:00Z,AAVEUSDT,0.00010000,174.03000000,174.03000000
2024-09-24T00:00:00Z,AAVEUSDT,0.00010000,171.89000000,171.89000000
2024-09-24T08:00:00Z,AAVEUSDT,0.00006591,169.10000000,169.10000000
2024-09-24T16:00:00Z,AAVEUSDT,0.00010000,165.52172581,165.52172581
2024-09-25T00:00:00Z,AAVEUSDT,0.00005487,166.09000000,166.09000000
2024-09-25T08:00:00Z,AAVEUSDT,0.00010000,169.55000000,169.55000000
2024-09-25T16:00:00Z,AAVEUSDT,0.00010000,165.80000000,165.80000000
2024-09-26T00:00:00Z,AAVEUSDT,0.00010000,164.97000000,164.97000000
2024-09-26T08:00:00Z,AAVEUSDT,0.00010000,168.39662207,168.39662207
2024-09-26T16:00:00Z,AAVEUSDT,0.00009578,168.94000000,168.94000000
2024-09-27T00:00:00Z,AAVEUSDT,0.00002807,165.12000000,165.12000000
2024-09-27T08:00:00Z,AAVEUSDT,0.00010000,166.84278648,166.84278648
2024-09-27T16:00:00Z,AAVEUSDT,0.00010000,170.02176790,170.02176790
2024-09-28T00:00:00Z,AAVEUSDT,0.00010000,170.29575952,170.29575952
2024-09-28T08:00:00Z,AAVEUSDT,0.00010000,165.59859676,165.59859676
2024-09-28T16:00:00Z,AAVEUSDT,0.00006721,164.85000000,164.85000000
2024-09-29T00:00:00Z,AAVEUSDT,-0.00001719,163.85044029,163.85044029
2024-09-29T08:00:00Z,AAVEUSDT,0.00010000,159.08000000,159.08000000
2024-09-29T16:00:00Z,AAVEUSDT,0.00010000,160.70000000,160.70000000
2024-09-30T00:00:00Z,AAVEUSDT,0.00007383,161.41000000,161.41000000
2024-09-30T08:00:00Z,AAVEUSDT,0.00010000,159.45237571,159.45237571
2024-09-30T16:00:00Z,AAVEUSDT,0.00010000,154.76000000,154.76000000
2024-10-01T00:00:00Z,AAVEUSDT,-0.00004538,156.67066286,156.67066286
2024-10-01T08:00:00Z,AAVEUSDT,0.00000803,163.98000000,163.98000000
2024-10-01T16:00:00Z,AAVEUSDT,0.00002101,151.22893724,151.22893724
2024-10-02T00:00:00Z,AAVEUSDT,0.00001682,144.72000000,144.72000000
2024-10-02T08:00:00Z,AAVEUSDT,0.00000035,149.05829743,149.05829743
2024-10-02T16:00:00Z,AAVEUSDT,-0.00004258,144.09032267,144.09032267
2024-10-03T00:00:00Z,AAVEUSDT,-0.00011499,139.05000000,139.05000000
2024-10-03T08:00:00Z,AAVEUSDT,0.00007906,139.13642429,139.13642429
2024-10-03T16:00:00Z,AAVEUSDT,-0.00010503,139.52180600,139.52180600
2024-10-04T00:00:00Z,AAVEUSDT,-0.00003232,143.61857752,143.61857752
2024-10-04T08:00:00Z,AAVEUSDT,-0.00027661,149.57000000,149.57000000
2024-10-04T16:00:00Z,AAVEUSDT,-0.00003311,149.31000000,149.31000000
2024-10-05T00:00:00Z,AAVEUSDT,-0.00027420,151.20000000,151.20000000
2024-10-05T08:00:00Z,AAVEUSDT,-0.00011965,149.82000000,149.82000000
2024-10-05T16:00:00Z,AAVEUSDT,-0.00014226,148.42000000,148.42000000
2024-10-06T00:00:00Z,AAVEUSDT,-0.00008327,148.40000000,148.40000000
2024-10-06T08:00:00Z,AAVEUSDT,0.00001180,147.24000000,147.24000000
2024-10-06T16:00:00Z,AAVEUSDT,-0.00007845,148.93000000,148.93000000
2024-10-07T00:00:00Z,AAVEUSDT,-0.00009735,150.07000000,150.07000000
2024-10-07T08:00:00Z,AAVEUSDT,-0.00000197,150.10058695,150.10058695
2024-10-07T16:00:00Z,AAVEUSDT,-0.00004323,150.42793829,150.42793829
2024-10-08T00:00:00Z,AAVEUSDT,0.00003507,146.62000000,146.62000000
2024-10-08T08:00:00Z,AAVEUSDT,0.00002615,144.32000000,144.32000000
2024-10-08T16:00:00Z,AAVEUSDT,0.00007333,143.02000000,143.02000000
2024-10-09T00:00:00Z,AAVEUSDT,0.00001478,143.05000000,143.05000000
2024-10-09T08:00:00Z,AAVEUSDT,0.00004405,142.39878610,142.39878610
2024-10-09T16:00:00Z,AAVEUSDT,0.00009370,143.66525340,143.66525340
2024-10-10T00:00:00Z,AAVEUSDT,0.00010000,139.37509752,139.37509752
2024-10-10T08:00:00Z,AAVEUSDT,0.00010000,141.79000000,141.79000000
2024-10-10T16:00:00Z,AAVEUSDT,0.00008493,144.14000000,144.14000000
2024-10-11T00:00:00Z,AAVEUSDT,0.00010000,140.61000000,140.61000000
2024-10-11T08:00:00Z,AAVEUSDT,0.00004255,141.70695657,141.70695657
2024-10-11T16:00:00Z,AAVEUSDT,0.00001665,143.74031876,143.74031876
2024-10-12T00:00:00Z,AAVEUSDT,0.00010000,143.84000000,143.84000000
2024-10-12T08:00:00Z,AAVEUSDT,0.00010000,145.32000000,145.32000000
2024-10-12T16:00:00Z,AAVEUSDT,0.00010000,147.39000000,147.39000000
2024-10-13T00:00:00Z,AAVEUSDT,0.00010000,154.70000000,154.70000000
2024-10-13T08:00:00Z,AAVEUSDT,0.00010000,153.43625990,153.43625990
2024-10-13T16:00:00Z,AAVEUSDT,0.00010000,150.85000000,150.85000000
2024-10-14T00:00:00Z,AAVEUSDT,0.00009938,154.61217676,154.61217676
2024-10-14T08:00:00Z,AAVEUSDT,0.00010000,162.66226171,162.66226171
2024-10-14T16:00:00Z,AAVEUSDT,0.00010000,162.99000000,162.99000000
2024-10-15T00:00:00Z,AAVEUSDT,0.00010000,162.87684495,162.87684495
2024-10-15T08:00:00Z,AAVEUSDT,0.00010000,162.65000000,162.65000000
2024-10-15T16:00:00Z,AAVEUSDT,0.00010000,155.40285921,155.40285921
2024-10-16T00:00:00Z,AAVEUSDT,-0.00000871,156.70549590,156.70549590
2024-10-16T08:00:00Z,AAVEUSDT,0.00009103,154.80201429,154.80201429
2024-10-16T16:00:00Z,AAVEUSDT,0.00009191,155.44541286,155.44541286
2024-10-17T00:00:00Z,AAVEUSDT,0.00006469,155.71290152,155.71290152
2024-10-17T08:00:00Z,AAVEUSDT,0.00006963,156.37178943,156.37178943
2024-10-17T16:00:00Z,AAVEUSDT,0.00008468,155.92000000,155.92000000
2024-10-18T00:00:00Z,AAVEUSDT,-0.00006329,153.05000000,153.05000000
2024-10-18T08:00:00Z,AAVEUSDT,0.00010000,156.03000000,156.03000000
2024-10-18T16:00:00Z,AAVEUSDT,0.00010000,156.33084133,156.33084133
2024-10-19T00:00:00Z,AAVEUSDT,0.00010000,158.97000000,158.97000000
2024-10-19T08:00:00Z,AAVEUSDT,0.00010000,156.16000000,156.16000000
2024-10-19T16:00:00Z,AAVEUSDT,0.00010000,158.47000000,158.47000000
2024-10-20T00:00:00Z,AAVEUSDT,0.00010000,158.12000000,158.12000000
2024-10-20T08:00:00Z,AAVEUSDT,0.00010000,157.58000000,157.58000000
2024-10-20T16:00:00Z,AAVEUSDT,0.00010000,158.72032981,158.72032981
2024-10-21T00:00:00Z,AAVEUSDT,0.00010000,158.87000000,158.87000000
2024-10-21T08:00:00Z,AAVEUSDT,0.00010000,155.10669238,155.10669238
2024-10-21T16:00:00Z,AAVEUSDT,0.00010000,152.92262857,152.92262857
2024-10-22T00:00:00Z,AAVEUSDT,0.00010000,153.21000000,153.21000000
2024-10-22T08:00:00Z,AAVEUSDT,0.00010000,153.81000000,153.81000000
2024-10-22T16:00:00Z,AAVEUSDT,0.00010000,152.24471333,152.24471333
2024-10-23T00:00:00Z,AAVEUSDT,0.00010000,152.65345714,152.65345714
2024-10-23T08:00:00Z,AAVEUSDT,0.00010000,149.94000000,149.94000000
2024-10-23T16:00:00Z,AAVEUSDT,0.00010000,147.43997219,147.43997219
2024-10-24T00:00:00Z,AAVEUSDT,0.00005529,149.54094210,149.54094210
2024-10-24T08:00:00Z,AAVEUSDT,0.00010000,149.51000000,149.51000000
2024-10-24T16:00:00Z,AAVEUSDT,0.00010000,147.08795038,147.08795038
2024-10-25T00:00:00Z,AAVEUSDT,0.00010000,147.39754743,147.39754743
2024-10-25T08:00:00Z,AAVEUSDT,0.00010000,144.90000000,144.90000000
2024-10-25T16:00:00Z,AAVEUSDT,0.00006662,147.53287400,147.53287400
2024-10-26T00:00:00Z,AAVEUSDT,0.00003995,138.03016600,138.03016600
2024-10-26T08:00:00Z,AAVEUSDT,-0.00012631,140.47000000,140.47000000
2024-10-26T16:00:00Z,AAVEUSDT,-0.00010303,140.32000000,140.32000000
2024-10-27T00:00:00Z,AAVEUSDT,-0.00012746,142.59000000,142.59000000
2024-10-27T08:00:00Z,AAVEUSDT,-0.00008841,142.93446210,142.93446210
2024-10-27T16:00:00Z,AAVEUSDT,0.00003493,145.29545648,145.29545648
2024-10-28T00:00:00Z,AAVEUSDT,-0.00004071,147.86000000,147.86000000
2024-10-28T08:00:00Z,AAVEUSDT,0.00000876,150.27198267,150.27198267
2024-10-28T16:00:00Z,AAVEUSDT,0.00006257,149.28000000,149.28000000
2024-10-29T00:00:00Z,AAVEUSDT,0.00010000,151.57198571,151.57198571
2024-10-29T08:00:00Z,AAVEUSDT,0.00010000,153.96000000,153.96000000
2024-10-29T16:00:00Z,AAVEUSDT,0.00010000,151.58000000,151.58000000
2024-10-30T00:00:00Z,AAVEUSDT,0.00010000,151.42854971,151.42854971
2024-10-30T08:00:00Z,AAVEUSDT,0.00010000,152.80000000,152.80000000
2024-10-30T16:00:00Z,AAVEUSDT,0.00010000,156.88000000,156.88000000
2024-10-31T00:00:00Z,AAVEUSDT,0.00010000,156.21949429,156.21949429
2024-10-31T08:00:00Z,AAVEUSDT,0.00010000,152.75522352,152.75522352
2024-10-31T16:00:00Z,AAVEUSDT,0.00010000,145.88000000,145.88000000
2024-11-01T00:00:00Z,AAVEUSDT,0.00002876,143.39000000,143.39000000
2024-11-01T08:00:00Z,AAVEUSDT,0.00002284,142.40000000,142.40000000
2024-11-01T16:00:00Z,AAVEUSDT,-0.00002799,142.08000000,142.08000000
2024-11-02T00:00:00Z,AAVEUSDT,0.00010000,141.37028571,141.37028571
2024-11-02T08:00:00Z,AAVEUSDT,0.00002918,141.38000000,141.38000000
2024-11-02T16:00:00Z,AAVEUSDT,-0.00002515,137.94849429,137.94849429
2024-11-03T00:00:00Z,AAVEUSDT,-0.00002317,138.36000000,138.36000000
2024-11-03T08:00:00Z,AAVEUSDT,-0.00013065,135.24494010,135.24494010
2024-11-03T16:00:00Z,AAVEUSDT,-0.00003605,132.41852362,132.41852362
2024-11-04T00:00:00Z,AAVEUSDT,-0.00006193,132.78000000,132.78000000
2024-11-04T08:00:00Z,AAVEUSDT,-0.00003060,129.60000000,129.60000000
2024-11-04T16:00:00Z,AAVEUSDT,0.00010000,129.69967724,129.69967724
2024-11-05T00:00:00Z,AAVEUSDT,0.00003450,128.21000000,128.21000000
2024-11-05T08:00:00Z,AAVEUSDT,0.00010000,130.54845771,130.54845771
2024-11-05T16:00:00Z,AAVEUSDT,0.00010000,131.78000000,131.78000000
2024-11-06T00:00:00Z,AAVEUSDT,0.00010000,135.73000000,135.73000000
2024-11-06T08:00:00Z,AAVEUSDT,0.00010000,156.52667143,156.52667143
2024-11-06T16:00:00Z,AAVEUSDT,0.00010000,163.91414000,163.91414000
2024-11-07T00:00:00Z,AAVEUSDT,0.00010000,173.71292190,173.71292190
2024-11-07T08:00:00Z,AAVEUSDT,0.00010000,181.40000000,181.40000000
2024-11-07T16:00:00Z,AAVEUSDT,0.00010000,185.41000000,185.41000000
2024-11-08T00:00:00Z,AAVEUSDT,0.00010000,183.48402410,183.48402410
2024-11-08T08:00:00Z,AAVEUSDT,0.00010000,180.96066371,180.96066371
2024-11-08T16:00:00Z,AAVEUSDT,0.00010000,179.35572502,179.35572502
2024-11-09T00:00:00Z,AAVEUSDT,0.00010000,181.98981752,181.98981752
2024-11-09T08:00:00Z,AAVEUSDT,0.00010000,192.13000000,192.13000000
2024-11-09T16:00:00Z,AAVEUSDT,0.00010000,191.53105714,191.53105714
2024-11-10T00:00:00Z,AAVEUSDT,0.00010000,195.43640857,195.43640857
2024-11-10T08:00:00Z,AAVEUSDT,0.00010000,192.45353819,192.45353819
2024-11-10T16:00:00Z,AAVEUSDT,0.00010000,193.04000000,193.04000000
2024-11-11T00:00:00Z,AAVEUSDT,0.00012946,190.19000000,190.19000000
2024-11-11T08:00:00Z,AAVEUSDT,0.00010000,186.75706343,186.75706343
2024-11-11T16:00:00Z,AAVEUSDT,0.00010000,188.14293143,188.14293143
2024-11-12T00:00:00Z,AAVEUSDT,0.00019230,193.55986906,193.55986906
2024-11-12T08:00:00Z,AAVEUSDT,0.00040046,189.08000000,189.08000000
2024-11-12T16:00:00Z,AAVEUSDT,0.00022747,177.55000000,177.55000000
2024-11-13T00:00:00Z,AAVEUSDT,0.00020991,179.36221872,179.36221872
2024-11-13T08:00:00Z,AAVEUSDT,0.00010000,172.62960404,172.62960404
2024-11-13T16:00:00Z,AAVEUSDT,0.00010000,183.91126581,183.91126581
2024-11-14T00:00:00Z,AAVEUSDT,0.00011569,173.39000000,173.39000000
2024-11-14T08:00:00Z,AAVEUSDT,0.00011392,174.81512210,174.81512210
2024-11-14T16:00:00Z,AAVEUSDT,0.00010000,163.68920619,163.68920619
2024-11-15T00:00:00Z,AAVEUSDT,0.00010000,158.29000000,158.29000000
2024-11-15T08:00:00Z,AAVEUSDT,0.00010000,156.71000000,156.71000000
2024-11-15T16:00:00Z,AAVEUSDT,0.00010000,154.43000000,154.43000000
2024-11-16T00:00:00Z,AAVEUSDT,0.00010000,164.54000000,164.54000000
2024-11-16T08:00:00Z,AAVEUSDT,0.00010000,167.23000000,167.23000000
2024-11-16T16:00:00Z,AAVEUSDT,0.00010000,167.14000000,167.14000000
2024-11-17T00:00:00Z,AAVEUSDT,0.00010000,169.01452895,169.01452895
2024-11-17T08:00:00Z,AAVEUSDT,0.00010000,172.24000000,172.24000000
2024-11-17T16:00:00Z,AAVEUSDT,0.00010685,165.14000000,165.14000000
2024-11-18T00:00:00Z,AAVEUSDT,0.00010000,162.12373352,162.12373352
2024-11-18T08:00:00Z,AAVEUSDT,0.00022739,170.36000000,170.36000000
2024-11-18T16:00:00Z,AAVEUSDT,0.00010000,169.49685448,169.49685448
2024-11-19T00:00:00Z,AAVEUSDT,0.00016536,170.89000000,170.89000000
2024-11-19T08:00:00Z,AAVEUSDT,0.00015267,164.50302695,164.50302695
2024-11-19T16:00:00Z,AAVEUSDT,0.00010753,164.67530533,164.67530533
2024-11-20T00:00:00Z,AAVEUSDT,0.00010000,162.05303533,162.05303533
2024-11-20T08:00:00Z,AAVEUSDT,0.00010000,162.00000000,162.00000000
2024-11-20T16:00:00Z,AAVEUSDT,0.00010000,162.60000000,162.60000000
2024-11-21T00:00:00Z,AAVEUSDT,0.00010000,156.78000000,156.78000000
2024-11-21T08:00:00Z,AAVEUSDT,0.00010000,159.31000000,159.31000000
2024-11-21T16:00:00Z,AAVEUSDT,0.00010000,163.78181970,163.78181970
2024-11-22T00:00:00Z,AAVEUSDT,0.00016582,169.09767848,169.09767848
2024-11-22T08:00:00Z,AAVEUSDT,0.00024413,167.56000000,167.56000000
2024-11-22T16:00:00Z,AAVEUSDT,0.00010868,166.52112971,166.52112971
2024-11-23T00:00:00Z,AAVEUSDT,0.00010552,173.63291990,173.63291990
2024-11-23T08:00:00Z,AAVEUSDT,0.00029735,177.96000000,177.96000000
2024-11-23T16:00:00Z,AAVEUSDT,0.00028628,181.62297754,181.62297754
2024-11-24T00:00:00Z,AAVEUSDT,0.00018409,174.51425219,174.51425219
2024-11-24T08:00:00Z,AAVEUSDT,0.00033128,181.32059171,181.32059171
2024-11-24T16:00:00Z,AAVEUSDT,0.00010000,163.55187232,163.55187232
2024-11-25T00:00:00Z,AAVEUSDT,0.00010000,171.26921829,171.26921829
2024-11-25T08:00:00Z,AAVEUSDT,0.00010000,175.05517390,175.05517390
2024-11-25T16:00:00Z,AAVEUSDT,0.00017165,186.74000000,186.74000000
2024-11-26T00:00:00Z,AAVEUSDT,0.00018550,181.59000000,181.59000000
2024-11-26T08:00:00Z,AAVEUSDT,0.00010982,175.33648000,175.33648000
2024-11-26T16:00:00Z,AAVEUSDT,0.00010000,171.73000000,171.73000000
2024-11-27T00:00:00Z,AAVEUSDT,0.00018176,181.70000000,181.70000000
2024-11-27T08:00:00Z,AAVEUSDT,0.00019152,192.27000000,192.27000000
2024-11-27T16:00:00Z,AAVEUSDT,0.00017532,202.92000000,202.92000000
2024-11-28T00:00:00Z,AAVEUSDT,0.00010000,210.56647807,210.56647807
2024-11-28T08:00:00Z,AAVEUSDT,0.00024390,201.94933381,201.94933381
2024-11-28T16:00:00Z,AAVEUSDT,0.00015421,199.13957905,199.13957905
2024-11-29T00:00:00Z,AAVEUSDT,0.00021511,200.28000000,200.28000000
2024-11-29T08:00:00Z,AAVEUSDT,0.00015476,196.39386955,196.39386955
2024-11-29T16:00:00Z,AAVEUSDT,0.00012745,198.35360857,198.35360857
2024-11-30T00:00:00Z,AAVEUSDT,0.00023817,199.10667336,199.10667336
2024-11-30T08:00:00Z,AAVEUSDT,0.00010000,204.16701305,204.16701305
2024-11-30T16:00:00Z,AAVEUSDT,0.00017585,205.04637429,205.04637429
2024-12-01T00:00:00Z,AAVEUSDT,0.00038050,211.88949219,211.88949219
2024-12-01T08:00:00Z,AAVEUSDT,0.00012333,204.80000000,204.80000000
2024-12-01T16:00:00Z,AAVEUSDT,0.00023620,207.59000000,207.59000000
2024-12-02T00:00:00Z,AAVEUSDT,0.00025532,209.39584583,209.39584583
2024-12-02T08:00:00Z,AAVEUSDT,0.00029094,214.87446371,214.87446371
2024-12-02T16:00:00Z,AAVEUSDT,0.00034067,235.96581429,235.96581429
2024-12-03T00:00:00Z,AAVEUSDT,0.00040133,235.64000000,235.64000000
2024-12-03T08:00:00Z,AAVEUSDT,0.00041401,233.03000000,233.03000000
2024-12-03T16:00:00Z,AAVEUSDT,0.00038207,242.27407171,242.27407171
2024-12-04T00:00:00Z,AAVEUSDT,0.00040007,240.52368743,240.52368743
2024-12-04T08:00:00Z,AAVEUSDT,0.00039661,248.88000000,248.88000000
2024-12-04T16:00:00Z,AAVEUSDT,0.00045715,260.81254657,260.81254657
2024-12-05T00:00:00Z,AAVEUSDT,0.00036589,256.57000000,256.57000000
2024-12-05T08:00:00Z,AAVEUSDT,0.00049304,250.18000000,250.18000000
2024-12-05T16:00:00Z,AAVEUSDT,0.00057752,255.44000000,255.44000000
2024-12-06T00:00:00Z,AAVEUSDT,0.00035516,247.81398875,247.81398875
2024-12-06T08:00:00Z,AAVEUSDT,0.00050116,256.57434152,256.57434152
2024-12-06T16:00:00Z,AAVEUSDT,0.00025851,269.35684105,269.35684105
2024-12-07T00:00:00Z,AAVEUSDT,0.00051819,281.99000000,281.99000000
2024-12-07T08:00:00Z,AAVEUSDT,0.00051899,285.78000000,285.78000000
2024-12-07T16:00:00Z,AAVEUSDT,0.00046495,284.24000000,284.24000000
2024-12-08T00:00:00Z,AAVEUSDT,0.00052864,282.46000000,282.46000000
2024-12-08T08:00:00Z,AAVEUSDT,0.00045001,279.91000000,279.91000000
2024-12-08T16:00:00Z,AAVEUSDT,0.00030194,279.44984810,279.44984810
2024-12-09T00:00:00Z,AAVEUSDT,0.00042093,282.93621644,282.93621644
2024-12-09T08:00:00Z,AAVEUSDT,0.00031800,271.23975095,271.23975095
2024-12-09T16:00:00Z,AAVEUSDT,0.00016758,271.99000000,271.99000000
2024-12-10T00:00:00Z,AAVEUSDT,0.00010000,260.61788125,260.61788125
2024-12-10T08:00:00Z,AAVEUSDT,0.00010000,270.33000000,270.33000000
2024-12-10T16:00:00Z,AAVEUSDT,0.00010000,260.81000000,260.81000000
2024-12-11T00:00:00Z,AAVEUSDT,0.00010000,276.49000000,276.49000000
2024-12-11T08:00:00Z,AAVEUSDT,0.00010000,267.94000000,267.94000000
2024-12-11T16:00:00Z,AAVEUSDT,0.00010000,290.84552857,290.84552857
2024-12-12T00:00:00Z,AAVEUSDT,0.00010000,302.74609688,302.74609688
2024-12-12T08:00:00Z,AAVEUSDT,0.00010000,354.22792857,354.22792857
2024-12-12T16:00:00Z,AAVEUSDT,0.00010000,370.41802286,370.41802286
2024-12-13T00:00:00Z,AAVEUSDT,0.00010000,367.18763143,367.18763143
2024-12-13T08:00:00Z,AAVEUSDT,0.00010000,367.02954062,367.02954062
2024-12-13T16:00:00Z,AAVEUSDT,0.00010000,361.55740410,361.55740410
2024-12-14T00:00:00Z,AAVEUSDT,0.00010000,377.55941905,377.55941905
2024-12-14T08:00:00Z,AAVEUSDT,0.00010000,383.71282286,383.71282286
2024-12-14T16:00:00Z,AAVEUSDT,0.00010000,373.98000000,373.98000000
2024-12-15T00:00:00Z,AAVEUSDT,0.00010000,365.52140990,365.52140990
2024-12-15T08:00:00Z,AAVEUSDT,0.00010000,364.54000000,364.54000000
2024-12-15T16:00:00Z,AAVEUSDT,0.00010000,371.50045238,371.50045238
2024-12-16T00:00:00Z,AAVEUSDT,0.00010000,368.47000000,368.47000000
2024-12-16T08:00:00Z,AAVEUSDT,0.00010000,384.33988200,384.33988200
2024-12-16T16:00:00Z,AAVEUSDT,0.00010000,384.09847781,384.09847781
2024-12-17T00:00:00Z,AAVEUSDT,0.00010000,379.16000000,379.16000000
2024-12-17T08:00:00Z,AAVEUSDT,0.00010000,372.71160295,372.71160295
2024-12-17T16:00:00Z,AAVEUSDT,0.00010000,363.46655590,363.46655590
2024-12-18T00:00:00Z,AAVEUSDT,0.00010000,361.09373429,361.09373429
2024-12-18T08:00:00Z,AAVEUSDT,0.00010000,370.84450057,370.84450057
2024-12-18T16:00:00Z,AAVEUSDT,0.00010000,365.06944029,365.06944029
2024-12-19T00:00:00Z,AAVEUSDT,0.00010000,339.54136800,339.54136800
2024-12-19T08:00:00Z,AAVEUSDT,0.00002773,344.27212867,344.27212867
2024-12-19T16:00:00Z,AAVEUSDT,0.00004191,325.54305838,325.54305838
2024-12-20T00:00:00Z,AAVEUSDT,0.00010000,314.83000000,314.83000000
2024-12-20T08:00:00Z,AAVEUSDT,0.00010000,308.32798857,308.32798857
2024-12-20T16:00:00Z,AAVEUSDT,0.00010000,303.99000000,303.99000000
2024-12-21T00:00:00Z,AAVEUSDT,0.00003101,329.32270186,329.32270186
2024-12-21T08:00:00Z,AAVEUSDT,0.00000590,336.76271248,336.76271248
2024-12-21T16:00:00Z,AAVEUSDT,0.00001707,309.25875857,309.25875857
2024-12-22T00:00:00Z,AAVEUSDT,-0.00000397,298.98000000,298.98000000
2024-12-22T08:00:00Z,AAVEUSDT,0.00010000,297.07866000,297.07866000
2024-12-22T16:00:00Z,AAVEUSDT,0.00000510,301.51000000,301.51000000
2024-12-23T00:00:00Z,AAVEUSDT,0.00010000,318.87000000,318.87000000
2024-12-23T08:00:00Z,AAVEUSDT,0.00010000,327.36000000,327.36000000
2024-12-23T16:00:00Z,AAVEUSDT,0.00010000,333.66217924,333.66217924
2024-12-24T00:00:00Z,AAVEUSDT,0.00010000,383.47000000,383.47000000
2024-12-24T08:00:00Z,AAVEUSDT,0.00010000,376.00531038,376.00531038
2024-12-24T16:00:00Z,AAVEUSDT,0.00010000,375.35745052,375.35745052
2024-12-25T00:00:00Z,AAVEUSDT,0.00010000,374.96108429,374.96108429
2024-12-25T08:00:00Z,AAVEUSDT,0.00010000,380.69328790,380.69328790
2024-12-25T16:00:00Z,AAVEUSDT,0.00010000,368.71000000,368.71000000
2024-12-26T00:00:00Z,AAVEUSDT,0.00010000,369.83000000,369.83000000
2024-12-26T08:00:00Z,AAVEUSDT,0.00010000,347.87000000,347.87000000
2024-12-26T16:00:00Z,AAVEUSDT,0.00010000,336.45000000,336.45000000
2024-12-27T00:00:00Z,AAVEUSDT,0.00008673,337.57306038,337.57306038
2024-12-27T08:00:00Z,AAVEUSDT,0.00007501,335.70158342,335.70158342
2024-12-27T16:00:00Z,AAVEUSDT,0.00008986,325.67000000,325.67000000
2024-12-28T00:00:00Z,AAVEUSDT,0.00010000,323.84942048,323.84942048
2024-12-28T08:00:00Z,AAVEUSDT,0.00010000,324.73502067,324.73502067
2024-12-28T16:00:00Z,AAVEUSDT,0.00004597,331.11000000,331.11000000
2024-12-29T00:00:00Z,AAVEUSDT,0.00010000,354.50750171,354.50750171
2024-12-29T08:00:00Z,AAVEUSDT,0.00010000,340.56758708,340.56758708
2024-12-29T16:00:00Z,AAVEUSDT,0.00010000,333.80400884,333.80400884
2024-12-30T00:00:00Z,AAVEUSDT,0.00008818,332.53000000,332.53000000
2024-12-30T08:00:00Z,AAVEUSDT,0.00010000,338.62054008,338.62054008
2024-12-30T16:00:00Z,AAVEUSDT,0.00010000,327.35438733,327.35438733
2024-12-31T00:00:00Z,AAVEUSDT,0.00008797,321.91514352,321.91514352
2024-12-31T08:00:00Z,AAVEUSDT,0.00010000,310.95599531,310.95599531
2024-12-31T16:00:00Z,AAVEUSDT,0.00002607,318.07000000,318.07000000
2025-01-01T00:00:00Z,AAVEUSDT,0.00010000,308.60000000,308.60000000
2025-01-01T08:00:00Z,AAVEUSDT,0.00010000,313.35000000,313.35000000
2025-01-01T16:00:00Z,AAVEUSDT,0.00010000,318.91000000,318.91000000
2025-01-02T00:00:00Z,AAVEUSDT,0.00010000,319.74724933,319.74724933
2025-01-02T08:00:00Z,AAVEUSDT,0.00010000,333.75897152,333.75897152
2025-01-02T16:00:00Z,AAVEUSDT,0.00010000,331.16075074,331.16075074
2025-01-03T00:00:00Z,AAVEUSDT,0.00010000,333.45731714,333.45731714
2025-01-03T08:00:00Z,AAVEUSDT,0.00010000,318.98000000,318.98000000
2025-01-03T16:00:00Z,AAVEUSDT,0.00010000,347.17538667,347.17538667
2025-01-04T00:00:00Z,AAVEUSDT,0.00010000,350.78262095,350.78262095
2025-01-04T08:00:00Z,AAVEUSDT,0.00010000,344.33382190,344.33382190
2025-01-04T16:00:00Z,AAVEUSDT,0.00010000,348.33759333,348.33759333
2025-01-05T00:00:00Z,AAVEUSDT,0.00010000,351.52937143,351.52937143
2025-01-05T08:00:00Z,AAVEUSDT,0.00010000,346.24334762,346.24334762
2025-01-05T16:00:00Z,AAVEUSDT,0.00010000,342.13000000,342.13000000
2025-01-06T00:00:00Z,AAVEUSDT,0.00010000,341.57811429,341.57811429
2025-01-06T08:00:00Z,AAVEUSDT,0.00010000,340.09904762,340.09904762
2025-01-06T16:00:00Z,AAVEUSDT,0.00010000,348.85187619,348.85187619
2025-01-07T00:00:00Z,AAVEUSDT,0.00010000,341.25000000,341.25000000
2025-01-07T08:00:00Z,AAVEUSDT,0.00010000,337.46000000,337.46000000
2025-01-07T16:00:00Z,AAVEUSDT,0.00010000,315.77297429,315.77297429
2025-01-08T00:00:00Z,AAVEUSDT,0.00010000,306.75000000,306.75000000
2025-01-08T08:00:00Z,AAVEUSDT,0.00010000,298.45829524,298.45829524
2025-01-08T16:00:00Z,AAVEUSDT,0.00009356,293.60000000,293.60000000
2025-01-09T00:00:00Z,AAVEUSDT,-0.00002606,293.16746095,293.16746095
2025-01-09T08:00:00Z,AAVEUSDT,0.00010000,282.92000000,282.92000000
2025-01-09T16:00:00Z,AAVEUSDT,0.00010000,287.91000000,287.91000000
2025-01-10T00:00:00Z,AAVEUSDT,0.00010000,281.01575619,281.01575619
2025-01-10T08:00:00Z,AAVEUSDT,0.00010000,297.37000000,297.37000000
2025-01-10T16:00:00Z,AAVEUSDT,0.00010000,281.42000000,281.42000000
2025-01-11T00:00:00Z,AAVEUSDT,0.00010000,285.64746952,285.64746952
2025-01-11T08:00:00Z,AAVEUSDT,0.00010000,282.42671429,282.42671429
2025-01-11T16:00:00Z,AAVEUSDT,0.00010000,286.79000000,286.79000000
2025-01-12T00:00:00Z,AAVEUSDT,0.00010000,287.12000000,287.12000000
2025-01-12T08:00:00Z,AAVEUSDT,0.00004638,289.98000000,289.98000000
2025-01-12T16:00:00Z,AAVEUSDT,0.00008671,292.86200000,292.86200000
2025-01-13T00:00:00Z,AAVEUSDT,0.00004276,287.75000000,287.75000000
2025-01-13T08:00:00Z,AAVEUSDT,0.00006824,273.77000000,273.77000000
2025-01-13T16:00:00Z,AAVEUSDT,0.00003561,273.70867333,273.70867333
2025-01-14T00:00:00Z,AAVEUSDT,0.00010000,289.47244768,289.47244768
2025-01-14T08:00:00Z,AAVEUSDT,-0.00003941,285.56000000,285.56000000
2025-01-14T16:00:00Z,AAVEUSDT,0.00010000,291.06303524,291.06303524
2025-01-15T00:00:00Z,AAVEUSDT,0.00010000,295.34758381,295.34758381
2025-01-15T08:00:00Z,AAVEUSDT,0.00003685,294.45671714,294.45671714
2025-01-15T16:00:00Z,AAVEUSDT,0.00010000,314.36803054,314.36803054
2025-01-16T00:00:00Z,AAVEUSDT,0.00008977,319.73000000,319.73000000
2025-01-16T08:00:00Z,AAVEUSDT,0.00010000,312.64000000,312.64000000
2025-01-16T16:00:00Z,AAVEUSDT,0.00010000,316.08000000,316.08000000
2025-01-17T00:00:00Z,AAVEUSDT,0.00010000,311.02000000,311.02000000
2025-01-17T08:00:00Z,AAVEUSDT,0.00010000,322.59238916,322.59238916
2025-01-17T16:00:00Z,AAVEUSDT,0.00008487,327.18096952,327.18096952
2025-01-18T00:00:00Z,AAVEUSDT,0.00010000,334.95000000,334.95000000
2025-01-18T08:00:00Z,AAVEUSDT,0.00010000,313.26074667,313.26074667
2025-01-18T16:00:00Z,AAVEUSDT,-0.00001407,317.08000000,317.08000000
2025-01-19T00:00:00Z,AAVEUSDT,0.00010000,315.43748571,315.43748571
2025-01-19T08:00:00Z,AAVEUSDT,0.00007135,308.68000000,308.68000000
2025-01-19T16:00:00Z,AAVEUSDT,0.00010000,330.96782857,330.96782857
2025-01-20T00:00:00Z,AAVEUSDT,0.00010000,309.23000000,309.23000000
2025-01-20T08:00:00Z,AAVEUSDT,0.00010000,353.98935764,353.98935764
2025-01-20T16:00:00Z,AAVEUSDT,0.00010000,347.00702571,347.00702571
2025-01-21T00:00:00Z,AAVEUSDT,0.00010000,337.36894286,337.36894286
2025-01-21T08:00:00Z,AAVEUSDT,0.00010000,341.56000000,341.56000000
2025-01-21T16:00:00Z,AAVEUSDT,0.00010000,357.56000000,357.56000000
2025-01-22T00:00:00Z,AAVEUSDT,0.00010000,370.75354286,370.75354286
2025-01-22T08:00:00Z,AAVEUSDT,0.00010000,356.94000000,356.94000000
2025-01-22T16:00:00Z,AAVEUSDT,0.00010000,353.12000000,353.12000000
2025-01-23T00:00:00Z,AAVEUSDT,0.00010000,346.56857244,346.56857244
2025-01-23T08:00:00Z,AAVEUSDT,0.00010000,338.03000000,338.03000000
2025-01-23T16:00:00Z,AAVEUSDT,0.00010000,337.22000000,337.22000000
2025-01-24T00:00:00Z,AAVEUSDT,0.00010000,337.24459714,337.24459714
2025-01-24T08:00:00Z,AAVEUSDT,0.00010000,348.19000000,348.19000000
2025-01-24T16:00:00Z,AAVEUSDT,0.00010000,348.68091143,348.68091143
2025-01-25T00:00:00Z,AAVEUSDT,0.00010000,334.80931524,334.80931524
2025-01-25T08:00:00Z,AAVEUSDT,0.00002838,331.04000000,331.04000000
2025-01-25T16:00:00Z,AAVEUSDT,0.00000737,334.75702821,334.75702821
2025-01-26T00:00:00Z,AAVEUSDT,-0.00005003,326.25000000,326.25000000
2025-01-26T08:00:00Z,AAVEUSDT,0.00010000,329.82851810,329.82851810
2025-01-26T16:00:00Z,AAVEUSDT,0.00006482,329.27760095,329.27760095
2025-01-27T00:00:00Z,AAVEUSDT,-0.00006471,316.40159238,316.40159238
2025-01-27T08:00:00Z,AAVEUSDT,0.00009084,296.82000000,296.82000000
2025-01-27T16:00:00Z,AAVEUSDT,0.00000479,301.24000000,301.24000000
2025-01-28T00:00:00Z,AAVEUSDT,0.00010000,304.88000000,304.88000000
2025-01-28T08:00:00Z,AAVEUSDT,-0.00004284,301.96083905,301.96083905
2025-01-28T16:00:00Z,AAVEUSDT,0.00010000,297.88000000,297.88000000
2025-01-29T00:00:00Z,AAVEUSDT,0.00003783,284.02454667,284.02454667
2025-01-29T08:00:00Z,AAVEUSDT,0.00010000,300.33000000,300.33000000
2025-01-29T16:00:00Z,AAVEUSDT,0.00010000,289.57000000,289.57000000
2025-01-30T00:00:00Z,AAVEUSDT,0.00003871,290.79000000,290.79000000
2025-01-30T08:00:00Z,AAVEUSDT,0.00010000,302.90348571,302.90348571
2025-01-30T16:00:00Z,AAVEUSDT,0.00010000,315.86000000,315.86000000
2025-01-31T00:00:00Z,AAVEUSDT,0.00010000,315.35000000,315.35000000
2025-01-31T08:00:00Z,AAVEUSDT,0.00008112,319.60809420,319.60809420
2025-01-31T16:00:00Z,AAVEUSDT,0.00010000,338.21305952,338.21305952
2025-02-01T00:00:00Z,AAVEUSDT,0.00010000,332.62006381,332.62006381
2025-02-01T08:00:00Z,AAVEUSDT,0.00010000,322.52000000,322.52000000
2025-02-01T16:00:00Z,AAVEUSDT,0.00010000,314.86000000,314.86000000
2025-02-02T00:00:00Z,AAVEUSDT,0.00007457,295.99640476,295.99640476
2025-02-02T08:00:00Z,AAVEUSDT,0.00006020,291.19000000,291.19000000
2025-02-02T16:00:00Z,AAVEUSDT,0.00007276,285.05000000,285.05000000
2025-02-03T00:00:00Z,AAVEUSDT,-0.00001493,258.25281238,258.25281238
2025-02-03T08:00:00Z,AAVEUSDT,0.00006465,245.08548667,245.08548667
2025-02-03T16:00:00Z,AAVEUSDT,-0.00003580,260.83658952,260.83658952
2025-02-04T00:00:00Z,AAVEUSDT,-0.00002731,276.29998107,276.29998107
2025-02-04T08:00:00Z,AAVEUSDT,0.00002848,250.60175143,250.60175143
2025-02-04T16:00:00Z,AAVEUSDT,-0.00002418,265.12000000,265.12000000
2025-02-05T00:00:00Z,AAVEUSDT,-0.00010347,271.96000000,271.96000000
2025-02-05T08:00:00Z,AAVEUSDT,0.00005238,274.36000000,274.36000000
2025-02-05T16:00:00Z,AAVEUSDT,-0.00000531,269.39000000,269.39000000
2025-02-06T00:00:00Z,AAVEUSDT,0.00009692,259.57000000,259.57000000
2025-02-06T08:00:00Z,AAVEUSDT,-0.00003410,262.90000000,262.90000000
2025-02-06T16:00:00Z,AAVEUSDT,0.00003861,247.68222875,247.68222875
2025-02-07T00:00:00Z,AAVEUSDT,0.00002620,241.39279815,241.39279815
2025-02-07T08:00:00Z,AAVEUSDT,0.00007045,242.76492381,242.76492381
2025-02-07T16:00:00Z,AAVEUSDT,-0.00002817,250.17814286,250.17814286
2025-02-08T00:00:00Z,AAVEUSDT,0.00004557,237.93000000,237.93000000
2025-02-08T08:00:00Z,AAVEUSDT,0.00002961,236.09000000,236.09000000
2025-02-08T16:00:00Z,AAVEUSDT,0.00003565,232.36000000,232.36000000
2025-02-09T00:00:00Z,AAVEUSDT,0.00006406,238.66000000,238.66000000
2025-02-09T08:00:00Z,AAVEUSDT,0.00005852,246.74882857,246.74882857
2025-02-09T16:00:00Z,AAVEUSDT,0.00010000,244.96709619,244.96709619
2025-02-10T00:00:00Z,AAVEUSDT,0.00007067,241.14748762,241.14748762
2025-02-10T08:00:00Z,AAVEUSDT,0.00010000,246.63000000,246.63000000
2025-02-10T16:00:00Z,AAVEUSDT,0.00008804,248.55000000,248.55000000
2025-02-11T00:00:00Z,AAVEUSDT,0.00006916,252.48000000,252.48000000
2025-02-11T08:00:00Z,AAVEUSDT,0.00008027,260.16000000,260.16000000
2025-02-11T16:00:00Z,AAVEUSDT,0.00005339,250.52000000,250.52000000
2025-02-12T00:00:00Z,AAVEUSDT,-0.00009429,243.65179238,243.65179238
2025-02-12T08:00:00Z,AAVEUSDT,-0.00004054,243.82889238,243.82889238
2025-02-12T16:00:00Z,AAVEUSDT,0.00000590,239.91450667,239.91450667
2025-02-13T00:00:00Z,AAVEUSDT,0.00008997,252.69000000,252.69000000
2025-02-13T08:00:00Z,AAVEUSDT,0.00010000,248.26292190,248.26292190
2025-02-13T16:00:00Z,AAVEUSDT,0.00005156,251.52957709,251.52957709
2025-02-14T00:00:00Z,AAVEUSDT,0.00008690,256.31819566,256.31819566
2025-02-14T08:00:00Z,AAVEUSDT,0.00007291,257.86206571,257.86206571
2025-02-14T16:00:00Z,AAVEUSDT,0.00009819,263.33000000,263.33000000
2025-02-15T00:00:00Z,AAVEUSDT,0.00010000,262.45000000,262.45000000
2025-02-15T08:00:00Z,AAVEUSDT,0.00004022,258.18872952,258.18872952
2025-02-15T16:00:00Z,AAVEUSDT,0.00001691,254.39000000,254.39000000
2025-02-16T00:00:00Z,AAVEUSDT,0.00001912,253.23000000,253.23000000
2025-02-16T08:00:00Z,AAVEUSDT,0.00002899,250.75000000,250.75000000
2025-02-16T16:00:00Z,AAVEUSDT,0.00001001,255.49000000,255.49000000
2025-02-17T00:00:00Z,AAVEUSDT,0.00004325,253.81987333,253.81987333
2025-02-17T08:00:00Z,AAVEUSDT,0.00002761,257.48188762,257.48188762
2025-02-17T16:00:00Z,AAVEUSDT,0.00010000,267.99041429,267.99041429
2025-02-18T00:00:00Z,AAVEUSDT,-0.00000972,264.43000000,264.43000000
2025-02-18T08:00:00Z,AAVEUSDT,-0.00005121,252.28420476,252.28420476
2025-02-18T16:00:00Z,AAVEUSDT,0.00000179,249.73000000,249.73000000
2025-02-19T00:00:00Z,AAVEUSDT,-0.00000166,249.43295810,249.43295810
2025-02-19T08:00:00Z,AAVEUSDT,0.00007982,254.23389852,254.23389852
2025-02-19T16:00:00Z,AAVEUSDT,0.00005122,252.29000000,252.29000000
2025-02-20T00:00:00Z,AAVEUSDT,0.00008170,252.88000000,252.88000000
2025-02-20T08:00:00Z,AAVEUSDT,0.00009078,254.29000000,254.29000000
2025-02-20T16:00:00Z,AAVEUSDT,0.00010000,253.76000000,253.76000000
2025-02-21T00:00:00Z,AAVEUSDT,0.00010000,261.15208667,261.15208667
2025-02-21T08:00:00Z,AAVEUSDT,0.00000931,260.76000000,260.76000000
2025-02-21T16:00:00Z,AAVEUSDT,0.00006465,255.09156381,255.09156381
2025-02-22T00:00:00Z,AAVEUSDT,0.00010000,242.60000000,242.60000000
2025-02-22T08:00:00Z,AAVEUSDT,0.00007676,243.66000000,243.66000000
2025-02-22T16:00:00Z,AAVEUSDT,-0.00013350,248.74198685,248.74198685
2025-02-23T00:00:00Z,AAVEUSDT,-0.00007292,246.98280591,246.98280591
2025-02-23T08:00:00Z,AAVEUSDT,0.00000258,253.80380000,253.80380000
2025-02-23T16:00:00Z,AAVEUSDT,-0.00005052,243.63427333,243.63427333
2025-02-24T00:00:00Z,AAVEUSDT,-0.00001062,247.49000000,247.49000000
2025-02-24T08:00:00Z,AAVEUSDT,-0.00004914,237.56000000,237.56000000
2025-02-24T16:00:00Z,AAVEUSDT,0.00004445,229.98897524,229.98897524
2025-02-25T00:00:00Z,AAVEUSDT,0.00005038,210.63000000,210.63000000
2025-02-25T08:00:00Z,AAVEUSDT,0.00010000,195.45097494,195.45097494
2025-02-25T16:00:00Z,AAVEUSDT,0.00003277,197.24710443,197.24710443
2025-02-26T00:00:00Z,AAVEUSDT,-0.00002059,205.04000000,205.04000000
2025-02-26T08:00:00Z,AAVEUSDT,0.00004984,205.04028762,205.04028762
2025-02-26T16:00:00Z,AAVEUSDT,0.00009968,205.84000000,205.84000000
2025-02-27T00:00:00Z,AAVEUSDT,0.00010000,202.48354571,202.48354571
2025-02-27T08:00:00Z,AAVEUSDT,0.00010000,207.34000000,207.34000000
2025-02-27T16:00:00Z,AAVEUSDT,0.00007519,204.43092190,204.43092190
2025-02-28T00:00:00Z,AAVEUSDT,0.00004508,203.91292033,203.91292033
2025-02-28T08:00:00Z,AAVEUSDT,0.00004149,182.21891619,182.21891619
2025-02-28T16:00:00Z,AAVEUSDT,0.00005532,191.18000000,191.18000000
2025-03-01T00:00:00Z,AAVEUSDT,0.00000213,192.15552095,192.15552095
2025-03-01T08:00:00Z,AAVEUSDT,0.00001714,189.99000000,189.99000000
2025-03-01T16:00:00Z,AAVEUSDT,0.00001218,187.67919714,187.67919714
2025-03-02T00:00:00Z,AAVEUSDT,0.00008069,194.94000000,194.94000000
2025-03-02T08:00:00Z,AAVEUSDT,-0.00002857,194.00564926,194.00564926
2025-03-02T16:00:00Z,AAVEUSDT,0.00002712,197.82057905,197.82057905
2025-03-03T00:00:00Z,AAVEUSDT,0.00008128,223.38000000,223.38000000
2025-03-03T08:00:00Z,AAVEUSDT,0.00008172,209.77000000,209.77000000
2025-03-03T16:00:00Z,AAVEUSDT,-0.00006539,201.00864857,201.00864857
2025-03-04T00:00:00Z,AAVEUSDT,-0.00009196,180.85000000,180.85000000
2025-03-04T08:00:00Z,AAVEUSDT,0.00002162,173.87000000,173.87000000
2025-03-04T16:00:00Z,AAVEUSDT,0.00010000,192.81000000,192.81000000
2025-03-05T00:00:00Z,AAVEUSDT,0.00010000,206.59942286,206.59942286
2025-03-05T08:00:00Z,AAVEUSDT,0.00003187,217.45000000,217.45000000
2025-03-05T16:00:00Z,AAVEUSDT,0.00005924,214.42440857,214.42440857
2025-03-06T00:00:00Z,AAVEUSDT,-0.00003570,220.71000000,220.71000000
2025-03-06T08:00:00Z,AAVEUSDT,-0.00008986,229.21535714,229.21535714
2025-03-06T16:00:00Z,AAVEUSDT,-0.00000779,216.42000000,216.42000000
2025-03-07T00:00:00Z,AAVEUSDT,-0.00006259,208.40000000,208.40000000
2025-03-07T08:00:00Z,AAVEUSDT,-0.00004914,209.80000000,209.80000000
2025-03-07T16:00:00Z,AAVEUSDT,-0.00011139,204.62112095,204.62112095
2025-03-08T00:00:00Z,AAVEUSDT,0.00003356,196.54000000,196.54000000
2025-03-08T08:00:00Z,AAVEUSDT,0.00003207,189.28199938,189.28199938
2025-03-08T16:00:00Z,AAVEUSDT,-0.00005544,188.81000000,188.81000000
2025-03-09T00:00:00Z,AAVEUSDT,-0.00000771,195.64000000,195.64000000
2025-03-09T08:00:00Z,AAVEUSDT,0.00001615,195.77874952,195.77874952
2025-03-09T16:00:00Z,AAVEUSDT,0.00010000,190.75000000,190.75000000
2025-03-10T00:00:00Z,AAVEUSDT,-0.00000667,178.46000000,178.46000000
2025-03-10T08:00:00Z,AAVEUSDT,0.00006943,194.22804863,194.22804863
2025-03-10T16:00:00Z,AAVEUSDT,-0.00001699,185.57748952,185.57748952
2025-03-11T00:00:00Z,AAVEUSDT,-0.00001528,180.27000000,180.27000000
2025-03-11T08:00:00Z,AAVEUSDT,-0.00007434,182.20545683,182.20545683
2025-03-11T16:00:00Z,AAVEUSDT,-0.00002435,175.96816946,175.96816946
2025-03-12T00:00:00Z,AAVEUSDT,-0.00003295,181.97157143,181.97157143
2025-03-12T08:00:00Z,AAVEUSDT,-0.00002279,175.00435619,175.00435619
2025-03-12T16:00:00Z,AAVEUSDT,-0.00021453,169.02605048,169.02605048
2025-03-13T00:00:00Z,AAVEUSDT,0.00007885,174.74000000,174.74000000
2025-03-13T08:00:00Z,AAVEUSDT,-0.00000737,171.40000000,171.40000000
2025-03-13T16:00:00Z,AAVEUSDT,0.00004340,169.08553524,169.08553524
2025-03-14T00:00:00Z,AAVEUSDT,0.00003513,162.74661102,162.74661102
2025-03-14T08:00:00Z,AAVEUSDT,0.00002820,163.81407048,163.81407048
2025-03-14T16:00:00Z,AAVEUSDT,0.00005603,173.11550246,173.11550246
2025-03-15T00:00:00Z,AAVEUSDT,0.00006749,173.08000000,173.08000000
2025-03-15T08:00:00Z,AAVEUSDT,0.00002989,173.21000000,173.21000000
2025-03-15T16:00:00Z,AAVEUSDT,-0.00001434,173.31000000,173.31000000
2025-03-16T00:00:00Z,AAVEUSDT,-0.00001422,172.87000000,172.87000000
2025-03-16T08:00:00Z,AAVEUSDT,0.00004863,173.71000000,173.71000000
2025-03-16T16:00:00Z,AAVEUSDT,-0.00013267,165.27000000,165.27000000
2025-03-17T00:00:00Z,AAVEUSDT,-0.00008790,164.60332604,164.60332604
2025-03-17T08:00:00Z,AAVEUSDT,-0.00002158,167.93000000,167.93000000
2025-03-17T16:00:00Z,AAVEUSDT,-0.00003771,170.40000000,170.40000000
2025-03-18T00:00:00Z,AAVEUSDT,0.00005655,174.63000000,174.63000000
2025-03-18T08:00:00Z,AAVEUSDT,0.00000000,171.65971048,171.65971048
2025-03-18T16:00:00Z,AAVEUSDT,-0.00005039,166.29178952,166.29178952
2025-03-19T00:00:00Z,AAVEUSDT,-0.00002602,170.00090762,170.00090762
2025-03-19T08:00:00Z,AAVEUSDT,0.00003257,169.84000000,169.84000000
2025-03-19T16:00:00Z,AAVEUSDT,0.00008511,181.71198857,181.71198857
2025-03-20T00:00:00Z,AAVEUSDT,0.00010000,182.42000000,182.42000000
2025-03-20T08:00:00Z,AAVEUSDT,0.00010000,176.55000000,176.55000000
2025-03-20T16:00:00Z,AAVEUSDT,0.00006202,174.08000000,174.08000000
2025-03-21T00:00:00Z,AAVEUSDT,0.00009211,178.72308857,178.72308857
2025-03-21T08:00:00Z,AAVEUSDT,0.00010000,179.08000000,179.08000000
2025-03-21T16:00:00Z,AAVEUSDT,-0.00001113,175.00384190,175.00384190
2025-03-22T00:00:00Z,AAVEUSDT,0.00007611,178.19031250,178.19031250
2025-03-22T08:00:00Z,AAVEUSDT,0.00007661,179.77996355,179.77996355
2025-03-22T16:00:00Z,AAVEUSDT,-0.00002723,179.75842952,179.75842952
2025-03-23T00:00:00Z,AAVEUSDT,0.00004757,179.66000000,179.66000000
2025-03-23T08:00:00Z,AAVEUSDT,0.00007947,184.73000000,184.73000000
2025-03-23T16:00:00Z,AAVEUSDT,0.00010000,183.35000000,183.35000000
2025-03-24T00:00:00Z,AAVEUSDT,0.00003927,185.01000000,185.01000000
2025-03-24T08:00:00Z,AAVEUSDT,0.00006851,190.51364286,190.51364286
2025-03-24T16:00:00Z,AAVEUSDT,0.00010000,192.78132095,192.78132095
2025-03-25T00:00:00Z,AAVEUSDT,0.00008644,190.68926324,190.68926324
2025-03-25T08:00:00Z,AAVEUSDT,0.00006893,187.22000000,187.22000000
2025-03-25T16:00:00Z,AAVEUSDT,0.00002362,187.18843333,187.18843333
2025-03-26T00:00:00Z,AAVEUSDT,-0.00004004,186.56000000,186.56000000
2025-03-26T08:00:00Z,AAVEUSDT,0.00001131,187.75000000,187.75000000
2025-03-26T16:00:00Z,AAVEUSDT,-0.00000936,180.91964952,180.91964952
2025-03-27T00:00:00Z,AAVEUSDT,0.00002666,177.33000000,177.33000000
2025-03-27T08:00:00Z,AAVEUSDT,0.00010000,184.37211333,184.37211333
2025-03-27T16:00:00Z,AAVEUSDT,0.00010000,182.90293524,182.90293524
2025-03-28T00:00:00Z,AAVEUSDT,0.00010000,184.65237524,184.65237524
2025-03-28T08:00:00Z,AAVEUSDT,0.00001110,175.11000000,175.11000000
2025-03-28T16:00:00Z,AAVEUSDT,-0.00006602,169.73239012,169.73239012
2025-03-29T00:00:00Z,AAVEUSDT,-0.00013966,175.76000000,175.76000000
2025-03-29T08:00:00Z,AAVEUSDT,-0.00005042,179.35861810,179.35861810
2025-03-29T16:00:00Z,AAVEUSDT,-0.00000827,171.78000000,171.78000000
2025-03-30T00:00:00Z,AAVEUSDT,-0.00011892,168.02000000,168.02000000
2025-03-30T08:00:00Z,AAVEUSDT,-0.00008416,164.93425696,164.93425696
2025-03-30T16:00:00Z,AAVEUSDT,-0.00009583,163.83141478,163.83141478
2025-03-31T00:00:00Z,AAVEUSDT,-0.00003661,163.53000000,163.53000000
2025-03-31T08:00:00Z,AAVEUSDT,-0.00011052,156.80000000,156.80000000
2025-03-31T16:00:00Z,AAVEUSDT,0.00001013,161.38000000,161.38000000
2025-04-01T00:00:00Z,AAVEUSDT,0.00004953,159.57000000,159.57000000
2025-04-01T08:00:00Z,AAVEUSDT,0.00009893,165.61125905,165.61125905
2025-04-01T16:00:00Z,AAVEUSDT,0.00010000,169.94589714,169.94589714
2025-04-02T00:00:00Z,AAVEUSDT,0.00010000,165.96000000,165.96000000
2025-04-02T08:00:00Z,AAVEUSDT,0.00003413,159.17934476,159.17934476
2025-04-02T16:00:00Z,AAVEUSDT,0.00005954,162.75000000,162.75000000
2025-04-03T00:00:00Z,AAVEUSDT,0.00001459,150.19000000,150.19000000
2025-04-03T08:00:00Z,AAVEUSDT,0.00007720,153.29118128,153.29118128
2025-04-03T16:00:00Z,AAVEUSDT,0.00007130,149.92000000,149.92000000
2025-04-04T00:00:00Z,AAVEUSDT,0.00006271,151.02185429,151.02185429
2025-04-04T08:00:00Z,AAVEUSDT,0.00008848,151.80000000,151.80000000
2025-04-04T16:00:00Z,AAVEUSDT,0.00003875,149.40000000,149.40000000
2025-04-05T00:00:00Z,AAVEUSDT,0.00010000,151.94219619,151.94219619
2025-04-05T08:00:00Z,AAVEUSDT,0.00010000,151.79000000,151.79000000
2025-04-05T16:00:00Z,AAVEUSDT,0.00010000,150.43000000,150.43000000
2025-04-06T00:00:00Z,AAVEUSDT,0.00009961,152.49870190,152.49870190
2025-04-06T08:00:00Z,AAVEUSDT,0.00007099,148.32000000,148.32000000
2025-04-06T16:00:00Z,AAVEUSDT,-0.00000846,144.00695092,144.00695092
2025-04-07T00:00:00Z,AAVEUSDT,-0.00001841,128.96000000,128.96000000
2025-04-07T08:00:00Z,AAVEUSDT,0.00007835,116.17131333,116.17131333
2025-04-07T16:00:00Z,AAVEUSDT,0.00004248,131.51152571,131.51152571
2025-04-08T00:00:00Z,AAVEUSDT,0.00005075,131.97000000,131.97000000
2025-04-08T08:00:00Z,AAVEUSDT,0.00004675,130.79361048,130.79361048
2025-04-08T16:00:00Z,AAVEUSDT,-0.00000035,131.23800571,131.23800571
2025-04-09T00:00:00Z,AAVEUSDT,0.00010000,125.26000000,125.26000000
2025-04-09T08:00:00Z,AAVEUSDT,0.00010000,129.03956381,129.03956381
2025-04-09T16:00:00Z,AAVEUSDT,0.00010000,128.44900000,128.44900000
2025-04-10T00:00:00Z,AAVEUSDT,0.00010000,143.07382952,143.07382952
2025-04-10T08:00:00Z,AAVEUSDT,0.00008354,137.77000000,137.77000000
2025-04-10T16:00:00Z,AAVEUSDT,0.00006974,129.51274571,129.51274571
2025-04-11T00:00:00Z,AAVEUSDT,-0.00001799,131.84510667,131.84510667
2025-04-11T08:00:00Z,AAVEUSDT,0.00003964,135.96000000,135.96000000
2025-04-11T16:00:00Z,AAVEUSDT,-0.00000308,135.28000000,135.28000000
2025-04-12T00:00:00Z,AAVEUSDT,-0.00004918,136.38975238,136.38975238
2025-04-12T08:00:00Z,AAVEUSDT,0.00001352,137.22000000,137.22000000
2025-04-12T16:00:00Z,AAVEUSDT,-0.00004208,147.34000000,147.34000000
2025-04-13T00:00:00Z,AAVEUSDT,0.00007913,147.98335143,147.98335143
2025-04-13T08:00:00Z,AAVEUSDT,0.00003025,143.48982381,143.48982381
2025-04-13T16:00:00Z,AAVEUSDT,0.00001900,140.78859143,140.78859143
2025-04-14T00:00:00Z,AAVEUSDT,-0.00001389,139.04000000,139.04000000
2025-04-14T08:00:00Z,AAVEUSDT,-0.00000742,142.00000000,142.00000000
2025-04-14T16:00:00Z,AAVEUSDT,-0.00006560,139.11000000,139.11000000
2025-04-15T00:00:00Z,AAVEUSDT,-0.00001076,137.56000000,137.56000000
2025-04-15T08:00:00Z,AAVEUSDT,-0.00006907,139.29000000,139.29000000
2025-04-15T16:00:00Z,AAVEUSDT,-0.00001158,136.33000000,136.33000000
2025-04-16T00:00:00Z,AAVEUSDT,0.00003019,134.16125517,134.16125517
2025-04-16T08:00:00Z,AAVEUSDT,-0.00002413,133.27000000,133.27000000
2025-04-16T16:00:00Z,AAVEUSDT,0.00000383,135.08000000,135.08000000
2025-04-17T00:00:00Z,AAVEUSDT,0.00003216,133.93018952,133.93018952
2025-04-17T08:00:00Z,AAVEUSDT,0.00010000,138.95000000,138.95000000
2025-04-17T16:00:00Z,AAVEUSDT,0.00004533,137.19000000,137.19000000
2025-04-18T00:00:00Z,AAVEUSDT,0.00007207,138.86576952,138.86576952
2025-04-18T08:00:00Z,AAVEUSDT,0.00009328,139.52000000,139.52000000
2025-04-18T16:00:00Z,AAVEUSDT,0.00003135,137.81000762,137.81000762
2025-04-19T00:00:00Z,AAVEUSDT,0.00006892,138.31551626,138.31551626
2025-04-19T08:00:00Z,AAVEUSDT,0.00008935,140.05013048,140.05013048
2025-04-19T16:00:00Z,AAVEUSDT,0.00001784,140.17090104,140.17090104
2025-04-20T00:00:00Z,AAVEUSDT,0.00006171,141.90000000,141.90000000
2025-04-20T08:00:00Z,AAVEUSDT,0.00010000,140.63255524,140.63255524
2025-04-20T16:00:00Z,AAVEUSDT,0.00002462,137.42785524,137.42785524
2025-04-21T00:00:00Z,AAVEUSDT,0.00010000,140.87000000,140.87000000
2025-04-21T08:00:00Z,AAVEUSDT,0.00010000,145.10124190,145.10124190
2025-04-21T16:00:00Z,AAVEUSDT,0.00010000,143.68000000,143.68000000
2025-04-22T00:00:00Z,AAVEUSDT,0.00010000,142.80000000,142.80000000
2025-04-22T08:00:00Z,AAVEUSDT,0.00007901,147.31773143,147.31773143
2025-04-22T16:00:00Z,AAVEUSDT,0.00002982,151.99297143,151.99297143
2025-04-23T00:00:00Z,AAVEUSDT,0.00010000,158.10000000,158.10000000
2025-04-23T08:00:00Z,AAVEUSDT,0.00008755,163.39030837,163.39030837
2025-04-23T16:00:00Z,AAVEUSDT,0.00010000,166.44090690,166.44090690
2025-04-24T00:00:00Z,AAVEUSDT,0.00010000,168.02984828,168.02984828
2025-04-24T08:00:00Z,AAVEUSDT,0.00008790,162.20495517,162.20495517
2025-04-24T16:00:00Z,AAVEUSDT,0.00010000,166.81000000,166.81000000
2025-04-25T00:00:00Z,AAVEUSDT,0.00010000,167.85456786,167.85456786
2025-04-25T08:00:00Z,AAVEUSDT,0.00010000,167.45620690,167.45620690
2025-04-25T16:00:00Z,AAVEUSDT,0.00006386,167.15000000,167.15000000
2025-04-26T00:00:00Z,AAVEUSDT,0.00008330,166.39924111,166.39924111
2025-04-26T08:00:00Z,AAVEUSDT,0.00009450,169.78000000,169.78000000
2025-04-26T16:00:00Z,AAVEUSDT,0.00010000,167.82439788,167.82439788
2025-04-27T00:00:00Z,AAVEUSDT,0.00010000,172.85000000,172.85000000
2025-04-27T08:00:00Z,AAVEUSDT,0.00004913,169.08000000,169.08000000
2025-04-27T16:00:00Z,AAVEUSDT,-0.00000224,166.46000000,166.46000000
2025-04-28T00:00:00Z,AAVEUSDT,0.00002453,166.49508859,166.49508859
2025-04-28T08:00:00Z,AAVEUSDT,0.00005906,174.11000000,174.11000000
2025-04-28T16:00:00Z,AAVEUSDT,0.00000964,164.58000000,164.58000000
2025-04-29T00:00:00Z,AAVEUSDT,0.00000017,166.15000000,166.15000000
2025-04-29T08:00:00Z,AAVEUSDT,-0.00000409,169.28185810,169.28185810
2025-04-29T16:00:00Z,AAVEUSDT,0.00009006,167.79000000,167.79000000
2025-04-30T00:00:00Z,AAVEUSDT,0.00009174,165.53720000,165.53720000
2025-04-30T08:00:00Z,AAVEUSDT,0.00006606,163.49897810,163.49897810
2025-04-30T16:00:00Z,AAVEUSDT,0.00001729,159.30264095,159.30264095
2025-05-01T00:00:00Z,AAVEUSDT,0.00010000,164.14060857,164.14060857
2025-05-01T08:00:00Z,AAVEUSDT,0.00010000,169.29354381,169.29354381
2025-05-01T16:00:00Z,AAVEUSDT,0.00010000,176.01851429,176.01851429
2025-05-02T00:00:00Z,AAVEUSDT,0.00010000,172.95139771,172.95139771
2025-05-02T08:00:00Z,AAVEUSDT,0.00007757,172.06146095,172.06146095
2025-05-02T16:00:00Z,AAVEUSDT,0.00004777,175.19960571,175.19960571
2025-05-03T00:00:00Z,AAVEUSDT,0.00009603,174.52000000,174.52000000
2025-05-03T08:00:00Z,AAVEUSDT,0.00010000,173.62000000,173.62000000
2025-05-03T16:00:00Z,AAVEUSDT,0.00009307,172.88685429,172.88685429
2025-05-04T00:00:00Z,AAVEUSDT,0.00010000,177.97991449,177.97991449
2025-05-04T08:00:00Z,AAVEUSDT,0.00006296,178.27897333,178.27897333
2025-05-04T16:00:00Z,AAVEUSDT,-0.00000515,173.60679524,173.60679524
2025-05-05T00:00:00Z,AAVEUSDT,0.00003168,171.03223619,171.03223619
2025-05-05T08:00:00Z,AAVEUSDT,0.00010000,180.12000000,180.12000000
2025-05-05T16:00:00Z,AAVEUSDT,-0.00001140,174.15248095,174.15248095
2025-05-06T00:00:00Z,AAVEUSDT,0.00003933,176.80590238,176.80590238
2025-05-06T08:00:00Z,AAVEUSDT,-0.00009325,171.10598905,171.10598905
2025-05-06T16:00:00Z,AAVEUSDT,-0.00000001,168.20000000,168.20000000
2025-05-07T00:00:00Z,AAVEUSDT,0.00010000,177.79000000,177.79000000
2025-05-07T08:00:00Z,AAVEUSDT,-0.00001187,174.36482857,174.36482857
2025-05-07T16:00:00Z,AAVEUSDT,-0.00008099,169.70000000,169.70000000
2025-05-08T00:00:00Z,AAVEUSDT,0.00008114,171.98525286,171.98525286
2025-05-08T08:00:00Z,AAVEUSDT,0.00010000,187.49191286,187.49191286
2025-05-08T16:00:00Z,AAVEUSDT,0.00007785,192.24924714,192.24924714
2025-05-09T00:00:00Z,AAVEUSDT,0.00010000,206.24591429,206.24591429
2025-05-09T08:00:00Z,AAVEUSDT,0.00010000,212.15298802,212.15298802
2025-05-09T16:00:00Z,AAVEUSDT,0.00007884,208.75790625,208.75790625
2025-05-10T00:00:00Z,AAVEUSDT,0.00010000,211.19768000,211.19768000
2025-05-10T08:00:00Z,AAVEUSDT,0.00010000,218.30000000,218.30000000
2025-05-10T16:00:00Z,AAVEUSDT,0.00010000,220.30079048,220.30079048
2025-05-11T00:00:00Z,AAVEUSDT,0.00004954,228.51000000,228.51000000
2025-05-11T08:00:00Z,AAVEUSDT,0.00006670,217.84150286,217.84150286
2025-05-11T16:00:00Z,AAVEUSDT,0.00008270,216.43185714,216.43185714
2025-05-12T00:00:00Z,AAVEUSDT,0.00010000,221.03000000,221.03000000
2025-05-12T08:00:00Z,AAVEUSDT,0.00010000,223.50451429,223.50451429
2025-05-12T16:00:00Z,AAVEUSDT,0.00006425,218.44000000,218.44000000
2025-05-13T00:00:00Z,AAVEUSDT,0.00010000,221.79778190,221.79778190
2025-05-13T08:00:00Z,AAVEUSDT,0.00010000,215.10000000,215.10000000
2025-05-13T16:00:00Z,AAVEUSDT,0.00010000,226.79000000,226.79000000
2025-05-14T00:00:00Z,AAVEUSDT,0.00010000,236.30867143,236.30867143
2025-05-14T08:00:00Z,AAVEUSDT,0.00010000,232.78430667,232.78430667
2025-05-14T16:00:00Z,AAVEUSDT,0.00009848,228.79000000,228.79000000
2025-05-15T00:00:00Z,AAVEUSDT,0.00009811,229.40000000,229.40000000
2025-05-15T08:00:00Z,AAVEUSDT,0.00010000,222.58000000,222.58000000
2025-05-15T16:00:00Z,AAVEUSDT,0.00003969,226.52501238,226.52501238
2025-05-16T00:00:00Z,AAVEUSDT,-0.00002941,223.77937048,223.77937048
2025-05-16T08:00:00Z,AAVEUSDT,0.00010000,237.55000000,237.55000000
2025-05-16T16:00:00Z,AAVEUSDT,0.00010000,235.70000000,235.70000000
2025-05-17T00:00:00Z,AAVEUSDT,0.00010000,230.84000000,230.84000000
2025-05-17T08:00:00Z,AAVEUSDT,0.00004409,225.71141762,225.71141762
2025-05-17T16:00:00Z,AAVEUSDT,0.00002239,223.16000000,223.16000000
2025-05-18T00:00:00Z,AAVEUSDT,-0.00001716,222.05000000,222.05000000
2025-05-18T08:00:00Z,AAVEUSDT,0.00000219,227.05000000,227.05000000
2025-05-18T16:00:00Z,AAVEUSDT,0.00010000,241.95508714,241.95508714
2025-05-19T00:00:00Z,AAVEUSDT,-0.00006093,231.96000000,231.96000000
2025-05-19T08:00:00Z,AAVEUSDT,-0.00001861,218.51000000,218.51000000
2025-05-19T16:00:00Z,AAVEUSDT,0.00010000,228.52718429,228.52718429
2025-05-20T00:00:00Z,AAVEUSDT,0.00010000,247.70147000,247.70147000
2025-05-20T08:00:00Z,AAVEUSDT,0.00010000,266.18000000,266.18000000
2025-05-20T16:00:00Z,AAVEUSDT,0.00010000,263.21760381,263.21760381
2025-05-21T00:00:00Z,AAVEUSDT,0.00010000,259.29000000,259.29000000
2025-05-21T08:00:00Z,AAVEUSDT,0.00010000,260.53341190,260.53341190
2025-05-21T16:00:00Z,AAVEUSDT,0.00001495,254.37000000,254.37000000
2025-05-22T00:00:00Z,AAVEUSDT,0.00003587,247.43754952,247.43754952
2025-05-22T08:00:00Z,AAVEUSDT,0.00001611,252.82000000,252.82000000
2025-05-22T16:00:00Z,AAVEUSDT,0.00010000,256.55000000,256.55000000
2025-05-23T00:00:00Z,AAVEUSDT,0.00010000,256.76000000,256.76000000
2025-05-23T08:00:00Z,AAVEUSDT,0.00008334,255.08000000,255.08000000
2025-05-23T16:00:00Z,AAVEUSDT,0.00010000,253.05000000,253.05000000
2025-05-24T00:00:00Z,AAVEUSDT,0.00008614,255.99415143,255.99415143
2025-05-24T08:00:00Z,AAVEUSDT,0.00007138,259.26000000,259.26000000
2025-05-24T16:00:00Z,AAVEUSDT,0.00008028,271.98081952,271.98081952
2025-05-25T00:00:00Z,AAVEUSDT,-0.00000263,261.68000000,261.68000000
2025-05-25T08:00:00Z,AAVEUSDT,0.00004270,266.45373905,266.45373905
2025-05-25T16:00:00Z,AAVEUSDT,0.00003254,264.51559429,264.51559429
2025-05-26T00:00:00Z,AAVEUSDT,0.00000452,269.14000000,269.14000000
2025-05-26T08:00:00Z,AAVEUSDT,0.00001381,270.11002762,270.11002762
2025-05-26T16:00:00Z,AAVEUSDT,-0.00004443,264.68000000,264.68000000
2025-05-27T00:00:00Z,AAVEUSDT,0.00000048,267.39275238,267.39275238
2025-05-27T08:00:00Z,AAVEUSDT,0.00010000,272.91567762,272.91567762
2025-05-27T16:00:00Z,AAVEUSDT,0.00010000,277.34000000,277.34000000
2025-05-28T00:00:00Z,AAVEUSDT,0.00010000,271.47000000,271.47000000
2025-05-28T08:00:00Z,AAVEUSDT,-0.00000374,268.76329762,268.76329762
2025-05-28T16:00:00Z,AAVEUSDT,0.00004220,264.00000000,264.00000000
2025-05-29T00:00:00Z,AAVEUSDT,-0.00000823,264.88000000,264.88000000
2025-05-29T08:00:00Z,AAVEUSDT,0.00010000,269.62000000,269.62000000
2025-05-29T16:00:00Z,AAVEUSDT,0.00002641,255.27000000,255.27000000
2025-05-30T00:00:00Z,AAVEUSDT,0.00009756,249.97000000,249.97000000
2025-05-30T08:00:00Z,AAVEUSDT,0.00006028,250.29499952,250.29499952
2025-05-30T16:00:00Z,AAVEUSDT,0.00004038,246.53000000,246.53000000
2025-05-31T00:00:00Z,AAVEUSDT,0.00010000,250.80651286,250.80651286
2025-05-31T08:00:00Z,AAVEUSDT,0.00010000,248.54000000,248.54000000
2025-05-31T16:00:00Z,AAVEUSDT,0.00001330,248.52194810,248.52194810
2025-06-01T00:00:00Z,AAVEUSDT,0.00004186,246.93000000,246.93000000
2025-06-01T08:00:00Z,AAVEUSDT,0.00002900,241.34246344,241.34246344
2025-06-01T16:00:00Z,AAVEUSDT,0.00010000,250.19000000,250.19000000
2025-06-02T00:00:00Z,AAVEUSDT,0.00000435,245.96000000,245.96000000
2025-06-02T08:00:00Z,AAVEUSDT,-0.00002850,243.43000000,243.43000000
2025-06-02T16:00:00Z,AAVEUSDT,0.00010000,251.87333571,251.87333571
2025-06-03T00:00:00Z,AAVEUSDT,0.00010000,257.66000000,257.66000000
2025-06-03T08:00:00Z,AAVEUSDT,0.00006061,258.34325905,258.34325905
2025-06-03T16:00:00Z,AAVEUSDT,0.00010000,269.21143619,269.21143619
2025-06-04T00:00:00Z,AAVEUSDT,0.00010000,266.36208475,266.36208475
2025-06-04T08:00:00Z,AAVEUSDT,0.00009797,265.38000000,265.38000000
2025-06-04T16:00:00Z,AAVEUSDT,0.00010000,273.27618476,273.27618476
2025-06-05T00:00:00Z,AAVEUSDT,0.00009510,264.04000000,264.04000000
2025-06-05T08:00:00Z,AAVEUSDT,0.00005288,260.94000000,260.94000000
2025-06-05T16:00:00Z,AAVEUSDT,0.00001899,260.30000000,260.30000000
2025-06-06T00:00:00Z,AAVEUSDT,-0.00010211,241.58641476,241.58641476
2025-06-06T08:00:00Z,AAVEUSDT,-0.00005541,248.00740571,248.00740571
2025-06-06T16:00:00Z,AAVEUSDT,0.00006103,252.88477952,252.88477952
2025-06-07T00:00:00Z,AAVEUSDT,0.00010000,250.79000000,250.79000000
2025-06-07T08:00:00Z,AAVEUSDT,0.00004055,253.52000000,253.52000000
2025-06-07T16:00:00Z,AAVEUSDT,0.00010000,258.25000000,258.25000000
2025-06-08T00:00:00Z,AAVEUSDT,0.00010000,257.36000000,257.36000000
2025-06-08T08:00:00Z,AAVEUSDT,0.00006132,254.50082714,254.50082714
2025-06-08T16:00:00Z,AAVEUSDT,0.00004406,252.97000000,252.97000000
2025-06-09T00:00:00Z,AAVEUSDT,0.00010000,253.69322857,253.69322857
2025-06-09T08:00:00Z,AAVEUSDT,0.00010000,254.17438352,254.17438352
2025-06-09T16:00:00Z,AAVEUSDT,0.00010000,262.25242381,262.25242381
2025-06-10T00:00:00Z,AAVEUSDT,0.00010000,283.22000000,283.22000000
2025-06-10T08:00:00Z,AAVEUSDT,0.00010000,290.78761048,290.78761048
2025-06-10T16:00:00Z,AAVEUSDT,0.00010000,304.99000000,304.99000000
2025-06-11T00:00:00Z,AAVEUSDT,0.00010000,308.19731667,308.19731667
2025-06-11T08:00:00Z,AAVEUSDT,0.00009169,310.50692857,310.50692857
2025-06-11T16:00:00Z,AAVEUSDT,0.00008669,315.53000000,315.53000000
2025-06-12T00:00:00Z,AAVEUSDT,0.00010000,303.76190557,303.76190557
2025-06-12T08:00:00Z,AAVEUSDT,0.00010000,295.80248438,295.80248438
2025-06-12T16:00:00Z,AAVEUSDT,0.00007134,297.10769619,297.10769619
2025-06-13T00:00:00Z,AAVEUSDT,0.00007088,293.80000000,293.80000000
2025-06-13T08:00:00Z,AAVEUSDT,0.00001271,280.67000000,280.67000000
2025-06-13T16:00:00Z,AAVEUSDT,0.00007678,284.57000000,284.57000000
2025-06-14T00:00:00Z,AAVEUSDT,0.00007565,290.99000000,290.99000000
2025-06-14T08:00:00Z,AAVEUSDT,-0.00004181,277.90365561,277.90365561
2025-06-14T16:00:00Z,AAVEUSDT,-0.00003147,272.25322031,272.25322031
2025-06-15T00:00:00Z,AAVEUSDT,-0.00001767,275.04000000,275.04000000
2025-06-15T08:00:00Z,AAVEUSDT,-0.00000286,272.77000000,272.77000000
2025-06-15T16:00:00Z,AAVEUSDT,-0.00002265,273.92000000,273.92000000
2025-06-16T00:00:00Z,AAVEUSDT,0.00003307,274.83057143,274.83057143
2025-06-16T08:00:00Z,AAVEUSDT,0.00005182,289.31250619,289.31250619
2025-06-16T16:00:00Z,AAVEUSDT,-0.00001330,288.86000000,288.86000000
2025-06-17T00:00:00Z,AAVEUSDT,0.00003055,275.04000000,275.04000000
2025-06-17T08:00:00Z,AAVEUSDT,0.00005887,275.85000000,275.85000000
2025-06-17T16:00:00Z,AAVEUSDT,0.00000314,266.41148438,266.41148438
2025-06-18T00:00:00Z,AAVEUSDT,0.00005083,266.46000000,266.46000000
2025-06-18T08:00:00Z,AAVEUSDT,0.00003661,265.41000000,265.41000000
2025-06-18T16:00:00Z,AAVEUSDT,-0.00000878,259.76754167,259.76754167
2025-06-19T00:00:00Z,AAVEUSDT,-0.00004217,258.90530729,258.90530729
2025-06-19T08:00:00Z,AAVEUSDT,0.00005352,259.77834375,259.77834375
2025-06-19T16:00:00Z,AAVEUSDT,-0.00006333,250.07321354,250.07321354
2025-06-20T00:00:00Z,AAVEUSDT,0.00003877,255.52304688,255.52304688
2025-06-20T08:00:00Z,AAVEUSDT,0.00007796,259.63000000,259.63000000
2025-06-20T16:00:00Z,AAVEUSDT,0.00000692,254.83000000,254.83000000
2025-06-21T00:00:00Z,AAVEUSDT,-0.00001575,247.21000000,247.21000000
2025-06-21T08:00:00Z,AAVEUSDT,-0.00004636,247.14519792,247.14519792
2025-06-21T16:00:00Z,AAVEUSDT,0.00004782,244.53000000,244.53000000
2025-06-22T00:00:00Z,AAVEUSDT,0.00009570,234.58000000,234.58000000
2025-06-22T08:00:00Z,AAVEUSDT,0.00006664,232.52000000,232.52000000
2025-06-22T16:00:00Z,AAVEUSDT,0.00010000,222.08000000,222.08000000
2025-06-23T00:00:00Z,AAVEUSDT,0.00010000,227.78000000,227.78000000
2025-06-23T08:00:00Z,AAVEUSDT,0.00000336,232.05824479,232.05824479
2025-06-23T16:00:00Z,AAVEUSDT,0.00004944,228.62588542,228.62588542
2025-06-24T00:00:00Z,AAVEUSDT,0.00002472,256.89000000,256.89000000
2025-06-24T08:00:00Z,AAVEUSDT,0.00006460,257.60884375,257.60884375
2025-06-24T16:00:00Z,AAVEUSDT,-0.00000921,260.96000000,260.96000000
2025-06-25T00:00:00Z,AAVEUSDT,-0.00001824,263.94000000,263.94000000
2025-06-25T08:00:00Z,AAVEUSDT,0.00000353,265.02000000,265.02000000
2025-06-25T16:00:00Z,AAVEUSDT,0.00006714,256.96000000,256.96000000
2025-06-26T00:00:00Z,AAVEUSDT,0.00009362,255.82865104,255.82865104
2025-06-26T08:00:00Z,AAVEUSDT,-0.00004738,261.80234375,261.80234375
2025-06-26T16:00:00Z,AAVEUSDT,0.00003146,253.56000000,253.56000000
2025-06-27T00:00:00Z,AAVEUSDT,-0.00000278,250.19000000,250.19000000
2025-06-27T08:00:00Z,AAVEUSDT,0.00001450,256.35147917,256.35147917
2025-06-27T16:00:00Z,AAVEUSDT,0.00007467,264.78000000,264.78000000
2025-06-28T00:00:00Z,AAVEUSDT,-0.00009445,259.12000000,259.12000000
2025-06-28T08:00:00Z,AAVEUSDT,-0.00008357,256.38998958,256.38998958
2025-06-28T16:00:00Z,AAVEUSDT,-0.00003705,256.94000000,256.94000000
2025-06-29T00:00:00Z,AAVEUSDT,0.00007646,259.76726562,259.76726562
2025-06-29T08:00:00Z,AAVEUSDT,0.00010000,264.44000000,264.44000000
2025-06-29T16:00:00Z,AAVEUSDT,0.00003016,271.75294792,271.75294792
2025-06-30T00:00:00Z,AAVEUSDT,0.00010000,278.43473438,278.43473438
2025-06-30T08:00:00Z,AAVEUSDT,0.00010000,273.27466667,273.27466667
2025-06-30T16:00:00Z,AAVEUSDT,0.00009331,275.75312500,275.75312500
2025-07-01T00:00:00Z,AAVEUSDT,0.00008509,274.36253125,274.36253125
2025-07-01T08:00:00Z,AAVEUSDT,-0.00004145,271.00000000,271.00000000
2025-07-01T16:00:00Z,AAVEUSDT,-0.00001206,265.04000000,265.04000000
2025-07-02T00:00:00Z,AAVEUSDT,0.00000018,259.79045833,259.79045833
2025-07-02T08:00:00Z,AAVEUSDT,-0.00003619,262.41000000,262.41000000
2025-07-02T16:00:00Z,AAVEUSDT,0.00006887,273.84089062,273.84089062
2025-07-03T00:00:00Z,AAVEUSDT,0.00010000,276.07732812,276.07732812
2025-07-03T08:00:00Z,AAVEUSDT,0.00010000,282.56000000,282.56000000
2025-07-03T16:00:00Z,AAVEUSDT,0.00010000,275.57000000,275.57000000
2025-07-04T00:00:00Z,AAVEUSDT,0.00010000,279.27769720,279.27769720
2025-07-04T08:00:00Z,AAVEUSDT,0.00006919,270.07000000,270.07000000
2025-07-04T16:00:00Z,AAVEUSDT,0.00003133,261.73939062,261.73939062
2025-07-05T00:00:00Z,AAVEUSDT,-0.00005838,265.84000000,265.84000000
2025-07-05T08:00:00Z,AAVEUSDT,0.00002584,270.31693229,270.31693229
2025-07-05T16:00:00Z,AAVEUSDT,0.00010000,269.96000000,269.96000000
2025-07-06T00:00:00Z,AAVEUSDT,0.00010000,273.38924479,273.38924479
2025-07-06T08:00:00Z,AAVEUSDT,0.00008730,271.28827083,271.28827083
2025-07-06T16:00:00Z,AAVEUSDT,0.00007607,275.95000000,275.95000000
2025-07-07T00:00:00Z,AAVEUSDT,0.00010000,287.26203646,287.26203646
2025-07-07T08:00:00Z,AAVEUSDT,0.00010000,287.15000000,287.15000000
2025-07-07T16:00:00Z,AAVEUSDT,0.00010000,286.53000000,286.53000000
2025-07-08T00:00:00Z,AAVEUSDT,0.00003154,283.00000000,283.00000000
2025-07-08T08:00:00Z,AAVEUSDT,0.00003042,282.81978646,282.81978646
2025-07-08T16:00:00Z,AAVEUSDT,0.00010000,285.33000000,285.33000000
2025-07-09T00:00:00Z,AAVEUSDT,0.00009813,292.85000000,292.85000000
2025-07-09T08:00:00Z,AAVEUSDT,0.00006743,298.79000000,298.79000000
2025-07-09T16:00:00Z,AAVEUSDT,0.00009886,297.89000000,297.89000000
2025-07-10T00:00:00Z,AAVEUSDT,0.00009075,301.47000000,301.47000000
2025-07-10T08:00:00Z,AAVEUSDT,0.00001636,297.14000000,297.14000000
2025-07-10T16:00:00Z,AAVEUSDT,0.00002464,295.97000000,295.97000000
2025-07-11T00:00:00Z,AAVEUSDT,0.00010000,308.69221354,308.69221354
2025-07-11T08:00:00Z,AAVEUSDT,0.00010000,308.30918229,308.30918229
2025-07-11T16:00:00Z,AAVEUSDT,0.00010000,304.47406250,304.47406250
2025-07-12T00:00:00Z,AAVEUSDT,0.00010000,297.37115625,297.37115625
2025-07-12T08:00:00Z,AAVEUSDT,0.00010000,301.96000000,301.96000000
2025-07-12T16:00:00Z,AAVEUSDT,0.00010000,295.51000000,295.51000000
2025-07-13T00:00:00Z,AAVEUSDT,0.00010000,302.14593750,302.14593750
2025-07-13T08:00:00Z,AAVEUSDT,0.00010000,304.51212500,304.51212500
2025-07-13T16:00:00Z,AAVEUSDT,0.00010000,311.51616918,311.51616918
2025-07-14T00:00:00Z,AAVEUSDT,0.00010000,305.60100000,305.60100000
2025-07-14T08:00:00Z,AAVEUSDT,0.00010000,324.36000000,324.36000000
2025-07-14T16:00:00Z,AAVEUSDT,0.00010000,319.95437500,319.95437500
2025-07-15T00:00:00Z,AAVEUSDT,0.00010000,315.05490625,315.05490625
2025-07-15T08:00:00Z,AAVEUSDT,0.00010000,313.44000000,313.44000000
2025-07-15T16:00:00Z,AAVEUSDT,0.00010000,323.31656250,323.31656250
2025-07-16T00:00:00Z,AAVEUSDT,0.00010000,327.50000000,327.50000000
2025-07-16T08:00:00Z,AAVEUSDT,0.00010000,332.60232812,332.60232812
2025-07-16T16:00:00Z,AAVEUSDT,0.00010000,326.46000000,326.46000000
2025-07-17T00:00:00Z,AAVEUSDT,0.00010000,323.17000000,323.17000000
2025-07-17T08:00:00Z,AAVEUSDT,0.00010000,324.30000000,324.30000000
2025-07-17T16:00:00Z,AAVEUSDT,0.00010000,324.56000000,324.56000000
2025-07-18T00:00:00Z,AAVEUSDT,0.00010000,321.62310938,321.62310938
2025-07-18T08:00:00Z,AAVEUSDT,0.00010000,327.70000000,327.70000000
2025-07-18T16:00:00Z,AAVEUSDT,0.00010000,317.54906250,317.54906250
2025-07-19T00:00:00Z,AAVEUSDT,0.00010000,324.35000000,324.35000000
2025-07-19T08:00:00Z,AAVEUSDT,0.00010000,316.34000000,316.34000000
2025-07-19T16:00:00Z,AAVEUSDT,0.00010000,315.41090625,315.41090625
2025-07-20T00:00:00Z,AAVEUSDT,0.00010000,319.14000000,319.14000000
2025-07-20T08:00:00Z,AAVEUSDT,0.00010000,325.78507812,325.78507812
2025-07-20T16:00:00Z,AAVEUSDT,0.00010000,333.85000000,333.85000000
2025-07-21T00:00:00Z,AAVEUSDT,0.00010000,324.34000000,324.34000000
2025-07-21T08:00:00Z,AAVEUSDT,0.00010000,330.45666667,330.45666667
2025-07-21T16:00:00Z,AAVEUSDT,0.00010000,327.00000000,327.00000000
2025-07-22T00:00:00Z,AAVEUSDT,0.00010000,322.14000000,322.14000000
2025-07-22T08:00:00Z,AAVEUSDT,0.00010000,309.54642188,309.54642188
2025-07-22T16:00:00Z,AAVEUSDT,0.00010000,307.12000000,307.12000000
2025-07-23T00:00:00Z,AAVEUSDT,0.00010000,310.54781250,310.54781250
2025-07-23T08:00:00Z,AAVEUSDT,0.00010000,301.75425521,301.75425521
2025-07-23T16:00:00Z,AAVEUSDT,0.00010000,293.92874479,293.92874479
2025-07-24T00:00:00Z,AAVEUSDT,0.00007321,290.22000000,290.22000000
2025-07-24T08:00:00Z,AAVEUSDT,0.00009261,284.82616146,284.82616146
2025-07-24T16:00:00Z,AAVEUSDT,0.00003765,290.99000000,290.99000000
2025-07-25T00:00:00Z,AAVEUSDT,-0.00000245,285.97000000,285.97000000
2025-07-25T08:00:00Z,AAVEUSDT,0.00005416,285.86531250,285.86531250
2025-07-25T16:00:00Z,AAVEUSDT,0.00006780,288.34000000,288.34000000
2025-07-26T00:00:00Z,AAVEUSDT,0.00010000,294.01995233,294.01995233
2025-07-26T08:00:00Z,AAVEUSDT,0.00010000,295.92000000,295.92000000
2025-07-26T16:00:00Z,AAVEUSDT,0.00010000,294.83000000,294.83000000
2025-07-27T00:00:00Z,AAVEUSDT,0.00010000,294.84000000,294.84000000
2025-07-27T08:00:00Z,AAVEUSDT,0.00010000,295.80694792,295.80694792
2025-07-27T16:00:00Z,AAVEUSDT,0.00000656,296.90543750,296.90543750
2025-07-28T00:00:00Z,AAVEUSDT,0.00010000,304.77000000,304.77000000
2025-07-28T08:00:00Z,AAVEUSDT,0.00009457,305.87000000,305.87000000
2025-07-28T16:00:00Z,AAVEUSDT,0.00010000,292.00747917,292.00747917
2025-07-29T00:00:00Z,AAVEUSDT,0.00005942,288.82065104,288.82065104
2025-07-29T08:00:00Z,AAVEUSDT,0.00007007,295.27000000,295.27000000
2025-07-29T16:00:00Z,AAVEUSDT,0.00004318,282.60522917,282.60522917
2025-07-30T00:00:00Z,AAVEUSDT,0.00003353,282.23000000,282.23000000
2025-07-30T08:00:00Z,AAVEUSDT,-0.00001150,281.69573958,281.69573958
2025-07-30T16:00:00Z,AAVEUSDT,0.00002147,276.10000000,276.10000000
2025-07-31T00:00:00Z,AAVEUSDT,0.00009551,274.51000000,274.51000000
2025-07-31T08:00:00Z,AAVEUSDT,0.00002928,277.57000000,277.57000000
2025-07-31T16:00:00Z,AAVEUSDT,-0.00004012,268.69000000,268.69000000
2025-08-01T00:00:00Z,AAVEUSDT,0.00010000,260.88000000,260.88000000
2025-08-01T08:00:00Z,AAVEUSDT,0.00002193,258.13000000,258.13000000
2025-08-01T16:00:00Z,AAVEUSDT,0.00006728,259.38579688,259.38579688
2025-08-02T00:00:00Z,AAVEUSDT,0.00010000,255.30295312,255.30295312
2025-08-02T08:00:00Z,AAVEUSDT,0.00008224,255.55000000,255.55000000
2025-08-02T16:00:00Z,AAVEUSDT,0.00007093,251.92000000,251.92000000
2025-08-03T00:00:00Z,AAVEUSDT,0.00004994,249.33000000,249.33000000
2025-08-03T08:00:00Z,AAVEUSDT,-0.00000898,255.77643750,255.77643750
2025-08-03T16:00:00Z,AAVEUSDT,0.00001754,257.44271875,257.44271875
2025-08-04T00:00:00Z,AAVEUSDT,0.00001830,259.90445312,259.90445312
2025-08-04T08:00:00Z,AAVEUSDT,0.00006852,261.61000000,261.61000000
2025-08-04T16:00:00Z,AAVEUSDT,-0.00001555,265.28785417,265.28785417
2025-08-05T00:00:00Z,AAVEUSDT,0.00008768,267.73719792,267.73719792
2025-08-05T08:00:00Z,AAVEUSDT,0.00010000,257.27975000,257.27975000
2025-08-05T16:00:00Z,AAVEUSDT,0.00009938,253.75933854,253.75933854
2025-08-06T00:00:00Z,AAVEUSDT,0.00008058,255.26272917,255.26272917
2025-08-06T08:00:00Z,AAVEUSDT,0.00004779,258.44000000,258.44000000
2025-08-06T16:00:00Z,AAVEUSDT,0.00004255,262.93481250,262.93481250
2025-08-07T00:00:00Z,AAVEUSDT,0.00010000,263.43629167,263.43629167
2025-08-07T08:00:00Z,AAVEUSDT,0.00010000,265.83000000,265.83000000
2025-08-07T16:00:00Z,AAVEUSDT,0.00004519,273.17447917,273.17447917
2025-08-08T00:00:00Z,AAVEUSDT,0.00009654,284.99398305,284.99398305
2025-08-08T08:00:00Z,AAVEUSDT,0.00009684,283.36000000,283.36000000
2025-08-08T16:00:00Z,AAVEUSDT,0.00004617,283.85332051,283.85332051
2025-08-09T00:00:00Z,AAVEUSDT,0.00005094,290.82000000,290.82000000
2025-08-09T08:00:00Z,AAVEUSDT,0.00010000,299.47000000,299.47000000
2025-08-09T16:00:00Z,AAVEUSDT,0.00010000,302.64589103,302.64589103
2025-08-10T00:00:00Z,AAVEUSDT,0.00010000,307.69000000,307.69000000
2025-08-10T08:00:00Z,AAVEUSDT,0.00010000,300.15192308,300.15192308
2025-08-10T16:00:00Z,AAVEUSDT,0.00010000,307.73154487,307.73154487
2025-08-11T00:00:00Z,AAVEUSDT,0.00010000,306.14986538,306.14986538
2025-08-11T08:00:00Z,AAVEUSDT,0.00010000,305.18073438,305.18073438
2025-08-11T16:00:00Z,AAVEUSDT,0.00008271,298.45000000,298.45000000
2025-08-12T00:00:00Z,AAVEUSDT,0.00010000,293.04021875,293.04021875
2025-08-12T08:00:00Z,AAVEUSDT,-0.00003746,297.60000000,297.60000000
2025-08-12T16:00:00Z,AAVEUSDT,0.00005201,313.24875000,313.24875000
2025-08-13T00:00:00Z,AAVEUSDT,0.00010000,322.20000000,322.20000000
2025-08-13T08:00:00Z,AAVEUSDT,0.00010000,322.98438542,322.98438542
2025-08-13T16:00:00Z,AAVEUSDT,0.00010000,323.27985417,323.27985417
2025-08-14T00:00:00Z,AAVEUSDT,0.00010000,332.19687500,332.19687500
2025-08-14T08:00:00Z,AAVEUSDT,0.00010000,331.00000000,331.00000000
2025-08-14T16:00:00Z,AAVEUSDT,0.00010000,315.45070833,315.45070833
2025-08-15T00:00:00Z,AAVEUSDT,0.00002013,312.40000000,312.40000000
2025-08-15T08:00:00Z,AAVEUSDT,0.00000676,310.85371354,310.85371354
2025-08-15T16:00:00Z,AAVEUSDT,0.00008620,295.19134375,295.19134375
2025-08-16T00:00:00Z,AAVEUSDT,0.00005280,299.82241332,299.82241332
2025-08-16T08:00:00Z,AAVEUSDT,0.00006779,298.81313462,298.81313462
2025-08-16T16:00:00Z,AAVEUSDT,0.00005367,293.35000000,293.35000000
2025-08-17T00:00:00Z,AAVEUSDT,0.00003873,295.47000000,295.47000000
2025-08-17T08:00:00Z,AAVEUSDT,0.00005975,301.20000000,301.20000000
2025-08-17T16:00:00Z,AAVEUSDT,0.00003180,310.15625000,310.15625000
2025-08-18T00:00:00Z,AAVEUSDT,0.00002355,303.01000000,303.01000000
2025-08-18T08:00:00Z,AAVEUSDT,-0.00001017,286.21000000,286.21000000
2025-08-18T16:00:00Z,AAVEUSDT,-0.00000017,290.18758854,290.18758854
2025-08-19T00:00:00Z,AAVEUSDT,0.00006715,288.48000000,288.48000000
2025-08-19T08:00:00Z,AAVEUSDT,0.00004526,283.50000000,283.50000000
2025-08-19T16:00:00Z,AAVEUSDT,0.00002359,280.50659375,280.50659375
2025-08-20T00:00:00Z,AAVEUSDT,0.00002899,277.25000000,277.25000000
2025-08-20T08:00:00Z,AAVEUSDT,-0.00003552,287.55000000,287.55000000
2025-08-20T16:00:00Z,AAVEUSDT,0.00004535,289.74000000,289.74000000
2025-08-21T00:00:00Z,AAVEUSDT,-0.00000228,299.20000000,299.20000000
2025-08-21T08:00:00Z,AAVEUSDT,0.00009738,301.73000000,301.73000000
2025-08-21T16:00:00Z,AAVEUSDT,0.00007370,297.11000000,297.11000000
2025-08-22T00:00:00Z,AAVEUSDT,0.00010000,299.94000000,299.94000000
2025-08-22T08:00:00Z,AAVEUSDT,-0.00007277,303.48438030,303.48438030
2025-08-22T16:00:00Z,AAVEUSDT,0.00010000,319.62659375,319.62659375
2025-08-23T00:00:00Z,AAVEUSDT,0.00010000,345.76300000,345.76300000
2025-08-23T08:00:00Z,AAVEUSDT,0.00010000,343.05343750,343.05343750
2025-08-23T16:00:00Z,AAVEUSDT,0.00010000,361.90593750,361.90593750
2025-08-24T00:00:00Z,AAVEUSDT,0.00010000,357.78843750,357.78843750
2025-08-24T08:00:00Z,AAVEUSDT,0.00010000,347.61000000,347.61000000
2025-08-24T16:00:00Z,AAVEUSDT,0.00010000,351.72500000,351.72500000
2025-08-25T00:00:00Z,AAVEUSDT,0.00010000,348.75357812,348.75357812
2025-08-25T08:00:00Z,AAVEUSDT,0.00010000,329.82000000,329.82000000
2025-08-25T16:00:00Z,AAVEUSDT,0.00010000,325.63407292,325.63407292
2025-08-26T00:00:00Z,AAVEUSDT,0.00010000,318.38077604,318.38077604
2025-08-26T08:00:00Z,AAVEUSDT,0.00010000,327.450,327.450
2025-08-26T16:00:00Z,AAVEUSDT,0.00007137,335.590,335.590
2025-08-27T00:00:00Z,AAVEUSDT,-0.00000855,329.890,329.890
2025-08-27T08:00:00Z,AAVEUSDT,0.00009074,326.360,326.360
2025-08-27T16:00:00Z,AAVEUSDT,0.00008982,320.460,320.460
2025-08-28T00:00:00Z,AAVEUSDT,0.00007193,325.910,325.910
2025-08-28T08:00:00Z,AAVEUSDT,0.00001269,316.140,316.140
2025-08-28T16:00:00Z,AAVEUSDT,0.00006265,317.370,317.370
2025-08-29T00:00:00Z,AAVEUSDT,-0.00000115,306.560,306.560
2025-08-29T08:00:00Z,AAVEUSDT,0.00007543,311.710,311.710
2025-08-29T16:00:00Z,AAVEUSDT,0.00007471,318.990,318.990
2025-08-30T00:00:00Z,AAVEUSDT,-0.00005849,316.800,316.800
2025-08-30T08:00:00Z,AAVEUSDT,0.00002657,314.470,314.470
2025-08-30T16:00:00Z,AAVEUSDT,0.00002203,319.180,319.180
2025-08-31T00:00:00Z,AAVEUSDT,-0.00000973,320.770,320.770
2025-08-31T08:00:00Z,AAVEUSDT,0.00002203,319.970,319.970
2025-08-31T16:00:00Z,AAVEUSDT,-0.00000895,315.570,315.570
2025-09-01T00:00:00Z,AAVEUSDT,0.00002758,316.340,316.340
2025-09-01T08:00:00Z,AAVEUSDT,0.00006381,306.690,306.690
2025-09-01T16:00:00Z,AAVEUSDT,0.00001465,304.680,304.680
2025-09-02T00:00:00Z,AAVEUSDT,0.00000436,310.930,310.930
2025-09-02T08:00:00Z,AAVEUSDT,0.00004596,308.960,308.960
2025-09-02T16:00:00Z,AAVEUSDT,0.00006959,315.540,315.540
2025-09-03T00:00:00Z,AAVEUSDT,0.00010000,315.450,315.450
2025-09-03T08:00:00Z,AAVEUSDT,0.00003508,325.380,325.380
2025-09-03T16:00:00Z,AAVEUSDT,0.00002699,327.780,327.780
2025-09-04T00:00:00Z,AAVEUSDT,0.00007374,317.690,317.690
2025-09-04T08:00:00Z,AAVEUSDT,0.00006821,308.610,308.610
2025-09-04T16:00:00Z,AAVEUSDT,0.00008447,306.290,306.290
2025-09-05T00:00:00Z,AAVEUSDT,-0.00000528,311.150,311.150
2025-09-05T08:00:00Z,AAVEUSDT,0.00005095,301.530,301.530
2025-09-05T16:00:00Z,AAVEUSDT,-0.00001933,302.180,302.180
2025-09-06T00:00:00Z,AAVEUSDT,0.00010000,301.950,301.950
2025-09-06T08:00:00Z,AAVEUSDT,0.00002807,298.680,298.680
2025-09-06T16:00:00Z,AAVEUSDT,0.00006262,298.210,298.210
2025-09-07T00:00:00Z,AAVEUSDT,0.00010000,301.400,301.400
2025-09-07T08:00:00Z,AAVEUSDT,0.00003113,299.670,299.670
2025-09-07T16:00:00Z,AAVEUSDT,0.00001261,301.360,301.360
2025-09-08T00:00:00Z,AAVEUSDT,0.00002156,299.530,299.530
2025-09-08T08:00:00Z,AAVEUSDT,0.00010000,306.190,306.190
2025-09-08T16:00:00Z,AAVEUSDT,0.00008876,302.810,302.810
2025-09-09T00:00:00Z,AAVEUSDT,-0.00003156,308.600,308.600
2025-09-09T08:00:00Z,AAVEUSDT,0.00010000,296.280,296.280
2025-09-09T16:00:00Z,AAVEUSDT,0.00004043,297.850,297.850
2025-09-10T00:00:00Z,AAVEUSDT,-0.00002942,298.340,298.340
2025-09-10T08:00:00Z,AAVEUSDT,0.00009086,303.550,303.550
2025-09-10T16:00:00Z,AAVEUSDT,0.00002632,300.070,300.070
2025-09-11T00:00:00Z,AAVEUSDT,0.00002881,305.990,305.990
2025-09-11T08:00:00Z,AAVEUSDT,0.00009815,302.380,302.380
2025-09-11T16:00:00Z,AAVEUSDT,0.00003716,309.450,309.450
2025-09-12T00:00:00Z,AAVEUSDT,0.00010000,311.830,311.830
2025-09-12T08:00:00Z,AAVEUSDT,0.00007134,312.260,312.260
2025-09-12T16:00:00Z,AAVEUSDT,0.00010000,321.340,321.340
2025-09-13T00:00:00Z,AAVEUSDT,0.00010000,315.460,315.460
2025-09-13T08:00:00Z,AAVEUSDT,0.00008961,314.180,314.180
2025-09-13T16:00:00Z,AAVEUSDT,0.00010000,314.860,314.860
2025-09-14T00:00:00Z,AAVEUSDT,0.00010000,310.350,310.350
2025-09-14T08:00:00Z,AAVEUSDT,0.00010000,303.160,303.160
2025-09-14T16:00:00Z,AAVEUSDT,0.00003502,306.000,306.000
2025-09-15T00:00:00Z,AAVEUSDT,0.00002012,304.090,304.090
2025-09-15T08:00:00Z,AAVEUSDT,0.00000738,297.300,297.300
2025-09-15T16:00:00Z,AAVEUSDT,-0.00004606,299.190,299.190
2025-09-16T00:00:00Z,AAVEUSDT,-0.00006113,295.380,295.380
2025-09-16T08:00:00Z,AAVEUSDT,0.00005852,293.400,293.400
2025-09-16T16:00:00Z,AAVEUSDT,0.00004982,298.740,298.740
2025-09-17T00:00:00Z,AAVEUSDT,0.00003102,298.840,298.840
2025-09-17T08:00:00Z,AAVEUSDT,0.00004278,293.120,293.120
2025-09-17T16:00:00Z,AAVEUSDT,0.00000369,305.960,305.960
2025-09-18T00:00:00Z,AAVEUSDT,0.00010000,304.750,304.750
2025-09-18T08:00:00Z,AAVEUSDT,0.00010000,309.210,309.210
2025-09-18T16:00:00Z,AAVEUSDT,0.00010000,309.150,309.150
2025-09-19T00:00:00Z,AAVEUSDT,0.00010000,305.900,305.900
2025-09-19T08:00:00Z,AAVEUSDT,0.00010000,301.560,301.560
2025-09-19T16:00:00Z,AAVEUSDT,0.00010000,298.430,298.430
2025-09-20T00:00:00Z,AAVEUSDT,0.00005301,299.950,299.950
2025-09-20T08:00:00Z,AAVEUSDT,0.00002859,298.040,298.040
2025-09-20T16:00:00Z,AAVEUSDT,-0.00000130,296.700,296.700
2025-09-21T00:00:00Z,AAVEUSDT,0.00010000,298.100,298.100
2025-09-21T08:00:00Z,AAVEUSDT,0.00010000,295.460,295.460
2025-09-21T16:00:00Z,AAVEUSDT,0.00005561,293.880,293.880
2025-09-22T00:00:00Z,AAVEUSDT,0.00005823,266.050,266.050
2025-09-22T08:00:00Z,AAVEUSDT,-0.00004268,265.280,265.280
2025-09-22T16:00:00Z,AAVEUSDT,-0.00015903,270.120,270.120
2025-09-23T00:00:00Z,AAVEUSDT,-0.00009282,269.570,269.570
2025-09-23T08:00:00Z,AAVEUSDT,-0.00001996,278.010,278.010
2025-09-23T16:00:00Z,AAVEUSDT,-0.00005731,274.410,274.410
2025-09-24T00:00:00Z,AAVEUSDT,-0.00000989,277.060,277.060
2025-09-24T08:00:00Z,AAVEUSDT,0.00005764,277.940,277.940
2025-09-24T16:00:00Z,AAVEUSDT,0.00006990,278.040,278.040
2025-09-25T00:00:00Z,AAVEUSDT,0.00006566,266.460,266.460
2025-09-25T08:00:00Z,AAVEUSDT,0.00001690,268.520,268.520
2025-09-25T16:00:00Z,AAVEUSDT,0.00006463,260.120,260.120
2025-09-26T00:00:00Z,AAVEUSDT,0.00010000,261.710,261.710
2025-09-26T08:00:00Z,AAVEUSDT,0.00009760,264.960,264.960
2025-09-26T16:00:00Z,AAVEUSDT,0.00009386,270.600,270.600
2025-09-27T00:00:00Z,AAVEUSDT,0.00002813,270.170,270.170
2025-09-27T08:00:00Z,AAVEUSDT,0.00007654,267.960,267.960
2025-09-27T16:00:00Z,AAVEUSDT,-0.00000568,266.320,266.320
2025-09-28T00:00:00Z,AAVEUSDT,0.00010000,266.340,266.340
2025-09-28T08:00:00Z,AAVEUSDT,0.00005719,266.100,266.100
2025-09-28T16:00:00Z,AAVEUSDT,0.00010000,274.930,274.930
2025-09-29T00:00:00Z,AAVEUSDT,0.00007565,271.730,271.730
2025-09-29T08:00:00Z,AAVEUSDT,0.00004552,275.150,275.150
2025-09-29T16:00:00Z,AAVEUSDT,0.00002201,276.860,276.860
2025-09-30T00:00:00Z,AAVEUSDT,0.00010000,273.040,273.040
2025-09-30T08:00:00Z,AAVEUSDT,0.00002829,268.100,268.100
2025-09-30T16:00:00Z,AAVEUSDT,0.00006861,274.270,274.270
2025-10-01T00:00:00Z,AAVEUSDT,0.00010000,272.050,272.050
2025-10-01T08:00:00Z,AAVEUSDT,0.00007820,286.120,286.120
2025-10-01T16:00:00Z,AAVEUSDT,0.00010000,286.650,286.650
2025-10-02T00:00:00Z,AAVEUSDT,0.00007135,285.720,285.720
2025-10-02T08:00:00Z,AAVEUSDT,0.00003150,283.760,283.760
2025-10-02T16:00:00Z,AAVEUSDT,0.00001761,288.770,288.770
2025-10-03T00:00:00Z,AAVEUSDT,0.00006853,285.410,285.410
2025-10-03T08:00:00Z,AAVEUSDT,0.00008109,291.620,291.620
2025-10-03T16:00:00Z,AAVEUSDT,-0.00000126,290.440,290.440
2025-10-04T00:00:00Z,AAVEUSDT,0.00010000,285.530,285.530
2025-10-04T08:00:00Z,AAVEUSDT,0.00008496,280.350,280.350
2025-10-04T16:00:00Z,AAVEUSDT,0.00008551,283.050,283.050
2025-10-05T00:00:00Z,AAVEUSDT,0.00010000,293.470,293.470
2025-10-05T08:00:00Z,AAVEUSDT,0.00010000,290.140,290.140
2025-10-05T16:00:00Z,AAVEUSDT,0.00010000,285.520,285.520
2025-10-06T00:00:00Z,AAVEUSDT,-0.00000048,288.640,288.640
2025-10-06T08:00:00Z,AAVEUSDT,0.00010000,296.270,296.270
2025-10-06T16:00:00Z,AAVEUSDT,0.00010000,297.130,297.130
2025-10-07T00:00:00Z,AAVEUSDT,0.00010000,292.170,292.170
2025-10-07T08:00:00Z,AAVEUSDT,0.00010000,278.930,278.930
2025-10-07T16:00:00Z,AAVEUSDT,0.00010000,275.990,275.990
2025-10-08T00:00:00Z,AAVEUSDT,-0.00002322,278.440,278.440
2025-10-08T08:00:00Z,AAVEUSDT,0.00005797,278.070,278.070
2025-10-08T16:00:00Z,AAVEUSDT,0.00010000,285.400,285.400
2025-10-09T00:00:00Z,AAVEUSDT,0.00010000,279.560,279.560
2025-10-09T08:00:00Z,AAVEUSDT,0.00010000,270.930,270.930
2025-10-09T16:00:00Z,AAVEUSDT,0.00006726,273.520,273.520
2025-10-10T00:00:00Z,AAVEUSDT,0.00002551,273.670,273.670
2025-10-10T08:00:00Z,AAVEUSDT,0.00010000,264.260,264.260
2025-10-10T16:00:00Z,AAVEUSDT,0.00010000,223.930,223.930
2025-10-11T00:00:00Z,AAVEUSDT,0.00010000,231.700,231.700
2025-10-11T08:00:00Z,AAVEUSDT,-0.00013716,238.760,238.760
2025-10-11T16:00:00Z,AAVEUSDT,-0.00020090,234.140,234.140
2025-10-12T00:00:00Z,AAVEUSDT,-0.00005456,233.550,233.550
2025-10-12T08:00:00Z,AAVEUSDT,0.00002877,244.980,244.980
2025-10-12T16:00:00Z,AAVEUSDT,-0.00003932,250.860,250.860
2025-10-13T00:00:00Z,AAVEUSDT,-0.00017699,252.630,252.630
2025-10-13T08:00:00Z,AAVEUSDT,0.00001445,252.250,252.250
2025-10-13T16:00:00Z,AAVEUSDT,0.00003925,260.970,260.970
2025-10-14T00:00:00Z,AAVEUSDT,0.00007591,242.860,242.860
2025-10-14T08:00:00Z,AAVEUSDT,0.00004206,251.100,251.100
2025-10-14T16:00:00Z,AAVEUSDT,0.00005467,255.200,255.200
2025-10-15T00:00:00Z,AAVEUSDT,0.00005009,256.560,256.560
2025-10-15T08:00:00Z,AAVEUSDT,0.00007505,243.020,243.020
2025-10-15T16:00:00Z,AAVEUSDT,-0.00001637,242.120,242.120
2025-10-16T00:00:00Z,AAVEUSDT,0.00006261,241.130,241.130
2025-10-16T08:00:00Z,AAVEUSDT,0.00002868,235.700,235.700
2025-10-16T16:00:00Z,AAVEUSDT,0.00002998,223.090,223.090
2025-10-17T00:00:00Z,AAVEUSDT,0.00010000,208.500,208.500
2025-10-17T08:00:00Z,AAVEUSDT,0.00010000,205.640,205.640
2025-10-17T16:00:00Z,AAVEUSDT,0.00004474,206.470,206.470
2025-10-18T00:00:00Z,AAVEUSDT,-0.00002979,208.450,208.450
2025-10-18T08:00:00Z,AAVEUSDT,0.00001466,209.460,209.460
2025-10-18T16:00:00Z,AAVEUSDT,-0.00001861,214.730,214.730
2025-10-19T00:00:00Z,AAVEUSDT,-0.00005601,214.510,214.510
2025-10-19T08:00:00Z,AAVEUSDT,0.00004787,224.580,224.580
2025-10-19T16:00:00Z,AAVEUSDT,-0.00001049,222.330,222.330
2025-10-20T00:00:00Z,AAVEUSDT,0.00002004,233.540,233.540
2025-10-20T08:00:00Z,AAVEUSDT,0.00000185,228.420,228.420
2025-10-20T16:00:00Z,AAVEUSDT,0.00002883,228.790,228.790
2025-10-21T00:00:00Z,AAVEUSDT,0.00005021,221.160,221.160
2025-10-21T08:00:00Z,AAVEUSDT,0.00008699,235.480,235.480
2025-10-21T16:00:00Z,AAVEUSDT,0.00009953,218.630,218.630
2025-10-22T00:00:00Z,AAVEUSDT,0.00004646,218.260,218.260
2025-10-22T08:00:00Z,AAVEUSDT,-0.00000061,223.310,223.310
2025-10-22T16:00:00Z,AAVEUSDT,0.00006415,216.360,216.360
2025-10-23T00:00:00Z,AAVEUSDT,0.00005486,221.260,221.260
2025-10-23T08:00:00Z,AAVEUSDT,0.00002823,223.030,223.030
2025-10-23T16:00:00Z,AAVEUSDT,0.00007399,224.440,224.440
2025-10-24T00:00:00Z,AAVEUSDT,0.00007558,230.300,230.300
2025-10-24T08:00:00Z,AAVEUSDT,0.00006778,226.040,226.040
2025-10-24T16:00:00Z,AAVEUSDT,0.00005404,228.820,228.820
2025-10-25T00:00:00Z,AAVEUSDT,0.00007223,226.330,226.330
2025-10-25T08:00:00Z,AAVEUSDT,0.00001558,226.700,226.700
2025-10-25T16:00:00Z,AAVEUSDT,0.00006297,226.140,226.140
2025-10-26T00:00:00Z,AAVEUSDT,0.00006744,227.390,227.390
2025-10-26T08:00:00Z,AAVEUSDT,0.00005020,237.710,237.710
2025-10-26T16:00:00Z,AAVEUSDT,0.00003972,240.620,240.620
2025-10-27T00:00:00Z,AAVEUSDT,0.00005693,243.530,243.530
2025-10-27T08:00:00Z,AAVEUSDT,0.00001920,237.340,237.340
2025-10-27T16:00:00Z,AAVEUSDT,0.00005635,234.990,234.990
2025-10-28T00:00:00Z,AAVEUSDT,0.00002669,236.090,236.090
2025-10-28T08:00:00Z,AAVEUSDT,0.00003449,233.740,233.740
2025-10-28T16:00:00Z,AAVEUSDT,0.00007487,228.250,228.250
2025-10-29T00:00:00Z,AAVEUSDT,-0.00000117,229.670,229.670
2025-10-29T08:00:00Z,AAVEUSDT,0.00000247,227.220,227.220
2025-10-29T16:00:00Z,AAVEUSDT,0.00007573,227.520,227.520
2025-10-30T00:00:00Z,AAVEUSDT,0.00010000,229.840,229.840
2025-10-30T08:00:00Z,AAVEUSDT,0.00007872,212.820,212.820
2025-10-30T16:00:00Z,AAVEUSDT,-0.00000588,215.020,215.020
2025-10-31T00:00:00Z,AAVEUSDT,-0.00000966,217.120,217.120
2025-10-31T08:00:00Z,AAVEUSDT,0.00000781,218.470,218.470
2025-10-31T16:00:00Z,AAVEUSDT,0.00005197,228.390,228.390
2025-11-01T00:00:00Z,AAVEUSDT,0.00010000,226.460,226.460
2025-11-01T08:00:00Z,AAVEUSDT,0.00010000,222.650,222.650
2025-11-01T16:00:00Z,AAVEUSDT,0.00006088,222.840,222.840
2025-11-02T00:00:00Z,AAVEUSDT,0.00010000,225.900,225.900
2025-11-02T08:00:00Z,AAVEUSDT,0.00009258,220.140,220.140
2025-11-02T16:00:00Z,AAVEUSDT,0.00009558,231.240,231.240
2025-11-03T00:00:00Z,AAVEUSDT,0.00009629,211.910,211.910
2025-11-03T08:00:00Z,AAVEUSDT,0.00001180,200.360,200.360
2025-11-03T16:00:00Z,AAVEUSDT,-0.00000822,199.570,199.570
2025-11-04T00:00:00Z,AAVEUSDT,0.00001766,193.500,193.500
2025-11-04T08:00:00Z,AAVEUSDT,0.00008615,199.720,199.720
2025-11-04T16:00:00Z,AAVEUSDT,0.00010000,188.020,188.020
2025-11-05T00:00:00Z,AAVEUSDT,0.00010000,198.090,198.090
2025-11-05T08:00:00Z,AAVEUSDT,0.00010000,199.820,199.820
2025-11-05T16:00:00Z,AAVEUSDT,0.00010000,201.900,201.900
2025-11-06T00:00:00Z,AAVEUSDT,0.00006519,199.540,199.540
2025-11-06T08:00:00Z,AAVEUSDT,0.00010000,195.150,195.150
2025-11-06T16:00:00Z,AAVEUSDT,0.00003707,197.160,197.160
2025-11-07T00:00:00Z,AAVEUSDT,0.00009156,202.470,202.470
2025-11-07T08:00:00Z,AAVEUSDT,0.00010000,198.590,198.590
2025-11-07T16:00:00Z,AAVEUSDT,0.00010000,207.990,207.990
2025-11-08T00:00:00Z,AAVEUSDT,0.00010000,205.890,205.890
2025-11-08T08:00:00Z,AAVEUSDT,0.00010000,199.370,199.370
2025-11-08T16:00:00Z,AAVEUSDT,0.00010000,202.690,202.690
2025-11-09T00:00:00Z,AAVEUSDT,0.00009542,200.230,200.230
2025-11-09T08:00:00Z,AAVEUSDT,0.00008178,208.030,208.030
2025-11-09T16:00:00Z,AAVEUSDT,0.00006783,212.170,212.170
2025-11-10T00:00:00Z,AAVEUSDT,0.00007012,220.070,220.070
2025-11-10T08:00:00Z,AAVEUSDT,0.00008625,219.090,219.090
2025-11-10T16:00:00Z,AAVEUSDT,0.00006504,228.230,228.230
2025-11-11T00:00:00Z,AAVEUSDT,0.00006490,216.540,216.540
2025-11-11T08:00:00Z,AAVEUSDT,0.00000117,214.340,214.340
2025-11-11T16:00:00Z,AAVEUSDT,0.00005603,207.600,207.600
2025-11-12T00:00:00Z,AAVEUSDT,0.00000720,208.310,208.310
2025-11-12T08:00:00Z,AAVEUSDT,-0.00001933,207.490,207.490
2025-11-12T16:00:00Z,AAVEUSDT,0.00000654,205.010,205.010
2025-11-13T00:00:00Z,AAVEUSDT,-0.00001373,213.900,213.900
2025-11-13T08:00:00Z,AAVEUSDT,0.00010000,208.350,208.350
2025-11-13T16:00:00Z,AAVEUSDT,0.00010000,198.640,198.640
2025-11-14T00:00:00Z,AAVEUSDT,0.00006411,185.670,185.670
2025-11-14T08:00:00Z,AAVEUSDT,0.00007235,179.030,179.030
2025-11-14T16:00:00Z,AAVEUSDT,-0.00002203,173.810,173.810
2025-11-15T00:00:00Z,AAVEUSDT,-0.00007755,179.170,179.170
2025-11-15T08:00:00Z,AAVEUSDT,-0.00004940,178.980,178.980
2025-11-15T16:00:00Z,AAVEUSDT,-0.00005659,178.420,178.420
2025-11-16T00:00:00Z,AAVEUSDT,0.00000545,181.220,181.220
2025-11-16T08:00:00Z,AAVEUSDT,0.00001450,173.210,173.210
2025-11-16T16:00:00Z,AAVEUSDT,0.00002145,172.780,172.780
2025-11-17T00:00:00Z,AAVEUSDT,0.00010000,178.710,178.710
2025-11-17T08:00:00Z,AAVEUSDT,0.00006886,174.190,174.190
2025-11-17T16:00:00Z,AAVEUSDT,0.00010000,169.040,169.040
2025-11-18T00:00:00Z,AAVEUSDT,0.00010000,171.060,171.060
2025-11-18T08:00:00Z,AAVEUSDT,0.00010000,176.000,176.000
2025-11-18T16:00:00Z,AAVEUSDT,0.00009368,178.190,178.190
2025-11-19T00:00:00Z,AAVEUSDT,0.00004557,175.230,175.230
2025-11-19T08:00:00Z,AAVEUSDT,0.00006926,168.250,168.250
2025-11-19T16:00:00Z,AAVEUSDT,0.00003691,174.410,174.410
2025-11-20T00:00:00Z,AAVEUSDT,0.00007133,178.520,178.520
2025-11-20T08:00:00Z,AAVEUSDT,0.00007890,173.140,173.140
2025-11-20T16:00:00Z,AAVEUSDT,0.00010000,164.550,164.550
2025-11-21T00:00:00Z,AAVEUSDT,-0.00000229,156.130,156.130
2025-11-21T08:00:00Z,AAVEUSDT,0.00006296,152.500,152.500
2025-11-21T16:00:00Z,AAVEUSDT,0.00008217,157.720,157.720
2025-11-22T00:00:00Z,AAVEUSDT,0.00004831,158.880,158.880
2025-11-22T08:00:00Z,AAVEUSDT,0.00000096,157.860,157.860
2025-11-22T16:00:00Z,AAVEUSDT,-0.00001123,161.050,161.050
2025-11-23T00:00:00Z,AAVEUSDT,-0.00004612,163.270,163.270
2025-11-23T08:00:00Z,AAVEUSDT,0.00001339,164.900,164.900
2025-11-23T16:00:00Z,AAVEUSDT,-0.00007042,167.350,167.350
2025-11-24T00:00:00Z,AAVEUSDT,-0.00002753,170.560,170.560
2025-11-24T08:00:00Z,AAVEUSDT,0.00001740,171.230,171.230
2025-11-24T16:00:00Z,AAVEUSDT,-0.00009677,178.410,178.410
2025-11-25T00:00:00Z,AAVEUSDT,-0.00006356,178.740,178.740
2025-11-25T08:00:00Z,AAVEUSDT,-0.00006483,176.100,176.100
2025-11-25T16:00:00Z,AAVEUSDT,-0.00000170,178.890,178.890
2025-11-26T00:00:00Z,AAVEUSDT,0.00006854,178.510,178.510
2025-11-26T08:00:00Z,AAVEUSDT,-0.00002477,177.610,177.610
2025-11-26T16:00:00Z,AAVEUSDT,0.00002038,185.670,185.670
2025-11-27T00:00:00Z,AAVEUSDT,-0.00012669,185.830,185.830
2025-11-27T08:00:00Z,AAVEUSDT,-0.00007830,185.170,185.170
2025-11-27T16:00:00Z,AAVEUSDT,0.00008460,185.850,185.850
2025-11-28T00:00:00Z,AAVEUSDT,0.00001951,184.880,184.880
2025-11-28T08:00:00Z,AAVEUSDT,0.00004127,185.910,185.910
2025-11-28T16:00:00Z,AAVEUSDT,-0.00006304,185.180,185.180
2025-11-29T00:00:00Z,AAVEUSDT,-0.00004571,183.830,183.830
2025-11-29T08:00:00Z,AAVEUSDT,-0.00001305,183.770,183.770
2025-11-29T16:00:00Z,AAVEUSDT,-0.00000940,181.980,181.980
2025-11-30T00:00:00Z,AAVEUSDT,0.00010000,185.410,185.410
2025-11-30T08:00:00Z,AAVEUSDT,0.00008505,180.150,180.150
2025-11-30T16:00:00Z,AAVEUSDT,-0.00002554,177.320,177.320
2025-12-01T00:00:00Z,AAVEUSDT,-0.00004727,166.410,166.410
2025-12-01T08:00:00Z,AAVEUSDT,0.00004690,164.530,164.530
2025-12-01T16:00:00Z,AAVEUSDT,0.00010000,171.280,171.280
2025-12-02T00:00:00Z,AAVEUSDT,0.00009178,168.800,168.800
2025-12-02T08:00:00Z,AAVEUSDT,-0.00000942,184.000,184.000
2025-12-02T16:00:00Z,AAVEUSDT,-0.00001751,189.780,189.780
2025-12-03T00:00:00Z,AAVEUSDT,0.00010000,193.420,193.420
2025-12-03T08:00:00Z,AAVEUSDT,0.00007539,192.840,192.840
2025-12-03T16:00:00Z,AAVEUSDT,0.00006036,197.740,197.740
2025-12-04T00:00:00Z,AAVEUSDT,-0.00001259,193.130,193.130
2025-12-04T08:00:00Z,AAVEUSDT,0.00002082,195.540,195.540
2025-12-04T16:00:00Z,AAVEUSDT,0.00007990,190.420,190.420
2025-12-05T00:00:00Z,AAVEUSDT,0.00004097,191.770,191.770
2025-12-05T08:00:00Z,AAVEUSDT,0.00000357,188.430,188.430
2025-12-05T16:00:00Z,AAVEUSDT,0.00008951,183.370,183.370
2025-12-06T00:00:00Z,AAVEUSDT,-0.00003921,183.280,183.280
2025-12-06T08:00:00Z,AAVEUSDT,-0.00012340,187.220,187.220
2025-12-06T16:00:00Z,AAVEUSDT,0.00001374,187.310,187.310
2025-12-07T00:00:00Z,AAVEUSDT,0.00006273,189.470,189.470
2025-12-07T08:00:00Z,AAVEUSDT,0.00005612,188.110,188.110
2025-12-07T16:00:00Z,AAVEUSDT,0.00005320,187.390,187.390
2025-12-08T00:00:00Z,AAVEUSDT,-0.00001125,193.020,193.020
2025-12-08T08:00:00Z,AAVEUSDT,0.00000952,192.610,192.610
2025-12-08T16:00:00Z,AAVEUSDT,0.00006417,191.420,191.420
2025-12-09T00:00:00Z,AAVEUSDT,0.00004098,190.110,190.110
2025-12-09T08:00:00Z,AAVEUSDT,-0.00003341,196.300,196.300
2025-12-09T16:00:00Z,AAVEUSDT,-0.00005066,202.290,202.290
2025-12-10T00:00:00Z,AAVEUSDT,-0.00006207,200.170,200.170
2025-12-10T08:00:00Z,AAVEUSDT,-0.00013177,198.040,198.040
2025-12-10T16:00:00Z,AAVEUSDT,0.00003300,196.810,196.810
2025-12-11T00:00:00Z,AAVEUSDT,-0.00005908,189.430,189.430
2025-12-11T08:00:00Z,AAVEUSDT,-0.00005837,190.800,190.800
2025-12-11T16:00:00Z,AAVEUSDT,0.00005453,202.330,202.330
2025-12-12T00:00:00Z,AAVEUSDT,0.00010000,204.270,204.270
2025-12-12T08:00:00Z,AAVEUSDT,0.00010000,192.760,192.760
2025-12-12T16:00:00Z,AAVEUSDT,0.00004268,191.250,191.250
2025-12-13T00:00:00Z,AAVEUSDT,-0.00009847,195.580,195.580
2025-12-13T08:00:00Z,AAVEUSDT,0.00003123,198.380,198.380
2025-12-13T16:00:00Z,AAVEUSDT,0.00007292,197.410,197.410
2025-12-14T00:00:00Z,AAVEUSDT,0.00000765,194.520,194.520
2025-12-14T08:00:00Z,AAVEUSDT,0.00002893,191.410,191.410
2025-12-14T16:00:00Z,AAVEUSDT,0.00004477,188.490,188.490
2025-12-15T00:00:00Z,AAVEUSDT,-0.00001314,194.710,194.710
2025-12-15T08:00:00Z,AAVEUSDT,0.00001516,184.430,184.430
2025-12-15T16:00:00Z,AAVEUSDT,0.00003147,192.800,192.800
2025-12-16T00:00:00Z,AAVEUSDT,-0.00005032,186.750,186.750
2025-12-16T08:00:00Z,AAVEUSDT,0.00001891,189.350,189.350
2025-12-16T16:00:00Z,AAVEUSDT,0.00006088,186.110,186.110
2025-12-17T00:00:00Z,AAVEUSDT,0.00000295,185.290,185.290
2025-12-17T08:00:00Z,AAVEUSDT,0.00005499,182.950,182.950
2025-12-17T16:00:00Z,AAVEUSDT,0.00007679,179.900,179.900
2025-12-18T00:00:00Z,AAVEUSDT,0.00003114,177.130,177.130
2025-12-18T08:00:00Z,AAVEUSDT,0.00000574,183.120,183.120
2025-12-18T16:00:00Z,AAVEUSDT,0.00004876,173.460,173.460
2025-12-19T00:00:00Z,AAVEUSDT,0.00001369,181.990,181.990
2025-12-19T08:00:00Z,AAVEUSDT,0.00004442,183.100,183.100
2025-12-19T16:00:00Z,AAVEUSDT,0.00009371,181.530,181.530
2025-12-20T00:00:00Z,AAVEUSDT,0.00007941,182.250,182.250
2025-12-20T08:00:00Z,AAVEUSDT,-0.00000810,182.080,182.080
2025-12-20T16:00:00Z,AAVEUSDT,0.00002042,179.800,179.800
2025-12-21T00:00:00Z,AAVEUSDT,0.00002199,177.630,177.630
2025-12-21T08:00:00Z,AAVEUSDT,0.00005272,175.230,175.230
2025-12-21T16:00:00Z,AAVEUSDT,-0.00005787,165.080,165.080
2025-12-22T00:00:00Z,AAVEUSDT,0.00008280,160.450,160.450
2025-12-22T08:00:00Z,AAVEUSDT,0.00001909,154.230,154.230
2025-12-22T16:00:00Z,AAVEUSDT,0.00006670,150.500,150.500
2025-12-23T00:00:00Z,AAVEUSDT,0.00002929,152.590,152.590
2025-12-23T08:00:00Z,AAVEUSDT,-0.00010534,150.220,150.220
2025-12-23T16:00:00Z,AAVEUSDT,-0.00004247,150.710,150.710
2025-12-24T00:00:00Z,AAVEUSDT,-0.00002089,147.400,147.400
2025-12-24T08:00:00Z,AAVEUSDT,0.00001605,148.220,148.220
2025-12-24T16:00:00Z,AAVEUSDT,0.00003694,148.640,148.640
2025-12-25T00:00:00Z,AAVEUSDT,0.00001374,150.390,150.390
2025-12-25T08:00:00Z,AAVEUSDT,0.00002079,153.520,153.520
2025-12-25T16:00:00Z,AAVEUSDT,-0.00005191,148.990,148.990
2025-12-26T00:00:00Z,AAVEUSDT,-0.00000936,152.610,152.610
2025-12-26T08:00:00Z,AAVEUSDT,0.00005711,154.630,154.630
2025-12-26T16:00:00Z,AAVEUSDT,0.00000336,154.230,154.230
2025-12-27T00:00:00Z,AAVEUSDT,-0.00000493,156.650,156.650
2025-12-27T08:00:00Z,AAVEUSDT,0.00004356,156.550,156.550
2025-12-27T16:00:00Z,AAVEUSDT,0.00006177,157.010,157.010
2025-12-28T00:00:00Z,AAVEUSDT,0.00005080,155.160,155.160
2025-12-28T08:00:00Z,AAVEUSDT,0.00004297,154.750,154.750
2025-12-28T16:00:00Z,AAVEUSDT,0.00007742,153.540,153.540
2025-12-29T00:00:00Z,AAVEUSDT,0.00005291,153.960,153.960
2025-12-29T08:00:00Z,AAVEUSDT,0.00000225,151.060,151.060
2025-12-29T16:00:00Z,AAVEUSDT,0.00000646,149.380,149.380
2025-12-30T00:00:00Z,AAVEUSDT,0.00000197,150.890,150.890
2025-12-30T08:00:00Z,AAVEUSDT,-0.00005646,150.820,150.820
2025-12-30T16:00:00Z,AAVEUSDT,0.00002642,149.410,149.410
2025-12-31T00:00:00Z,AAVEUSDT,0.00005601,150.090,150.090
2025-12-31T08:00:00Z,AAVEUSDT,0.00004011,147.320,147.320
2025-12-31T16:00:00Z,AAVEUSDT,0.00000564,145.930,145.930
2026-01-01T00:00:00Z,AAVEUSDT,0.00004342,145.950,145.950
2026-01-01T08:00:00Z,AAVEUSDT,0.00004395,146.430,146.430
2026-01-01T16:00:00Z,AAVEUSDT,-0.00001468,148.830,148.830
2026-01-02T00:00:00Z,AAVEUSDT,0.00001988,149.550,149.550
2026-01-02T08:00:00Z,AAVEUSDT,0.00007250,154.040,154.040
2026-01-02T16:00:00Z,AAVEUSDT,0.00007663,165.120,165.120
2026-01-03T00:00:00Z,AAVEUSDT,0.00010000,161.680,161.680
2026-01-03T08:00:00Z,AAVEUSDT,0.00006838,159.750,159.750
2026-01-03T16:00:00Z,AAVEUSDT,0.00003478,163.030,163.030
2026-01-04T00:00:00Z,AAVEUSDT,0.00005160,161.480,161.480
2026-01-04T08:00:00Z,AAVEUSDT,0.00000859,164.490,164.490
2026-01-04T16:00:00Z,AAVEUSDT,0.00003871,164.100,164.100
2026-01-05T00:00:00Z,AAVEUSDT,0.00006480,164.490,164.490
2026-01-05T08:00:00Z,AAVEUSDT,-0.00005731,169.160,169.160
2026-01-05T16:00:00Z,AAVEUSDT,-0.00002591,170.770,170.770
2026-01-06T00:00:00Z,AAVEUSDT,-0.00001617,171.550,171.550
2026-01-06T08:00:00Z,AAVEUSDT,0.00006437,172.750,172.750
2026-01-06T16:00:00Z,AAVEUSDT,-0.00002794,176.150,176.150
2026-01-07T00:00:00Z,AAVEUSDT,0.00010000,173.400,173.400
2026-01-07T08:00:00Z,AAVEUSDT,0.00000108,166.860,166.860
2026-01-07T16:00:00Z,AAVEUSDT,0.00003085,167.740,167.740
2026-01-08T00:00:00Z,AAVEUSDT,0.00003844,165.450,165.450
2026-01-08T08:00:00Z,AAVEUSDT,0.00003485,165.830,165.830
2026-01-08T16:00:00Z,AAVEUSDT,0.00006512,164.220,164.220
2026-01-09T00:00:00Z,AAVEUSDT,0.00005857,164.940,164.940
2026-01-09T08:00:00Z,AAVEUSDT,0.00000396,167.830,167.830
2026-01-09T16:00:00Z,AAVEUSDT,0.00004983,165.610,165.610
2026-01-10T00:00:00Z,AAVEUSDT,-0.00000317,165.090,165.090
2026-01-10T08:00:00Z,AAVEUSDT,0.00000955,165.840,165.840
2026-01-10T16:00:00Z,AAVEUSDT,0.00006211,164.820,164.820
2026-01-11T00:00:00Z,AAVEUSDT,-0.00004499,165.960,165.960
2026-01-11T08:00:00Z,AAVEUSDT,0.00001986,166.850,166.850
2026-01-11T16:00:00Z,AAVEUSDT,0.00007056,167.820,167.820
2026-01-12T00:00:00Z,AAVEUSDT,0.00000584,166.310,166.310
2026-01-12T08:00:00Z,AAVEUSDT,0.00001122,164.690,164.690
2026-01-12T16:00:00Z,AAVEUSDT,-0.00001882,164.890,164.890
2026-01-13T00:00:00Z,AAVEUSDT,0.00000048,169.200,169.200
2026-01-13T08:00:00Z,AAVEUSDT,0.00010000,172.480,172.480
2026-01-13T16:00:00Z,AAVEUSDT,0.00003283,177.670,177.670
2026-01-14T00:00:00Z,AAVEUSDT,0.00010000,177.030,177.030
2026-01-14T08:00:00Z,AAVEUSDT,0.00009209,177.330,177.330
2026-01-14T16:00:00Z,AAVEUSDT,0.00000641,178.330,178.330
2026-01-15T00:00:00Z,AAVEUSDT,0.00001161,175.560,175.560
2026-01-15T08:00:00Z,AAVEUSDT,0.00000044,173.720,173.720
2026-01-15T16:00:00Z,AAVEUSDT,-0.00001102,171.620,171.620
2026-01-16T00:00:00Z,AAVEUSDT,-0.00003417,172.740,172.740
2026-01-16T08:00:00Z,AAVEUSDT,0.00003869,169.190,169.190
2026-01-16T16:00:00Z,AAVEUSDT,0.00003184,175.260,175.260
2026-01-17T00:00:00Z,AAVEUSDT,0.00006168,174.020,174.020
2026-01-17T08:00:00Z,AAVEUSDT,0.00001463,176.390,176.390
2026-01-17T16:00:00Z,AAVEUSDT,0.00000194,173.720,173.720
2026-01-18T00:00:00Z,AAVEUSDT,0.00001179,172.690,172.690
2026-01-18T08:00:00Z,AAVEUSDT,0.00004711,174.340,174.340
2026-01-18T16:00:00Z,AAVEUSDT,0.00004350,168.670,168.670
2026-01-19T00:00:00Z,AAVEUSDT,-0.00000069,162.330,162.330
2026-01-19T08:00:00Z,AAVEUSDT,-0.00004081,162.470,162.470
2026-01-19T16:00:00Z,AAVEUSDT,-0.00002734,163.840,163.840
2026-01-20T00:00:00Z,AAVEUSDT,0.00005145,160.760,160.760
2026-01-20T08:00:00Z,AAVEUSDT,0.00007717,157.000,157.000
2026-01-20T16:00:00Z,AAVEUSDT,0.00005836,153.200,153.200
2026-01-21T00:00:00Z,AAVEUSDT,0.00003842,156.900,156.900
2026-01-21T08:00:00Z,AAVEUSDT,0.00006613,159.100,159.100
2026-01-21T16:00:00Z,AAVEUSDT,0.00006733,159.380,159.380
2026-01-22T00:00:00Z,AAVEUSDT,0.00007089,159.260,159.260
2026-01-22T08:00:00Z,AAVEUSDT,0.00002333,156.310,156.310
2026-01-22T16:00:00Z,AAVEUSDT,-0.00000386,157.150,157.150
2026-01-23T00:00:00Z,AAVEUSDT,0.00002043,158.240,158.240
2026-01-23T08:00:00Z,AAVEUSDT,0.00000191,158.230,158.230
2026-01-23T16:00:00Z,AAVEUSDT,0.00004002,156.960,156.960
2026-01-24T00:00:00Z,AAVEUSDT,0.00002318,157.580,157.580
2026-01-24T08:00:00Z,AAVEUSDT,0.00002911,155.570,155.570
2026-01-24T16:00:00Z,AAVEUSDT,0.00003357,156.120,156.120
2026-01-25T00:00:00Z,AAVEUSDT,0.00003079,155.100,155.100
2026-01-25T08:00:00Z,AAVEUSDT,0.00000602,153.270,153.270
2026-01-25T16:00:00Z,AAVEUSDT,0.00000305,147.830,147.830
2026-01-26T00:00:00Z,AAVEUSDT,0.00005149,152.260,152.260
2026-01-26T08:00:00Z,AAVEUSDT,0.00003253,152.560,152.560
2026-01-26T16:00:00Z,AAVEUSDT,-0.00001927,154.130,154.130
2026-01-27T00:00:00Z,AAVEUSDT,0.00004168,153.930,153.930
2026-01-27T08:00:00Z,AAVEUSDT,0.00005582,154.700,154.700
2026-01-27T16:00:00Z,AAVEUSDT,-0.00013036,158.940,158.940
2026-01-28T00:00:00Z,AAVEUSDT,0.00005639,158.210,158.210
2026-01-28T08:00:00Z,AAVEUSDT,0.00001242,160.370,160.370
2026-01-28T16:00:00Z,AAVEUSDT,0.00004426,160.110,160.110
2026-01-29T00:00:00Z,AAVEUSDT,0.00005103,156.700,156.700
2026-01-29T08:00:00Z,AAVEUSDT,-0.00002244,147.140,147.140
2026-01-29T16:00:00Z,AAVEUSDT,-0.00001187,147.130,147.130
2026-01-30T00:00:00Z,AAVEUSDT,-0.00003719,141.850,141.850
2026-01-30T08:00:00Z,AAVEUSDT,-0.00009725,139.710,139.710
2026-01-30T16:00:00Z,AAVEUSDT,-0.00007585,137.920,137.920
2026-01-31T00:00:00Z,AAVEUSDT,0.00001384,136.240,136.240
2026-01-31T08:00:00Z,AAVEUSDT,-0.00005105,132.070,132.070
2026-01-31T16:00:00Z,AAVEUSDT,-0.00016427,129.030,129.030
2026-02-01T00:00:00Z,AAVEUSDT,0.00005815,127.280,127.280
2026-02-01T08:00:00Z,AAVEUSDT,0.00010000,123.960,123.960
2026-02-01T16:00:00Z,AAVEUSDT,0.00001441,124.160,124.160
2026-02-02T00:00:00Z,AAVEUSDT,0.00003433,124.800,124.800
2026-02-02T08:00:00Z,AAVEUSDT,-0.00001455,129.590,129.590
2026-02-02T16:00:00Z,AAVEUSDT,-0.00012935,128.280,128.280
2026-02-03T00:00:00Z,AAVEUSDT,-0.00001417,128.340,128.340
2026-02-03T08:00:00Z,AAVEUSDT,0.00002938,128.940,128.940
2026-02-03T16:00:00Z,AAVEUSDT,0.00001437,125.200,125.200
2026-02-04T00:00:00Z,AAVEUSDT,0.00000554,127.810,127.810
2026-02-04T08:00:00Z,AAVEUSDT,-0.00000198,122.560,122.560
2026-02-04T16:00:00Z,AAVEUSDT,-0.00003535,123.660,123.660
2026-02-05T00:00:00Z,AAVEUSDT,0.00003400,119.980,119.980
2026-02-05T08:00:00Z,AAVEUSDT,-0.00004832,112.480,112.480
2026-02-05T16:00:00Z,AAVEUSDT,-0.00005780,100.930,100.930
2026-02-06T00:00:00Z,AAVEUSDT,0.00006708,102.880,102.880
2026-02-06T08:00:00Z,AAVEUSDT,0.00003362,110.170,110.170
2026-02-06T16:00:00Z,AAVEUSDT,0.00001857,113.950,113.950
2026-02-07T00:00:00Z,AAVEUSDT,0.00000803,111.460,111.460
2026-02-07T08:00:00Z,AAVEUSDT,0.00000946,113.200,113.200
2026-02-07T16:00:00Z,AAVEUSDT,0.00008592,113.890,113.890
2026-02-08T00:00:00Z,AAVEUSDT,0.00001926,112.470,112.470
2026-02-08T08:00:00Z,AAVEUSDT,-0.00003017,113.100,113.100
2026-02-08T16:00:00Z,AAVEUSDT,-0.00000738,112.420,112.420
2026-02-09T00:00:00Z,AAVEUSDT,0.00003551,112.370,112.370
2026-02-09T08:00:00Z,AAVEUSDT,0.00005770,112.490,112.490
2026-02-09T16:00:00Z,AAVEUSDT,0.00004042,112.650,112.650
2026-02-10T00:00:00Z,AAVEUSDT,0.00002643,108.700,108.700
2026-02-10T08:00:00Z,AAVEUSDT,0.00007078,109.510,109.510
2026-02-10T16:00:00Z,AAVEUSDT,0.00007336,109.380,109.380
2026-02-11T00:00:00Z,AAVEUSDT,0.00005823,106.020,106.020
2026-02-11T08:00:00Z,AAVEUSDT,0.00004904,106.080,106.080
2026-02-11T16:00:00Z,AAVEUSDT,-0.00003656,107.450,107.450
2026-02-12T00:00:00Z,AAVEUSDT,0.00003554,109.590,109.590
2026-02-12T08:00:00Z,AAVEUSDT,0.00000908,107.800,107.800
2026-02-12T16:00:00Z,AAVEUSDT,0.00002814,114.870,114.870
2026-02-13T00:00:00Z,AAVEUSDT,-0.00005384,110.640,110.640
2026-02-13T08:00:00Z,AAVEUSDT,0.00007261,116.670,116.670
2026-02-13T16:00:00Z,AAVEUSDT,0.00003705,118.810,118.810
2026-02-14T00:00:00Z,AAVEUSDT,0.00003777,123.860,123.860
2026-02-14T08:00:00Z,AAVEUSDT,0.00002819,129.500,129.500
2026-02-14T16:00:00Z,AAVEUSDT,0.00008989,128.180,128.180
2026-02-15T00:00:00Z,AAVEUSDT,0.00007018,130.960,130.960
2026-02-15T08:00:00Z,AAVEUSDT,0.00001868,126.510,126.510
2026-02-15T16:00:00Z,AAVEUSDT,0.00004702,125.680,125.680
2026-02-16T00:00:00Z,AAVEUSDT,0.00003289,126.550,126.550
2026-02-16T08:00:00Z,AAVEUSDT,0.00004671,123.720,123.720
2026-02-16T16:00:00Z,AAVEUSDT,0.00000636,126.920,126.920
2026-02-17T00:00:00Z,AAVEUSDT,-0.00001466,125.420,125.420
2026-02-17T08:00:00Z,AAVEUSDT,-0.00000880,126.730,126.730
2026-02-17T16:00:00Z,AAVEUSDT,0.00001576,126.530,126.530
2026-02-18T00:00:00Z,AAVEUSDT,-0.00004185,127.630,127.630
2026-02-18T08:00:00Z,AAVEUSDT,-0.00011421,127.470,127.470
2026-02-18T16:00:00Z,AAVEUSDT,0.00006038,122.880,122.880
2026-02-19T00:00:00Z,AAVEUSDT,-0.00002510,123.650,123.650
2026-02-19T08:00:00Z,AAVEUSDT,0.00008133,122.330,122.330
2026-02-19T16:00:00Z,AAVEUSDT,0.00005605,124.760,124.760
2026-02-20T00:00:00Z,AAVEUSDT,0.00009402,123.940,123.940
2026-02-20T08:00:00Z,AAVEUSDT,0.00002474,117.510,117.510
2026-02-20T16:00:00Z,AAVEUSDT,-0.00004211,115.810,115.810
2026-02-21T00:00:00Z,AAVEUSDT,-0.00007189,118.840,118.840
2026-02-21T08:00:00Z,AAVEUSDT,-0.00001308,121.620,121.620
2026-02-21T16:00:00Z,AAVEUSDT,-0.00004093,121.380,121.380
2026-02-22T00:00:00Z,AAVEUSDT,-0.00004397,118.820,118.820
2026-02-22T08:00:00Z,AAVEUSDT,-0.00006203,118.380,118.380
2026-02-22T16:00:00Z,AAVEUSDT,0.00003676,117.880,117.880
2026-02-23T00:00:00Z,AAVEUSDT,-0.00000102,114.590,114.590
2026-02-23T08:00:00Z,AAVEUSDT,0.00002991,117.000,117.000
2026-02-23T16:00:00Z,AAVEUSDT,0.00002375,114.520,114.520
2026-02-24T00:00:00Z,AAVEUSDT,0.00006571,112.820,112.820
2026-02-24T08:00:00Z,AAVEUSDT,0.00003991,114.940,114.940
2026-02-24T16:00:00Z,AAVEUSDT,0.00002135,114.310,114.310
2026-02-25T00:00:00Z,AAVEUSDT,0.00003779,116.530,116.530
2026-02-25T08:00:00Z,AAVEUSDT,0.00000670,120.940,120.940
2026-02-25T16:00:00Z,AAVEUSDT,-0.00003331,119.040,119.040
2026-02-26T00:00:00Z,AAVEUSDT,0.00003454,114.370,114.370
2026-02-26T08:00:00Z,AAVEUSDT,-0.00019745,114.080,114.080
2026-02-26T16:00:00Z,AAVEUSDT,-0.00010859,114.490,114.490
2026-02-27T00:00:00Z,AAVEUSDT,0.00008469,119.570,119.570
2026-02-27T08:00:00Z,AAVEUSDT,0.00009119,114.010,114.010
2026-02-27T16:00:00Z,AAVEUSDT,0.00003581,112.890,112.890
2026-02-28T00:00:00Z,AAVEUSDT,-0.00005568,106.830,106.830
2026-02-28T08:00:00Z,AAVEUSDT,-0.00010177,107.510,107.510
2026-02-28T16:00:00Z,AAVEUSDT,-0.00009595,111.840,111.840
2026-03-01T00:00:00Z,AAVEUSDT,0.00002653,115.290,115.290
2026-03-01T08:00:00Z,AAVEUSDT,0.00009480,114.990,114.990
2026-03-01T16:00:00Z,AAVEUSDT,0.00002897,113.540,113.540
2026-03-02T00:00:00Z,AAVEUSDT,0.00002442,113.210,113.210
2026-03-02T08:00:00Z,AAVEUSDT,-0.00003973,122.870,122.870
2026-03-02T16:00:00Z,AAVEUSDT,0.00007547,122.130,122.130
2026-03-03T00:00:00Z,AAVEUSDT,0.00010000,119.770,119.770
2026-03-03T08:00:00Z,AAVEUSDT,0.00000794,109.900,109.900
2026-03-03T16:00:00Z,AAVEUSDT,-0.00032557,111.060,111.060
2026-03-04T00:00:00Z,AAVEUSDT,-0.00010194,112.600,112.600
2026-03-04T08:00:00Z,AAVEUSDT,0.00003017,118.040,118.040
2026-03-04T16:00:00Z,AAVEUSDT,0.00010000,115.810,115.810
2026-03-05T00:00:00Z,AAVEUSDT,0.00010000,114.400,114.400
2026-03-05T08:00:00Z,AAVEUSDT,0.00010000,116.390,116.390
2026-03-05T16:00:00Z,AAVEUSDT,-0.00002790,116.750,116.750
2026-03-06T00:00:00Z,AAVEUSDT,0.00010000,118.400,118.400
2026-03-06T08:00:00Z,AAVEUSDT,0.00010000,110.770,110.770
2026-03-06T16:00:00Z,AAVEUSDT,-0.00002799,110.920,110.920
2026-03-07T00:00:00Z,AAVEUSDT,-0.00000561,110.160,110.160
2026-03-07T08:00:00Z,AAVEUSDT,-0.00000118,109.670,109.670
2026-03-07T16:00:00Z,AAVEUSDT,-0.00002132,108.730,108.730
2026-03-08T00:00:00Z,AAVEUSDT,-0.00004462,107.770,107.770
2026-03-08T08:00:00Z,AAVEUSDT,-0.00008038,106.370,106.370
2026-03-08T16:00:00Z,AAVEUSDT,-0.00014406,105.470,105.470
2026-03-09T00:00:00Z,AAVEUSDT,-0.00008227,106.480,106.480
2026-03-09T08:00:00Z,AAVEUSDT,-0.00002441,105.120,105.120
2026-03-09T16:00:00Z,AAVEUSDT,-0.00000430,106.600,106.600
2026-03-10T00:00:00Z,AAVEUSDT,-0.00003101,110.830,110.830
2026-03-10T08:00:00Z,AAVEUSDT,0.00010000,114.370,114.370
2026-03-10T16:00:00Z,AAVEUSDT,0.00010000,111.660,111.660
2026-03-11T00:00:00Z,AAVEUSDT,-0.00006685,108.990,108.990
2026-03-11T08:00:00Z,AAVEUSDT,0.00000919,111.280,111.280
2026-03-11T16:00:00Z,AAVEUSDT,0.00010000,110.220,110.220
2026-03-12T00:00:00Z,AAVEUSDT,0.00008214,108.940,108.940
2026-03-12T08:00:00Z,AAVEUSDT,-0.00007329,109.650,109.650
2026-03-12T16:00:00Z,AAVEUSDT,0.00000150,111.580,111.580
2026-03-13T00:00:00Z,AAVEUSDT,0.00010000,114.210,114.210
2026-03-13T08:00:00Z,AAVEUSDT,0.00010000,113.940,113.940
2026-03-13T16:00:00Z,AAVEUSDT,0.00010000,112.240,112.240
2026-03-14T00:00:00Z,AAVEUSDT,0.00000589,111.230,111.230
2026-03-14T08:00:00Z,AAVEUSDT,0.00010000,110.560,110.560
2026-03-14T16:00:00Z,AAVEUSDT,-0.00004146,111.100,111.100
2026-03-15T00:00:00Z,AAVEUSDT,0.00000577,111.180,111.180
2026-03-15T08:00:00Z,AAVEUSDT,0.00002363,112.800,112.800
2026-03-15T16:00:00Z,AAVEUSDT,0.00010000,116.280,116.280
2026-03-16T00:00:00Z,AAVEUSDT,0.00003890,119.140,119.140
2026-03-16T08:00:00Z,AAVEUSDT,0.00004664,119.910,119.910
2026-03-16T16:00:00Z,AAVEUSDT,0.00004208,122.220,122.220
2026-03-17T00:00:00Z,AAVEUSDT,0.00005534,120.670,120.670
2026-03-17T08:00:00Z,AAVEUSDT,0.00003683,121.410,121.410
2026-03-17T16:00:00Z,AAVEUSDT,0.00003247,119.600,119.600
2026-03-18T00:00:00Z,AAVEUSDT,0.00006711,120.540,120.540
2026-03-18T08:00:00Z,AAVEUSDT,0.00009372,113.540,113.540
2026-03-18T16:00:00Z,AAVEUSDT,-0.00006086,115.230,115.230
2026-03-19T00:00:00Z,AAVEUSDT,-0.00000650,114.110,114.110
2026-03-19T08:00:00Z,AAVEUSDT,0.00000019,111.670,111.670
2026-03-19T16:00:00Z,AAVEUSDT,0.00005636,111.540,111.540
2026-03-20T00:00:00Z,AAVEUSDT,-0.00007598,112.160,112.160
2026-03-20T08:00:00Z,AAVEUSDT,0.00002773,110.070,110.070
2026-03-20T16:00:00Z,AAVEUSDT,-0.00006908,111.170,111.170
2026-03-21T00:00:00Z,AAVEUSDT,0.00004241,111.340,111.340
2026-03-21T08:00:00Z,AAVEUSDT,0.00001102,112.500,112.500
2026-03-21T16:00:00Z,AAVEUSDT,0.00010000,108.290,108.290
2026-03-22T00:00:00Z,AAVEUSDT,0.00002241,108.170,108.170
2026-03-22T08:00:00Z,AAVEUSDT,-0.00000330,107.320,107.320
2026-03-22T16:00:00Z,AAVEUSDT,-0.00001109,106.250,106.250
2026-03-23T00:00:00Z,AAVEUSDT,-0.00005083,105.650,105.650
2026-03-23T08:00:00Z,AAVEUSDT,0.00003238,109.460,109.460
2026-03-23T16:00:00Z,AAVEUSDT,0.00008139,110.230,110.230
2026-03-24T00:00:00Z,AAVEUSDT,0.00004161,110.390,110.390
2026-03-24T08:00:00Z,AAVEUSDT,0.00010000,109.370,109.370
2026-03-24T16:00:00Z,AAVEUSDT,0.00003324,112.240,112.240
2026-03-25T00:00:00Z,AAVEUSDT,0.00009545,112.620,112.620
2026-03-25T08:00:00Z,AAVEUSDT,0.00006901,114.750,114.750
2026-03-25T16:00:00Z,AAVEUSDT,0.00010000,112.530,112.530
2026-03-26T00:00:00Z,AAVEUSDT,0.00004714,108.090,108.090
2026-03-26T08:00:00Z,AAVEUSDT,-0.00003975,105.490,105.490
2026-03-26T16:00:00Z,AAVEUSDT,-0.00003089,105.130,105.130
2026-03-27T00:00:00Z,AAVEUSDT,-0.00001065,106.200,106.200
2026-03-27T08:00:00Z,AAVEUSDT,0.00000227,100.520,100.520
2026-03-27T16:00:00Z,AAVEUSDT,-0.00001220,98.620,98.620
2026-03-28T00:00:00Z,AAVEUSDT,-0.00002340,97.880,97.880
2026-03-28T08:00:00Z,AAVEUSDT,-0.00005570,97.840,97.840
2026-03-28T16:00:00Z,AAVEUSDT,-0.00006620,96.780,96.780
2026-03-29T00:00:00Z,AAVEUSDT,0.00003539,96.630,96.630
2026-03-29T08:00:00Z,AAVEUSDT,0.00003571,95.460,95.460
2026-03-29T16:00:00Z,AAVEUSDT,-0.00008248,95.350,95.350
2026-03-30T00:00:00Z,AAVEUSDT,0.00000170,98.720,98.720
2026-03-30T08:00:00Z,AAVEUSDT,0.00008927,98.560,98.560
2026-03-30T16:00:00Z,AAVEUSDT,0.00007056,96.820,96.820
2026-03-31T00:00:00Z,AAVEUSDT,0.00007702,97.630,97.630
2026-03-31T08:00:00Z,AAVEUSDT,0.00002153,96.380,96.380
2026-03-31T16:00:00Z,AAVEUSDT,0.00000863,98.140,98.140
2026-04-01T00:00:00Z,AAVEUSDT,0.00004368,100.210,100.210
2026-04-01T08:00:00Z,AAVEUSDT,0.00003229,99.920,99.920
2026-04-01T16:00:00Z,AAVEUSDT,0.00000509,98.040,98.040
2026-04-02T00:00:00Z,AAVEUSDT,-0.00001455,94.370,94.370
2026-04-02T08:00:00Z,AAVEUSDT,-0.00009115,94.370,94.370
2026-04-02T16:00:00Z,AAVEUSDT,-0.00005219,94.280,94.280
2026-04-03T00:00:00Z,AAVEUSDT,0.00002592,95.260,95.260
2026-04-03T08:00:00Z,AAVEUSDT,0.00004442,94.780,94.780
2026-04-03T16:00:00Z,AAVEUSDT,0.00005433,94.750,94.750
2026-04-04T00:00:00Z,AAVEUSDT,0.00001168,94.920,94.920
2026-04-04T08:00:00Z,AAVEUSDT,0.00005011,94.880,94.880
2026-04-04T16:00:00Z,AAVEUSDT,0.00006262,94.430,94.430
2026-04-05T00:00:00Z,AAVEUSDT,0.00002179,92.630,92.630
2026-04-05T08:00:00Z,AAVEUSDT,-0.00003403,91.590,91.590
2026-04-05T16:00:00Z,AAVEUSDT,-0.00005425,94.110,94.110
2026-04-06T00:00:00Z,AAVEUSDT,0.00007365,95.690,95.690
2026-04-06T08:00:00Z,AAVEUSDT,0.00010000,97.600,97.600
2026-04-06T16:00:00Z,AAVEUSDT,0.00010000,92.910,92.910
2026-04-07T00:00:00Z,AAVEUSDT,0.00002733,91.460,91.460
2026-04-07T08:00:00Z,AAVEUSDT,-0.00001678,86.080,86.080
2026-04-07T16:00:00Z,AAVEUSDT,-0.00031805,95.760,95.760
2026-04-08T00:00:00Z,AAVEUSDT,0.00007428,95.940,95.940
2026-04-08T08:00:00Z,AAVEUSDT,0.00010000,94.330,94.330
2026-04-08T16:00:00Z,AAVEUSDT,0.00010000,91.890,91.890
2026-04-09T00:00:00Z,AAVEUSDT,0.00006617,90.500,90.500
2026-04-09T08:00:00Z,AAVEUSDT,-0.00002609,91.500,91.500
2026-04-09T16:00:00Z,AAVEUSDT,-0.00005335,90.500,90.500
2026-04-10T00:00:00Z,AAVEUSDT,-0.00000960,89.630,89.630
2026-04-10T08:00:00Z,AAVEUSDT,-0.00005359,91.630,91.630
2026-04-10T16:00:00Z,AAVEUSDT,0.00008724,93.560,93.560
2026-04-11T00:00:00Z,AAVEUSDT,0.00010000,91.580,91.580
2026-04-11T08:00:00Z,AAVEUSDT,-0.00001491,92.290,92.290
2026-04-11T16:00:00Z,AAVEUSDT,0.00008177,94.450,94.450
2026-04-12T00:00:00Z,AAVEUSDT,0.00010000,89.760,89.760
2026-04-12T08:00:00Z,AAVEUSDT,-0.00018210,89.130,89.130
2026-04-12T16:00:00Z,AAVEUSDT,-0.00004437,89.760,89.760
2026-04-13T00:00:00Z,AAVEUSDT,-0.00004373,95.980,95.980
2026-04-13T08:00:00Z,AAVEUSDT,0.00010000,94.190,94.190
2026-04-13T16:00:00Z,AAVEUSDT,-0.00000127,103.200,103.200
2026-04-14T00:00:00Z,AAVEUSDT,0.00010000,99.950,99.950
2026-04-14T08:00:00Z,AAVEUSDT,0.00003518,99.560,99.560
2026-04-14T16:00:00Z,AAVEUSDT,-0.00000186,99.910,99.910
2026-04-15T00:00:00Z,AAVEUSDT,0.00005825,99.230,99.230
2026-04-15T08:00:00Z,AAVEUSDT,0.00008647,108.030,108.030
2026-04-15T16:00:00Z,AAVEUSDT,0.00007105,105.450,105.450
2026-04-16T00:00:00Z,AAVEUSDT,0.00004644,106.120,106.120
2026-04-16T08:00:00Z,AAVEUSDT,0.00001116,109.830,109.830
2026-04-16T16:00:00Z,AAVEUSDT,0.00004327,115.410,115.410
2026-04-17T00:00:00Z,AAVEUSDT,0.00010000,113.200,113.200
2026-04-17T08:00:00Z,AAVEUSDT,0.00010000,116.450,116.450
2026-04-17T16:00:00Z,AAVEUSDT,0.00001502,114.780,114.780
2026-04-18T00:00:00Z,AAVEUSDT,0.00008879,114.830,114.830
2026-04-18T08:00:00Z,AAVEUSDT,0.00006581,112.960,112.960
2026-04-18T16:00:00Z,AAVEUSDT,0.00005690,101.090,101.090
2026-04-19T00:00:00Z,AAVEUSDT,0.00010000,92.480,92.480
2026-04-19T08:00:00Z,AAVEUSDT,0.00005904,91.880,91.880
2026-04-19T16:00:00Z,AAVEUSDT,-0.00016853,90.210,90.210
2026-04-20T00:00:00Z,AAVEUSDT,-0.00016389,92.370,92.370
2026-04-20T08:00:00Z,AAVEUSDT,0.00001399,87.150,87.150
2026-04-20T16:00:00Z,AAVEUSDT,-0.00001826,90.580,90.580
2026-04-21T00:00:00Z,AAVEUSDT,-0.00000590,92.400,92.400
2026-04-21T08:00:00Z,AAVEUSDT,0.00003959,92.170,92.170
2026-04-21T16:00:00Z,AAVEUSDT,0.00005065,91.820,91.820
2026-04-22T00:00:00Z,AAVEUSDT,0.00006646,93.320,93.320
2026-04-22T08:00:00Z,AAVEUSDT,-0.00000599,94.090,94.090
2026-04-22T16:00:00Z,AAVEUSDT,0.00010000,93.920,93.920
2026-04-23T00:00:00Z,AAVEUSDT,0.00010000,91.530,91.530
2026-04-23T08:00:00Z,AAVEUSDT,0.00004580,93.780,93.780
2026-04-23T16:00:00Z,AAVEUSDT,0.00005418,94.240,94.240
2026-04-24T00:00:00Z,AAVEUSDT,0.00008918,93.360,93.360
2026-04-24T08:00:00Z,AAVEUSDT,-0.00000743,94.330,94.330
2026-04-24T16:00:00Z,AAVEUSDT,0.00002139,94.250,94.250
2026-04-25T00:00:00Z,AAVEUSDT,0.00010000,94.530,94.530
2026-04-25T08:00:00Z,AAVEUSDT,0.00007658,94.730,94.730
2026-04-25T16:00:00Z,AAVEUSDT,0.00002560,94.090,94.090
2026-04-26T00:00:00Z,AAVEUSDT,-0.00005665,94.700,94.700
2026-04-26T08:00:00Z,AAVEUSDT,0.00010000,95.960,95.960
2026-04-26T16:00:00Z,AAVEUSDT,0.00010000,96.430,96.430
2026-04-27T00:00:00Z,AAVEUSDT,0.00006911,95.620,95.620
2026-04-27T08:00:00Z,AAVEUSDT,0.00004390,97.130,97.130
2026-04-27T16:00:00Z,AAVEUSDT,0.00001976,97.590,97.590
2026-04-28T00:00:00Z,AAVEUSDT,-0.00001916,97.690,97.690
2026-04-28T08:00:00Z,AAVEUSDT,0.00002666,96.520,96.520
2026-04-28T16:00:00Z,AAVEUSDT,0.00000142,96.420,96.420
2026-04-29T00:00:00Z,AAVEUSDT,0.00006036,97.240,97.240
2026-04-29T08:00:00Z,AAVEUSDT,0.00001218,93.750,93.750
2026-04-29T16:00:00Z,AAVEUSDT,-0.00008314,93.240,93.240
2026-04-30T00:00:00Z,AAVEUSDT,0.00000239,92.760,92.760
2026-04-30T08:00:00Z,AAVEUSDT,-0.00008827,93.590,93.590
2026-04-30T16:00:00Z,AAVEUSDT,0.00002702,92.800,92.800
2026-05-01T00:00:00Z,AAVEUSDT,0.00001222,92.350,92.350
2026-05-01T08:00:00Z,AAVEUSDT,0.00000184,93.390,93.390
2026-05-01T16:00:00Z,AAVEUSDT,0.00004598,91.980,91.980
2026-05-02T00:00:00Z,AAVEUSDT,0.00000842,91.930,91.930
2026-05-02T08:00:00Z,AAVEUSDT,0.00007701,92.630,92.630
2026-05-02T16:00:00Z,AAVEUSDT,0.00004401,93.260,93.260
2026-05-03T00:00:00Z,AAVEUSDT,0.00008977,92.410,92.410
2026-05-03T08:00:00Z,AAVEUSDT,0.00004189,92.630,92.630
2026-05-03T16:00:00Z,AAVEUSDT,0.00009014,92.390,92.390
2026-05-04T00:00:00Z,AAVEUSDT,0.00005773,93.560,93.560
2026-05-04T08:00:00Z,AAVEUSDT,0.00010000,92.580,92.580
2026-05-04T16:00:00Z,AAVEUSDT,0.00000277,92.180,92.180
2026-05-05T00:00:00Z,AAVEUSDT,-0.00000666,93.070,93.070
2026-05-05T08:00:00Z,AAVEUSDT,0.00009446,93.060,93.060
2026-05-05T16:00:00Z,AAVEUSDT,0.00006281,93.400,93.400
2026-05-06T00:00:00Z,AAVEUSDT,0.00004796,94.400,94.400
2026-05-06T08:00:00Z,AAVEUSDT,0.00005678,93.460,93.460
2026-05-06T16:00:00Z,AAVEUSDT,-0.00000614,94.280,94.280
2026-05-07T00:00:00Z,AAVEUSDT,0.00000886,94.090,94.090
2026-05-07T08:00:00Z,AAVEUSDT,0.00004287,92.320,92.320
2026-05-07T16:00:00Z,AAVEUSDT,-0.00001331,92.350,92.350
2026-05-08T00:00:00Z,AAVEUSDT,-0.00001476,92.500,92.500
2026-05-08T08:00:00Z,AAVEUSDT,0.00005251,94.190,94.190
2026-05-08T16:00:00Z,AAVEUSDT,0.00010000,95.780,95.780
2026-05-09T00:00:00Z,AAVEUSDT,0.00010000,96.530,96.530
2026-05-09T08:00:00Z,AAVEUSDT,0.00010000,94.690,94.690
2026-05-09T16:00:00Z,AAVEUSDT,-0.00008242,95.720,95.720
2026-05-10T00:00:00Z,AAVEUSDT,-0.00010066,97.290,97.290
2026-05-10T08:00:00Z,AAVEUSDT,-0.00004304,99.040,99.040
2026-05-10T16:00:00Z,AAVEUSDT,0.00010000,102.080,102.080
2026-05-11T00:00:00Z,AAVEUSDT,0.00002973,100.640,100.640
2026-05-11T08:00:00Z,AAVEUSDT,0.00005355,101.760,101.760
2026-05-11T16:00:00Z,AAVEUSDT,0.00002690,101.130,101.130
2026-05-12T00:00:00Z,AAVEUSDT,-0.00000945,99.600,99.600
2026-05-12T08:00:00Z,AAVEUSDT,0.00006192,95.390,95.390
2026-05-12T16:00:00Z,AAVEUSDT,-0.00003424,96.620,96.620
2026-05-13T00:00:00Z,AAVEUSDT,0.00003141,98.150,98.150
2026-05-13T08:00:00Z,AAVEUSDT,0.00008278,94.500,94.500
2026-05-13T16:00:00Z,AAVEUSDT,-0.00012648,96.350,96.350
2026-05-14T00:00:00Z,AAVEUSDT,-0.00008007,96.300,96.300
2026-05-14T08:00:00Z,AAVEUSDT,0.00000275,99.090,99.090
2026-05-14T16:00:00Z,AAVEUSDT,0.00004510,98.300,98.300
2026-05-15T00:00:00Z,AAVEUSDT,-0.00000618,97.060,97.060
2026-05-15T08:00:00Z,AAVEUSDT,-0.00011581,93.310,93.310
2026-05-15T16:00:00Z,AAVEUSDT,-0.00007119,92.820,92.820
2026-05-16T00:00:00Z,AAVEUSDT,0.00002732,89.050,89.050
2026-05-16T08:00:00Z,AAVEUSDT,-0.00010269,90.440,90.440
2026-05-16T16:00:00Z,AAVEUSDT,-0.00010304,89.970,89.970
2026-05-17T00:00:00Z,AAVEUSDT,0.00004613,90.790,90.790
2026-05-17T08:00:00Z,AAVEUSDT,0.00002155,90.490,90.490
2026-05-17T16:00:00Z,AAVEUSDT,0.00008177,89.140,89.140
2026-05-18T00:00:00Z,AAVEUSDT,0.00002323,88.380,88.380
2026-05-18T08:00:00Z,AAVEUSDT,0.00000339,87.850,87.850
2026-05-18T16:00:00Z,AAVEUSDT,0.00006075,89.430,89.430
2026-05-19T00:00:00Z,AAVEUSDT,0.00004819,89.500,89.500
2026-05-19T08:00:00Z,AAVEUSDT,0.00002769,88.150,88.150
2026-05-19T16:00:00Z,AAVEUSDT,0.00000454,87.380,87.380
2026-05-20T00:00:00Z,AAVEUSDT,-0.00000728,87.670,87.670
2026-05-20T08:00:00Z,AAVEUSDT,0.00003369,88.570,88.570
2026-05-20T16:00:00Z,AAVEUSDT,0.00002254,88.000,88.000
2026-05-21T00:00:00Z,AAVEUSDT,-0.00005900,89.280,89.280
2026-05-21T08:00:00Z,AAVEUSDT,-0.00005128,88.520,88.520
2026-05-21T16:00:00Z,AAVEUSDT,0.00005100,88.110,88.110
2026-05-22T00:00:00Z,AAVEUSDT,0.00004744,87.820,87.820
2026-05-22T08:00:00Z,AAVEUSDT,-0.00006304,88.090,88.090
2026-05-22T16:00:00Z,AAVEUSDT,-0.00001235,86.120,86.120
2026-05-23T00:00:00Z,AAVEUSDT,-0.00004394,83.390,83.390
2026-05-23T08:00:00Z,AAVEUSDT,-0.00007623,85.350,85.350
2026-05-23T16:00:00Z,AAVEUSDT,0.00002085,86.620,86.620
2026-05-24T00:00:00Z,AAVEUSDT,0.00004757,86.560,86.560
2026-05-24T08:00:00Z,AAVEUSDT,-0.00001525,85.780,85.780
2026-05-24T16:00:00Z,AAVEUSDT,-0.00002095,85.530,85.530
2026-05-25T00:00:00Z,AAVEUSDT,-0.00007700,86.580,86.580
2026-05-25T08:00:00Z,AAVEUSDT,-0.00000139,86.820,86.820
2026-05-25T16:00:00Z,AAVEUSDT,-0.00002207,86.320,86.320
2026-05-26T00:00:00Z,AAVEUSDT,0.00006774,86.030,86.030
2026-05-26T08:00:00Z,AAVEUSDT,0.00000165,86.590,86.590
2026-05-26T16:00:00Z,AAVEUSDT,0.00002154,85.740,85.740
2026-05-27T00:00:00Z,AAVEUSDT,-0.00001916,85.520,85.520
2026-05-27T08:00:00Z,AAVEUSDT,0.00006392,86.200,86.200
2026-05-27T16:00:00Z,AAVEUSDT,0.00009099,83.210,83.210
2026-05-28T00:00:00Z,AAVEUSDT,-0.00000583,81.330,81.330
2026-05-28T08:00:00Z,AAVEUSDT,-0.00011839,79.360,79.360
2026-05-28T16:00:00Z,AAVEUSDT,0.00003580,80.770,80.770
2026-05-29T00:00:00Z,AAVEUSDT,0.00004751,81.710,81.710
2026-05-29T08:00:00Z,AAVEUSDT,-0.00002115,82.880,82.880
2026-05-29T16:00:00Z,AAVEUSDT,-0.00002812,82.430,82.430
2026-05-30T00:00:00Z,AAVEUSDT,0.00004154,82.560,82.560
2026-05-30T08:00:00Z,AAVEUSDT,0.00010000,83.010,83.010
2026-05-30T16:00:00Z,AAVEUSDT,0.00005912,82.740,82.740
2026-05-31T00:00:00Z,AAVEUSDT,0.00000889,82.850,82.850
2026-05-31T08:00:00Z,AAVEUSDT,0.00004333,81.680,81.680
2026-05-31T16:00:00Z,AAVEUSDT,0.00000732,82.110,82.110
2026-06-01T00:00:00Z,AAVEUSDT,0.00009156,80.640,80.640
2026-06-01T08:00:00Z,AAVEUSDT,0.00000195,79.060,79.060
2026-06-01T16:00:00Z,AAVEUSDT,-0.00005032,80.240,80.240
2026-06-02T00:00:00Z,AAVEUSDT,-0.00001496,77.700,77.700
2026-06-02T08:00:00Z,AAVEUSDT,-0.00005552,75.250,75.250
2026-06-02T16:00:00Z,AAVEUSDT,-0.00007197,73.620,73.620
2026-06-03T00:00:00Z,AAVEUSDT,-0.00005642,76.060,76.060
2026-06-03T08:00:00Z,AAVEUSDT,0.00005498,75.400,75.400
2026-06-03T16:00:00Z,AAVEUSDT,0.00009111,74.350,74.350
2026-06-04T00:00:00Z,AAVEUSDT,0.00004394,71.040,71.040
2026-06-04T08:00:00Z,AAVEUSDT,0.00000357,72.440,72.440
2026-06-04T16:00:00Z,AAVEUSDT,-0.00006923,71.260,71.260
2026-06-05T00:00:00Z,AAVEUSDT,-0.00003418,69.390,69.390
2026-06-05T08:00:00Z,AAVEUSDT,-0.00004073,62.210,62.210
2026-06-05T16:00:00Z,AAVEUSDT,-0.00023939,62.210,62.210
2026-06-06T00:00:00Z,AAVEUSDT,-0.00013482,61.230,61.230
2026-06-06T08:00:00Z,AAVEUSDT,-0.00015023,60.330,60.330
2026-06-06T16:00:00Z,AAVEUSDT,-0.00007141,60.900,60.900
2026-06-07T00:00:00Z,AAVEUSDT,-0.00006051,63.450,63.450
2026-06-07T08:00:00Z,AAVEUSDT,-0.00013470,63.010,63.010
2026-06-07T16:00:00Z,AAVEUSDT,-0.00005350,63.680,63.680
2026-06-08T00:00:00Z,AAVEUSDT,-0.00009508,62.670,62.670
2026-06-08T08:00:00Z,AAVEUSDT,-0.00004318,64.140,64.140
2026-06-08T16:00:00Z,AAVEUSDT,-0.00014043,63.420,63.420
2026-06-09T00:00:00Z,AAVEUSDT,-0.00018137,62.940,62.940
2026-06-09T08:00:00Z,AAVEUSDT,-0.00004956,60.150,60.150
2026-06-09T16:00:00Z,AAVEUSDT,0.00000258,62.060,62.060
2026-06-10T00:00:00Z,AAVEUSDT,0.00004759,62.010,62.010
2026-06-10T08:00:00Z,AAVEUSDT,-0.00000216,63.420,63.420
2026-06-10T16:00:00Z,AAVEUSDT,-0.00017196,61.260,61.260
2026-06-11T00:00:00Z,AAVEUSDT,-0.00006920,63.400,63.400
2026-06-11T08:00:00Z,AAVEUSDT,-0.00003547,63.720,63.720
2026-06-11T16:00:00Z,AAVEUSDT,0.00005562,64.300,64.300
2026-06-12T00:00:00Z,AAVEUSDT,0.00000428,63.690,63.690
2026-06-12T08:00:00Z,AAVEUSDT,-0.00003222,64.070,64.070
2026-06-12T16:00:00Z,AAVEUSDT,-0.00003918,64.180,64.180
2026-06-13T00:00:00Z,AAVEUSDT,-0.00008937,66.180,66.180
2026-06-13T08:00:00Z,AAVEUSDT,0.00004137,66.990,66.990
2026-06-13T16:00:00Z,AAVEUSDT,0.00003959,67.080,67.080
2026-06-14T00:00:00Z,AAVEUSDT,-0.00010770,66.070,66.070
2026-06-14T08:00:00Z,AAVEUSDT,-0.00015229,65.530,65.530
2026-06-14T16:00:00Z,AAVEUSDT,0.00006864,68.280,68.280
2026-06-15T00:00:00Z,AAVEUSDT,-0.00001823,70.090,70.090
2026-06-15T08:00:00Z,AAVEUSDT,-0.00008825,77.580,77.580
2026-06-15T16:00:00Z,AAVEUSDT,-0.00000155,73.690,73.690
2026-06-16T00:00:00Z,AAVEUSDT,0.00009155,75.710,75.710
2026-06-16T08:00:00Z,AAVEUSDT,0.00000325,74.240,74.240
2026-06-16T16:00:00Z,AAVEUSDT,0.00007327,75.870,75.870
2026-06-17T00:00:00Z,AAVEUSDT,0.00001224,76.440,76.440
2026-06-17T08:00:00Z,AAVEUSDT,0.00004442,76.400,76.400
2026-06-17T16:00:00Z,AAVEUSDT,0.00001690,73.840,73.840
2026-06-18T00:00:00Z,AAVEUSDT,-0.00001269,74.260,74.260
2026-06-18T08:00:00Z,AAVEUSDT,-0.00005110,70.930,70.930
2026-06-18T16:00:00Z,AAVEUSDT,-0.00005899,74.820,74.820
2026-06-19T00:00:00Z,AAVEUSDT,0.00001340,72.260,72.260
2026-06-19T08:00:00Z,AAVEUSDT,0.00005434,73.250,73.250
2026-06-19T16:00:00Z,AAVEUSDT,0.00003356,73.600,73.600
2026-06-20T00:00:00Z,AAVEUSDT,0.00007617,74.250,74.250
2026-06-20T08:00:00Z,AAVEUSDT,0.00002997,75.760,75.760
2026-06-20T16:00:00Z,AAVEUSDT,0.00002593,75.920,75.920
2026-06-21T00:00:00Z,AAVEUSDT,0.00008976,75.820,75.820
2026-06-21T08:00:00Z,AAVEUSDT,0.00004844,75.050,75.050
2026-06-21T16:00:00Z,AAVEUSDT,0.00001265,73.920,73.920
2026-06-22T00:00:00Z,AAVEUSDT,0.00004452,75.810,75.810
2026-06-22T08:00:00Z,AAVEUSDT,0.00002135,75.700,75.700
2026-06-22T16:00:00Z,AAVEUSDT,0.00004882,75.010,75.010
2026-06-23T00:00:00Z,AAVEUSDT,-0.00001880,72.140,72.140
2026-06-23T08:00:00Z,AAVEUSDT,0.00005557,72.040,72.040
2026-06-23T16:00:00Z,AAVEUSDT,0.00008497,72.420,72.420
2026-06-24T00:00:00Z,AAVEUSDT,0.00010000,71.500,71.500
2026-06-24T08:00:00Z,AAVEUSDT,0.00004000,75.690,75.690
2026-06-24T16:00:00Z,AAVEUSDT,0.00005188,80.310,80.310
2026-06-25T00:00:00Z,AAVEUSDT,0.00005752,81.940,81.940
2026-06-25T08:00:00Z,AAVEUSDT,-0.00002142,82.120,82.120
2026-06-25T16:00:00Z,AAVEUSDT,0.00003205,82.390,82.390
2026-06-26T00:00:00Z,AAVEUSDT,0.00000546,86.270,86.270
2026-06-26T08:00:00Z,AAVEUSDT,0.00001038,92.930,92.930
2026-06-26T16:00:00Z,AAVEUSDT,0.00007296,95.120,95.120
2026-06-27T00:00:00Z,AAVEUSDT,0.00010000,96.190,96.190
2026-06-27T08:00:00Z,AAVEUSDT,0.00009419,96.140,96.140
2026-06-27T16:00:00Z,AAVEUSDT,0.00000493,93.970,93.970
2026-06-28T00:00:00Z,AAVEUSDT,0.00002138,90.900,90.900
2026-06-28T08:00:00Z,AAVEUSDT,-0.00002114,89.070,89.070
2026-06-28T16:00:00Z,AAVEUSDT,0.00007451,91.650,91.650
2026-06-29T00:00:00Z,AAVEUSDT,0.00004678,91.550,91.550
2026-06-29T08:00:00Z,AAVEUSDT,-0.00004815,90.620,90.620
2026-06-29T16:00:00Z,AAVEUSDT,0.00006884,91.440,91.440
2026-06-30T00:00:00Z,AAVEUSDT,0.00005174,90.160,90.160
2026-06-30T08:00:00Z,AAVEUSDT,0.00010000,85.330,85.330
2026-06-30T16:00:00Z,AAVEUSDT,0.00004110,85.090,85.090
2026-07-01T00:00:00Z,AAVEUSDT,0.00005925,85.09000000,85.09000000
2026-07-01T08:00:00Z,AAVEUSDT,0.00004708,85.49000000,85.49000000
2026-07-01T16:00:00Z,AAVEUSDT,0.00009376,86.91000000,86.91000000
2026-07-02T00:00:00Z,AAVEUSDT,-0.00001019,83.16000000,83.16000000
2026-07-02T08:00:00Z,AAVEUSDT,0.00004204,84.62000000,84.62000000
2026-07-02T16:00:00Z,AAVEUSDT,-0.00003192,86.07000000,86.07000000
2026-07-03T00:00:00Z,AAVEUSDT,0.00005067,86.17274184,86.17274184
2026-07-03T08:00:00Z,AAVEUSDT,0.00004984,85.99000000,85.99000000
2026-07-03T16:00:00Z,AAVEUSDT,0.00009777,88.67266160,88.67266160
2026-07-04T00:00:00Z,AAVEUSDT,0.00005153,87.56023007,87.56023007
2026-07-04T08:00:00Z,AAVEUSDT,-0.00003489,87.61709882,87.61709882
2026-07-04T16:00:00Z,AAVEUSDT,0.00004730,89.56343251,89.56343251
2026-07-05T00:00:00Z,AAVEUSDT,0.00010000,88.59961334,88.59961334
2026-07-05T08:00:00Z,AAVEUSDT,0.00000521,87.85000000,87.85000000
2026-07-05T16:00:00Z,AAVEUSDT,0.00008150,89.40000000,89.40000000
2026-07-06T00:00:00Z,AAVEUSDT,0.00005818,89.05000000,89.05000000
2026-07-06T08:00:00Z,AAVEUSDT,0.00008018,90.74000000,90.74000000
2026-07-06T16:00:00Z,AAVEUSDT,0.00001068,96.40000000,96.40000000
2026-07-07T00:00:00Z,AAVEUSDT,0.00010000,94.20878506,94.20878506
2026-07-07T08:00:00Z,AAVEUSDT,0.00005587,93.41000000,93.41000000
2026-07-07T16:00:00Z,AAVEUSDT,0.00005339,92.33000000,92.33000000
2026-07-08T00:00:00Z,AAVEUSDT,0.00010000,89.89761951,89.89761951
2026-07-08T08:00:00Z,AAVEUSDT,0.00003761,88.97882680,88.97882680
2026-07-08T16:00:00Z,AAVEUSDT,0.00009459,87.03000000,87.03000000
2026-07-09T00:00:00Z,AAVEUSDT,0.00010000,88.27000000,88.27000000
2026-07-09T08:00:00Z,AAVEUSDT,0.00010000,88.49000000,88.49000000
2026-07-09T16:00:00Z,AAVEUSDT,0.00010000,92.30000000,92.30000000
2026-07-10T00:00:00Z,AAVEUSDT,0.00010000,91.28000000,91.28000000
2026-07-10T08:00:00Z,AAVEUSDT,0.00004088,94.19000000,94.19000000
2026-07-10T16:00:00Z,AAVEUSDT,0.00010000,95.56807569,95.56807569
2026-07-11T00:00:00Z,AAVEUSDT,0.00003487,95.71026174,95.71026174
2026-07-11T08:00:00Z,AAVEUSDT,0.00000719,96.04153078,96.04153078
2026-07-11T16:00:00Z,AAVEUSDT,0.00001768,99.96000000,99.96000000
2026-07-12T00:00:00Z,AAVEUSDT,0.00008268,98.05000000,98.05000000
2026-07-12T08:00:00Z,AAVEUSDT,0.00001632,97.34000000,97.34000000
2026-07-12T16:00:00Z,AAVEUSDT,0.00000424,98.65000000,98.65000000
2026-07-13T00:00:00Z,AAVEUSDT,0.00006893,96.86000000,96.86000000
2026-07-13T08:00:00Z,AAVEUSDT,0.00003123,95.20000000,95.20000000
2026-07-13T16:00:00Z,AAVEUSDT,0.00003795,94.91881524,94.91881524
2026-07-14T00:00:00Z,AAVEUSDT,0.00002055,94.48307444,94.48307444
2026-07-14T08:00:00Z,AAVEUSDT,-0.00001742,95.21000000,95.21000000
2026-07-14T16:00:00Z,AAVEUSDT,-0.00002626,99.78741918,99.78741918
2026-07-15T00:00:00Z,AAVEUSDT,0.00005659,98.89714520,98.89714520
2026-07-15T08:00:00Z,AAVEUSDT,0.00007812,97.03000000,97.03000000
2026-07-15T16:00:00Z,AAVEUSDT,-0.00002511,97.07768839,97.07768839
2026-07-16T00:00:00Z,AAVEUSDT,-0.00004384,95.72000000,95.72000000
2026-07-16T08:00:00Z,AAVEUSDT,0.00000257,94.52805860,94.52805860
2026-07-16T16:00:00Z,AAVEUSDT,0.00003641,92.44777408,92.44777408
2026-07-17T00:00:00Z,AAVEUSDT,0.00010000,91.14042799,91.14042799
2026-07-17T08:00:00Z,AAVEUSDT,0.00005354,90.42000000,90.42000000
2026-07-17T16:00:00Z,AAVEUSDT,0.00000361,91.43000000,91.43000000
2026-07-18T00:00:00Z,AAVEUSDT,0.00007253,89.95000000,89.95000000
2026-07-18T08:00:00Z,AAVEUSDT,0.00006814,87.94000000,87.94000000
2026-07-18T16:00:00Z,AAVEUSDT,0.00008521,88.79000000,88.79000000
2026-07-19T00:00:00Z,AAVEUSDT,-0.00001524,89.92330266,89.92330266
2026-07-19T08:00:00Z,AAVEUSDT,-0.00000561,90.74857195,90.74857195
2026-07-19T16:00:00Z,AAVEUSDT,0.00003494,89.61000000,89.61000000
2026-07-20T00:00:00Z,AAVEUSDT,0.00007199,89.52000000,89.52000000
2026-07-20T08:00:00Z,AAVEUSDT,0.00001694,90.19000000,90.19000000
2026-07-20T16:00:00Z,AAVEUSDT,0.00000890,89.59766441,89.59766441
2026-07-21T00:00:00Z,AAVEUSDT,-0.00003507,89.81000000,89.81000000
2026-07-21T08:00:00Z,AAVEUSDT,0.00005514,94.89477393,94.89477393
2026-07-21T16:00:00Z,AAVEUSDT,-0.00000251,96.10487982,96.10487982
2026-07-22T00:00:00Z,AAVEUSDT,0.00000970,95.63000000,95.63000000
2026-07-22T08:00:00Z,AAVEUSDT,0.00006325,95.54028561,95.54028561
2026-07-22T16:00:00Z,AAVEUSDT,0.00005969,97.47530776,97.47530776
2026-07-23T00:00:00Z,AAVEUSDT,0.00004653,97.37000000,97.37000000
2026-07-23T08:00:00Z,AAVEUSDT,0.00007804,97.10084697,97.10084697
2026-07-23T16:00:00Z,AAVEUSDT,0.00004823,95.82000000,95.82000000
2026-07-24T00:00:00Z,AAVEUSDT,0.00004724,94.91000000,94.91000000
2026-07-24T08:00:00Z,AAVEUSDT,0.00008023,96.27000000,96.27000000
2026-07-24T16:00:00Z,AAVEUSDT,0.00004022,94.71000000,94.71000000
2026-07-25T00:00:00Z,AAVEUSDT,-0.00003388,93.08000000,93.08000000
2026-07-25T08:00:00Z,AAVEUSDT,-0.00004859,90.93883664,90.93883664
2026-07-25T16:00:00Z,AAVEUSDT,-0.00001030,91.75000000,91.75000000
2026-07-26T00:00:00Z,AAVEUSDT,0.00000673,91.96000000,91.96000000
2026-07-26T08:00:00Z,AAVEUSDT,0.00004495,93.16142325,93.16142325
2026-07-26T16:00:00Z,AAVEUSDT,0.00009693,97.73000000,97.73000000
2026-07-27T00:00:00Z,AAVEUSDT,0.00010000,101.42000000,101.42000000
2026-07-27T08:00:00Z,AAVEUSDT,0.00010000,101.84244143,101.84244143
2026-07-27T16:00:00Z,AAVEUSDT,0.00009497,98.91000000,98.91000000
2026-07-28T00:00:00Z,AAVEUSDT,0.00006117,97.96000000,97.96000000
2026-07-28T08:00:00Z,AAVEUSDT,0.00007878,97.18000000,97.18000000
2026-07-28T16:00:00Z,AAVEUSDT,0.00005528,100.25000000,100.25000000
2026-07-29T00:00:00Z,AAVEUSDT,0.00010000,98.130,98.130
2026-07-29T08:00:00Z,AAVEUSDT,0.00001269,98.610,98.610
2026-07-29T16:00:00Z,AAVEUSDT,-0.00009867,96.010,96.010
2026-07-30T00:00:00Z,AAVEUSDT,-0.00009593,96.610,96.610
2026-07-30T08:00:00Z,AAVEUSDT,-0.00004248,99.110,99.110
2026-07-30T16:00:00Z,AAVEUSDT,0.00006151,99.450,99.450
2026-07-31T00:00:00Z,AAVEUSDT,0.00002617,98.400,98.400
2026-07-31T08:00:00Z,AAVEUSDT,0.00003595,96.300,96.300
2026-07-31T16:00:00Z,AAVEUSDT,0.00003779,93.650,93.650
