timestamp,symbol,rate,mark_price,spot_price
2025-05-22T16:00:00Z,BUSDT,0.00010000,0.21592934,0.21592934
2025-05-22T20:00:00Z,BUSDT,0.00067806,0.25168000,0.25168000
2025-05-23T00:00:00Z,BUSDT,0.00063558,0.24084556,0.24084556
2025-05-23T04:00:00Z,BUSDT,0.00150443,0.27288000,0.27288000
2025-05-23T08:00:00Z,BUSDT,0.00151541,0.25938536,0.25938536
2025-05-23T12:00:00Z,BUSDT,0.00103413,0.18144000,0.18144000
2025-05-23T16:00:00Z,BUSDT,0.00093496,0.27840000,0.27840000
2025-05-23T20:00:00Z,BUSDT,0.00062410,0.27147114,0.27147114
2025-05-24T00:00:00Z,BUSDT,0.00079766,0.27668005,0.27668005
2025-05-24T04:00:00Z,BUSDT,0.00052950,0.27714426,0.27714426
2025-05-24T08:00:00Z,BUSDT,0.00041474,0.26853994,0.26853994
2025-05-24T12:00:00Z,BUSDT,0.00095016,0.31671000,0.31671000
2025-05-24T16:00:00Z,BUSDT,0.00056057,0.31887668,0.31887668
2025-05-24T20:00:00Z,BUSDT,0.00049590,0.33137440,0.33137440
2025-05-25T00:00:00Z,BUSDT,0.00056192,0.31137365,0.31137365
2025-05-25T04:00:00Z,BUSDT,0.00025449,0.33385000,0.33385000
2025-05-25T08:00:00Z,BUSDT,0.00029976,0.31756179,0.31756179
2025-05-25T12:00:00Z,BUSDT,0.00019561,0.26350380,0.26350380
2025-05-25T16:00:00Z,BUSDT,0.00024797,0.31733223,0.31733223
2025-05-25T20:00:00Z,BUSDT,0.00032170,0.31762271,0.31762271
2025-05-26T00:00:00Z,BUSDT,0.00097334,0.39378000,0.39378000
2025-05-26T04:00:00Z,BUSDT,0.00053858,0.43429250,0.43429250
2025-05-26T08:00:00Z,BUSDT,0.00010959,0.43194000,0.43194000
2025-05-26T12:00:00Z,BUSDT,0.00016994,0.39157726,0.39157726
2025-05-26T16:00:00Z,BUSDT,0.00009096,0.40767564,0.40767564
2025-05-26T20:00:00Z,BUSDT,0.00024299,0.40962497,0.40962497
2025-05-27T00:00:00Z,BUSDT,0.00013747,0.41274000,0.41274000
2025-05-27T04:00:00Z,BUSDT,0.00020433,0.41465843,0.41465843
2025-05-27T08:00:00Z,BUSDT,0.00012649,0.41560431,0.41560431
2025-05-27T12:00:00Z,BUSDT,0.00033510,0.37745000,0.37745000
2025-05-27T16:00:00Z,BUSDT,0.00020807,0.37438000,0.37438000
2025-05-27T20:00:00Z,BUSDT,0.00005000,0.38122000,0.38122000
2025-05-28T00:00:00Z,BUSDT,0.00012365,0.38495151,0.38495151
2025-05-28T04:00:00Z,BUSDT,0.00012407,0.37883546,0.37883546
2025-05-28T08:00:00Z,BUSDT,0.00042104,0.39831000,0.39831000
2025-05-28T12:00:00Z,BUSDT,0.00051915,0.41745000,0.41745000
2025-05-28T16:00:00Z,BUSDT,0.00047873,0.39635140,0.39635140
2025-05-28T20:00:00Z,BUSDT,0.00017481,0.38343740,0.38343740
2025-05-29T00:00:00Z,BUSDT,0.00005000,0.37918837,0.37918837
2025-05-29T04:00:00Z,BUSDT,0.00005000,0.37252459,0.37252459
2025-05-29T08:00:00Z,BUSDT,0.00005750,0.38260000,0.38260000
2025-05-29T12:00:00Z,BUSDT,0.00026476,0.37976000,0.37976000
2025-05-29T16:00:00Z,BUSDT,0.00021586,0.38649000,0.38649000
2025-05-29T20:00:00Z,BUSDT,0.00010692,0.38260000,0.38260000
2025-05-30T00:00:00Z,BUSDT,0.00053970,0.40213495,0.40213495
2025-05-30T04:00:00Z,BUSDT,0.00015054,0.40517715,0.40517715
2025-05-30T08:00:00Z,BUSDT,0.00016035,0.40788000,0.40788000
2025-05-30T12:00:00Z,BUSDT,0.00028740,0.40318339,0.40318339
2025-05-30T16:00:00Z,BUSDT,0.00005000,0.38859000,0.38859000
2025-05-30T20:00:00Z,BUSDT,0.00005000,0.37327000,0.37327000
2025-05-31T00:00:00Z,BUSDT,0.00005000,0.36575662,0.36575662
2025-05-31T04:00:00Z,BUSDT,0.00007721,0.36428371,0.36428371
2025-05-31T08:00:00Z,BUSDT,0.00005000,0.36451484,0.36451484
2025-05-31T12:00:00Z,BUSDT,0.00029923,0.38976425,0.38976425
2025-05-31T16:00:00Z,BUSDT,0.00006561,0.38838000,0.38838000
2025-05-31T20:00:00Z,BUSDT,0.00005000,0.38465435,0.38465435
2025-06-01T00:00:00Z,BUSDT,0.00005000,0.37336645,0.37336645
2025-06-01T04:00:00Z,BUSDT,0.00005000,0.38063000,0.38063000
2025-06-01T08:00:00Z,BUSDT,0.00007824,0.37832700,0.37832700
2025-06-01T12:00:00Z,BUSDT,0.00005000,0.37771811,0.37771811
2025-06-01T16:00:00Z,BUSDT,0.00069436,0.42303054,0.42303054
2025-06-01T20:00:00Z,BUSDT,0.00005000,0.39567095,0.39567095
2025-06-02T00:00:00Z,BUSDT,0.00009973,0.40154000,0.40154000
2025-06-02T04:00:00Z,BUSDT,0.00030147,0.40755900,0.40755900
2025-06-02T08:00:00Z,BUSDT,0.00005152,0.40386002,0.40386002
2025-06-02T12:00:00Z,BUSDT,0.00016436,0.38227000,0.38227000
2025-06-02T16:00:00Z,BUSDT,0.00005000,0.41065000,0.41065000
2025-06-02T20:00:00Z,BUSDT,0.00008497,0.40788698,0.40788698
2025-06-03T00:00:00Z,BUSDT,0.00005000,0.40517013,0.40517013
2025-06-03T04:00:00Z,BUSDT,0.00005000,0.39670022,0.39670022
2025-06-03T08:00:00Z,BUSDT,0.00005000,0.40857000,0.40857000
2025-06-03T12:00:00Z,BUSDT,0.00016882,0.40364000,0.40364000
2025-06-03T16:00:00Z,BUSDT,0.00044266,0.40633858,0.40633858
2025-06-03T20:00:00Z,BUSDT,0.00005000,0.38905818,0.38905818
2025-06-04T00:00:00Z,BUSDT,0.00005000,0.37591667,0.37591667
2025-06-04T04:00:00Z,BUSDT,0.00005000,0.37904000,0.37904000
2025-06-04T08:00:00Z,BUSDT,0.00018394,0.38490590,0.38490590
2025-06-04T12:00:00Z,BUSDT,0.00012479,0.38599044,0.38599044
2025-06-04T16:00:00Z,BUSDT,0.00015588,0.39457784,0.39457784
2025-06-04T20:00:00Z,BUSDT,0.00031520,0.39682217,0.39682217
2025-06-05T00:00:00Z,BUSDT,0.00016356,0.39559000,0.39559000
2025-06-05T04:00:00Z,BUSDT,0.00018569,0.39566452,0.39566452
2025-06-05T08:00:00Z,BUSDT,0.00033876,0.39731994,0.39731994
2025-06-05T12:00:00Z,BUSDT,0.00037073,0.40100000,0.40100000
2025-06-05T16:00:00Z,BUSDT,0.00020719,0.40973000,0.40973000
2025-06-05T20:00:00Z,BUSDT,0.00035425,0.38973000,0.38973000
2025-06-06T00:00:00Z,BUSDT,0.00045231,0.38071000,0.38071000
2025-06-06T04:00:00Z,BUSDT,0.00063783,0.37921000,0.37921000
2025-06-06T08:00:00Z,BUSDT,0.00005000,0.38468595,0.38468595
2025-06-06T12:00:00Z,BUSDT,0.00011543,0.37996000,0.37996000
2025-06-06T16:00:00Z,BUSDT,0.00005000,0.38342000,0.38342000
2025-06-06T20:00:00Z,BUSDT,0.00005000,0.36552000,0.36552000
2025-06-07T00:00:00Z,BUSDT,0.00038822,0.38382000,0.38382000
2025-06-07T04:00:00Z,BUSDT,0.00007340,0.37542000,0.37542000
2025-06-07T08:00:00Z,BUSDT,0.00012974,0.37766238,0.37766238
2025-06-07T12:00:00Z,BUSDT,0.00005000,0.37070966,0.37070966
2025-06-07T16:00:00Z,BUSDT,0.00005000,0.37866000,0.37866000
2025-06-07T20:00:00Z,BUSDT,0.00005000,0.38405000,0.38405000
2025-06-08T00:00:00Z,BUSDT,0.00005000,0.38342271,0.38342271
2025-06-08T04:00:00Z,BUSDT,0.00005000,0.38111919,0.38111919
2025-06-08T08:00:00Z,BUSDT,0.00005000,0.37634000,0.37634000
2025-06-08T12:00:00Z,BUSDT,0.00024556,0.36865711,0.36865711
2025-06-08T16:00:00Z,BUSDT,0.00022901,0.37075000,0.37075000
2025-06-08T20:00:00Z,BUSDT,0.00029414,0.36847000,0.36847000
2025-06-09T00:00:00Z,BUSDT,0.00025650,0.36896086,0.36896086
2025-06-09T04:00:00Z,BUSDT,0.00037166,0.36768000,0.36768000
2025-06-09T08:00:00Z,BUSDT,0.00014092,0.35071000,0.35071000
2025-06-09T12:00:00Z,BUSDT,0.00013516,0.36663018,0.36663018
2025-06-09T16:00:00Z,BUSDT,0.00006209,0.35256000,0.35256000
2025-06-09T20:00:00Z,BUSDT,0.00009109,0.36990697,0.36990697
2025-06-10T00:00:00Z,BUSDT,0.00032600,0.36907000,0.36907000
2025-06-10T04:00:00Z,BUSDT,0.00021892,0.35658330,0.35658330
2025-06-10T08:00:00Z,BUSDT,0.00005000,0.35264642,0.35264642
2025-06-10T12:00:00Z,BUSDT,0.00039060,0.37939387,0.37939387
2025-06-10T16:00:00Z,BUSDT,0.00031972,0.36690870,0.36690870
2025-06-10T20:00:00Z,BUSDT,0.00037943,0.37925000,0.37925000
2025-06-11T00:00:00Z,BUSDT,0.00025482,0.37132000,0.37132000
2025-06-11T04:00:00Z,BUSDT,0.00012901,0.36307000,0.36307000
2025-06-11T08:00:00Z,BUSDT,0.00014491,0.36325729,0.36325729
2025-06-11T12:00:00Z,BUSDT,0.00011412,0.35767636,0.35767636
2025-06-11T16:00:00Z,BUSDT,0.00022058,0.36123290,0.36123290
2025-06-11T20:00:00Z,BUSDT,0.00005000,0.36081643,0.36081643
2025-06-12T00:00:00Z,BUSDT,0.00029244,0.36105000,0.36105000
2025-06-12T04:00:00Z,BUSDT,0.00005000,0.35708000,0.35708000
2025-06-12T08:00:00Z,BUSDT,0.00023443,0.36244750,0.36244750
2025-06-12T12:00:00Z,BUSDT,0.00012652,0.36423000,0.36423000
2025-06-12T16:00:00Z,BUSDT,0.00005000,0.36018745,0.36018745
2025-06-12T20:00:00Z,BUSDT,0.00005000,0.35955000,0.35955000
2025-06-13T00:00:00Z,BUSDT,0.00005000,0.35155000,0.35155000
2025-06-13T04:00:00Z,BUSDT,0.00022007,0.35064926,0.35064926
2025-06-13T08:00:00Z,BUSDT,0.00040981,0.34081000,0.34081000
2025-06-13T12:00:00Z,BUSDT,0.00005625,0.34254789,0.34254789
2025-06-13T16:00:00Z,BUSDT,0.00006989,0.34952000,0.34952000
2025-06-13T20:00:00Z,BUSDT,0.00006175,0.34482306,0.34482306
2025-06-14T00:00:00Z,BUSDT,0.00033092,0.34817000,0.34817000
2025-06-14T04:00:00Z,BUSDT,0.00018627,0.34957000,0.34957000
2025-06-14T08:00:00Z,BUSDT,0.00019638,0.34289094,0.34289094
2025-06-14T12:00:00Z,BUSDT,0.00005000,0.34324000,0.34324000
2025-06-14T16:00:00Z,BUSDT,0.00005000,0.33874000,0.33874000
2025-06-14T20:00:00Z,BUSDT,0.00005000,0.33894000,0.33894000
2025-06-15T00:00:00Z,BUSDT,0.00018966,0.34581374,0.34581374
2025-06-15T04:00:00Z,BUSDT,0.00005000,0.33951000,0.33951000
2025-06-15T08:00:00Z,BUSDT,0.00043705,0.34065533,0.34065533
2025-06-15T12:00:00Z,BUSDT,0.00020485,0.34662221,0.34662221
2025-06-15T16:00:00Z,BUSDT,0.00018707,0.34196000,0.34196000
2025-06-15T20:00:00Z,BUSDT,0.00039566,0.34479000,0.34479000
2025-06-16T00:00:00Z,BUSDT,0.00012078,0.34704637,0.34704637
2025-06-16T04:00:00Z,BUSDT,0.00024318,0.34754369,0.34754369
2025-06-16T08:00:00Z,BUSDT,0.00025898,0.35295630,0.35295630
2025-06-16T12:00:00Z,BUSDT,0.00015303,0.34370000,0.34370000
2025-06-16T16:00:00Z,BUSDT,0.00019590,0.34322517,0.34322517
2025-06-16T20:00:00Z,BUSDT,0.00015685,0.34268684,0.34268684
2025-06-17T00:00:00Z,BUSDT,0.00005000,0.33676432,0.33676432
2025-06-17T04:00:00Z,BUSDT,0.00013317,0.34087826,0.34087826
2025-06-17T08:00:00Z,BUSDT,0.00005000,0.34278000,0.34278000
2025-06-17T12:00:00Z,BUSDT,0.00015678,0.34208000,0.34208000
2025-06-17T16:00:00Z,BUSDT,0.00005000,0.33674000,0.33674000
2025-06-17T20:00:00Z,BUSDT,0.00034928,0.33613000,0.33613000
2025-06-18T00:00:00Z,BUSDT,0.00005000,0.33502592,0.33502592
2025-06-18T04:00:00Z,BUSDT,0.00005000,0.33655850,0.33655850
2025-06-18T08:00:00Z,BUSDT,0.00006166,0.33359715,0.33359715
2025-06-18T12:00:00Z,BUSDT,0.00020576,0.33463000,0.33463000
2025-06-18T16:00:00Z,BUSDT,0.00014119,0.33750481,0.33750481
2025-06-18T20:00:00Z,BUSDT,0.00041477,0.33424635,0.33424635
2025-06-19T00:00:00Z,BUSDT,0.00036833,0.33974000,0.33974000
2025-06-19T04:00:00Z,BUSDT,0.00005000,0.33960009,0.33960009
2025-06-19T08:00:00Z,BUSDT,0.00014859,0.33838417,0.33838417
2025-06-19T12:00:00Z,BUSDT,0.00005000,0.33765936,0.33765936
2025-06-19T16:00:00Z,BUSDT,0.00005000,0.33575000,0.33575000
2025-06-19T20:00:00Z,BUSDT,0.00005000,0.33208939,0.33208939
2025-06-20T00:00:00Z,BUSDT,0.00006096,0.33510000,0.33510000
2025-06-20T04:00:00Z,BUSDT,0.00005000,0.33314360,0.33314360
2025-06-20T08:00:00Z,BUSDT,0.00005000,0.33438550,0.33438550
2025-06-20T12:00:00Z,BUSDT,0.00005000,0.33165000,0.33165000
2025-06-20T16:00:00Z,BUSDT,0.00005000,0.32853000,0.32853000
2025-06-20T20:00:00Z,BUSDT,0.00005000,0.31983493,0.31983493
2025-06-21T00:00:00Z,BUSDT,0.00009572,0.31915000,0.31915000
2025-06-21T04:00:00Z,BUSDT,0.00105620,0.31956000,0.31956000
2025-06-21T08:00:00Z,BUSDT,0.00011833,0.31686000,0.31686000
2025-06-21T12:00:00Z,BUSDT,0.00005000,0.31643028,0.31643028
2025-06-21T16:00:00Z,BUSDT,0.00005000,0.31560686,0.31560686
2025-06-21T20:00:00Z,BUSDT,0.00005000,0.31188112,0.31188112
2025-06-22T00:00:00Z,BUSDT,0.00005000,0.31445000,0.31445000
2025-06-22T04:00:00Z,BUSDT,0.00005000,0.31759000,0.31759000
2025-06-22T08:00:00Z,BUSDT,0.00012848,0.31754372,0.31754372
2025-06-22T12:00:00Z,BUSDT,0.00014443,0.31681693,0.31681693
2025-06-22T16:00:00Z,BUSDT,0.00034471,0.31778848,0.31778848
2025-06-22T20:00:00Z,BUSDT,0.00019830,0.31864474,0.31864474
2025-06-23T00:00:00Z,BUSDT,0.00047426,0.32309002,0.32309002
2025-06-23T04:00:00Z,BUSDT,0.00019028,0.32495000,0.32495000
2025-06-23T08:00:00Z,BUSDT,0.00005000,0.32360614,0.32360614
2025-06-23T12:00:00Z,BUSDT,0.00011459,0.32511589,0.32511589
2025-06-23T16:00:00Z,BUSDT,0.00005000,0.32207352,0.32207352
2025-06-23T20:00:00Z,BUSDT,0.00009347,0.32584000,0.32584000
2025-06-24T00:00:00Z,BUSDT,0.00006576,0.34092276,0.34092276
2025-06-24T04:00:00Z,BUSDT,0.00005000,0.34279000,0.34279000
2025-06-24T08:00:00Z,BUSDT,0.00014728,0.35083617,0.35083617
2025-06-24T12:00:00Z,BUSDT,0.00024977,0.35847000,0.35847000
2025-06-24T16:00:00Z,BUSDT,0.00005000,0.36725400,0.36725400
2025-06-24T20:00:00Z,BUSDT,0.00010202,0.35570671,0.35570671
2025-06-25T00:00:00Z,BUSDT,0.00016835,0.35700564,0.35700564
2025-06-25T04:00:00Z,BUSDT,0.00006553,0.36382000,0.36382000
2025-06-25T08:00:00Z,BUSDT,0.00013426,0.37102000,0.37102000
2025-06-25T12:00:00Z,BUSDT,0.00005000,0.36543903,0.36543903
2025-06-25T16:00:00Z,BUSDT,0.00011905,0.35701765,0.35701765
2025-06-25T20:00:00Z,BUSDT,0.00005000,0.35603000,0.35603000
2025-06-26T00:00:00Z,BUSDT,0.00005000,0.35628000,0.35628000
2025-06-26T04:00:00Z,BUSDT,0.00005000,0.36193000,0.36193000
2025-06-26T08:00:00Z,BUSDT,0.00005000,0.36163408,0.36163408
2025-06-26T12:00:00Z,BUSDT,0.00005000,0.36223958,0.36223958
2025-06-26T16:00:00Z,BUSDT,0.00020028,0.35966000,0.35966000
2025-06-26T20:00:00Z,BUSDT,0.00005000,0.36176641,0.36176641
2025-06-27T00:00:00Z,BUSDT,0.00005000,0.35664124,0.35664124
2025-06-27T04:00:00Z,BUSDT,0.00036588,0.36147442,0.36147442
2025-06-27T08:00:00Z,BUSDT,0.00005000,0.35277824,0.35277824
2025-06-27T12:00:00Z,BUSDT,0.00005000,0.35646423,0.35646423
2025-06-27T16:00:00Z,BUSDT,0.00005000,0.35272993,0.35272993
2025-06-27T20:00:00Z,BUSDT,0.00005000,0.35254833,0.35254833
2025-06-28T00:00:00Z,BUSDT,0.00011419,0.35633034,0.35633034
2025-06-28T04:00:00Z,BUSDT,0.00045393,0.35395000,0.35395000
2025-06-28T08:00:00Z,BUSDT,0.00005000,0.32718801,0.32718801
2025-06-28T12:00:00Z,BUSDT,0.00005000,0.33393000,0.33393000
2025-06-28T16:00:00Z,BUSDT,0.00005000,0.33022897,0.33022897
2025-06-28T20:00:00Z,BUSDT,0.00005000,0.33007000,0.33007000
2025-06-29T00:00:00Z,BUSDT,0.00005000,0.32830000,0.32830000
2025-06-29T04:00:00Z,BUSDT,0.00005000,0.32952000,0.32952000
2025-06-29T08:00:00Z,BUSDT,0.00018120,0.33069000,0.33069000
2025-06-29T12:00:00Z,BUSDT,0.00006862,0.34989933,0.34989933
2025-06-29T16:00:00Z,BUSDT,0.00017236,0.35205485,0.35205485
2025-06-29T20:00:00Z,BUSDT,0.00005000,0.35002033,0.35002033
2025-06-30T00:00:00Z,BUSDT,0.00006852,0.36136176,0.36136176
2025-06-30T04:00:00Z,BUSDT,0.00044789,0.36391907,0.36391907
2025-06-30T08:00:00Z,BUSDT,0.00009401,0.35478180,0.35478180
2025-06-30T12:00:00Z,BUSDT,0.00014882,0.35488941,0.35488941
2025-06-30T16:00:00Z,BUSDT,0.00032483,0.35726383,0.35726383
2025-06-30T20:00:00Z,BUSDT,0.00010377,0.35793000,0.35793000
2025-07-01T00:00:00Z,BUSDT,0.00010217,0.35797000,0.35797000
2025-07-01T04:00:00Z,BUSDT,0.00005000,0.36128423,0.36128423
2025-07-01T08:00:00Z,BUSDT,0.00007064,0.35548000,0.35548000
2025-07-01T12:00:00Z,BUSDT,0.00009645,0.35449598,0.35449598
2025-07-01T16:00:00Z,BUSDT,0.00005000,0.34856000,0.34856000
2025-07-01T20:00:00Z,BUSDT,0.00026953,0.34920209,0.34920209
2025-07-02T00:00:00Z,BUSDT,0.00017286,0.35394077,0.35394077
2025-07-02T04:00:00Z,BUSDT,0.00005000,0.35499000,0.35499000
2025-07-02T08:00:00Z,BUSDT,0.00005000,0.35511477,0.35511477
2025-07-02T12:00:00Z,BUSDT,0.00053808,0.36391000,0.36391000
2025-07-02T16:00:00Z,BUSDT,0.00005000,0.38727000,0.38727000
2025-07-02T20:00:00Z,BUSDT,0.00028726,0.39494000,0.39494000
2025-07-03T00:00:00Z,BUSDT,0.00029658,0.39274000,0.39274000
2025-07-03T04:00:00Z,BUSDT,0.00015528,0.39085000,0.39085000
2025-07-03T08:00:00Z,BUSDT,0.00012771,0.39592000,0.39592000
2025-07-03T12:00:00Z,BUSDT,0.00005000,0.39611000,0.39611000
2025-07-03T16:00:00Z,BUSDT,0.00011374,0.41338828,0.41338828
2025-07-03T20:00:00Z,BUSDT,0.00017860,0.40620000,0.40620000
2025-07-04T00:00:00Z,BUSDT,0.00005000,0.40980000,0.40980000
2025-07-04T04:00:00Z,BUSDT,0.00029058,0.40538000,0.40538000
2025-07-04T08:00:00Z,BUSDT,0.00005000,0.38874835,0.38874835
2025-07-04T12:00:00Z,BUSDT,0.00033860,0.38932000,0.38932000
2025-07-04T16:00:00Z,BUSDT,0.00005000,0.39059000,0.39059000
2025-07-04T20:00:00Z,BUSDT,0.00025096,0.39623000,0.39623000
2025-07-05T00:00:00Z,BUSDT,0.00005000,0.38802533,0.38802533
2025-07-05T04:00:00Z,BUSDT,0.00035726,0.39345711,0.39345711
2025-07-05T08:00:00Z,BUSDT,0.00005000,0.38320000,0.38320000
2025-07-05T12:00:00Z,BUSDT,0.00005000,0.38069000,0.38069000
2025-07-05T16:00:00Z,BUSDT,0.00005000,0.35817541,0.35817541
2025-07-05T20:00:00Z,BUSDT,0.00005000,0.33098000,0.33098000
2025-07-06T00:00:00Z,BUSDT,0.00019925,0.33610000,0.33610000
2025-07-06T04:00:00Z,BUSDT,0.00005000,0.32403000,0.32403000
2025-07-06T08:00:00Z,BUSDT,0.00005000,0.34708000,0.34708000
2025-07-06T12:00:00Z,BUSDT,0.00005000,0.35806000,0.35806000
2025-07-06T16:00:00Z,BUSDT,0.00005000,0.35975605,0.35975605
2025-07-06T20:00:00Z,BUSDT,0.00012579,0.36835000,0.36835000
2025-07-07T00:00:00Z,BUSDT,0.00013883,0.39093050,0.39093050
2025-07-07T04:00:00Z,BUSDT,0.00006189,0.40400000,0.40400000
2025-07-07T08:00:00Z,BUSDT,0.00011202,0.39166378,0.39166378
2025-07-07T12:00:00Z,BUSDT,0.00005000,0.39043799,0.39043799
2025-07-07T16:00:00Z,BUSDT,0.00010948,0.38461971,0.38461971
2025-07-07T20:00:00Z,BUSDT,0.00005000,0.37509469,0.37509469
2025-07-08T00:00:00Z,BUSDT,0.00005000,0.37457516,0.37457516
2025-07-08T04:00:00Z,BUSDT,0.00030263,0.36432000,0.36432000
2025-07-08T08:00:00Z,BUSDT,0.00005000,0.35800000,0.35800000
2025-07-08T12:00:00Z,BUSDT,0.00005000,0.35546000,0.35546000
2025-07-08T16:00:00Z,BUSDT,0.00005000,0.34913000,0.34913000
2025-07-08T20:00:00Z,BUSDT,0.00005000,0.36228227,0.36228227
2025-07-09T00:00:00Z,BUSDT,0.00005000,0.35737071,0.35737071
2025-07-09T04:00:00Z,BUSDT,0.00005000,0.35211767,0.35211767
2025-07-09T08:00:00Z,BUSDT,0.00005216,0.36320289,0.36320289
2025-07-09T12:00:00Z,BUSDT,0.00005000,0.36290711,0.36290711
2025-07-09T16:00:00Z,BUSDT,0.00010723,0.36078000,0.36078000
2025-07-09T20:00:00Z,BUSDT,0.00017817,0.37661491,0.37661491
2025-07-10T00:00:00Z,BUSDT,0.00005000,0.37041950,0.37041950
2025-07-10T04:00:00Z,BUSDT,0.00017777,0.37283652,0.37283652
2025-07-10T08:00:00Z,BUSDT,0.00015547,0.37539547,0.37539547
2025-07-10T12:00:00Z,BUSDT,0.00005944,0.38542737,0.38542737
2025-07-10T16:00:00Z,BUSDT,0.00005000,0.39624000,0.39624000
2025-07-10T20:00:00Z,BUSDT,0.00010410,0.40181364,0.40181364
2025-07-11T00:00:00Z,BUSDT,0.00032745,0.40104344,0.40104344
2025-07-11T04:00:00Z,BUSDT,0.00042702,0.42623778,0.42623778
2025-07-11T08:00:00Z,BUSDT,0.00066288,0.46348544,0.46348544
2025-07-11T12:00:00Z,BUSDT,0.00025319,0.49155501,0.49155501
2025-07-11T16:00:00Z,BUSDT,0.00058979,0.52139938,0.52139938
2025-07-11T20:00:00Z,BUSDT,0.00071073,0.56143000,0.56143000
2025-07-12T00:00:00Z,BUSDT,0.00094223,0.56479679,0.56479679
2025-07-12T04:00:00Z,BUSDT,0.00058832,0.56113895,0.56113895
2025-07-12T08:00:00Z,BUSDT,0.00083803,0.53229432,0.53229432
2025-07-12T12:00:00Z,BUSDT,0.00031412,0.53680232,0.53680232
2025-07-12T16:00:00Z,BUSDT,0.00016428,0.52749037,0.52749037
2025-07-12T20:00:00Z,BUSDT,0.00027313,0.53913000,0.53913000
2025-07-13T00:00:00Z,BUSDT,0.00011160,0.53774320,0.53774320
2025-07-13T04:00:00Z,BUSDT,0.00074404,0.52643469,0.52643469
2025-07-13T08:00:00Z,BUSDT,0.00025561,0.52449000,0.52449000
2025-07-13T12:00:00Z,BUSDT,0.00058049,0.53080228,0.53080228
2025-07-13T16:00:00Z,BUSDT,0.00021766,0.51986841,0.51986841
2025-07-13T20:00:00Z,BUSDT,0.00005000,0.49494239,0.49494239
2025-07-14T00:00:00Z,BUSDT,0.00044952,0.47608070,0.47608070
2025-07-14T04:00:00Z,BUSDT,0.00011767,0.49665218,0.49665218
2025-07-14T08:00:00Z,BUSDT,0.00015079,0.48441000,0.48441000
2025-07-14T12:00:00Z,BUSDT,0.00086592,0.47907024,0.47907024
2025-07-14T16:00:00Z,BUSDT,0.00055265,0.50721963,0.50721963
2025-07-14T20:00:00Z,BUSDT,0.00096908,0.50677919,0.50677919
2025-07-15T00:00:00Z,BUSDT,0.00012046,0.50430423,0.50430423
2025-07-15T04:00:00Z,BUSDT,0.00061695,0.49143000,0.49143000
2025-07-15T08:00:00Z,BUSDT,0.00014908,0.50410123,0.50410123
2025-07-15T12:00:00Z,BUSDT,0.00056936,0.49848000,0.49848000
2025-07-15T16:00:00Z,BUSDT,0.00095520,0.49998799,0.49998799
2025-07-15T20:00:00Z,BUSDT,0.00035832,0.49256000,0.49256000
2025-07-16T00:00:00Z,BUSDT,0.00085619,0.50600000,0.50600000
2025-07-16T04:00:00Z,BUSDT,0.00039957,0.51606000,0.51606000
2025-07-16T08:00:00Z,BUSDT,0.00005000,0.50620198,0.50620198
2025-07-16T12:00:00Z,BUSDT,0.00018104,0.49916000,0.49916000
2025-07-16T16:00:00Z,BUSDT,0.00019047,0.49729807,0.49729807
2025-07-16T20:00:00Z,BUSDT,0.00008502,0.49170822,0.49170822
2025-07-17T00:00:00Z,BUSDT,0.00005947,0.48734000,0.48734000
2025-07-17T04:00:00Z,BUSDT,0.00005000,0.48594046,0.48594046
2025-07-17T08:00:00Z,BUSDT,0.00027901,0.50309000,0.50309000
2025-07-17T12:00:00Z,BUSDT,0.00024136,0.49644644,0.49644644
2025-07-17T16:00:00Z,BUSDT,0.00005000,0.48692000,0.48692000
2025-07-17T20:00:00Z,BUSDT,0.00005000,0.48335212,0.48335212
2025-07-18T00:00:00Z,BUSDT,0.00068344,0.48621107,0.48621107
2025-07-18T04:00:00Z,BUSDT,0.00071063,0.48902330,0.48902330
2025-07-18T08:00:00Z,BUSDT,0.00065091,0.50700373,0.50700373
2025-07-18T12:00:00Z,BUSDT,0.00056457,0.51360000,0.51360000
2025-07-18T16:00:00Z,BUSDT,0.00015725,0.50435163,0.50435163
2025-07-18T20:00:00Z,BUSDT,0.00015035,0.50560000,0.50560000
2025-07-19T00:00:00Z,BUSDT,0.00009458,0.51196471,0.51196471
2025-07-19T04:00:00Z,BUSDT,0.00092446,0.50521269,0.50521269
2025-07-19T08:00:00Z,BUSDT,0.00031680,0.50651168,0.50651168
2025-07-19T12:00:00Z,BUSDT,0.00005000,0.50856000,0.50856000
2025-07-19T16:00:00Z,BUSDT,0.00017670,0.50991000,0.50991000
2025-07-19T20:00:00Z,BUSDT,0.00073788,0.50890000,0.50890000
2025-07-20T00:00:00Z,BUSDT,0.00005000,0.50821945,0.50821945
2025-07-20T04:00:00Z,BUSDT,0.00097392,0.51858642,0.51858642
2025-07-20T08:00:00Z,BUSDT,0.00005000,0.52886000,0.52886000
2025-07-20T12:00:00Z,BUSDT,0.00005000,0.51519096,0.51519096
2025-07-20T16:00:00Z,BUSDT,0.00005000,0.52312680,0.52312680
2025-07-20T20:00:00Z,BUSDT,0.00005000,0.50415176,0.50415176
2025-07-21T00:00:00Z,BUSDT,0.00005000,0.50370000,0.50370000
2025-07-21T04:00:00Z,BUSDT,0.00020243,0.51140054,0.51140054
2025-07-21T08:00:00Z,BUSDT,0.00012498,0.50449801,0.50449801
2025-07-21T12:00:00Z,BUSDT,0.00028752,0.50242000,0.50242000
2025-07-21T16:00:00Z,BUSDT,0.00056275,0.51519776,0.51519776
2025-07-21T20:00:00Z,BUSDT,0.00067473,0.54101768,0.54101768
2025-07-22T00:00:00Z,BUSDT,0.00014751,0.52595000,0.52595000
2025-07-22T04:00:00Z,BUSDT,0.00059011,0.52497000,0.52497000
2025-07-22T08:00:00Z,BUSDT,0.00053081,0.52834077,0.52834077
2025-07-22T12:00:00Z,BUSDT,0.00023647,0.53891000,0.53891000
2025-07-22T16:00:00Z,BUSDT,0.00020750,0.54176255,0.54176255
2025-07-22T20:00:00Z,BUSDT,0.00037136,0.54325897,0.54325897
2025-07-23T00:00:00Z,BUSDT,0.00005000,0.54339000,0.54339000
2025-07-23T04:00:00Z,BUSDT,0.00016328,0.54966846,0.54966846
2025-07-23T08:00:00Z,BUSDT,0.00033065,0.55609507,0.55609507
2025-07-23T12:00:00Z,BUSDT,0.00005000,0.53578000,0.53578000
2025-07-23T16:00:00Z,BUSDT,0.00026369,0.53867585,0.53867585
2025-07-23T20:00:00Z,BUSDT,0.00038099,0.54764000,0.54764000
2025-07-24T00:00:00Z,BUSDT,0.00027383,0.55155000,0.55155000
2025-07-24T04:00:00Z,BUSDT,0.00032124,0.54136000,0.54136000
2025-07-24T08:00:00Z,BUSDT,0.00046020,0.55145000,0.55145000
2025-07-24T12:00:00Z,BUSDT,0.00005000,0.55959333,0.55959333
2025-07-24T16:00:00Z,BUSDT,0.00005000,0.55957000,0.55957000
2025-07-24T20:00:00Z,BUSDT,0.00016476,0.57966000,0.57966000
2025-07-25T00:00:00Z,BUSDT,0.00005000,0.57714232,0.57714232
2025-07-25T04:00:00Z,BUSDT,0.00005000,0.57223719,0.57223719
2025-07-25T08:00:00Z,BUSDT,0.00033291,0.59785000,0.59785000
2025-07-25T12:00:00Z,BUSDT,0.00044362,0.57268000,0.57268000
2025-07-25T16:00:00Z,BUSDT,0.00017109,0.56071558,0.56071558
2025-07-25T20:00:00Z,BUSDT,0.00031598,0.57746000,0.57746000
2025-07-26T00:00:00Z,BUSDT,0.00014098,0.57757000,0.57757000
2025-07-26T04:00:00Z,BUSDT,0.00014376,0.56465043,0.56465043
2025-07-26T08:00:00Z,BUSDT,0.00085061,0.54391149,0.54391149
2025-07-26T12:00:00Z,BUSDT,0.00005000,0.54036362,0.54036362
2025-07-26T16:00:00Z,BUSDT,0.00026410,0.56260000,0.56260000
2025-07-26T20:00:00Z,BUSDT,0.00005000,0.53895000,0.53895000
2025-07-27T00:00:00Z,BUSDT,0.00033612,0.55881000,0.55881000
2025-07-27T04:00:00Z,BUSDT,0.00005000,0.48303549,0.48303549
2025-07-27T08:00:00Z,BUSDT,0.00005000,0.48888000,0.48888000
2025-07-27T12:00:00Z,BUSDT,0.00005000,0.48194000,0.48194000
2025-07-27T16:00:00Z,BUSDT,0.00005000,0.47917718,0.47917718
2025-07-27T20:00:00Z,BUSDT,0.00005000,0.46105000,0.46105000
2025-07-28T00:00:00Z,BUSDT,0.00021195,0.44981809,0.44981809
2025-07-28T04:00:00Z,BUSDT,0.00024754,0.47556000,0.47556000
2025-07-28T08:00:00Z,BUSDT,0.00033406,0.47783000,0.47783000
2025-07-28T12:00:00Z,BUSDT,0.00061074,0.46903123,0.46903123
2025-07-28T16:00:00Z,BUSDT,0.00034657,0.46615000,0.46615000
2025-07-28T20:00:00Z,BUSDT,0.00038900,0.46750307,0.46750307
2025-07-29T00:00:00Z,BUSDT,0.00017785,0.46783724,0.46783724
2025-07-29T04:00:00Z,BUSDT,0.00020607,0.46930000,0.46930000
2025-07-29T08:00:00Z,BUSDT,0.00022382,0.46692000,0.46692000
2025-07-29T12:00:00Z,BUSDT,0.00009343,0.46641000,0.46641000
2025-07-29T16:00:00Z,BUSDT,0.00019105,0.47167584,0.47167584
2025-07-29T20:00:00Z,BUSDT,0.00030377,0.53123494,0.53123494
2025-07-30T00:00:00Z,BUSDT,0.00076965,0.54353826,0.54353826
2025-07-30T04:00:00Z,BUSDT,0.00026258,0.51017534,0.51017534
2025-07-30T08:00:00Z,BUSDT,0.00015020,0.50455041,0.50455041
2025-07-30T12:00:00Z,BUSDT,0.00024977,0.50413000,0.50413000
2025-07-30T16:00:00Z,BUSDT,0.00005000,0.49534888,0.49534888
2025-07-30T20:00:00Z,BUSDT,0.00029845,0.50773000,0.50773000
2025-07-31T00:00:00Z,BUSDT,0.00038635,0.51420000,0.51420000
2025-07-31T04:00:00Z,BUSDT,0.00049446,0.50202084,0.50202084
2025-07-31T08:00:00Z,BUSDT,0.00031215,0.51842000,0.51842000
2025-07-31T12:00:00Z,BUSDT,0.00005000,0.52992000,0.52992000
2025-07-31T16:00:00Z,BUSDT,0.00005000,0.52573000,0.52573000
2025-07-31T20:00:00Z,BUSDT,0.00005000,0.51946000,0.51946000
2025-08-01T00:00:00Z,BUSDT,0.00005000,0.50965591,0.50965591
2025-08-01T04:00:00Z,BUSDT,0.00012655,0.51249404,0.51249404
2025-08-01T08:00:00Z,BUSDT,0.00005000,0.50298485,0.50298485
2025-08-01T12:00:00Z,BUSDT,0.00005000,0.49632000,0.49632000
2025-08-01T16:00:00Z,BUSDT,0.00013775,0.49367856,0.49367856
2025-08-01T20:00:00Z,BUSDT,0.00043287,0.50210553,0.50210553
2025-08-02T00:00:00Z,BUSDT,0.00043384,0.49979000,0.49979000
2025-08-02T04:00:00Z,BUSDT,0.00024724,0.50168189,0.50168189
2025-08-02T08:00:00Z,BUSDT,0.00005000,0.49218000,0.49218000
2025-08-02T12:00:00Z,BUSDT,0.00053122,0.49341068,0.49341068
2025-08-02T16:00:00Z,BUSDT,0.00114444,0.48123000,0.48123000
2025-08-02T20:00:00Z,BUSDT,0.00015213,0.47993000,0.47993000
2025-08-03T00:00:00Z,BUSDT,0.00005000,0.47908847,0.47908847
2025-08-03T04:00:00Z,BUSDT,0.00013938,0.48995469,0.48995469
2025-08-03T08:00:00Z,BUSDT,0.00005000,0.49410000,0.49410000
2025-08-03T12:00:00Z,BUSDT,0.00031309,0.49803598,0.49803598
2025-08-03T16:00:00Z,BUSDT,0.00005000,0.49535000,0.49535000
2025-08-03T20:00:00Z,BUSDT,0.00024069,0.49996000,0.49996000
2025-08-04T00:00:00Z,BUSDT,0.00011031,0.49984000,0.49984000
2025-08-04T04:00:00Z,BUSDT,0.00009323,0.49940325,0.49940325
2025-08-04T08:00:00Z,BUSDT,0.00015174,0.50185000,0.50185000
2025-08-04T12:00:00Z,BUSDT,0.00019822,0.49986120,0.49986120
2025-08-04T16:00:00Z,BUSDT,0.00033796,0.50306000,0.50306000
2025-08-04T20:00:00Z,BUSDT,0.00005000,0.50269078,0.50269078
2025-08-05T00:00:00Z,BUSDT,0.00005000,0.50299000,0.50299000
2025-08-05T04:00:00Z,BUSDT,0.00058038,0.49922142,0.49922142
2025-08-05T08:00:00Z,BUSDT,0.00005000,0.48940663,0.48940663
2025-08-05T12:00:00Z,BUSDT,0.00016844,0.48405262,0.48405262
2025-08-05T16:00:00Z,BUSDT,0.00005000,0.47283125,0.47283125
2025-08-05T20:00:00Z,BUSDT,0.00008372,0.47076222,0.47076222
2025-08-06T00:00:00Z,BUSDT,0.00005000,0.46854000,0.46854000
2025-08-06T04:00:00Z,BUSDT,0.00028509,0.47627000,0.47627000
2025-08-06T08:00:00Z,BUSDT,0.00049150,0.48188554,0.48188554
2025-08-06T12:00:00Z,BUSDT,0.00022938,0.47696972,0.47696972
2025-08-06T16:00:00Z,BUSDT,0.00038684,0.48189000,0.48189000
2025-08-06T20:00:00Z,BUSDT,0.00009846,0.48230471,0.48230471
2025-08-07T00:00:00Z,BUSDT,0.00007880,0.47902767,0.47902767
2025-08-07T04:00:00Z,BUSDT,0.00027331,0.47946566,0.47946566
2025-08-07T08:00:00Z,BUSDT,0.00055577,0.48658000,0.48658000
2025-08-07T12:00:00Z,BUSDT,0.00072868,0.53061901,0.53061901
2025-08-07T16:00:00Z,BUSDT,0.00025818,0.53199239,0.53199239
2025-08-07T20:00:00Z,BUSDT,0.00049242,0.54798000,0.54798000
2025-08-08T00:00:00Z,BUSDT,0.00026435,0.55273306,0.55273306
2025-08-08T04:00:00Z,BUSDT,0.00048903,0.56174418,0.56174418
2025-08-08T08:00:00Z,BUSDT,0.00053839,0.58366000,0.58366000
2025-08-08T12:00:00Z,BUSDT,0.00046482,0.56525000,0.56525000
2025-08-08T16:00:00Z,BUSDT,0.00005830,0.57075467,0.57075467
2025-08-08T20:00:00Z,BUSDT,0.00024705,0.57294996,0.57294996
2025-08-09T00:00:00Z,BUSDT,0.00005000,0.57425312,0.57425312
2025-08-09T04:00:00Z,BUSDT,0.00005000,0.57523346,0.57523346
2025-08-09T08:00:00Z,BUSDT,0.00034447,0.58131000,0.58131000
2025-08-09T12:00:00Z,BUSDT,0.00058148,0.58322000,0.58322000
2025-08-09T16:00:00Z,BUSDT,0.00034770,0.57858000,0.57858000
2025-08-09T20:00:00Z,BUSDT,0.00060149,0.58712000,0.58712000
2025-08-10T00:00:00Z,BUSDT,0.00079175,0.58818382,0.58818382
2025-08-10T04:00:00Z,BUSDT,0.00039961,0.60056310,0.60056310
2025-08-10T08:00:00Z,BUSDT,0.00064505,0.61507345,0.61507345
2025-08-10T12:00:00Z,BUSDT,0.00086840,0.63599330,0.63599330
2025-08-10T16:00:00Z,BUSDT,0.00045685,0.64022000,0.64022000
2025-08-10T20:00:00Z,BUSDT,0.00066683,0.63631316,0.63631316
2025-08-11T00:00:00Z,BUSDT,0.00063906,0.64876647,0.64876647
2025-08-11T04:00:00Z,BUSDT,0.00038742,0.66048000,0.66048000
2025-08-11T08:00:00Z,BUSDT,0.00053093,0.65991000,0.65991000
2025-08-11T12:00:00Z,BUSDT,0.00081847,0.66165000,0.66165000
2025-08-11T16:00:00Z,BUSDT,0.00038574,0.67272963,0.67272963
2025-08-11T20:00:00Z,BUSDT,0.00016811,0.67263224,0.67263224
2025-08-12T00:00:00Z,BUSDT,0.00015615,0.65843923,0.65843923
2025-08-12T04:00:00Z,BUSDT,0.00012025,0.67612478,0.67612478
2025-08-12T08:00:00Z,BUSDT,0.00014729,0.65819000,0.65819000
2025-08-12T12:00:00Z,BUSDT,0.00020636,0.62849345,0.62849345
2025-08-12T16:00:00Z,BUSDT,0.00009034,0.62569000,0.62569000
2025-08-12T20:00:00Z,BUSDT,0.00015022,0.61096462,0.61096462
2025-08-13T00:00:00Z,BUSDT,0.00010727,0.61475302,0.61475302
2025-08-13T04:00:00Z,BUSDT,0.00009725,0.62895005,0.62895005
2025-08-13T08:00:00Z,BUSDT,0.00028902,0.63000000,0.63000000
2025-08-13T12:00:00Z,BUSDT,0.00022583,0.62079996,0.62079996
2025-08-13T16:00:00Z,BUSDT,0.00005000,0.61994474,0.61994474
2025-08-13T20:00:00Z,BUSDT,0.00037724,0.60195708,0.60195708
2025-08-14T00:00:00Z,BUSDT,0.00049450,0.60246980,0.60246980
2025-08-14T04:00:00Z,BUSDT,0.00029834,0.60942898,0.60942898
2025-08-14T08:00:00Z,BUSDT,0.00005000,0.56932000,0.56932000
2025-08-14T12:00:00Z,BUSDT,0.00005000,0.56055000,0.56055000
2025-08-14T16:00:00Z,BUSDT,0.00010156,0.56160803,0.56160803
2025-08-14T20:00:00Z,BUSDT,0.00005000,0.54858711,0.54858711
2025-08-15T00:00:00Z,BUSDT,0.00005000,0.54810187,0.54810187
2025-08-15T04:00:00Z,BUSDT,0.00005000,0.55026403,0.55026403
2025-08-15T08:00:00Z,BUSDT,0.00005000,0.55397123,0.55397123
2025-08-15T12:00:00Z,BUSDT,0.00005000,0.55084000,0.55084000
2025-08-15T16:00:00Z,BUSDT,0.00005000,0.52708464,0.52708464
2025-08-15T20:00:00Z,BUSDT,0.00013949,0.53262859,0.53262859
2025-08-16T00:00:00Z,BUSDT,0.00005000,0.53073325,0.53073325
2025-08-16T04:00:00Z,BUSDT,0.00005000,0.52787413,0.52787413
2025-08-16T08:00:00Z,BUSDT,0.00009854,0.52815450,0.52815450
2025-08-16T12:00:00Z,BUSDT,0.00014356,0.52972644,0.52972644
2025-08-16T16:00:00Z,BUSDT,0.00005000,0.52366000,0.52366000
2025-08-16T20:00:00Z,BUSDT,0.00005000,0.52094386,0.52094386
2025-08-17T00:00:00Z,BUSDT,0.00005000,0.51634000,0.51634000
2025-08-17T04:00:00Z,BUSDT,0.00025369,0.53581000,0.53581000
2025-08-17T08:00:00Z,BUSDT,0.00018732,0.55252000,0.55252000
2025-08-17T12:00:00Z,BUSDT,0.00051445,0.56533000,0.56533000
2025-08-17T16:00:00Z,BUSDT,0.00015160,0.56144000,0.56144000
2025-08-17T20:00:00Z,BUSDT,0.00005000,0.55052275,0.55052275
2025-08-18T00:00:00Z,BUSDT,0.00005000,0.54618000,0.54618000
2025-08-18T04:00:00Z,BUSDT,0.00005000,0.55310000,0.55310000
2025-08-18T08:00:00Z,BUSDT,0.00005000,0.56218045,0.56218045
2025-08-18T12:00:00Z,BUSDT,0.00028622,0.54388363,0.54388363
2025-08-18T16:00:00Z,BUSDT,0.00022434,0.56446533,0.56446533
2025-08-18T20:00:00Z,BUSDT,0.00005000,0.57007000,0.57007000
2025-08-19T00:00:00Z,BUSDT,0.00024790,0.57199000,0.57199000
2025-08-19T04:00:00Z,BUSDT,0.00007497,0.56976041,0.56976041
2025-08-19T08:00:00Z,BUSDT,0.00009498,0.58181000,0.58181000
2025-08-19T12:00:00Z,BUSDT,0.00046758,0.58229571,0.58229571
2025-08-19T16:00:00Z,BUSDT,0.00025927,0.56160674,0.56160674
2025-08-19T20:00:00Z,BUSDT,0.00044846,0.56126000,0.56126000
2025-08-20T00:00:00Z,BUSDT,0.00035205,0.56773797,0.56773797
2025-08-20T04:00:00Z,BUSDT,0.00038801,0.57123533,0.57123533
2025-08-20T08:00:00Z,BUSDT,0.00013282,0.56538000,0.56538000
2025-08-20T12:00:00Z,BUSDT,0.00005000,0.56942681,0.56942681
2025-08-20T16:00:00Z,BUSDT,0.00042555,0.57752380,0.57752380
2025-08-20T20:00:00Z,BUSDT,0.00015890,0.57962000,0.57962000
2025-08-21T00:00:00Z,BUSDT,0.00005000,0.56001000,0.56001000
2025-08-21T04:00:00Z,BUSDT,0.00005177,0.56050000,0.56050000
2025-08-21T08:00:00Z,BUSDT,0.00011650,0.56240000,0.56240000
2025-08-21T12:00:00Z,BUSDT,0.00014446,0.54663000,0.54663000
2025-08-21T16:00:00Z,BUSDT,0.00019149,0.54054126,0.54054126
2025-08-21T20:00:00Z,BUSDT,0.00028718,0.53862071,0.53862071
2025-08-22T00:00:00Z,BUSDT,0.00016189,0.54297166,0.54297166
2025-08-22T04:00:00Z,BUSDT,0.00030373,0.54788941,0.54788941
2025-08-22T08:00:00Z,BUSDT,0.00005000,0.55072000,0.55072000
2025-08-22T12:00:00Z,BUSDT,0.00005000,0.55430918,0.55430918
2025-08-22T16:00:00Z,BUSDT,0.00005000,0.55222000,0.55222000
2025-08-22T20:00:00Z,BUSDT,0.00005000,0.55097398,0.55097398
2025-08-23T00:00:00Z,BUSDT,0.00005000,0.57659000,0.57659000
2025-08-23T04:00:00Z,BUSDT,0.00005000,0.56608337,0.56608337
2025-08-23T08:00:00Z,BUSDT,0.00005000,0.54605738,0.54605738
2025-08-23T12:00:00Z,BUSDT,0.00005000,0.53310194,0.53310194
2025-08-23T16:00:00Z,BUSDT,0.00005000,0.54356000,0.54356000
2025-08-23T20:00:00Z,BUSDT,0.00005000,0.54269000,0.54269000
2025-08-24T00:00:00Z,BUSDT,0.00026456,0.56758000,0.56758000
2025-08-24T04:00:00Z,BUSDT,0.00005000,0.56745000,0.56745000
2025-08-24T08:00:00Z,BUSDT,0.00005000,0.53020176,0.53020176
2025-08-24T12:00:00Z,BUSDT,0.00005000,0.52946000,0.52946000
2025-08-24T16:00:00Z,BUSDT,0.00005000,0.52961733,0.52961733
2025-08-24T20:00:00Z,BUSDT,0.00005000,0.53235000,0.53235000
2025-08-25T00:00:00Z,BUSDT,0.00005000,0.52581169,0.52581169
2025-08-25T04:00:00Z,BUSDT,0.00005000,0.54920679,0.54920679
2025-08-25T08:00:00Z,BUSDT,0.00005000,0.54537437,0.54537437
2025-08-25T12:00:00Z,BUSDT,0.00005000,0.56104116,0.56104116
2025-08-25T16:00:00Z,BUSDT,0.00005000,0.55598000,0.55598000
2025-08-25T20:00:00Z,BUSDT,0.00005000,0.55605120,0.55605120
2025-08-26T00:00:00Z,BUSDT,0.00005000,0.56149034,0.56149034
2025-08-26T04:00:00Z,BUSDT,0.00005000,0.55903185,0.55903185
2025-08-26T08:00:00Z,BUSDT,0.00005000,0.56208000,0.56208000
2025-08-26T12:00:00Z,BUSDT,0.00005000,0.56449000,0.56449000
2025-08-26T16:00:00Z,BUSDT,-0.00095712,0.55305007,0.55305007
2025-08-26T20:00:00Z,BUSDT,0.00005000,0.55858000,0.55858000
2025-08-27T00:00:00Z,BUSDT,0.00005000,0.57799000,0.57799000
2025-08-27T04:00:00Z,BUSDT,0.00005000,0.58962895,0.58962895
2025-08-27T08:00:00Z,BUSDT,0.00005000,0.60186585,0.60186585
2025-08-27T12:00:00Z,BUSDT,0.00005000,0.58994014,0.58994014
2025-08-27T16:00:00Z,BUSDT,0.00005000,0.58148058,0.58148058
2025-08-27T20:00:00Z,BUSDT,0.00005000,0.57876000,0.57876000
2025-08-28T00:00:00Z,BUSDT,0.00005000,0.57667382,0.57667382
2025-08-28T04:00:00Z,BUSDT,0.00005000,0.56915000,0.56915000
2025-08-28T08:00:00Z,BUSDT,0.00005000,0.55620142,0.55620142
2025-08-28T12:00:00Z,BUSDT,0.00009125,0.58170164,0.58170164
2025-08-28T16:00:00Z,BUSDT,0.00022522,0.60307116,0.60307116
2025-08-28T20:00:00Z,BUSDT,0.00005000,0.68133632,0.68133632
2025-08-29T00:00:00Z,BUSDT,0.00013086,0.71536000,0.71536000
2025-08-29T04:00:00Z,BUSDT,0.00005000,0.68499000,0.68499000
2025-08-29T08:00:00Z,BUSDT,0.00005000,0.67913065,0.67913065
2025-08-29T12:00:00Z,BUSDT,0.00005000,0.68691000,0.68691000
2025-08-29T16:00:00Z,BUSDT,0.00009204,0.67468512,0.67468512
2025-08-29T20:00:00Z,BUSDT,0.00005000,0.66331000,0.66331000
2025-08-30T00:00:00Z,BUSDT,0.00005000,0.66632799,0.66632799
2025-08-30T04:00:00Z,BUSDT,0.00005000,0.67270000,0.67270000
2025-08-30T08:00:00Z,BUSDT,0.00005000,0.67452042,0.67452042
2025-08-30T12:00:00Z,BUSDT,0.00007028,0.68628276,0.68628276
2025-08-30T16:00:00Z,BUSDT,0.00013446,0.69284000,0.69284000
2025-08-30T20:00:00Z,BUSDT,0.00027545,0.69705981,0.69705981
2025-08-31T00:00:00Z,BUSDT,0.00047562,0.69769066,0.69769066
2025-08-31T04:00:00Z,BUSDT,0.00015274,0.68422238,0.68422238
2025-08-31T08:00:00Z,BUSDT,0.00005000,0.68496062,0.68496062
2025-08-31T12:00:00Z,BUSDT,0.00021435,0.69387000,0.69387000
2025-08-31T16:00:00Z,BUSDT,0.00011059,0.71417000,0.71417000
2025-08-31T20:00:00Z,BUSDT,0.00011528,0.72532000,0.72532000
2025-09-01T00:00:00Z,BUSDT,0.00005000,0.71613000,0.71613000
2025-09-01T04:00:00Z,BUSDT,0.00013249,0.71997000,0.71997000
2025-09-01T08:00:00Z,BUSDT,0.00022428,0.72073000,0.72073000
2025-09-01T12:00:00Z,BUSDT,0.00017314,0.70533757,0.70533757
2025-09-01T16:00:00Z,BUSDT,0.00045118,0.69003000,0.69003000
2025-09-01T20:00:00Z,BUSDT,0.00026778,0.68553000,0.68553000
2025-09-02T00:00:00Z,BUSDT,0.00047933,0.67999000,0.67999000
2025-09-02T04:00:00Z,BUSDT,0.00018163,0.68026023,0.68026023
2025-09-02T08:00:00Z,BUSDT,0.00015892,0.69361964,0.69361964
2025-09-02T12:00:00Z,BUSDT,0.00010885,0.68354541,0.68354541
2025-09-02T16:00:00Z,BUSDT,0.00019258,0.67826000,0.67826000
2025-09-02T20:00:00Z,BUSDT,0.00005000,0.66981394,0.66981394
2025-09-03T00:00:00Z,BUSDT,0.00005000,0.66491000,0.66491000
2025-09-03T04:00:00Z,BUSDT,0.00018413,0.68425000,0.68425000
2025-09-03T08:00:00Z,BUSDT,0.00025541,0.68969408,0.68969408
2025-09-03T12:00:00Z,BUSDT,0.00005000,0.68597226,0.68597226
2025-09-03T16:00:00Z,BUSDT,0.00034101,0.67720000,0.67720000
2025-09-03T20:00:00Z,BUSDT,0.00006579,0.66713914,0.66713914
2025-09-04T00:00:00Z,BUSDT,0.00035110,0.66806273,0.66806273
2025-09-04T04:00:00Z,BUSDT,0.00034637,0.68525981,0.68525981
2025-09-04T08:00:00Z,BUSDT,0.00005000,0.66510000,0.66510000
2025-09-04T12:00:00Z,BUSDT,0.00019570,0.65780000,0.65780000
2025-09-04T16:00:00Z,BUSDT,0.00005000,0.61123515,0.61123515
2025-09-04T20:00:00Z,BUSDT,0.00031294,0.60840000,0.60840000
2025-09-05T00:00:00Z,BUSDT,0.00030874,0.61244234,0.61244234
2025-09-05T04:00:00Z,BUSDT,0.00005000,0.61830183,0.61830183
2025-09-05T08:00:00Z,BUSDT,0.00007209,0.61253941,0.61253941
2025-09-05T12:00:00Z,BUSDT,0.00025425,0.61159167,0.61159167
2025-09-05T16:00:00Z,BUSDT,0.00005000,0.59362260,0.59362260
2025-09-05T20:00:00Z,BUSDT,0.00005000,0.59651691,0.59651691
2025-09-06T00:00:00Z,BUSDT,0.00005000,0.59450000,0.59450000
2025-09-06T04:00:00Z,BUSDT,0.00029938,0.61290000,0.61290000
2025-09-06T08:00:00Z,BUSDT,0.00005000,0.60890000,0.60890000
2025-09-06T12:00:00Z,BUSDT,0.00018789,0.60654363,0.60654363
2025-09-06T16:00:00Z,BUSDT,0.00016975,0.63190000,0.63190000
2025-09-06T20:00:00Z,BUSDT,0.00005000,0.63170000,0.63170000
2025-09-07T00:00:00Z,BUSDT,0.00028454,0.63558578,0.63558578
2025-09-07T04:00:00Z,BUSDT,0.00047596,0.63873925,0.63873925
2025-09-07T08:00:00Z,BUSDT,0.00017377,0.64860000,0.64860000
2025-09-07T12:00:00Z,BUSDT,0.00020909,0.64880000,0.64880000
2025-09-07T16:00:00Z,BUSDT,0.00007341,0.63888130,0.63888130
2025-09-07T20:00:00Z,BUSDT,0.00005000,0.61690000,0.61690000
2025-09-08T00:00:00Z,BUSDT,0.00005000,0.62118515,0.62118515
2025-09-08T04:00:00Z,BUSDT,0.00044387,0.63657815,0.63657815
2025-09-08T08:00:00Z,BUSDT,0.00011668,0.62860000,0.62860000
2025-09-08T12:00:00Z,BUSDT,0.00019686,0.62931056,0.62931056
2025-09-08T16:00:00Z,BUSDT,0.00023944,0.62620000,0.62620000
2025-09-08T20:00:00Z,BUSDT,0.00033796,0.62880000,0.62880000
2025-09-09T00:00:00Z,BUSDT,0.00030021,0.63418444,0.63418444
2025-09-09T04:00:00Z,BUSDT,0.00014794,0.63780000,0.63780000
2025-09-09T08:00:00Z,BUSDT,0.00008936,0.63133066,0.63133066
2025-09-09T12:00:00Z,BUSDT,0.00068772,0.61830000,0.61830000
2025-09-09T16:00:00Z,BUSDT,0.00042721,0.59630000,0.59630000
2025-09-09T20:00:00Z,BUSDT,0.00049098,0.59754800,0.59754800
2025-09-10T00:00:00Z,BUSDT,0.00053834,0.59954454,0.59954454
2025-09-10T04:00:00Z,BUSDT,0.00032141,0.59761963,0.59761963
2025-09-10T08:00:00Z,BUSDT,0.00005000,0.59540000,0.59540000
2025-09-10T12:00:00Z,BUSDT,0.00016988,0.59060000,0.59060000
2025-09-10T16:00:00Z,BUSDT,0.00048828,0.59270000,0.59270000
2025-09-10T20:00:00Z,BUSDT,0.00009565,0.59013531,0.59013531
2025-09-11T00:00:00Z,BUSDT,0.00050690,0.60270000,0.60270000
2025-09-11T04:00:00Z,BUSDT,0.00044129,0.60110000,0.60110000
2025-09-11T08:00:00Z,BUSDT,0.00005000,0.55780000,0.55780000
2025-09-11T12:00:00Z,BUSDT,0.00010756,0.56841254,0.56841254
2025-09-11T16:00:00Z,BUSDT,0.00009999,0.52650000,0.52650000
2025-09-11T20:00:00Z,BUSDT,0.00018495,0.52891160,0.52891160
2025-09-12T00:00:00Z,BUSDT,0.00023684,0.55900000,0.55900000
2025-09-12T04:00:00Z,BUSDT,0.00023529,0.54764408,0.54764408
2025-09-12T08:00:00Z,BUSDT,0.00020339,0.54360000,0.54360000
2025-09-12T12:00:00Z,BUSDT,0.00021028,0.53980000,0.53980000
2025-09-12T16:00:00Z,BUSDT,0.00032514,0.54130000,0.54130000
2025-09-12T20:00:00Z,BUSDT,0.00064773,0.55200000,0.55200000
2025-09-13T00:00:00Z,BUSDT,0.00031797,0.54590000,0.54590000
2025-09-13T04:00:00Z,BUSDT,0.00054804,0.54628998,0.54628998
2025-09-13T08:00:00Z,BUSDT,0.00037199,0.54343671,0.54343671
2025-09-13T12:00:00Z,BUSDT,0.00024106,0.55519809,0.55519809
2025-09-13T16:00:00Z,BUSDT,0.00005000,0.54788162,0.54788162
2025-09-13T20:00:00Z,BUSDT,0.00005000,0.52750000,0.52750000
2025-09-14T00:00:00Z,BUSDT,0.00032706,0.54709560,0.54709560
2025-09-14T04:00:00Z,BUSDT,0.00016696,0.55627195,0.55627195
2025-09-14T08:00:00Z,BUSDT,0.00024787,0.55402474,0.55402474
2025-09-14T12:00:00Z,BUSDT,0.00005000,0.52460000,0.52460000
2025-09-14T16:00:00Z,BUSDT,0.00026143,0.53208522,0.53208522
2025-09-14T20:00:00Z,BUSDT,0.00012081,0.53853235,0.53853235
2025-09-15T00:00:00Z,BUSDT,0.00013353,0.53440000,0.53440000
2025-09-15T04:00:00Z,BUSDT,0.00032662,0.54020000,0.54020000
2025-09-15T08:00:00Z,BUSDT,0.00020749,0.55004016,0.55004016
2025-09-15T12:00:00Z,BUSDT,0.00005000,0.52972082,0.52972082
2025-09-15T16:00:00Z,BUSDT,0.00005000,0.52906215,0.52906215
2025-09-15T20:00:00Z,BUSDT,0.00005000,0.53110000,0.53110000
2025-09-16T00:00:00Z,BUSDT,0.00005000,0.53703933,0.53703933
2025-09-16T04:00:00Z,BUSDT,0.00005000,0.52080000,0.52080000
2025-09-16T08:00:00Z,BUSDT,0.00014512,0.53290000,0.53290000
2025-09-16T12:00:00Z,BUSDT,0.00032211,0.53663999,0.53663999
2025-09-16T16:00:00Z,BUSDT,0.00005000,0.54165641,0.54165641
2025-09-16T20:00:00Z,BUSDT,0.00005000,0.55130000,0.55130000
2025-09-17T00:00:00Z,BUSDT,0.00005000,0.55150000,0.55150000
2025-09-17T04:00:00Z,BUSDT,0.00005000,0.54400000,0.54400000
2025-09-17T08:00:00Z,BUSDT,0.00005000,0.53957539,0.53957539
2025-09-17T12:00:00Z,BUSDT,0.00005000,0.53179429,0.53179429
2025-09-17T16:00:00Z,BUSDT,0.00005000,0.52986338,0.52986338
2025-09-17T20:00:00Z,BUSDT,0.00005000,0.53630000,0.53630000
2025-09-18T00:00:00Z,BUSDT,0.00005000,0.54090000,0.54090000
2025-09-18T04:00:00Z,BUSDT,0.00016877,0.53064089,0.53064089
2025-09-18T08:00:00Z,BUSDT,0.00005000,0.51270000,0.51270000
2025-09-18T12:00:00Z,BUSDT,0.00011045,0.50251210,0.50251210
2025-09-18T16:00:00Z,BUSDT,0.00008112,0.50380898,0.50380898
2025-09-18T20:00:00Z,BUSDT,0.00008951,0.50146292,0.50146292
2025-09-19T00:00:00Z,BUSDT,0.00023198,0.49310000,0.49310000
2025-09-19T04:00:00Z,BUSDT,0.00005000,0.48440086,0.48440086
2025-09-19T08:00:00Z,BUSDT,0.00007095,0.48920000,0.48920000
2025-09-19T12:00:00Z,BUSDT,0.00005000,0.49270031,0.49270031
2025-09-19T16:00:00Z,BUSDT,0.00017757,0.50240000,0.50240000
2025-09-19T20:00:00Z,BUSDT,0.00019500,0.49350000,0.49350000
2025-09-20T00:00:00Z,BUSDT,0.00037966,0.50010000,0.50010000
2025-09-20T04:00:00Z,BUSDT,0.00024503,0.50658555,0.50658555
2025-09-20T08:00:00Z,BUSDT,0.00005000,0.49821668,0.49821668
2025-09-20T12:00:00Z,BUSDT,0.00017612,0.48645086,0.48645086
2025-09-20T16:00:00Z,BUSDT,0.00027544,0.48618227,0.48618227
2025-09-20T20:00:00Z,BUSDT,0.00058733,0.48080000,0.48080000
2025-09-21T00:00:00Z,BUSDT,0.00033828,0.48770000,0.48770000
2025-09-21T04:00:00Z,BUSDT,0.00009943,0.48900467,0.48900467
2025-09-21T08:00:00Z,BUSDT,0.00013277,0.48010000,0.48010000
2025-09-21T12:00:00Z,BUSDT,0.00029111,0.47980000,0.47980000
2025-09-21T16:00:00Z,BUSDT,0.00016579,0.45390000,0.45390000
2025-09-21T20:00:00Z,BUSDT,0.00005000,0.44160000,0.44160000
2025-09-22T00:00:00Z,BUSDT,0.00011666,0.43634329,0.43634329
2025-09-22T04:00:00Z,BUSDT,0.00023255,0.41409708,0.41409708
2025-09-22T08:00:00Z,BUSDT,0.00016663,0.42530000,0.42530000
2025-09-22T12:00:00Z,BUSDT,0.00005000,0.42167111,0.42167111
2025-09-22T16:00:00Z,BUSDT,0.00013642,0.39090000,0.39090000
2025-09-22T20:00:00Z,BUSDT,0.00005000,0.39365464,0.39365464
2025-09-23T00:00:00Z,BUSDT,0.00005000,0.38858989,0.38858989
2025-09-23T04:00:00Z,BUSDT,0.00007843,0.38482779,0.38482779
2025-09-23T08:00:00Z,BUSDT,0.00005000,0.37670000,0.37670000
2025-09-23T12:00:00Z,BUSDT,0.00014557,0.35460000,0.35460000
2025-09-23T16:00:00Z,BUSDT,0.00019210,0.34860000,0.34860000
2025-09-23T20:00:00Z,BUSDT,0.00039380,0.34720000,0.34720000
2025-09-24T00:00:00Z,BUSDT,0.00034831,0.35330134,0.35330134
2025-09-24T04:00:00Z,BUSDT,0.00014554,0.34360779,0.34360779
2025-09-24T08:00:00Z,BUSDT,0.00011508,0.34602334,0.34602334
2025-09-24T12:00:00Z,BUSDT,0.00019109,0.34880000,0.34880000
2025-09-24T16:00:00Z,BUSDT,0.00011766,0.35254712,0.35254712
2025-09-24T20:00:00Z,BUSDT,0.00005000,0.33640000,0.33640000
2025-09-25T00:00:00Z,BUSDT,0.00005000,0.34330000,0.34330000
2025-09-25T04:00:00Z,BUSDT,0.00005000,0.32546809,0.32546809
2025-09-25T08:00:00Z,BUSDT,0.00005000,0.31880000,0.31880000
2025-09-25T12:00:00Z,BUSDT,0.00005000,0.32372511,0.32372511
2025-09-25T16:00:00Z,BUSDT,0.00009162,0.32767539,0.32767539
2025-09-25T20:00:00Z,BUSDT,0.00023483,0.31523927,0.31523927
2025-09-26T00:00:00Z,BUSDT,0.00026025,0.31776854,0.31776854
2025-09-26T04:00:00Z,BUSDT,0.00005000,0.32273397,0.32273397
2025-09-26T08:00:00Z,BUSDT,0.00005000,0.32556428,0.32556428
2025-09-26T12:00:00Z,BUSDT,0.00005000,0.31760000,0.31760000
2025-09-26T16:00:00Z,BUSDT,0.00005000,0.31560000,0.31560000
2025-09-26T20:00:00Z,BUSDT,0.00020634,0.31320000,0.31320000
2025-09-27T00:00:00Z,BUSDT,0.00009465,0.31340000,0.31340000
2025-09-27T04:00:00Z,BUSDT,0.00008796,0.30970000,0.30970000
2025-09-27T08:00:00Z,BUSDT,0.00025652,0.33390000,0.33390000
2025-09-27T12:00:00Z,BUSDT,0.00007363,0.37787860,0.37787860
2025-09-27T16:00:00Z,BUSDT,0.00005000,0.35874287,0.35874287
2025-09-27T20:00:00Z,BUSDT,0.00005000,0.30600000,0.30600000
2025-09-28T00:00:00Z,BUSDT,0.00005000,0.29620239,0.29620239
2025-09-28T04:00:00Z,BUSDT,0.00005000,0.28810000,0.28810000
2025-09-28T08:00:00Z,BUSDT,0.00005000,0.27704165,0.27704165
2025-09-28T12:00:00Z,BUSDT,0.00005000,0.28490000,0.28490000
2025-09-28T16:00:00Z,BUSDT,0.00005000,0.28500104,0.28500104
2025-09-28T20:00:00Z,BUSDT,0.00005000,0.27310000,0.27310000
2025-09-29T00:00:00Z,BUSDT,0.00005000,0.26869798,0.26869798
2025-09-29T04:00:00Z,BUSDT,0.00005000,0.26453734,0.26453734
2025-09-29T08:00:00Z,BUSDT,0.00005000,0.26797046,0.26797046
2025-09-29T12:00:00Z,BUSDT,0.00005000,0.26057623,0.26057623
2025-09-29T16:00:00Z,BUSDT,0.00005000,0.26810000,0.26810000
2025-09-29T20:00:00Z,BUSDT,0.00005000,0.29610000,0.29610000
2025-09-30T00:00:00Z,BUSDT,0.00005000,0.29570000,0.29570000
2025-09-30T04:00:00Z,BUSDT,0.00005000,0.29860000,0.29860000
2025-09-30T08:00:00Z,BUSDT,0.00005000,0.30261772,0.30261772
2025-09-30T12:00:00Z,BUSDT,0.00005000,0.29594439,0.29594439
2025-09-30T16:00:00Z,BUSDT,0.00005000,0.29290000,0.29290000
2025-09-30T20:00:00Z,BUSDT,0.00005000,0.30434368,0.30434368
2025-10-01T00:00:00Z,BUSDT,0.00005000,0.30349445,0.30349445
2025-10-01T04:00:00Z,BUSDT,0.00005000,0.30530000,0.30530000
2025-10-01T08:00:00Z,BUSDT,0.00005000,0.29835843,0.29835843
2025-10-01T12:00:00Z,BUSDT,0.00005000,0.29800000,0.29800000
2025-10-01T16:00:00Z,BUSDT,0.00005000,0.29710000,0.29710000
2025-10-01T20:00:00Z,BUSDT,0.00005000,0.29802355,0.29802355
2025-10-02T00:00:00Z,BUSDT,0.00005000,0.29425669,0.29425669
2025-10-02T04:00:00Z,BUSDT,0.00005000,0.28611040,0.28611040
2025-10-02T08:00:00Z,BUSDT,0.00005000,0.29410000,0.29410000
2025-10-02T12:00:00Z,BUSDT,0.00005000,0.29630000,0.29630000
2025-10-02T16:00:00Z,BUSDT,0.00005000,0.29574511,0.29574511
2025-10-02T20:00:00Z,BUSDT,0.00005000,0.29644999,0.29644999
2025-10-03T00:00:00Z,BUSDT,0.00005000,0.29840000,0.29840000
2025-10-03T04:00:00Z,BUSDT,0.00005000,0.30090000,0.30090000
2025-10-03T08:00:00Z,BUSDT,0.00005000,0.30125135,0.30125135
2025-10-03T12:00:00Z,BUSDT,0.00005000,0.30644711,0.30644711
2025-10-03T16:00:00Z,BUSDT,0.00026701,0.33030000,0.33030000
2025-10-03T20:00:00Z,BUSDT,0.00041830,0.33560000,0.33560000
2025-10-04T00:00:00Z,BUSDT,0.00033631,0.32910000,0.32910000
2025-10-04T04:00:00Z,BUSDT,0.00021599,0.32538801,0.32538801
2025-10-04T08:00:00Z,BUSDT,0.00026778,0.32210000,0.32210000
2025-10-04T12:00:00Z,BUSDT,0.00005389,0.29500000,0.29500000
2025-10-04T16:00:00Z,BUSDT,0.00005000,0.28690000,0.28690000
2025-10-04T20:00:00Z,BUSDT,0.00005000,0.28390000,0.28390000
2025-10-05T00:00:00Z,BUSDT,0.00005000,0.28630000,0.28630000
2025-10-05T04:00:00Z,BUSDT,0.00005000,0.28076256,0.28076256
2025-10-05T08:00:00Z,BUSDT,0.00005000,0.27806444,0.27806444
2025-10-05T12:00:00Z,BUSDT,0.00005000,0.26868405,0.26868405
2025-10-05T16:00:00Z,BUSDT,0.00005000,0.27373556,0.27373556
2025-10-05T20:00:00Z,BUSDT,0.00007112,0.29290000,0.29290000
2025-10-06T00:00:00Z,BUSDT,0.00005000,0.29180000,0.29180000
2025-10-06T04:00:00Z,BUSDT,0.00005000,0.29060000,0.29060000
2025-10-06T08:00:00Z,BUSDT,0.00021132,0.29170000,0.29170000
2025-10-06T12:00:00Z,BUSDT,0.00018666,0.30639235,0.30639235
2025-10-06T16:00:00Z,BUSDT,0.00005000,0.30619309,0.30619309
2025-10-06T20:00:00Z,BUSDT,0.00005000,0.29452856,0.29452856
2025-10-07T00:00:00Z,BUSDT,0.00005000,0.29260000,0.29260000
2025-10-07T04:00:00Z,BUSDT,0.00005000,0.29096646,0.29096646
2025-10-07T08:00:00Z,BUSDT,0.00022374,0.28880000,0.28880000
2025-10-07T12:00:00Z,BUSDT,0.00005000,0.28800000,0.28800000
2025-10-07T16:00:00Z,BUSDT,0.00005000,0.27078222,0.27078222
2025-10-07T20:00:00Z,BUSDT,0.00005000,0.26070000,0.26070000
2025-10-08T00:00:00Z,BUSDT,0.00005000,0.25949809,0.25949809
2025-10-08T04:00:00Z,BUSDT,0.00005000,0.25120000,0.25120000
2025-10-08T08:00:00Z,BUSDT,0.00005000,0.25330000,0.25330000
2025-10-08T12:00:00Z,BUSDT,0.00005000,0.25170000,0.25170000
2025-10-08T16:00:00Z,BUSDT,0.00005000,0.24270000,0.24270000
2025-10-08T20:00:00Z,BUSDT,0.00005000,0.24059981,0.24059981
2025-10-09T00:00:00Z,BUSDT,0.00005000,0.24563567,0.24563567
2025-10-09T04:00:00Z,BUSDT,0.00020950,0.24420000,0.24420000
2025-10-09T08:00:00Z,BUSDT,0.00005000,0.24864889,0.24864889
2025-10-09T12:00:00Z,BUSDT,0.00005000,0.25560000,0.25560000
2025-10-09T16:00:00Z,BUSDT,0.00005000,0.25725444,0.25725444
2025-10-09T20:00:00Z,BUSDT,0.00005000,0.25041422,0.25041422
2025-10-10T00:00:00Z,BUSDT,0.00005000,0.24762000,0.24762000
2025-10-10T04:00:00Z,BUSDT,0.00005000,0.24779299,0.24779299
2025-10-10T08:00:00Z,BUSDT,0.00005000,0.22590000,0.22590000
2025-10-10T12:00:00Z,BUSDT,0.00005000,0.22430000,0.22430000
2025-10-10T16:00:00Z,BUSDT,0.00005000,0.21520000,0.21520000
2025-10-10T20:00:00Z,BUSDT,0.00005000,0.20900000,0.20900000
2025-10-11T00:00:00Z,BUSDT,0.00083481,0.16640000,0.16640000
2025-10-11T04:00:00Z,BUSDT,0.00005000,0.18063303,0.18063303
2025-10-11T08:00:00Z,BUSDT,0.00005000,0.17590000,0.17590000
2025-10-11T12:00:00Z,BUSDT,0.00005000,0.17790000,0.17790000
2025-10-11T16:00:00Z,BUSDT,0.00005000,0.18760000,0.18760000
2025-10-11T20:00:00Z,BUSDT,0.00005000,0.17400000,0.17400000
2025-10-12T00:00:00Z,BUSDT,0.00005000,0.17450000,0.17450000
2025-10-12T04:00:00Z,BUSDT,0.00005000,0.17004409,0.17004409
2025-10-12T08:00:00Z,BUSDT,0.00005000,0.17159894,0.17159894
2025-10-12T12:00:00Z,BUSDT,0.00005000,0.17210000,0.17210000
2025-10-12T16:00:00Z,BUSDT,0.00005000,0.17430000,0.17430000
2025-10-12T20:00:00Z,BUSDT,0.00005000,0.17430000,0.17430000
2025-10-13T00:00:00Z,BUSDT,0.00005000,0.16920000,0.16920000
2025-10-13T04:00:00Z,BUSDT,0.00005000,0.19430000,0.19430000
2025-10-13T08:00:00Z,BUSDT,0.00005000,0.22770000,0.22770000
2025-10-13T12:00:00Z,BUSDT,0.00005000,0.21805550,0.21805550
2025-10-13T16:00:00Z,BUSDT,0.00005000,0.20970000,0.20970000
2025-10-13T20:00:00Z,BUSDT,0.00005000,0.21024544,0.21024544
2025-10-14T00:00:00Z,BUSDT,0.00005000,0.21606811,0.21606811
2025-10-14T04:00:00Z,BUSDT,0.00005000,0.20619624,0.20619624
2025-10-14T08:00:00Z,BUSDT,0.00005000,0.19150000,0.19150000
2025-10-14T12:00:00Z,BUSDT,0.00005000,0.18670000,0.18670000
2025-10-14T16:00:00Z,BUSDT,0.00005000,0.19340000,0.19340000
2025-10-14T20:00:00Z,BUSDT,0.00005000,0.20420000,0.20420000
2025-10-15T00:00:00Z,BUSDT,0.00005000,0.20110000,0.20110000
2025-10-15T04:00:00Z,BUSDT,0.00005000,0.19709728,0.19709728
2025-10-15T08:00:00Z,BUSDT,0.00005000,0.19661499,0.19661499
2025-10-15T12:00:00Z,BUSDT,0.00005000,0.19387775,0.19387775
2025-10-15T16:00:00Z,BUSDT,0.00005000,0.18981297,0.18981297
2025-10-15T20:00:00Z,BUSDT,0.00005000,0.18490000,0.18490000
2025-10-16T00:00:00Z,BUSDT,0.00005000,0.18255100,0.18255100
2025-10-16T04:00:00Z,BUSDT,0.00005000,0.18473866,0.18473866
2025-10-16T08:00:00Z,BUSDT,0.00005000,0.18574933,0.18574933
2025-10-16T12:00:00Z,BUSDT,0.00005000,0.18580012,0.18580012
2025-10-16T16:00:00Z,BUSDT,0.00005000,0.17680000,0.17680000
2025-10-16T20:00:00Z,BUSDT,0.00005000,0.17420000,0.17420000
2025-10-17T00:00:00Z,BUSDT,0.00005000,0.17460000,0.17460000
2025-10-17T04:00:00Z,BUSDT,0.00005000,0.18020000,0.18020000
2025-10-17T08:00:00Z,BUSDT,0.00005000,0.17043539,0.17043539
2025-10-17T12:00:00Z,BUSDT,0.00005000,0.17437246,0.17437246
2025-10-17T16:00:00Z,BUSDT,0.00005000,0.16800000,0.16800000
2025-10-17T20:00:00Z,BUSDT,0.00005000,0.17066833,0.17066833
2025-10-18T00:00:00Z,BUSDT,0.00005000,0.16890000,0.16890000
2025-10-18T04:00:00Z,BUSDT,0.00005000,0.17385756,0.17385756
2025-10-18T08:00:00Z,BUSDT,0.00005000,0.18950000,0.18950000
2025-10-18T12:00:00Z,BUSDT,0.00005000,0.17890793,0.17890793
2025-10-18T16:00:00Z,BUSDT,0.00005000,0.17302400,0.17302400
2025-10-18T20:00:00Z,BUSDT,0.00005000,0.17150000,0.17150000
2025-10-19T00:00:00Z,BUSDT,0.00005000,0.17170000,0.17170000
2025-10-19T04:00:00Z,BUSDT,0.00005000,0.17230000,0.17230000
2025-10-19T08:00:00Z,BUSDT,0.00005000,0.16943832,0.16943832
2025-10-19T12:00:00Z,BUSDT,0.00005000,0.16630000,0.16630000
2025-10-19T16:00:00Z,BUSDT,0.00005000,0.16704160,0.16704160
2025-10-19T20:00:00Z,BUSDT,0.00005000,0.17073909,0.17073909
2025-10-20T00:00:00Z,BUSDT,0.00005000,0.16981214,0.16981214
2025-10-20T04:00:00Z,BUSDT,0.00005000,0.17200656,0.17200656
2025-10-20T08:00:00Z,BUSDT,0.00005000,0.16898141,0.16898141
2025-10-20T12:00:00Z,BUSDT,0.00005000,0.16119925,0.16119925
2025-10-20T16:00:00Z,BUSDT,0.00005000,0.15752800,0.15752800
2025-10-20T20:00:00Z,BUSDT,0.00005000,0.15760000,0.15760000
2025-10-21T00:00:00Z,BUSDT,0.00005000,0.15720000,0.15720000
2025-10-21T04:00:00Z,BUSDT,0.00005000,0.16087647,0.16087647
2025-10-21T08:00:00Z,BUSDT,0.00005000,0.16110000,0.16110000
2025-10-21T12:00:00Z,BUSDT,0.00005000,0.15891656,0.15891656
2025-10-21T16:00:00Z,BUSDT,0.00005000,0.16206778,0.16206778
2025-10-21T20:00:00Z,BUSDT,0.00005000,0.15376133,0.15376133
2025-10-22T00:00:00Z,BUSDT,0.00005000,0.14870000,0.14870000
2025-10-22T04:00:00Z,BUSDT,0.00005000,0.15170261,0.15170261
2025-10-22T08:00:00Z,BUSDT,0.00005000,0.15157718,0.15157718
2025-10-22T12:00:00Z,BUSDT,0.00005000,0.15417386,0.15417386
2025-10-22T16:00:00Z,BUSDT,0.00005000,0.16038604,0.16038604
2025-10-22T20:00:00Z,BUSDT,0.00005000,0.15960000,0.15960000
2025-10-23T00:00:00Z,BUSDT,0.00005000,0.15520000,0.15520000
2025-10-23T04:00:00Z,BUSDT,0.00005000,0.15368041,0.15368041
2025-10-23T08:00:00Z,BUSDT,0.00005000,0.15325000,0.15325000
2025-10-23T12:00:00Z,BUSDT,0.00005000,0.16350000,0.16350000
2025-10-23T16:00:00Z,BUSDT,0.00005000,0.16573005,0.16573005
2025-10-23T20:00:00Z,BUSDT,0.00005000,0.17250000,0.17250000
2025-10-24T00:00:00Z,BUSDT,0.00005000,0.16970000,0.16970000
2025-10-24T04:00:00Z,BUSDT,0.00005000,0.17110203,0.17110203
2025-10-24T08:00:00Z,BUSDT,0.00005000,0.16870000,0.16870000
2025-10-24T12:00:00Z,BUSDT,0.00005000,0.16620000,0.16620000
2025-10-24T16:00:00Z,BUSDT,0.00005000,0.15441947,0.15441947
2025-10-24T20:00:00Z,BUSDT,0.00005000,0.16012568,0.16012568
2025-10-25T00:00:00Z,BUSDT,0.00005000,0.16414024,0.16414024
2025-10-25T04:00:00Z,BUSDT,0.00005000,0.16964146,0.16964146
2025-10-25T08:00:00Z,BUSDT,0.00005000,0.17000000,0.17000000
2025-10-25T12:00:00Z,BUSDT,0.00005000,0.16830078,0.16830078
2025-10-25T16:00:00Z,BUSDT,0.00005000,0.16719433,0.16719433
2025-10-25T20:00:00Z,BUSDT,0.00005000,0.16851578,0.16851578
2025-10-26T00:00:00Z,BUSDT,0.00005000,0.16930000,0.16930000
2025-10-26T04:00:00Z,BUSDT,0.00005000,0.16908967,0.16908967
2025-10-26T08:00:00Z,BUSDT,0.00005000,0.17240000,0.17240000
2025-10-26T12:00:00Z,BUSDT,0.00005000,0.17370000,0.17370000
2025-10-26T16:00:00Z,BUSDT,0.00005000,0.17620000,0.17620000
2025-10-26T20:00:00Z,BUSDT,0.00005000,0.18170000,0.18170000
2025-10-27T00:00:00Z,BUSDT,0.00005000,0.18679070,0.18679070
2025-10-27T04:00:00Z,BUSDT,0.00005000,0.18860000,0.18860000
2025-10-27T08:00:00Z,BUSDT,0.00005000,0.19140000,0.19140000
2025-10-27T12:00:00Z,BUSDT,0.00005000,0.18277336,0.18277336
2025-10-27T16:00:00Z,BUSDT,0.00005000,0.17860446,0.17860446
2025-10-27T20:00:00Z,BUSDT,0.00005000,0.18916189,0.18916189
2025-10-28T00:00:00Z,BUSDT,0.00005000,0.19040000,0.19040000
2025-10-28T04:00:00Z,BUSDT,0.00005000,0.19450000,0.19450000
2025-10-28T08:00:00Z,BUSDT,0.00005000,0.19190056,0.19190056
2025-10-28T12:00:00Z,BUSDT,0.00005000,0.19388938,0.19388938
2025-10-28T16:00:00Z,BUSDT,0.00005000,0.19625222,0.19625222
2025-10-28T20:00:00Z,BUSDT,0.00005000,0.19230000,0.19230000
2025-10-29T00:00:00Z,BUSDT,0.00005000,0.18321909,0.18321909
2025-10-29T04:00:00Z,BUSDT,0.00005000,0.18480000,0.18480000
2025-10-29T08:00:00Z,BUSDT,0.00005000,0.18979989,0.18979989
2025-10-29T12:00:00Z,BUSDT,0.00005000,0.18805267,0.18805267
2025-10-29T16:00:00Z,BUSDT,0.00005000,0.19233696,0.19233696
2025-10-29T20:00:00Z,BUSDT,0.00005000,0.20120000,0.20120000
2025-10-30T00:00:00Z,BUSDT,0.00005000,0.21380000,0.21380000
2025-10-30T04:00:00Z,BUSDT,0.00005000,0.21730000,0.21730000
2025-10-30T08:00:00Z,BUSDT,0.00005000,0.22150000,0.22150000
2025-10-30T12:00:00Z,BUSDT,0.00029468,0.22567451,0.22567451
2025-10-30T16:00:00Z,BUSDT,0.00030045,0.23436708,0.23436708
2025-10-30T20:00:00Z,BUSDT,0.00032616,0.22112444,0.22112444
2025-10-31T00:00:00Z,BUSDT,0.00033890,0.22762769,0.22762769
2025-10-31T04:00:00Z,BUSDT,0.00017717,0.23552694,0.23552694
2025-10-31T08:00:00Z,BUSDT,0.00028243,0.23490142,0.23490142
2025-10-31T12:00:00Z,BUSDT,0.00005000,0.21910000,0.21910000
2025-10-31T16:00:00Z,BUSDT,0.00005000,0.20575122,0.20575122
2025-10-31T20:00:00Z,BUSDT,0.00005000,0.19434795,0.19434795
2025-11-01T00:00:00Z,BUSDT,0.00005000,0.19358883,0.19358883
2025-11-01T04:00:00Z,BUSDT,0.00005000,0.19625792,0.19625792
2025-11-01T08:00:00Z,BUSDT,0.00005000,0.18980000,0.18980000
2025-11-01T12:00:00Z,BUSDT,0.00005000,0.18601722,0.18601722
2025-11-01T16:00:00Z,BUSDT,0.00005000,0.18570000,0.18570000
2025-11-01T20:00:00Z,BUSDT,0.00005000,0.18480000,0.18480000
2025-11-02T00:00:00Z,BUSDT,0.00005000,0.18663875,0.18663875
2025-11-02T04:00:00Z,BUSDT,0.00005000,0.17820000,0.17820000
2025-11-02T08:00:00Z,BUSDT,0.00005000,0.18163531,0.18163531
2025-11-02T12:00:00Z,BUSDT,0.00005000,0.18090000,0.18090000
2025-11-02T16:00:00Z,BUSDT,0.00005000,0.17950000,0.17950000
2025-11-02T20:00:00Z,BUSDT,0.00005000,0.18086086,0.18086086
2025-11-03T00:00:00Z,BUSDT,0.00005000,0.18167248,0.18167248
2025-11-03T04:00:00Z,BUSDT,0.00005000,0.18400000,0.18400000
2025-11-03T08:00:00Z,BUSDT,0.00005000,0.18050000,0.18050000
2025-11-03T12:00:00Z,BUSDT,0.00005000,0.17720809,0.17720809
2025-11-03T16:00:00Z,BUSDT,0.00005000,0.18080000,0.18080000
2025-11-03T20:00:00Z,BUSDT,0.00005000,0.18805373,0.18805373
2025-11-04T00:00:00Z,BUSDT,0.00005000,0.18430000,0.18430000
2025-11-04T04:00:00Z,BUSDT,0.00005000,0.18717407,0.18717407
2025-11-04T08:00:00Z,BUSDT,0.00005000,0.17210000,0.17210000
2025-11-04T12:00:00Z,BUSDT,0.00005000,0.17090000,0.17090000
2025-11-04T16:00:00Z,BUSDT,0.00005000,0.17230000,0.17230000
2025-11-04T20:00:00Z,BUSDT,0.00005000,0.16440000,0.16440000
2025-11-05T00:00:00Z,BUSDT,0.00005000,0.16818715,0.16818715
2025-11-05T04:00:00Z,BUSDT,0.00005000,0.16630000,0.16630000
2025-11-05T08:00:00Z,BUSDT,0.00005000,0.16760000,0.16760000
2025-11-05T12:00:00Z,BUSDT,0.00005000,0.16348525,0.16348525
2025-11-05T16:00:00Z,BUSDT,0.00005000,0.16529667,0.16529667
2025-11-05T20:00:00Z,BUSDT,0.00005000,0.16085332,0.16085332
2025-11-06T00:00:00Z,BUSDT,0.00014123,0.16312123,0.16312123
2025-11-06T04:00:00Z,BUSDT,0.00005000,0.16310000,0.16310000
2025-11-06T08:00:00Z,BUSDT,0.00005000,0.16230000,0.16230000
2025-11-06T12:00:00Z,BUSDT,0.00005000,0.16256289,0.16256289
2025-11-06T16:00:00Z,BUSDT,0.00005000,0.15540000,0.15540000
2025-11-06T20:00:00Z,BUSDT,0.00005000,0.15764667,0.15764667
2025-11-07T00:00:00Z,BUSDT,0.00005000,0.15730000,0.15730000
2025-11-07T04:00:00Z,BUSDT,0.00005000,0.15856704,0.15856704
2025-11-07T08:00:00Z,BUSDT,0.00005000,0.15960000,0.15960000
2025-11-07T12:00:00Z,BUSDT,0.00005000,0.15434822,0.15434822
2025-11-07T16:00:00Z,BUSDT,0.00005000,0.15310000,0.15310000
2025-11-07T20:00:00Z,BUSDT,0.00005000,0.16120000,0.16120000
2025-11-08T00:00:00Z,BUSDT,0.00005000,0.16365271,0.16365271
2025-11-08T04:00:00Z,BUSDT,0.00005000,0.16090000,0.16090000
2025-11-08T08:00:00Z,BUSDT,0.00005000,0.15446176,0.15446176
2025-11-08T12:00:00Z,BUSDT,0.00005000,0.15430000,0.15430000
2025-11-08T16:00:00Z,BUSDT,0.00005000,0.15078049,0.15078049
2025-11-08T20:00:00Z,BUSDT,0.00005000,0.14020000,0.14020000
2025-11-09T00:00:00Z,BUSDT,0.00005000,0.14090000,0.14090000
2025-11-09T04:00:00Z,BUSDT,0.00005000,0.13630000,0.13630000
2025-11-09T08:00:00Z,BUSDT,0.00005000,0.13810002,0.13810002
2025-11-09T12:00:00Z,BUSDT,0.00005000,0.13715069,0.13715069
2025-11-09T16:00:00Z,BUSDT,0.00005000,0.13870000,0.13870000
2025-11-09T20:00:00Z,BUSDT,0.00005000,0.13829551,0.13829551
2025-11-10T00:00:00Z,BUSDT,0.00005000,0.14224887,0.14224887
2025-11-10T04:00:00Z,BUSDT,0.00005000,0.14004978,0.14004978
2025-11-10T08:00:00Z,BUSDT,0.00005000,0.14799584,0.14799584
2025-11-10T12:00:00Z,BUSDT,0.00005000,0.15246722,0.15246722
2025-11-10T16:00:00Z,BUSDT,0.00005000,0.15370000,0.15370000
2025-11-10T20:00:00Z,BUSDT,0.00005000,0.15089751,0.15089751
2025-11-11T00:00:00Z,BUSDT,0.00005000,0.14985000,0.14985000
2025-11-11T04:00:00Z,BUSDT,0.00005000,0.15066722,0.15066722
2025-11-11T08:00:00Z,BUSDT,0.00005000,0.14777586,0.14777586
2025-11-11T12:00:00Z,BUSDT,0.00005000,0.14920000,0.14920000
2025-11-11T16:00:00Z,BUSDT,0.00005000,0.15900000,0.15900000
2025-11-11T20:00:00Z,BUSDT,0.00005000,0.15550000,0.15550000
2025-11-12T00:00:00Z,BUSDT,0.00005000,0.15190000,0.15190000
2025-11-12T04:00:00Z,BUSDT,0.00005000,0.15013556,0.15013556
2025-11-12T08:00:00Z,BUSDT,0.00005000,0.14878989,0.14878989
2025-11-12T12:00:00Z,BUSDT,0.00005000,0.15148632,0.15148632
2025-11-12T16:00:00Z,BUSDT,0.00005000,0.14823099,0.14823099
2025-11-12T20:00:00Z,BUSDT,0.00005000,0.15340000,0.15340000
2025-11-13T00:00:00Z,BUSDT,0.00005000,0.15800000,0.15800000
2025-11-13T04:00:00Z,BUSDT,0.00005000,0.15919473,0.15919473
2025-11-13T08:00:00Z,BUSDT,0.00005000,0.16189400,0.16189400
2025-11-13T12:00:00Z,BUSDT,0.00005000,0.16250000,0.16250000
2025-11-13T16:00:00Z,BUSDT,0.00005000,0.15869902,0.15869902
2025-11-13T20:00:00Z,BUSDT,0.00005000,0.14734117,0.14734117
2025-11-14T00:00:00Z,BUSDT,0.00005000,0.14730000,0.14730000
2025-11-14T04:00:00Z,BUSDT,0.00005000,0.14835793,0.14835793
2025-11-14T08:00:00Z,BUSDT,0.00005000,0.14640130,0.14640130
2025-11-14T12:00:00Z,BUSDT,0.00005000,0.14419889,0.14419889
2025-11-14T16:00:00Z,BUSDT,0.00005000,0.13710000,0.13710000
2025-11-14T20:00:00Z,BUSDT,0.00005000,0.15020000,0.15020000
2025-11-15T00:00:00Z,BUSDT,0.00021267,0.14450000,0.14450000
2025-11-15T04:00:00Z,BUSDT,0.00058449,0.15710000,0.15710000
2025-11-15T08:00:00Z,BUSDT,0.00026074,0.16329030,0.16329030
2025-11-15T12:00:00Z,BUSDT,0.00038960,0.16155683,0.16155683
2025-11-15T16:00:00Z,BUSDT,0.00063766,0.16600000,0.16600000
2025-11-15T20:00:00Z,BUSDT,0.00057719,0.16418673,0.16418673
2025-11-16T00:00:00Z,BUSDT,0.00070526,0.16885859,0.16885859
2025-11-16T04:00:00Z,BUSDT,0.00026765,0.16760000,0.16760000
2025-11-16T08:00:00Z,BUSDT,0.00054068,0.16950000,0.16950000
2025-11-16T12:00:00Z,BUSDT,0.00017896,0.16895789,0.16895789
2025-11-16T16:00:00Z,BUSDT,0.00005000,0.16078045,0.16078045
2025-11-16T20:00:00Z,BUSDT,0.00036855,0.15980000,0.15980000
2025-11-17T00:00:00Z,BUSDT,0.00060041,0.16950000,0.16950000
2025-11-17T04:00:00Z,BUSDT,0.00011101,0.17404944,0.17404944
2025-11-17T08:00:00Z,BUSDT,0.00028109,0.17030000,0.17030000
2025-11-17T12:00:00Z,BUSDT,0.00005382,0.17140000,0.17140000
2025-11-17T16:00:00Z,BUSDT,0.00005000,0.16390000,0.16390000
2025-11-17T20:00:00Z,BUSDT,0.00005000,0.16174900,0.16174900
2025-11-18T00:00:00Z,BUSDT,0.00005000,0.16435000,0.16435000
2025-11-18T04:00:00Z,BUSDT,0.00015669,0.16486398,0.16486398
2025-11-18T08:00:00Z,BUSDT,0.00005000,0.16392293,0.16392293
2025-11-18T12:00:00Z,BUSDT,0.00059055,0.16340000,0.16340000
2025-11-18T16:00:00Z,BUSDT,0.00012939,0.16400000,0.16400000
2025-11-18T20:00:00Z,BUSDT,0.00052291,0.17520000,0.17520000
2025-11-19T00:00:00Z,BUSDT,0.00073973,0.17670000,0.17670000
2025-11-19T04:00:00Z,BUSDT,0.00014015,0.17538994,0.17538994
2025-11-19T08:00:00Z,BUSDT,0.00005000,0.17650000,0.17650000
2025-11-19T12:00:00Z,BUSDT,0.00045273,0.18110000,0.18110000
2025-11-19T16:00:00Z,BUSDT,0.00019041,0.18147484,0.18147484
2025-11-19T20:00:00Z,BUSDT,0.00016261,0.18080000,0.18080000
2025-11-20T00:00:00Z,BUSDT,0.00005000,0.18400000,0.18400000
2025-11-20T04:00:00Z,BUSDT,0.00025120,0.18798878,0.18798878
2025-11-20T08:00:00Z,BUSDT,0.00005000,0.17794601,0.17794601
2025-11-20T12:00:00Z,BUSDT,0.00005000,0.17746421,0.17746421
2025-11-20T16:00:00Z,BUSDT,0.00005000,0.17464588,0.17464588
2025-11-20T20:00:00Z,BUSDT,0.00005000,0.16760000,0.16760000
2025-11-21T00:00:00Z,BUSDT,0.00005000,0.16107007,0.16107007
2025-11-21T04:00:00Z,BUSDT,0.00005000,0.15632943,0.15632943
2025-11-21T08:00:00Z,BUSDT,0.00005000,0.16040000,0.16040000
2025-11-21T12:00:00Z,BUSDT,0.00005000,0.16610000,0.16610000
2025-11-21T16:00:00Z,BUSDT,0.00005000,0.16819710,0.16819710
2025-11-21T20:00:00Z,BUSDT,0.00005000,0.16980000,0.16980000
2025-11-22T00:00:00Z,BUSDT,0.00005000,0.16990000,0.16990000
2025-11-22T04:00:00Z,BUSDT,0.00005000,0.17094870,0.17094870
2025-11-22T08:00:00Z,BUSDT,0.00005000,0.17050000,0.17050000
2025-11-22T12:00:00Z,BUSDT,0.00005000,0.17255300,0.17255300
2025-11-22T16:00:00Z,BUSDT,0.00005000,0.17557905,0.17557905
2025-11-22T20:00:00Z,BUSDT,0.00005000,0.17625545,0.17625545
2025-11-23T00:00:00Z,BUSDT,0.00005000,0.17680000,0.17680000
2025-11-23T04:00:00Z,BUSDT,0.00005000,0.17720000,0.17720000
2025-11-23T08:00:00Z,BUSDT,0.00005000,0.17170000,0.17170000
2025-11-23T12:00:00Z,BUSDT,0.00005000,0.17017678,0.17017678
2025-11-23T16:00:00Z,BUSDT,0.00005000,0.16740000,0.16740000
2025-11-23T20:00:00Z,BUSDT,0.00005000,0.18347371,0.18347371
2025-11-24T00:00:00Z,BUSDT,0.00005000,0.18475078,0.18475078
2025-11-24T04:00:00Z,BUSDT,0.00005000,0.18603728,0.18603728
2025-11-24T08:00:00Z,BUSDT,0.00005000,0.18799886,0.18799886
2025-11-24T12:00:00Z,BUSDT,0.00009011,0.18720000,0.18720000
2025-11-24T16:00:00Z,BUSDT,0.00005000,0.18460000,0.18460000
2025-11-24T20:00:00Z,BUSDT,0.00005000,0.18565198,0.18565198
2025-11-25T00:00:00Z,BUSDT,0.00005000,0.18132233,0.18132233
2025-11-25T04:00:00Z,BUSDT,0.00030346,0.18050000,0.18050000
2025-11-25T08:00:00Z,BUSDT,0.00021528,0.17990000,0.17990000
2025-11-25T12:00:00Z,BUSDT,0.00027405,0.17986885,0.17986885
2025-11-25T16:00:00Z,BUSDT,0.00036991,0.19280000,0.19280000
2025-11-25T20:00:00Z,BUSDT,0.00054369,0.19580000,0.19580000
2025-11-26T00:00:00Z,BUSDT,0.00015633,0.19300000,0.19300000
2025-11-26T04:00:00Z,BUSDT,0.00025821,0.18954278,0.18954278
2025-11-26T08:00:00Z,BUSDT,0.00028968,0.18840000,0.18840000
2025-11-26T12:00:00Z,BUSDT,0.00039399,0.19538456,0.19538456
2025-11-26T16:00:00Z,BUSDT,0.00026356,0.19334452,0.19334452
2025-11-26T20:00:00Z,BUSDT,0.00005000,0.18160000,0.18160000
2025-11-27T00:00:00Z,BUSDT,0.00005000,0.16870000,0.16870000
2025-11-27T04:00:00Z,BUSDT,0.00005000,0.16490000,0.16490000
2025-11-27T08:00:00Z,BUSDT,0.00005000,0.17110000,0.17110000
2025-11-27T12:00:00Z,BUSDT,0.00033145,0.16909247,0.16909247
2025-11-27T16:00:00Z,BUSDT,0.00009433,0.16615732,0.16615732
2025-11-27T20:00:00Z,BUSDT,0.00005000,0.16595000,0.16595000
2025-11-28T00:00:00Z,BUSDT,0.00005000,0.16050000,0.16050000
2025-11-28T04:00:00Z,BUSDT,0.00005000,0.15894167,0.15894167
2025-11-28T08:00:00Z,BUSDT,0.00005000,0.15718000,0.15718000
2025-11-28T12:00:00Z,BUSDT,0.00005000,0.15905000,0.15905000
2025-11-28T16:00:00Z,BUSDT,0.00005000,0.15752617,0.15752617
2025-11-28T20:00:00Z,BUSDT,0.00005000,0.15006147,0.15006147
2025-11-29T00:00:00Z,BUSDT,0.00005000,0.15340000,0.15340000
2025-11-29T04:00:00Z,BUSDT,0.00005000,0.15380000,0.15380000
2025-11-29T08:00:00Z,BUSDT,0.00005000,0.15513676,0.15513676
2025-11-29T12:00:00Z,BUSDT,0.00005000,0.15480000,0.15480000
2025-11-29T16:00:00Z,BUSDT,0.00005000,0.15465957,0.15465957
2025-11-29T20:00:00Z,BUSDT,0.00005000,0.15410000,0.15410000
2025-11-30T00:00:00Z,BUSDT,0.00005000,0.15765353,0.15765353
2025-11-30T04:00:00Z,BUSDT,0.00007013,0.15827877,0.15827877
2025-11-30T08:00:00Z,BUSDT,0.00005000,0.15520000,0.15520000
2025-11-30T12:00:00Z,BUSDT,0.00005000,0.15610000,0.15610000
2025-11-30T16:00:00Z,BUSDT,0.00005000,0.15649269,0.15649269
2025-11-30T20:00:00Z,BUSDT,0.00005000,0.16080000,0.16080000
2025-12-01T00:00:00Z,BUSDT,0.00005000,0.16004345,0.16004345
2025-12-01T04:00:00Z,BUSDT,0.00005000,0.16720000,0.16720000
2025-12-01T08:00:00Z,BUSDT,0.00005000,0.15440000,0.15440000
2025-12-01T12:00:00Z,BUSDT,0.00005000,0.15840000,0.15840000
2025-12-01T16:00:00Z,BUSDT,0.00005076,0.17238139,0.17238139
2025-12-01T20:00:00Z,BUSDT,0.00036030,0.19570000,0.19570000
2025-12-02T00:00:00Z,BUSDT,0.00069434,0.17148988,0.17148988
2025-12-02T04:00:00Z,BUSDT,0.00005000,0.15832034,0.15832034
2025-12-02T08:00:00Z,BUSDT,0.00005000,0.17221448,0.17221448
2025-12-02T12:00:00Z,BUSDT,0.00005557,0.17725444,0.17725444
2025-12-02T16:00:00Z,BUSDT,0.00005000,0.20097992,0.20097992
2025-12-02T20:00:00Z,BUSDT,0.00005645,0.20936315,0.20936315
2025-12-03T00:00:00Z,BUSDT,0.00014911,0.20470000,0.20470000
2025-12-03T04:00:00Z,BUSDT,0.00020980,0.21690000,0.21690000
2025-12-03T08:00:00Z,BUSDT,0.00005000,0.20710000,0.20710000
2025-12-03T12:00:00Z,BUSDT,0.00011744,0.22148474,0.22148474
2025-12-03T16:00:00Z,BUSDT,0.00048185,0.23580000,0.23580000
2025-12-03T20:00:00Z,BUSDT,0.00036433,0.23560000,0.23560000
2025-12-04T00:00:00Z,BUSDT,0.00045993,0.23320769,0.23320769
2025-12-04T04:00:00Z,BUSDT,0.00019892,0.23420000,0.23420000
2025-12-04T08:00:00Z,BUSDT,0.00023864,0.23690015,0.23690015
2025-12-04T12:00:00Z,BUSDT,0.00013513,0.24140861,0.24140861
2025-12-04T16:00:00Z,BUSDT,0.00005000,0.23690000,0.23690000
2025-12-04T20:00:00Z,BUSDT,0.00010119,0.23715940,0.23715940
2025-12-05T00:00:00Z,BUSDT,0.00005000,0.23680000,0.23680000
2025-12-05T04:00:00Z,BUSDT,0.00005000,0.24022586,0.24022586
2025-12-05T08:00:00Z,BUSDT,0.00005000,0.24060000,0.24060000
2025-12-05T12:00:00Z,BUSDT,0.00005000,0.23470000,0.23470000
2025-12-05T16:00:00Z,BUSDT,0.00030769,0.23230000,0.23230000
2025-12-05T20:00:00Z,BUSDT,0.00008461,0.23875410,0.23875410
2025-12-06T00:00:00Z,BUSDT,0.00005000,0.24135153,0.24135153
2025-12-06T04:00:00Z,BUSDT,0.00005000,0.23440000,0.23440000
2025-12-06T08:00:00Z,BUSDT,0.00005220,0.23343752,0.23343752
2025-12-06T12:00:00Z,BUSDT,0.00007886,0.23270000,0.23270000
2025-12-06T16:00:00Z,BUSDT,0.00005000,0.20840000,0.20840000
2025-12-06T20:00:00Z,BUSDT,0.00005000,0.22539767,0.22539767
2025-12-07T00:00:00Z,BUSDT,0.00005000,0.22370000,0.22370000
2025-12-07T04:00:00Z,BUSDT,0.00008758,0.23330000,0.23330000
2025-12-07T08:00:00Z,BUSDT,0.00005000,0.24255948,0.24255948
2025-12-07T12:00:00Z,BUSDT,0.00013247,0.23652363,0.23652363
2025-12-07T16:00:00Z,BUSDT,0.00005000,0.23770000,0.23770000
2025-12-07T20:00:00Z,BUSDT,0.00005000,0.23720000,0.23720000
2025-12-08T00:00:00Z,BUSDT,0.00025037,0.24490000,0.24490000
2025-12-08T04:00:00Z,BUSDT,0.00015350,0.23736240,0.23736240
2025-12-08T08:00:00Z,BUSDT,0.00005000,0.23900000,0.23900000
2025-12-08T12:00:00Z,BUSDT,0.00005000,0.23530000,0.23530000
2025-12-08T16:00:00Z,BUSDT,0.00005000,0.23149110,0.23149110
2025-12-08T20:00:00Z,BUSDT,0.00029023,0.24422673,0.24422673
2025-12-09T00:00:00Z,BUSDT,0.00005000,0.24391433,0.24391433
2025-12-09T04:00:00Z,BUSDT,0.00043489,0.24700000,0.24700000
2025-12-09T08:00:00Z,BUSDT,0.00052469,0.25370000,0.25370000
2025-12-09T12:00:00Z,BUSDT,0.00005000,0.24767040,0.24767040
2025-12-09T16:00:00Z,BUSDT,0.00005000,0.25472801,0.25472801
2025-12-09T20:00:00Z,BUSDT,0.00005000,0.23570000,0.23570000
2025-12-10T00:00:00Z,BUSDT,0.00005000,0.23540420,0.23540420
2025-12-10T04:00:00Z,BUSDT,0.00005000,0.22890000,0.22890000
2025-12-10T08:00:00Z,BUSDT,0.00005000,0.22592518,0.22592518
2025-12-10T12:00:00Z,BUSDT,0.00005000,0.22829379,0.22829379
2025-12-10T16:00:00Z,BUSDT,0.00005000,0.22510000,0.22510000
2025-12-10T20:00:00Z,BUSDT,0.00005000,0.22011465,0.22011465
2025-12-11T00:00:00Z,BUSDT,0.00005000,0.22070000,0.22070000
2025-12-11T04:00:00Z,BUSDT,0.00012889,0.23310000,0.23310000
2025-12-11T08:00:00Z,BUSDT,0.00009876,0.23837096,0.23837096
2025-12-11T12:00:00Z,BUSDT,0.00005000,0.25582824,0.25582824
2025-12-11T16:00:00Z,BUSDT,0.00005000,0.25021513,0.25021513
2025-12-11T20:00:00Z,BUSDT,0.00005000,0.24112692,0.24112692
2025-12-12T00:00:00Z,BUSDT,0.00005000,0.24379186,0.24379186
2025-12-12T04:00:00Z,BUSDT,0.00019926,0.23980000,0.23980000
2025-12-12T08:00:00Z,BUSDT,0.00005000,0.23710000,0.23710000
2025-12-12T12:00:00Z,BUSDT,0.00005000,0.23520000,0.23520000
2025-12-12T16:00:00Z,BUSDT,0.00005000,0.24440000,0.24440000
2025-12-12T20:00:00Z,BUSDT,0.00005000,0.24608397,0.24608397
2025-12-13T00:00:00Z,BUSDT,0.00008960,0.24250650,0.24250650
2025-12-13T04:00:00Z,BUSDT,0.00005000,0.23726910,0.23726910
2025-12-13T08:00:00Z,BUSDT,0.00011724,0.24040000,0.24040000
2025-12-13T12:00:00Z,BUSDT,0.00005000,0.24240000,0.24240000
2025-12-13T16:00:00Z,BUSDT,0.00005000,0.24240000,0.24240000
2025-12-13T20:00:00Z,BUSDT,0.00016473,0.24430000,0.24430000
2025-12-14T00:00:00Z,BUSDT,0.00022309,0.25300000,0.25300000
2025-12-14T04:00:00Z,BUSDT,0.00005000,0.24914493,0.24914493
2025-12-14T08:00:00Z,BUSDT,0.00005000,0.24945317,0.24945317
2025-12-14T12:00:00Z,BUSDT,0.00005000,0.24560000,0.24560000
2025-12-14T16:00:00Z,BUSDT,0.00005000,0.24627944,0.24627944
2025-12-14T20:00:00Z,BUSDT,0.00005000,0.23910000,0.23910000
2025-12-15T00:00:00Z,BUSDT,0.00005000,0.23610000,0.23610000
2025-12-15T04:00:00Z,BUSDT,0.00005000,0.23869537,0.23869537
2025-12-15T08:00:00Z,BUSDT,0.00005000,0.23810000,0.23810000
2025-12-15T12:00:00Z,BUSDT,0.00005000,0.24173740,0.24173740
2025-12-15T16:00:00Z,BUSDT,0.00005000,0.23530000,0.23530000
2025-12-15T20:00:00Z,BUSDT,0.00005000,0.23980000,0.23980000
2025-12-16T00:00:00Z,BUSDT,0.00005000,0.24167067,0.24167067
2025-12-16T04:00:00Z,BUSDT,0.00005000,0.23770000,0.23770000
2025-12-16T08:00:00Z,BUSDT,0.00005000,0.23268663,0.23268663
2025-12-16T12:00:00Z,BUSDT,0.00005000,0.23077577,0.23077577
2025-12-16T16:00:00Z,BUSDT,0.00005000,0.23166184,0.23166184
2025-12-16T20:00:00Z,BUSDT,0.00005000,0.23190000,0.23190000
2025-12-17T00:00:00Z,BUSDT,0.00005000,0.23830000,0.23830000
2025-12-17T04:00:00Z,BUSDT,0.00005000,0.23961287,0.23961287
2025-12-17T08:00:00Z,BUSDT,0.00005000,0.23400040,0.23400040
2025-12-17T12:00:00Z,BUSDT,0.00005000,0.23190000,0.23190000
2025-12-17T16:00:00Z,BUSDT,0.00005000,0.21847708,0.21847708
2025-12-17T20:00:00Z,BUSDT,0.00005000,0.22990000,0.22990000
2025-12-18T00:00:00Z,BUSDT,0.00005000,0.23110000,0.23110000
2025-12-18T04:00:00Z,BUSDT,0.00005000,0.22518640,0.22518640
2025-12-18T08:00:00Z,BUSDT,0.00005000,0.22240000,0.22240000
2025-12-18T12:00:00Z,BUSDT,0.00005000,0.23020000,0.23020000
2025-12-18T16:00:00Z,BUSDT,0.00005000,0.22450000,0.22450000
2025-12-18T20:00:00Z,BUSDT,0.00005000,0.22577645,0.22577645
2025-12-19T00:00:00Z,BUSDT,0.00005000,0.22383449,0.22383449
2025-12-19T04:00:00Z,BUSDT,0.00005000,0.22490000,0.22490000
2025-12-19T08:00:00Z,BUSDT,0.00005000,0.22570000,0.22570000
2025-12-19T12:00:00Z,BUSDT,0.00005000,0.22180000,0.22180000
2025-12-19T16:00:00Z,BUSDT,0.00005000,0.21399183,0.21399183
2025-12-19T20:00:00Z,BUSDT,0.00005000,0.20630000,0.20630000
2025-12-20T00:00:00Z,BUSDT,0.00005000,0.20791660,0.20791660
2025-12-20T04:00:00Z,BUSDT,0.00005000,0.21070000,0.21070000
2025-12-20T08:00:00Z,BUSDT,0.00005000,0.20620000,0.20620000
2025-12-20T12:00:00Z,BUSDT,0.00005000,0.19650000,0.19650000
2025-12-20T16:00:00Z,BUSDT,0.00005000,0.19599825,0.19599825
2025-12-20T20:00:00Z,BUSDT,0.00005000,0.20092610,0.20092610
2025-12-21T00:00:00Z,BUSDT,0.00005000,0.21551608,0.21551608
2025-12-21T04:00:00Z,BUSDT,0.00005000,0.20895947,0.20895947
2025-12-21T08:00:00Z,BUSDT,0.00005000,0.20719173,0.20719173
2025-12-21T12:00:00Z,BUSDT,0.00005000,0.20375966,0.20375966
2025-12-21T16:00:00Z,BUSDT,0.00005000,0.21290000,0.21290000
2025-12-21T20:00:00Z,BUSDT,0.00005000,0.21259683,0.21259683
2025-12-22T00:00:00Z,BUSDT,0.00005000,0.21240000,0.21240000
2025-12-22T04:00:00Z,BUSDT,0.00005000,0.21190000,0.21190000
2025-12-22T08:00:00Z,BUSDT,0.00005000,0.21166639,0.21166639
2025-12-22T12:00:00Z,BUSDT,0.00005000,0.21056353,0.21056353
2025-12-22T16:00:00Z,BUSDT,0.00005000,0.20830000,0.20830000
2025-12-22T20:00:00Z,BUSDT,0.00005000,0.20666537,0.20666537
2025-12-23T00:00:00Z,BUSDT,0.00005000,0.20645467,0.20645467
2025-12-23T04:00:00Z,BUSDT,0.00005000,0.19941775,0.19941775
2025-12-23T08:00:00Z,BUSDT,0.00005000,0.19890566,0.19890566
2025-12-23T12:00:00Z,BUSDT,0.00005000,0.19300000,0.19300000
2025-12-23T16:00:00Z,BUSDT,0.00005000,0.19565110,0.19565110
2025-12-23T20:00:00Z,BUSDT,0.00005000,0.19380000,0.19380000
2025-12-24T00:00:00Z,BUSDT,0.00005000,0.19310000,0.19310000
2025-12-24T04:00:00Z,BUSDT,0.00005000,0.19270000,0.19270000
2025-12-24T08:00:00Z,BUSDT,0.00005000,0.19442007,0.19442007
2025-12-24T12:00:00Z,BUSDT,0.00005000,0.19264348,0.19264348
2025-12-24T16:00:00Z,BUSDT,0.00005000,0.19430000,0.19430000
2025-12-24T20:00:00Z,BUSDT,0.00005000,0.18760000,0.18760000
2025-12-25T00:00:00Z,BUSDT,0.00005000,0.19070000,0.19070000
2025-12-25T04:00:00Z,BUSDT,0.00005000,0.19120000,0.19120000
2025-12-25T08:00:00Z,BUSDT,0.00005000,0.18949998,0.18949998
2025-12-25T12:00:00Z,BUSDT,0.00005000,0.18526696,0.18526696
2025-12-25T16:00:00Z,BUSDT,0.00005000,0.18514066,0.18514066
2025-12-25T20:00:00Z,BUSDT,0.00005000,0.18422323,0.18422323
2025-12-26T00:00:00Z,BUSDT,0.00005000,0.17776439,0.17776439
2025-12-26T04:00:00Z,BUSDT,0.00005000,0.17769184,0.17769184
2025-12-26T08:00:00Z,BUSDT,0.00005000,0.17970000,0.17970000
2025-12-26T12:00:00Z,BUSDT,0.00005000,0.17990000,0.17990000
2025-12-26T16:00:00Z,BUSDT,0.00005000,0.17947591,0.17947591
2025-12-26T20:00:00Z,BUSDT,0.00005000,0.17655166,0.17655166
2025-12-27T00:00:00Z,BUSDT,0.00005000,0.17250000,0.17250000
2025-12-27T04:00:00Z,BUSDT,0.00005000,0.17420000,0.17420000
2025-12-27T08:00:00Z,BUSDT,0.00005000,0.17300000,0.17300000
2025-12-27T12:00:00Z,BUSDT,0.00005000,0.16776081,0.16776081
2025-12-27T16:00:00Z,BUSDT,0.00005000,0.15730000,0.15730000
2025-12-27T20:00:00Z,BUSDT,0.00005000,0.16020000,0.16020000
2025-12-28T00:00:00Z,BUSDT,0.00005000,0.16145146,0.16145146
2025-12-28T04:00:00Z,BUSDT,0.00005000,0.16190000,0.16190000
2025-12-28T08:00:00Z,BUSDT,0.00005000,0.16360000,0.16360000
2025-12-28T12:00:00Z,BUSDT,0.00005000,0.16066911,0.16066911
2025-12-28T16:00:00Z,BUSDT,0.00005000,0.15910000,0.15910000
2025-12-28T20:00:00Z,BUSDT,0.00005000,0.15770000,0.15770000
2025-12-29T00:00:00Z,BUSDT,0.00005000,0.15720000,0.15720000
2025-12-29T04:00:00Z,BUSDT,0.00005000,0.16119557,0.16119557
2025-12-29T08:00:00Z,BUSDT,0.00005000,0.15713589,0.15713589
2025-12-29T12:00:00Z,BUSDT,0.00005000,0.14345714,0.14345714
2025-12-29T16:00:00Z,BUSDT,0.00005000,0.14670000,0.14670000
2025-12-29T20:00:00Z,BUSDT,0.00005000,0.14620000,0.14620000
2025-12-30T00:00:00Z,BUSDT,0.00005000,0.14624984,0.14624984
2025-12-30T04:00:00Z,BUSDT,0.00005000,0.15230000,0.15230000
2025-12-30T08:00:00Z,BUSDT,0.00005000,0.15486050,0.15486050
2025-12-30T12:00:00Z,BUSDT,0.00005000,0.15396446,0.15396446
2025-12-30T16:00:00Z,BUSDT,0.00005000,0.15347249,0.15347249
2025-12-30T20:00:00Z,BUSDT,0.00005000,0.15170000,0.15170000
2025-12-31T00:00:00Z,BUSDT,0.00005000,0.15230000,0.15230000
2025-12-31T04:00:00Z,BUSDT,0.00005000,0.15004163,0.15004163
2025-12-31T08:00:00Z,BUSDT,0.00005000,0.14950000,0.14950000
2025-12-31T12:00:00Z,BUSDT,0.00005000,0.14430000,0.14430000
2025-12-31T16:00:00Z,BUSDT,0.00005000,0.13947015,0.13947015
2025-12-31T20:00:00Z,BUSDT,0.00005000,0.13827107,0.13827107
2026-01-01T00:00:00Z,BUSDT,0.00005000,0.13360000,0.13360000
2026-01-01T04:00:00Z,BUSDT,0.00005000,0.13250000,0.13250000
2026-01-01T08:00:00Z,BUSDT,0.00005000,0.14510000,0.14510000
2026-01-01T12:00:00Z,BUSDT,0.00005000,0.14350000,0.14350000
2026-01-01T16:00:00Z,BUSDT,0.00005000,0.13914671,0.13914671
2026-01-01T20:00:00Z,BUSDT,0.00005000,0.13750000,0.13750000
2026-01-02T00:00:00Z,BUSDT,0.00005000,0.13541701,0.13541701
2026-01-02T04:00:00Z,BUSDT,0.00005000,0.13245787,0.13245787
2026-01-02T08:00:00Z,BUSDT,0.00005000,0.12931629,0.12931629
2026-01-02T12:00:00Z,BUSDT,0.00005000,0.13880000,0.13880000
2026-01-02T16:00:00Z,BUSDT,0.00005000,0.13403149,0.13403149
2026-01-02T20:00:00Z,BUSDT,0.00005000,0.13695639,0.13695639
2026-01-03T00:00:00Z,BUSDT,0.00005000,0.13990000,0.13990000
2026-01-03T04:00:00Z,BUSDT,0.00030740,0.22546649,0.22546649
2026-01-03T08:00:00Z,BUSDT,0.00024485,0.18360000,0.18360000
2026-01-03T12:00:00Z,BUSDT,0.00044768,0.21865212,0.21865212
2026-01-03T16:00:00Z,BUSDT,0.00077810,0.21169795,0.21169795
2026-01-03T20:00:00Z,BUSDT,0.00043866,0.21049834,0.21049834
2026-01-04T00:00:00Z,BUSDT,0.00036888,0.20634896,0.20634896
2026-01-04T04:00:00Z,BUSDT,0.00019045,0.18902605,0.18902605
2026-01-04T08:00:00Z,BUSDT,0.00040406,0.20200000,0.20200000
2026-01-04T12:00:00Z,BUSDT,0.00019501,0.18867980,0.18867980
2026-01-04T16:00:00Z,BUSDT,0.00027725,0.21289107,0.21289107
2026-01-04T20:00:00Z,BUSDT,0.00046131,0.20670000,0.20670000
2026-01-05T00:00:00Z,BUSDT,0.00046294,0.20795195,0.20795195
2026-01-05T04:00:00Z,BUSDT,0.00035273,0.20900000,0.20900000
2026-01-05T08:00:00Z,BUSDT,0.00014108,0.21010000,0.21010000
2026-01-05T12:00:00Z,BUSDT,0.00011851,0.21330000,0.21330000
2026-01-05T16:00:00Z,BUSDT,0.00013626,0.21404053,0.21404053
2026-01-05T20:00:00Z,BUSDT,0.00045437,0.20910000,0.20910000
2026-01-06T00:00:00Z,BUSDT,0.00021262,0.20970000,0.20970000
2026-01-06T04:00:00Z,BUSDT,0.00005000,0.20565083,0.20565083
2026-01-06T08:00:00Z,BUSDT,0.00005000,0.20540000,0.20540000
2026-01-06T12:00:00Z,BUSDT,0.00005000,0.20927220,0.20927220
2026-01-06T16:00:00Z,BUSDT,0.00025679,0.22782368,0.22782368
2026-01-06T20:00:00Z,BUSDT,0.00035945,0.22408878,0.22408878
2026-01-07T00:00:00Z,BUSDT,0.00042901,0.22670000,0.22670000
2026-01-07T04:00:00Z,BUSDT,0.00039723,0.22285139,0.22285139
2026-01-07T08:00:00Z,BUSDT,0.00005000,0.22098777,0.22098777
2026-01-07T12:00:00Z,BUSDT,0.00005000,0.22361467,0.22361467
2026-01-07T16:00:00Z,BUSDT,0.00005000,0.24471176,0.24471176
2026-01-07T20:00:00Z,BUSDT,0.00022454,0.23589111,0.23589111
2026-01-08T00:00:00Z,BUSDT,0.00026534,0.23625564,0.23625564
2026-01-08T04:00:00Z,BUSDT,0.00008444,0.23828751,0.23828751
2026-01-08T08:00:00Z,BUSDT,0.00005000,0.22822598,0.22822598
2026-01-08T12:00:00Z,BUSDT,0.00005000,0.23144674,0.23144674
2026-01-08T16:00:00Z,BUSDT,0.00026821,0.23521849,0.23521849
2026-01-08T20:00:00Z,BUSDT,0.00010446,0.22239859,0.22239859
2026-01-09T00:00:00Z,BUSDT,0.00005000,0.22110000,0.22110000
2026-01-09T04:00:00Z,BUSDT,0.00005000,0.21891120,0.21891120
2026-01-09T08:00:00Z,BUSDT,0.00005000,0.21275788,0.21275788
2026-01-09T12:00:00Z,BUSDT,0.00005000,0.19942408,0.19942408
2026-01-09T16:00:00Z,BUSDT,0.00005000,0.19674706,0.19674706
2026-01-09T20:00:00Z,BUSDT,0.00005000,0.19490000,0.19490000
2026-01-10T00:00:00Z,BUSDT,0.00005000,0.19980000,0.19980000
2026-01-10T04:00:00Z,BUSDT,0.00005000,0.19590000,0.19590000
2026-01-10T08:00:00Z,BUSDT,0.00005000,0.19950000,0.19950000
2026-01-10T12:00:00Z,BUSDT,0.00064166,0.22300000,0.22300000
2026-01-10T16:00:00Z,BUSDT,0.00053206,0.22780000,0.22780000
2026-01-10T20:00:00Z,BUSDT,0.00046735,0.23088584,0.23088584
2026-01-11T00:00:00Z,BUSDT,0.00025312,0.22676403,0.22676403
2026-01-11T04:00:00Z,BUSDT,0.00027774,0.22278794,0.22278794
2026-01-11T08:00:00Z,BUSDT,0.00042201,0.22640000,0.22640000
2026-01-11T12:00:00Z,BUSDT,0.00036853,0.22520000,0.22520000
2026-01-11T16:00:00Z,BUSDT,0.00023714,0.22608722,0.22608722
2026-01-11T20:00:00Z,BUSDT,0.00030427,0.22532730,0.22532730
2026-01-12T00:00:00Z,BUSDT,0.00053631,0.23400000,0.23400000
2026-01-12T04:00:00Z,BUSDT,0.00064482,0.27370000,0.27370000
2026-01-12T08:00:00Z,BUSDT,0.00044728,0.28136285,0.28136285
2026-01-12T12:00:00Z,BUSDT,0.00005344,0.26720000,0.26720000
2026-01-12T16:00:00Z,BUSDT,0.00011336,0.27065230,0.27065230
2026-01-12T20:00:00Z,BUSDT,0.00012647,0.27176253,0.27176253
2026-01-13T00:00:00Z,BUSDT,0.00005000,0.26710000,0.26710000
2026-01-13T04:00:00Z,BUSDT,0.00013981,0.27090000,0.27090000
2026-01-13T08:00:00Z,BUSDT,0.00012377,0.27620000,0.27620000
2026-01-13T12:00:00Z,BUSDT,0.00005000,0.20110000,0.20110000
2026-01-13T16:00:00Z,BUSDT,0.00005000,0.22595071,0.22595071
2026-01-13T20:00:00Z,BUSDT,0.00005000,0.23090000,0.23090000
2026-01-14T00:00:00Z,BUSDT,0.00005000,0.22950000,0.22950000
2026-01-14T04:00:00Z,BUSDT,0.00006231,0.24596632,0.24596632
2026-01-14T08:00:00Z,BUSDT,0.00005000,0.23563702,0.23563702
2026-01-14T12:00:00Z,BUSDT,0.00026131,0.24465728,0.24465728
2026-01-14T16:00:00Z,BUSDT,0.00022013,0.24740000,0.24740000
2026-01-14T20:00:00Z,BUSDT,0.00047870,0.25069656,0.25069656
2026-01-15T00:00:00Z,BUSDT,0.00038479,0.25777527,0.25777527
2026-01-15T04:00:00Z,BUSDT,0.00047734,0.25550000,0.25550000
2026-01-15T08:00:00Z,BUSDT,0.00006030,0.25217979,0.25217979
2026-01-15T12:00:00Z,BUSDT,0.00009932,0.24150451,0.24150451
2026-01-15T16:00:00Z,BUSDT,0.00012634,0.23837800,0.23837800
2026-01-15T20:00:00Z,BUSDT,0.00005000,0.23210000,0.23210000
2026-01-16T00:00:00Z,BUSDT,0.00005000,0.23180000,0.23180000
2026-01-16T04:00:00Z,BUSDT,0.00005000,0.24047476,0.24047476
2026-01-16T08:00:00Z,BUSDT,0.00005000,0.23450000,0.23450000
2026-01-16T12:00:00Z,BUSDT,0.00005000,0.23660000,0.23660000
2026-01-16T16:00:00Z,BUSDT,0.00005000,0.23140000,0.23140000
2026-01-16T20:00:00Z,BUSDT,0.00005000,0.23166467,0.23166467
2026-01-17T00:00:00Z,BUSDT,0.00005000,0.22623197,0.22623197
2026-01-17T04:00:00Z,BUSDT,0.00005000,0.22040000,0.22040000
2026-01-17T08:00:00Z,BUSDT,0.00005000,0.21938875,0.21938875
2026-01-17T12:00:00Z,BUSDT,0.00005000,0.21810000,0.21810000
2026-01-17T16:00:00Z,BUSDT,0.00005000,0.22019730,0.22019730
2026-01-17T20:00:00Z,BUSDT,0.00005000,0.21490000,0.21490000
2026-01-18T00:00:00Z,BUSDT,0.00005000,0.21195594,0.21195594
2026-01-18T04:00:00Z,BUSDT,0.00005000,0.20990000,0.20990000
2026-01-18T08:00:00Z,BUSDT,0.00005000,0.20540000,0.20540000
2026-01-18T12:00:00Z,BUSDT,0.00005000,0.20526467,0.20526467
2026-01-18T16:00:00Z,BUSDT,0.00005000,0.20420000,0.20420000
2026-01-18T20:00:00Z,BUSDT,0.00005000,0.22078870,0.22078870
2026-01-19T00:00:00Z,BUSDT,0.00005000,0.21249124,0.21249124
2026-01-19T04:00:00Z,BUSDT,0.00005000,0.21190000,0.21190000
2026-01-19T08:00:00Z,BUSDT,0.00005000,0.20649233,0.20649233
2026-01-19T12:00:00Z,BUSDT,0.00005000,0.20937270,0.20937270
2026-01-19T16:00:00Z,BUSDT,0.00005000,0.20446673,0.20446673
2026-01-19T20:00:00Z,BUSDT,0.00005000,0.20261535,0.20261535
2026-01-20T00:00:00Z,BUSDT,0.00005000,0.20128616,0.20128616
2026-01-20T04:00:00Z,BUSDT,0.00005000,0.20180000,0.20180000
2026-01-20T08:00:00Z,BUSDT,0.00005000,0.20320000,0.20320000
2026-01-20T12:00:00Z,BUSDT,0.00005000,0.20386545,0.20386545
2026-01-20T16:00:00Z,BUSDT,0.00005000,0.20266325,0.20266325
2026-01-20T20:00:00Z,BUSDT,0.00010072,0.20105367,0.20105367
2026-01-21T00:00:00Z,BUSDT,0.00020397,0.20229127,0.20229127
2026-01-21T04:00:00Z,BUSDT,0.00005000,0.20083620,0.20083620
2026-01-21T08:00:00Z,BUSDT,0.00021648,0.20081207,0.20081207
2026-01-21T12:00:00Z,BUSDT,0.00015591,0.19750000,0.19750000
2026-01-21T16:00:00Z,BUSDT,0.00005000,0.20607065,0.20607065
2026-01-21T20:00:00Z,BUSDT,0.00005000,0.21170000,0.21170000
2026-01-22T00:00:00Z,BUSDT,0.00005000,0.21280000,0.21280000
2026-01-22T04:00:00Z,BUSDT,0.00005000,0.20670000,0.20670000
2026-01-22T08:00:00Z,BUSDT,0.00005000,0.20304393,0.20304393
2026-01-22T12:00:00Z,BUSDT,0.00005000,0.20339556,0.20339556
2026-01-22T16:00:00Z,BUSDT,0.00005000,0.19967098,0.19967098
2026-01-22T20:00:00Z,BUSDT,0.00005000,0.19931025,0.19931025
2026-01-23T00:00:00Z,BUSDT,0.00005000,0.20257637,0.20257637
2026-01-23T04:00:00Z,BUSDT,0.00005000,0.20340000,0.20340000
2026-01-23T08:00:00Z,BUSDT,0.00005000,0.20798273,0.20798273
2026-01-23T12:00:00Z,BUSDT,0.00005000,0.20550000,0.20550000
2026-01-23T16:00:00Z,BUSDT,0.00005000,0.20485834,0.20485834
2026-01-23T20:00:00Z,BUSDT,0.00005000,0.20050000,0.20050000
2026-01-24T00:00:00Z,BUSDT,0.00005000,0.20127604,0.20127604
2026-01-24T04:00:00Z,BUSDT,0.00005000,0.20205357,0.20205357
2026-01-24T08:00:00Z,BUSDT,0.00026025,0.20064107,0.20064107
2026-01-24T12:00:00Z,BUSDT,0.00033152,0.19983387,0.19983387
2026-01-24T16:00:00Z,BUSDT,0.00023727,0.19846333,0.19846333
2026-01-24T20:00:00Z,BUSDT,0.00005000,0.19850000,0.19850000
2026-01-25T00:00:00Z,BUSDT,0.00030723,0.19840000,0.19840000
2026-01-25T04:00:00Z,BUSDT,0.00027131,0.19835090,0.19835090
2026-01-25T08:00:00Z,BUSDT,0.00011101,0.19800000,0.19800000
2026-01-25T12:00:00Z,BUSDT,0.00005000,0.19726263,0.19726263
2026-01-25T16:00:00Z,BUSDT,0.00005000,0.19470000,0.19470000
2026-01-25T20:00:00Z,BUSDT,0.00005000,0.19585862,0.19585862
2026-01-26T00:00:00Z,BUSDT,0.00005000,0.19940000,0.19940000
2026-01-26T04:00:00Z,BUSDT,0.00010375,0.19380000,0.19380000
2026-01-26T08:00:00Z,BUSDT,0.00005000,0.19284833,0.19284833
2026-01-26T12:00:00Z,BUSDT,0.00007468,0.19300000,0.19300000
2026-01-26T16:00:00Z,BUSDT,0.00016870,0.19716746,0.19716746
2026-01-26T20:00:00Z,BUSDT,0.00005000,0.19501110,0.19501110
2026-01-27T00:00:00Z,BUSDT,0.00005000,0.19614394,0.19614394
2026-01-27T04:00:00Z,BUSDT,0.00005000,0.19431356,0.19431356
2026-01-27T08:00:00Z,BUSDT,0.00005000,0.19298500,0.19298500
2026-01-27T12:00:00Z,BUSDT,0.00005000,0.19450000,0.19450000
2026-01-27T16:00:00Z,BUSDT,0.00005000,0.19577933,0.19577933
2026-01-27T20:00:00Z,BUSDT,0.00005000,0.19640000,0.19640000
2026-01-28T00:00:00Z,BUSDT,0.00005000,0.19795448,0.19795448
2026-01-28T04:00:00Z,BUSDT,0.00005000,0.19550000,0.19550000
2026-01-28T08:00:00Z,BUSDT,0.00005000,0.19576740,0.19576740
2026-01-28T12:00:00Z,BUSDT,0.00005000,0.19950000,0.19950000
2026-01-28T16:00:00Z,BUSDT,0.00005000,0.19615333,0.19615333
2026-01-28T20:00:00Z,BUSDT,0.00005000,0.19680000,0.19680000
2026-01-29T00:00:00Z,BUSDT,0.00005000,0.19530000,0.19530000
2026-01-29T04:00:00Z,BUSDT,0.00005000,0.19893665,0.19893665
2026-01-29T08:00:00Z,BUSDT,0.00005000,0.20435583,0.20435583
2026-01-29T12:00:00Z,BUSDT,0.00005000,0.19840000,0.19840000
2026-01-29T16:00:00Z,BUSDT,0.00005000,0.20040020,0.20040020
2026-01-29T20:00:00Z,BUSDT,0.00005000,0.20013860,0.20013860
2026-01-30T00:00:00Z,BUSDT,0.00005000,0.19502138,0.19502138
2026-01-30T04:00:00Z,BUSDT,0.00005000,0.19116753,0.19116753
2026-01-30T08:00:00Z,BUSDT,0.00005000,0.19158200,0.19158200
2026-01-30T12:00:00Z,BUSDT,0.00005000,0.19298130,0.19298130
2026-01-30T16:00:00Z,BUSDT,0.00005000,0.19253593,0.19253593
2026-01-30T20:00:00Z,BUSDT,0.00005000,0.19504733,0.19504733
2026-01-31T00:00:00Z,BUSDT,0.00005000,0.19405947,0.19405947
2026-01-31T04:00:00Z,BUSDT,0.00018518,0.19094362,0.19094362
2026-01-31T08:00:00Z,BUSDT,0.00016642,0.19145733,0.19145733
2026-01-31T12:00:00Z,BUSDT,0.00031883,0.19030000,0.19030000
2026-01-31T16:00:00Z,BUSDT,0.00005000,0.18380000,0.18380000
2026-01-31T20:00:00Z,BUSDT,0.00039835,0.18840000,0.18840000
2026-02-01T00:00:00Z,BUSDT,0.00012631,0.18390000,0.18390000
2026-02-01T04:00:00Z,BUSDT,0.00005000,0.18530000,0.18530000
2026-02-01T08:00:00Z,BUSDT,0.00005000,0.18774113,0.18774113
2026-02-01T12:00:00Z,BUSDT,0.00005000,0.19057680,0.19057680
2026-02-01T16:00:00Z,BUSDT,0.00005000,0.18370000,0.18370000
2026-02-01T20:00:00Z,BUSDT,0.00005000,0.18220000,0.18220000
2026-02-02T00:00:00Z,BUSDT,0.00005000,0.18370000,0.18370000
2026-02-02T04:00:00Z,BUSDT,0.00005000,0.18320000,0.18320000
2026-02-02T08:00:00Z,BUSDT,0.00005000,0.18360000,0.18360000
2026-02-02T12:00:00Z,BUSDT,0.00005000,0.18710000,0.18710000
2026-02-02T16:00:00Z,BUSDT,0.00005000,0.18589588,0.18589588
2026-02-02T20:00:00Z,BUSDT,0.00005000,0.18446945,0.18446945
2026-02-03T00:00:00Z,BUSDT,0.00005000,0.18405467,0.18405467
2026-02-03T04:00:00Z,BUSDT,0.00005000,0.18285593,0.18285593
2026-02-03T08:00:00Z,BUSDT,0.00005000,0.18372037,0.18372037
2026-02-03T12:00:00Z,BUSDT,0.00005000,0.17607480,0.17607480
2026-02-03T16:00:00Z,BUSDT,0.00005000,0.17760000,0.17760000
2026-02-03T20:00:00Z,BUSDT,0.00005000,0.17644333,0.17644333
2026-02-04T00:00:00Z,BUSDT,0.00005000,0.17577250,0.17577250
2026-02-04T04:00:00Z,BUSDT,0.00005000,0.17745000,0.17745000
2026-02-04T08:00:00Z,BUSDT,0.00008575,0.17760000,0.17760000
2026-02-04T12:00:00Z,BUSDT,0.00005000,0.17379930,0.17379930
2026-02-04T16:00:00Z,BUSDT,0.00033634,0.17145200,0.17145200
2026-02-04T20:00:00Z,BUSDT,0.00077028,0.17208797,0.17208797
2026-02-05T00:00:00Z,BUSDT,0.00048434,0.19100000,0.19100000
2026-02-05T04:00:00Z,BUSDT,0.00005000,0.18850000,0.18850000
2026-02-05T08:00:00Z,BUSDT,0.00005000,0.18660000,0.18660000
2026-02-05T12:00:00Z,BUSDT,0.00020769,0.16160000,0.16160000
2026-02-05T16:00:00Z,BUSDT,0.00005000,0.14090000,0.14090000
2026-02-05T20:00:00Z,BUSDT,0.00005000,0.13800000,0.13800000
2026-02-06T00:00:00Z,BUSDT,0.00005000,0.13590000,0.13590000
2026-02-06T04:00:00Z,BUSDT,0.00005000,0.13428150,0.13428150
2026-02-06T08:00:00Z,BUSDT,0.00005000,0.13840000,0.13840000
2026-02-06T12:00:00Z,BUSDT,0.00016307,0.17009072,0.17009072
2026-02-06T16:00:00Z,BUSDT,0.00048571,0.17790000,0.17790000
2026-02-06T20:00:00Z,BUSDT,0.00044906,0.17050000,0.17050000
2026-02-07T00:00:00Z,BUSDT,0.00009142,0.15946924,0.15946924
2026-02-07T04:00:00Z,BUSDT,0.00005000,0.15160761,0.15160761
2026-02-07T08:00:00Z,BUSDT,0.00005000,0.14490000,0.14490000
2026-02-07T12:00:00Z,BUSDT,0.00005000,0.14339333,0.14339333
2026-02-07T16:00:00Z,BUSDT,0.00005000,0.13990000,0.13990000
2026-02-07T20:00:00Z,BUSDT,0.00005000,0.13968120,0.13968120
2026-02-08T00:00:00Z,BUSDT,0.00005000,0.13903801,0.13903801
2026-02-08T04:00:00Z,BUSDT,0.00005000,0.14000000,0.14000000
2026-02-08T08:00:00Z,BUSDT,0.00005000,0.14173350,0.14173350
2026-02-08T12:00:00Z,BUSDT,0.00005000,0.14892838,0.14892838
2026-02-08T16:00:00Z,BUSDT,0.00008116,0.16081925,0.16081925
2026-02-08T20:00:00Z,BUSDT,0.00005000,0.16110000,0.16110000
2026-02-09T00:00:00Z,BUSDT,0.00005000,0.15655868,0.15655868
2026-02-09T04:00:00Z,BUSDT,0.00005000,0.15200000,0.15200000
2026-02-09T08:00:00Z,BUSDT,0.00005000,0.14420000,0.14420000
2026-02-09T12:00:00Z,BUSDT,0.00005000,0.14510000,0.14510000
2026-02-09T16:00:00Z,BUSDT,0.00005000,0.14755277,0.14755277
2026-02-09T20:00:00Z,BUSDT,0.00005000,0.14837713,0.14837713
2026-02-10T00:00:00Z,BUSDT,0.00005000,0.15310000,0.15310000
2026-02-10T04:00:00Z,BUSDT,0.00005000,0.14980000,0.14980000
2026-02-10T08:00:00Z,BUSDT,0.00005000,0.15360000,0.15360000
2026-02-10T12:00:00Z,BUSDT,0.00005000,0.16127280,0.16127280
2026-02-10T16:00:00Z,BUSDT,0.00013945,0.16650000,0.16650000
2026-02-10T20:00:00Z,BUSDT,0.00005000,0.16550000,0.16550000
2026-02-11T00:00:00Z,BUSDT,0.00037373,0.15862703,0.15862703
2026-02-11T04:00:00Z,BUSDT,0.00005000,0.15614853,0.15614853
2026-02-11T08:00:00Z,BUSDT,0.00005000,0.15725151,0.15725151
2026-02-11T12:00:00Z,BUSDT,0.00005000,0.15510000,0.15510000
2026-02-11T16:00:00Z,BUSDT,0.00005000,0.15589148,0.15589148
2026-02-11T20:00:00Z,BUSDT,0.00005000,0.15600000,0.15600000
2026-02-12T00:00:00Z,BUSDT,0.00005000,0.15650114,0.15650114
2026-02-12T04:00:00Z,BUSDT,0.00005000,0.15685990,0.15685990
2026-02-12T08:00:00Z,BUSDT,0.00005000,0.15694572,0.15694572
2026-02-12T12:00:00Z,BUSDT,0.00005000,0.15587430,0.15587430
2026-02-12T16:00:00Z,BUSDT,0.00008485,0.14709495,0.14709495
2026-02-12T20:00:00Z,BUSDT,0.00005000,0.14976754,0.14976754
2026-02-13T00:00:00Z,BUSDT,0.00013556,0.15196681,0.15196681
2026-02-13T04:00:00Z,BUSDT,0.00019609,0.15084380,0.15084380
2026-02-13T08:00:00Z,BUSDT,0.00009825,0.14964806,0.14964806
2026-02-13T12:00:00Z,BUSDT,0.00016818,0.15024850,0.15024850
2026-02-13T16:00:00Z,BUSDT,0.00005000,0.14470000,0.14470000
2026-02-13T20:00:00Z,BUSDT,0.00014693,0.14440000,0.14440000
2026-02-14T00:00:00Z,BUSDT,0.00023829,0.14429167,0.14429167
2026-02-14T04:00:00Z,BUSDT,0.00020208,0.14526184,0.14526184
2026-02-14T08:00:00Z,BUSDT,0.00005560,0.14420000,0.14420000
2026-02-14T12:00:00Z,BUSDT,0.00005000,0.14540000,0.14540000
2026-02-14T16:00:00Z,BUSDT,0.00009032,0.14640000,0.14640000
2026-02-14T20:00:00Z,BUSDT,0.00012784,0.15352306,0.15352306
2026-02-15T00:00:00Z,BUSDT,0.00030728,0.14997903,0.14997903
2026-02-15T04:00:00Z,BUSDT,0.00011802,0.14815507,0.14815507
2026-02-15T08:00:00Z,BUSDT,0.00012474,0.14915633,0.14915633
2026-02-15T12:00:00Z,BUSDT,0.00005000,0.14620000,0.14620000
2026-02-15T16:00:00Z,BUSDT,0.00005000,0.14415000,0.14415000
2026-02-15T20:00:00Z,BUSDT,0.00005000,0.14620000,0.14620000
2026-02-16T00:00:00Z,BUSDT,0.00009904,0.14455000,0.14455000
2026-02-16T04:00:00Z,BUSDT,0.00005000,0.14430000,0.14430000
2026-02-16T08:00:00Z,BUSDT,0.00005000,0.14285945,0.14285945
2026-02-16T12:00:00Z,BUSDT,0.00005000,0.14380000,0.14380000
2026-02-16T16:00:00Z,BUSDT,0.00005000,0.14410000,0.14410000
2026-02-16T20:00:00Z,BUSDT,0.00005000,0.14505094,0.14505094
2026-02-17T00:00:00Z,BUSDT,0.00005000,0.14518307,0.14518307
2026-02-17T04:00:00Z,BUSDT,0.00005000,0.14140000,0.14140000
2026-02-17T08:00:00Z,BUSDT,0.00005000,0.14284534,0.14284534
2026-02-17T12:00:00Z,BUSDT,0.00005000,0.14055745,0.14055745
2026-02-17T16:00:00Z,BUSDT,0.00005000,0.14095866,0.14095866
2026-02-17T20:00:00Z,BUSDT,0.00005000,0.14054140,0.14054140
2026-02-18T00:00:00Z,BUSDT,0.00005000,0.13990500,0.13990500
2026-02-18T04:00:00Z,BUSDT,0.00005000,0.13985604,0.13985604
2026-02-18T08:00:00Z,BUSDT,0.00005000,0.13963772,0.13963772
2026-02-18T12:00:00Z,BUSDT,0.00005000,0.13800000,0.13800000
2026-02-18T16:00:00Z,BUSDT,0.00005000,0.13978546,0.13978546
2026-02-18T20:00:00Z,BUSDT,0.00005000,0.13890000,0.13890000
2026-02-19T00:00:00Z,BUSDT,0.00005000,0.13840000,0.13840000
2026-02-19T04:00:00Z,BUSDT,0.00005000,0.13847712,0.13847712
2026-02-19T08:00:00Z,BUSDT,0.00005000,0.13780000,0.13780000
2026-02-19T12:00:00Z,BUSDT,0.00005000,0.13590000,0.13590000
2026-02-19T16:00:00Z,BUSDT,0.00005755,0.13370000,0.13370000
2026-02-19T20:00:00Z,BUSDT,0.00021188,0.13476243,0.13476243
2026-02-20T00:00:00Z,BUSDT,0.00022028,0.13534887,0.13534887
2026-02-20T04:00:00Z,BUSDT,0.00006368,0.13515267,0.13515267
2026-02-20T08:00:00Z,BUSDT,0.00005000,0.13510778,0.13510778
2026-02-20T12:00:00Z,BUSDT,0.00005000,0.13330000,0.13330000
2026-02-20T16:00:00Z,BUSDT,0.00005000,0.13454933,0.13454933
2026-02-20T20:00:00Z,BUSDT,0.00005000,0.13136692,0.13136692
2026-02-21T00:00:00Z,BUSDT,0.00005000,0.13104993,0.13104993
2026-02-21T04:00:00Z,BUSDT,0.00005000,0.13175373,0.13175373
2026-02-21T08:00:00Z,BUSDT,0.00005000,0.13196327,0.13196327
2026-02-21T12:00:00Z,BUSDT,0.00005000,0.13195000,0.13195000
2026-02-21T16:00:00Z,BUSDT,0.00005000,0.13046210,0.13046210
2026-02-21T20:00:00Z,BUSDT,0.00005000,0.13150000,0.13150000
2026-02-22T00:00:00Z,BUSDT,0.00005000,0.13257378,0.13257378
2026-02-22T04:00:00Z,BUSDT,0.00005000,0.13257665,0.13257665
2026-02-22T08:00:00Z,BUSDT,0.00005000,0.13230000,0.13230000
2026-02-22T12:00:00Z,BUSDT,0.00005000,0.13450000,0.13450000
2026-02-22T16:00:00Z,BUSDT,0.00005000,0.13650000,0.13650000
2026-02-22T20:00:00Z,BUSDT,0.00005000,0.13353320,0.13353320
2026-02-23T00:00:00Z,BUSDT,0.00005000,0.13290000,0.13290000
2026-02-23T04:00:00Z,BUSDT,0.00005000,0.13711560,0.13711560
2026-02-23T08:00:00Z,BUSDT,0.00005000,0.13230000,0.13230000
2026-02-23T12:00:00Z,BUSDT,0.00005000,0.13370000,0.13370000
2026-02-23T16:00:00Z,BUSDT,0.00005000,0.13055000,0.13055000
2026-02-23T20:00:00Z,BUSDT,0.00005000,0.13083720,0.13083720
2026-02-24T00:00:00Z,BUSDT,0.00005000,0.13450000,0.13450000
2026-02-24T04:00:00Z,BUSDT,0.00005000,0.13843500,0.13843500
2026-02-24T08:00:00Z,BUSDT,0.00005000,0.13247500,0.13247500
2026-02-24T12:00:00Z,BUSDT,0.00005000,0.13066590,0.13066590
2026-02-24T16:00:00Z,BUSDT,0.00005000,0.12390000,0.12390000
2026-02-24T20:00:00Z,BUSDT,0.00005000,0.12411247,0.12411247
2026-02-25T00:00:00Z,BUSDT,0.00005000,0.12635660,0.12635660
2026-02-25T04:00:00Z,BUSDT,0.00005000,0.12680000,0.12680000
2026-02-25T08:00:00Z,BUSDT,0.00005000,0.12604670,0.12604670
2026-02-25T12:00:00Z,BUSDT,0.00005000,0.12420000,0.12420000
2026-02-25T16:00:00Z,BUSDT,0.00017106,0.13879551,0.13879551
2026-02-25T20:00:00Z,BUSDT,0.00013862,0.13534823,0.13534823
2026-02-26T00:00:00Z,BUSDT,0.00005000,0.13240000,0.13240000
2026-02-26T04:00:00Z,BUSDT,0.00005000,0.13165034,0.13165034
2026-02-26T08:00:00Z,BUSDT,0.00005000,0.13744100,0.13744100
2026-02-26T12:00:00Z,BUSDT,0.00005000,0.13690000,0.13690000
2026-02-26T16:00:00Z,BUSDT,0.00005000,0.13675202,0.13675202
2026-02-26T20:00:00Z,BUSDT,0.00005000,0.14040000,0.14040000
2026-02-27T00:00:00Z,BUSDT,0.00005000,0.14188945,0.14188945
2026-02-27T04:00:00Z,BUSDT,0.00011707,0.14586794,0.14586794
2026-02-27T08:00:00Z,BUSDT,0.00005000,0.15400000,0.15400000
2026-02-27T12:00:00Z,BUSDT,0.00013169,0.16243083,0.16243083
2026-02-27T16:00:00Z,BUSDT,0.00030388,0.16240000,0.16240000
2026-02-27T20:00:00Z,BUSDT,0.00043676,0.16531020,0.16531020
2026-02-28T00:00:00Z,BUSDT,0.00017667,0.17180000,0.17180000
2026-02-28T04:00:00Z,BUSDT,0.00049424,0.17430000,0.17430000
2026-02-28T08:00:00Z,BUSDT,0.00005000,0.16930000,0.16930000
2026-02-28T12:00:00Z,BUSDT,0.00009310,0.18325650,0.18325650
2026-02-28T16:00:00Z,BUSDT,0.00005000,0.17863290,0.17863290
2026-02-28T20:00:00Z,BUSDT,0.00005000,0.17690000,0.17690000
2026-03-01T00:00:00Z,BUSDT,0.00005000,0.17450000,0.17450000
2026-03-01T04:00:00Z,BUSDT,0.00005000,0.17640000,0.17640000
2026-03-01T08:00:00Z,BUSDT,0.00005000,0.17793660,0.17793660
2026-03-01T12:00:00Z,BUSDT,0.00005000,0.17459533,0.17459533
2026-03-01T16:00:00Z,BUSDT,0.00005000,0.18778835,0.18778835
2026-03-01T20:00:00Z,BUSDT,0.00005000,0.19040000,0.19040000
2026-03-02T00:00:00Z,BUSDT,0.00014550,0.19210000,0.19210000
2026-03-02T04:00:00Z,BUSDT,0.00030763,0.19020000,0.19020000
2026-03-02T08:00:00Z,BUSDT,0.00006892,0.18859305,0.18859305
2026-03-02T12:00:00Z,BUSDT,0.00005000,0.19290000,0.19290000
2026-03-02T16:00:00Z,BUSDT,0.00015786,0.19490000,0.19490000
2026-03-02T20:00:00Z,BUSDT,0.00011673,0.19808127,0.19808127
2026-03-03T00:00:00Z,BUSDT,0.00005000,0.19420000,0.19420000
2026-03-03T04:00:00Z,BUSDT,0.00005000,0.19214661,0.19214661
2026-03-03T08:00:00Z,BUSDT,0.00005000,0.19550000,0.19550000
2026-03-03T12:00:00Z,BUSDT,0.00009488,0.19522407,0.19522407
2026-03-03T16:00:00Z,BUSDT,0.00005000,0.19510000,0.19510000
2026-03-03T20:00:00Z,BUSDT,0.00005000,0.19620000,0.19620000
2026-03-04T00:00:00Z,BUSDT,0.00005000,0.19750000,0.19750000
2026-03-04T04:00:00Z,BUSDT,0.00005000,0.20397153,0.20397153
2026-03-04T08:00:00Z,BUSDT,0.00035622,0.21385483,0.21385483
2026-03-04T12:00:00Z,BUSDT,0.00006143,0.20999631,0.20999631
2026-03-04T16:00:00Z,BUSDT,0.00005000,0.21658132,0.21658132
2026-03-04T20:00:00Z,BUSDT,0.00005000,0.22210000,0.22210000
2026-03-05T00:00:00Z,BUSDT,0.00022512,0.22430000,0.22430000
2026-03-05T04:00:00Z,BUSDT,0.00019814,0.23071387,0.23071387
2026-03-05T08:00:00Z,BUSDT,0.00040403,0.23512863,0.23512863
2026-03-05T12:00:00Z,BUSDT,0.00038954,0.23688563,0.23688563
2026-03-05T16:00:00Z,BUSDT,0.00048279,0.23905563,0.23905563
2026-03-05T20:00:00Z,BUSDT,0.00013837,0.22410000,0.22410000
2026-03-06T00:00:00Z,BUSDT,0.00005000,0.22040000,0.22040000
2026-03-06T04:00:00Z,BUSDT,0.00018748,0.21910000,0.21910000
2026-03-06T08:00:00Z,BUSDT,0.00006069,0.22710000,0.22710000
2026-03-06T12:00:00Z,BUSDT,0.00005000,0.22540000,0.22540000
2026-03-06T16:00:00Z,BUSDT,0.00005000,0.22319107,0.22319107
2026-03-06T20:00:00Z,BUSDT,0.00005000,0.21453023,0.21453023
2026-03-07T00:00:00Z,BUSDT,0.00005000,0.21520000,0.21520000
2026-03-07T04:00:00Z,BUSDT,0.00005000,0.21270000,0.21270000
2026-03-07T08:00:00Z,BUSDT,0.00035935,0.21018187,0.21018187
2026-03-07T12:00:00Z,BUSDT,0.00008811,0.21525000,0.21525000
2026-03-07T16:00:00Z,BUSDT,0.00005000,0.21440000,0.21440000
2026-03-07T20:00:00Z,BUSDT,0.00010496,0.21055897,0.21055897
2026-03-08T00:00:00Z,BUSDT,0.00005000,0.20550000,0.20550000
2026-03-08T04:00:00Z,BUSDT,0.00026838,0.20722968,0.20722968
2026-03-08T08:00:00Z,BUSDT,0.00017755,0.21140000,0.21140000
2026-03-08T12:00:00Z,BUSDT,0.00036982,0.20856707,0.20856707
2026-03-08T16:00:00Z,BUSDT,0.00005000,0.20626813,0.20626813
2026-03-08T20:00:00Z,BUSDT,0.00005000,0.20867400,0.20867400
2026-03-09T00:00:00Z,BUSDT,0.00005000,0.20710000,0.20710000
2026-03-09T04:00:00Z,BUSDT,0.00005000,0.20950000,0.20950000
2026-03-09T08:00:00Z,BUSDT,0.00006503,0.20619786,0.20619786
2026-03-09T12:00:00Z,BUSDT,0.00009980,0.20618667,0.20618667
2026-03-09T16:00:00Z,BUSDT,0.00022573,0.20373020,0.20373020
2026-03-09T20:00:00Z,BUSDT,0.00005000,0.20550000,0.20550000
2026-03-10T00:00:00Z,BUSDT,0.00005000,0.21447960,0.21447960
2026-03-10T04:00:00Z,BUSDT,0.00006716,0.20725158,0.20725158
2026-03-10T08:00:00Z,BUSDT,0.00005000,0.20970000,0.20970000
2026-03-10T12:00:00Z,BUSDT,0.00005000,0.21044290,0.21044290
2026-03-10T16:00:00Z,BUSDT,0.00005000,0.20260000,0.20260000
2026-03-10T20:00:00Z,BUSDT,0.00005000,0.20190000,0.20190000
2026-03-11T00:00:00Z,BUSDT,0.00005000,0.20500000,0.20500000
2026-03-11T04:00:00Z,BUSDT,0.00005000,0.20280000,0.20280000
2026-03-11T08:00:00Z,BUSDT,0.00005000,0.19810000,0.19810000
2026-03-11T12:00:00Z,BUSDT,0.00005000,0.19138791,0.19138791
2026-03-11T16:00:00Z,BUSDT,0.00005000,0.18445420,0.18445420
2026-03-11T20:00:00Z,BUSDT,0.00005000,0.18625079,0.18625079
2026-03-12T00:00:00Z,BUSDT,0.00005000,0.17370000,0.17370000
2026-03-12T04:00:00Z,BUSDT,0.00005000,0.17350000,0.17350000
2026-03-12T08:00:00Z,BUSDT,0.00020945,0.17651023,0.17651023
2026-03-12T12:00:00Z,BUSDT,0.00005000,0.17770000,0.17770000
2026-03-12T16:00:00Z,BUSDT,0.00005000,0.18200000,0.18200000
2026-03-12T20:00:00Z,BUSDT,0.00005000,0.18065900,0.18065900
2026-03-13T00:00:00Z,BUSDT,0.00005000,0.18100000,0.18100000
2026-03-13T04:00:00Z,BUSDT,0.00005000,0.17634390,0.17634390
2026-03-13T08:00:00Z,BUSDT,0.00007770,0.17556167,0.17556167
2026-03-13T12:00:00Z,BUSDT,0.00005000,0.17789344,0.17789344
2026-03-13T16:00:00Z,BUSDT,0.00005000,0.17558667,0.17558667
2026-03-13T20:00:00Z,BUSDT,0.00005000,0.17710000,0.17710000
2026-03-14T00:00:00Z,BUSDT,0.00033645,0.17550000,0.17550000
2026-03-14T04:00:00Z,BUSDT,0.00005000,0.18050000,0.18050000
2026-03-14T08:00:00Z,BUSDT,0.00005000,0.18520000,0.18520000
2026-03-14T12:00:00Z,BUSDT,0.00005000,0.18803262,0.18803262
2026-03-14T16:00:00Z,BUSDT,0.00005000,0.18402620,0.18402620
2026-03-14T20:00:00Z,BUSDT,0.00005000,0.18107427,0.18107427
2026-03-15T00:00:00Z,BUSDT,0.00005000,0.17980000,0.17980000
2026-03-15T04:00:00Z,BUSDT,0.00005000,0.18410000,0.18410000
2026-03-15T08:00:00Z,BUSDT,0.00010411,0.18110000,0.18110000
2026-03-15T12:00:00Z,BUSDT,0.00019072,0.17987927,0.17987927
2026-03-15T16:00:00Z,BUSDT,0.00016718,0.18210000,0.18210000
2026-03-15T20:00:00Z,BUSDT,0.00005000,0.18269896,0.18269896
2026-03-16T00:00:00Z,BUSDT,0.00005000,0.18147753,0.18147753
2026-03-16T04:00:00Z,BUSDT,0.00011267,0.21040000,0.21040000
2026-03-16T08:00:00Z,BUSDT,0.00053375,0.21370000,0.21370000
2026-03-16T12:00:00Z,BUSDT,0.00049995,0.21880000,0.21880000
2026-03-16T16:00:00Z,BUSDT,0.00046071,0.22360000,0.22360000
2026-03-16T20:00:00Z,BUSDT,0.00040812,0.21837396,0.21837396
2026-03-17T00:00:00Z,BUSDT,0.00021203,0.22610000,0.22610000
2026-03-17T04:00:00Z,BUSDT,0.00038019,0.23997932,0.23997932
2026-03-17T08:00:00Z,BUSDT,0.00029784,0.23906955,0.23906955
2026-03-17T12:00:00Z,BUSDT,0.00045767,0.24240000,0.24240000
2026-03-17T16:00:00Z,BUSDT,0.00043187,0.24470000,0.24470000
2026-03-17T20:00:00Z,BUSDT,0.00035202,0.23920000,0.23920000
2026-03-18T00:00:00Z,BUSDT,0.00043558,0.24060000,0.24060000
2026-03-18T04:00:00Z,BUSDT,0.00044540,0.24150000,0.24150000
2026-03-18T08:00:00Z,BUSDT,0.00036358,0.24480000,0.24480000
2026-03-18T12:00:00Z,BUSDT,0.00035321,0.24470962,0.24470962
2026-03-18T16:00:00Z,BUSDT,0.00011251,0.24000000,0.24000000
2026-03-18T20:00:00Z,BUSDT,0.00038372,0.23850000,0.23850000
2026-03-19T00:00:00Z,BUSDT,0.00047006,0.23949534,0.23949534
2026-03-19T04:00:00Z,BUSDT,0.00025938,0.24061740,0.24061740
2026-03-19T08:00:00Z,BUSDT,0.00025187,0.24158392,0.24158392
2026-03-19T12:00:00Z,BUSDT,0.00018222,0.24082470,0.24082470
2026-03-19T16:00:00Z,BUSDT,0.00019684,0.24075640,0.24075640
2026-03-19T20:00:00Z,BUSDT,0.00005000,0.24370000,0.24370000
2026-03-20T00:00:00Z,BUSDT,0.00010132,0.24434553,0.24434553
2026-03-20T04:00:00Z,BUSDT,0.00032792,0.24460000,0.24460000
2026-03-20T08:00:00Z,BUSDT,0.00024391,0.23683186,0.23683186
2026-03-20T12:00:00Z,BUSDT,0.00018457,0.23155347,0.23155347
2026-03-20T16:00:00Z,BUSDT,0.00005000,0.22300000,0.22300000
2026-03-20T20:00:00Z,BUSDT,0.00005000,0.22900000,0.22900000
2026-03-21T00:00:00Z,BUSDT,0.00005000,0.22260000,0.22260000
2026-03-21T04:00:00Z,BUSDT,0.00005000,0.22458927,0.22458927
2026-03-21T08:00:00Z,BUSDT,0.00005000,0.22655733,0.22655733
2026-03-21T12:00:00Z,BUSDT,0.00005000,0.22550000,0.22550000
2026-03-21T16:00:00Z,BUSDT,0.00009624,0.22040000,0.22040000
2026-03-21T20:00:00Z,BUSDT,0.00005000,0.22050000,0.22050000
2026-03-22T00:00:00Z,BUSDT,0.00005000,0.21870633,0.21870633
2026-03-22T04:00:00Z,BUSDT,0.00005000,0.21706519,0.21706519
2026-03-22T08:00:00Z,BUSDT,0.00012266,0.21670659,0.21670659
2026-03-22T12:00:00Z,BUSDT,0.00005265,0.22230000,0.22230000
2026-03-22T16:00:00Z,BUSDT,0.00007326,0.21810220,0.21810220
2026-03-22T20:00:00Z,BUSDT,0.00005000,0.21783167,0.21783167
2026-03-23T00:00:00Z,BUSDT,0.00005000,0.21888365,0.21888365
2026-03-23T04:00:00Z,BUSDT,0.00006994,0.21700000,0.21700000
2026-03-23T08:00:00Z,BUSDT,0.00012574,0.21410000,0.21410000
2026-03-23T12:00:00Z,BUSDT,0.00005000,0.21424366,0.21424366
2026-03-23T16:00:00Z,BUSDT,0.00005000,0.20930000,0.20930000
2026-03-23T20:00:00Z,BUSDT,0.00020240,0.21027579,0.21027579
2026-03-24T00:00:00Z,BUSDT,0.00038307,0.21294742,0.21294742
2026-03-24T04:00:00Z,BUSDT,0.00016049,0.21401395,0.21401395
2026-03-24T08:00:00Z,BUSDT,0.00031544,0.21380000,0.21380000
2026-03-24T12:00:00Z,BUSDT,0.00005000,0.21592349,0.21592349
2026-03-24T16:00:00Z,BUSDT,0.00005000,0.21780000,0.21780000
2026-03-24T20:00:00Z,BUSDT,0.00011408,0.21929053,0.21929053
2026-03-25T00:00:00Z,BUSDT,0.00018846,0.22134613,0.22134613
2026-03-25T04:00:00Z,BUSDT,0.00005122,0.22039273,0.22039273
2026-03-25T08:00:00Z,BUSDT,0.00014151,0.22120000,0.22120000
2026-03-25T12:00:00Z,BUSDT,0.00005000,0.22699890,0.22699890
2026-03-25T16:00:00Z,BUSDT,0.00005000,0.22316090,0.22316090
2026-03-25T20:00:00Z,BUSDT,0.00005000,0.21380647,0.21380647
2026-03-26T00:00:00Z,BUSDT,0.00005000,0.20861807,0.20861807
2026-03-26T04:00:00Z,BUSDT,0.00005000,0.21628213,0.21628213
2026-03-26T08:00:00Z,BUSDT,0.00005000,0.22263974,0.22263974
2026-03-26T12:00:00Z,BUSDT,0.00005000,0.20760000,0.20760000
2026-03-26T16:00:00Z,BUSDT,0.00005000,0.21160000,0.21160000
2026-03-26T20:00:00Z,BUSDT,0.00005000,0.21430000,0.21430000
2026-03-27T00:00:00Z,BUSDT,0.00005000,0.21090000,0.21090000
2026-03-27T04:00:00Z,BUSDT,0.00005000,0.20900000,0.20900000
2026-03-27T08:00:00Z,BUSDT,0.00005000,0.20996517,0.20996517
2026-03-27T12:00:00Z,BUSDT,0.00005000,0.20710000,0.20710000
2026-03-27T16:00:00Z,BUSDT,0.00009074,0.20720000,0.20720000
2026-03-27T20:00:00Z,BUSDT,0.00007908,0.20740000,0.20740000
2026-03-28T00:00:00Z,BUSDT,0.00005000,0.20394852,0.20394852
2026-03-28T04:00:00Z,BUSDT,0.00005000,0.20048627,0.20048627
2026-03-28T08:00:00Z,BUSDT,0.00005000,0.20119917,0.20119917
2026-03-28T12:00:00Z,BUSDT,0.00005000,0.20372660,0.20372660
2026-03-28T16:00:00Z,BUSDT,0.00005471,0.20297613,0.20297613
2026-03-28T20:00:00Z,BUSDT,0.00005000,0.20234787,0.20234787
2026-03-29T00:00:00Z,BUSDT,0.00005000,0.20240000,0.20240000
2026-03-29T04:00:00Z,BUSDT,0.00005000,0.20180000,0.20180000
2026-03-29T08:00:00Z,BUSDT,0.00005000,0.20110000,0.20110000
2026-03-29T12:00:00Z,BUSDT,0.00032656,0.20100000,0.20100000
2026-03-29T16:00:00Z,BUSDT,0.00005000,0.20080000,0.20080000
2026-03-29T20:00:00Z,BUSDT,0.00005000,0.19922740,0.19922740
2026-03-30T00:00:00Z,BUSDT,0.00005000,0.19616103,0.19616103
2026-03-30T04:00:00Z,BUSDT,0.00005000,0.19844133,0.19844133
2026-03-30T08:00:00Z,BUSDT,0.00005000,0.19758621,0.19758621
2026-03-30T12:00:00Z,BUSDT,0.00005000,0.19920000,0.19920000
2026-03-30T16:00:00Z,BUSDT,0.00005000,0.19890000,0.19890000
2026-03-30T20:00:00Z,BUSDT,0.00005000,0.19880000,0.19880000
2026-03-31T00:00:00Z,BUSDT,0.00005000,0.19670000,0.19670000
2026-03-31T04:00:00Z,BUSDT,0.00005000,0.21130000,0.21130000
2026-03-31T08:00:00Z,BUSDT,0.00005000,0.21190100,0.21190100
2026-03-31T12:00:00Z,BUSDT,0.00005000,0.21010000,0.21010000
2026-03-31T16:00:00Z,BUSDT,0.00005000,0.21063200,0.21063200
2026-03-31T20:00:00Z,BUSDT,0.00005000,0.21150000,0.21150000
2026-04-01T00:00:00Z,BUSDT,0.00005000,0.21040487,0.21040487
2026-04-01T04:00:00Z,BUSDT,0.00005000,0.20834610,0.20834610
2026-04-01T08:00:00Z,BUSDT,0.00020962,0.20890000,0.20890000
2026-04-01T12:00:00Z,BUSDT,0.00005017,0.20990000,0.20990000
2026-04-01T16:00:00Z,BUSDT,0.00005000,0.21314547,0.21314547
2026-04-01T20:00:00Z,BUSDT,0.00005000,0.20800000,0.20800000
2026-04-02T00:00:00Z,BUSDT,0.00005000,0.20379078,0.20379078
2026-04-02T04:00:00Z,BUSDT,0.00005000,0.19980000,0.19980000
2026-04-02T08:00:00Z,BUSDT,0.00022802,0.19990000,0.19990000
2026-04-02T12:00:00Z,BUSDT,0.00005000,0.19966050,0.19966050
2026-04-02T16:00:00Z,BUSDT,0.00005000,0.19316002,0.19316002
2026-04-02T20:00:00Z,BUSDT,0.00005000,0.19198981,0.19198981
2026-04-03T00:00:00Z,BUSDT,0.00005000,0.19237038,0.19237038
2026-04-03T04:00:00Z,BUSDT,0.00005000,0.19183621,0.19183621
2026-04-03T08:00:00Z,BUSDT,0.00005000,0.18960000,0.18960000
2026-04-03T12:00:00Z,BUSDT,0.00005000,0.18500000,0.18500000
2026-04-03T16:00:00Z,BUSDT,0.00005000,0.18065551,0.18065551
2026-04-03T20:00:00Z,BUSDT,0.00005000,0.18340000,0.18340000
2026-04-04T00:00:00Z,BUSDT,0.00005000,0.18411209,0.18411209
2026-04-04T04:00:00Z,BUSDT,0.00005000,0.17690000,0.17690000
2026-04-04T08:00:00Z,BUSDT,0.00005000,0.17770000,0.17770000
2026-04-04T12:00:00Z,BUSDT,0.00005000,0.18094848,0.18094848
2026-04-04T16:00:00Z,BUSDT,0.00005000,0.17600000,0.17600000
2026-04-04T20:00:00Z,BUSDT,0.00005000,0.17650000,0.17650000
2026-04-05T00:00:00Z,BUSDT,0.00005000,0.17520000,0.17520000
2026-04-05T04:00:00Z,BUSDT,0.00005000,0.17290000,0.17290000
2026-04-05T08:00:00Z,BUSDT,0.00005000,0.17530000,0.17530000
2026-04-05T12:00:00Z,BUSDT,0.00005000,0.18030805,0.18030805
2026-04-05T16:00:00Z,BUSDT,0.00005000,0.18751878,0.18751878
2026-04-05T20:00:00Z,BUSDT,0.00005000,0.18658726,0.18658726
2026-04-06T00:00:00Z,BUSDT,0.00005000,0.18727893,0.18727893
2026-04-06T04:00:00Z,BUSDT,0.00005000,0.18655620,0.18655620
2026-04-06T08:00:00Z,BUSDT,0.00005000,0.18604992,0.18604992
2026-04-06T12:00:00Z,BUSDT,0.00005000,0.18555320,0.18555320
2026-04-06T16:00:00Z,BUSDT,0.00005000,0.19533780,0.19533780
2026-04-06T20:00:00Z,BUSDT,0.00005000,0.19375527,0.19375527
2026-04-07T00:00:00Z,BUSDT,0.00005000,0.18834753,0.18834753
2026-04-07T04:00:00Z,BUSDT,0.00005000,0.17997033,0.17997033
2026-04-07T08:00:00Z,BUSDT,0.00005000,0.17760000,0.17760000
2026-04-07T12:00:00Z,BUSDT,0.00005000,0.17470000,0.17470000
2026-04-07T16:00:00Z,BUSDT,0.00005000,0.17720000,0.17720000
2026-04-07T20:00:00Z,BUSDT,0.00005000,0.17863380,0.17863380
2026-04-08T00:00:00Z,BUSDT,0.00005000,0.18025329,0.18025329
2026-04-08T04:00:00Z,BUSDT,0.00005000,0.17506647,0.17506647
2026-04-08T08:00:00Z,BUSDT,0.00005000,0.17580000,0.17580000
2026-04-08T12:00:00Z,BUSDT,0.00005000,0.17590000,0.17590000
2026-04-08T16:00:00Z,BUSDT,0.00005000,0.17270000,0.17270000
2026-04-08T20:00:00Z,BUSDT,0.00005000,0.16944340,0.16944340
2026-04-09T00:00:00Z,BUSDT,0.00005000,0.17200000,0.17200000
2026-04-09T04:00:00Z,BUSDT,0.00005000,0.17330000,0.17330000
2026-04-09T08:00:00Z,BUSDT,0.00005000,0.17290000,0.17290000
2026-04-09T12:00:00Z,BUSDT,0.00005000,0.17280000,0.17280000
2026-04-09T16:00:00Z,BUSDT,0.00005000,0.17283393,0.17283393
2026-04-09T20:00:00Z,BUSDT,0.00005000,0.17240000,0.17240000
2026-04-10T00:00:00Z,BUSDT,0.00005000,0.17211336,0.17211336
2026-04-10T04:00:00Z,BUSDT,0.00005000,0.16830000,0.16830000
2026-04-10T08:00:00Z,BUSDT,0.00005000,0.17550000,0.17550000
2026-04-10T12:00:00Z,BUSDT,0.00005000,0.17339247,0.17339247
2026-04-10T16:00:00Z,BUSDT,0.00005000,0.16956403,0.16956403
2026-04-10T20:00:00Z,BUSDT,0.00005000,0.16876731,0.16876731
2026-04-11T00:00:00Z,BUSDT,0.00005000,0.16890000,0.16890000
2026-04-11T04:00:00Z,BUSDT,0.00005000,0.16810000,0.16810000
2026-04-11T08:00:00Z,BUSDT,0.00005000,0.16978083,0.16978083
2026-04-11T12:00:00Z,BUSDT,0.00005000,0.16680000,0.16680000
2026-04-11T16:00:00Z,BUSDT,0.00005000,0.16315000,0.16315000
2026-04-11T20:00:00Z,BUSDT,0.00005000,0.16794887,0.16794887
2026-04-12T00:00:00Z,BUSDT,0.00005000,0.16530000,0.16530000
2026-04-12T04:00:00Z,BUSDT,0.00005000,0.16463207,0.16463207
2026-04-12T08:00:00Z,BUSDT,0.00005000,0.16630000,0.16630000
2026-04-12T12:00:00Z,BUSDT,0.00005000,0.16210000,0.16210000
2026-04-12T16:00:00Z,BUSDT,0.00005000,0.15962977,0.15962977
2026-04-12T20:00:00Z,BUSDT,0.00005000,0.15869415,0.15869415
2026-04-13T00:00:00Z,BUSDT,0.00005000,0.16264600,0.16264600
2026-04-13T04:00:00Z,BUSDT,0.00005000,0.16999854,0.16999854
2026-04-13T08:00:00Z,BUSDT,0.00005000,0.17142830,0.17142830
2026-04-13T12:00:00Z,BUSDT,0.00005853,0.18518499,0.18518499
2026-04-13T16:00:00Z,BUSDT,0.00005000,0.18290000,0.18290000
2026-04-13T20:00:00Z,BUSDT,0.00005000,0.18203163,0.18203163
2026-04-14T00:00:00Z,BUSDT,0.00005254,0.18469244,0.18469244
2026-04-14T04:00:00Z,BUSDT,0.00005000,0.18964552,0.18964552
2026-04-14T08:00:00Z,BUSDT,0.00005000,0.11154012,0.11154012
2026-04-14T12:00:00Z,BUSDT,0.00005000,0.10998897,0.10998897
2026-04-14T16:00:00Z,BUSDT,0.00005000,0.11974941,0.11974941
2026-04-14T20:00:00Z,BUSDT,0.00005000,0.11400000,0.11400000
2026-04-15T00:00:00Z,BUSDT,0.00005000,0.11290000,0.11290000
2026-04-15T04:00:00Z,BUSDT,0.00005000,0.11360000,0.11360000
2026-04-15T08:00:00Z,BUSDT,0.00005000,0.11150000,0.11150000
2026-04-15T12:00:00Z,BUSDT,0.00005000,0.10641895,0.10641895
2026-04-15T16:00:00Z,BUSDT,0.00005000,0.10623197,0.10623197
2026-04-15T20:00:00Z,BUSDT,0.00005000,0.10620000,0.10620000
2026-04-16T00:00:00Z,BUSDT,0.00005000,0.10540000,0.10540000
2026-04-16T04:00:00Z,BUSDT,0.00005000,0.10539446,0.10539446
2026-04-16T08:00:00Z,BUSDT,0.00005000,0.10678014,0.10678014
2026-04-16T12:00:00Z,BUSDT,0.00015781,0.10613563,0.10613563
2026-04-16T16:00:00Z,BUSDT,0.00005000,0.09868702,0.09868702
2026-04-16T20:00:00Z,BUSDT,0.00005000,0.10516393,0.10516393
2026-04-17T00:00:00Z,BUSDT,0.00005000,0.10175117,0.10175117
2026-04-17T04:00:00Z,BUSDT,0.00014707,0.10550000,0.10550000
2026-04-17T08:00:00Z,BUSDT,0.00005000,0.10696833,0.10696833
2026-04-17T12:00:00Z,BUSDT,0.00005000,0.10288720,0.10288720
2026-04-17T16:00:00Z,BUSDT,0.00005000,0.10612583,0.10612583
2026-04-17T20:00:00Z,BUSDT,0.00005000,0.10537172,0.10537172
2026-04-18T00:00:00Z,BUSDT,0.00005000,0.10440000,0.10440000
2026-04-18T04:00:00Z,BUSDT,0.00005000,0.10440000,0.10440000
2026-04-18T08:00:00Z,BUSDT,0.00005000,0.10325270,0.10325270
2026-04-18T12:00:00Z,BUSDT,0.00005000,0.10460000,0.10460000
2026-04-18T16:00:00Z,BUSDT,0.00005000,0.10388465,0.10388465
2026-04-18T20:00:00Z,BUSDT,0.00005000,0.10010000,0.10010000
2026-04-19T00:00:00Z,BUSDT,0.00005000,0.10031707,0.10031707
2026-04-19T04:00:00Z,BUSDT,0.00005000,0.09772467,0.09772467
2026-04-19T08:00:00Z,BUSDT,0.00005000,0.09450000,0.09450000
2026-04-19T12:00:00Z,BUSDT,0.00005000,0.09370000,0.09370000
2026-04-19T16:00:00Z,BUSDT,0.00005000,0.09210000,0.09210000
2026-04-19T20:00:00Z,BUSDT,0.00005000,0.09570000,0.09570000
2026-04-20T00:00:00Z,BUSDT,0.00005000,0.09471766,0.09471766
2026-04-20T04:00:00Z,BUSDT,0.00005000,0.09605567,0.09605567
2026-04-20T08:00:00Z,BUSDT,0.00005000,0.09460000,0.09460000
2026-04-20T12:00:00Z,BUSDT,0.00005000,0.09385900,0.09385900
2026-04-20T16:00:00Z,BUSDT,0.00005000,0.09400000,0.09400000
2026-04-20T20:00:00Z,BUSDT,0.00005000,0.09600000,0.09600000
2026-04-21T00:00:00Z,BUSDT,0.00005000,0.09515642,0.09515642
2026-04-21T04:00:00Z,BUSDT,0.00005000,0.09701274,0.09701274
2026-04-21T08:00:00Z,BUSDT,0.00005000,0.09643123,0.09643123
2026-04-21T12:00:00Z,BUSDT,0.00005000,0.10218511,0.10218511
2026-04-21T16:00:00Z,BUSDT,0.00005000,0.10415130,0.10415130
2026-04-21T20:00:00Z,BUSDT,0.00005000,0.10076191,0.10076191
2026-04-22T00:00:00Z,BUSDT,0.00005000,0.10060000,0.10060000
2026-04-22T04:00:00Z,BUSDT,0.00005000,0.10420000,0.10420000
2026-04-22T08:00:00Z,BUSDT,0.00005000,0.10227545,0.10227545
2026-04-22T12:00:00Z,BUSDT,0.00005000,0.10570000,0.10570000
2026-04-22T16:00:00Z,BUSDT,0.00005000,0.10316226,0.10316226
2026-04-22T20:00:00Z,BUSDT,0.00005000,0.10687537,0.10687537
2026-04-23T00:00:00Z,BUSDT,0.00005000,0.11003420,0.11003420
2026-04-23T04:00:00Z,BUSDT,0.00005000,0.10558584,0.10558584
2026-04-23T08:00:00Z,BUSDT,0.00005000,0.10320000,0.10320000
2026-04-23T12:00:00Z,BUSDT,0.00005000,0.10452813,0.10452813
2026-04-23T16:00:00Z,BUSDT,0.00005000,0.10078287,0.10078287
2026-04-23T20:00:00Z,BUSDT,0.00005000,0.10274034,0.10274034
2026-04-24T00:00:00Z,BUSDT,0.00005000,0.10283502,0.10283502
2026-04-24T04:00:00Z,BUSDT,0.00005000,0.10084530,0.10084530
2026-04-24T08:00:00Z,BUSDT,0.00005000,0.09860000,0.09860000
2026-04-24T12:00:00Z,BUSDT,0.00005000,0.09840000,0.09840000
2026-04-24T16:00:00Z,BUSDT,0.00005000,0.09869380,0.09869380
2026-04-24T20:00:00Z,BUSDT,0.00005376,0.09825080,0.09825080
2026-04-25T00:00:00Z,BUSDT,0.00031780,0.10100000,0.10100000
2026-04-25T04:00:00Z,BUSDT,0.00005000,0.10066280,0.10066280
2026-04-25T08:00:00Z,BUSDT,0.00005000,0.10040524,0.10040524
2026-04-25T12:00:00Z,BUSDT,0.00005000,0.09874920,0.09874920
2026-04-25T16:00:00Z,BUSDT,0.00016727,0.11860000,0.11860000
2026-04-25T20:00:00Z,BUSDT,0.00046501,0.13680000,0.13680000
2026-04-26T00:00:00Z,BUSDT,0.00015245,0.12724903,0.12724903
2026-04-26T04:00:00Z,BUSDT,0.00005000,0.12098757,0.12098757
2026-04-26T08:00:00Z,BUSDT,0.00005000,0.12286626,0.12286626
2026-04-26T12:00:00Z,BUSDT,0.00005000,0.12150826,0.12150826
2026-04-26T16:00:00Z,BUSDT,0.00005416,0.12631007,0.12631007
2026-04-26T20:00:00Z,BUSDT,0.00010308,0.14150000,0.14150000
2026-04-27T00:00:00Z,BUSDT,0.00005000,0.13480000,0.13480000
2026-04-27T04:00:00Z,BUSDT,0.00005000,0.13488951,0.13488951
2026-04-27T08:00:00Z,BUSDT,0.00026802,0.13758087,0.13758087
2026-04-27T12:00:00Z,BUSDT,0.00032676,0.14148842,0.14148842
2026-04-27T16:00:00Z,BUSDT,0.00030824,0.14250000,0.14250000
2026-04-27T20:00:00Z,BUSDT,0.00041536,0.13849646,0.13849646
2026-04-28T00:00:00Z,BUSDT,0.00033162,0.13630000,0.13630000
2026-04-28T04:00:00Z,BUSDT,0.00025141,0.13760000,0.13760000
2026-04-28T08:00:00Z,BUSDT,0.00016622,0.13150000,0.13150000
2026-04-28T12:00:00Z,BUSDT,0.00005000,0.11773238,0.11773238
2026-04-28T16:00:00Z,BUSDT,0.00005093,0.12687259,0.12687259
2026-04-28T20:00:00Z,BUSDT,0.00005000,0.12141157,0.12141157
2026-04-29T00:00:00Z,BUSDT,0.00005000,0.12700000,0.12700000
2026-04-29T04:00:00Z,BUSDT,0.00005000,0.12540000,0.12540000
2026-04-29T08:00:00Z,BUSDT,0.00005000,0.13162204,0.13162204
2026-04-29T12:00:00Z,BUSDT,0.00005000,0.13080000,0.13080000
2026-04-29T16:00:00Z,BUSDT,0.00016661,0.13530000,0.13530000
2026-04-29T20:00:00Z,BUSDT,0.00005000,0.13540000,0.13540000
2026-04-30T00:00:00Z,BUSDT,0.00005000,0.13525428,0.13525428
2026-04-30T04:00:00Z,BUSDT,0.00005000,0.13314611,0.13314611
2026-04-30T08:00:00Z,BUSDT,0.00005000,0.13067708,0.13067708
2026-04-30T12:00:00Z,BUSDT,0.00005000,0.12806097,0.12806097
2026-04-30T16:00:00Z,BUSDT,0.00005000,0.13232867,0.13232867
2026-04-30T20:00:00Z,BUSDT,0.00005000,0.12950000,0.12950000
2026-05-01T00:00:00Z,BUSDT,0.00005000,0.13020000,0.13020000
2026-05-01T04:00:00Z,BUSDT,0.00005000,0.12796576,0.12796576
2026-05-01T08:00:00Z,BUSDT,0.00115777,0.20960000,0.20960000
2026-05-01T12:00:00Z,BUSDT,0.00123417,0.21890000,0.21890000
2026-05-01T16:00:00Z,BUSDT,0.00152677,0.29920000,0.29920000
2026-05-01T20:00:00Z,BUSDT,0.00103413,0.29809488,0.29809488
2026-05-02T00:00:00Z,BUSDT,0.00086974,0.31619972,0.31619972
2026-05-02T04:00:00Z,BUSDT,0.00099569,0.33694714,0.33694714
2026-05-02T08:00:00Z,BUSDT,0.00097708,0.32725374,0.32725374
2026-05-02T12:00:00Z,BUSDT,0.00061425,0.33518505,0.33518505
2026-05-02T16:00:00Z,BUSDT,0.00167563,0.39306964,0.39306964
2026-05-02T20:00:00Z,BUSDT,0.00101959,0.31933448,0.31933448
2026-05-03T00:00:00Z,BUSDT,0.00126229,0.32560000,0.32560000
2026-05-03T04:00:00Z,BUSDT,0.00076948,0.35487061,0.35487061
2026-05-03T08:00:00Z,BUSDT,0.00141304,0.43280000,0.43280000
2026-05-03T12:00:00Z,BUSDT,0.00190994,0.43318445,0.43318445
2026-05-03T16:00:00Z,BUSDT,0.00115792,0.41510000,0.41510000
2026-05-03T20:00:00Z,BUSDT,0.00128743,0.43020000,0.43020000
2026-05-04T00:00:00Z,BUSDT,0.00095616,0.42365633,0.42365633
2026-05-04T04:00:00Z,BUSDT,0.00079866,0.37921728,0.37921728
2026-05-04T08:00:00Z,BUSDT,0.00077339,0.39450000,0.39450000
2026-05-04T12:00:00Z,BUSDT,0.00035799,0.30670000,0.30670000
2026-05-04T16:00:00Z,BUSDT,0.00156643,0.47390000,0.47390000
2026-05-04T20:00:00Z,BUSDT,0.00067830,0.41140000,0.41140000
2026-05-05T00:00:00Z,BUSDT,0.00058993,0.36970000,0.36970000
2026-05-05T04:00:00Z,BUSDT,0.00068318,0.34652571,0.34652571
2026-05-05T08:00:00Z,BUSDT,0.00013658,0.34608161,0.34608161
2026-05-05T12:00:00Z,BUSDT,0.00031007,0.34824353,0.34824353
2026-05-05T16:00:00Z,BUSDT,0.00091420,0.43400831,0.43400831
2026-05-05T20:00:00Z,BUSDT,0.00091508,0.41859092,0.41859092
2026-05-06T00:00:00Z,BUSDT,0.00139118,0.44905957,0.44905957
2026-05-06T04:00:00Z,BUSDT,0.00142826,0.48200000,0.48200000
2026-05-06T08:00:00Z,BUSDT,0.00028323,0.39651070,0.39651070
2026-05-06T12:00:00Z,BUSDT,0.00045834,0.40820000,0.40820000
2026-05-06T16:00:00Z,BUSDT,0.00021201,0.32463501,0.32463501
2026-05-06T20:00:00Z,BUSDT,0.00037665,0.31589757,0.31589757
2026-05-07T00:00:00Z,BUSDT,0.00037508,0.33980000,0.33980000
2026-05-07T04:00:00Z,BUSDT,0.00005562,0.31117170,0.31117170
2026-05-07T08:00:00Z,BUSDT,0.00027294,0.33999501,0.33999501
2026-05-07T12:00:00Z,BUSDT,0.00014822,0.34985606,0.34985606
2026-05-07T16:00:00Z,BUSDT,0.00006568,0.34040000,0.34040000
2026-05-07T20:00:00Z,BUSDT,0.00024118,0.36380000,0.36380000
2026-05-08T00:00:00Z,BUSDT,0.00034245,0.36940000,0.36940000
2026-05-08T04:00:00Z,BUSDT,0.00044701,0.36968844,0.36968844
2026-05-08T08:00:00Z,BUSDT,0.00029238,0.37215009,0.37215009
2026-05-08T12:00:00Z,BUSDT,0.00011176,0.36700000,0.36700000
2026-05-08T16:00:00Z,BUSDT,0.00026718,0.37512817,0.37512817
2026-05-08T20:00:00Z,BUSDT,0.00027313,0.38170000,0.38170000
2026-05-09T00:00:00Z,BUSDT,0.00032485,0.38356251,0.38356251
2026-05-09T04:00:00Z,BUSDT,0.00044185,0.38590000,0.38590000
2026-05-09T08:00:00Z,BUSDT,0.00033044,0.38425109,0.38425109
2026-05-09T12:00:00Z,BUSDT,0.00005000,0.34030000,0.34030000
2026-05-09T16:00:00Z,BUSDT,0.00006150,0.39009563,0.39009563
2026-05-09T20:00:00Z,BUSDT,0.00011676,0.37990000,0.37990000
2026-05-10T00:00:00Z,BUSDT,0.00029012,0.36137950,0.36137950
2026-05-10T04:00:00Z,BUSDT,0.00018605,0.36780000,0.36780000
2026-05-10T08:00:00Z,BUSDT,0.00014031,0.35964265,0.35964265
2026-05-10T12:00:00Z,BUSDT,0.00019281,0.35140000,0.35140000
2026-05-10T16:00:00Z,BUSDT,0.00009110,0.35890000,0.35890000
2026-05-10T20:00:00Z,BUSDT,0.00048307,0.41980000,0.41980000
2026-05-11T00:00:00Z,BUSDT,0.00043935,0.40830000,0.40830000
2026-05-11T04:00:00Z,BUSDT,0.00025116,0.39214813,0.39214813
2026-05-11T08:00:00Z,BUSDT,0.00034179,0.45512754,0.45512754
2026-05-11T12:00:00Z,BUSDT,0.00010585,0.46478773,0.46478773
2026-05-11T16:00:00Z,BUSDT,0.00124160,0.56979454,0.56979454
2026-05-11T20:00:00Z,BUSDT,0.00131091,0.64590000,0.64590000
2026-05-12T00:00:00Z,BUSDT,0.00111464,0.63330000,0.63330000
2026-05-12T04:00:00Z,BUSDT,0.00079354,0.63109504,0.63109504
2026-05-12T08:00:00Z,BUSDT,0.00051510,0.63015663,0.63015663
2026-05-12T12:00:00Z,BUSDT,0.00079052,0.63500000,0.63500000
2026-05-12T16:00:00Z,BUSDT,0.00062621,0.64620000,0.64620000
2026-05-12T20:00:00Z,BUSDT,0.00074452,0.65120000,0.65120000
2026-05-13T00:00:00Z,BUSDT,0.00074246,0.63360000,0.63360000
2026-05-13T04:00:00Z,BUSDT,0.00065499,0.60860000,0.60860000
2026-05-13T08:00:00Z,BUSDT,0.00058567,0.70160000,0.70160000
2026-05-13T12:00:00Z,BUSDT,0.00056309,0.73353177,0.73353177
2026-05-13T16:00:00Z,BUSDT,0.00041718,0.67470000,0.67470000
2026-05-13T20:00:00Z,BUSDT,0.00028148,0.67440000,0.67440000
2026-05-14T00:00:00Z,BUSDT,0.00037020,0.64690000,0.64690000
2026-05-14T04:00:00Z,BUSDT,0.00035583,0.71262036,0.71262036
2026-05-14T08:00:00Z,BUSDT,0.00005000,0.47677564,0.47677564
2026-05-14T12:00:00Z,BUSDT,0.00005000,0.41858591,0.41858591
2026-05-14T16:00:00Z,BUSDT,0.00008976,0.51540000,0.51540000
2026-05-14T20:00:00Z,BUSDT,0.00005000,0.48791003,0.48791003
2026-05-15T00:00:00Z,BUSDT,0.00005000,0.47560000,0.47560000
2026-05-15T04:00:00Z,BUSDT,0.00005000,0.46435478,0.46435478
2026-05-15T08:00:00Z,BUSDT,0.00010934,0.45219170,0.45219170
2026-05-15T12:00:00Z,BUSDT,0.00005000,0.45537034,0.45537034
2026-05-15T16:00:00Z,BUSDT,0.00005000,0.45310000,0.45310000
2026-05-15T20:00:00Z,BUSDT,0.00013428,0.45175081,0.45175081
2026-05-16T00:00:00Z,BUSDT,0.00005000,0.43753455,0.43753455
2026-05-16T04:00:00Z,BUSDT,0.00005430,0.42607258,0.42607258
2026-05-16T08:00:00Z,BUSDT,0.00005000,0.39490000,0.39490000
2026-05-16T12:00:00Z,BUSDT,0.00005000,0.33720000,0.33720000
2026-05-16T16:00:00Z,BUSDT,0.00005000,0.39150000,0.39150000
2026-05-16T20:00:00Z,BUSDT,0.00005000,0.39970000,0.39970000
2026-05-17T00:00:00Z,BUSDT,0.00005000,0.39860000,0.39860000
2026-05-17T04:00:00Z,BUSDT,0.00005000,0.39600000,0.39600000
2026-05-17T08:00:00Z,BUSDT,0.00005000,0.39425000,0.39425000
2026-05-17T12:00:00Z,BUSDT,0.00005000,0.40620000,0.40620000
2026-05-17T16:00:00Z,BUSDT,0.00005000,0.38720000,0.38720000
2026-05-17T20:00:00Z,BUSDT,0.00005000,0.38780000,0.38780000
2026-05-18T00:00:00Z,BUSDT,0.00005000,0.38770000,0.38770000
2026-05-18T04:00:00Z,BUSDT,0.00005000,0.37530000,0.37530000
2026-05-18T08:00:00Z,BUSDT,0.00005000,0.33915677,0.33915677
2026-05-18T12:00:00Z,BUSDT,0.00005000,0.38668293,0.38668293
2026-05-18T16:00:00Z,BUSDT,0.00005000,0.37040545,0.37040545
2026-05-18T20:00:00Z,BUSDT,0.00005000,0.35930715,0.35930715
2026-05-19T00:00:00Z,BUSDT,0.00005000,0.35290404,0.35290404
2026-05-19T04:00:00Z,BUSDT,0.00005000,0.35930890,0.35930890
2026-05-19T08:00:00Z,BUSDT,0.00005000,0.36180000,0.36180000
2026-05-19T12:00:00Z,BUSDT,0.00005000,0.35288295,0.35288295
2026-05-19T16:00:00Z,BUSDT,0.00005000,0.34170000,0.34170000
2026-05-19T20:00:00Z,BUSDT,0.00005000,0.34390000,0.34390000
2026-05-20T00:00:00Z,BUSDT,0.00005000,0.34250000,0.34250000
2026-05-20T04:00:00Z,BUSDT,0.00005000,0.34137259,0.34137259
2026-05-20T08:00:00Z,BUSDT,0.00005000,0.34065081,0.34065081
2026-05-20T12:00:00Z,BUSDT,0.00007584,0.39920022,0.39920022
2026-05-20T16:00:00Z,BUSDT,0.00005000,0.37186974,0.37186974
2026-05-20T20:00:00Z,BUSDT,0.00005000,0.37171369,0.37171369
2026-05-21T00:00:00Z,BUSDT,0.00005000,0.36880000,0.36880000
2026-05-21T04:00:00Z,BUSDT,0.00005000,0.34010000,0.34010000
2026-05-21T08:00:00Z,BUSDT,0.00005000,0.32786940,0.32786940
2026-05-21T12:00:00Z,BUSDT,0.00005000,0.30102331,0.30102331
2026-05-21T16:00:00Z,BUSDT,0.00005000,0.29770495,0.29770495
2026-05-21T20:00:00Z,BUSDT,0.00005000,0.30066191,0.30066191
2026-05-22T00:00:00Z,BUSDT,0.00005000,0.29910000,0.29910000
2026-05-22T04:00:00Z,BUSDT,0.00005000,0.28577765,0.28577765
2026-05-22T08:00:00Z,BUSDT,0.00005000,0.27543565,0.27543565
2026-05-22T12:00:00Z,BUSDT,0.00005000,0.27410000,0.27410000
2026-05-22T16:00:00Z,BUSDT,0.00005000,0.26270000,0.26270000
2026-05-22T20:00:00Z,BUSDT,0.00005000,0.26698238,0.26698238
2026-05-23T00:00:00Z,BUSDT,0.00005000,0.26403718,0.26403718
2026-05-23T04:00:00Z,BUSDT,0.00005000,0.26250000,0.26250000
2026-05-23T08:00:00Z,BUSDT,0.00005000,0.25220000,0.25220000
2026-05-23T12:00:00Z,BUSDT,0.00005000,0.25120480,0.25120480
2026-05-23T16:00:00Z,BUSDT,0.00005000,0.25598444,0.25598444
2026-05-23T20:00:00Z,BUSDT,0.00005000,0.25770000,0.25770000
2026-05-24T00:00:00Z,BUSDT,0.00005000,0.25460000,0.25460000
2026-05-24T04:00:00Z,BUSDT,0.00005000,0.25620000,0.25620000
2026-05-24T08:00:00Z,BUSDT,0.00005000,0.24340774,0.24340774
2026-05-24T12:00:00Z,BUSDT,0.00005000,0.24640229,0.24640229
2026-05-24T16:00:00Z,BUSDT,0.00005000,0.24620000,0.24620000
2026-05-24T20:00:00Z,BUSDT,0.00005000,0.24710000,0.24710000
2026-05-25T00:00:00Z,BUSDT,0.00005000,0.25540000,0.25540000
2026-05-25T04:00:00Z,BUSDT,0.00005000,0.25421190,0.25421190
2026-05-25T08:00:00Z,BUSDT,0.00005000,0.26180000,0.26180000
2026-05-25T12:00:00Z,BUSDT,0.00005000,0.24501918,0.24501918
2026-05-25T16:00:00Z,BUSDT,0.00005000,0.23707629,0.23707629
2026-05-25T20:00:00Z,BUSDT,0.00005000,0.25206639,0.25206639
2026-05-26T00:00:00Z,BUSDT,0.00005000,0.24590000,0.24590000
2026-05-26T04:00:00Z,BUSDT,0.00005000,0.23260000,0.23260000
2026-05-26T08:00:00Z,BUSDT,0.00005000,0.23918727,0.23918727
2026-05-26T12:00:00Z,BUSDT,0.00005000,0.24040000,0.24040000
2026-05-26T16:00:00Z,BUSDT,0.00005000,0.25310000,0.25310000
2026-05-26T20:00:00Z,BUSDT,0.00005000,0.24889502,0.24889502
2026-05-27T00:00:00Z,BUSDT,0.00005000,0.24970000,0.24970000
2026-05-27T04:00:00Z,BUSDT,0.00005000,0.24760000,0.24760000
2026-05-27T08:00:00Z,BUSDT,0.00006410,0.24113315,0.24113315
2026-05-27T12:00:00Z,BUSDT,0.00005000,0.24825229,0.24825229
2026-05-27T16:00:00Z,BUSDT,0.00005000,0.25170000,0.25170000
2026-05-27T20:00:00Z,BUSDT,0.00005000,0.24460000,0.24460000
2026-05-28T00:00:00Z,BUSDT,0.00005000,0.24290000,0.24290000
2026-05-28T04:00:00Z,BUSDT,0.00005000,0.23226614,0.23226614
2026-05-28T08:00:00Z,BUSDT,0.00005000,0.23129319,0.23129319
2026-05-28T12:00:00Z,BUSDT,0.00005000,0.22990000,0.22990000
2026-05-28T16:00:00Z,BUSDT,0.00005000,0.24088567,0.24088567
2026-05-28T20:00:00Z,BUSDT,0.00005000,0.24320000,0.24320000
2026-05-29T00:00:00Z,BUSDT,0.00005000,0.23960000,0.23960000
2026-05-29T04:00:00Z,BUSDT,0.00005000,0.23270000,0.23270000
2026-05-29T08:00:00Z,BUSDT,0.00005000,0.23623400,0.23623400
2026-05-29T12:00:00Z,BUSDT,0.00005000,0.24560000,0.24560000
2026-05-29T16:00:00Z,BUSDT,0.00005000,0.24680000,0.24680000
2026-05-29T20:00:00Z,BUSDT,0.00005000,0.24543569,0.24543569
2026-05-30T00:00:00Z,BUSDT,0.00005000,0.24460000,0.24460000
2026-05-30T04:00:00Z,BUSDT,0.00005000,0.24210000,0.24210000
2026-05-30T08:00:00Z,BUSDT,0.00005000,0.25180000,0.25180000
2026-05-30T12:00:00Z,BUSDT,0.00005000,0.24310000,0.24310000
2026-05-30T16:00:00Z,BUSDT,0.00008390,0.23976541,0.23976541
2026-05-30T20:00:00Z,BUSDT,0.00005000,0.24732509,0.24732509
2026-05-31T00:00:00Z,BUSDT,0.00005000,0.24492249,0.24492249
2026-05-31T04:00:00Z,BUSDT,0.00005000,0.24620000,0.24620000
2026-05-31T08:00:00Z,BUSDT,0.00005000,0.24480000,0.24480000
2026-05-31T12:00:00Z,BUSDT,0.00005000,0.24280000,0.24280000
2026-05-31T16:00:00Z,BUSDT,0.00005310,0.24110000,0.24110000
2026-05-31T20:00:00Z,BUSDT,0.00005000,0.23880000,0.23880000
2026-06-01T00:00:00Z,BUSDT,0.00005000,0.23820156,0.23820156
2026-06-01T04:00:00Z,BUSDT,0.00020228,0.23470000,0.23470000
2026-06-01T08:00:00Z,BUSDT,0.00005000,0.24825195,0.24825195
2026-06-01T12:00:00Z,BUSDT,0.00026363,0.25792315,0.25792315
2026-06-01T16:00:00Z,BUSDT,0.00050946,0.25390000,0.25390000
2026-06-01T20:00:00Z,BUSDT,0.00005000,0.24700000,0.24700000
2026-06-02T00:00:00Z,BUSDT,0.00005000,0.25145307,0.25145307
2026-06-02T04:00:00Z,BUSDT,0.00005000,0.23060344,0.23060344
2026-06-02T08:00:00Z,BUSDT,0.00005000,0.24010000,0.24010000
2026-06-02T12:00:00Z,BUSDT,0.00005000,0.23980000,0.23980000
2026-06-02T16:00:00Z,BUSDT,0.00006653,0.24058727,0.24058727
2026-06-02T20:00:00Z,BUSDT,0.00005000,0.23771178,0.23771178
2026-06-03T00:00:00Z,BUSDT,0.00005000,0.23160000,0.23160000
2026-06-03T04:00:00Z,BUSDT,0.00005960,0.22930000,0.22930000
2026-06-03T08:00:00Z,BUSDT,0.00019504,0.23155038,0.23155038
2026-06-03T12:00:00Z,BUSDT,0.00033328,0.23105000,0.23105000
2026-06-03T16:00:00Z,BUSDT,0.00028861,0.23020000,0.23020000
2026-06-03T20:00:00Z,BUSDT,0.00012429,0.22621988,0.22621988
2026-06-04T00:00:00Z,BUSDT,0.00005000,0.22333633,0.22333633
2026-06-04T04:00:00Z,BUSDT,0.00005000,0.22131548,0.22131548
2026-06-04T08:00:00Z,BUSDT,0.00018905,0.22069507,0.22069507
2026-06-04T12:00:00Z,BUSDT,0.00005000,0.22455222,0.22455222
2026-06-04T16:00:00Z,BUSDT,0.00017111,0.26048432,0.26048432
2026-06-04T20:00:00Z,BUSDT,0.00009594,0.25530000,0.25530000
2026-06-05T00:00:00Z,BUSDT,0.00010464,0.25470000,0.25470000
2026-06-05T04:00:00Z,BUSDT,0.00005000,0.24515438,0.24515438
2026-06-05T08:00:00Z,BUSDT,0.00005000,0.23520000,0.23520000
2026-06-05T12:00:00Z,BUSDT,0.00005000,0.23450000,0.23450000
2026-06-05T16:00:00Z,BUSDT,0.00005000,0.23536142,0.23536142
2026-06-05T20:00:00Z,BUSDT,0.00005042,0.22360000,0.22360000
2026-06-06T00:00:00Z,BUSDT,0.00005626,0.22220000,0.22220000
2026-06-06T04:00:00Z,BUSDT,0.00005000,0.22090000,0.22090000
2026-06-06T08:00:00Z,BUSDT,0.00011360,0.22266926,0.22266926
2026-06-06T12:00:00Z,BUSDT,0.00011949,0.23178114,0.23178114
2026-06-06T16:00:00Z,BUSDT,0.00025080,0.23000000,0.23000000
2026-06-06T20:00:00Z,BUSDT,0.00037470,0.23515253,0.23515253
2026-06-07T00:00:00Z,BUSDT,0.00009944,0.24909696,0.24909696
2026-06-07T04:00:00Z,BUSDT,0.00029535,0.24690000,0.24690000
2026-06-07T08:00:00Z,BUSDT,0.00033149,0.26462133,0.26462133
2026-06-07T12:00:00Z,BUSDT,0.00042665,0.28870000,0.28870000
2026-06-07T16:00:00Z,BUSDT,0.00022090,0.28240000,0.28240000
2026-06-07T20:00:00Z,BUSDT,0.00024819,0.29469944,0.29469944
2026-06-08T00:00:00Z,BUSDT,0.00013233,0.29360000,0.29360000
2026-06-08T04:00:00Z,BUSDT,0.00036053,0.27820000,0.27820000
2026-06-08T08:00:00Z,BUSDT,0.00018519,0.28220000,0.28220000
2026-06-08T12:00:00Z,BUSDT,0.00019927,0.29043735,0.29043735
2026-06-08T16:00:00Z,BUSDT,0.00016179,0.28434171,0.28434171
2026-06-08T20:00:00Z,BUSDT,0.00028456,0.31349706,0.31349706
2026-06-09T00:00:00Z,BUSDT,0.00026297,0.30270000,0.30270000
2026-06-09T04:00:00Z,BUSDT,0.00017102,0.26290000,0.26290000
2026-06-09T08:00:00Z,BUSDT,0.00018053,0.27462228,0.27462228
2026-06-09T12:00:00Z,BUSDT,0.00005000,0.27920000,0.27920000
2026-06-09T16:00:00Z,BUSDT,0.00005000,0.27050000,0.27050000
2026-06-09T20:00:00Z,BUSDT,0.00010214,0.26570000,0.26570000
2026-06-10T00:00:00Z,BUSDT,0.00015575,0.26800000,0.26800000
2026-06-10T04:00:00Z,BUSDT,0.00015755,0.26040000,0.26040000
2026-06-10T08:00:00Z,BUSDT,0.00012836,0.22110000,0.22110000
2026-06-10T12:00:00Z,BUSDT,0.00005000,0.22826118,0.22826118
2026-06-10T16:00:00Z,BUSDT,0.00005497,0.22520000,0.22520000
2026-06-10T20:00:00Z,BUSDT,0.00029981,0.22460000,0.22460000
2026-06-11T00:00:00Z,BUSDT,0.00018261,0.21953468,0.21953468
2026-06-11T04:00:00Z,BUSDT,0.00005000,0.22684516,0.22684516
2026-06-11T08:00:00Z,BUSDT,0.00019737,0.23846596,0.23846596
2026-06-11T12:00:00Z,BUSDT,0.00005000,0.23970000,0.23970000
2026-06-11T16:00:00Z,BUSDT,0.00005000,0.23785120,0.23785120
2026-06-11T20:00:00Z,BUSDT,0.00016113,0.23720000,0.23720000
2026-06-12T00:00:00Z,BUSDT,0.00005000,0.23800000,0.23800000
2026-06-12T04:00:00Z,BUSDT,0.00028082,0.23814732,0.23814732
2026-06-12T08:00:00Z,BUSDT,0.00011731,0.23858057,0.23858057
2026-06-12T12:00:00Z,BUSDT,0.00005000,0.23470655,0.23470655
2026-06-12T16:00:00Z,BUSDT,0.00020517,0.23970000,0.23970000
2026-06-12T20:00:00Z,BUSDT,0.00005000,0.23709867,0.23709867
2026-06-13T00:00:00Z,BUSDT,0.00005000,0.23825345,0.23825345
2026-06-13T04:00:00Z,BUSDT,0.00021567,0.23558274,0.23558274
2026-06-13T08:00:00Z,BUSDT,0.00021300,0.23490000,0.23490000
2026-06-13T12:00:00Z,BUSDT,0.00030242,0.23273122,0.23273122
2026-06-13T16:00:00Z,BUSDT,0.00008989,0.23290000,0.23290000
2026-06-13T20:00:00Z,BUSDT,0.00021393,0.22248228,0.22248228
2026-06-14T00:00:00Z,BUSDT,0.00020686,0.22196066,0.22196066
2026-06-14T04:00:00Z,BUSDT,0.00014786,0.22396222,0.22396222
2026-06-14T08:00:00Z,BUSDT,0.00014535,0.23720000,0.23720000
2026-06-14T12:00:00Z,BUSDT,0.00012371,0.23560000,0.23560000
2026-06-14T16:00:00Z,BUSDT,0.00005000,0.23530000,0.23530000
2026-06-14T20:00:00Z,BUSDT,0.00006752,0.23425622,0.23425622
2026-06-15T00:00:00Z,BUSDT,0.00019982,0.23755000,0.23755000
2026-06-15T04:00:00Z,BUSDT,0.00027962,0.23690000,0.23690000
2026-06-15T08:00:00Z,BUSDT,0.00005000,0.23470000,0.23470000
2026-06-15T12:00:00Z,BUSDT,0.00027347,0.23540000,0.23540000
2026-06-15T16:00:00Z,BUSDT,0.00053557,0.25380907,0.25380907
2026-06-15T20:00:00Z,BUSDT,0.00039158,0.25190000,0.25190000
2026-06-16T00:00:00Z,BUSDT,0.00014765,0.25192246,0.25192246
2026-06-16T04:00:00Z,BUSDT,0.00025242,0.27360000,0.27360000
2026-06-16T08:00:00Z,BUSDT,0.00017573,0.24292678,0.24292678
2026-06-16T12:00:00Z,BUSDT,0.00022185,0.24145599,0.24145599
2026-06-16T16:00:00Z,BUSDT,0.00013015,0.24025363,0.24025363
2026-06-16T20:00:00Z,BUSDT,0.00008775,0.24060000,0.24060000
2026-06-17T00:00:00Z,BUSDT,0.00007386,0.23820000,0.23820000
2026-06-17T04:00:00Z,BUSDT,0.00020161,0.24120000,0.24120000
2026-06-17T08:00:00Z,BUSDT,0.00015977,0.24427222,0.24427222
2026-06-17T12:00:00Z,BUSDT,0.00011343,0.22920000,0.22920000
2026-06-17T16:00:00Z,BUSDT,0.00008758,0.23190000,0.23190000
2026-06-17T20:00:00Z,BUSDT,0.00005000,0.22890000,0.22890000
2026-06-18T00:00:00Z,BUSDT,0.00005000,0.22858926,0.22858926
2026-06-18T04:00:00Z,BUSDT,0.00018838,0.22855000,0.22855000
2026-06-18T08:00:00Z,BUSDT,0.00005000,0.22545000,0.22545000
2026-06-18T12:00:00Z,BUSDT,0.00010175,0.22488463,0.22488463
2026-06-18T16:00:00Z,BUSDT,0.00005000,0.21991394,0.21991394
2026-06-18T20:00:00Z,BUSDT,0.00005000,0.22152401,0.22152401
2026-06-19T00:00:00Z,BUSDT,0.00013145,0.22088074,0.22088074
2026-06-19T04:00:00Z,BUSDT,0.00021606,0.22100000,0.22100000
2026-06-19T08:00:00Z,BUSDT,0.00013038,0.22100000,0.22100000
2026-06-19T12:00:00Z,BUSDT,0.00008242,0.22097363,0.22097363
2026-06-19T16:00:00Z,BUSDT,0.00009562,0.22045000,0.22045000
2026-06-19T20:00:00Z,BUSDT,0.00021880,0.22069997,0.22069997
2026-06-20T00:00:00Z,BUSDT,0.00018382,0.22060000,0.22060000
2026-06-20T04:00:00Z,BUSDT,0.00005000,0.22250000,0.22250000
2026-06-20T08:00:00Z,BUSDT,0.00005000,0.22585037,0.22585037
2026-06-20T12:00:00Z,BUSDT,0.00005000,0.22505000,0.22505000
2026-06-20T16:00:00Z,BUSDT,0.00015771,0.23130000,0.23130000
2026-06-20T20:00:00Z,BUSDT,0.00032363,0.22855000,0.22855000
2026-06-21T00:00:00Z,BUSDT,0.00016786,0.22775000,0.22775000
2026-06-21T04:00:00Z,BUSDT,0.00023412,0.22869014,0.22869014
2026-06-21T08:00:00Z,BUSDT,0.00015785,0.22690000,0.22690000
2026-06-21T12:00:00Z,BUSDT,0.00005000,0.22050000,0.22050000
2026-06-21T16:00:00Z,BUSDT,0.00012099,0.22120000,0.22120000
2026-06-21T20:00:00Z,BUSDT,0.00017504,0.22137333,0.22137333
2026-06-22T00:00:00Z,BUSDT,0.00010296,0.21961497,0.21961497
2026-06-22T04:00:00Z,BUSDT,0.00013334,0.21970000,0.21970000
2026-06-22T08:00:00Z,BUSDT,0.00005000,0.22095185,0.22095185
2026-06-22T12:00:00Z,BUSDT,0.00005000,0.25040000,0.25040000
2026-06-22T16:00:00Z,BUSDT,0.00007474,0.23830000,0.23830000
2026-06-22T20:00:00Z,BUSDT,0.00005000,0.23810000,0.23810000
2026-06-23T00:00:00Z,BUSDT,0.00005000,0.23850000,0.23850000
2026-06-23T04:00:00Z,BUSDT,0.00006909,0.24340000,0.24340000
2026-06-23T08:00:00Z,BUSDT,0.00010403,0.23917321,0.23917321
2026-06-23T12:00:00Z,BUSDT,0.00005000,0.23010000,0.23010000
2026-06-23T16:00:00Z,BUSDT,0.00005000,0.22300000,0.22300000
2026-06-23T20:00:00Z,BUSDT,0.00005000,0.22265153,0.22265153
2026-06-24T00:00:00Z,BUSDT,0.00005000,0.22399372,0.22399372
2026-06-24T08:00:00Z,BUSDT,0.00005000,0.22070000,0.22070000
2026-06-24T12:00:00Z,BUSDT,0.00012480,0.22310000,0.22310000
2026-06-24T16:00:00Z,BUSDT,0.00005000,0.22080000,0.22080000
2026-06-24T20:00:00Z,BUSDT,0.00005000,0.22171798,0.22171798
2026-06-25T00:00:00Z,BUSDT,0.00005000,0.22666038,0.22666038
2026-06-25T04:00:00Z,BUSDT,0.00005000,0.22190000,0.22190000
2026-06-25T08:00:00Z,BUSDT,0.00009560,0.21013614,0.21013614
2026-06-25T12:00:00Z,BUSDT,0.00005000,0.21020000,0.21020000
2026-06-25T16:00:00Z,BUSDT,0.00005000,0.21245902,0.21245902
2026-06-25T20:00:00Z,BUSDT,0.00010895,0.21300000,0.21300000
2026-06-26T00:00:00Z,BUSDT,0.00012842,0.21100137,0.21100137
2026-06-26T04:00:00Z,BUSDT,0.00005695,0.21713023,0.21713023
2026-06-26T08:00:00Z,BUSDT,0.00010009,0.21820802,0.21820802
2026-06-26T12:00:00Z,BUSDT,0.00024122,0.23850000,0.23850000
2026-06-26T16:00:00Z,BUSDT,0.00023728,0.23546897,0.23546897
2026-06-26T20:00:00Z,BUSDT,0.00016828,0.23815411,0.23815411
2026-06-27T00:00:00Z,BUSDT,0.00024959,0.23922827,0.23922827
2026-06-27T04:00:00Z,BUSDT,0.00021236,0.23755000,0.23755000
2026-06-27T08:00:00Z,BUSDT,0.00022406,0.24397956,0.24397956
2026-06-27T12:00:00Z,BUSDT,0.00023734,0.23520000,0.23520000
2026-06-27T16:00:00Z,BUSDT,0.00017230,0.23407778,0.23407778
2026-06-27T20:00:00Z,BUSDT,0.00005000,0.23243010,0.23243010
2026-06-28T00:00:00Z,BUSDT,0.00009605,0.22975215,0.22975215
2026-06-28T04:00:00Z,BUSDT,0.00005000,0.23237715,0.23237715
2026-06-28T08:00:00Z,BUSDT,0.00005000,0.22760000,0.22760000
2026-06-28T12:00:00Z,BUSDT,0.00005000,0.22200000,0.22200000
2026-06-28T16:00:00Z,BUSDT,0.00005000,0.22090000,0.22090000
2026-06-28T20:00:00Z,BUSDT,0.00022329,0.21860000,0.21860000
2026-06-29T00:00:00Z,BUSDT,0.00005000,0.21680000,0.21680000
2026-06-29T04:00:00Z,BUSDT,0.00005000,0.21879350,0.21879350
2026-06-29T08:00:00Z,BUSDT,0.00005000,0.22200000,0.22200000
2026-06-29T12:00:00Z,BUSDT,0.00005000,0.21955582,0.21955582
2026-06-29T16:00:00Z,BUSDT,0.00005000,0.21770000,0.21770000
2026-06-29T20:00:00Z,BUSDT,0.00007936,0.21830000,0.21830000
2026-06-30T00:00:00Z,BUSDT,0.00013209,0.21812437,0.21812437
2026-06-30T04:00:00Z,BUSDT,0.00020847,0.21682975,0.21682975
2026-06-30T08:00:00Z,BUSDT,0.00039274,0.21610000,0.21610000
2026-06-30T12:00:00Z,BUSDT,0.00005000,0.21645000,0.21645000
2026-06-30T16:00:00Z,BUSDT,0.00005000,0.21538122,0.21538122
2026-06-30T20:00:00Z,BUSDT,0.00006395,0.21265000,0.21265000
2026-07-01T00:00:00Z,BUSDT,0.00005000,0.21154500,0.21154500
2026-07-01T04:00:00Z,BUSDT,0.00005000,0.21110000,0.21110000
2026-07-01T08:00:00Z,BUSDT,0.00005000,0.21234889,0.21234889
2026-07-01T12:00:00Z,BUSDT,0.00005000,0.21140000,0.21140000
2026-07-01T16:00:00Z,BUSDT,0.00005236,0.21435002,0.21435002
2026-07-01T20:00:00Z,BUSDT,0.00007975,0.23884671,0.23884671
2026-07-02T00:00:00Z,BUSDT,0.00005000,0.23655673,0.23655673
2026-07-02T04:00:00Z,BUSDT,0.00010740,0.23816631,0.23816631
2026-07-02T08:00:00Z,BUSDT,0.00005000,0.23489886,0.23489886
2026-07-02T12:00:00Z,BUSDT,0.00013621,0.25750000,0.25750000
2026-07-02T16:00:00Z,BUSDT,0.00005000,0.25860000,0.25860000
2026-07-02T20:00:00Z,BUSDT,0.00007844,0.25851925,0.25851925
2026-07-03T00:00:00Z,BUSDT,0.00012516,0.25634571,0.25634571
2026-07-03T04:00:00Z,BUSDT,0.00014181,0.24680000,0.24680000
2026-07-03T08:00:00Z,BUSDT,0.00005000,0.24814852,0.24814852
2026-07-03T12:00:00Z,BUSDT,0.00005000,0.24640000,0.24640000
2026-07-03T16:00:00Z,BUSDT,0.00005000,0.24365000,0.24365000
2026-07-03T20:00:00Z,BUSDT,0.00014452,0.24147570,0.24147570
2026-07-04T00:00:00Z,BUSDT,0.00005181,0.23979889,0.23979889
2026-07-04T04:00:00Z,BUSDT,0.00005000,0.23629483,0.23629483
2026-07-04T08:00:00Z,BUSDT,0.00005000,0.21140000,0.21140000
2026-07-04T12:00:00Z,BUSDT,0.00005000,0.21290000,0.21290000
2026-07-04T16:00:00Z,BUSDT,0.00005000,0.21045246,0.21045246
2026-07-04T20:00:00Z,BUSDT,0.00005000,0.21180000,0.21180000
2026-07-05T00:00:00Z,BUSDT,0.00005000,0.21210000,0.21210000
2026-07-05T04:00:00Z,BUSDT,0.00005000,0.21284939,0.21284939
2026-07-05T08:00:00Z,BUSDT,0.00005000,0.21145000,0.21145000
2026-07-05T12:00:00Z,BUSDT,0.00005000,0.21090000,0.21090000
2026-07-05T16:00:00Z,BUSDT,0.00005000,0.21160000,0.21160000
2026-07-05T20:00:00Z,BUSDT,0.00005000,0.21222937,0.21222937
2026-07-06T00:00:00Z,BUSDT,0.00005000,0.21157711,0.21157711
2026-07-06T04:00:00Z,BUSDT,0.00005000,0.22738480,0.22738480
2026-07-06T08:00:00Z,BUSDT,0.00005000,0.22820000,0.22820000
2026-07-06T12:00:00Z,BUSDT,0.00005000,0.21810000,0.21810000
2026-07-06T16:00:00Z,BUSDT,0.00005000,0.16244294,0.16244294
2026-07-06T20:00:00Z,BUSDT,0.00005000,0.16830345,0.16830345
2026-07-07T00:00:00Z,BUSDT,0.00005000,0.16833774,0.16833774
2026-07-07T04:00:00Z,BUSDT,0.00005000,0.17094441,0.17094441
2026-07-07T08:00:00Z,BUSDT,0.00005000,0.17026788,0.17026788
2026-07-07T12:00:00Z,BUSDT,0.00005000,0.16180000,0.16180000
2026-07-07T16:00:00Z,BUSDT,0.00005000,0.16159680,0.16159680
2026-07-07T20:00:00Z,BUSDT,0.00005000,0.15678823,0.15678823
2026-07-08T00:00:00Z,BUSDT,0.00005000,0.15400000,0.15400000
2026-07-08T04:00:00Z,BUSDT,0.00005000,0.15310000,0.15310000
2026-07-08T08:00:00Z,BUSDT,0.00005000,0.15440000,0.15440000
2026-07-08T12:00:00Z,BUSDT,0.00005000,0.15770000,0.15770000
2026-07-08T16:00:00Z,BUSDT,0.00005000,0.15473182,0.15473182
2026-07-08T20:00:00Z,BUSDT,0.00005000,0.15157615,0.15157615
2026-07-09T00:00:00Z,BUSDT,0.00005000,0.15194992,0.15194992
2026-07-09T04:00:00Z,BUSDT,0.00005000,0.15224956,0.15224956
2026-07-09T08:00:00Z,BUSDT,0.00005000,0.15030000,0.15030000
2026-07-09T12:00:00Z,BUSDT,0.00005000,0.15700000,0.15700000
2026-07-09T16:00:00Z,BUSDT,0.00005000,0.16412384,0.16412384
2026-07-09T20:00:00Z,BUSDT,0.00005000,0.16240000,0.16240000
2026-07-10T00:00:00Z,BUSDT,0.00005000,0.15952200,0.15952200
2026-07-10T04:00:00Z,BUSDT,0.00005000,0.16160000,0.16160000
2026-07-10T08:00:00Z,BUSDT,0.00005000,0.16200370,0.16200370
2026-07-10T12:00:00Z,BUSDT,0.00005000,0.16200000,0.16200000
2026-07-10T16:00:00Z,BUSDT,0.00033657,0.20840000,0.20840000
2026-07-10T20:00:00Z,BUSDT,0.00028431,0.22120000,0.22120000
2026-07-11T00:00:00Z,BUSDT,0.00041571,0.22510000,0.22510000
2026-07-11T04:00:00Z,BUSDT,0.00047491,0.24269414,0.24269414
2026-07-11T08:00:00Z,BUSDT,0.00010353,0.18558688,0.18558688
2026-07-11T12:00:00Z,BUSDT,0.00005000,0.10771042,0.10771042
2026-07-11T16:00:00Z,BUSDT,0.00005000,0.11310000,0.11310000
2026-07-11T20:00:00Z,BUSDT,0.00005000,0.12699290,0.12699290
2026-07-12T00:00:00Z,BUSDT,0.00005000,0.11745807,0.11745807
2026-07-12T04:00:00Z,BUSDT,0.00005000,0.11407436,0.11407436
2026-07-12T08:00:00Z,BUSDT,0.00005000,0.13150062,0.13150062
2026-07-12T12:00:00Z,BUSDT,0.00005000,0.12029995,0.12029995
2026-07-12T16:00:00Z,BUSDT,0.00005000,0.11742116,0.11742116
2026-07-12T20:00:00Z,BUSDT,0.00005000,0.11261066,0.11261066
2026-07-13T00:00:00Z,BUSDT,0.00005000,0.10850000,0.10850000
2026-07-13T04:00:00Z,BUSDT,0.00005000,0.10698432,0.10698432
2026-07-13T08:00:00Z,BUSDT,0.00005000,0.10309455,0.10309455
2026-07-13T12:00:00Z,BUSDT,0.00005000,0.12049813,0.12049813
2026-07-13T16:00:00Z,BUSDT,0.00005000,0.11457215,0.11457215
2026-07-13T20:00:00Z,BUSDT,0.00005000,0.10770687,0.10770687
2026-07-14T00:00:00Z,BUSDT,0.00005000,0.10834146,0.10834146
2026-07-14T04:00:00Z,BUSDT,0.00005000,0.10420326,0.10420326
2026-07-14T08:00:00Z,BUSDT,0.00005000,0.11209263,0.11209263
2026-07-14T12:00:00Z,BUSDT,0.00005000,0.11194547,0.11194547
2026-07-14T16:00:00Z,BUSDT,0.00005000,0.11460000,0.11460000
2026-07-14T20:00:00Z,BUSDT,0.00005000,0.11323580,0.11323580
2026-07-15T00:00:00Z,BUSDT,0.00005000,0.11422889,0.11422889
2026-07-15T04:00:00Z,BUSDT,0.00005000,0.11146507,0.11146507
2026-07-15T08:00:00Z,BUSDT,0.00005000,0.11440000,0.11440000
2026-07-15T12:00:00Z,BUSDT,0.00005000,0.11371367,0.11371367
2026-07-15T16:00:00Z,BUSDT,0.00005000,0.11605606,0.11605606
2026-07-15T20:00:00Z,BUSDT,0.00005000,0.11454121,0.11454121
2026-07-16T00:00:00Z,BUSDT,0.00005000,0.11328040,0.11328040
2026-07-16T04:00:00Z,BUSDT,0.00005000,0.11314203,0.11314203
2026-07-16T08:00:00Z,BUSDT,0.00005000,0.10880000,0.10880000
2026-07-16T12:00:00Z,BUSDT,0.00005000,0.11106601,0.11106601
2026-07-16T16:00:00Z,BUSDT,0.00005000,0.11144016,0.11144016
2026-07-16T20:00:00Z,BUSDT,0.00005000,0.11327757,0.11327757
2026-07-17T00:00:00Z,BUSDT,0.00005000,0.11460000,0.11460000
2026-07-17T04:00:00Z,BUSDT,0.00005000,0.11423661,0.11423661
2026-07-17T08:00:00Z,BUSDT,0.00005000,0.11320843,0.11320843
2026-07-17T12:00:00Z,BUSDT,0.00005000,0.11357060,0.11357060
2026-07-17T16:00:00Z,BUSDT,0.00005000,0.11560000,0.11560000
2026-07-17T20:00:00Z,BUSDT,0.00005000,0.11270062,0.11270062
2026-07-18T00:00:00Z,BUSDT,0.00005000,0.11470000,0.11470000
2026-07-18T04:00:00Z,BUSDT,0.00005000,0.11403228,0.11403228
2026-07-18T08:00:00Z,BUSDT,0.00005000,0.11355766,0.11355766
2026-07-18T12:00:00Z,BUSDT,0.00039924,0.17971027,0.17971027
2026-07-18T16:00:00Z,BUSDT,0.00005000,0.14157992,0.14157992
2026-07-18T20:00:00Z,BUSDT,0.00012404,0.16224687,0.16224687
2026-07-19T00:00:00Z,BUSDT,0.00009035,0.16690000,0.16690000
2026-07-19T04:00:00Z,BUSDT,0.00016857,0.17350000,0.17350000
2026-07-19T08:00:00Z,BUSDT,0.00020264,0.18330000,0.18330000
2026-07-19T12:00:00Z,BUSDT,0.00041965,0.21380390,0.21380390
2026-07-19T16:00:00Z,BUSDT,0.00042330,0.21570000,0.21570000
2026-07-19T20:00:00Z,BUSDT,0.00049158,0.24969805,0.24969805
2026-07-20T00:00:00Z,BUSDT,0.00057045,0.25229917,0.25229917
2026-07-20T04:00:00Z,BUSDT,0.00018764,0.23340000,0.23340000
2026-07-20T08:00:00Z,BUSDT,0.00011574,0.23400000,0.23400000
2026-07-20T12:00:00Z,BUSDT,0.00005000,0.22770000,0.22770000
2026-07-20T16:00:00Z,BUSDT,0.00012617,0.24320000,0.24320000
2026-07-20T20:00:00Z,BUSDT,0.00008900,0.23911132,0.23911132
2026-07-21T00:00:00Z,BUSDT,0.00020092,0.24473753,0.24473753
2026-07-21T04:00:00Z,BUSDT,0.00017729,0.24940000,0.24940000
2026-07-21T08:00:00Z,BUSDT,0.00017223,0.25503527,0.25503527
2026-07-21T12:00:00Z,BUSDT,0.00005000,0.24660656,0.24660656
2026-07-21T16:00:00Z,BUSDT,0.00005000,0.23369614,0.23369614
2026-07-21T20:00:00Z,BUSDT,0.00005000,0.23312394,0.23312394
2026-07-22T00:00:00Z,BUSDT,0.00008837,0.24577950,0.24577950
2026-07-22T04:00:00Z,BUSDT,0.00006132,0.24280000,0.24280000
2026-07-22T08:00:00Z,BUSDT,0.00005000,0.23650000,0.23650000
2026-07-22T12:00:00Z,BUSDT,0.00005000,0.22780000,0.22780000
2026-07-22T16:00:00Z,BUSDT,0.00017812,0.23080000,0.23080000
2026-07-22T20:00:00Z,BUSDT,0.00010901,0.22740000,0.22740000
2026-07-23T00:00:00Z,BUSDT,0.00009706,0.22643659,0.22643659
2026-07-23T04:00:00Z,BUSDT,0.00005000,0.20441120,0.20441120
2026-07-23T08:00:00Z,BUSDT,0.00005000,0.20649248,0.20649248
2026-07-23T12:00:00Z,BUSDT,0.00005000,0.19081536,0.19081536
2026-07-23T16:00:00Z,BUSDT,0.00005000,0.17020000,0.17020000
2026-07-23T20:00:00Z,BUSDT,0.00005000,0.18068998,0.18068998
2026-07-24T00:00:00Z,BUSDT,0.00005000,0.17610000,0.17610000
2026-07-24T04:00:00Z,BUSDT,0.00005000,0.18073056,0.18073056
2026-07-24T08:00:00Z,BUSDT,0.00005000,0.18223038,0.18223038
2026-07-24T12:00:00Z,BUSDT,0.00005000,0.17319028,0.17319028
2026-07-24T16:00:00Z,BUSDT,0.00005000,0.17166736,0.17166736
2026-07-24T20:00:00Z,BUSDT,0.00005000,0.17193011,0.17193011
2026-07-25T00:00:00Z,BUSDT,0.00005000,0.17214000,0.17214000
2026-07-25T04:00:00Z,BUSDT,0.00005000,0.17216490,0.17216490
2026-07-25T08:00:00Z,BUSDT,0.00005000,0.16713513,0.16713513
2026-07-25T12:00:00Z,BUSDT,0.00005000,0.16310000,0.16310000
2026-07-25T16:00:00Z,BUSDT,0.00005000,0.15969817,0.15969817
2026-07-25T20:00:00Z,BUSDT,0.00005000,0.15824139,0.15824139
2026-07-26T00:00:00Z,BUSDT,0.00005000,0.15940000,0.15940000
2026-07-26T04:00:00Z,BUSDT,0.00005000,0.16170000,0.16170000
2026-07-26T08:00:00Z,BUSDT,0.00005000,0.15530000,0.15530000
2026-07-26T12:00:00Z,BUSDT,0.00005000,0.15367767,0.15367767
2026-07-26T16:00:00Z,BUSDT,0.00005000,0.18030000,0.18030000
2026-07-26T20:00:00Z,BUSDT,0.00005000,0.18119798,0.18119798
2026-07-27T00:00:00Z,BUSDT,0.00005000,0.18055101,0.18055101
2026-07-27T04:00:00Z,BUSDT,0.00005000,0.19230000,0.19230000
2026-07-27T08:00:00Z,BUSDT,0.00013644,0.18460000,0.18460000
2026-07-27T12:00:00Z,BUSDT,0.00005000,0.19037963,0.19037963
2026-07-27T16:00:00Z,BUSDT,0.00005000,0.18990000,0.18990000
2026-07-27T20:00:00Z,BUSDT,0.00005000,0.19070000,0.19070000
2026-07-28T00:00:00Z,BUSDT,0.00005000,0.18476428,0.18476428
2026-07-28T04:00:00Z,BUSDT,0.00005000,0.18150000,0.18150000
2026-07-28T08:00:00Z,BUSDT,0.00005000,0.17517946,0.17517946
2026-07-28T12:00:00Z,BUSDT,0.00005000,0.16664827,0.16664827
2026-07-28T16:00:00Z,BUSDT,0.00005000,0.17031196,0.17031196
