timestamp,symbol,rate,mark_price,spot_price
2023-10-31T08:00:00Z,UNIUSDT,0.00010000,4.12673985,4.12673985
2023-10-31T16:00:00Z,UNIUSDT,0.00010000,4.04159876,4.04159876
2023-11-01T00:00:00Z,UNIUSDT,0.00010000,4.15033869,4.15033869
2023-11-01T08:00:00Z,UNIUSDT,0.00010000,4.08784389,4.08784389
2023-11-01T16:00:00Z,UNIUSDT,0.00010000,4.10073026,4.10073026
2023-11-02T00:00:00Z,UNIUSDT,0.00021346,4.80015602,4.80015602
2023-11-02T08:00:00Z,UNIUSDT,0.00015995,4.70538735,4.70538735
2023-11-02T16:00:00Z,UNIUSDT,0.00012185,4.56643153,4.56643153
2023-11-03T00:00:00Z,UNIUSDT,0.00010000,4.69361636,4.69361636
2023-11-03T08:00:00Z,UNIUSDT,0.00010000,4.68800000,4.68800000
2023-11-03T16:00:00Z,UNIUSDT,0.00010000,4.75600000,4.75600000
2023-11-04T00:00:00Z,UNIUSDT,0.00010000,4.65600000,4.65600000
2023-11-04T08:00:00Z,UNIUSDT,0.00010000,4.75347666,4.75347666
2023-11-04T16:00:00Z,UNIUSDT,0.00010000,4.66300000,4.66300000
2023-11-05T00:00:00Z,UNIUSDT,0.00010000,4.71590380,4.71590380
2023-11-05T08:00:00Z,UNIUSDT,0.00010000,4.83200000,4.83200000
2023-11-05T16:00:00Z,UNIUSDT,0.00010000,4.68987114,4.68987114
2023-11-06T00:00:00Z,UNIUSDT,0.00010000,4.77639665,4.77639665
2023-11-06T08:00:00Z,UNIUSDT,0.00010000,4.76738130,4.76738130
2023-11-06T16:00:00Z,UNIUSDT,0.00011888,5.07666271,5.07666271
2023-11-07T00:00:00Z,UNIUSDT,0.00016153,5.11293245,5.11293245
2023-11-07T08:00:00Z,UNIUSDT,0.00024377,5.01200000,5.01200000
2023-11-07T16:00:00Z,UNIUSDT,0.00010000,4.85392699,4.85392699
2023-11-08T00:00:00Z,UNIUSDT,0.00010000,4.93289474,4.93289474
2023-11-08T08:00:00Z,UNIUSDT,0.00010000,4.99883532,4.99883532
2023-11-08T16:00:00Z,UNIUSDT,0.00010000,5.18094997,5.18094997
2023-11-09T00:00:00Z,UNIUSDT,0.00010000,5.18088587,5.18088587
2023-11-09T08:00:00Z,UNIUSDT,0.00010000,5.17700000,5.17700000
2023-11-09T16:00:00Z,UNIUSDT,0.00020897,5.24983108,5.24983108
2023-11-10T00:00:00Z,UNIUSDT,0.00010000,5.12118762,5.12118762
2023-11-10T08:00:00Z,UNIUSDT,0.00010000,5.15339312,5.15339312
2023-11-10T16:00:00Z,UNIUSDT,0.00010000,5.19700000,5.19700000
2023-11-11T00:00:00Z,UNIUSDT,0.00020406,5.28608934,5.28608934
2023-11-11T08:00:00Z,UNIUSDT,0.00022792,5.31246981,5.31246981
2023-11-11T16:00:00Z,UNIUSDT,0.00036775,5.48976545,5.48976545
2023-11-12T00:00:00Z,UNIUSDT,0.00040896,5.39800000,5.39800000
2023-11-12T08:00:00Z,UNIUSDT,0.00036828,5.47600000,5.47600000
2023-11-12T16:00:00Z,UNIUSDT,0.00030940,5.38900000,5.38900000
2023-11-13T00:00:00Z,UNIUSDT,0.00040026,5.42145162,5.42145162
2023-11-13T08:00:00Z,UNIUSDT,0.00010000,5.41900000,5.41900000
2023-11-13T16:00:00Z,UNIUSDT,0.00020019,5.54200000,5.54200000
2023-11-14T00:00:00Z,UNIUSDT,0.00010000,5.22547716,5.22547716
2023-11-14T08:00:00Z,UNIUSDT,0.00012562,5.28900000,5.28900000
2023-11-14T16:00:00Z,UNIUSDT,0.00010000,5.16129499,5.16129499
2023-11-15T00:00:00Z,UNIUSDT,0.00010000,5.05967265,5.05967265
2023-11-15T08:00:00Z,UNIUSDT,0.00010000,5.22598369,5.22598369
2023-11-15T16:00:00Z,UNIUSDT,0.00010000,5.33700000,5.33700000
2023-11-16T00:00:00Z,UNIUSDT,0.00010000,5.38463166,5.38463166
2023-11-16T08:00:00Z,UNIUSDT,0.00021492,5.52504140,5.52504140
2023-11-16T16:00:00Z,UNIUSDT,0.00017288,5.27200000,5.27200000
2023-11-17T00:00:00Z,UNIUSDT,0.00010000,5.19905340,5.19905340
2023-11-17T08:00:00Z,UNIUSDT,0.00010000,5.23212177,5.23212177
2023-11-17T16:00:00Z,UNIUSDT,0.00010000,4.87116897,4.87116897
2023-11-18T00:00:00Z,UNIUSDT,0.00010000,5.10900000,5.10900000
2023-11-18T08:00:00Z,UNIUSDT,0.00010000,4.94782703,4.94782703
2023-11-18T16:00:00Z,UNIUSDT,0.00010000,5.03234820,5.03234820
2023-11-19T00:00:00Z,UNIUSDT,0.00010000,5.06491186,5.06491186
2023-11-19T08:00:00Z,UNIUSDT,0.00010000,5.09258311,5.09258311
2023-11-19T16:00:00Z,UNIUSDT,0.00010000,5.09270942,5.09270942
2023-11-20T00:00:00Z,UNIUSDT,0.00010000,5.23700000,5.23700000
2023-11-20T08:00:00Z,UNIUSDT,0.00010000,5.24495187,5.24495187
2023-11-20T16:00:00Z,UNIUSDT,0.00010000,5.29800000,5.29800000
2023-11-21T00:00:00Z,UNIUSDT,0.00010000,5.19122129,5.19122129
2023-11-21T08:00:00Z,UNIUSDT,0.00010000,5.10063651,5.10063651
2023-11-21T16:00:00Z,UNIUSDT,0.00010000,5.04457525,5.04457525
2023-11-22T00:00:00Z,UNIUSDT,0.00010000,4.84877044,4.84877044
2023-11-22T08:00:00Z,UNIUSDT,0.00010000,5.27281794,5.27281794
2023-11-22T16:00:00Z,UNIUSDT,0.00010000,5.70184419,5.70184419
2023-11-23T00:00:00Z,UNIUSDT,0.00010000,6.11088811,6.11088811
2023-11-23T08:00:00Z,UNIUSDT,0.00010000,6.14861614,6.14861614
2023-11-23T16:00:00Z,UNIUSDT,0.00010000,6.22900000,6.22900000
2023-11-24T00:00:00Z,UNIUSDT,0.00010000,6.32987360,6.32987360
2023-11-24T08:00:00Z,UNIUSDT,0.00010000,6.19200000,6.19200000
2023-11-24T16:00:00Z,UNIUSDT,0.00010000,6.14718558,6.14718558
2023-11-25T00:00:00Z,UNIUSDT,0.00010000,6.16538955,6.16538955
2023-11-25T08:00:00Z,UNIUSDT,0.00010000,6.21587121,6.21587121
2023-11-25T16:00:00Z,UNIUSDT,0.00010000,6.11264727,6.11264727
2023-11-26T00:00:00Z,UNIUSDT,0.00010000,6.16793380,6.16793380
2023-11-26T08:00:00Z,UNIUSDT,0.00010000,6.15200000,6.15200000
2023-11-26T16:00:00Z,UNIUSDT,0.00010000,5.89866679,5.89866679
2023-11-27T00:00:00Z,UNIUSDT,0.00010000,6.17958763,6.17958763
2023-11-27T08:00:00Z,UNIUSDT,0.00010000,6.03489564,6.03489564
2023-11-27T16:00:00Z,UNIUSDT,0.00010000,6.19110850,6.19110850
2023-11-28T00:00:00Z,UNIUSDT,0.00010000,6.29515124,6.29515124
2023-11-28T08:00:00Z,UNIUSDT,0.00010000,6.21821376,6.21821376
2023-11-28T16:00:00Z,UNIUSDT,0.00010000,6.21387535,6.21387535
2023-11-29T00:00:00Z,UNIUSDT,0.00010000,6.16299463,6.16299463
2023-11-29T08:00:00Z,UNIUSDT,0.00010000,6.29083845,6.29083845
2023-11-29T16:00:00Z,UNIUSDT,0.00010000,6.07367361,6.07367361
2023-11-30T00:00:00Z,UNIUSDT,0.00010000,6.00795023,6.00795023
2023-11-30T08:00:00Z,UNIUSDT,0.00010000,5.95265507,5.95265507
2023-11-30T16:00:00Z,UNIUSDT,0.00010000,5.96400000,5.96400000
2023-12-01T00:00:00Z,UNIUSDT,0.00010000,5.95818454,5.95818454
2023-12-01T08:00:00Z,UNIUSDT,0.00010000,5.99947336,5.99947336
2023-12-01T16:00:00Z,UNIUSDT,0.00010000,6.00950237,6.00950237
2023-12-02T00:00:00Z,UNIUSDT,0.00010000,6.01732603,6.01732603
2023-12-02T08:00:00Z,UNIUSDT,0.00010000,6.06100000,6.06100000
2023-12-02T16:00:00Z,UNIUSDT,0.00010000,6.05075957,6.05075957
2023-12-03T00:00:00Z,UNIUSDT,0.00018336,6.17500000,6.17500000
2023-12-03T08:00:00Z,UNIUSDT,0.00017135,6.15090330,6.15090330
2023-12-03T16:00:00Z,UNIUSDT,0.00016588,6.00705751,6.00705751
2023-12-04T00:00:00Z,UNIUSDT,0.00013043,6.06100000,6.06100000
2023-12-04T08:00:00Z,UNIUSDT,0.00022611,6.17416268,6.17416268
2023-12-04T16:00:00Z,UNIUSDT,0.00010000,6.02746645,6.02746645
2023-12-05T00:00:00Z,UNIUSDT,0.00010000,6.11300000,6.11300000
2023-12-05T08:00:00Z,UNIUSDT,0.00010000,6.04846437,6.04846437
2023-12-05T16:00:00Z,UNIUSDT,0.00010000,6.21800000,6.21800000
2023-12-06T00:00:00Z,UNIUSDT,0.00018658,6.26077780,6.26077780
2023-12-06T08:00:00Z,UNIUSDT,0.00018692,6.10200000,6.10200000
2023-12-06T16:00:00Z,UNIUSDT,0.00010000,6.05500000,6.05500000
2023-12-07T00:00:00Z,UNIUSDT,0.00010000,6.00100000,6.00100000
2023-12-07T08:00:00Z,UNIUSDT,0.00011780,6.14600000,6.14600000
2023-12-07T16:00:00Z,UNIUSDT,0.00010000,6.19900000,6.19900000
2023-12-08T00:00:00Z,UNIUSDT,0.00019514,6.29845577,6.29845577
2023-12-08T08:00:00Z,UNIUSDT,0.00028058,6.32600000,6.32600000
2023-12-08T16:00:00Z,UNIUSDT,0.00020880,6.32000000,6.32000000
2023-12-09T00:00:00Z,UNIUSDT,0.00030329,6.51999415,6.51999415
2023-12-09T08:00:00Z,UNIUSDT,0.00040237,6.76500000,6.76500000
2023-12-09T16:00:00Z,UNIUSDT,0.00040176,6.66905184,6.66905184
2023-12-10T00:00:00Z,UNIUSDT,0.00019015,6.84685894,6.84685894
2023-12-10T08:00:00Z,UNIUSDT,0.00019889,6.72400000,6.72400000
2023-12-10T16:00:00Z,UNIUSDT,0.00025669,6.65212508,6.65212508
2023-12-11T00:00:00Z,UNIUSDT,0.00023407,6.61069376,6.61069376
2023-12-11T08:00:00Z,UNIUSDT,0.00010000,6.20705010,6.20705010
2023-12-11T16:00:00Z,UNIUSDT,0.00010000,6.11533354,6.11533354
2023-12-12T00:00:00Z,UNIUSDT,0.00010000,6.10400000,6.10400000
2023-12-12T08:00:00Z,UNIUSDT,0.00010000,6.25700000,6.25700000
2023-12-12T16:00:00Z,UNIUSDT,0.00010000,6.25700000,6.25700000
2023-12-13T00:00:00Z,UNIUSDT,0.00014457,6.23815427,6.23815427
2023-12-13T08:00:00Z,UNIUSDT,0.00010000,6.06507275,6.06507275
2023-12-13T16:00:00Z,UNIUSDT,0.00012691,6.22081033,6.22081033
2023-12-14T00:00:00Z,UNIUSDT,0.00012516,6.30131547,6.30131547
2023-12-14T08:00:00Z,UNIUSDT,0.00016720,6.32855734,6.32855734
2023-12-14T16:00:00Z,UNIUSDT,0.00019804,6.29000000,6.29000000
2023-12-15T00:00:00Z,UNIUSDT,0.00028571,6.36744978,6.36744978
2023-12-15T08:00:00Z,UNIUSDT,0.00031004,6.16852774,6.16852774
2023-12-15T16:00:00Z,UNIUSDT,0.00023474,6.14400000,6.14400000
2023-12-16T00:00:00Z,UNIUSDT,0.00010000,6.03600000,6.03600000
2023-12-16T08:00:00Z,UNIUSDT,0.00010000,6.16151171,6.16151171
2023-12-16T16:00:00Z,UNIUSDT,0.00010000,6.22401001,6.22401001
2023-12-17T00:00:00Z,UNIUSDT,0.00010000,6.16994562,6.16994562
2023-12-17T08:00:00Z,UNIUSDT,0.00010000,6.09000000,6.09000000
2023-12-17T16:00:00Z,UNIUSDT,0.00019001,6.20235601,6.20235601
2023-12-18T00:00:00Z,UNIUSDT,0.00010000,6.07015363,6.07015363
2023-12-18T08:00:00Z,UNIUSDT,0.00010000,5.88551262,5.88551262
2023-12-18T16:00:00Z,UNIUSDT,0.00010000,5.75700000,5.75700000
2023-12-19T00:00:00Z,UNIUSDT,0.00010000,5.94600000,5.94600000
2023-12-19T08:00:00Z,UNIUSDT,0.00010000,6.00500000,6.00500000
2023-12-19T16:00:00Z,UNIUSDT,0.00010000,5.91601443,5.91601443
2023-12-20T00:00:00Z,UNIUSDT,0.00010000,5.83847969,5.83847969
2023-12-20T08:00:00Z,UNIUSDT,0.00013424,5.97700000,5.97700000
2023-12-20T16:00:00Z,UNIUSDT,0.00014549,6.07832022,6.07832022
2023-12-21T00:00:00Z,UNIUSDT,0.00014123,5.93257675,5.93257675
2023-12-21T08:00:00Z,UNIUSDT,0.00020543,5.96216962,5.96216962
2023-12-21T16:00:00Z,UNIUSDT,0.00016472,5.96100000,5.96100000
2023-12-22T00:00:00Z,UNIUSDT,0.00031720,6.18743569,6.18743569
2023-12-22T08:00:00Z,UNIUSDT,0.00026140,6.18500000,6.18500000
2023-12-22T16:00:00Z,UNIUSDT,0.00025659,6.34400000,6.34400000
2023-12-23T00:00:00Z,UNIUSDT,0.00026439,6.39700000,6.39700000
2023-12-23T08:00:00Z,UNIUSDT,0.00014123,6.21193081,6.21193081
2023-12-23T16:00:00Z,UNIUSDT,0.00028194,6.19699716,6.19699716
2023-12-24T00:00:00Z,UNIUSDT,0.00025297,6.34350626,6.34350626
2023-12-24T08:00:00Z,UNIUSDT,0.00035048,6.57782635,6.57782635
2023-12-24T16:00:00Z,UNIUSDT,0.00020709,6.93701523,6.93701523
2023-12-25T00:00:00Z,UNIUSDT,0.00012913,6.84732551,6.84732551
2023-12-25T08:00:00Z,UNIUSDT,0.00025613,6.78200636,6.78200636
2023-12-25T16:00:00Z,UNIUSDT,0.00039708,7.02100000,7.02100000
2023-12-26T00:00:00Z,UNIUSDT,0.00033332,6.97596656,6.97596656
2023-12-26T08:00:00Z,UNIUSDT,0.00029061,6.78400000,6.78400000
2023-12-26T16:00:00Z,UNIUSDT,0.00047820,7.30519950,7.30519950
2023-12-27T00:00:00Z,UNIUSDT,0.00021104,7.35700000,7.35700000
2023-12-27T08:00:00Z,UNIUSDT,0.00031654,7.20600000,7.20600000
2023-12-27T16:00:00Z,UNIUSDT,0.00049956,7.24500000,7.24500000
2023-12-28T00:00:00Z,UNIUSDT,0.00051648,7.24234363,7.24234363
2023-12-28T08:00:00Z,UNIUSDT,0.00080443,7.91900000,7.91900000
2023-12-28T16:00:00Z,UNIUSDT,0.00072246,7.58909030,7.58909030
2023-12-29T00:00:00Z,UNIUSDT,0.00067526,7.81800000,7.81800000
2023-12-29T08:00:00Z,UNIUSDT,0.00051383,7.53139523,7.53139523
2023-12-29T16:00:00Z,UNIUSDT,0.00054799,7.53200000,7.53200000
2023-12-30T00:00:00Z,UNIUSDT,0.00052076,7.57600000,7.57600000
2023-12-30T08:00:00Z,UNIUSDT,0.00044889,7.64400000,7.64400000
2023-12-30T16:00:00Z,UNIUSDT,0.00035421,7.51235475,7.51235475
2023-12-31T00:00:00Z,UNIUSDT,0.00029260,7.36319302,7.36319302
2023-12-31T08:00:00Z,UNIUSDT,0.00045150,7.46900000,7.46900000
2023-12-31T16:00:00Z,UNIUSDT,0.00051934,7.54300000,7.54300000
2024-01-01T00:00:00Z,UNIUSDT,0.00042047,7.23200000,7.23200000
2024-01-01T08:00:00Z,UNIUSDT,0.00039106,7.30959101,7.30959101
2024-01-01T16:00:00Z,UNIUSDT,0.00039973,7.49700000,7.49700000
2024-01-02T00:00:00Z,UNIUSDT,0.00067295,7.61200000,7.61200000
2024-01-02T08:00:00Z,UNIUSDT,0.00050802,7.57572946,7.57572946
2024-01-02T16:00:00Z,UNIUSDT,0.00056838,7.30300000,7.30300000
2024-01-03T00:00:00Z,UNIUSDT,0.00011651,7.17949287,7.17949287
2024-01-03T08:00:00Z,UNIUSDT,0.00015200,7.26373982,7.26373982
2024-01-03T16:00:00Z,UNIUSDT,0.00010000,6.60097572,6.60097572
2024-01-04T00:00:00Z,UNIUSDT,0.00010000,6.43200000,6.43200000
2024-01-04T08:00:00Z,UNIUSDT,0.00010000,6.50214376,6.50214376
2024-01-04T16:00:00Z,UNIUSDT,0.00010000,6.65966964,6.65966964
2024-01-05T00:00:00Z,UNIUSDT,0.00010000,6.53100000,6.53100000
2024-01-05T08:00:00Z,UNIUSDT,0.00010000,6.52200000,6.52200000
2024-01-05T16:00:00Z,UNIUSDT,0.00010000,6.32164206,6.32164206
2024-01-06T00:00:00Z,UNIUSDT,0.00010000,6.43339912,6.43339912
2024-01-06T08:00:00Z,UNIUSDT,0.00010000,6.13665109,6.13665109
2024-01-06T16:00:00Z,UNIUSDT,0.00010000,6.40100000,6.40100000
2024-01-07T00:00:00Z,UNIUSDT,0.00010000,6.31000000,6.31000000
2024-01-07T08:00:00Z,UNIUSDT,0.00010000,6.40181877,6.40181877
2024-01-07T16:00:00Z,UNIUSDT,0.00010000,6.20792928,6.20792928
2024-01-08T00:00:00Z,UNIUSDT,0.00010000,6.00300000,6.00300000
2024-01-08T08:00:00Z,UNIUSDT,0.00010000,5.90603228,5.90603228
2024-01-08T16:00:00Z,UNIUSDT,0.00010000,6.04758351,6.04758351
2024-01-09T00:00:00Z,UNIUSDT,0.00010000,6.23746194,6.23746194
2024-01-09T08:00:00Z,UNIUSDT,0.00010000,6.10998606,6.10998606
2024-01-09T16:00:00Z,UNIUSDT,0.00010000,5.82407793,5.82407793
2024-01-10T00:00:00Z,UNIUSDT,0.00010000,6.00936168,6.00936168
2024-01-10T08:00:00Z,UNIUSDT,0.00010000,6.03500000,6.03500000
2024-01-10T16:00:00Z,UNIUSDT,0.00010000,6.23987280,6.23987280
2024-01-11T00:00:00Z,UNIUSDT,0.00010000,6.56394114,6.56394114
2024-01-11T08:00:00Z,UNIUSDT,0.00010000,6.64920476,6.64920476
2024-01-11T16:00:00Z,UNIUSDT,0.00010000,6.68314289,6.68314289
2024-01-12T00:00:00Z,UNIUSDT,0.00010000,6.81903059,6.81903059
2024-01-12T08:00:00Z,UNIUSDT,0.00010000,6.72297532,6.72297532
2024-01-12T16:00:00Z,UNIUSDT,0.00010000,6.75853445,6.75853445
2024-01-13T00:00:00Z,UNIUSDT,0.00010000,6.58200000,6.58200000
2024-01-13T08:00:00Z,UNIUSDT,0.00010000,6.62456248,6.62456248
2024-01-13T16:00:00Z,UNIUSDT,0.00010000,6.57600000,6.57600000
2024-01-14T00:00:00Z,UNIUSDT,0.00010000,6.63566516,6.63566516
2024-01-14T08:00:00Z,UNIUSDT,0.00010000,6.62828960,6.62828960
2024-01-14T16:00:00Z,UNIUSDT,0.00010000,6.55829131,6.55829131
2024-01-15T00:00:00Z,UNIUSDT,0.00010000,6.32000000,6.32000000
2024-01-15T08:00:00Z,UNIUSDT,0.00010000,6.53739697,6.53739697
2024-01-15T16:00:00Z,UNIUSDT,0.00010000,6.51224589,6.51224589
2024-01-16T00:00:00Z,UNIUSDT,0.00010000,6.66961804,6.66961804
2024-01-16T08:00:00Z,UNIUSDT,0.00010000,6.81300000,6.81300000
2024-01-16T16:00:00Z,UNIUSDT,0.00010000,6.84359065,6.84359065
2024-01-17T00:00:00Z,UNIUSDT,0.00010000,6.82552293,6.82552293
2024-01-17T08:00:00Z,UNIUSDT,0.00010000,6.71026473,6.71026473
2024-01-17T16:00:00Z,UNIUSDT,0.00010000,6.73700000,6.73700000
2024-01-18T00:00:00Z,UNIUSDT,0.00010000,6.77400000,6.77400000
2024-01-18T08:00:00Z,UNIUSDT,0.00010000,6.70823874,6.70823874
2024-01-18T16:00:00Z,UNIUSDT,0.00010000,6.58831285,6.58831285
2024-01-19T00:00:00Z,UNIUSDT,0.00010000,6.31644851,6.31644851
2024-01-19T08:00:00Z,UNIUSDT,0.00010000,6.31956077,6.31956077
2024-01-19T16:00:00Z,UNIUSDT,0.00010000,6.22664574,6.22664574
2024-01-20T00:00:00Z,UNIUSDT,0.00010000,6.35666236,6.35666236
2024-01-20T08:00:00Z,UNIUSDT,0.00010000,6.54486658,6.54486658
2024-01-20T16:00:00Z,UNIUSDT,0.00010000,6.48100000,6.48100000
2024-01-21T00:00:00Z,UNIUSDT,0.00010000,6.49668839,6.49668839
2024-01-21T08:00:00Z,UNIUSDT,0.00010000,6.46400000,6.46400000
2024-01-21T16:00:00Z,UNIUSDT,0.00010000,6.44081259,6.44081259
2024-01-22T00:00:00Z,UNIUSDT,0.00010000,6.37744715,6.37744715
2024-01-22T08:00:00Z,UNIUSDT,0.00010000,6.30073745,6.30073745
2024-01-22T16:00:00Z,UNIUSDT,0.00010000,6.13800000,6.13800000
2024-01-23T00:00:00Z,UNIUSDT,0.00010000,6.04400000,6.04400000
2024-01-23T08:00:00Z,UNIUSDT,0.00010000,5.98722928,5.98722928
2024-01-23T16:00:00Z,UNIUSDT,0.00010000,5.71507520,5.71507520
2024-01-24T00:00:00Z,UNIUSDT,0.00010000,5.84012477,5.84012477
2024-01-24T08:00:00Z,UNIUSDT,0.00010000,5.78800000,5.78800000
2024-01-24T16:00:00Z,UNIUSDT,0.00010000,5.82400000,5.82400000
2024-01-25T00:00:00Z,UNIUSDT,0.00010000,5.86506720,5.86506720
2024-01-25T08:00:00Z,UNIUSDT,0.00010000,5.84300000,5.84300000
2024-01-25T16:00:00Z,UNIUSDT,0.00010000,5.71986274,5.71986274
2024-01-26T00:00:00Z,UNIUSDT,0.00010000,5.74800000,5.74800000
2024-01-26T08:00:00Z,UNIUSDT,0.00010000,5.74066235,5.74066235
2024-01-26T16:00:00Z,UNIUSDT,0.00010000,5.91735826,5.91735826
2024-01-27T00:00:00Z,UNIUSDT,0.00010000,5.94911483,5.94911483
2024-01-27T08:00:00Z,UNIUSDT,0.00010000,5.89200000,5.89200000
2024-01-27T16:00:00Z,UNIUSDT,0.00010000,5.93959824,5.93959824
2024-01-28T00:00:00Z,UNIUSDT,0.00010000,5.98600000,5.98600000
2024-01-28T08:00:00Z,UNIUSDT,0.00010000,5.98428128,5.98428128
2024-01-28T16:00:00Z,UNIUSDT,0.00010000,5.96300000,5.96300000
2024-01-29T00:00:00Z,UNIUSDT,0.00010000,5.94100000,5.94100000
2024-01-29T08:00:00Z,UNIUSDT,0.00010000,5.96200000,5.96200000
2024-01-29T16:00:00Z,UNIUSDT,0.00010000,6.00167230,6.00167230
2024-01-30T00:00:00Z,UNIUSDT,0.00010000,6.14300000,6.14300000
2024-01-30T08:00:00Z,UNIUSDT,0.00010000,6.16800000,6.16800000
2024-01-30T16:00:00Z,UNIUSDT,0.00010000,6.24567118,6.24567118
2024-01-31T00:00:00Z,UNIUSDT,0.00010000,6.25600000,6.25600000
2024-01-31T08:00:00Z,UNIUSDT,0.00010000,6.21666058,6.21666058
2024-01-31T16:00:00Z,UNIUSDT,0.00010000,6.09056577,6.09056577
2024-02-01T00:00:00Z,UNIUSDT,0.00010000,5.99800000,5.99800000
2024-02-01T08:00:00Z,UNIUSDT,0.00010000,5.97900000,5.97900000
2024-02-01T16:00:00Z,UNIUSDT,0.00010000,5.98627480,5.98627480
2024-02-02T00:00:00Z,UNIUSDT,0.00010000,6.04600000,6.04600000
2024-02-02T08:00:00Z,UNIUSDT,0.00010000,6.16531297,6.16531297
2024-02-02T16:00:00Z,UNIUSDT,0.00010000,6.24600000,6.24600000
2024-02-03T00:00:00Z,UNIUSDT,0.00010000,6.13200000,6.13200000
2024-02-03T08:00:00Z,UNIUSDT,0.00010000,6.16700000,6.16700000
2024-02-03T16:00:00Z,UNIUSDT,0.00010000,6.11500000,6.11500000
2024-02-04T00:00:00Z,UNIUSDT,0.00010000,6.10800000,6.10800000
2024-02-04T08:00:00Z,UNIUSDT,0.00010000,6.03758828,6.03758828
2024-02-04T16:00:00Z,UNIUSDT,0.00010000,6.04637857,6.04637857
2024-02-05T00:00:00Z,UNIUSDT,0.00010000,5.97800000,5.97800000
2024-02-05T08:00:00Z,UNIUSDT,0.00010000,6.03900000,6.03900000
2024-02-05T16:00:00Z,UNIUSDT,0.00010000,6.00200000,6.00200000
2024-02-06T00:00:00Z,UNIUSDT,0.00010000,6.00122895,6.00122895
2024-02-06T08:00:00Z,UNIUSDT,0.00010000,6.13900000,6.13900000
2024-02-06T16:00:00Z,UNIUSDT,0.00010000,6.21500000,6.21500000
2024-02-07T00:00:00Z,UNIUSDT,0.00010000,6.27600000,6.27600000
2024-02-07T08:00:00Z,UNIUSDT,0.00006100,6.24900000,6.24900000
2024-02-07T16:00:00Z,UNIUSDT,0.00010000,6.31600000,6.31600000
2024-02-08T00:00:00Z,UNIUSDT,0.00010000,6.39100000,6.39100000
2024-02-08T08:00:00Z,UNIUSDT,0.00010000,6.38417350,6.38417350
2024-02-08T16:00:00Z,UNIUSDT,0.00010000,6.39100000,6.39100000
2024-02-09T00:00:00Z,UNIUSDT,0.00010000,6.31300000,6.31300000
2024-02-09T08:00:00Z,UNIUSDT,0.00010000,6.41900000,6.41900000
2024-02-09T16:00:00Z,UNIUSDT,0.00010000,6.54527385,6.54527385
2024-02-10T00:00:00Z,UNIUSDT,0.00010000,6.65133213,6.65133213
2024-02-10T08:00:00Z,UNIUSDT,0.00010000,6.61300000,6.61300000
2024-02-10T16:00:00Z,UNIUSDT,0.00010000,6.61833593,6.61833593
2024-02-11T00:00:00Z,UNIUSDT,0.00010000,6.62768996,6.62768996
2024-02-11T08:00:00Z,UNIUSDT,0.00010000,6.64516420,6.64516420
2024-02-11T16:00:00Z,UNIUSDT,0.00010000,6.60500000,6.60500000
2024-02-12T00:00:00Z,UNIUSDT,0.00010000,6.68100000,6.68100000
2024-02-12T08:00:00Z,UNIUSDT,0.00010000,6.59608925,6.59608925
2024-02-12T16:00:00Z,UNIUSDT,0.00010000,6.69290876,6.69290876
2024-02-13T00:00:00Z,UNIUSDT,0.00010000,6.83715517,6.83715517
2024-02-13T08:00:00Z,UNIUSDT,0.00010000,6.76512631,6.76512631
2024-02-13T16:00:00Z,UNIUSDT,0.00010000,6.66374433,6.66374433
2024-02-14T00:00:00Z,UNIUSDT,0.00010000,6.68300000,6.68300000
2024-02-14T08:00:00Z,UNIUSDT,0.00010000,6.71373046,6.71373046
2024-02-14T16:00:00Z,UNIUSDT,0.00010000,6.82524706,6.82524706
2024-02-15T00:00:00Z,UNIUSDT,0.00010000,6.89272578,6.89272578
2024-02-15T08:00:00Z,UNIUSDT,0.00019699,7.04279547,7.04279547
2024-02-15T16:00:00Z,UNIUSDT,0.00010000,7.26878461,7.26878461
2024-02-16T00:00:00Z,UNIUSDT,0.00011116,7.50703015,7.50703015
2024-02-16T08:00:00Z,UNIUSDT,0.00023432,7.54500227,7.54500227
2024-02-16T16:00:00Z,UNIUSDT,0.00018857,7.40540755,7.40540755
2024-02-17T00:00:00Z,UNIUSDT,0.00010000,7.44761268,7.44761268
2024-02-17T08:00:00Z,UNIUSDT,0.00025284,7.49300000,7.49300000
2024-02-17T16:00:00Z,UNIUSDT,0.00022385,7.60406568,7.60406568
2024-02-18T00:00:00Z,UNIUSDT,0.00021028,7.77562794,7.77562794
2024-02-18T08:00:00Z,UNIUSDT,0.00012260,7.74239508,7.74239508
2024-02-18T16:00:00Z,UNIUSDT,0.00020652,7.63876179,7.63876179
2024-02-19T00:00:00Z,UNIUSDT,0.00013319,7.66300000,7.66300000
2024-02-19T08:00:00Z,UNIUSDT,0.00024621,7.71700000,7.71700000
2024-02-19T16:00:00Z,UNIUSDT,0.00020913,7.61500000,7.61500000
2024-02-20T00:00:00Z,UNIUSDT,0.00034029,7.70700000,7.70700000
2024-02-20T08:00:00Z,UNIUSDT,0.00032007,7.59100000,7.59100000
2024-02-20T16:00:00Z,UNIUSDT,0.00027755,7.32682398,7.32682398
2024-02-21T00:00:00Z,UNIUSDT,0.00017625,7.56500000,7.56500000
2024-02-21T08:00:00Z,UNIUSDT,0.00020538,7.30000000,7.30000000
2024-02-21T16:00:00Z,UNIUSDT,0.00014211,7.22382930,7.22382930
2024-02-22T00:00:00Z,UNIUSDT,0.00014587,7.39700000,7.39700000
2024-02-22T08:00:00Z,UNIUSDT,0.00025630,7.47500000,7.47500000
2024-02-22T16:00:00Z,UNIUSDT,0.00026086,7.44444977,7.44444977
2024-02-23T00:00:00Z,UNIUSDT,0.00025905,7.36300000,7.36300000
2024-02-23T08:00:00Z,UNIUSDT,0.00028724,7.10700000,7.10700000
2024-02-23T16:00:00Z,UNIUSDT,0.00023060,11.40823056,11.40823056
2024-02-24T00:00:00Z,UNIUSDT,0.00038889,11.40330969,11.40330969
2024-02-24T08:00:00Z,UNIUSDT,0.00024246,12.58920472,12.58920472
2024-02-24T16:00:00Z,UNIUSDT,0.00029755,11.14200000,11.14200000
2024-02-25T00:00:00Z,UNIUSDT,0.00031568,11.27100000,11.27100000
2024-02-25T08:00:00Z,UNIUSDT,0.00040906,10.53306366,10.53306366
2024-02-25T16:00:00Z,UNIUSDT,0.00035580,10.48489508,10.48489508
2024-02-26T00:00:00Z,UNIUSDT,0.00051558,11.14900000,11.14900000
2024-02-26T08:00:00Z,UNIUSDT,0.00043205,10.65900000,10.65900000
2024-02-26T16:00:00Z,UNIUSDT,0.00037503,10.77600000,10.77600000
2024-02-27T00:00:00Z,UNIUSDT,0.00033937,10.62200000,10.62200000
2024-02-27T08:00:00Z,UNIUSDT,0.00060713,10.79065696,10.79065696
2024-02-27T16:00:00Z,UNIUSDT,0.00042936,10.60463095,10.60463095
2024-02-28T00:00:00Z,UNIUSDT,0.00041938,10.84300000,10.84300000
2024-02-28T08:00:00Z,UNIUSDT,0.00040882,11.04800000,11.04800000
2024-02-28T16:00:00Z,UNIUSDT,0.00055255,10.75903388,10.75903388
2024-02-29T00:00:00Z,UNIUSDT,0.00052433,10.93700000,10.93700000
2024-02-29T08:00:00Z,UNIUSDT,0.00078669,10.87669379,10.87669379
2024-02-29T16:00:00Z,UNIUSDT,0.00062875,10.92800000,10.92800000
2024-03-01T00:00:00Z,UNIUSDT,0.00059693,11.13480366,11.13480366
2024-03-01T08:00:00Z,UNIUSDT,0.00045891,10.85301450,10.85301450
2024-03-01T16:00:00Z,UNIUSDT,0.00046450,11.72100000,11.72100000
2024-03-02T00:00:00Z,UNIUSDT,0.00062931,11.57500000,11.57500000
2024-03-02T08:00:00Z,UNIUSDT,0.00078150,12.43817382,12.43817382
2024-03-02T16:00:00Z,UNIUSDT,0.00049678,12.33100000,12.33100000
2024-03-03T00:00:00Z,UNIUSDT,0.00068391,12.62800000,12.62800000
2024-03-03T08:00:00Z,UNIUSDT,0.00066494,12.07300000,12.07300000
2024-03-03T16:00:00Z,UNIUSDT,0.00050923,12.80872762,12.80872762
2024-03-04T00:00:00Z,UNIUSDT,0.00044319,12.64496238,12.64496238
2024-03-04T08:00:00Z,UNIUSDT,0.00058008,12.39800000,12.39800000
2024-03-04T16:00:00Z,UNIUSDT,0.00057363,12.78881970,12.78881970
2024-03-05T00:00:00Z,UNIUSDT,0.00044411,12.37006997,12.37006997
2024-03-05T08:00:00Z,UNIUSDT,0.00119001,12.99100000,12.99100000
2024-03-05T16:00:00Z,UNIUSDT,0.00072138,13.39300000,13.39300000
2024-03-06T00:00:00Z,UNIUSDT,0.00013146,13.18995738,13.18995738
2024-03-06T08:00:00Z,UNIUSDT,0.00017230,14.82445426,14.82445426
2024-03-06T16:00:00Z,UNIUSDT,0.00035647,15.74972684,15.74972684
2024-03-07T00:00:00Z,UNIUSDT,0.00020608,15.41300000,15.41300000
2024-03-07T08:00:00Z,UNIUSDT,0.00031016,14.96800000,14.96800000
2024-03-07T16:00:00Z,UNIUSDT,0.00028582,15.12100000,15.12100000
2024-03-08T00:00:00Z,UNIUSDT,0.00036634,14.88847809,14.88847809
2024-03-08T08:00:00Z,UNIUSDT,0.00033971,14.91603043,14.91603043
2024-03-08T16:00:00Z,UNIUSDT,0.00034096,14.53712954,14.53712954
2024-03-09T00:00:00Z,UNIUSDT,0.00024645,14.59659665,14.59659665
2024-03-09T08:00:00Z,UNIUSDT,0.00040596,14.68227802,14.68227802
2024-03-09T16:00:00Z,UNIUSDT,0.00063387,14.24500000,14.24500000
2024-03-10T00:00:00Z,UNIUSDT,0.00056987,14.19117763,14.19117763
2024-03-10T08:00:00Z,UNIUSDT,0.00065248,14.33806011,14.33806011
2024-03-10T16:00:00Z,UNIUSDT,0.00043075,13.90800000,13.90800000
2024-03-11T00:00:00Z,UNIUSDT,0.00047694,14.23844288,14.23844288
2024-03-11T08:00:00Z,UNIUSDT,0.00054971,14.30054876,14.30054876
2024-03-11T16:00:00Z,UNIUSDT,0.00051571,14.15800000,14.15800000
2024-03-12T00:00:00Z,UNIUSDT,0.00068594,14.45900000,14.45900000
2024-03-12T08:00:00Z,UNIUSDT,0.00053315,14.11605431,14.11605431
2024-03-12T16:00:00Z,UNIUSDT,0.00050420,14.18245171,14.18245171
2024-03-13T00:00:00Z,UNIUSDT,0.00048949,14.07800000,14.07800000
2024-03-13T08:00:00Z,UNIUSDT,0.00056984,14.50400000,14.50400000
2024-03-13T16:00:00Z,UNIUSDT,0.00052470,13.97167987,13.97167987
2024-03-14T00:00:00Z,UNIUSDT,0.00044574,14.24248388,14.24248388
2024-03-14T08:00:00Z,UNIUSDT,0.00059281,14.17300000,14.17300000
2024-03-14T16:00:00Z,UNIUSDT,0.00050703,13.76163707,13.76163707
2024-03-15T00:00:00Z,UNIUSDT,0.00053181,13.96453724,13.96453724
2024-03-15T08:00:00Z,UNIUSDT,0.00016868,13.14138894,13.14138894
2024-03-15T16:00:00Z,UNIUSDT,0.00014718,12.78622182,12.78622182
2024-03-16T00:00:00Z,UNIUSDT,0.00020885,13.07307336,13.07307336
2024-03-16T08:00:00Z,UNIUSDT,0.00024920,13.02054341,13.02054341
2024-03-16T16:00:00Z,UNIUSDT,0.00014836,12.61423544,12.61423544
2024-03-17T00:00:00Z,UNIUSDT,0.00010000,12.04283224,12.04283224
2024-03-17T08:00:00Z,UNIUSDT,0.00011196,11.63200000,11.63200000
2024-03-17T16:00:00Z,UNIUSDT,0.00011105,12.55800000,12.55800000
2024-03-18T00:00:00Z,UNIUSDT,0.00011518,12.43600000,12.43600000
2024-03-18T08:00:00Z,UNIUSDT,0.00012243,12.39460818,12.39460818
2024-03-18T16:00:00Z,UNIUSDT,0.00017281,11.93196635,11.93196635
2024-03-19T00:00:00Z,UNIUSDT,0.00017555,11.88119683,11.88119683
2024-03-19T08:00:00Z,UNIUSDT,0.00015801,11.00789701,11.00789701
2024-03-19T16:00:00Z,UNIUSDT,0.00010000,11.13420534,11.13420534
2024-03-20T00:00:00Z,UNIUSDT,0.00010000,10.62100000,10.62100000
2024-03-20T08:00:00Z,UNIUSDT,0.00010000,11.10400000,11.10400000
2024-03-20T16:00:00Z,UNIUSDT,0.00010000,11.04600000,11.04600000
2024-03-21T00:00:00Z,UNIUSDT,0.00010000,11.91484801,11.91484801
2024-03-21T08:00:00Z,UNIUSDT,0.00010000,11.86000000,11.86000000
2024-03-21T16:00:00Z,UNIUSDT,0.00010000,12.05324133,12.05324133
2024-03-22T00:00:00Z,UNIUSDT,0.00010737,12.19342187,12.19342187
2024-03-22T08:00:00Z,UNIUSDT,0.00010000,12.11696201,12.11696201
2024-03-22T16:00:00Z,UNIUSDT,0.00010000,11.68982244,11.68982244
2024-03-23T00:00:00Z,UNIUSDT,0.00014821,11.76396270,11.76396270
2024-03-23T08:00:00Z,UNIUSDT,0.00015809,11.82580172,11.82580172
2024-03-23T16:00:00Z,UNIUSDT,0.00014611,11.95927053,11.95927053
2024-03-24T00:00:00Z,UNIUSDT,0.00016318,11.62200000,11.62200000
2024-03-24T08:00:00Z,UNIUSDT,0.00012803,11.73519760,11.73519760
2024-03-24T16:00:00Z,UNIUSDT,0.00012474,11.86072100,11.86072100
2024-03-25T00:00:00Z,UNIUSDT,0.00014032,12.04889123,12.04889123
2024-03-25T08:00:00Z,UNIUSDT,0.00010000,12.06637586,12.06637586
2024-03-25T16:00:00Z,UNIUSDT,0.00016195,12.56400000,12.56400000
2024-03-26T00:00:00Z,UNIUSDT,0.00015493,12.43600000,12.43600000
2024-03-26T08:00:00Z,UNIUSDT,0.00010000,12.73838322,12.73838322
2024-03-26T16:00:00Z,UNIUSDT,0.00025525,12.57282541,12.57282541
2024-03-27T00:00:00Z,UNIUSDT,0.00037530,12.70688084,12.70688084
2024-03-27T08:00:00Z,UNIUSDT,0.00027039,12.49380952,12.49380952
2024-03-27T16:00:00Z,UNIUSDT,0.00031534,12.37300000,12.37300000
2024-03-28T00:00:00Z,UNIUSDT,0.00043464,12.25924082,12.25924082
2024-03-28T08:00:00Z,UNIUSDT,0.00044618,12.51500000,12.51500000
2024-03-28T16:00:00Z,UNIUSDT,0.00035094,12.44100000,12.44100000
2024-03-29T00:00:00Z,UNIUSDT,0.00034946,12.76200926,12.76200926
2024-03-29T08:00:00Z,UNIUSDT,0.00030210,12.52296480,12.52296480
2024-03-29T16:00:00Z,UNIUSDT,0.00038885,12.66095274,12.66095274
2024-03-30T00:00:00Z,UNIUSDT,0.00039615,12.65309205,12.65309205
2024-03-30T08:00:00Z,UNIUSDT,0.00031110,12.56467030,12.56467030
2024-03-30T16:00:00Z,UNIUSDT,0.00051209,12.78300000,12.78300000
2024-03-31T00:00:00Z,UNIUSDT,0.00037903,12.61676600,12.61676600
2024-03-31T08:00:00Z,UNIUSDT,0.00058893,13.30000000,13.30000000
2024-03-31T16:00:00Z,UNIUSDT,0.00042478,12.95288580,12.95288580
2024-04-01T00:00:00Z,UNIUSDT,0.00053402,12.95900000,12.95900000
2024-04-01T08:00:00Z,UNIUSDT,0.00028726,12.51000000,12.51000000
2024-04-01T16:00:00Z,UNIUSDT,0.00018573,12.30269433,12.30269433
2024-04-02T00:00:00Z,UNIUSDT,0.00019716,12.42600000,12.42600000
2024-04-02T08:00:00Z,UNIUSDT,0.00010000,11.56500000,11.56500000
2024-04-02T16:00:00Z,UNIUSDT,0.00010000,11.23600000,11.23600000
2024-04-03T00:00:00Z,UNIUSDT,0.00010908,11.30839171,11.30839171
2024-04-03T08:00:00Z,UNIUSDT,0.00012786,11.09400000,11.09400000
2024-04-03T16:00:00Z,UNIUSDT,0.00010000,10.96064513,10.96064513
2024-04-04T00:00:00Z,UNIUSDT,0.00010000,10.87536240,10.87536240
2024-04-04T08:00:00Z,UNIUSDT,0.00010000,11.07200000,11.07200000
2024-04-04T16:00:00Z,UNIUSDT,0.00010256,11.12584380,11.12584380
2024-04-05T00:00:00Z,UNIUSDT,0.00011878,10.98300000,10.98300000
2024-04-05T08:00:00Z,UNIUSDT,0.00010517,10.71400000,10.71400000
2024-04-05T16:00:00Z,UNIUSDT,0.00010000,10.91809590,10.91809590
2024-04-06T00:00:00Z,UNIUSDT,0.00010732,10.93231083,10.93231083
2024-04-06T08:00:00Z,UNIUSDT,0.00010000,11.07056872,11.07056872
2024-04-06T16:00:00Z,UNIUSDT,0.00010000,11.14936260,11.14936260
2024-04-07T00:00:00Z,UNIUSDT,0.00010000,11.24600000,11.24600000
2024-04-07T08:00:00Z,UNIUSDT,0.00010000,11.26900000,11.26900000
2024-04-07T16:00:00Z,UNIUSDT,0.00010000,11.32290277,11.32290277
2024-04-08T00:00:00Z,UNIUSDT,0.00010000,11.40847472,11.40847472
2024-04-08T08:00:00Z,UNIUSDT,0.00013999,11.49628993,11.49628993
2024-04-08T16:00:00Z,UNIUSDT,0.00015532,11.61939538,11.61939538
2024-04-09T00:00:00Z,UNIUSDT,0.00020736,11.63297533,11.63297533
2024-04-09T08:00:00Z,UNIUSDT,0.00018942,11.35891203,11.35891203
2024-04-09T16:00:00Z,UNIUSDT,0.00019476,11.20556053,11.20556053
2024-04-10T00:00:00Z,UNIUSDT,0.00026274,11.21900000,11.21900000
2024-04-10T08:00:00Z,UNIUSDT,0.00016337,11.18011658,11.18011658
2024-04-10T16:00:00Z,UNIUSDT,0.00010759,11.12300000,11.12300000
2024-04-11T00:00:00Z,UNIUSDT,0.00010025,10.05200000,10.05200000
2024-04-11T08:00:00Z,UNIUSDT,0.00010000,9.38040920,9.38040920
2024-04-11T16:00:00Z,UNIUSDT,0.00010000,9.03200000,9.03200000
2024-04-12T00:00:00Z,UNIUSDT,0.00010000,9.14494694,9.14494694
2024-04-12T08:00:00Z,UNIUSDT,0.00012767,9.10800000,9.10800000
2024-04-12T16:00:00Z,UNIUSDT,0.00017125,8.84200000,8.84200000
2024-04-13T00:00:00Z,UNIUSDT,0.00010000,7.92600000,7.92600000
2024-04-13T08:00:00Z,UNIUSDT,0.00010000,7.83900000,7.83900000
2024-04-13T16:00:00Z,UNIUSDT,0.00010000,7.80800000,7.80800000
2024-04-14T00:00:00Z,UNIUSDT,0.00010000,6.90523158,6.90523158
2024-04-14T08:00:00Z,UNIUSDT,0.00010000,7.25400000,7.25400000
2024-04-14T16:00:00Z,UNIUSDT,0.00010000,7.11547022,7.11547022
2024-04-15T00:00:00Z,UNIUSDT,0.00010000,7.51800000,7.51800000
2024-04-15T08:00:00Z,UNIUSDT,0.00010000,7.85841885,7.85841885
2024-04-15T16:00:00Z,UNIUSDT,0.00010000,7.50553868,7.50553868
2024-04-16T00:00:00Z,UNIUSDT,0.00010000,7.24320391,7.24320391
2024-04-16T08:00:00Z,UNIUSDT,0.00010000,7.26400000,7.26400000
2024-04-16T16:00:00Z,UNIUSDT,0.00008467,6.86791895,6.86791895
2024-04-17T00:00:00Z,UNIUSDT,0.00007028,7.18200000,7.18200000
2024-04-17T08:00:00Z,UNIUSDT,0.00008068,7.07980190,7.07980190
2024-04-17T16:00:00Z,UNIUSDT,-0.00000667,6.70691699,6.70691699
2024-04-18T00:00:00Z,UNIUSDT,0.00001694,6.88673502,6.88673502
2024-04-18T08:00:00Z,UNIUSDT,0.00009997,6.89644273,6.89644273
2024-04-18T16:00:00Z,UNIUSDT,0.00009858,7.21900000,7.21900000
2024-04-19T00:00:00Z,UNIUSDT,0.00001555,7.29500000,7.29500000
2024-04-19T08:00:00Z,UNIUSDT,0.00010000,7.49400000,7.49400000
2024-04-19T16:00:00Z,UNIUSDT,0.00010000,7.57607170,7.57607170
2024-04-20T00:00:00Z,UNIUSDT,0.00010000,7.48800000,7.48800000
2024-04-20T08:00:00Z,UNIUSDT,0.00003765,7.57400000,7.57400000
2024-04-20T16:00:00Z,UNIUSDT,0.00010000,7.70077204,7.70077204
2024-04-21T00:00:00Z,UNIUSDT,0.00009279,7.86900000,7.86900000
2024-04-21T08:00:00Z,UNIUSDT,0.00002164,7.83000000,7.83000000
2024-04-21T16:00:00Z,UNIUSDT,0.00004529,7.72800000,7.72800000
2024-04-22T00:00:00Z,UNIUSDT,0.00010000,7.72413845,7.72413845
2024-04-22T08:00:00Z,UNIUSDT,0.00002704,7.99100000,7.99100000
2024-04-22T16:00:00Z,UNIUSDT,-0.00000291,8.04100000,8.04100000
2024-04-23T00:00:00Z,UNIUSDT,-0.00005165,8.19740768,8.19740768
2024-04-23T08:00:00Z,UNIUSDT,0.00000668,8.06900000,8.06900000
2024-04-23T16:00:00Z,UNIUSDT,0.00008293,8.03646710,8.03646710
2024-04-24T00:00:00Z,UNIUSDT,0.00003342,7.94345829,7.94345829
2024-04-24T08:00:00Z,UNIUSDT,0.00006836,8.10152645,8.10152645
2024-04-24T16:00:00Z,UNIUSDT,0.00003333,7.72409626,7.72409626
2024-04-25T00:00:00Z,UNIUSDT,0.00006816,7.71275635,7.71275635
2024-04-25T08:00:00Z,UNIUSDT,0.00008654,7.74400000,7.74400000
2024-04-25T16:00:00Z,UNIUSDT,0.00008273,8.03200000,8.03200000
2024-04-26T00:00:00Z,UNIUSDT,0.00005044,7.92772316,7.92772316
2024-04-26T08:00:00Z,UNIUSDT,0.00003175,7.76400000,7.76400000
2024-04-26T16:00:00Z,UNIUSDT,-0.00005257,7.58517598,7.58517598
2024-04-27T00:00:00Z,UNIUSDT,0.00002802,7.70054726,7.70054726
2024-04-27T08:00:00Z,UNIUSDT,0.00000160,7.68900000,7.68900000
2024-04-27T16:00:00Z,UNIUSDT,0.00010000,7.70800000,7.70800000
2024-04-28T00:00:00Z,UNIUSDT,0.00003970,7.97100000,7.97100000
2024-04-28T08:00:00Z,UNIUSDT,0.00002456,8.01500000,8.01500000
2024-04-28T16:00:00Z,UNIUSDT,0.00009828,8.16500000,8.16500000
2024-04-29T00:00:00Z,UNIUSDT,0.00008805,7.82300000,7.82300000
2024-04-29T08:00:00Z,UNIUSDT,0.00010000,7.62058118,7.62058118
2024-04-29T16:00:00Z,UNIUSDT,-0.00003019,7.68239141,7.68239141
2024-04-30T00:00:00Z,UNIUSDT,0.00008967,7.68449664,7.68449664
2024-04-30T08:00:00Z,UNIUSDT,0.00010000,7.61100000,7.61100000
2024-04-30T16:00:00Z,UNIUSDT,0.00002448,7.12154366,7.12154366
2024-05-01T00:00:00Z,UNIUSDT,-0.00007095,7.03200000,7.03200000
2024-05-01T08:00:00Z,UNIUSDT,0.00007220,6.73600000,6.73600000
2024-05-01T16:00:00Z,UNIUSDT,-0.00000684,6.79591248,6.79591248
2024-05-02T00:00:00Z,UNIUSDT,0.00007174,7.04329981,7.04329981
2024-05-02T08:00:00Z,UNIUSDT,0.00004939,6.94073752,6.94073752
2024-05-02T16:00:00Z,UNIUSDT,0.00005590,7.16900000,7.16900000
2024-05-03T00:00:00Z,UNIUSDT,0.00007710,7.10229695,7.10229695
2024-05-03T08:00:00Z,UNIUSDT,0.00010000,6.99212133,6.99212133
2024-05-03T16:00:00Z,UNIUSDT,0.00002041,7.43700000,7.43700000
2024-05-04T00:00:00Z,UNIUSDT,0.00003631,7.57762367,7.57762367
2024-05-04T08:00:00Z,UNIUSDT,-0.00001710,7.50464644,7.50464644
2024-05-04T16:00:00Z,UNIUSDT,0.00010000,7.53649430,7.53649430
2024-05-05T00:00:00Z,UNIUSDT,0.00001323,7.52800000,7.52800000
2024-05-05T08:00:00Z,UNIUSDT,0.00010000,7.42822850,7.42822850
2024-05-05T16:00:00Z,UNIUSDT,0.00010000,7.52800000,7.52800000
2024-05-06T00:00:00Z,UNIUSDT,0.00006927,7.58437808,7.58437808
2024-05-06T08:00:00Z,UNIUSDT,0.00010000,7.78000000,7.78000000
2024-05-06T16:00:00Z,UNIUSDT,0.00010000,7.56415623,7.56415623
2024-05-07T00:00:00Z,UNIUSDT,0.00010000,7.47000000,7.47000000
2024-05-07T08:00:00Z,UNIUSDT,0.00010000,7.47708668,7.47708668
2024-05-07T16:00:00Z,UNIUSDT,0.00010000,7.57500000,7.57500000
2024-05-08T00:00:00Z,UNIUSDT,0.00010000,7.39568812,7.39568812
2024-05-08T08:00:00Z,UNIUSDT,0.00010000,7.27458389,7.27458389
2024-05-08T16:00:00Z,UNIUSDT,0.00010000,7.44700000,7.44700000
2024-05-09T00:00:00Z,UNIUSDT,0.00010000,7.32500000,7.32500000
2024-05-09T08:00:00Z,UNIUSDT,0.00010000,7.29809229,7.29809229
2024-05-09T16:00:00Z,UNIUSDT,0.00010000,7.36701842,7.36701842
2024-05-10T00:00:00Z,UNIUSDT,0.00010000,7.50000000,7.50000000
2024-05-10T08:00:00Z,UNIUSDT,0.00010000,7.54700000,7.54700000
2024-05-10T16:00:00Z,UNIUSDT,0.00010000,7.22500000,7.22500000
2024-05-11T00:00:00Z,UNIUSDT,-0.00000793,7.10200119,7.10200119
2024-05-11T08:00:00Z,UNIUSDT,-0.00003824,7.11700000,7.11700000
2024-05-11T16:00:00Z,UNIUSDT,0.00006721,7.10200000,7.10200000
2024-05-12T00:00:00Z,UNIUSDT,-0.00005637,7.03100000,7.03100000
2024-05-12T08:00:00Z,UNIUSDT,-0.00001263,7.07124142,7.07124142
2024-05-12T16:00:00Z,UNIUSDT,0.00010000,7.18191818,7.18191818
2024-05-13T00:00:00Z,UNIUSDT,0.00008712,7.05805236,7.05805236
2024-05-13T08:00:00Z,UNIUSDT,0.00005651,7.07600000,7.07600000
2024-05-13T16:00:00Z,UNIUSDT,0.00010000,7.11200000,7.11200000
2024-05-14T00:00:00Z,UNIUSDT,0.00010000,7.00252776,7.00252776
2024-05-14T08:00:00Z,UNIUSDT,0.00010000,6.94900000,6.94900000
2024-05-14T16:00:00Z,UNIUSDT,0.00010000,6.91320204,6.91320204
2024-05-15T00:00:00Z,UNIUSDT,-0.00000905,6.78298390,6.78298390
2024-05-15T08:00:00Z,UNIUSDT,-0.00007429,6.85800000,6.85800000
2024-05-15T16:00:00Z,UNIUSDT,0.00010000,7.26600000,7.26600000
2024-05-16T00:00:00Z,UNIUSDT,0.00010000,7.36000000,7.36000000
2024-05-16T08:00:00Z,UNIUSDT,0.00010000,7.40300000,7.40300000
2024-05-16T16:00:00Z,UNIUSDT,0.00010000,7.19100000,7.19100000
2024-05-17T00:00:00Z,UNIUSDT,0.00010000,7.29100000,7.29100000
2024-05-17T08:00:00Z,UNIUSDT,0.00010000,7.48827677,7.48827677
2024-05-17T16:00:00Z,UNIUSDT,0.00010000,7.57100000,7.57100000
2024-05-18T00:00:00Z,UNIUSDT,0.00010000,7.48700000,7.48700000
2024-05-18T08:00:00Z,UNIUSDT,-0.00001461,7.54300000,7.54300000
2024-05-18T16:00:00Z,UNIUSDT,0.00008614,7.97200000,7.97200000
2024-05-19T00:00:00Z,UNIUSDT,0.00010000,7.85481709,7.85481709
2024-05-19T08:00:00Z,UNIUSDT,0.00000745,7.90800000,7.90800000
2024-05-19T16:00:00Z,UNIUSDT,0.00009628,7.69573037,7.69573037
2024-05-20T00:00:00Z,UNIUSDT,0.00010000,7.63691579,7.63691579
2024-05-20T08:00:00Z,UNIUSDT,-0.00002865,7.73209895,7.73209895
2024-05-20T16:00:00Z,UNIUSDT,0.00007470,7.72042550,7.72042550
2024-05-21T00:00:00Z,UNIUSDT,0.00010000,9.32751839,9.32751839
2024-05-21T08:00:00Z,UNIUSDT,0.00010000,9.27968969,9.27968969
2024-05-21T16:00:00Z,UNIUSDT,0.00010000,9.34600000,9.34600000
2024-05-22T00:00:00Z,UNIUSDT,0.00010000,9.66100000,9.66100000
2024-05-22T08:00:00Z,UNIUSDT,0.00010000,9.47500000,9.47500000
2024-05-22T16:00:00Z,UNIUSDT,0.00010000,9.27900000,9.27900000
2024-05-23T00:00:00Z,UNIUSDT,0.00010000,9.31100000,9.31100000
2024-05-23T08:00:00Z,UNIUSDT,0.00010000,9.71631236,9.71631236
2024-05-23T16:00:00Z,UNIUSDT,0.00010000,9.28800000,9.28800000
2024-05-24T00:00:00Z,UNIUSDT,0.00010000,9.09000000,9.09000000
2024-05-24T08:00:00Z,UNIUSDT,0.00010000,9.10250985,9.10250985
2024-05-24T16:00:00Z,UNIUSDT,0.00010000,9.15455413,9.15455413
2024-05-25T00:00:00Z,UNIUSDT,0.00010000,10.21400000,10.21400000
2024-05-25T08:00:00Z,UNIUSDT,0.00010000,10.88493119,10.88493119
2024-05-25T16:00:00Z,UNIUSDT,0.00010000,10.90675985,10.90675985
2024-05-26T00:00:00Z,UNIUSDT,0.00010000,11.33168008,11.33168008
2024-05-26T08:00:00Z,UNIUSDT,0.00010000,11.33100000,11.33100000
2024-05-26T16:00:00Z,UNIUSDT,0.00010000,11.44905628,11.44905628
2024-05-27T00:00:00Z,UNIUSDT,0.00010000,11.17539929,11.17539929
2024-05-27T08:00:00Z,UNIUSDT,0.00010000,11.15800000,11.15800000
2024-05-27T16:00:00Z,UNIUSDT,0.00010000,11.11800000,11.11800000
2024-05-28T00:00:00Z,UNIUSDT,0.00010000,11.06500000,11.06500000
2024-05-28T08:00:00Z,UNIUSDT,0.00015529,10.92000000,10.92000000
2024-05-28T16:00:00Z,UNIUSDT,0.00015026,10.83700000,10.83700000
2024-05-29T00:00:00Z,UNIUSDT,0.00019465,11.11792960,11.11792960
2024-05-29T08:00:00Z,UNIUSDT,0.00010000,10.84300000,10.84300000
2024-05-29T16:00:00Z,UNIUSDT,0.00010000,10.51841169,10.51841169
2024-05-30T00:00:00Z,UNIUSDT,0.00010000,10.45000000,10.45000000
2024-05-30T08:00:00Z,UNIUSDT,0.00015243,10.46000000,10.46000000
2024-05-30T16:00:00Z,UNIUSDT,0.00010000,10.91538002,10.91538002
2024-05-31T00:00:00Z,UNIUSDT,0.00010000,10.76800000,10.76800000
2024-05-31T08:00:00Z,UNIUSDT,0.00010000,10.64303556,10.64303556
2024-05-31T16:00:00Z,UNIUSDT,0.00010000,10.42200000,10.42200000
2024-06-01T00:00:00Z,UNIUSDT,0.00010000,9.96561538,9.96561538
2024-06-01T08:00:00Z,UNIUSDT,0.00010000,10.00402076,10.00402076
2024-06-01T16:00:00Z,UNIUSDT,0.00010000,9.95100000,9.95100000
2024-06-02T00:00:00Z,UNIUSDT,0.00013532,9.89000000,9.89000000
2024-06-02T08:00:00Z,UNIUSDT,0.00015708,9.75400000,9.75400000
2024-06-02T16:00:00Z,UNIUSDT,0.00010016,9.70684858,9.70684858
2024-06-03T00:00:00Z,UNIUSDT,0.00010000,9.42511451,9.42511451
2024-06-03T08:00:00Z,UNIUSDT,0.00010000,9.68200000,9.68200000
2024-06-03T16:00:00Z,UNIUSDT,0.00010000,9.66800000,9.66800000
2024-06-04T00:00:00Z,UNIUSDT,0.00010000,9.49993165,9.49993165
2024-06-04T08:00:00Z,UNIUSDT,0.00010000,9.51041264,9.51041264
2024-06-04T16:00:00Z,UNIUSDT,0.00010000,10.38003872,10.38003872
2024-06-05T00:00:00Z,UNIUSDT,0.00014120,11.47200000,11.47200000
2024-06-05T08:00:00Z,UNIUSDT,0.00010000,11.25000000,11.25000000
2024-06-05T16:00:00Z,UNIUSDT,0.00010000,10.95500000,10.95500000
2024-06-06T00:00:00Z,UNIUSDT,0.00010000,11.17200000,11.17200000
2024-06-06T08:00:00Z,UNIUSDT,0.00014742,10.77300000,10.77300000
2024-06-06T16:00:00Z,UNIUSDT,0.00010000,10.74200000,10.74200000
2024-06-07T00:00:00Z,UNIUSDT,0.00010571,10.62746263,10.62746263
2024-06-07T08:00:00Z,UNIUSDT,0.00018639,10.70100000,10.70100000
2024-06-07T16:00:00Z,UNIUSDT,0.00016580,10.46900000,10.46900000
2024-06-08T00:00:00Z,UNIUSDT,0.00010000,9.82088240,9.82088240
2024-06-08T08:00:00Z,UNIUSDT,0.00010000,10.07000000,10.07000000
2024-06-08T16:00:00Z,UNIUSDT,0.00010000,9.99000000,9.99000000
2024-06-09T00:00:00Z,UNIUSDT,0.00010000,10.05155890,10.05155890
2024-06-09T08:00:00Z,UNIUSDT,0.00010000,9.97756049,9.97756049
2024-06-09T16:00:00Z,UNIUSDT,0.00010000,9.77250182,9.77250182
2024-06-10T00:00:00Z,UNIUSDT,0.00010000,9.82195977,9.82195977
2024-06-10T08:00:00Z,UNIUSDT,0.00010000,9.63050693,9.63050693
2024-06-10T16:00:00Z,UNIUSDT,0.00010000,10.65349356,10.65349356
2024-06-11T00:00:00Z,UNIUSDT,0.00010000,10.35220102,10.35220102
2024-06-11T08:00:00Z,UNIUSDT,0.00010000,9.42762641,9.42762641
2024-06-11T16:00:00Z,UNIUSDT,0.00010000,8.90911371,8.90911371
2024-06-12T00:00:00Z,UNIUSDT,0.00010000,8.97190002,8.97190002
2024-06-12T08:00:00Z,UNIUSDT,0.00010000,9.48682830,9.48682830
2024-06-12T16:00:00Z,UNIUSDT,0.00010000,10.23825337,10.23825337
2024-06-13T00:00:00Z,UNIUSDT,0.00010000,10.07817578,10.07817578
2024-06-13T08:00:00Z,UNIUSDT,0.00010000,9.86910668,9.86910668
2024-06-13T16:00:00Z,UNIUSDT,0.00010000,9.82069516,9.82069516
2024-06-14T00:00:00Z,UNIUSDT,0.00010000,10.15739469,10.15739469
2024-06-14T08:00:00Z,UNIUSDT,0.00010000,10.65865596,10.65865596
2024-06-14T16:00:00Z,UNIUSDT,0.00010000,10.62213952,10.62213952
2024-06-15T00:00:00Z,UNIUSDT,0.00010000,10.42529809,10.42529809
2024-06-15T08:00:00Z,UNIUSDT,0.00010000,10.96228672,10.96228672
2024-06-15T16:00:00Z,UNIUSDT,0.00010000,11.54300000,11.54300000
2024-06-16T00:00:00Z,UNIUSDT,0.00010000,11.51798352,11.51798352
2024-06-16T08:00:00Z,UNIUSDT,0.00010000,11.48393725,11.48393725
2024-06-16T16:00:00Z,UNIUSDT,0.00010000,11.48043925,11.48043925
2024-06-17T00:00:00Z,UNIUSDT,0.00010000,11.98000000,11.98000000
2024-06-17T08:00:00Z,UNIUSDT,0.00010000,11.01402835,11.01402835
2024-06-17T16:00:00Z,UNIUSDT,0.00010000,10.72800000,10.72800000
2024-06-18T00:00:00Z,UNIUSDT,0.00010000,10.60200000,10.60200000
2024-06-18T08:00:00Z,UNIUSDT,0.00006317,9.87700000,9.87700000
2024-06-18T16:00:00Z,UNIUSDT,0.00010000,9.52466562,9.52466562
2024-06-19T00:00:00Z,UNIUSDT,0.00002529,9.76000000,9.76000000
2024-06-19T08:00:00Z,UNIUSDT,0.00009772,10.37000000,10.37000000
2024-06-19T16:00:00Z,UNIUSDT,0.00010000,10.00063250,10.00063250
2024-06-20T00:00:00Z,UNIUSDT,0.00010000,9.95060503,9.95060503
2024-06-20T08:00:00Z,UNIUSDT,0.00010000,10.11300000,10.11300000
2024-06-20T16:00:00Z,UNIUSDT,0.00003971,9.94302911,9.94302911
2024-06-21T00:00:00Z,UNIUSDT,0.00010000,10.02605480,10.02605480
2024-06-21T08:00:00Z,UNIUSDT,0.00008524,9.84438265,9.84438265
2024-06-21T16:00:00Z,UNIUSDT,0.00010000,9.99431194,9.99431194
2024-06-22T00:00:00Z,UNIUSDT,-0.00006686,9.80048290,9.80048290
2024-06-22T08:00:00Z,UNIUSDT,0.00007975,9.99365743,9.99365743
2024-06-22T16:00:00Z,UNIUSDT,0.00010000,9.93126847,9.93126847
2024-06-23T00:00:00Z,UNIUSDT,0.00010000,9.83306681,9.83306681
2024-06-23T08:00:00Z,UNIUSDT,0.00002288,10.00700000,10.00700000
2024-06-23T16:00:00Z,UNIUSDT,0.00010000,9.98787395,9.98787395
2024-06-24T00:00:00Z,UNIUSDT,0.00010000,9.76701624,9.76701624
2024-06-24T08:00:00Z,UNIUSDT,0.00010000,9.20991955,9.20991955
2024-06-24T16:00:00Z,UNIUSDT,0.00006262,8.83600000,8.83600000
2024-06-25T00:00:00Z,UNIUSDT,0.00004015,9.32066263,9.32066263
2024-06-25T08:00:00Z,UNIUSDT,0.00009318,9.42100000,9.42100000
2024-06-25T16:00:00Z,UNIUSDT,0.00010000,9.42500000,9.42500000
2024-06-26T00:00:00Z,UNIUSDT,0.00010000,9.50000000,9.50000000
2024-06-26T08:00:00Z,UNIUSDT,0.00010000,9.46900000,9.46900000
2024-06-26T16:00:00Z,UNIUSDT,0.00010000,9.31900000,9.31900000
2024-06-27T00:00:00Z,UNIUSDT,0.00010000,9.38900000,9.38900000
2024-06-27T08:00:00Z,UNIUSDT,0.00010000,9.20603912,9.20603912
2024-06-27T16:00:00Z,UNIUSDT,0.00010000,9.44800000,9.44800000
2024-06-28T00:00:00Z,UNIUSDT,0.00010000,9.50221612,9.50221612
2024-06-28T08:00:00Z,UNIUSDT,0.00010000,9.51300000,9.51300000
2024-06-28T16:00:00Z,UNIUSDT,0.00010000,9.36799334,9.36799334
2024-06-29T00:00:00Z,UNIUSDT,0.00006232,8.99781475,8.99781475
2024-06-29T08:00:00Z,UNIUSDT,-0.00006295,9.05100000,9.05100000
2024-06-29T16:00:00Z,UNIUSDT,-0.00002858,8.99600000,8.99600000
2024-06-30T00:00:00Z,UNIUSDT,0.00005851,8.85200000,8.85200000
2024-06-30T08:00:00Z,UNIUSDT,0.00010000,8.97100000,8.97100000
2024-06-30T16:00:00Z,UNIUSDT,0.00007921,9.17081396,9.17081396
2024-07-01T00:00:00Z,UNIUSDT,0.00010000,9.29250518,9.29250518
2024-07-01T08:00:00Z,UNIUSDT,0.00010000,9.37200000,9.37200000
2024-07-01T16:00:00Z,UNIUSDT,0.00010000,9.25800000,9.25800000
2024-07-02T00:00:00Z,UNIUSDT,0.00010000,9.14467121,9.14467121
2024-07-02T08:00:00Z,UNIUSDT,0.00010000,9.05300000,9.05300000
2024-07-02T16:00:00Z,UNIUSDT,0.00010000,9.00300000,9.00300000
2024-07-03T00:00:00Z,UNIUSDT,0.00010000,8.99608978,8.99608978
2024-07-03T08:00:00Z,UNIUSDT,0.00010000,8.87190220,8.87190220
2024-07-03T16:00:00Z,UNIUSDT,0.00010000,8.63500000,8.63500000
2024-07-04T00:00:00Z,UNIUSDT,0.00010000,8.51700000,8.51700000
2024-07-04T08:00:00Z,UNIUSDT,0.00008486,8.07700000,8.07700000
2024-07-04T16:00:00Z,UNIUSDT,0.00010000,8.03106975,8.03106975
2024-07-05T00:00:00Z,UNIUSDT,0.00006933,7.62400000,7.62400000
2024-07-05T08:00:00Z,UNIUSDT,0.00004423,7.08268633,7.08268633
2024-07-05T16:00:00Z,UNIUSDT,0.00003450,7.72495514,7.72495514
2024-07-06T00:00:00Z,UNIUSDT,0.00009315,7.77200000,7.77200000
2024-07-06T08:00:00Z,UNIUSDT,0.00010000,7.84036327,7.84036327
2024-07-06T16:00:00Z,UNIUSDT,0.00009284,7.95682977,7.95682977
2024-07-07T00:00:00Z,UNIUSDT,0.00005813,8.18500000,8.18500000
2024-07-07T08:00:00Z,UNIUSDT,0.00007974,7.94300000,7.94300000
2024-07-07T16:00:00Z,UNIUSDT,0.00005139,7.80857277,7.80857277
2024-07-08T00:00:00Z,UNIUSDT,0.00010000,7.64300000,7.64300000
2024-07-08T08:00:00Z,UNIUSDT,0.00001959,7.70351458,7.70351458
2024-07-08T16:00:00Z,UNIUSDT,0.00010000,7.90511638,7.90511638
2024-07-09T00:00:00Z,UNIUSDT,0.00003514,8.03114047,8.03114047
2024-07-09T08:00:00Z,UNIUSDT,0.00007424,8.14900000,8.14900000
2024-07-09T16:00:00Z,UNIUSDT,0.00010000,8.07700697,8.07700697
2024-07-10T00:00:00Z,UNIUSDT,0.00005693,8.16872578,8.16872578
2024-07-10T08:00:00Z,UNIUSDT,0.00010000,8.12076018,8.12076018
2024-07-10T16:00:00Z,UNIUSDT,0.00010000,8.09300000,8.09300000
2024-07-11T00:00:00Z,UNIUSDT,0.00010000,8.02297956,8.02297956
2024-07-11T08:00:00Z,UNIUSDT,0.00010000,7.98358349,7.98358349
2024-07-11T16:00:00Z,UNIUSDT,0.00001654,7.82900000,7.82900000
2024-07-12T00:00:00Z,UNIUSDT,0.00010000,7.82429206,7.82429206
2024-07-12T08:00:00Z,UNIUSDT,0.00010000,7.81307909,7.81307909
2024-07-12T16:00:00Z,UNIUSDT,0.00009818,8.12300000,8.12300000
2024-07-13T00:00:00Z,UNIUSDT,0.00010000,8.11135175,8.11135175
2024-07-13T08:00:00Z,UNIUSDT,0.00010000,8.19500000,8.19500000
2024-07-13T16:00:00Z,UNIUSDT,0.00004826,8.17628602,8.17628602
2024-07-14T00:00:00Z,UNIUSDT,0.00010000,8.15200000,8.15200000
2024-07-14T08:00:00Z,UNIUSDT,0.00010000,8.33138406,8.33138406
2024-07-14T16:00:00Z,UNIUSDT,0.00010000,8.21700000,8.21700000
2024-07-15T00:00:00Z,UNIUSDT,0.00010000,8.41939665,8.41939665
2024-07-15T08:00:00Z,UNIUSDT,0.00010000,8.43500000,8.43500000
2024-07-15T16:00:00Z,UNIUSDT,0.00003789,8.37755693,8.37755693
2024-07-16T00:00:00Z,UNIUSDT,0.00010000,8.58860182,8.58860182
2024-07-16T08:00:00Z,UNIUSDT,0.00007333,8.03562313,8.03562313
2024-07-16T16:00:00Z,UNIUSDT,-0.00002107,8.33443500,8.33443500
2024-07-17T00:00:00Z,UNIUSDT,0.00005755,8.16600000,8.16600000
2024-07-17T08:00:00Z,UNIUSDT,0.00010000,8.27700000,8.27700000
2024-07-17T16:00:00Z,UNIUSDT,0.00008693,8.06738753,8.06738753
2024-07-18T00:00:00Z,UNIUSDT,0.00008150,7.91700000,7.91700000
2024-07-18T08:00:00Z,UNIUSDT,0.00010000,7.92600000,7.92600000
2024-07-18T16:00:00Z,UNIUSDT,0.00010000,7.68700000,7.68700000
2024-07-19T00:00:00Z,UNIUSDT,0.00009977,7.83300000,7.83300000
2024-07-19T08:00:00Z,UNIUSDT,0.00010000,7.73000000,7.73000000
2024-07-19T16:00:00Z,UNIUSDT,0.00010000,7.92900000,7.92900000
2024-07-20T00:00:00Z,UNIUSDT,-0.00004271,7.99000132,7.99000132
2024-07-20T08:00:00Z,UNIUSDT,0.00010000,7.95600000,7.95600000
2024-07-20T16:00:00Z,UNIUSDT,0.00001021,7.99300000,7.99300000
2024-07-21T00:00:00Z,UNIUSDT,0.00009138,8.00651756,8.00651756
2024-07-21T08:00:00Z,UNIUSDT,0.00005651,7.88700000,7.88700000
2024-07-21T16:00:00Z,UNIUSDT,0.00001482,7.97000000,7.97000000
2024-07-22T00:00:00Z,UNIUSDT,0.00010000,8.12300000,8.12300000
2024-07-22T08:00:00Z,UNIUSDT,0.00010000,7.92559126,7.92559126
2024-07-22T16:00:00Z,UNIUSDT,0.00008047,7.90900000,7.90900000
2024-07-23T00:00:00Z,UNIUSDT,0.00010000,7.80700000,7.80700000
2024-07-23T08:00:00Z,UNIUSDT,0.00000496,7.69600000,7.69600000
2024-07-23T16:00:00Z,UNIUSDT,0.00005549,7.84101918,7.84101918
2024-07-24T00:00:00Z,UNIUSDT,0.00010000,7.70500000,7.70500000
2024-07-24T08:00:00Z,UNIUSDT,0.00010000,7.60800000,7.60800000
2024-07-24T16:00:00Z,UNIUSDT,0.00007503,7.54500000,7.54500000
2024-07-25T00:00:00Z,UNIUSDT,0.00001016,7.41800284,7.41800284
2024-07-25T08:00:00Z,UNIUSDT,0.00007908,7.16938310,7.16938310
2024-07-25T16:00:00Z,UNIUSDT,0.00005126,7.22700000,7.22700000
2024-07-26T00:00:00Z,UNIUSDT,0.00003927,7.28504505,7.28504505
2024-07-26T08:00:00Z,UNIUSDT,0.00004644,7.60750745,7.60750745
2024-07-26T16:00:00Z,UNIUSDT,0.00010000,7.61000000,7.61000000
2024-07-27T00:00:00Z,UNIUSDT,0.00010000,7.67257913,7.67257913
2024-07-27T08:00:00Z,UNIUSDT,0.00010000,7.71500000,7.71500000
2024-07-27T16:00:00Z,UNIUSDT,0.00010000,7.74100000,7.74100000
2024-07-28T00:00:00Z,UNIUSDT,0.00008357,7.66700000,7.66700000
2024-07-28T08:00:00Z,UNIUSDT,-0.00005332,7.55294870,7.55294870
2024-07-28T16:00:00Z,UNIUSDT,-0.00005028,7.55800000,7.55800000
2024-07-29T00:00:00Z,UNIUSDT,-0.00003800,7.52800000,7.52800000
2024-07-29T08:00:00Z,UNIUSDT,0.00010000,7.83102626,7.83102626
2024-07-29T16:00:00Z,UNIUSDT,0.00010000,7.77841586,7.77841586
2024-07-30T00:00:00Z,UNIUSDT,0.00009910,7.67919110,7.67919110
2024-07-30T08:00:00Z,UNIUSDT,0.00010000,7.65600000,7.65600000
2024-07-30T16:00:00Z,UNIUSDT,0.00008895,7.54200000,7.54200000
2024-07-31T00:00:00Z,UNIUSDT,-0.00001067,7.38759213,7.38759213
2024-07-31T08:00:00Z,UNIUSDT,0.00010000,7.40800000,7.40800000
2024-07-31T16:00:00Z,UNIUSDT,0.00004048,7.31293161,7.31293161
2024-08-01T00:00:00Z,UNIUSDT,-0.00002284,7.16680298,7.16680298
2024-08-01T08:00:00Z,UNIUSDT,-0.00000226,7.04709243,7.04709243
2024-08-01T16:00:00Z,UNIUSDT,0.00000634,7.07996575,7.07996575
2024-08-02T00:00:00Z,UNIUSDT,0.00010000,7.17905135,7.17905135
2024-08-02T08:00:00Z,UNIUSDT,0.00006805,7.10658330,7.10658330
2024-08-02T16:00:00Z,UNIUSDT,0.00000467,6.71789620,6.71789620
2024-08-03T00:00:00Z,UNIUSDT,-0.00005953,6.60993217,6.60993217
2024-08-03T08:00:00Z,UNIUSDT,-0.00003537,6.66900000,6.66900000
2024-08-03T16:00:00Z,UNIUSDT,0.00002982,6.57547781,6.57547781
2024-08-04T00:00:00Z,UNIUSDT,-0.00008847,6.62300000,6.62300000
2024-08-04T08:00:00Z,UNIUSDT,-0.00009593,6.59800000,6.59800000
2024-08-04T16:00:00Z,UNIUSDT,0.00004611,6.21600000,6.21600000
2024-08-05T00:00:00Z,UNIUSDT,0.00007232,6.14500000,6.14500000
2024-08-05T08:00:00Z,UNIUSDT,-0.00000058,5.19693034,5.19693034
2024-08-05T16:00:00Z,UNIUSDT,0.00001686,5.38293795,5.38293795
2024-08-06T00:00:00Z,UNIUSDT,-0.00005726,5.36000000,5.36000000
2024-08-06T08:00:00Z,UNIUSDT,-0.00000204,5.79900000,5.79900000
2024-08-06T16:00:00Z,UNIUSDT,0.00009544,5.81285293,5.81285293
2024-08-07T00:00:00Z,UNIUSDT,0.00008656,5.78266861,5.78266861
2024-08-07T08:00:00Z,UNIUSDT,0.00000472,5.89900000,5.89900000
2024-08-07T16:00:00Z,UNIUSDT,0.00009256,5.69500000,5.69500000
2024-08-08T00:00:00Z,UNIUSDT,0.00007505,5.65700000,5.65700000
2024-08-08T08:00:00Z,UNIUSDT,0.00004374,5.90100000,5.90100000
2024-08-08T16:00:00Z,UNIUSDT,0.00007891,5.99510952,5.99510952
2024-08-09T00:00:00Z,UNIUSDT,0.00006973,6.27800000,6.27800000
2024-08-09T08:00:00Z,UNIUSDT,0.00000117,6.19933063,6.19933063
2024-08-09T16:00:00Z,UNIUSDT,0.00010000,5.98200000,5.98200000
2024-08-10T00:00:00Z,UNIUSDT,0.00007218,6.13900000,6.13900000
2024-08-10T08:00:00Z,UNIUSDT,0.00001901,6.17425633,6.17425633
2024-08-10T16:00:00Z,UNIUSDT,0.00008731,6.19700000,6.19700000
2024-08-11T00:00:00Z,UNIUSDT,-0.00002835,6.18512785,6.18512785
2024-08-11T08:00:00Z,UNIUSDT,0.00003528,6.28360083,6.28360083
2024-08-11T16:00:00Z,UNIUSDT,0.00002901,6.07094806,6.07094806
2024-08-12T00:00:00Z,UNIUSDT,-0.00000976,5.90171674,5.90171674
2024-08-12T08:00:00Z,UNIUSDT,0.00002414,5.98267459,5.98267459
2024-08-12T16:00:00Z,UNIUSDT,0.00006441,6.20183765,6.20183765
2024-08-13T00:00:00Z,UNIUSDT,-0.00002784,6.23521610,6.23521610
2024-08-13T08:00:00Z,UNIUSDT,-0.00007652,6.14454994,6.14454994
2024-08-13T16:00:00Z,UNIUSDT,-0.00002123,6.22204448,6.22204448
2024-08-14T00:00:00Z,UNIUSDT,0.00010000,6.34105625,6.34105625
2024-08-14T08:00:00Z,UNIUSDT,-0.00006488,6.47000000,6.47000000
2024-08-14T16:00:00Z,UNIUSDT,0.00001367,6.36806267,6.36806267
2024-08-15T00:00:00Z,UNIUSDT,0.00007169,6.43374709,6.43374709
2024-08-15T08:00:00Z,UNIUSDT,0.00008576,6.25100000,6.25100000
2024-08-15T16:00:00Z,UNIUSDT,-0.00004054,6.39100000,6.39100000
2024-08-16T00:00:00Z,UNIUSDT,-0.00008906,6.20381819,6.20381819
2024-08-16T08:00:00Z,UNIUSDT,0.00010000,6.38700000,6.38700000
2024-08-16T16:00:00Z,UNIUSDT,0.00001138,6.30720480,6.30720480
2024-08-17T00:00:00Z,UNIUSDT,0.00004045,6.49324724,6.49324724
2024-08-17T08:00:00Z,UNIUSDT,-0.00001688,6.45017464,6.45017464
2024-08-17T16:00:00Z,UNIUSDT,-0.00005300,6.33492171,6.33492171
2024-08-18T00:00:00Z,UNIUSDT,0.00006374,6.41481399,6.41481399
2024-08-18T08:00:00Z,UNIUSDT,0.00007368,6.30406196,6.30406196
2024-08-18T16:00:00Z,UNIUSDT,-0.00004757,6.33900000,6.33900000
2024-08-19T00:00:00Z,UNIUSDT,-0.00009731,6.16500000,6.16500000
2024-08-19T08:00:00Z,UNIUSDT,0.00006018,6.17936124,6.17936124
2024-08-19T16:00:00Z,UNIUSDT,0.00004948,6.07336698,6.07336698
2024-08-20T00:00:00Z,UNIUSDT,0.00006918,6.19131569,6.19131569
2024-08-20T08:00:00Z,UNIUSDT,0.00010000,6.38102055,6.38102055
2024-08-20T16:00:00Z,UNIUSDT,0.00003381,6.15860997,6.15860997
2024-08-21T00:00:00Z,UNIUSDT,-0.00003129,6.25427791,6.25427791
2024-08-21T08:00:00Z,UNIUSDT,0.00008845,6.50300000,6.50300000
2024-08-21T16:00:00Z,UNIUSDT,0.00007827,6.59600000,6.59600000
2024-08-22T00:00:00Z,UNIUSDT,0.00010000,7.09800000,7.09800000
2024-08-22T08:00:00Z,UNIUSDT,0.00004753,6.94892176,6.94892176
2024-08-22T16:00:00Z,UNIUSDT,0.00010000,6.89935188,6.89935188
2024-08-23T00:00:00Z,UNIUSDT,0.00010000,6.91500000,6.91500000
2024-08-23T08:00:00Z,UNIUSDT,0.00003503,6.91345589,6.91345589
2024-08-23T16:00:00Z,UNIUSDT,0.00010000,6.88200000,6.88200000
2024-08-24T00:00:00Z,UNIUSDT,0.00004769,6.99500000,6.99500000
2024-08-24T08:00:00Z,UNIUSDT,0.00007292,6.98331476,6.98331476
2024-08-24T16:00:00Z,UNIUSDT,0.00010000,7.00498298,7.00498298
2024-08-25T00:00:00Z,UNIUSDT,0.00010000,6.91355330,6.91355330
2024-08-25T08:00:00Z,UNIUSDT,0.00000619,6.71008860,6.71008860
2024-08-25T16:00:00Z,UNIUSDT,0.00010000,6.72900000,6.72900000
2024-08-26T00:00:00Z,UNIUSDT,-0.00002274,6.62358624,6.62358624
2024-08-26T08:00:00Z,UNIUSDT,0.00007792,6.54740280,6.54740280
2024-08-26T16:00:00Z,UNIUSDT,0.00005572,6.41740046,6.41740046
2024-08-27T00:00:00Z,UNIUSDT,0.00003167,6.28676107,6.28676107
2024-08-27T08:00:00Z,UNIUSDT,0.00003428,6.21600000,6.21600000
2024-08-27T16:00:00Z,UNIUSDT,0.00003411,6.02900000,6.02900000
2024-08-28T00:00:00Z,UNIUSDT,-0.00009736,5.71040851,5.71040851
2024-08-28T08:00:00Z,UNIUSDT,-0.00008273,5.62626197,5.62626197
2024-08-28T16:00:00Z,UNIUSDT,-0.00012096,5.72889261,5.72889261
2024-08-29T00:00:00Z,UNIUSDT,-0.00005893,5.76600000,5.76600000
2024-08-29T08:00:00Z,UNIUSDT,-0.00006453,5.84170866,5.84170866
2024-08-29T16:00:00Z,UNIUSDT,-0.00002676,5.96900360,5.96900360
2024-08-30T00:00:00Z,UNIUSDT,-0.00006321,5.83367236,5.83367236
2024-08-30T08:00:00Z,UNIUSDT,0.00004569,5.79272145,5.79272145
2024-08-30T16:00:00Z,UNIUSDT,0.00004128,5.61717866,5.61717866
2024-08-31T00:00:00Z,UNIUSDT,0.00005977,5.89000000,5.89000000
2024-08-31T08:00:00Z,UNIUSDT,0.00004380,5.97891086,5.97891086
2024-08-31T16:00:00Z,UNIUSDT,0.00002335,5.97754216,5.97754216
2024-09-01T00:00:00Z,UNIUSDT,0.00005035,5.93900000,5.93900000
2024-09-01T08:00:00Z,UNIUSDT,0.00001266,5.77900000,5.77900000
2024-09-01T16:00:00Z,UNIUSDT,-0.00001393,5.74500000,5.74500000
2024-09-02T00:00:00Z,UNIUSDT,-0.00015285,5.60982021,5.60982021
2024-09-02T08:00:00Z,UNIUSDT,-0.00003440,5.69700000,5.69700000
2024-09-02T16:00:00Z,UNIUSDT,0.00005573,6.14224662,6.14224662
2024-09-03T00:00:00Z,UNIUSDT,0.00010000,6.10114320,6.10114320
2024-09-03T08:00:00Z,UNIUSDT,0.00010000,6.25270048,6.25270048
2024-09-03T16:00:00Z,UNIUSDT,0.00007687,6.05600000,6.05600000
2024-09-04T00:00:00Z,UNIUSDT,0.00004761,6.03714320,6.03714320
2024-09-04T08:00:00Z,UNIUSDT,-0.00002194,6.27100000,6.27100000
2024-09-04T16:00:00Z,UNIUSDT,-0.00001123,6.39910200,6.39910200
2024-09-05T00:00:00Z,UNIUSDT,0.00007322,6.42777251,6.42777251
2024-09-05T08:00:00Z,UNIUSDT,0.00004033,6.25600000,6.25600000
2024-09-05T16:00:00Z,UNIUSDT,0.00007611,6.23400000,6.23400000
2024-09-06T00:00:00Z,UNIUSDT,0.00009543,6.30550566,6.30550566
2024-09-06T08:00:00Z,UNIUSDT,0.00010000,6.17700000,6.17700000
2024-09-06T16:00:00Z,UNIUSDT,0.00010000,6.16401456,6.16401456
2024-09-07T00:00:00Z,UNIUSDT,0.00005399,6.17367779,6.17367779
2024-09-07T08:00:00Z,UNIUSDT,0.00005943,6.29159926,6.29159926
2024-09-07T16:00:00Z,UNIUSDT,0.00006142,6.46100000,6.46100000
2024-09-08T00:00:00Z,UNIUSDT,0.00005582,6.42800000,6.42800000
2024-09-08T08:00:00Z,UNIUSDT,0.00002315,6.41815421,6.41815421
2024-09-08T16:00:00Z,UNIUSDT,0.00008396,6.25600000,6.25600000
2024-09-09T00:00:00Z,UNIUSDT,-0.00002764,6.34500000,6.34500000
2024-09-09T08:00:00Z,UNIUSDT,0.00005170,6.67069986,6.67069986
2024-09-09T16:00:00Z,UNIUSDT,0.00004430,6.54400000,6.54400000
2024-09-10T00:00:00Z,UNIUSDT,0.00010000,6.72824441,6.72824441
2024-09-10T08:00:00Z,UNIUSDT,0.00004887,6.55500000,6.55500000
2024-09-10T16:00:00Z,UNIUSDT,-0.00001623,6.54700000,6.54700000
2024-09-11T00:00:00Z,UNIUSDT,-0.00000563,6.69900000,6.69900000
2024-09-11T08:00:00Z,UNIUSDT,-0.00002144,6.72267360,6.72267360
2024-09-11T16:00:00Z,UNIUSDT,-0.00002348,6.74300000,6.74300000
2024-09-12T00:00:00Z,UNIUSDT,0.00005125,6.74748799,6.74748799
2024-09-12T08:00:00Z,UNIUSDT,-0.00011816,6.73000000,6.73000000
2024-09-12T16:00:00Z,UNIUSDT,-0.00005025,6.65300000,6.65300000
2024-09-13T00:00:00Z,UNIUSDT,-0.00001817,6.78600000,6.78600000
2024-09-13T08:00:00Z,UNIUSDT,-0.00000584,6.74500000,6.74500000
2024-09-13T16:00:00Z,UNIUSDT,0.00006073,7.03386265,7.03386265
2024-09-14T00:00:00Z,UNIUSDT,0.00000220,6.93300000,6.93300000
2024-09-14T08:00:00Z,UNIUSDT,0.00003910,6.72529288,6.72529288
2024-09-14T16:00:00Z,UNIUSDT,-0.00013647,6.69752944,6.69752944
2024-09-15T00:00:00Z,UNIUSDT,0.00003684,6.66102394,6.66102394
2024-09-15T08:00:00Z,UNIUSDT,0.00006443,6.78500000,6.78500000
2024-09-15T16:00:00Z,UNIUSDT,0.00007163,6.80258144,6.80258144
2024-09-16T00:00:00Z,UNIUSDT,0.00010000,6.52986472,6.52986472
2024-09-16T08:00:00Z,UNIUSDT,-0.00000764,6.51000000,6.51000000
2024-09-16T16:00:00Z,UNIUSDT,-0.00001662,6.37700000,6.37700000
2024-09-17T00:00:00Z,UNIUSDT,0.00001721,6.40800000,6.40800000
2024-09-17T08:00:00Z,UNIUSDT,-0.00000787,6.62396934,6.62396934
2024-09-17T16:00:00Z,UNIUSDT,0.00007769,6.95971529,6.95971529
2024-09-18T00:00:00Z,UNIUSDT,0.00007527,6.78400000,6.78400000
2024-09-18T08:00:00Z,UNIUSDT,-0.00001856,6.64800000,6.64800000
2024-09-18T16:00:00Z,UNIUSDT,0.00001423,6.43100000,6.43100000
2024-09-19T00:00:00Z,UNIUSDT,0.00003465,6.76900000,6.76900000
2024-09-19T08:00:00Z,UNIUSDT,0.00010000,6.86700000,6.86700000
2024-09-19T16:00:00Z,UNIUSDT,0.00006311,6.75205453,6.75205453
2024-09-20T00:00:00Z,UNIUSDT,0.00004127,6.79300000,6.79300000
2024-09-20T08:00:00Z,UNIUSDT,0.00005109,6.94001893,6.94001893
2024-09-20T16:00:00Z,UNIUSDT,0.00005272,6.76326770,6.76326770
2024-09-21T00:00:00Z,UNIUSDT,0.00004501,6.82515933,6.82515933
2024-09-21T08:00:00Z,UNIUSDT,0.00010000,6.76600000,6.76600000
2024-09-21T16:00:00Z,UNIUSDT,0.00010000,6.80500000,6.80500000
2024-09-22T00:00:00Z,UNIUSDT,0.00010000,6.90087550,6.90087550
2024-09-22T08:00:00Z,UNIUSDT,0.00007609,6.69948798,6.69948798
2024-09-22T16:00:00Z,UNIUSDT,-0.00001605,6.61495561,6.61495561
2024-09-23T00:00:00Z,UNIUSDT,0.00003953,6.63319571,6.63319571
2024-09-23T08:00:00Z,UNIUSDT,0.00008821,6.70400000,6.70400000
2024-09-23T16:00:00Z,UNIUSDT,0.00009614,6.86500000,6.86500000
2024-09-24T00:00:00Z,UNIUSDT,0.00010000,6.82000000,6.82000000
2024-09-24T08:00:00Z,UNIUSDT,0.00010000,6.95800000,6.95800000
2024-09-24T16:00:00Z,UNIUSDT,0.00010000,6.85000000,6.85000000
2024-09-25T00:00:00Z,UNIUSDT,0.00010000,6.92400000,6.92400000
2024-09-25T08:00:00Z,UNIUSDT,0.00010000,6.88000000,6.88000000
2024-09-25T16:00:00Z,UNIUSDT,0.00010000,6.85900000,6.85900000
2024-09-26T00:00:00Z,UNIUSDT,0.00010000,6.77372407,6.77372407
2024-09-26T08:00:00Z,UNIUSDT,0.00010000,7.01171357,7.01171357
2024-09-26T16:00:00Z,UNIUSDT,0.00010000,7.29500000,7.29500000
2024-09-27T00:00:00Z,UNIUSDT,0.00010000,7.35200000,7.35200000
2024-09-27T08:00:00Z,UNIUSDT,0.00010000,7.35394353,7.35394353
2024-09-27T16:00:00Z,UNIUSDT,0.00005307,7.50862473,7.50862473
2024-09-28T00:00:00Z,UNIUSDT,0.00010000,7.61500000,7.61500000
2024-09-28T08:00:00Z,UNIUSDT,0.00010000,7.52933060,7.52933060
2024-09-28T16:00:00Z,UNIUSDT,0.00010000,7.67200000,7.67200000
2024-09-29T00:00:00Z,UNIUSDT,0.00010000,7.60022362,7.60022362
2024-09-29T08:00:00Z,UNIUSDT,0.00010000,7.41500000,7.41500000
2024-09-29T16:00:00Z,UNIUSDT,0.00010000,7.44555746,7.44555746
2024-09-30T00:00:00Z,UNIUSDT,0.00010000,7.45195362,7.45195362
2024-09-30T08:00:00Z,UNIUSDT,0.00010000,7.55509441,7.55509441
2024-09-30T16:00:00Z,UNIUSDT,0.00009209,7.52200000,7.52200000
2024-10-01T00:00:00Z,UNIUSDT,0.00004886,7.38800000,7.38800000
2024-10-01T08:00:00Z,UNIUSDT,0.00010000,7.75355321,7.75355321
2024-10-01T16:00:00Z,UNIUSDT,0.00004618,7.19109837,7.19109837
2024-10-02T00:00:00Z,UNIUSDT,0.00004796,6.86500000,6.86500000
2024-10-02T08:00:00Z,UNIUSDT,-0.00001999,7.19200000,7.19200000
2024-10-02T16:00:00Z,UNIUSDT,0.00010000,7.01500000,7.01500000
2024-10-03T00:00:00Z,UNIUSDT,0.00001096,6.66536220,6.66536220
2024-10-03T08:00:00Z,UNIUSDT,-0.00004919,6.59961813,6.59961813
2024-10-03T16:00:00Z,UNIUSDT,-0.00002789,6.51540502,6.51540502
2024-10-04T00:00:00Z,UNIUSDT,0.00004613,6.56200000,6.56200000
2024-10-04T08:00:00Z,UNIUSDT,-0.00001434,6.77000000,6.77000000
2024-10-04T16:00:00Z,UNIUSDT,-0.00006838,6.72000000,6.72000000
2024-10-05T00:00:00Z,UNIUSDT,-0.00008689,6.71400000,6.71400000
2024-10-05T08:00:00Z,UNIUSDT,-0.00000215,6.74122208,6.74122208
2024-10-05T16:00:00Z,UNIUSDT,0.00006753,6.87058559,6.87058559
2024-10-06T00:00:00Z,UNIUSDT,0.00000342,6.82370691,6.82370691
2024-10-06T08:00:00Z,UNIUSDT,0.00006158,6.82320850,6.82320850
2024-10-06T16:00:00Z,UNIUSDT,-0.00002359,6.95200000,6.95200000
2024-10-07T00:00:00Z,UNIUSDT,0.00004523,7.07404575,7.07404575
2024-10-07T08:00:00Z,UNIUSDT,0.00008943,7.30800000,7.30800000
2024-10-07T16:00:00Z,UNIUSDT,0.00010000,7.37154873,7.37154873
2024-10-08T00:00:00Z,UNIUSDT,0.00010000,7.22700000,7.22700000
2024-10-08T08:00:00Z,UNIUSDT,0.00010000,7.09282864,7.09282864
2024-10-08T16:00:00Z,UNIUSDT,0.00010000,7.07700000,7.07700000
2024-10-09T00:00:00Z,UNIUSDT,0.00010000,7.17200000,7.17200000
2024-10-09T08:00:00Z,UNIUSDT,0.00010000,7.11300000,7.11300000
2024-10-09T16:00:00Z,UNIUSDT,0.00010000,7.35900000,7.35900000
2024-10-10T00:00:00Z,UNIUSDT,0.00010000,7.28849006,7.28849006
2024-10-10T08:00:00Z,UNIUSDT,0.00008626,7.57500000,7.57500000
2024-10-10T16:00:00Z,UNIUSDT,-0.00013185,8.31041815,8.31041815
2024-10-11T00:00:00Z,UNIUSDT,0.00010000,8.12600000,8.12600000
2024-10-11T08:00:00Z,UNIUSDT,-0.00003117,8.13647665,8.13647665
2024-10-11T16:00:00Z,UNIUSDT,0.00010000,7.95135770,7.95135770
2024-10-12T00:00:00Z,UNIUSDT,0.00010000,7.88855810,7.88855810
2024-10-12T08:00:00Z,UNIUSDT,0.00010000,7.85036225,7.85036225
2024-10-12T16:00:00Z,UNIUSDT,0.00010000,7.92728710,7.92728710
2024-10-13T00:00:00Z,UNIUSDT,0.00010000,8.12300000,8.12300000
2024-10-13T08:00:00Z,UNIUSDT,0.00010000,7.96860126,7.96860126
2024-10-13T16:00:00Z,UNIUSDT,0.00010000,7.64032015,7.64032015
2024-10-14T00:00:00Z,UNIUSDT,0.00010000,7.67800000,7.67800000
2024-10-14T08:00:00Z,UNIUSDT,0.00004931,7.85801434,7.85801434
2024-10-14T16:00:00Z,UNIUSDT,0.00010000,8.22700000,8.22700000
2024-10-15T00:00:00Z,UNIUSDT,0.00010000,8.13471719,8.13471719
2024-10-15T08:00:00Z,UNIUSDT,0.00010000,8.04600000,8.04600000
2024-10-15T16:00:00Z,UNIUSDT,0.00010000,7.79626641,7.79626641
2024-10-16T00:00:00Z,UNIUSDT,0.00010000,7.84582683,7.84582683
2024-10-16T08:00:00Z,UNIUSDT,0.00010000,7.72927999,7.72927999
2024-10-16T16:00:00Z,UNIUSDT,0.00010000,7.60379985,7.60379985
2024-10-17T00:00:00Z,UNIUSDT,0.00010000,7.56900000,7.56900000
2024-10-17T08:00:00Z,UNIUSDT,0.00010000,7.50170812,7.50170812
2024-10-17T16:00:00Z,UNIUSDT,0.00010000,7.41700000,7.41700000
2024-10-18T00:00:00Z,UNIUSDT,0.00010000,7.34500000,7.34500000
2024-10-18T08:00:00Z,UNIUSDT,0.00010000,7.48500000,7.48500000
2024-10-18T16:00:00Z,UNIUSDT,0.00010000,7.48753440,7.48753440
2024-10-19T00:00:00Z,UNIUSDT,0.00010000,7.46596944,7.46596944
2024-10-19T08:00:00Z,UNIUSDT,0.00010000,7.49600000,7.49600000
2024-10-19T16:00:00Z,UNIUSDT,0.00010000,7.43800000,7.43800000
2024-10-20T00:00:00Z,UNIUSDT,0.00010000,7.31800000,7.31800000
2024-10-20T08:00:00Z,UNIUSDT,0.00010000,7.40800000,7.40800000
2024-10-20T16:00:00Z,UNIUSDT,0.00010000,7.62570872,7.62570872
2024-10-21T00:00:00Z,UNIUSDT,0.00010000,7.75891488,7.75891488
2024-10-21T08:00:00Z,UNIUSDT,0.00010000,7.65756082,7.65756082
2024-10-21T16:00:00Z,UNIUSDT,0.00010000,7.51777143,7.51777143
2024-10-22T00:00:00Z,UNIUSDT,0.00010000,7.79070077,7.79070077
2024-10-22T08:00:00Z,UNIUSDT,0.00010000,8.13018612,8.13018612
2024-10-22T16:00:00Z,UNIUSDT,0.00010000,8.04400000,8.04400000
2024-10-23T00:00:00Z,UNIUSDT,0.00010000,7.99533881,7.99533881
2024-10-23T08:00:00Z,UNIUSDT,0.00010000,7.77400000,7.77400000
2024-10-23T16:00:00Z,UNIUSDT,0.00010000,7.68571487,7.68571487
2024-10-24T00:00:00Z,UNIUSDT,0.00010000,7.85405359,7.85405359
2024-10-24T08:00:00Z,UNIUSDT,0.00010000,8.02401114,8.02401114
2024-10-24T16:00:00Z,UNIUSDT,0.00010000,8.00386093,8.00386093
2024-10-25T00:00:00Z,UNIUSDT,0.00010000,8.04100000,8.04100000
2024-10-25T08:00:00Z,UNIUSDT,0.00010000,7.87200000,7.87200000
2024-10-25T16:00:00Z,UNIUSDT,0.00010000,8.02300000,8.02300000
2024-10-26T00:00:00Z,UNIUSDT,0.00010000,7.42769443,7.42769443
2024-10-26T08:00:00Z,UNIUSDT,0.00010000,7.54576147,7.54576147
2024-10-26T16:00:00Z,UNIUSDT,0.00004768,7.30400000,7.30400000
2024-10-27T00:00:00Z,UNIUSDT,0.00010000,7.44100000,7.44100000
2024-10-27T08:00:00Z,UNIUSDT,0.00010000,7.60300000,7.60300000
2024-10-27T16:00:00Z,UNIUSDT,0.00010000,7.48800000,7.48800000
2024-10-28T00:00:00Z,UNIUSDT,0.00010000,7.53300000,7.53300000
2024-10-28T08:00:00Z,UNIUSDT,0.00010000,7.51349405,7.51349405
2024-10-28T16:00:00Z,UNIUSDT,0.00010000,7.49100000,7.49100000
2024-10-29T00:00:00Z,UNIUSDT,0.00010000,7.78300000,7.78300000
2024-10-29T08:00:00Z,UNIUSDT,0.00010000,7.90055127,7.90055127
2024-10-29T16:00:00Z,UNIUSDT,0.00010000,7.85200000,7.85200000
2024-10-30T00:00:00Z,UNIUSDT,0.00010000,7.93635724,7.93635724
2024-10-30T08:00:00Z,UNIUSDT,0.00010000,8.01068930,8.01068930
2024-10-30T16:00:00Z,UNIUSDT,0.00010000,8.15078558,8.15078558
2024-10-31T00:00:00Z,UNIUSDT,0.00010000,8.11690239,8.11690239
2024-10-31T08:00:00Z,UNIUSDT,0.00010000,7.97200000,7.97200000
2024-10-31T16:00:00Z,UNIUSDT,0.00010000,7.70700000,7.70700000
2024-11-01T00:00:00Z,UNIUSDT,0.00010000,7.61497311,7.61497311
2024-11-01T08:00:00Z,UNIUSDT,0.00010000,7.73468892,7.73468892
2024-11-01T16:00:00Z,UNIUSDT,0.00010000,7.80921983,7.80921983
2024-11-02T00:00:00Z,UNIUSDT,0.00010000,7.55049082,7.55049082
2024-11-02T08:00:00Z,UNIUSDT,0.00010000,7.48700000,7.48700000
2024-11-02T16:00:00Z,UNIUSDT,0.00010000,7.33352929,7.33352929
2024-11-03T00:00:00Z,UNIUSDT,0.00010000,7.39065160,7.39065160
2024-11-03T08:00:00Z,UNIUSDT,0.00010000,7.14968081,7.14968081
2024-11-03T16:00:00Z,UNIUSDT,0.00010000,6.96991706,6.96991706
2024-11-04T00:00:00Z,UNIUSDT,0.00010000,7.04275665,7.04275665
2024-11-04T08:00:00Z,UNIUSDT,0.00005649,6.88300000,6.88300000
2024-11-04T16:00:00Z,UNIUSDT,0.00006627,6.87652045,6.87652045
2024-11-05T00:00:00Z,UNIUSDT,0.00010000,6.77998080,6.77998080
2024-11-05T08:00:00Z,UNIUSDT,0.00010000,6.93900000,6.93900000
2024-11-05T16:00:00Z,UNIUSDT,0.00010000,7.07800000,7.07800000
2024-11-06T00:00:00Z,UNIUSDT,0.00010000,7.19400000,7.19400000
2024-11-06T08:00:00Z,UNIUSDT,0.00010000,8.85494139,8.85494139
2024-11-06T16:00:00Z,UNIUSDT,0.00010000,9.29154254,9.29154254
2024-11-07T00:00:00Z,UNIUSDT,0.00010000,9.29330224,9.29330224
2024-11-07T08:00:00Z,UNIUSDT,0.00010000,8.93131925,8.93131925
2024-11-07T16:00:00Z,UNIUSDT,0.00010000,9.11800000,9.11800000
2024-11-08T00:00:00Z,UNIUSDT,0.00010000,8.90216820,8.90216820
2024-11-08T08:00:00Z,UNIUSDT,0.00010000,8.74192019,8.74192019
2024-11-08T16:00:00Z,UNIUSDT,0.00010000,8.79287062,8.79287062
2024-11-09T00:00:00Z,UNIUSDT,0.00010000,8.85670584,8.85670584
2024-11-09T08:00:00Z,UNIUSDT,0.00010000,9.04418307,9.04418307
2024-11-09T16:00:00Z,UNIUSDT,0.00010000,8.94960306,8.94960306
2024-11-10T00:00:00Z,UNIUSDT,0.00010000,9.24699968,9.24699968
2024-11-10T08:00:00Z,UNIUSDT,0.00010000,9.23500000,9.23500000
2024-11-10T16:00:00Z,UNIUSDT,0.00030100,9.39084247,9.39084247
2024-11-11T00:00:00Z,UNIUSDT,0.00027402,9.22127168,9.22127168
2024-11-11T08:00:00Z,UNIUSDT,0.00015892,8.95200000,8.95200000
2024-11-11T16:00:00Z,UNIUSDT,0.00010000,9.06277318,9.06277318
2024-11-12T00:00:00Z,UNIUSDT,0.00031981,9.33900000,9.33900000
2024-11-12T08:00:00Z,UNIUSDT,0.00030741,9.71600000,9.71600000
2024-11-12T16:00:00Z,UNIUSDT,0.00022642,8.82736782,8.82736782
2024-11-13T00:00:00Z,UNIUSDT,0.00010000,8.94622863,8.94622863
2024-11-13T08:00:00Z,UNIUSDT,0.00010000,8.47596014,8.47596014
2024-11-13T16:00:00Z,UNIUSDT,0.00010000,9.07780413,9.07780413
2024-11-14T00:00:00Z,UNIUSDT,0.00010000,8.63439695,8.63439695
2024-11-14T08:00:00Z,UNIUSDT,0.00010000,8.73089012,8.73089012
2024-11-14T16:00:00Z,UNIUSDT,0.00010000,8.24600000,8.24600000
2024-11-15T00:00:00Z,UNIUSDT,0.00010000,8.18097235,8.18097235
2024-11-15T08:00:00Z,UNIUSDT,0.00010000,8.07524464,8.07524464
2024-11-15T16:00:00Z,UNIUSDT,0.00010000,7.98900000,7.98900000
2024-11-16T00:00:00Z,UNIUSDT,0.00010000,8.57100000,8.57100000
2024-11-16T08:00:00Z,UNIUSDT,0.00010000,8.78800000,8.78800000
2024-11-16T16:00:00Z,UNIUSDT,0.00013577,8.93807347,8.93807347
2024-11-17T00:00:00Z,UNIUSDT,0.00010000,9.08328517,9.08328517
2024-11-17T08:00:00Z,UNIUSDT,0.00010000,9.05100000,9.05100000
2024-11-17T16:00:00Z,UNIUSDT,0.00016418,8.88800000,8.88800000
2024-11-18T00:00:00Z,UNIUSDT,0.00010000,8.75406032,8.75406032
2024-11-18T08:00:00Z,UNIUSDT,0.00020489,9.23654853,9.23654853
2024-11-18T16:00:00Z,UNIUSDT,0.00019010,9.23255433,9.23255433
2024-11-19T00:00:00Z,UNIUSDT,0.00012388,9.24800000,9.24800000
2024-11-19T08:00:00Z,UNIUSDT,0.00029908,9.15569277,9.15569277
2024-11-19T16:00:00Z,UNIUSDT,0.00021138,9.39900000,9.39900000
2024-11-20T00:00:00Z,UNIUSDT,0.00011115,9.40427145,9.40427145
2024-11-20T08:00:00Z,UNIUSDT,0.00010000,9.10828357,9.10828357
2024-11-20T16:00:00Z,UNIUSDT,0.00010000,9.03800000,9.03800000
2024-11-21T00:00:00Z,UNIUSDT,0.00010000,8.81100000,8.81100000
2024-11-21T08:00:00Z,UNIUSDT,0.00010000,8.86420882,8.86420882
2024-11-21T16:00:00Z,UNIUSDT,0.00010000,9.15437298,9.15437298
2024-11-22T00:00:00Z,UNIUSDT,0.00010000,9.25400000,9.25400000
2024-11-22T08:00:00Z,UNIUSDT,0.00015695,9.30167551,9.30167551
2024-11-22T16:00:00Z,UNIUSDT,0.00020375,9.49900000,9.49900000
2024-11-23T00:00:00Z,UNIUSDT,0.00015673,9.91866202,9.91866202
2024-11-23T08:00:00Z,UNIUSDT,0.00034956,10.51513069,10.51513069
2024-11-23T16:00:00Z,UNIUSDT,0.00037251,11.26265747,11.26265747
2024-11-24T00:00:00Z,UNIUSDT,0.00028777,10.74259368,10.74259368
2024-11-24T08:00:00Z,UNIUSDT,0.00029738,11.13700000,11.13700000
2024-11-24T16:00:00Z,UNIUSDT,0.00020256,10.17294056,10.17294056
2024-11-25T00:00:00Z,UNIUSDT,0.00026497,10.90533863,10.90533863
2024-11-25T08:00:00Z,UNIUSDT,0.00018378,11.48900000,11.48900000
2024-11-25T16:00:00Z,UNIUSDT,0.00021439,12.28200000,12.28200000
2024-11-26T00:00:00Z,UNIUSDT,0.00018165,11.13475076,11.13475076
2024-11-26T08:00:00Z,UNIUSDT,0.00010000,11.37900000,11.37900000
2024-11-26T16:00:00Z,UNIUSDT,0.00010000,10.76200000,10.76200000
2024-11-27T00:00:00Z,UNIUSDT,0.00013925,10.88300000,10.88300000
2024-11-27T08:00:00Z,UNIUSDT,0.00017515,11.69764906,11.69764906
2024-11-27T16:00:00Z,UNIUSDT,0.00028864,12.86793331,12.86793331
2024-11-28T00:00:00Z,UNIUSDT,0.00019005,13.53853133,13.53853133
2024-11-28T08:00:00Z,UNIUSDT,0.00010000,12.69927868,12.69927868
2024-11-28T16:00:00Z,UNIUSDT,0.00010000,12.60715778,12.60715778
2024-11-29T00:00:00Z,UNIUSDT,0.00023229,12.77000000,12.77000000
2024-11-29T08:00:00Z,UNIUSDT,0.00022307,12.42800000,12.42800000
2024-11-29T16:00:00Z,UNIUSDT,0.00014661,12.81200000,12.81200000
2024-11-30T00:00:00Z,UNIUSDT,0.00016881,12.59351460,12.59351460
2024-11-30T08:00:00Z,UNIUSDT,0.00012541,12.98913492,12.98913492
2024-11-30T16:00:00Z,UNIUSDT,0.00010898,12.73900000,12.73900000
2024-12-01T00:00:00Z,UNIUSDT,0.00025219,12.79100000,12.79100000
2024-12-01T08:00:00Z,UNIUSDT,0.00018890,13.12500000,13.12500000
2024-12-01T16:00:00Z,UNIUSDT,0.00027384,13.16514979,13.16514979
2024-12-02T00:00:00Z,UNIUSDT,0.00037108,13.06793784,13.06793784
2024-12-02T08:00:00Z,UNIUSDT,0.00017060,13.05400000,13.05400000
2024-12-02T16:00:00Z,UNIUSDT,0.00029607,14.28300000,14.28300000
2024-12-03T00:00:00Z,UNIUSDT,0.00032871,14.01168771,14.01168771
2024-12-03T08:00:00Z,UNIUSDT,0.00029555,14.05731880,14.05731880
2024-12-03T16:00:00Z,UNIUSDT,0.00028507,14.25922733,14.25922733
2024-12-04T00:00:00Z,UNIUSDT,0.00045432,15.13300000,15.13300000
2024-12-04T08:00:00Z,UNIUSDT,0.00048495,15.33059283,15.33059283
2024-12-04T16:00:00Z,UNIUSDT,0.00043843,16.06100000,16.06100000
2024-12-05T00:00:00Z,UNIUSDT,0.00033262,15.68433660,15.68433660
2024-12-05T08:00:00Z,UNIUSDT,0.00051631,15.40800000,15.40800000
2024-12-05T16:00:00Z,UNIUSDT,0.00040979,15.44000000,15.44000000
2024-12-06T00:00:00Z,UNIUSDT,0.00036547,15.03600000,15.03600000
2024-12-06T08:00:00Z,UNIUSDT,0.00034272,16.15900000,16.15900000
2024-12-06T16:00:00Z,UNIUSDT,0.00023898,16.67900000,16.67900000
2024-12-07T00:00:00Z,UNIUSDT,0.00055069,17.57615120,17.57615120
2024-12-07T08:00:00Z,UNIUSDT,0.00029504,18.25196084,18.25196084
2024-12-07T16:00:00Z,UNIUSDT,0.00027345,17.57126719,17.57126719
2024-12-08T00:00:00Z,UNIUSDT,0.00038534,18.06324199,18.06324199
2024-12-08T08:00:00Z,UNIUSDT,0.00036933,18.38900000,18.38900000
2024-12-08T16:00:00Z,UNIUSDT,0.00038101,18.64206254,18.64206254
2024-12-09T00:00:00Z,UNIUSDT,0.00019938,18.61080594,18.61080594
2024-12-09T08:00:00Z,UNIUSDT,0.00029092,17.81800000,17.81800000
2024-12-09T16:00:00Z,UNIUSDT,0.00010000,17.14100000,17.14100000
2024-12-10T00:00:00Z,UNIUSDT,0.00010000,16.03761067,16.03761067
2024-12-10T08:00:00Z,UNIUSDT,0.00010000,15.68700000,15.68700000
2024-12-10T16:00:00Z,UNIUSDT,0.00010000,14.68583743,14.68583743
2024-12-11T00:00:00Z,UNIUSDT,0.00010000,15.24877016,15.24877016
2024-12-11T08:00:00Z,UNIUSDT,0.00010000,15.23700000,15.23700000
2024-12-11T16:00:00Z,UNIUSDT,0.00010000,16.99107228,16.99107228
2024-12-12T00:00:00Z,UNIUSDT,0.00010000,17.15485505,17.15485505
2024-12-12T08:00:00Z,UNIUSDT,0.00010000,18.34500733,18.34500733
2024-12-12T16:00:00Z,UNIUSDT,0.00010000,18.11927445,18.11927445
2024-12-13T00:00:00Z,UNIUSDT,0.00010000,17.70516940,17.70516940
2024-12-13T08:00:00Z,UNIUSDT,0.00010000,17.28400000,17.28400000
2024-12-13T16:00:00Z,UNIUSDT,0.00010000,16.94525725,16.94525725
2024-12-14T00:00:00Z,UNIUSDT,0.00010000,17.48900000,17.48900000
2024-12-14T08:00:00Z,UNIUSDT,0.00010000,17.17300000,17.17300000
2024-12-14T16:00:00Z,UNIUSDT,0.00010000,16.79384264,16.79384264
2024-12-15T00:00:00Z,UNIUSDT,0.00010000,16.74875014,16.74875014
2024-12-15T08:00:00Z,UNIUSDT,0.00010000,16.31455459,16.31455459
2024-12-15T16:00:00Z,UNIUSDT,0.00010000,17.00400000,17.00400000
2024-12-16T00:00:00Z,UNIUSDT,0.00010000,17.06742475,17.06742475
2024-12-16T08:00:00Z,UNIUSDT,0.00010000,16.76618746,16.76618746
2024-12-16T16:00:00Z,UNIUSDT,0.00010000,16.51570323,16.51570323
2024-12-17T00:00:00Z,UNIUSDT,0.00010000,16.22982752,16.22982752
2024-12-17T08:00:00Z,UNIUSDT,0.00010000,15.85736227,15.85736227
2024-12-17T16:00:00Z,UNIUSDT,0.00010000,15.70270943,15.70270943
2024-12-18T00:00:00Z,UNIUSDT,0.00010000,16.24100000,16.24100000
2024-12-18T08:00:00Z,UNIUSDT,0.00010000,16.32738163,16.32738163
2024-12-18T16:00:00Z,UNIUSDT,0.00010000,15.60108840,15.60108840
2024-12-19T00:00:00Z,UNIUSDT,0.00010000,14.80470624,14.80470624
2024-12-19T08:00:00Z,UNIUSDT,0.00010000,14.65161020,14.65161020
2024-12-19T16:00:00Z,UNIUSDT,0.00010000,14.63506285,14.63506285
2024-12-20T00:00:00Z,UNIUSDT,0.00010000,12.72200000,12.72200000
2024-12-20T08:00:00Z,UNIUSDT,0.00010000,12.74597021,12.74597021
2024-12-20T16:00:00Z,UNIUSDT,0.00009169,12.50900000,12.50900000
2024-12-21T00:00:00Z,UNIUSDT,0.00010000,13.67200000,13.67200000
2024-12-21T08:00:00Z,UNIUSDT,0.00010000,14.47297462,14.47297462
2024-12-21T16:00:00Z,UNIUSDT,0.00010000,13.56775353,13.56775353
2024-12-22T00:00:00Z,UNIUSDT,0.00001048,13.37800000,13.37800000
2024-12-22T08:00:00Z,UNIUSDT,0.00004283,13.54400000,13.54400000
2024-12-22T16:00:00Z,UNIUSDT,0.00002815,13.71162974,13.71162974
2024-12-23T00:00:00Z,UNIUSDT,0.00009693,13.89092904,13.89092904
2024-12-23T08:00:00Z,UNIUSDT,0.00010000,13.82300000,13.82300000
2024-12-23T16:00:00Z,UNIUSDT,0.00006243,13.51400000,13.51400000
2024-12-24T00:00:00Z,UNIUSDT,0.00010000,14.28586919,14.28586919
2024-12-24T08:00:00Z,UNIUSDT,0.00010000,13.88700000,13.88700000
2024-12-24T16:00:00Z,UNIUSDT,0.00010000,14.60625094,14.60625094
2024-12-25T00:00:00Z,UNIUSDT,0.00010000,14.58661814,14.58661814
2024-12-25T08:00:00Z,UNIUSDT,0.00010000,14.13100000,14.13100000
2024-12-25T16:00:00Z,UNIUSDT,0.00007476,13.85800000,13.85800000
2024-12-26T00:00:00Z,UNIUSDT,0.00005336,13.90000000,13.90000000
2024-12-26T08:00:00Z,UNIUSDT,0.00010000,13.23700000,13.23700000
2024-12-26T16:00:00Z,UNIUSDT,0.00007551,12.88584452,12.88584452
2024-12-27T00:00:00Z,UNIUSDT,0.00001041,13.25689852,13.25689852
2024-12-27T08:00:00Z,UNIUSDT,0.00009573,13.53906007,13.53906007
2024-12-27T16:00:00Z,UNIUSDT,0.00010000,13.49300000,13.49300000
2024-12-28T00:00:00Z,UNIUSDT,0.00010000,13.34500000,13.34500000
2024-12-28T08:00:00Z,UNIUSDT,0.00010000,13.06258907,13.06258907
2024-12-28T16:00:00Z,UNIUSDT,0.00010000,13.29300000,13.29300000
2024-12-29T00:00:00Z,UNIUSDT,0.00010000,13.57112456,13.57112456
2024-12-29T08:00:00Z,UNIUSDT,0.00010000,13.47604985,13.47604985
2024-12-29T16:00:00Z,UNIUSDT,0.00010000,13.23226987,13.23226987
2024-12-30T00:00:00Z,UNIUSDT,0.00010000,12.99900000,12.99900000
2024-12-30T08:00:00Z,UNIUSDT,0.00010000,13.42400000,13.42400000
2024-12-30T16:00:00Z,UNIUSDT,0.00010000,12.89319741,12.89319741
2024-12-31T00:00:00Z,UNIUSDT,0.00010000,13.31500000,13.31500000
2024-12-31T08:00:00Z,UNIUSDT,0.00010000,13.28000000,13.28000000
2024-12-31T16:00:00Z,UNIUSDT,0.00010000,13.59000000,13.59000000
2025-01-01T00:00:00Z,UNIUSDT,0.00010000,13.23964561,13.23964561
2025-01-01T08:00:00Z,UNIUSDT,0.00010000,13.24800000,13.24800000
2025-01-01T16:00:00Z,UNIUSDT,0.00010000,13.47900000,13.47900000
2025-01-02T00:00:00Z,UNIUSDT,0.00010000,13.62200000,13.62200000
2025-01-02T08:00:00Z,UNIUSDT,0.00010000,14.12918816,14.12918816
2025-01-02T16:00:00Z,UNIUSDT,0.00010000,14.30700000,14.30700000
2025-01-03T00:00:00Z,UNIUSDT,0.00010000,14.37700388,14.37700388
2025-01-03T08:00:00Z,UNIUSDT,0.00010000,14.06895802,14.06895802
2025-01-03T16:00:00Z,UNIUSDT,0.00010000,14.92600000,14.92600000
2025-01-04T00:00:00Z,UNIUSDT,0.00010000,15.20943974,15.20943974
2025-01-04T08:00:00Z,UNIUSDT,0.00010000,14.96000000,14.96000000
2025-01-04T16:00:00Z,UNIUSDT,0.00010000,15.12790153,15.12790153
2025-01-05T00:00:00Z,UNIUSDT,0.00010000,15.27456777,15.27456777
2025-01-05T08:00:00Z,UNIUSDT,0.00010000,15.08800000,15.08800000
2025-01-05T16:00:00Z,UNIUSDT,0.00010000,15.04019828,15.04019828
2025-01-06T00:00:00Z,UNIUSDT,0.00010000,15.15800000,15.15800000
2025-01-06T08:00:00Z,UNIUSDT,0.00010000,15.17040331,15.17040331
2025-01-06T16:00:00Z,UNIUSDT,0.00010000,15.34635523,15.34635523
2025-01-07T00:00:00Z,UNIUSDT,0.00010000,15.07276465,15.07276465
2025-01-07T08:00:00Z,UNIUSDT,0.00010000,14.89614360,14.89614360
2025-01-07T16:00:00Z,UNIUSDT,0.00010000,14.08589853,14.08589853
2025-01-08T00:00:00Z,UNIUSDT,0.00004977,13.52262580,13.52262580
2025-01-08T08:00:00Z,UNIUSDT,0.00010000,13.28000000,13.28000000
2025-01-08T16:00:00Z,UNIUSDT,0.00007284,13.23556808,13.23556808
2025-01-09T00:00:00Z,UNIUSDT,0.00002731,13.10877537,13.10877537
2025-01-09T08:00:00Z,UNIUSDT,0.00010000,12.76400000,12.76400000
2025-01-09T16:00:00Z,UNIUSDT,0.00010000,12.89400000,12.89400000
2025-01-10T00:00:00Z,UNIUSDT,-0.00006560,12.85627850,12.85627850
2025-01-10T08:00:00Z,UNIUSDT,-0.00002292,13.38721231,13.38721231
2025-01-10T16:00:00Z,UNIUSDT,0.00010000,13.11600000,13.11600000
2025-01-11T00:00:00Z,UNIUSDT,0.00010000,13.93800000,13.93800000
2025-01-11T08:00:00Z,UNIUSDT,0.00010000,13.51500000,13.51500000
2025-01-11T16:00:00Z,UNIUSDT,-0.00001654,13.64700000,13.64700000
2025-01-12T00:00:00Z,UNIUSDT,0.00002065,13.63900000,13.63900000
2025-01-12T08:00:00Z,UNIUSDT,0.00007960,13.70900000,13.70900000
2025-01-12T16:00:00Z,UNIUSDT,0.00004783,13.76605256,13.76605256
2025-01-13T00:00:00Z,UNIUSDT,0.00002668,13.62400000,13.62400000
2025-01-13T08:00:00Z,UNIUSDT,-0.00005745,13.11300000,13.11300000
2025-01-13T16:00:00Z,UNIUSDT,0.00009487,12.58131030,12.58131030
2025-01-14T00:00:00Z,UNIUSDT,0.00000299,12.88556734,12.88556734
2025-01-14T08:00:00Z,UNIUSDT,0.00006651,12.94700000,12.94700000
2025-01-14T16:00:00Z,UNIUSDT,0.00004792,13.20580573,13.20580573
2025-01-15T00:00:00Z,UNIUSDT,0.00010000,13.30800000,13.30800000
2025-01-15T08:00:00Z,UNIUSDT,0.00010000,13.32966973,13.32966973
2025-01-15T16:00:00Z,UNIUSDT,0.00010000,14.20600000,14.20600000
2025-01-16T00:00:00Z,UNIUSDT,0.00010000,14.53609042,14.53609042
2025-01-16T08:00:00Z,UNIUSDT,0.00010000,14.35400000,14.35400000
2025-01-16T16:00:00Z,UNIUSDT,0.00010000,14.43717399,14.43717399
2025-01-17T00:00:00Z,UNIUSDT,0.00010000,14.09110549,14.09110549
2025-01-17T08:00:00Z,UNIUSDT,0.00010000,14.76400000,14.76400000
2025-01-17T16:00:00Z,UNIUSDT,0.00010000,14.92900000,14.92900000
2025-01-18T00:00:00Z,UNIUSDT,0.00010000,14.97700000,14.97700000
2025-01-18T08:00:00Z,UNIUSDT,0.00010000,14.05284788,14.05284788
2025-01-18T16:00:00Z,UNIUSDT,0.00007692,14.15800000,14.15800000
2025-01-19T00:00:00Z,UNIUSDT,0.00010000,14.16479093,14.16479093
2025-01-19T08:00:00Z,UNIUSDT,0.00010000,13.89500000,13.89500000
2025-01-19T16:00:00Z,UNIUSDT,0.00010000,14.20835483,14.20835483
2025-01-20T00:00:00Z,UNIUSDT,0.00010000,13.28435400,13.28435400
2025-01-20T08:00:00Z,UNIUSDT,0.00010000,14.20454183,14.20454183
2025-01-20T16:00:00Z,UNIUSDT,0.00010000,13.93668089,13.93668089
2025-01-21T00:00:00Z,UNIUSDT,0.00010000,13.51800000,13.51800000
2025-01-21T08:00:00Z,UNIUSDT,0.00010000,13.21600000,13.21600000
2025-01-21T16:00:00Z,UNIUSDT,0.00010000,13.45985436,13.45985436
2025-01-22T00:00:00Z,UNIUSDT,0.00010000,13.50584604,13.50584604
2025-01-22T08:00:00Z,UNIUSDT,0.00010000,13.30576143,13.30576143
2025-01-22T16:00:00Z,UNIUSDT,0.00010000,13.23895123,13.23895123
2025-01-23T00:00:00Z,UNIUSDT,0.00010000,12.88655647,12.88655647
2025-01-23T08:00:00Z,UNIUSDT,0.00010000,12.70500000,12.70500000
2025-01-23T16:00:00Z,UNIUSDT,0.00009859,12.79200000,12.79200000
2025-01-24T00:00:00Z,UNIUSDT,0.00010000,12.80145035,12.80145035
2025-01-24T08:00:00Z,UNIUSDT,0.00010000,12.90500000,12.90500000
2025-01-24T16:00:00Z,UNIUSDT,0.00010000,12.88000000,12.88000000
2025-01-25T00:00:00Z,UNIUSDT,0.00004189,12.45735368,12.45735368
2025-01-25T08:00:00Z,UNIUSDT,0.00009113,12.15900000,12.15900000
2025-01-25T16:00:00Z,UNIUSDT,0.00007817,12.28222486,12.28222486
2025-01-26T00:00:00Z,UNIUSDT,0.00001359,12.08500000,12.08500000
2025-01-26T08:00:00Z,UNIUSDT,0.00003916,12.18000000,12.18000000
2025-01-26T16:00:00Z,UNIUSDT,0.00010000,11.95800000,11.95800000
2025-01-27T00:00:00Z,UNIUSDT,0.00010000,11.42253033,11.42253033
2025-01-27T08:00:00Z,UNIUSDT,0.00007391,10.63400000,10.63400000
2025-01-27T16:00:00Z,UNIUSDT,0.00008771,10.86400000,10.86400000
2025-01-28T00:00:00Z,UNIUSDT,0.00010000,10.99700000,10.99700000
2025-01-28T08:00:00Z,UNIUSDT,0.00000502,11.15576209,11.15576209
2025-01-28T16:00:00Z,UNIUSDT,0.00010000,11.10200000,11.10200000
2025-01-29T00:00:00Z,UNIUSDT,-0.00003246,11.13273856,11.13273856
2025-01-29T08:00:00Z,UNIUSDT,0.00001541,11.89400000,11.89400000
2025-01-29T16:00:00Z,UNIUSDT,-0.00002412,11.66100000,11.66100000
2025-01-30T00:00:00Z,UNIUSDT,0.00001087,11.72303807,11.72303807
2025-01-30T08:00:00Z,UNIUSDT,0.00002678,11.90344930,11.90344930
2025-01-30T16:00:00Z,UNIUSDT,0.00008648,12.07900000,12.07900000
2025-01-31T00:00:00Z,UNIUSDT,0.00009274,11.96117953,11.96117953
2025-01-31T08:00:00Z,UNIUSDT,0.00010000,11.86444855,11.86444855
2025-01-31T16:00:00Z,UNIUSDT,0.00010000,12.67888069,12.67888069
2025-02-01T00:00:00Z,UNIUSDT,0.00010000,11.76700000,11.76700000
2025-02-01T08:00:00Z,UNIUSDT,0.00009875,11.60900000,11.60900000
2025-02-01T16:00:00Z,UNIUSDT,0.00005796,11.44000000,11.44000000
2025-02-02T00:00:00Z,UNIUSDT,0.00010000,10.85312074,10.85312074
2025-02-02T08:00:00Z,UNIUSDT,0.00008783,10.68100000,10.68100000
2025-02-02T16:00:00Z,UNIUSDT,0.00001327,10.48900000,10.48900000
2025-02-03T00:00:00Z,UNIUSDT,0.00002125,9.17900000,9.17900000
2025-02-03T08:00:00Z,UNIUSDT,-0.00022561,9.30700000,9.30700000
2025-02-03T16:00:00Z,UNIUSDT,-0.00007310,9.88677018,9.88677018
2025-02-04T00:00:00Z,UNIUSDT,-0.00023634,9.95446231,9.95446231
2025-02-04T08:00:00Z,UNIUSDT,-0.00014734,9.03271994,9.03271994
2025-02-04T16:00:00Z,UNIUSDT,0.00007685,9.29600000,9.29600000
2025-02-05T00:00:00Z,UNIUSDT,0.00007641,9.06400000,9.06400000
2025-02-05T08:00:00Z,UNIUSDT,0.00009683,9.33017377,9.33017377
2025-02-05T16:00:00Z,UNIUSDT,0.00004088,9.38300000,9.38300000
2025-02-06T00:00:00Z,UNIUSDT,0.00004216,9.26600000,9.26600000
2025-02-06T08:00:00Z,UNIUSDT,-0.00002937,9.34200000,9.34200000
2025-02-06T16:00:00Z,UNIUSDT,-0.00015515,8.97800000,8.97800000
2025-02-07T00:00:00Z,UNIUSDT,-0.00010494,8.97629788,8.97629788
2025-02-07T08:00:00Z,UNIUSDT,-0.00009676,8.96300000,8.96300000
2025-02-07T16:00:00Z,UNIUSDT,-0.00001562,9.11500000,9.11500000
2025-02-08T00:00:00Z,UNIUSDT,-0.00003775,9.00397498,9.00397498
2025-02-08T08:00:00Z,UNIUSDT,0.00007509,8.85501875,8.85501875
2025-02-08T16:00:00Z,UNIUSDT,0.00004595,8.88602379,8.88602379
2025-02-09T00:00:00Z,UNIUSDT,0.00010000,9.13485290,9.13485290
2025-02-09T08:00:00Z,UNIUSDT,0.00010000,9.25900000,9.25900000
2025-02-09T16:00:00Z,UNIUSDT,0.00007817,9.25461342,9.25461342
2025-02-10T00:00:00Z,UNIUSDT,0.00005932,9.12500000,9.12500000
2025-02-10T08:00:00Z,UNIUSDT,0.00009542,9.13638750,9.13638750
2025-02-10T16:00:00Z,UNIUSDT,0.00007375,9.21100000,9.21100000
2025-02-11T00:00:00Z,UNIUSDT,0.00001473,9.45326019,9.45326019
2025-02-11T08:00:00Z,UNIUSDT,0.00007125,9.98200000,9.98200000
2025-02-11T16:00:00Z,UNIUSDT,0.00006746,9.63600000,9.63600000
2025-02-12T00:00:00Z,UNIUSDT,-0.00001973,9.37551574,9.37551574
2025-02-12T08:00:00Z,UNIUSDT,0.00000720,9.48287407,9.48287407
2025-02-12T16:00:00Z,UNIUSDT,0.00010000,9.44800000,9.44800000
2025-02-13T00:00:00Z,UNIUSDT,0.00008054,9.94800000,9.94800000
2025-02-13T08:00:00Z,UNIUSDT,0.00008808,9.67700000,9.67700000
2025-02-13T16:00:00Z,UNIUSDT,0.00000822,9.57400000,9.57400000
2025-02-14T00:00:00Z,UNIUSDT,-0.00006316,9.88300000,9.88300000
2025-02-14T08:00:00Z,UNIUSDT,0.00005283,9.87600000,9.87600000
2025-02-14T16:00:00Z,UNIUSDT,0.00006530,10.10300000,10.10300000
2025-02-15T00:00:00Z,UNIUSDT,0.00006361,10.04900000,10.04900000
2025-02-15T08:00:00Z,UNIUSDT,-0.00003421,9.89932407,9.89932407
2025-02-15T16:00:00Z,UNIUSDT,0.00001096,9.84800000,9.84800000
2025-02-16T00:00:00Z,UNIUSDT,0.00000294,9.80600000,9.80600000
2025-02-16T08:00:00Z,UNIUSDT,0.00005809,9.74000000,9.74000000
2025-02-16T16:00:00Z,UNIUSDT,0.00006041,9.71000000,9.71000000
2025-02-17T00:00:00Z,UNIUSDT,0.00003286,9.58019259,9.58019259
2025-02-17T08:00:00Z,UNIUSDT,0.00003962,9.68004074,9.68004074
2025-02-17T16:00:00Z,UNIUSDT,0.00006482,9.85567963,9.85567963
2025-02-18T00:00:00Z,UNIUSDT,0.00006026,9.93100000,9.93100000
2025-02-18T08:00:00Z,UNIUSDT,-0.00007894,9.54942222,9.54942222
2025-02-18T16:00:00Z,UNIUSDT,0.00007990,9.34921667,9.34921667
2025-02-19T00:00:00Z,UNIUSDT,-0.00000246,9.62673796,9.62673796
2025-02-19T08:00:00Z,UNIUSDT,0.00009852,9.67138506,9.67138506
2025-02-19T16:00:00Z,UNIUSDT,0.00009139,9.47665833,9.47665833
2025-02-20T00:00:00Z,UNIUSDT,0.00004135,9.42911574,9.42911574
2025-02-20T08:00:00Z,UNIUSDT,0.00005390,9.24009352,9.24009352
2025-02-20T16:00:00Z,UNIUSDT,0.00005959,8.99800000,8.99800000
2025-02-21T00:00:00Z,UNIUSDT,0.00003353,9.33900000,9.33900000
2025-02-21T08:00:00Z,UNIUSDT,0.00010000,9.26000000,9.26000000
2025-02-21T16:00:00Z,UNIUSDT,0.00007582,9.17100000,9.17100000
2025-02-22T00:00:00Z,UNIUSDT,0.00010000,8.73228333,8.73228333
2025-02-22T08:00:00Z,UNIUSDT,0.00009677,8.80400000,8.80400000
2025-02-22T16:00:00Z,UNIUSDT,-0.00002304,9.00379402,9.00379402
2025-02-23T00:00:00Z,UNIUSDT,-0.00000146,9.03264464,9.03264464
2025-02-23T08:00:00Z,UNIUSDT,0.00004239,9.20000000,9.20000000
2025-02-23T16:00:00Z,UNIUSDT,0.00002830,8.94128704,8.94128704
2025-02-24T00:00:00Z,UNIUSDT,0.00006962,9.01500000,9.01500000
2025-02-24T08:00:00Z,UNIUSDT,0.00006392,8.67675185,8.67675185
2025-02-24T16:00:00Z,UNIUSDT,0.00010000,8.33150556,8.33150556
2025-02-25T00:00:00Z,UNIUSDT,0.00001953,7.97200000,7.97200000
2025-02-25T08:00:00Z,UNIUSDT,0.00008170,7.68565639,7.68565639
2025-02-25T16:00:00Z,UNIUSDT,0.00010000,7.80860345,7.80860345
2025-02-26T00:00:00Z,UNIUSDT,0.00002477,8.30700926,8.30700926
2025-02-26T08:00:00Z,UNIUSDT,0.00010000,8.25900463,8.25900463
2025-02-26T16:00:00Z,UNIUSDT,0.00001669,8.12128981,8.12128981
2025-02-27T00:00:00Z,UNIUSDT,0.00009825,7.90437315,7.90437315
2025-02-27T08:00:00Z,UNIUSDT,0.00007994,8.12800000,8.12800000
2025-02-27T16:00:00Z,UNIUSDT,0.00007214,8.07955000,8.07955000
2025-02-28T00:00:00Z,UNIUSDT,0.00003625,7.86250109,7.86250109
2025-02-28T08:00:00Z,UNIUSDT,0.00005039,7.15516111,7.15516111
2025-02-28T16:00:00Z,UNIUSDT,0.00000579,7.47100000,7.47100000
2025-03-01T00:00:00Z,UNIUSDT,0.00009968,7.49286389,7.49286389
2025-03-01T08:00:00Z,UNIUSDT,-0.00001340,7.42900000,7.42900000
2025-03-01T16:00:00Z,UNIUSDT,0.00004495,7.33314444,7.33314444
2025-03-02T00:00:00Z,UNIUSDT,0.00008158,7.49300177,7.49300177
2025-03-02T08:00:00Z,UNIUSDT,-0.00007718,7.45078831,7.45078831
2025-03-02T16:00:00Z,UNIUSDT,-0.00004975,7.57300000,7.57300000
2025-03-03T00:00:00Z,UNIUSDT,0.00010000,8.26500000,8.26500000
2025-03-03T08:00:00Z,UNIUSDT,-0.00004064,7.97600000,7.97600000
2025-03-03T16:00:00Z,UNIUSDT,0.00000105,7.71500000,7.71500000
2025-03-04T00:00:00Z,UNIUSDT,-0.00010645,7.12200000,7.12200000
2025-03-04T08:00:00Z,UNIUSDT,0.00004518,6.76400000,6.76400000
2025-03-04T16:00:00Z,UNIUSDT,0.00008941,6.81400000,6.81400000
2025-03-05T00:00:00Z,UNIUSDT,0.00008996,7.06587778,7.06587778
2025-03-05T08:00:00Z,UNIUSDT,0.00007588,7.37527685,7.37527685
2025-03-05T16:00:00Z,UNIUSDT,0.00006217,7.31700000,7.31700000
2025-03-06T00:00:00Z,UNIUSDT,0.00004181,7.51690345,7.51690345
2025-03-06T08:00:00Z,UNIUSDT,0.00003317,7.51800000,7.51800000
2025-03-06T16:00:00Z,UNIUSDT,0.00004491,7.32900783,7.32900783
2025-03-07T00:00:00Z,UNIUSDT,0.00002563,7.09900000,7.09900000
2025-03-07T08:00:00Z,UNIUSDT,0.00003064,7.18700000,7.18700000
2025-03-07T16:00:00Z,UNIUSDT,0.00010000,7.25477685,7.25477685
2025-03-08T00:00:00Z,UNIUSDT,0.00007424,7.06600000,7.06600000
2025-03-08T08:00:00Z,UNIUSDT,0.00007671,6.95281793,6.95281793
2025-03-08T16:00:00Z,UNIUSDT,0.00006350,7.04479722,7.04479722
2025-03-09T00:00:00Z,UNIUSDT,-0.00000140,7.15800000,7.15800000
2025-03-09T08:00:00Z,UNIUSDT,-0.00007675,7.05809815,7.05809815
2025-03-09T16:00:00Z,UNIUSDT,0.00002594,6.73955926,6.73955926
2025-03-10T00:00:00Z,UNIUSDT,-0.00009082,6.39100000,6.39100000
2025-03-10T08:00:00Z,UNIUSDT,-0.00005524,6.74600000,6.74600000
2025-03-10T16:00:00Z,UNIUSDT,0.00003117,6.37210370,6.37210370
2025-03-11T00:00:00Z,UNIUSDT,-0.00012818,5.90200000,5.90200000
2025-03-11T08:00:00Z,UNIUSDT,0.00010000,5.87978474,5.87978474
2025-03-11T16:00:00Z,UNIUSDT,0.00005963,5.99000000,5.99000000
2025-03-12T00:00:00Z,UNIUSDT,0.00004277,6.09400000,6.09400000
2025-03-12T08:00:00Z,UNIUSDT,0.00004298,6.00300000,6.00300000
2025-03-12T16:00:00Z,UNIUSDT,0.00007138,5.82100000,5.82100000
2025-03-13T00:00:00Z,UNIUSDT,0.00010000,5.90700000,5.90700000
2025-03-13T08:00:00Z,UNIUSDT,0.00008542,5.81400000,5.81400000
2025-03-13T16:00:00Z,UNIUSDT,0.00010000,5.89209074,5.89209074
2025-03-14T00:00:00Z,UNIUSDT,0.00009967,5.88568809,5.88568809
2025-03-14T08:00:00Z,UNIUSDT,0.00004832,5.87900000,5.87900000
2025-03-14T16:00:00Z,UNIUSDT,0.00000470,5.98038697,5.98038697
2025-03-15T00:00:00Z,UNIUSDT,0.00001107,6.02300000,6.02300000
2025-03-15T08:00:00Z,UNIUSDT,0.00000961,6.09226111,6.09226111
2025-03-15T16:00:00Z,UNIUSDT,-0.00005514,6.12600000,6.12600000
2025-03-16T00:00:00Z,UNIUSDT,-0.00012752,6.26600000,6.26600000
2025-03-16T08:00:00Z,UNIUSDT,0.00000262,6.26900000,6.26900000
2025-03-16T16:00:00Z,UNIUSDT,-0.00003500,6.04300000,6.04300000
2025-03-17T00:00:00Z,UNIUSDT,0.00006371,6.13579697,6.13579697
2025-03-17T08:00:00Z,UNIUSDT,0.00009600,6.17641536,6.17641536
2025-03-17T16:00:00Z,UNIUSDT,0.00001460,6.18900000,6.18900000
2025-03-18T00:00:00Z,UNIUSDT,0.00003242,6.29200000,6.29200000
2025-03-18T08:00:00Z,UNIUSDT,0.00003080,6.26363148,6.26363148
2025-03-18T16:00:00Z,UNIUSDT,0.00009438,6.13604074,6.13604074
2025-03-19T00:00:00Z,UNIUSDT,0.00003443,6.37100000,6.37100000
2025-03-19T08:00:00Z,UNIUSDT,0.00007424,6.32600000,6.32600000
2025-03-19T16:00:00Z,UNIUSDT,0.00010000,6.93719722,6.93719722
2025-03-20T00:00:00Z,UNIUSDT,0.00010000,6.97900000,6.97900000
2025-03-20T08:00:00Z,UNIUSDT,0.00003290,6.86100000,6.86100000
2025-03-20T16:00:00Z,UNIUSDT,0.00007414,6.71126389,6.71126389
2025-03-21T00:00:00Z,UNIUSDT,0.00010000,6.90800000,6.90800000
2025-03-21T08:00:00Z,UNIUSDT,0.00006173,6.87300000,6.87300000
2025-03-21T16:00:00Z,UNIUSDT,0.00002948,6.74400000,6.74400000
2025-03-22T00:00:00Z,UNIUSDT,-0.00007617,6.77600000,6.77600000
2025-03-22T08:00:00Z,UNIUSDT,-0.00001769,6.80930172,6.80930172
2025-03-22T16:00:00Z,UNIUSDT,-0.00011602,6.73478056,6.73478056
2025-03-23T00:00:00Z,UNIUSDT,-0.00007554,6.73117778,6.73117778
2025-03-23T08:00:00Z,UNIUSDT,-0.00008060,6.77517037,6.77517037
2025-03-23T16:00:00Z,UNIUSDT,-0.00003449,6.68400000,6.68400000
2025-03-24T00:00:00Z,UNIUSDT,-0.00002783,6.68500000,6.68500000
2025-03-24T08:00:00Z,UNIUSDT,-0.00004159,6.88534074,6.88534074
2025-03-24T16:00:00Z,UNIUSDT,0.00006373,7.03949907,7.03949907
2025-03-25T00:00:00Z,UNIUSDT,0.00008358,7.08260631,7.08260631
2025-03-25T08:00:00Z,UNIUSDT,0.00010000,7.01300000,7.01300000
2025-03-25T16:00:00Z,UNIUSDT,0.00004202,6.98022222,6.98022222
2025-03-26T00:00:00Z,UNIUSDT,0.00006759,6.96144167,6.96144167
2025-03-26T08:00:00Z,UNIUSDT,0.00004152,7.07832130,7.07832130
2025-03-26T16:00:00Z,UNIUSDT,0.00000126,6.83177222,6.83177222
2025-03-27T00:00:00Z,UNIUSDT,-0.00002318,6.71900000,6.71900000
2025-03-27T08:00:00Z,UNIUSDT,0.00010000,6.85711574,6.85711574
2025-03-27T16:00:00Z,UNIUSDT,0.00010000,6.77315741,6.77315741
2025-03-28T00:00:00Z,UNIUSDT,0.00010000,6.72200000,6.72200000
2025-03-28T08:00:00Z,UNIUSDT,0.00010000,6.38807778,6.38807778
2025-03-28T16:00:00Z,UNIUSDT,0.00000212,6.10313131,6.10313131
2025-03-29T00:00:00Z,UNIUSDT,0.00010000,6.17010136,6.17010136
2025-03-29T08:00:00Z,UNIUSDT,0.00010000,6.12126111,6.12126111
2025-03-29T16:00:00Z,UNIUSDT,0.00004189,5.97400000,5.97400000
2025-03-30T00:00:00Z,UNIUSDT,0.00009876,5.95500000,5.95500000
2025-03-30T08:00:00Z,UNIUSDT,0.00004047,5.99000000,5.99000000
2025-03-30T16:00:00Z,UNIUSDT,0.00005576,5.95000000,5.95000000
2025-03-31T00:00:00Z,UNIUSDT,0.00004279,5.86800000,5.86800000
2025-03-31T08:00:00Z,UNIUSDT,0.00002374,5.87400000,5.87400000
2025-03-31T16:00:00Z,UNIUSDT,0.00002308,6.00271759,6.00271759
2025-04-01T00:00:00Z,UNIUSDT,-0.00001325,5.96900926,5.96900926
2025-04-01T08:00:00Z,UNIUSDT,0.00000064,6.10076204,6.10076204
2025-04-01T16:00:00Z,UNIUSDT,0.00008142,6.27400000,6.27400000
2025-04-02T00:00:00Z,UNIUSDT,-0.00000276,6.26153704,6.26153704
2025-04-02T08:00:00Z,UNIUSDT,0.00005190,6.08093333,6.08093333
2025-04-02T16:00:00Z,UNIUSDT,0.00002606,6.24097222,6.24097222
2025-04-03T00:00:00Z,UNIUSDT,-0.00002305,5.83000000,5.83000000
2025-04-03T08:00:00Z,UNIUSDT,0.00006822,5.96114368,5.96114368
2025-04-03T16:00:00Z,UNIUSDT,0.00007090,5.76258716,5.76258716
2025-04-04T00:00:00Z,UNIUSDT,-0.00000753,5.86700000,5.86700000
2025-04-04T08:00:00Z,UNIUSDT,0.00008172,5.97500000,5.97500000
2025-04-04T16:00:00Z,UNIUSDT,0.00003797,5.83830000,5.83830000
2025-04-05T00:00:00Z,UNIUSDT,0.00007502,5.90500000,5.90500000
2025-04-05T08:00:00Z,UNIUSDT,0.00007354,5.89500000,5.89500000
2025-04-05T16:00:00Z,UNIUSDT,0.00005291,5.79400000,5.79400000
2025-04-06T00:00:00Z,UNIUSDT,-0.00001698,5.86202593,5.86202593
2025-04-06T08:00:00Z,UNIUSDT,0.00006182,5.82800000,5.82800000
2025-04-06T16:00:00Z,UNIUSDT,-0.00001139,5.62200000,5.62200000
2025-04-07T00:00:00Z,UNIUSDT,-0.00002967,5.09603831,5.09603831
2025-04-07T08:00:00Z,UNIUSDT,0.00003869,4.70205556,4.70205556
2025-04-07T16:00:00Z,UNIUSDT,0.00000308,5.11400000,5.11400000
2025-04-08T00:00:00Z,UNIUSDT,0.00008618,5.11900000,5.11900000
2025-04-08T08:00:00Z,UNIUSDT,-0.00008985,5.16422315,5.16422315
2025-04-08T16:00:00Z,UNIUSDT,0.00008743,5.09800000,5.09800000
2025-04-09T00:00:00Z,UNIUSDT,0.00001280,4.77300000,4.77300000
2025-04-09T08:00:00Z,UNIUSDT,0.00006224,4.88946481,4.88946481
2025-04-09T16:00:00Z,UNIUSDT,0.00008194,4.86400000,4.86400000
2025-04-10T00:00:00Z,UNIUSDT,0.00010000,5.41000000,5.41000000
2025-04-10T08:00:00Z,UNIUSDT,0.00010000,5.20800000,5.20800000
2025-04-10T16:00:00Z,UNIUSDT,0.00006358,4.90127778,4.90127778
2025-04-11T00:00:00Z,UNIUSDT,0.00002975,5.01961019,5.01961019
2025-04-11T08:00:00Z,UNIUSDT,0.00009218,5.14600000,5.14600000
2025-04-11T16:00:00Z,UNIUSDT,0.00009084,5.21200000,5.21200000
2025-04-12T00:00:00Z,UNIUSDT,0.00006748,5.23017130,5.23017130
2025-04-12T08:00:00Z,UNIUSDT,-0.00001921,5.28300000,5.28300000
2025-04-12T16:00:00Z,UNIUSDT,0.00003693,5.51300000,5.51300000
2025-04-13T00:00:00Z,UNIUSDT,0.00004248,5.49900000,5.49900000
2025-04-13T08:00:00Z,UNIUSDT,0.00003440,5.38503519,5.38503519
2025-04-13T16:00:00Z,UNIUSDT,0.00003452,5.35112315,5.35112315
2025-04-14T00:00:00Z,UNIUSDT,0.00001296,5.32800000,5.32800000
2025-04-14T08:00:00Z,UNIUSDT,-0.00002132,5.43900000,5.43900000
2025-04-14T16:00:00Z,UNIUSDT,-0.00005560,5.38400000,5.38400000
2025-04-15T00:00:00Z,UNIUSDT,-0.00002664,5.34500000,5.34500000
2025-04-15T08:00:00Z,UNIUSDT,-0.00011304,5.41200000,5.41200000
2025-04-15T16:00:00Z,UNIUSDT,-0.00007892,5.28400000,5.28400000
2025-04-16T00:00:00Z,UNIUSDT,0.00000885,5.18030460,5.18030460
2025-04-16T08:00:00Z,UNIUSDT,0.00004892,5.11700000,5.11700000
2025-04-16T16:00:00Z,UNIUSDT,0.00000479,5.16900000,5.16900000
2025-04-17T00:00:00Z,UNIUSDT,0.00008008,5.14714537,5.14714537
2025-04-17T08:00:00Z,UNIUSDT,0.00010000,5.26400000,5.26400000
2025-04-17T16:00:00Z,UNIUSDT,0.00003414,5.17100000,5.17100000
2025-04-18T00:00:00Z,UNIUSDT,0.00009291,5.17900000,5.17900000
2025-04-18T08:00:00Z,UNIUSDT,0.00010000,5.20400000,5.20400000
2025-04-18T16:00:00Z,UNIUSDT,0.00005032,5.15500000,5.15500000
2025-04-19T00:00:00Z,UNIUSDT,0.00006546,5.17056705,5.17056705
2025-04-19T08:00:00Z,UNIUSDT,0.00010000,5.26600000,5.26600000
2025-04-19T16:00:00Z,UNIUSDT,0.00005829,5.24128796,5.24128796
2025-04-20T00:00:00Z,UNIUSDT,0.00009769,5.31600000,5.31600000
2025-04-20T08:00:00Z,UNIUSDT,0.00010000,5.27200000,5.27200000
2025-04-20T16:00:00Z,UNIUSDT,0.00002282,5.20600000,5.20600000
2025-04-21T00:00:00Z,UNIUSDT,0.00010000,5.24851263,5.24851263
2025-04-21T08:00:00Z,UNIUSDT,0.00010000,5.46500000,5.46500000
2025-04-21T16:00:00Z,UNIUSDT,0.00010000,5.40600000,5.40600000
2025-04-22T00:00:00Z,UNIUSDT,-0.00000530,5.26990833,5.26990833
2025-04-22T08:00:00Z,UNIUSDT,0.00000991,5.37175093,5.37175093
2025-04-22T16:00:00Z,UNIUSDT,0.00010000,5.60358333,5.60358333
2025-04-23T00:00:00Z,UNIUSDT,0.00010000,5.80700000,5.80700000
2025-04-23T08:00:00Z,UNIUSDT,0.00010000,5.93700000,5.93700000
2025-04-23T16:00:00Z,UNIUSDT,0.00010000,5.98943390,5.98943390
2025-04-24T00:00:00Z,UNIUSDT,0.00010000,6.03200000,6.03200000
2025-04-24T08:00:00Z,UNIUSDT,0.00010000,5.75705932,5.75705932
2025-04-24T16:00:00Z,UNIUSDT,0.00010000,5.84900000,5.84900000
2025-04-25T00:00:00Z,UNIUSDT,0.00010000,5.81000000,5.81000000
2025-04-25T08:00:00Z,UNIUSDT,0.00010000,5.89903164,5.89903164
2025-04-25T16:00:00Z,UNIUSDT,0.00010000,5.92644301,5.92644301
2025-04-26T00:00:00Z,UNIUSDT,0.00010000,5.82600000,5.82600000
2025-04-26T08:00:00Z,UNIUSDT,0.00010000,5.91506237,5.91506237
2025-04-26T16:00:00Z,UNIUSDT,0.00010000,5.82803810,5.82803810
2025-04-27T00:00:00Z,UNIUSDT,0.00010000,5.81100000,5.81100000
2025-04-27T08:00:00Z,UNIUSDT,0.00000814,5.73400000,5.73400000
2025-04-27T16:00:00Z,UNIUSDT,0.00007385,5.56723011,5.56723011
2025-04-28T00:00:00Z,UNIUSDT,0.00003255,5.49700000,5.49700000
2025-04-28T08:00:00Z,UNIUSDT,-0.00001257,5.54600000,5.54600000
2025-04-28T16:00:00Z,UNIUSDT,-0.00008997,5.40700000,5.40700000
2025-04-29T00:00:00Z,UNIUSDT,0.00003977,5.43300000,5.43300000
2025-04-29T08:00:00Z,UNIUSDT,0.00008465,5.49518378,5.49518378
2025-04-29T16:00:00Z,UNIUSDT,0.00004167,5.36400000,5.36400000
2025-04-30T00:00:00Z,UNIUSDT,-0.00003616,5.26836937,5.26836937
2025-04-30T08:00:00Z,UNIUSDT,0.00001966,5.28600000,5.28600000
2025-04-30T16:00:00Z,UNIUSDT,-0.00005414,5.18849099,5.18849099
2025-05-01T00:00:00Z,UNIUSDT,0.00002276,5.26587117,5.26587117
2025-05-01T08:00:00Z,UNIUSDT,0.00003963,5.25627838,5.25627838
2025-05-01T16:00:00Z,UNIUSDT,-0.00002039,5.34109366,5.34109366
2025-05-02T00:00:00Z,UNIUSDT,0.00010000,5.31476086,5.31476086
2025-05-02T08:00:00Z,UNIUSDT,-0.00007972,5.26028649,5.26028649
2025-05-02T16:00:00Z,UNIUSDT,0.00006796,5.25265946,5.25265946
2025-05-03T00:00:00Z,UNIUSDT,0.00007577,5.24700000,5.24700000
2025-05-03T08:00:00Z,UNIUSDT,0.00000793,5.16900000,5.16900000
2025-05-03T16:00:00Z,UNIUSDT,0.00006495,5.15735586,5.15735586
2025-05-04T00:00:00Z,UNIUSDT,0.00007039,5.08500000,5.08500000
2025-05-04T08:00:00Z,UNIUSDT,0.00002202,5.09200000,5.09200000
2025-05-04T16:00:00Z,UNIUSDT,0.00003553,5.06716667,5.06716667
2025-05-05T00:00:00Z,UNIUSDT,0.00000562,4.98241982,4.98241982
2025-05-05T08:00:00Z,UNIUSDT,0.00010000,5.09800000,5.09800000
2025-05-05T16:00:00Z,UNIUSDT,-0.00000744,4.94246261,4.94246261
2025-05-06T00:00:00Z,UNIUSDT,0.00004523,4.97400000,4.97400000
2025-05-06T08:00:00Z,UNIUSDT,0.00007087,4.92300000,4.92300000
2025-05-06T16:00:00Z,UNIUSDT,0.00003956,4.87500000,4.87500000
2025-05-07T00:00:00Z,UNIUSDT,0.00006079,4.96400000,4.96400000
2025-05-07T08:00:00Z,UNIUSDT,0.00007735,4.95909189,4.95909189
2025-05-07T16:00:00Z,UNIUSDT,-0.00009437,4.80836892,4.80836892
2025-05-08T00:00:00Z,UNIUSDT,0.00008830,4.87400000,4.87400000
2025-05-08T08:00:00Z,UNIUSDT,0.00010000,5.18946486,5.18946486
2025-05-08T16:00:00Z,UNIUSDT,0.00010000,5.54216216,5.54216216
2025-05-09T00:00:00Z,UNIUSDT,0.00010000,6.15313514,6.15313514
2025-05-09T08:00:00Z,UNIUSDT,0.00010000,6.48080000,6.48080000
2025-05-09T16:00:00Z,UNIUSDT,0.00010000,6.25705245,6.25705245
2025-05-10T00:00:00Z,UNIUSDT,0.00010000,6.35400000,6.35400000
2025-05-10T08:00:00Z,UNIUSDT,0.00010000,6.60512365,6.60512365
2025-05-10T16:00:00Z,UNIUSDT,0.00010000,6.75717658,6.75717658
2025-05-11T00:00:00Z,UNIUSDT,0.00010000,7.55300000,7.55300000
2025-05-11T08:00:00Z,UNIUSDT,0.00010000,7.03772905,7.03772905
2025-05-11T16:00:00Z,UNIUSDT,0.00010000,6.79772883,6.79772883
2025-05-12T00:00:00Z,UNIUSDT,0.00010000,6.92777072,6.92777072
2025-05-12T08:00:00Z,UNIUSDT,0.00010000,7.13400000,7.13400000
2025-05-12T16:00:00Z,UNIUSDT,0.00010000,6.90500000,6.90500000
2025-05-13T00:00:00Z,UNIUSDT,0.00010000,6.88448311,6.88448311
2025-05-13T08:00:00Z,UNIUSDT,0.00010000,6.64000000,6.64000000
2025-05-13T16:00:00Z,UNIUSDT,0.00010000,6.85030405,6.85030405
2025-05-14T00:00:00Z,UNIUSDT,0.00010000,7.08900000,7.08900000
2025-05-14T08:00:00Z,UNIUSDT,0.00010000,6.79000000,6.79000000
2025-05-14T16:00:00Z,UNIUSDT,0.00005437,6.64633559,6.64633559
2025-05-15T00:00:00Z,UNIUSDT,0.00010000,6.60400000,6.60400000
2025-05-15T08:00:00Z,UNIUSDT,0.00010000,6.35249955,6.35249955
2025-05-15T16:00:00Z,UNIUSDT,0.00007092,6.41268514,6.41268514
2025-05-16T00:00:00Z,UNIUSDT,0.00006620,6.22624369,6.22624369
2025-05-16T08:00:00Z,UNIUSDT,0.00010000,6.33468919,6.33468919
2025-05-16T16:00:00Z,UNIUSDT,0.00010000,6.30366577,6.30366577
2025-05-17T00:00:00Z,UNIUSDT,0.00010000,6.07309550,6.07309550
2025-05-17T08:00:00Z,UNIUSDT,0.00001839,5.90268423,5.90268423
2025-05-17T16:00:00Z,UNIUSDT,0.00004377,5.82600000,5.82600000
2025-05-18T00:00:00Z,UNIUSDT,0.00001679,5.73612297,5.73612297
2025-05-18T08:00:00Z,UNIUSDT,0.00002509,5.97052474,5.97052474
2025-05-18T16:00:00Z,UNIUSDT,0.00006449,6.32100000,6.32100000
2025-05-19T00:00:00Z,UNIUSDT,0.00005581,6.12700000,6.12700000
2025-05-19T08:00:00Z,UNIUSDT,0.00002923,5.75261351,5.75261351
2025-05-19T16:00:00Z,UNIUSDT,0.00007268,5.84776532,5.84776532
2025-05-20T00:00:00Z,UNIUSDT,0.00010000,5.92700000,5.92700000
2025-05-20T08:00:00Z,UNIUSDT,0.00004390,5.95400000,5.95400000
2025-05-20T16:00:00Z,UNIUSDT,0.00005758,5.78704189,5.78704189
2025-05-21T00:00:00Z,UNIUSDT,0.00006663,6.02100000,6.02100000
2025-05-21T08:00:00Z,UNIUSDT,0.00010000,6.31544595,6.31544595
2025-05-21T16:00:00Z,UNIUSDT,0.00003994,6.32600000,6.32600000
2025-05-22T00:00:00Z,UNIUSDT,0.00007846,6.20600000,6.20600000
2025-05-22T08:00:00Z,UNIUSDT,0.00010000,6.37079324,6.37079324
2025-05-22T16:00:00Z,UNIUSDT,0.00010000,6.46300000,6.46300000
2025-05-23T00:00:00Z,UNIUSDT,0.00010000,6.43070270,6.43070270
2025-05-23T08:00:00Z,UNIUSDT,0.00010000,6.42700000,6.42700000
2025-05-23T16:00:00Z,UNIUSDT,0.00008216,6.13014099,6.13014099
2025-05-24T00:00:00Z,UNIUSDT,0.00004047,5.97700000,5.97700000
2025-05-24T08:00:00Z,UNIUSDT,0.00006717,6.10600000,6.10600000
2025-05-24T16:00:00Z,UNIUSDT,0.00008685,6.21414595,6.21414595
2025-05-25T00:00:00Z,UNIUSDT,0.00004164,6.11400000,6.11400000
2025-05-25T08:00:00Z,UNIUSDT,0.00006956,6.00621667,6.00621667
2025-05-25T16:00:00Z,UNIUSDT,0.00004232,6.02744369,6.02744369
2025-05-26T00:00:00Z,UNIUSDT,0.00010000,6.15600000,6.15600000
2025-05-26T08:00:00Z,UNIUSDT,0.00010000,6.52078333,6.52078333
2025-05-26T16:00:00Z,UNIUSDT,0.00010000,6.53256747,6.53256747
2025-05-27T00:00:00Z,UNIUSDT,0.00007125,6.50033514,6.50033514
2025-05-27T08:00:00Z,UNIUSDT,0.00006004,6.65351351,6.65351351
2025-05-27T16:00:00Z,UNIUSDT,-0.00005262,6.50817095,6.50817095
2025-05-28T00:00:00Z,UNIUSDT,-0.00000982,6.32100000,6.32100000
2025-05-28T08:00:00Z,UNIUSDT,0.00010000,6.69622838,6.69622838
2025-05-28T16:00:00Z,UNIUSDT,0.00010000,6.72872973,6.72872973
2025-05-29T00:00:00Z,UNIUSDT,0.00010000,6.84515338,6.84515338
2025-05-29T08:00:00Z,UNIUSDT,0.00005279,7.15900000,7.15900000
2025-05-29T16:00:00Z,UNIUSDT,-0.00006303,6.78429369,6.78429369
2025-05-30T00:00:00Z,UNIUSDT,-0.00014572,6.55600000,6.55600000
2025-05-30T08:00:00Z,UNIUSDT,-0.00006148,6.51500000,6.51500000
2025-05-30T16:00:00Z,UNIUSDT,0.00007851,6.49937941,6.49937941
2025-05-31T00:00:00Z,UNIUSDT,0.00001324,6.20159955,6.20159955
2025-05-31T08:00:00Z,UNIUSDT,-0.00004715,6.05500000,6.05500000
2025-05-31T16:00:00Z,UNIUSDT,-0.00004201,6.07500000,6.07500000
2025-06-01T00:00:00Z,UNIUSDT,0.00000971,6.04734009,6.04734009
2025-06-01T08:00:00Z,UNIUSDT,0.00010000,6.17700000,6.17700000
2025-06-01T16:00:00Z,UNIUSDT,0.00010000,6.20731171,6.20731171
2025-06-02T00:00:00Z,UNIUSDT,0.00007982,6.30800000,6.30800000
2025-06-02T08:00:00Z,UNIUSDT,-0.00005702,6.15500000,6.15500000
2025-06-02T16:00:00Z,UNIUSDT,0.00010000,6.31677072,6.31677072
2025-06-03T00:00:00Z,UNIUSDT,0.00010000,6.44200000,6.44200000
2025-06-03T08:00:00Z,UNIUSDT,-0.00005376,6.39800000,6.39800000
2025-06-03T16:00:00Z,UNIUSDT,0.00010000,6.77651351,6.77651351
2025-06-04T00:00:00Z,UNIUSDT,0.00010000,6.63103919,6.63103919
2025-06-04T08:00:00Z,UNIUSDT,0.00008839,6.69912297,6.69912297
2025-06-04T16:00:00Z,UNIUSDT,-0.00013790,6.47600000,6.47600000
2025-06-05T00:00:00Z,UNIUSDT,-0.00003574,6.30600000,6.30600000
2025-06-05T08:00:00Z,UNIUSDT,0.00001816,6.25600000,6.25600000
2025-06-05T16:00:00Z,UNIUSDT,0.00003820,6.34800000,6.34800000
2025-06-06T00:00:00Z,UNIUSDT,-0.00013274,5.89239369,5.89239369
2025-06-06T08:00:00Z,UNIUSDT,-0.00004261,5.98400000,5.98400000
2025-06-06T16:00:00Z,UNIUSDT,0.00004988,6.08911261,6.08911261
2025-06-07T00:00:00Z,UNIUSDT,0.00008857,5.98600000,5.98600000
2025-06-07T08:00:00Z,UNIUSDT,-0.00001474,6.17400000,6.17400000
2025-06-07T16:00:00Z,UNIUSDT,0.00010000,6.31300000,6.31300000
2025-06-08T00:00:00Z,UNIUSDT,0.00010000,6.34506261,6.34506261
2025-06-08T08:00:00Z,UNIUSDT,0.00010000,6.28211847,6.28211847
2025-06-08T16:00:00Z,UNIUSDT,0.00010000,6.35861427,6.35861427
2025-06-09T00:00:00Z,UNIUSDT,0.00010000,6.32280586,6.32280586
2025-06-09T08:00:00Z,UNIUSDT,0.00010000,6.27540179,6.27540179
2025-06-09T16:00:00Z,UNIUSDT,0.00010000,6.49100000,6.49100000
2025-06-10T00:00:00Z,UNIUSDT,0.00010000,6.84315405,6.84315405
2025-06-10T08:00:00Z,UNIUSDT,0.00010000,7.12800000,7.12800000
2025-06-10T16:00:00Z,UNIUSDT,0.00010000,8.19921622,8.19921622
2025-06-11T00:00:00Z,UNIUSDT,0.00010000,8.66378423,8.66378423
2025-06-11T08:00:00Z,UNIUSDT,0.00010000,8.37905856,8.37905856
2025-06-11T16:00:00Z,UNIUSDT,0.00010000,8.34800000,8.34800000
2025-06-12T00:00:00Z,UNIUSDT,0.00010000,8.15821232,8.15821232
2025-06-12T08:00:00Z,UNIUSDT,0.00010000,7.95111961,7.95111961
2025-06-12T16:00:00Z,UNIUSDT,0.00010000,7.75529324,7.75529324
2025-06-13T00:00:00Z,UNIUSDT,0.00010000,7.48452230,7.48452230
2025-06-13T08:00:00Z,UNIUSDT,0.00001940,7.39700000,7.39700000
2025-06-13T16:00:00Z,UNIUSDT,0.00007940,7.48009001,7.48009001
2025-06-14T00:00:00Z,UNIUSDT,0.00010000,7.75386126,7.75386126
2025-06-14T08:00:00Z,UNIUSDT,0.00002787,7.33257051,7.33257051
2025-06-14T16:00:00Z,UNIUSDT,0.00001951,7.19263725,7.19263725
2025-06-15T00:00:00Z,UNIUSDT,-0.00005531,7.29800000,7.29800000
2025-06-15T08:00:00Z,UNIUSDT,0.00006299,7.21557162,7.21557162
2025-06-15T16:00:00Z,UNIUSDT,-0.00003130,7.14000000,7.14000000
2025-06-16T00:00:00Z,UNIUSDT,0.00004717,7.17732117,7.17732117
2025-06-16T08:00:00Z,UNIUSDT,0.00002449,7.63500000,7.63500000
2025-06-16T16:00:00Z,UNIUSDT,0.00010000,7.83400000,7.83400000
2025-06-17T00:00:00Z,UNIUSDT,0.00010000,7.44100000,7.44100000
2025-06-17T08:00:00Z,UNIUSDT,0.00010000,7.63528739,7.63528739
2025-06-17T16:00:00Z,UNIUSDT,0.00003087,7.31700000,7.31700000
2025-06-18T00:00:00Z,UNIUSDT,0.00010000,7.43300000,7.43300000
2025-06-18T08:00:00Z,UNIUSDT,-0.00001021,7.47010495,7.47010495
2025-06-18T16:00:00Z,UNIUSDT,0.00005754,7.48400000,7.48400000
2025-06-19T00:00:00Z,UNIUSDT,0.00010000,7.58300000,7.58300000
2025-06-19T08:00:00Z,UNIUSDT,0.00008060,7.73377477,7.73377477
2025-06-19T16:00:00Z,UNIUSDT,0.00005780,7.51100000,7.51100000
2025-06-20T00:00:00Z,UNIUSDT,0.00000626,7.67621734,7.67621734
2025-06-20T08:00:00Z,UNIUSDT,-0.00000146,7.82262162,7.82262162
2025-06-20T16:00:00Z,UNIUSDT,0.00006998,7.52600000,7.52600000
2025-06-21T00:00:00Z,UNIUSDT,-0.00028812,7.06300000,7.06300000
2025-06-21T08:00:00Z,UNIUSDT,-0.00008612,6.94400000,6.94400000
2025-06-21T16:00:00Z,UNIUSDT,0.00002838,6.80993514,6.80993514
2025-06-22T00:00:00Z,UNIUSDT,0.00010000,6.46000000,6.46000000
2025-06-22T08:00:00Z,UNIUSDT,-0.00006624,6.42300000,6.42300000
2025-06-22T16:00:00Z,UNIUSDT,0.00010000,6.19100000,6.19100000
2025-06-23T00:00:00Z,UNIUSDT,-0.00012286,6.25451532,6.25451532
2025-06-23T08:00:00Z,UNIUSDT,-0.00004944,6.34049865,6.34049865
2025-06-23T16:00:00Z,UNIUSDT,-0.00004577,6.16900000,6.16900000
2025-06-24T00:00:00Z,UNIUSDT,0.00010000,6.79300000,6.79300000
2025-06-24T08:00:00Z,UNIUSDT,0.00010000,6.87700180,6.87700180
2025-06-24T16:00:00Z,UNIUSDT,0.00010000,6.96300000,6.96300000
2025-06-25T00:00:00Z,UNIUSDT,0.00008183,7.05743468,7.05743468
2025-06-25T08:00:00Z,UNIUSDT,0.00010000,7.24500000,7.24500000
2025-06-25T16:00:00Z,UNIUSDT,0.00010000,6.88983649,6.88983649
2025-06-26T00:00:00Z,UNIUSDT,0.00010000,6.97000000,6.97000000
2025-06-26T08:00:00Z,UNIUSDT,0.00006871,7.19500000,7.19500000
2025-06-26T16:00:00Z,UNIUSDT,0.00004277,6.84575737,6.84575737
2025-06-27T00:00:00Z,UNIUSDT,0.00005242,6.80400000,6.80400000
2025-06-27T08:00:00Z,UNIUSDT,0.00010000,6.86803504,6.86803504
2025-06-27T16:00:00Z,UNIUSDT,0.00005032,6.92439865,6.92439865
2025-06-28T00:00:00Z,UNIUSDT,0.00009226,6.90600000,6.90600000
2025-06-28T08:00:00Z,UNIUSDT,0.00005658,6.95043694,6.95043694
2025-06-28T16:00:00Z,UNIUSDT,0.00010000,7.06700000,7.06700000
2025-06-29T00:00:00Z,UNIUSDT,0.00010000,7.12400000,7.12400000
2025-06-29T08:00:00Z,UNIUSDT,-0.00006793,7.03800000,7.03800000
2025-06-29T16:00:00Z,UNIUSDT,0.00010000,7.13000000,7.13000000
2025-06-30T00:00:00Z,UNIUSDT,0.00010000,7.39175766,7.39175766
2025-06-30T08:00:00Z,UNIUSDT,0.00010000,7.29100000,7.29100000
2025-06-30T16:00:00Z,UNIUSDT,0.00010000,7.19716847,7.19716847
2025-07-01T00:00:00Z,UNIUSDT,0.00010000,7.12555270,7.12555270
2025-07-01T08:00:00Z,UNIUSDT,0.00006148,7.11332318,7.11332318
2025-07-01T16:00:00Z,UNIUSDT,0.00007321,6.93200000,6.93200000
2025-07-02T00:00:00Z,UNIUSDT,-0.00007824,6.58705631,6.58705631
2025-07-02T08:00:00Z,UNIUSDT,0.00010000,7.00100000,7.00100000
2025-07-02T16:00:00Z,UNIUSDT,0.00010000,7.30056757,7.30056757
2025-07-03T00:00:00Z,UNIUSDT,0.00010000,7.34707568,7.34707568
2025-07-03T08:00:00Z,UNIUSDT,0.00010000,7.69700000,7.69700000
2025-07-03T16:00:00Z,UNIUSDT,0.00010000,7.59500000,7.59500000
2025-07-04T00:00:00Z,UNIUSDT,0.00010000,7.46672162,7.46672162
2025-07-04T08:00:00Z,UNIUSDT,0.00010000,7.29400000,7.29400000
2025-07-04T16:00:00Z,UNIUSDT,-0.00004377,6.90000766,6.90000766
2025-07-05T00:00:00Z,UNIUSDT,-0.00014692,6.92717658,6.92717658
2025-07-05T08:00:00Z,UNIUSDT,0.00001298,7.00081261,7.00081261
2025-07-05T16:00:00Z,UNIUSDT,0.00002758,6.90700000,6.90700000
2025-07-06T00:00:00Z,UNIUSDT,0.00010000,7.32929730,7.32929730
2025-07-06T08:00:00Z,UNIUSDT,0.00010000,7.25700000,7.25700000
2025-07-06T16:00:00Z,UNIUSDT,0.00010000,7.39000000,7.39000000
2025-07-07T00:00:00Z,UNIUSDT,0.00010000,7.41900000,7.41900000
2025-07-07T08:00:00Z,UNIUSDT,0.00010000,7.41400000,7.41400000
2025-07-07T16:00:00Z,UNIUSDT,0.00010000,7.33600000,7.33600000
2025-07-08T00:00:00Z,UNIUSDT,0.00010000,7.38711428,7.38711428
2025-07-08T08:00:00Z,UNIUSDT,0.00010000,7.42680000,7.42680000
2025-07-08T16:00:00Z,UNIUSDT,0.00010000,7.57500000,7.57500000
2025-07-09T00:00:00Z,UNIUSDT,0.00010000,7.65700000,7.65700000
2025-07-09T08:00:00Z,UNIUSDT,0.00009764,7.75700000,7.75700000
2025-07-09T16:00:00Z,UNIUSDT,0.00010000,8.15387748,8.15387748
2025-07-10T00:00:00Z,UNIUSDT,0.00010000,8.29645946,8.29645946
2025-07-10T08:00:00Z,UNIUSDT,0.00010000,8.38119550,8.38119550
2025-07-10T16:00:00Z,UNIUSDT,0.00010000,8.05700000,8.05700000
2025-07-11T00:00:00Z,UNIUSDT,0.00010000,8.46300000,8.46300000
2025-07-11T08:00:00Z,UNIUSDT,0.00010000,8.62419797,8.62419797
2025-07-11T16:00:00Z,UNIUSDT,0.00010000,8.73694685,8.73694685
2025-07-12T00:00:00Z,UNIUSDT,0.00010000,8.69300000,8.69300000
2025-07-12T08:00:00Z,UNIUSDT,0.00010000,8.56399414,8.56399414
2025-07-12T16:00:00Z,UNIUSDT,0.00010000,8.23100000,8.23100000
2025-07-13T00:00:00Z,UNIUSDT,0.00010000,8.38900000,8.38900000
2025-07-13T08:00:00Z,UNIUSDT,0.00002775,8.49900000,8.49900000
2025-07-13T16:00:00Z,UNIUSDT,0.00009924,8.58782704,8.58782704
2025-07-14T00:00:00Z,UNIUSDT,0.00009931,8.50900000,8.50900000
2025-07-14T08:00:00Z,UNIUSDT,0.00010000,9.39254595,9.39254595
2025-07-14T16:00:00Z,UNIUSDT,0.00010000,9.27894595,9.27894595
2025-07-15T00:00:00Z,UNIUSDT,0.00010000,9.12700000,9.12700000
2025-07-15T08:00:00Z,UNIUSDT,0.00010000,9.04500000,9.04500000
2025-07-15T16:00:00Z,UNIUSDT,0.00010000,9.13400000,9.13400000
2025-07-16T00:00:00Z,UNIUSDT,0.00010000,9.34800000,9.34800000
2025-07-16T08:00:00Z,UNIUSDT,0.00010000,9.25800000,9.25800000
2025-07-16T16:00:00Z,UNIUSDT,0.00010000,9.01500000,9.01500000
2025-07-17T00:00:00Z,UNIUSDT,0.00006843,8.89445856,8.89445856
2025-07-17T08:00:00Z,UNIUSDT,0.00002296,8.99900000,8.99900000
2025-07-17T16:00:00Z,UNIUSDT,0.00010000,8.88400000,8.88400000
2025-07-18T00:00:00Z,UNIUSDT,0.00010000,8.93013514,8.93013514
2025-07-18T08:00:00Z,UNIUSDT,0.00031086,10.51725180,10.51725180
2025-07-18T16:00:00Z,UNIUSDT,0.00010419,10.29500000,10.29500000
2025-07-19T00:00:00Z,UNIUSDT,0.00010000,10.13284324,10.13284324
2025-07-19T08:00:00Z,UNIUSDT,0.00010000,10.23500631,10.23500631
2025-07-19T16:00:00Z,UNIUSDT,0.00010000,10.08800000,10.08800000
2025-07-20T00:00:00Z,UNIUSDT,0.00010000,10.17105045,10.17105045
2025-07-20T08:00:00Z,UNIUSDT,0.00010000,10.50732973,10.50732973
2025-07-20T16:00:00Z,UNIUSDT,0.00010000,10.78852523,10.78852523
2025-07-21T00:00:00Z,UNIUSDT,0.00010000,10.65832432,10.65832432
2025-07-21T08:00:00Z,UNIUSDT,0.00010000,10.55670270,10.55670270
2025-07-21T16:00:00Z,UNIUSDT,0.00010000,11.10493468,11.10493468
2025-07-22T00:00:00Z,UNIUSDT,0.00010000,10.83200000,10.83200000
2025-07-22T08:00:00Z,UNIUSDT,0.00010000,10.35295901,10.35295901
2025-07-22T16:00:00Z,UNIUSDT,0.00010000,10.53341126,10.53341126
2025-07-23T00:00:00Z,UNIUSDT,0.00010000,10.77962477,10.77962477
2025-07-23T08:00:00Z,UNIUSDT,0.00010000,10.51403288,10.51403288
2025-07-23T16:00:00Z,UNIUSDT,0.00010000,10.16913514,10.16913514
2025-07-24T00:00:00Z,UNIUSDT,0.00010000,10.17450225,10.17450225
2025-07-24T08:00:00Z,UNIUSDT,0.00010000,9.98602703,9.98602703
2025-07-24T16:00:00Z,UNIUSDT,0.00010000,10.35842432,10.35842432
2025-07-25T00:00:00Z,UNIUSDT,0.00010000,10.11800000,10.11800000
2025-07-25T08:00:00Z,UNIUSDT,0.00010000,9.98900000,9.98900000
2025-07-25T16:00:00Z,UNIUSDT,0.00010000,10.08600000,10.08600000
2025-07-26T00:00:00Z,UNIUSDT,0.00010000,10.42737838,10.42737838
2025-07-26T08:00:00Z,UNIUSDT,0.00010000,10.41327613,10.41327613
2025-07-26T16:00:00Z,UNIUSDT,0.00010000,10.44785856,10.44785856
2025-07-27T00:00:00Z,UNIUSDT,0.00010000,10.56000000,10.56000000
2025-07-27T08:00:00Z,UNIUSDT,0.00010000,10.56900000,10.56900000
2025-07-27T16:00:00Z,UNIUSDT,0.00010000,10.74630811,10.74630811
2025-07-28T00:00:00Z,UNIUSDT,0.00010000,10.98389189,10.98389189
2025-07-28T08:00:00Z,UNIUSDT,0.00010000,11.05200000,11.05200000
2025-07-28T16:00:00Z,UNIUSDT,0.00010000,10.58034279,10.58034279
2025-07-29T00:00:00Z,UNIUSDT,0.00010000,10.46100000,10.46100000
2025-07-29T08:00:00Z,UNIUSDT,0.00010000,10.62977943,10.62977943
2025-07-29T16:00:00Z,UNIUSDT,0.00010000,10.15435000,10.15435000
2025-07-30T00:00:00Z,UNIUSDT,0.00010000,10.30240586,10.30240586
2025-07-30T08:00:00Z,UNIUSDT,0.00010000,10.29100000,10.29100000
2025-07-30T16:00:00Z,UNIUSDT,0.00007896,10.05600000,10.05600000
2025-07-31T00:00:00Z,UNIUSDT,0.00010000,10.00521622,10.00521622
2025-07-31T08:00:00Z,UNIUSDT,0.00010000,10.13200000,10.13200000
2025-07-31T16:00:00Z,UNIUSDT,0.00004053,9.65728169,9.65728169
2025-08-01T00:00:00Z,UNIUSDT,0.00010000,9.34131577,9.34131577
2025-08-01T08:00:00Z,UNIUSDT,0.00010000,9.22748784,9.22748784
2025-08-01T16:00:00Z,UNIUSDT,0.00010000,9.06644640,9.06644640
2025-08-02T00:00:00Z,UNIUSDT,0.00010000,9.03412928,9.03412928
2025-08-02T08:00:00Z,UNIUSDT,0.00005471,9.07043649,9.07043649
2025-08-02T16:00:00Z,UNIUSDT,0.00009163,8.93400000,8.93400000
2025-08-03T00:00:00Z,UNIUSDT,0.00010000,8.75600000,8.75600000
2025-08-03T08:00:00Z,UNIUSDT,0.00003983,8.99334640,8.99334640
2025-08-03T16:00:00Z,UNIUSDT,0.00010000,9.13762658,9.13762658
2025-08-04T00:00:00Z,UNIUSDT,-0.00001604,9.14500000,9.14500000
2025-08-04T08:00:00Z,UNIUSDT,0.00010000,9.31704685,9.31704685
2025-08-04T16:00:00Z,UNIUSDT,0.00010000,9.98500000,9.98500000
2025-08-05T00:00:00Z,UNIUSDT,0.00010000,9.96079640,9.96079640
2025-08-05T08:00:00Z,UNIUSDT,0.00010000,9.70800000,9.70800000
2025-08-05T16:00:00Z,UNIUSDT,0.00010000,9.49205931,9.49205931
2025-08-06T00:00:00Z,UNIUSDT,0.00003916,9.57573153,9.57573153
2025-08-06T08:00:00Z,UNIUSDT,0.00010000,9.65900000,9.65900000
2025-08-06T16:00:00Z,UNIUSDT,0.00010000,9.72156471,9.72156471
2025-08-07T00:00:00Z,UNIUSDT,0.00004288,9.69177353,9.69177353
2025-08-07T08:00:00Z,UNIUSDT,0.00010000,9.78600000,9.78600000
2025-08-07T16:00:00Z,UNIUSDT,0.00010000,10.10400000,10.10400000
2025-08-08T00:00:00Z,UNIUSDT,0.00010000,10.42362083,10.42362083
2025-08-08T08:00:00Z,UNIUSDT,0.00010000,10.60200000,10.60200000
2025-08-08T16:00:00Z,UNIUSDT,0.00010000,10.60725591,10.60725591
2025-08-09T00:00:00Z,UNIUSDT,0.00010000,10.85941935,10.85941935
2025-08-09T08:00:00Z,UNIUSDT,0.00010000,11.18800000,11.18800000
2025-08-09T16:00:00Z,UNIUSDT,0.00010000,10.86112903,10.86112903
2025-08-10T00:00:00Z,UNIUSDT,0.00010000,10.97637204,10.97637204
2025-08-10T08:00:00Z,UNIUSDT,0.00010000,10.63383871,10.63383871
2025-08-10T16:00:00Z,UNIUSDT,0.00010000,11.06079946,11.06079946
2025-08-11T00:00:00Z,UNIUSDT,0.00010000,10.94606022,10.94606022
2025-08-11T08:00:00Z,UNIUSDT,0.00010000,11.03629730,11.03629730
2025-08-11T16:00:00Z,UNIUSDT,0.00010000,10.90700000,10.90700000
2025-08-12T00:00:00Z,UNIUSDT,0.00010000,11.03600000,11.03600000
2025-08-12T08:00:00Z,UNIUSDT,0.00004966,11.22370631,11.22370631
2025-08-12T16:00:00Z,UNIUSDT,0.00010000,11.35570676,11.35570676
2025-08-13T00:00:00Z,UNIUSDT,0.00010000,11.59600000,11.59600000
2025-08-13T08:00:00Z,UNIUSDT,0.00010000,11.99018919,11.99018919
2025-08-13T16:00:00Z,UNIUSDT,0.00010000,11.99016351,11.99016351
2025-08-14T00:00:00Z,UNIUSDT,0.00010000,12.13010811,12.13010811
2025-08-14T08:00:00Z,UNIUSDT,0.00010000,11.61416216,11.61416216
2025-08-14T16:00:00Z,UNIUSDT,0.00010000,10.99209910,10.99209910
2025-08-15T00:00:00Z,UNIUSDT,0.00010000,10.87107523,10.87107523
2025-08-15T08:00:00Z,UNIUSDT,0.00006792,11.03331081,11.03331081
2025-08-15T16:00:00Z,UNIUSDT,0.00010000,10.56186486,10.56186486
2025-08-16T00:00:00Z,UNIUSDT,0.00010000,10.71700000,10.71700000
2025-08-16T08:00:00Z,UNIUSDT,0.00010000,10.99800000,10.99800000
2025-08-16T16:00:00Z,UNIUSDT,0.00010000,10.88776505,10.88776505
2025-08-17T00:00:00Z,UNIUSDT,0.00010000,11.00900000,11.00900000
2025-08-17T08:00:00Z,UNIUSDT,0.00010000,11.12400000,11.12400000
2025-08-17T16:00:00Z,UNIUSDT,0.00010000,11.35445376,11.35445376
2025-08-18T00:00:00Z,UNIUSDT,0.00010000,11.01300000,11.01300000
2025-08-18T08:00:00Z,UNIUSDT,0.00007184,10.27621828,10.27621828
2025-08-18T16:00:00Z,UNIUSDT,0.00004640,10.47660383,10.47660383
2025-08-19T00:00:00Z,UNIUSDT,0.00004982,10.48200000,10.48200000
2025-08-19T08:00:00Z,UNIUSDT,0.00008988,10.29300000,10.29300000
2025-08-19T16:00:00Z,UNIUSDT,0.00004470,10.22200000,10.22200000
2025-08-20T00:00:00Z,UNIUSDT,0.00010000,9.94700000,9.94700000
2025-08-20T08:00:00Z,UNIUSDT,0.00001017,10.18000000,10.18000000
2025-08-20T16:00:00Z,UNIUSDT,0.00002260,10.33400000,10.33400000
2025-08-21T00:00:00Z,UNIUSDT,0.00006660,10.60700000,10.60700000
2025-08-21T08:00:00Z,UNIUSDT,0.00010000,10.53600000,10.53600000
2025-08-21T16:00:00Z,UNIUSDT,0.00008727,10.25700000,10.25700000
2025-08-22T00:00:00Z,UNIUSDT,0.00010000,10.22200000,10.22200000
2025-08-22T08:00:00Z,UNIUSDT,0.00006843,10.43018667,10.43018667
2025-08-22T16:00:00Z,UNIUSDT,0.00006875,11.00791351,11.00791351
2025-08-23T00:00:00Z,UNIUSDT,0.00010000,11.43700000,11.43700000
2025-08-23T08:00:00Z,UNIUSDT,0.00010000,11.17700000,11.17700000
2025-08-23T16:00:00Z,UNIUSDT,0.00010000,11.26051757,11.26051757
2025-08-24T00:00:00Z,UNIUSDT,0.00010000,11.34520090,11.34520090
2025-08-24T08:00:00Z,UNIUSDT,0.00010000,11.06200000,11.06200000
2025-08-24T16:00:00Z,UNIUSDT,0.00010000,11.03900000,11.03900000
2025-08-25T00:00:00Z,UNIUSDT,0.00010000,10.92400000,10.92400000
2025-08-25T08:00:00Z,UNIUSDT,0.00010000,10.33743108,10.33743108
2025-08-25T16:00:00Z,UNIUSDT,0.00009676,10.10477883,10.10477883
2025-08-26T00:00:00Z,UNIUSDT,0.00004551,9.69803604,9.69803604
2025-08-26T08:00:00Z,UNIUSDT,0.00004433,9.7030,9.7030
2025-08-26T16:00:00Z,UNIUSDT,0.00003950,9.9470,9.9470
2025-08-27T00:00:00Z,UNIUSDT,-0.00001127,9.9050,9.9050
2025-08-27T08:00:00Z,UNIUSDT,0.00007809,10.1020,10.1020
2025-08-27T16:00:00Z,UNIUSDT,0.00010000,9.8510,9.8510
2025-08-28T00:00:00Z,UNIUSDT,0.00010000,10.0410,10.0410
2025-08-28T08:00:00Z,UNIUSDT,0.00010000,9.8700,9.8700
2025-08-28T16:00:00Z,UNIUSDT,0.00010000,10.0170,10.0170
2025-08-29T00:00:00Z,UNIUSDT,0.00010000,9.6490,9.6490
2025-08-29T08:00:00Z,UNIUSDT,0.00010000,9.5420,9.5420
2025-08-29T16:00:00Z,UNIUSDT,0.00010000,9.6290,9.6290
2025-08-30T00:00:00Z,UNIUSDT,0.00010000,9.8140,9.8140
2025-08-30T08:00:00Z,UNIUSDT,0.00010000,9.7510,9.7510
2025-08-30T16:00:00Z,UNIUSDT,0.00010000,9.7230,9.7230
2025-08-31T00:00:00Z,UNIUSDT,0.00010000,9.8150,9.8150
2025-08-31T08:00:00Z,UNIUSDT,0.00010000,9.8000,9.8000
2025-08-31T16:00:00Z,UNIUSDT,0.00010000,9.6150,9.6150
2025-09-01T00:00:00Z,UNIUSDT,0.00010000,9.7380,9.7380
2025-09-01T08:00:00Z,UNIUSDT,0.00005872,9.3610,9.3610
2025-09-01T16:00:00Z,UNIUSDT,0.00009948,9.3480,9.3480
2025-09-02T00:00:00Z,UNIUSDT,0.00010000,9.4870,9.4870
2025-09-02T08:00:00Z,UNIUSDT,0.00009048,9.3730,9.3730
2025-09-02T16:00:00Z,UNIUSDT,0.00010000,9.5830,9.5830
2025-09-03T00:00:00Z,UNIUSDT,0.00010000,9.4440,9.4440
2025-09-03T08:00:00Z,UNIUSDT,0.00010000,9.7050,9.7050
2025-09-03T16:00:00Z,UNIUSDT,0.00010000,9.6770,9.6770
2025-09-04T00:00:00Z,UNIUSDT,0.00010000,9.4460,9.4460
2025-09-04T08:00:00Z,UNIUSDT,0.00010000,9.2250,9.2250
2025-09-04T16:00:00Z,UNIUSDT,0.00003463,9.2840,9.2840
2025-09-05T00:00:00Z,UNIUSDT,0.00002991,9.5850,9.5850
2025-09-05T08:00:00Z,UNIUSDT,0.00006557,9.3580,9.3580
2025-09-05T16:00:00Z,UNIUSDT,0.00010000,9.3920,9.3920
2025-09-06T00:00:00Z,UNIUSDT,0.00010000,9.3160,9.3160
2025-09-06T08:00:00Z,UNIUSDT,0.00010000,9.2630,9.2630
2025-09-06T16:00:00Z,UNIUSDT,0.00010000,9.3300,9.3300
2025-09-07T00:00:00Z,UNIUSDT,0.00010000,9.3540,9.3540
2025-09-07T08:00:00Z,UNIUSDT,0.00010000,9.3690,9.3690
2025-09-07T16:00:00Z,UNIUSDT,0.00010000,9.3940,9.3940
2025-09-08T00:00:00Z,UNIUSDT,0.00010000,9.4010,9.4010
2025-09-08T08:00:00Z,UNIUSDT,0.00010000,9.7340,9.7340
2025-09-08T16:00:00Z,UNIUSDT,0.00010000,9.5510,9.5510
2025-09-09T00:00:00Z,UNIUSDT,0.00010000,9.7380,9.7380
2025-09-09T08:00:00Z,UNIUSDT,0.00010000,9.4560,9.4560
2025-09-09T16:00:00Z,UNIUSDT,0.00010000,9.5350,9.5350
2025-09-10T00:00:00Z,UNIUSDT,0.00000447,9.6430,9.6430
2025-09-10T08:00:00Z,UNIUSDT,0.00010000,9.7500,9.7500
2025-09-10T16:00:00Z,UNIUSDT,0.00010000,9.7360,9.7360
2025-09-11T00:00:00Z,UNIUSDT,0.00010000,9.9160,9.9160
2025-09-11T08:00:00Z,UNIUSDT,0.00010000,9.7490,9.7490
2025-09-11T16:00:00Z,UNIUSDT,0.00010000,9.9820,9.9820
2025-09-12T00:00:00Z,UNIUSDT,0.00010000,10.0630,10.0630
2025-09-12T08:00:00Z,UNIUSDT,0.00010000,10.0200,10.0200
2025-09-12T16:00:00Z,UNIUSDT,0.00003940,10.1760,10.1760
2025-09-13T00:00:00Z,UNIUSDT,0.00010000,10.1490,10.1490
2025-09-13T08:00:00Z,UNIUSDT,0.00004208,10.1100,10.1100
2025-09-13T16:00:00Z,UNIUSDT,0.00010000,10.1160,10.1160
2025-09-14T00:00:00Z,UNIUSDT,0.00010000,9.6860,9.6860
2025-09-14T08:00:00Z,UNIUSDT,-0.00000763,9.3840,9.3840
2025-09-14T16:00:00Z,UNIUSDT,-0.00002636,9.4090,9.4090
2025-09-15T00:00:00Z,UNIUSDT,0.00002861,9.2620,9.2620
2025-09-15T08:00:00Z,UNIUSDT,-0.00003413,9.1220,9.1220
2025-09-15T16:00:00Z,UNIUSDT,-0.00000432,9.1580,9.1580
2025-09-16T00:00:00Z,UNIUSDT,0.00005513,9.1670,9.1670
2025-09-16T08:00:00Z,UNIUSDT,0.00004996,9.2340,9.2340
2025-09-16T16:00:00Z,UNIUSDT,0.00008067,9.3150,9.3150
2025-09-17T00:00:00Z,UNIUSDT,0.00001538,9.3480,9.3480
2025-09-17T08:00:00Z,UNIUSDT,0.00006263,9.2020,9.2020
2025-09-17T16:00:00Z,UNIUSDT,0.00004299,9.5470,9.5470
2025-09-18T00:00:00Z,UNIUSDT,0.00010000,9.5100,9.5100
2025-09-18T08:00:00Z,UNIUSDT,0.00010000,9.5340,9.5340
2025-09-18T16:00:00Z,UNIUSDT,0.00010000,9.6020,9.6020
2025-09-19T00:00:00Z,UNIUSDT,0.00010000,9.3600,9.3600
2025-09-19T08:00:00Z,UNIUSDT,0.00010000,9.1770,9.1770
2025-09-19T16:00:00Z,UNIUSDT,0.00003335,9.1570,9.1570
2025-09-20T00:00:00Z,UNIUSDT,-0.00002724,9.2260,9.2260
2025-09-20T08:00:00Z,UNIUSDT,0.00007101,9.2310,9.2310
2025-09-20T16:00:00Z,UNIUSDT,0.00003711,9.1790,9.1790
2025-09-21T00:00:00Z,UNIUSDT,0.00007918,9.1690,9.1690
2025-09-21T08:00:00Z,UNIUSDT,0.00010000,9.0910,9.0910
2025-09-21T16:00:00Z,UNIUSDT,0.00001118,9.0390,9.0390
2025-09-22T00:00:00Z,UNIUSDT,0.00000479,8.1650,8.1650
2025-09-22T08:00:00Z,UNIUSDT,-0.00001818,8.0700,8.0700
2025-09-22T16:00:00Z,UNIUSDT,0.00002734,8.2260,8.2260
2025-09-23T00:00:00Z,UNIUSDT,-0.00003110,8.1560,8.1560
2025-09-23T08:00:00Z,UNIUSDT,6.0E-7,8.1400,8.1400
2025-09-23T16:00:00Z,UNIUSDT,-0.00001643,8.0550,8.0550
2025-09-24T00:00:00Z,UNIUSDT,0.00004091,8.1190,8.1190
2025-09-24T08:00:00Z,UNIUSDT,0.00008723,8.0910,8.0910
2025-09-24T16:00:00Z,UNIUSDT,-0.00001561,7.8960,7.8960
2025-09-25T00:00:00Z,UNIUSDT,-0.00001597,7.7270,7.7270
2025-09-25T08:00:00Z,UNIUSDT,0.00002521,7.6780,7.6780
2025-09-25T16:00:00Z,UNIUSDT,0.00008941,7.4510,7.4510
2025-09-26T00:00:00Z,UNIUSDT,-0.00002897,7.4500,7.4500
2025-09-26T08:00:00Z,UNIUSDT,0.00004040,7.4560,7.4560
2025-09-26T16:00:00Z,UNIUSDT,5.1E-7,7.6170,7.6170
2025-09-27T00:00:00Z,UNIUSDT,0.00010000,7.5260,7.5260
2025-09-27T08:00:00Z,UNIUSDT,0.00010000,7.5940,7.5940
2025-09-27T16:00:00Z,UNIUSDT,0.00010000,7.6140,7.6140
2025-09-28T00:00:00Z,UNIUSDT,0.00010000,7.5190,7.5190
2025-09-28T08:00:00Z,UNIUSDT,0.00006481,7.5390,7.5390
2025-09-28T16:00:00Z,UNIUSDT,0.00007957,7.7460,7.7460
2025-09-29T00:00:00Z,UNIUSDT,0.00005967,7.6690,7.6690
2025-09-29T08:00:00Z,UNIUSDT,0.00004812,7.6870,7.6870
2025-09-29T16:00:00Z,UNIUSDT,0.00004661,7.7400,7.7400
2025-09-30T00:00:00Z,UNIUSDT,0.00009572,7.5950,7.5950
2025-09-30T08:00:00Z,UNIUSDT,0.00009047,7.4800,7.4800
2025-09-30T16:00:00Z,UNIUSDT,0.00000352,7.6370,7.6370
2025-10-01T00:00:00Z,UNIUSDT,0.00010000,7.5810,7.5810
2025-10-01T08:00:00Z,UNIUSDT,0.00010000,7.9750,7.9750
2025-10-01T16:00:00Z,UNIUSDT,0.00002263,8.0680,8.0680
2025-10-02T00:00:00Z,UNIUSDT,0.00009321,8.1560,8.1560
2025-10-02T08:00:00Z,UNIUSDT,0.00010000,8.1640,8.1640
2025-10-02T16:00:00Z,UNIUSDT,0.00010000,8.3470,8.3470
2025-10-03T00:00:00Z,UNIUSDT,0.00010000,8.2120,8.2120
2025-10-03T08:00:00Z,UNIUSDT,0.00010000,8.3630,8.3630
2025-10-03T16:00:00Z,UNIUSDT,0.00010000,8.1700,8.1700
2025-10-04T00:00:00Z,UNIUSDT,0.00010000,8.0650,8.0650
2025-10-04T08:00:00Z,UNIUSDT,0.00004938,7.9310,7.9310
2025-10-04T16:00:00Z,UNIUSDT,0.00006261,8.0190,8.0190
2025-10-05T00:00:00Z,UNIUSDT,0.00002884,8.3940,8.3940
2025-10-05T08:00:00Z,UNIUSDT,0.00010000,8.2060,8.2060
2025-10-05T16:00:00Z,UNIUSDT,0.00010000,8.0540,8.0540
2025-10-06T00:00:00Z,UNIUSDT,0.00003267,8.1990,8.1990
2025-10-06T08:00:00Z,UNIUSDT,0.00006206,8.3680,8.3680
2025-10-06T16:00:00Z,UNIUSDT,0.00010000,8.3420,8.3420
2025-10-07T00:00:00Z,UNIUSDT,0.00010000,8.0950,8.0950
2025-10-07T08:00:00Z,UNIUSDT,0.00010000,7.8140,7.8140
2025-10-07T16:00:00Z,UNIUSDT,0.00005109,7.7610,7.7610
2025-10-08T00:00:00Z,UNIUSDT,-0.00004020,7.7760,7.7760
2025-10-08T08:00:00Z,UNIUSDT,0.00003785,7.8840,7.8840
2025-10-08T16:00:00Z,UNIUSDT,0.00010000,8.0690,8.0690
2025-10-09T00:00:00Z,UNIUSDT,0.00010000,7.8350,7.8350
2025-10-09T08:00:00Z,UNIUSDT,0.00010000,7.7370,7.7370
2025-10-09T16:00:00Z,UNIUSDT,0.00005279,7.8510,7.8510
2025-10-10T00:00:00Z,UNIUSDT,0.00010000,8.1530,8.1530
2025-10-10T08:00:00Z,UNIUSDT,0.00010000,7.7510,7.7510
2025-10-10T16:00:00Z,UNIUSDT,0.00010000,5.7740,5.7740
2025-10-11T00:00:00Z,UNIUSDT,0.00010000,5.8780,5.8780
2025-10-11T08:00:00Z,UNIUSDT,0.00002858,6.0760,6.0760
2025-10-11T16:00:00Z,UNIUSDT,-0.00002576,5.8500,5.8500
2025-10-12T00:00:00Z,UNIUSDT,0.00001863,6.1400,6.1400
2025-10-12T08:00:00Z,UNIUSDT,0.00006267,6.4740,6.4740
2025-10-12T16:00:00Z,UNIUSDT,0.00006675,6.6160,6.6160
2025-10-13T00:00:00Z,UNIUSDT,0.00010000,6.7160,6.7160
2025-10-13T08:00:00Z,UNIUSDT,0.00008094,6.7510,6.7510
2025-10-13T16:00:00Z,UNIUSDT,0.00006085,7.0480,7.0480
2025-10-14T00:00:00Z,UNIUSDT,0.00005859,6.5290,6.5290
2025-10-14T08:00:00Z,UNIUSDT,0.00004783,6.7600,6.7600
2025-10-14T16:00:00Z,UNIUSDT,0.00002888,6.8160,6.8160
2025-10-15T00:00:00Z,UNIUSDT,0.00007651,6.8450,6.8450
2025-10-15T08:00:00Z,UNIUSDT,-0.00001590,6.5360,6.5360
2025-10-15T16:00:00Z,UNIUSDT,0.00010000,6.5660,6.5660
2025-10-16T00:00:00Z,UNIUSDT,0.00007739,6.5840,6.5840
2025-10-16T08:00:00Z,UNIUSDT,-0.00001765,6.3470,6.3470
2025-10-16T16:00:00Z,UNIUSDT,0.00006388,6.2760,6.2760
2025-10-17T00:00:00Z,UNIUSDT,0.00007847,5.9550,5.9550
2025-10-17T08:00:00Z,UNIUSDT,0.00000524,6.1680,6.1680
2025-10-17T16:00:00Z,UNIUSDT,0.00006346,6.1310,6.1310
2025-10-18T00:00:00Z,UNIUSDT,0.00001703,6.0740,6.0740
2025-10-18T08:00:00Z,UNIUSDT,0.00004355,5.9490,5.9490
2025-10-18T16:00:00Z,UNIUSDT,0.00005057,6.0200,6.0200
2025-10-19T00:00:00Z,UNIUSDT,0.00004678,6.0060,6.0060
2025-10-19T08:00:00Z,UNIUSDT,0.00003518,6.2800,6.2800
2025-10-19T16:00:00Z,UNIUSDT,0.00002404,6.2570,6.2570
2025-10-20T00:00:00Z,UNIUSDT,0.00002042,6.4650,6.4650
2025-10-20T08:00:00Z,UNIUSDT,0.00004475,6.3660,6.3660
2025-10-20T16:00:00Z,UNIUSDT,0.00002234,6.3330,6.3330
2025-10-21T00:00:00Z,UNIUSDT,0.00007096,6.2020,6.2020
2025-10-21T08:00:00Z,UNIUSDT,0.00005220,6.5880,6.5880
2025-10-21T16:00:00Z,UNIUSDT,0.00008063,6.2500,6.2500
2025-10-22T00:00:00Z,UNIUSDT,0.00010000,6.1920,6.1920
2025-10-22T08:00:00Z,UNIUSDT,-0.00001708,6.1410,6.1410
2025-10-22T16:00:00Z,UNIUSDT,0.00005552,6.0340,6.0340
2025-10-23T00:00:00Z,UNIUSDT,0.00006907,6.1730,6.1730
2025-10-23T08:00:00Z,UNIUSDT,0.00000754,6.2580,6.2580
2025-10-23T16:00:00Z,UNIUSDT,0.00010000,6.3120,6.3120
2025-10-24T00:00:00Z,UNIUSDT,0.00009856,6.3550,6.3550
2025-10-24T08:00:00Z,UNIUSDT,0.00010000,6.1940,6.1940
2025-10-24T16:00:00Z,UNIUSDT,0.00010000,6.2410,6.2410
2025-10-25T00:00:00Z,UNIUSDT,0.00007924,6.1830,6.1830
2025-10-25T08:00:00Z,UNIUSDT,0.00005961,6.1850,6.1850
2025-10-25T16:00:00Z,UNIUSDT,0.00004160,6.2400,6.2400
2025-10-26T00:00:00Z,UNIUSDT,0.00002192,6.2200,6.2200
2025-10-26T08:00:00Z,UNIUSDT,0.00003884,6.5360,6.5360
2025-10-26T16:00:00Z,UNIUSDT,0.00008649,6.6610,6.6610
2025-10-27T00:00:00Z,UNIUSDT,0.00010000,6.7240,6.7240
2025-10-27T08:00:00Z,UNIUSDT,0.00010000,6.5700,6.5700
2025-10-27T16:00:00Z,UNIUSDT,0.00001602,6.5090,6.5090
2025-10-28T00:00:00Z,UNIUSDT,0.00010000,6.5290,6.5290
2025-10-28T08:00:00Z,UNIUSDT,0.00005783,6.5250,6.5250
2025-10-28T16:00:00Z,UNIUSDT,0.00002094,6.3350,6.3350
2025-10-29T00:00:00Z,UNIUSDT,-0.00001109,6.3440,6.3440
2025-10-29T08:00:00Z,UNIUSDT,-0.00000426,6.2230,6.2230
2025-10-29T16:00:00Z,UNIUSDT,0.00006303,6.2910,6.2910
2025-10-30T00:00:00Z,UNIUSDT,0.00009689,6.1170,6.1170
2025-10-30T08:00:00Z,UNIUSDT,-0.00022050,5.8070,5.8070
2025-10-30T16:00:00Z,UNIUSDT,-0.00009258,5.8410,5.8410
2025-10-31T00:00:00Z,UNIUSDT,-0.00018495,5.8790,5.8790
2025-10-31T08:00:00Z,UNIUSDT,-0.00007627,5.7340,5.7340
2025-10-31T16:00:00Z,UNIUSDT,0.00002697,5.7400,5.7400
2025-11-01T00:00:00Z,UNIUSDT,-0.00003334,5.8010,5.8010
2025-11-01T08:00:00Z,UNIUSDT,-0.00000309,5.8530,5.8530
2025-11-01T16:00:00Z,UNIUSDT,0.00008240,5.8610,5.8610
2025-11-02T00:00:00Z,UNIUSDT,-0.00003285,5.9100,5.9100
2025-11-02T08:00:00Z,UNIUSDT,0.00003725,5.7530,5.7530
2025-11-02T16:00:00Z,UNIUSDT,0.00006571,5.8560,5.8560
2025-11-03T00:00:00Z,UNIUSDT,0.00007324,5.3400,5.3400
2025-11-03T08:00:00Z,UNIUSDT,0.00007967,5.1310,5.1310
2025-11-03T16:00:00Z,UNIUSDT,-0.00004182,5.1950,5.1950
2025-11-04T00:00:00Z,UNIUSDT,0.00001914,5.0580,5.0580
2025-11-04T08:00:00Z,UNIUSDT,0.00003306,5.1490,5.1490
2025-11-04T16:00:00Z,UNIUSDT,0.00006267,5.0700,5.0700
2025-11-05T00:00:00Z,UNIUSDT,0.00007729,5.2180,5.2180
2025-11-05T08:00:00Z,UNIUSDT,0.00008754,5.3680,5.3680
2025-11-05T16:00:00Z,UNIUSDT,-0.00002528,5.3440,5.3440
2025-11-06T00:00:00Z,UNIUSDT,0.00002396,5.2430,5.2430
2025-11-06T08:00:00Z,UNIUSDT,0.00007907,5.1960,5.1960
2025-11-06T16:00:00Z,UNIUSDT,0.00007715,5.2520,5.2520
2025-11-07T00:00:00Z,UNIUSDT,0.00009054,5.4670,5.4670
2025-11-07T08:00:00Z,UNIUSDT,0.00002152,5.5680,5.5680
2025-11-07T16:00:00Z,UNIUSDT,0.00006557,5.8710,5.8710
2025-11-08T00:00:00Z,UNIUSDT,0.00010000,5.9910,5.9910
2025-11-08T08:00:00Z,UNIUSDT,0.00006489,5.9870,5.9870
2025-11-08T16:00:00Z,UNIUSDT,0.00005778,6.0060,6.0060
2025-11-09T00:00:00Z,UNIUSDT,0.00002304,5.9350,5.9350
2025-11-09T08:00:00Z,UNIUSDT,0.00006706,6.5140,6.5140
2025-11-09T16:00:00Z,UNIUSDT,0.00005540,6.5700,6.5700
2025-11-10T00:00:00Z,UNIUSDT,0.00006286,6.7390,6.7390
2025-11-10T08:00:00Z,UNIUSDT,0.00004723,6.9660,6.9660
2025-11-10T16:00:00Z,UNIUSDT,0.00008349,9.3400,9.3400
2025-11-11T00:00:00Z,UNIUSDT,0.00010000,8.4470,8.4470
2025-11-11T08:00:00Z,UNIUSDT,0.00001032,8.9840,8.9840
2025-11-11T16:00:00Z,UNIUSDT,0.00003997,8.2450,8.2450
2025-11-12T00:00:00Z,UNIUSDT,0.00010000,8.4050,8.4050
2025-11-12T08:00:00Z,UNIUSDT,0.00004426,7.8150,7.8150
2025-11-12T16:00:00Z,UNIUSDT,0.00000261,7.5630,7.5630
2025-11-13T00:00:00Z,UNIUSDT,0.00010000,7.8650,7.8650
2025-11-13T08:00:00Z,UNIUSDT,-0.00004731,7.9240,7.9240
2025-11-13T16:00:00Z,UNIUSDT,0.00009101,7.7480,7.7480
2025-11-14T00:00:00Z,UNIUSDT,-0.00000219,7.5160,7.5160
2025-11-14T08:00:00Z,UNIUSDT,0.00010000,7.2700,7.2700
2025-11-14T16:00:00Z,UNIUSDT,0.00010000,6.9870,6.9870
2025-11-15T00:00:00Z,UNIUSDT,0.00008089,7.5010,7.5010
2025-11-15T08:00:00Z,UNIUSDT,0.00005772,7.4620,7.4620
2025-11-15T16:00:00Z,UNIUSDT,0.00007166,7.3560,7.3560
2025-11-16T00:00:00Z,UNIUSDT,0.00002236,7.8550,7.8550
2025-11-16T08:00:00Z,UNIUSDT,0.00010000,7.3290,7.3290
2025-11-16T16:00:00Z,UNIUSDT,0.00001503,7.1740,7.1740
2025-11-17T00:00:00Z,UNIUSDT,0.00008976,8.1020,8.1020
2025-11-17T08:00:00Z,UNIUSDT,0.00010000,7.7750,7.7750
2025-11-17T16:00:00Z,UNIUSDT,0.00002030,7.4170,7.4170
2025-11-18T00:00:00Z,UNIUSDT,-0.00000972,7.3730,7.3730
2025-11-18T08:00:00Z,UNIUSDT,0.00001539,7.6110,7.6110
2025-11-18T16:00:00Z,UNIUSDT,0.00010000,7.4950,7.4950
2025-11-19T00:00:00Z,UNIUSDT,0.00010000,7.2910,7.2910
2025-11-19T08:00:00Z,UNIUSDT,-0.00001683,6.8830,6.8830
2025-11-19T16:00:00Z,UNIUSDT,0.00007854,7.2210,7.2210
2025-11-20T00:00:00Z,UNIUSDT,0.00010000,7.3180,7.3180
2025-11-20T08:00:00Z,UNIUSDT,0.00010000,7.0550,7.0550
2025-11-20T16:00:00Z,UNIUSDT,0.00010000,6.5670,6.5670
2025-11-21T00:00:00Z,UNIUSDT,0.00003937,6.2800,6.2800
2025-11-21T08:00:00Z,UNIUSDT,0.00010000,6.2300,6.2300
2025-11-21T16:00:00Z,UNIUSDT,0.00010000,6.4230,6.4230
2025-11-22T00:00:00Z,UNIUSDT,0.00010000,6.3180,6.3180
2025-11-22T08:00:00Z,UNIUSDT,0.00006282,6.0540,6.0540
2025-11-22T16:00:00Z,UNIUSDT,0.00009931,6.1570,6.1570
2025-11-23T00:00:00Z,UNIUSDT,0.00008306,6.1940,6.1940
2025-11-23T08:00:00Z,UNIUSDT,0.00006462,6.2430,6.2430
2025-11-23T16:00:00Z,UNIUSDT,0.00004130,6.1320,6.1320
2025-11-24T00:00:00Z,UNIUSDT,0.00007380,6.2290,6.2290
2025-11-24T08:00:00Z,UNIUSDT,0.00006645,6.1920,6.1920
2025-11-24T16:00:00Z,UNIUSDT,0.00002454,6.2910,6.2910
2025-11-25T00:00:00Z,UNIUSDT,0.00000732,6.1950,6.1950
2025-11-25T08:00:00Z,UNIUSDT,-0.00003092,5.9210,5.9210
2025-11-25T16:00:00Z,UNIUSDT,-0.00003828,6.2310,6.2310
2025-11-26T00:00:00Z,UNIUSDT,0.00010000,6.2280,6.2280
2025-11-26T08:00:00Z,UNIUSDT,0.00010000,6.0390,6.0390
2025-11-26T16:00:00Z,UNIUSDT,0.00002974,6.3000,6.3000
2025-11-27T00:00:00Z,UNIUSDT,0.00010000,6.1970,6.1970
2025-11-27T08:00:00Z,UNIUSDT,-0.00002478,6.1800,6.1800
2025-11-27T16:00:00Z,UNIUSDT,0.00005668,6.1360,6.1360
2025-11-28T00:00:00Z,UNIUSDT,-0.00001122,6.0850,6.0850
2025-11-28T08:00:00Z,UNIUSDT,0.00001770,6.2710,6.2710
2025-11-28T16:00:00Z,UNIUSDT,0.00002307,6.1240,6.1240
2025-11-29T00:00:00Z,UNIUSDT,0.00006246,6.1080,6.1080
2025-11-29T08:00:00Z,UNIUSDT,0.00002267,6.1210,6.1210
2025-11-29T16:00:00Z,UNIUSDT,0.00002652,6.0550,6.0550
2025-11-30T00:00:00Z,UNIUSDT,-0.00001414,6.2170,6.2170
2025-11-30T08:00:00Z,UNIUSDT,0.00004617,6.1290,6.1290
2025-11-30T16:00:00Z,UNIUSDT,-0.00001296,6.0360,6.0360
2025-12-01T00:00:00Z,UNIUSDT,0.00000583,5.5500,5.5500
2025-12-01T08:00:00Z,UNIUSDT,0.00000821,5.5710,5.5710
2025-12-01T16:00:00Z,UNIUSDT,0.00005395,5.5960,5.5960
2025-12-02T00:00:00Z,UNIUSDT,0.00005041,5.4850,5.4850
2025-12-02T08:00:00Z,UNIUSDT,0.00004883,5.9800,5.9800
2025-12-02T16:00:00Z,UNIUSDT,0.00003969,5.9150,5.9150
2025-12-03T00:00:00Z,UNIUSDT,0.00001312,6.0540,6.0540
2025-12-03T08:00:00Z,UNIUSDT,0.00005736,5.9980,5.9980
2025-12-03T16:00:00Z,UNIUSDT,0.00008699,6.1030,6.1030
2025-12-04T00:00:00Z,UNIUSDT,0.00010000,6.0910,6.0910
2025-12-04T08:00:00Z,UNIUSDT,0.00007080,6.0470,6.0470
2025-12-04T16:00:00Z,UNIUSDT,0.00005610,5.9580,5.9580
2025-12-05T00:00:00Z,UNIUSDT,0.00008428,5.9520,5.9520
2025-12-05T08:00:00Z,UNIUSDT,0.00009999,5.7290,5.7290
2025-12-05T16:00:00Z,UNIUSDT,0.00001093,5.4690,5.4690
2025-12-06T00:00:00Z,UNIUSDT,-0.00003282,5.4880,5.4880
2025-12-06T08:00:00Z,UNIUSDT,-0.00008343,5.5250,5.5250
2025-12-06T16:00:00Z,UNIUSDT,-0.00001872,5.5610,5.5610
2025-12-07T00:00:00Z,UNIUSDT,0.00004730,5.5870,5.5870
2025-12-07T08:00:00Z,UNIUSDT,-6.4E-7,5.5190,5.5190
2025-12-07T16:00:00Z,UNIUSDT,0.00004069,5.4580,5.4580
2025-12-08T00:00:00Z,UNIUSDT,0.00000321,5.6640,5.6640
2025-12-08T08:00:00Z,UNIUSDT,0.00003477,5.5950,5.5950
2025-12-08T16:00:00Z,UNIUSDT,0.00001612,5.6140,5.6140
2025-12-09T00:00:00Z,UNIUSDT,0.00001674,5.4740,5.4740
2025-12-09T08:00:00Z,UNIUSDT,0.00007080,5.7210,5.7210
2025-12-09T16:00:00Z,UNIUSDT,0.00006548,5.7440,5.7440
2025-12-10T00:00:00Z,UNIUSDT,0.00010000,5.6100,5.6100
2025-12-10T08:00:00Z,UNIUSDT,-0.00008018,5.5790,5.5790
2025-12-10T16:00:00Z,UNIUSDT,-0.00005126,5.5970,5.5970
2025-12-11T00:00:00Z,UNIUSDT,0.00010000,5.3530,5.3530
2025-12-11T08:00:00Z,UNIUSDT,-0.00010847,5.3440,5.3440
2025-12-11T16:00:00Z,UNIUSDT,-0.00001698,5.5460,5.5460
2025-12-12T00:00:00Z,UNIUSDT,0.00010000,5.5700,5.5700
2025-12-12T08:00:00Z,UNIUSDT,0.00002066,5.2840,5.2840
2025-12-12T16:00:00Z,UNIUSDT,0.00003917,5.4190,5.4190
2025-12-13T00:00:00Z,UNIUSDT,0.00001417,5.4310,5.4310
2025-12-13T08:00:00Z,UNIUSDT,0.00010000,5.4620,5.4620
2025-12-13T16:00:00Z,UNIUSDT,0.00006739,5.4960,5.4960
2025-12-14T00:00:00Z,UNIUSDT,0.00010000,5.4790,5.4790
2025-12-14T08:00:00Z,UNIUSDT,0.00006137,5.3790,5.3790
2025-12-14T16:00:00Z,UNIUSDT,0.00008099,5.3070,5.3070
2025-12-15T00:00:00Z,UNIUSDT,0.00001986,5.3750,5.3750
2025-12-15T08:00:00Z,UNIUSDT,8.1E-7,5.1010,5.1010
2025-12-15T16:00:00Z,UNIUSDT,-0.00004203,5.0760,5.0760
2025-12-16T00:00:00Z,UNIUSDT,-0.00001836,5.0250,5.0250
2025-12-16T08:00:00Z,UNIUSDT,-0.00002795,5.2480,5.2480
2025-12-16T16:00:00Z,UNIUSDT,0.00010000,5.1960,5.1960
2025-12-17T00:00:00Z,UNIUSDT,0.00010000,5.0940,5.0940
2025-12-17T08:00:00Z,UNIUSDT,0.00010000,5.0790,5.0790
2025-12-17T16:00:00Z,UNIUSDT,0.00003039,4.9630,4.9630
2025-12-18T00:00:00Z,UNIUSDT,-0.00001178,4.9280,4.9280
2025-12-18T08:00:00Z,UNIUSDT,-0.00007313,5.2880,5.2880
2025-12-18T16:00:00Z,UNIUSDT,0.00008233,4.9570,4.9570
2025-12-19T00:00:00Z,UNIUSDT,-0.00013917,5.1880,5.1880
2025-12-19T08:00:00Z,UNIUSDT,-0.00006105,5.1890,5.1890
2025-12-19T16:00:00Z,UNIUSDT,0.00010000,5.3160,5.3160
2025-12-20T00:00:00Z,UNIUSDT,0.00010000,5.7300,5.7300
2025-12-20T08:00:00Z,UNIUSDT,0.00005367,6.0490,6.0490
2025-12-20T16:00:00Z,UNIUSDT,0.00010000,6.2600,6.2600
2025-12-21T00:00:00Z,UNIUSDT,0.00010000,6.3160,6.3160
2025-12-21T08:00:00Z,UNIUSDT,0.00010000,6.0860,6.0860
2025-12-21T16:00:00Z,UNIUSDT,0.00003443,6.1130,6.1130
2025-12-22T00:00:00Z,UNIUSDT,0.00004759,6.2430,6.2430
2025-12-22T08:00:00Z,UNIUSDT,0.00003645,6.1490,6.1490
2025-12-22T16:00:00Z,UNIUSDT,0.00007177,6.0170,6.0170
2025-12-23T00:00:00Z,UNIUSDT,0.00006463,6.0430,6.0430
2025-12-23T08:00:00Z,UNIUSDT,0.00008491,5.7330,5.7330
2025-12-23T16:00:00Z,UNIUSDT,0.00004452,5.8060,5.8060
2025-12-24T00:00:00Z,UNIUSDT,-0.00001043,5.5970,5.5970
2025-12-24T08:00:00Z,UNIUSDT,0.00010000,5.7600,5.7600
2025-12-24T16:00:00Z,UNIUSDT,0.00004424,5.7750,5.7750
2025-12-25T00:00:00Z,UNIUSDT,0.00010000,5.7850,5.7850
2025-12-25T08:00:00Z,UNIUSDT,0.00005400,5.9000,5.9000
2025-12-25T16:00:00Z,UNIUSDT,0.00006068,5.8100,5.8100
2025-12-26T00:00:00Z,UNIUSDT,0.00001937,5.8940,5.8940
2025-12-26T08:00:00Z,UNIUSDT,0.00006648,5.8070,5.8070
2025-12-26T16:00:00Z,UNIUSDT,-0.00001248,5.8270,5.8270
2025-12-27T00:00:00Z,UNIUSDT,0.00005577,6.0020,6.0020
2025-12-27T08:00:00Z,UNIUSDT,0.00010000,5.9520,5.9520
2025-12-27T16:00:00Z,UNIUSDT,0.00010000,5.9640,5.9640
2025-12-28T00:00:00Z,UNIUSDT,0.00008999,6.3260,6.3260
2025-12-28T08:00:00Z,UNIUSDT,0.00010000,6.4460,6.4460
2025-12-28T16:00:00Z,UNIUSDT,0.00010000,6.2260,6.2260
2025-12-29T00:00:00Z,UNIUSDT,0.00001388,6.1830,6.1830
2025-12-29T08:00:00Z,UNIUSDT,0.00004683,6.0510,6.0510
2025-12-29T16:00:00Z,UNIUSDT,-0.00001132,5.9900,5.9900
2025-12-30T00:00:00Z,UNIUSDT,0.00007694,5.9540,5.9540
2025-12-30T08:00:00Z,UNIUSDT,0.00009449,6.0040,6.0040
2025-12-30T16:00:00Z,UNIUSDT,0.00010000,5.9210,5.9210
2025-12-31T00:00:00Z,UNIUSDT,0.00010000,5.9120,5.9120
2025-12-31T08:00:00Z,UNIUSDT,0.00010000,5.8510,5.8510
2025-12-31T16:00:00Z,UNIUSDT,0.00008682,5.6370,5.6370
2026-01-01T00:00:00Z,UNIUSDT,0.00007370,5.6400,5.6400
2026-01-01T08:00:00Z,UNIUSDT,0.00009909,5.7420,5.7420
2026-01-01T16:00:00Z,UNIUSDT,-0.00006331,5.8050,5.8050
2026-01-02T00:00:00Z,UNIUSDT,0.00010000,5.7440,5.7440
2026-01-02T08:00:00Z,UNIUSDT,0.00002478,5.8610,5.8610
2026-01-02T16:00:00Z,UNIUSDT,0.00002061,6.0350,6.0350
2026-01-03T00:00:00Z,UNIUSDT,0.00010000,5.7800,5.7800
2026-01-03T08:00:00Z,UNIUSDT,0.00005842,5.8110,5.8110
2026-01-03T16:00:00Z,UNIUSDT,-0.00008948,5.9140,5.9140
2026-01-04T00:00:00Z,UNIUSDT,0.00010000,5.8680,5.8680
2026-01-04T08:00:00Z,UNIUSDT,0.00010000,5.9420,5.9420
2026-01-04T16:00:00Z,UNIUSDT,0.00006678,5.8450,5.8450
2026-01-05T00:00:00Z,UNIUSDT,-0.00017663,5.9070,5.9070
2026-01-05T08:00:00Z,UNIUSDT,0.00004246,5.8720,5.8720
2026-01-05T16:00:00Z,UNIUSDT,-0.00002640,6.1600,6.1600
2026-01-06T00:00:00Z,UNIUSDT,0.00010000,6.1160,6.1160
2026-01-06T08:00:00Z,UNIUSDT,-0.00008767,6.1390,6.1390
2026-01-06T16:00:00Z,UNIUSDT,0.00004341,6.0670,6.0670
2026-01-07T00:00:00Z,UNIUSDT,0.00005249,6.0440,6.0440
2026-01-07T08:00:00Z,UNIUSDT,0.00002770,5.7440,5.7440
2026-01-07T16:00:00Z,UNIUSDT,-0.00010771,5.7220,5.7220
2026-01-08T00:00:00Z,UNIUSDT,-0.00004849,5.6100,5.6100
2026-01-08T08:00:00Z,UNIUSDT,0.00008305,5.4890,5.4890
2026-01-08T16:00:00Z,UNIUSDT,-9.6E-7,5.4830,5.4830
2026-01-09T00:00:00Z,UNIUSDT,-0.00004131,5.4650,5.4650
2026-01-09T08:00:00Z,UNIUSDT,-0.00001380,5.4960,5.4960
2026-01-09T16:00:00Z,UNIUSDT,0.00003881,5.4650,5.4650
2026-01-10T00:00:00Z,UNIUSDT,0.00005536,5.5130,5.5130
2026-01-10T08:00:00Z,UNIUSDT,0.00005372,5.5050,5.5050
2026-01-10T16:00:00Z,UNIUSDT,0.00010000,5.4710,5.4710
2026-01-11T00:00:00Z,UNIUSDT,0.00008544,5.5040,5.5040
2026-01-11T08:00:00Z,UNIUSDT,0.00009138,5.4760,5.4760
2026-01-11T16:00:00Z,UNIUSDT,0.00007696,5.4510,5.4510
2026-01-12T00:00:00Z,UNIUSDT,0.00003532,5.4480,5.4480
2026-01-12T08:00:00Z,UNIUSDT,-0.00002042,5.3870,5.3870
2026-01-12T16:00:00Z,UNIUSDT,-0.00005437,5.3640,5.3640
2026-01-13T00:00:00Z,UNIUSDT,-0.00001851,5.4290,5.4290
2026-01-13T08:00:00Z,UNIUSDT,0.00009953,5.5660,5.5660
2026-01-13T16:00:00Z,UNIUSDT,0.00010000,5.7290,5.7290
2026-01-14T00:00:00Z,UNIUSDT,0.00010000,5.7570,5.7570
2026-01-14T08:00:00Z,UNIUSDT,0.00010000,5.7830,5.7830
2026-01-14T16:00:00Z,UNIUSDT,0.00010000,5.6800,5.6800
2026-01-15T00:00:00Z,UNIUSDT,0.00008933,5.5050,5.5050
2026-01-15T08:00:00Z,UNIUSDT,-0.00000363,5.3970,5.3970
2026-01-15T16:00:00Z,UNIUSDT,-0.00000887,5.3460,5.3460
2026-01-16T00:00:00Z,UNIUSDT,-0.00015298,5.3100,5.3100
2026-01-16T08:00:00Z,UNIUSDT,-0.00001602,5.1620,5.1620
2026-01-16T16:00:00Z,UNIUSDT,-0.00000641,5.3120,5.3120
2026-01-17T00:00:00Z,UNIUSDT,0.00007623,5.3610,5.3610
2026-01-17T08:00:00Z,UNIUSDT,0.00010000,5.4320,5.4320
2026-01-17T16:00:00Z,UNIUSDT,0.00000344,5.3490,5.3490
2026-01-18T00:00:00Z,UNIUSDT,0.00005808,5.3080,5.3080
2026-01-18T08:00:00Z,UNIUSDT,-0.00002155,5.3330,5.3330
2026-01-18T16:00:00Z,UNIUSDT,-0.00000120,5.0930,5.0930
2026-01-19T00:00:00Z,UNIUSDT,0.00006079,4.9630,4.9630
2026-01-19T08:00:00Z,UNIUSDT,-0.00001137,4.9740,4.9740
2026-01-19T16:00:00Z,UNIUSDT,-0.00007504,5.0230,5.0230
2026-01-20T00:00:00Z,UNIUSDT,0.00009822,4.9390,4.9390
2026-01-20T08:00:00Z,UNIUSDT,0.00004640,4.8060,4.8060
2026-01-20T16:00:00Z,UNIUSDT,-0.00002319,4.7970,4.7970
2026-01-21T00:00:00Z,UNIUSDT,-0.00004536,4.8820,4.8820
2026-01-21T08:00:00Z,UNIUSDT,0.00001726,4.9700,4.9700
2026-01-21T16:00:00Z,UNIUSDT,0.00001903,4.9350,4.9350
2026-01-22T00:00:00Z,UNIUSDT,0.00004906,4.9270,4.9270
2026-01-22T08:00:00Z,UNIUSDT,-0.00001745,4.8130,4.8130
2026-01-22T16:00:00Z,UNIUSDT,-0.00013069,4.8350,4.8350
2026-01-23T00:00:00Z,UNIUSDT,-0.00005472,4.8670,4.8670
2026-01-23T08:00:00Z,UNIUSDT,0.00000429,4.8930,4.8930
2026-01-23T16:00:00Z,UNIUSDT,-0.00005371,4.8690,4.8690
2026-01-24T00:00:00Z,UNIUSDT,0.00001682,4.8840,4.8840
2026-01-24T08:00:00Z,UNIUSDT,0.00005684,4.8400,4.8400
2026-01-24T16:00:00Z,UNIUSDT,0.00003184,4.8520,4.8520
2026-01-25T00:00:00Z,UNIUSDT,0.00009543,4.8250,4.8250
2026-01-25T08:00:00Z,UNIUSDT,0.00008291,4.8120,4.8120
2026-01-25T16:00:00Z,UNIUSDT,-0.00003581,4.6330,4.6330
2026-01-26T00:00:00Z,UNIUSDT,-0.00006960,4.6160,4.6160
2026-01-26T08:00:00Z,UNIUSDT,-0.00008838,4.6860,4.6860
2026-01-26T16:00:00Z,UNIUSDT,-0.00004339,4.7080,4.7080
2026-01-27T00:00:00Z,UNIUSDT,0.00005109,4.6870,4.6870
2026-01-27T08:00:00Z,UNIUSDT,0.00007310,4.7090,4.7090
2026-01-27T16:00:00Z,UNIUSDT,-0.00007024,4.7980,4.7980
2026-01-28T00:00:00Z,UNIUSDT,0.00010000,4.7960,4.7960
2026-01-28T08:00:00Z,UNIUSDT,0.00010000,4.8120,4.8120
2026-01-28T16:00:00Z,UNIUSDT,-0.00000118,4.8190,4.8190
2026-01-29T00:00:00Z,UNIUSDT,0.00006021,4.7260,4.7260
2026-01-29T08:00:00Z,UNIUSDT,-0.00000225,4.4510,4.4510
2026-01-29T16:00:00Z,UNIUSDT,-0.00013838,4.3930,4.3930
2026-01-30T00:00:00Z,UNIUSDT,0.00004043,4.2530,4.2530
2026-01-30T08:00:00Z,UNIUSDT,-0.00011940,4.2590,4.2590
2026-01-30T16:00:00Z,UNIUSDT,0.00007194,4.2740,4.2740
2026-01-31T00:00:00Z,UNIUSDT,0.00006849,4.2250,4.2250
2026-01-31T08:00:00Z,UNIUSDT,7.1E-7,3.9920,3.9920
2026-01-31T16:00:00Z,UNIUSDT,-0.00003329,3.9590,3.9590
2026-02-01T00:00:00Z,UNIUSDT,0.00006405,3.9550,3.9550
2026-02-01T08:00:00Z,UNIUSDT,0.00009422,3.8270,3.8270
2026-02-01T16:00:00Z,UNIUSDT,0.00002173,3.8360,3.8360
2026-02-02T00:00:00Z,UNIUSDT,0.00002603,3.8480,3.8480
2026-02-02T08:00:00Z,UNIUSDT,-0.00006206,3.9670,3.9670
2026-02-02T16:00:00Z,UNIUSDT,0.00002363,3.9230,3.9230
2026-02-03T00:00:00Z,UNIUSDT,-0.00005918,3.9050,3.9050
2026-02-03T08:00:00Z,UNIUSDT,0.00002668,3.9630,3.9630
2026-02-03T16:00:00Z,UNIUSDT,0.00005561,3.8580,3.8580
2026-02-04T00:00:00Z,UNIUSDT,0.00000880,3.9240,3.9240
2026-02-04T08:00:00Z,UNIUSDT,0.00010000,3.7180,3.7180
2026-02-04T16:00:00Z,UNIUSDT,0.00001663,3.7990,3.7990
2026-02-05T00:00:00Z,UNIUSDT,0.00010000,3.7000,3.7000
2026-02-05T08:00:00Z,UNIUSDT,0.00006569,3.3520,3.3520
2026-02-05T16:00:00Z,UNIUSDT,-0.00003565,3.1650,3.1650
2026-02-06T00:00:00Z,UNIUSDT,0.00010000,3.1920,3.1920
2026-02-06T08:00:00Z,UNIUSDT,-0.00005570,3.4460,3.4460
2026-02-06T16:00:00Z,UNIUSDT,-0.00006893,3.5490,3.5490
2026-02-07T00:00:00Z,UNIUSDT,0.00010000,3.4620,3.4620
2026-02-07T08:00:00Z,UNIUSDT,0.00010000,3.5180,3.5180
2026-02-07T16:00:00Z,UNIUSDT,0.00004617,3.5360,3.5360
2026-02-08T00:00:00Z,UNIUSDT,0.00005028,3.4860,3.4860
2026-02-08T08:00:00Z,UNIUSDT,0.00001157,3.5080,3.5080
2026-02-08T16:00:00Z,UNIUSDT,-0.00001490,3.4650,3.4650
2026-02-09T00:00:00Z,UNIUSDT,0.00003454,3.4520,3.4520
2026-02-09T08:00:00Z,UNIUSDT,-0.00001744,3.4320,3.4320
2026-02-09T16:00:00Z,UNIUSDT,0.00010000,3.4920,3.4920
2026-02-10T00:00:00Z,UNIUSDT,0.00000511,3.3590,3.3590
2026-02-10T08:00:00Z,UNIUSDT,0.00001440,3.3640,3.3640
2026-02-10T16:00:00Z,UNIUSDT,0.00005738,3.3580,3.3580
2026-02-11T00:00:00Z,UNIUSDT,0.00009394,3.2550,3.2550
2026-02-11T08:00:00Z,UNIUSDT,0.00003700,3.8220,3.8220
2026-02-11T16:00:00Z,UNIUSDT,0.00003949,3.3650,3.3650
2026-02-12T00:00:00Z,UNIUSDT,-0.00017032,3.4080,3.4080
2026-02-12T08:00:00Z,UNIUSDT,-0.00022294,3.3410,3.3410
2026-02-12T16:00:00Z,UNIUSDT,-0.00011276,3.2440,3.2440
2026-02-13T00:00:00Z,UNIUSDT,-0.00019734,3.2990,3.2990
2026-02-13T08:00:00Z,UNIUSDT,0.00003543,3.4050,3.4050
2026-02-13T16:00:00Z,UNIUSDT,0.00001167,3.3960,3.3960
2026-02-14T00:00:00Z,UNIUSDT,0.00010000,3.4020,3.4020
2026-02-14T08:00:00Z,UNIUSDT,-0.00001468,3.5820,3.5820
2026-02-14T16:00:00Z,UNIUSDT,0.00005988,3.6260,3.6260
2026-02-15T00:00:00Z,UNIUSDT,0.00010000,3.6210,3.6210
2026-02-15T08:00:00Z,UNIUSDT,0.00001136,3.5060,3.5060
2026-02-15T16:00:00Z,UNIUSDT,0.00003306,3.4700,3.4700
2026-02-16T00:00:00Z,UNIUSDT,0.00005815,3.5330,3.5330
2026-02-16T08:00:00Z,UNIUSDT,0.00000632,3.4520,3.4520
2026-02-16T16:00:00Z,UNIUSDT,0.00003565,3.5990,3.5990
2026-02-17T00:00:00Z,UNIUSDT,0.00003869,3.5650,3.5650
2026-02-17T08:00:00Z,UNIUSDT,0.00008216,3.4990,3.4990
2026-02-17T16:00:00Z,UNIUSDT,0.00000866,3.5220,3.5220
2026-02-18T00:00:00Z,UNIUSDT,-0.00004963,3.5700,3.5700
2026-02-18T08:00:00Z,UNIUSDT,-0.00003611,3.5550,3.5550
2026-02-18T16:00:00Z,UNIUSDT,0.00006116,3.4010,3.4010
2026-02-19T00:00:00Z,UNIUSDT,-0.00001144,3.4310,3.4310
2026-02-19T08:00:00Z,UNIUSDT,0.00006329,3.3280,3.3280
2026-02-19T16:00:00Z,UNIUSDT,0.00002594,3.3890,3.3890
2026-02-20T00:00:00Z,UNIUSDT,0.00005023,3.3960,3.3960
2026-02-20T08:00:00Z,UNIUSDT,0.00003531,3.4540,3.4540
2026-02-20T16:00:00Z,UNIUSDT,0.00004241,3.4890,3.4890
2026-02-21T00:00:00Z,UNIUSDT,0.00010000,3.5380,3.5380
2026-02-21T08:00:00Z,UNIUSDT,0.00002757,3.6370,3.6370
2026-02-21T16:00:00Z,UNIUSDT,0.00006874,3.6070,3.6070
2026-02-22T00:00:00Z,UNIUSDT,0.00003942,3.5780,3.5780
2026-02-22T08:00:00Z,UNIUSDT,0.00000100,3.4700,3.4700
2026-02-22T16:00:00Z,UNIUSDT,0.00000404,3.4890,3.4890
2026-02-23T00:00:00Z,UNIUSDT,0.00005886,3.3510,3.3510
2026-02-23T08:00:00Z,UNIUSDT,-0.00000249,3.3910,3.3910
2026-02-23T16:00:00Z,UNIUSDT,-0.00003020,3.3440,3.3440
2026-02-24T00:00:00Z,UNIUSDT,0.00000123,3.3180,3.3180
2026-02-24T08:00:00Z,UNIUSDT,0.00004407,3.3600,3.3600
2026-02-24T16:00:00Z,UNIUSDT,0.00003568,3.3360,3.3360
2026-02-25T00:00:00Z,UNIUSDT,-0.00000698,3.4960,3.4960
2026-02-25T08:00:00Z,UNIUSDT,0.00009364,3.9380,3.9380
2026-02-25T16:00:00Z,UNIUSDT,0.00010000,4.0530,4.0530
2026-02-26T00:00:00Z,UNIUSDT,0.00010000,3.9880,3.9880
2026-02-26T08:00:00Z,UNIUSDT,0.00006280,3.8000,3.8000
2026-02-26T16:00:00Z,UNIUSDT,0.00006172,3.8750,3.8750
2026-02-27T00:00:00Z,UNIUSDT,-0.00001095,3.8900,3.8900
2026-02-27T08:00:00Z,UNIUSDT,0.00006741,3.7930,3.7930
2026-02-27T16:00:00Z,UNIUSDT,0.00006002,3.7390,3.7390
2026-02-28T00:00:00Z,UNIUSDT,0.00009822,3.6320,3.6320
2026-02-28T08:00:00Z,UNIUSDT,0.00005473,3.6560,3.6560
2026-02-28T16:00:00Z,UNIUSDT,0.00000738,3.8080,3.8080
2026-03-01T00:00:00Z,UNIUSDT,0.00004631,3.8100,3.8100
2026-03-01T08:00:00Z,UNIUSDT,0.00001167,3.7810,3.7810
2026-03-01T16:00:00Z,UNIUSDT,-0.00002517,3.7450,3.7450
2026-03-02T00:00:00Z,UNIUSDT,0.00006076,3.7610,3.7610
2026-03-02T08:00:00Z,UNIUSDT,0.00003963,3.9820,3.9820
2026-03-02T16:00:00Z,UNIUSDT,0.00002331,3.9260,3.9260
2026-03-03T00:00:00Z,UNIUSDT,-0.00012060,3.8790,3.8790
2026-03-03T08:00:00Z,UNIUSDT,0.00010000,3.8430,3.8430
2026-03-03T16:00:00Z,UNIUSDT,0.00001951,3.9100,3.9100
2026-03-04T00:00:00Z,UNIUSDT,0.00005173,3.9530,3.9530
2026-03-04T08:00:00Z,UNIUSDT,0.00004565,4.0390,4.0390
2026-03-04T16:00:00Z,UNIUSDT,-0.00007724,3.9740,3.9740
2026-03-05T00:00:00Z,UNIUSDT,0.00001894,3.9660,3.9660
2026-03-05T08:00:00Z,UNIUSDT,0.00000311,4.0050,4.0050
2026-03-05T16:00:00Z,UNIUSDT,-0.00001641,3.9670,3.9670
2026-03-06T00:00:00Z,UNIUSDT,0.00007875,4.0090,4.0090
2026-03-06T08:00:00Z,UNIUSDT,0.00009663,3.8280,3.8280
2026-03-06T16:00:00Z,UNIUSDT,0.00003011,3.8450,3.8450
2026-03-07T00:00:00Z,UNIUSDT,0.00002980,3.8240,3.8240
2026-03-07T08:00:00Z,UNIUSDT,0.00010000,3.7930,3.7930
2026-03-07T16:00:00Z,UNIUSDT,0.00004027,3.7700,3.7700
2026-03-08T00:00:00Z,UNIUSDT,0.00006697,3.7230,3.7230
2026-03-08T08:00:00Z,UNIUSDT,-0.00008396,3.6920,3.6920
2026-03-08T16:00:00Z,UNIUSDT,0.00007580,3.6570,3.6570
2026-03-09T00:00:00Z,UNIUSDT,0.00003298,3.7760,3.7760
2026-03-09T08:00:00Z,UNIUSDT,0.00001212,3.9330,3.9330
2026-03-09T16:00:00Z,UNIUSDT,0.00010000,3.8580,3.8580
2026-03-10T00:00:00Z,UNIUSDT,0.00001725,3.9510,3.9510
2026-03-10T08:00:00Z,UNIUSDT,0.00002433,3.9390,3.9390
2026-03-10T16:00:00Z,UNIUSDT,0.00004142,3.8410,3.8410
2026-03-11T00:00:00Z,UNIUSDT,0.00000541,3.8210,3.8210
2026-03-11T08:00:00Z,UNIUSDT,-0.00002202,3.8980,3.8980
2026-03-11T16:00:00Z,UNIUSDT,0.00008140,3.8970,3.8970
2026-03-12T00:00:00Z,UNIUSDT,0.00010000,3.8890,3.8890
2026-03-12T08:00:00Z,UNIUSDT,-0.00001937,3.8940,3.8940
2026-03-12T16:00:00Z,UNIUSDT,0.00007283,3.9150,3.9150
2026-03-13T00:00:00Z,UNIUSDT,0.00010000,3.9900,3.9900
2026-03-13T08:00:00Z,UNIUSDT,0.00008456,4.0640,4.0640
2026-03-13T16:00:00Z,UNIUSDT,0.00010000,4.0010,4.0010
2026-03-14T00:00:00Z,UNIUSDT,0.00003135,3.9230,3.9230
2026-03-14T08:00:00Z,UNIUSDT,0.00007693,3.9310,3.9310
2026-03-14T16:00:00Z,UNIUSDT,-0.00006253,3.9440,3.9440
2026-03-15T00:00:00Z,UNIUSDT,-0.00001576,3.9420,3.9420
2026-03-15T08:00:00Z,UNIUSDT,0.00004488,3.9530,3.9530
2026-03-15T16:00:00Z,UNIUSDT,0.00004929,4.0670,4.0670
2026-03-16T00:00:00Z,UNIUSDT,0.00005457,4.0780,4.0780
2026-03-16T08:00:00Z,UNIUSDT,-0.00006157,4.0790,4.0790
2026-03-16T16:00:00Z,UNIUSDT,-0.00004659,4.1540,4.1540
2026-03-17T00:00:00Z,UNIUSDT,0.00010000,4.0240,4.0240
2026-03-17T08:00:00Z,UNIUSDT,-0.00005597,3.9680,3.9680
2026-03-17T16:00:00Z,UNIUSDT,-0.00001138,3.9540,3.9540
2026-03-18T00:00:00Z,UNIUSDT,-0.00003855,3.9400,3.9400
2026-03-18T08:00:00Z,UNIUSDT,0.00007109,3.6710,3.6710
2026-03-18T16:00:00Z,UNIUSDT,-0.00011918,3.6790,3.6790
2026-03-19T00:00:00Z,UNIUSDT,-0.00004844,3.5950,3.5950
2026-03-19T08:00:00Z,UNIUSDT,-0.00004616,3.5280,3.5280
2026-03-19T16:00:00Z,UNIUSDT,0.00002891,3.5780,3.5780
2026-03-20T00:00:00Z,UNIUSDT,-0.00009530,3.6180,3.6180
2026-03-20T08:00:00Z,UNIUSDT,0.00002442,3.5600,3.5600
2026-03-20T16:00:00Z,UNIUSDT,-0.00001964,3.6030,3.6030
2026-03-21T00:00:00Z,UNIUSDT,-0.00007909,3.5920,3.5920
2026-03-21T08:00:00Z,UNIUSDT,0.00001293,3.5940,3.5940
2026-03-21T16:00:00Z,UNIUSDT,0.00002585,3.4830,3.4830
2026-03-22T00:00:00Z,UNIUSDT,0.00002670,3.4780,3.4780
2026-03-22T08:00:00Z,UNIUSDT,-0.00002286,3.4810,3.4810
2026-03-22T16:00:00Z,UNIUSDT,-0.00009893,3.4690,3.4690
2026-03-23T00:00:00Z,UNIUSDT,-0.00002713,3.4810,3.4810
2026-03-23T08:00:00Z,UNIUSDT,0.00003605,3.5270,3.5270
2026-03-23T16:00:00Z,UNIUSDT,-0.00005380,3.5850,3.5850
2026-03-24T00:00:00Z,UNIUSDT,-0.00001479,3.5960,3.5960
2026-03-24T08:00:00Z,UNIUSDT,0.00010000,3.5670,3.5670
2026-03-24T16:00:00Z,UNIUSDT,0.00006621,3.6050,3.6050
2026-03-25T00:00:00Z,UNIUSDT,0.00010000,3.6420,3.6420
2026-03-25T08:00:00Z,UNIUSDT,0.00006359,3.6980,3.6980
2026-03-25T16:00:00Z,UNIUSDT,0.00010000,3.7060,3.7060
2026-03-26T00:00:00Z,UNIUSDT,0.00009823,3.6070,3.6070
2026-03-26T08:00:00Z,UNIUSDT,0.00006851,3.5130,3.5130
2026-03-26T16:00:00Z,UNIUSDT,0.00000163,3.5240,3.5240
2026-03-27T00:00:00Z,UNIUSDT,0.00003012,3.5120,3.5120
2026-03-27T08:00:00Z,UNIUSDT,0.00000423,3.4060,3.4060
2026-03-27T16:00:00Z,UNIUSDT,-0.00007658,3.3860,3.3860
2026-03-28T00:00:00Z,UNIUSDT,0.00006625,3.3950,3.3950
2026-03-28T08:00:00Z,UNIUSDT,-0.00010666,3.4130,3.4130
2026-03-28T16:00:00Z,UNIUSDT,0.00000140,3.3810,3.3810
2026-03-29T00:00:00Z,UNIUSDT,0.00005898,3.3920,3.3920
2026-03-29T08:00:00Z,UNIUSDT,-0.00008773,3.3580,3.3580
2026-03-29T16:00:00Z,UNIUSDT,-0.00004830,3.3520,3.3520
2026-03-30T00:00:00Z,UNIUSDT,0.00002657,3.5350,3.5350
2026-03-30T08:00:00Z,UNIUSDT,0.00010000,3.5240,3.5240
2026-03-30T16:00:00Z,UNIUSDT,0.00010000,3.4780,3.4780
2026-03-31T00:00:00Z,UNIUSDT,0.00010000,3.5090,3.5090
2026-03-31T08:00:00Z,UNIUSDT,0.00007088,3.5110,3.5110
2026-03-31T16:00:00Z,UNIUSDT,0.00004538,3.5410,3.5410
2026-04-01T00:00:00Z,UNIUSDT,0.00004590,3.6260,3.6260
2026-04-01T08:00:00Z,UNIUSDT,0.00008755,3.6220,3.6220
2026-04-01T16:00:00Z,UNIUSDT,0.00004457,3.5650,3.5650
2026-04-02T00:00:00Z,UNIUSDT,0.00008758,3.3340,3.3340
2026-04-02T08:00:00Z,UNIUSDT,-0.00009825,3.1790,3.1790
2026-04-02T16:00:00Z,UNIUSDT,-0.00030207,3.1710,3.1710
2026-04-03T00:00:00Z,UNIUSDT,0.00004101,3.2330,3.2330
2026-04-03T08:00:00Z,UNIUSDT,0.00004995,3.1670,3.1670
2026-04-03T16:00:00Z,UNIUSDT,-0.00013510,3.1690,3.1690
2026-04-04T00:00:00Z,UNIUSDT,-0.00002779,3.1480,3.1480
2026-04-04T08:00:00Z,UNIUSDT,0.00004038,3.1250,3.1250
2026-04-04T16:00:00Z,UNIUSDT,-0.00009025,3.1240,3.1240
2026-04-05T00:00:00Z,UNIUSDT,-0.00005373,3.0760,3.0760
2026-04-05T08:00:00Z,UNIUSDT,-0.00012783,3.0950,3.0950
2026-04-05T16:00:00Z,UNIUSDT,-0.00004302,3.1460,3.1460
2026-04-06T00:00:00Z,UNIUSDT,-0.00001993,3.1520,3.1520
2026-04-06T08:00:00Z,UNIUSDT,-0.00000441,3.1880,3.1880
2026-04-06T16:00:00Z,UNIUSDT,-0.00009529,3.0940,3.0940
2026-04-07T00:00:00Z,UNIUSDT,-0.00006205,3.0720,3.0720
2026-04-07T08:00:00Z,UNIUSDT,-0.00010279,3.0270,3.0270
2026-04-07T16:00:00Z,UNIUSDT,-0.00008177,3.2840,3.2840
2026-04-08T00:00:00Z,UNIUSDT,0.00010000,3.2490,3.2490
2026-04-08T08:00:00Z,UNIUSDT,0.00003036,3.1690,3.1690
2026-04-08T16:00:00Z,UNIUSDT,-0.00003194,3.1170,3.1170
2026-04-09T00:00:00Z,UNIUSDT,-0.00001011,3.0830,3.0830
2026-04-09T08:00:00Z,UNIUSDT,-0.00009759,3.1260,3.1260
2026-04-09T16:00:00Z,UNIUSDT,-0.00015292,3.1050,3.1050
2026-04-10T00:00:00Z,UNIUSDT,0.00010000,3.1100,3.1100
2026-04-10T08:00:00Z,UNIUSDT,0.00007380,3.1550,3.1550
2026-04-10T16:00:00Z,UNIUSDT,0.00008996,3.1630,3.1630
2026-04-11T00:00:00Z,UNIUSDT,0.00007624,3.1390,3.1390
2026-04-11T08:00:00Z,UNIUSDT,-0.00003393,3.1440,3.1440
2026-04-11T16:00:00Z,UNIUSDT,-0.00005559,3.1470,3.1470
2026-04-12T00:00:00Z,UNIUSDT,0.00003539,3.0730,3.0730
2026-04-12T08:00:00Z,UNIUSDT,-0.00022708,3.0270,3.0270
2026-04-12T16:00:00Z,UNIUSDT,-0.00001508,3.0160,3.0160
2026-04-13T00:00:00Z,UNIUSDT,-0.00008305,3.0500,3.0500
2026-04-13T08:00:00Z,UNIUSDT,-0.00010463,3.0860,3.0860
2026-04-13T16:00:00Z,UNIUSDT,0.00004981,3.2330,3.2330
2026-04-14T00:00:00Z,UNIUSDT,0.00010000,3.1740,3.1740
2026-04-14T08:00:00Z,UNIUSDT,0.00010000,3.1570,3.1570
2026-04-14T16:00:00Z,UNIUSDT,0.00010000,3.1280,3.1280
2026-04-15T00:00:00Z,UNIUSDT,-0.00000356,3.1270,3.1270
2026-04-15T08:00:00Z,UNIUSDT,0.00010000,3.1900,3.1900
2026-04-15T16:00:00Z,UNIUSDT,0.00009543,3.2220,3.2220
2026-04-16T00:00:00Z,UNIUSDT,0.00010000,3.2620,3.2620
2026-04-16T08:00:00Z,UNIUSDT,0.00009724,3.4020,3.4020
2026-04-16T16:00:00Z,UNIUSDT,0.00005854,3.4270,3.4270
2026-04-17T00:00:00Z,UNIUSDT,0.00010000,3.3980,3.3980
2026-04-17T08:00:00Z,UNIUSDT,0.00005137,3.5060,3.5060
2026-04-17T16:00:00Z,UNIUSDT,0.00007678,3.4500,3.4500
2026-04-18T00:00:00Z,UNIUSDT,0.00008293,3.4630,3.4630
2026-04-18T08:00:00Z,UNIUSDT,0.00000625,3.3790,3.3790
2026-04-18T16:00:00Z,UNIUSDT,0.00006144,3.3470,3.3470
2026-04-19T00:00:00Z,UNIUSDT,0.00005021,3.2710,3.2710
2026-04-19T08:00:00Z,UNIUSDT,0.00007570,3.3200,3.3200
2026-04-19T16:00:00Z,UNIUSDT,0.00005298,3.2290,3.2290
2026-04-20T00:00:00Z,UNIUSDT,0.00008097,3.2860,3.2860
2026-04-20T08:00:00Z,UNIUSDT,0.00001071,3.2340,3.2340
2026-04-20T16:00:00Z,UNIUSDT,0.00003580,3.2300,3.2300
2026-04-21T00:00:00Z,UNIUSDT,0.00003754,3.2510,3.2510
2026-04-21T08:00:00Z,UNIUSDT,-0.00000190,3.2410,3.2410
2026-04-21T16:00:00Z,UNIUSDT,-0.00004202,3.2690,3.2690
2026-04-22T00:00:00Z,UNIUSDT,-0.00000257,3.3910,3.3910
2026-04-22T08:00:00Z,UNIUSDT,0.00010000,3.4070,3.4070
2026-04-22T16:00:00Z,UNIUSDT,0.00005429,3.3140,3.3140
2026-04-23T00:00:00Z,UNIUSDT,0.00009677,3.2510,3.2510
2026-04-23T08:00:00Z,UNIUSDT,-0.00004668,3.2960,3.2960
2026-04-23T16:00:00Z,UNIUSDT,-0.00000995,3.2910,3.2910
2026-04-24T00:00:00Z,UNIUSDT,0.00010000,3.2480,3.2480
2026-04-24T08:00:00Z,UNIUSDT,-0.00004960,3.2610,3.2610
2026-04-24T16:00:00Z,UNIUSDT,0.00009038,3.2500,3.2500
2026-04-25T00:00:00Z,UNIUSDT,0.00002324,3.2570,3.2570
2026-04-25T08:00:00Z,UNIUSDT,-0.00000477,3.2420,3.2420
2026-04-25T16:00:00Z,UNIUSDT,-0.00005634,3.2560,3.2560
2026-04-26T00:00:00Z,UNIUSDT,0.00002915,3.2820,3.2820
2026-04-26T08:00:00Z,UNIUSDT,0.00010000,3.2760,3.2760
2026-04-26T16:00:00Z,UNIUSDT,0.00009025,3.2800,3.2800
2026-04-27T00:00:00Z,UNIUSDT,0.00004098,3.2240,3.2240
2026-04-27T08:00:00Z,UNIUSDT,-0.00006283,3.1920,3.1920
2026-04-27T16:00:00Z,UNIUSDT,-0.00002744,3.2500,3.2500
2026-04-28T00:00:00Z,UNIUSDT,-0.00001193,3.2160,3.2160
2026-04-28T08:00:00Z,UNIUSDT,0.00004118,3.2240,3.2240
2026-04-28T16:00:00Z,UNIUSDT,0.00010000,3.2410,3.2410
2026-04-29T00:00:00Z,UNIUSDT,0.00010000,3.2890,3.2890
2026-04-29T08:00:00Z,UNIUSDT,0.00010000,3.1830,3.1830
2026-04-29T16:00:00Z,UNIUSDT,-0.00008511,3.1900,3.1900
2026-04-30T00:00:00Z,UNIUSDT,0.00003867,3.1950,3.1950
2026-04-30T08:00:00Z,UNIUSDT,-0.00009050,3.1910,3.1910
2026-04-30T16:00:00Z,UNIUSDT,0.00003319,3.1840,3.1840
2026-05-01T00:00:00Z,UNIUSDT,-0.00009498,3.2110,3.2110
2026-05-01T08:00:00Z,UNIUSDT,0.00002994,3.2460,3.2460
2026-05-01T16:00:00Z,UNIUSDT,0.00009754,3.2010,3.2010
2026-05-02T00:00:00Z,UNIUSDT,0.00002408,3.1990,3.1990
2026-05-02T08:00:00Z,UNIUSDT,-0.00010105,3.2450,3.2450
2026-05-02T16:00:00Z,UNIUSDT,0.00010000,3.2550,3.2550
2026-05-03T00:00:00Z,UNIUSDT,0.00010000,3.2240,3.2240
2026-05-03T08:00:00Z,UNIUSDT,-0.00003182,3.2470,3.2470
2026-05-03T16:00:00Z,UNIUSDT,0.00010000,3.2320,3.2320
2026-05-04T00:00:00Z,UNIUSDT,0.00010000,3.3740,3.3740
2026-05-04T08:00:00Z,UNIUSDT,0.00010000,3.2960,3.2960
2026-05-04T16:00:00Z,UNIUSDT,-0.00003277,3.2710,3.2710
2026-05-05T00:00:00Z,UNIUSDT,-0.00009489,3.3420,3.3420
2026-05-05T08:00:00Z,UNIUSDT,0.00010000,3.3660,3.3660
2026-05-05T16:00:00Z,UNIUSDT,0.00010000,3.3560,3.3560
2026-05-06T00:00:00Z,UNIUSDT,0.00010000,3.3980,3.3980
2026-05-06T08:00:00Z,UNIUSDT,0.00006526,3.4780,3.4780
2026-05-06T16:00:00Z,UNIUSDT,0.00007175,3.4720,3.4720
2026-05-07T00:00:00Z,UNIUSDT,0.00010000,3.4920,3.4920
2026-05-07T08:00:00Z,UNIUSDT,0.00009781,3.4070,3.4070
2026-05-07T16:00:00Z,UNIUSDT,-0.00003650,3.4320,3.4320
2026-05-08T00:00:00Z,UNIUSDT,0.00008116,3.4340,3.4340
2026-05-08T08:00:00Z,UNIUSDT,0.00010000,3.5990,3.5990
2026-05-08T16:00:00Z,UNIUSDT,0.00002639,3.7090,3.7090
2026-05-09T00:00:00Z,UNIUSDT,0.00010000,3.6710,3.6710
2026-05-09T08:00:00Z,UNIUSDT,0.00001642,3.6340,3.6340
2026-05-09T16:00:00Z,UNIUSDT,0.00005166,3.8070,3.8070
2026-05-10T00:00:00Z,UNIUSDT,0.00005995,4.0010,4.0010
2026-05-10T08:00:00Z,UNIUSDT,0.00010000,4.0200,4.0200
2026-05-10T16:00:00Z,UNIUSDT,0.00006757,3.9910,3.9910
2026-05-11T00:00:00Z,UNIUSDT,0.00010000,3.8990,3.8990
2026-05-11T08:00:00Z,UNIUSDT,0.00006410,3.9020,3.9020
2026-05-11T16:00:00Z,UNIUSDT,0.00005396,3.8930,3.8930
2026-05-12T00:00:00Z,UNIUSDT,0.00004044,3.8220,3.8220
2026-05-12T08:00:00Z,UNIUSDT,0.00005081,3.7050,3.7050
2026-05-12T16:00:00Z,UNIUSDT,0.00007366,3.7630,3.7630
2026-05-13T00:00:00Z,UNIUSDT,0.00006385,3.7960,3.7960
2026-05-13T08:00:00Z,UNIUSDT,0.00002301,3.5830,3.5830
2026-05-13T16:00:00Z,UNIUSDT,0.00002114,3.6210,3.6210
2026-05-14T00:00:00Z,UNIUSDT,0.00000198,3.5930,3.5930
2026-05-14T08:00:00Z,UNIUSDT,-0.00005637,3.7570,3.7570
2026-05-14T16:00:00Z,UNIUSDT,-0.00001720,3.7300,3.7300
2026-05-15T00:00:00Z,UNIUSDT,0.00007838,3.7030,3.7030
2026-05-15T08:00:00Z,UNIUSDT,-0.00008999,3.6000,3.6000
2026-05-15T16:00:00Z,UNIUSDT,-0.00002750,3.5990,3.5990
2026-05-16T00:00:00Z,UNIUSDT,0.00010000,3.5360,3.5360
2026-05-16T08:00:00Z,UNIUSDT,-0.00003056,3.5020,3.5020
2026-05-16T16:00:00Z,UNIUSDT,-0.00000184,3.4840,3.4840
2026-05-17T00:00:00Z,UNIUSDT,0.00004602,3.5140,3.5140
2026-05-17T08:00:00Z,UNIUSDT,0.00006519,3.5510,3.5510
2026-05-17T16:00:00Z,UNIUSDT,-0.00000800,3.4680,3.4680
2026-05-18T00:00:00Z,UNIUSDT,0.00001528,3.4050,3.4050
2026-05-18T08:00:00Z,UNIUSDT,0.00003222,3.3830,3.3830
2026-05-18T16:00:00Z,UNIUSDT,0.00006041,3.5430,3.5430
2026-05-19T00:00:00Z,UNIUSDT,0.00007611,3.5220,3.5220
2026-05-19T08:00:00Z,UNIUSDT,0.00005756,3.4540,3.4540
2026-05-19T16:00:00Z,UNIUSDT,0.00002912,3.4490,3.4490
2026-05-20T00:00:00Z,UNIUSDT,0.00000609,3.5510,3.5510
2026-05-20T08:00:00Z,UNIUSDT,0.00006118,3.6370,3.6370
2026-05-20T16:00:00Z,UNIUSDT,0.00010000,3.6120,3.6120
2026-05-21T00:00:00Z,UNIUSDT,0.00010000,3.6510,3.6510
2026-05-21T08:00:00Z,UNIUSDT,0.00003307,3.5640,3.5640
2026-05-21T16:00:00Z,UNIUSDT,0.00006091,3.6050,3.6050
2026-05-22T00:00:00Z,UNIUSDT,0.00006627,3.6010,3.6010
2026-05-22T08:00:00Z,UNIUSDT,0.00006294,3.5920,3.5920
2026-05-22T16:00:00Z,UNIUSDT,0.00009607,3.4000,3.4000
2026-05-23T00:00:00Z,UNIUSDT,0.00001613,3.2870,3.2870
2026-05-23T08:00:00Z,UNIUSDT,-0.00007125,3.3990,3.3990
2026-05-23T16:00:00Z,UNIUSDT,0.00001662,3.4620,3.4620
2026-05-24T00:00:00Z,UNIUSDT,0.00010000,3.4530,3.4530
2026-05-24T08:00:00Z,UNIUSDT,0.00003530,3.3870,3.3870
2026-05-24T16:00:00Z,UNIUSDT,0.00004164,3.3830,3.3830
2026-05-25T00:00:00Z,UNIUSDT,-0.00007476,3.3710,3.3710
2026-05-25T08:00:00Z,UNIUSDT,0.00009848,3.3660,3.3660
2026-05-25T16:00:00Z,UNIUSDT,-0.00007849,3.3250,3.3250
2026-05-26T00:00:00Z,UNIUSDT,-0.00002930,3.2870,3.2870
2026-05-26T08:00:00Z,UNIUSDT,0.00000958,3.2920,3.2920
2026-05-26T16:00:00Z,UNIUSDT,0.00010000,3.2490,3.2490
2026-05-27T00:00:00Z,UNIUSDT,-0.00005612,3.2880,3.2880
2026-05-27T08:00:00Z,UNIUSDT,0.00000906,3.2930,3.2930
2026-05-27T16:00:00Z,UNIUSDT,0.00005517,3.0910,3.0910
2026-05-28T00:00:00Z,UNIUSDT,0.00002498,3.0420,3.0420
2026-05-28T08:00:00Z,UNIUSDT,-0.00006533,3.0080,3.0080
2026-05-28T16:00:00Z,UNIUSDT,0.00006888,3.0500,3.0500
2026-05-29T00:00:00Z,UNIUSDT,0.00008354,3.0530,3.0530
2026-05-29T08:00:00Z,UNIUSDT,0.00000950,3.0530,3.0530
2026-05-29T16:00:00Z,UNIUSDT,0.00009596,3.0170,3.0170
2026-05-30T00:00:00Z,UNIUSDT,-0.00003005,3.0120,3.0120
2026-05-30T08:00:00Z,UNIUSDT,0.00007008,3.0440,3.0440
2026-05-30T16:00:00Z,UNIUSDT,0.00001780,3.0530,3.0530
2026-05-31T00:00:00Z,UNIUSDT,-0.00000782,3.0350,3.0350
2026-05-31T08:00:00Z,UNIUSDT,0.00001148,2.9880,2.9880
2026-05-31T16:00:00Z,UNIUSDT,-0.00001177,3.0240,3.0240
2026-06-01T00:00:00Z,UNIUSDT,0.00002648,2.9550,2.9550
2026-06-01T08:00:00Z,UNIUSDT,-0.00001641,2.9310,2.9310
2026-06-01T16:00:00Z,UNIUSDT,0.00010000,2.9830,2.9830
2026-06-02T00:00:00Z,UNIUSDT,0.00010000,2.9080,2.9080
2026-06-02T08:00:00Z,UNIUSDT,-0.00001754,2.7970,2.7970
2026-06-02T16:00:00Z,UNIUSDT,-0.00001518,2.7990,2.7990
2026-06-03T00:00:00Z,UNIUSDT,-0.00000512,2.8690,2.8690
2026-06-03T08:00:00Z,UNIUSDT,0.00004150,2.9000,2.9000
2026-06-03T16:00:00Z,UNIUSDT,0.00010000,2.7990,2.7990
2026-06-04T00:00:00Z,UNIUSDT,0.00010000,2.6730,2.6730
2026-06-04T08:00:00Z,UNIUSDT,0.00006272,2.6930,2.6930
2026-06-04T16:00:00Z,UNIUSDT,0.00005545,2.6530,2.6530
2026-06-05T00:00:00Z,UNIUSDT,-0.00005817,2.5520,2.5520
2026-06-05T08:00:00Z,UNIUSDT,-0.00000334,2.4210,2.4210
2026-06-05T16:00:00Z,UNIUSDT,0.00002697,2.4590,2.4590
2026-06-06T00:00:00Z,UNIUSDT,0.00002838,2.4380,2.4380
2026-06-06T08:00:00Z,UNIUSDT,0.00002894,2.4430,2.4430
2026-06-06T16:00:00Z,UNIUSDT,-0.00000818,2.4640,2.4640
2026-06-07T00:00:00Z,UNIUSDT,0.00001566,2.5730,2.5730
2026-06-07T08:00:00Z,UNIUSDT,0.00001861,2.5120,2.5120
2026-06-07T16:00:00Z,UNIUSDT,0.00010000,2.5710,2.5710
2026-06-08T00:00:00Z,UNIUSDT,0.00010000,2.5400,2.5400
2026-06-08T08:00:00Z,UNIUSDT,0.00005888,2.5690,2.5690
2026-06-08T16:00:00Z,UNIUSDT,0.00009597,2.5140,2.5140
2026-06-09T00:00:00Z,UNIUSDT,0.00008440,2.5220,2.5220
2026-06-09T08:00:00Z,UNIUSDT,0.00006511,2.4640,2.4640
2026-06-09T16:00:00Z,UNIUSDT,0.00004402,2.4760,2.4760
2026-06-10T00:00:00Z,UNIUSDT,0.00010000,2.4630,2.4630
2026-06-10T08:00:00Z,UNIUSDT,0.00003208,2.5000,2.5000
2026-06-10T16:00:00Z,UNIUSDT,-0.00001254,2.3940,2.3940
2026-06-11T00:00:00Z,UNIUSDT,0.00003168,2.5060,2.5060
2026-06-11T08:00:00Z,UNIUSDT,0.00000512,2.5500,2.5500
2026-06-11T16:00:00Z,UNIUSDT,0.00008876,2.4950,2.4950
2026-06-12T00:00:00Z,UNIUSDT,0.00010000,2.5090,2.5090
2026-06-12T08:00:00Z,UNIUSDT,0.00005567,2.5120,2.5120
2026-06-12T16:00:00Z,UNIUSDT,0.00006996,2.4980,2.4980
2026-06-13T00:00:00Z,UNIUSDT,0.00010000,2.5160,2.5160
2026-06-13T08:00:00Z,UNIUSDT,0.00010000,2.5720,2.5720
2026-06-13T16:00:00Z,UNIUSDT,0.00006242,2.5550,2.5550
2026-06-14T00:00:00Z,UNIUSDT,0.00003772,2.5290,2.5290
2026-06-14T08:00:00Z,UNIUSDT,0.00001950,2.4900,2.4900
2026-06-14T16:00:00Z,UNIUSDT,0.00002931,2.5900,2.5900
2026-06-15T00:00:00Z,UNIUSDT,0.00002346,2.5930,2.5930
2026-06-15T08:00:00Z,UNIUSDT,0.00002987,2.7370,2.7370
2026-06-15T16:00:00Z,UNIUSDT,0.00009984,2.8450,2.8450
2026-06-16T00:00:00Z,UNIUSDT,-0.00001030,2.9770,2.9770
2026-06-16T08:00:00Z,UNIUSDT,0.00008238,3.0220,3.0220
2026-06-16T16:00:00Z,UNIUSDT,0.00010000,3.2900,3.2900
2026-06-17T00:00:00Z,UNIUSDT,0.00010000,3.6420,3.6420
2026-06-17T08:00:00Z,UNIUSDT,0.00007715,3.3320,3.3320
2026-06-17T16:00:00Z,UNIUSDT,0.00004478,3.2240,3.2240
2026-06-18T00:00:00Z,UNIUSDT,0.00004229,3.1030,3.1030
2026-06-18T08:00:00Z,UNIUSDT,0.00005395,3.0180,3.0180
2026-06-18T16:00:00Z,UNIUSDT,0.00000804,3.2060,3.2060
2026-06-19T00:00:00Z,UNIUSDT,-0.00000835,3.0250,3.0250
2026-06-19T08:00:00Z,UNIUSDT,0.00000809,3.0530,3.0530
2026-06-19T16:00:00Z,UNIUSDT,0.00002823,3.0820,3.0820
2026-06-20T00:00:00Z,UNIUSDT,-0.00000232,3.0090,3.0090
2026-06-20T08:00:00Z,UNIUSDT,-0.00008177,3.0490,3.0490
2026-06-20T16:00:00Z,UNIUSDT,0.00000593,3.0040,3.0040
2026-06-21T00:00:00Z,UNIUSDT,0.00000946,2.9990,2.9990
2026-06-21T08:00:00Z,UNIUSDT,0.00006716,3.1110,3.1110
2026-06-21T16:00:00Z,UNIUSDT,0.00006687,2.9830,2.9830
2026-06-22T00:00:00Z,UNIUSDT,0.00002086,3.0140,3.0140
2026-06-22T08:00:00Z,UNIUSDT,-0.00004453,3.0680,3.0680
2026-06-22T16:00:00Z,UNIUSDT,0.00000759,2.9820,2.9820
2026-06-23T00:00:00Z,UNIUSDT,-0.00008279,2.8620,2.8620
2026-06-23T08:00:00Z,UNIUSDT,0.00005285,2.9010,2.9010
2026-06-23T16:00:00Z,UNIUSDT,0.00008357,2.9220,2.9220
2026-06-24T00:00:00Z,UNIUSDT,0.00010000,2.8950,2.8950
2026-06-24T08:00:00Z,UNIUSDT,0.00010000,2.8060,2.8060
2026-06-24T16:00:00Z,UNIUSDT,0.00003753,2.9240,2.9240
2026-06-25T00:00:00Z,UNIUSDT,0.00003031,2.9640,2.9640
2026-06-25T08:00:00Z,UNIUSDT,0.00007987,2.8570,2.8570
2026-06-25T16:00:00Z,UNIUSDT,-0.00000742,2.8830,2.8830
2026-06-26T00:00:00Z,UNIUSDT,0.00005958,2.9340,2.9340
2026-06-26T08:00:00Z,UNIUSDT,0.00005469,2.9390,2.9390
2026-06-26T16:00:00Z,UNIUSDT,0.00000969,2.9610,2.9610
2026-06-27T00:00:00Z,UNIUSDT,0.00007261,2.9430,2.9430
2026-06-27T08:00:00Z,UNIUSDT,0.00000771,2.9970,2.9970
2026-06-27T16:00:00Z,UNIUSDT,0.00004809,2.9220,2.9220
2026-06-28T00:00:00Z,UNIUSDT,0.00003371,2.9040,2.9040
2026-06-28T08:00:00Z,UNIUSDT,-0.00000158,2.9350,2.9350
2026-06-28T16:00:00Z,UNIUSDT,0.00001591,2.9230,2.9230
2026-06-29T00:00:00Z,UNIUSDT,0.00006762,2.9390,2.9390
2026-06-29T08:00:00Z,UNIUSDT,0.00010000,2.9600,2.9600
2026-06-29T16:00:00Z,UNIUSDT,0.00009119,2.8900,2.8900
2026-06-30T00:00:00Z,UNIUSDT,-0.00000375,2.8760,2.8760
2026-06-30T08:00:00Z,UNIUSDT,0.00010000,2.7570,2.7570
2026-06-30T16:00:00Z,UNIUSDT,-0.00004978,2.7750,2.7750
