timestamp,symbol,rate,mark_price,spot_price
2023-10-31T08:00:00Z,ZECUSDT,0.00010000,28.01800801,28.01800801
2023-10-31T16:00:00Z,ZECUSDT,0.00010000,27.92297521,27.92297521
2023-11-01T00:00:00Z,ZECUSDT,0.00010000,28.32639659,28.32639659
2023-11-01T08:00:00Z,ZECUSDT,0.00010000,27.68704652,27.68704652
2023-11-01T16:00:00Z,ZECUSDT,0.00010000,27.58000000,27.58000000
2023-11-02T00:00:00Z,ZECUSDT,0.00016013,28.67885428,28.67885428
2023-11-02T08:00:00Z,ZECUSDT,0.00025709,28.51531167,28.51531167
2023-11-02T16:00:00Z,ZECUSDT,0.00010000,27.54000000,27.54000000
2023-11-03T00:00:00Z,ZECUSDT,0.00010000,27.52418065,27.52418065
2023-11-03T08:00:00Z,ZECUSDT,0.00010000,27.08000000,27.08000000
2023-11-03T16:00:00Z,ZECUSDT,0.00010000,27.33939967,27.33939967
2023-11-04T00:00:00Z,ZECUSDT,0.00010000,27.67218565,27.67218565
2023-11-04T08:00:00Z,ZECUSDT,0.00010000,27.85371911,27.85371911
2023-11-04T16:00:00Z,ZECUSDT,0.00010000,27.71407402,27.71407402
2023-11-05T00:00:00Z,ZECUSDT,0.00010000,28.19937494,28.19937494
2023-11-05T08:00:00Z,ZECUSDT,0.00010000,28.53468219,28.53468219
2023-11-05T16:00:00Z,ZECUSDT,0.00014049,28.48000000,28.48000000
2023-11-06T00:00:00Z,ZECUSDT,0.00013373,28.65000000,28.65000000
2023-11-06T08:00:00Z,ZECUSDT,0.00020712,28.88986383,28.88986383
2023-11-06T16:00:00Z,ZECUSDT,0.00022790,29.31000000,29.31000000
2023-11-07T00:00:00Z,ZECUSDT,0.00017170,29.84277199,29.84277199
2023-11-07T08:00:00Z,ZECUSDT,0.00017510,30.09000000,30.09000000
2023-11-07T16:00:00Z,ZECUSDT,0.00012819,28.73493208,28.73493208
2023-11-08T00:00:00Z,ZECUSDT,0.00010000,29.25000000,29.25000000
2023-11-08T08:00:00Z,ZECUSDT,0.00010000,29.94462235,29.94462235
2023-11-08T16:00:00Z,ZECUSDT,0.00010000,29.89000000,29.89000000
2023-11-09T00:00:00Z,ZECUSDT,0.00010000,30.08256198,30.08256198
2023-11-09T08:00:00Z,ZECUSDT,0.00010000,30.19888630,30.19888630
2023-11-09T16:00:00Z,ZECUSDT,0.00010000,30.34987530,30.34987530
2023-11-10T00:00:00Z,ZECUSDT,0.00010000,29.52187610,29.52187610
2023-11-10T08:00:00Z,ZECUSDT,0.00015030,29.58000000,29.58000000
2023-11-10T16:00:00Z,ZECUSDT,0.00010000,29.58790922,29.58790922
2023-11-11T00:00:00Z,ZECUSDT,0.00017279,30.39796933,30.39796933
2023-11-11T08:00:00Z,ZECUSDT,0.00030484,29.89000000,29.89000000
2023-11-11T16:00:00Z,ZECUSDT,0.00039957,30.35000000,30.35000000
2023-11-12T00:00:00Z,ZECUSDT,0.00044180,30.47000000,30.47000000
2023-11-12T08:00:00Z,ZECUSDT,0.00048857,30.84348822,30.84348822
2023-11-12T16:00:00Z,ZECUSDT,0.00024285,31.13025451,31.13025451
2023-11-13T00:00:00Z,ZECUSDT,0.00031233,31.23986971,31.23986971
2023-11-13T08:00:00Z,ZECUSDT,0.00019761,30.85000000,30.85000000
2023-11-13T16:00:00Z,ZECUSDT,0.00018295,30.82764400,30.82764400
2023-11-14T00:00:00Z,ZECUSDT,0.00010000,29.60642039,29.60642039
2023-11-14T08:00:00Z,ZECUSDT,0.00012166,30.37000000,30.37000000
2023-11-14T16:00:00Z,ZECUSDT,0.00010000,29.72649434,29.72649434
2023-11-15T00:00:00Z,ZECUSDT,0.00010000,29.39971648,29.39971648
2023-11-15T08:00:00Z,ZECUSDT,0.00010259,30.12929122,30.12929122
2023-11-15T16:00:00Z,ZECUSDT,0.00010000,30.21848377,30.21848377
2023-11-16T00:00:00Z,ZECUSDT,0.00010000,30.38000000,30.38000000
2023-11-16T08:00:00Z,ZECUSDT,0.00010000,30.89195760,30.89195760
2023-11-16T16:00:00Z,ZECUSDT,0.00010000,29.85000000,29.85000000
2023-11-17T00:00:00Z,ZECUSDT,0.00010000,29.53000000,29.53000000
2023-11-17T08:00:00Z,ZECUSDT,0.00010000,29.58486368,29.58486368
2023-11-17T16:00:00Z,ZECUSDT,0.00010000,28.34276861,28.34276861
2023-11-18T00:00:00Z,ZECUSDT,0.00010000,29.36000000,29.36000000
2023-11-18T08:00:00Z,ZECUSDT,0.00010000,28.41830798,28.41830798
2023-11-18T16:00:00Z,ZECUSDT,0.00010000,28.90237318,28.90237318
2023-11-19T00:00:00Z,ZECUSDT,0.00010000,28.90000000,28.90000000
2023-11-19T08:00:00Z,ZECUSDT,0.00010000,28.98744721,28.98744721
2023-11-19T16:00:00Z,ZECUSDT,0.00010000,28.58519099,28.58519099
2023-11-20T00:00:00Z,ZECUSDT,0.00010000,29.26000000,29.26000000
2023-11-20T08:00:00Z,ZECUSDT,0.00010000,29.35745629,29.35745629
2023-11-20T16:00:00Z,ZECUSDT,0.00010000,29.44728023,29.44728023
2023-11-21T00:00:00Z,ZECUSDT,0.00010000,28.95048347,28.95048347
2023-11-21T08:00:00Z,ZECUSDT,0.00010000,28.54331274,28.54331274
2023-11-21T16:00:00Z,ZECUSDT,0.00010000,28.53421918,28.53421918
2023-11-22T00:00:00Z,ZECUSDT,0.00010000,26.81000000,26.81000000
2023-11-22T08:00:00Z,ZECUSDT,0.00010000,27.62824676,27.62824676
2023-11-22T16:00:00Z,ZECUSDT,0.00010000,28.27707095,28.27707095
2023-11-23T00:00:00Z,ZECUSDT,0.00010000,28.50654854,28.50654854
2023-11-23T08:00:00Z,ZECUSDT,0.00010000,28.63000000,28.63000000
2023-11-23T16:00:00Z,ZECUSDT,0.00010000,28.30262359,28.30262359
2023-11-24T00:00:00Z,ZECUSDT,0.00010000,28.84000000,28.84000000
2023-11-24T08:00:00Z,ZECUSDT,0.00010000,29.15000000,29.15000000
2023-11-24T16:00:00Z,ZECUSDT,0.00010000,29.40626930,29.40626930
2023-11-25T00:00:00Z,ZECUSDT,0.00010000,29.64000000,29.64000000
2023-11-25T08:00:00Z,ZECUSDT,0.00010000,30.08286918,30.08286918
2023-11-25T16:00:00Z,ZECUSDT,0.00010000,30.11000000,30.11000000
2023-11-26T00:00:00Z,ZECUSDT,0.00010000,30.16656354,30.16656354
2023-11-26T08:00:00Z,ZECUSDT,0.00010000,29.92000000,29.92000000
2023-11-26T16:00:00Z,ZECUSDT,0.00010000,29.42000000,29.42000000
2023-11-27T00:00:00Z,ZECUSDT,0.00010000,29.56887332,29.56887332
2023-11-27T08:00:00Z,ZECUSDT,0.00010000,29.14854423,29.14854423
2023-11-27T16:00:00Z,ZECUSDT,0.00010000,28.53249869,28.53249869
2023-11-28T00:00:00Z,ZECUSDT,0.00010000,28.79907759,28.79907759
2023-11-28T08:00:00Z,ZECUSDT,0.00010000,28.41000000,28.41000000
2023-11-28T16:00:00Z,ZECUSDT,0.00010000,28.88000000,28.88000000
2023-11-29T00:00:00Z,ZECUSDT,0.00010000,29.02503830,29.02503830
2023-11-29T08:00:00Z,ZECUSDT,0.00010000,29.05577806,29.05577806
2023-11-29T16:00:00Z,ZECUSDT,0.00010000,28.96000000,28.96000000
2023-11-30T00:00:00Z,ZECUSDT,0.00010000,29.08369234,29.08369234
2023-11-30T08:00:00Z,ZECUSDT,0.00010000,29.51000000,29.51000000
2023-11-30T16:00:00Z,ZECUSDT,0.00010000,29.41889022,29.41889022
2023-12-01T00:00:00Z,ZECUSDT,0.00010000,29.56636271,29.56636271
2023-12-01T08:00:00Z,ZECUSDT,0.00010000,29.53000000,29.53000000
2023-12-01T16:00:00Z,ZECUSDT,0.00010000,29.68000000,29.68000000
2023-12-02T00:00:00Z,ZECUSDT,0.00010000,29.80000000,29.80000000
2023-12-02T08:00:00Z,ZECUSDT,0.00010000,30.40191896,30.40191896
2023-12-02T16:00:00Z,ZECUSDT,0.00010000,30.60926489,30.60926489
2023-12-03T00:00:00Z,ZECUSDT,0.00014277,31.43000000,31.43000000
2023-12-03T08:00:00Z,ZECUSDT,0.00017243,31.32625836,31.32625836
2023-12-03T16:00:00Z,ZECUSDT,0.00016057,30.98000000,30.98000000
2023-12-04T00:00:00Z,ZECUSDT,0.00032646,30.86000000,30.86000000
2023-12-04T08:00:00Z,ZECUSDT,0.00045786,31.56000000,31.56000000
2023-12-04T16:00:00Z,ZECUSDT,0.00010000,30.86093264,30.86093264
2023-12-05T00:00:00Z,ZECUSDT,0.00010000,31.75626254,31.75626254
2023-12-05T08:00:00Z,ZECUSDT,0.00025194,30.86891212,30.86891212
2023-12-05T16:00:00Z,ZECUSDT,0.00016391,31.18690298,31.18690298
2023-12-06T00:00:00Z,ZECUSDT,0.00015785,31.75776938,31.75776938
2023-12-06T08:00:00Z,ZECUSDT,0.00025493,31.34000000,31.34000000
2023-12-06T16:00:00Z,ZECUSDT,0.00028340,31.53160590,31.53160590
2023-12-07T00:00:00Z,ZECUSDT,0.00015727,31.21535301,31.21535301
2023-12-07T08:00:00Z,ZECUSDT,0.00042049,31.89105057,31.89105057
2023-12-07T16:00:00Z,ZECUSDT,0.00041537,32.09763312,32.09763312
2023-12-08T00:00:00Z,ZECUSDT,0.00051486,32.05000000,32.05000000
2023-12-08T08:00:00Z,ZECUSDT,0.00029500,32.15000000,32.15000000
2023-12-08T16:00:00Z,ZECUSDT,0.00050023,32.83000000,32.83000000
2023-12-09T00:00:00Z,ZECUSDT,0.00044315,33.47000000,33.47000000
2023-12-09T08:00:00Z,ZECUSDT,0.00064140,34.38562970,34.38562970
2023-12-09T16:00:00Z,ZECUSDT,0.00049350,34.23000000,34.23000000
2023-12-10T00:00:00Z,ZECUSDT,0.00020764,33.51668431,33.51668431
2023-12-10T08:00:00Z,ZECUSDT,0.00016415,33.88000000,33.88000000
2023-12-10T16:00:00Z,ZECUSDT,0.00034412,33.58000000,33.58000000
2023-12-11T00:00:00Z,ZECUSDT,0.00011350,33.65399461,33.65399461
2023-12-11T08:00:00Z,ZECUSDT,0.00010000,30.76842718,30.76842718
2023-12-11T16:00:00Z,ZECUSDT,0.00010000,30.61852859,30.61852859
2023-12-12T00:00:00Z,ZECUSDT,0.00010000,30.41000000,30.41000000
2023-12-12T08:00:00Z,ZECUSDT,0.00010000,31.20417216,31.20417216
2023-12-12T16:00:00Z,ZECUSDT,0.00019035,30.85000000,30.85000000
2023-12-13T00:00:00Z,ZECUSDT,0.00013867,31.01000000,31.01000000
2023-12-13T08:00:00Z,ZECUSDT,0.00015179,29.98475709,29.98475709
2023-12-13T16:00:00Z,ZECUSDT,0.00010293,30.42000000,30.42000000
2023-12-14T00:00:00Z,ZECUSDT,0.00033695,30.69925141,30.69925141
2023-12-14T08:00:00Z,ZECUSDT,0.00010000,30.72985995,30.72985995
2023-12-14T16:00:00Z,ZECUSDT,0.00019415,30.19000000,30.19000000
2023-12-15T00:00:00Z,ZECUSDT,0.00035960,30.65000000,30.65000000
2023-12-15T08:00:00Z,ZECUSDT,0.00034816,29.98626737,29.98626737
2023-12-15T16:00:00Z,ZECUSDT,0.00030736,29.93674757,29.93674757
2023-12-16T00:00:00Z,ZECUSDT,0.00018497,29.54000000,29.54000000
2023-12-16T08:00:00Z,ZECUSDT,0.00021494,30.25000000,30.25000000
2023-12-16T16:00:00Z,ZECUSDT,0.00030537,30.17292972,30.17292972
2023-12-17T00:00:00Z,ZECUSDT,0.00017538,30.01000000,30.01000000
2023-12-17T08:00:00Z,ZECUSDT,0.00014040,29.55359313,29.55359313
2023-12-17T16:00:00Z,ZECUSDT,0.00038586,30.09000000,30.09000000
2023-12-18T00:00:00Z,ZECUSDT,0.00033223,29.79000000,29.79000000
2023-12-18T08:00:00Z,ZECUSDT,0.00013288,28.75619581,28.75619581
2023-12-18T16:00:00Z,ZECUSDT,0.00010000,28.37000000,28.37000000
2023-12-19T00:00:00Z,ZECUSDT,0.00010000,28.96000000,28.96000000
2023-12-19T08:00:00Z,ZECUSDT,0.00019858,29.19727630,29.19727630
2023-12-19T16:00:00Z,ZECUSDT,0.00019728,28.12183086,28.12183086
2023-12-20T00:00:00Z,ZECUSDT,0.00010000,27.90676152,27.90676152
2023-12-20T08:00:00Z,ZECUSDT,0.00010000,28.55373720,28.55373720
2023-12-20T16:00:00Z,ZECUSDT,0.00031026,29.32698201,29.32698201
2023-12-21T00:00:00Z,ZECUSDT,0.00016464,29.17946357,29.17946357
2023-12-21T08:00:00Z,ZECUSDT,0.00016489,29.65409960,29.65409960
2023-12-21T16:00:00Z,ZECUSDT,0.00036264,29.70915544,29.70915544
2023-12-22T00:00:00Z,ZECUSDT,0.00044733,30.02729169,30.02729169
2023-12-22T08:00:00Z,ZECUSDT,0.00036851,29.81832771,29.81832771
2023-12-22T16:00:00Z,ZECUSDT,0.00057275,30.12571222,30.12571222
2023-12-23T00:00:00Z,ZECUSDT,0.00069592,30.43000000,30.43000000
2023-12-23T08:00:00Z,ZECUSDT,0.00043820,29.98000000,29.98000000
2023-12-23T16:00:00Z,ZECUSDT,0.00050788,30.24000000,30.24000000
2023-12-24T00:00:00Z,ZECUSDT,0.00058243,30.41000000,30.41000000
2023-12-24T08:00:00Z,ZECUSDT,0.00050560,30.05005581,30.05005581
2023-12-24T16:00:00Z,ZECUSDT,0.00034878,30.76000000,30.76000000
2023-12-25T00:00:00Z,ZECUSDT,0.00031070,30.16651153,30.16651153
2023-12-25T08:00:00Z,ZECUSDT,0.00032918,30.86000000,30.86000000
2023-12-25T16:00:00Z,ZECUSDT,0.00032274,31.67000000,31.67000000
2023-12-26T00:00:00Z,ZECUSDT,0.00046338,31.30000000,31.30000000
2023-12-26T08:00:00Z,ZECUSDT,0.00030066,31.02000000,31.02000000
2023-12-26T16:00:00Z,ZECUSDT,0.00044522,31.11000000,31.11000000
2023-12-27T00:00:00Z,ZECUSDT,0.00010428,30.42309035,30.42309035
2023-12-27T08:00:00Z,ZECUSDT,0.00010000,30.11000000,30.11000000
2023-12-27T16:00:00Z,ZECUSDT,0.00049320,31.78000000,31.78000000
2023-12-28T00:00:00Z,ZECUSDT,0.00031572,31.85458475,31.85458475
2023-12-28T08:00:00Z,ZECUSDT,0.00036003,32.58745504,32.58745504
2023-12-28T16:00:00Z,ZECUSDT,0.00036954,32.06222718,32.06222718
2023-12-29T00:00:00Z,ZECUSDT,0.00042339,31.95000000,31.95000000
2023-12-29T08:00:00Z,ZECUSDT,0.00018312,31.02477638,31.02477638
2023-12-29T16:00:00Z,ZECUSDT,0.00050945,28.83000000,28.83000000
2023-12-30T00:00:00Z,ZECUSDT,0.00010000,28.69000000,28.69000000
2023-12-30T08:00:00Z,ZECUSDT,0.00036523,28.88689191,28.88689191
2023-12-30T16:00:00Z,ZECUSDT,0.00027339,28.50703840,28.50703840
2023-12-31T00:00:00Z,ZECUSDT,0.00033645,28.66536613,28.66536613
2023-12-31T08:00:00Z,ZECUSDT,0.00048725,28.51332593,28.51332593
2023-12-31T16:00:00Z,ZECUSDT,0.00051069,28.45000000,28.45000000
2024-01-01T00:00:00Z,ZECUSDT,0.00025399,26.93000000,26.93000000
2024-01-01T08:00:00Z,ZECUSDT,0.00034983,26.76752761,26.76752761
2024-01-01T16:00:00Z,ZECUSDT,0.00018308,27.28027049,27.28027049
2024-01-02T00:00:00Z,ZECUSDT,0.00039066,27.83000000,27.83000000
2024-01-02T08:00:00Z,ZECUSDT,0.00048635,27.90000000,27.90000000
2024-01-02T16:00:00Z,ZECUSDT,0.00057406,27.56000000,27.56000000
2024-01-03T00:00:00Z,ZECUSDT,0.00031690,27.61735287,27.61735287
2024-01-03T08:00:00Z,ZECUSDT,0.00033517,27.72000000,27.72000000
2024-01-03T16:00:00Z,ZECUSDT,0.00010000,24.56456899,24.56456899
2024-01-04T00:00:00Z,ZECUSDT,0.00010000,25.02000000,25.02000000
2024-01-04T08:00:00Z,ZECUSDT,0.00010000,24.75000000,24.75000000
2024-01-04T16:00:00Z,ZECUSDT,0.00010000,24.84000000,24.84000000
2024-01-05T00:00:00Z,ZECUSDT,0.00010000,24.15629080,24.15629080
2024-01-05T08:00:00Z,ZECUSDT,0.00010000,23.50000000,23.50000000
2024-01-05T16:00:00Z,ZECUSDT,0.00010000,23.31000000,23.31000000
2024-01-06T00:00:00Z,ZECUSDT,0.00010000,23.55000000,23.55000000
2024-01-06T08:00:00Z,ZECUSDT,0.00010000,22.62266177,22.62266177
2024-01-06T16:00:00Z,ZECUSDT,0.00010000,23.03000000,23.03000000
2024-01-07T00:00:00Z,ZECUSDT,0.00010000,23.08000000,23.08000000
2024-01-07T08:00:00Z,ZECUSDT,0.00010000,23.26000000,23.26000000
2024-01-07T16:00:00Z,ZECUSDT,0.00010000,22.47214791,22.47214791
2024-01-08T00:00:00Z,ZECUSDT,0.00010000,21.91979962,21.91979962
2024-01-08T08:00:00Z,ZECUSDT,0.00010000,21.27895728,21.27895728
2024-01-08T16:00:00Z,ZECUSDT,0.00010000,21.15000000,21.15000000
2024-01-09T00:00:00Z,ZECUSDT,0.00010000,21.26636205,21.26636205
2024-01-09T08:00:00Z,ZECUSDT,0.00010000,20.74002291,20.74002291
2024-01-09T16:00:00Z,ZECUSDT,0.00010000,19.25336192,19.25336192
2024-01-10T00:00:00Z,ZECUSDT,0.00010000,19.65215832,19.65215832
2024-01-10T08:00:00Z,ZECUSDT,0.00010000,19.97104249,19.97104249
2024-01-10T16:00:00Z,ZECUSDT,0.00010000,20.53000000,20.53000000
2024-01-11T00:00:00Z,ZECUSDT,0.00010000,22.29019721,22.29019721
2024-01-11T08:00:00Z,ZECUSDT,0.00010000,23.72520161,23.72520161
2024-01-11T16:00:00Z,ZECUSDT,0.00010000,23.95000000,23.95000000
2024-01-12T00:00:00Z,ZECUSDT,0.00010000,24.43876325,24.43876325
2024-01-12T08:00:00Z,ZECUSDT,0.00010000,24.27000000,24.27000000
2024-01-12T16:00:00Z,ZECUSDT,0.00010000,24.48809222,24.48809222
2024-01-13T00:00:00Z,ZECUSDT,0.00010000,23.76000000,23.76000000
2024-01-13T08:00:00Z,ZECUSDT,0.00010000,23.62619520,23.62619520
2024-01-13T16:00:00Z,ZECUSDT,0.00010000,23.54578500,23.54578500
2024-01-14T00:00:00Z,ZECUSDT,0.00010000,23.38532319,23.38532319
2024-01-14T08:00:00Z,ZECUSDT,0.00010000,23.52609696,23.52609696
2024-01-14T16:00:00Z,ZECUSDT,0.00010000,23.69000000,23.69000000
2024-01-15T00:00:00Z,ZECUSDT,0.00010000,22.73005204,22.73005204
2024-01-15T08:00:00Z,ZECUSDT,0.00010000,23.12905080,23.12905080
2024-01-15T16:00:00Z,ZECUSDT,0.00010000,23.03161323,23.03161323
2024-01-16T00:00:00Z,ZECUSDT,0.00010000,23.63000000,23.63000000
2024-01-16T08:00:00Z,ZECUSDT,0.00010000,23.38000000,23.38000000
2024-01-16T16:00:00Z,ZECUSDT,0.00010000,23.44836176,23.44836176
2024-01-17T00:00:00Z,ZECUSDT,0.00010000,23.16639422,23.16639422
2024-01-17T08:00:00Z,ZECUSDT,0.00010000,22.78000000,22.78000000
2024-01-17T16:00:00Z,ZECUSDT,0.00010000,22.75996599,22.75996599
2024-01-18T00:00:00Z,ZECUSDT,0.00010000,22.94000000,22.94000000
2024-01-18T08:00:00Z,ZECUSDT,0.00010000,23.24677041,23.24677041
2024-01-18T16:00:00Z,ZECUSDT,0.00010000,22.99000000,22.99000000
2024-01-19T00:00:00Z,ZECUSDT,0.00010000,22.48812756,22.48812756
2024-01-19T08:00:00Z,ZECUSDT,0.00010000,22.45935322,22.45935322
2024-01-19T16:00:00Z,ZECUSDT,0.00010000,22.48245447,22.48245447
2024-01-20T00:00:00Z,ZECUSDT,0.00010000,23.60803274,23.60803274
2024-01-20T08:00:00Z,ZECUSDT,0.00010000,23.33432827,23.33432827
2024-01-20T16:00:00Z,ZECUSDT,0.00010000,23.40644929,23.40644929
2024-01-21T00:00:00Z,ZECUSDT,0.00010000,23.60000000,23.60000000
2024-01-21T08:00:00Z,ZECUSDT,0.00010000,23.74455810,23.74455810
2024-01-21T16:00:00Z,ZECUSDT,0.00010000,23.41494891,23.41494891
2024-01-22T00:00:00Z,ZECUSDT,0.00010000,23.38659856,23.38659856
2024-01-22T08:00:00Z,ZECUSDT,0.00010000,23.32984538,23.32984538
2024-01-22T16:00:00Z,ZECUSDT,0.00010000,22.82000347,22.82000347
2024-01-23T00:00:00Z,ZECUSDT,0.00010000,22.25000000,22.25000000
2024-01-23T08:00:00Z,ZECUSDT,0.00010000,22.17545048,22.17545048
2024-01-23T16:00:00Z,ZECUSDT,0.00010000,21.18798204,21.18798204
2024-01-24T00:00:00Z,ZECUSDT,0.00010000,21.43106978,21.43106978
2024-01-24T08:00:00Z,ZECUSDT,0.00010000,22.11021297,22.11021297
2024-01-24T16:00:00Z,ZECUSDT,0.00010000,21.93099818,21.93099818
2024-01-25T00:00:00Z,ZECUSDT,0.00010000,21.93000000,21.93000000
2024-01-25T08:00:00Z,ZECUSDT,0.00010000,22.09277638,22.09277638
2024-01-25T16:00:00Z,ZECUSDT,0.00010000,21.90920950,21.90920950
2024-01-26T00:00:00Z,ZECUSDT,0.00010000,22.39778580,22.39778580
2024-01-26T08:00:00Z,ZECUSDT,0.00010000,22.16000000,22.16000000
2024-01-26T16:00:00Z,ZECUSDT,0.00010000,22.66085504,22.66085504
2024-01-27T00:00:00Z,ZECUSDT,0.00010000,22.69000000,22.69000000
2024-01-27T08:00:00Z,ZECUSDT,0.00010000,22.43000000,22.43000000
2024-01-27T16:00:00Z,ZECUSDT,0.00010000,22.47599916,22.47599916
2024-01-28T00:00:00Z,ZECUSDT,0.00010000,22.76000000,22.76000000
2024-01-28T08:00:00Z,ZECUSDT,0.00010000,22.67000000,22.67000000
2024-01-28T16:00:00Z,ZECUSDT,0.00010000,22.41000000,22.41000000
2024-01-29T00:00:00Z,ZECUSDT,0.00010000,22.18000000,22.18000000
2024-01-29T08:00:00Z,ZECUSDT,0.00010000,22.57861633,22.57861633
2024-01-29T16:00:00Z,ZECUSDT,0.00010000,22.54000000,22.54000000
2024-01-30T00:00:00Z,ZECUSDT,0.00010000,23.00094547,23.00094547
2024-01-30T08:00:00Z,ZECUSDT,0.00010000,22.93663322,22.93663322
2024-01-30T16:00:00Z,ZECUSDT,0.00010000,23.03576111,23.03576111
2024-01-31T00:00:00Z,ZECUSDT,0.00010000,22.58116089,22.58116089
2024-01-31T08:00:00Z,ZECUSDT,0.00010000,22.59000000,22.59000000
2024-01-31T16:00:00Z,ZECUSDT,0.00010000,21.94115273,21.94115273
2024-02-01T00:00:00Z,ZECUSDT,0.00010000,21.69868338,21.69868338
2024-02-01T08:00:00Z,ZECUSDT,0.00010000,21.53000000,21.53000000
2024-02-01T16:00:00Z,ZECUSDT,0.00010000,21.47630472,21.47630472
2024-02-02T00:00:00Z,ZECUSDT,0.00010000,21.70202225,21.70202225
2024-02-02T08:00:00Z,ZECUSDT,0.00010000,21.92780134,21.92780134
2024-02-02T16:00:00Z,ZECUSDT,0.00010000,21.99174279,21.99174279
2024-02-03T00:00:00Z,ZECUSDT,0.00010000,22.06665960,22.06665960
2024-02-03T08:00:00Z,ZECUSDT,0.00010000,21.97551398,21.97551398
2024-02-03T16:00:00Z,ZECUSDT,0.00010000,22.07000000,22.07000000
2024-02-04T00:00:00Z,ZECUSDT,0.00010000,22.09073109,22.09073109
2024-02-04T08:00:00Z,ZECUSDT,0.00010000,21.71265443,21.71265443
2024-02-04T16:00:00Z,ZECUSDT,0.00010000,21.78030856,21.78030856
2024-02-05T00:00:00Z,ZECUSDT,0.00010000,21.40000000,21.40000000
2024-02-05T08:00:00Z,ZECUSDT,0.00010000,21.61598057,21.61598057
2024-02-05T16:00:00Z,ZECUSDT,0.00010000,21.23972253,21.23972253
2024-02-06T00:00:00Z,ZECUSDT,0.00010000,21.36446524,21.36446524
2024-02-06T08:00:00Z,ZECUSDT,0.00010000,21.23682495,21.23682495
2024-02-06T16:00:00Z,ZECUSDT,0.00010000,20.83000000,20.83000000
2024-02-07T00:00:00Z,ZECUSDT,0.00010000,19.22393442,19.22393442
2024-02-07T08:00:00Z,ZECUSDT,0.00010000,19.92393422,19.92393422
2024-02-07T16:00:00Z,ZECUSDT,0.00010000,20.11355417,20.11355417
2024-02-08T00:00:00Z,ZECUSDT,0.00010000,20.80677307,20.80677307
2024-02-08T08:00:00Z,ZECUSDT,0.00010000,20.53265991,20.53265991
2024-02-08T16:00:00Z,ZECUSDT,0.00010000,20.88819178,20.88819178
2024-02-09T00:00:00Z,ZECUSDT,0.00010000,20.86738655,20.86738655
2024-02-09T08:00:00Z,ZECUSDT,0.00010000,20.82755158,20.82755158
2024-02-09T16:00:00Z,ZECUSDT,0.00010000,20.94000000,20.94000000
2024-02-10T00:00:00Z,ZECUSDT,0.00010000,21.11107886,21.11107886
2024-02-10T08:00:00Z,ZECUSDT,0.00010000,20.80000000,20.80000000
2024-02-10T16:00:00Z,ZECUSDT,0.00010000,20.92000000,20.92000000
2024-02-11T00:00:00Z,ZECUSDT,0.00010000,20.90000000,20.90000000
2024-02-11T08:00:00Z,ZECUSDT,0.00010000,21.01954002,21.01954002
2024-02-11T16:00:00Z,ZECUSDT,0.00010000,20.83000000,20.83000000
2024-02-12T00:00:00Z,ZECUSDT,0.00010000,20.35000000,20.35000000
2024-02-12T08:00:00Z,ZECUSDT,0.00010000,20.35886769,20.35886769
2024-02-12T16:00:00Z,ZECUSDT,0.00010000,20.56465256,20.56465256
2024-02-13T00:00:00Z,ZECUSDT,0.00016071,21.09159531,21.09159531
2024-02-13T08:00:00Z,ZECUSDT,0.00035116,21.05067682,21.05067682
2024-02-13T16:00:00Z,ZECUSDT,0.00026336,20.74590582,20.74590582
2024-02-14T00:00:00Z,ZECUSDT,0.00031991,20.85676094,20.85676094
2024-02-14T08:00:00Z,ZECUSDT,0.00030393,20.83687402,20.83687402
2024-02-14T16:00:00Z,ZECUSDT,0.00036233,21.16000000,21.16000000
2024-02-15T00:00:00Z,ZECUSDT,0.00024197,21.32777943,21.32777943
2024-02-15T08:00:00Z,ZECUSDT,0.00038051,21.76000000,21.76000000
2024-02-15T16:00:00Z,ZECUSDT,0.00034269,22.16042521,22.16042521
2024-02-16T00:00:00Z,ZECUSDT,0.00043471,22.33000000,22.33000000
2024-02-16T08:00:00Z,ZECUSDT,0.00033237,22.45022991,22.45022991
2024-02-16T16:00:00Z,ZECUSDT,0.00024376,22.53804782,22.53804782
2024-02-17T00:00:00Z,ZECUSDT,0.00018498,22.68000000,22.68000000
2024-02-17T08:00:00Z,ZECUSDT,0.00012386,23.06684784,23.06684784
2024-02-17T16:00:00Z,ZECUSDT,0.00011985,23.44745405,23.44745405
2024-02-18T00:00:00Z,ZECUSDT,0.00010000,24.85011435,24.85011435
2024-02-18T08:00:00Z,ZECUSDT,0.00010000,25.88000000,25.88000000
2024-02-18T16:00:00Z,ZECUSDT,0.00018774,26.29990022,26.29990022
2024-02-19T00:00:00Z,ZECUSDT,0.00016827,25.67291778,25.67291778
2024-02-19T08:00:00Z,ZECUSDT,0.00038501,25.61000000,25.61000000
2024-02-19T16:00:00Z,ZECUSDT,0.00026754,25.85988702,25.85988702
2024-02-20T00:00:00Z,ZECUSDT,0.00040976,26.89000000,26.89000000
2024-02-20T08:00:00Z,ZECUSDT,0.00046895,26.27071397,26.27071397
2024-02-20T16:00:00Z,ZECUSDT,0.00026491,23.97131028,23.97131028
2024-02-21T00:00:00Z,ZECUSDT,0.00010000,24.82000000,24.82000000
2024-02-21T08:00:00Z,ZECUSDT,0.00013694,24.21925017,24.21925017
2024-02-21T16:00:00Z,ZECUSDT,0.00010000,24.21406773,24.21406773
2024-02-22T00:00:00Z,ZECUSDT,0.00010267,24.52910188,24.52910188
2024-02-22T08:00:00Z,ZECUSDT,0.00010000,28.34010206,28.34010206
2024-02-22T16:00:00Z,ZECUSDT,0.00017088,27.52000000,27.52000000
2024-02-23T00:00:00Z,ZECUSDT,0.00018537,26.77000000,26.77000000
2024-02-23T08:00:00Z,ZECUSDT,0.00022685,26.29375524,26.29375524
2024-02-23T16:00:00Z,ZECUSDT,0.00020302,26.79811237,26.79811237
2024-02-24T00:00:00Z,ZECUSDT,0.00014897,26.86000000,26.86000000
2024-02-24T08:00:00Z,ZECUSDT,0.00010000,27.75000000,27.75000000
2024-02-24T16:00:00Z,ZECUSDT,0.00011225,27.72000000,27.72000000
2024-02-25T00:00:00Z,ZECUSDT,0.00010000,27.97955020,27.97955020
2024-02-25T08:00:00Z,ZECUSDT,0.00021739,27.48379355,27.48379355
2024-02-25T16:00:00Z,ZECUSDT,0.00013618,27.55552551,27.55552551
2024-02-26T00:00:00Z,ZECUSDT,0.00019926,27.76000000,27.76000000
2024-02-26T08:00:00Z,ZECUSDT,0.00027817,28.69000000,28.69000000
2024-02-26T16:00:00Z,ZECUSDT,0.00037528,28.57000000,28.57000000
2024-02-27T00:00:00Z,ZECUSDT,0.00032352,28.12951638,28.12951638
2024-02-27T08:00:00Z,ZECUSDT,0.00058284,29.30474054,29.30474054
2024-02-27T16:00:00Z,ZECUSDT,0.00036612,28.54993490,28.54993490
2024-02-28T00:00:00Z,ZECUSDT,0.00043196,28.79000000,28.79000000
2024-02-28T08:00:00Z,ZECUSDT,0.00037204,28.87757693,28.87757693
2024-02-28T16:00:00Z,ZECUSDT,0.00069102,28.57839423,28.57839423
2024-02-29T00:00:00Z,ZECUSDT,0.00031650,28.32666559,28.32666559
2024-02-29T08:00:00Z,ZECUSDT,0.00080909,29.89000000,29.89000000
2024-02-29T16:00:00Z,ZECUSDT,0.00068939,29.69000000,29.69000000
2024-03-01T00:00:00Z,ZECUSDT,0.00047432,27.93084919,27.93084919
2024-03-01T08:00:00Z,ZECUSDT,0.00056819,28.69540134,28.69540134
2024-03-01T16:00:00Z,ZECUSDT,0.00044185,28.82000000,28.82000000
2024-03-02T00:00:00Z,ZECUSDT,0.00076526,29.58000000,29.58000000
2024-03-02T08:00:00Z,ZECUSDT,0.00088447,30.90000000,30.90000000
2024-03-02T16:00:00Z,ZECUSDT,0.00076380,31.33800471,31.33800471
2024-03-03T00:00:00Z,ZECUSDT,0.00081283,33.15000000,33.15000000
2024-03-03T08:00:00Z,ZECUSDT,0.00076576,31.72000000,31.72000000
2024-03-03T16:00:00Z,ZECUSDT,0.00056288,31.95000000,31.95000000
2024-03-04T00:00:00Z,ZECUSDT,0.00044867,31.65000000,31.65000000
2024-03-04T08:00:00Z,ZECUSDT,0.00074422,32.35000000,32.35000000
2024-03-04T16:00:00Z,ZECUSDT,0.00058679,32.06024526,32.06024526
2024-03-05T00:00:00Z,ZECUSDT,0.00056930,32.78281240,32.78281240
2024-03-05T08:00:00Z,ZECUSDT,0.00113755,33.58000000,33.58000000
2024-03-05T16:00:00Z,ZECUSDT,0.00095717,34.23363969,34.23363969
2024-03-06T00:00:00Z,ZECUSDT,0.00010000,30.31472930,30.31472930
2024-03-06T08:00:00Z,ZECUSDT,0.00014415,31.71000000,31.71000000
2024-03-06T16:00:00Z,ZECUSDT,0.00010000,30.99000000,30.99000000
2024-03-07T00:00:00Z,ZECUSDT,0.00015741,32.89000000,32.89000000
2024-03-07T08:00:00Z,ZECUSDT,0.00039144,33.42000000,33.42000000
2024-03-07T16:00:00Z,ZECUSDT,0.00018220,33.74902051,33.74902051
2024-03-08T00:00:00Z,ZECUSDT,0.00059565,34.09664717,34.09664717
2024-03-08T08:00:00Z,ZECUSDT,0.00052411,33.79000000,33.79000000
2024-03-08T16:00:00Z,ZECUSDT,0.00050527,33.86157688,33.86157688
2024-03-09T00:00:00Z,ZECUSDT,0.00057589,34.63000000,34.63000000
2024-03-09T08:00:00Z,ZECUSDT,0.00079324,35.23000000,35.23000000
2024-03-09T16:00:00Z,ZECUSDT,0.00086635,34.96772645,34.96772645
2024-03-10T00:00:00Z,ZECUSDT,0.00061045,34.27000000,34.27000000
2024-03-10T08:00:00Z,ZECUSDT,0.00068869,34.25128504,34.25128504
2024-03-10T16:00:00Z,ZECUSDT,0.00026212,32.95555542,32.95555542
2024-03-11T00:00:00Z,ZECUSDT,0.00023409,33.79000000,33.79000000
2024-03-11T08:00:00Z,ZECUSDT,0.00060386,33.76000000,33.76000000
2024-03-11T16:00:00Z,ZECUSDT,0.00059185,33.09000000,33.09000000
2024-03-12T00:00:00Z,ZECUSDT,0.00083685,34.91828920,34.91828920
2024-03-12T08:00:00Z,ZECUSDT,0.00058103,33.66452088,33.66452088
2024-03-12T16:00:00Z,ZECUSDT,0.00034620,33.30000000,33.30000000
2024-03-13T00:00:00Z,ZECUSDT,0.00052325,34.20312500,34.20312500
2024-03-13T08:00:00Z,ZECUSDT,0.00078674,34.72478849,34.72478849
2024-03-13T16:00:00Z,ZECUSDT,0.00074520,33.28885577,33.28885577
2024-03-14T00:00:00Z,ZECUSDT,0.00052991,34.90000000,34.90000000
2024-03-14T08:00:00Z,ZECUSDT,0.00070068,34.58000000,34.58000000
2024-03-14T16:00:00Z,ZECUSDT,0.00031224,32.98621474,32.98621474
2024-03-15T00:00:00Z,ZECUSDT,0.00037148,34.13000000,34.13000000
2024-03-15T08:00:00Z,ZECUSDT,0.00019318,32.35994496,32.35994496
2024-03-15T16:00:00Z,ZECUSDT,0.00010000,31.07000000,31.07000000
2024-03-16T00:00:00Z,ZECUSDT,0.00011819,31.51493458,31.51493458
2024-03-16T08:00:00Z,ZECUSDT,0.00010000,32.10903535,32.10903535
2024-03-16T16:00:00Z,ZECUSDT,0.00034050,30.18610353,30.18610353
2024-03-17T00:00:00Z,ZECUSDT,0.00010000,29.11000000,29.11000000
2024-03-17T08:00:00Z,ZECUSDT,0.00010000,28.19945654,28.19945654
2024-03-17T16:00:00Z,ZECUSDT,0.00021039,29.70357452,29.70357452
2024-03-18T00:00:00Z,ZECUSDT,0.00015943,29.29000000,29.29000000
2024-03-18T08:00:00Z,ZECUSDT,0.00010000,29.15676411,29.15676411
2024-03-18T16:00:00Z,ZECUSDT,0.00010000,27.89999633,27.89999633
2024-03-19T00:00:00Z,ZECUSDT,0.00021125,27.59117712,27.59117712
2024-03-19T08:00:00Z,ZECUSDT,0.00010000,25.62818258,25.62818258
2024-03-19T16:00:00Z,ZECUSDT,0.00010000,26.12000000,26.12000000
2024-03-20T00:00:00Z,ZECUSDT,0.00010000,25.04910196,25.04910196
2024-03-20T08:00:00Z,ZECUSDT,0.00010000,26.17365595,26.17365595
2024-03-20T16:00:00Z,ZECUSDT,0.00010000,26.24750805,26.24750805
2024-03-21T00:00:00Z,ZECUSDT,0.00010000,28.35551886,28.35551886
2024-03-21T08:00:00Z,ZECUSDT,0.00010000,28.81087041,28.81087041
2024-03-21T16:00:00Z,ZECUSDT,0.00010000,29.16000000,29.16000000
2024-03-22T00:00:00Z,ZECUSDT,0.00010000,29.41802381,29.41802381
2024-03-22T08:00:00Z,ZECUSDT,0.00010567,29.48000000,29.48000000
2024-03-22T16:00:00Z,ZECUSDT,0.00010000,28.63048612,28.63048612
2024-03-23T00:00:00Z,ZECUSDT,0.00012682,28.81292360,28.81292360
2024-03-23T08:00:00Z,ZECUSDT,0.00010000,28.87655511,28.87655511
2024-03-23T16:00:00Z,ZECUSDT,0.00010000,29.35000000,29.35000000
2024-03-24T00:00:00Z,ZECUSDT,0.00010000,28.69000000,28.69000000
2024-03-24T08:00:00Z,ZECUSDT,0.00010000,28.99014183,28.99014183
2024-03-24T16:00:00Z,ZECUSDT,0.00018066,29.37000000,29.37000000
2024-03-25T00:00:00Z,ZECUSDT,0.00010000,29.81000000,29.81000000
2024-03-25T08:00:00Z,ZECUSDT,0.00010000,29.64922456,29.64922456
2024-03-25T16:00:00Z,ZECUSDT,0.00015949,30.23145845,30.23145845
2024-03-26T00:00:00Z,ZECUSDT,0.00019578,30.36000000,30.36000000
2024-03-26T08:00:00Z,ZECUSDT,0.00014903,30.92865874,30.92865874
2024-03-26T16:00:00Z,ZECUSDT,0.00016896,31.51000000,31.51000000
2024-03-27T00:00:00Z,ZECUSDT,0.00033072,31.66274044,31.66274044
2024-03-27T08:00:00Z,ZECUSDT,0.00037820,30.71000000,30.71000000
2024-03-27T16:00:00Z,ZECUSDT,0.00029318,30.53561752,30.53561752
2024-03-28T00:00:00Z,ZECUSDT,0.00012027,31.03717666,31.03717666
2024-03-28T08:00:00Z,ZECUSDT,0.00037232,31.57000000,31.57000000
2024-03-28T16:00:00Z,ZECUSDT,0.00024447,30.95000000,30.95000000
2024-03-29T00:00:00Z,ZECUSDT,0.00042024,30.83383042,30.83383042
2024-03-29T08:00:00Z,ZECUSDT,0.00046303,30.13371280,30.13371280
2024-03-29T16:00:00Z,ZECUSDT,0.00047604,30.52437195,30.52437195
2024-03-30T00:00:00Z,ZECUSDT,0.00041060,30.74096626,30.74096626
2024-03-30T08:00:00Z,ZECUSDT,0.00044922,30.21334501,30.21334501
2024-03-30T16:00:00Z,ZECUSDT,0.00057277,30.24000000,30.24000000
2024-03-31T00:00:00Z,ZECUSDT,0.00051240,30.12219594,30.12219594
2024-03-31T08:00:00Z,ZECUSDT,0.00053367,30.62000000,30.62000000
2024-03-31T16:00:00Z,ZECUSDT,0.00058480,30.47642501,30.47642501
2024-04-01T00:00:00Z,ZECUSDT,0.00078710,30.49596725,30.49596725
2024-04-01T08:00:00Z,ZECUSDT,0.00052667,29.64000000,29.64000000
2024-04-01T16:00:00Z,ZECUSDT,0.00022879,28.29989025,28.29989025
2024-04-02T00:00:00Z,ZECUSDT,0.00010000,28.97856978,28.97856978
2024-04-02T08:00:00Z,ZECUSDT,0.00012158,27.70397179,27.70397179
2024-04-02T16:00:00Z,ZECUSDT,0.00010000,27.16684679,27.16684679
2024-04-03T00:00:00Z,ZECUSDT,0.00010000,27.68471560,27.68471560
2024-04-03T08:00:00Z,ZECUSDT,0.00013833,28.17217378,28.17217378
2024-04-03T16:00:00Z,ZECUSDT,0.00011849,27.58000000,27.58000000
2024-04-04T00:00:00Z,ZECUSDT,0.00010000,27.19641524,27.19641524
2024-04-04T08:00:00Z,ZECUSDT,0.00010000,27.52000000,27.52000000
2024-04-04T16:00:00Z,ZECUSDT,0.00010000,27.87000000,27.87000000
2024-04-05T00:00:00Z,ZECUSDT,0.00010000,27.69000000,27.69000000
2024-04-05T08:00:00Z,ZECUSDT,0.00010000,27.22060324,27.22060324
2024-04-05T16:00:00Z,ZECUSDT,0.00010000,27.51000000,27.51000000
2024-04-06T00:00:00Z,ZECUSDT,0.00010000,27.31474479,27.31474479
2024-04-06T08:00:00Z,ZECUSDT,0.00012869,27.57778913,27.57778913
2024-04-06T16:00:00Z,ZECUSDT,0.00013338,27.54315763,27.54315763
2024-04-07T00:00:00Z,ZECUSDT,0.00010000,27.52000000,27.52000000
2024-04-07T08:00:00Z,ZECUSDT,0.00010000,27.72885604,27.72885604
2024-04-07T16:00:00Z,ZECUSDT,0.00013036,27.87000000,27.87000000
2024-04-08T00:00:00Z,ZECUSDT,0.00014088,27.87808247,27.87808247
2024-04-08T08:00:00Z,ZECUSDT,0.00020452,27.80000000,27.80000000
2024-04-08T16:00:00Z,ZECUSDT,0.00017411,28.44000000,28.44000000
2024-04-09T00:00:00Z,ZECUSDT,0.00010334,28.54159579,28.54159579
2024-04-09T08:00:00Z,ZECUSDT,0.00015802,28.29000000,28.29000000
2024-04-09T16:00:00Z,ZECUSDT,0.00010000,28.03000000,28.03000000
2024-04-10T00:00:00Z,ZECUSDT,0.00021077,27.66000000,27.66000000
2024-04-10T08:00:00Z,ZECUSDT,0.00011639,27.28000000,27.28000000
2024-04-10T16:00:00Z,ZECUSDT,0.00012506,26.88270908,26.88270908
2024-04-11T00:00:00Z,ZECUSDT,0.00010000,27.08244539,27.08244539
2024-04-11T08:00:00Z,ZECUSDT,0.00013610,27.08000000,27.08000000
2024-04-11T16:00:00Z,ZECUSDT,0.00013710,26.61000000,26.61000000
2024-04-12T00:00:00Z,ZECUSDT,0.00028569,26.54538270,26.54538270
2024-04-12T08:00:00Z,ZECUSDT,0.00010000,26.78245316,26.78245316
2024-04-12T16:00:00Z,ZECUSDT,0.00010230,26.39772878,26.39772878
2024-04-13T00:00:00Z,ZECUSDT,0.00010000,23.22204968,23.22204968
2024-04-13T08:00:00Z,ZECUSDT,0.00010000,23.57548242,23.57548242
2024-04-13T16:00:00Z,ZECUSDT,0.00010000,23.51684348,23.51684348
2024-04-14T00:00:00Z,ZECUSDT,0.00007129,20.45986604,20.45986604
2024-04-14T08:00:00Z,ZECUSDT,0.00010000,21.67113594,21.67113594
2024-04-14T16:00:00Z,ZECUSDT,0.00010000,20.94000000,20.94000000
2024-04-15T00:00:00Z,ZECUSDT,0.00010000,21.95267248,21.95267248
2024-04-15T08:00:00Z,ZECUSDT,0.00010000,22.75000000,22.75000000
2024-04-15T16:00:00Z,ZECUSDT,0.00010000,21.77786238,21.77786238
2024-04-16T00:00:00Z,ZECUSDT,0.00010000,21.20340275,21.20340275
2024-04-16T08:00:00Z,ZECUSDT,0.00010000,21.69000000,21.69000000
2024-04-16T16:00:00Z,ZECUSDT,0.00010000,20.67112343,20.67112343
2024-04-17T00:00:00Z,ZECUSDT,0.00010000,21.39374175,21.39374175
2024-04-17T08:00:00Z,ZECUSDT,0.00010000,21.23126587,21.23126587
2024-04-17T16:00:00Z,ZECUSDT,0.00010000,20.30214299,20.30214299
2024-04-18T00:00:00Z,ZECUSDT,0.00010000,21.03893058,21.03893058
2024-04-18T08:00:00Z,ZECUSDT,0.00010000,20.64507797,20.64507797
2024-04-18T16:00:00Z,ZECUSDT,0.00010000,21.84000000,21.84000000
2024-04-19T00:00:00Z,ZECUSDT,0.00010000,22.00000000,22.00000000
2024-04-19T08:00:00Z,ZECUSDT,0.00010000,22.42000000,22.42000000
2024-04-19T16:00:00Z,ZECUSDT,0.00010000,22.42000000,22.42000000
2024-04-20T00:00:00Z,ZECUSDT,0.00010000,22.25000000,22.25000000
2024-04-20T08:00:00Z,ZECUSDT,0.00010000,22.51331939,22.51331939
2024-04-20T16:00:00Z,ZECUSDT,0.00010000,22.91393242,22.91393242
2024-04-21T00:00:00Z,ZECUSDT,0.00007604,23.23000000,23.23000000
2024-04-21T08:00:00Z,ZECUSDT,0.00010000,23.25000000,23.25000000
2024-04-21T16:00:00Z,ZECUSDT,0.00010000,22.89000000,22.89000000
2024-04-22T00:00:00Z,ZECUSDT,0.00008156,22.71414790,22.71414790
2024-04-22T08:00:00Z,ZECUSDT,-0.00003729,23.71000000,23.71000000
2024-04-22T16:00:00Z,ZECUSDT,0.00007323,23.94431899,23.94431899
2024-04-23T00:00:00Z,ZECUSDT,0.00010000,24.29142705,24.29142705
2024-04-23T08:00:00Z,ZECUSDT,0.00010000,23.67727331,23.67727331
2024-04-23T16:00:00Z,ZECUSDT,0.00010000,24.01385117,24.01385117
2024-04-24T00:00:00Z,ZECUSDT,-0.00004370,23.95082740,23.95082740
2024-04-24T08:00:00Z,ZECUSDT,0.00010000,24.03000000,24.03000000
2024-04-24T16:00:00Z,ZECUSDT,0.00010000,23.18427634,23.18427634
2024-04-25T00:00:00Z,ZECUSDT,0.00008970,22.88000000,22.88000000
2024-04-25T08:00:00Z,ZECUSDT,-0.00000005,22.71586035,22.71586035
2024-04-25T16:00:00Z,ZECUSDT,0.00010000,23.26000000,23.26000000
2024-04-26T00:00:00Z,ZECUSDT,0.00010000,23.34000000,23.34000000
2024-04-26T08:00:00Z,ZECUSDT,0.00010000,22.98000000,22.98000000
2024-04-26T16:00:00Z,ZECUSDT,0.00010000,22.86000000,22.86000000
2024-04-27T00:00:00Z,ZECUSDT,0.00010000,22.87000000,22.87000000
2024-04-27T08:00:00Z,ZECUSDT,0.00010000,22.66613808,22.66613808
2024-04-27T16:00:00Z,ZECUSDT,0.00010000,22.66336097,22.66336097
2024-04-28T00:00:00Z,ZECUSDT,0.00010000,23.21000000,23.21000000
2024-04-28T08:00:00Z,ZECUSDT,0.00010000,23.25531286,23.25531286
2024-04-28T16:00:00Z,ZECUSDT,0.00005144,22.91000000,22.91000000
2024-04-29T00:00:00Z,ZECUSDT,0.00009232,22.46104479,22.46104479
2024-04-29T08:00:00Z,ZECUSDT,0.00010000,22.18490798,22.18490798
2024-04-29T16:00:00Z,ZECUSDT,0.00010000,22.49893157,22.49893157
2024-04-30T00:00:00Z,ZECUSDT,0.00010000,22.34880123,22.34880123
2024-04-30T08:00:00Z,ZECUSDT,0.00010000,22.00022486,22.00022486
2024-04-30T16:00:00Z,ZECUSDT,0.00010000,20.86408074,20.86408074
2024-05-01T00:00:00Z,ZECUSDT,0.00010000,21.35692055,21.35692055
2024-05-01T08:00:00Z,ZECUSDT,0.00010000,20.57509687,20.57509687
2024-05-01T16:00:00Z,ZECUSDT,0.00010000,20.97043320,20.97043320
2024-05-02T00:00:00Z,ZECUSDT,0.00010000,22.21230477,22.21230477
2024-05-02T08:00:00Z,ZECUSDT,0.00010000,21.72000000,21.72000000
2024-05-02T16:00:00Z,ZECUSDT,0.00010000,22.69000000,22.69000000
2024-05-03T00:00:00Z,ZECUSDT,0.00010000,22.74000000,22.74000000
2024-05-03T08:00:00Z,ZECUSDT,0.00010000,22.45585568,22.45585568
2024-05-03T16:00:00Z,ZECUSDT,0.00010000,23.11675561,23.11675561
2024-05-04T00:00:00Z,ZECUSDT,-0.00002733,23.01604316,23.01604316
2024-05-04T08:00:00Z,ZECUSDT,0.00007214,22.86000000,22.86000000
2024-05-04T16:00:00Z,ZECUSDT,0.00010000,23.22000000,23.22000000
2024-05-05T00:00:00Z,ZECUSDT,0.00003165,23.08128072,23.08128072
2024-05-05T08:00:00Z,ZECUSDT,0.00010000,22.80000000,22.80000000
2024-05-05T16:00:00Z,ZECUSDT,-0.00003833,23.22182956,23.22182956
2024-05-06T00:00:00Z,ZECUSDT,0.00010000,23.07179724,23.07179724
2024-05-06T08:00:00Z,ZECUSDT,0.00002436,23.48145015,23.48145015
2024-05-06T16:00:00Z,ZECUSDT,0.00010000,23.14000000,23.14000000
2024-05-07T00:00:00Z,ZECUSDT,0.00010000,22.85000000,22.85000000
2024-05-07T08:00:00Z,ZECUSDT,0.00010000,22.86000000,22.86000000
2024-05-07T16:00:00Z,ZECUSDT,0.00010000,22.81421075,22.81421075
2024-05-08T00:00:00Z,ZECUSDT,0.00010000,22.42315683,22.42315683
2024-05-08T08:00:00Z,ZECUSDT,0.00010000,22.29673254,22.29673254
2024-05-08T16:00:00Z,ZECUSDT,0.00010000,22.92430833,22.92430833
2024-05-09T00:00:00Z,ZECUSDT,0.00010000,23.46561263,23.46561263
2024-05-09T08:00:00Z,ZECUSDT,0.00010000,23.13486305,23.13486305
2024-05-09T16:00:00Z,ZECUSDT,0.00010000,23.67340084,23.67340084
2024-05-10T00:00:00Z,ZECUSDT,0.00010000,23.44891934,23.44891934
2024-05-10T08:00:00Z,ZECUSDT,0.00010000,23.79000000,23.79000000
2024-05-10T16:00:00Z,ZECUSDT,0.00010000,23.16434732,23.16434732
2024-05-11T00:00:00Z,ZECUSDT,0.00010000,22.84289444,22.84289444
2024-05-11T08:00:00Z,ZECUSDT,0.00010000,22.84546260,22.84546260
2024-05-11T16:00:00Z,ZECUSDT,0.00010000,22.91825022,22.91825022
2024-05-12T00:00:00Z,ZECUSDT,0.00010000,22.48000000,22.48000000
2024-05-12T08:00:00Z,ZECUSDT,0.00010000,22.65000000,22.65000000
2024-05-12T16:00:00Z,ZECUSDT,0.00010000,22.87780749,22.87780749
2024-05-13T00:00:00Z,ZECUSDT,0.00010000,22.36000000,22.36000000
2024-05-13T08:00:00Z,ZECUSDT,0.00010000,22.50489442,22.50489442
2024-05-13T16:00:00Z,ZECUSDT,0.00010000,22.27539059,22.27539059
2024-05-14T00:00:00Z,ZECUSDT,0.00010000,22.17420563,22.17420563
2024-05-14T08:00:00Z,ZECUSDT,0.00010000,22.33000000,22.33000000
2024-05-14T16:00:00Z,ZECUSDT,0.00010000,22.39935041,22.39935041
2024-05-15T00:00:00Z,ZECUSDT,0.00010000,21.93577985,21.93577985
2024-05-15T08:00:00Z,ZECUSDT,0.00010000,22.51390304,22.51390304
2024-05-15T16:00:00Z,ZECUSDT,0.00010000,22.48000000,22.48000000
2024-05-16T00:00:00Z,ZECUSDT,0.00010000,23.22000000,23.22000000
2024-05-16T08:00:00Z,ZECUSDT,0.00010000,23.38000000,23.38000000
2024-05-16T16:00:00Z,ZECUSDT,0.00010000,23.30358734,23.30358734
2024-05-17T00:00:00Z,ZECUSDT,0.00010000,23.68000000,23.68000000
2024-05-17T08:00:00Z,ZECUSDT,0.00010000,23.68000000,23.68000000
2024-05-17T16:00:00Z,ZECUSDT,0.00010000,23.72000000,23.72000000
2024-05-18T00:00:00Z,ZECUSDT,0.00010000,23.58000000,23.58000000
2024-05-18T08:00:00Z,ZECUSDT,0.00010000,23.51333252,23.51333252
2024-05-18T16:00:00Z,ZECUSDT,0.00010000,23.35000000,23.35000000
2024-05-19T00:00:00Z,ZECUSDT,0.00010000,23.55343494,23.55343494
2024-05-19T08:00:00Z,ZECUSDT,0.00010000,23.50000000,23.50000000
2024-05-19T16:00:00Z,ZECUSDT,0.00010000,23.40294125,23.40294125
2024-05-20T00:00:00Z,ZECUSDT,0.00010000,23.22256270,23.22256270
2024-05-20T08:00:00Z,ZECUSDT,0.00010000,23.46789248,23.46789248
2024-05-20T16:00:00Z,ZECUSDT,0.00010000,23.48156860,23.48156860
2024-05-21T00:00:00Z,ZECUSDT,0.00010000,25.02779706,25.02779706
2024-05-21T08:00:00Z,ZECUSDT,0.00010000,24.74291326,24.74291326
2024-05-21T16:00:00Z,ZECUSDT,0.00010000,24.27052112,24.27052112
2024-05-22T00:00:00Z,ZECUSDT,0.00010000,24.59597369,24.59597369
2024-05-22T08:00:00Z,ZECUSDT,0.00010000,24.27000000,24.27000000
2024-05-22T16:00:00Z,ZECUSDT,0.00010000,24.78000000,24.78000000
2024-05-23T00:00:00Z,ZECUSDT,0.00010000,24.70743695,24.70743695
2024-05-23T08:00:00Z,ZECUSDT,0.00010000,25.13000000,25.13000000
2024-05-23T16:00:00Z,ZECUSDT,0.00010000,24.58000000,24.58000000
2024-05-24T00:00:00Z,ZECUSDT,0.00010000,25.31974228,25.31974228
2024-05-24T08:00:00Z,ZECUSDT,0.00010000,26.43864574,26.43864574
2024-05-24T16:00:00Z,ZECUSDT,0.00010000,26.68044434,26.68044434
2024-05-25T00:00:00Z,ZECUSDT,0.00010000,27.71890142,27.71890142
2024-05-25T08:00:00Z,ZECUSDT,0.00010000,27.45241225,27.45241225
2024-05-25T16:00:00Z,ZECUSDT,0.00010000,26.65000000,26.65000000
2024-05-26T00:00:00Z,ZECUSDT,0.00010000,26.91213496,26.91213496
2024-05-26T08:00:00Z,ZECUSDT,0.00010000,26.79805933,26.79805933
2024-05-26T16:00:00Z,ZECUSDT,0.00010000,26.37611985,26.37611985
2024-05-27T00:00:00Z,ZECUSDT,0.00010000,26.53371044,26.53371044
2024-05-27T08:00:00Z,ZECUSDT,0.00010000,26.66000000,26.66000000
2024-05-27T16:00:00Z,ZECUSDT,0.00010000,27.88000000,27.88000000
2024-05-28T00:00:00Z,ZECUSDT,0.00010000,27.01000000,27.01000000
2024-05-28T08:00:00Z,ZECUSDT,0.00010000,26.84095237,26.84095237
2024-05-28T16:00:00Z,ZECUSDT,0.00010000,26.52000000,26.52000000
2024-05-29T00:00:00Z,ZECUSDT,0.00010000,26.67000000,26.67000000
2024-05-29T08:00:00Z,ZECUSDT,0.00010000,26.86000000,26.86000000
2024-05-29T16:00:00Z,ZECUSDT,0.00010000,26.89078164,26.89078164
2024-05-30T00:00:00Z,ZECUSDT,0.00010000,26.85853209,26.85853209
2024-05-30T08:00:00Z,ZECUSDT,0.00010000,26.40000000,26.40000000
2024-05-30T16:00:00Z,ZECUSDT,0.00010000,26.97000000,26.97000000
2024-05-31T00:00:00Z,ZECUSDT,0.00010000,26.72000000,26.72000000
2024-05-31T08:00:00Z,ZECUSDT,0.00010000,26.70772091,26.70772091
2024-05-31T16:00:00Z,ZECUSDT,0.00010000,26.53502451,26.53502451
2024-06-01T00:00:00Z,ZECUSDT,0.00010880,26.98000000,26.98000000
2024-06-01T08:00:00Z,ZECUSDT,0.00010000,26.42000000,26.42000000
2024-06-01T16:00:00Z,ZECUSDT,0.00010000,26.81000000,26.81000000
2024-06-02T00:00:00Z,ZECUSDT,0.00010000,27.07000000,27.07000000
2024-06-02T08:00:00Z,ZECUSDT,0.00010000,26.41576843,26.41576843
2024-06-02T16:00:00Z,ZECUSDT,0.00010000,26.74073050,26.74073050
2024-06-03T00:00:00Z,ZECUSDT,0.00010000,26.39000000,26.39000000
2024-06-03T08:00:00Z,ZECUSDT,0.00010000,26.60000000,26.60000000
2024-06-03T16:00:00Z,ZECUSDT,0.00010000,25.93958197,25.93958197
2024-06-04T00:00:00Z,ZECUSDT,0.00010000,25.51967086,25.51967086
2024-06-04T08:00:00Z,ZECUSDT,0.00010000,25.44000000,25.44000000
2024-06-04T16:00:00Z,ZECUSDT,0.00010000,25.69000000,25.69000000
2024-06-05T00:00:00Z,ZECUSDT,0.00013968,27.57892122,27.57892122
2024-06-05T08:00:00Z,ZECUSDT,0.00019657,27.06000000,27.06000000
2024-06-05T16:00:00Z,ZECUSDT,0.00010000,26.60000000,26.60000000
2024-06-06T00:00:00Z,ZECUSDT,0.00017579,26.52000000,26.52000000
2024-06-06T08:00:00Z,ZECUSDT,0.00010000,26.15000000,26.15000000
2024-06-06T16:00:00Z,ZECUSDT,0.00010000,26.71000000,26.71000000
2024-06-07T00:00:00Z,ZECUSDT,0.00010000,26.77000000,26.77000000
2024-06-07T08:00:00Z,ZECUSDT,0.00022988,26.88006224,26.88006224
2024-06-07T16:00:00Z,ZECUSDT,0.00016878,26.73000000,26.73000000
2024-06-08T00:00:00Z,ZECUSDT,0.00010000,24.90580793,24.90580793
2024-06-08T08:00:00Z,ZECUSDT,0.00010000,24.95000000,24.95000000
2024-06-08T16:00:00Z,ZECUSDT,0.00010000,24.07000000,24.07000000
2024-06-09T00:00:00Z,ZECUSDT,0.00010000,22.97488326,22.97488326
2024-06-09T08:00:00Z,ZECUSDT,0.00010000,23.55000000,23.55000000
2024-06-09T16:00:00Z,ZECUSDT,0.00010000,23.45000000,23.45000000
2024-06-10T00:00:00Z,ZECUSDT,0.00010000,23.75131653,23.75131653
2024-06-10T08:00:00Z,ZECUSDT,0.00010000,23.29716032,23.29716032
2024-06-10T16:00:00Z,ZECUSDT,0.00010000,24.15913230,24.15913230
2024-06-11T00:00:00Z,ZECUSDT,0.00010000,23.56000000,23.56000000
2024-06-11T08:00:00Z,ZECUSDT,0.00010000,23.03003469,23.03003469
2024-06-11T16:00:00Z,ZECUSDT,0.00010000,22.28431195,22.28431195
2024-06-12T00:00:00Z,ZECUSDT,0.00010000,22.77021906,22.77021906
2024-06-12T08:00:00Z,ZECUSDT,0.00010000,23.25000000,23.25000000
2024-06-12T16:00:00Z,ZECUSDT,0.00010000,23.78419759,23.78419759
2024-06-13T00:00:00Z,ZECUSDT,0.00010000,23.60406404,23.60406404
2024-06-13T08:00:00Z,ZECUSDT,0.00010000,23.23000000,23.23000000
2024-06-13T16:00:00Z,ZECUSDT,0.00010000,22.75402516,22.75402516
2024-06-14T00:00:00Z,ZECUSDT,0.00010000,22.76603334,22.76603334
2024-06-14T08:00:00Z,ZECUSDT,0.00010000,23.29672261,23.29672261
2024-06-14T16:00:00Z,ZECUSDT,0.00010000,23.04028628,23.04028628
2024-06-15T00:00:00Z,ZECUSDT,0.00010000,22.74000000,22.74000000
2024-06-15T08:00:00Z,ZECUSDT,0.00010000,22.81000000,22.81000000
2024-06-15T16:00:00Z,ZECUSDT,0.00010000,22.65271905,22.65271905
2024-06-16T00:00:00Z,ZECUSDT,0.00010000,22.65000000,22.65000000
2024-06-16T08:00:00Z,ZECUSDT,0.00010000,22.86415027,22.86415027
2024-06-16T16:00:00Z,ZECUSDT,0.00010000,22.67000000,22.67000000
2024-06-17T00:00:00Z,ZECUSDT,0.00010000,22.85557080,22.85557080
2024-06-17T08:00:00Z,ZECUSDT,0.00010000,22.24828711,22.24828711
2024-06-17T16:00:00Z,ZECUSDT,0.00010000,21.89773574,21.89773574
2024-06-18T00:00:00Z,ZECUSDT,0.00010000,21.70000000,21.70000000
2024-06-18T08:00:00Z,ZECUSDT,0.00010000,20.27379893,20.27379893
2024-06-18T16:00:00Z,ZECUSDT,0.00010000,20.07763830,20.07763830
2024-06-19T00:00:00Z,ZECUSDT,0.00010000,20.50000000,20.50000000
2024-06-19T08:00:00Z,ZECUSDT,0.00003708,20.84000000,20.84000000
2024-06-19T16:00:00Z,ZECUSDT,0.00010000,19.99450509,19.99450509
2024-06-20T00:00:00Z,ZECUSDT,0.00010000,20.06000000,20.06000000
2024-06-20T08:00:00Z,ZECUSDT,0.00010000,20.59000000,20.59000000
2024-06-20T16:00:00Z,ZECUSDT,0.00010000,19.94000000,19.94000000
2024-06-21T00:00:00Z,ZECUSDT,0.00010000,20.00824641,20.00824641
2024-06-21T08:00:00Z,ZECUSDT,0.00010000,19.88913915,19.88913915
2024-06-21T16:00:00Z,ZECUSDT,0.00010000,20.17243795,20.17243795
2024-06-22T00:00:00Z,ZECUSDT,0.00010000,20.06456121,20.06456121
2024-06-22T08:00:00Z,ZECUSDT,0.00010000,19.98000000,19.98000000
2024-06-22T16:00:00Z,ZECUSDT,0.00010000,19.98301220,19.98301220
2024-06-23T00:00:00Z,ZECUSDT,0.00010000,19.98000000,19.98000000
2024-06-23T08:00:00Z,ZECUSDT,0.00010000,20.22047651,20.22047651
2024-06-23T16:00:00Z,ZECUSDT,0.00010000,19.75000000,19.75000000
2024-06-24T00:00:00Z,ZECUSDT,0.00010000,19.58457053,19.58457053
2024-06-24T08:00:00Z,ZECUSDT,0.00010000,19.44042384,19.44042384
2024-06-24T16:00:00Z,ZECUSDT,0.00010000,19.19694316,19.19694316
2024-06-25T00:00:00Z,ZECUSDT,0.00010000,19.81000000,19.81000000
2024-06-25T08:00:00Z,ZECUSDT,0.00010000,19.60915609,19.60915609
2024-06-25T16:00:00Z,ZECUSDT,0.00010000,20.21000000,20.21000000
2024-06-26T00:00:00Z,ZECUSDT,0.00010000,20.14506117,20.14506117
2024-06-26T08:00:00Z,ZECUSDT,0.00010000,20.08956283,20.08956283
2024-06-26T16:00:00Z,ZECUSDT,0.00010000,19.81223587,19.81223587
2024-06-27T00:00:00Z,ZECUSDT,0.00010000,19.88856172,19.88856172
2024-06-27T08:00:00Z,ZECUSDT,0.00010000,19.91589501,19.91589501
2024-06-27T16:00:00Z,ZECUSDT,0.00010000,20.66212584,20.66212584
2024-06-28T00:00:00Z,ZECUSDT,0.00010000,20.87059214,20.87059214
2024-06-28T08:00:00Z,ZECUSDT,0.00010000,20.76000000,20.76000000
2024-06-28T16:00:00Z,ZECUSDT,0.00010000,20.89000000,20.89000000
2024-06-29T00:00:00Z,ZECUSDT,0.00010000,20.65506164,20.65506164
2024-06-29T08:00:00Z,ZECUSDT,0.00010000,20.66936755,20.66936755
2024-06-29T16:00:00Z,ZECUSDT,0.00010000,20.64520120,20.64520120
2024-06-30T00:00:00Z,ZECUSDT,0.00010000,20.22899830,20.22899830
2024-06-30T08:00:00Z,ZECUSDT,0.00010000,20.44000000,20.44000000
2024-06-30T16:00:00Z,ZECUSDT,0.00010000,20.62599987,20.62599987
2024-07-01T00:00:00Z,ZECUSDT,0.00010000,20.94000000,20.94000000
2024-07-01T08:00:00Z,ZECUSDT,0.00010000,20.85415684,20.85415684
2024-07-01T16:00:00Z,ZECUSDT,0.00010000,20.46000000,20.46000000
2024-07-02T00:00:00Z,ZECUSDT,0.00010000,20.72000000,20.72000000
2024-07-02T08:00:00Z,ZECUSDT,0.00010000,20.58724572,20.58724572
2024-07-02T16:00:00Z,ZECUSDT,0.00010000,20.70769003,20.70769003
2024-07-03T00:00:00Z,ZECUSDT,0.00010000,20.83450397,20.83450397
2024-07-03T08:00:00Z,ZECUSDT,0.00010000,20.80291491,20.80291491
2024-07-03T16:00:00Z,ZECUSDT,0.00010000,20.71000000,20.71000000
2024-07-04T00:00:00Z,ZECUSDT,0.00010000,20.78745742,20.78745742
2024-07-04T08:00:00Z,ZECUSDT,0.00010000,19.65547327,19.65547327
2024-07-04T16:00:00Z,ZECUSDT,0.00010000,19.38411634,19.38411634
2024-07-05T00:00:00Z,ZECUSDT,0.00010000,18.38110196,18.38110196
2024-07-05T08:00:00Z,ZECUSDT,0.00010000,16.99517223,16.99517223
2024-07-05T16:00:00Z,ZECUSDT,0.00010000,18.01697745,18.01697745
2024-07-06T00:00:00Z,ZECUSDT,0.00010000,18.28000000,18.28000000
2024-07-06T08:00:00Z,ZECUSDT,0.00010000,18.85473680,18.85473680
2024-07-06T16:00:00Z,ZECUSDT,0.00003885,19.18266372,19.18266372
2024-07-07T00:00:00Z,ZECUSDT,0.00008200,19.81000000,19.81000000
2024-07-07T08:00:00Z,ZECUSDT,-0.00009136,19.69783487,19.69783487
2024-07-07T16:00:00Z,ZECUSDT,-0.00027599,19.54918098,19.54918098
2024-07-08T00:00:00Z,ZECUSDT,0.00010000,18.66077121,18.66077121
2024-07-08T08:00:00Z,ZECUSDT,0.00010000,18.68000000,18.68000000
2024-07-08T16:00:00Z,ZECUSDT,0.00002028,19.97000000,19.97000000
2024-07-09T00:00:00Z,ZECUSDT,0.00000712,20.45395622,20.45395622
2024-07-09T08:00:00Z,ZECUSDT,-0.00007453,21.40000000,21.40000000
2024-07-09T16:00:00Z,ZECUSDT,0.00010000,22.13000000,22.13000000
2024-07-10T00:00:00Z,ZECUSDT,0.00010000,22.60504410,22.60504410
2024-07-10T08:00:00Z,ZECUSDT,-0.00005923,23.26569780,23.26569780
2024-07-10T16:00:00Z,ZECUSDT,-0.00004688,23.08241818,23.08241818
2024-07-11T00:00:00Z,ZECUSDT,0.00010000,23.39000000,23.39000000
2024-07-11T08:00:00Z,ZECUSDT,0.00010000,23.16000000,23.16000000
2024-07-11T16:00:00Z,ZECUSDT,0.00010000,23.81674400,23.81674400
2024-07-12T00:00:00Z,ZECUSDT,0.00010000,24.19463971,24.19463971
2024-07-12T08:00:00Z,ZECUSDT,0.00010000,23.72503988,23.72503988
2024-07-12T16:00:00Z,ZECUSDT,0.00010000,23.51808139,23.51808139
2024-07-13T00:00:00Z,ZECUSDT,0.00010000,24.05638949,24.05638949
2024-07-13T08:00:00Z,ZECUSDT,-0.00004145,25.60673938,25.60673938
2024-07-13T16:00:00Z,ZECUSDT,0.00007581,25.68433837,25.68433837
2024-07-14T00:00:00Z,ZECUSDT,-0.00032525,26.74508637,26.74508637
2024-07-14T08:00:00Z,ZECUSDT,0.00010000,27.16421632,27.16421632
2024-07-14T16:00:00Z,ZECUSDT,-0.00105088,28.64725346,28.64725346
2024-07-15T00:00:00Z,ZECUSDT,0.00010000,29.34000000,29.34000000
2024-07-15T08:00:00Z,ZECUSDT,-0.00001283,29.41000000,29.41000000
2024-07-15T16:00:00Z,ZECUSDT,0.00010000,28.96295340,28.96295340
2024-07-16T00:00:00Z,ZECUSDT,0.00010000,28.19000000,28.19000000
2024-07-16T08:00:00Z,ZECUSDT,0.00010000,29.17229830,29.17229830
2024-07-16T16:00:00Z,ZECUSDT,-0.00035873,29.92494616,29.92494616
2024-07-17T00:00:00Z,ZECUSDT,0.00010000,30.28246141,30.28246141
2024-07-17T08:00:00Z,ZECUSDT,0.00010000,30.89000000,30.89000000
2024-07-17T16:00:00Z,ZECUSDT,0.00010000,31.15176144,31.15176144
2024-07-18T00:00:00Z,ZECUSDT,0.00010000,31.06000000,31.06000000
2024-07-18T08:00:00Z,ZECUSDT,0.00010000,30.32106340,30.32106340
2024-07-18T16:00:00Z,ZECUSDT,0.00010000,30.72000000,30.72000000
2024-07-19T00:00:00Z,ZECUSDT,0.00010000,30.76886334,30.76886334
2024-07-19T08:00:00Z,ZECUSDT,0.00010000,30.59000000,30.59000000
2024-07-19T16:00:00Z,ZECUSDT,0.00010000,29.41500916,29.41500916
2024-07-20T00:00:00Z,ZECUSDT,0.00010000,29.50000000,29.50000000
2024-07-20T08:00:00Z,ZECUSDT,0.00010000,29.63879121,29.63879121
2024-07-20T16:00:00Z,ZECUSDT,0.00010000,29.24177311,29.24177311
2024-07-21T00:00:00Z,ZECUSDT,0.00010000,29.61297649,29.61297649
2024-07-21T08:00:00Z,ZECUSDT,0.00010000,29.65675900,29.65675900
2024-07-21T16:00:00Z,ZECUSDT,0.00010000,32.01115464,32.01115464
2024-07-22T00:00:00Z,ZECUSDT,0.00010000,32.03000000,32.03000000
2024-07-22T08:00:00Z,ZECUSDT,0.00010000,31.35589696,31.35589696
2024-07-22T16:00:00Z,ZECUSDT,0.00010000,31.65690090,31.65690090
2024-07-23T00:00:00Z,ZECUSDT,0.00010000,30.35775209,30.35775209
2024-07-23T08:00:00Z,ZECUSDT,0.00010000,30.53383079,30.53383079
2024-07-23T16:00:00Z,ZECUSDT,0.00010000,30.30196992,30.30196992
2024-07-24T00:00:00Z,ZECUSDT,0.00010000,29.67000000,29.67000000
2024-07-24T08:00:00Z,ZECUSDT,0.00010000,29.76767714,29.76767714
2024-07-24T16:00:00Z,ZECUSDT,0.00010000,29.55000000,29.55000000
2024-07-25T00:00:00Z,ZECUSDT,0.00010000,30.12000000,30.12000000
2024-07-25T08:00:00Z,ZECUSDT,0.00010000,29.70345367,29.70345367
2024-07-25T16:00:00Z,ZECUSDT,0.00010000,29.81433635,29.81433635
2024-07-26T00:00:00Z,ZECUSDT,0.00010000,30.14000000,30.14000000
2024-07-26T08:00:00Z,ZECUSDT,0.00010000,32.08454918,32.08454918
2024-07-26T16:00:00Z,ZECUSDT,0.00010000,31.80000000,31.80000000
2024-07-27T00:00:00Z,ZECUSDT,0.00010000,32.46000000,32.46000000
2024-07-27T08:00:00Z,ZECUSDT,0.00010000,31.24901872,31.24901872
2024-07-27T16:00:00Z,ZECUSDT,0.00010000,31.38464922,31.38464922
2024-07-28T00:00:00Z,ZECUSDT,0.00010000,31.69000000,31.69000000
2024-07-28T08:00:00Z,ZECUSDT,0.00010000,31.31033203,31.31033203
2024-07-28T16:00:00Z,ZECUSDT,0.00009209,32.68000000,32.68000000
2024-07-29T00:00:00Z,ZECUSDT,0.00010000,32.00530267,32.00530267
2024-07-29T08:00:00Z,ZECUSDT,0.00010000,31.96000000,31.96000000
2024-07-29T16:00:00Z,ZECUSDT,0.00010000,33.21344993,33.21344993
2024-07-30T00:00:00Z,ZECUSDT,0.00003518,32.89158007,32.89158007
2024-07-30T08:00:00Z,ZECUSDT,-0.00016210,31.83000000,31.83000000
2024-07-30T16:00:00Z,ZECUSDT,0.00010000,31.68708328,31.68708328
2024-07-31T00:00:00Z,ZECUSDT,0.00010000,32.13000000,32.13000000
2024-07-31T08:00:00Z,ZECUSDT,0.00010000,31.31000000,31.31000000
2024-07-31T16:00:00Z,ZECUSDT,0.00010000,31.65000000,31.65000000
2024-08-01T00:00:00Z,ZECUSDT,-0.00064041,33.48782123,33.48782123
2024-08-01T08:00:00Z,ZECUSDT,0.00001688,32.55699991,32.55699991
2024-08-01T16:00:00Z,ZECUSDT,0.00010000,31.66035629,31.66035629
2024-08-02T00:00:00Z,ZECUSDT,0.00010000,32.43130923,32.43130923
2024-08-02T08:00:00Z,ZECUSDT,0.00010000,30.58340221,30.58340221
2024-08-02T16:00:00Z,ZECUSDT,-0.00043648,32.87528291,32.87528291
2024-08-03T00:00:00Z,ZECUSDT,-0.00022004,32.64000000,32.64000000
2024-08-03T08:00:00Z,ZECUSDT,-0.00040992,33.29000000,33.29000000
2024-08-03T16:00:00Z,ZECUSDT,-0.00047809,32.96000000,32.96000000
2024-08-04T00:00:00Z,ZECUSDT,0.00010000,31.76000000,31.76000000
2024-08-04T08:00:00Z,ZECUSDT,0.00009116,31.93000000,31.93000000
2024-08-04T16:00:00Z,ZECUSDT,0.00010000,30.85495650,30.85495650
2024-08-05T00:00:00Z,ZECUSDT,0.00010000,30.76984143,30.76984143
2024-08-05T08:00:00Z,ZECUSDT,0.00010000,29.35950321,29.35950321
2024-08-05T16:00:00Z,ZECUSDT,0.00010000,30.79433842,30.79433842
2024-08-06T00:00:00Z,ZECUSDT,0.00010000,30.02000000,30.02000000
2024-08-06T08:00:00Z,ZECUSDT,0.00010000,29.86371632,29.86371632
2024-08-06T16:00:00Z,ZECUSDT,0.00010000,32.52598384,32.52598384
2024-08-07T00:00:00Z,ZECUSDT,0.00010000,31.80731545,31.80731545
2024-08-07T08:00:00Z,ZECUSDT,0.00010000,33.05000000,33.05000000
2024-08-07T16:00:00Z,ZECUSDT,0.00010000,31.37160984,31.37160984
2024-08-08T00:00:00Z,ZECUSDT,0.00010000,32.46377451,32.46377451
2024-08-08T08:00:00Z,ZECUSDT,0.00010000,33.18000000,33.18000000
2024-08-08T16:00:00Z,ZECUSDT,0.00010000,33.41000000,33.41000000
2024-08-09T00:00:00Z,ZECUSDT,0.00010000,35.81129105,35.81129105
2024-08-09T08:00:00Z,ZECUSDT,0.00010000,37.37000000,37.37000000
2024-08-09T16:00:00Z,ZECUSDT,0.00010000,38.71000000,38.71000000
2024-08-10T00:00:00Z,ZECUSDT,0.00003994,40.74453393,40.74453393
2024-08-10T08:00:00Z,ZECUSDT,0.00010000,40.94000000,40.94000000
2024-08-10T16:00:00Z,ZECUSDT,0.00010000,40.80000000,40.80000000
2024-08-11T00:00:00Z,ZECUSDT,0.00010000,41.24161746,41.24161746
2024-08-11T08:00:00Z,ZECUSDT,0.00010000,41.02944710,41.02944710
2024-08-11T16:00:00Z,ZECUSDT,0.00010000,41.00000000,41.00000000
2024-08-12T00:00:00Z,ZECUSDT,0.00000364,41.04000000,41.04000000
2024-08-12T08:00:00Z,ZECUSDT,0.00010000,40.86585431,40.86585431
2024-08-12T16:00:00Z,ZECUSDT,0.00005586,41.87157053,41.87157053
2024-08-13T00:00:00Z,ZECUSDT,0.00003715,43.39989557,43.39989557
2024-08-13T08:00:00Z,ZECUSDT,-0.00001916,42.54743255,42.54743255
2024-08-13T16:00:00Z,ZECUSDT,0.00010000,41.40516832,41.40516832
2024-08-14T00:00:00Z,ZECUSDT,0.00002784,42.96000000,42.96000000
2024-08-14T08:00:00Z,ZECUSDT,0.00009004,44.44335846,44.44335846
2024-08-14T16:00:00Z,ZECUSDT,0.00010000,42.80000000,42.80000000
2024-08-15T00:00:00Z,ZECUSDT,0.00010000,42.17000000,42.17000000
2024-08-15T08:00:00Z,ZECUSDT,0.00010000,42.41116470,42.41116470
2024-08-15T16:00:00Z,ZECUSDT,0.00010000,41.75000000,41.75000000
2024-08-16T00:00:00Z,ZECUSDT,0.00004291,42.79000000,42.79000000
2024-08-16T08:00:00Z,ZECUSDT,0.00010000,42.12000000,42.12000000
2024-08-16T16:00:00Z,ZECUSDT,0.00003179,41.80000000,41.80000000
2024-08-17T00:00:00Z,ZECUSDT,0.00005125,42.33000000,42.33000000
2024-08-17T08:00:00Z,ZECUSDT,0.00010000,42.69607894,42.69607894
2024-08-17T16:00:00Z,ZECUSDT,0.00005369,43.51192288,43.51192288
2024-08-18T00:00:00Z,ZECUSDT,0.00003091,43.61156168,43.61156168
2024-08-18T08:00:00Z,ZECUSDT,0.00010000,43.64522460,43.64522460
2024-08-18T16:00:00Z,ZECUSDT,0.00005007,42.99000000,42.99000000
2024-08-19T00:00:00Z,ZECUSDT,0.00010000,42.74000000,42.74000000
2024-08-19T08:00:00Z,ZECUSDT,0.00005061,41.87917517,41.87917517
2024-08-19T16:00:00Z,ZECUSDT,0.00010000,41.69000000,41.69000000
2024-08-20T00:00:00Z,ZECUSDT,0.00010000,41.90085005,41.90085005
2024-08-20T08:00:00Z,ZECUSDT,0.00010000,42.36000000,42.36000000
2024-08-20T16:00:00Z,ZECUSDT,0.00010000,41.88266000,41.88266000
2024-08-21T00:00:00Z,ZECUSDT,0.00010000,41.54027057,41.54027057
2024-08-21T08:00:00Z,ZECUSDT,0.00010000,42.14192799,42.14192799
2024-08-21T16:00:00Z,ZECUSDT,0.00010000,42.38306638,42.38306638
2024-08-22T00:00:00Z,ZECUSDT,0.00010000,41.48000000,41.48000000
2024-08-22T08:00:00Z,ZECUSDT,0.00010000,41.16412020,41.16412020
2024-08-22T16:00:00Z,ZECUSDT,0.00010000,41.58805083,41.58805083
2024-08-23T00:00:00Z,ZECUSDT,0.00010000,41.40000000,41.40000000
2024-08-23T08:00:00Z,ZECUSDT,0.00009715,40.32000000,40.32000000
2024-08-23T16:00:00Z,ZECUSDT,0.00010000,40.30000000,40.30000000
2024-08-24T00:00:00Z,ZECUSDT,0.00008728,42.39000000,42.39000000
2024-08-24T08:00:00Z,ZECUSDT,0.00010000,41.25284412,41.25284412
2024-08-24T16:00:00Z,ZECUSDT,0.00010000,43.14868530,43.14868530
2024-08-25T00:00:00Z,ZECUSDT,0.00010000,42.98524461,42.98524461
2024-08-25T08:00:00Z,ZECUSDT,0.00010000,41.12000000,41.12000000
2024-08-25T16:00:00Z,ZECUSDT,0.00010000,40.39000000,40.39000000
2024-08-26T00:00:00Z,ZECUSDT,0.00010000,39.78255549,39.78255549
2024-08-26T08:00:00Z,ZECUSDT,0.00010000,39.32000000,39.32000000
2024-08-26T16:00:00Z,ZECUSDT,0.00010000,39.86000000,39.86000000
2024-08-27T00:00:00Z,ZECUSDT,0.00010000,36.70776410,36.70776410
2024-08-27T08:00:00Z,ZECUSDT,0.00007514,36.61000000,36.61000000
2024-08-27T16:00:00Z,ZECUSDT,0.00010000,36.42000000,36.42000000
2024-08-28T00:00:00Z,ZECUSDT,0.00009336,35.45456106,35.45456106
2024-08-28T08:00:00Z,ZECUSDT,0.00005345,34.31000000,34.31000000
2024-08-28T16:00:00Z,ZECUSDT,0.00010000,33.10925555,33.10925555
2024-08-29T00:00:00Z,ZECUSDT,0.00010000,33.49022253,33.49022253
2024-08-29T08:00:00Z,ZECUSDT,0.00000356,34.15000000,34.15000000
2024-08-29T16:00:00Z,ZECUSDT,0.00010000,34.20845860,34.20845860
2024-08-30T00:00:00Z,ZECUSDT,0.00010000,33.22185116,33.22185116
2024-08-30T08:00:00Z,ZECUSDT,0.00010000,33.01480089,33.01480089
2024-08-30T16:00:00Z,ZECUSDT,0.00004784,32.04000000,32.04000000
2024-08-31T00:00:00Z,ZECUSDT,0.00010000,32.99000000,32.99000000
2024-08-31T08:00:00Z,ZECUSDT,0.00007532,32.71685655,32.71685655
2024-08-31T16:00:00Z,ZECUSDT,0.00006176,32.53000000,32.53000000
2024-09-01T00:00:00Z,ZECUSDT,0.00010000,32.17000000,32.17000000
2024-09-01T08:00:00Z,ZECUSDT,0.00010000,32.37000000,32.37000000
2024-09-01T16:00:00Z,ZECUSDT,0.00006850,31.71000000,31.71000000
2024-09-02T00:00:00Z,ZECUSDT,0.00007537,29.37021267,29.37021267
2024-09-02T08:00:00Z,ZECUSDT,0.00004839,29.13000000,29.13000000
2024-09-02T16:00:00Z,ZECUSDT,-0.00000117,28.76000000,28.76000000
2024-09-03T00:00:00Z,ZECUSDT,0.00010000,29.49000000,29.49000000
2024-09-03T08:00:00Z,ZECUSDT,0.00010000,30.12659598,30.12659598
2024-09-03T16:00:00Z,ZECUSDT,0.00004868,28.92000000,28.92000000
2024-09-04T00:00:00Z,ZECUSDT,0.00004933,28.73000000,28.73000000
2024-09-04T08:00:00Z,ZECUSDT,0.00005566,29.24000000,29.24000000
2024-09-04T16:00:00Z,ZECUSDT,0.00002071,29.62608932,29.62608932
2024-09-05T00:00:00Z,ZECUSDT,0.00000780,29.56906697,29.56906697
2024-09-05T08:00:00Z,ZECUSDT,0.00009396,29.68406649,29.68406649
2024-09-05T16:00:00Z,ZECUSDT,0.00010000,28.92000000,28.92000000
2024-09-06T00:00:00Z,ZECUSDT,0.00006160,28.86000000,28.86000000
2024-09-06T08:00:00Z,ZECUSDT,0.00010000,27.64867382,27.64867382
2024-09-06T16:00:00Z,ZECUSDT,0.00010000,26.77000000,26.77000000
2024-09-07T00:00:00Z,ZECUSDT,0.00010000,26.96000000,26.96000000
2024-09-07T08:00:00Z,ZECUSDT,0.00007485,27.37058095,27.37058095
2024-09-07T16:00:00Z,ZECUSDT,-0.00013755,28.19999644,28.19999644
2024-09-08T00:00:00Z,ZECUSDT,-0.00002212,27.72000000,27.72000000
2024-09-08T08:00:00Z,ZECUSDT,0.00010000,27.91225520,27.91225520
2024-09-08T16:00:00Z,ZECUSDT,0.00003717,27.27000000,27.27000000
2024-09-09T00:00:00Z,ZECUSDT,0.00002734,27.70001660,27.70001660
2024-09-09T08:00:00Z,ZECUSDT,0.00002935,28.42000000,28.42000000
2024-09-09T16:00:00Z,ZECUSDT,0.00008954,28.41046114,28.41046114
2024-09-10T00:00:00Z,ZECUSDT,0.00010000,29.34000000,29.34000000
2024-09-10T08:00:00Z,ZECUSDT,0.00010000,29.68000000,29.68000000
2024-09-10T16:00:00Z,ZECUSDT,0.00006285,30.24000000,30.24000000
2024-09-11T00:00:00Z,ZECUSDT,-0.00012135,30.78000000,30.78000000
2024-09-11T08:00:00Z,ZECUSDT,-0.00002859,29.74334814,29.74334814
2024-09-11T16:00:00Z,ZECUSDT,-0.00002108,29.67000000,29.67000000
2024-09-12T00:00:00Z,ZECUSDT,0.00010000,29.62326446,29.62326446
2024-09-12T08:00:00Z,ZECUSDT,0.00008938,29.84208116,29.84208116
2024-09-12T16:00:00Z,ZECUSDT,0.00010000,29.22118561,29.22118561
2024-09-13T00:00:00Z,ZECUSDT,0.00010000,29.36000000,29.36000000
2024-09-13T08:00:00Z,ZECUSDT,0.00008423,29.53105827,29.53105827
2024-09-13T16:00:00Z,ZECUSDT,0.00010000,30.61000000,30.61000000
2024-09-14T00:00:00Z,ZECUSDT,0.00003751,30.51365644,30.51365644
2024-09-14T08:00:00Z,ZECUSDT,0.00010000,30.33143249,30.33143249
2024-09-14T16:00:00Z,ZECUSDT,0.00010000,30.67716827,30.67716827
2024-09-15T00:00:00Z,ZECUSDT,0.00007765,30.57597663,30.57597663
2024-09-15T08:00:00Z,ZECUSDT,-0.00010091,30.60286865,30.60286865
2024-09-15T16:00:00Z,ZECUSDT,0.00007057,30.51750827,30.51750827
2024-09-16T00:00:00Z,ZECUSDT,-0.00003344,29.20434521,29.20434521
2024-09-16T08:00:00Z,ZECUSDT,0.00006222,29.52309361,29.52309361
2024-09-16T16:00:00Z,ZECUSDT,0.00010000,28.85000000,28.85000000
2024-09-17T00:00:00Z,ZECUSDT,0.00010000,29.09263257,29.09263257
2024-09-17T08:00:00Z,ZECUSDT,0.00010000,29.49728743,29.49728743
2024-09-17T16:00:00Z,ZECUSDT,0.00010000,30.07961066,30.07961066
2024-09-18T00:00:00Z,ZECUSDT,0.00010000,29.80496071,29.80496071
2024-09-18T08:00:00Z,ZECUSDT,0.00010000,30.41000000,30.41000000
2024-09-18T16:00:00Z,ZECUSDT,0.00010000,29.15326275,29.15326275
2024-09-19T00:00:00Z,ZECUSDT,0.00010000,30.61000000,30.61000000
2024-09-19T08:00:00Z,ZECUSDT,0.00010000,31.68744764,31.68744764
2024-09-19T16:00:00Z,ZECUSDT,0.00010000,31.63503852,31.63503852
2024-09-20T00:00:00Z,ZECUSDT,0.00010000,31.58551142,31.58551142
2024-09-20T08:00:00Z,ZECUSDT,0.00010000,32.08000000,32.08000000
2024-09-20T16:00:00Z,ZECUSDT,0.00010000,30.74000000,30.74000000
2024-09-21T00:00:00Z,ZECUSDT,0.00010000,31.26000000,31.26000000
2024-09-21T08:00:00Z,ZECUSDT,0.00010000,31.05000000,31.05000000
2024-09-21T16:00:00Z,ZECUSDT,0.00010000,31.16000000,31.16000000
2024-09-22T00:00:00Z,ZECUSDT,0.00010000,31.30386683,31.30386683
2024-09-22T08:00:00Z,ZECUSDT,0.00010000,30.34000000,30.34000000
2024-09-22T16:00:00Z,ZECUSDT,0.00010000,29.72619046,29.72619046
2024-09-23T00:00:00Z,ZECUSDT,0.00010000,30.17403563,30.17403563
2024-09-23T08:00:00Z,ZECUSDT,0.00010000,30.40000000,30.40000000
2024-09-23T16:00:00Z,ZECUSDT,0.00003489,29.43000000,29.43000000
2024-09-24T00:00:00Z,ZECUSDT,0.00010000,29.59398819,29.59398819
2024-09-24T08:00:00Z,ZECUSDT,0.00010000,30.01539261,30.01539261
2024-09-24T16:00:00Z,ZECUSDT,-0.00006009,28.96358239,28.96358239
2024-09-25T00:00:00Z,ZECUSDT,-0.00006983,29.33267029,29.33267029
2024-09-25T08:00:00Z,ZECUSDT,0.00006361,29.24000000,29.24000000
2024-09-25T16:00:00Z,ZECUSDT,0.00010000,29.17169292,29.17169292
2024-09-26T00:00:00Z,ZECUSDT,0.00010000,28.34223719,28.34223719
2024-09-26T08:00:00Z,ZECUSDT,0.00010000,29.02273613,29.02273613
2024-09-26T16:00:00Z,ZECUSDT,0.00010000,30.40000000,30.40000000
2024-09-27T00:00:00Z,ZECUSDT,0.00010000,30.22000000,30.22000000
2024-09-27T08:00:00Z,ZECUSDT,0.00010000,30.75092196,30.75092196
2024-09-27T16:00:00Z,ZECUSDT,0.00010000,30.53000000,30.53000000
2024-09-28T00:00:00Z,ZECUSDT,0.00010000,30.40614947,30.40614947
2024-09-28T08:00:00Z,ZECUSDT,0.00010000,31.10000000,31.10000000
2024-09-28T16:00:00Z,ZECUSDT,0.00010000,30.01715975,30.01715975
2024-09-29T00:00:00Z,ZECUSDT,0.00010000,29.49450657,29.49450657
2024-09-29T08:00:00Z,ZECUSDT,0.00010000,28.99481574,28.99481574
2024-09-29T16:00:00Z,ZECUSDT,0.00010000,29.34865093,29.34865093
2024-09-30T00:00:00Z,ZECUSDT,0.00010000,29.08000000,29.08000000
2024-09-30T08:00:00Z,ZECUSDT,0.00010000,28.86068204,28.86068204
2024-09-30T16:00:00Z,ZECUSDT,0.00010000,27.89000000,27.89000000
2024-10-01T00:00:00Z,ZECUSDT,0.00010000,27.74800828,27.74800828
2024-10-01T08:00:00Z,ZECUSDT,0.00010000,28.54411712,28.54411712
2024-10-01T16:00:00Z,ZECUSDT,0.00010000,27.81558749,27.81558749
2024-10-02T00:00:00Z,ZECUSDT,0.00010000,26.62000000,26.62000000
2024-10-02T08:00:00Z,ZECUSDT,0.00010000,27.48000000,27.48000000
2024-10-02T16:00:00Z,ZECUSDT,0.00010000,27.10605144,27.10605144
2024-10-03T00:00:00Z,ZECUSDT,0.00004133,25.88275093,25.88275093
2024-10-03T08:00:00Z,ZECUSDT,0.00010000,25.52000000,25.52000000
2024-10-03T16:00:00Z,ZECUSDT,0.00010000,25.19660670,25.19660670
2024-10-04T00:00:00Z,ZECUSDT,0.00009769,25.61025291,25.61025291
2024-10-04T08:00:00Z,ZECUSDT,-0.00001833,26.31918934,26.31918934
2024-10-04T16:00:00Z,ZECUSDT,-0.00016089,27.02943314,27.02943314
2024-10-05T00:00:00Z,ZECUSDT,0.00010000,26.78000000,26.78000000
2024-10-05T08:00:00Z,ZECUSDT,0.00010000,26.95000000,26.95000000
2024-10-05T16:00:00Z,ZECUSDT,-0.00046261,28.03442477,28.03442477
2024-10-06T00:00:00Z,ZECUSDT,0.00010000,27.36000000,27.36000000
2024-10-06T08:00:00Z,ZECUSDT,-0.00008891,28.39632362,28.39632362
2024-10-06T16:00:00Z,ZECUSDT,0.00000593,28.80000000,28.80000000
2024-10-07T00:00:00Z,ZECUSDT,0.00010000,29.28000000,29.28000000
2024-10-07T08:00:00Z,ZECUSDT,0.00010000,29.89000000,29.89000000
2024-10-07T16:00:00Z,ZECUSDT,0.00010000,29.16466263,29.16466263
2024-10-08T00:00:00Z,ZECUSDT,0.00010000,28.96000000,28.96000000
2024-10-08T08:00:00Z,ZECUSDT,0.00005591,28.72420447,28.72420447
2024-10-08T16:00:00Z,ZECUSDT,0.00010000,28.95000000,28.95000000
2024-10-09T00:00:00Z,ZECUSDT,0.00010000,28.98427936,28.98427936
2024-10-09T08:00:00Z,ZECUSDT,0.00010000,28.88886069,28.88886069
2024-10-09T16:00:00Z,ZECUSDT,0.00010000,29.09000000,29.09000000
2024-10-10T00:00:00Z,ZECUSDT,0.00009754,29.04876406,29.04876406
2024-10-10T08:00:00Z,ZECUSDT,0.00005767,30.43807255,30.43807255
2024-10-10T16:00:00Z,ZECUSDT,0.00006461,31.20000000,31.20000000
2024-10-11T00:00:00Z,ZECUSDT,-0.00034343,33.78000000,33.78000000
2024-10-11T08:00:00Z,ZECUSDT,-0.00034050,35.89328628,35.89328628
2024-10-11T16:00:00Z,ZECUSDT,0.00008906,35.99588022,35.99588022
2024-10-12T00:00:00Z,ZECUSDT,0.00010000,36.29175844,36.29175844
2024-10-12T08:00:00Z,ZECUSDT,0.00010000,35.86000000,35.86000000
2024-10-12T16:00:00Z,ZECUSDT,0.00010000,34.92726004,34.92726004
2024-10-13T00:00:00Z,ZECUSDT,0.00010000,34.53000000,34.53000000
2024-10-13T08:00:00Z,ZECUSDT,0.00010000,35.54110596,35.54110596
2024-10-13T16:00:00Z,ZECUSDT,0.00010000,34.11000000,34.11000000
2024-10-14T00:00:00Z,ZECUSDT,0.00010000,35.39000000,35.39000000
2024-10-14T08:00:00Z,ZECUSDT,0.00010000,36.43153003,36.43153003
2024-10-14T16:00:00Z,ZECUSDT,0.00010000,36.29317718,36.29317718
2024-10-15T00:00:00Z,ZECUSDT,0.00010000,36.18735694,36.18735694
2024-10-15T08:00:00Z,ZECUSDT,0.00010000,36.77504280,36.77504280
2024-10-15T16:00:00Z,ZECUSDT,0.00010000,37.28289782,37.28289782
2024-10-16T00:00:00Z,ZECUSDT,0.00010000,37.43000000,37.43000000
2024-10-16T08:00:00Z,ZECUSDT,0.00010000,37.90028422,37.90028422
2024-10-16T16:00:00Z,ZECUSDT,0.00010000,37.32000000,37.32000000
2024-10-17T00:00:00Z,ZECUSDT,0.00010000,36.94000000,36.94000000
2024-10-17T08:00:00Z,ZECUSDT,0.00010000,35.29000000,35.29000000
2024-10-17T16:00:00Z,ZECUSDT,0.00010000,35.79306301,35.79306301
2024-10-18T00:00:00Z,ZECUSDT,0.00010000,36.12014175,36.12014175
2024-10-18T08:00:00Z,ZECUSDT,0.00010000,36.09630364,36.09630364
2024-10-18T16:00:00Z,ZECUSDT,0.00010000,36.18994212,36.18994212
2024-10-19T00:00:00Z,ZECUSDT,0.00010000,35.83000000,35.83000000
2024-10-19T08:00:00Z,ZECUSDT,0.00010000,35.81189906,35.81189906
2024-10-19T16:00:00Z,ZECUSDT,0.00010000,36.21000000,36.21000000
2024-10-20T00:00:00Z,ZECUSDT,0.00010000,37.06682957,37.06682957
2024-10-20T08:00:00Z,ZECUSDT,0.00010000,36.08188800,36.08188800
2024-10-20T16:00:00Z,ZECUSDT,0.00010000,36.61461949,36.61461949
2024-10-21T00:00:00Z,ZECUSDT,0.00010000,36.91959365,36.91959365
2024-10-21T08:00:00Z,ZECUSDT,0.00010000,38.65962553,38.65962553
2024-10-21T16:00:00Z,ZECUSDT,0.00010000,37.44631048,37.44631048
2024-10-22T00:00:00Z,ZECUSDT,0.00010000,37.42313388,37.42313388
2024-10-22T08:00:00Z,ZECUSDT,0.00010000,38.37087401,38.37087401
2024-10-22T16:00:00Z,ZECUSDT,0.00010000,36.94458833,36.94458833
2024-10-23T00:00:00Z,ZECUSDT,0.00010000,37.95502430,37.95502430
2024-10-23T08:00:00Z,ZECUSDT,0.00010000,38.14707306,38.14707306
2024-10-23T16:00:00Z,ZECUSDT,0.00010000,37.68136854,37.68136854
2024-10-24T00:00:00Z,ZECUSDT,0.00010000,37.87575425,37.87575425
2024-10-24T08:00:00Z,ZECUSDT,0.00010000,37.21644907,37.21644907
2024-10-24T16:00:00Z,ZECUSDT,0.00010000,36.31638320,36.31638320
2024-10-25T00:00:00Z,ZECUSDT,0.00010000,37.17955187,37.17955187
2024-10-25T08:00:00Z,ZECUSDT,0.00010000,36.68000000,36.68000000
2024-10-25T16:00:00Z,ZECUSDT,0.00010000,36.76993845,36.76993845
2024-10-26T00:00:00Z,ZECUSDT,0.00010000,35.98055334,35.98055334
2024-10-26T08:00:00Z,ZECUSDT,0.00010000,36.14010647,36.14010647
2024-10-26T16:00:00Z,ZECUSDT,0.00010000,34.99000000,34.99000000
2024-10-27T00:00:00Z,ZECUSDT,0.00010000,34.56000000,34.56000000
2024-10-27T08:00:00Z,ZECUSDT,0.00010000,33.40000000,33.40000000
2024-10-27T16:00:00Z,ZECUSDT,0.00010000,33.22974880,33.22974880
2024-10-28T00:00:00Z,ZECUSDT,0.00005762,38.37000000,38.37000000
2024-10-28T08:00:00Z,ZECUSDT,0.00010000,37.79000000,37.79000000
2024-10-28T16:00:00Z,ZECUSDT,0.00010000,37.52901631,37.52901631
2024-10-29T00:00:00Z,ZECUSDT,0.00010000,38.33000000,38.33000000
2024-10-29T08:00:00Z,ZECUSDT,0.00010000,36.76597664,36.76597664
2024-10-29T16:00:00Z,ZECUSDT,0.00010000,38.54197342,38.54197342
2024-10-30T00:00:00Z,ZECUSDT,0.00010000,38.48000000,38.48000000
2024-10-30T08:00:00Z,ZECUSDT,0.00010000,39.60686109,39.60686109
2024-10-30T16:00:00Z,ZECUSDT,0.00010000,38.43655527,38.43655527
2024-10-31T00:00:00Z,ZECUSDT,0.00010000,38.44065598,38.44065598
2024-10-31T08:00:00Z,ZECUSDT,0.00010000,38.32284235,38.32284235
2024-10-31T16:00:00Z,ZECUSDT,0.00010000,37.05000000,37.05000000
2024-11-01T00:00:00Z,ZECUSDT,0.00010000,36.80468416,36.80468416
2024-11-01T08:00:00Z,ZECUSDT,0.00010000,36.55107571,36.55107571
2024-11-01T16:00:00Z,ZECUSDT,0.00010000,37.81000000,37.81000000
2024-11-02T00:00:00Z,ZECUSDT,0.00007519,37.85368581,37.85368581
2024-11-02T08:00:00Z,ZECUSDT,0.00002973,37.52161953,37.52161953
2024-11-02T16:00:00Z,ZECUSDT,0.00009021,36.81589196,36.81589196
2024-11-03T00:00:00Z,ZECUSDT,0.00010000,36.85265226,36.85265226
2024-11-03T08:00:00Z,ZECUSDT,0.00010000,36.94006739,36.94006739
2024-11-03T16:00:00Z,ZECUSDT,0.00010000,36.03255757,36.03255757
2024-11-04T00:00:00Z,ZECUSDT,0.00006977,37.18000000,37.18000000
2024-11-04T08:00:00Z,ZECUSDT,0.00010000,36.62000000,36.62000000
2024-11-04T16:00:00Z,ZECUSDT,0.00010000,37.93140377,37.93140377
2024-11-05T00:00:00Z,ZECUSDT,0.00010000,36.89490646,36.89490646
2024-11-05T08:00:00Z,ZECUSDT,0.00010000,37.82295716,37.82295716
2024-11-05T16:00:00Z,ZECUSDT,0.00010000,38.12127294,38.12127294
2024-11-06T00:00:00Z,ZECUSDT,0.00010000,38.19000000,38.19000000
2024-11-06T08:00:00Z,ZECUSDT,0.00010000,38.71604755,38.71604755
2024-11-06T16:00:00Z,ZECUSDT,0.00006743,39.94000000,39.94000000
2024-11-07T00:00:00Z,ZECUSDT,0.00005778,43.21000000,43.21000000
2024-11-07T08:00:00Z,ZECUSDT,-0.00000662,44.64903548,44.64903548
2024-11-07T16:00:00Z,ZECUSDT,0.00010000,44.27000000,44.27000000
2024-11-08T00:00:00Z,ZECUSDT,0.00010000,44.04812590,44.04812590
2024-11-08T08:00:00Z,ZECUSDT,0.00010000,43.80820316,43.80820316
2024-11-08T16:00:00Z,ZECUSDT,0.00010000,44.97864520,44.97864520
2024-11-09T00:00:00Z,ZECUSDT,0.00010000,46.14000000,46.14000000
2024-11-09T08:00:00Z,ZECUSDT,0.00010000,45.66586176,45.66586176
2024-11-09T16:00:00Z,ZECUSDT,0.00010000,45.04368048,45.04368048
2024-11-10T00:00:00Z,ZECUSDT,0.00010000,46.08858510,46.08858510
2024-11-10T08:00:00Z,ZECUSDT,0.00010000,46.62727800,46.62727800
2024-11-10T16:00:00Z,ZECUSDT,0.00012915,47.10000000,47.10000000
2024-11-11T00:00:00Z,ZECUSDT,0.00010000,45.56000000,45.56000000
2024-11-11T08:00:00Z,ZECUSDT,0.00010000,45.25000000,45.25000000
2024-11-11T16:00:00Z,ZECUSDT,0.00010000,44.78818435,44.78818435
2024-11-12T00:00:00Z,ZECUSDT,0.00016005,45.36000000,45.36000000
2024-11-12T08:00:00Z,ZECUSDT,0.00054154,43.53715608,43.53715608
2024-11-12T16:00:00Z,ZECUSDT,0.00026150,41.62914071,41.62914071
2024-11-13T00:00:00Z,ZECUSDT,0.00027313,41.99231404,41.99231404
2024-11-13T08:00:00Z,ZECUSDT,0.00010000,39.44000000,39.44000000
2024-11-13T16:00:00Z,ZECUSDT,0.00010000,40.66522769,40.66522769
2024-11-14T00:00:00Z,ZECUSDT,0.00010000,38.66226011,38.66226011
2024-11-14T08:00:00Z,ZECUSDT,0.00017898,38.87982679,38.87982679
2024-11-14T16:00:00Z,ZECUSDT,0.00010000,36.76000000,36.76000000
2024-11-15T00:00:00Z,ZECUSDT,0.00010000,36.81109599,36.81109599
2024-11-15T08:00:00Z,ZECUSDT,0.00010000,37.24000000,37.24000000
2024-11-15T16:00:00Z,ZECUSDT,0.00010000,37.46249986,37.46249986
2024-11-16T00:00:00Z,ZECUSDT,0.00010000,38.53000000,38.53000000
2024-11-16T08:00:00Z,ZECUSDT,0.00010000,38.92000000,38.92000000
2024-11-16T16:00:00Z,ZECUSDT,0.00010000,41.37000000,41.37000000
2024-11-17T00:00:00Z,ZECUSDT,0.00010389,44.99000000,44.99000000
2024-11-17T08:00:00Z,ZECUSDT,0.00010000,44.20000000,44.20000000
2024-11-17T16:00:00Z,ZECUSDT,0.00010000,43.53374278,43.53374278
2024-11-18T00:00:00Z,ZECUSDT,0.00010000,44.54477952,44.54477952
2024-11-18T08:00:00Z,ZECUSDT,0.00036738,47.39000000,47.39000000
2024-11-18T16:00:00Z,ZECUSDT,0.00026832,46.20459002,46.20459002
2024-11-19T00:00:00Z,ZECUSDT,0.00019289,44.90984712,44.90984712
2024-11-19T08:00:00Z,ZECUSDT,0.00032576,44.48830546,44.48830546
2024-11-19T16:00:00Z,ZECUSDT,0.00012519,43.96000000,43.96000000
2024-11-20T00:00:00Z,ZECUSDT,0.00010000,42.76381609,42.76381609
2024-11-20T08:00:00Z,ZECUSDT,0.00010000,41.42381349,41.42381349
2024-11-20T16:00:00Z,ZECUSDT,0.00010000,42.89699341,42.89699341
2024-11-21T00:00:00Z,ZECUSDT,0.00010000,41.46744823,41.46744823
2024-11-21T08:00:00Z,ZECUSDT,0.00010000,43.46000000,43.46000000
2024-11-21T16:00:00Z,ZECUSDT,0.00010000,44.50864387,44.50864387
2024-11-22T00:00:00Z,ZECUSDT,0.00028215,45.41000000,45.41000000
2024-11-22T08:00:00Z,ZECUSDT,0.00023209,44.87123388,44.87123388
2024-11-22T16:00:00Z,ZECUSDT,0.00027699,45.10000000,45.10000000
2024-11-23T00:00:00Z,ZECUSDT,0.00015731,45.85530312,45.85530312
2024-11-23T08:00:00Z,ZECUSDT,0.00042463,48.27000000,48.27000000
2024-11-23T16:00:00Z,ZECUSDT,0.00033611,49.71132415,49.71132415
2024-11-24T00:00:00Z,ZECUSDT,0.00023200,48.87000000,48.87000000
2024-11-24T08:00:00Z,ZECUSDT,0.00036395,54.53000000,54.53000000
2024-11-24T16:00:00Z,ZECUSDT,0.00012136,48.60190824,48.60190824
2024-11-25T00:00:00Z,ZECUSDT,0.00019598,52.64000000,52.64000000
2024-11-25T08:00:00Z,ZECUSDT,0.00010000,52.04083082,52.04083082
2024-11-25T16:00:00Z,ZECUSDT,0.00020910,50.61258170,50.61258170
2024-11-26T00:00:00Z,ZECUSDT,0.00010279,47.87000000,47.87000000
2024-11-26T08:00:00Z,ZECUSDT,0.00010000,47.76000000,47.76000000
2024-11-26T16:00:00Z,ZECUSDT,0.00010000,44.56000000,44.56000000
2024-11-27T00:00:00Z,ZECUSDT,0.00010000,51.29487125,51.29487125
2024-11-27T08:00:00Z,ZECUSDT,0.00010000,56.00000000,56.00000000
2024-11-27T16:00:00Z,ZECUSDT,0.00017247,57.11000000,57.11000000
2024-11-28T00:00:00Z,ZECUSDT,0.00026618,56.52720486,56.52720486
2024-11-28T08:00:00Z,ZECUSDT,0.00034400,57.22176754,57.22176754
2024-11-28T16:00:00Z,ZECUSDT,0.00010000,55.58913808,55.58913808
2024-11-29T00:00:00Z,ZECUSDT,0.00019738,55.79495193,55.79495193
2024-11-29T08:00:00Z,ZECUSDT,0.00018059,54.64045417,54.64045417
2024-11-29T16:00:00Z,ZECUSDT,0.00015572,55.70000000,55.70000000
2024-11-30T00:00:00Z,ZECUSDT,0.00038457,54.53455524,54.53455524
2024-11-30T08:00:00Z,ZECUSDT,0.00020288,55.37000000,55.37000000
2024-11-30T16:00:00Z,ZECUSDT,0.00020875,58.01798528,58.01798528
2024-12-01T00:00:00Z,ZECUSDT,0.00024825,59.32563748,59.32563748
2024-12-01T08:00:00Z,ZECUSDT,0.00013261,56.92000000,56.92000000
2024-12-01T16:00:00Z,ZECUSDT,0.00031288,57.24930252,57.24930252
2024-12-02T00:00:00Z,ZECUSDT,0.00031104,60.12676745,60.12676745
2024-12-02T08:00:00Z,ZECUSDT,0.00022636,61.76000000,61.76000000
2024-12-02T16:00:00Z,ZECUSDT,0.00022191,62.22107974,62.22107974
2024-12-03T00:00:00Z,ZECUSDT,0.00012681,74.74554265,74.74554265
2024-12-03T08:00:00Z,ZECUSDT,0.00059406,70.93000000,70.93000000
2024-12-03T16:00:00Z,ZECUSDT,0.00031057,70.59338605,70.59338605
2024-12-04T00:00:00Z,ZECUSDT,0.00050396,73.28000000,73.28000000
2024-12-04T08:00:00Z,ZECUSDT,0.00058602,76.21000000,76.21000000
2024-12-04T16:00:00Z,ZECUSDT,0.00052358,71.67670472,71.67670472
2024-12-05T00:00:00Z,ZECUSDT,0.00035945,69.67576634,69.67576634
2024-12-05T08:00:00Z,ZECUSDT,0.00070350,71.23086186,71.23086186
2024-12-05T16:00:00Z,ZECUSDT,0.00070612,70.81000000,70.81000000
2024-12-06T00:00:00Z,ZECUSDT,0.00027775,70.78968525,70.78968525
2024-12-06T08:00:00Z,ZECUSDT,0.00038392,71.75474144,71.75474144
2024-12-06T16:00:00Z,ZECUSDT,0.00021041,70.81000000,70.81000000
2024-12-07T00:00:00Z,ZECUSDT,0.00038657,70.38000000,70.38000000
2024-12-07T08:00:00Z,ZECUSDT,0.00049735,72.00559771,72.00559771
2024-12-07T16:00:00Z,ZECUSDT,0.00056086,72.27000000,72.27000000
2024-12-08T00:00:00Z,ZECUSDT,0.00051213,70.38000000,70.38000000
2024-12-08T08:00:00Z,ZECUSDT,0.00053132,70.47000000,70.47000000
2024-12-08T16:00:00Z,ZECUSDT,0.00044248,74.21532962,74.21532962
2024-12-09T00:00:00Z,ZECUSDT,0.00031220,74.36000000,74.36000000
2024-12-09T08:00:00Z,ZECUSDT,0.00010000,66.83110183,66.83110183
2024-12-09T16:00:00Z,ZECUSDT,0.00010000,64.79000000,64.79000000
2024-12-10T00:00:00Z,ZECUSDT,0.00010000,58.61424647,58.61424647
2024-12-10T08:00:00Z,ZECUSDT,0.00010000,57.55000000,57.55000000
2024-12-10T16:00:00Z,ZECUSDT,0.00010000,55.58206409,55.58206409
2024-12-11T00:00:00Z,ZECUSDT,0.00010000,58.73868919,58.73868919
2024-12-11T08:00:00Z,ZECUSDT,0.00010000,58.10000000,58.10000000
2024-12-11T16:00:00Z,ZECUSDT,0.00010000,64.32822549,64.32822549
2024-12-12T00:00:00Z,ZECUSDT,0.00010000,63.70211819,63.70211819
2024-12-12T08:00:00Z,ZECUSDT,0.00010000,64.91491647,64.91491647
2024-12-12T16:00:00Z,ZECUSDT,0.00010000,61.44000000,61.44000000
2024-12-13T00:00:00Z,ZECUSDT,0.00010000,59.43000000,59.43000000
2024-12-13T08:00:00Z,ZECUSDT,0.00010000,58.20000000,58.20000000
2024-12-13T16:00:00Z,ZECUSDT,0.00010000,57.90079314,57.90079314
2024-12-14T00:00:00Z,ZECUSDT,0.00010000,60.03095350,60.03095350
2024-12-14T08:00:00Z,ZECUSDT,0.00010000,59.76000000,59.76000000
2024-12-14T16:00:00Z,ZECUSDT,0.00010000,58.88370362,58.88370362
2024-12-15T00:00:00Z,ZECUSDT,0.00010000,58.36000000,58.36000000
2024-12-15T08:00:00Z,ZECUSDT,0.00010000,56.60000000,56.60000000
2024-12-15T16:00:00Z,ZECUSDT,0.00010000,59.20867941,59.20867941
2024-12-16T00:00:00Z,ZECUSDT,0.00010000,59.06046179,59.06046179
2024-12-16T08:00:00Z,ZECUSDT,0.00010000,59.11000000,59.11000000
2024-12-16T16:00:00Z,ZECUSDT,0.00010000,57.26000000,57.26000000
2024-12-17T00:00:00Z,ZECUSDT,0.00010000,56.44210079,56.44210079
2024-12-17T08:00:00Z,ZECUSDT,0.00010000,56.04547295,56.04547295
2024-12-17T16:00:00Z,ZECUSDT,0.00010000,55.98146184,55.98146184
2024-12-18T00:00:00Z,ZECUSDT,0.00010000,55.21740627,55.21740627
2024-12-18T08:00:00Z,ZECUSDT,0.00010000,53.95497782,53.95497782
2024-12-18T16:00:00Z,ZECUSDT,0.00010000,53.74117238,53.74117238
2024-12-19T00:00:00Z,ZECUSDT,0.00010000,50.66845950,50.66845950
2024-12-19T08:00:00Z,ZECUSDT,0.00010000,52.00000000,52.00000000
2024-12-19T16:00:00Z,ZECUSDT,0.00010000,51.76857101,51.76857101
2024-12-20T00:00:00Z,ZECUSDT,0.00008059,48.29000000,48.29000000
2024-12-20T08:00:00Z,ZECUSDT,0.00010000,48.85000000,48.85000000
2024-12-20T16:00:00Z,ZECUSDT,0.00010000,53.68918067,53.68918067
2024-12-21T00:00:00Z,ZECUSDT,0.00001329,54.38000000,54.38000000
2024-12-21T08:00:00Z,ZECUSDT,0.00007214,55.96000000,55.96000000
2024-12-21T16:00:00Z,ZECUSDT,0.00004450,53.23581688,53.23581688
2024-12-22T00:00:00Z,ZECUSDT,-0.00000248,53.60000000,53.60000000
2024-12-22T08:00:00Z,ZECUSDT,0.00010000,51.43000000,51.43000000
2024-12-22T16:00:00Z,ZECUSDT,-0.00003358,56.91000000,56.91000000
2024-12-23T00:00:00Z,ZECUSDT,-0.00001079,58.30000000,58.30000000
2024-12-23T08:00:00Z,ZECUSDT,0.00010000,58.72000000,58.72000000
2024-12-23T16:00:00Z,ZECUSDT,0.00010000,59.61000000,59.61000000
2024-12-24T00:00:00Z,ZECUSDT,0.00010000,65.79729858,65.79729858
2024-12-24T08:00:00Z,ZECUSDT,0.00000219,68.07857252,68.07857252
2024-12-24T16:00:00Z,ZECUSDT,0.00010000,69.33244941,69.33244941
2024-12-25T00:00:00Z,ZECUSDT,0.00010000,69.28730414,69.28730414
2024-12-25T08:00:00Z,ZECUSDT,0.00010000,74.40653478,74.40653478
2024-12-25T16:00:00Z,ZECUSDT,0.00010000,74.80491822,74.80491822
2024-12-26T00:00:00Z,ZECUSDT,0.00010000,73.48000000,73.48000000
2024-12-26T08:00:00Z,ZECUSDT,0.00010000,69.54436286,69.54436286
2024-12-26T16:00:00Z,ZECUSDT,0.00010000,69.29944344,69.29944344
2024-12-27T00:00:00Z,ZECUSDT,0.00010000,68.93963872,68.93963872
2024-12-27T08:00:00Z,ZECUSDT,0.00010000,66.71296376,66.71296376
2024-12-27T16:00:00Z,ZECUSDT,0.00010000,64.03000000,64.03000000
2024-12-28T00:00:00Z,ZECUSDT,0.00010000,62.12433130,62.12433130
2024-12-28T08:00:00Z,ZECUSDT,0.00010000,60.82000000,60.82000000
2024-12-28T16:00:00Z,ZECUSDT,0.00010000,60.69000000,60.69000000
2024-12-29T00:00:00Z,ZECUSDT,0.00010000,62.72331011,62.72331011
2024-12-29T08:00:00Z,ZECUSDT,0.00010000,62.78205070,62.78205070
2024-12-29T16:00:00Z,ZECUSDT,0.00010000,61.09816160,61.09816160
2024-12-30T00:00:00Z,ZECUSDT,0.00010000,60.63000000,60.63000000
2024-12-30T08:00:00Z,ZECUSDT,0.00010000,59.92000000,59.92000000
2024-12-30T16:00:00Z,ZECUSDT,0.00010000,58.91000000,58.91000000
2024-12-31T00:00:00Z,ZECUSDT,0.00010000,58.29000000,58.29000000
2024-12-31T08:00:00Z,ZECUSDT,0.00010000,58.02030617,58.02030617
2024-12-31T16:00:00Z,ZECUSDT,0.00010000,58.24000000,58.24000000
2025-01-01T00:00:00Z,ZECUSDT,0.00010000,56.25761381,56.25761381
2025-01-01T08:00:00Z,ZECUSDT,0.00010000,55.60940875,55.60940875
2025-01-01T16:00:00Z,ZECUSDT,0.00010000,56.81039459,56.81039459
2025-01-02T00:00:00Z,ZECUSDT,0.00010000,58.23026163,58.23026163
2025-01-02T08:00:00Z,ZECUSDT,0.00010000,59.80273725,59.80273725
2025-01-02T16:00:00Z,ZECUSDT,0.00010000,59.98747373,59.98747373
2025-01-03T00:00:00Z,ZECUSDT,0.00010000,59.50136185,59.50136185
2025-01-03T08:00:00Z,ZECUSDT,0.00010000,56.90160732,56.90160732
2025-01-03T16:00:00Z,ZECUSDT,0.00010000,60.66976311,60.66976311
2025-01-04T00:00:00Z,ZECUSDT,0.00010000,60.92462867,60.92462867
2025-01-04T08:00:00Z,ZECUSDT,0.00010000,60.28585771,60.28585771
2025-01-04T16:00:00Z,ZECUSDT,0.00010000,59.07594712,59.07594712
2025-01-05T00:00:00Z,ZECUSDT,0.00010000,59.20326062,59.20326062
2025-01-05T08:00:00Z,ZECUSDT,0.00010000,59.07872210,59.07872210
2025-01-05T16:00:00Z,ZECUSDT,0.00010000,57.97174922,57.97174922
2025-01-06T00:00:00Z,ZECUSDT,0.00010000,58.49976861,58.49976861
2025-01-06T08:00:00Z,ZECUSDT,0.00010000,59.16097832,59.16097832
2025-01-06T16:00:00Z,ZECUSDT,0.00010000,60.59377728,60.59377728
2025-01-07T00:00:00Z,ZECUSDT,0.00010000,60.39725509,60.39725509
2025-01-07T08:00:00Z,ZECUSDT,0.00010000,57.61000000,57.61000000
2025-01-07T16:00:00Z,ZECUSDT,0.00010000,53.91456325,53.91456325
2025-01-08T00:00:00Z,ZECUSDT,0.00010000,52.24942747,52.24942747
2025-01-08T08:00:00Z,ZECUSDT,0.00010000,51.33888375,51.33888375
2025-01-08T16:00:00Z,ZECUSDT,0.00010000,50.69689096,50.69689096
2025-01-09T00:00:00Z,ZECUSDT,0.00010000,50.21000000,50.21000000
2025-01-09T08:00:00Z,ZECUSDT,0.00010000,48.73000000,48.73000000
2025-01-09T16:00:00Z,ZECUSDT,0.00010000,49.80000000,49.80000000
2025-01-10T00:00:00Z,ZECUSDT,0.00010000,46.97000000,46.97000000
2025-01-10T08:00:00Z,ZECUSDT,0.00010000,48.33602126,48.33602126
2025-01-10T16:00:00Z,ZECUSDT,0.00010000,47.60000000,47.60000000
2025-01-11T00:00:00Z,ZECUSDT,0.00010000,48.24000000,48.24000000
2025-01-11T08:00:00Z,ZECUSDT,0.00010000,47.66915677,47.66915677
2025-01-11T16:00:00Z,ZECUSDT,0.00010000,47.68471044,47.68471044
2025-01-12T00:00:00Z,ZECUSDT,0.00010000,48.53000000,48.53000000
2025-01-12T08:00:00Z,ZECUSDT,0.00010000,47.94000000,47.94000000
2025-01-12T16:00:00Z,ZECUSDT,0.00010000,48.51651845,48.51651845
2025-01-13T00:00:00Z,ZECUSDT,0.00010000,47.98870804,47.98870804
2025-01-13T08:00:00Z,ZECUSDT,0.00010000,46.41000000,46.41000000
2025-01-13T16:00:00Z,ZECUSDT,0.00010000,47.67534562,47.67534562
2025-01-14T00:00:00Z,ZECUSDT,0.00010000,48.40000000,48.40000000
2025-01-14T08:00:00Z,ZECUSDT,0.00010000,49.16120128,49.16120128
2025-01-14T16:00:00Z,ZECUSDT,0.00010000,50.33507196,50.33507196
2025-01-15T00:00:00Z,ZECUSDT,0.00007518,51.09000000,51.09000000
2025-01-15T08:00:00Z,ZECUSDT,0.00010000,51.83747988,51.83747988
2025-01-15T16:00:00Z,ZECUSDT,0.00010000,53.30000000,53.30000000
2025-01-16T00:00:00Z,ZECUSDT,0.00010000,55.30000000,55.30000000
2025-01-16T08:00:00Z,ZECUSDT,0.00010000,54.35000000,54.35000000
2025-01-16T16:00:00Z,ZECUSDT,0.00010000,53.96221386,53.96221386
2025-01-17T00:00:00Z,ZECUSDT,0.00010000,54.05000000,54.05000000
2025-01-17T08:00:00Z,ZECUSDT,0.00010000,55.95295090,55.95295090
2025-01-17T16:00:00Z,ZECUSDT,0.00010000,54.74000000,54.74000000
2025-01-18T00:00:00Z,ZECUSDT,0.00010000,54.83000000,54.83000000
2025-01-18T08:00:00Z,ZECUSDT,0.00010000,51.24176501,51.24176501
2025-01-18T16:00:00Z,ZECUSDT,0.00010000,51.46404266,51.46404266
2025-01-19T00:00:00Z,ZECUSDT,0.00010000,51.97084715,51.97084715
2025-01-19T08:00:00Z,ZECUSDT,0.00010000,49.39479049,49.39479049
2025-01-19T16:00:00Z,ZECUSDT,0.00010000,50.76968592,50.76968592
2025-01-20T00:00:00Z,ZECUSDT,0.00010000,46.92271938,46.92271938
2025-01-20T08:00:00Z,ZECUSDT,0.00010000,50.10000000,50.10000000
2025-01-20T16:00:00Z,ZECUSDT,0.00010000,49.10154990,49.10154990
2025-01-21T00:00:00Z,ZECUSDT,0.00010000,47.57000000,47.57000000
2025-01-21T08:00:00Z,ZECUSDT,0.00010000,46.40748000,46.40748000
2025-01-21T16:00:00Z,ZECUSDT,0.00010000,48.48000000,48.48000000
2025-01-22T00:00:00Z,ZECUSDT,0.00010000,49.08320997,49.08320997
2025-01-22T08:00:00Z,ZECUSDT,0.00010000,48.58627266,48.58627266
2025-01-22T16:00:00Z,ZECUSDT,0.00010000,49.15116301,49.15116301
2025-01-23T00:00:00Z,ZECUSDT,0.00010000,48.46279954,48.46279954
2025-01-23T08:00:00Z,ZECUSDT,0.00010000,48.42830789,48.42830789
2025-01-23T16:00:00Z,ZECUSDT,0.00010000,48.79000000,48.79000000
2025-01-24T00:00:00Z,ZECUSDT,0.00010000,48.60311910,48.60311910
2025-01-24T08:00:00Z,ZECUSDT,0.00010000,48.61000000,48.61000000
2025-01-24T16:00:00Z,ZECUSDT,0.00010000,47.86556492,47.86556492
2025-01-25T00:00:00Z,ZECUSDT,0.00010000,46.22579612,46.22579612
2025-01-25T08:00:00Z,ZECUSDT,0.00010000,45.87000000,45.87000000
2025-01-25T16:00:00Z,ZECUSDT,0.00010000,46.67806089,46.67806089
2025-01-26T00:00:00Z,ZECUSDT,0.00010000,46.40000000,46.40000000
2025-01-26T08:00:00Z,ZECUSDT,0.00010000,46.65757378,46.65757378
2025-01-26T16:00:00Z,ZECUSDT,0.00010000,46.20000000,46.20000000
2025-01-27T00:00:00Z,ZECUSDT,0.00010000,44.78074803,44.78074803
2025-01-27T08:00:00Z,ZECUSDT,0.00010000,41.93000000,41.93000000
2025-01-27T16:00:00Z,ZECUSDT,0.00010000,42.41000000,42.41000000
2025-01-28T00:00:00Z,ZECUSDT,0.00010000,43.14000000,43.14000000
2025-01-28T08:00:00Z,ZECUSDT,0.00010000,43.24000000,43.24000000
2025-01-28T16:00:00Z,ZECUSDT,0.00010000,44.22000000,44.22000000
2025-01-29T00:00:00Z,ZECUSDT,0.00010000,41.70342299,41.70342299
2025-01-29T08:00:00Z,ZECUSDT,0.00010000,43.06000000,43.06000000
2025-01-29T16:00:00Z,ZECUSDT,0.00010000,41.65576150,41.65576150
2025-01-30T00:00:00Z,ZECUSDT,0.00010000,42.37000000,42.37000000
2025-01-30T08:00:00Z,ZECUSDT,0.00010000,44.25225590,44.25225590
2025-01-30T16:00:00Z,ZECUSDT,0.00010000,45.37000000,45.37000000
2025-01-31T00:00:00Z,ZECUSDT,0.00010000,43.91508485,43.91508485
2025-01-31T08:00:00Z,ZECUSDT,0.00010000,43.53034685,43.53034685
2025-01-31T16:00:00Z,ZECUSDT,0.00010000,45.26000000,45.26000000
2025-02-01T00:00:00Z,ZECUSDT,0.00010000,43.22000000,43.22000000
2025-02-01T08:00:00Z,ZECUSDT,0.00010000,42.85171689,42.85171689
2025-02-01T16:00:00Z,ZECUSDT,0.00010000,42.12539786,42.12539786
2025-02-02T00:00:00Z,ZECUSDT,0.00010000,39.17418028,39.17418028
2025-02-02T08:00:00Z,ZECUSDT,0.00010000,38.22000000,38.22000000
2025-02-02T16:00:00Z,ZECUSDT,0.00010000,37.11000000,37.11000000
2025-02-03T00:00:00Z,ZECUSDT,0.00003902,33.19042053,33.19042053
2025-02-03T08:00:00Z,ZECUSDT,-0.00004215,31.49369471,31.49369471
2025-02-03T16:00:00Z,ZECUSDT,0.00000667,33.42345161,33.42345161
2025-02-04T00:00:00Z,ZECUSDT,0.00004499,35.44587891,35.44587891
2025-02-04T08:00:00Z,ZECUSDT,-0.00001713,31.92000000,31.92000000
2025-02-04T16:00:00Z,ZECUSDT,0.00009953,33.23000000,33.23000000
2025-02-05T00:00:00Z,ZECUSDT,0.00010000,32.11714610,32.11714610
2025-02-05T08:00:00Z,ZECUSDT,0.00010000,32.52928063,32.52928063
2025-02-05T16:00:00Z,ZECUSDT,0.00002652,33.42000000,33.42000000
2025-02-06T00:00:00Z,ZECUSDT,0.00010000,32.12000000,32.12000000
2025-02-06T08:00:00Z,ZECUSDT,0.00010000,32.06000000,32.06000000
2025-02-06T16:00:00Z,ZECUSDT,0.00010000,29.93456083,29.93456083
2025-02-07T00:00:00Z,ZECUSDT,0.00010000,29.84000000,29.84000000
2025-02-07T08:00:00Z,ZECUSDT,0.00010000,29.75119570,29.75119570
2025-02-07T16:00:00Z,ZECUSDT,0.00010000,31.52440547,31.52440547
2025-02-08T00:00:00Z,ZECUSDT,0.00010000,30.09000000,30.09000000
2025-02-08T08:00:00Z,ZECUSDT,0.00010000,30.12000000,30.12000000
2025-02-08T16:00:00Z,ZECUSDT,0.00010000,30.17000000,30.17000000
2025-02-09T00:00:00Z,ZECUSDT,0.00010000,31.83747622,31.83747622
2025-02-09T08:00:00Z,ZECUSDT,0.00000750,33.54124419,33.54124419
2025-02-09T16:00:00Z,ZECUSDT,-0.00006167,32.42061321,32.42061321
2025-02-10T00:00:00Z,ZECUSDT,0.00003717,32.39650490,32.39650490
2025-02-10T08:00:00Z,ZECUSDT,0.00003928,32.84907677,32.84907677
2025-02-10T16:00:00Z,ZECUSDT,0.00010000,32.26000000,32.26000000
2025-02-11T00:00:00Z,ZECUSDT,0.00010000,32.49422418,32.49422418
2025-02-11T08:00:00Z,ZECUSDT,0.00010000,34.37000000,34.37000000
2025-02-11T16:00:00Z,ZECUSDT,0.00002545,33.46000000,33.46000000
2025-02-12T00:00:00Z,ZECUSDT,-0.00009996,33.04929309,33.04929309
2025-02-12T08:00:00Z,ZECUSDT,0.00010000,31.85200855,31.85200855
2025-02-12T16:00:00Z,ZECUSDT,0.00010000,31.11000000,31.11000000
2025-02-13T00:00:00Z,ZECUSDT,0.00010000,32.64000000,32.64000000
2025-02-13T08:00:00Z,ZECUSDT,-0.00003455,32.42956036,32.42956036
2025-02-13T16:00:00Z,ZECUSDT,0.00010000,32.36632395,32.36632395
2025-02-14T00:00:00Z,ZECUSDT,0.00010000,32.44000000,32.44000000
2025-02-14T08:00:00Z,ZECUSDT,0.00010000,32.33000000,32.33000000
2025-02-14T16:00:00Z,ZECUSDT,0.00010000,33.05144112,33.05144112
2025-02-15T00:00:00Z,ZECUSDT,0.00010000,33.02228222,33.02228222
2025-02-15T08:00:00Z,ZECUSDT,0.00010000,32.82559540,32.82559540
2025-02-15T16:00:00Z,ZECUSDT,-0.00003207,32.17000000,32.17000000
2025-02-16T00:00:00Z,ZECUSDT,0.00010000,32.14960710,32.14960710
2025-02-16T08:00:00Z,ZECUSDT,0.00007624,31.76000000,31.76000000
2025-02-16T16:00:00Z,ZECUSDT,0.00010000,32.27000000,32.27000000
2025-02-17T00:00:00Z,ZECUSDT,-0.00016748,34.11193461,34.11193461
2025-02-17T08:00:00Z,ZECUSDT,0.00002758,34.39670118,34.39670118
2025-02-17T16:00:00Z,ZECUSDT,0.00010000,35.55000000,35.55000000
2025-02-18T00:00:00Z,ZECUSDT,-0.00015108,36.41717584,36.41717584
2025-02-18T08:00:00Z,ZECUSDT,0.00005524,34.18352141,34.18352141
2025-02-18T16:00:00Z,ZECUSDT,-0.00014107,33.20000000,33.20000000
2025-02-19T00:00:00Z,ZECUSDT,0.00010000,33.83000000,33.83000000
2025-02-19T08:00:00Z,ZECUSDT,0.00010000,34.30221625,34.30221625
2025-02-19T16:00:00Z,ZECUSDT,-0.00011458,36.07000000,36.07000000
2025-02-20T00:00:00Z,ZECUSDT,0.00004247,36.10510259,36.10510259
2025-02-20T08:00:00Z,ZECUSDT,-0.00023030,38.04000000,38.04000000
2025-02-20T16:00:00Z,ZECUSDT,0.00010000,36.94000000,36.94000000
2025-02-21T00:00:00Z,ZECUSDT,0.00010000,36.58000000,36.58000000
2025-02-21T08:00:00Z,ZECUSDT,0.00010000,37.26000000,37.26000000
2025-02-21T16:00:00Z,ZECUSDT,0.00010000,36.62086850,36.62086850
2025-02-22T00:00:00Z,ZECUSDT,0.00010000,35.14000000,35.14000000
2025-02-22T08:00:00Z,ZECUSDT,0.00008051,36.05819228,36.05819228
2025-02-22T16:00:00Z,ZECUSDT,0.00010000,36.11000000,36.11000000
2025-02-23T00:00:00Z,ZECUSDT,0.00010000,35.86886479,35.86886479
2025-02-23T08:00:00Z,ZECUSDT,-0.00001183,37.25256148,37.25256148
2025-02-23T16:00:00Z,ZECUSDT,0.00009560,35.58236039,35.58236039
2025-02-24T00:00:00Z,ZECUSDT,-0.00000758,35.86000000,35.86000000
2025-02-24T08:00:00Z,ZECUSDT,0.00009525,34.65000000,34.65000000
2025-02-24T16:00:00Z,ZECUSDT,0.00009471,33.20418580,33.20418580
2025-02-25T00:00:00Z,ZECUSDT,-0.00032844,32.99716089,32.99716089
2025-02-25T08:00:00Z,ZECUSDT,0.00009998,31.84628850,31.84628850
2025-02-25T16:00:00Z,ZECUSDT,0.00010000,32.06035931,32.06035931
2025-02-26T00:00:00Z,ZECUSDT,-0.00015803,33.51000000,33.51000000
2025-02-26T08:00:00Z,ZECUSDT,0.00003857,34.65000000,34.65000000
2025-02-26T16:00:00Z,ZECUSDT,0.00010000,35.73126384,35.73126384
2025-02-27T00:00:00Z,ZECUSDT,0.00007106,36.05953565,36.05953565
2025-02-27T08:00:00Z,ZECUSDT,0.00010000,37.39236402,37.39236402
2025-02-27T16:00:00Z,ZECUSDT,0.00010000,36.00365725,36.00365725
2025-02-28T00:00:00Z,ZECUSDT,-0.00026793,36.63922268,36.63922268
2025-02-28T08:00:00Z,ZECUSDT,0.00001006,36.15033325,36.15033325
2025-02-28T16:00:00Z,ZECUSDT,0.00010000,36.65000000,36.65000000
2025-03-01T00:00:00Z,ZECUSDT,0.00010000,37.55006745,37.55006745
2025-03-01T08:00:00Z,ZECUSDT,0.00004015,37.00000000,37.00000000
2025-03-01T16:00:00Z,ZECUSDT,0.00009624,36.85205248,36.85205248
2025-03-02T00:00:00Z,ZECUSDT,-0.00020767,37.74424651,37.74424651
2025-03-02T08:00:00Z,ZECUSDT,0.00007676,38.41000000,38.41000000
2025-03-02T16:00:00Z,ZECUSDT,0.00005657,40.15000000,40.15000000
2025-03-03T00:00:00Z,ZECUSDT,0.00010000,41.26000000,41.26000000
2025-03-03T08:00:00Z,ZECUSDT,0.00010000,41.09465620,41.09465620
2025-03-03T16:00:00Z,ZECUSDT,0.00010000,39.54000000,39.54000000
2025-03-04T00:00:00Z,ZECUSDT,0.00010000,36.30087017,36.30087017
2025-03-04T08:00:00Z,ZECUSDT,0.00010000,34.97000000,34.97000000
2025-03-04T16:00:00Z,ZECUSDT,0.00010000,34.66931940,34.66931940
2025-03-05T00:00:00Z,ZECUSDT,0.00007676,35.03000000,35.03000000
2025-03-05T08:00:00Z,ZECUSDT,-0.00010853,36.45264211,36.45264211
2025-03-05T16:00:00Z,ZECUSDT,0.00006673,35.97000000,35.97000000
2025-03-06T00:00:00Z,ZECUSDT,0.00010000,36.38709489,36.38709489
2025-03-06T08:00:00Z,ZECUSDT,0.00010000,35.90661828,35.90661828
2025-03-06T16:00:00Z,ZECUSDT,0.00000199,35.37000000,35.37000000
2025-03-07T00:00:00Z,ZECUSDT,-0.00001846,34.05000000,34.05000000
2025-03-07T08:00:00Z,ZECUSDT,-0.00000264,33.84000000,33.84000000
2025-03-07T16:00:00Z,ZECUSDT,0.00010000,33.39907702,33.39907702
2025-03-08T00:00:00Z,ZECUSDT,-0.00034380,32.95000000,32.95000000
2025-03-08T08:00:00Z,ZECUSDT,0.00010000,32.82667916,32.82667916
2025-03-08T16:00:00Z,ZECUSDT,0.00004699,32.59443837,32.59443837
2025-03-09T00:00:00Z,ZECUSDT,-0.00002026,32.56000000,32.56000000
2025-03-09T08:00:00Z,ZECUSDT,-0.00028376,31.63056068,31.63056068
2025-03-09T16:00:00Z,ZECUSDT,0.00005033,30.66926362,30.66926362
2025-03-10T00:00:00Z,ZECUSDT,0.00001071,29.81000000,29.81000000
2025-03-10T08:00:00Z,ZECUSDT,-0.00018418,31.28000000,31.28000000
2025-03-10T16:00:00Z,ZECUSDT,-0.00002745,30.24000000,30.24000000
2025-03-11T00:00:00Z,ZECUSDT,-0.00027201,29.15000000,29.15000000
2025-03-11T08:00:00Z,ZECUSDT,0.00010000,29.67000000,29.67000000
2025-03-11T16:00:00Z,ZECUSDT,0.00010000,29.79681538,29.79681538
2025-03-12T00:00:00Z,ZECUSDT,0.00010000,30.28000000,30.28000000
2025-03-12T08:00:00Z,ZECUSDT,0.00010000,29.34822821,29.34822821
2025-03-12T16:00:00Z,ZECUSDT,0.00010000,28.75216667,28.75216667
2025-03-13T00:00:00Z,ZECUSDT,0.00010000,30.23000000,30.23000000
2025-03-13T08:00:00Z,ZECUSDT,0.00010000,30.09000000,30.09000000
2025-03-13T16:00:00Z,ZECUSDT,0.00010000,30.10000000,30.10000000
2025-03-14T00:00:00Z,ZECUSDT,-0.00003201,30.94183024,30.94183024
2025-03-14T08:00:00Z,ZECUSDT,-0.00001478,31.05987798,31.05987798
2025-03-14T16:00:00Z,ZECUSDT,0.00001634,32.06000000,32.06000000
2025-03-15T00:00:00Z,ZECUSDT,-0.00036587,32.26000000,32.26000000
2025-03-15T08:00:00Z,ZECUSDT,0.00010000,31.66000000,31.66000000
2025-03-15T16:00:00Z,ZECUSDT,0.00009471,32.07851282,32.07851282
2025-03-16T00:00:00Z,ZECUSDT,0.00006574,32.26000000,32.26000000
2025-03-16T08:00:00Z,ZECUSDT,0.00009716,33.56000000,33.56000000
2025-03-16T16:00:00Z,ZECUSDT,-0.00039242,32.73000000,32.73000000
2025-03-17T00:00:00Z,ZECUSDT,-0.00019665,32.74000000,32.74000000
2025-03-17T08:00:00Z,ZECUSDT,0.00010000,33.99416446,33.99416446
2025-03-17T16:00:00Z,ZECUSDT,0.00001722,34.27000000,34.27000000
2025-03-18T00:00:00Z,ZECUSDT,0.00010000,34.21557427,34.21557427
2025-03-18T08:00:00Z,ZECUSDT,0.00002355,33.51378974,33.51378974
2025-03-18T16:00:00Z,ZECUSDT,0.00010000,32.36000000,32.36000000
2025-03-19T00:00:00Z,ZECUSDT,-0.00005809,33.12000000,33.12000000
2025-03-19T08:00:00Z,ZECUSDT,0.00010000,33.70000000,33.70000000
2025-03-19T16:00:00Z,ZECUSDT,0.00010000,33.55000000,33.55000000
2025-03-20T00:00:00Z,ZECUSDT,0.00010000,34.26526923,34.26526923
2025-03-20T08:00:00Z,ZECUSDT,0.00004989,34.40000000,34.40000000
2025-03-20T16:00:00Z,ZECUSDT,0.00010000,33.69000000,33.69000000
2025-03-21T00:00:00Z,ZECUSDT,0.00010000,33.89531538,33.89531538
2025-03-21T08:00:00Z,ZECUSDT,0.00010000,32.58000000,32.58000000
2025-03-21T16:00:00Z,ZECUSDT,0.00010000,30.72131538,30.72131538
2025-03-22T00:00:00Z,ZECUSDT,0.00010000,30.86661538,30.86661538
2025-03-22T08:00:00Z,ZECUSDT,0.00010000,30.76000000,30.76000000
2025-03-22T16:00:00Z,ZECUSDT,0.00010000,30.45636667,30.45636667
2025-03-23T00:00:00Z,ZECUSDT,-0.00004479,31.05045128,31.05045128
2025-03-23T08:00:00Z,ZECUSDT,0.00010000,31.06432308,31.06432308
2025-03-23T16:00:00Z,ZECUSDT,0.00008591,31.65233718,31.65233718
2025-03-24T00:00:00Z,ZECUSDT,0.00010000,30.98451282,30.98451282
2025-03-24T08:00:00Z,ZECUSDT,-0.00009967,32.45000000,32.45000000
2025-03-24T16:00:00Z,ZECUSDT,0.00010000,32.02610256,32.02610256
2025-03-25T00:00:00Z,ZECUSDT,0.00010000,32.37723846,32.37723846
2025-03-25T08:00:00Z,ZECUSDT,-0.00038588,34.29000000,34.29000000
2025-03-25T16:00:00Z,ZECUSDT,-0.00014524,36.43000000,36.43000000
2025-03-26T00:00:00Z,ZECUSDT,-0.00008434,36.47160743,36.47160743
2025-03-26T08:00:00Z,ZECUSDT,0.00010000,36.97000000,36.97000000
2025-03-26T16:00:00Z,ZECUSDT,-0.00048892,38.17415385,38.17415385
2025-03-27T00:00:00Z,ZECUSDT,0.00010000,38.97000000,38.97000000
2025-03-27T08:00:00Z,ZECUSDT,0.00010000,38.43460641,38.43460641
2025-03-27T16:00:00Z,ZECUSDT,0.00010000,38.70964615,38.70964615
2025-03-28T00:00:00Z,ZECUSDT,0.00010000,37.17320385,37.17320385
2025-03-28T08:00:00Z,ZECUSDT,0.00010000,36.00000000,36.00000000
2025-03-28T16:00:00Z,ZECUSDT,0.00010000,36.13123077,36.13123077
2025-03-29T00:00:00Z,ZECUSDT,0.00009515,36.89447878,36.89447878
2025-03-29T08:00:00Z,ZECUSDT,-0.00004331,36.37000000,36.37000000
2025-03-29T16:00:00Z,ZECUSDT,-0.00016446,35.85107179,35.85107179
2025-03-30T00:00:00Z,ZECUSDT,-0.00025866,36.24000000,36.24000000
2025-03-30T08:00:00Z,ZECUSDT,-0.00008175,36.03000000,36.03000000
2025-03-30T16:00:00Z,ZECUSDT,0.00010000,35.88000000,35.88000000
2025-03-31T00:00:00Z,ZECUSDT,0.00007806,37.46000000,37.46000000
2025-03-31T08:00:00Z,ZECUSDT,-0.00008208,37.23225641,37.23225641
2025-03-31T16:00:00Z,ZECUSDT,-0.00006423,37.86000000,37.86000000
2025-04-01T00:00:00Z,ZECUSDT,-0.00042808,39.34000000,39.34000000
2025-04-01T08:00:00Z,ZECUSDT,-0.00085902,38.53127179,38.53127179
2025-04-01T16:00:00Z,ZECUSDT,-0.00091542,41.64032692,41.64032692
2025-04-02T00:00:00Z,ZECUSDT,-0.00136445,40.68268333,40.68268333
2025-04-02T08:00:00Z,ZECUSDT,-0.00140768,40.45029103,40.45029103
2025-04-02T16:00:00Z,ZECUSDT,-0.00018246,39.80196154,39.80196154
2025-04-03T00:00:00Z,ZECUSDT,-0.00067039,38.90000000,38.90000000
2025-04-03T08:00:00Z,ZECUSDT,-0.00038029,39.00901724,39.00901724
2025-04-03T16:00:00Z,ZECUSDT,-0.00096259,37.90000000,37.90000000
2025-04-04T00:00:00Z,ZECUSDT,-0.00107313,38.94000000,38.94000000
2025-04-04T08:00:00Z,ZECUSDT,-0.00087161,39.11000000,39.11000000
2025-04-04T16:00:00Z,ZECUSDT,-0.00195968,40.01000000,40.01000000
2025-04-05T00:00:00Z,ZECUSDT,-0.00108243,39.48061538,39.48061538
2025-04-05T08:00:00Z,ZECUSDT,-0.00267313,39.87897692,39.87897692
2025-04-05T16:00:00Z,ZECUSDT,-0.00167706,37.49817436,37.49817436
2025-04-06T00:00:00Z,ZECUSDT,-0.00092587,37.59000000,37.59000000
2025-04-06T08:00:00Z,ZECUSDT,-0.00124448,37.03039744,37.03039744
2025-04-06T16:00:00Z,ZECUSDT,-0.00205824,37.94091379,37.94091379
2025-04-07T00:00:00Z,ZECUSDT,-0.00368872,35.98000000,35.98000000
2025-04-07T08:00:00Z,ZECUSDT,-0.01639734,30.37978205,30.37978205
2025-04-07T16:00:00Z,ZECUSDT,-0.00507307,31.51288333,31.51288333
2025-04-08T00:00:00Z,ZECUSDT,-0.00396804,34.45612051,34.45612051
2025-04-08T08:00:00Z,ZECUSDT,-0.00215224,34.89500769,34.89500769
2025-04-08T16:00:00Z,ZECUSDT,-0.00211503,34.66000000,34.66000000
2025-04-09T00:00:00Z,ZECUSDT,-0.01579405,36.10000000,36.10000000
2025-04-09T08:00:00Z,ZECUSDT,-0.00247209,36.54000000,36.54000000
2025-04-09T16:00:00Z,ZECUSDT,0.00004870,35.18217949,35.18217949
2025-04-10T00:00:00Z,ZECUSDT,-0.00052637,36.87557051,36.87557051
2025-04-10T08:00:00Z,ZECUSDT,-0.00141141,32.73365000,32.73365000
2025-04-10T16:00:00Z,ZECUSDT,-0.01088580,32.20000000,32.20000000
2025-04-11T00:00:00Z,ZECUSDT,-0.00986285,37.38333205,37.38333205
2025-04-11T08:00:00Z,ZECUSDT,-0.00749553,37.63115000,37.63115000
2025-04-11T16:00:00Z,ZECUSDT,-0.00281475,38.28925083,38.28925083
2025-04-12T00:00:00Z,ZECUSDT,0.00010000,36.68000000,36.68000000
2025-04-12T08:00:00Z,ZECUSDT,-0.00375714,36.83000000,36.83000000
2025-04-12T16:00:00Z,ZECUSDT,-0.00444775,37.12222414,37.12222414
2025-04-13T00:00:00Z,ZECUSDT,-0.00326117,37.16000000,37.16000000
2025-04-13T08:00:00Z,ZECUSDT,-0.01328594,38.64000000,38.64000000
2025-04-13T16:00:00Z,ZECUSDT,-0.00445015,36.22555641,36.22555641
2025-04-14T00:00:00Z,ZECUSDT,-0.00237033,34.91000000,34.91000000
2025-04-14T08:00:00Z,ZECUSDT,-0.00279484,33.66936167,33.66936167
2025-04-14T16:00:00Z,ZECUSDT,-0.00078932,31.97000000,31.97000000
2025-04-15T00:00:00Z,ZECUSDT,0.00010000,31.19000000,31.19000000
2025-04-15T08:00:00Z,ZECUSDT,0.00010000,31.20166667,31.20166667
2025-04-15T16:00:00Z,ZECUSDT,0.00010000,30.92000000,30.92000000
2025-04-16T00:00:00Z,ZECUSDT,0.00010000,30.79088911,30.79088911
2025-04-16T08:00:00Z,ZECUSDT,0.00010000,31.42141988,31.42141988
2025-04-16T16:00:00Z,ZECUSDT,0.00010000,31.18000000,31.18000000
2025-04-17T00:00:00Z,ZECUSDT,0.00010000,31.07843137,31.07843137
2025-04-17T08:00:00Z,ZECUSDT,0.00010000,31.11000000,31.11000000
2025-04-17T16:00:00Z,ZECUSDT,0.00010000,30.83000000,30.83000000
2025-04-18T00:00:00Z,ZECUSDT,0.00010000,30.72293464,30.72293464
2025-04-18T08:00:00Z,ZECUSDT,0.00010000,30.10000000,30.10000000
2025-04-18T16:00:00Z,ZECUSDT,0.00010000,30.88000000,30.88000000
2025-04-19T00:00:00Z,ZECUSDT,0.00010000,30.85072008,30.85072008
2025-04-19T08:00:00Z,ZECUSDT,0.00010000,31.38323529,31.38323529
2025-04-19T16:00:00Z,ZECUSDT,0.00010000,31.20225490,31.20225490
2025-04-20T00:00:00Z,ZECUSDT,0.00010000,31.66813725,31.66813725
2025-04-20T08:00:00Z,ZECUSDT,0.00010000,31.63264706,31.63264706
2025-04-20T16:00:00Z,ZECUSDT,0.00010000,30.50450980,30.50450980
2025-04-21T00:00:00Z,ZECUSDT,0.00010000,30.95547059,30.95547059
2025-04-21T08:00:00Z,ZECUSDT,0.00010000,31.84939216,31.84939216
2025-04-21T16:00:00Z,ZECUSDT,0.00010000,31.84229085,31.84229085
2025-04-22T00:00:00Z,ZECUSDT,0.00010000,31.18000000,31.18000000
2025-04-22T08:00:00Z,ZECUSDT,0.00010000,31.19000000,31.19000000
2025-04-22T16:00:00Z,ZECUSDT,0.00010000,31.89760458,31.89760458
2025-04-23T00:00:00Z,ZECUSDT,0.00010000,32.99681373,32.99681373
2025-04-23T08:00:00Z,ZECUSDT,0.00010000,33.35043611,33.35043611
2025-04-23T16:00:00Z,ZECUSDT,0.00010000,33.94242810,33.94242810
2025-04-24T00:00:00Z,ZECUSDT,0.00010000,34.23673529,34.23673529
2025-04-24T08:00:00Z,ZECUSDT,0.00010000,32.82469281,32.82469281
2025-04-24T16:00:00Z,ZECUSDT,0.00010000,34.01000000,34.01000000
2025-04-25T00:00:00Z,ZECUSDT,0.00010000,34.27409804,34.27409804
2025-04-25T08:00:00Z,ZECUSDT,0.00010000,34.35254902,34.35254902
2025-04-25T16:00:00Z,ZECUSDT,0.00010000,34.38000000,34.38000000
2025-04-26T00:00:00Z,ZECUSDT,0.00010000,34.16911765,34.16911765
2025-04-26T08:00:00Z,ZECUSDT,0.00010000,33.92404902,33.92404902
2025-04-26T16:00:00Z,ZECUSDT,0.00010000,33.67461765,33.67461765
2025-04-27T00:00:00Z,ZECUSDT,0.00010000,33.43666667,33.43666667
2025-04-27T08:00:00Z,ZECUSDT,0.00010000,33.03000000,33.03000000
2025-04-27T16:00:00Z,ZECUSDT,0.00010000,32.84805556,32.84805556
2025-04-28T00:00:00Z,ZECUSDT,0.00010000,32.51000000,32.51000000
2025-04-28T08:00:00Z,ZECUSDT,-0.00010261,37.61858824,37.61858824
2025-04-28T16:00:00Z,ZECUSDT,0.00010000,36.12602614,36.12602614
2025-04-29T00:00:00Z,ZECUSDT,0.00010000,35.61666667,35.61666667
2025-04-29T08:00:00Z,ZECUSDT,0.00010000,36.17000000,36.17000000
2025-04-29T16:00:00Z,ZECUSDT,0.00010000,36.01000000,36.01000000
2025-04-30T00:00:00Z,ZECUSDT,0.00010000,34.56500000,34.56500000
2025-04-30T08:00:00Z,ZECUSDT,0.00010000,34.57000000,34.57000000
2025-04-30T16:00:00Z,ZECUSDT,0.00010000,35.60000000,35.60000000
2025-05-01T00:00:00Z,ZECUSDT,0.00010000,36.02437255,36.02437255
2025-05-01T08:00:00Z,ZECUSDT,0.00010000,35.67788889,35.67788889
2025-05-01T16:00:00Z,ZECUSDT,0.00010000,35.32000000,35.32000000
2025-05-02T00:00:00Z,ZECUSDT,0.00010000,37.41715686,37.41715686
2025-05-02T08:00:00Z,ZECUSDT,0.00010000,36.60985621,36.60985621
2025-05-02T16:00:00Z,ZECUSDT,0.00010000,36.47583007,36.47583007
2025-05-03T00:00:00Z,ZECUSDT,0.00010000,36.22785666,36.22785666
2025-05-03T08:00:00Z,ZECUSDT,0.00010000,35.99922222,35.99922222
2025-05-03T16:00:00Z,ZECUSDT,0.00010000,35.78409804,35.78409804
2025-05-04T00:00:00Z,ZECUSDT,0.00010000,35.79244444,35.79244444
2025-05-04T08:00:00Z,ZECUSDT,0.00000863,35.02822222,35.02822222
2025-05-04T16:00:00Z,ZECUSDT,-0.00001362,34.89966993,34.89966993
2025-05-05T00:00:00Z,ZECUSDT,0.00010000,35.59000000,35.59000000
2025-05-05T08:00:00Z,ZECUSDT,0.00010000,36.09950980,36.09950980
2025-05-05T16:00:00Z,ZECUSDT,-0.00003149,36.61749510,36.61749510
2025-05-06T00:00:00Z,ZECUSDT,0.00003342,36.52468627,36.52468627
2025-05-06T08:00:00Z,ZECUSDT,0.00005024,35.95553268,35.95553268
2025-05-06T16:00:00Z,ZECUSDT,0.00002051,35.69000000,35.69000000
2025-05-07T00:00:00Z,ZECUSDT,-0.00004723,38.02367810,38.02367810
2025-05-07T08:00:00Z,ZECUSDT,0.00010000,37.72890850,37.72890850
2025-05-07T16:00:00Z,ZECUSDT,-0.00008356,38.26000000,38.26000000
2025-05-08T00:00:00Z,ZECUSDT,0.00003042,40.47070261,40.47070261
2025-05-08T08:00:00Z,ZECUSDT,0.00010000,40.27343137,40.27343137
2025-05-08T16:00:00Z,ZECUSDT,0.00000318,40.97000000,40.97000000
2025-05-09T00:00:00Z,ZECUSDT,0.00010000,41.99046895,41.99046895
2025-05-09T08:00:00Z,ZECUSDT,0.00010000,42.17078431,42.17078431
2025-05-09T16:00:00Z,ZECUSDT,0.00010000,41.81000000,41.81000000
2025-05-10T00:00:00Z,ZECUSDT,0.00010000,41.89324510,41.89324510
2025-05-10T08:00:00Z,ZECUSDT,0.00010000,42.73000000,42.73000000
2025-05-10T16:00:00Z,ZECUSDT,0.00010000,41.04166993,41.04166993
2025-05-11T00:00:00Z,ZECUSDT,0.00010000,43.57990196,43.57990196
2025-05-11T08:00:00Z,ZECUSDT,0.00010000,41.65882353,41.65882353
2025-05-11T16:00:00Z,ZECUSDT,0.00010000,41.87410784,41.87410784
2025-05-12T00:00:00Z,ZECUSDT,0.00010000,45.23000000,45.23000000
2025-05-12T08:00:00Z,ZECUSDT,0.00010000,44.55563399,44.55563399
2025-05-12T16:00:00Z,ZECUSDT,0.00010000,43.03000000,43.03000000
2025-05-13T00:00:00Z,ZECUSDT,0.00010000,44.48243464,44.48243464
2025-05-13T08:00:00Z,ZECUSDT,0.00010000,42.82000000,42.82000000
2025-05-13T16:00:00Z,ZECUSDT,0.00010000,42.34973529,42.34973529
2025-05-14T00:00:00Z,ZECUSDT,0.00010000,43.50000000,43.50000000
2025-05-14T08:00:00Z,ZECUSDT,0.00010000,43.05653922,43.05653922
2025-05-14T16:00:00Z,ZECUSDT,0.00010000,41.52888235,41.52888235
2025-05-15T00:00:00Z,ZECUSDT,0.00010000,41.97000000,41.97000000
2025-05-15T08:00:00Z,ZECUSDT,0.00010000,39.93539216,39.93539216
2025-05-15T16:00:00Z,ZECUSDT,0.00010000,41.58184641,41.58184641
2025-05-16T00:00:00Z,ZECUSDT,0.00010000,41.78042320,41.78042320
2025-05-16T08:00:00Z,ZECUSDT,0.00010000,41.86000000,41.86000000
2025-05-16T16:00:00Z,ZECUSDT,0.00004893,41.23000000,41.23000000
2025-05-17T00:00:00Z,ZECUSDT,0.00010000,40.34000000,40.34000000
2025-05-17T08:00:00Z,ZECUSDT,-0.00003814,39.96000000,39.96000000
2025-05-17T16:00:00Z,ZECUSDT,-0.00003159,40.82751797,40.82751797
2025-05-18T00:00:00Z,ZECUSDT,0.00004596,40.41000000,40.41000000
2025-05-18T08:00:00Z,ZECUSDT,0.00010000,40.73464772,40.73464772
2025-05-18T16:00:00Z,ZECUSDT,0.00010000,42.00218627,42.00218627
2025-05-19T00:00:00Z,ZECUSDT,-0.00005406,41.37525000,41.37525000
2025-05-19T08:00:00Z,ZECUSDT,-0.00016753,39.49000000,39.49000000
2025-05-19T16:00:00Z,ZECUSDT,-0.00016113,41.07970915,41.07970915
2025-05-20T00:00:00Z,ZECUSDT,0.00010000,40.66400654,40.66400654
2025-05-20T08:00:00Z,ZECUSDT,0.00010000,40.06000000,40.06000000
2025-05-20T16:00:00Z,ZECUSDT,-0.00007992,39.96000000,39.96000000
2025-05-21T00:00:00Z,ZECUSDT,-0.00014899,41.15522549,41.15522549
2025-05-21T08:00:00Z,ZECUSDT,0.00004919,41.25925980,41.25925980
2025-05-21T16:00:00Z,ZECUSDT,0.00010000,41.66000000,41.66000000
2025-05-22T00:00:00Z,ZECUSDT,-0.00008573,42.91235458,42.91235458
2025-05-22T08:00:00Z,ZECUSDT,0.00010000,43.43000000,43.43000000
2025-05-22T16:00:00Z,ZECUSDT,0.00010000,47.19083660,47.19083660
2025-05-23T00:00:00Z,ZECUSDT,0.00010000,48.95000000,48.95000000
2025-05-23T08:00:00Z,ZECUSDT,0.00010000,47.80284314,47.80284314
2025-05-23T16:00:00Z,ZECUSDT,0.00010000,48.26695098,48.26695098
2025-05-24T00:00:00Z,ZECUSDT,0.00010000,46.88040686,46.88040686
2025-05-24T08:00:00Z,ZECUSDT,0.00010000,47.30212092,47.30212092
2025-05-24T16:00:00Z,ZECUSDT,0.00010000,47.59069281,47.59069281
2025-05-25T00:00:00Z,ZECUSDT,0.00002026,49.45000000,49.45000000
2025-05-25T08:00:00Z,ZECUSDT,0.00010000,48.23941176,48.23941176
2025-05-25T16:00:00Z,ZECUSDT,-0.00014901,51.42258170,51.42258170
2025-05-26T00:00:00Z,ZECUSDT,-0.00016727,54.58000000,54.58000000
2025-05-26T08:00:00Z,ZECUSDT,0.00010000,51.67975327,51.67975327
2025-05-26T16:00:00Z,ZECUSDT,-0.00017654,53.89334967,53.89334967
2025-05-27T00:00:00Z,ZECUSDT,0.00010000,54.27000000,54.27000000
2025-05-27T08:00:00Z,ZECUSDT,0.00010000,54.12184477,54.12184477
2025-05-27T16:00:00Z,ZECUSDT,0.00004056,53.57447059,53.57447059
2025-05-28T00:00:00Z,ZECUSDT,-0.00021681,51.77000000,51.77000000
2025-05-28T08:00:00Z,ZECUSDT,-0.00025368,51.26426471,51.26426471
2025-05-28T16:00:00Z,ZECUSDT,-0.00024912,50.83111275,50.83111275
2025-05-29T00:00:00Z,ZECUSDT,-0.00030751,53.19000000,53.19000000
2025-05-29T08:00:00Z,ZECUSDT,-0.00045477,53.02012255,53.02012255
2025-05-29T16:00:00Z,ZECUSDT,-0.00018728,54.58000000,54.58000000
2025-05-30T00:00:00Z,ZECUSDT,-0.00020406,53.19392157,53.19392157
2025-05-30T08:00:00Z,ZECUSDT,-0.00009636,51.72000000,51.72000000
2025-05-30T16:00:00Z,ZECUSDT,-0.00013393,50.60419076,50.60419076
2025-05-31T00:00:00Z,ZECUSDT,0.00007090,47.30000000,47.30000000
2025-05-31T08:00:00Z,ZECUSDT,-0.00028178,46.84000000,46.84000000
2025-05-31T16:00:00Z,ZECUSDT,-0.00041289,47.09630229,47.09630229
2025-06-01T00:00:00Z,ZECUSDT,-0.00078477,50.06000000,50.06000000
2025-06-01T08:00:00Z,ZECUSDT,-0.00053712,50.25965686,50.25965686
2025-06-01T16:00:00Z,ZECUSDT,-0.00059504,50.55000000,50.55000000
2025-06-02T00:00:00Z,ZECUSDT,-0.00084492,53.04365686,53.04365686
2025-06-02T08:00:00Z,ZECUSDT,-0.00026265,53.32326144,53.32326144
2025-06-02T16:00:00Z,ZECUSDT,-0.00006925,52.85000000,52.85000000
2025-06-03T00:00:00Z,ZECUSDT,-0.00013970,53.95000000,53.95000000
2025-06-03T08:00:00Z,ZECUSDT,-0.00033814,54.06000000,54.06000000
2025-06-03T16:00:00Z,ZECUSDT,-0.00040006,53.91000000,53.91000000
2025-06-04T00:00:00Z,ZECUSDT,-0.00027272,54.30250654,54.30250654
2025-06-04T08:00:00Z,ZECUSDT,-0.00028868,52.38852941,52.38852941
2025-06-04T16:00:00Z,ZECUSDT,-0.00011149,51.65882516,51.65882516
2025-06-05T00:00:00Z,ZECUSDT,0.00006632,50.26615686,50.26615686
2025-06-05T08:00:00Z,ZECUSDT,-0.00006471,50.05903431,50.05903431
2025-06-05T16:00:00Z,ZECUSDT,-0.00017448,50.11000000,50.11000000
2025-06-06T00:00:00Z,ZECUSDT,-0.00057509,47.49285294,47.49285294
2025-06-06T08:00:00Z,ZECUSDT,-0.00053328,48.17415686,48.17415686
2025-06-06T16:00:00Z,ZECUSDT,-0.00067044,49.04859641,49.04859641
2025-06-07T00:00:00Z,ZECUSDT,-0.00035870,48.03000000,48.03000000
2025-06-07T08:00:00Z,ZECUSDT,-0.00000020,48.51155229,48.51155229
2025-06-07T16:00:00Z,ZECUSDT,-0.00040345,48.59239542,48.59239542
2025-06-08T00:00:00Z,ZECUSDT,-0.00085489,50.19911928,50.19911928
2025-06-08T08:00:00Z,ZECUSDT,-0.00051552,49.55997059,49.55997059
2025-06-08T16:00:00Z,ZECUSDT,-0.00053482,50.28830229,50.28830229
2025-06-09T00:00:00Z,ZECUSDT,-0.00039104,48.66500654,48.66500654
2025-06-09T08:00:00Z,ZECUSDT,-0.00031777,49.32000000,49.32000000
2025-06-09T16:00:00Z,ZECUSDT,-0.00053093,49.94907190,49.94907190
2025-06-10T00:00:00Z,ZECUSDT,-0.00015780,51.53590523,51.53590523
2025-06-10T08:00:00Z,ZECUSDT,-0.00057668,50.82000000,50.82000000
2025-06-10T16:00:00Z,ZECUSDT,-0.00023784,52.16006373,52.16006373
2025-06-11T00:00:00Z,ZECUSDT,-0.00003692,51.80176144,51.80176144
2025-06-11T08:00:00Z,ZECUSDT,-0.00016625,50.88000000,50.88000000
2025-06-11T16:00:00Z,ZECUSDT,-0.00022237,51.44769935,51.44769935
2025-06-12T00:00:00Z,ZECUSDT,-0.00019509,49.96609339,49.96609339
2025-06-12T08:00:00Z,ZECUSDT,0.00010000,48.28000000,48.28000000
2025-06-12T16:00:00Z,ZECUSDT,-0.00062901,49.69912418,49.69912418
2025-06-13T00:00:00Z,ZECUSDT,-0.00018925,47.89661275,47.89661275
2025-06-13T08:00:00Z,ZECUSDT,0.00001915,46.06000000,46.06000000
2025-06-13T16:00:00Z,ZECUSDT,-0.00000331,45.59000000,45.59000000
2025-06-14T00:00:00Z,ZECUSDT,-0.00007965,45.19572549,45.19572549
2025-06-14T08:00:00Z,ZECUSDT,-0.00053536,44.31848366,44.31848366
2025-06-14T16:00:00Z,ZECUSDT,-0.00027685,44.20958007,44.20958007
2025-06-15T00:00:00Z,ZECUSDT,-0.00027310,44.11000000,44.11000000
2025-06-15T08:00:00Z,ZECUSDT,-0.00016566,43.93196732,43.93196732
2025-06-15T16:00:00Z,ZECUSDT,-0.00004791,43.53000000,43.53000000
2025-06-16T00:00:00Z,ZECUSDT,0.00001455,43.36368627,43.36368627
2025-06-16T08:00:00Z,ZECUSDT,0.00007136,43.77000000,43.77000000
2025-06-16T16:00:00Z,ZECUSDT,0.00000980,44.83736765,44.83736765
2025-06-17T00:00:00Z,ZECUSDT,0.00010000,43.05000000,43.05000000
2025-06-17T08:00:00Z,ZECUSDT,-0.00018007,42.38000000,42.38000000
2025-06-17T16:00:00Z,ZECUSDT,0.00010000,41.53643464,41.53643464
2025-06-18T00:00:00Z,ZECUSDT,0.00009517,41.15101307,41.15101307
2025-06-18T08:00:00Z,ZECUSDT,0.00010000,41.67063072,41.67063072
2025-06-18T16:00:00Z,ZECUSDT,-0.00023833,41.88082680,41.88082680
2025-06-19T00:00:00Z,ZECUSDT,0.00010000,42.08216667,42.08216667
2025-06-19T08:00:00Z,ZECUSDT,0.00010000,41.50000000,41.50000000
2025-06-19T16:00:00Z,ZECUSDT,0.00010000,41.50000000,41.50000000
2025-06-20T00:00:00Z,ZECUSDT,0.00010000,41.68000000,41.68000000
2025-06-20T08:00:00Z,ZECUSDT,0.00002389,41.83000000,41.83000000
2025-06-20T16:00:00Z,ZECUSDT,0.00006976,40.70000000,40.70000000
2025-06-21T00:00:00Z,ZECUSDT,0.00000638,40.26878431,40.26878431
2025-06-21T08:00:00Z,ZECUSDT,0.00010000,40.20140850,40.20140850
2025-06-21T16:00:00Z,ZECUSDT,-0.00018567,41.32000000,41.32000000
2025-06-22T00:00:00Z,ZECUSDT,0.00010000,39.47000000,39.47000000
2025-06-22T08:00:00Z,ZECUSDT,0.00010000,38.59000000,38.59000000
2025-06-22T16:00:00Z,ZECUSDT,0.00000225,37.83157361,37.83157361
2025-06-23T00:00:00Z,ZECUSDT,0.00010000,38.17000000,38.17000000
2025-06-23T08:00:00Z,ZECUSDT,0.00010000,38.46916667,38.46916667
2025-06-23T16:00:00Z,ZECUSDT,0.00001959,38.90000000,38.90000000
2025-06-24T00:00:00Z,ZECUSDT,0.00010000,41.51000000,41.51000000
2025-06-24T08:00:00Z,ZECUSDT,0.00003329,41.81000000,41.81000000
2025-06-24T16:00:00Z,ZECUSDT,0.00004814,42.46089216,42.46089216
2025-06-25T00:00:00Z,ZECUSDT,0.00010000,42.76000000,42.76000000
2025-06-25T08:00:00Z,ZECUSDT,0.00010000,42.17000000,42.17000000
2025-06-25T16:00:00Z,ZECUSDT,-0.00001110,41.56000000,41.56000000
2025-06-26T00:00:00Z,ZECUSDT,-0.00003791,41.38000000,41.38000000
2025-06-26T08:00:00Z,ZECUSDT,0.00008408,41.07000000,41.07000000
2025-06-26T16:00:00Z,ZECUSDT,0.00003665,39.40482353,39.40482353
2025-06-27T00:00:00Z,ZECUSDT,0.00001285,39.18567647,39.18567647
2025-06-27T08:00:00Z,ZECUSDT,-0.00006037,39.11000000,39.11000000
2025-06-27T16:00:00Z,ZECUSDT,0.00010000,38.88000000,38.88000000
2025-06-28T00:00:00Z,ZECUSDT,0.00010000,38.54647059,38.54647059
2025-06-28T08:00:00Z,ZECUSDT,0.00010000,38.05035621,38.05035621
2025-06-28T16:00:00Z,ZECUSDT,0.00010000,38.19837255,38.19837255
2025-06-29T00:00:00Z,ZECUSDT,0.00010000,38.95000000,38.95000000
2025-06-29T08:00:00Z,ZECUSDT,0.00010000,39.93431373,39.93431373
2025-06-29T16:00:00Z,ZECUSDT,0.00010000,39.64624183,39.64624183
2025-06-30T00:00:00Z,ZECUSDT,0.00009047,40.06000000,40.06000000
2025-06-30T08:00:00Z,ZECUSDT,0.00010000,39.88718627,39.88718627
2025-06-30T16:00:00Z,ZECUSDT,-0.00001619,39.09294118,39.09294118
2025-07-01T00:00:00Z,ZECUSDT,0.00010000,38.21000000,38.21000000
2025-07-01T08:00:00Z,ZECUSDT,0.00010000,37.14853606,37.14853606
2025-07-01T16:00:00Z,ZECUSDT,0.00010000,36.45670915,36.45670915
2025-07-02T00:00:00Z,ZECUSDT,0.00010000,36.91000000,36.91000000
2025-07-02T08:00:00Z,ZECUSDT,0.00010000,37.22058170,37.22058170
2025-07-02T16:00:00Z,ZECUSDT,0.00010000,38.03876471,38.03876471
2025-07-03T00:00:00Z,ZECUSDT,0.00010000,38.87000000,38.87000000
2025-07-03T08:00:00Z,ZECUSDT,0.00010000,39.49269118,39.49269118
2025-07-03T16:00:00Z,ZECUSDT,-0.00005026,39.50000000,39.50000000
2025-07-04T00:00:00Z,ZECUSDT,0.00010000,40.91000000,40.91000000
2025-07-04T08:00:00Z,ZECUSDT,-0.00002769,40.10000000,40.10000000
2025-07-04T16:00:00Z,ZECUSDT,-0.00006031,39.54000000,39.54000000
2025-07-05T00:00:00Z,ZECUSDT,0.00010000,40.09000000,40.09000000
2025-07-05T08:00:00Z,ZECUSDT,-0.00023233,39.78000000,39.78000000
2025-07-05T16:00:00Z,ZECUSDT,-0.00013729,39.17000000,39.17000000
2025-07-06T00:00:00Z,ZECUSDT,0.00003794,39.17233333,39.17233333
2025-07-06T08:00:00Z,ZECUSDT,-0.00012655,38.20000000,38.20000000
2025-07-06T16:00:00Z,ZECUSDT,0.00010000,38.73000000,38.73000000
2025-07-07T00:00:00Z,ZECUSDT,0.00002611,39.28000000,39.28000000
2025-07-07T08:00:00Z,ZECUSDT,0.00010000,38.86411438,38.86411438
2025-07-07T16:00:00Z,ZECUSDT,0.00010000,38.66000000,38.66000000
2025-07-08T00:00:00Z,ZECUSDT,0.00010000,38.74853922,38.74853922
2025-07-08T08:00:00Z,ZECUSDT,0.00008282,38.66513399,38.66513399
2025-07-08T16:00:00Z,ZECUSDT,0.00010000,40.83441013,40.83441013
2025-07-09T00:00:00Z,ZECUSDT,0.00010000,43.68000000,43.68000000
2025-07-09T08:00:00Z,ZECUSDT,-0.00000628,40.45514379,40.45514379
2025-07-09T16:00:00Z,ZECUSDT,0.00010000,39.01335621,39.01335621
2025-07-10T00:00:00Z,ZECUSDT,0.00010000,40.98000000,40.98000000
2025-07-10T08:00:00Z,ZECUSDT,0.00010000,40.67000000,40.67000000
2025-07-10T16:00:00Z,ZECUSDT,0.00010000,40.30000000,40.30000000
2025-07-11T00:00:00Z,ZECUSDT,0.00010000,42.02757394,42.02757394
2025-07-11T08:00:00Z,ZECUSDT,0.00010000,42.59130065,42.59130065
2025-07-11T16:00:00Z,ZECUSDT,0.00010000,42.53000000,42.53000000
2025-07-12T00:00:00Z,ZECUSDT,0.00010000,42.04076471,42.04076471
2025-07-12T08:00:00Z,ZECUSDT,0.00010000,42.37801307,42.37801307
2025-07-12T16:00:00Z,ZECUSDT,0.00010000,40.72000000,40.72000000
2025-07-13T00:00:00Z,ZECUSDT,0.00010000,42.26775000,42.26775000
2025-07-13T08:00:00Z,ZECUSDT,0.00010000,43.03846405,43.03846405
2025-07-13T16:00:00Z,ZECUSDT,0.00010000,43.36000000,43.36000000
2025-07-14T00:00:00Z,ZECUSDT,0.00010000,42.36000000,42.36000000
2025-07-14T08:00:00Z,ZECUSDT,0.00010000,44.14117647,44.14117647
2025-07-14T16:00:00Z,ZECUSDT,0.00010000,43.81000000,43.81000000
2025-07-15T00:00:00Z,ZECUSDT,0.00010000,43.11192157,43.11192157
2025-07-15T08:00:00Z,ZECUSDT,0.00010000,41.96000000,41.96000000
2025-07-15T16:00:00Z,ZECUSDT,0.00010000,42.25000000,42.25000000
2025-07-16T00:00:00Z,ZECUSDT,0.00010000,43.73956373,43.73956373
2025-07-16T08:00:00Z,ZECUSDT,0.00010000,44.37407190,44.37407190
2025-07-16T16:00:00Z,ZECUSDT,0.00010000,44.30411765,44.30411765
2025-07-17T00:00:00Z,ZECUSDT,0.00010000,44.21784150,44.21784150
2025-07-17T08:00:00Z,ZECUSDT,0.00010000,44.28094608,44.28094608
2025-07-17T16:00:00Z,ZECUSDT,0.00010000,44.49666993,44.49666993
2025-07-18T00:00:00Z,ZECUSDT,0.00010000,45.44003922,45.44003922
2025-07-18T08:00:00Z,ZECUSDT,0.00010000,45.93099510,45.93099510
2025-07-18T16:00:00Z,ZECUSDT,0.00010000,45.05000000,45.05000000
2025-07-19T00:00:00Z,ZECUSDT,0.00010000,44.28420098,44.28420098
2025-07-19T08:00:00Z,ZECUSDT,0.00010000,43.86000000,43.86000000
2025-07-19T16:00:00Z,ZECUSDT,0.00010000,43.32366176,43.32366176
2025-07-20T00:00:00Z,ZECUSDT,0.00010000,44.68000000,44.68000000
2025-07-20T08:00:00Z,ZECUSDT,0.00010000,44.40000000,44.40000000
2025-07-20T16:00:00Z,ZECUSDT,0.00010000,45.53292157,45.53292157
2025-07-21T00:00:00Z,ZECUSDT,0.00010000,44.98000000,44.98000000
2025-07-21T08:00:00Z,ZECUSDT,0.00010000,45.60998203,45.60998203
2025-07-21T16:00:00Z,ZECUSDT,0.00010000,45.16559967,45.16559967
2025-07-22T00:00:00Z,ZECUSDT,0.00010000,44.59245915,44.59245915
2025-07-22T08:00:00Z,ZECUSDT,0.00010000,43.00420261,43.00420261
2025-07-22T16:00:00Z,ZECUSDT,0.00010000,43.52470588,43.52470588
2025-07-23T00:00:00Z,ZECUSDT,0.00010000,44.09064542,44.09064542
2025-07-23T08:00:00Z,ZECUSDT,0.00010000,43.19917320,43.19917320
2025-07-23T16:00:00Z,ZECUSDT,0.00010000,42.05000000,42.05000000
2025-07-24T00:00:00Z,ZECUSDT,0.00010000,41.32529412,41.32529412
2025-07-24T08:00:00Z,ZECUSDT,0.00010000,40.10705882,40.10705882
2025-07-24T16:00:00Z,ZECUSDT,0.00010000,41.25411765,41.25411765
2025-07-25T00:00:00Z,ZECUSDT,0.00010000,40.20000000,40.20000000
2025-07-25T08:00:00Z,ZECUSDT,0.00010000,39.49525327,39.49525327
2025-07-25T16:00:00Z,ZECUSDT,0.00010000,39.88329575,39.88329575
2025-07-26T00:00:00Z,ZECUSDT,0.00010000,40.78000000,40.78000000
2025-07-26T08:00:00Z,ZECUSDT,0.00010000,40.80446078,40.80446078
2025-07-26T16:00:00Z,ZECUSDT,0.00010000,41.40156863,41.40156863
2025-07-27T00:00:00Z,ZECUSDT,0.00010000,41.19372549,41.19372549
2025-07-27T08:00:00Z,ZECUSDT,0.00010000,41.51274510,41.51274510
2025-07-27T16:00:00Z,ZECUSDT,0.00010000,41.60578431,41.60578431
2025-07-28T00:00:00Z,ZECUSDT,0.00010000,41.84035458,41.84035458
2025-07-28T08:00:00Z,ZECUSDT,0.00010000,42.56842974,42.56842974
2025-07-28T16:00:00Z,ZECUSDT,0.00010000,41.79000000,41.79000000
2025-07-29T00:00:00Z,ZECUSDT,0.00007877,40.60996405,40.60996405
2025-07-29T08:00:00Z,ZECUSDT,0.00010000,41.15000000,41.15000000
2025-07-29T16:00:00Z,ZECUSDT,0.00008859,40.10000000,40.10000000
2025-07-30T00:00:00Z,ZECUSDT,0.00010000,40.51294608,40.51294608
2025-07-30T08:00:00Z,ZECUSDT,0.00010000,39.23000000,39.23000000
2025-07-30T16:00:00Z,ZECUSDT,0.00007943,38.99842157,38.99842157
2025-07-31T00:00:00Z,ZECUSDT,0.00010000,38.41000000,38.41000000
2025-07-31T08:00:00Z,ZECUSDT,0.00010000,39.07000000,39.07000000
2025-07-31T16:00:00Z,ZECUSDT,0.00007142,38.03000000,38.03000000
2025-08-01T00:00:00Z,ZECUSDT,0.00005332,36.92000000,36.92000000
2025-08-01T08:00:00Z,ZECUSDT,-0.00023320,35.98000000,35.98000000
2025-08-01T16:00:00Z,ZECUSDT,0.00010000,36.63990196,36.63990196
2025-08-02T00:00:00Z,ZECUSDT,0.00010000,35.87000000,35.87000000
2025-08-02T08:00:00Z,ZECUSDT,0.00010000,35.79443170,35.79443170
2025-08-02T16:00:00Z,ZECUSDT,0.00010000,35.18313725,35.18313725
2025-08-03T00:00:00Z,ZECUSDT,0.00010000,35.41147059,35.41147059
2025-08-03T08:00:00Z,ZECUSDT,0.00002580,35.46710784,35.46710784
2025-08-03T16:00:00Z,ZECUSDT,-0.00009741,36.37000000,36.37000000
2025-08-04T00:00:00Z,ZECUSDT,0.00010000,36.12881699,36.12881699
2025-08-04T08:00:00Z,ZECUSDT,0.00010000,36.45000000,36.45000000
2025-08-04T16:00:00Z,ZECUSDT,0.00010000,36.79000000,36.79000000
2025-08-05T00:00:00Z,ZECUSDT,0.00010000,37.06035948,37.06035948
2025-08-05T08:00:00Z,ZECUSDT,0.00010000,35.95497059,35.95497059
2025-08-05T16:00:00Z,ZECUSDT,0.00010000,35.27000000,35.27000000
2025-08-06T00:00:00Z,ZECUSDT,0.00010000,35.44926961,35.44926961
2025-08-06T08:00:00Z,ZECUSDT,0.00010000,35.58550000,35.58550000
2025-08-06T16:00:00Z,ZECUSDT,0.00010000,35.93118519,35.93118519
2025-08-07T00:00:00Z,ZECUSDT,0.00010000,36.07925000,36.07925000
2025-08-07T08:00:00Z,ZECUSDT,0.00010000,36.57000000,36.57000000
2025-08-07T16:00:00Z,ZECUSDT,0.00010000,37.51198405,37.51198405
2025-08-08T00:00:00Z,ZECUSDT,0.00010000,38.09440678,38.09440678
2025-08-08T08:00:00Z,ZECUSDT,0.00010000,38.27012745,38.27012745
2025-08-08T16:00:00Z,ZECUSDT,0.00010000,38.20121569,38.20121569
2025-08-09T00:00:00Z,ZECUSDT,0.00010000,38.71000000,38.71000000
2025-08-09T08:00:00Z,ZECUSDT,0.00010000,39.37000000,39.37000000
2025-08-09T16:00:00Z,ZECUSDT,0.00010000,39.49000000,39.49000000
2025-08-10T00:00:00Z,ZECUSDT,0.00010000,39.62396078,39.62396078
2025-08-10T08:00:00Z,ZECUSDT,0.00010000,38.68000000,38.68000000
2025-08-10T16:00:00Z,ZECUSDT,0.00010000,38.99000000,38.99000000
2025-08-11T00:00:00Z,ZECUSDT,0.00010000,39.46990196,39.46990196
2025-08-11T08:00:00Z,ZECUSDT,0.00010000,39.16000000,39.16000000
2025-08-11T16:00:00Z,ZECUSDT,0.00010000,38.14000000,38.14000000
2025-08-12T00:00:00Z,ZECUSDT,0.00010000,36.58000000,36.58000000
2025-08-12T08:00:00Z,ZECUSDT,0.00010000,37.22774510,37.22774510
2025-08-12T16:00:00Z,ZECUSDT,0.00010000,39.30611765,39.30611765
2025-08-13T00:00:00Z,ZECUSDT,0.00010000,39.49000000,39.49000000
2025-08-13T08:00:00Z,ZECUSDT,0.00010000,38.45000000,38.45000000
2025-08-13T16:00:00Z,ZECUSDT,0.00010000,39.29000000,39.29000000
2025-08-14T00:00:00Z,ZECUSDT,0.00010000,39.33823529,39.33823529
2025-08-14T08:00:00Z,ZECUSDT,0.00010000,40.14000000,40.14000000
2025-08-14T16:00:00Z,ZECUSDT,0.00010000,37.35069281,37.35069281
2025-08-15T00:00:00Z,ZECUSDT,0.00008322,36.61392157,36.61392157
2025-08-15T08:00:00Z,ZECUSDT,0.00010000,38.23692974,38.23692974
2025-08-15T16:00:00Z,ZECUSDT,0.00003663,36.56000000,36.56000000
2025-08-16T00:00:00Z,ZECUSDT,0.00008922,36.38000000,36.38000000
2025-08-16T08:00:00Z,ZECUSDT,0.00010000,36.44213725,36.44213725
2025-08-16T16:00:00Z,ZECUSDT,0.00010000,36.57000000,36.57000000
2025-08-17T00:00:00Z,ZECUSDT,0.00010000,36.71179902,36.71179902
2025-08-17T08:00:00Z,ZECUSDT,0.00010000,37.25125490,37.25125490
2025-08-17T16:00:00Z,ZECUSDT,0.00010000,37.72440686,37.72440686
2025-08-18T00:00:00Z,ZECUSDT,0.00010000,36.97000000,36.97000000
2025-08-18T08:00:00Z,ZECUSDT,-0.00023591,35.53000000,35.53000000
2025-08-18T16:00:00Z,ZECUSDT,0.00005637,36.52000000,36.52000000
2025-08-19T00:00:00Z,ZECUSDT,-0.00004686,35.30314869,35.30314869
2025-08-19T08:00:00Z,ZECUSDT,0.00010000,35.78246405,35.78246405
2025-08-19T16:00:00Z,ZECUSDT,0.00010000,35.29000000,35.29000000
2025-08-20T00:00:00Z,ZECUSDT,-0.00000530,34.60769608,34.60769608
2025-08-20T08:00:00Z,ZECUSDT,-0.00006032,36.98121469,36.98121469
2025-08-20T16:00:00Z,ZECUSDT,0.00010000,38.39495425,38.39495425
2025-08-21T00:00:00Z,ZECUSDT,0.00010000,39.02450817,39.02450817
2025-08-21T08:00:00Z,ZECUSDT,0.00008608,38.33000000,38.33000000
2025-08-21T16:00:00Z,ZECUSDT,0.00010000,39.40000000,39.40000000
2025-08-22T00:00:00Z,ZECUSDT,-0.00012449,42.53469935,42.53469935
2025-08-22T08:00:00Z,ZECUSDT,0.00010000,42.03000000,42.03000000
2025-08-22T16:00:00Z,ZECUSDT,0.00010000,43.76000000,43.76000000
2025-08-23T00:00:00Z,ZECUSDT,0.00010000,43.95029412,43.95029412
2025-08-23T08:00:00Z,ZECUSDT,0.00010000,42.79269608,42.79269608
2025-08-23T16:00:00Z,ZECUSDT,0.00010000,43.21039216,43.21039216
2025-08-24T00:00:00Z,ZECUSDT,0.00010000,44.78371220,44.78371220
2025-08-24T08:00:00Z,ZECUSDT,0.00010000,42.49794118,42.49794118
2025-08-24T16:00:00Z,ZECUSDT,0.00010000,42.85088235,42.85088235
2025-08-25T00:00:00Z,ZECUSDT,0.00010000,42.57549020,42.57549020
2025-08-25T08:00:00Z,ZECUSDT,0.00010000,41.32647059,41.32647059
2025-08-25T16:00:00Z,ZECUSDT,0.00010000,40.44000000,40.44000000
2025-08-26T00:00:00Z,ZECUSDT,0.00010000,39.77000000,39.77000000
2025-08-26T08:00:00Z,ZECUSDT,0.00010000,40.54,40.54
2025-08-26T16:00:00Z,ZECUSDT,0.00010000,42.79,42.79
2025-08-27T00:00:00Z,ZECUSDT,0.00010000,42.79,42.79
2025-08-27T08:00:00Z,ZECUSDT,0.00010000,41.81,41.81
2025-08-27T16:00:00Z,ZECUSDT,0.00010000,42.24,42.24
2025-08-28T00:00:00Z,ZECUSDT,0.00010000,42.47,42.47
2025-08-28T08:00:00Z,ZECUSDT,0.00010000,42.31,42.31
2025-08-28T16:00:00Z,ZECUSDT,0.00010000,42.45,42.45
2025-08-29T00:00:00Z,ZECUSDT,0.00010000,41.46,41.46
2025-08-29T08:00:00Z,ZECUSDT,0.00010000,41.92,41.92
2025-08-29T16:00:00Z,ZECUSDT,0.00010000,40.12,40.12
2025-08-30T00:00:00Z,ZECUSDT,0.00010000,40.04,40.04
2025-08-30T08:00:00Z,ZECUSDT,0.00010000,39.91,39.91
2025-08-30T16:00:00Z,ZECUSDT,0.00010000,40.02,40.02
2025-08-31T00:00:00Z,ZECUSDT,0.00010000,39.97,39.97
2025-08-31T08:00:00Z,ZECUSDT,0.00010000,40.28,40.28
2025-08-31T16:00:00Z,ZECUSDT,0.00010000,40.38,40.38
2025-09-01T00:00:00Z,ZECUSDT,0.00010000,40.07,40.07
2025-09-01T08:00:00Z,ZECUSDT,-0.00004388,39.34,39.34
2025-09-01T16:00:00Z,ZECUSDT,0.00003476,40.49,40.49
2025-09-02T00:00:00Z,ZECUSDT,0.00000380,40.70,40.70
2025-09-02T08:00:00Z,ZECUSDT,0.00010000,40.88,40.88
2025-09-02T16:00:00Z,ZECUSDT,0.00010000,41.55,41.55
2025-09-03T00:00:00Z,ZECUSDT,0.00010000,41.19,41.19
2025-09-03T08:00:00Z,ZECUSDT,0.00010000,42.44,42.44
2025-09-03T16:00:00Z,ZECUSDT,0.00010000,41.57,41.57
2025-09-04T00:00:00Z,ZECUSDT,0.00010000,40.50,40.50
2025-09-04T08:00:00Z,ZECUSDT,0.00003220,40.28,40.28
2025-09-04T16:00:00Z,ZECUSDT,0.00005515,40.70,40.70
2025-09-05T00:00:00Z,ZECUSDT,0.00002353,41.74,41.74
2025-09-05T08:00:00Z,ZECUSDT,0.00010000,40.70,40.70
2025-09-05T16:00:00Z,ZECUSDT,0.00010000,41.04,41.04
2025-09-06T00:00:00Z,ZECUSDT,0.00010000,42.08,42.08
2025-09-06T08:00:00Z,ZECUSDT,0.00007605,42.54,42.54
2025-09-06T16:00:00Z,ZECUSDT,0.00010000,47.43,47.43
2025-09-07T00:00:00Z,ZECUSDT,0.00010000,47.15,47.15
2025-09-07T08:00:00Z,ZECUSDT,0.00010000,47.60,47.60
2025-09-07T16:00:00Z,ZECUSDT,0.00004224,48.32,48.32
2025-09-08T00:00:00Z,ZECUSDT,-0.00008048,49.07,49.07
2025-09-08T08:00:00Z,ZECUSDT,-0.00003800,48.75,48.75
2025-09-08T16:00:00Z,ZECUSDT,0.00010000,50.65,50.65
2025-09-09T00:00:00Z,ZECUSDT,0.00010000,50.20,50.20
2025-09-09T08:00:00Z,ZECUSDT,0.00010000,49.31,49.31
2025-09-09T16:00:00Z,ZECUSDT,0.00010000,48.30,48.30
2025-09-10T00:00:00Z,ZECUSDT,0.00010000,48.62,48.62
2025-09-10T08:00:00Z,ZECUSDT,0.00010000,48.23,48.23
2025-09-10T16:00:00Z,ZECUSDT,0.00010000,47.83,47.83
2025-09-11T00:00:00Z,ZECUSDT,0.00010000,47.44,47.44
2025-09-11T08:00:00Z,ZECUSDT,0.00010000,47.58,47.58
2025-09-11T16:00:00Z,ZECUSDT,0.00010000,47.90,47.90
2025-09-12T00:00:00Z,ZECUSDT,0.00010000,47.75,47.75
2025-09-12T08:00:00Z,ZECUSDT,0.00010000,48.59,48.59
2025-09-12T16:00:00Z,ZECUSDT,0.00001369,49.68,49.68
2025-09-13T00:00:00Z,ZECUSDT,0.00010000,49.55,49.55
2025-09-13T08:00:00Z,ZECUSDT,0.00010000,50.06,50.06
2025-09-13T16:00:00Z,ZECUSDT,0.00010000,52.81,52.81
2025-09-14T00:00:00Z,ZECUSDT,0.00010000,53.99,53.99
2025-09-14T08:00:00Z,ZECUSDT,0.00007772,52.43,52.43
2025-09-14T16:00:00Z,ZECUSDT,0.00010000,50.44,50.44
2025-09-15T00:00:00Z,ZECUSDT,0.00010000,50.70,50.70
2025-09-15T08:00:00Z,ZECUSDT,0.00010000,50.20,50.20
2025-09-15T16:00:00Z,ZECUSDT,0.00010000,49.86,49.86
2025-09-16T00:00:00Z,ZECUSDT,0.00010000,52.05,52.05
2025-09-16T08:00:00Z,ZECUSDT,0.00010000,51.69,51.69
2025-09-16T16:00:00Z,ZECUSDT,0.00010000,51.30,51.30
2025-09-17T00:00:00Z,ZECUSDT,0.00006080,51.78,51.78
2025-09-17T08:00:00Z,ZECUSDT,0.00010000,50.64,50.64
2025-09-17T16:00:00Z,ZECUSDT,0.00010000,51.20,51.20
2025-09-18T00:00:00Z,ZECUSDT,0.00010000,50.32,50.32
2025-09-18T08:00:00Z,ZECUSDT,0.00010000,50.18,50.18
2025-09-18T16:00:00Z,ZECUSDT,-0.00002103,50.31,50.31
2025-09-19T00:00:00Z,ZECUSDT,0.00010000,48.91,48.91
2025-09-19T08:00:00Z,ZECUSDT,0.00003397,48.96,48.96
2025-09-19T16:00:00Z,ZECUSDT,0.00010000,48.93,48.93
2025-09-20T00:00:00Z,ZECUSDT,0.00010000,50.24,50.24
2025-09-20T08:00:00Z,ZECUSDT,0.00010000,50.12,50.12
2025-09-20T16:00:00Z,ZECUSDT,0.00004555,50.56,50.56
2025-09-21T00:00:00Z,ZECUSDT,-0.00032986,51.22,51.22
2025-09-21T08:00:00Z,ZECUSDT,0.00010000,51.53,51.53
2025-09-21T16:00:00Z,ZECUSDT,0.00003987,51.73,51.73
2025-09-22T00:00:00Z,ZECUSDT,0.00005534,48.08,48.08
2025-09-22T08:00:00Z,ZECUSDT,0.00010000,48.12,48.12
2025-09-22T16:00:00Z,ZECUSDT,-0.00012679,48.55,48.55
2025-09-23T00:00:00Z,ZECUSDT,-0.00010279,49.20,49.20
2025-09-23T08:00:00Z,ZECUSDT,0.00002885,53.70,53.70
2025-09-23T16:00:00Z,ZECUSDT,0.00006808,55.12,55.12
2025-09-24T00:00:00Z,ZECUSDT,0.00010000,54.66,54.66
2025-09-24T08:00:00Z,ZECUSDT,0.00010000,54.87,54.87
2025-09-24T16:00:00Z,ZECUSDT,0.00010000,58.67,58.67
2025-09-25T00:00:00Z,ZECUSDT,-0.00008428,58.36,58.36
2025-09-25T08:00:00Z,ZECUSDT,0.00010000,56.62,56.62
2025-09-25T16:00:00Z,ZECUSDT,0.00010000,54.49,54.49
2025-09-26T00:00:00Z,ZECUSDT,0.00010000,54.75,54.75
2025-09-26T08:00:00Z,ZECUSDT,0.00010000,54.05,54.05
2025-09-26T16:00:00Z,ZECUSDT,0.00010000,56.25,56.25
2025-09-27T00:00:00Z,ZECUSDT,0.00010000,55.81,55.81
2025-09-27T08:00:00Z,ZECUSDT,0.00006671,54.01,54.01
2025-09-27T16:00:00Z,ZECUSDT,0.00008207,55.57,55.57
2025-09-28T00:00:00Z,ZECUSDT,-0.00004109,56.55,56.55
2025-09-28T08:00:00Z,ZECUSDT,0.00002629,58.35,58.35
2025-09-28T16:00:00Z,ZECUSDT,0.00004856,61.03,61.03
2025-09-29T00:00:00Z,ZECUSDT,0.00001979,66.00,66.00
2025-09-29T08:00:00Z,ZECUSDT,-0.00006333,67.82,67.82
2025-09-29T16:00:00Z,ZECUSDT,-0.00025992,72.00,72.00
2025-09-30T00:00:00Z,ZECUSDT,0.00010000,67.55,67.55
2025-09-30T08:00:00Z,ZECUSDT,0.00010000,73.50,73.50
2025-09-30T16:00:00Z,ZECUSDT,-0.00034089,74.14,74.14
2025-10-01T00:00:00Z,ZECUSDT,-0.00042487,89.15,89.15
2025-10-01T08:00:00Z,ZECUSDT,-0.00048205,92.19,92.19
2025-10-01T16:00:00Z,ZECUSDT,-0.00013371,120.80,120.80
2025-10-02T00:00:00Z,ZECUSDT,0.00010000,143.01,143.01
2025-10-02T08:00:00Z,ZECUSDT,0.00010000,132.55,132.55
2025-10-02T16:00:00Z,ZECUSDT,0.00010000,131.31,131.31
2025-10-03T00:00:00Z,ZECUSDT,0.00010000,141.21,141.21
2025-10-03T08:00:00Z,ZECUSDT,0.00004206,150.05,150.05
2025-10-03T16:00:00Z,ZECUSDT,-0.00003132,127.44,127.44
2025-10-04T00:00:00Z,ZECUSDT,0.00010000,134.05,134.05
2025-10-04T08:00:00Z,ZECUSDT,0.00008539,142.10,142.10
2025-10-04T16:00:00Z,ZECUSDT,0.00010000,156.82,156.82
2025-10-05T00:00:00Z,ZECUSDT,0.00010000,160.90,160.90
2025-10-05T08:00:00Z,ZECUSDT,0.00010000,149.52,149.52
2025-10-05T16:00:00Z,ZECUSDT,0.00010000,165.26,165.26
2025-10-06T00:00:00Z,ZECUSDT,0.00005407,160.11,160.11
2025-10-06T08:00:00Z,ZECUSDT,0.00010000,163.30,163.30
2025-10-06T16:00:00Z,ZECUSDT,0.00010000,155.94,155.94
2025-10-07T00:00:00Z,ZECUSDT,0.00010000,145.68,145.68
2025-10-07T08:00:00Z,ZECUSDT,0.00010000,137.10,137.10
2025-10-07T16:00:00Z,ZECUSDT,0.00010000,127.38,127.38
2025-10-08T00:00:00Z,ZECUSDT,0.00010000,135.18,135.18
2025-10-08T08:00:00Z,ZECUSDT,0.00010000,166.00,166.00
2025-10-08T16:00:00Z,ZECUSDT,0.00010000,177.64,177.64
2025-10-09T00:00:00Z,ZECUSDT,0.00010000,179.26,179.26
2025-10-09T08:00:00Z,ZECUSDT,0.00010000,187.99,187.99
2025-10-09T16:00:00Z,ZECUSDT,0.00010000,212.63,212.63
2025-10-10T00:00:00Z,ZECUSDT,0.00010000,227.07,227.07
2025-10-10T08:00:00Z,ZECUSDT,0.00017725,228.41,228.41
2025-10-10T16:00:00Z,ZECUSDT,0.00010000,225.33,225.33
2025-10-11T00:00:00Z,ZECUSDT,-0.00065132,267.45,267.45
2025-10-11T08:00:00Z,ZECUSDT,0.00010000,262.30,262.30
2025-10-11T16:00:00Z,ZECUSDT,-0.00019168,290.60,290.60
2025-10-12T00:00:00Z,ZECUSDT,0.00010000,288.08,288.08
2025-10-12T08:00:00Z,ZECUSDT,0.00008702,251.39,251.39
2025-10-12T16:00:00Z,ZECUSDT,0.00010000,260.38,260.38
2025-10-13T00:00:00Z,ZECUSDT,0.00010000,266.95,266.95
2025-10-13T08:00:00Z,ZECUSDT,0.00010000,245.23,245.23
2025-10-13T16:00:00Z,ZECUSDT,0.00010000,249.18,249.18
2025-10-14T00:00:00Z,ZECUSDT,0.00010000,224.53,224.53
2025-10-14T08:00:00Z,ZECUSDT,0.00010000,257.53,257.53
2025-10-14T16:00:00Z,ZECUSDT,0.00009446,247.66,247.66
2025-10-15T00:00:00Z,ZECUSDT,0.00001173,262.04,262.04
2025-10-15T08:00:00Z,ZECUSDT,0.00003009,252.56,252.56
2025-10-15T16:00:00Z,ZECUSDT,-0.00004171,229.77,229.77
2025-10-16T00:00:00Z,ZECUSDT,-0.00000645,241.22,241.22
2025-10-16T08:00:00Z,ZECUSDT,-0.00007224,219.38,219.38
2025-10-16T16:00:00Z,ZECUSDT,-0.00004033,205.09,205.09
2025-10-17T00:00:00Z,ZECUSDT,0.00010000,192.45,192.45
2025-10-17T08:00:00Z,ZECUSDT,0.00010000,211.03,211.03
2025-10-17T16:00:00Z,ZECUSDT,0.00010000,217.77,217.77
2025-10-18T00:00:00Z,ZECUSDT,0.00006859,217.01,217.01
2025-10-18T08:00:00Z,ZECUSDT,0.00004635,213.37,213.37
2025-10-18T16:00:00Z,ZECUSDT,-0.00004147,221.23,221.23
2025-10-19T00:00:00Z,ZECUSDT,0.00010000,217.88,217.88
2025-10-19T08:00:00Z,ZECUSDT,-0.00010682,225.32,225.32
2025-10-19T16:00:00Z,ZECUSDT,0.00007584,235.60,235.60
2025-10-20T00:00:00Z,ZECUSDT,-0.00005593,238.06,238.06
2025-10-20T08:00:00Z,ZECUSDT,0.00004912,260.30,260.30
2025-10-20T16:00:00Z,ZECUSDT,-0.00012404,268.48,268.48
2025-10-21T00:00:00Z,ZECUSDT,0.00010000,255.29,255.29
2025-10-21T08:00:00Z,ZECUSDT,0.00010000,292.10,292.10
2025-10-21T16:00:00Z,ZECUSDT,0.00010000,262.82,262.82
2025-10-22T00:00:00Z,ZECUSDT,0.00008387,276.54,276.54
2025-10-22T08:00:00Z,ZECUSDT,-0.00002518,259.26,259.26
2025-10-22T16:00:00Z,ZECUSDT,-0.00012050,238.37,238.37
2025-10-23T00:00:00Z,ZECUSDT,-0.00006207,239.60,239.60
2025-10-23T08:00:00Z,ZECUSDT,-0.00039610,237.27,237.27
2025-10-23T16:00:00Z,ZECUSDT,-0.00052064,243.09,243.09
2025-10-24T00:00:00Z,ZECUSDT,-0.00053579,256.83,256.83
2025-10-24T08:00:00Z,ZECUSDT,-0.00030647,252.77,252.77
2025-10-24T16:00:00Z,ZECUSDT,-0.00058120,269.74,269.74
2025-10-25T00:00:00Z,ZECUSDT,-0.00027646,268.50,268.50
2025-10-25T08:00:00Z,ZECUSDT,-0.00015362,268.94,268.94
2025-10-25T16:00:00Z,ZECUSDT,-0.00028081,275.65,275.65
2025-10-26T00:00:00Z,ZECUSDT,-0.00015122,299.08,299.08
2025-10-26T08:00:00Z,ZECUSDT,-0.00037067,353.95,353.95
2025-10-26T16:00:00Z,ZECUSDT,-0.00005780,324.24,324.24
2025-10-27T00:00:00Z,ZECUSDT,0.00010000,346.38,346.38
2025-10-27T08:00:00Z,ZECUSDT,0.00007508,359.82,359.82
2025-10-27T16:00:00Z,ZECUSDT,-0.00014208,341.54,341.54
2025-10-28T00:00:00Z,ZECUSDT,0.00010000,324.24,324.24
2025-10-28T08:00:00Z,ZECUSDT,0.00010000,327.52,327.52
2025-10-28T16:00:00Z,ZECUSDT,-0.00003337,315.60,315.60
2025-10-29T00:00:00Z,ZECUSDT,0.00001958,316.76,316.76
2025-10-29T08:00:00Z,ZECUSDT,-0.00003757,330.03,330.03
2025-10-29T16:00:00Z,ZECUSDT,-0.00045987,351.10,351.10
2025-10-30T00:00:00Z,ZECUSDT,-0.00048335,363.12,363.12
2025-10-30T08:00:00Z,ZECUSDT,-0.00068723,328.24,328.24
2025-10-30T16:00:00Z,ZECUSDT,-0.00073539,345.02,345.02
2025-10-31T00:00:00Z,ZECUSDT,-0.00197771,384.89,384.89
2025-10-31T08:00:00Z,ZECUSDT,-0.00090726,382.69,382.69
2025-10-31T16:00:00Z,ZECUSDT,-0.00167374,403.58,403.58
2025-11-01T00:00:00Z,ZECUSDT,-0.00153392,442.58,442.58
2025-11-01T08:00:00Z,ZECUSDT,-0.00102408,417.68,417.68
2025-11-01T16:00:00Z,ZECUSDT,-0.00189492,411.89,411.89
2025-11-02T00:00:00Z,ZECUSDT,-0.00156881,419.14,419.14
2025-11-02T08:00:00Z,ZECUSDT,-0.00078784,376.14,376.14
2025-11-02T16:00:00Z,ZECUSDT,-0.00175411,417.29,417.29
2025-11-03T00:00:00Z,ZECUSDT,-0.00230149,392.23,392.23
2025-11-03T08:00:00Z,ZECUSDT,-0.00060783,389.16,389.16
2025-11-03T16:00:00Z,ZECUSDT,-0.00068395,432.62,432.62
2025-11-04T00:00:00Z,ZECUSDT,-0.00069546,465.47,465.47
2025-11-04T08:00:00Z,ZECUSDT,-0.00143921,394.70,394.70
2025-11-04T16:00:00Z,ZECUSDT,-0.00221249,440.60,440.60
2025-11-05T00:00:00Z,ZECUSDT,-0.00126458,436.21,436.21
2025-11-05T08:00:00Z,ZECUSDT,-0.00203081,482.04,482.04
2025-11-05T16:00:00Z,ZECUSDT,-0.00150011,476.05,476.05
2025-11-06T00:00:00Z,ZECUSDT,-0.00250120,518.53,518.53
2025-11-06T08:00:00Z,ZECUSDT,-0.00399280,517.26,517.26
2025-11-06T16:00:00Z,ZECUSDT,-0.00347105,534.87,534.87
2025-11-07T00:00:00Z,ZECUSDT,-0.00339308,622.24,622.24
2025-11-07T08:00:00Z,ZECUSDT,-0.00247332,672.51,672.51
2025-11-07T16:00:00Z,ZECUSDT,-0.00136339,645.27,645.27
2025-11-08T00:00:00Z,ZECUSDT,-0.00065920,583.85,583.85
2025-11-08T08:00:00Z,ZECUSDT,0.00010000,512.16,512.16
2025-11-08T16:00:00Z,ZECUSDT,0.00010000,599.21,599.21
2025-11-09T00:00:00Z,ZECUSDT,-0.00121319,588.19,588.19
2025-11-09T08:00:00Z,ZECUSDT,-0.00062487,643.46,643.46
2025-11-09T16:00:00Z,ZECUSDT,-0.00072452,615.53,615.53
2025-11-10T00:00:00Z,ZECUSDT,-0.00033618,679.65,679.65
2025-11-10T08:00:00Z,ZECUSDT,-0.00081494,611.79,611.79
2025-11-10T16:00:00Z,ZECUSDT,-0.00045780,522.55,522.55
2025-11-11T00:00:00Z,ZECUSDT,0.00012752,473.80,473.80
2025-11-11T08:00:00Z,ZECUSDT,0.00010000,506.08,506.08
2025-11-11T16:00:00Z,ZECUSDT,0.00010000,443.62,443.62
2025-11-12T00:00:00Z,ZECUSDT,0.00010000,457.37,457.37
2025-11-12T08:00:00Z,ZECUSDT,0.00010000,455.14,455.14
2025-11-12T16:00:00Z,ZECUSDT,0.00010000,505.05,505.05
2025-11-13T00:00:00Z,ZECUSDT,0.00010000,495.56,495.56
2025-11-13T08:00:00Z,ZECUSDT,0.00010000,496.64,496.64
2025-11-13T16:00:00Z,ZECUSDT,0.00010000,519.51,519.51
2025-11-14T00:00:00Z,ZECUSDT,0.00010000,507.44,507.44
2025-11-14T08:00:00Z,ZECUSDT,0.00010000,587.05,587.05
2025-11-14T16:00:00Z,ZECUSDT,0.00001545,608.14,608.14
2025-11-15T00:00:00Z,ZECUSDT,-0.00047986,682.59,682.59
2025-11-15T08:00:00Z,ZECUSDT,-0.00060827,671.78,671.78
2025-11-15T16:00:00Z,ZECUSDT,-0.00038405,669.85,669.85
2025-11-16T00:00:00Z,ZECUSDT,-0.00069748,679.20,679.20
2025-11-16T08:00:00Z,ZECUSDT,-0.00043434,703.34,703.34
2025-11-16T16:00:00Z,ZECUSDT,-0.00033238,698.69,698.69
2025-11-17T00:00:00Z,ZECUSDT,-0.00038036,679.81,679.81
2025-11-17T08:00:00Z,ZECUSDT,-0.00061052,673.86,673.86
2025-11-17T16:00:00Z,ZECUSDT,-0.00018905,610.61,610.61
2025-11-18T00:00:00Z,ZECUSDT,0.00007263,589.26,589.26
2025-11-18T08:00:00Z,ZECUSDT,0.00010000,578.95,578.95
2025-11-18T16:00:00Z,ZECUSDT,0.00010000,624.42,624.42
2025-11-19T00:00:00Z,ZECUSDT,-0.00066680,601.72,601.72
2025-11-19T08:00:00Z,ZECUSDT,-0.00026951,624.56,624.56
2025-11-19T16:00:00Z,ZECUSDT,-0.00084205,673.52,673.52
2025-11-20T00:00:00Z,ZECUSDT,-0.00017567,672.15,672.15
2025-11-20T08:00:00Z,ZECUSDT,-0.00028996,686.81,686.81
2025-11-20T16:00:00Z,ZECUSDT,-0.00067518,655.20,655.20
2025-11-21T00:00:00Z,ZECUSDT,0.00010000,683.51,683.51
2025-11-21T08:00:00Z,ZECUSDT,-0.00001443,616.43,616.43
2025-11-21T16:00:00Z,ZECUSDT,0.00010000,550.68,550.68
2025-11-22T00:00:00Z,ZECUSDT,0.00010000,514.93,514.93
2025-11-22T08:00:00Z,ZECUSDT,0.00010000,521.88,521.88
2025-11-22T16:00:00Z,ZECUSDT,-0.00002744,517.69,517.69
2025-11-23T00:00:00Z,ZECUSDT,0.00002447,569.18,569.18
2025-11-23T08:00:00Z,ZECUSDT,-0.00045179,576.72,576.72
2025-11-23T16:00:00Z,ZECUSDT,-0.00056184,572.35,572.35
2025-11-24T00:00:00Z,ZECUSDT,-0.00043690,544.07,544.07
2025-11-24T08:00:00Z,ZECUSDT,-0.00018449,563.68,563.68
2025-11-24T16:00:00Z,ZECUSDT,-0.00065827,519.25,519.25
2025-11-25T00:00:00Z,ZECUSDT,-0.00044517,508.50,508.50
2025-11-25T08:00:00Z,ZECUSDT,-0.00059729,498.06,498.06
2025-11-25T16:00:00Z,ZECUSDT,-0.00050431,510.65,510.65
2025-11-26T00:00:00Z,ZECUSDT,-0.00010038,504.25,504.25
2025-11-26T08:00:00Z,ZECUSDT,-0.00048954,502.46,502.46
2025-11-26T16:00:00Z,ZECUSDT,-0.00031644,526.22,526.22
2025-11-27T00:00:00Z,ZECUSDT,-0.00083087,509.41,509.41
2025-11-27T08:00:00Z,ZECUSDT,-0.00039945,501.34,501.34
2025-11-27T16:00:00Z,ZECUSDT,-0.00046064,489.74,489.74
2025-11-28T00:00:00Z,ZECUSDT,0.00006086,473.47,473.47
2025-11-28T08:00:00Z,ZECUSDT,-0.00024328,470.08,470.08
2025-11-28T16:00:00Z,ZECUSDT,-0.00020315,452.04,452.04
2025-11-29T00:00:00Z,ZECUSDT,0.00010000,465.73,465.73
2025-11-29T08:00:00Z,ZECUSDT,0.00010000,459.86,459.86
2025-11-29T16:00:00Z,ZECUSDT,0.00010000,460.34,460.34
2025-11-30T00:00:00Z,ZECUSDT,0.00010000,461.10,461.10
2025-11-30T08:00:00Z,ZECUSDT,0.00010000,441.98,441.98
2025-11-30T16:00:00Z,ZECUSDT,-0.00020298,427.99,427.99
2025-12-01T00:00:00Z,ZECUSDT,0.00010000,358.53,358.53
2025-12-01T08:00:00Z,ZECUSDT,0.00010000,361.01,361.01
2025-12-01T16:00:00Z,ZECUSDT,0.00010000,344.12,344.12
2025-12-02T00:00:00Z,ZECUSDT,0.00010000,327.13,327.13
2025-12-02T08:00:00Z,ZECUSDT,0.00010000,372.88,372.88
2025-12-02T16:00:00Z,ZECUSDT,0.00010000,312.73,312.73
2025-12-03T00:00:00Z,ZECUSDT,0.00010000,328.04,328.04
2025-12-03T08:00:00Z,ZECUSDT,0.00010000,331.36,331.36
2025-12-03T16:00:00Z,ZECUSDT,0.00003497,338.66,338.66
2025-12-04T00:00:00Z,ZECUSDT,-0.00028852,360.87,360.87
2025-12-04T08:00:00Z,ZECUSDT,-0.00009755,352.93,352.93
2025-12-04T16:00:00Z,ZECUSDT,-0.00004333,367.32,367.32
2025-12-05T00:00:00Z,ZECUSDT,0.00002403,399.59,399.59
2025-12-05T08:00:00Z,ZECUSDT,-0.00125547,377.48,377.48
2025-12-05T16:00:00Z,ZECUSDT,-0.00081869,359.77,359.77
2025-12-06T00:00:00Z,ZECUSDT,-0.00009686,353.45,353.45
2025-12-06T08:00:00Z,ZECUSDT,-0.00001283,330.53,330.53
2025-12-06T16:00:00Z,ZECUSDT,0.00010000,341.40,341.40
2025-12-07T00:00:00Z,ZECUSDT,0.00010000,340.15,340.15
2025-12-07T08:00:00Z,ZECUSDT,0.00010000,341.71,341.71
2025-12-07T16:00:00Z,ZECUSDT,0.00010000,342.67,342.67
2025-12-08T00:00:00Z,ZECUSDT,0.00010000,368.57,368.57
2025-12-08T08:00:00Z,ZECUSDT,0.00010000,402.02,402.02
2025-12-08T16:00:00Z,ZECUSDT,0.00010000,405.19,405.19
2025-12-09T00:00:00Z,ZECUSDT,0.00003407,418.29,418.29
2025-12-09T08:00:00Z,ZECUSDT,0.00010000,443.12,443.12
2025-12-09T16:00:00Z,ZECUSDT,-0.00008720,432.80,432.80
2025-12-10T00:00:00Z,ZECUSDT,0.00010000,440.47,440.47
2025-12-10T08:00:00Z,ZECUSDT,-0.00003857,428.11,428.11
2025-12-10T16:00:00Z,ZECUSDT,0.00010000,404.35,404.35
2025-12-11T00:00:00Z,ZECUSDT,-0.00004433,419.54,419.54
2025-12-11T08:00:00Z,ZECUSDT,-0.00006119,448.70,448.70
2025-12-11T16:00:00Z,ZECUSDT,-0.00073459,450.45,450.45
2025-12-12T00:00:00Z,ZECUSDT,-0.00027858,457.69,457.69
2025-12-12T08:00:00Z,ZECUSDT,-0.00028605,456.56,456.56
2025-12-12T16:00:00Z,ZECUSDT,-0.00069681,454.60,454.60
2025-12-13T00:00:00Z,ZECUSDT,-0.00020807,464.59,464.59
2025-12-13T08:00:00Z,ZECUSDT,-0.00048570,441.07,441.07
2025-12-13T16:00:00Z,ZECUSDT,0.00010000,442.77,442.77
2025-12-14T00:00:00Z,ZECUSDT,-0.00002368,423.37,423.37
2025-12-14T08:00:00Z,ZECUSDT,0.00010000,403.18,403.18
2025-12-14T16:00:00Z,ZECUSDT,0.00003336,404.05,404.05
2025-12-15T00:00:00Z,ZECUSDT,0.00010000,402.42,402.42
2025-12-15T08:00:00Z,ZECUSDT,0.00003994,413.98,413.98
2025-12-15T16:00:00Z,ZECUSDT,0.00010000,413.31,413.31
2025-12-16T00:00:00Z,ZECUSDT,0.00010000,381.82,381.82
2025-12-16T08:00:00Z,ZECUSDT,0.00010000,407.06,407.06
2025-12-16T16:00:00Z,ZECUSDT,0.00010000,404.48,404.48
2025-12-17T00:00:00Z,ZECUSDT,0.00010000,392.64,392.64
2025-12-17T08:00:00Z,ZECUSDT,0.00010000,393.42,393.42
2025-12-17T16:00:00Z,ZECUSDT,0.00010000,376.55,376.55
2025-12-18T00:00:00Z,ZECUSDT,0.00010000,393.92,393.92
2025-12-18T08:00:00Z,ZECUSDT,0.00010000,399.87,399.87
2025-12-18T16:00:00Z,ZECUSDT,0.00004392,388.28,388.28
2025-12-19T00:00:00Z,ZECUSDT,0.00010000,409.46,409.46
2025-12-19T08:00:00Z,ZECUSDT,0.00010000,432.13,432.13
2025-12-19T16:00:00Z,ZECUSDT,0.00004560,443.91,443.91
2025-12-20T00:00:00Z,ZECUSDT,0.00010000,449.48,449.48
2025-12-20T08:00:00Z,ZECUSDT,0.00010000,449.14,449.14
2025-12-20T16:00:00Z,ZECUSDT,0.00009049,446.92,446.92
2025-12-21T00:00:00Z,ZECUSDT,0.00010000,441.89,441.89
2025-12-21T08:00:00Z,ZECUSDT,0.00010000,435.01,435.01
2025-12-21T16:00:00Z,ZECUSDT,0.00010000,441.00,441.00
2025-12-22T00:00:00Z,ZECUSDT,0.00010000,443.78,443.78
2025-12-22T08:00:00Z,ZECUSDT,0.00010000,444.95,444.95
2025-12-22T16:00:00Z,ZECUSDT,0.00010000,431.46,431.46
2025-12-23T00:00:00Z,ZECUSDT,0.00010000,417.22,417.22
2025-12-23T08:00:00Z,ZECUSDT,0.00010000,415.85,415.85
2025-12-23T16:00:00Z,ZECUSDT,0.00010000,417.27,417.27
2025-12-24T00:00:00Z,ZECUSDT,0.00010000,405.60,405.60
2025-12-24T08:00:00Z,ZECUSDT,0.00010000,439.47,439.47
2025-12-24T16:00:00Z,ZECUSDT,0.00007261,448.45,448.45
2025-12-25T00:00:00Z,ZECUSDT,0.00010000,446.37,446.37
2025-12-25T08:00:00Z,ZECUSDT,0.00010000,445.39,445.39
2025-12-25T16:00:00Z,ZECUSDT,0.00005919,437.94,437.94
2025-12-26T00:00:00Z,ZECUSDT,0.00006637,444.10,444.10
2025-12-26T08:00:00Z,ZECUSDT,0.00010000,444.92,444.92
2025-12-26T16:00:00Z,ZECUSDT,0.00010000,447.82,447.82
2025-12-27T00:00:00Z,ZECUSDT,0.00010000,469.29,469.29
2025-12-27T08:00:00Z,ZECUSDT,-0.00025204,519.39,519.39
2025-12-27T16:00:00Z,ZECUSDT,0.00008765,515.88,515.88
2025-12-28T00:00:00Z,ZECUSDT,-0.00000828,518.61,518.61
2025-12-28T08:00:00Z,ZECUSDT,-0.00007837,534.76,534.76
2025-12-28T16:00:00Z,ZECUSDT,0.00003747,529.76,529.76
2025-12-29T00:00:00Z,ZECUSDT,0.00002815,527.37,527.37
2025-12-29T08:00:00Z,ZECUSDT,-0.00004599,524.69,524.69
2025-12-29T16:00:00Z,ZECUSDT,-0.00013964,540.18,540.18
2025-12-30T00:00:00Z,ZECUSDT,-0.00047492,531.44,531.44
2025-12-30T08:00:00Z,ZECUSDT,-0.00024484,537.72,537.72
2025-12-30T16:00:00Z,ZECUSDT,0.00004682,529.19,529.19
2025-12-31T00:00:00Z,ZECUSDT,0.00002932,525.91,525.91
2025-12-31T08:00:00Z,ZECUSDT,0.00003266,505.01,505.01
2025-12-31T16:00:00Z,ZECUSDT,-0.00052904,511.78,511.78
2026-01-01T00:00:00Z,ZECUSDT,-0.00035173,518.98,518.98
2026-01-01T08:00:00Z,ZECUSDT,-0.00051272,524.11,524.11
2026-01-01T16:00:00Z,ZECUSDT,-0.00069128,525.40,525.40
2026-01-02T00:00:00Z,ZECUSDT,-0.00082745,521.05,521.05
2026-01-02T08:00:00Z,ZECUSDT,-0.00039810,485.22,485.22
2026-01-02T16:00:00Z,ZECUSDT,-0.00067285,488.16,488.16
2026-01-03T00:00:00Z,ZECUSDT,-0.00055204,507.81,507.81
2026-01-03T08:00:00Z,ZECUSDT,-0.00035526,505.19,505.19
2026-01-03T16:00:00Z,ZECUSDT,-0.00051183,511.15,511.15
2026-01-04T00:00:00Z,ZECUSDT,-0.00054390,505.83,505.83
2026-01-04T08:00:00Z,ZECUSDT,-0.00018085,507.01,507.01
2026-01-04T16:00:00Z,ZECUSDT,-0.00035854,501.85,501.85
2026-01-05T00:00:00Z,ZECUSDT,-0.00018654,492.74,492.74
2026-01-05T08:00:00Z,ZECUSDT,-0.00024421,489.65,489.65
2026-01-05T16:00:00Z,ZECUSDT,-0.00042957,503.15,503.15
2026-01-06T00:00:00Z,ZECUSDT,-0.00005467,502.77,502.77
2026-01-06T08:00:00Z,ZECUSDT,-0.00009751,512.74,512.74
2026-01-06T16:00:00Z,ZECUSDT,0.00010000,501.76,501.76
2026-01-07T00:00:00Z,ZECUSDT,0.00010000,493.98,493.98
2026-01-07T08:00:00Z,ZECUSDT,0.00010000,482.27,482.27
2026-01-07T16:00:00Z,ZECUSDT,-0.00008581,469.38,469.38
2026-01-08T00:00:00Z,ZECUSDT,0.00003491,444.54,444.54
2026-01-08T08:00:00Z,ZECUSDT,0.00010000,426.08,426.08
2026-01-08T16:00:00Z,ZECUSDT,0.00010000,421.78,421.78
2026-01-09T00:00:00Z,ZECUSDT,0.00010000,441.51,441.51
2026-01-09T08:00:00Z,ZECUSDT,0.00010000,430.18,430.18
2026-01-09T16:00:00Z,ZECUSDT,0.00005362,418.43,418.43
2026-01-10T00:00:00Z,ZECUSDT,0.00010000,383.16,383.16
2026-01-10T08:00:00Z,ZECUSDT,-0.00001975,380.38,380.38
2026-01-10T16:00:00Z,ZECUSDT,-0.00001641,375.62,375.62
2026-01-11T00:00:00Z,ZECUSDT,0.00010000,379.46,379.46
2026-01-11T08:00:00Z,ZECUSDT,0.00006628,394.19,394.19
2026-01-11T16:00:00Z,ZECUSDT,-0.00004223,381.42,381.42
2026-01-12T00:00:00Z,ZECUSDT,0.00010000,404.24,404.24
2026-01-12T08:00:00Z,ZECUSDT,0.00010000,400.24,400.24
2026-01-12T16:00:00Z,ZECUSDT,0.00009140,406.67,406.67
2026-01-13T00:00:00Z,ZECUSDT,0.00000695,401.94,401.94
2026-01-13T08:00:00Z,ZECUSDT,0.00010000,392.17,392.17
2026-01-13T16:00:00Z,ZECUSDT,-0.00003590,404.03,404.03
2026-01-14T00:00:00Z,ZECUSDT,0.00004966,413.58,413.58
2026-01-14T08:00:00Z,ZECUSDT,0.00010000,421.45,421.45
2026-01-14T16:00:00Z,ZECUSDT,0.00000952,446.74,446.74
2026-01-15T00:00:00Z,ZECUSDT,-0.00056668,438.88,438.88
2026-01-15T08:00:00Z,ZECUSDT,-0.00034396,415.62,415.62
2026-01-15T16:00:00Z,ZECUSDT,-0.00029543,413.86,413.86
2026-01-16T00:00:00Z,ZECUSDT,-0.00079386,408.46,408.46
2026-01-16T08:00:00Z,ZECUSDT,-0.00038381,407.34,407.34
2026-01-16T16:00:00Z,ZECUSDT,-0.00049829,410.73,410.73
2026-01-17T00:00:00Z,ZECUSDT,-0.00041691,406.30,406.30
2026-01-17T08:00:00Z,ZECUSDT,-0.00032466,405.30,405.30
2026-01-17T16:00:00Z,ZECUSDT,-0.00029962,399.87,399.87
2026-01-18T00:00:00Z,ZECUSDT,-0.00041689,395.28,395.28
2026-01-18T08:00:00Z,ZECUSDT,-0.00034201,394.11,394.11
2026-01-18T16:00:00Z,ZECUSDT,-0.00045757,376.39,376.39
2026-01-19T00:00:00Z,ZECUSDT,-0.00027805,370.73,370.73
2026-01-19T08:00:00Z,ZECUSDT,-0.00073647,372.04,372.04
2026-01-19T16:00:00Z,ZECUSDT,-0.00059953,368.93,368.93
2026-01-20T00:00:00Z,ZECUSDT,-0.00019275,355.88,355.88
2026-01-20T08:00:00Z,ZECUSDT,-0.00009769,357.55,357.55
2026-01-20T16:00:00Z,ZECUSDT,-0.00015928,349.61,349.61
2026-01-21T00:00:00Z,ZECUSDT,0.00010000,353.96,353.96
2026-01-21T08:00:00Z,ZECUSDT,-0.00003184,369.55,369.55
2026-01-21T16:00:00Z,ZECUSDT,-0.00016805,355.65,355.65
2026-01-22T00:00:00Z,ZECUSDT,-0.00008380,359.25,359.25
2026-01-22T08:00:00Z,ZECUSDT,0.00010000,359.32,359.32
2026-01-22T16:00:00Z,ZECUSDT,-0.00016794,365.15,365.15
2026-01-23T00:00:00Z,ZECUSDT,-0.00033338,358.23,358.23
2026-01-23T08:00:00Z,ZECUSDT,-0.00002222,367.26,367.26
2026-01-23T16:00:00Z,ZECUSDT,-0.00039334,367.58,367.58
2026-01-24T00:00:00Z,ZECUSDT,-0.00010840,373.09,373.09
2026-01-24T08:00:00Z,ZECUSDT,-0.00033727,367.33,367.33
2026-01-24T16:00:00Z,ZECUSDT,-0.00048730,359.51,359.51
2026-01-25T00:00:00Z,ZECUSDT,-0.00008452,357.53,357.53
2026-01-25T08:00:00Z,ZECUSDT,-0.00006680,360.19,360.19
2026-01-25T16:00:00Z,ZECUSDT,0.00003286,329.24,329.24
2026-01-26T00:00:00Z,ZECUSDT,0.00010000,351.88,351.88
2026-01-26T08:00:00Z,ZECUSDT,0.00010000,359.81,359.81
2026-01-26T16:00:00Z,ZECUSDT,0.00010000,367.48,367.48
2026-01-27T00:00:00Z,ZECUSDT,0.00010000,382.42,382.42
2026-01-27T08:00:00Z,ZECUSDT,0.00006893,383.12,383.12
2026-01-27T16:00:00Z,ZECUSDT,-0.00003868,399.39,399.39
2026-01-28T00:00:00Z,ZECUSDT,-0.00011453,390.52,390.52
2026-01-28T08:00:00Z,ZECUSDT,0.00006094,379.14,379.14
2026-01-28T16:00:00Z,ZECUSDT,0.00004463,370.91,370.91
2026-01-29T00:00:00Z,ZECUSDT,0.00010000,365.41,365.41
2026-01-29T08:00:00Z,ZECUSDT,0.00010000,354.58,354.58
2026-01-29T16:00:00Z,ZECUSDT,0.00010000,353.31,353.31
2026-01-30T00:00:00Z,ZECUSDT,0.00001027,335.82,335.82
2026-01-30T08:00:00Z,ZECUSDT,-0.00000069,336.16,336.16
2026-01-30T16:00:00Z,ZECUSDT,-0.00000399,340.35,340.35
2026-01-31T00:00:00Z,ZECUSDT,0.00002149,324.26,324.26
2026-01-31T08:00:00Z,ZECUSDT,-0.00002399,311.99,311.99
2026-01-31T16:00:00Z,ZECUSDT,0.00001769,302.81,302.81
2026-02-01T00:00:00Z,ZECUSDT,0.00004566,300.99,300.99
2026-02-01T08:00:00Z,ZECUSDT,0.00006988,291.00,291.00
2026-02-01T16:00:00Z,ZECUSDT,0.00010000,305.85,305.85
2026-02-02T00:00:00Z,ZECUSDT,0.00007838,298.89,298.89
2026-02-02T08:00:00Z,ZECUSDT,0.00010000,300.27,300.27
2026-02-02T16:00:00Z,ZECUSDT,0.00002166,295.54,295.54
2026-02-03T00:00:00Z,ZECUSDT,-0.00000422,290.30,290.30
2026-02-03T08:00:00Z,ZECUSDT,0.00005113,282.64,282.64
2026-02-03T16:00:00Z,ZECUSDT,0.00003356,270.65,270.65
2026-02-04T00:00:00Z,ZECUSDT,0.00010000,279.35,279.35
2026-02-04T08:00:00Z,ZECUSDT,0.00010000,266.07,266.07
2026-02-04T16:00:00Z,ZECUSDT,0.00010000,251.74,251.74
2026-02-05T00:00:00Z,ZECUSDT,0.00010000,245.71,245.71
2026-02-05T08:00:00Z,ZECUSDT,0.00010000,227.80,227.80
2026-02-05T16:00:00Z,ZECUSDT,0.00010000,205.00,205.00
2026-02-06T00:00:00Z,ZECUSDT,0.00010000,214.12,214.12
2026-02-06T08:00:00Z,ZECUSDT,0.00010000,239.38,239.38
2026-02-06T16:00:00Z,ZECUSDT,0.00010000,240.46,240.46
2026-02-07T00:00:00Z,ZECUSDT,0.00010000,228.86,228.86
2026-02-07T08:00:00Z,ZECUSDT,0.00010000,239.12,239.12
2026-02-07T16:00:00Z,ZECUSDT,0.00010000,240.34,240.34
2026-02-08T00:00:00Z,ZECUSDT,0.00010000,240.64,240.64
2026-02-08T08:00:00Z,ZECUSDT,0.00003343,243.43,243.43
2026-02-08T16:00:00Z,ZECUSDT,0.00004770,239.61,239.61
2026-02-09T00:00:00Z,ZECUSDT,0.00007011,233.24,233.24
2026-02-09T08:00:00Z,ZECUSDT,0.00000721,237.00,237.00
2026-02-09T16:00:00Z,ZECUSDT,0.00005080,240.20,240.20
2026-02-10T00:00:00Z,ZECUSDT,0.00010000,236.12,236.12
2026-02-10T08:00:00Z,ZECUSDT,0.00000254,233.72,233.72
2026-02-10T16:00:00Z,ZECUSDT,0.00000767,233.69,233.69
2026-02-11T00:00:00Z,ZECUSDT,-0.00000096,226.25,226.25
2026-02-11T08:00:00Z,ZECUSDT,0.00001493,226.09,226.09
2026-02-11T16:00:00Z,ZECUSDT,0.00003807,240.35,240.35
2026-02-12T00:00:00Z,ZECUSDT,-0.00015987,239.52,239.52
2026-02-12T08:00:00Z,ZECUSDT,0.00007394,235.56,235.56
2026-02-12T16:00:00Z,ZECUSDT,0.00005379,232.96,232.96
2026-02-13T00:00:00Z,ZECUSDT,0.00007717,230.61,230.61
2026-02-13T08:00:00Z,ZECUSDT,0.00002842,244.19,244.19
2026-02-13T16:00:00Z,ZECUSDT,0.00007639,267.10,267.10
2026-02-14T00:00:00Z,ZECUSDT,0.00010000,286.52,286.52
2026-02-14T08:00:00Z,ZECUSDT,-0.00002791,284.42,284.42
2026-02-14T16:00:00Z,ZECUSDT,-0.00005255,323.43,323.43
2026-02-15T00:00:00Z,ZECUSDT,-0.00019345,309.95,309.95
2026-02-15T08:00:00Z,ZECUSDT,0.00001569,296.65,296.65
2026-02-15T16:00:00Z,ZECUSDT,-0.00002743,297.69,297.69
2026-02-16T00:00:00Z,ZECUSDT,-0.00006200,283.59,283.59
2026-02-16T08:00:00Z,ZECUSDT,0.00000457,287.88,287.88
2026-02-16T16:00:00Z,ZECUSDT,-0.00010073,294.00,294.00
2026-02-17T00:00:00Z,ZECUSDT,0.00001899,286.32,286.32
2026-02-17T08:00:00Z,ZECUSDT,0.00001017,284.71,284.71
2026-02-17T16:00:00Z,ZECUSDT,0.00000093,296.25,296.25
2026-02-18T00:00:00Z,ZECUSDT,0.00001472,290.70,290.70
2026-02-18T08:00:00Z,ZECUSDT,-0.00001513,283.84,283.84
2026-02-18T16:00:00Z,ZECUSDT,-0.00020757,264.46,264.46
2026-02-19T00:00:00Z,ZECUSDT,0.00009698,262.75,262.75
2026-02-19T08:00:00Z,ZECUSDT,0.00003179,259.28,259.28
2026-02-19T16:00:00Z,ZECUSDT,0.00010000,261.98,261.98
2026-02-20T00:00:00Z,ZECUSDT,-0.00003324,260.57,260.57
2026-02-20T08:00:00Z,ZECUSDT,0.00003047,263.16,263.16
2026-02-20T16:00:00Z,ZECUSDT,0.00006064,258.81,258.81
2026-02-21T00:00:00Z,ZECUSDT,-0.00007326,260.77,260.77
2026-02-21T08:00:00Z,ZECUSDT,0.00002193,259.76,259.76
2026-02-21T16:00:00Z,ZECUSDT,-0.00009837,259.65,259.65
2026-02-22T00:00:00Z,ZECUSDT,-0.00007520,253.81,253.81
2026-02-22T08:00:00Z,ZECUSDT,-0.00002285,246.29,246.29
2026-02-22T16:00:00Z,ZECUSDT,0.00001245,244.44,244.44
2026-02-23T00:00:00Z,ZECUSDT,-0.00000361,244.76,244.76
2026-02-23T08:00:00Z,ZECUSDT,0.00000589,243.99,243.99
2026-02-23T16:00:00Z,ZECUSDT,0.00005035,237.48,237.48
2026-02-24T00:00:00Z,ZECUSDT,0.00002778,232.90,232.90
2026-02-24T08:00:00Z,ZECUSDT,-0.00001470,238.62,238.62
2026-02-24T16:00:00Z,ZECUSDT,-0.00000011,242.76,242.76
2026-02-25T00:00:00Z,ZECUSDT,0.00000055,235.76,235.76
2026-02-25T08:00:00Z,ZECUSDT,-0.00012365,247.83,247.83
2026-02-25T16:00:00Z,ZECUSDT,-0.00011125,243.97,243.97
2026-02-26T00:00:00Z,ZECUSDT,-0.00007214,248.81,248.81
2026-02-26T08:00:00Z,ZECUSDT,-0.00026225,240.96,240.96
2026-02-26T16:00:00Z,ZECUSDT,-0.00019267,238.72,238.72
2026-02-27T00:00:00Z,ZECUSDT,-0.00036868,238.27,238.27
2026-02-27T08:00:00Z,ZECUSDT,-0.00000915,223.42,223.42
2026-02-27T16:00:00Z,ZECUSDT,-0.00046789,219.07,219.07
2026-02-28T00:00:00Z,ZECUSDT,-0.00027864,208.46,208.46
2026-02-28T08:00:00Z,ZECUSDT,-0.00019168,209.93,209.93
2026-02-28T16:00:00Z,ZECUSDT,-0.00003161,220.14,220.14
2026-03-01T00:00:00Z,ZECUSDT,-0.00030071,225.62,225.62
2026-03-01T08:00:00Z,ZECUSDT,0.00000860,220.26,220.26
2026-03-01T16:00:00Z,ZECUSDT,0.00003767,213.28,213.28
2026-03-02T00:00:00Z,ZECUSDT,0.00009524,212.72,212.72
2026-03-02T08:00:00Z,ZECUSDT,0.00010000,223.01,223.01
2026-03-02T16:00:00Z,ZECUSDT,0.00010000,223.64,223.64
2026-03-03T00:00:00Z,ZECUSDT,0.00006522,221.09,221.09
2026-03-03T08:00:00Z,ZECUSDT,0.00008727,216.42,216.42
2026-03-03T16:00:00Z,ZECUSDT,0.00004804,220.88,220.88
2026-03-04T00:00:00Z,ZECUSDT,0.00010000,222.12,222.12
2026-03-04T08:00:00Z,ZECUSDT,0.00006366,240.73,240.73
2026-03-04T16:00:00Z,ZECUSDT,-0.00000196,243.30,243.30
2026-03-05T00:00:00Z,ZECUSDT,0.00007372,234.77,234.77
2026-03-05T08:00:00Z,ZECUSDT,-0.00003925,231.91,231.91
2026-03-05T16:00:00Z,ZECUSDT,0.00000864,226.38,226.38
2026-03-06T00:00:00Z,ZECUSDT,0.00004382,225.88,225.88
2026-03-06T08:00:00Z,ZECUSDT,0.00002814,211.76,211.76
2026-03-06T16:00:00Z,ZECUSDT,-0.00003447,209.97,209.97
2026-03-07T00:00:00Z,ZECUSDT,-0.00023869,207.77,207.77
2026-03-07T08:00:00Z,ZECUSDT,-0.00010824,206.59,206.59
2026-03-07T16:00:00Z,ZECUSDT,-0.00012810,197.13,197.13
2026-03-08T00:00:00Z,ZECUSDT,-0.00013391,195.35,195.35
2026-03-08T08:00:00Z,ZECUSDT,-0.00012180,196.58,196.58
2026-03-08T16:00:00Z,ZECUSDT,-0.00004963,197.77,197.77
2026-03-09T00:00:00Z,ZECUSDT,-0.00011400,204.37,204.37
2026-03-09T08:00:00Z,ZECUSDT,-0.00010736,214.82,214.82
2026-03-09T16:00:00Z,ZECUSDT,-0.00011917,214.28,214.28
2026-03-10T00:00:00Z,ZECUSDT,-0.00014931,220.09,220.09
2026-03-10T08:00:00Z,ZECUSDT,-0.00011047,226.86,226.86
2026-03-10T16:00:00Z,ZECUSDT,-0.00003153,222.46,222.46
2026-03-11T00:00:00Z,ZECUSDT,-0.00019237,213.56,213.56
2026-03-11T08:00:00Z,ZECUSDT,0.00001105,211.05,211.05
2026-03-11T16:00:00Z,ZECUSDT,-0.00017322,212.64,212.64
2026-03-12T00:00:00Z,ZECUSDT,-0.00012256,207.76,207.76
2026-03-12T08:00:00Z,ZECUSDT,-0.00002186,208.39,208.39
2026-03-12T16:00:00Z,ZECUSDT,-0.00013432,208.25,208.25
2026-03-13T00:00:00Z,ZECUSDT,0.00000256,210.91,210.91
2026-03-13T08:00:00Z,ZECUSDT,-0.00003647,213.19,213.19
2026-03-13T16:00:00Z,ZECUSDT,0.00010000,208.11,208.11
2026-03-14T00:00:00Z,ZECUSDT,0.00007316,206.39,206.39
2026-03-14T08:00:00Z,ZECUSDT,0.00008547,209.05,209.05
2026-03-14T16:00:00Z,ZECUSDT,-0.00002173,213.10,213.10
2026-03-15T00:00:00Z,ZECUSDT,0.00006743,225.25,225.25
2026-03-15T08:00:00Z,ZECUSDT,0.00010000,227.35,227.35
2026-03-15T16:00:00Z,ZECUSDT,0.00010000,229.55,229.55
2026-03-16T00:00:00Z,ZECUSDT,0.00000642,234.06,234.06
2026-03-16T08:00:00Z,ZECUSDT,0.00010000,234.76,234.76
2026-03-16T16:00:00Z,ZECUSDT,0.00004418,276.79,276.79
2026-03-17T00:00:00Z,ZECUSDT,0.00010000,268.33,268.33
2026-03-17T08:00:00Z,ZECUSDT,0.00010000,268.80,268.80
2026-03-17T16:00:00Z,ZECUSDT,0.00009551,272.45,272.45
2026-03-18T00:00:00Z,ZECUSDT,0.00009270,276.83,276.83
2026-03-18T08:00:00Z,ZECUSDT,0.00002225,256.13,256.13
2026-03-18T16:00:00Z,ZECUSDT,0.00004125,248.50,248.50
2026-03-19T00:00:00Z,ZECUSDT,0.00000339,244.23,244.23
2026-03-19T08:00:00Z,ZECUSDT,0.00003687,235.30,235.30
2026-03-19T16:00:00Z,ZECUSDT,0.00007978,234.51,234.51
2026-03-20T00:00:00Z,ZECUSDT,0.00003439,236.61,236.61
2026-03-20T08:00:00Z,ZECUSDT,-0.00000324,234.87,234.87
2026-03-20T16:00:00Z,ZECUSDT,-0.00003420,234.43,234.43
2026-03-21T00:00:00Z,ZECUSDT,-0.00002866,231.99,231.99
2026-03-21T08:00:00Z,ZECUSDT,-0.00000365,232.67,232.67
2026-03-21T16:00:00Z,ZECUSDT,-0.00001160,219.73,219.73
2026-03-22T00:00:00Z,ZECUSDT,-0.00003387,218.80,218.80
2026-03-22T08:00:00Z,ZECUSDT,-0.00001914,219.91,219.91
2026-03-22T16:00:00Z,ZECUSDT,-0.00008851,217.22,217.22
2026-03-23T00:00:00Z,ZECUSDT,0.00006534,218.38,218.38
2026-03-23T08:00:00Z,ZECUSDT,-0.00009004,228.19,228.19
2026-03-23T16:00:00Z,ZECUSDT,-0.00011020,228.35,228.35
2026-03-24T00:00:00Z,ZECUSDT,0.00003993,232.18,232.18
2026-03-24T08:00:00Z,ZECUSDT,-0.00000603,225.63,225.63
2026-03-24T16:00:00Z,ZECUSDT,0.00002684,241.93,241.93
2026-03-25T00:00:00Z,ZECUSDT,0.00009375,236.83,236.83
2026-03-25T08:00:00Z,ZECUSDT,0.00010000,235.95,235.95
2026-03-25T16:00:00Z,ZECUSDT,0.00003308,231.74,231.74
2026-03-26T00:00:00Z,ZECUSDT,0.00001344,225.01,225.01
2026-03-26T08:00:00Z,ZECUSDT,0.00006173,220.51,220.51
2026-03-26T16:00:00Z,ZECUSDT,-0.00011832,221.96,221.96
2026-03-27T00:00:00Z,ZECUSDT,-0.00009668,223.26,223.26
2026-03-27T08:00:00Z,ZECUSDT,-0.00006657,216.39,216.39
2026-03-27T16:00:00Z,ZECUSDT,-0.00008942,215.43,215.43
2026-03-28T00:00:00Z,ZECUSDT,-0.00008843,220.88,220.88
2026-03-28T08:00:00Z,ZECUSDT,-0.00007416,218.80,218.80
2026-03-28T16:00:00Z,ZECUSDT,0.00001462,213.42,213.42
2026-03-29T00:00:00Z,ZECUSDT,0.00002474,216.17,216.17
2026-03-29T08:00:00Z,ZECUSDT,0.00001203,214.52,214.52
2026-03-29T16:00:00Z,ZECUSDT,0.00006099,214.91,214.91
2026-03-30T00:00:00Z,ZECUSDT,0.00001214,229.98,229.98
2026-03-30T08:00:00Z,ZECUSDT,-0.00001077,224.84,224.84
2026-03-30T16:00:00Z,ZECUSDT,0.00010000,225.63,225.63
2026-03-31T00:00:00Z,ZECUSDT,0.00005607,229.99,229.99
2026-03-31T08:00:00Z,ZECUSDT,-0.00000643,246.04,246.04
2026-03-31T16:00:00Z,ZECUSDT,0.00004946,248.31,248.31
2026-04-01T00:00:00Z,ZECUSDT,0.00006113,247.60,247.60
2026-04-01T08:00:00Z,ZECUSDT,-0.00000252,243.08,243.08
2026-04-01T16:00:00Z,ZECUSDT,-0.00002674,251.28,251.28
2026-04-02T00:00:00Z,ZECUSDT,-0.00040458,239.99,239.99
2026-04-02T08:00:00Z,ZECUSDT,-0.00008753,234.26,234.26
2026-04-02T16:00:00Z,ZECUSDT,0.00003055,240.64,240.64
2026-04-03T00:00:00Z,ZECUSDT,-0.00000808,236.91,236.91
2026-04-03T08:00:00Z,ZECUSDT,-0.00001050,234.82,234.82
2026-04-03T16:00:00Z,ZECUSDT,-0.00005230,234.26,234.26
2026-04-04T00:00:00Z,ZECUSDT,-0.00014739,237.24,237.24
2026-04-04T08:00:00Z,ZECUSDT,-0.00019722,249.08,249.08
2026-04-04T16:00:00Z,ZECUSDT,0.00005078,251.09,251.09
2026-04-05T00:00:00Z,ZECUSDT,0.00005494,244.22,244.22
2026-04-05T08:00:00Z,ZECUSDT,0.00005651,241.33,241.33
2026-04-05T16:00:00Z,ZECUSDT,-0.00014965,244.90,244.90
2026-04-06T00:00:00Z,ZECUSDT,-0.00019537,252.90,252.90
2026-04-06T08:00:00Z,ZECUSDT,0.00009322,253.76,253.76
2026-04-06T16:00:00Z,ZECUSDT,0.00001992,251.33,251.33
2026-04-07T00:00:00Z,ZECUSDT,-0.00008417,263.18,263.18
2026-04-07T08:00:00Z,ZECUSDT,-0.00015144,264.79,264.79
2026-04-07T16:00:00Z,ZECUSDT,-0.00015729,320.18,320.18
2026-04-08T00:00:00Z,ZECUSDT,-0.00060426,323.88,323.88
2026-04-08T08:00:00Z,ZECUSDT,-0.00043195,332.90,332.90
2026-04-08T16:00:00Z,ZECUSDT,-0.00059954,323.18,323.18
2026-04-09T00:00:00Z,ZECUSDT,-0.00024633,319.28,319.28
2026-04-09T08:00:00Z,ZECUSDT,-0.00011248,324.90,324.90
2026-04-09T16:00:00Z,ZECUSDT,0.00005751,366.52,366.52
2026-04-10T00:00:00Z,ZECUSDT,-0.00019919,373.58,373.58
2026-04-10T08:00:00Z,ZECUSDT,-0.00023678,378.41,378.41
2026-04-10T16:00:00Z,ZECUSDT,-0.00045847,375.16,375.16
2026-04-11T00:00:00Z,ZECUSDT,-0.00006238,372.69,372.69
2026-04-11T08:00:00Z,ZECUSDT,-0.00014195,375.38,375.38
2026-04-11T16:00:00Z,ZECUSDT,-0.00006039,370.40,370.40
2026-04-12T00:00:00Z,ZECUSDT,-0.00011784,363.70,363.70
2026-04-12T08:00:00Z,ZECUSDT,0.00006739,361.13,361.13
2026-04-12T16:00:00Z,ZECUSDT,0.00010000,362.12,362.12
2026-04-13T00:00:00Z,ZECUSDT,0.00010000,360.65,360.65
2026-04-13T08:00:00Z,ZECUSDT,0.00010000,347.83,347.83
2026-04-13T16:00:00Z,ZECUSDT,0.00010000,367.98,367.98
2026-04-14T00:00:00Z,ZECUSDT,0.00010000,364.83,364.83
2026-04-14T08:00:00Z,ZECUSDT,0.00002621,362.01,362.01
2026-04-14T16:00:00Z,ZECUSDT,-0.00001112,353.95,353.95
2026-04-15T00:00:00Z,ZECUSDT,0.00004856,351.60,351.60
2026-04-15T08:00:00Z,ZECUSDT,0.00010000,351.13,351.13
2026-04-15T16:00:00Z,ZECUSDT,0.00010000,345.70,345.70
2026-04-16T00:00:00Z,ZECUSDT,-0.00003647,340.79,340.79
2026-04-16T08:00:00Z,ZECUSDT,0.00010000,338.35,338.35
2026-04-16T16:00:00Z,ZECUSDT,0.00007003,339.93,339.93
2026-04-17T00:00:00Z,ZECUSDT,0.00008866,334.33,334.33
2026-04-17T08:00:00Z,ZECUSDT,0.00009162,344.59,344.59
2026-04-17T16:00:00Z,ZECUSDT,0.00007732,328.66,328.66
2026-04-18T00:00:00Z,ZECUSDT,-0.00010725,335.46,335.46
2026-04-18T08:00:00Z,ZECUSDT,-0.00000417,325.57,325.57
2026-04-18T16:00:00Z,ZECUSDT,0.00006292,322.88,322.88
2026-04-19T00:00:00Z,ZECUSDT,0.00002870,322.90,322.90
2026-04-19T08:00:00Z,ZECUSDT,0.00010000,324.73,324.73
2026-04-19T16:00:00Z,ZECUSDT,-0.00007951,301.39,301.39
2026-04-20T00:00:00Z,ZECUSDT,0.00006118,308.22,308.22
2026-04-20T08:00:00Z,ZECUSDT,0.00007862,310.83,310.83
2026-04-20T16:00:00Z,ZECUSDT,0.00002603,312.01,312.01
2026-04-21T00:00:00Z,ZECUSDT,0.00005934,317.72,317.72
2026-04-21T08:00:00Z,ZECUSDT,0.00002631,320.40,320.40
2026-04-21T16:00:00Z,ZECUSDT,-0.00005987,316.61,316.61
2026-04-22T00:00:00Z,ZECUSDT,0.00004638,321.80,321.80
2026-04-22T08:00:00Z,ZECUSDT,-0.00009708,328.62,328.62
2026-04-22T16:00:00Z,ZECUSDT,-0.00014825,316.25,316.25
2026-04-23T00:00:00Z,ZECUSDT,-0.00005390,316.80,316.80
2026-04-23T08:00:00Z,ZECUSDT,-0.00008292,325.03,325.03
2026-04-23T16:00:00Z,ZECUSDT,0.00002219,342.38,342.38
2026-04-24T00:00:00Z,ZECUSDT,0.00000178,343.22,343.22
2026-04-24T08:00:00Z,ZECUSDT,0.00003798,357.93,357.93
2026-04-24T16:00:00Z,ZECUSDT,0.00010000,358.99,358.99
2026-04-25T00:00:00Z,ZECUSDT,-0.00000936,355.79,355.79
2026-04-25T08:00:00Z,ZECUSDT,0.00008085,355.45,355.45
2026-04-25T16:00:00Z,ZECUSDT,-0.00004131,358.63,358.63
2026-04-26T00:00:00Z,ZECUSDT,0.00003739,355.64,355.64
2026-04-26T08:00:00Z,ZECUSDT,-0.00002532,355.07,355.07
2026-04-26T16:00:00Z,ZECUSDT,-0.00000549,354.92,354.92
2026-04-27T00:00:00Z,ZECUSDT,-0.00008015,356.01,356.01
2026-04-27T08:00:00Z,ZECUSDT,-0.00003391,350.08,350.08
2026-04-27T16:00:00Z,ZECUSDT,0.00004305,355.05,355.05
2026-04-28T00:00:00Z,ZECUSDT,0.00010000,336.95,336.95
2026-04-28T08:00:00Z,ZECUSDT,0.00008756,334.04,334.04
2026-04-28T16:00:00Z,ZECUSDT,0.00004056,336.02,336.02
2026-04-29T00:00:00Z,ZECUSDT,-0.00000951,335.49,335.49
2026-04-29T08:00:00Z,ZECUSDT,-0.00000325,319.41,319.41
2026-04-29T16:00:00Z,ZECUSDT,0.00007800,327.38,327.38
2026-04-30T00:00:00Z,ZECUSDT,0.00007692,333.63,333.63
2026-04-30T08:00:00Z,ZECUSDT,0.00001756,336.64,336.64
2026-04-30T16:00:00Z,ZECUSDT,0.00007054,350.45,350.45
2026-05-01T00:00:00Z,ZECUSDT,0.00009520,350.10,350.10
2026-05-01T08:00:00Z,ZECUSDT,0.00002640,359.77,359.77
2026-05-01T16:00:00Z,ZECUSDT,-0.00002472,384.76,384.76
2026-05-02T00:00:00Z,ZECUSDT,0.00008319,377.01,377.01
2026-05-02T08:00:00Z,ZECUSDT,0.00001524,374.75,374.75
2026-05-02T16:00:00Z,ZECUSDT,-0.00001176,387.60,387.60
2026-05-03T00:00:00Z,ZECUSDT,-0.00015463,385.45,385.45
2026-05-03T08:00:00Z,ZECUSDT,-0.00005805,403.70,403.70
2026-05-03T16:00:00Z,ZECUSDT,-0.00001456,412.81,412.81
2026-05-04T00:00:00Z,ZECUSDT,-0.00028333,414.36,414.36
2026-05-04T08:00:00Z,ZECUSDT,-0.00010090,416.52,416.52
2026-05-04T16:00:00Z,ZECUSDT,0.00010000,422.47,422.47
2026-05-05T00:00:00Z,ZECUSDT,0.00010000,421.47,421.47
2026-05-05T08:00:00Z,ZECUSDT,-0.00008490,429.25,429.25
2026-05-05T16:00:00Z,ZECUSDT,-0.00019851,516.72,516.72
2026-05-06T00:00:00Z,ZECUSDT,0.00010000,593.75,593.75
2026-05-06T08:00:00Z,ZECUSDT,0.00010000,584.26,584.26
2026-05-06T16:00:00Z,ZECUSDT,-0.00000476,553.99,553.99
2026-05-07T00:00:00Z,ZECUSDT,0.00010000,565.00,565.00
2026-05-07T08:00:00Z,ZECUSDT,0.00010000,564.06,564.06
2026-05-07T16:00:00Z,ZECUSDT,0.00004270,574.38,574.38
2026-05-08T00:00:00Z,ZECUSDT,0.00006994,569.36,569.36
2026-05-08T08:00:00Z,ZECUSDT,0.00005457,576.44,576.44
2026-05-08T16:00:00Z,ZECUSDT,0.00003480,612.87,612.87
2026-05-09T00:00:00Z,ZECUSDT,-0.00005559,610.97,610.97
2026-05-09T08:00:00Z,ZECUSDT,0.00010000,593.90,593.90
2026-05-09T16:00:00Z,ZECUSDT,0.00002842,594.30,594.30
2026-05-10T00:00:00Z,ZECUSDT,-0.00005091,609.55,609.55
2026-05-10T08:00:00Z,ZECUSDT,0.00001831,595.97,595.97
2026-05-10T16:00:00Z,ZECUSDT,0.00004125,592.51,592.51
2026-05-11T00:00:00Z,ZECUSDT,0.00010000,568.02,568.02
2026-05-11T08:00:00Z,ZECUSDT,0.00010000,551.25,551.25
2026-05-11T16:00:00Z,ZECUSDT,0.00010000,556.55,556.55
2026-05-12T00:00:00Z,ZECUSDT,0.00004269,562.38,562.38
2026-05-12T08:00:00Z,ZECUSDT,0.00004685,544.13,544.13
2026-05-12T16:00:00Z,ZECUSDT,0.00009669,570.85,570.85
2026-05-13T00:00:00Z,ZECUSDT,0.00002038,549.59,549.59
2026-05-13T08:00:00Z,ZECUSDT,-0.00000321,533.31,533.31
2026-05-13T16:00:00Z,ZECUSDT,0.00007914,524.31,524.31
2026-05-14T00:00:00Z,ZECUSDT,0.00010000,525.86,525.86
2026-05-14T08:00:00Z,ZECUSDT,0.00006303,546.73,546.73
2026-05-14T16:00:00Z,ZECUSDT,-0.00000843,560.27,560.27
2026-05-15T00:00:00Z,ZECUSDT,-0.00008967,544.98,544.98
2026-05-15T08:00:00Z,ZECUSDT,0.00001755,516.76,516.76
2026-05-15T16:00:00Z,ZECUSDT,0.00001505,515.11,515.11
2026-05-16T00:00:00Z,ZECUSDT,0.00008782,495.37,495.37
2026-05-16T08:00:00Z,ZECUSDT,0.00006257,500.78,500.78
2026-05-16T16:00:00Z,ZECUSDT,-0.00001141,511.06,511.06
2026-05-17T00:00:00Z,ZECUSDT,0.00002308,521.00,521.00
2026-05-17T08:00:00Z,ZECUSDT,0.00004399,515.12,515.12
2026-05-17T16:00:00Z,ZECUSDT,-0.00003254,535.60,535.60
2026-05-18T00:00:00Z,ZECUSDT,-0.00002425,532.87,532.87
2026-05-18T08:00:00Z,ZECUSDT,0.00004922,533.26,533.26
2026-05-18T16:00:00Z,ZECUSDT,0.00000084,563.21,563.21
2026-05-19T00:00:00Z,ZECUSDT,-0.00001270,568.06,568.06
2026-05-19T08:00:00Z,ZECUSDT,0.00003023,565.14,565.14
2026-05-19T16:00:00Z,ZECUSDT,0.00001036,573.55,573.55
2026-05-20T00:00:00Z,ZECUSDT,-0.00021447,586.00,586.00
2026-05-20T08:00:00Z,ZECUSDT,-0.00015359,633.06,633.06
2026-05-20T16:00:00Z,ZECUSDT,-0.00008811,673.05,673.05
2026-05-21T00:00:00Z,ZECUSDT,-0.00051705,664.50,664.50
2026-05-21T08:00:00Z,ZECUSDT,-0.00023099,655.52,655.52
2026-05-21T16:00:00Z,ZECUSDT,-0.00019542,663.91,663.91
2026-05-22T00:00:00Z,ZECUSDT,-0.00028536,655.34,655.34
2026-05-22T08:00:00Z,ZECUSDT,-0.00027244,629.08,629.08
2026-05-22T16:00:00Z,ZECUSDT,0.00006040,582.57,582.57
2026-05-23T00:00:00Z,ZECUSDT,-0.00003778,574.70,574.70
2026-05-23T08:00:00Z,ZECUSDT,-0.00009710,607.79,607.79
2026-05-23T16:00:00Z,ZECUSDT,-0.00001644,630.47,630.47
2026-05-24T00:00:00Z,ZECUSDT,-0.00008924,628.37,628.37
2026-05-24T08:00:00Z,ZECUSDT,-0.00010899,660.16,660.16
2026-05-24T16:00:00Z,ZECUSDT,-0.00010607,662.67,662.67
2026-05-25T00:00:00Z,ZECUSDT,0.00000037,662.27,662.27
2026-05-25T08:00:00Z,ZECUSDT,-0.00001905,670.43,670.43
2026-05-25T16:00:00Z,ZECUSDT,-0.00001082,652.04,652.04
2026-05-26T00:00:00Z,ZECUSDT,-0.00006607,615.10,615.10
2026-05-26T08:00:00Z,ZECUSDT,0.00010000,608.96,608.96
2026-05-26T16:00:00Z,ZECUSDT,0.00003431,568.50,568.50
2026-05-27T00:00:00Z,ZECUSDT,0.00003482,574.84,574.84
2026-05-27T08:00:00Z,ZECUSDT,0.00010000,569.62,569.62
2026-05-27T16:00:00Z,ZECUSDT,-0.00001088,542.10,542.10
2026-05-28T00:00:00Z,ZECUSDT,0.00010000,525.30,525.30
2026-05-28T08:00:00Z,ZECUSDT,0.00004706,537.03,537.03
2026-05-28T16:00:00Z,ZECUSDT,0.00005295,547.45,547.45
2026-05-29T00:00:00Z,ZECUSDT,-0.00007731,540.77,540.77
2026-05-29T08:00:00Z,ZECUSDT,0.00009527,536.31,536.31
2026-05-29T16:00:00Z,ZECUSDT,0.00004348,529.55,529.55
2026-05-30T00:00:00Z,ZECUSDT,-0.00003014,518.47,518.47
2026-05-30T08:00:00Z,ZECUSDT,-0.00002899,534.08,534.08
2026-05-30T16:00:00Z,ZECUSDT,-0.00002869,528.20,528.20
2026-05-31T00:00:00Z,ZECUSDT,-0.00007275,547.31,547.31
2026-05-31T08:00:00Z,ZECUSDT,-0.00016071,552.20,552.20
2026-05-31T16:00:00Z,ZECUSDT,-0.00010557,568.50,568.50
2026-06-01T00:00:00Z,ZECUSDT,-0.00004558,550.63,550.63
2026-06-01T08:00:00Z,ZECUSDT,-0.00022397,529.00,529.00
2026-06-01T16:00:00Z,ZECUSDT,0.00002210,544.33,544.33
2026-06-02T00:00:00Z,ZECUSDT,0.00008383,558.38,558.38
2026-06-02T08:00:00Z,ZECUSDT,-0.00021057,578.00,578.00
2026-06-02T16:00:00Z,ZECUSDT,0.00009711,609.45,609.45
2026-06-03T00:00:00Z,ZECUSDT,0.00001881,617.82,617.82
2026-06-03T08:00:00Z,ZECUSDT,0.00006072,608.08,608.08
2026-06-03T16:00:00Z,ZECUSDT,0.00006995,621.04,621.04
2026-06-04T00:00:00Z,ZECUSDT,-0.00041464,568.63,568.63
2026-06-04T08:00:00Z,ZECUSDT,-0.00011186,548.96,548.96
2026-06-04T16:00:00Z,ZECUSDT,-0.00051579,459.59,459.59
2026-06-05T00:00:00Z,ZECUSDT,0.00006657,308.64,308.64
2026-06-05T08:00:00Z,ZECUSDT,0.00010000,327.59,327.59
2026-06-05T16:00:00Z,ZECUSDT,0.00010000,388.88,388.88
2026-06-06T00:00:00Z,ZECUSDT,-0.00109748,378.15,378.15
2026-06-06T08:00:00Z,ZECUSDT,-0.00063061,358.69,358.69
2026-06-06T16:00:00Z,ZECUSDT,-0.00047904,361.98,361.98
2026-06-07T00:00:00Z,ZECUSDT,-0.00037919,396.01,396.01
2026-06-07T08:00:00Z,ZECUSDT,-0.00051041,424.14,424.14
2026-06-07T16:00:00Z,ZECUSDT,-0.00076918,440.03,440.03
2026-06-08T00:00:00Z,ZECUSDT,-0.00105162,435.58,435.58
2026-06-08T08:00:00Z,ZECUSDT,-0.00089589,445.16,445.16
2026-06-08T16:00:00Z,ZECUSDT,-0.00078956,458.33,458.33
2026-06-09T00:00:00Z,ZECUSDT,-0.00086734,470.02,470.02
2026-06-09T08:00:00Z,ZECUSDT,-0.00074346,434.19,434.19
2026-06-09T16:00:00Z,ZECUSDT,-0.00099291,429.50,429.50
2026-06-10T00:00:00Z,ZECUSDT,-0.00048949,432.46,432.46
2026-06-10T08:00:00Z,ZECUSDT,-0.00077843,437.70,437.70
2026-06-10T16:00:00Z,ZECUSDT,-0.00058434,408.20,408.20
2026-06-11T00:00:00Z,ZECUSDT,-0.00041066,422.27,422.27
2026-06-11T08:00:00Z,ZECUSDT,-0.00063199,418.24,418.24
2026-06-11T16:00:00Z,ZECUSDT,-0.00035918,427.94,427.94
2026-06-12T00:00:00Z,ZECUSDT,-0.00011731,423.32,423.32
2026-06-12T08:00:00Z,ZECUSDT,-0.00024486,417.01,417.01
2026-06-12T16:00:00Z,ZECUSDT,-0.00001381,411.77,411.77
2026-06-13T00:00:00Z,ZECUSDT,-0.00031521,414.66,414.66
2026-06-13T08:00:00Z,ZECUSDT,-0.00009013,416.59,416.59
2026-06-13T16:00:00Z,ZECUSDT,-0.00001876,420.81,420.81
2026-06-14T00:00:00Z,ZECUSDT,-0.00019989,427.30,427.30
2026-06-14T08:00:00Z,ZECUSDT,-0.00010690,422.14,422.14
2026-06-14T16:00:00Z,ZECUSDT,-0.00024923,472.18,472.18
2026-06-15T00:00:00Z,ZECUSDT,0.00004211,492.45,492.45
2026-06-15T08:00:00Z,ZECUSDT,0.00003560,534.26,534.26
2026-06-15T16:00:00Z,ZECUSDT,-0.00000462,518.35,518.35
2026-06-16T00:00:00Z,ZECUSDT,0.00010000,524.67,524.67
2026-06-16T08:00:00Z,ZECUSDT,-0.00010007,496.96,496.96
2026-06-16T16:00:00Z,ZECUSDT,0.00001775,504.94,504.94
2026-06-17T00:00:00Z,ZECUSDT,0.00008408,509.40,509.40
2026-06-17T08:00:00Z,ZECUSDT,0.00004327,491.91,491.91
2026-06-17T16:00:00Z,ZECUSDT,-0.00027766,477.06,477.06
2026-06-18T00:00:00Z,ZECUSDT,-0.00019052,469.16,469.16
2026-06-18T08:00:00Z,ZECUSDT,-0.00026666,447.08,447.08
2026-06-18T16:00:00Z,ZECUSDT,-0.00012555,455.74,455.74
2026-06-19T00:00:00Z,ZECUSDT,-0.00011743,445.58,445.58
2026-06-19T08:00:00Z,ZECUSDT,-0.00012338,454.04,454.04
2026-06-19T16:00:00Z,ZECUSDT,-0.00028683,476.32,476.32
2026-06-20T00:00:00Z,ZECUSDT,-0.00024207,468.34,468.34
2026-06-20T08:00:00Z,ZECUSDT,-0.00034790,475.21,475.21
2026-06-20T16:00:00Z,ZECUSDT,-0.00030544,470.50,470.50
2026-06-21T00:00:00Z,ZECUSDT,-0.00040063,465.87,465.87
2026-06-21T08:00:00Z,ZECUSDT,-0.00036959,453.42,453.42
2026-06-21T16:00:00Z,ZECUSDT,-0.00025477,434.25,434.25
2026-06-22T00:00:00Z,ZECUSDT,-0.00042999,451.19,451.19
2026-06-22T08:00:00Z,ZECUSDT,-0.00043142,449.70,449.70
2026-06-22T16:00:00Z,ZECUSDT,-0.00031451,442.06,442.06
2026-06-23T00:00:00Z,ZECUSDT,0.00000241,424.84,424.84
2026-06-23T08:00:00Z,ZECUSDT,-0.00011868,417.47,417.47
2026-06-23T16:00:00Z,ZECUSDT,-0.00011761,415.87,415.87
2026-06-24T00:00:00Z,ZECUSDT,-0.00003970,413.55,413.55
2026-06-24T08:00:00Z,ZECUSDT,-0.00007307,406.17,406.17
2026-06-24T16:00:00Z,ZECUSDT,-0.00004473,416.66,416.66
2026-06-25T00:00:00Z,ZECUSDT,0.00004003,418.52,418.52
2026-06-25T08:00:00Z,ZECUSDT,0.00007095,401.12,401.12
2026-06-25T16:00:00Z,ZECUSDT,0.00004974,416.60,416.60
2026-06-26T00:00:00Z,ZECUSDT,0.00010000,413.54,413.54
2026-06-26T08:00:00Z,ZECUSDT,0.00010000,409.92,409.92
2026-06-26T16:00:00Z,ZECUSDT,0.00007400,419.06,419.06
2026-06-27T00:00:00Z,ZECUSDT,0.00010000,411.15,411.15
2026-06-27T08:00:00Z,ZECUSDT,0.00010000,411.38,411.38
2026-06-27T16:00:00Z,ZECUSDT,0.00010000,395.65,395.65
2026-06-28T00:00:00Z,ZECUSDT,0.00004187,385.50,385.50
2026-06-28T08:00:00Z,ZECUSDT,0.00003410,389.45,389.45
2026-06-28T16:00:00Z,ZECUSDT,0.00004692,376.21,376.21
2026-06-29T00:00:00Z,ZECUSDT,0.00008452,382.11,382.11
2026-06-29T08:00:00Z,ZECUSDT,0.00005473,389.27,389.27
2026-06-29T16:00:00Z,ZECUSDT,0.00010000,407.17,407.17
2026-06-30T00:00:00Z,ZECUSDT,0.00010000,399.55,399.55
2026-06-30T08:00:00Z,ZECUSDT,0.00003090,401.10,401.10
2026-06-30T16:00:00Z,ZECUSDT,0.00005370,399.17,399.17
2026-07-01T00:00:00Z,ZECUSDT,0.00007328,399.24469276,399.24469276
2026-07-01T08:00:00Z,ZECUSDT,0.00010000,398.47206582,398.47206582
2026-07-01T16:00:00Z,ZECUSDT,-0.00004663,414.93000000,414.93000000
2026-07-02T00:00:00Z,ZECUSDT,-0.00002277,416.93521439,416.93521439
2026-07-02T08:00:00Z,ZECUSDT,-0.00001215,423.14964086,423.14964086
2026-07-02T16:00:00Z,ZECUSDT,0.00005745,437.67000000,437.67000000
2026-07-03T00:00:00Z,ZECUSDT,-0.00000681,434.43092729,434.43092729
2026-07-03T08:00:00Z,ZECUSDT,0.00010000,439.48000000,439.48000000
2026-07-03T16:00:00Z,ZECUSDT,0.00010000,459.83913912,459.83913912
2026-07-04T00:00:00Z,ZECUSDT,0.00010000,460.89463936,460.89463936
2026-07-04T08:00:00Z,ZECUSDT,0.00010000,462.15304169,462.15304169
2026-07-04T16:00:00Z,ZECUSDT,0.00010000,465.30000000,465.30000000
2026-07-05T00:00:00Z,ZECUSDT,0.00010000,463.23778724,463.23778724
2026-07-05T08:00:00Z,ZECUSDT,0.00010000,458.94000000,458.94000000
2026-07-05T16:00:00Z,ZECUSDT,0.00010000,462.88000000,462.88000000
2026-07-06T00:00:00Z,ZECUSDT,0.00010000,462.21252886,462.21252886
2026-07-06T08:00:00Z,ZECUSDT,0.00010000,456.00526148,456.00526148
2026-07-06T16:00:00Z,ZECUSDT,0.00010000,452.10000000,452.10000000
2026-07-07T00:00:00Z,ZECUSDT,0.00010000,452.67931740,452.67931740
2026-07-07T08:00:00Z,ZECUSDT,0.00010000,454.79000000,454.79000000
2026-07-07T16:00:00Z,ZECUSDT,0.00010000,494.54098009,494.54098009
2026-07-08T00:00:00Z,ZECUSDT,0.00010000,483.51179897,483.51179897
2026-07-08T08:00:00Z,ZECUSDT,0.00010000,476.13269959,476.13269959
2026-07-08T16:00:00Z,ZECUSDT,0.00007528,454.24016036,454.24016036
2026-07-09T00:00:00Z,ZECUSDT,0.00005423,465.72000000,465.72000000
2026-07-09T08:00:00Z,ZECUSDT,0.00004187,467.61000000,467.61000000
2026-07-09T16:00:00Z,ZECUSDT,0.00003430,465.88000000,465.88000000
2026-07-10T00:00:00Z,ZECUSDT,0.00010000,481.37000000,481.37000000
2026-07-10T08:00:00Z,ZECUSDT,0.00010000,500.23341307,500.23341307
2026-07-10T16:00:00Z,ZECUSDT,0.00009220,500.73917372,500.73917372
2026-07-11T00:00:00Z,ZECUSDT,0.00010000,498.91000000,498.91000000
2026-07-11T08:00:00Z,ZECUSDT,0.00010000,498.88000000,498.88000000
2026-07-11T16:00:00Z,ZECUSDT,0.00010000,504.30000000,504.30000000
2026-07-12T00:00:00Z,ZECUSDT,0.00010000,508.56000000,508.56000000
2026-07-12T08:00:00Z,ZECUSDT,0.00007687,517.55000000,517.55000000
2026-07-12T16:00:00Z,ZECUSDT,0.00008990,531.15000000,531.15000000
2026-07-13T00:00:00Z,ZECUSDT,0.00005056,533.26162576,533.26162576
2026-07-13T08:00:00Z,ZECUSDT,-0.00004774,521.76000000,521.76000000
2026-07-13T16:00:00Z,ZECUSDT,0.00007143,508.89274430,508.89274430
2026-07-14T00:00:00Z,ZECUSDT,0.00003901,495.37000000,495.37000000
2026-07-14T08:00:00Z,ZECUSDT,-0.00007971,505.35000000,505.35000000
2026-07-14T16:00:00Z,ZECUSDT,0.00005509,539.64366151,539.64366151
2026-07-15T00:00:00Z,ZECUSDT,0.00010000,563.97055615,563.97055615
2026-07-15T08:00:00Z,ZECUSDT,0.00007473,551.99000000,551.99000000
2026-07-15T16:00:00Z,ZECUSDT,-0.00000012,575.66000000,575.66000000
2026-07-16T00:00:00Z,ZECUSDT,0.00007739,570.36000000,570.36000000
2026-07-16T08:00:00Z,ZECUSDT,0.00007351,568.53952415,568.53952415
2026-07-16T16:00:00Z,ZECUSDT,0.00006356,555.52820677,555.52820677
2026-07-17T00:00:00Z,ZECUSDT,0.00010000,523.50000000,523.50000000
2026-07-17T08:00:00Z,ZECUSDT,0.00010000,532.02015646,532.02015646
2026-07-17T16:00:00Z,ZECUSDT,0.00010000,543.42516495,543.42516495
2026-07-18T00:00:00Z,ZECUSDT,0.00003491,547.26142171,547.26142171
2026-07-18T08:00:00Z,ZECUSDT,0.00007419,541.07713961,541.07713961
2026-07-18T16:00:00Z,ZECUSDT,0.00006653,556.97383700,556.97383700
2026-07-19T00:00:00Z,ZECUSDT,0.00004716,558.37557758,558.37557758
2026-07-19T08:00:00Z,ZECUSDT,0.00002234,559.46000000,559.46000000
2026-07-19T16:00:00Z,ZECUSDT,-0.00005867,552.90000000,552.90000000
2026-07-20T00:00:00Z,ZECUSDT,0.00007048,547.85255196,547.85255196
2026-07-20T08:00:00Z,ZECUSDT,0.00002184,531.82083565,531.82083565
2026-07-20T16:00:00Z,ZECUSDT,-0.00001126,547.10556434,547.10556434
2026-07-21T00:00:00Z,ZECUSDT,0.00010000,543.60188770,543.60188770
2026-07-21T08:00:00Z,ZECUSDT,0.00007315,550.25000000,550.25000000
2026-07-21T16:00:00Z,ZECUSDT,-0.00002306,541.68748336,541.68748336
2026-07-22T00:00:00Z,ZECUSDT,0.00007054,532.54000000,532.54000000
2026-07-22T08:00:00Z,ZECUSDT,0.00008224,514.17491972,514.17491972
2026-07-22T16:00:00Z,ZECUSDT,0.00006148,507.90030532,507.90030532
2026-07-23T00:00:00Z,ZECUSDT,0.00009510,515.22000000,515.22000000
2026-07-23T08:00:00Z,ZECUSDT,0.00010000,514.18528855,514.18528855
2026-07-23T16:00:00Z,ZECUSDT,0.00010000,514.73649887,514.73649887
2026-07-24T00:00:00Z,ZECUSDT,0.00003520,504.65000000,504.65000000
2026-07-24T08:00:00Z,ZECUSDT,0.00004700,510.73432188,510.73432188
2026-07-24T16:00:00Z,ZECUSDT,0.00006918,495.01000000,495.01000000
2026-07-25T00:00:00Z,ZECUSDT,0.00004865,488.33000000,488.33000000
2026-07-25T08:00:00Z,ZECUSDT,0.00005717,475.18000000,475.18000000
2026-07-25T16:00:00Z,ZECUSDT,0.00003582,480.03000000,480.03000000
2026-07-26T00:00:00Z,ZECUSDT,-0.00001942,485.19111502,485.19111502
2026-07-26T08:00:00Z,ZECUSDT,-0.00000666,491.30000000,491.30000000
2026-07-26T16:00:00Z,ZECUSDT,-0.00002748,494.58511150,494.58511150
2026-07-27T00:00:00Z,ZECUSDT,-0.00001894,508.07000000,508.07000000
2026-07-27T08:00:00Z,ZECUSDT,0.00010000,498.27617376,498.27617376
2026-07-27T16:00:00Z,ZECUSDT,0.00002319,483.44527552,483.44527552
2026-07-28T00:00:00Z,ZECUSDT,0.00000534,476.43380060,476.43380060
2026-07-28T08:00:00Z,ZECUSDT,0.00007240,469.05293464,469.05293464
2026-07-28T16:00:00Z,ZECUSDT,0.00003576,478.44000000,478.44000000
